Applying netem rules to lo...
Showing qdisc status for the interface: lo
qdisc netem 8013: root refcnt 2 limit 1000 seed 2917958601987801377
 Sent 0 bytes 0 pkt (dropped 0, overlimits 0 requeues 0) 
 backlog 0b 0p requeues 0
Running /opt/oqssa/perftestClientTlsQuic_ltrace.sh with SIG_ALG=mldsa44 and KEM_ALG=x25519
Execution 1 - TLS Mutual
s_connection: verify depth is 1
[pid 201] 14:57:15.609193 openssl->SSL_connect(0xaaaaff1a2070, 0xaaaaff17d998, 0xffff8ede40e0, 0 <unfinished ...>
[pid 201] 14:57:15.609855 libssl.so.3->EVP_PKEY_keygen_init(0xaaaaff1aabf0, 0, 0, 0xaaaaff1aac60) = 1 <0.000215>
[pid 201] 14:57:15.610130 libssl.so.3->EVP_PKEY_keygen(0xaaaaff1aabf0, 0xfffffa6035d0, 0, 0) = 1 <0.000246>
[pid 201] 14:57:15.611563 libssl.so.3->EVP_PKEY_derive_init(0xaaaaff1aabf0, 0, 0, 0xaaaaff1aac60) = 1 <0.000176>
[pid 201] 14:57:15.611805 libssl.so.3->EVP_PKEY_derive_set_peer(0xaaaaff1aabf0, 0xaaaaff1a77f0, 0, 0xffff8eb16980) = 1 <0.000105>
[pid 201] 14:57:15.612036 libssl.so.3->EVP_PKEY_derive(0xaaaaff1aabf0, 0, 0xfffffa603560, 0) = 1 <0.000135>
[pid 201] 14:57:15.612232 libssl.so.3->EVP_PKEY_derive(0xaaaaff1aabf0, 0xaaaaff1a9630, 0xfffffa603560, 0xaaaaff1a9600) = 1 <0.000115>
[pid 201] 14:57:15.612890 libssl.so.3->X509_verify_cert(0xaaaaff1a1f50, 0, 0, 0xffffffff) = 1 <0.000303>
[pid 201] 14:57:15.613383 libssl.so.3->EVP_DigestVerifyInit_ex(0xaaaaff0d0750, 0xfffffa603658, 0, 0) = 1 <0.000093>
[pid 201] 14:57:15.613520 libssl.so.3->EVP_DigestVerify(0xaaaaff0d0750, 0xaaaaff1ace68, 2420, 0xfffffa603660) = 1 <0.000177>
[pid 201] 14:57:15.613886 libssl.so.3->X509_verify_cert(0xaaaaff1a1f50, 1, 0, 0) = 1 <0.000166>
[pid 201] 14:57:15.614211 libssl.so.3->EVP_DigestSignInit_ex(0xaaaaff1c0e50, 0xfffffa603640, 0, 0) = 1 <0.000110>
[pid 201] 14:57:15.614357 libssl.so.3->EVP_DigestSign(0xaaaaff1c0e50, 0, 0xfffffa603650, 0xfffffa603660) = 1 <0.000133>
[pid 201] 14:57:15.614558 libssl.so.3->EVP_DigestSign(0xaaaaff1c0e50, 0xaaaaff1c0fe0, 0xfffffa603650, 0xfffffa603660) = 1 <0.000609>
[pid 201] 14:57:15.615403 <... SSL_connect resumed> ) = 1 <0.006213>
Handshake duration: 7.40 ms
[pid 201] 14:57:15.616531 +++ exited (status 0) +++
Execution 2 - TLS Mutual
s_connection: verify depth is 1
[pid 203] 14:57:15.645052 openssl->SSL_connect(0xaaaad6d33070, 0xaaaad6d0e998, 0xffff832c40e0, 0 <unfinished ...>
[pid 203] 14:57:15.645462 libssl.so.3->EVP_PKEY_keygen_init(0xaaaad6d3bbf0, 0, 0, 0xaaaad6d3bc60) = 1 <0.000124>
[pid 203] 14:57:15.645663 libssl.so.3->EVP_PKEY_keygen(0xaaaad6d3bbf0, 0xffffca0e4f70, 0, 0) = 1 <0.000219>
[pid 203] 14:57:15.647210 libssl.so.3->EVP_PKEY_derive_init(0xaaaad6d3bbf0, 0, 0, 0xaaaad6d3bc60) = 1 <0.000182>
[pid 203] 14:57:15.647463 libssl.so.3->EVP_PKEY_derive_set_peer(0xaaaad6d3bbf0, 0xaaaad6d387f0, 0, 0xffff82f16980) = 1 <0.000183>
[pid 203] 14:57:15.647713 libssl.so.3->EVP_PKEY_derive(0xaaaad6d3bbf0, 0, 0xffffca0e4f00, 0) = 1 <0.000172>
[pid 203] 14:57:15.647928 libssl.so.3->EVP_PKEY_derive(0xaaaad6d3bbf0, 0xaaaad6d3a630, 0xffffca0e4f00, 0xaaaad6d3a600) = 1 <0.000261>
[pid 203] 14:57:15.648873 libssl.so.3->X509_verify_cert(0xaaaad6d32f50, 0, 0, 0xffffffff) = 1 <0.000354>
[pid 203] 14:57:15.649448 libssl.so.3->EVP_DigestVerifyInit_ex(0xaaaad6c61750, 0xffffca0e4ff8, 0, 0) = 1 <0.000146>
[pid 203] 14:57:15.649638 libssl.so.3->EVP_DigestVerify(0xaaaad6c61750, 0xaaaad6d3de68, 2420, 0xffffca0e5000) = 1 <0.000188>
[pid 203] 14:57:15.650033 libssl.so.3->X509_verify_cert(0xaaaad6d32f50, 1, 0, 0) = 1 <0.000265>
[pid 203] 14:57:15.650475 libssl.so.3->EVP_DigestSignInit_ex(0xaaaad6d51e50, 0xffffca0e4fe0, 0, 0) = 1 <0.000091>
[pid 203] 14:57:15.650631 libssl.so.3->EVP_DigestSign(0xaaaad6d51e50, 0, 0xffffca0e4ff0, 0xffffca0e5000) = 1 <0.000168>
[pid 203] 14:57:15.650852 libssl.so.3->EVP_DigestSign(0xaaaad6d51e50, 0xaaaad6d51fe0, 0xffffca0e4ff0, 0xffffca0e5000) = 1 <0.000482>
[pid 203] 14:57:15.651591 <... SSL_connect resumed> ) = 1 <0.006523>
Handshake duration: 6.67 ms
[pid 203] 14:57:15.652945 +++ exited (status 0) +++
Execution 3 - TLS Mutual
s_connection: verify depth is 1
[pid 205] 14:57:15.680563 openssl->SSL_connect(0xaaaac2ffe070, 0xaaaac2fd9998, 0xffff883040e0, 0 <unfinished ...>
[pid 205] 14:57:15.680884 libssl.so.3->EVP_PKEY_keygen_init(0xaaaac3006bf0, 0, 0, 0xaaaac3006c60) = 1 <0.000134>
[pid 205] 14:57:15.681088 libssl.so.3->EVP_PKEY_keygen(0xaaaac3006bf0, 0xffffecebf780, 0, 0) = 1 <0.000203>
[pid 205] 14:57:15.682533 libssl.so.3->EVP_PKEY_derive_init(0xaaaac3006bf0, 0, 0, 0xaaaac3006c60) = 1 <0.000111>
[pid 205] 14:57:15.682697 libssl.so.3->EVP_PKEY_derive_set_peer(0xaaaac3006bf0, 0xaaaac30037f0, 0, 0xffff87f16980) = 1 <0.000149>
[pid 205] 14:57:15.682909 libssl.so.3->EVP_PKEY_derive(0xaaaac3006bf0, 0, 0xffffecebf710, 0) = 1 <0.000114>
[pid 205] 14:57:15.683097 libssl.so.3->EVP_PKEY_derive(0xaaaac3006bf0, 0xaaaac3005630, 0xffffecebf710, 0xaaaac3005600) = 1 <0.000235>
[pid 205] 14:57:15.684027 libssl.so.3->X509_verify_cert(0xaaaac2ffdf50, 0, 0, 0xffffffff) = 1 <0.000365>
[pid 205] 14:57:15.684614 libssl.so.3->EVP_DigestVerifyInit_ex(0xaaaac2f2c750, 0xffffecebf808, 0, 0) = 1 <0.000154>
[pid 205] 14:57:15.684834 libssl.so.3->EVP_DigestVerify(0xaaaac2f2c750, 0xaaaac3008e68, 2420, 0xffffecebf810) = 1 <0.000168>
[pid 205] 14:57:15.685230 libssl.so.3->X509_verify_cert(0xaaaac2ffdf50, 1, 0, 0) = 1 <0.000164>
[pid 205] 14:57:15.685547 libssl.so.3->EVP_DigestSignInit_ex(0xaaaac301ce50, 0xffffecebf7f0, 0, 0) = 1 <0.000093>
[pid 205] 14:57:15.685720 libssl.so.3->EVP_DigestSign(0xaaaac301ce50, 0, 0xffffecebf800, 0xffffecebf810) = 1 <0.000142>
[pid 205] 14:57:15.685920 libssl.so.3->EVP_DigestSign(0xaaaac301ce50, 0xaaaac301cfe0, 0xffffecebf800, 0xffffecebf810) = 1 <0.000562>
[pid 205] 14:57:15.686718 <... SSL_connect resumed> ) = 1 <0.006151>
Handshake duration: 6.30 ms
[pid 205] 14:57:15.688093 +++ exited (status 0) +++
Execution 4 - TLS Mutual
s_connection: verify depth is 1
[pid 207] 14:57:15.715888 openssl->SSL_connect(0xaaaae51ab070, 0xaaaae5186998, 0xffff9a2e40e0, 0 <unfinished ...>
[pid 207] 14:57:15.716241 libssl.so.3->EVP_PKEY_keygen_init(0xaaaae51b3bf0, 0, 0, 0xaaaae51b3c60) = 1 <0.000155>
[pid 207] 14:57:15.716444 libssl.so.3->EVP_PKEY_keygen(0xaaaae51b3bf0, 0xfffffbc55160, 0, 0) = 1 <0.000240>
[pid 207] 14:57:15.717886 libssl.so.3->EVP_PKEY_derive_init(0xaaaae51b3bf0, 0, 0, 0xaaaae51b3c60) = 1 <0.000108>
[pid 207] 14:57:15.718044 libssl.so.3->EVP_PKEY_derive_set_peer(0xaaaae51b3bf0, 0xaaaae51b07f0, 0, 0xffff99f16980) = 1 <0.000119>
[pid 207] 14:57:15.718199 libssl.so.3->EVP_PKEY_derive(0xaaaae51b3bf0, 0, 0xfffffbc550f0, 0) = 1 <0.000133>
[pid 207] 14:57:15.718379 libssl.so.3->EVP_PKEY_derive(0xaaaae51b3bf0, 0xaaaae51b2630, 0xfffffbc550f0, 0xaaaae51b2600) = 1 <0.000151>
[pid 207] 14:57:15.719185 libssl.so.3->X509_verify_cert(0xaaaae51aaf50, 0, 0, 0xffffffff) = 1 <0.000382>
[pid 207] 14:57:15.719782 libssl.so.3->EVP_DigestVerifyInit_ex(0xaaaae50d9750, 0xfffffbc551e8, 0, 0) = 1 <0.000129>
[pid 207] 14:57:15.719955 libssl.so.3->EVP_DigestVerify(0xaaaae50d9750, 0xaaaae51b5e68, 2420, 0xfffffbc551f0) = 1 <0.000194>
[pid 207] 14:57:15.720360 libssl.so.3->X509_verify_cert(0xaaaae51aaf50, 1, 0, 0) = 1 <0.000197>
[pid 207] 14:57:15.720736 libssl.so.3->EVP_DigestSignInit_ex(0xaaaae51c9e50, 0xfffffbc551d0, 0, 0) = 1 <0.000119>
[pid 207] 14:57:15.720905 libssl.so.3->EVP_DigestSign(0xaaaae51c9e50, 0, 0xfffffbc551e0, 0xfffffbc551f0) = 1 <0.000173>
[pid 207] 14:57:15.721125 libssl.so.3->EVP_DigestSign(0xaaaae51c9e50, 0xaaaae51c9fe0, 0xfffffbc551e0, 0xfffffbc551f0) = 1 <0.000337>
[pid 207] 14:57:15.721729 <... SSL_connect resumed> ) = 1 <0.005833>
Handshake duration: 5.99 ms
[pid 207] 14:57:15.723051 +++ exited (status 0) +++
Execution 5 - TLS Mutual
s_connection: verify depth is 1
[pid 209] 14:57:15.750442 openssl->SSL_connect(0xaaaabd8b7070, 0xaaaabd892998, 0xffffbaa940e0, 0 <unfinished ...>
[pid 209] 14:57:15.750761 libssl.so.3->EVP_PKEY_keygen_init(0xaaaabd8bfbf0, 0, 0, 0xaaaabd8bfc60) = 1 <0.000113>
[pid 209] 14:57:15.750934 libssl.so.3->EVP_PKEY_keygen(0xaaaabd8bfbf0, 0xffffe938ba50, 0, 0) = 1 <0.000244>
[pid 209] 14:57:15.752414 libssl.so.3->EVP_PKEY_derive_init(0xaaaabd8bfbf0, 0, 0, 0xaaaabd8bfc60) = 1 <0.000119>
[pid 209] 14:57:15.752578 libssl.so.3->EVP_PKEY_derive_set_peer(0xaaaabd8bfbf0, 0xaaaabd8bc7f0, 0, 0xffffba716980) = 1 <0.000135>
[pid 209] 14:57:15.752765 libssl.so.3->EVP_PKEY_derive(0xaaaabd8bfbf0, 0, 0xffffe938b9e0, 0) = 1 <0.000158>
[pid 209] 14:57:15.752969 libssl.so.3->EVP_PKEY_derive(0xaaaabd8bfbf0, 0xaaaabd8be630, 0xffffe938b9e0, 0xaaaabd8be600) = 1 <0.000157>
[pid 209] 14:57:15.753827 libssl.so.3->X509_verify_cert(0xaaaabd8b6f50, 0, 0, 0xffffffff) = 1 <0.000355>
[pid 209] 14:57:15.754400 libssl.so.3->EVP_DigestVerifyInit_ex(0xaaaabd7e5750, 0xffffe938bad8, 0, 0) = 1 <0.000109>
[pid 209] 14:57:15.754572 libssl.so.3->EVP_DigestVerify(0xaaaabd7e5750, 0xaaaabd8c1e68, 2420, 0xffffe938bae0) = 1 <0.000170>
[pid 209] 14:57:15.754974 libssl.so.3->X509_verify_cert(0xaaaabd8b6f50, 1, 0, 0) = 1 <0.000201>
[pid 209] 14:57:15.755351 libssl.so.3->EVP_DigestSignInit_ex(0xaaaabd8d5e50, 0xffffe938bac0, 0, 0) = 1 <0.000100>
[pid 209] 14:57:15.755504 libssl.so.3->EVP_DigestSign(0xaaaabd8d5e50, 0, 0xffffe938bad0, 0xffffe938bae0) = 1 <0.000099>
[pid 209] 14:57:15.755656 libssl.so.3->EVP_DigestSign(0xaaaabd8d5e50, 0xaaaabd8d5fe0, 0xffffe938bad0, 0xffffe938bae0) = 1 <0.000324>
[pid 209] 14:57:15.756230 <... SSL_connect resumed> ) = 1 <0.005783>
Handshake duration: 5.92 ms
[pid 209] 14:57:15.757591 +++ exited (status 0) +++
Execution 6 - TLS Mutual
s_connection: verify depth is 1
[pid 211] 14:57:15.785152 openssl->SSL_connect(0xaaab1ae7f070, 0xaaab1ae5a998, 0xffff91d340e0, 0 <unfinished ...>
[pid 211] 14:57:15.785473 libssl.so.3->EVP_PKEY_keygen_init(0xaaab1ae87bf0, 0, 0, 0xaaab1ae87c60) = 1 <0.000119>
[pid 211] 14:57:15.785645 libssl.so.3->EVP_PKEY_keygen(0xaaab1ae87bf0, 0xffffd99acdd0, 0, 0) = 1 <0.000228>
[pid 211] 14:57:15.787115 libssl.so.3->EVP_PKEY_derive_init(0xaaab1ae87bf0, 0, 0, 0xaaab1ae87c60) = 1 <0.000122>
[pid 211] 14:57:15.787281 libssl.so.3->EVP_PKEY_derive_set_peer(0xaaab1ae87bf0, 0xaaab1ae847f0, 0, 0xffff91916980) = 1 <0.000127>
[pid 211] 14:57:15.787486 libssl.so.3->EVP_PKEY_derive(0xaaab1ae87bf0, 0, 0xffffd99acd60, 0) = 1 <0.000139>
[pid 211] 14:57:15.787674 libssl.so.3->EVP_PKEY_derive(0xaaab1ae87bf0, 0xaaab1ae86630, 0xffffd99acd60, 0xaaab1ae86600) = 1 <0.000154>
[pid 211] 14:57:15.788509 libssl.so.3->X509_verify_cert(0xaaab1ae7ef50, 0, 0, 0xffffffff) = 1 <0.000348>
[pid 211] 14:57:15.789078 libssl.so.3->EVP_DigestVerifyInit_ex(0xaaab1adad750, 0xffffd99ace58, 0, 0) = 1 <0.000135>
[pid 211] 14:57:15.789277 libssl.so.3->EVP_DigestVerify(0xaaab1adad750, 0xaaab1ae89e68, 2420, 0xffffd99ace60) = 1 <0.000178>
[pid 211] 14:57:15.789663 libssl.so.3->X509_verify_cert(0xaaab1ae7ef50, 1, 0, 0) = 1 <0.000206>
[pid 211] 14:57:15.790050 libssl.so.3->EVP_DigestSignInit_ex(0xaaab1ae9de50, 0xffffd99ace40, 0, 0) = 1 <0.000101>
[pid 211] 14:57:15.790211 libssl.so.3->EVP_DigestSign(0xaaab1ae9de50, 0, 0xffffd99ace50, 0xffffd99ace60) = 1 <0.000130>
[pid 211] 14:57:15.790398 libssl.so.3->EVP_DigestSign(0xaaab1ae9de50, 0xaaab1ae9dfe0, 0xffffd99ace50, 0xffffd99ace60) = 1 <0.000309>
[pid 211] 14:57:15.791016 <... SSL_connect resumed> ) = 1 <0.005860>
Handshake duration: 5.98 ms
[pid 211] 14:57:15.792351 +++ exited (status 0) +++
Execution 7 - TLS Mutual
s_connection: verify depth is 1
[pid 213] 14:57:15.820583 openssl->SSL_connect(0xaaaad255b070, 0xaaaad2536998, 0xffff9d4e40e0, 0 <unfinished ...>
[pid 213] 14:57:15.820940 libssl.so.3->EVP_PKEY_keygen_init(0xaaaad2563bf0, 0, 0, 0xaaaad2563c60) = 1 <0.000123>
[pid 213] 14:57:15.821141 libssl.so.3->EVP_PKEY_keygen(0xaaaad2563bf0, 0xffffe1a30fd0, 0, 0) = 1 <0.000240>
[pid 213] 14:57:15.822553 libssl.so.3->EVP_PKEY_derive_init(0xaaaad2563bf0, 0, 0, 0xaaaad2563c60) = 1 <0.000091>
[pid 213] 14:57:15.822741 libssl.so.3->EVP_PKEY_derive_set_peer(0xaaaad2563bf0, 0xaaaad25607f0, 0, 0xffff9d116980) = 1 <0.000124>
[pid 213] 14:57:15.822919 libssl.so.3->EVP_PKEY_derive(0xaaaad2563bf0, 0, 0xffffe1a30f60, 0) = 1 <0.000106>
[pid 213] 14:57:15.823073 libssl.so.3->EVP_PKEY_derive(0xaaaad2563bf0, 0xaaaad2562630, 0xffffe1a30f60, 0xaaaad2562600) = 1 <0.000127>
[pid 213] 14:57:15.823903 libssl.so.3->X509_verify_cert(0xaaaad255af50, 0, 0, 0xffffffff) = 1 <0.000407>
[pid 213] 14:57:15.824550 libssl.so.3->EVP_DigestVerifyInit_ex(0xaaaad2489750, 0xffffe1a31058, 0, 0) = 1 <0.000117>
[pid 213] 14:57:15.824742 libssl.so.3->EVP_DigestVerify(0xaaaad2489750, 0xaaaad2565e68, 2420, 0xffffe1a31060) = 1 <0.000194>
[pid 213] 14:57:15.825161 libssl.so.3->X509_verify_cert(0xaaaad255af50, 1, 0, 0) = 1 <0.000241>
[pid 213] 14:57:15.825613 libssl.so.3->EVP_DigestSignInit_ex(0xaaaad2579e50, 0xffffe1a31040, 0, 0) = 1 <0.000122>
[pid 213] 14:57:15.825784 libssl.so.3->EVP_DigestSign(0xaaaad2579e50, 0, 0xffffe1a31050, 0xffffe1a31060) = 1 <0.000112>
[pid 213] 14:57:15.825952 libssl.so.3->EVP_DigestSign(0xaaaad2579e50, 0xaaaad2579fe0, 0xffffe1a31050, 0xffffe1a31060) = 1 <0.000315>
[pid 213] 14:57:15.826553 <... SSL_connect resumed> ) = 1 <0.005968>
Handshake duration: 6.13 ms
[pid 213] 14:57:15.827913 +++ exited (status 0) +++
Execution 8 - TLS Mutual
s_connection: verify depth is 1
[pid 215] 14:57:15.855119 openssl->SSL_connect(0xaaaac293a070, 0xaaaac2915998, 0xffff9f0a40e0, 0 <unfinished ...>
[pid 215] 14:57:15.855436 libssl.so.3->EVP_PKEY_keygen_init(0xaaaac2942bf0, 0, 0, 0xaaaac2942c60) = 1 <0.000117>
[pid 215] 14:57:15.855625 libssl.so.3->EVP_PKEY_keygen(0xaaaac2942bf0, 0xffffc743fbd0, 0, 0) = 1 <0.000198>
[pid 215] 14:57:15.857004 libssl.so.3->EVP_PKEY_derive_init(0xaaaac2942bf0, 0, 0, 0xaaaac2942c60) = 1 <0.000322>
[pid 215] 14:57:15.857442 libssl.so.3->EVP_PKEY_derive_set_peer(0xaaaac2942bf0, 0xaaaac293f7f0, 0, 0xffff9ed16980) = 1 <0.000153>
[pid 215] 14:57:15.857704 libssl.so.3->EVP_PKEY_derive(0xaaaac2942bf0, 0, 0xffffc743fb60, 0) = 1 <0.000149>
[pid 215] 14:57:15.857901 libssl.so.3->EVP_PKEY_derive(0xaaaac2942bf0, 0xaaaac2941630, 0xffffc743fb60, 0xaaaac2941600) = 1 <0.000222>
[pid 215] 14:57:15.858834 libssl.so.3->X509_verify_cert(0xaaaac2939f50, 0, 0, 0xffffffff) = 1 <0.000361>
[pid 215] 14:57:15.859446 libssl.so.3->EVP_DigestVerifyInit_ex(0xaaaac2868750, 0xffffc743fc58, 0, 0) = 1 <0.000113>
[pid 215] 14:57:15.859617 libssl.so.3->EVP_DigestVerify(0xaaaac2868750, 0xaaaac2944e68, 2420, 0xffffc743fc60) = 1 <0.000193>
[pid 215] 14:57:15.860035 libssl.so.3->X509_verify_cert(0xaaaac2939f50, 1, 0, 0) = 1 <0.000164>
[pid 215] 14:57:15.860358 libssl.so.3->EVP_DigestSignInit_ex(0xaaaac2958e50, 0xffffc743fc40, 0, 0) = 1 <0.000120>
[pid 215] 14:57:15.860529 libssl.so.3->EVP_DigestSign(0xaaaac2958e50, 0, 0xffffc743fc50, 0xffffc743fc60) = 1 <0.000157>
[pid 215] 14:57:15.860741 libssl.so.3->EVP_DigestSign(0xaaaac2958e50, 0xaaaac2958fe0, 0xffffc743fc50, 0xffffc743fc60) = 1 <0.000629>
[pid 215] 14:57:15.861623 <... SSL_connect resumed> ) = 1 <0.006498>
Handshake duration: 6.64 ms
[pid 215] 14:57:15.863110 +++ exited (status 0) +++
Execution 9 - TLS Mutual
s_connection: verify depth is 1
[pid 217] 14:57:15.891894 openssl->SSL_connect(0xaaaabf8df070, 0xaaaabf8ba998, 0xffffa97840e0, 0 <unfinished ...>
[pid 217] 14:57:15.892283 libssl.so.3->EVP_PKEY_keygen_init(0xaaaabf8e7bf0, 0, 0, 0xaaaabf8e7c60) = 1 <0.000114>
[pid 217] 14:57:15.892458 libssl.so.3->EVP_PKEY_keygen(0xaaaabf8e7bf0, 0xfffffeb021c0, 0, 0) = 1 <0.000229>
[pid 217] 14:57:15.893914 libssl.so.3->EVP_PKEY_derive_init(0xaaaabf8e7bf0, 0, 0, 0xaaaabf8e7c60) = 1 <0.000140>
[pid 217] 14:57:15.894123 libssl.so.3->EVP_PKEY_derive_set_peer(0xaaaabf8e7bf0, 0xaaaabf8e47f0, 0, 0xffffa9316980) = 1 <0.000189>
[pid 217] 14:57:15.894369 libssl.so.3->EVP_PKEY_derive(0xaaaabf8e7bf0, 0, 0xfffffeb02150, 0) = 1 <0.000206>
[pid 217] 14:57:15.894622 libssl.so.3->EVP_PKEY_derive(0xaaaabf8e7bf0, 0xaaaabf8e6630, 0xfffffeb02150, 0xaaaabf8e6600) = 1 <0.000142>
[pid 217] 14:57:15.895493 libssl.so.3->X509_verify_cert(0xaaaabf8def50, 0, 0, 0xffffffff) = 1 <0.000382>
[pid 217] 14:57:15.896091 libssl.so.3->EVP_DigestVerifyInit_ex(0xaaaabf80d750, 0xfffffeb02248, 0, 0) = 1 <0.000119>
[pid 217] 14:57:15.896295 libssl.so.3->EVP_DigestVerify(0xaaaabf80d750, 0xaaaabf8e9e68, 2420, 0xfffffeb02250) = 1 <0.000218>
[pid 217] 14:57:15.896722 libssl.so.3->X509_verify_cert(0xaaaabf8def50, 1, 0, 0) = 1 <0.000222>
[pid 217] 14:57:15.897107 libssl.so.3->EVP_DigestSignInit_ex(0xaaaabf8fde50, 0xfffffeb02230, 0, 0) = 1 <0.000123>
[pid 217] 14:57:15.897290 libssl.so.3->EVP_DigestSign(0xaaaabf8fde50, 0, 0xfffffeb02240, 0xfffffeb02250) = 1 <0.000167>
[pid 217] 14:57:15.897520 libssl.so.3->EVP_DigestSign(0xaaaabf8fde50, 0xaaaabf8fdfe0, 0xfffffeb02240, 0xfffffeb02250) = 1 <0.000308>
[pid 217] 14:57:15.898081 <... SSL_connect resumed> ) = 1 <0.006182>
Handshake duration: 6.31 ms
[pid 217] 14:57:15.899528 +++ exited (status 0) +++
Execution 10 - TLS Mutual
s_connection: verify depth is 1
[pid 219] 14:57:15.927363 openssl->SSL_connect(0xaaaae9083070, 0xaaaae905e998, 0xffff9e2040e0, 0 <unfinished ...>
[pid 219] 14:57:15.927693 libssl.so.3->EVP_PKEY_keygen_init(0xaaaae908bbf0, 0, 0, 0xaaaae908bc60) = 1 <0.000136>
[pid 219] 14:57:15.927935 libssl.so.3->EVP_PKEY_keygen(0xaaaae908bbf0, 0xffffd816fe60, 0, 0) = 1 <0.000246>
[pid 219] 14:57:15.929461 libssl.so.3->EVP_PKEY_derive_init(0xaaaae908bbf0, 0, 0, 0xaaaae908bc60) = 1 <0.000173>
[pid 219] 14:57:15.929690 libssl.so.3->EVP_PKEY_derive_set_peer(0xaaaae908bbf0, 0xaaaae90887f0, 0, 0xffff9df16980) = 1 <0.000130>
[pid 219] 14:57:15.929875 libssl.so.3->EVP_PKEY_derive(0xaaaae908bbf0, 0, 0xffffd816fdf0, 0) = 1 <0.000191>
[pid 219] 14:57:15.930124 libssl.so.3->EVP_PKEY_derive(0xaaaae908bbf0, 0xaaaae908a630, 0xffffd816fdf0, 0xaaaae908a600) = 1 <0.000230>
[pid 219] 14:57:15.931056 libssl.so.3->X509_verify_cert(0xaaaae9082f50, 0, 0, 0xffffffff) = 1 <0.000417>
[pid 219] 14:57:15.931716 libssl.so.3->EVP_DigestVerifyInit_ex(0xaaaae8fb1750, 0xffffd816fee8, 0, 0) = 1 <0.000160>
[pid 219] 14:57:15.931917 libssl.so.3->EVP_DigestVerify(0xaaaae8fb1750, 0xaaaae908de68, 2420, 0xffffd816fef0) = 1 <0.000241>
[pid 219] 14:57:15.932384 libssl.so.3->X509_verify_cert(0xaaaae9082f50, 1, 0, 0) = 1 <0.000203>
[pid 219] 14:57:15.932747 libssl.so.3->EVP_DigestSignInit_ex(0xaaaae90a1e50, 0xffffd816fed0, 0, 0) = 1 <0.000101>
[pid 219] 14:57:15.932894 libssl.so.3->EVP_DigestSign(0xaaaae90a1e50, 0, 0xffffd816fee0, 0xffffd816fef0) = 1 <0.000157>
[pid 219] 14:57:15.933106 libssl.so.3->EVP_DigestSign(0xaaaae90a1e50, 0xaaaae90a1fe0, 0xffffd816fee0, 0xffffd816fef0) = 1 <0.000365>
[pid 219] 14:57:15.933749 <... SSL_connect resumed> ) = 1 <0.006379>
Handshake duration: 6.52 ms
[pid 219] 14:57:15.935029 +++ exited (status 0) +++
Execution 11 - TLS Mutual
s_connection: verify depth is 1
[pid 221] 14:57:15.962674 openssl->SSL_connect(0xaaaaf938a070, 0xaaaaf9365998, 0xffffaac340e0, 0 <unfinished ...>
[pid 221] 14:57:15.963010 libssl.so.3->EVP_PKEY_keygen_init(0xaaaaf9392bf0, 0, 0, 0xaaaaf9392c60) = 1 <0.000130>
[pid 221] 14:57:15.963193 libssl.so.3->EVP_PKEY_keygen(0xaaaaf9392bf0, 0xfffffe2b6d10, 0, 0) = 1 <0.000334>
[pid 221] 14:57:15.964772 libssl.so.3->EVP_PKEY_derive_init(0xaaaaf9392bf0, 0, 0, 0xaaaaf9392c60) = 1 <0.000100>
[pid 221] 14:57:15.965034 libssl.so.3->EVP_PKEY_derive_set_peer(0xaaaaf9392bf0, 0xaaaaf938f7f0, 0, 0xffffaa916980) = 1 <0.000103>
[pid 221] 14:57:15.965224 libssl.so.3->EVP_PKEY_derive(0xaaaaf9392bf0, 0, 0xfffffe2b6ca0, 0) = 1 <0.000122>
[pid 221] 14:57:15.965421 libssl.so.3->EVP_PKEY_derive(0xaaaaf9392bf0, 0xaaaaf9391630, 0xfffffe2b6ca0, 0xaaaaf9391600) = 1 <0.000159>
[pid 221] 14:57:15.966256 libssl.so.3->X509_verify_cert(0xaaaaf9389f50, 0, 0, 0xffffffff) = 1 <0.000361>
[pid 221] 14:57:15.966828 libssl.so.3->EVP_DigestVerifyInit_ex(0xaaaaf92b8750, 0xfffffe2b6d98, 0, 0) = 1 <0.000132>
[pid 221] 14:57:15.967024 libssl.so.3->EVP_DigestVerify(0xaaaaf92b8750, 0xaaaaf9394e68, 2420, 0xfffffe2b6da0) = 1 <0.000252>
[pid 221] 14:57:15.967474 libssl.so.3->X509_verify_cert(0xaaaaf9389f50, 1, 0, 0) = 1 <0.000200>
[pid 221] 14:57:15.967851 libssl.so.3->EVP_DigestSignInit_ex(0xaaaaf93a8e50, 0xfffffe2b6d80, 0, 0) = 1 <0.000118>
[pid 221] 14:57:15.968027 libssl.so.3->EVP_DigestSign(0xaaaaf93a8e50, 0, 0xfffffe2b6d90, 0xfffffe2b6da0) = 1 <0.000081>
[pid 221] 14:57:15.968163 libssl.so.3->EVP_DigestSign(0xaaaaf93a8e50, 0xaaaaf93a8fe0, 0xfffffe2b6d90, 0xfffffe2b6da0) = 1 <0.000412>
[pid 221] 14:57:15.968837 <... SSL_connect resumed> ) = 1 <0.006158>
Handshake duration: 6.33 ms
[pid 221] 14:57:15.970267 +++ exited (status 0) +++
Execution 12 - TLS Mutual
s_connection: verify depth is 1
[pid 223] 14:57:15.998405 openssl->SSL_connect(0xaaaac6024070, 0xaaaac5fff998, 0xffff963740e0, 0 <unfinished ...>
[pid 223] 14:57:15.998717 libssl.so.3->EVP_PKEY_keygen_init(0xaaaac602cbf0, 0, 0, 0xaaaac602cc60) = 1 <0.000123>
[pid 223] 14:57:15.998940 libssl.so.3->EVP_PKEY_keygen(0xaaaac602cbf0, 0xffffc35a1d10, 0, 0) = 1 <0.000254>
[pid 223] 14:57:16.000434 libssl.so.3->EVP_PKEY_derive_init(0xaaaac602cbf0, 0, 0, 0xaaaac602cc60) = 1 <0.000104>
[pid 223] 14:57:16.000632 libssl.so.3->EVP_PKEY_derive_set_peer(0xaaaac602cbf0, 0xaaaac60297f0, 0, 0xffff95f16980) = 1 <0.000108>
[pid 223] 14:57:16.000796 libssl.so.3->EVP_PKEY_derive(0xaaaac602cbf0, 0, 0xffffc35a1ca0, 0) = 1 <0.000108>
[pid 223] 14:57:16.000968 libssl.so.3->EVP_PKEY_derive(0xaaaac602cbf0, 0xaaaac602b630, 0xffffc35a1ca0, 0xaaaac602b600) = 1 <0.000160>
[pid 223] 14:57:16.001832 libssl.so.3->X509_verify_cert(0xaaaac6023f50, 0, 0, 0xffffffff) = 1 <0.000383>
[pid 223] 14:57:16.002446 libssl.so.3->EVP_DigestVerifyInit_ex(0xaaaac5f52750, 0xffffc35a1d98, 0, 0) = 1 <0.000120>
[pid 223] 14:57:16.002625 libssl.so.3->EVP_DigestVerify(0xaaaac5f52750, 0xaaaac602ee68, 2420, 0xffffc35a1da0) = 1 <0.000161>
[pid 223] 14:57:16.003002 libssl.so.3->X509_verify_cert(0xaaaac6023f50, 1, 0, 0) = 1 <0.000202>
[pid 223] 14:57:16.003411 libssl.so.3->EVP_DigestSignInit_ex(0xaaaac6042e50, 0xffffc35a1d80, 0, 0) = 1 <0.000109>
[pid 223] 14:57:16.003594 libssl.so.3->EVP_DigestSign(0xaaaac6042e50, 0, 0xffffc35a1d90, 0xffffc35a1da0) = 1 <0.000116>
[pid 223] 14:57:16.003758 libssl.so.3->EVP_DigestSign(0xaaaac6042e50, 0xaaaac6042fe0, 0xffffc35a1d90, 0xffffc35a1da0) = 1 <0.000436>
[pid 223] 14:57:16.004488 <... SSL_connect resumed> ) = 1 <0.006082>
Handshake duration: 6.21 ms
[pid 223] 14:57:16.005788 +++ exited (status 0) +++
Execution 13 - TLS Mutual
s_connection: verify depth is 1
[pid 225] 14:57:16.033158 openssl->SSL_connect(0xaaab035db070, 0xaaab035b6998, 0xffff840240e0, 0 <unfinished ...>
[pid 225] 14:57:16.033467 libssl.so.3->EVP_PKEY_keygen_init(0xaaab035e3bf0, 0, 0, 0xaaab035e3c60) = 1 <0.000103>
[pid 225] 14:57:16.033637 libssl.so.3->EVP_PKEY_keygen(0xaaab035e3bf0, 0xffffd0eea9b0, 0, 0) = 1 <0.000187>
[pid 225] 14:57:16.035012 libssl.so.3->EVP_PKEY_derive_init(0xaaab035e3bf0, 0, 0, 0xaaab035e3c60) = 1 <0.000102>
[pid 225] 14:57:16.035165 libssl.so.3->EVP_PKEY_derive_set_peer(0xaaab035e3bf0, 0xaaab035e07f0, 0, 0xffff83d16980) = 1 <0.000155>
[pid 225] 14:57:16.035371 libssl.so.3->EVP_PKEY_derive(0xaaab035e3bf0, 0, 0xffffd0eea940, 0) = 1 <0.000126>
[pid 225] 14:57:16.035547 libssl.so.3->EVP_PKEY_derive(0xaaab035e3bf0, 0xaaab035e2630, 0xffffd0eea940, 0xaaab035e2600) = 1 <0.000146>
[pid 225] 14:57:16.036356 libssl.so.3->X509_verify_cert(0xaaab035daf50, 0, 0, 0xffffffff) = 1 <0.000370>
[pid 225] 14:57:16.036944 libssl.so.3->EVP_DigestVerifyInit_ex(0xaaab03509750, 0xffffd0eeaa38, 0, 0) = 1 <0.000116>
[pid 225] 14:57:16.037104 libssl.so.3->EVP_DigestVerify(0xaaab03509750, 0xaaab035e5e68, 2420, 0xffffd0eeaa40) = 1 <0.000205>
[pid 225] 14:57:16.037515 libssl.so.3->X509_verify_cert(0xaaab035daf50, 1, 0, 0) = 1 <0.000213>
[pid 225] 14:57:16.037896 libssl.so.3->EVP_DigestSignInit_ex(0xaaab035f9e50, 0xffffd0eeaa20, 0, 0) = 1 <0.000105>
[pid 225] 14:57:16.038100 libssl.so.3->EVP_DigestSign(0xaaab035f9e50, 0, 0xffffd0eeaa30, 0xffffd0eeaa40) = 1 <0.000166>
[pid 225] 14:57:16.038310 libssl.so.3->EVP_DigestSign(0xaaab035f9e50, 0xaaab035f9fe0, 0xffffd0eeaa30, 0xffffd0eeaa40) = 1 <0.000576>
[pid 225] 14:57:16.039124 <... SSL_connect resumed> ) = 1 <0.005960>
Handshake duration: 6.09 ms
[pid 225] 14:57:16.040491 +++ exited (status 0) +++
Execution 14 - TLS Mutual
s_connection: verify depth is 1
[pid 227] 14:57:16.067960 openssl->SSL_connect(0xaaaad653e070, 0xaaaad6519998, 0xffff9dcb40e0, 0 <unfinished ...>
[pid 227] 14:57:16.068298 libssl.so.3->EVP_PKEY_keygen_init(0xaaaad6546bf0, 0, 0, 0xaaaad6546c60) = 1 <0.000136>
[pid 227] 14:57:16.068504 libssl.so.3->EVP_PKEY_keygen(0xaaaad6546bf0, 0xffffcad042a0, 0, 0) = 1 <0.000237>
[pid 227] 14:57:16.070016 libssl.so.3->EVP_PKEY_derive_init(0xaaaad6546bf0, 0, 0, 0xaaaad6546c60) = 1 <0.000105>
[pid 227] 14:57:16.070273 libssl.so.3->EVP_PKEY_derive_set_peer(0xaaaad6546bf0, 0xaaaad65437f0, 0, 0xffff9d916980) = 1 <0.000279>
[pid 227] 14:57:16.070543 libssl.so.3->EVP_PKEY_derive(0xaaaad6546bf0, 0, 0xffffcad04230, 0) = 1 <0.000158>
[pid 227] 14:57:16.070754 libssl.so.3->EVP_PKEY_derive(0xaaaad6546bf0, 0xaaaad6545630, 0xffffcad04230, 0xaaaad6545600) = 1 <0.000180>
[pid 227] 14:57:16.071646 libssl.so.3->X509_verify_cert(0xaaaad653df50, 0, 0, 0xffffffff) = 1 <0.000346>
[pid 227] 14:57:16.072210 libssl.so.3->EVP_DigestVerifyInit_ex(0xaaaad646c750, 0xffffcad04328, 0, 0) = 1 <0.000150>
[pid 227] 14:57:16.072428 libssl.so.3->EVP_DigestVerify(0xaaaad646c750, 0xaaaad6548e68, 2420, 0xffffcad04330) = 1 <0.000186>
[pid 227] 14:57:16.072808 libssl.so.3->X509_verify_cert(0xaaaad653df50, 1, 0, 0) = 1 <0.000186>
[pid 227] 14:57:16.073206 libssl.so.3->EVP_DigestSignInit_ex(0xaaaad655ce50, 0xffffcad04310, 0, 0) = 1 <0.000111>
[pid 227] 14:57:16.073367 libssl.so.3->EVP_DigestSign(0xaaaad655ce50, 0, 0xffffcad04320, 0xffffcad04330) = 1 <0.000107>
[pid 227] 14:57:16.073525 libssl.so.3->EVP_DigestSign(0xaaaad655ce50, 0xaaaad655cfe0, 0xffffcad04320, 0xffffcad04330) = 1 <0.000844>
[pid 227] 14:57:16.074649 <... SSL_connect resumed> ) = 1 <0.006685>
Handshake duration: 6.82 ms
[pid 227] 14:57:16.075982 +++ exited (status 0) +++
Execution 15 - TLS Mutual
s_connection: verify depth is 1
[pid 229] 14:57:16.103419 openssl->SSL_connect(0xaaab2034c070, 0xaaab20327998, 0xffff88e540e0, 0 <unfinished ...>
[pid 229] 14:57:16.103719 libssl.so.3->EVP_PKEY_keygen_init(0xaaab20354bf0, 0, 0, 0xaaab20354c60) = 1 <0.000125>
[pid 229] 14:57:16.103890 libssl.so.3->EVP_PKEY_keygen(0xaaab20354bf0, 0xffffca5810e0, 0, 0) = 1 <0.000182>
[pid 229] 14:57:16.105274 libssl.so.3->EVP_PKEY_derive_init(0xaaab20354bf0, 0, 0, 0xaaab20354c60) = 1 <0.000177>
[pid 229] 14:57:16.105507 libssl.so.3->EVP_PKEY_derive_set_peer(0xaaab20354bf0, 0xaaab203517f0, 0, 0xffff88b16980) = 1 <0.000154>
[pid 229] 14:57:16.105724 libssl.so.3->EVP_PKEY_derive(0xaaab20354bf0, 0, 0xffffca581070, 0) = 1 <0.000106>
[pid 229] 14:57:16.105949 libssl.so.3->EVP_PKEY_derive(0xaaab20354bf0, 0xaaab20353630, 0xffffca581070, 0xaaab20353600) = 1 <0.000158>
[pid 229] 14:57:16.106756 libssl.so.3->X509_verify_cert(0xaaab2034bf50, 0, 0, 0xffffffff) = 1 <0.000357>
[pid 229] 14:57:16.107381 libssl.so.3->EVP_DigestVerifyInit_ex(0xaaab2027a750, 0xffffca581168, 0, 0) = 1 <0.000111>
[pid 229] 14:57:16.107536 libssl.so.3->EVP_DigestVerify(0xaaab2027a750, 0xaaab20356e68, 2420, 0xffffca581170) = 1 <0.000174>
[pid 229] 14:57:16.107919 libssl.so.3->X509_verify_cert(0xaaab2034bf50, 1, 0, 0) = 1 <0.000215>
[pid 229] 14:57:16.108318 libssl.so.3->EVP_DigestSignInit_ex(0xaaab2036ae50, 0xffffca581150, 0, 0) = 1 <0.000114>
[pid 229] 14:57:16.108497 libssl.so.3->EVP_DigestSign(0xaaab2036ae50, 0, 0xffffca581160, 0xffffca581170) = 1 <0.000127>
[pid 229] 14:57:16.108701 libssl.so.3->EVP_DigestSign(0xaaab2036ae50, 0xaaab2036afe0, 0xffffca581160, 0xffffca581170) = 1 <0.000394>
[pid 229] 14:57:16.109367 <... SSL_connect resumed> ) = 1 <0.005943>
Handshake duration: 6.08 ms
[pid 229] 14:57:16.110719 +++ exited (status 0) +++
Execution 16 - TLS Mutual
s_connection: verify depth is 1
[pid 231] 14:57:16.138492 openssl->SSL_connect(0xaaaabc469070, 0xaaaabc444998, 0xffffa67a40e0, 0 <unfinished ...>
[pid 231] 14:57:16.138809 libssl.so.3->EVP_PKEY_keygen_init(0xaaaabc471bf0, 0, 0, 0xaaaabc471c60) = 1 <0.000137>
[pid 231] 14:57:16.138993 libssl.so.3->EVP_PKEY_keygen(0xaaaabc471bf0, 0xffffc27e4920, 0, 0) = 1 <0.000203>
[pid 231] 14:57:16.140426 libssl.so.3->EVP_PKEY_derive_init(0xaaaabc471bf0, 0, 0, 0xaaaabc471c60) = 1 <0.000106>
[pid 231] 14:57:16.140579 libssl.so.3->EVP_PKEY_derive_set_peer(0xaaaabc471bf0, 0xaaaabc46e7f0, 0, 0xffffa6316980) = 1 <0.000096>
[pid 231] 14:57:16.140742 libssl.so.3->EVP_PKEY_derive(0xaaaabc471bf0, 0, 0xffffc27e48b0, 0) = 1 <0.000103>
[pid 231] 14:57:16.140891 libssl.so.3->EVP_PKEY_derive(0xaaaabc471bf0, 0xaaaabc470630, 0xffffc27e48b0, 0xaaaabc470600) = 1 <0.000129>
[pid 231] 14:57:16.141667 libssl.so.3->X509_verify_cert(0xaaaabc468f50, 0, 0, 0xffffffff) = 1 <0.000367>
[pid 231] 14:57:16.142242 libssl.so.3->EVP_DigestVerifyInit_ex(0xaaaabc397750, 0xffffc27e49a8, 0, 0) = 1 <0.000128>
[pid 231] 14:57:16.142432 libssl.so.3->EVP_DigestVerify(0xaaaabc397750, 0xaaaabc473e68, 2420, 0xffffc27e49b0) = 1 <0.000186>
[pid 231] 14:57:16.142799 libssl.so.3->X509_verify_cert(0xaaaabc468f50, 1, 0, 0) = 1 <0.000187>
[pid 231] 14:57:16.143141 libssl.so.3->EVP_DigestSignInit_ex(0xaaaabc487e50, 0xffffc27e4990, 0, 0) = 1 <0.000136>
[pid 231] 14:57:16.143335 libssl.so.3->EVP_DigestSign(0xaaaabc487e50, 0, 0xffffc27e49a0, 0xffffc27e49b0) = 1 <0.000117>
[pid 231] 14:57:16.143496 libssl.so.3->EVP_DigestSign(0xaaaabc487e50, 0xaaaabc487fe0, 0xffffc27e49a0, 0xffffc27e49b0) = 1 <0.000417>
[pid 231] 14:57:16.144177 <... SSL_connect resumed> ) = 1 <0.005677>
Handshake duration: 5.89 ms
[pid 231] 14:57:16.145597 +++ exited (status 0) +++
Execution 17 - TLS Mutual
s_connection: verify depth is 1
[pid 233] 14:57:16.173153 openssl->SSL_connect(0xaaaaf6a90070, 0xaaaaf6a6b998, 0xffff8ea440e0, 0 <unfinished ...>
[pid 233] 14:57:16.173448 libssl.so.3->EVP_PKEY_keygen_init(0xaaaaf6a98bf0, 0, 0, 0xaaaaf6a98c60) = 1 <0.000102>
[pid 233] 14:57:16.173647 libssl.so.3->EVP_PKEY_keygen(0xaaaaf6a98bf0, 0xffffd96a8e40, 0, 0) = 1 <0.000277>
[pid 233] 14:57:16.175104 libssl.so.3->EVP_PKEY_derive_init(0xaaaaf6a98bf0, 0, 0, 0xaaaaf6a98c60) = 1 <0.000105>
[pid 233] 14:57:16.175269 libssl.so.3->EVP_PKEY_derive_set_peer(0xaaaaf6a98bf0, 0xaaaaf6a957f0, 0, 0xffff8e716980) = 1 <0.000192>
[pid 233] 14:57:16.175507 libssl.so.3->EVP_PKEY_derive(0xaaaaf6a98bf0, 0, 0xffffd96a8dd0, 0) = 1 <0.000131>
[pid 233] 14:57:16.175692 libssl.so.3->EVP_PKEY_derive(0xaaaaf6a98bf0, 0xaaaaf6a97630, 0xffffd96a8dd0, 0xaaaaf6a97600) = 1 <0.000202>
[pid 233] 14:57:16.176573 libssl.so.3->X509_verify_cert(0xaaaaf6a8ff50, 0, 0, 0xffffffff) = 1 <0.000357>
[pid 233] 14:57:16.177135 libssl.so.3->EVP_DigestVerifyInit_ex(0xaaaaf69be750, 0xffffd96a8ec8, 0, 0) = 1 <0.000112>
[pid 233] 14:57:16.177303 libssl.so.3->EVP_DigestVerify(0xaaaaf69be750, 0xaaaaf6a9ae68, 2420, 0xffffd96a8ed0) = 1 <0.000219>
[pid 233] 14:57:16.177759 libssl.so.3->X509_verify_cert(0xaaaaf6a8ff50, 1, 0, 0) = 1 <0.000214>
[pid 233] 14:57:16.178127 libssl.so.3->EVP_DigestSignInit_ex(0xaaaaf6aaee50, 0xffffd96a8eb0, 0, 0) = 1 <0.000091>
[pid 233] 14:57:16.178272 libssl.so.3->EVP_DigestSign(0xaaaaf6aaee50, 0, 0xffffd96a8ec0, 0xffffd96a8ed0) = 1 <0.000110>
[pid 233] 14:57:16.178445 libssl.so.3->EVP_DigestSign(0xaaaaf6aaee50, 0xaaaaf6aaefe0, 0xffffd96a8ec0, 0xffffd96a8ed0) = 1 <0.000360>
[pid 233] 14:57:16.179097 <... SSL_connect resumed> ) = 1 <0.005940>
Handshake duration: 6.08 ms
[pid 233] 14:57:16.180486 +++ exited (status 0) +++
Execution 18 - TLS Mutual
s_connection: verify depth is 1
[pid 235] 14:57:16.208111 openssl->SSL_connect(0xaaaaf50fa070, 0xaaaaf50d5998, 0xffffae2040e0, 0 <unfinished ...>
[pid 235] 14:57:16.208455 libssl.so.3->EVP_PKEY_keygen_init(0xaaaaf5102bf0, 0, 0, 0xaaaaf5102c60) = 1 <0.000142>
[pid 235] 14:57:16.208640 libssl.so.3->EVP_PKEY_keygen(0xaaaaf5102bf0, 0xffffd9b72510, 0, 0) = 1 <0.000201>
[pid 235] 14:57:16.209997 libssl.so.3->EVP_PKEY_derive_init(0xaaaaf5102bf0, 0, 0, 0xaaaaf5102c60) = 1 <0.000136>
[pid 235] 14:57:16.210263 libssl.so.3->EVP_PKEY_derive_set_peer(0xaaaaf5102bf0, 0xaaaaf50ff7f0, 0, 0xffffadf16980) = 1 <0.000192>
[pid 235] 14:57:16.210454 libssl.so.3->EVP_PKEY_derive(0xaaaaf5102bf0, 0, 0xffffd9b724a0, 0) = 1 <0.000173>
[pid 235] 14:57:16.210718 libssl.so.3->EVP_PKEY_derive(0xaaaaf5102bf0, 0xaaaaf5101630, 0xffffd9b724a0, 0xaaaaf5101600) = 1 <0.000127>
[pid 235] 14:57:16.211575 libssl.so.3->X509_verify_cert(0xaaaaf50f9f50, 0, 0, 0xffffffff) = 1 <0.000364>
[pid 235] 14:57:16.212148 libssl.so.3->EVP_DigestVerifyInit_ex(0xaaaaf5028750, 0xffffd9b72598, 0, 0) = 1 <0.000153>
[pid 235] 14:57:16.212360 libssl.so.3->EVP_DigestVerify(0xaaaaf5028750, 0xaaaaf5104e68, 2420, 0xffffd9b725a0) = 1 <0.000220>
[pid 235] 14:57:16.212806 libssl.so.3->X509_verify_cert(0xaaaaf50f9f50, 1, 0, 0) = 1 <0.000224>
[pid 235] 14:57:16.213186 libssl.so.3->EVP_DigestSignInit_ex(0xaaaaf5118e50, 0xffffd9b72580, 0, 0) = 1 <0.000093>
[pid 235] 14:57:16.213327 libssl.so.3->EVP_DigestSign(0xaaaaf5118e50, 0, 0xffffd9b72590, 0xffffd9b725a0) = 1 <0.000110>
[pid 235] 14:57:16.213485 libssl.so.3->EVP_DigestSign(0xaaaaf5118e50, 0xaaaaf5118fe0, 0xffffd9b72590, 0xffffd9b725a0) = 1 <0.000499>
[pid 235] 14:57:16.214246 <... SSL_connect resumed> ) = 1 <0.006129>
Handshake duration: 6.25 ms
[pid 235] 14:57:16.215615 +++ exited (status 0) +++
Execution 19 - TLS Mutual
s_connection: verify depth is 1
[pid 237] 14:57:16.243622 openssl->SSL_connect(0xaaaaeb335070, 0xaaaaeb310998, 0xffff9b3340e0, 0 <unfinished ...>
[pid 237] 14:57:16.243959 libssl.so.3->EVP_PKEY_keygen_init(0xaaaaeb33dbf0, 0, 0, 0xaaaaeb33dc60) = 1 <0.000120>
[pid 237] 14:57:16.244137 libssl.so.3->EVP_PKEY_keygen(0xaaaaeb33dbf0, 0xffffc2794710, 0, 0) = 1 <0.000260>
[pid 237] 14:57:16.245650 libssl.so.3->EVP_PKEY_derive_init(0xaaaaeb33dbf0, 0, 0, 0xaaaaeb33dc60) = 1 <0.000153>
[pid 237] 14:57:16.245856 libssl.so.3->EVP_PKEY_derive_set_peer(0xaaaaeb33dbf0, 0xaaaaeb33a7f0, 0, 0xffff9af16980) = 1 <0.000109>
[pid 237] 14:57:16.246003 libssl.so.3->EVP_PKEY_derive(0xaaaaeb33dbf0, 0, 0xffffc27946a0, 0) = 1 <0.000132>
[pid 237] 14:57:16.246183 libssl.so.3->EVP_PKEY_derive(0xaaaaeb33dbf0, 0xaaaaeb33c630, 0xffffc27946a0, 0xaaaaeb33c600) = 1 <0.000202>
[pid 237] 14:57:16.247031 libssl.so.3->X509_verify_cert(0xaaaaeb334f50, 0, 0, 0xffffffff) = 1 <0.000362>
[pid 237] 14:57:16.247585 libssl.so.3->EVP_DigestVerifyInit_ex(0xaaaaeb263750, 0xffffc2794798, 0, 0) = 1 <0.000102>
[pid 237] 14:57:16.247735 libssl.so.3->EVP_DigestVerify(0xaaaaeb263750, 0xaaaaeb33fe68, 2420, 0xffffc27947a0) = 1 <0.000168>
[pid 237] 14:57:16.248126 libssl.so.3->X509_verify_cert(0xaaaaeb334f50, 1, 0, 0) = 1 <0.000201>
[pid 237] 14:57:16.248538 libssl.so.3->EVP_DigestSignInit_ex(0xaaaaeb353e50, 0xffffc2794780, 0, 0) = 1 <0.000145>
[pid 237] 14:57:16.248734 libssl.so.3->EVP_DigestSign(0xaaaaeb353e50, 0, 0xffffc2794790, 0xffffc27947a0) = 1 <0.000101>
[pid 237] 14:57:16.248892 libssl.so.3->EVP_DigestSign(0xaaaaeb353e50, 0xaaaaeb353fe0, 0xffffc2794790, 0xffffc27947a0) = 1 <0.000424>
[pid 237] 14:57:16.249548 <... SSL_connect resumed> ) = 1 <0.005922>
Handshake duration: 6.09 ms
[pid 237] 14:57:16.250857 +++ exited (status 0) +++
Execution 20 - TLS Mutual
s_connection: verify depth is 1
[pid 239] 14:57:16.278454 openssl->SSL_connect(0xaaab1a214070, 0xaaab1a1ef998, 0xffffa17940e0, 0 <unfinished ...>
[pid 239] 14:57:16.278759 libssl.so.3->EVP_PKEY_keygen_init(0xaaab1a21cbf0, 0, 0, 0xaaab1a21cc60) = 1 <0.000125>
[pid 239] 14:57:16.278980 libssl.so.3->EVP_PKEY_keygen(0xaaab1a21cbf0, 0xfffffdf7c920, 0, 0) = 1 <0.000183>
[pid 239] 14:57:16.280409 libssl.so.3->EVP_PKEY_derive_init(0xaaab1a21cbf0, 0, 0, 0xaaab1a21cc60) = 1 <0.000180>
[pid 239] 14:57:16.280640 libssl.so.3->EVP_PKEY_derive_set_peer(0xaaab1a21cbf0, 0xaaab1a2197f0, 0, 0xffffa1316980) = 1 <0.000111>
[pid 239] 14:57:16.280801 libssl.so.3->EVP_PKEY_derive(0xaaab1a21cbf0, 0, 0xfffffdf7c8b0, 0) = 1 <0.000104>
[pid 239] 14:57:16.280953 libssl.so.3->EVP_PKEY_derive(0xaaab1a21cbf0, 0xaaab1a21b630, 0xfffffdf7c8b0, 0xaaab1a21b600) = 1 <0.000133>
[pid 239] 14:57:16.281796 libssl.so.3->X509_verify_cert(0xaaab1a213f50, 0, 0, 0xffffffff) = 1 <0.000351>
[pid 239] 14:57:16.282412 libssl.so.3->EVP_DigestVerifyInit_ex(0xaaab1a142750, 0xfffffdf7c9a8, 0, 0) = 1 <0.000114>
[pid 239] 14:57:16.282588 libssl.so.3->EVP_DigestVerify(0xaaab1a142750, 0xaaab1a21ee68, 2420, 0xfffffdf7c9b0) = 1 <0.000176>
[pid 239] 14:57:16.282965 libssl.so.3->X509_verify_cert(0xaaab1a213f50, 1, 0, 0) = 1 <0.000180>
[pid 239] 14:57:16.283316 libssl.so.3->EVP_DigestSignInit_ex(0xaaab1a232e50, 0xfffffdf7c990, 0, 0) = 1 <0.000119>
[pid 239] 14:57:16.283477 libssl.so.3->EVP_DigestSign(0xaaab1a232e50, 0, 0xfffffdf7c9a0, 0xfffffdf7c9b0) = 1 <0.000112>
[pid 239] 14:57:16.283627 libssl.so.3->EVP_DigestSign(0xaaab1a232e50, 0xaaab1a232fe0, 0xfffffdf7c9a0, 0xfffffdf7c9b0) = 1 <0.000332>
[pid 239] 14:57:16.284248 <... SSL_connect resumed> ) = 1 <0.005761>
Handshake duration: 5.91 ms
[pid 239] 14:57:16.285654 +++ exited (status 0) +++
Execution 21 - TLS Mutual
s_connection: verify depth is 1
[pid 241] 14:57:16.313168 openssl->SSL_connect(0xaaab2410e070, 0xaaab240e9998, 0xffff8c6240e0, 0 <unfinished ...>
[pid 241] 14:57:16.313492 libssl.so.3->EVP_PKEY_keygen_init(0xaaab24116bf0, 0, 0, 0xaaab24116c60) = 1 <0.000120>
[pid 241] 14:57:16.313685 libssl.so.3->EVP_PKEY_keygen(0xaaab24116bf0, 0xffffe76b07d0, 0, 0) = 1 <0.000229>
[pid 241] 14:57:16.315156 libssl.so.3->EVP_PKEY_derive_init(0xaaab24116bf0, 0, 0, 0xaaab24116c60) = 1 <0.000113>
[pid 241] 14:57:16.315332 libssl.so.3->EVP_PKEY_derive_set_peer(0xaaab24116bf0, 0xaaab241137f0, 0, 0xffff8c316980) = 1 <0.000092>
[pid 241] 14:57:16.315485 libssl.so.3->EVP_PKEY_derive(0xaaab24116bf0, 0, 0xffffe76b0760, 0) = 1 <0.000105>
[pid 241] 14:57:16.315698 libssl.so.3->EVP_PKEY_derive(0xaaab24116bf0, 0xaaab24115630, 0xffffe76b0760, 0xaaab24115600) = 1 <0.000138>
[pid 241] 14:57:16.316576 libssl.so.3->X509_verify_cert(0xaaab2410df50, 0, 0, 0xffffffff) = 1 <0.000372>
[pid 241] 14:57:16.317164 libssl.so.3->EVP_DigestVerifyInit_ex(0xaaab2403c750, 0xffffe76b0858, 0, 0) = 1 <0.000173>
[pid 241] 14:57:16.317403 libssl.so.3->EVP_DigestVerify(0xaaab2403c750, 0xaaab24118e68, 2420, 0xffffe76b0860) = 1 <0.000224>
[pid 241] 14:57:16.317845 libssl.so.3->X509_verify_cert(0xaaab2410df50, 1, 0, 0) = 1 <0.000186>
[pid 241] 14:57:16.318223 libssl.so.3->EVP_DigestSignInit_ex(0xaaab2412ce50, 0xffffe76b0840, 0, 0) = 1 <0.000108>
[pid 241] 14:57:16.318409 libssl.so.3->EVP_DigestSign(0xaaab2412ce50, 0, 0xffffe76b0850, 0xffffe76b0860) = 1 <0.000088>
[pid 241] 14:57:16.318545 libssl.so.3->EVP_DigestSign(0xaaab2412ce50, 0xaaab2412cfe0, 0xffffe76b0850, 0xffffe76b0860) = 1 <0.000437>
[pid 241] 14:57:16.319213 <... SSL_connect resumed> ) = 1 <0.006040>
Handshake duration: 6.21 ms
[pid 241] 14:57:16.320537 +++ exited (status 0) +++
Execution 22 - TLS Mutual
s_connection: verify depth is 1
[pid 243] 14:57:16.347996 openssl->SSL_connect(0xaaaad2fa8070, 0xaaaad2f83998, 0xffff9a1a40e0, 0 <unfinished ...>
[pid 243] 14:57:16.348308 libssl.so.3->EVP_PKEY_keygen_init(0xaaaad2fb0bf0, 0, 0, 0xaaaad2fb0c60) = 1 <0.000139>
[pid 243] 14:57:16.348497 libssl.so.3->EVP_PKEY_keygen(0xaaaad2fb0bf0, 0xffffd7588130, 0, 0) = 1 <0.000198>
[pid 243] 14:57:16.349935 libssl.so.3->EVP_PKEY_derive_init(0xaaaad2fb0bf0, 0, 0, 0xaaaad2fb0c60) = 1 <0.000098>
[pid 243] 14:57:16.350106 libssl.so.3->EVP_PKEY_derive_set_peer(0xaaaad2fb0bf0, 0xaaaad2fad7f0, 0, 0xffff99d16980) = 1 <0.000120>
[pid 243] 14:57:16.350273 libssl.so.3->EVP_PKEY_derive(0xaaaad2fb0bf0, 0, 0xffffd75880c0, 0) = 1 <0.000210>
[pid 243] 14:57:16.350586 libssl.so.3->EVP_PKEY_derive(0xaaaad2fb0bf0, 0xaaaad2faf630, 0xffffd75880c0, 0xaaaad2faf600) = 1 <0.000128>
[pid 243] 14:57:16.351409 libssl.so.3->X509_verify_cert(0xaaaad2fa7f50, 0, 0, 0xffffffff) = 1 <0.000381>
[pid 243] 14:57:16.352034 libssl.so.3->EVP_DigestVerifyInit_ex(0xaaaad2ed6750, 0xffffd75881b8, 0, 0) = 1 <0.000127>
[pid 243] 14:57:16.352283 libssl.so.3->EVP_DigestVerify(0xaaaad2ed6750, 0xaaaad2fb2e68, 2420, 0xffffd75881c0) = 1 <0.000221>
[pid 243] 14:57:16.352716 libssl.so.3->X509_verify_cert(0xaaaad2fa7f50, 1, 0, 0) = 1 <0.000213>
[pid 243] 14:57:16.353162 libssl.so.3->EVP_DigestSignInit_ex(0xaaaad2fc6e50, 0xffffd75881a0, 0, 0) = 1 <0.000154>
[pid 243] 14:57:16.353372 libssl.so.3->EVP_DigestSign(0xaaaad2fc6e50, 0, 0xffffd75881b0, 0xffffd75881c0) = 1 <0.000107>
[pid 243] 14:57:16.353554 libssl.so.3->EVP_DigestSign(0xaaaad2fc6e50, 0xaaaad2fc6fe0, 0xffffd75881b0, 0xffffd75881c0) = 1 <0.000470>
[pid 243] 14:57:16.354245 <... SSL_connect resumed> ) = 1 <0.006243>
Handshake duration: 6.38 ms
[pid 243] 14:57:16.355601 +++ exited (status 0) +++
Execution 23 - TLS Mutual
s_connection: verify depth is 1
[pid 245] 14:57:16.383409 openssl->SSL_connect(0xaaaaf4645070, 0xaaaaf4620998, 0xffff880340e0, 0 <unfinished ...>
[pid 245] 14:57:16.383719 libssl.so.3->EVP_PKEY_keygen_init(0xaaaaf464dbf0, 0, 0, 0xaaaaf464dc60) = 1 <0.000138>
[pid 245] 14:57:16.383921 libssl.so.3->EVP_PKEY_keygen(0xaaaaf464dbf0, 0xffffc71b4f70, 0, 0) = 1 <0.000224>
[pid 245] 14:57:16.385400 libssl.so.3->EVP_PKEY_derive_init(0xaaaaf464dbf0, 0, 0, 0xaaaaf464dc60) = 1 <0.000129>
[pid 245] 14:57:16.385577 libssl.so.3->EVP_PKEY_derive_set_peer(0xaaaaf464dbf0, 0xaaaaf464a7f0, 0, 0xffff87d16980) = 1 <0.000115>
[pid 245] 14:57:16.385779 libssl.so.3->EVP_PKEY_derive(0xaaaaf464dbf0, 0, 0xffffc71b4f00, 0) = 1 <0.000172>
[pid 245] 14:57:16.386003 libssl.so.3->EVP_PKEY_derive(0xaaaaf464dbf0, 0xaaaaf464c630, 0xffffc71b4f00, 0xaaaaf464c600) = 1 <0.000169>
[pid 245] 14:57:16.386872 libssl.so.3->X509_verify_cert(0xaaaaf4644f50, 0, 0, 0xffffffff) = 1 <0.000400>
[pid 245] 14:57:16.387496 libssl.so.3->EVP_DigestVerifyInit_ex(0xaaaaf4573750, 0xffffc71b4ff8, 0, 0) = 1 <0.000116>
[pid 245] 14:57:16.387674 libssl.so.3->EVP_DigestVerify(0xaaaaf4573750, 0xaaaaf464fe68, 2420, 0xffffc71b5000) = 1 <0.000192>
[pid 245] 14:57:16.388098 libssl.so.3->X509_verify_cert(0xaaaaf4644f50, 1, 0, 0) = 1 <0.000200>
[pid 245] 14:57:16.388477 libssl.so.3->EVP_DigestSignInit_ex(0xaaaaf4663e50, 0xffffc71b4fe0, 0, 0) = 1 <0.000108>
[pid 245] 14:57:16.388640 libssl.so.3->EVP_DigestSign(0xaaaaf4663e50, 0, 0xffffc71b4ff0, 0xffffc71b5000) = 1 <0.000155>
[pid 245] 14:57:16.388846 libssl.so.3->EVP_DigestSign(0xaaaaf4663e50, 0xaaaaf4663fe0, 0xffffc71b4ff0, 0xffffc71b5000) = 1 <0.000337>
[pid 245] 14:57:16.389414 <... SSL_connect resumed> ) = 1 <0.006001>
Handshake duration: 6.20 ms
[pid 245] 14:57:16.390775 +++ exited (status 0) +++
Execution 24 - TLS Mutual
s_connection: verify depth is 1
[pid 247] 14:57:16.418566 openssl->SSL_connect(0xaaaacfe9a070, 0xaaaacfe75998, 0xffff9c7340e0, 0 <unfinished ...>
[pid 247] 14:57:16.418900 libssl.so.3->EVP_PKEY_keygen_init(0xaaaacfea2bf0, 0, 0, 0xaaaacfea2c60) = 1 <0.000140>
[pid 247] 14:57:16.419082 libssl.so.3->EVP_PKEY_keygen(0xaaaacfea2bf0, 0xffffc2ecd750, 0, 0) = 1 <0.000194>
[pid 247] 14:57:16.420542 libssl.so.3->EVP_PKEY_derive_init(0xaaaacfea2bf0, 0, 0, 0xaaaacfea2c60) = 1 <0.000108>
[pid 247] 14:57:16.420724 libssl.so.3->EVP_PKEY_derive_set_peer(0xaaaacfea2bf0, 0xaaaacfe9f7f0, 0, 0xffff9c316980) = 1 <0.000121>
[pid 247] 14:57:16.420897 libssl.so.3->EVP_PKEY_derive(0xaaaacfea2bf0, 0, 0xffffc2ecd6e0, 0) = 1 <0.000121>
[pid 247] 14:57:16.421064 libssl.so.3->EVP_PKEY_derive(0xaaaacfea2bf0, 0xaaaacfea1630, 0xffffc2ecd6e0, 0xaaaacfea1600) = 1 <0.000121>
[pid 247] 14:57:16.421906 libssl.so.3->X509_verify_cert(0xaaaacfe99f50, 0, 0, 0xffffffff) = 1 <0.000357>
[pid 247] 14:57:16.422471 libssl.so.3->EVP_DigestVerifyInit_ex(0xaaaacfdc8750, 0xffffc2ecd7d8, 0, 0) = 1 <0.000129>
[pid 247] 14:57:16.422660 libssl.so.3->EVP_DigestVerify(0xaaaacfdc8750, 0xaaaacfea4e68, 2420, 0xffffc2ecd7e0) = 1 <0.000225>
[pid 247] 14:57:16.423091 libssl.so.3->X509_verify_cert(0xaaaacfe99f50, 1, 0, 0) = 1 <0.000212>
[pid 247] 14:57:16.423469 libssl.so.3->EVP_DigestSignInit_ex(0xaaaacfeb8e50, 0xffffc2ecd7c0, 0, 0) = 1 <0.000127>
[pid 247] 14:57:16.423636 libssl.so.3->EVP_DigestSign(0xaaaacfeb8e50, 0, 0xffffc2ecd7d0, 0xffffc2ecd7e0) = 1 <0.000099>
[pid 247] 14:57:16.423833 libssl.so.3->EVP_DigestSign(0xaaaacfeb8e50, 0xaaaacfeb8fe0, 0xffffc2ecd7d0, 0xffffc2ecd7e0) = 1 <0.000375>
[pid 247] 14:57:16.424455 <... SSL_connect resumed> ) = 1 <0.005885>
Handshake duration: 6.03 ms
[pid 247] 14:57:16.425799 +++ exited (status 0) +++
Execution 25 - TLS Mutual
s_connection: verify depth is 1
[pid 249] 14:57:16.453457 openssl->SSL_connect(0xaaab190cd070, 0xaaab190a8998, 0xffffbe9e40e0, 0 <unfinished ...>
[pid 249] 14:57:16.453747 libssl.so.3->EVP_PKEY_keygen_init(0xaaab190d5bf0, 0, 0, 0xaaab190d5c60) = 1 <0.000112>
[pid 249] 14:57:16.453925 libssl.so.3->EVP_PKEY_keygen(0xaaab190d5bf0, 0xffffd49a9280, 0, 0) = 1 <0.000225>
[pid 249] 14:57:16.455367 libssl.so.3->EVP_PKEY_derive_init(0xaaab190d5bf0, 0, 0, 0xaaab190d5c60) = 1 <0.000117>
[pid 249] 14:57:16.455529 libssl.so.3->EVP_PKEY_derive_set_peer(0xaaab190d5bf0, 0xaaab190d27f0, 0, 0xffffbe716980) = 1 <0.000102>
[pid 249] 14:57:16.455690 libssl.so.3->EVP_PKEY_derive(0xaaab190d5bf0, 0, 0xffffd49a9210, 0) = 1 <0.000171>
[pid 249] 14:57:16.455907 libssl.so.3->EVP_PKEY_derive(0xaaab190d5bf0, 0xaaab190d4630, 0xffffd49a9210, 0xaaab190d4600) = 1 <0.000196>
[pid 249] 14:57:16.456830 libssl.so.3->X509_verify_cert(0xaaab190ccf50, 0, 0, 0xffffffff) = 1 <0.000358>
[pid 249] 14:57:16.457392 libssl.so.3->EVP_DigestVerifyInit_ex(0xaaab18ffb750, 0xffffd49a9308, 0, 0) = 1 <0.000121>
[pid 249] 14:57:16.457581 libssl.so.3->EVP_DigestVerify(0xaaab18ffb750, 0xaaab190d7e68, 2420, 0xffffd49a9310) = 1 <0.000160>
[pid 249] 14:57:16.457975 libssl.so.3->X509_verify_cert(0xaaab190ccf50, 1, 0, 0) = 1 <0.000213>
[pid 249] 14:57:16.458388 libssl.so.3->EVP_DigestSignInit_ex(0xaaab190ebe50, 0xffffd49a92f0, 0, 0) = 1 <0.000102>
[pid 249] 14:57:16.458530 libssl.so.3->EVP_DigestSign(0xaaab190ebe50, 0, 0xffffd49a9300, 0xffffd49a9310) = 1 <0.000099>
[pid 249] 14:57:16.458693 libssl.so.3->EVP_DigestSign(0xaaab190ebe50, 0xaaab190ebfe0, 0xffffd49a9300, 0xffffd49a9310) = 1 <0.000472>
[pid 249] 14:57:16.459498 <... SSL_connect resumed> ) = 1 <0.006037>
Handshake duration: 6.20 ms
[pid 249] 14:57:16.460841 +++ exited (status 0) +++
Execution 26 - TLS Mutual
s_connection: verify depth is 1
[pid 251] 14:57:16.488517 openssl->SSL_connect(0xaaaac7508070, 0xaaaac74e3998, 0xffffb56340e0, 0 <unfinished ...>
[pid 251] 14:57:16.488816 libssl.so.3->EVP_PKEY_keygen_init(0xaaaac7510bf0, 0, 0, 0xaaaac7510c60) = 1 <0.000143>
[pid 251] 14:57:16.489041 libssl.so.3->EVP_PKEY_keygen(0xaaaac7510bf0, 0xffffd507ffa0, 0, 0) = 1 <0.000423>
[pid 251] 14:57:16.490654 libssl.so.3->EVP_PKEY_derive_init(0xaaaac7510bf0, 0, 0, 0xaaaac7510c60) = 1 <0.000124>
[pid 251] 14:57:16.490842 libssl.so.3->EVP_PKEY_derive_set_peer(0xaaaac7510bf0, 0xaaaac750d7f0, 0, 0xffffb5316980) = 1 <0.000125>
[pid 251] 14:57:16.491009 libssl.so.3->EVP_PKEY_derive(0xaaaac7510bf0, 0, 0xffffd507ff30, 0) = 1 <0.000119>
[pid 251] 14:57:16.491181 libssl.so.3->EVP_PKEY_derive(0xaaaac7510bf0, 0xaaaac750f630, 0xffffd507ff30, 0xaaaac750f600) = 1 <0.000170>
[pid 251] 14:57:16.492012 libssl.so.3->X509_verify_cert(0xaaaac7507f50, 0, 0, 0xffffffff) = 1 <0.000335>
[pid 251] 14:57:16.492583 libssl.so.3->EVP_DigestVerifyInit_ex(0xaaaac7436750, 0xffffd5080028, 0, 0) = 1 <0.000112>
[pid 251] 14:57:16.492759 libssl.so.3->EVP_DigestVerify(0xaaaac7436750, 0xaaaac7512e68, 2420, 0xffffd5080030) = 1 <0.000193>
[pid 251] 14:57:16.493193 libssl.so.3->X509_verify_cert(0xaaaac7507f50, 1, 0, 0) = 1 <0.000262>
[pid 251] 14:57:16.493648 libssl.so.3->EVP_DigestSignInit_ex(0xaaaac7526e50, 0xffffd5080010, 0, 0) = 1 <0.000103>
[pid 251] 14:57:16.493808 libssl.so.3->EVP_DigestSign(0xaaaac7526e50, 0, 0xffffd5080020, 0xffffd5080030) = 1 <0.000108>
[pid 251] 14:57:16.493991 libssl.so.3->EVP_DigestSign(0xaaaac7526e50, 0xaaaac7526fe0, 0xffffd5080020, 0xffffd5080030) = 1 <0.000586>
[pid 251] 14:57:16.494848 <... SSL_connect resumed> ) = 1 <0.006325>
Handshake duration: 6.48 ms
[pid 251] 14:57:16.496212 +++ exited (status 0) +++
Execution 27 - TLS Mutual
s_connection: verify depth is 1
[pid 253] 14:57:16.523779 openssl->SSL_connect(0xaaaaea9d3070, 0xaaaaea9ae998, 0xffff93bd40e0, 0 <unfinished ...>
[pid 253] 14:57:16.524072 libssl.so.3->EVP_PKEY_keygen_init(0xaaaaea9dbbf0, 0, 0, 0xaaaaea9dbc60) = 1 <0.000112>
[pid 253] 14:57:16.524308 libssl.so.3->EVP_PKEY_keygen(0xaaaaea9dbbf0, 0xffffd029df30, 0, 0) = 1 <0.000212>
[pid 253] 14:57:16.525722 libssl.so.3->EVP_PKEY_derive_init(0xaaaaea9dbbf0, 0, 0, 0xaaaaea9dbc60) = 1 <0.000141>
[pid 253] 14:57:16.525925 libssl.so.3->EVP_PKEY_derive_set_peer(0xaaaaea9dbbf0, 0xaaaaea9d87f0, 0, 0xffff93716980) = 1 <0.000195>
[pid 253] 14:57:16.526179 libssl.so.3->EVP_PKEY_derive(0xaaaaea9dbbf0, 0, 0xffffd029dec0, 0) = 1 <0.000184>
[pid 253] 14:57:16.526416 libssl.so.3->EVP_PKEY_derive(0xaaaaea9dbbf0, 0xaaaaea9da630, 0xffffd029dec0, 0xaaaaea9da600) = 1 <0.000166>
[pid 253] 14:57:16.527273 libssl.so.3->X509_verify_cert(0xaaaaea9d2f50, 0, 0, 0xffffffff) = 1 <0.000352>
[pid 253] 14:57:16.527836 libssl.so.3->EVP_DigestVerifyInit_ex(0xaaaaea901750, 0xffffd029dfb8, 0, 0) = 1 <0.000112>
[pid 253] 14:57:16.528002 libssl.so.3->EVP_DigestVerify(0xaaaaea901750, 0xaaaaea9dde68, 2420, 0xffffd029dfc0) = 1 <0.000188>
[pid 253] 14:57:16.528448 libssl.so.3->X509_verify_cert(0xaaaaea9d2f50, 1, 0, 0) = 1 <0.000209>
[pid 253] 14:57:16.528824 libssl.so.3->EVP_DigestSignInit_ex(0xaaaaea9f1e50, 0xffffd029dfa0, 0, 0) = 1 <0.000111>
[pid 253] 14:57:16.528989 libssl.so.3->EVP_DigestSign(0xaaaaea9f1e50, 0, 0xffffd029dfb0, 0xffffd029dfc0) = 1 <0.000103>
[pid 253] 14:57:16.529172 libssl.so.3->EVP_DigestSign(0xaaaaea9f1e50, 0xaaaaea9f1fe0, 0xffffd029dfb0, 0xffffd029dfc0) = 1 <0.000331>
[pid 253] 14:57:16.529756 <... SSL_connect resumed> ) = 1 <0.005975>
Handshake duration: 6.14 ms
[pid 253] 14:57:16.531093 +++ exited (status 0) +++
Execution 28 - TLS Mutual
s_connection: verify depth is 1
[pid 255] 14:57:16.558741 openssl->SSL_connect(0xaaaaf9ce4070, 0xaaaaf9cbf998, 0xffff951e40e0, 0 <unfinished ...>
[pid 255] 14:57:16.559092 libssl.so.3->EVP_PKEY_keygen_init(0xaaaaf9cecbf0, 0, 0, 0xaaaaf9cecc60) = 1 <0.000112>
[pid 255] 14:57:16.559291 libssl.so.3->EVP_PKEY_keygen(0xaaaaf9cecbf0, 0xfffff734cfe0, 0, 0) = 1 <0.000188>
[pid 255] 14:57:16.560704 libssl.so.3->EVP_PKEY_derive_init(0xaaaaf9cecbf0, 0, 0, 0xaaaaf9cecc60) = 1 <0.000127>
[pid 255] 14:57:16.560901 libssl.so.3->EVP_PKEY_derive_set_peer(0xaaaaf9cecbf0, 0xaaaaf9ce97f0, 0, 0xffff94f16980) = 1 <0.000181>
[pid 255] 14:57:16.561129 libssl.so.3->EVP_PKEY_derive(0xaaaaf9cecbf0, 0, 0xfffff734cf70, 0) = 1 <0.000183>
[pid 255] 14:57:16.561365 libssl.so.3->EVP_PKEY_derive(0xaaaaf9cecbf0, 0xaaaaf9ceb630, 0xfffff734cf70, 0xaaaaf9ceb600) = 1 <0.000129>
[pid 255] 14:57:16.562148 libssl.so.3->X509_verify_cert(0xaaaaf9ce3f50, 0, 0, 0xffffffff) = 1 <0.000357>
[pid 255] 14:57:16.562744 libssl.so.3->EVP_DigestVerifyInit_ex(0xaaaaf9c12750, 0xfffff734d068, 0, 0) = 1 <0.000099>
[pid 255] 14:57:16.562897 libssl.so.3->EVP_DigestVerify(0xaaaaf9c12750, 0xaaaaf9ceee68, 2420, 0xfffff734d070) = 1 <0.000221>
[pid 255] 14:57:16.563337 libssl.so.3->X509_verify_cert(0xaaaaf9ce3f50, 1, 0, 0) = 1 <0.000284>
[pid 255] 14:57:16.563810 libssl.so.3->EVP_DigestSignInit_ex(0xaaaaf9d02e50, 0xfffff734d050, 0, 0) = 1 <0.000117>
[pid 255] 14:57:16.563976 libssl.so.3->EVP_DigestSign(0xaaaaf9d02e50, 0, 0xfffff734d060, 0xfffff734d070) = 1 <0.000081>
[pid 255] 14:57:16.564108 libssl.so.3->EVP_DigestSign(0xaaaaf9d02e50, 0xaaaaf9d02fe0, 0xfffff734d060, 0xfffff734d070) = 1 <0.000370>
[pid 255] 14:57:16.564775 <... SSL_connect resumed> ) = 1 <0.006025>
Handshake duration: 6.17 ms
[pid 255] 14:57:16.566078 +++ exited (status 0) +++
Execution 29 - TLS Mutual
s_connection: verify depth is 1
[pid 257] 14:57:16.593670 openssl->SSL_connect(0xaaab0a6ef070, 0xaaab0a6ca998, 0xffffad2640e0, 0 <unfinished ...>
[pid 257] 14:57:16.593988 libssl.so.3->EVP_PKEY_keygen_init(0xaaab0a6f7bf0, 0, 0, 0xaaab0a6f7c60) = 1 <0.000107>
[pid 257] 14:57:16.594141 libssl.so.3->EVP_PKEY_keygen(0xaaab0a6f7bf0, 0xffffef721320, 0, 0) = 1 <0.000250>
[pid 257] 14:57:16.595547 libssl.so.3->EVP_PKEY_derive_init(0xaaab0a6f7bf0, 0, 0, 0xaaab0a6f7c60) = 1 <0.000139>
[pid 257] 14:57:16.595735 libssl.so.3->EVP_PKEY_derive_set_peer(0xaaab0a6f7bf0, 0xaaab0a6f47f0, 0, 0xffffacf16980) = 1 <0.000152>
[pid 257] 14:57:16.595949 libssl.so.3->EVP_PKEY_derive(0xaaab0a6f7bf0, 0, 0xffffef7212b0, 0) = 1 <0.000172>
[pid 257] 14:57:16.596240 libssl.so.3->EVP_PKEY_derive(0xaaab0a6f7bf0, 0xaaab0a6f6630, 0xffffef7212b0, 0xaaab0a6f6600) = 1 <0.000196>
[pid 257] 14:57:16.597050 libssl.so.3->X509_verify_cert(0xaaab0a6eef50, 0, 0, 0xffffffff) = 1 <0.000360>
[pid 257] 14:57:16.597652 libssl.so.3->EVP_DigestVerifyInit_ex(0xaaab0a61d750, 0xffffef7213a8, 0, 0) = 1 <0.000100>
[pid 257] 14:57:16.597810 libssl.so.3->EVP_DigestVerify(0xaaab0a61d750, 0xaaab0a6f9e68, 2420, 0xffffef7213b0) = 1 <0.000224>
[pid 257] 14:57:16.598253 libssl.so.3->X509_verify_cert(0xaaab0a6eef50, 1, 0, 0) = 1 <0.000179>
[pid 257] 14:57:16.598592 libssl.so.3->EVP_DigestSignInit_ex(0xaaab0a70de50, 0xffffef721390, 0, 0) = 1 <0.000137>
[pid 257] 14:57:16.598792 libssl.so.3->EVP_DigestSign(0xaaab0a70de50, 0, 0xffffef7213a0, 0xffffef7213b0) = 1 <0.000189>
[pid 257] 14:57:16.599036 libssl.so.3->EVP_DigestSign(0xaaab0a70de50, 0xaaab0a70dfe0, 0xffffef7213a0, 0xffffef7213b0) = 1 <0.000352>
[pid 257] 14:57:16.599660 <... SSL_connect resumed> ) = 1 <0.005984>
Handshake duration: 6.13 ms
[pid 257] 14:57:16.601013 +++ exited (status 0) +++
Execution 30 - TLS Mutual
s_connection: verify depth is 1
[pid 259] 14:57:16.629078 openssl->SSL_connect(0xaaaad30d5070, 0xaaaad30b0998, 0xffff946240e0, 0 <unfinished ...>
[pid 259] 14:57:16.629454 libssl.so.3->EVP_PKEY_keygen_init(0xaaaad30ddbf0, 0, 0, 0xaaaad30ddc60) = 1 <0.000102>
[pid 259] 14:57:16.629638 libssl.so.3->EVP_PKEY_keygen(0xaaaad30ddbf0, 0xffffe23edd90, 0, 0) = 1 <0.000274>
[pid 259] 14:57:16.631149 libssl.so.3->EVP_PKEY_derive_init(0xaaaad30ddbf0, 0, 0, 0xaaaad30ddc60) = 1 <0.000111>
[pid 259] 14:57:16.631351 libssl.so.3->EVP_PKEY_derive_set_peer(0xaaaad30ddbf0, 0xaaaad30da7f0, 0, 0xffff94316980) = 1 <0.000167>
[pid 259] 14:57:16.631553 libssl.so.3->EVP_PKEY_derive(0xaaaad30ddbf0, 0, 0xffffe23edd20, 0) = 1 <0.000113>
[pid 259] 14:57:16.631720 libssl.so.3->EVP_PKEY_derive(0xaaaad30ddbf0, 0xaaaad30dc630, 0xffffe23edd20, 0xaaaad30dc600) = 1 <0.000147>
[pid 259] 14:57:16.632594 libssl.so.3->X509_verify_cert(0xaaaad30d4f50, 0, 0, 0xffffffff) = 1 <0.000360>
[pid 259] 14:57:16.633177 libssl.so.3->EVP_DigestVerifyInit_ex(0xaaaad3003750, 0xffffe23ede18, 0, 0) = 1 <0.000099>
[pid 259] 14:57:16.633357 libssl.so.3->EVP_DigestVerify(0xaaaad3003750, 0xaaaad30dfe68, 2420, 0xffffe23ede20) = 1 <0.000252>
[pid 259] 14:57:16.633815 libssl.so.3->X509_verify_cert(0xaaaad30d4f50, 1, 0, 0) = 1 <0.000197>
[pid 259] 14:57:16.634227 libssl.so.3->EVP_DigestSignInit_ex(0xaaaad30f3e50, 0xffffe23ede00, 0, 0) = 1 <0.000096>
[pid 259] 14:57:16.634368 libssl.so.3->EVP_DigestSign(0xaaaad30f3e50, 0, 0xffffe23ede10, 0xffffe23ede20) = 1 <0.000114>
[pid 259] 14:57:16.634532 libssl.so.3->EVP_DigestSign(0xaaaad30f3e50, 0xaaaad30f3fe0, 0xffffe23ede10, 0xffffe23ede20) = 1 <0.000364>
[pid 259] 14:57:16.635128 <... SSL_connect resumed> ) = 1 <0.006045>
Handshake duration: 6.18 ms
[pid 259] 14:57:16.636554 +++ exited (status 0) +++
Execution 31 - TLS Mutual
s_connection: verify depth is 1
[pid 261] 14:57:16.664675 openssl->SSL_connect(0xaaaae2c9e070, 0xaaaae2c79998, 0xffff9eed40e0, 0 <unfinished ...>
[pid 261] 14:57:16.665047 libssl.so.3->EVP_PKEY_keygen_init(0xaaaae2ca6bf0, 0, 0, 0xaaaae2ca6c60) = 1 <0.000114>
[pid 261] 14:57:16.665255 libssl.so.3->EVP_PKEY_keygen(0xaaaae2ca6bf0, 0xffffdeaa0e10, 0, 0) = 1 <0.000189>
[pid 261] 14:57:16.666660 libssl.so.3->EVP_PKEY_derive_init(0xaaaae2ca6bf0, 0, 0, 0xaaaae2ca6c60) = 1 <0.000109>
[pid 261] 14:57:16.666827 libssl.so.3->EVP_PKEY_derive_set_peer(0xaaaae2ca6bf0, 0xaaaae2ca37f0, 0, 0xffff9eb16980) = 1 <0.000147>
[pid 261] 14:57:16.667043 libssl.so.3->EVP_PKEY_derive(0xaaaae2ca6bf0, 0, 0xffffdeaa0da0, 0) = 1 <0.000206>
[pid 261] 14:57:16.667286 libssl.so.3->EVP_PKEY_derive(0xaaaae2ca6bf0, 0xaaaae2ca5630, 0xffffdeaa0da0, 0xaaaae2ca5600) = 1 <0.000184>
[pid 261] 14:57:16.668143 libssl.so.3->X509_verify_cert(0xaaaae2c9df50, 0, 0, 0xffffffff) = 1 <0.000358>
[pid 261] 14:57:16.668721 libssl.so.3->EVP_DigestVerifyInit_ex(0xaaaae2bcc750, 0xffffdeaa0e98, 0, 0) = 1 <0.000116>
[pid 261] 14:57:16.668878 libssl.so.3->EVP_DigestVerify(0xaaaae2bcc750, 0xaaaae2ca8e68, 2420, 0xffffdeaa0ea0) = 1 <0.000176>
[pid 261] 14:57:16.669269 libssl.so.3->X509_verify_cert(0xaaaae2c9df50, 1, 0, 0) = 1 <0.000190>
[pid 261] 14:57:16.669632 libssl.so.3->EVP_DigestSignInit_ex(0xaaaae2cbce50, 0xffffdeaa0e80, 0, 0) = 1 <0.000126>
[pid 261] 14:57:16.669825 libssl.so.3->EVP_DigestSign(0xaaaae2cbce50, 0, 0xffffdeaa0e90, 0xffffdeaa0ea0) = 1 <0.000197>
[pid 261] 14:57:16.670074 libssl.so.3->EVP_DigestSign(0xaaaae2cbce50, 0xaaaae2cbcfe0, 0xffffdeaa0e90, 0xffffdeaa0ea0) = 1 <0.000855>
[pid 261] 14:57:16.671194 <... SSL_connect resumed> ) = 1 <0.006513>
Handshake duration: 6.66 ms
[pid 261] 14:57:16.672535 +++ exited (status 0) +++
Execution 32 - TLS Mutual
s_connection: verify depth is 1
[pid 263] 14:57:16.700190 openssl->SSL_connect(0xaaaaf286d070, 0xaaaaf2848998, 0xffffa36140e0, 0 <unfinished ...>
[pid 263] 14:57:16.700512 libssl.so.3->EVP_PKEY_keygen_init(0xaaaaf2875bf0, 0, 0, 0xaaaaf2875c60) = 1 <0.000112>
[pid 263] 14:57:16.700670 libssl.so.3->EVP_PKEY_keygen(0xaaaaf2875bf0, 0xfffff4664540, 0, 0) = 1 <0.000216>
[pid 263] 14:57:16.702112 libssl.so.3->EVP_PKEY_derive_init(0xaaaaf2875bf0, 0, 0, 0xaaaaf2875c60) = 1 <0.000146>
[pid 263] 14:57:16.702307 libssl.so.3->EVP_PKEY_derive_set_peer(0xaaaaf2875bf0, 0xaaaaf28727f0, 0, 0xffffa3316980) = 1 <0.000115>
[pid 263] 14:57:16.702487 libssl.so.3->EVP_PKEY_derive(0xaaaaf2875bf0, 0, 0xfffff46644d0, 0) = 1 <0.000105>
[pid 263] 14:57:16.702633 libssl.so.3->EVP_PKEY_derive(0xaaaaf2875bf0, 0xaaaaf2874630, 0xfffff46644d0, 0xaaaaf2874600) = 1 <0.000160>
[pid 263] 14:57:16.703477 libssl.so.3->X509_verify_cert(0xaaaaf286cf50, 0, 0, 0xffffffff) = 1 <0.000366>
[pid 263] 14:57:16.704048 libssl.so.3->EVP_DigestVerifyInit_ex(0xaaaaf279b750, 0xfffff46645c8, 0, 0) = 1 <0.000125>
[pid 263] 14:57:16.704221 libssl.so.3->EVP_DigestVerify(0xaaaaf279b750, 0xaaaaf2877e68, 2420, 0xfffff46645d0) = 1 <0.000240>
[pid 263] 14:57:16.704670 libssl.so.3->X509_verify_cert(0xaaaaf286cf50, 1, 0, 0) = 1 <0.000237>
[pid 263] 14:57:16.705068 libssl.so.3->EVP_DigestSignInit_ex(0xaaaaf288be50, 0xfffff46645b0, 0, 0) = 1 <0.000108>
[pid 263] 14:57:16.705262 libssl.so.3->EVP_DigestSign(0xaaaaf288be50, 0, 0xfffff46645c0, 0xfffff46645d0) = 1 <0.000170>
[pid 263] 14:57:16.705489 libssl.so.3->EVP_DigestSign(0xaaaaf288be50, 0xaaaaf288bfe0, 0xfffff46645c0, 0xfffff46645d0) = 1 <0.000399>
[pid 263] 14:57:16.706125 <... SSL_connect resumed> ) = 1 <0.005931>
Handshake duration: 6.13 ms
[pid 263] 14:57:16.707542 +++ exited (status 0) +++
Execution 33 - TLS Mutual
s_connection: verify depth is 1
[pid 265] 14:57:16.735473 openssl->SSL_connect(0xaaaae8fd9070, 0xaaaae8fb4998, 0xffff9b7840e0, 0 <unfinished ...>
[pid 265] 14:57:16.735784 libssl.so.3->EVP_PKEY_keygen_init(0xaaaae8fe1bf0, 0, 0, 0xaaaae8fe1c60) = 1 <0.000121>
[pid 265] 14:57:16.735971 libssl.so.3->EVP_PKEY_keygen(0xaaaae8fe1bf0, 0xffffe309ae90, 0, 0) = 1 <0.000245>
[pid 265] 14:57:16.737470 libssl.so.3->EVP_PKEY_derive_init(0xaaaae8fe1bf0, 0, 0, 0xaaaae8fe1c60) = 1 <0.000108>
[pid 265] 14:57:16.737632 libssl.so.3->EVP_PKEY_derive_set_peer(0xaaaae8fe1bf0, 0xaaaae8fde7f0, 0, 0xffff9b316980) = 1 <0.000138>
[pid 265] 14:57:16.737816 libssl.so.3->EVP_PKEY_derive(0xaaaae8fe1bf0, 0, 0xffffe309ae20, 0) = 1 <0.000105>
[pid 265] 14:57:16.737965 libssl.so.3->EVP_PKEY_derive(0xaaaae8fe1bf0, 0xaaaae8fe0630, 0xffffe309ae20, 0xaaaae8fe0600) = 1 <0.000152>
[pid 265] 14:57:16.738771 libssl.so.3->X509_verify_cert(0xaaaae8fd8f50, 0, 0, 0xffffffff) = 1 <0.000335>
[pid 265] 14:57:16.739343 libssl.so.3->EVP_DigestVerifyInit_ex(0xaaaae8f07750, 0xffffe309af18, 0, 0) = 1 <0.000121>
[pid 265] 14:57:16.739520 libssl.so.3->EVP_DigestVerify(0xaaaae8f07750, 0xaaaae8fe3e68, 2420, 0xffffe309af20) = 1 <0.000218>
[pid 265] 14:57:16.739958 libssl.so.3->X509_verify_cert(0xaaaae8fd8f50, 1, 0, 0) = 1 <0.000195>
[pid 265] 14:57:16.740330 libssl.so.3->EVP_DigestSignInit_ex(0xaaaae8ff7e50, 0xffffe309af00, 0, 0) = 1 <0.000109>
[pid 265] 14:57:16.740483 libssl.so.3->EVP_DigestSign(0xaaaae8ff7e50, 0, 0xffffe309af10, 0xffffe309af20) = 1 <0.000112>
[pid 265] 14:57:16.740644 libssl.so.3->EVP_DigestSign(0xaaaae8ff7e50, 0xaaaae8ff7fe0, 0xffffe309af10, 0xffffe309af20) = 1 <0.000498>
[pid 265] 14:57:16.741441 <... SSL_connect resumed> ) = 1 <0.005961>
Handshake duration: 6.17 ms
[pid 265] 14:57:16.742780 +++ exited (status 0) +++
Execution 34 - TLS Mutual
s_connection: verify depth is 1
[pid 267] 14:57:16.770085 openssl->SSL_connect(0xaaaade9c9070, 0xaaaade9a4998, 0xffff930840e0, 0 <unfinished ...>
[pid 267] 14:57:16.770395 libssl.so.3->EVP_PKEY_keygen_init(0xaaaade9d1bf0, 0, 0, 0xaaaade9d1c60) = 1 <0.000110>
[pid 267] 14:57:16.770550 libssl.so.3->EVP_PKEY_keygen(0xaaaade9d1bf0, 0xffffcabfa550, 0, 0) = 1 <0.000206>
[pid 267] 14:57:16.771924 libssl.so.3->EVP_PKEY_derive_init(0xaaaade9d1bf0, 0, 0, 0xaaaade9d1c60) = 1 <0.000094>
[pid 267] 14:57:16.772089 libssl.so.3->EVP_PKEY_derive_set_peer(0xaaaade9d1bf0, 0xaaaade9ce7f0, 0, 0xffff92d16980) = 1 <0.000092>
[pid 267] 14:57:16.772299 libssl.so.3->EVP_PKEY_derive(0xaaaade9d1bf0, 0, 0xffffcabfa4e0, 0) = 1 <0.000130>
[pid 267] 14:57:16.772465 libssl.so.3->EVP_PKEY_derive(0xaaaade9d1bf0, 0xaaaade9d0630, 0xffffcabfa4e0, 0xaaaade9d0600) = 1 <0.000192>
[pid 267] 14:57:16.773359 libssl.so.3->X509_verify_cert(0xaaaade9c8f50, 0, 0, 0xffffffff) = 1 <0.000339>
[pid 267] 14:57:16.773920 libssl.so.3->EVP_DigestVerifyInit_ex(0xaaaade8f7750, 0xffffcabfa5d8, 0, 0) = 1 <0.000116>
[pid 267] 14:57:16.774080 libssl.so.3->EVP_DigestVerify(0xaaaade8f7750, 0xaaaade9d3e68, 2420, 0xffffcabfa5e0) = 1 <0.000320>
[pid 267] 14:57:16.774604 libssl.so.3->X509_verify_cert(0xaaaade9c8f50, 1, 0, 0) = 1 <0.000203>
[pid 267] 14:57:16.774970 libssl.so.3->EVP_DigestSignInit_ex(0xaaaade9e7e50, 0xffffcabfa5c0, 0, 0) = 1 <0.000113>
[pid 267] 14:57:16.775133 libssl.so.3->EVP_DigestSign(0xaaaade9e7e50, 0, 0xffffcabfa5d0, 0xffffcabfa5e0) = 1 <0.000102>
[pid 267] 14:57:16.775315 libssl.so.3->EVP_DigestSign(0xaaaade9e7e50, 0xaaaade9e7fe0, 0xffffcabfa5d0, 0xffffcabfa5e0) = 1 <0.000354>
[pid 267] 14:57:16.775881 <... SSL_connect resumed> ) = 1 <0.005792>
Handshake duration: 5.94 ms
[pid 267] 14:57:16.777183 +++ exited (status 0) +++
Execution 35 - TLS Mutual
s_connection: verify depth is 1
[pid 269] 14:57:16.804268 openssl->SSL_connect(0xaaab2005b070, 0xaaab20036998, 0xffff862940e0, 0 <unfinished ...>
[pid 269] 14:57:16.804618 libssl.so.3->EVP_PKEY_keygen_init(0xaaab20063bf0, 0, 0, 0xaaab20063c60) = 1 <0.000121>
[pid 269] 14:57:16.804817 libssl.so.3->EVP_PKEY_keygen(0xaaab20063bf0, 0xffffeacbd650, 0, 0) = 1 <0.000236>
[pid 269] 14:57:16.806232 libssl.so.3->EVP_PKEY_derive_init(0xaaab20063bf0, 0, 0, 0xaaab20063c60) = 1 <0.000093>
[pid 269] 14:57:16.806414 libssl.so.3->EVP_PKEY_derive_set_peer(0xaaab20063bf0, 0xaaab200607f0, 0, 0xffff85f16980) = 1 <0.000128>
[pid 269] 14:57:16.806614 libssl.so.3->EVP_PKEY_derive(0xaaab20063bf0, 0, 0xffffeacbd5e0, 0) = 1 <0.000126>
[pid 269] 14:57:16.806841 libssl.so.3->EVP_PKEY_derive(0xaaab20063bf0, 0xaaab20062630, 0xffffeacbd5e0, 0xaaab20062600) = 1 <0.000149>
[pid 269] 14:57:16.807653 libssl.so.3->X509_verify_cert(0xaaab2005af50, 0, 0, 0xffffffff) = 1 <0.000411>
[pid 269] 14:57:16.808282 libssl.so.3->EVP_DigestVerifyInit_ex(0xaaab1ff89750, 0xffffeacbd6d8, 0, 0) = 1 <0.000125>
[pid 269] 14:57:16.808473 libssl.so.3->EVP_DigestVerify(0xaaab1ff89750, 0xaaab20065e68, 2420, 0xffffeacbd6e0) = 1 <0.000229>
[pid 269] 14:57:16.808914 libssl.so.3->X509_verify_cert(0xaaab2005af50, 1, 0, 0) = 1 <0.000214>
[pid 269] 14:57:16.809324 libssl.so.3->EVP_DigestSignInit_ex(0xaaab20079e50, 0xffffeacbd6c0, 0, 0) = 1 <0.000141>
[pid 269] 14:57:16.809505 libssl.so.3->EVP_DigestSign(0xaaab20079e50, 0, 0xffffeacbd6d0, 0xffffeacbd6e0) = 1 <0.000114>
[pid 269] 14:57:16.809688 libssl.so.3->EVP_DigestSign(0xaaab20079e50, 0xaaab20079fe0, 0xffffeacbd6d0, 0xffffeacbd6e0) = 1 <0.000372>
[pid 269] 14:57:16.810324 <... SSL_connect resumed> ) = 1 <0.006023>
Handshake duration: 6.31 ms
[pid 269] 14:57:16.811804 +++ exited (status 0) +++
Execution 36 - TLS Mutual
s_connection: verify depth is 1
[pid 271] 14:57:16.839420 openssl->SSL_connect(0xaaaaaf649070, 0xaaaaaf624998, 0xffff8e6340e0, 0 <unfinished ...>
[pid 271] 14:57:16.839794 libssl.so.3->EVP_PKEY_keygen_init(0xaaaaaf651bf0, 0, 0, 0xaaaaaf651c60) = 1 <0.000105>
[pid 271] 14:57:16.839972 libssl.so.3->EVP_PKEY_keygen(0xaaaaaf651bf0, 0xffffd0d491e0, 0, 0) = 1 <0.000199>
[pid 271] 14:57:16.841376 libssl.so.3->EVP_PKEY_derive_init(0xaaaaaf651bf0, 0, 0, 0xaaaaaf651c60) = 1 <0.000115>
[pid 271] 14:57:16.841581 libssl.so.3->EVP_PKEY_derive_set_peer(0xaaaaaf651bf0, 0xaaaaaf64e7f0, 0, 0xffff8e316980) = 1 <0.000130>
[pid 271] 14:57:16.841758 libssl.so.3->EVP_PKEY_derive(0xaaaaaf651bf0, 0, 0xffffd0d49170, 0) = 1 <0.000114>
[pid 271] 14:57:16.841926 libssl.so.3->EVP_PKEY_derive(0xaaaaaf651bf0, 0xaaaaaf650630, 0xffffd0d49170, 0xaaaaaf650600) = 1 <0.000141>
[pid 271] 14:57:16.842702 libssl.so.3->X509_verify_cert(0xaaaaaf648f50, 0, 0, 0xffffffff) = 1 <0.000360>
[pid 271] 14:57:16.843270 libssl.so.3->EVP_DigestVerifyInit_ex(0xaaaaaf577750, 0xffffd0d49268, 0, 0) = 1 <0.000137>
[pid 271] 14:57:16.843459 libssl.so.3->EVP_DigestVerify(0xaaaaaf577750, 0xaaaaaf653e68, 2420, 0xffffd0d49270) = 1 <0.000186>
[pid 271] 14:57:16.843850 libssl.so.3->X509_verify_cert(0xaaaaaf648f50, 1, 0, 0) = 1 <0.000214>
[pid 271] 14:57:16.844263 libssl.so.3->EVP_DigestSignInit_ex(0xaaaaaf667e50, 0xffffd0d49250, 0, 0) = 1 <0.000125>
[pid 271] 14:57:16.844438 libssl.so.3->EVP_DigestSign(0xaaaaaf667e50, 0, 0xffffd0d49260, 0xffffd0d49270) = 1 <0.000171>
[pid 271] 14:57:16.844662 libssl.so.3->EVP_DigestSign(0xaaaaaf667e50, 0xaaaaaf667fe0, 0xffffd0d49260, 0xffffd0d49270) = 1 <0.000415>
[pid 271] 14:57:16.845358 <... SSL_connect resumed> ) = 1 <0.005933>
Handshake duration: 6.05 ms
[pid 271] 14:57:16.846674 +++ exited (status 0) +++
Execution 37 - TLS Mutual
s_connection: verify depth is 1
[pid 273] 14:57:16.875185 openssl->SSL_connect(0xaaaab2811070, 0xaaaab27ec998, 0xffffa4e440e0, 0 <unfinished ...>
[pid 273] 14:57:16.875518 libssl.so.3->EVP_PKEY_keygen_init(0xaaaab2819bf0, 0, 0, 0xaaaab2819c60) = 1 <0.000114>
[pid 273] 14:57:16.875714 libssl.so.3->EVP_PKEY_keygen(0xaaaab2819bf0, 0xffffca195cf0, 0, 0) = 1 <0.000206>
[pid 273] 14:57:16.877091 libssl.so.3->EVP_PKEY_derive_init(0xaaaab2819bf0, 0, 0, 0xaaaab2819c60) = 1 <0.000196>
[pid 273] 14:57:16.877340 libssl.so.3->EVP_PKEY_derive_set_peer(0xaaaab2819bf0, 0xaaaab28167f0, 0, 0xffffa4b16980) = 1 <0.000127>
[pid 273] 14:57:16.877584 libssl.so.3->EVP_PKEY_derive(0xaaaab2819bf0, 0, 0xffffca195c80, 0) = 1 <0.000144>
[pid 273] 14:57:16.877779 libssl.so.3->EVP_PKEY_derive(0xaaaab2819bf0, 0xaaaab2818630, 0xffffca195c80, 0xaaaab2818600) = 1 <0.000119>
[pid 273] 14:57:16.878643 libssl.so.3->X509_verify_cert(0xaaaab2810f50, 0, 0, 0xffffffff) = 1 <0.000363>
[pid 273] 14:57:16.879228 libssl.so.3->EVP_DigestVerifyInit_ex(0xaaaab273f750, 0xffffca195d78, 0, 0) = 1 <0.000097>
[pid 273] 14:57:16.879378 libssl.so.3->EVP_DigestVerify(0xaaaab273f750, 0xaaaab281be68, 2420, 0xffffca195d80) = 1 <0.000186>
[pid 273] 14:57:16.879785 libssl.so.3->X509_verify_cert(0xaaaab2810f50, 1, 0, 0) = 1 <0.000198>
[pid 273] 14:57:16.880140 libssl.so.3->EVP_DigestSignInit_ex(0xaaaab282fe50, 0xffffca195d60, 0, 0) = 1 <0.000110>
[pid 273] 14:57:16.880294 libssl.so.3->EVP_DigestSign(0xaaaab282fe50, 0, 0xffffca195d70, 0xffffca195d80) = 1 <0.000098>
[pid 273] 14:57:16.880432 libssl.so.3->EVP_DigestSign(0xaaaab282fe50, 0xaaaab282ffe0, 0xffffca195d70, 0xffffca195d80) = 1 <0.000274>
[pid 273] 14:57:16.880949 <... SSL_connect resumed> ) = 1 <0.005759>
Handshake duration: 5.96 ms
[pid 273] 14:57:16.882328 +++ exited (status 0) +++
Execution 38 - TLS Mutual
s_connection: verify depth is 1
[pid 275] 14:57:16.910181 openssl->SSL_connect(0xaaab0838c070, 0xaaab08367998, 0xffffad6c40e0, 0 <unfinished ...>
[pid 275] 14:57:16.910536 libssl.so.3->EVP_PKEY_keygen_init(0xaaab08394bf0, 0, 0, 0xaaab08394c60) = 1 <0.000121>
[pid 275] 14:57:16.910708 libssl.so.3->EVP_PKEY_keygen(0xaaab08394bf0, 0xfffffc4c0d00, 0, 0) = 1 <0.000204>
[pid 275] 14:57:16.912200 libssl.so.3->EVP_PKEY_derive_init(0xaaab08394bf0, 0, 0, 0xaaab08394c60) = 1 <0.000109>
[pid 275] 14:57:16.912374 libssl.so.3->EVP_PKEY_derive_set_peer(0xaaab08394bf0, 0xaaab083917f0, 0, 0xffffad316980) = 1 <0.000143>
[pid 275] 14:57:16.912583 libssl.so.3->EVP_PKEY_derive(0xaaab08394bf0, 0, 0xfffffc4c0c90, 0) = 1 <0.000130>
[pid 275] 14:57:16.912768 libssl.so.3->EVP_PKEY_derive(0xaaab08394bf0, 0xaaab08393630, 0xfffffc4c0c90, 0xaaab08393600) = 1 <0.000149>
[pid 275] 14:57:16.913612 libssl.so.3->X509_verify_cert(0xaaab0838bf50, 0, 0, 0xffffffff) = 1 <0.000350>
[pid 275] 14:57:16.914190 libssl.so.3->EVP_DigestVerifyInit_ex(0xaaab082ba750, 0xfffffc4c0d88, 0, 0) = 1 <0.000120>
[pid 275] 14:57:16.914363 libssl.so.3->EVP_DigestVerify(0xaaab082ba750, 0xaaab08396e68, 2420, 0xfffffc4c0d90) = 1 <0.000165>
[pid 275] 14:57:16.914753 libssl.so.3->X509_verify_cert(0xaaab0838bf50, 1, 0, 0) = 1 <0.000184>
[pid 275] 14:57:16.915106 libssl.so.3->EVP_DigestSignInit_ex(0xaaab083aae50, 0xfffffc4c0d70, 0, 0) = 1 <0.000105>
[pid 275] 14:57:16.915333 libssl.so.3->EVP_DigestSign(0xaaab083aae50, 0, 0xfffffc4c0d80, 0xfffffc4c0d90) = 1 <0.000088>
[pid 275] 14:57:16.915472 libssl.so.3->EVP_DigestSign(0xaaab083aae50, 0xaaab083aafe0, 0xfffffc4c0d80, 0xfffffc4c0d90) = 1 <0.000304>
[pid 275] 14:57:16.916028 <... SSL_connect resumed> ) = 1 <0.005842>
Handshake duration: 5.98 ms
[pid 275] 14:57:16.917383 +++ exited (status 0) +++
Execution 39 - TLS Mutual
s_connection: verify depth is 1
[pid 277] 14:57:16.944943 openssl->SSL_connect(0xaaab06ea1070, 0xaaab06e7c998, 0xffff94de40e0, 0 <unfinished ...>
[pid 277] 14:57:16.945288 libssl.so.3->EVP_PKEY_keygen_init(0xaaab06ea9bf0, 0, 0, 0xaaab06ea9c60) = 1 <0.000130>
[pid 277] 14:57:16.945481 libssl.so.3->EVP_PKEY_keygen(0xaaab06ea9bf0, 0xffffef843d40, 0, 0) = 1 <0.000216>
[pid 277] 14:57:16.946907 libssl.so.3->EVP_PKEY_derive_init(0xaaab06ea9bf0, 0, 0, 0xaaab06ea9c60) = 1 <0.000122>
[pid 277] 14:57:16.947099 libssl.so.3->EVP_PKEY_derive_set_peer(0xaaab06ea9bf0, 0xaaab06ea67f0, 0, 0xffff94b16980) = 1 <0.000126>
[pid 277] 14:57:16.947292 libssl.so.3->EVP_PKEY_derive(0xaaab06ea9bf0, 0, 0xffffef843cd0, 0) = 1 <0.000159>
[pid 277] 14:57:16.947513 libssl.so.3->EVP_PKEY_derive(0xaaab06ea9bf0, 0xaaab06ea8630, 0xffffef843cd0, 0xaaab06ea8600) = 1 <0.000135>
[pid 277] 14:57:16.948328 libssl.so.3->X509_verify_cert(0xaaab06ea0f50, 0, 0, 0xffffffff) = 1 <0.000383>
[pid 277] 14:57:16.948944 libssl.so.3->EVP_DigestVerifyInit_ex(0xaaab06dcf750, 0xffffef843dc8, 0, 0) = 1 <0.000108>
[pid 277] 14:57:16.949103 libssl.so.3->EVP_DigestVerify(0xaaab06dcf750, 0xaaab06eabe68, 2420, 0xffffef843dd0) = 1 <0.000165>
[pid 277] 14:57:16.949473 libssl.so.3->X509_verify_cert(0xaaab06ea0f50, 1, 0, 0) = 1 <0.000201>
[pid 277] 14:57:16.949852 libssl.so.3->EVP_DigestSignInit_ex(0xaaab06ebfe50, 0xffffef843db0, 0, 0) = 1 <0.000110>
[pid 277] 14:57:16.950011 libssl.so.3->EVP_DigestSign(0xaaab06ebfe50, 0, 0xffffef843dc0, 0xffffef843dd0) = 1 <0.000164>
[pid 277] 14:57:16.950229 libssl.so.3->EVP_DigestSign(0xaaab06ebfe50, 0xaaab06ebffe0, 0xffffef843dc0, 0xffffef843dd0) = 1 <0.000549>
[pid 277] 14:57:16.951038 <... SSL_connect resumed> ) = 1 <0.006088>
Handshake duration: 6.21 ms
[pid 277] 14:57:16.952451 +++ exited (status 0) +++
Execution 40 - TLS Mutual
s_connection: verify depth is 1
[pid 279] 14:57:16.980123 openssl->SSL_connect(0xaaaad6c9f070, 0xaaaad6c7a998, 0xffff80bc40e0, 0 <unfinished ...>
[pid 279] 14:57:16.980434 libssl.so.3->EVP_PKEY_keygen_init(0xaaaad6ca7bf0, 0, 0, 0xaaaad6ca7c60) = 1 <0.000118>
[pid 279] 14:57:16.980648 libssl.so.3->EVP_PKEY_keygen(0xaaaad6ca7bf0, 0xffffeefa2640, 0, 0) = 1 <0.000287>
[pid 279] 14:57:16.982147 libssl.so.3->EVP_PKEY_derive_init(0xaaaad6ca7bf0, 0, 0, 0xaaaad6ca7c60) = 1 <0.000098>
[pid 279] 14:57:16.982356 libssl.so.3->EVP_PKEY_derive_set_peer(0xaaaad6ca7bf0, 0xaaaad6ca47f0, 0, 0xffff80716980) = 1 <0.000190>
[pid 279] 14:57:16.982534 libssl.so.3->EVP_PKEY_derive(0xaaaad6ca7bf0, 0, 0xffffeefa25d0, 0) = 1 <0.000110>
[pid 279] 14:57:16.982698 libssl.so.3->EVP_PKEY_derive(0xaaaad6ca7bf0, 0xaaaad6ca6630, 0xffffeefa25d0, 0xaaaad6ca6600) = 1 <0.000148>
[pid 279] 14:57:16.983526 libssl.so.3->X509_verify_cert(0xaaaad6c9ef50, 0, 0, 0xffffffff) = 1 <0.000353>
[pid 279] 14:57:16.984080 libssl.so.3->EVP_DigestVerifyInit_ex(0xaaaad6bcd750, 0xffffeefa26c8, 0, 0) = 1 <0.000151>
[pid 279] 14:57:16.984281 libssl.so.3->EVP_DigestVerify(0xaaaad6bcd750, 0xaaaad6ca9e68, 2420, 0xffffeefa26d0) = 1 <0.000183>
[pid 279] 14:57:16.984684 libssl.so.3->X509_verify_cert(0xaaaad6c9ef50, 1, 0, 0) = 1 <0.000216>
[pid 279] 14:57:16.985061 libssl.so.3->EVP_DigestSignInit_ex(0xaaaad6cbde50, 0xffffeefa26b0, 0, 0) = 1 <0.000123>
[pid 279] 14:57:16.985227 libssl.so.3->EVP_DigestSign(0xaaaad6cbde50, 0, 0xffffeefa26c0, 0xffffeefa26d0) = 1 <0.000201>
[pid 279] 14:57:16.985491 libssl.so.3->EVP_DigestSign(0xaaaad6cbde50, 0xaaaad6cbdfe0, 0xffffeefa26c0, 0xffffeefa26d0) = 1 <0.000586>
[pid 279] 14:57:16.986331 <... SSL_connect resumed> ) = 1 <0.006205>
Handshake duration: 6.36 ms
[pid 279] 14:57:16.987725 +++ exited (status 0) +++
Execution 41 - TLS Mutual
s_connection: verify depth is 1
[pid 281] 14:57:17.015148 openssl->SSL_connect(0xaaab24be7070, 0xaaab24bc2998, 0xffff985d40e0, 0 <unfinished ...>
[pid 281] 14:57:17.015470 libssl.so.3->EVP_PKEY_keygen_init(0xaaab24befbf0, 0, 0, 0xaaab24befc60) = 1 <0.000124>
[pid 281] 14:57:17.015641 libssl.so.3->EVP_PKEY_keygen(0xaaab24befbf0, 0xfffffd831df0, 0, 0) = 1 <0.000216>
[pid 281] 14:57:17.017075 libssl.so.3->EVP_PKEY_derive_init(0xaaab24befbf0, 0, 0, 0xaaab24befc60) = 1 <0.000117>
[pid 281] 14:57:17.017238 libssl.so.3->EVP_PKEY_derive_set_peer(0xaaab24befbf0, 0xaaab24bec7f0, 0, 0xffff98116980) = 1 <0.000090>
[pid 281] 14:57:17.017371 libssl.so.3->EVP_PKEY_derive(0xaaab24befbf0, 0, 0xfffffd831d80, 0) = 1 <0.000122>
[pid 281] 14:57:17.017540 libssl.so.3->EVP_PKEY_derive(0xaaab24befbf0, 0xaaab24bee630, 0xfffffd831d80, 0xaaab24bee600) = 1 <0.000125>
[pid 281] 14:57:17.018365 libssl.so.3->X509_verify_cert(0xaaab24be6f50, 0, 0, 0xffffffff) = 1 <0.000358>
[pid 281] 14:57:17.018959 libssl.so.3->EVP_DigestVerifyInit_ex(0xaaab24b15750, 0xfffffd831e78, 0, 0) = 1 <0.000126>
[pid 281] 14:57:17.019148 libssl.so.3->EVP_DigestVerify(0xaaab24b15750, 0xaaab24bf1e68, 2420, 0xfffffd831e80) = 1 <0.000222>
[pid 281] 14:57:17.019620 libssl.so.3->X509_verify_cert(0xaaab24be6f50, 1, 0, 0) = 1 <0.000228>
[pid 281] 14:57:17.020005 libssl.so.3->EVP_DigestSignInit_ex(0xaaab24c05e50, 0xfffffd831e60, 0, 0) = 1 <0.000111>
[pid 281] 14:57:17.020169 libssl.so.3->EVP_DigestSign(0xaaab24c05e50, 0, 0xfffffd831e70, 0xfffffd831e80) = 1 <0.000126>
[pid 281] 14:57:17.020347 libssl.so.3->EVP_DigestSign(0xaaab24c05e50, 0xaaab24c05fe0, 0xfffffd831e70, 0xfffffd831e80) = 1 <0.000628>
[pid 281] 14:57:17.021226 <... SSL_connect resumed> ) = 1 <0.006065>
Handshake duration: 6.26 ms
[pid 281] 14:57:17.022585 +++ exited (status 0) +++
Execution 42 - TLS Mutual
s_connection: verify depth is 1
[pid 283] 14:57:17.050182 openssl->SSL_connect(0xaaaafe916070, 0xaaaafe8f1998, 0xffff887d40e0, 0 <unfinished ...>
[pid 283] 14:57:17.050502 libssl.so.3->EVP_PKEY_keygen_init(0xaaaafe91ebf0, 0, 0, 0xaaaafe91ec60) = 1 <0.000117>
[pid 283] 14:57:17.050662 libssl.so.3->EVP_PKEY_keygen(0xaaaafe91ebf0, 0xffffe03c7a10, 0, 0) = 1 <0.000212>
[pid 283] 14:57:17.052059 libssl.so.3->EVP_PKEY_derive_init(0xaaaafe91ebf0, 0, 0, 0xaaaafe91ec60) = 1 <0.000099>
[pid 283] 14:57:17.052224 libssl.so.3->EVP_PKEY_derive_set_peer(0xaaaafe91ebf0, 0xaaaafe91b7f0, 0, 0xffff88316980) = 1 <0.000103>
[pid 283] 14:57:17.052392 libssl.so.3->EVP_PKEY_derive(0xaaaafe91ebf0, 0, 0xffffe03c79a0, 0) = 1 <0.000110>
[pid 283] 14:57:17.052570 libssl.so.3->EVP_PKEY_derive(0xaaaafe91ebf0, 0xaaaafe91d630, 0xffffe03c79a0, 0xaaaafe91d600) = 1 <0.000140>
[pid 283] 14:57:17.053383 libssl.so.3->X509_verify_cert(0xaaaafe915f50, 0, 0, 0xffffffff) = 1 <0.000345>
[pid 283] 14:57:17.053935 libssl.so.3->EVP_DigestVerifyInit_ex(0xaaaafe844750, 0xffffe03c7a98, 0, 0) = 1 <0.000107>
[pid 283] 14:57:17.054094 libssl.so.3->EVP_DigestVerify(0xaaaafe844750, 0xaaaafe920e68, 2420, 0xffffe03c7aa0) = 1 <0.000194>
[pid 283] 14:57:17.054552 libssl.so.3->X509_verify_cert(0xaaaafe915f50, 1, 0, 0) = 1 <0.000212>
[pid 283] 14:57:17.054926 libssl.so.3->EVP_DigestSignInit_ex(0xaaaafe934e50, 0xffffe03c7a80, 0, 0) = 1 <0.000117>
[pid 283] 14:57:17.055095 libssl.so.3->EVP_DigestSign(0xaaaafe934e50, 0, 0xffffe03c7a90, 0xffffe03c7aa0) = 1 <0.000222>
[pid 283] 14:57:17.055385 libssl.so.3->EVP_DigestSign(0xaaaafe934e50, 0xaaaafe934fe0, 0xffffe03c7a90, 0xffffe03c7aa0) = 1 <0.000596>
[pid 283] 14:57:17.056246 <... SSL_connect resumed> ) = 1 <0.006054>
Handshake duration: 6.25 ms
[pid 283] 14:57:17.057655 +++ exited (status 0) +++
Execution 43 - TLS Mutual
s_connection: verify depth is 1
[pid 285] 14:57:17.085257 openssl->SSL_connect(0xaaaaf8074070, 0xaaaaf804f998, 0xffff7fbd40e0, 0 <unfinished ...>
[pid 285] 14:57:17.085603 libssl.so.3->EVP_PKEY_keygen_init(0xaaaaf807cbf0, 0, 0, 0xaaaaf807cc60) = 1 <0.000108>
[pid 285] 14:57:17.085802 libssl.so.3->EVP_PKEY_keygen(0xaaaaf807cbf0, 0xffffd824a910, 0, 0) = 1 <0.000223>
[pid 285] 14:57:17.087294 libssl.so.3->EVP_PKEY_derive_init(0xaaaaf807cbf0, 0, 0, 0xaaaaf807cc60) = 1 <0.000156>
[pid 285] 14:57:17.087488 libssl.so.3->EVP_PKEY_derive_set_peer(0xaaaaf807cbf0, 0xaaaaf80797f0, 0, 0xffff7f716980) = 1 <0.000108>
[pid 285] 14:57:17.087644 libssl.so.3->EVP_PKEY_derive(0xaaaaf807cbf0, 0, 0xffffd824a8a0, 0) = 1 <0.000089>
[pid 285] 14:57:17.087801 libssl.so.3->EVP_PKEY_derive(0xaaaaf807cbf0, 0xaaaaf807b630, 0xffffd824a8a0, 0xaaaaf807b600) = 1 <0.000164>
[pid 285] 14:57:17.088652 libssl.so.3->X509_verify_cert(0xaaaaf8073f50, 0, 0, 0xffffffff) = 1 <0.000394>
[pid 285] 14:57:17.089276 libssl.so.3->EVP_DigestVerifyInit_ex(0xaaaaf7fa2750, 0xffffd824a998, 0, 0) = 1 <0.000105>
[pid 285] 14:57:17.089420 libssl.so.3->EVP_DigestVerify(0xaaaaf7fa2750, 0xaaaaf807ee68, 2420, 0xffffd824a9a0) = 1 <0.000224>
[pid 285] 14:57:17.089911 libssl.so.3->X509_verify_cert(0xaaaaf8073f50, 1, 0, 0) = 1 <0.000217>
[pid 285] 14:57:17.090324 libssl.so.3->EVP_DigestSignInit_ex(0xaaaaf8092e50, 0xffffd824a980, 0, 0) = 1 <0.000123>
[pid 285] 14:57:17.090507 libssl.so.3->EVP_DigestSign(0xaaaaf8092e50, 0, 0xffffd824a990, 0xffffd824a9a0) = 1 <0.000115>
[pid 285] 14:57:17.090671 libssl.so.3->EVP_DigestSign(0xaaaaf8092e50, 0xaaaaf8092fe0, 0xffffd824a990, 0xffffd824a9a0) = 1 <0.000285>
[pid 285] 14:57:17.091198 <... SSL_connect resumed> ) = 1 <0.005937>
Handshake duration: 6.14 ms
[pid 285] 14:57:17.092598 +++ exited (status 0) +++
Execution 44 - TLS Mutual
s_connection: verify depth is 1
[pid 287] 14:57:17.120501 openssl->SSL_connect(0xaaaacda5d070, 0xaaaacda38998, 0xffff86c940e0, 0 <unfinished ...>
[pid 287] 14:57:17.120825 libssl.so.3->EVP_PKEY_keygen_init(0xaaaacda65bf0, 0, 0, 0xaaaacda65c60) = 1 <0.000115>
[pid 287] 14:57:17.120998 libssl.so.3->EVP_PKEY_keygen(0xaaaacda65bf0, 0xfffff198f8e0, 0, 0) = 1 <0.000281>
[pid 287] 14:57:17.122525 libssl.so.3->EVP_PKEY_derive_init(0xaaaacda65bf0, 0, 0, 0xaaaacda65c60) = 1 <0.000092>
[pid 287] 14:57:17.122653 libssl.so.3->EVP_PKEY_derive_set_peer(0xaaaacda65bf0, 0xaaaacda627f0, 0, 0xffff86916980) = 1 <0.000114>
[pid 287] 14:57:17.122827 libssl.so.3->EVP_PKEY_derive(0xaaaacda65bf0, 0, 0xfffff198f870, 0) = 1 <0.000154>
[pid 287] 14:57:17.123019 libssl.so.3->EVP_PKEY_derive(0xaaaacda65bf0, 0xaaaacda64630, 0xfffff198f870, 0xaaaacda64600) = 1 <0.000140>
[pid 287] 14:57:17.123819 libssl.so.3->X509_verify_cert(0xaaaacda5cf50, 0, 0, 0xffffffff) = 1 <0.000363>
[pid 287] 14:57:17.124398 libssl.so.3->EVP_DigestVerifyInit_ex(0xaaaacd98b750, 0xfffff198f968, 0, 0) = 1 <0.000101>
[pid 287] 14:57:17.124547 libssl.so.3->EVP_DigestVerify(0xaaaacd98b750, 0xaaaacda67e68, 2420, 0xfffff198f970) = 1 <0.000211>
[pid 287] 14:57:17.124971 libssl.so.3->X509_verify_cert(0xaaaacda5cf50, 1, 0, 0) = 1 <0.000191>
[pid 287] 14:57:17.125332 libssl.so.3->EVP_DigestSignInit_ex(0xaaaacda7be50, 0xfffff198f950, 0, 0) = 1 <0.000105>
[pid 287] 14:57:17.125491 libssl.so.3->EVP_DigestSign(0xaaaacda7be50, 0, 0xfffff198f960, 0xfffff198f970) = 1 <0.000175>
[pid 287] 14:57:17.125720 libssl.so.3->EVP_DigestSign(0xaaaacda7be50, 0xaaaacda7bfe0, 0xfffff198f960, 0xfffff198f970) = 1 <0.000416>
[pid 287] 14:57:17.126409 <... SSL_connect resumed> ) = 1 <0.005904>
Handshake duration: 6.03 ms
[pid 287] 14:57:17.127827 +++ exited (status 0) +++
Execution 45 - TLS Mutual
s_connection: verify depth is 1
[pid 289] 14:57:17.155838 openssl->SSL_connect(0xaaaafba2e070, 0xaaaafba09998, 0xffff8f8f40e0, 0 <unfinished ...>
[pid 289] 14:57:17.156164 libssl.so.3->EVP_PKEY_keygen_init(0xaaaafba36bf0, 0, 0, 0xaaaafba36c60) = 1 <0.000134>
[pid 289] 14:57:17.156379 libssl.so.3->EVP_PKEY_keygen(0xaaaafba36bf0, 0xffffdc6d8520, 0, 0) = 1 <0.000216>
[pid 289] 14:57:17.157804 libssl.so.3->EVP_PKEY_derive_init(0xaaaafba36bf0, 0, 0, 0xaaaafba36c60) = 1 <0.000144>
[pid 289] 14:57:17.158000 libssl.so.3->EVP_PKEY_derive_set_peer(0xaaaafba36bf0, 0xaaaafba337f0, 0, 0xffff8f516980) = 1 <0.000124>
[pid 289] 14:57:17.158181 libssl.so.3->EVP_PKEY_derive(0xaaaafba36bf0, 0, 0xffffdc6d84b0, 0) = 1 <0.000149>
[pid 289] 14:57:17.158399 libssl.so.3->EVP_PKEY_derive(0xaaaafba36bf0, 0xaaaafba35630, 0xffffdc6d84b0, 0xaaaafba35600) = 1 <0.000159>
[pid 289] 14:57:17.159206 libssl.so.3->X509_verify_cert(0xaaaafba2df50, 0, 0, 0xffffffff) = 1 <0.000351>
[pid 289] 14:57:17.159766 libssl.so.3->EVP_DigestVerifyInit_ex(0xaaaafb95c750, 0xffffdc6d85a8, 0, 0) = 1 <0.000109>
[pid 289] 14:57:17.159942 libssl.so.3->EVP_DigestVerify(0xaaaafb95c750, 0xaaaafba38e68, 2420, 0xffffdc6d85b0) = 1 <0.000222>
[pid 289] 14:57:17.160374 libssl.so.3->X509_verify_cert(0xaaaafba2df50, 1, 0, 0) = 1 <0.000177>
[pid 289] 14:57:17.160743 libssl.so.3->EVP_DigestSignInit_ex(0xaaaafba4ce50, 0xffffdc6d8590, 0, 0) = 1 <0.000117>
[pid 289] 14:57:17.160914 libssl.so.3->EVP_DigestSign(0xaaaafba4ce50, 0, 0xffffdc6d85a0, 0xffffdc6d85b0) = 1 <0.000109>
[pid 289] 14:57:17.161074 libssl.so.3->EVP_DigestSign(0xaaaafba4ce50, 0xaaaafba4cfe0, 0xffffdc6d85a0, 0xffffdc6d85b0) = 1 <0.000349>
[pid 289] 14:57:17.161656 <... SSL_connect resumed> ) = 1 <0.005814>
Handshake duration: 5.93 ms
[pid 289] 14:57:17.162887 +++ exited (status 0) +++
Execution 46 - TLS Mutual
s_connection: verify depth is 1
[pid 291] 14:57:17.191011 openssl->SSL_connect(0xaaaaeaa34070, 0xaaaaeaa0f998, 0xffff99a340e0, 0 <unfinished ...>
[pid 291] 14:57:17.191408 libssl.so.3->EVP_PKEY_keygen_init(0xaaaaeaa3cbf0, 0, 0, 0xaaaaeaa3cc60) = 1 <0.000125>
[pid 291] 14:57:17.191590 libssl.so.3->EVP_PKEY_keygen(0xaaaaeaa3cbf0, 0xffffcc0fbcf0, 0, 0) = 1 <0.000199>
[pid 291] 14:57:17.192993 libssl.so.3->EVP_PKEY_derive_init(0xaaaaeaa3cbf0, 0, 0, 0xaaaaeaa3cc60) = 1 <0.000105>
[pid 291] 14:57:17.193173 libssl.so.3->EVP_PKEY_derive_set_peer(0xaaaaeaa3cbf0, 0xaaaaeaa397f0, 0, 0xffff99716980) = 1 <0.000112>
[pid 291] 14:57:17.193331 libssl.so.3->EVP_PKEY_derive(0xaaaaeaa3cbf0, 0, 0xffffcc0fbc80, 0) = 1 <0.000108>
[pid 291] 14:57:17.193499 libssl.so.3->EVP_PKEY_derive(0xaaaaeaa3cbf0, 0xaaaaeaa3b630, 0xffffcc0fbc80, 0xaaaaeaa3b600) = 1 <0.000146>
[pid 291] 14:57:17.194300 libssl.so.3->X509_verify_cert(0xaaaaeaa33f50, 0, 0, 0xffffffff) = 1 <0.000340>
[pid 291] 14:57:17.194848 libssl.so.3->EVP_DigestVerifyInit_ex(0xaaaaea962750, 0xffffcc0fbd78, 0, 0) = 1 <0.000108>
[pid 291] 14:57:17.195000 libssl.so.3->EVP_DigestVerify(0xaaaaea962750, 0xaaaaeaa3ee68, 2420, 0xffffcc0fbd80) = 1 <0.000171>
[pid 291] 14:57:17.195404 libssl.so.3->X509_verify_cert(0xaaaaeaa33f50, 1, 0, 0) = 1 <0.000222>
[pid 291] 14:57:17.195796 libssl.so.3->EVP_DigestSignInit_ex(0xaaaaeaa52e50, 0xffffcc0fbd60, 0, 0) = 1 <0.000099>
[pid 291] 14:57:17.195950 libssl.so.3->EVP_DigestSign(0xaaaaeaa52e50, 0, 0xffffcc0fbd70, 0xffffcc0fbd80) = 1 <0.000093>
[pid 291] 14:57:17.196085 libssl.so.3->EVP_DigestSign(0xaaaaeaa52e50, 0xaaaaeaa52fe0, 0xffffcc0fbd70, 0xffffcc0fbd80) = 1 <0.000443>
[pid 291] 14:57:17.196870 <... SSL_connect resumed> ) = 1 <0.005852>
Handshake duration: 6.04 ms
[pid 291] 14:57:17.198273 +++ exited (status 0) +++
Execution 47 - TLS Mutual
s_connection: verify depth is 1
[pid 293] 14:57:17.225972 openssl->SSL_connect(0xaaaacb234070, 0xaaaacb20f998, 0xffffb5de40e0, 0 <unfinished ...>
[pid 293] 14:57:17.226272 libssl.so.3->EVP_PKEY_keygen_init(0xaaaacb23cbf0, 0, 0, 0xaaaacb23cc60) = 1 <0.000109>
[pid 293] 14:57:17.226429 libssl.so.3->EVP_PKEY_keygen(0xaaaacb23cbf0, 0xffffe0b02ec0, 0, 0) = 1 <0.000221>
[pid 293] 14:57:17.227870 libssl.so.3->EVP_PKEY_derive_init(0xaaaacb23cbf0, 0, 0, 0xaaaacb23cc60) = 1 <0.000090>
[pid 293] 14:57:17.228006 libssl.so.3->EVP_PKEY_derive_set_peer(0xaaaacb23cbf0, 0xaaaacb2397f0, 0, 0xffffb5b16980) = 1 <0.000150>
[pid 293] 14:57:17.228265 libssl.so.3->EVP_PKEY_derive(0xaaaacb23cbf0, 0, 0xffffe0b02e50, 0) = 1 <0.000111>
[pid 293] 14:57:17.228455 libssl.so.3->EVP_PKEY_derive(0xaaaacb23cbf0, 0xaaaacb23b630, 0xffffe0b02e50, 0xaaaacb23b600) = 1 <0.000133>
[pid 293] 14:57:17.229235 libssl.so.3->X509_verify_cert(0xaaaacb233f50, 0, 0, 0xffffffff) = 1 <0.000354>
[pid 293] 14:57:17.229804 libssl.so.3->EVP_DigestVerifyInit_ex(0xaaaacb162750, 0xffffe0b02f48, 0, 0) = 1 <0.000135>
[pid 293] 14:57:17.230009 libssl.so.3->EVP_DigestVerify(0xaaaacb162750, 0xaaaacb23ee68, 2420, 0xffffe0b02f50) = 1 <0.000170>
[pid 293] 14:57:17.230386 libssl.so.3->X509_verify_cert(0xaaaacb233f50, 1, 0, 0) = 1 <0.000213>
[pid 293] 14:57:17.230774 libssl.so.3->EVP_DigestSignInit_ex(0xaaaacb252e50, 0xffffe0b02f30, 0, 0) = 1 <0.000110>
[pid 293] 14:57:17.230942 libssl.so.3->EVP_DigestSign(0xaaaacb252e50, 0, 0xffffe0b02f40, 0xffffe0b02f50) = 1 <0.000116>
[pid 293] 14:57:17.231103 libssl.so.3->EVP_DigestSign(0xaaaacb252e50, 0xaaaacb252fe0, 0xffffe0b02f40, 0xffffe0b02f50) = 1 <0.000720>
[pid 293] 14:57:17.232061 <... SSL_connect resumed> ) = 1 <0.006085>
Handshake duration: 6.21 ms
[pid 293] 14:57:17.233385 +++ exited (status 0) +++
Execution 48 - TLS Mutual
s_connection: verify depth is 1
[pid 295] 14:57:17.260930 openssl->SSL_connect(0xaaaad6303070, 0xaaaad62de998, 0xffff905140e0, 0 <unfinished ...>
[pid 295] 14:57:17.261262 libssl.so.3->EVP_PKEY_keygen_init(0xaaaad630bbf0, 0, 0, 0xaaaad630bc60) = 1 <0.000117>
[pid 295] 14:57:17.261477 libssl.so.3->EVP_PKEY_keygen(0xaaaad630bbf0, 0xffffd56226b0, 0, 0) = 1 <0.000271>
[pid 295] 14:57:17.262951 libssl.so.3->EVP_PKEY_derive_init(0xaaaad630bbf0, 0, 0, 0xaaaad630bc60) = 1 <0.000190>
[pid 295] 14:57:17.263182 libssl.so.3->EVP_PKEY_derive_set_peer(0xaaaad630bbf0, 0xaaaad63087f0, 0, 0xffff90116980) = 1 <0.000116>
[pid 295] 14:57:17.263396 libssl.so.3->EVP_PKEY_derive(0xaaaad630bbf0, 0, 0xffffd5622640, 0) = 1 <0.000211>
[pid 295] 14:57:17.263613 libssl.so.3->EVP_PKEY_derive(0xaaaad630bbf0, 0xaaaad630a630, 0xffffd5622640, 0xaaaad630a600) = 1 <0.000163>
[pid 295] 14:57:17.264434 libssl.so.3->X509_verify_cert(0xaaaad6302f50, 0, 0, 0xffffffff) = 1 <0.000376>
[pid 295] 14:57:17.265021 libssl.so.3->EVP_DigestVerifyInit_ex(0xaaaad6231750, 0xffffd5622738, 0, 0) = 1 <0.000113>
[pid 295] 14:57:17.265188 libssl.so.3->EVP_DigestVerify(0xaaaad6231750, 0xaaaad630de68, 2420, 0xffffd5622740) = 1 <0.000227>
[pid 295] 14:57:17.265627 libssl.so.3->X509_verify_cert(0xaaaad6302f50, 1, 0, 0) = 1 <0.000209>
[pid 295] 14:57:17.266009 libssl.so.3->EVP_DigestSignInit_ex(0xaaaad6321e50, 0xffffd5622720, 0, 0) = 1 <0.000107>
[pid 295] 14:57:17.266166 libssl.so.3->EVP_DigestSign(0xaaaad6321e50, 0, 0xffffd5622730, 0xffffd5622740) = 1 <0.000102>
[pid 295] 14:57:17.266366 libssl.so.3->EVP_DigestSign(0xaaaad6321e50, 0xaaaad6321fe0, 0xffffd5622730, 0xffffd5622740) = 1 <0.000566>
[pid 295] 14:57:17.267178 <... SSL_connect resumed> ) = 1 <0.006245>
Handshake duration: 6.38 ms
[pid 295] 14:57:17.268530 +++ exited (status 0) +++
Execution 49 - TLS Mutual
s_connection: verify depth is 1
[pid 297] 14:57:17.296236 openssl->SSL_connect(0xaaaab9396070, 0xaaaab9371998, 0xffffbbc340e0, 0 <unfinished ...>
[pid 297] 14:57:17.296522 libssl.so.3->EVP_PKEY_keygen_init(0xaaaab939ebf0, 0, 0, 0xaaaab939ec60) = 1 <0.000106>
[pid 297] 14:57:17.296690 libssl.so.3->EVP_PKEY_keygen(0xaaaab939ebf0, 0xfffff74f2320, 0, 0) = 1 <0.000263>
[pid 297] 14:57:17.298141 libssl.so.3->EVP_PKEY_derive_init(0xaaaab939ebf0, 0, 0, 0xaaaab939ec60) = 1 <0.000148>
[pid 297] 14:57:17.298375 libssl.so.3->EVP_PKEY_derive_set_peer(0xaaaab939ebf0, 0xaaaab939b7f0, 0, 0xffffbb916980) = 1 <0.000150>
[pid 297] 14:57:17.298596 libssl.so.3->EVP_PKEY_derive(0xaaaab939ebf0, 0, 0xfffff74f22b0, 0) = 1 <0.000102>
[pid 297] 14:57:17.298752 libssl.so.3->EVP_PKEY_derive(0xaaaab939ebf0, 0xaaaab939d630, 0xfffff74f22b0, 0xaaaab939d600) = 1 <0.000142>
[pid 297] 14:57:17.299593 libssl.so.3->X509_verify_cert(0xaaaab9395f50, 0, 0, 0xffffffff) = 1 <0.000406>
[pid 297] 14:57:17.300231 libssl.so.3->EVP_DigestVerifyInit_ex(0xaaaab92c4750, 0xfffff74f23a8, 0, 0) = 1 <0.000107>
[pid 297] 14:57:17.300422 libssl.so.3->EVP_DigestVerify(0xaaaab92c4750, 0xaaaab93a0e68, 2420, 0xfffff74f23b0) = 1 <0.000169>
[pid 297] 14:57:17.300785 libssl.so.3->X509_verify_cert(0xaaaab9395f50, 1, 0, 0) = 1 <0.000167>
[pid 297] 14:57:17.301109 libssl.so.3->EVP_DigestSignInit_ex(0xaaaab93b4e50, 0xfffff74f2390, 0, 0) = 1 <0.000114>
[pid 297] 14:57:17.301282 libssl.so.3->EVP_DigestSign(0xaaaab93b4e50, 0, 0xfffff74f23a0, 0xfffff74f23b0) = 1 <0.000124>
[pid 297] 14:57:17.301453 libssl.so.3->EVP_DigestSign(0xaaaab93b4e50, 0xaaaab93b4fe0, 0xfffff74f23a0, 0xfffff74f23b0) = 1 <0.000339>
[pid 297] 14:57:17.302067 <... SSL_connect resumed> ) = 1 <0.005827>
Handshake duration: 5.95 ms
[pid 297] 14:57:17.303349 +++ exited (status 0) +++
Execution 50 - TLS Mutual
s_connection: verify depth is 1
[pid 299] 14:57:17.330875 openssl->SSL_connect(0xaaaaedb06070, 0xaaaaedae1998, 0xffff888c40e0, 0 <unfinished ...>
[pid 299] 14:57:17.331192 libssl.so.3->EVP_PKEY_keygen_init(0xaaaaedb0ebf0, 0, 0, 0xaaaaedb0ec60) = 1 <0.000176>
[pid 299] 14:57:17.331451 libssl.so.3->EVP_PKEY_keygen(0xaaaaedb0ebf0, 0xffffc1187d50, 0, 0) = 1 <0.000275>
[pid 299] 14:57:17.332962 libssl.so.3->EVP_PKEY_derive_init(0xaaaaedb0ebf0, 0, 0, 0xaaaaedb0ec60) = 1 <0.000137>
[pid 299] 14:57:17.333175 libssl.so.3->EVP_PKEY_derive_set_peer(0xaaaaedb0ebf0, 0xaaaaedb0b7f0, 0, 0xffff88516980) = 1 <0.000085>
[pid 299] 14:57:17.333296 libssl.so.3->EVP_PKEY_derive(0xaaaaedb0ebf0, 0, 0xffffc1187ce0, 0) = 1 <0.000137>
[pid 299] 14:57:17.333480 libssl.so.3->EVP_PKEY_derive(0xaaaaedb0ebf0, 0xaaaaedb0d630, 0xffffc1187ce0, 0xaaaaedb0d600) = 1 <0.000182>
[pid 299] 14:57:17.334332 libssl.so.3->X509_verify_cert(0xaaaaedb05f50, 0, 0, 0xffffffff) = 1 <0.000360>
[pid 299] 14:57:17.334884 libssl.so.3->EVP_DigestVerifyInit_ex(0xaaaaeda34750, 0xffffc1187dd8, 0, 0) = 1 <0.000114>
[pid 299] 14:57:17.335068 libssl.so.3->EVP_DigestVerify(0xaaaaeda34750, 0xaaaaedb10e68, 2420, 0xffffc1187de0) = 1 <0.000299>
[pid 299] 14:57:17.335575 libssl.so.3->X509_verify_cert(0xaaaaedb05f50, 1, 0, 0) = 1 <0.000210>
[pid 299] 14:57:17.335980 libssl.so.3->EVP_DigestSignInit_ex(0xaaaaedb24e50, 0xffffc1187dc0, 0, 0) = 1 <0.000115>
[pid 299] 14:57:17.336153 libssl.so.3->EVP_DigestSign(0xaaaaedb24e50, 0, 0xffffc1187dd0, 0xffffc1187de0) = 1 <0.000139>
[pid 299] 14:57:17.336405 libssl.so.3->EVP_DigestSign(0xaaaaedb24e50, 0xaaaaedb24fe0, 0xffffc1187dd0, 0xffffc1187de0) = 1 <0.000485>
[pid 299] 14:57:17.337124 <... SSL_connect resumed> ) = 1 <0.006245>
Handshake duration: 6.41 ms
[pid 299] 14:57:17.338496 +++ exited (status 0) +++
Execution 51 - TLS Mutual
s_connection: verify depth is 1
[pid 301] 14:57:17.365665 openssl->SSL_connect(0xaaab022ba070, 0xaaab02295998, 0xffffa1b540e0, 0 <unfinished ...>
[pid 301] 14:57:17.366004 libssl.so.3->EVP_PKEY_keygen_init(0xaaab022c2bf0, 0, 0, 0xaaab022c2c60) = 1 <0.000133>
[pid 301] 14:57:17.366201 libssl.so.3->EVP_PKEY_keygen(0xaaab022c2bf0, 0xffffe1703dc0, 0, 0) = 1 <0.000230>
[pid 301] 14:57:17.367577 libssl.so.3->EVP_PKEY_derive_init(0xaaab022c2bf0, 0, 0, 0xaaab022c2c60) = 1 <0.000148>
[pid 301] 14:57:17.367808 libssl.so.3->EVP_PKEY_derive_set_peer(0xaaab022c2bf0, 0xaaab022bf7f0, 0, 0xffffa1716980) = 1 <0.000100>
[pid 301] 14:57:17.367943 libssl.so.3->EVP_PKEY_derive(0xaaab022c2bf0, 0, 0xffffe1703d50, 0) = 1 <0.000134>
[pid 301] 14:57:17.368133 libssl.so.3->EVP_PKEY_derive(0xaaab022c2bf0, 0xaaab022c1630, 0xffffe1703d50, 0xaaab022c1600) = 1 <0.000140>
[pid 301] 14:57:17.368975 libssl.so.3->X509_verify_cert(0xaaab022b9f50, 0, 0, 0xffffffff) = 1 <0.000397>
[pid 301] 14:57:17.369573 libssl.so.3->EVP_DigestVerifyInit_ex(0xaaab021e8750, 0xffffe1703e48, 0, 0) = 1 <0.000126>
[pid 301] 14:57:17.369748 libssl.so.3->EVP_DigestVerify(0xaaab021e8750, 0xaaab022c4e68, 2420, 0xffffe1703e50) = 1 <0.000174>
[pid 301] 14:57:17.370133 libssl.so.3->X509_verify_cert(0xaaab022b9f50, 1, 0, 0) = 1 <0.000192>
[pid 301] 14:57:17.370506 libssl.so.3->EVP_DigestSignInit_ex(0xaaab022d8e50, 0xffffe1703e30, 0, 0) = 1 <0.000106>
[pid 301] 14:57:17.370679 libssl.so.3->EVP_DigestSign(0xaaab022d8e50, 0, 0xffffe1703e40, 0xffffe1703e50) = 1 <0.000113>
[pid 301] 14:57:17.370850 libssl.so.3->EVP_DigestSign(0xaaab022d8e50, 0xaaab022d8fe0, 0xffffe1703e40, 0xffffe1703e50) = 1 <0.000294>
[pid 301] 14:57:17.371421 <... SSL_connect resumed> ) = 1 <0.005749>
Handshake duration: 5.89 ms
[pid 301] 14:57:17.372747 +++ exited (status 0) +++
Execution 52 - TLS Mutual
s_connection: verify depth is 1
[pid 303] 14:57:17.400320 openssl->SSL_connect(0xaaaac3b54070, 0xaaaac3b2f998, 0xffff9b4f40e0, 0 <unfinished ...>
[pid 303] 14:57:17.400718 libssl.so.3->EVP_PKEY_keygen_init(0xaaaac3b5cbf0, 0, 0, 0xaaaac3b5cc60) = 1 <0.000111>
[pid 303] 14:57:17.400916 libssl.so.3->EVP_PKEY_keygen(0xaaaac3b5cbf0, 0xffffec5828a0, 0, 0) = 1 <0.000309>
[pid 303] 14:57:17.402406 libssl.so.3->EVP_PKEY_derive_init(0xaaaac3b5cbf0, 0, 0, 0xaaaac3b5cc60) = 1 <0.000121>
[pid 303] 14:57:17.402594 libssl.so.3->EVP_PKEY_derive_set_peer(0xaaaac3b5cbf0, 0xaaaac3b597f0, 0, 0xffff9b116980) = 1 <0.000120>
[pid 303] 14:57:17.402781 libssl.so.3->EVP_PKEY_derive(0xaaaac3b5cbf0, 0, 0xffffec582830, 0) = 1 <0.000212>
[pid 303] 14:57:17.403048 libssl.so.3->EVP_PKEY_derive(0xaaaac3b5cbf0, 0xaaaac3b5b630, 0xffffec582830, 0xaaaac3b5b600) = 1 <0.000127>
[pid 303] 14:57:17.403870 libssl.so.3->X509_verify_cert(0xaaaac3b53f50, 0, 0, 0xffffffff) = 1 <0.000331>
[pid 303] 14:57:17.404436 libssl.so.3->EVP_DigestVerifyInit_ex(0xaaaac3a82750, 0xffffec582928, 0, 0) = 1 <0.000114>
[pid 303] 14:57:17.404621 libssl.so.3->EVP_DigestVerify(0xaaaac3a82750, 0xaaaac3b5ee68, 2420, 0xffffec582930) = 1 <0.000295>
[pid 303] 14:57:17.405108 libssl.so.3->X509_verify_cert(0xaaaac3b53f50, 1, 0, 0) = 1 <0.000200>
[pid 303] 14:57:17.405487 libssl.so.3->EVP_DigestSignInit_ex(0xaaaac3b72e50, 0xffffec582910, 0, 0) = 1 <0.000114>
[pid 303] 14:57:17.405676 libssl.so.3->EVP_DigestSign(0xaaaac3b72e50, 0, 0xffffec582920, 0xffffec582930) = 1 <0.000186>
[pid 303] 14:57:17.405919 libssl.so.3->EVP_DigestSign(0xaaaac3b72e50, 0xaaaac3b72fe0, 0xffffec582920, 0xffffec582930) = 1 <0.000359>
[pid 303] 14:57:17.406547 <... SSL_connect resumed> ) = 1 <0.006222>
Handshake duration: 6.38 ms
[pid 303] 14:57:17.407888 +++ exited (status 0) +++
Execution 53 - TLS Mutual
s_connection: verify depth is 1
[pid 305] 14:57:17.435491 openssl->SSL_connect(0xaaab05f8a070, 0xaaab05f65998, 0xffff913240e0, 0 <unfinished ...>
[pid 305] 14:57:17.435830 libssl.so.3->EVP_PKEY_keygen_init(0xaaab05f92bf0, 0, 0, 0xaaab05f92c60) = 1 <0.000117>
[pid 305] 14:57:17.436021 libssl.so.3->EVP_PKEY_keygen(0xaaab05f92bf0, 0xffffc5d52260, 0, 0) = 1 <0.000320>
[pid 305] 14:57:17.437519 libssl.so.3->EVP_PKEY_derive_init(0xaaab05f92bf0, 0, 0, 0xaaab05f92c60) = 1 <0.000123>
[pid 305] 14:57:17.437695 libssl.so.3->EVP_PKEY_derive_set_peer(0xaaab05f92bf0, 0xaaab05f8f7f0, 0, 0xffff90f16980) = 1 <0.000132>
[pid 305] 14:57:17.437877 libssl.so.3->EVP_PKEY_derive(0xaaab05f92bf0, 0, 0xffffc5d521f0, 0) = 1 <0.000124>
[pid 305] 14:57:17.438071 libssl.so.3->EVP_PKEY_derive(0xaaab05f92bf0, 0xaaab05f91630, 0xffffc5d521f0, 0xaaab05f91600) = 1 <0.000198>
[pid 305] 14:57:17.438947 libssl.so.3->X509_verify_cert(0xaaab05f89f50, 0, 0, 0xffffffff) = 1 <0.000392>
[pid 305] 14:57:17.439587 libssl.so.3->EVP_DigestVerifyInit_ex(0xaaab05eb8750, 0xffffc5d522e8, 0, 0) = 1 <0.000107>
[pid 305] 14:57:17.439755 libssl.so.3->EVP_DigestVerify(0xaaab05eb8750, 0xaaab05f94e68, 2420, 0xffffc5d522f0) = 1 <0.000261>
[pid 305] 14:57:17.440226 libssl.so.3->X509_verify_cert(0xaaab05f89f50, 1, 0, 0) = 1 <0.000195>
[pid 305] 14:57:17.440590 libssl.so.3->EVP_DigestSignInit_ex(0xaaab05fa8e50, 0xffffc5d522d0, 0, 0) = 1 <0.000122>
[pid 305] 14:57:17.440767 libssl.so.3->EVP_DigestSign(0xaaab05fa8e50, 0, 0xffffc5d522e0, 0xffffc5d522f0) = 1 <0.000120>
[pid 305] 14:57:17.440959 libssl.so.3->EVP_DigestSign(0xaaab05fa8e50, 0xaaab05fa8fe0, 0xffffc5d522e0, 0xffffc5d522f0) = 1 <0.000484>
[pid 305] 14:57:17.441702 <... SSL_connect resumed> ) = 1 <0.006205>
Handshake duration: 6.42 ms
[pid 305] 14:57:17.443086 +++ exited (status 0) +++
Execution 54 - TLS Mutual
s_connection: verify depth is 1
[pid 307] 14:57:17.470340 openssl->SSL_connect(0xaaab0eafb070, 0xaaab0ead6998, 0xffffa4d840e0, 0 <unfinished ...>
[pid 307] 14:57:17.470651 libssl.so.3->EVP_PKEY_keygen_init(0xaaab0eb03bf0, 0, 0, 0xaaab0eb03c60) = 1 <0.000128>
[pid 307] 14:57:17.470852 libssl.so.3->EVP_PKEY_keygen(0xaaab0eb03bf0, 0xffffcf829490, 0, 0) = 1 <0.000237>
[pid 307] 14:57:17.472323 libssl.so.3->EVP_PKEY_derive_init(0xaaab0eb03bf0, 0, 0, 0xaaab0eb03c60) = 1 <0.000146>
[pid 307] 14:57:17.472514 libssl.so.3->EVP_PKEY_derive_set_peer(0xaaab0eb03bf0, 0xaaab0eb007f0, 0, 0xffffa4916980) = 1 <0.000097>
[pid 307] 14:57:17.472662 libssl.so.3->EVP_PKEY_derive(0xaaab0eb03bf0, 0, 0xffffcf829420, 0) = 1 <0.000087>
[pid 307] 14:57:17.472795 libssl.so.3->EVP_PKEY_derive(0xaaab0eb03bf0, 0xaaab0eb02630, 0xffffcf829420, 0xaaab0eb02600) = 1 <0.000215>
[pid 307] 14:57:17.473673 libssl.so.3->X509_verify_cert(0xaaab0eafaf50, 0, 0, 0xffffffff) = 1 <0.000367>
[pid 307] 14:57:17.474243 libssl.so.3->EVP_DigestVerifyInit_ex(0xaaab0ea29750, 0xffffcf829518, 0, 0) = 1 <0.000145>
[pid 307] 14:57:17.474448 libssl.so.3->EVP_DigestVerify(0xaaab0ea29750, 0xaaab0eb05e68, 2420, 0xffffcf829520) = 1 <0.000183>
[pid 307] 14:57:17.474855 libssl.so.3->X509_verify_cert(0xaaab0eafaf50, 1, 0, 0) = 1 <0.000230>
[pid 307] 14:57:17.475293 libssl.so.3->EVP_DigestSignInit_ex(0xaaab0eb19e50, 0xffffcf829500, 0, 0) = 1 <0.000115>
[pid 307] 14:57:17.475452 libssl.so.3->EVP_DigestSign(0xaaab0eb19e50, 0, 0xffffcf829510, 0xffffcf829520) = 1 <0.000175>
[pid 307] 14:57:17.475698 libssl.so.3->EVP_DigestSign(0xaaab0eb19e50, 0xaaab0eb19fe0, 0xffffcf829510, 0xffffcf829520) = 1 <0.000344>
[pid 307] 14:57:17.476316 <... SSL_connect resumed> ) = 1 <0.005971>
Handshake duration: 6.17 ms
[pid 307] 14:57:17.477696 +++ exited (status 0) +++
Execution 55 - TLS Mutual
s_connection: verify depth is 1
[pid 309] 14:57:17.505776 openssl->SSL_connect(0xaaaafb6bd070, 0xaaaafb698998, 0xffffbc5e40e0, 0 <unfinished ...>
[pid 309] 14:57:17.506115 libssl.so.3->EVP_PKEY_keygen_init(0xaaaafb6c5bf0, 0, 0, 0xaaaafb6c5c60) = 1 <0.000114>
[pid 309] 14:57:17.506296 libssl.so.3->EVP_PKEY_keygen(0xaaaafb6c5bf0, 0xfffff07ae460, 0, 0) = 1 <0.000270>
[pid 309] 14:57:17.507793 libssl.so.3->EVP_PKEY_derive_init(0xaaaafb6c5bf0, 0, 0, 0xaaaafb6c5c60) = 1 <0.000109>
[pid 309] 14:57:17.507951 libssl.so.3->EVP_PKEY_derive_set_peer(0xaaaafb6c5bf0, 0xaaaafb6c27f0, 0, 0xffffbc316980) = 1 <0.000137>
[pid 309] 14:57:17.508137 libssl.so.3->EVP_PKEY_derive(0xaaaafb6c5bf0, 0, 0xfffff07ae3f0, 0) = 1 <0.000104>
[pid 309] 14:57:17.508308 libssl.so.3->EVP_PKEY_derive(0xaaaafb6c5bf0, 0xaaaafb6c4630, 0xfffff07ae3f0, 0xaaaafb6c4600) = 1 <0.000157>
[pid 309] 14:57:17.509141 libssl.so.3->X509_verify_cert(0xaaaafb6bcf50, 0, 0, 0xffffffff) = 1 <0.000396>
[pid 309] 14:57:17.509778 libssl.so.3->EVP_DigestVerifyInit_ex(0xaaaafb5eb750, 0xfffff07ae4e8, 0, 0) = 1 <0.000118>
[pid 309] 14:57:17.510004 libssl.so.3->EVP_DigestVerify(0xaaaafb5eb750, 0xaaaafb6c7e68, 2420, 0xfffff07ae4f0) = 1 <0.000199>
[pid 309] 14:57:17.510395 libssl.so.3->X509_verify_cert(0xaaaafb6bcf50, 1, 0, 0) = 1 <0.000202>
[pid 309] 14:57:17.510779 libssl.so.3->EVP_DigestSignInit_ex(0xaaaafb6dbe50, 0xfffff07ae4d0, 0, 0) = 1 <0.000104>
[pid 309] 14:57:17.510957 libssl.so.3->EVP_DigestSign(0xaaaafb6dbe50, 0, 0xfffff07ae4e0, 0xfffff07ae4f0) = 1 <0.000121>
[pid 309] 14:57:17.511128 libssl.so.3->EVP_DigestSign(0xaaaafb6dbe50, 0xaaaafb6dbfe0, 0xfffff07ae4e0, 0xfffff07ae4f0) = 1 <0.000422>
[pid 309] 14:57:17.511820 <... SSL_connect resumed> ) = 1 <0.006040>
Handshake duration: 6.22 ms
[pid 309] 14:57:17.513160 +++ exited (status 0) +++
Execution 56 - TLS Mutual
s_connection: verify depth is 1
[pid 311] 14:57:17.541126 openssl->SSL_connect(0xaaaabe6bb070, 0xaaaabe696998, 0xffffa8d140e0, 0 <unfinished ...>
[pid 311] 14:57:17.541508 libssl.so.3->EVP_PKEY_keygen_init(0xaaaabe6c3bf0, 0, 0, 0xaaaabe6c3c60) = 1 <0.000111>
[pid 311] 14:57:17.541676 libssl.so.3->EVP_PKEY_keygen(0xaaaabe6c3bf0, 0xffffc4aacbc0, 0, 0) = 1 <0.000207>
[pid 311] 14:57:17.543108 libssl.so.3->EVP_PKEY_derive_init(0xaaaabe6c3bf0, 0, 0, 0xaaaabe6c3c60) = 1 <0.000108>
[pid 311] 14:57:17.543269 libssl.so.3->EVP_PKEY_derive_set_peer(0xaaaabe6c3bf0, 0xaaaabe6c07f0, 0, 0xffffa8916980) = 1 <0.000151>
[pid 311] 14:57:17.543551 libssl.so.3->EVP_PKEY_derive(0xaaaabe6c3bf0, 0, 0xffffc4aacb50, 0) = 1 <0.000104>
[pid 311] 14:57:17.543705 libssl.so.3->EVP_PKEY_derive(0xaaaabe6c3bf0, 0xaaaabe6c2630, 0xffffc4aacb50, 0xaaaabe6c2600) = 1 <0.000123>
[pid 311] 14:57:17.544529 libssl.so.3->X509_verify_cert(0xaaaabe6baf50, 0, 0, 0xffffffff) = 1 <0.000391>
[pid 311] 14:57:17.545134 libssl.so.3->EVP_DigestVerifyInit_ex(0xaaaabe5e9750, 0xffffc4aacc48, 0, 0) = 1 <0.000111>
[pid 311] 14:57:17.545314 libssl.so.3->EVP_DigestVerify(0xaaaabe5e9750, 0xaaaabe6c5e68, 2420, 0xffffc4aacc50) = 1 <0.000174>
[pid 311] 14:57:17.545687 libssl.so.3->X509_verify_cert(0xaaaabe6baf50, 1, 0, 0) = 1 <0.000166>
[pid 311] 14:57:17.546011 libssl.so.3->EVP_DigestSignInit_ex(0xaaaabe6d9e50, 0xffffc4aacc30, 0, 0) = 1 <0.000100>
[pid 311] 14:57:17.546161 libssl.so.3->EVP_DigestSign(0xaaaabe6d9e50, 0, 0xffffc4aacc40, 0xffffc4aacc50) = 1 <0.000112>
[pid 311] 14:57:17.546351 libssl.so.3->EVP_DigestSign(0xaaaabe6d9e50, 0xaaaabe6d9fe0, 0xffffc4aacc40, 0xffffc4aacc50) = 1 <0.000358>
[pid 311] 14:57:17.546917 <... SSL_connect resumed> ) = 1 <0.005786>
Handshake duration: 5.94 ms
[pid 311] 14:57:17.548243 +++ exited (status 0) +++
Execution 57 - TLS Mutual
s_connection: verify depth is 1
[pid 313] 14:57:17.575842 openssl->SSL_connect(0xaaab1985e070, 0xaaab19839998, 0xffffae6e40e0, 0 <unfinished ...>
[pid 313] 14:57:17.576162 libssl.so.3->EVP_PKEY_keygen_init(0xaaab19866bf0, 0, 0, 0xaaab19866c60) = 1 <0.000162>
[pid 313] 14:57:17.576378 libssl.so.3->EVP_PKEY_keygen(0xaaab19866bf0, 0xffffdfb76be0, 0, 0) = 1 <0.000220>
[pid 313] 14:57:17.577793 libssl.so.3->EVP_PKEY_derive_init(0xaaab19866bf0, 0, 0, 0xaaab19866c60) = 1 <0.000143>
[pid 313] 14:57:17.577996 libssl.so.3->EVP_PKEY_derive_set_peer(0xaaab19866bf0, 0xaaab198637f0, 0, 0xffffae316980) = 1 <0.000133>
[pid 313] 14:57:17.578180 libssl.so.3->EVP_PKEY_derive(0xaaab19866bf0, 0, 0xffffdfb76b70, 0) = 1 <0.000160>
[pid 313] 14:57:17.578405 libssl.so.3->EVP_PKEY_derive(0xaaab19866bf0, 0xaaab19865630, 0xffffdfb76b70, 0xaaab19865600) = 1 <0.000166>
[pid 313] 14:57:17.579228 libssl.so.3->X509_verify_cert(0xaaab1985df50, 0, 0, 0xffffffff) = 1 <0.000366>
[pid 313] 14:57:17.579799 libssl.so.3->EVP_DigestVerifyInit_ex(0xaaab1978c750, 0xffffdfb76c68, 0, 0) = 1 <0.000114>
[pid 313] 14:57:17.579982 libssl.so.3->EVP_DigestVerify(0xaaab1978c750, 0xaaab19868e68, 2420, 0xffffdfb76c70) = 1 <0.000234>
[pid 313] 14:57:17.580464 libssl.so.3->X509_verify_cert(0xaaab1985df50, 1, 0, 0) = 1 <0.000204>
[pid 313] 14:57:17.580833 libssl.so.3->EVP_DigestSignInit_ex(0xaaab1987ce50, 0xffffdfb76c50, 0, 0) = 1 <0.000099>
[pid 313] 14:57:17.581011 libssl.so.3->EVP_DigestSign(0xaaab1987ce50, 0, 0xffffdfb76c60, 0xffffdfb76c70) = 1 <0.000192>
[pid 313] 14:57:17.581318 libssl.so.3->EVP_DigestSign(0xaaab1987ce50, 0xaaab1987cfe0, 0xffffdfb76c60, 0xffffdfb76c70) = 1 <0.000333>
[pid 313] 14:57:17.581881 <... SSL_connect resumed> ) = 1 <0.006034>
Handshake duration: 6.24 ms
[pid 313] 14:57:17.583228 +++ exited (status 0) +++
Execution 58 - TLS Mutual
s_connection: verify depth is 1
[pid 315] 14:57:17.610468 openssl->SSL_connect(0xaaab114ed070, 0xaaab114c8998, 0xffff9e5640e0, 0 <unfinished ...>
[pid 315] 14:57:17.610772 libssl.so.3->EVP_PKEY_keygen_init(0xaaab114f5bf0, 0, 0, 0xaaab114f5c60) = 1 <0.000161>
[pid 315] 14:57:17.610980 libssl.so.3->EVP_PKEY_keygen(0xaaab114f5bf0, 0xfffff0ace690, 0, 0) = 1 <0.000278>
[pid 315] 14:57:17.612429 libssl.so.3->EVP_PKEY_derive_init(0xaaab114f5bf0, 0, 0, 0xaaab114f5c60) = 1 <0.000128>
[pid 315] 14:57:17.612601 libssl.so.3->EVP_PKEY_derive_set_peer(0xaaab114f5bf0, 0xaaab114f27f0, 0, 0xffff9e116980) = 1 <0.000104>
[pid 315] 14:57:17.612760 libssl.so.3->EVP_PKEY_derive(0xaaab114f5bf0, 0, 0xfffff0ace620, 0) = 1 <0.000108>
[pid 315] 14:57:17.612915 libssl.so.3->EVP_PKEY_derive(0xaaab114f5bf0, 0xaaab114f4630, 0xfffff0ace620, 0xaaab114f4600) = 1 <0.000185>
[pid 315] 14:57:17.613787 libssl.so.3->X509_verify_cert(0xaaab114ecf50, 0, 0, 0xffffffff) = 1 <0.000400>
[pid 315] 14:57:17.614416 libssl.so.3->EVP_DigestVerifyInit_ex(0xaaab1141b750, 0xfffff0ace718, 0, 0) = 1 <0.000121>
[pid 315] 14:57:17.614588 libssl.so.3->EVP_DigestVerify(0xaaab1141b750, 0xaaab114f7e68, 2420, 0xfffff0ace720) = 1 <0.000167>
[pid 315] 14:57:17.615014 libssl.so.3->X509_verify_cert(0xaaab114ecf50, 1, 0, 0) = 1 <0.000193>
[pid 315] 14:57:17.615385 libssl.so.3->EVP_DigestSignInit_ex(0xaaab1150be50, 0xfffff0ace700, 0, 0) = 1 <0.000127>
[pid 315] 14:57:17.615556 libssl.so.3->EVP_DigestSign(0xaaab1150be50, 0, 0xfffff0ace710, 0xfffff0ace720) = 1 <0.000085>
[pid 315] 14:57:17.615695 libssl.so.3->EVP_DigestSign(0xaaab1150be50, 0xaaab1150bfe0, 0xfffff0ace710, 0xfffff0ace720) = 1 <0.000413>
[pid 315] 14:57:17.616387 <... SSL_connect resumed> ) = 1 <0.005914>
Handshake duration: 6.07 ms
[pid 315] 14:57:17.617721 +++ exited (status 0) +++
Execution 59 - TLS Mutual
s_connection: verify depth is 1
[pid 317] 14:57:17.645027 openssl->SSL_connect(0xaaab0cbb3070, 0xaaab0cb8e998, 0xffffaf6c40e0, 0 <unfinished ...>
[pid 317] 14:57:17.645336 libssl.so.3->EVP_PKEY_keygen_init(0xaaab0cbbbbf0, 0, 0, 0xaaab0cbbbc60) = 1 <0.000118>
[pid 317] 14:57:17.645516 libssl.so.3->EVP_PKEY_keygen(0xaaab0cbbbbf0, 0xfffff6b21990, 0, 0) = 1 <0.000245>
[pid 317] 14:57:17.646942 libssl.so.3->EVP_PKEY_derive_init(0xaaab0cbbbbf0, 0, 0, 0xaaab0cbbbc60) = 1 <0.000111>
[pid 317] 14:57:17.647100 libssl.so.3->EVP_PKEY_derive_set_peer(0xaaab0cbbbbf0, 0xaaab0cbb87f0, 0, 0xffffaf316980) = 1 <0.000152>
[pid 317] 14:57:17.647325 libssl.so.3->EVP_PKEY_derive(0xaaab0cbbbbf0, 0, 0xfffff6b21920, 0) = 1 <0.000153>
[pid 317] 14:57:17.647548 libssl.so.3->EVP_PKEY_derive(0xaaab0cbbbbf0, 0xaaab0cbba630, 0xfffff6b21920, 0xaaab0cbba600) = 1 <0.000173>
[pid 317] 14:57:17.648608 libssl.so.3->X509_verify_cert(0xaaab0cbb2f50, 0, 0, 0xffffffff) = 1 <0.000358>
[pid 317] 14:57:17.649188 libssl.so.3->EVP_DigestVerifyInit_ex(0xaaab0cae1750, 0xfffff6b21a18, 0, 0) = 1 <0.000126>
[pid 317] 14:57:17.649358 libssl.so.3->EVP_DigestVerify(0xaaab0cae1750, 0xaaab0cbbde68, 2420, 0xfffff6b21a20) = 1 <0.000182>
[pid 317] 14:57:17.649748 libssl.so.3->X509_verify_cert(0xaaab0cbb2f50, 1, 0, 0) = 1 <0.000207>
[pid 317] 14:57:17.650138 libssl.so.3->EVP_DigestSignInit_ex(0xaaab0cbd1e50, 0xfffff6b21a00, 0, 0) = 1 <0.000118>
[pid 317] 14:57:17.650300 libssl.so.3->EVP_DigestSign(0xaaab0cbd1e50, 0, 0xfffff6b21a10, 0xfffff6b21a20) = 1 <0.000097>
[pid 317] 14:57:17.650440 libssl.so.3->EVP_DigestSign(0xaaab0cbd1e50, 0xaaab0cbd1fe0, 0xfffff6b21a10, 0xfffff6b21a20) = 1 <0.000257>
[pid 317] 14:57:17.650935 <... SSL_connect resumed> ) = 1 <0.005903>
Handshake duration: 6.04 ms
[pid 317] 14:57:17.652258 +++ exited (status 0) +++
Execution 60 - TLS Mutual
s_connection: verify depth is 1
[pid 319] 14:57:17.681852 openssl->SSL_connect(0xaaaaefeda070, 0xaaaaefeb5998, 0xffffaffa40e0, 0 <unfinished ...>
[pid 319] 14:57:17.682281 libssl.so.3->EVP_PKEY_keygen_init(0xaaaaefee2bf0, 0, 0, 0xaaaaefee2c60) = 1 <0.000137>
[pid 319] 14:57:17.682467 libssl.so.3->EVP_PKEY_keygen(0xaaaaefee2bf0, 0xfffff6d14480, 0, 0) = 1 <0.000252>
[pid 319] 14:57:17.683994 libssl.so.3->EVP_PKEY_derive_init(0xaaaaefee2bf0, 0, 0, 0xaaaaefee2c60) = 1 <0.000104>
[pid 319] 14:57:17.684188 libssl.so.3->EVP_PKEY_derive_set_peer(0xaaaaefee2bf0, 0xaaaaefedf7f0, 0, 0xffffafb16980) = 1 <0.000261>
[pid 319] 14:57:17.684472 libssl.so.3->EVP_PKEY_derive(0xaaaaefee2bf0, 0, 0xfffff6d14410, 0) = 1 <0.000155>
[pid 319] 14:57:17.684686 libssl.so.3->EVP_PKEY_derive(0xaaaaefee2bf0, 0xaaaaefee1630, 0xfffff6d14410, 0xaaaaefee1600) = 1 <0.000210>
[pid 319] 14:57:17.685589 libssl.so.3->X509_verify_cert(0xaaaaefed9f50, 0, 0, 0xffffffff) = 1 <0.000378>
[pid 319] 14:57:17.686188 libssl.so.3->EVP_DigestVerifyInit_ex(0xaaaaefe08750, 0xfffff6d14508, 0, 0) = 1 <0.000105>
[pid 319] 14:57:17.686415 libssl.so.3->EVP_DigestVerify(0xaaaaefe08750, 0xaaaaefee4e68, 2420, 0xfffff6d14510) = 1 <0.000200>
[pid 319] 14:57:17.686842 libssl.so.3->X509_verify_cert(0xaaaaefed9f50, 1, 0, 0) = 1 <0.000215>
[pid 319] 14:57:17.687271 libssl.so.3->EVP_DigestSignInit_ex(0xaaaaefef8e50, 0xfffff6d144f0, 0, 0) = 1 <0.000102>
[pid 319] 14:57:17.687413 libssl.so.3->EVP_DigestSign(0xaaaaefef8e50, 0, 0xfffff6d14500, 0xfffff6d14510) = 1 <0.000094>
[pid 319] 14:57:17.687560 libssl.so.3->EVP_DigestSign(0xaaaaefef8e50, 0xaaaaefef8fe0, 0xfffff6d14500, 0xfffff6d14510) = 1 <0.000473>
[pid 319] 14:57:17.688343 <... SSL_connect resumed> ) = 1 <0.006446>
Handshake duration: 6.72 ms
[pid 319] 14:57:17.689852 +++ exited (status 0) +++
Execution 61 - TLS Mutual
s_connection: verify depth is 1
[pid 321] 14:57:17.717950 openssl->SSL_connect(0xaaaaf93fe070, 0xaaaaf93d9998, 0xffffb63f40e0, 0 <unfinished ...>
[pid 321] 14:57:17.718292 libssl.so.3->EVP_PKEY_keygen_init(0xaaaaf9406bf0, 0, 0, 0xaaaaf9406c60) = 1 <0.000125>
[pid 321] 14:57:17.718507 libssl.so.3->EVP_PKEY_keygen(0xaaaaf9406bf0, 0xffffea30c590, 0, 0) = 1 <0.000303>
[pid 321] 14:57:17.720013 libssl.so.3->EVP_PKEY_derive_init(0xaaaaf9406bf0, 0, 0, 0xaaaaf9406c60) = 1 <0.000155>
[pid 321] 14:57:17.720224 libssl.so.3->EVP_PKEY_derive_set_peer(0xaaaaf9406bf0, 0xaaaaf94037f0, 0, 0xffffb6116980) = 1 <0.000161>
[pid 321] 14:57:17.720442 libssl.so.3->EVP_PKEY_derive(0xaaaaf9406bf0, 0, 0xffffea30c520, 0) = 1 <0.000231>
[pid 321] 14:57:17.720738 libssl.so.3->EVP_PKEY_derive(0xaaaaf9406bf0, 0xaaaaf9405630, 0xffffea30c520, 0xaaaaf9405600) = 1 <0.000175>
[pid 321] 14:57:17.721572 libssl.so.3->X509_verify_cert(0xaaaaf93fdf50, 0, 0, 0xffffffff) = 1 <0.000387>
[pid 321] 14:57:17.722179 libssl.so.3->EVP_DigestVerifyInit_ex(0xaaaaf932c750, 0xffffea30c618, 0, 0) = 1 <0.000146>
[pid 321] 14:57:17.722383 libssl.so.3->EVP_DigestVerify(0xaaaaf932c750, 0xaaaaf9408e68, 2420, 0xffffea30c620) = 1 <0.000223>
[pid 321] 14:57:17.722816 libssl.so.3->X509_verify_cert(0xaaaaf93fdf50, 1, 0, 0) = 1 <0.000185>
[pid 321] 14:57:17.723209 libssl.so.3->EVP_DigestSignInit_ex(0xaaaaf941ce50, 0xffffea30c600, 0, 0) = 1 <0.000098>
[pid 321] 14:57:17.723411 libssl.so.3->EVP_DigestSign(0xaaaaf941ce50, 0, 0xffffea30c610, 0xffffea30c620) = 1 <0.000114>
[pid 321] 14:57:17.723625 libssl.so.3->EVP_DigestSign(0xaaaaf941ce50, 0xaaaaf941cfe0, 0xffffea30c610, 0xffffea30c620) = 1 <0.000480>
[pid 321] 14:57:17.724418 <... SSL_connect resumed> ) = 1 <0.006464>
Handshake duration: 6.59 ms
[pid 321] 14:57:17.725785 +++ exited (status 0) +++
Execution 62 - TLS Mutual
s_connection: verify depth is 1
[pid 323] 14:57:17.753152 openssl->SSL_connect(0xaaab1a76f070, 0xaaab1a74a998, 0xffff948840e0, 0 <unfinished ...>
[pid 323] 14:57:17.753501 libssl.so.3->EVP_PKEY_keygen_init(0xaaab1a777bf0, 0, 0, 0xaaab1a777c60) = 1 <0.000117>
[pid 323] 14:57:17.753701 libssl.so.3->EVP_PKEY_keygen(0xaaab1a777bf0, 0xffffe2d918e0, 0, 0) = 1 <0.000238>
[pid 323] 14:57:17.755197 libssl.so.3->EVP_PKEY_derive_init(0xaaab1a777bf0, 0, 0, 0xaaab1a777c60) = 1 <0.000141>
[pid 323] 14:57:17.755448 libssl.so.3->EVP_PKEY_derive_set_peer(0xaaab1a777bf0, 0xaaab1a7747f0, 0, 0xffff94516980) = 1 <0.000132>
[pid 323] 14:57:17.755628 libssl.so.3->EVP_PKEY_derive(0xaaab1a777bf0, 0, 0xffffe2d91870, 0) = 1 <0.000157>
[pid 323] 14:57:17.755840 libssl.so.3->EVP_PKEY_derive(0xaaab1a777bf0, 0xaaab1a776630, 0xffffe2d91870, 0xaaab1a776600) = 1 <0.000181>
[pid 323] 14:57:17.756682 libssl.so.3->X509_verify_cert(0xaaab1a76ef50, 0, 0, 0xffffffff) = 1 <0.000338>
[pid 323] 14:57:17.757232 libssl.so.3->EVP_DigestVerifyInit_ex(0xaaab1a69d750, 0xffffe2d91968, 0, 0) = 1 <0.000099>
[pid 323] 14:57:17.757385 libssl.so.3->EVP_DigestVerify(0xaaab1a69d750, 0xaaab1a779e68, 2420, 0xffffe2d91970) = 1 <0.000179>
[pid 323] 14:57:17.757800 libssl.so.3->X509_verify_cert(0xaaab1a76ef50, 1, 0, 0) = 1 <0.000201>
[pid 323] 14:57:17.758165 libssl.so.3->EVP_DigestSignInit_ex(0xaaab1a78de50, 0xffffe2d91950, 0, 0) = 1 <0.000146>
[pid 323] 14:57:17.758378 libssl.so.3->EVP_DigestSign(0xaaab1a78de50, 0, 0xffffe2d91960, 0xffffe2d91970) = 1 <0.000108>
[pid 323] 14:57:17.758552 libssl.so.3->EVP_DigestSign(0xaaab1a78de50, 0xaaab1a78dfe0, 0xffffe2d91960, 0xffffe2d91970) = 1 <0.000352>
[pid 323] 14:57:17.759153 <... SSL_connect resumed> ) = 1 <0.005995>
Handshake duration: 6.23 ms
[pid 323] 14:57:17.760582 +++ exited (status 0) +++
Execution 63 - TLS Mutual
s_connection: verify depth is 1
[pid 325] 14:57:17.788270 openssl->SSL_connect(0xaaab04ebd070, 0xaaab04e98998, 0xffff886b40e0, 0 <unfinished ...>
[pid 325] 14:57:17.788615 libssl.so.3->EVP_PKEY_keygen_init(0xaaab04ec5bf0, 0, 0, 0xaaab04ec5c60) = 1 <0.000129>
[pid 325] 14:57:17.788871 libssl.so.3->EVP_PKEY_keygen(0xaaab04ec5bf0, 0xffffc4749920, 0, 0) = 1 <0.000218>
[pid 325] 14:57:17.790346 libssl.so.3->EVP_PKEY_derive_init(0xaaab04ec5bf0, 0, 0, 0xaaab04ec5c60) = 1 <0.000119>
[pid 325] 14:57:17.790538 libssl.so.3->EVP_PKEY_derive_set_peer(0xaaab04ec5bf0, 0xaaab04ec27f0, 0, 0xffff88316980) = 1 <0.000166>
[pid 325] 14:57:17.790750 libssl.so.3->EVP_PKEY_derive(0xaaab04ec5bf0, 0, 0xffffc47498b0, 0) = 1 <0.000180>
[pid 325] 14:57:17.790975 libssl.so.3->EVP_PKEY_derive(0xaaab04ec5bf0, 0xaaab04ec4630, 0xffffc47498b0, 0xaaab04ec4600) = 1 <0.000153>
[pid 325] 14:57:17.791818 libssl.so.3->X509_verify_cert(0xaaab04ebcf50, 0, 0, 0xffffffff) = 1 <0.000350>
[pid 325] 14:57:17.792418 libssl.so.3->EVP_DigestVerifyInit_ex(0xaaab04deb750, 0xffffc47499a8, 0, 0) = 1 <0.000118>
[pid 325] 14:57:17.792598 libssl.so.3->EVP_DigestVerify(0xaaab04deb750, 0xaaab04ec7e68, 2420, 0xffffc47499b0) = 1 <0.000207>
[pid 325] 14:57:17.793037 libssl.so.3->X509_verify_cert(0xaaab04ebcf50, 1, 0, 0) = 1 <0.000235>
[pid 325] 14:57:17.793463 libssl.so.3->EVP_DigestSignInit_ex(0xaaab04edbe50, 0xffffc4749990, 0, 0) = 1 <0.000143>
[pid 325] 14:57:17.793664 libssl.so.3->EVP_DigestSign(0xaaab04edbe50, 0, 0xffffc47499a0, 0xffffc47499b0) = 1 <0.000115>
[pid 325] 14:57:17.793838 libssl.so.3->EVP_DigestSign(0xaaab04edbe50, 0xaaab04edbfe0, 0xffffc47499a0, 0xffffc47499b0) = 1 <0.000366>
[pid 325] 14:57:17.794514 <... SSL_connect resumed> ) = 1 <0.006240>
Handshake duration: 6.37 ms
[pid 325] 14:57:17.795933 +++ exited (status 0) +++
Execution 64 - TLS Mutual
s_connection: verify depth is 1
[pid 327] 14:57:17.823790 openssl->SSL_connect(0xaaab101c9070, 0xaaab101a4998, 0xffff8f9c40e0, 0 <unfinished ...>
[pid 327] 14:57:17.824106 libssl.so.3->EVP_PKEY_keygen_init(0xaaab101d1bf0, 0, 0, 0xaaab101d1c60) = 1 <0.000108>
[pid 327] 14:57:17.824266 libssl.so.3->EVP_PKEY_keygen(0xaaab101d1bf0, 0xffffcf2ceef0, 0, 0) = 1 <0.000209>
[pid 327] 14:57:17.825656 libssl.so.3->EVP_PKEY_derive_init(0xaaab101d1bf0, 0, 0, 0xaaab101d1c60) = 1 <0.000093>
[pid 327] 14:57:17.825793 libssl.so.3->EVP_PKEY_derive_set_peer(0xaaab101d1bf0, 0xaaab101ce7f0, 0, 0xffff8f516980) = 1 <0.000103>
[pid 327] 14:57:17.825967 libssl.so.3->EVP_PKEY_derive(0xaaab101d1bf0, 0, 0xffffcf2cee80, 0) = 1 <0.000153>
[pid 327] 14:57:17.826166 libssl.so.3->EVP_PKEY_derive(0xaaab101d1bf0, 0xaaab101d0630, 0xffffcf2cee80, 0xaaab101d0600) = 1 <0.000139>
[pid 327] 14:57:17.826964 libssl.so.3->X509_verify_cert(0xaaab101c8f50, 0, 0, 0xffffffff) = 1 <0.000375>
[pid 327] 14:57:17.827559 libssl.so.3->EVP_DigestVerifyInit_ex(0xaaab100f7750, 0xffffcf2cef78, 0, 0) = 1 <0.000121>
[pid 327] 14:57:17.827741 libssl.so.3->EVP_DigestVerify(0xaaab100f7750, 0xaaab101d3e68, 2420, 0xffffcf2cef80) = 1 <0.000191>
[pid 327] 14:57:17.828144 libssl.so.3->X509_verify_cert(0xaaab101c8f50, 1, 0, 0) = 1 <0.000210>
[pid 327] 14:57:17.828514 libssl.so.3->EVP_DigestSignInit_ex(0xaaab101e7e50, 0xffffcf2cef60, 0, 0) = 1 <0.000106>
[pid 327] 14:57:17.828664 libssl.so.3->EVP_DigestSign(0xaaab101e7e50, 0, 0xffffcf2cef70, 0xffffcf2cef80) = 1 <0.000107>
[pid 327] 14:57:17.828878 libssl.so.3->EVP_DigestSign(0xaaab101e7e50, 0xaaab101e7fe0, 0xffffcf2cef70, 0xffffcf2cef80) = 1 <0.000309>
[pid 327] 14:57:17.829464 <... SSL_connect resumed> ) = 1 <0.005669>
Handshake duration: 5.81 ms
[pid 327] 14:57:17.830850 +++ exited (status 0) +++
Execution 65 - TLS Mutual
s_connection: verify depth is 1
[pid 329] 14:57:17.858394 openssl->SSL_connect(0xaaaacdafb070, 0xaaaacdad6998, 0xffffb75a40e0, 0 <unfinished ...>
[pid 329] 14:57:17.858771 libssl.so.3->EVP_PKEY_keygen_init(0xaaaacdb03bf0, 0, 0, 0xaaaacdb03c60) = 1 <0.000110>
[pid 329] 14:57:17.858958 libssl.so.3->EVP_PKEY_keygen(0xaaaacdb03bf0, 0xffffe975a250, 0, 0) = 1 <0.000292>
[pid 329] 14:57:17.860443 libssl.so.3->EVP_PKEY_derive_init(0xaaaacdb03bf0, 0, 0, 0xaaaacdb03c60) = 1 <0.000148>
[pid 329] 14:57:17.860664 libssl.so.3->EVP_PKEY_derive_set_peer(0xaaaacdb03bf0, 0xaaaacdb007f0, 0, 0xffffb7116980) = 1 <0.000115>
[pid 329] 14:57:17.860851 libssl.so.3->EVP_PKEY_derive(0xaaaacdb03bf0, 0, 0xffffe975a1e0, 0) = 1 <0.000120>
[pid 329] 14:57:17.861011 libssl.so.3->EVP_PKEY_derive(0xaaaacdb03bf0, 0xaaaacdb02630, 0xffffe975a1e0, 0xaaaacdb02600) = 1 <0.000201>
[pid 329] 14:57:17.861925 libssl.so.3->X509_verify_cert(0xaaaacdafaf50, 0, 0, 0xffffffff) = 1 <0.000387>
[pid 329] 14:57:17.862542 libssl.so.3->EVP_DigestVerifyInit_ex(0xaaaacda29750, 0xffffe975a2d8, 0, 0) = 1 <0.000144>
[pid 329] 14:57:17.862760 libssl.so.3->EVP_DigestVerify(0xaaaacda29750, 0xaaaacdb05e68, 2420, 0xffffe975a2e0) = 1 <0.000215>
[pid 329] 14:57:17.863181 libssl.so.3->X509_verify_cert(0xaaaacdafaf50, 1, 0, 0) = 1 <0.000208>
[pid 329] 14:57:17.863589 libssl.so.3->EVP_DigestSignInit_ex(0xaaaacdb19e50, 0xffffe975a2c0, 0, 0) = 1 <0.000114>
[pid 329] 14:57:17.863776 libssl.so.3->EVP_DigestSign(0xaaaacdb19e50, 0, 0xffffe975a2d0, 0xffffe975a2e0) = 1 <0.000157>
[pid 329] 14:57:17.864024 libssl.so.3->EVP_DigestSign(0xaaaacdb19e50, 0xaaaacdb19fe0, 0xffffe975a2d0, 0xffffe975a2e0) = 1 <0.000489>
[pid 329] 14:57:17.864741 <... SSL_connect resumed> ) = 1 <0.006343>
Handshake duration: 6.49 ms
[pid 329] 14:57:17.866034 +++ exited (status 0) +++
Execution 66 - TLS Mutual
s_connection: verify depth is 1
[pid 331] 14:57:17.893554 openssl->SSL_connect(0xaaab0fefe070, 0xaaab0fed9998, 0xffffaa1940e0, 0 <unfinished ...>
[pid 331] 14:57:17.893894 libssl.so.3->EVP_PKEY_keygen_init(0xaaab0ff06bf0, 0, 0, 0xaaab0ff06c60) = 1 <0.000129>
[pid 331] 14:57:17.894071 libssl.so.3->EVP_PKEY_keygen(0xaaab0ff06bf0, 0xfffff78bf4e0, 0, 0) = 1 <0.000193>
[pid 331] 14:57:17.895515 libssl.so.3->EVP_PKEY_derive_init(0xaaab0ff06bf0, 0, 0, 0xaaab0ff06c60) = 1 <0.000140>
[pid 331] 14:57:17.895723 libssl.so.3->EVP_PKEY_derive_set_peer(0xaaab0ff06bf0, 0xaaab0ff037f0, 0, 0xffffa9d16980) = 1 <0.000099>
[pid 331] 14:57:17.895878 libssl.so.3->EVP_PKEY_derive(0xaaab0ff06bf0, 0, 0xfffff78bf470, 0) = 1 <0.000111>
[pid 331] 14:57:17.896048 libssl.so.3->EVP_PKEY_derive(0xaaab0ff06bf0, 0xaaab0ff05630, 0xfffff78bf470, 0xaaab0ff05600) = 1 <0.000225>
[pid 331] 14:57:17.896981 libssl.so.3->X509_verify_cert(0xaaab0fefdf50, 0, 0, 0xffffffff) = 1 <0.000360>
[pid 331] 14:57:17.897543 libssl.so.3->EVP_DigestVerifyInit_ex(0xaaab0fe2c750, 0xfffff78bf568, 0, 0) = 1 <0.000128>
[pid 331] 14:57:17.897742 libssl.so.3->EVP_DigestVerify(0xaaab0fe2c750, 0xaaab0ff08e68, 2420, 0xfffff78bf570) = 1 <0.000174>
[pid 331] 14:57:17.898150 libssl.so.3->X509_verify_cert(0xaaab0fefdf50, 1, 0, 0) = 1 <0.000252>
[pid 331] 14:57:17.898574 libssl.so.3->EVP_DigestSignInit_ex(0xaaab0ff1ce50, 0xfffff78bf550, 0, 0) = 1 <0.000150>
[pid 331] 14:57:17.898776 libssl.so.3->EVP_DigestSign(0xaaab0ff1ce50, 0, 0xfffff78bf560, 0xfffff78bf570) = 1 <0.000129>
[pid 331] 14:57:17.898952 libssl.so.3->EVP_DigestSign(0xaaab0ff1ce50, 0xaaab0ff1cfe0, 0xfffff78bf560, 0xfffff78bf570) = 1 <0.000406>
[pid 331] 14:57:17.899619 <... SSL_connect resumed> ) = 1 <0.006056>
Handshake duration: 6.21 ms
[pid 331] 14:57:17.901013 +++ exited (status 0) +++
Execution 67 - TLS Mutual
s_connection: verify depth is 1
[pid 333] 14:57:17.928797 openssl->SSL_connect(0xaaaad46ef070, 0xaaaad46ca998, 0xffffbd0140e0, 0 <unfinished ...>
[pid 333] 14:57:17.929128 libssl.so.3->EVP_PKEY_keygen_init(0xaaaad46f7bf0, 0, 0, 0xaaaad46f7c60) = 1 <0.000158>
[pid 333] 14:57:17.929354 libssl.so.3->EVP_PKEY_keygen(0xaaaad46f7bf0, 0xffffe26174a0, 0, 0) = 1 <0.000268>
[pid 333] 14:57:17.930809 libssl.so.3->EVP_PKEY_derive_init(0xaaaad46f7bf0, 0, 0, 0xaaaad46f7c60) = 1 <0.000091>
[pid 333] 14:57:17.930969 libssl.so.3->EVP_PKEY_derive_set_peer(0xaaaad46f7bf0, 0xaaaad46f47f0, 0, 0xffffbcd16980) = 1 <0.000085>
[pid 333] 14:57:17.931104 libssl.so.3->EVP_PKEY_derive(0xaaaad46f7bf0, 0, 0xffffe2617430, 0) = 1 <0.000102>
[pid 333] 14:57:17.931329 libssl.so.3->EVP_PKEY_derive(0xaaaad46f7bf0, 0xaaaad46f6630, 0xffffe2617430, 0xaaaad46f6600) = 1 <0.000158>
[pid 333] 14:57:17.932137 libssl.so.3->X509_verify_cert(0xaaaad46eef50, 0, 0, 0xffffffff) = 1 <0.000387>
[pid 333] 14:57:17.932724 libssl.so.3->EVP_DigestVerifyInit_ex(0xaaaad461d750, 0xffffe2617528, 0, 0) = 1 <0.000115>
[pid 333] 14:57:17.932881 libssl.so.3->EVP_DigestVerify(0xaaaad461d750, 0xaaaad46f9e68, 2420, 0xffffe2617530) = 1 <0.000171>
[pid 333] 14:57:17.933265 libssl.so.3->X509_verify_cert(0xaaaad46eef50, 1, 0, 0) = 1 <0.000203>
[pid 333] 14:57:17.933654 libssl.so.3->EVP_DigestSignInit_ex(0xaaaad470de50, 0xffffe2617510, 0, 0) = 1 <0.000104>
[pid 333] 14:57:17.933812 libssl.so.3->EVP_DigestSign(0xaaaad470de50, 0, 0xffffe2617520, 0xffffe2617530) = 1 <0.000098>
[pid 333] 14:57:17.933978 libssl.so.3->EVP_DigestSign(0xaaaad470de50, 0xaaaad470dfe0, 0xffffe2617520, 0xffffe2617530) = 1 <0.000367>
[pid 333] 14:57:17.934592 <... SSL_connect resumed> ) = 1 <0.005788>
Handshake duration: 5.95 ms
[pid 333] 14:57:17.935911 +++ exited (status 0) +++
Execution 68 - TLS Mutual
s_connection: verify depth is 1
[pid 335] 14:57:17.963044 openssl->SSL_connect(0xaaaaf5fb9070, 0xaaaaf5f94998, 0xffff9ff340e0, 0 <unfinished ...>
[pid 335] 14:57:17.963338 libssl.so.3->EVP_PKEY_keygen_init(0xaaaaf5fc1bf0, 0, 0, 0xaaaaf5fc1c60) = 1 <0.000114>
[pid 335] 14:57:17.963512 libssl.so.3->EVP_PKEY_keygen(0xaaaaf5fc1bf0, 0xffffda56ef60, 0, 0) = 1 <0.000210>
[pid 335] 14:57:17.964944 libssl.so.3->EVP_PKEY_derive_init(0xaaaaf5fc1bf0, 0, 0, 0xaaaaf5fc1c60) = 1 <0.000104>
[pid 335] 14:57:17.965118 libssl.so.3->EVP_PKEY_derive_set_peer(0xaaaaf5fc1bf0, 0xaaaaf5fbe7f0, 0, 0xffff9fb16980) = 1 <0.000133>
[pid 335] 14:57:17.965296 libssl.so.3->EVP_PKEY_derive(0xaaaaf5fc1bf0, 0, 0xffffda56eef0, 0) = 1 <0.000111>
[pid 335] 14:57:17.965466 libssl.so.3->EVP_PKEY_derive(0xaaaaf5fc1bf0, 0xaaaaf5fc0630, 0xffffda56eef0, 0xaaaaf5fc0600) = 1 <0.000162>
[pid 335] 14:57:17.966312 libssl.so.3->X509_verify_cert(0xaaaaf5fb8f50, 0, 0, 0xffffffff) = 1 <0.000344>
[pid 335] 14:57:17.966855 libssl.so.3->EVP_DigestVerifyInit_ex(0xaaaaf5ee7750, 0xffffda56efe8, 0, 0) = 1 <0.000114>
[pid 335] 14:57:17.967016 libssl.so.3->EVP_DigestVerify(0xaaaaf5ee7750, 0xaaaaf5fc3e68, 2420, 0xffffda56eff0) = 1 <0.000212>
[pid 335] 14:57:17.967430 libssl.so.3->X509_verify_cert(0xaaaaf5fb8f50, 1, 0, 0) = 1 <0.000195>
[pid 335] 14:57:17.967781 libssl.so.3->EVP_DigestSignInit_ex(0xaaaaf5fd7e50, 0xffffda56efd0, 0, 0) = 1 <0.000121>
[pid 335] 14:57:17.967971 libssl.so.3->EVP_DigestSign(0xaaaaf5fd7e50, 0, 0xffffda56efe0, 0xffffda56eff0) = 1 <0.000103>
[pid 335] 14:57:17.968133 libssl.so.3->EVP_DigestSign(0xaaaaf5fd7e50, 0xaaaaf5fd7fe0, 0xffffda56efe0, 0xffffda56eff0) = 1 <0.000708>
[pid 335] 14:57:17.969116 <... SSL_connect resumed> ) = 1 <0.006066>
Handshake duration: 6.22 ms
[pid 335] 14:57:17.970548 +++ exited (status 0) +++
Execution 69 - TLS Mutual
s_connection: verify depth is 1
[pid 337] 14:57:17.999819 openssl->SSL_connect(0xaaab029a9070, 0xaaab02984998, 0xffff9db040e0, 0 <unfinished ...>
[pid 337] 14:57:18.000121 libssl.so.3->EVP_PKEY_keygen_init(0xaaab029b1bf0, 0, 0, 0xaaab029b1c60) = 1 <0.000096>
[pid 337] 14:57:18.000286 libssl.so.3->EVP_PKEY_keygen(0xaaab029b1bf0, 0xffffc5146000, 0, 0) = 1 <0.000224>
[pid 337] 14:57:18.001700 libssl.so.3->EVP_PKEY_derive_init(0xaaab029b1bf0, 0, 0, 0xaaab029b1c60) = 1 <0.000104>
[pid 337] 14:57:18.001918 libssl.so.3->EVP_PKEY_derive_set_peer(0xaaab029b1bf0, 0xaaab029ae7f0, 0, 0xffff9d716980) = 1 <0.000121>
[pid 337] 14:57:18.002084 libssl.so.3->EVP_PKEY_derive(0xaaab029b1bf0, 0, 0xffffc5145f90, 0) = 1 <0.000116>
[pid 337] 14:57:18.002264 libssl.so.3->EVP_PKEY_derive(0xaaab029b1bf0, 0xaaab029b0630, 0xffffc5145f90, 0xaaab029b0600) = 1 <0.000128>
[pid 337] 14:57:18.003131 libssl.so.3->X509_verify_cert(0xaaab029a8f50, 0, 0, 0xffffffff) = 1 <0.000346>
[pid 337] 14:57:18.003704 libssl.so.3->EVP_DigestVerifyInit_ex(0xaaab028d7750, 0xffffc5146088, 0, 0) = 1 <0.000115>
[pid 337] 14:57:18.003934 libssl.so.3->EVP_DigestVerify(0xaaab028d7750, 0xaaab029b3e68, 2420, 0xffffc5146090) = 1 <0.000273>
[pid 337] 14:57:18.004368 libssl.so.3->X509_verify_cert(0xaaab029a8f50, 1, 0, 0) = 1 <0.000239>
[pid 337] 14:57:18.004781 libssl.so.3->EVP_DigestSignInit_ex(0xaaab029c7e50, 0xffffc5146070, 0, 0) = 1 <0.000109>
[pid 337] 14:57:18.004935 libssl.so.3->EVP_DigestSign(0xaaab029c7e50, 0, 0xffffc5146080, 0xffffc5146090) = 1 <0.000113>
[pid 337] 14:57:18.005102 libssl.so.3->EVP_DigestSign(0xaaab029c7e50, 0xaaab029c7fe0, 0xffffc5146080, 0xffffc5146090) = 1 <0.000346>
[pid 337] 14:57:18.005688 <... SSL_connect resumed> ) = 1 <0.005863>
Handshake duration: 6.02 ms
[pid 337] 14:57:18.007060 +++ exited (status 0) +++
Execution 70 - TLS Mutual
s_connection: verify depth is 1
[pid 339] 14:57:18.034535 openssl->SSL_connect(0xaaaaea9e3070, 0xaaaaea9be998, 0xffffaa5f40e0, 0 <unfinished ...>
[pid 339] 14:57:18.034883 libssl.so.3->EVP_PKEY_keygen_init(0xaaaaea9ebbf0, 0, 0, 0xaaaaea9ebc60) = 1 <0.000116>
[pid 339] 14:57:18.035070 libssl.so.3->EVP_PKEY_keygen(0xaaaaea9ebbf0, 0xffffcacafbf0, 0, 0) = 1 <0.000377>
[pid 339] 14:57:18.036654 libssl.so.3->EVP_PKEY_derive_init(0xaaaaea9ebbf0, 0, 0, 0xaaaaea9ebc60) = 1 <0.000119>
[pid 339] 14:57:18.036818 libssl.so.3->EVP_PKEY_derive_set_peer(0xaaaaea9ebbf0, 0xaaaaea9e87f0, 0, 0xffffaa316980) = 1 <0.000109>
[pid 339] 14:57:18.036995 libssl.so.3->EVP_PKEY_derive(0xaaaaea9ebbf0, 0, 0xffffcacafb80, 0) = 1 <0.000092>
[pid 339] 14:57:18.037145 libssl.so.3->EVP_PKEY_derive(0xaaaaea9ebbf0, 0xaaaaea9ea630, 0xffffcacafb80, 0xaaaaea9ea600) = 1 <0.000161>
[pid 339] 14:57:18.037955 libssl.so.3->X509_verify_cert(0xaaaaea9e2f50, 0, 0, 0xffffffff) = 1 <0.000365>
[pid 339] 14:57:18.038525 libssl.so.3->EVP_DigestVerifyInit_ex(0xaaaaea911750, 0xffffcacafc78, 0, 0) = 1 <0.000120>
[pid 339] 14:57:18.038688 libssl.so.3->EVP_DigestVerify(0xaaaaea911750, 0xaaaaea9ede68, 2420, 0xffffcacafc80) = 1 <0.000202>
[pid 339] 14:57:18.039144 libssl.so.3->X509_verify_cert(0xaaaaea9e2f50, 1, 0, 0) = 1 <0.000212>
[pid 339] 14:57:18.039533 libssl.so.3->EVP_DigestSignInit_ex(0xaaaaeaa01e50, 0xffffcacafc60, 0, 0) = 1 <0.000100>
[pid 339] 14:57:18.039688 libssl.so.3->EVP_DigestSign(0xaaaaeaa01e50, 0, 0xffffcacafc70, 0xffffcacafc80) = 1 <0.000127>
[pid 339] 14:57:18.039854 libssl.so.3->EVP_DigestSign(0xaaaaeaa01e50, 0xaaaaeaa01fe0, 0xffffcacafc70, 0xffffcacafc80) = 1 <0.000571>
[pid 339] 14:57:18.040664 <... SSL_connect resumed> ) = 1 <0.006125>
Handshake duration: 6.26 ms
[pid 339] 14:57:18.042002 +++ exited (status 0) +++
Execution 71 - TLS Mutual
s_connection: verify depth is 1
[pid 341] 14:57:18.069966 openssl->SSL_connect(0xaaab0f52c070, 0xaaab0f507998, 0xffff824440e0, 0 <unfinished ...>
[pid 341] 14:57:18.070297 libssl.so.3->EVP_PKEY_keygen_init(0xaaab0f534bf0, 0, 0, 0xaaab0f534c60) = 1 <0.000127>
[pid 341] 14:57:18.070513 libssl.so.3->EVP_PKEY_keygen(0xaaab0f534bf0, 0xffffd36bd890, 0, 0) = 1 <0.000247>
[pid 341] 14:57:18.072006 libssl.so.3->EVP_PKEY_derive_init(0xaaab0f534bf0, 0, 0, 0xaaab0f534c60) = 1 <0.000110>
[pid 341] 14:57:18.072153 libssl.so.3->EVP_PKEY_derive_set_peer(0xaaab0f534bf0, 0xaaab0f5317f0, 0, 0xffff82116980) = 1 <0.000120>
[pid 341] 14:57:18.072335 libssl.so.3->EVP_PKEY_derive(0xaaab0f534bf0, 0, 0xffffd36bd820, 0) = 1 <0.000119>
[pid 341] 14:57:18.072500 libssl.so.3->EVP_PKEY_derive(0xaaab0f534bf0, 0xaaab0f533630, 0xffffd36bd820, 0xaaab0f533600) = 1 <0.000174>
[pid 341] 14:57:18.073326 libssl.so.3->X509_verify_cert(0xaaab0f52bf50, 0, 0, 0xffffffff) = 1 <0.000352>
[pid 341] 14:57:18.073869 libssl.so.3->EVP_DigestVerifyInit_ex(0xaaab0f45a750, 0xffffd36bd918, 0, 0) = 1 <0.000124>
[pid 341] 14:57:18.074051 libssl.so.3->EVP_DigestVerify(0xaaab0f45a750, 0xaaab0f536e68, 2420, 0xffffd36bd920) = 1 <0.000222>
[pid 341] 14:57:18.074481 libssl.so.3->X509_verify_cert(0xaaab0f52bf50, 1, 0, 0) = 1 <0.000189>
[pid 341] 14:57:18.074827 libssl.so.3->EVP_DigestSignInit_ex(0xaaab0f54ae50, 0xffffd36bd900, 0, 0) = 1 <0.000104>
[pid 341] 14:57:18.074989 libssl.so.3->EVP_DigestSign(0xaaab0f54ae50, 0, 0xffffd36bd910, 0xffffd36bd920) = 1 <0.000094>
[pid 341] 14:57:18.075131 libssl.so.3->EVP_DigestSign(0xaaab0f54ae50, 0xaaab0f54afe0, 0xffffd36bd910, 0xffffd36bd920) = 1 <0.000450>
[pid 341] 14:57:18.075851 <... SSL_connect resumed> ) = 1 <0.005879>
Handshake duration: 6.10 ms
[pid 341] 14:57:18.077260 +++ exited (status 0) +++
Execution 72 - TLS Mutual
s_connection: verify depth is 1
[pid 343] 14:57:18.104853 openssl->SSL_connect(0xaaaad87b2070, 0xaaaad878d998, 0xffffaf6f40e0, 0 <unfinished ...>
[pid 343] 14:57:18.105180 libssl.so.3->EVP_PKEY_keygen_init(0xaaaad87babf0, 0, 0, 0xaaaad87bac60) = 1 <0.000152>
[pid 343] 14:57:18.105378 libssl.so.3->EVP_PKEY_keygen(0xaaaad87babf0, 0xffffcf894af0, 0, 0) = 1 <0.000251>
[pid 343] 14:57:18.106866 libssl.so.3->EVP_PKEY_derive_init(0xaaaad87babf0, 0, 0, 0xaaaad87bac60) = 1 <0.000101>
[pid 343] 14:57:18.107014 libssl.so.3->EVP_PKEY_derive_set_peer(0xaaaad87babf0, 0xaaaad87b77f0, 0, 0xffffaf316980) = 1 <0.000136>
[pid 343] 14:57:18.107207 libssl.so.3->EVP_PKEY_derive(0xaaaad87babf0, 0, 0xffffcf894a80, 0) = 1 <0.000147>
[pid 343] 14:57:18.107416 libssl.so.3->EVP_PKEY_derive(0xaaaad87babf0, 0xaaaad87b9630, 0xffffcf894a80, 0xaaaad87b9600) = 1 <0.000166>
[pid 343] 14:57:18.108229 libssl.so.3->X509_verify_cert(0xaaaad87b1f50, 0, 0, 0xffffffff) = 1 <0.000430>
[pid 343] 14:57:18.108887 libssl.so.3->EVP_DigestVerifyInit_ex(0xaaaad86e0750, 0xffffcf894b78, 0, 0) = 1 <0.000132>
[pid 343] 14:57:18.109072 libssl.so.3->EVP_DigestVerify(0xaaaad86e0750, 0xaaaad87bce68, 2420, 0xffffcf894b80) = 1 <0.000213>
[pid 343] 14:57:18.109519 libssl.so.3->X509_verify_cert(0xaaaad87b1f50, 1, 0, 0) = 1 <0.000197>
[pid 343] 14:57:18.109884 libssl.so.3->EVP_DigestSignInit_ex(0xaaaad87d0e50, 0xffffcf894b60, 0, 0) = 1 <0.000108>
[pid 343] 14:57:18.110052 libssl.so.3->EVP_DigestSign(0xaaaad87d0e50, 0, 0xffffcf894b70, 0xffffcf894b80) = 1 <0.000181>
[pid 343] 14:57:18.110279 libssl.so.3->EVP_DigestSign(0xaaaad87d0e50, 0xaaaad87d0fe0, 0xffffcf894b70, 0xffffcf894b80) = 1 <0.000373>
[pid 343] 14:57:18.110884 <... SSL_connect resumed> ) = 1 <0.006028>
Handshake duration: 6.19 ms
[pid 343] 14:57:18.112260 +++ exited (status 0) +++
Execution 73 - TLS Mutual
s_connection: verify depth is 1
[pid 345] 14:57:18.139562 openssl->SSL_connect(0xaaaabaa84070, 0xaaaabaa5f998, 0xffffb3a140e0, 0 <unfinished ...>
[pid 345] 14:57:18.139889 libssl.so.3->EVP_PKEY_keygen_init(0xaaaabaa8cbf0, 0, 0, 0xaaaabaa8cc60) = 1 <0.000146>
[pid 345] 14:57:18.140124 libssl.so.3->EVP_PKEY_keygen(0xaaaabaa8cbf0, 0xffffc7d5cab0, 0, 0) = 1 <0.000264>
[pid 345] 14:57:18.141525 libssl.so.3->EVP_PKEY_derive_init(0xaaaabaa8cbf0, 0, 0, 0xaaaabaa8cc60) = 1 <0.000122>
[pid 345] 14:57:18.141716 libssl.so.3->EVP_PKEY_derive_set_peer(0xaaaabaa8cbf0, 0xaaaabaa897f0, 0, 0xffffb3716980) = 1 <0.000171>
[pid 345] 14:57:18.141948 libssl.so.3->EVP_PKEY_derive(0xaaaabaa8cbf0, 0, 0xffffc7d5ca40, 0) = 1 <0.000108>
[pid 345] 14:57:18.142095 libssl.so.3->EVP_PKEY_derive(0xaaaabaa8cbf0, 0xaaaabaa8b630, 0xffffc7d5ca40, 0xaaaabaa8b600) = 1 <0.000144>
[pid 345] 14:57:18.142940 libssl.so.3->X509_verify_cert(0xaaaabaa83f50, 0, 0, 0xffffffff) = 1 <0.000382>
[pid 345] 14:57:18.143530 libssl.so.3->EVP_DigestVerifyInit_ex(0xaaaaba9b2750, 0xffffc7d5cb38, 0, 0) = 1 <0.000110>
[pid 345] 14:57:18.143679 libssl.so.3->EVP_DigestVerify(0xaaaaba9b2750, 0xaaaabaa8ee68, 2420, 0xffffc7d5cb40) = 1 <0.000158>
[pid 345] 14:57:18.144051 libssl.so.3->X509_verify_cert(0xaaaabaa83f50, 1, 0, 0) = 1 <0.000212>
[pid 345] 14:57:18.144428 libssl.so.3->EVP_DigestSignInit_ex(0xaaaabaaa2e50, 0xffffc7d5cb20, 0, 0) = 1 <0.000152>
[pid 345] 14:57:18.144623 libssl.so.3->EVP_DigestSign(0xaaaabaaa2e50, 0, 0xffffc7d5cb30, 0xffffc7d5cb40) = 1 <0.000098>
[pid 345] 14:57:18.144767 libssl.so.3->EVP_DigestSign(0xaaaabaaa2e50, 0xaaaabaaa2fe0, 0xffffc7d5cb30, 0xffffc7d5cb40) = 1 <0.000279>
[pid 345] 14:57:18.145345 <... SSL_connect resumed> ) = 1 <0.005778>
Handshake duration: 5.89 ms
[pid 345] 14:57:18.146698 +++ exited (status 0) +++
Execution 74 - TLS Mutual
s_connection: verify depth is 1
[pid 347] 14:57:18.174019 openssl->SSL_connect(0xaaaae80f8070, 0xaaaae80d3998, 0xffff8f3c40e0, 0 <unfinished ...>
[pid 347] 14:57:18.174327 libssl.so.3->EVP_PKEY_keygen_init(0xaaaae8100bf0, 0, 0, 0xaaaae8100c60) = 1 <0.000110>
[pid 347] 14:57:18.174500 libssl.so.3->EVP_PKEY_keygen(0xaaaae8100bf0, 0xffffc0d755e0, 0, 0) = 1 <0.000214>
[pid 347] 14:57:18.175911 libssl.so.3->EVP_PKEY_derive_init(0xaaaae8100bf0, 0, 0, 0xaaaae8100c60) = 1 <0.000120>
[pid 347] 14:57:18.176118 libssl.so.3->EVP_PKEY_derive_set_peer(0xaaaae8100bf0, 0xaaaae80fd7f0, 0, 0xffff8ef16980) = 1 <0.000155>
[pid 347] 14:57:18.176348 libssl.so.3->EVP_PKEY_derive(0xaaaae8100bf0, 0, 0xffffc0d75570, 0) = 1 <0.000093>
[pid 347] 14:57:18.176506 libssl.so.3->EVP_PKEY_derive(0xaaaae8100bf0, 0xaaaae80ff630, 0xffffc0d75570, 0xaaaae80ff600) = 1 <0.000158>
[pid 347] 14:57:18.177378 libssl.so.3->X509_verify_cert(0xaaaae80f7f50, 0, 0, 0xffffffff) = 1 <0.000332>
[pid 347] 14:57:18.177934 libssl.so.3->EVP_DigestVerifyInit_ex(0xaaaae8026750, 0xffffc0d75668, 0, 0) = 1 <0.000121>
[pid 347] 14:57:18.178114 libssl.so.3->EVP_DigestVerify(0xaaaae8026750, 0xaaaae8102e68, 2420, 0xffffc0d75670) = 1 <0.000205>
[pid 347] 14:57:18.178572 libssl.so.3->X509_verify_cert(0xaaaae80f7f50, 1, 0, 0) = 1 <0.000195>
[pid 347] 14:57:18.178936 libssl.so.3->EVP_DigestSignInit_ex(0xaaaae8116e50, 0xffffc0d75650, 0, 0) = 1 <0.000097>
[pid 347] 14:57:18.179091 libssl.so.3->EVP_DigestSign(0xaaaae8116e50, 0, 0xffffc0d75660, 0xffffc0d75670) = 1 <0.000112>
[pid 347] 14:57:18.179295 libssl.so.3->EVP_DigestSign(0xaaaae8116e50, 0xaaaae8116fe0, 0xffffc0d75660, 0xffffc0d75670) = 1 <0.000299>
[pid 347] 14:57:18.179821 <... SSL_connect resumed> ) = 1 <0.005798>
Handshake duration: 5.93 ms
[pid 347] 14:57:18.181123 +++ exited (status 0) +++
Execution 75 - TLS Mutual
s_connection: verify depth is 1
[pid 349] 14:57:18.208762 openssl->SSL_connect(0xaaaac3a01070, 0xaaaac39dc998, 0xffff969140e0, 0 <unfinished ...>
[pid 349] 14:57:18.209047 libssl.so.3->EVP_PKEY_keygen_init(0xaaaac3a09bf0, 0, 0, 0xaaaac3a09c60) = 1 <0.000112>
[pid 349] 14:57:18.209207 libssl.so.3->EVP_PKEY_keygen(0xaaaac3a09bf0, 0xffffe6002590, 0, 0) = 1 <0.000256>
[pid 349] 14:57:18.210648 libssl.so.3->EVP_PKEY_derive_init(0xaaaac3a09bf0, 0, 0, 0xaaaac3a09c60) = 1 <0.000112>
[pid 349] 14:57:18.210821 libssl.so.3->EVP_PKEY_derive_set_peer(0xaaaac3a09bf0, 0xaaaac3a067f0, 0, 0xffff96516980) = 1 <0.000106>
[pid 349] 14:57:18.210997 libssl.so.3->EVP_PKEY_derive(0xaaaac3a09bf0, 0, 0xffffe6002520, 0) = 1 <0.000142>
[pid 349] 14:57:18.211290 libssl.so.3->EVP_PKEY_derive(0xaaaac3a09bf0, 0xaaaac3a08630, 0xffffe6002520, 0xaaaac3a08600) = 1 <0.000314>
[pid 349] 14:57:18.212148 libssl.so.3->X509_verify_cert(0xaaaac3a00f50, 0, 0, 0xffffffff) = 1 <0.000377>
[pid 349] 14:57:18.212751 libssl.so.3->EVP_DigestVerifyInit_ex(0xaaaac392f750, 0xffffe6002618, 0, 0) = 1 <0.000112>
[pid 349] 14:57:18.212922 libssl.so.3->EVP_DigestVerify(0xaaaac392f750, 0xaaaac3a0be68, 2420, 0xffffe6002620) = 1 <0.000207>
[pid 349] 14:57:18.213313 libssl.so.3->X509_verify_cert(0xaaaac3a00f50, 1, 0, 0) = 1 <0.000201>
[pid 349] 14:57:18.213693 libssl.so.3->EVP_DigestSignInit_ex(0xaaaac3a1fe50, 0xffffe6002600, 0, 0) = 1 <0.000093>
[pid 349] 14:57:18.213866 libssl.so.3->EVP_DigestSign(0xaaaac3a1fe50, 0, 0xffffe6002610, 0xffffe6002620) = 1 <0.000126>
[pid 349] 14:57:18.214025 libssl.so.3->EVP_DigestSign(0xaaaac3a1fe50, 0xaaaac3a1ffe0, 0xffffe6002610, 0xffffe6002620) = 1 <0.000377>
[pid 349] 14:57:18.214674 <... SSL_connect resumed> ) = 1 <0.005908>
Handshake duration: 6.04 ms
[pid 349] 14:57:18.216011 +++ exited (status 0) +++
Execution 76 - TLS Mutual
s_connection: verify depth is 1
[pid 351] 14:57:18.243466 openssl->SSL_connect(0xaaab0e077070, 0xaaab0e052998, 0xffff8d0740e0, 0 <unfinished ...>
[pid 351] 14:57:18.243815 libssl.so.3->EVP_PKEY_keygen_init(0xaaab0e07fbf0, 0, 0, 0xaaab0e07fc60) = 1 <0.000126>
[pid 351] 14:57:18.244024 libssl.so.3->EVP_PKEY_keygen(0xaaab0e07fbf0, 0xffffc7f558a0, 0, 0) = 1 <0.000184>
[pid 351] 14:57:18.245448 libssl.so.3->EVP_PKEY_derive_init(0xaaab0e07fbf0, 0, 0, 0xaaab0e07fc60) = 1 <0.000153>
[pid 351] 14:57:18.245683 libssl.so.3->EVP_PKEY_derive_set_peer(0xaaab0e07fbf0, 0xaaab0e07c7f0, 0, 0xffff8cd16980) = 1 <0.000133>
[pid 351] 14:57:18.245865 libssl.so.3->EVP_PKEY_derive(0xaaab0e07fbf0, 0, 0xffffc7f55830, 0) = 1 <0.000132>
[pid 351] 14:57:18.246065 libssl.so.3->EVP_PKEY_derive(0xaaab0e07fbf0, 0xaaab0e07e630, 0xffffc7f55830, 0xaaab0e07e600) = 1 <0.000126>
[pid 351] 14:57:18.246865 libssl.so.3->X509_verify_cert(0xaaab0e076f50, 0, 0, 0xffffffff) = 1 <0.000368>
[pid 351] 14:57:18.247429 libssl.so.3->EVP_DigestVerifyInit_ex(0xaaab0dfa5750, 0xffffc7f55928, 0, 0) = 1 <0.000131>
[pid 351] 14:57:18.247610 libssl.so.3->EVP_DigestVerify(0xaaab0dfa5750, 0xaaab0e081e68, 2420, 0xffffc7f55930) = 1 <0.000181>
[pid 351] 14:57:18.248027 libssl.so.3->X509_verify_cert(0xaaab0e076f50, 1, 0, 0) = 1 <0.000197>
[pid 351] 14:57:18.248375 libssl.so.3->EVP_DigestSignInit_ex(0xaaab0e095e50, 0xffffc7f55910, 0, 0) = 1 <0.000131>
[pid 351] 14:57:18.248544 libssl.so.3->EVP_DigestSign(0xaaab0e095e50, 0, 0xffffc7f55920, 0xffffc7f55930) = 1 <0.000096>
[pid 351] 14:57:18.248719 libssl.so.3->EVP_DigestSign(0xaaab0e095e50, 0xaaab0e095fe0, 0xffffc7f55920, 0xffffc7f55930) = 1 <0.000345>
[pid 351] 14:57:18.249295 <... SSL_connect resumed> ) = 1 <0.005810>
Handshake duration: 6.00 ms
[pid 351] 14:57:18.250637 +++ exited (status 0) +++
Execution 77 - TLS Mutual
s_connection: verify depth is 1
[pid 353] 14:57:18.277928 openssl->SSL_connect(0xaaaae50cd070, 0xaaaae50a8998, 0xffff92b140e0, 0 <unfinished ...>
[pid 353] 14:57:18.278237 libssl.so.3->EVP_PKEY_keygen_init(0xaaaae50d5bf0, 0, 0, 0xaaaae50d5c60) = 1 <0.000105>
[pid 353] 14:57:18.278429 libssl.so.3->EVP_PKEY_keygen(0xaaaae50d5bf0, 0xffffeb9ed560, 0, 0) = 1 <0.000215>
[pid 353] 14:57:18.279797 libssl.so.3->EVP_PKEY_derive_init(0xaaaae50d5bf0, 0, 0, 0xaaaae50d5c60) = 1 <0.000086>
[pid 353] 14:57:18.279935 libssl.so.3->EVP_PKEY_derive_set_peer(0xaaaae50d5bf0, 0xaaaae50d27f0, 0, 0xffff92716980) = 1 <0.000118>
[pid 353] 14:57:18.280176 libssl.so.3->EVP_PKEY_derive(0xaaaae50d5bf0, 0, 0xffffeb9ed4f0, 0) = 1 <0.000153>
[pid 353] 14:57:18.280403 libssl.so.3->EVP_PKEY_derive(0xaaaae50d5bf0, 0xaaaae50d4630, 0xffffeb9ed4f0, 0xaaaae50d4600) = 1 <0.000151>
[pid 353] 14:57:18.281240 libssl.so.3->X509_verify_cert(0xaaaae50ccf50, 0, 0, 0xffffffff) = 1 <0.000370>
[pid 353] 14:57:18.281829 libssl.so.3->EVP_DigestVerifyInit_ex(0xaaaae4ffb750, 0xffffeb9ed5e8, 0, 0) = 1 <0.000145>
[pid 353] 14:57:18.282027 libssl.so.3->EVP_DigestVerify(0xaaaae4ffb750, 0xaaaae50d7e68, 2420, 0xffffeb9ed5f0) = 1 <0.000246>
[pid 353] 14:57:18.282514 libssl.so.3->X509_verify_cert(0xaaaae50ccf50, 1, 0, 0) = 1 <0.000222>
[pid 353] 14:57:18.282913 libssl.so.3->EVP_DigestSignInit_ex(0xaaaae50ebe50, 0xffffeb9ed5d0, 0, 0) = 1 <0.000140>
[pid 353] 14:57:18.283106 libssl.so.3->EVP_DigestSign(0xaaaae50ebe50, 0, 0xffffeb9ed5e0, 0xffffeb9ed5f0) = 1 <0.000142>
[pid 353] 14:57:18.283294 libssl.so.3->EVP_DigestSign(0xaaaae50ebe50, 0xaaaae50ebfe0, 0xffffeb9ed5e0, 0xffffeb9ed5f0) = 1 <0.000518>
[pid 353] 14:57:18.284098 <... SSL_connect resumed> ) = 1 <0.006162>
Handshake duration: 6.30 ms
[pid 353] 14:57:18.285428 +++ exited (status 0) +++
Execution 78 - TLS Mutual
s_connection: verify depth is 1
[pid 355] 14:57:18.312764 openssl->SSL_connect(0xaaaacd994070, 0xaaaacd96f998, 0xffffbd7040e0, 0 <unfinished ...>
[pid 355] 14:57:18.313053 libssl.so.3->EVP_PKEY_keygen_init(0xaaaacd99cbf0, 0, 0, 0xaaaacd99cc60) = 1 <0.000112>
[pid 355] 14:57:18.313262 libssl.so.3->EVP_PKEY_keygen(0xaaaacd99cbf0, 0xffffe6190310, 0, 0) = 1 <0.000218>
[pid 355] 14:57:18.314684 libssl.so.3->EVP_PKEY_derive_init(0xaaaacd99cbf0, 0, 0, 0xaaaacd99cc60) = 1 <0.000203>
[pid 355] 14:57:18.314940 libssl.so.3->EVP_PKEY_derive_set_peer(0xaaaacd99cbf0, 0xaaaacd9997f0, 0, 0xffffbd316980) = 1 <0.000102>
[pid 355] 14:57:18.315089 libssl.so.3->EVP_PKEY_derive(0xaaaacd99cbf0, 0, 0xffffe61902a0, 0) = 1 <0.000222>
[pid 355] 14:57:18.315364 libssl.so.3->EVP_PKEY_derive(0xaaaacd99cbf0, 0xaaaacd99b630, 0xffffe61902a0, 0xaaaacd99b600) = 1 <0.000167>
[pid 355] 14:57:18.316193 libssl.so.3->X509_verify_cert(0xaaaacd993f50, 0, 0, 0xffffffff) = 1 <0.000389>
[pid 355] 14:57:18.316789 libssl.so.3->EVP_DigestVerifyInit_ex(0xaaaacd8c2750, 0xffffe6190398, 0, 0) = 1 <0.000129>
[pid 355] 14:57:18.316965 libssl.so.3->EVP_DigestVerify(0xaaaacd8c2750, 0xaaaacd99ee68, 2420, 0xffffe61903a0) = 1 <0.000175>
[pid 355] 14:57:18.317396 libssl.so.3->X509_verify_cert(0xaaaacd993f50, 1, 0, 0) = 1 <0.000194>
[pid 355] 14:57:18.317787 libssl.so.3->EVP_DigestSignInit_ex(0xaaaacd9b2e50, 0xffffe6190380, 0, 0) = 1 <0.000109>
[pid 355] 14:57:18.317948 libssl.so.3->EVP_DigestSign(0xaaaacd9b2e50, 0, 0xffffe6190390, 0xffffe61903a0) = 1 <0.000134>
[pid 355] 14:57:18.318162 libssl.so.3->EVP_DigestSign(0xaaaacd9b2e50, 0xaaaacd9b2fe0, 0xffffe6190390, 0xffffe61903a0) = 1 <0.000415>
[pid 355] 14:57:18.318808 <... SSL_connect resumed> ) = 1 <0.006040>
Handshake duration: 6.17 ms
[pid 355] 14:57:18.320108 +++ exited (status 0) +++
Execution 79 - TLS Mutual
s_connection: verify depth is 1
[pid 357] 14:57:18.347413 openssl->SSL_connect(0xaaaafc166070, 0xaaaafc141998, 0xffff9a4640e0, 0 <unfinished ...>
[pid 357] 14:57:18.347732 libssl.so.3->EVP_PKEY_keygen_init(0xaaaafc16ebf0, 0, 0, 0xaaaafc16ec60) = 1 <0.000103>
[pid 357] 14:57:18.347921 libssl.so.3->EVP_PKEY_keygen(0xaaaafc16ebf0, 0xfffff0e73fd0, 0, 0) = 1 <0.000195>
[pid 357] 14:57:18.349342 libssl.so.3->EVP_PKEY_derive_init(0xaaaafc16ebf0, 0, 0, 0xaaaafc16ec60) = 1 <0.000109>
[pid 357] 14:57:18.349498 libssl.so.3->EVP_PKEY_derive_set_peer(0xaaaafc16ebf0, 0xaaaafc16b7f0, 0, 0xffff9a116980) = 1 <0.000125>
[pid 357] 14:57:18.349687 libssl.so.3->EVP_PKEY_derive(0xaaaafc16ebf0, 0, 0xfffff0e73f60, 0) = 1 <0.000175>
[pid 357] 14:57:18.349909 libssl.so.3->EVP_PKEY_derive(0xaaaafc16ebf0, 0xaaaafc16d630, 0xfffff0e73f60, 0xaaaafc16d600) = 1 <0.000235>
[pid 357] 14:57:18.350803 libssl.so.3->X509_verify_cert(0xaaaafc165f50, 0, 0, 0xffffffff) = 1 <0.000372>
[pid 357] 14:57:18.351426 libssl.so.3->EVP_DigestVerifyInit_ex(0xaaaafc094750, 0xfffff0e74058, 0, 0) = 1 <0.000119>
[pid 357] 14:57:18.351600 libssl.so.3->EVP_DigestVerify(0xaaaafc094750, 0xaaaafc170e68, 2420, 0xfffff0e74060) = 1 <0.000198>
[pid 357] 14:57:18.352004 libssl.so.3->X509_verify_cert(0xaaaafc165f50, 1, 0, 0) = 1 <0.000196>
[pid 357] 14:57:18.352382 libssl.so.3->EVP_DigestSignInit_ex(0xaaaafc184e50, 0xfffff0e74040, 0, 0) = 1 <0.000112>
[pid 357] 14:57:18.352536 libssl.so.3->EVP_DigestSign(0xaaaafc184e50, 0, 0xfffff0e74050, 0xfffff0e74060) = 1 <0.000107>
[pid 357] 14:57:18.352725 libssl.so.3->EVP_DigestSign(0xaaaafc184e50, 0xaaaafc184fe0, 0xfffff0e74050, 0xfffff0e74060) = 1 <0.000374>
[pid 357] 14:57:18.353358 <... SSL_connect resumed> ) = 1 <0.005940>
Handshake duration: 6.09 ms
[pid 357] 14:57:18.354697 +++ exited (status 0) +++
Execution 80 - TLS Mutual
s_connection: verify depth is 1
[pid 359] 14:57:18.381941 openssl->SSL_connect(0xaaaaed4ef070, 0xaaaaed4ca998, 0xffff82ce40e0, 0 <unfinished ...>
[pid 359] 14:57:18.382249 libssl.so.3->EVP_PKEY_keygen_init(0xaaaaed4f7bf0, 0, 0, 0xaaaaed4f7c60) = 1 <0.000127>
[pid 359] 14:57:18.382480 libssl.so.3->EVP_PKEY_keygen(0xaaaaed4f7bf0, 0xffffd61cdb80, 0, 0) = 1 <0.000267>
[pid 359] 14:57:18.384005 libssl.so.3->EVP_PKEY_derive_init(0xaaaaed4f7bf0, 0, 0, 0xaaaaed4f7c60) = 1 <0.000109>
[pid 359] 14:57:18.384224 libssl.so.3->EVP_PKEY_derive_set_peer(0xaaaaed4f7bf0, 0xaaaaed4f47f0, 0, 0xffff82916980) = 1 <0.000120>
[pid 359] 14:57:18.384401 libssl.so.3->EVP_PKEY_derive(0xaaaaed4f7bf0, 0, 0xffffd61cdb10, 0) = 1 <0.000108>
[pid 359] 14:57:18.384559 libssl.so.3->EVP_PKEY_derive(0xaaaaed4f7bf0, 0xaaaaed4f6630, 0xffffd61cdb10, 0xaaaaed4f6600) = 1 <0.000144>
[pid 359] 14:57:18.385406 libssl.so.3->X509_verify_cert(0xaaaaed4eef50, 0, 0, 0xffffffff) = 1 <0.000384>
[pid 359] 14:57:18.385990 libssl.so.3->EVP_DigestVerifyInit_ex(0xaaaaed41d750, 0xffffd61cdc08, 0, 0) = 1 <0.000144>
[pid 359] 14:57:18.386178 libssl.so.3->EVP_DigestVerify(0xaaaaed41d750, 0xaaaaed4f9e68, 2420, 0xffffd61cdc10) = 1 <0.000257>
[pid 359] 14:57:18.386635 libssl.so.3->X509_verify_cert(0xaaaaed4eef50, 1, 0, 0) = 1 <0.000196>
[pid 359] 14:57:18.387000 libssl.so.3->EVP_DigestSignInit_ex(0xaaaaed50de50, 0xffffd61cdbf0, 0, 0) = 1 <0.000117>
[pid 359] 14:57:18.387164 libssl.so.3->EVP_DigestSign(0xaaaaed50de50, 0, 0xffffd61cdc00, 0xffffd61cdc10) = 1 <0.000159>
[pid 359] 14:57:18.387373 libssl.so.3->EVP_DigestSign(0xaaaaed50de50, 0xaaaaed50dfe0, 0xffffd61cdc00, 0xffffd61cdc10) = 1 <0.000672>
[pid 359] 14:57:18.388355 <... SSL_connect resumed> ) = 1 <0.006410>
Handshake duration: 6.54 ms
[pid 359] 14:57:18.389677 +++ exited (status 0) +++
Execution 81 - TLS Mutual
s_connection: verify depth is 1
[pid 361] 14:57:18.417138 openssl->SSL_connect(0xaaaafa31b070, 0xaaaafa2f6998, 0xffff922640e0, 0 <unfinished ...>
[pid 361] 14:57:18.417493 libssl.so.3->EVP_PKEY_keygen_init(0xaaaafa323bf0, 0, 0, 0xaaaafa323c60) = 1 <0.000112>
[pid 361] 14:57:18.417676 libssl.so.3->EVP_PKEY_keygen(0xaaaafa323bf0, 0xffffcd4e7340, 0, 0) = 1 <0.000183>
[pid 361] 14:57:18.419067 libssl.so.3->EVP_PKEY_derive_init(0xaaaafa323bf0, 0, 0, 0xaaaafa323c60) = 1 <0.000143>
[pid 361] 14:57:18.419321 libssl.so.3->EVP_PKEY_derive_set_peer(0xaaaafa323bf0, 0xaaaafa3207f0, 0, 0xffff91f16980) = 1 <0.000121>
[pid 361] 14:57:18.419485 libssl.so.3->EVP_PKEY_derive(0xaaaafa323bf0, 0, 0xffffcd4e72d0, 0) = 1 <0.000118>
[pid 361] 14:57:18.419651 libssl.so.3->EVP_PKEY_derive(0xaaaafa323bf0, 0xaaaafa322630, 0xffffcd4e72d0, 0xaaaafa322600) = 1 <0.000133>
[pid 361] 14:57:18.420474 libssl.so.3->X509_verify_cert(0xaaaafa31af50, 0, 0, 0xffffffff) = 1 <0.000374>
[pid 361] 14:57:18.421073 libssl.so.3->EVP_DigestVerifyInit_ex(0xaaaafa249750, 0xffffcd4e73c8, 0, 0) = 1 <0.000111>
[pid 361] 14:57:18.421259 libssl.so.3->EVP_DigestVerify(0xaaaafa249750, 0xaaaafa325e68, 2420, 0xffffcd4e73d0) = 1 <0.000163>
[pid 361] 14:57:18.421627 libssl.so.3->X509_verify_cert(0xaaaafa31af50, 1, 0, 0) = 1 <0.000246>
[pid 361] 14:57:18.422042 libssl.so.3->EVP_DigestSignInit_ex(0xaaaafa339e50, 0xffffcd4e73b0, 0, 0) = 1 <0.000112>
[pid 361] 14:57:18.422206 libssl.so.3->EVP_DigestSign(0xaaaafa339e50, 0, 0xffffcd4e73c0, 0xffffcd4e73d0) = 1 <0.000138>
[pid 361] 14:57:18.422384 libssl.so.3->EVP_DigestSign(0xaaaafa339e50, 0xaaaafa339fe0, 0xffffcd4e73c0, 0xffffcd4e73d0) = 1 <0.000367>
[pid 361] 14:57:18.422981 <... SSL_connect resumed> ) = 1 <0.005838>
Handshake duration: 6.00 ms
[pid 361] 14:57:18.424339 +++ exited (status 0) +++
Execution 82 - TLS Mutual
s_connection: verify depth is 1
[pid 363] 14:57:18.451577 openssl->SSL_connect(0xaaaaef03f070, 0xaaaaef01a998, 0xffff857940e0, 0 <unfinished ...>
[pid 363] 14:57:18.451904 libssl.so.3->EVP_PKEY_keygen_init(0xaaaaef047bf0, 0, 0, 0xaaaaef047c60) = 1 <0.000126>
[pid 363] 14:57:18.452095 libssl.so.3->EVP_PKEY_keygen(0xaaaaef047bf0, 0xffffd6cd3190, 0, 0) = 1 <0.000267>
[pid 363] 14:57:18.453538 libssl.so.3->EVP_PKEY_derive_init(0xaaaaef047bf0, 0, 0, 0xaaaaef047c60) = 1 <0.000110>
[pid 363] 14:57:18.453720 libssl.so.3->EVP_PKEY_derive_set_peer(0xaaaaef047bf0, 0xaaaaef0447f0, 0, 0xffff85316980) = 1 <0.000194>
[pid 363] 14:57:18.453947 libssl.so.3->EVP_PKEY_derive(0xaaaaef047bf0, 0, 0xffffd6cd3120, 0) = 1 <0.000125>
[pid 363] 14:57:18.454114 libssl.so.3->EVP_PKEY_derive(0xaaaaef047bf0, 0xaaaaef046630, 0xffffd6cd3120, 0xaaaaef046600) = 1 <0.000148>
[pid 363] 14:57:18.454932 libssl.so.3->X509_verify_cert(0xaaaaef03ef50, 0, 0, 0xffffffff) = 1 <0.000393>
[pid 363] 14:57:18.455522 libssl.so.3->EVP_DigestVerifyInit_ex(0xaaaaeef6d750, 0xffffd6cd3218, 0, 0) = 1 <0.000120>
[pid 363] 14:57:18.455681 libssl.so.3->EVP_DigestVerify(0xaaaaeef6d750, 0xaaaaef049e68, 2420, 0xffffd6cd3220) = 1 <0.000195>
[pid 363] 14:57:18.456080 libssl.so.3->X509_verify_cert(0xaaaaef03ef50, 1, 0, 0) = 1 <0.000226>
[pid 363] 14:57:18.456478 libssl.so.3->EVP_DigestSignInit_ex(0xaaaaef05de50, 0xffffd6cd3200, 0, 0) = 1 <0.000101>
[pid 363] 14:57:18.456624 libssl.so.3->EVP_DigestSign(0xaaaaef05de50, 0, 0xffffd6cd3210, 0xffffd6cd3220) = 1 <0.000086>
[pid 363] 14:57:18.456759 libssl.so.3->EVP_DigestSign(0xaaaaef05de50, 0xaaaaef05dfe0, 0xffffd6cd3210, 0xffffd6cd3220) = 1 <0.000297>
[pid 363] 14:57:18.457359 <... SSL_connect resumed> ) = 1 <0.005778>
Handshake duration: 5.90 ms
[pid 363] 14:57:18.458714 +++ exited (status 0) +++
Execution 83 - TLS Mutual
s_connection: verify depth is 1
[pid 365] 14:57:18.485932 openssl->SSL_connect(0xaaab0d8ba070, 0xaaab0d895998, 0xffffa8b040e0, 0 <unfinished ...>
[pid 365] 14:57:18.486271 libssl.so.3->EVP_PKEY_keygen_init(0xaaab0d8c2bf0, 0, 0, 0xaaab0d8c2c60) = 1 <0.000132>
[pid 365] 14:57:18.486452 libssl.so.3->EVP_PKEY_keygen(0xaaab0d8c2bf0, 0xffffc37987e0, 0, 0) = 1 <0.000218>
[pid 365] 14:57:18.487859 libssl.so.3->EVP_PKEY_derive_init(0xaaab0d8c2bf0, 0, 0, 0xaaab0d8c2c60) = 1 <0.000154>
[pid 365] 14:57:18.488068 libssl.so.3->EVP_PKEY_derive_set_peer(0xaaab0d8c2bf0, 0xaaab0d8bf7f0, 0, 0xffffa8716980) = 1 <0.000096>
[pid 365] 14:57:18.488207 libssl.so.3->EVP_PKEY_derive(0xaaab0d8c2bf0, 0, 0xffffc3798770, 0) = 1 <0.000086>
[pid 365] 14:57:18.488359 libssl.so.3->EVP_PKEY_derive(0xaaab0d8c2bf0, 0xaaab0d8c1630, 0xffffc3798770, 0xaaab0d8c1600) = 1 <0.000146>
[pid 365] 14:57:18.489171 libssl.so.3->X509_verify_cert(0xaaab0d8b9f50, 0, 0, 0xffffffff) = 1 <0.000356>
[pid 365] 14:57:18.489737 libssl.so.3->EVP_DigestVerifyInit_ex(0xaaab0d7e8750, 0xffffc3798868, 0, 0) = 1 <0.000127>
[pid 365] 14:57:18.489916 libssl.so.3->EVP_DigestVerify(0xaaab0d7e8750, 0xaaab0d8c4e68, 2420, 0xffffc3798870) = 1 <0.000237>
[pid 365] 14:57:18.490395 libssl.so.3->X509_verify_cert(0xaaab0d8b9f50, 1, 0, 0) = 1 <0.000215>
[pid 365] 14:57:18.490763 libssl.so.3->EVP_DigestSignInit_ex(0xaaab0d8d8e50, 0xffffc3798850, 0, 0) = 1 <0.000112>
[pid 365] 14:57:18.490929 libssl.so.3->EVP_DigestSign(0xaaab0d8d8e50, 0, 0xffffc3798860, 0xffffc3798870) = 1 <0.000115>
[pid 365] 14:57:18.491093 libssl.so.3->EVP_DigestSign(0xaaab0d8d8e50, 0xaaab0d8d8fe0, 0xffffc3798860, 0xffffc3798870) = 1 <0.000388>
[pid 365] 14:57:18.491755 <... SSL_connect resumed> ) = 1 <0.005816>
Handshake duration: 5.97 ms
[pid 365] 14:57:18.493059 +++ exited (status 0) +++
Execution 84 - TLS Mutual
s_connection: verify depth is 1
[pid 367] 14:57:18.520847 openssl->SSL_connect(0xaaaaed21a070, 0xaaaaed1f5998, 0xffff86e540e0, 0 <unfinished ...>
[pid 367] 14:57:18.521295 libssl.so.3->EVP_PKEY_keygen_init(0xaaaaed222bf0, 0, 0, 0xaaaaed222c60) = 1 <0.000194>
[pid 367] 14:57:18.521555 libssl.so.3->EVP_PKEY_keygen(0xaaaaed222bf0, 0xffffdda00e20, 0, 0) = 1 <0.000260>
[pid 367] 14:57:18.523106 libssl.so.3->EVP_PKEY_derive_init(0xaaaaed222bf0, 0, 0, 0xaaaaed222c60) = 1 <0.000194>
[pid 367] 14:57:18.523369 libssl.so.3->EVP_PKEY_derive_set_peer(0xaaaaed222bf0, 0xaaaaed21f7f0, 0, 0xffff86b16980) = 1 <0.000157>
[pid 367] 14:57:18.523581 libssl.so.3->EVP_PKEY_derive(0xaaaaed222bf0, 0, 0xffffdda00db0, 0) = 1 <0.000197>
[pid 367] 14:57:18.523833 libssl.so.3->EVP_PKEY_derive(0xaaaaed222bf0, 0xaaaaed221630, 0xffffdda00db0, 0xaaaaed221600) = 1 <0.000187>
[pid 367] 14:57:18.524688 libssl.so.3->X509_verify_cert(0xaaaaed219f50, 0, 0, 0xffffffff) = 1 <0.000366>
[pid 367] 14:57:18.525270 libssl.so.3->EVP_DigestVerifyInit_ex(0xaaaaed148750, 0xffffdda00ea8, 0, 0) = 1 <0.000136>
[pid 367] 14:57:18.525454 libssl.so.3->EVP_DigestVerify(0xaaaaed148750, 0xaaaaed224e68, 2420, 0xffffdda00eb0) = 1 <0.000212>
[pid 367] 14:57:18.525872 libssl.so.3->X509_verify_cert(0xaaaaed219f50, 1, 0, 0) = 1 <0.000208>
[pid 367] 14:57:18.526256 libssl.so.3->EVP_DigestSignInit_ex(0xaaaaed238e50, 0xffffdda00e90, 0, 0) = 1 <0.000106>
[pid 367] 14:57:18.526411 libssl.so.3->EVP_DigestSign(0xaaaaed238e50, 0, 0xffffdda00ea0, 0xffffdda00eb0) = 1 <0.000089>
[pid 367] 14:57:18.526554 libssl.so.3->EVP_DigestSign(0xaaaaed238e50, 0xaaaaed238fe0, 0xffffdda00ea0, 0xffffdda00eb0) = 1 <0.000389>
[pid 367] 14:57:18.527190 <... SSL_connect resumed> ) = 1 <0.006340>
Handshake duration: 6.52 ms
[pid 367] 14:57:18.528589 +++ exited (status 0) +++
Execution 85 - TLS Mutual
s_connection: verify depth is 1
[pid 369] 14:57:18.556256 openssl->SSL_connect(0xaaab16f0e070, 0xaaab16ee9998, 0xffff875640e0, 0 <unfinished ...>
[pid 369] 14:57:18.556581 libssl.so.3->EVP_PKEY_keygen_init(0xaaab16f16bf0, 0, 0, 0xaaab16f16c60) = 1 <0.000116>
[pid 369] 14:57:18.556801 libssl.so.3->EVP_PKEY_keygen(0xaaab16f16bf0, 0xffffedadadc0, 0, 0) = 1 <0.000226>
[pid 369] 14:57:18.558199 libssl.so.3->EVP_PKEY_derive_init(0xaaab16f16bf0, 0, 0, 0xaaab16f16c60) = 1 <0.000093>
[pid 369] 14:57:18.558337 libssl.so.3->EVP_PKEY_derive_set_peer(0xaaab16f16bf0, 0xaaab16f137f0, 0, 0xffff87116980) = 1 <0.000100>
[pid 369] 14:57:18.558512 libssl.so.3->EVP_PKEY_derive(0xaaab16f16bf0, 0, 0xffffedadad50, 0) = 1 <0.000232>
[pid 369] 14:57:18.558797 libssl.so.3->EVP_PKEY_derive(0xaaab16f16bf0, 0xaaab16f15630, 0xffffedadad50, 0xaaab16f15600) = 1 <0.000181>
[pid 369] 14:57:18.559718 libssl.so.3->X509_verify_cert(0xaaab16f0df50, 0, 0, 0xffffffff) = 1 <0.000407>
[pid 369] 14:57:18.560365 libssl.so.3->EVP_DigestVerifyInit_ex(0xaaab16e3c750, 0xffffedadae48, 0, 0) = 1 <0.000120>
[pid 369] 14:57:18.560558 libssl.so.3->EVP_DigestVerify(0xaaab16e3c750, 0xaaab16f18e68, 2420, 0xffffedadae50) = 1 <0.000173>
[pid 369] 14:57:18.560963 libssl.so.3->X509_verify_cert(0xaaab16f0df50, 1, 0, 0) = 1 <0.000186>
[pid 369] 14:57:18.561334 libssl.so.3->EVP_DigestSignInit_ex(0xaaab16f2ce50, 0xffffedadae30, 0, 0) = 1 <0.000102>
[pid 369] 14:57:18.561482 libssl.so.3->EVP_DigestSign(0xaaab16f2ce50, 0, 0xffffedadae40, 0xffffedadae50) = 1 <0.000094>
[pid 369] 14:57:18.561632 libssl.so.3->EVP_DigestSign(0xaaab16f2ce50, 0xaaab16f2cfe0, 0xffffedadae40, 0xffffedadae50) = 1 <0.000353>
[pid 369] 14:57:18.562243 <... SSL_connect resumed> ) = 1 <0.005982>
Handshake duration: 6.13 ms
[pid 369] 14:57:18.563541 +++ exited (status 0) +++
Execution 86 - TLS Mutual
s_connection: verify depth is 1
[pid 371] 14:57:18.592136 openssl->SSL_connect(0xaaaaed42d070, 0xaaaaed408998, 0xffff9c0c40e0, 0 <unfinished ...>
[pid 371] 14:57:18.592435 libssl.so.3->EVP_PKEY_keygen_init(0xaaaaed435bf0, 0, 0, 0xaaaaed435c60) = 1 <0.000111>
[pid 371] 14:57:18.592607 libssl.so.3->EVP_PKEY_keygen(0xaaaaed435bf0, 0xffffc4d4d100, 0, 0) = 1 <0.000249>
[pid 371] 14:57:18.594103 libssl.so.3->EVP_PKEY_derive_init(0xaaaaed435bf0, 0, 0, 0xaaaaed435c60) = 1 <0.000106>
[pid 371] 14:57:18.594352 libssl.so.3->EVP_PKEY_derive_set_peer(0xaaaaed435bf0, 0xaaaaed4327f0, 0, 0xffff9bd16980) = 1 <0.000248>
[pid 371] 14:57:18.594616 libssl.so.3->EVP_PKEY_derive(0xaaaaed435bf0, 0, 0xffffc4d4d090, 0) = 1 <0.000169>
[pid 371] 14:57:18.594877 libssl.so.3->EVP_PKEY_derive(0xaaaaed435bf0, 0xaaaaed434630, 0xffffc4d4d090, 0xaaaaed434600) = 1 <0.000136>
[pid 371] 14:57:18.595731 libssl.so.3->X509_verify_cert(0xaaaaed42cf50, 0, 0, 0xffffffff) = 1 <0.000351>
[pid 371] 14:57:18.596319 libssl.so.3->EVP_DigestVerifyInit_ex(0xaaaaed35b750, 0xffffc4d4d188, 0, 0) = 1 <0.000118>
[pid 371] 14:57:18.596500 libssl.so.3->EVP_DigestVerify(0xaaaaed35b750, 0xaaaaed437e68, 2420, 0xffffc4d4d190) = 1 <0.000237>
[pid 371] 14:57:18.596934 libssl.so.3->X509_verify_cert(0xaaaaed42cf50, 1, 0, 0) = 1 <0.000222>
[pid 371] 14:57:18.597378 libssl.so.3->EVP_DigestSignInit_ex(0xaaaaed44be50, 0xffffc4d4d170, 0, 0) = 1 <0.000114>
[pid 371] 14:57:18.597535 libssl.so.3->EVP_DigestSign(0xaaaaed44be50, 0, 0xffffc4d4d180, 0xffffc4d4d190) = 1 <0.000124>
[pid 371] 14:57:18.597712 libssl.so.3->EVP_DigestSign(0xaaaaed44be50, 0xaaaaed44bfe0, 0xffffc4d4d180, 0xffffc4d4d190) = 1 <0.000475>
[pid 371] 14:57:18.598496 <... SSL_connect resumed> ) = 1 <0.006356>
Handshake duration: 6.48 ms
[pid 371] 14:57:18.599822 +++ exited (status 0) +++
Execution 87 - TLS Mutual
s_connection: verify depth is 1
[pid 373] 14:57:18.627322 openssl->SSL_connect(0xaaaacfb6b070, 0xaaaacfb46998, 0xffffb2d640e0, 0 <unfinished ...>
[pid 373] 14:57:18.627656 libssl.so.3->EVP_PKEY_keygen_init(0xaaaacfb73bf0, 0, 0, 0xaaaacfb73c60) = 1 <0.000112>
[pid 373] 14:57:18.627818 libssl.so.3->EVP_PKEY_keygen(0xaaaacfb73bf0, 0xffffdd3cb820, 0, 0) = 1 <0.000289>
[pid 373] 14:57:18.629327 libssl.so.3->EVP_PKEY_derive_init(0xaaaacfb73bf0, 0, 0, 0xaaaacfb73c60) = 1 <0.000102>
[pid 373] 14:57:18.629476 libssl.so.3->EVP_PKEY_derive_set_peer(0xaaaacfb73bf0, 0xaaaacfb707f0, 0, 0xffffb2916980) = 1 <0.000122>
[pid 373] 14:57:18.629640 libssl.so.3->EVP_PKEY_derive(0xaaaacfb73bf0, 0, 0xffffdd3cb7b0, 0) = 1 <0.000107>
[pid 373] 14:57:18.629784 libssl.so.3->EVP_PKEY_derive(0xaaaacfb73bf0, 0xaaaacfb72630, 0xffffdd3cb7b0, 0xaaaacfb72600) = 1 <0.000169>
[pid 373] 14:57:18.630630 libssl.so.3->X509_verify_cert(0xaaaacfb6af50, 0, 0, 0xffffffff) = 1 <0.000350>
[pid 373] 14:57:18.631180 libssl.so.3->EVP_DigestVerifyInit_ex(0xaaaacfa99750, 0xffffdd3cb8a8, 0, 0) = 1 <0.000114>
[pid 373] 14:57:18.631357 libssl.so.3->EVP_DigestVerify(0xaaaacfa99750, 0xaaaacfb75e68, 2420, 0xffffdd3cb8b0) = 1 <0.000175>
[pid 373] 14:57:18.631713 libssl.so.3->X509_verify_cert(0xaaaacfb6af50, 1, 0, 0) = 1 <0.000185>
[pid 373] 14:57:18.632073 libssl.so.3->EVP_DigestSignInit_ex(0xaaaacfb89e50, 0xffffdd3cb890, 0, 0) = 1 <0.000100>
[pid 373] 14:57:18.632231 libssl.so.3->EVP_DigestSign(0xaaaacfb89e50, 0, 0xffffdd3cb8a0, 0xffffdd3cb8b0) = 1 <0.000113>
[pid 373] 14:57:18.632383 libssl.so.3->EVP_DigestSign(0xaaaacfb89e50, 0xaaaacfb89fe0, 0xffffdd3cb8a0, 0xffffdd3cb8b0) = 1 <0.000403>
[pid 373] 14:57:18.633050 <... SSL_connect resumed> ) = 1 <0.005724>
Handshake duration: 5.86 ms
[pid 373] 14:57:18.634381 +++ exited (status 0) +++
Execution 88 - TLS Mutual
s_connection: verify depth is 1
[pid 375] 14:57:18.661845 openssl->SSL_connect(0xaaab045ef070, 0xaaab045ca998, 0xffffb76c40e0, 0 <unfinished ...>
[pid 375] 14:57:18.662191 libssl.so.3->EVP_PKEY_keygen_init(0xaaab045f7bf0, 0, 0, 0xaaab045f7c60) = 1 <0.000179>
[pid 375] 14:57:18.662442 libssl.so.3->EVP_PKEY_keygen(0xaaab045f7bf0, 0xffffc3d8c910, 0, 0) = 1 <0.000206>
[pid 375] 14:57:18.663900 libssl.so.3->EVP_PKEY_derive_init(0xaaab045f7bf0, 0, 0, 0xaaab045f7c60) = 1 <0.000166>
[pid 375] 14:57:18.664144 libssl.so.3->EVP_PKEY_derive_set_peer(0xaaab045f7bf0, 0xaaab045f47f0, 0, 0xffffb7316980) = 1 <0.000134>
[pid 375] 14:57:18.664350 libssl.so.3->EVP_PKEY_derive(0xaaab045f7bf0, 0, 0xffffc3d8c8a0, 0) = 1 <0.000145>
[pid 375] 14:57:18.664514 libssl.so.3->EVP_PKEY_derive(0xaaab045f7bf0, 0xaaab045f6630, 0xffffc3d8c8a0, 0xaaab045f6600) = 1 <0.000119>
[pid 375] 14:57:18.665304 libssl.so.3->X509_verify_cert(0xaaab045eef50, 0, 0, 0xffffffff) = 1 <0.000353>
[pid 375] 14:57:18.665846 libssl.so.3->EVP_DigestVerifyInit_ex(0xaaab0451d750, 0xffffc3d8c998, 0, 0) = 1 <0.000102>
[pid 375] 14:57:18.665992 libssl.so.3->EVP_DigestVerify(0xaaab0451d750, 0xaaab045f9e68, 2420, 0xffffc3d8c9a0) = 1 <0.000192>
[pid 375] 14:57:18.666384 libssl.so.3->X509_verify_cert(0xaaab045eef50, 1, 0, 0) = 1 <0.000191>
[pid 375] 14:57:18.666734 libssl.so.3->EVP_DigestSignInit_ex(0xaaab0460de50, 0xffffc3d8c980, 0, 0) = 1 <0.000100>
[pid 375] 14:57:18.666881 libssl.so.3->EVP_DigestSign(0xaaab0460de50, 0, 0xffffc3d8c990, 0xffffc3d8c9a0) = 1 <0.000151>
[pid 375] 14:57:18.667083 libssl.so.3->EVP_DigestSign(0xaaab0460de50, 0xaaab0460dfe0, 0xffffc3d8c990, 0xffffc3d8c9a0) = 1 <0.000283>
[pid 375] 14:57:18.667593 <... SSL_connect resumed> ) = 1 <0.005742>
Handshake duration: 5.96 ms
[pid 375] 14:57:18.669009 +++ exited (status 0) +++
Execution 89 - TLS Mutual
s_connection: verify depth is 1
[pid 377] 14:57:18.697761 openssl->SSL_connect(0xaaaaef193070, 0xaaaaef16e998, 0xffffa23840e0, 0 <unfinished ...>
[pid 377] 14:57:18.698057 libssl.so.3->EVP_PKEY_keygen_init(0xaaaaef19bbf0, 0, 0, 0xaaaaef19bc60) = 1 <0.000120>
[pid 377] 14:57:18.698249 libssl.so.3->EVP_PKEY_keygen(0xaaaaef19bbf0, 0xfffff4552bb0, 0, 0) = 1 <0.000274>
[pid 377] 14:57:18.699770 libssl.so.3->EVP_PKEY_derive_init(0xaaaaef19bbf0, 0, 0, 0xaaaaef19bc60) = 1 <0.000116>
[pid 377] 14:57:18.699954 libssl.so.3->EVP_PKEY_derive_set_peer(0xaaaaef19bbf0, 0xaaaaef1987f0, 0, 0xffffa1f16980) = 1 <0.000101>
[pid 377] 14:57:18.700104 libssl.so.3->EVP_PKEY_derive(0xaaaaef19bbf0, 0, 0xfffff4552b40, 0) = 1 <0.000112>
[pid 377] 14:57:18.700285 libssl.so.3->EVP_PKEY_derive(0xaaaaef19bbf0, 0xaaaaef19a630, 0xfffff4552b40, 0xaaaaef19a600) = 1 <0.000136>
[pid 377] 14:57:18.701076 libssl.so.3->X509_verify_cert(0xaaaaef192f50, 0, 0, 0xffffffff) = 1 <0.000339>
[pid 377] 14:57:18.701608 libssl.so.3->EVP_DigestVerifyInit_ex(0xaaaaef0c1750, 0xfffff4552c38, 0, 0) = 1 <0.000140>
[pid 377] 14:57:18.701820 libssl.so.3->EVP_DigestVerify(0xaaaaef0c1750, 0xaaaaef19de68, 2420, 0xfffff4552c40) = 1 <0.000221>
[pid 377] 14:57:18.702256 libssl.so.3->X509_verify_cert(0xaaaaef192f50, 1, 0, 0) = 1 <0.000206>
[pid 377] 14:57:18.702630 libssl.so.3->EVP_DigestSignInit_ex(0xaaaaef1b1e50, 0xfffff4552c20, 0, 0) = 1 <0.000100>
[pid 377] 14:57:18.702780 libssl.so.3->EVP_DigestSign(0xaaaaef1b1e50, 0, 0xfffff4552c30, 0xfffff4552c40) = 1 <0.000106>
[pid 377] 14:57:18.702930 libssl.so.3->EVP_DigestSign(0xaaaaef1b1e50, 0xaaaaef1b1fe0, 0xfffff4552c30, 0xfffff4552c40) = 1 <0.000700>
[pid 377] 14:57:18.703874 <... SSL_connect resumed> ) = 1 <0.006109>
Handshake duration: 6.23 ms
[pid 377] 14:57:18.705172 +++ exited (status 0) +++
Execution 90 - TLS Mutual
s_connection: verify depth is 1
[pid 379] 14:57:18.732949 openssl->SSL_connect(0xaaaad982e070, 0xaaaad9809998, 0xffffbbbe40e0, 0 <unfinished ...>
[pid 379] 14:57:18.733261 libssl.so.3->EVP_PKEY_keygen_init(0xaaaad9836bf0, 0, 0, 0xaaaad9836c60) = 1 <0.000147>
[pid 379] 14:57:18.733476 libssl.so.3->EVP_PKEY_keygen(0xaaaad9836bf0, 0xffffddb63160, 0, 0) = 1 <0.000240>
[pid 379] 14:57:18.734903 libssl.so.3->EVP_PKEY_derive_init(0xaaaad9836bf0, 0, 0, 0xaaaad9836c60) = 1 <0.000177>
[pid 379] 14:57:18.735128 libssl.so.3->EVP_PKEY_derive_set_peer(0xaaaad9836bf0, 0xaaaad98337f0, 0, 0xffffbb916980) = 1 <0.000177>
[pid 379] 14:57:18.735354 libssl.so.3->EVP_PKEY_derive(0xaaaad9836bf0, 0, 0xffffddb630f0, 0) = 1 <0.000091>
[pid 379] 14:57:18.735486 libssl.so.3->EVP_PKEY_derive(0xaaaad9836bf0, 0xaaaad9835630, 0xffffddb630f0, 0xaaaad9835600) = 1 <0.000151>
[pid 379] 14:57:18.736275 libssl.so.3->X509_verify_cert(0xaaaad982df50, 0, 0, 0xffffffff) = 1 <0.000337>
[pid 379] 14:57:18.736834 libssl.so.3->EVP_DigestVerifyInit_ex(0xaaaad975c750, 0xffffddb631e8, 0, 0) = 1 <0.000110>
[pid 379] 14:57:18.736998 libssl.so.3->EVP_DigestVerify(0xaaaad975c750, 0xaaaad9838e68, 2420, 0xffffddb631f0) = 1 <0.000190>
[pid 379] 14:57:18.737393 libssl.so.3->X509_verify_cert(0xaaaad982df50, 1, 0, 0) = 1 <0.000199>
[pid 379] 14:57:18.737745 libssl.so.3->EVP_DigestSignInit_ex(0xaaaad984ce50, 0xffffddb631d0, 0, 0) = 1 <0.000099>
[pid 379] 14:57:18.737885 libssl.so.3->EVP_DigestSign(0xaaaad984ce50, 0, 0xffffddb631e0, 0xffffddb631f0) = 1 <0.000115>
[pid 379] 14:57:18.738056 libssl.so.3->EVP_DigestSign(0xaaaad984ce50, 0xaaaad984cfe0, 0xffffddb631e0, 0xffffddb631f0) = 1 <0.000441>
[pid 379] 14:57:18.738770 <... SSL_connect resumed> ) = 1 <0.005816>
Handshake duration: 6.00 ms
[pid 379] 14:57:18.740127 +++ exited (status 0) +++
Execution 91 - TLS Mutual
s_connection: verify depth is 1
[pid 381] 14:57:18.767560 openssl->SSL_connect(0xaaaae1c8d070, 0xaaaae1c68998, 0xffff956640e0, 0 <unfinished ...>
[pid 381] 14:57:18.767843 libssl.so.3->EVP_PKEY_keygen_init(0xaaaae1c95bf0, 0, 0, 0xaaaae1c95c60) = 1 <0.000148>
[pid 381] 14:57:18.768042 libssl.so.3->EVP_PKEY_keygen(0xaaaae1c95bf0, 0xffffe77398c0, 0, 0) = 1 <0.000358>
[pid 381] 14:57:18.769637 libssl.so.3->EVP_PKEY_derive_init(0xaaaae1c95bf0, 0, 0, 0xaaaae1c95c60) = 1 <0.000171>
[pid 381] 14:57:18.769865 libssl.so.3->EVP_PKEY_derive_set_peer(0xaaaae1c95bf0, 0xaaaae1c927f0, 0, 0xffff95316980) = 1 <0.000205>
[pid 381] 14:57:18.770133 libssl.so.3->EVP_PKEY_derive(0xaaaae1c95bf0, 0, 0xffffe7739850, 0) = 1 <0.000228>
[pid 381] 14:57:18.770410 libssl.so.3->EVP_PKEY_derive(0xaaaae1c95bf0, 0xaaaae1c94630, 0xffffe7739850, 0xaaaae1c94600) = 1 <0.000154>
[pid 381] 14:57:18.771239 libssl.so.3->X509_verify_cert(0xaaaae1c8cf50, 0, 0, 0xffffffff) = 1 <0.000381>
[pid 381] 14:57:18.771822 libssl.so.3->EVP_DigestVerifyInit_ex(0xaaaae1bbb750, 0xffffe7739948, 0, 0) = 1 <0.000122>
[pid 381] 14:57:18.772008 libssl.so.3->EVP_DigestVerify(0xaaaae1bbb750, 0xaaaae1c97e68, 2420, 0xffffe7739950) = 1 <0.000185>
[pid 381] 14:57:18.772399 libssl.so.3->X509_verify_cert(0xaaaae1c8cf50, 1, 0, 0) = 1 <0.000186>
[pid 381] 14:57:18.772773 libssl.so.3->EVP_DigestSignInit_ex(0xaaaae1cabe50, 0xffffe7739930, 0, 0) = 1 <0.000111>
[pid 381] 14:57:18.772959 libssl.so.3->EVP_DigestSign(0xaaaae1cabe50, 0, 0xffffe7739940, 0xffffe7739950) = 1 <0.000219>
[pid 381] 14:57:18.773228 libssl.so.3->EVP_DigestSign(0xaaaae1cabe50, 0xaaaae1cabfe0, 0xffffe7739940, 0xffffe7739950) = 1 <0.000477>
[pid 381] 14:57:18.773950 <... SSL_connect resumed> ) = 1 <0.006385>
Handshake duration: 6.53 ms
[pid 381] 14:57:18.775321 +++ exited (status 0) +++
Execution 92 - TLS Mutual
s_connection: verify depth is 1
[pid 383] 14:57:18.802803 openssl->SSL_connect(0xaaaae030a070, 0xaaaae02e5998, 0xffff85b240e0, 0 <unfinished ...>
[pid 383] 14:57:18.803115 libssl.so.3->EVP_PKEY_keygen_init(0xaaaae0312bf0, 0, 0, 0xaaaae0312c60) = 1 <0.000111>
[pid 383] 14:57:18.803357 libssl.so.3->EVP_PKEY_keygen(0xaaaae0312bf0, 0xffffeab02fa0, 0, 0) = 1 <0.000245>
[pid 383] 14:57:18.804803 libssl.so.3->EVP_PKEY_derive_init(0xaaaae0312bf0, 0, 0, 0xaaaae0312c60) = 1 <0.000124>
[pid 383] 14:57:18.804991 libssl.so.3->EVP_PKEY_derive_set_peer(0xaaaae0312bf0, 0xaaaae030f7f0, 0, 0xffff85716980) = 1 <0.000105>
[pid 383] 14:57:18.805160 libssl.so.3->EVP_PKEY_derive(0xaaaae0312bf0, 0, 0xffffeab02f30, 0) = 1 <0.000119>
[pid 383] 14:57:18.805373 libssl.so.3->EVP_PKEY_derive(0xaaaae0312bf0, 0xaaaae0311630, 0xffffeab02f30, 0xaaaae0311600) = 1 <0.000172>
[pid 383] 14:57:18.806203 libssl.so.3->X509_verify_cert(0xaaaae0309f50, 0, 0, 0xffffffff) = 1 <0.000361>
[pid 383] 14:57:18.806757 libssl.so.3->EVP_DigestVerifyInit_ex(0xaaaae0238750, 0xffffeab03028, 0, 0) = 1 <0.000104>
[pid 383] 14:57:18.806928 libssl.so.3->EVP_DigestVerify(0xaaaae0238750, 0xaaaae0314e68, 2420, 0xffffeab03030) = 1 <0.000204>
[pid 383] 14:57:18.807352 libssl.so.3->X509_verify_cert(0xaaaae0309f50, 1, 0, 0) = 1 <0.000207>
[pid 383] 14:57:18.807740 libssl.so.3->EVP_DigestSignInit_ex(0xaaaae0328e50, 0xffffeab03010, 0, 0) = 1 <0.000099>
[pid 383] 14:57:18.807899 libssl.so.3->EVP_DigestSign(0xaaaae0328e50, 0, 0xffffeab03020, 0xffffeab03030) = 1 <0.000098>
[pid 383] 14:57:18.808057 libssl.so.3->EVP_DigestSign(0xaaaae0328e50, 0xaaaae0328fe0, 0xffffeab03020, 0xffffeab03030) = 1 <0.000539>
[pid 383] 14:57:18.808848 <... SSL_connect resumed> ) = 1 <0.006041>
Handshake duration: 6.22 ms
[pid 383] 14:57:18.810156 +++ exited (status 0) +++
Execution 93 - TLS Mutual
s_connection: verify depth is 1
[pid 385] 14:57:18.837458 openssl->SSL_connect(0xaaaae3ec5070, 0xaaaae3ea0998, 0xffff8ad240e0, 0 <unfinished ...>
[pid 385] 14:57:18.837775 libssl.so.3->EVP_PKEY_keygen_init(0xaaaae3ecdbf0, 0, 0, 0xaaaae3ecdc60) = 1 <0.000119>
[pid 385] 14:57:18.837990 libssl.so.3->EVP_PKEY_keygen(0xaaaae3ecdbf0, 0xffffe720ec40, 0, 0) = 1 <0.000246>
[pid 385] 14:57:18.839476 libssl.so.3->EVP_PKEY_derive_init(0xaaaae3ecdbf0, 0, 0, 0xaaaae3ecdc60) = 1 <0.000118>
[pid 385] 14:57:18.839663 libssl.so.3->EVP_PKEY_derive_set_peer(0xaaaae3ecdbf0, 0xaaaae3eca7f0, 0, 0xffff8a916980) = 1 <0.000158>
[pid 385] 14:57:18.839888 libssl.so.3->EVP_PKEY_derive(0xaaaae3ecdbf0, 0, 0xffffe720ebd0, 0) = 1 <0.000118>
[pid 385] 14:57:18.840054 libssl.so.3->EVP_PKEY_derive(0xaaaae3ecdbf0, 0xaaaae3ecc630, 0xffffe720ebd0, 0xaaaae3ecc600) = 1 <0.000137>
[pid 385] 14:57:18.840849 libssl.so.3->X509_verify_cert(0xaaaae3ec4f50, 0, 0, 0xffffffff) = 1 <0.000390>
[pid 385] 14:57:18.841447 libssl.so.3->EVP_DigestVerifyInit_ex(0xaaaae3df3750, 0xffffe720ecc8, 0, 0) = 1 <0.000126>
[pid 385] 14:57:18.841633 libssl.so.3->EVP_DigestVerify(0xaaaae3df3750, 0xaaaae3ecfe68, 2420, 0xffffe720ecd0) = 1 <0.000207>
[pid 385] 14:57:18.842062 libssl.so.3->X509_verify_cert(0xaaaae3ec4f50, 1, 0, 0) = 1 <0.000213>
[pid 385] 14:57:18.842453 libssl.so.3->EVP_DigestSignInit_ex(0xaaaae3ee3e50, 0xffffe720ecb0, 0, 0) = 1 <0.000126>
[pid 385] 14:57:18.842617 libssl.so.3->EVP_DigestSign(0xaaaae3ee3e50, 0, 0xffffe720ecc0, 0xffffe720ecd0) = 1 <0.000100>
[pid 385] 14:57:18.842792 libssl.so.3->EVP_DigestSign(0xaaaae3ee3e50, 0xaaaae3ee3fe0, 0xffffe720ecc0, 0xffffe720ecd0) = 1 <0.000425>
[pid 385] 14:57:18.843506 <... SSL_connect resumed> ) = 1 <0.006044>
Handshake duration: 6.16 ms
[pid 385] 14:57:18.844814 +++ exited (status 0) +++
Execution 94 - TLS Mutual
s_connection: verify depth is 1
[pid 387] 14:57:18.872373 openssl->SSL_connect(0xaaab0714c070, 0xaaab07127998, 0xffffab4040e0, 0 <unfinished ...>
[pid 387] 14:57:18.872702 libssl.so.3->EVP_PKEY_keygen_init(0xaaab07154bf0, 0, 0, 0xaaab07154c60) = 1 <0.000133>
[pid 387] 14:57:18.872894 libssl.so.3->EVP_PKEY_keygen(0xaaab07154bf0, 0xffffd48eda20, 0, 0) = 1 <0.000210>
[pid 387] 14:57:18.874394 libssl.so.3->EVP_PKEY_derive_init(0xaaab07154bf0, 0, 0, 0xaaab07154c60) = 1 <0.000108>
[pid 387] 14:57:18.874565 libssl.so.3->EVP_PKEY_derive_set_peer(0xaaab07154bf0, 0xaaab071517f0, 0, 0xffffab116980) = 1 <0.000133>
[pid 387] 14:57:18.874735 libssl.so.3->EVP_PKEY_derive(0xaaab07154bf0, 0, 0xffffd48ed9b0, 0) = 1 <0.000088>
[pid 387] 14:57:18.874880 libssl.so.3->EVP_PKEY_derive(0xaaab07154bf0, 0xaaab07153630, 0xffffd48ed9b0, 0xaaab07153600) = 1 <0.000148>
[pid 387] 14:57:18.875709 libssl.so.3->X509_verify_cert(0xaaab0714bf50, 0, 0, 0xffffffff) = 1 <0.000344>
[pid 387] 14:57:18.876293 libssl.so.3->EVP_DigestVerifyInit_ex(0xaaab0707a750, 0xffffd48edaa8, 0, 0) = 1 <0.000141>
[pid 387] 14:57:18.876510 libssl.so.3->EVP_DigestVerify(0xaaab0707a750, 0xaaab07156e68, 2420, 0xffffd48edab0) = 1 <0.000195>
[pid 387] 14:57:18.876915 libssl.so.3->X509_verify_cert(0xaaab0714bf50, 1, 0, 0) = 1 <0.000182>
[pid 387] 14:57:18.877280 libssl.so.3->EVP_DigestSignInit_ex(0xaaab0716ae50, 0xffffd48eda90, 0, 0) = 1 <0.000121>
[pid 387] 14:57:18.877444 libssl.so.3->EVP_DigestSign(0xaaab0716ae50, 0, 0xffffd48edaa0, 0xffffd48edab0) = 1 <0.000144>
[pid 387] 14:57:18.877633 libssl.so.3->EVP_DigestSign(0xaaab0716ae50, 0xaaab0716afe0, 0xffffd48edaa0, 0xffffd48edab0) = 1 <0.000400>
[pid 387] 14:57:18.878247 <... SSL_connect resumed> ) = 1 <0.005872>
Handshake duration: 6.04 ms
[pid 387] 14:57:18.879596 +++ exited (status 0) +++
Execution 95 - TLS Mutual
s_connection: verify depth is 1
[pid 389] 14:57:18.907001 openssl->SSL_connect(0xaaaadea4d070, 0xaaaadea28998, 0xffffbf5940e0, 0 <unfinished ...>
[pid 389] 14:57:18.907291 libssl.so.3->EVP_PKEY_keygen_init(0xaaaadea55bf0, 0, 0, 0xaaaadea55c60) = 1 <0.000110>
[pid 389] 14:57:18.907526 libssl.so.3->EVP_PKEY_keygen(0xaaaadea55bf0, 0xfffffdc75d80, 0, 0) = 1 <0.000216>
[pid 389] 14:57:18.908960 libssl.so.3->EVP_PKEY_derive_init(0xaaaadea55bf0, 0, 0, 0xaaaadea55c60) = 1 <0.000103>
[pid 389] 14:57:18.909133 libssl.so.3->EVP_PKEY_derive_set_peer(0xaaaadea55bf0, 0xaaaadea527f0, 0, 0xffffbf116980) = 1 <0.000118>
[pid 389] 14:57:18.909351 libssl.so.3->EVP_PKEY_derive(0xaaaadea55bf0, 0, 0xfffffdc75d10, 0) = 1 <0.000158>
[pid 389] 14:57:18.909559 libssl.so.3->EVP_PKEY_derive(0xaaaadea55bf0, 0xaaaadea54630, 0xfffffdc75d10, 0xaaaadea54600) = 1 <0.000119>
[pid 389] 14:57:18.910460 libssl.so.3->X509_verify_cert(0xaaaadea4cf50, 0, 0, 0xffffffff) = 1 <0.000359>
[pid 389] 14:57:18.911055 libssl.so.3->EVP_DigestVerifyInit_ex(0xaaaade97b750, 0xfffffdc75e08, 0, 0) = 1 <0.000102>
[pid 389] 14:57:18.911211 libssl.so.3->EVP_DigestVerify(0xaaaade97b750, 0xaaaadea57e68, 2420, 0xfffffdc75e10) = 1 <0.000213>
[pid 389] 14:57:18.911632 libssl.so.3->X509_verify_cert(0xaaaadea4cf50, 1, 0, 0) = 1 <0.000178>
[pid 389] 14:57:18.911979 libssl.so.3->EVP_DigestSignInit_ex(0xaaaadea6be50, 0xfffffdc75df0, 0, 0) = 1 <0.000115>
[pid 389] 14:57:18.912146 libssl.so.3->EVP_DigestSign(0xaaaadea6be50, 0, 0xfffffdc75e00, 0xfffffdc75e10) = 1 <0.000104>
[pid 389] 14:57:18.912365 libssl.so.3->EVP_DigestSign(0xaaaadea6be50, 0xaaaadea6bfe0, 0xfffffdc75e00, 0xfffffdc75e10) = 1 <0.000466>
[pid 389] 14:57:18.913077 <... SSL_connect resumed> ) = 1 <0.006071>
Handshake duration: 6.27 ms
[pid 389] 14:57:18.914408 +++ exited (status 0) +++
Execution 96 - TLS Mutual
s_connection: verify depth is 1
[pid 391] 14:57:18.942104 openssl->SSL_connect(0xaaaaf3b6d070, 0xaaaaf3b48998, 0xffff968f40e0, 0 <unfinished ...>
[pid 391] 14:57:18.942461 libssl.so.3->EVP_PKEY_keygen_init(0xaaaaf3b75bf0, 0, 0, 0xaaaaf3b75c60) = 1 <0.000110>
[pid 391] 14:57:18.942631 libssl.so.3->EVP_PKEY_keygen(0xaaaaf3b75bf0, 0xfffffab79780, 0, 0) = 1 <0.000171>
[pid 391] 14:57:18.944019 libssl.so.3->EVP_PKEY_derive_init(0xaaaaf3b75bf0, 0, 0, 0xaaaaf3b75c60) = 1 <0.000099>
[pid 391] 14:57:18.944196 libssl.so.3->EVP_PKEY_derive_set_peer(0xaaaaf3b75bf0, 0xaaaaf3b727f0, 0, 0xffff96516980) = 1 <0.000168>
[pid 391] 14:57:18.944429 libssl.so.3->EVP_PKEY_derive(0xaaaaf3b75bf0, 0, 0xfffffab79710, 0) = 1 <0.000119>
[pid 391] 14:57:18.944648 libssl.so.3->EVP_PKEY_derive(0xaaaaf3b75bf0, 0xaaaaf3b74630, 0xfffffab79710, 0xaaaaf3b74600) = 1 <0.000170>
[pid 391] 14:57:18.945506 libssl.so.3->X509_verify_cert(0xaaaaf3b6cf50, 0, 0, 0xffffffff) = 1 <0.000349>
[pid 391] 14:57:18.946072 libssl.so.3->EVP_DigestVerifyInit_ex(0xaaaaf3a9b750, 0xfffffab79808, 0, 0) = 1 <0.000116>
[pid 391] 14:57:18.946236 libssl.so.3->EVP_DigestVerify(0xaaaaf3a9b750, 0xaaaaf3b77e68, 2420, 0xfffffab79810) = 1 <0.000171>
[pid 391] 14:57:18.946644 libssl.so.3->X509_verify_cert(0xaaaaf3b6cf50, 1, 0, 0) = 1 <0.000220>
[pid 391] 14:57:18.947054 libssl.so.3->EVP_DigestSignInit_ex(0xaaaaf3b8be50, 0xfffffab797f0, 0, 0) = 1 <0.000116>
[pid 391] 14:57:18.947213 libssl.so.3->EVP_DigestSign(0xaaaaf3b8be50, 0, 0xfffffab79800, 0xfffffab79810) = 1 <0.000110>
[pid 391] 14:57:18.947365 libssl.so.3->EVP_DigestSign(0xaaaaf3b8be50, 0xaaaaf3b8bfe0, 0xfffffab79800, 0xfffffab79810) = 1 <0.000413>
[pid 391] 14:57:18.948013 <... SSL_connect resumed> ) = 1 <0.005906>
Handshake duration: 6.05 ms
[pid 391] 14:57:18.949423 +++ exited (status 0) +++
Execution 97 - TLS Mutual
s_connection: verify depth is 1
[pid 393] 14:57:18.976678 openssl->SSL_connect(0xaaaacdfce070, 0xaaaacdfa9998, 0xffffa5b940e0, 0 <unfinished ...>
[pid 393] 14:57:18.977047 libssl.so.3->EVP_PKEY_keygen_init(0xaaaacdfd6bf0, 0, 0, 0xaaaacdfd6c60) = 1 <0.000113>
[pid 393] 14:57:18.977267 libssl.so.3->EVP_PKEY_keygen(0xaaaacdfd6bf0, 0xffffff442110, 0, 0) = 1 <0.000210>
[pid 393] 14:57:18.978728 libssl.so.3->EVP_PKEY_derive_init(0xaaaacdfd6bf0, 0, 0, 0xaaaacdfd6c60) = 1 <0.000093>
[pid 393] 14:57:18.978894 libssl.so.3->EVP_PKEY_derive_set_peer(0xaaaacdfd6bf0, 0xaaaacdfd37f0, 0, 0xffffa5716980) = 1 <0.000116>
[pid 393] 14:57:18.979055 libssl.so.3->EVP_PKEY_derive(0xaaaacdfd6bf0, 0, 0xffffff4420a0, 0) = 1 <0.000102>
[pid 393] 14:57:18.979208 libssl.so.3->EVP_PKEY_derive(0xaaaacdfd6bf0, 0xaaaacdfd5630, 0xffffff4420a0, 0xaaaacdfd5600) = 1 <0.000166>
[pid 393] 14:57:18.980029 libssl.so.3->X509_verify_cert(0xaaaacdfcdf50, 0, 0, 0xffffffff) = 1 <0.000346>
[pid 393] 14:57:18.980582 libssl.so.3->EVP_DigestVerifyInit_ex(0xaaaacdefc750, 0xffffff442198, 0, 0) = 1 <0.000114>
[pid 393] 14:57:18.980765 libssl.so.3->EVP_DigestVerify(0xaaaacdefc750, 0xaaaacdfd8e68, 2420, 0xffffff4421a0) = 1 <0.000211>
[pid 393] 14:57:18.981211 libssl.so.3->X509_verify_cert(0xaaaacdfcdf50, 1, 0, 0) = 1 <0.000223>
[pid 393] 14:57:18.981593 libssl.so.3->EVP_DigestSignInit_ex(0xaaaacdfece50, 0xffffff442180, 0, 0) = 1 <0.000124>
[pid 393] 14:57:18.981763 libssl.so.3->EVP_DigestSign(0xaaaacdfece50, 0, 0xffffff442190, 0xffffff4421a0) = 1 <0.000106>
[pid 393] 14:57:18.981914 libssl.so.3->EVP_DigestSign(0xaaaacdfece50, 0xaaaacdfecfe0, 0xffffff442190, 0xffffff4421a0) = 1 <0.000573>
[pid 393] 14:57:18.982735 <... SSL_connect resumed> ) = 1 <0.006049>
Handshake duration: 6.17 ms
[pid 393] 14:57:18.984028 +++ exited (status 0) +++
Execution 98 - TLS Mutual
s_connection: verify depth is 1
[pid 395] 14:57:19.011301 openssl->SSL_connect(0xaaaacab57070, 0xaaaacab32998, 0xffff864740e0, 0 <unfinished ...>
[pid 395] 14:57:19.011642 libssl.so.3->EVP_PKEY_keygen_init(0xaaaacab5fbf0, 0, 0, 0xaaaacab5fc60) = 1 <0.000108>
[pid 395] 14:57:19.011827 libssl.so.3->EVP_PKEY_keygen(0xaaaacab5fbf0, 0xfffff863fac0, 0, 0) = 1 <0.000282>
[pid 395] 14:57:19.013357 libssl.so.3->EVP_PKEY_derive_init(0xaaaacab5fbf0, 0, 0, 0xaaaacab5fc60) = 1 <0.000182>
[pid 395] 14:57:19.013589 libssl.so.3->EVP_PKEY_derive_set_peer(0xaaaacab5fbf0, 0xaaaacab5c7f0, 0, 0xffff86116980) = 1 <0.000093>
[pid 395] 14:57:19.013729 libssl.so.3->EVP_PKEY_derive(0xaaaacab5fbf0, 0, 0xfffff863fa50, 0) = 1 <0.000103>
[pid 395] 14:57:19.013885 libssl.so.3->EVP_PKEY_derive(0xaaaacab5fbf0, 0xaaaacab5e630, 0xfffff863fa50, 0xaaaacab5e600) = 1 <0.000148>
[pid 395] 14:57:19.014726 libssl.so.3->X509_verify_cert(0xaaaacab56f50, 0, 0, 0xffffffff) = 1 <0.000336>
[pid 395] 14:57:19.015294 libssl.so.3->EVP_DigestVerifyInit_ex(0xaaaacaa85750, 0xfffff863fb48, 0, 0) = 1 <0.000112>
[pid 395] 14:57:19.015451 libssl.so.3->EVP_DigestVerify(0xaaaacaa85750, 0xaaaacab61e68, 2420, 0xfffff863fb50) = 1 <0.000170>
[pid 395] 14:57:19.015813 libssl.so.3->X509_verify_cert(0xaaaacab56f50, 1, 0, 0) = 1 <0.000202>
[pid 395] 14:57:19.016181 libssl.so.3->EVP_DigestSignInit_ex(0xaaaacab75e50, 0xfffff863fb30, 0, 0) = 1 <0.000136>
[pid 395] 14:57:19.016372 libssl.so.3->EVP_DigestSign(0xaaaacab75e50, 0, 0xfffff863fb40, 0xfffff863fb50) = 1 <0.000100>
[pid 395] 14:57:19.016520 libssl.so.3->EVP_DigestSign(0xaaaacab75e50, 0xaaaacab75fe0, 0xfffff863fb40, 0xfffff863fb50) = 1 <0.000320>
[pid 395] 14:57:19.017059 <... SSL_connect resumed> ) = 1 <0.005754>
Handshake duration: 5.90 ms
[pid 395] 14:57:19.018404 +++ exited (status 0) +++
Execution 99 - TLS Mutual
s_connection: verify depth is 1
[pid 397] 14:57:19.045857 openssl->SSL_connect(0xaaaadaaba070, 0xaaaadaa95998, 0xffffb24040e0, 0 <unfinished ...>
[pid 397] 14:57:19.046171 libssl.so.3->EVP_PKEY_keygen_init(0xaaaadaac2bf0, 0, 0, 0xaaaadaac2c60) = 1 <0.000160>
[pid 397] 14:57:19.046389 libssl.so.3->EVP_PKEY_keygen(0xaaaadaac2bf0, 0xffffd255d0b0, 0, 0) = 1 <0.000254>
[pid 397] 14:57:19.047850 libssl.so.3->EVP_PKEY_derive_init(0xaaaadaac2bf0, 0, 0, 0xaaaadaac2c60) = 1 <0.000169>
[pid 397] 14:57:19.048100 libssl.so.3->EVP_PKEY_derive_set_peer(0xaaaadaac2bf0, 0xaaaadaabf7f0, 0, 0xffffb2116980) = 1 <0.000156>
[pid 397] 14:57:19.048321 libssl.so.3->EVP_PKEY_derive(0xaaaadaac2bf0, 0, 0xffffd255d040, 0) = 1 <0.000111>
[pid 397] 14:57:19.048494 libssl.so.3->EVP_PKEY_derive(0xaaaadaac2bf0, 0xaaaadaac1630, 0xffffd255d040, 0xaaaadaac1600) = 1 <0.000129>
[pid 397] 14:57:19.049317 libssl.so.3->X509_verify_cert(0xaaaadaab9f50, 0, 0, 0xffffffff) = 1 <0.000432>
[pid 397] 14:57:19.049951 libssl.so.3->EVP_DigestVerifyInit_ex(0xaaaada9e8750, 0xffffd255d138, 0, 0) = 1 <0.000108>
[pid 397] 14:57:19.050097 libssl.so.3->EVP_DigestVerify(0xaaaada9e8750, 0xaaaadaac4e68, 2420, 0xffffd255d140) = 1 <0.000248>
[pid 397] 14:57:19.050585 libssl.so.3->X509_verify_cert(0xaaaadaab9f50, 1, 0, 0) = 1 <0.000210>
[pid 397] 14:57:19.050997 libssl.so.3->EVP_DigestSignInit_ex(0xaaaadaad8e50, 0xffffd255d120, 0, 0) = 1 <0.000095>
[pid 397] 14:57:19.051156 libssl.so.3->EVP_DigestSign(0xaaaadaad8e50, 0, 0xffffd255d130, 0xffffd255d140) = 1 <0.000136>
[pid 397] 14:57:19.051344 libssl.so.3->EVP_DigestSign(0xaaaadaad8e50, 0xaaaadaad8fe0, 0xffffd255d130, 0xffffd255d140) = 1 <0.000343>
[pid 397] 14:57:19.051914 <... SSL_connect resumed> ) = 1 <0.006052>
Handshake duration: 6.19 ms
[pid 397] 14:57:19.053207 +++ exited (status 0) +++
Execution 100 - TLS Mutual
s_connection: verify depth is 1
[pid 399] 14:57:19.080270 openssl->SSL_connect(0xaaab040be070, 0xaaab04099998, 0xffffb46340e0, 0 <unfinished ...>
[pid 399] 14:57:19.080575 libssl.so.3->EVP_PKEY_keygen_init(0xaaab040c6bf0, 0, 0, 0xaaab040c6c60) = 1 <0.000121>
[pid 399] 14:57:19.080749 libssl.so.3->EVP_PKEY_keygen(0xaaab040c6bf0, 0xffffcbfdc2c0, 0, 0) = 1 <0.000187>
[pid 399] 14:57:19.082168 libssl.so.3->EVP_PKEY_derive_init(0xaaab040c6bf0, 0, 0, 0xaaab040c6c60) = 1 <0.000119>
[pid 399] 14:57:19.082338 libssl.so.3->EVP_PKEY_derive_set_peer(0xaaab040c6bf0, 0xaaab040c37f0, 0, 0xffffb4316980) = 1 <0.000145>
[pid 399] 14:57:19.082619 libssl.so.3->EVP_PKEY_derive(0xaaab040c6bf0, 0, 0xffffcbfdc250, 0) = 1 <0.000109>
[pid 399] 14:57:19.082841 libssl.so.3->EVP_PKEY_derive(0xaaab040c6bf0, 0xaaab040c5630, 0xffffcbfdc250, 0xaaab040c5600) = 1 <0.000174>
[pid 399] 14:57:19.083677 libssl.so.3->X509_verify_cert(0xaaab040bdf50, 0, 0, 0xffffffff) = 1 <0.000349>
[pid 399] 14:57:19.084229 libssl.so.3->EVP_DigestVerifyInit_ex(0xaaab03fec750, 0xffffcbfdc348, 0, 0) = 1 <0.000124>
[pid 399] 14:57:19.084392 libssl.so.3->EVP_DigestVerify(0xaaab03fec750, 0xaaab040c8e68, 2420, 0xffffcbfdc350) = 1 <0.000154>
[pid 399] 14:57:19.084766 libssl.so.3->X509_verify_cert(0xaaab040bdf50, 1, 0, 0) = 1 <0.000175>
[pid 399] 14:57:19.085103 libssl.so.3->EVP_DigestSignInit_ex(0xaaab040dce50, 0xffffcbfdc330, 0, 0) = 1 <0.000105>
[pid 399] 14:57:19.085288 libssl.so.3->EVP_DigestSign(0xaaab040dce50, 0, 0xffffcbfdc340, 0xffffcbfdc350) = 1 <0.000281>
[pid 399] 14:57:19.085597 libssl.so.3->EVP_DigestSign(0xaaab040dce50, 0xaaab040dcfe0, 0xffffcbfdc340, 0xffffcbfdc350) = 1 <0.000377>
[pid 399] 14:57:19.086182 <... SSL_connect resumed> ) = 1 <0.005907>
Handshake duration: 6.07 ms
[pid 399] 14:57:19.087661 +++ exited (status 0) +++
Applying netem rules to lo...
Showing qdisc status for the interface: lo
qdisc netem 8015: root refcnt 2 limit 1000 seed 11205596827224305490
 Sent 0 bytes 0 pkt (dropped 0, overlimits 0 requeues 0) 
 backlog 0b 0p requeues 0
Running /opt/oqssa/perftestClientTlsQuic_ltrace.sh with SIG_ALG=mldsa44 and KEM_ALG=mlkem512
Execution 1 - TLS Mutual
s_connection: verify depth is 1
[pid 201] 14:57:40.851253 openssl->SSL_connect(0xaaaad6121070, 0xaaaad60fc998, 0xffff90c340e0, 0 <unfinished ...>
[pid 201] 14:57:40.851641 libssl.so.3->EVP_PKEY_keygen_init(0xaaaad6129bf0, 0, 0, 0xaaaad6129c60) = 1 <0.000117>
[pid 201] 14:57:40.851851 libssl.so.3->EVP_PKEY_keygen(0xaaaad6129bf0, 0xffffd5d49b30, 0, 0 <unfinished ...>
[pid 201] 14:57:40.852057 oqsprovider.so->OQS_KEM_new(0xaaaad6127f90, 0xaaaad6128990, 912, 0) = 0xaaaad61289d0 <0.000127>
[pid 201] 14:57:40.852277 oqsprovider.so->OQS_KEM_keypair(0xaaaad61289d0, 0xaaaad611b990, 0xaaaad6123700, 0xaaaad6123d00) = 0 <0.001377>
[pid 201] 14:57:40.853696 <... EVP_PKEY_keygen resumed> ) = 1 <0.001841>
[pid 201] 14:57:40.855139 libssl.so.3->EVP_PKEY_decapsulate_init(0xaaaad6129bf0, 0, 0, 0xaaaad6129c60) = 1 <0.000216>
[pid 201] 14:57:40.855416 libssl.so.3->EVP_PKEY_decapsulate(0xaaaad6129bf0, 0, 0xffffd5d49ab0, 0xaaaad612beba) = 1 <0.000142>
[pid 201] 14:57:40.855657 libssl.so.3->EVP_PKEY_decapsulate(0xaaaad6129bf0, 0xaaaad6128630, 0xffffd5d49ab0, 0xaaaad612beba <unfinished ...>
[pid 201] 14:57:40.855810 oqsprovider.so->OQS_KEM_decaps(0xaaaad61289d0, 0xaaaad6128630, 0xaaaad612beba, 0xaaaad6123700) = 0 <0.000184>
[pid 201] 14:57:40.856182 <... EVP_PKEY_decapsulate resumed> ) = 1 <0.000521>
[pid 201] 14:57:40.856781 libssl.so.3->X509_verify_cert(0xaaaad6120f50, 0, 0, 0xffffffff) = 1 <0.000343>
[pid 201] 14:57:40.857350 libssl.so.3->EVP_DigestVerifyInit_ex(0xaaaad604f750, 0xffffd5d49bb8, 0, 0) = 1 <0.000094>
[pid 201] 14:57:40.857524 libssl.so.3->EVP_DigestVerify(0xaaaad604f750, 0xaaaad612be68, 2420, 0xffffd5d49bc0) = 1 <0.000252>
[pid 201] 14:57:40.857967 libssl.so.3->X509_verify_cert(0xaaaad6120f50, 1, 0, 0) = 1 <0.000211>
[pid 201] 14:57:40.858339 libssl.so.3->EVP_DigestSignInit_ex(0xaaaad6149d30, 0xffffd5d49ba0, 0, 0) = 1 <0.000106>
[pid 201] 14:57:40.858486 libssl.so.3->EVP_DigestSign(0xaaaad6149d30, 0, 0xffffd5d49bb0, 0xffffd5d49bc0) = 1 <0.000133>
[pid 201] 14:57:40.858677 libssl.so.3->EVP_DigestSign(0xaaaad6149d30, 0xaaaad612ad00, 0xffffd5d49bb0, 0xffffd5d49bc0) = 1 <0.000380>
[pid 201] 14:57:40.859364 <... SSL_connect resumed> ) = 1 <0.008105>
[pid 201] 14:57:40.859568 oqsprovider.so->OQS_KEM_free(0xaaaad61289d0, 1, 7, 0xaaaad6032010) = 0xaaaad6032030 <0.000168>
Handshake duration: 8.25 ms
[pid 201] 14:57:40.860956 +++ exited (status 0) +++
Execution 2 - TLS Mutual
s_connection: verify depth is 1
[pid 203] 14:57:40.889088 openssl->SSL_connect(0xaaaae617b070, 0xaaaae6156998, 0xffffbf2040e0, 0 <unfinished ...>
[pid 203] 14:57:40.889434 libssl.so.3->EVP_PKEY_keygen_init(0xaaaae6183bf0, 0, 0, 0xaaaae6183c60) = 1 <0.000117>
[pid 203] 14:57:40.889637 libssl.so.3->EVP_PKEY_keygen(0xaaaae6183bf0, 0xffffc587e960, 0, 0 <unfinished ...>
[pid 203] 14:57:40.889760 oqsprovider.so->OQS_KEM_new(0xaaaae6181f90, 0xaaaae6182990, 912, 0) = 0xaaaae61829d0 <0.000094>
[pid 203] 14:57:40.889989 oqsprovider.so->OQS_KEM_keypair(0xaaaae61829d0, 0xaaaae6175990, 0xaaaae617d700, 0xaaaae617dd00) = 0 <0.000402>
[pid 203] 14:57:40.890377 <... EVP_PKEY_keygen resumed> ) = 1 <0.000733>
[pid 203] 14:57:40.891576 libssl.so.3->EVP_PKEY_decapsulate_init(0xaaaae6183bf0, 0, 0, 0xaaaae6183c60) = 1 <0.000171>
[pid 203] 14:57:40.891797 libssl.so.3->EVP_PKEY_decapsulate(0xaaaae6183bf0, 0, 0xffffc587e8e0, 0xaaaae6185eba) = 1 <0.000137>
[pid 203] 14:57:40.891976 libssl.so.3->EVP_PKEY_decapsulate(0xaaaae6183bf0, 0xaaaae6182630, 0xffffc587e8e0, 0xaaaae6185eba <unfinished ...>
[pid 203] 14:57:40.892058 oqsprovider.so->OQS_KEM_decaps(0xaaaae61829d0, 0xaaaae6182630, 0xaaaae6185eba, 0xaaaae617d700) = 0 <0.000195>
[pid 203] 14:57:40.892308 <... EVP_PKEY_decapsulate resumed> ) = 1 <0.000327>
[pid 203] 14:57:40.892988 libssl.so.3->X509_verify_cert(0xaaaae617af50, 0, 0, 0xffffffff) = 1 <0.000325>
[pid 203] 14:57:40.893524 libssl.so.3->EVP_DigestVerifyInit_ex(0xaaaae60a9750, 0xffffc587e9e8, 0, 0) = 1 <0.000097>
[pid 203] 14:57:40.893726 libssl.so.3->EVP_DigestVerify(0xaaaae60a9750, 0xaaaae6185e68, 2420, 0xffffc587e9f0) = 1 <0.000259>
[pid 203] 14:57:40.894229 libssl.so.3->X509_verify_cert(0xaaaae617af50, 1, 0, 0) = 1 <0.000210>
[pid 203] 14:57:40.894626 libssl.so.3->EVP_DigestSignInit_ex(0xaaaae61a3d30, 0xffffc587e9d0, 0, 0) = 1 <0.000101>
[pid 203] 14:57:40.894806 libssl.so.3->EVP_DigestSign(0xaaaae61a3d30, 0, 0xffffc587e9e0, 0xffffc587e9f0) = 1 <0.000132>
[pid 203] 14:57:40.895007 libssl.so.3->EVP_DigestSign(0xaaaae61a3d30, 0xaaaae6184d00, 0xffffc587e9e0, 0xffffc587e9f0) = 1 <0.000849>
[pid 203] 14:57:40.896243 <... SSL_connect resumed> ) = 1 <0.007150>
[pid 203] 14:57:40.896485 oqsprovider.so->OQS_KEM_free(0xaaaae61829d0, 1, 7, 0xaaaae608c010) = 0xaaaae608c030 <0.000116>
Handshake duration: 7.30 ms
[pid 203] 14:57:40.897820 +++ exited (status 0) +++
Execution 3 - TLS Mutual
s_connection: verify depth is 1
[pid 205] 14:57:40.925721 openssl->SSL_connect(0xaaaafe38e070, 0xaaaafe369998, 0xffff97f640e0, 0 <unfinished ...>
[pid 205] 14:57:40.926060 libssl.so.3->EVP_PKEY_keygen_init(0xaaaafe396bf0, 0, 0, 0xaaaafe396c60) = 1 <0.000116>
[pid 205] 14:57:40.926242 libssl.so.3->EVP_PKEY_keygen(0xaaaafe396bf0, 0xffffe0e4bb00, 0, 0 <unfinished ...>
[pid 205] 14:57:40.926369 oqsprovider.so->OQS_KEM_new(0xaaaafe394f90, 0xaaaafe395990, 912, 0) = 0xaaaafe3959d0 <0.000195>
[pid 205] 14:57:40.926622 oqsprovider.so->OQS_KEM_keypair(0xaaaafe3959d0, 0xaaaafe388990, 0xaaaafe390700, 0xaaaafe390d00) = 0 <0.000340>
[pid 205] 14:57:40.927023 <... EVP_PKEY_keygen resumed> ) = 1 <0.000776>
[pid 205] 14:57:40.928290 libssl.so.3->EVP_PKEY_decapsulate_init(0xaaaafe396bf0, 0, 0, 0xaaaafe396c60) = 1 <0.000192>
[pid 205] 14:57:40.928547 libssl.so.3->EVP_PKEY_decapsulate(0xaaaafe396bf0, 0, 0xffffe0e4ba80, 0xaaaafe398eba) = 1 <0.000130>
[pid 205] 14:57:40.928734 libssl.so.3->EVP_PKEY_decapsulate(0xaaaafe396bf0, 0xaaaafe395630, 0xffffe0e4ba80, 0xaaaafe398eba <unfinished ...>
[pid 205] 14:57:40.928842 oqsprovider.so->OQS_KEM_decaps(0xaaaafe3959d0, 0xaaaafe395630, 0xaaaafe398eba, 0xaaaafe390700) = 0 <0.000132>
[pid 205] 14:57:40.929025 <... EVP_PKEY_decapsulate resumed> ) = 1 <0.000286>
[pid 205] 14:57:40.929704 libssl.so.3->X509_verify_cert(0xaaaafe38df50, 0, 0, 0xffffffff) = 1 <0.000302>
[pid 205] 14:57:40.930267 libssl.so.3->EVP_DigestVerifyInit_ex(0xaaaafe2bc750, 0xffffe0e4bb88, 0, 0) = 1 <0.000115>
[pid 205] 14:57:40.930474 libssl.so.3->EVP_DigestVerify(0xaaaafe2bc750, 0xaaaafe398e68, 2420, 0xffffe0e4bb90) = 1 <0.000210>
[pid 205] 14:57:40.930871 libssl.so.3->X509_verify_cert(0xaaaafe38df50, 1, 0, 0) = 1 <0.000219>
[pid 205] 14:57:40.931348 libssl.so.3->EVP_DigestSignInit_ex(0xaaaafe3b6d30, 0xffffe0e4bb70, 0, 0) = 1 <0.000110>
[pid 205] 14:57:40.931503 libssl.so.3->EVP_DigestSign(0xaaaafe3b6d30, 0, 0xffffe0e4bb80, 0xffffe0e4bb90) = 1 <0.000096>
[pid 205] 14:57:40.931649 libssl.so.3->EVP_DigestSign(0xaaaafe3b6d30, 0xaaaafe397d00, 0xffffe0e4bb80, 0xffffe0e4bb90) = 1 <0.000429>
[pid 205] 14:57:40.932377 <... SSL_connect resumed> ) = 1 <0.006648>
[pid 205] 14:57:40.932581 oqsprovider.so->OQS_KEM_free(0xaaaafe3959d0, 1, 7, 0xaaaafe29f010) = 0xaaaafe29f030 <0.000100>
Handshake duration: 6.80 ms
[pid 205] 14:57:40.933929 +++ exited (status 0) +++
Execution 4 - TLS Mutual
s_connection: verify depth is 1
[pid 207] 14:57:40.961690 openssl->SSL_connect(0xaaaadeca3070, 0xaaaadec7e998, 0xffff9f2f40e0, 0 <unfinished ...>
[pid 207] 14:57:40.962020 libssl.so.3->EVP_PKEY_keygen_init(0xaaaadecabbf0, 0, 0, 0xaaaadecabc60) = 1 <0.000204>
[pid 207] 14:57:40.962283 libssl.so.3->EVP_PKEY_keygen(0xaaaadecabbf0, 0xffffd720acb0, 0, 0 <unfinished ...>
[pid 207] 14:57:40.962429 oqsprovider.so->OQS_KEM_new(0xaaaadeca9f90, 0xaaaadecaa990, 912, 0) = 0xaaaadecaa9d0 <0.000126>
[pid 207] 14:57:40.962627 oqsprovider.so->OQS_KEM_keypair(0xaaaadecaa9d0, 0xaaaadec9d990, 0xaaaadeca5700, 0xaaaadeca5d00) = 0 <0.000393>
[pid 207] 14:57:40.963138 <... EVP_PKEY_keygen resumed> ) = 1 <0.000846>
[pid 207] 14:57:40.964482 libssl.so.3->EVP_PKEY_decapsulate_init(0xaaaadecabbf0, 0, 0, 0xaaaadecabc60) = 1 <0.000172>
[pid 207] 14:57:40.964698 libssl.so.3->EVP_PKEY_decapsulate(0xaaaadecabbf0, 0, 0xffffd720ac30, 0xaaaadecadeba) = 1 <0.000156>
[pid 207] 14:57:40.964919 libssl.so.3->EVP_PKEY_decapsulate(0xaaaadecabbf0, 0xaaaadecaa630, 0xffffd720ac30, 0xaaaadecadeba <unfinished ...>
[pid 207] 14:57:40.965116 oqsprovider.so->OQS_KEM_decaps(0xaaaadecaa9d0, 0xaaaadecaa630, 0xaaaadecadeba, 0xaaaadeca5700) = 0 <0.000125>
[pid 207] 14:57:40.965294 <... EVP_PKEY_decapsulate resumed> ) = 1 <0.000365>
[pid 207] 14:57:40.965945 libssl.so.3->X509_verify_cert(0xaaaadeca2f50, 0, 0, 0xffffffff) = 1 <0.000283>
[pid 207] 14:57:40.966462 libssl.so.3->EVP_DigestVerifyInit_ex(0xaaaadebd1750, 0xffffd720ad38, 0, 0) = 1 <0.000107>
[pid 207] 14:57:40.966626 libssl.so.3->EVP_DigestVerify(0xaaaadebd1750, 0xaaaadecade68, 2420, 0xffffd720ad40) = 1 <0.000155>
[pid 207] 14:57:40.966983 libssl.so.3->X509_verify_cert(0xaaaadeca2f50, 1, 0, 0) = 1 <0.000237>
[pid 207] 14:57:40.967424 libssl.so.3->EVP_DigestSignInit_ex(0xaaaadeccbd30, 0xffffd720ad20, 0, 0) = 1 <0.000103>
[pid 207] 14:57:40.967571 libssl.so.3->EVP_DigestSign(0xaaaadeccbd30, 0, 0xffffd720ad30, 0xffffd720ad40) = 1 <0.000120>
[pid 207] 14:57:40.967746 libssl.so.3->EVP_DigestSign(0xaaaadeccbd30, 0xaaaadecacd00, 0xffffd720ad30, 0xffffd720ad40) = 1 <0.000366>
[pid 207] 14:57:40.968341 <... SSL_connect resumed> ) = 1 <0.006646>
[pid 207] 14:57:40.968560 oqsprovider.so->OQS_KEM_free(0xaaaadecaa9d0, 1, 7, 0xaaaadebb4010) = 0xaaaadebb4030 <0.000102>
Handshake duration: 6.81 ms
[pid 207] 14:57:40.969892 +++ exited (status 0) +++
Execution 5 - TLS Mutual
s_connection: verify depth is 1
[pid 209] 14:57:40.997388 openssl->SSL_connect(0xaaab09f52070, 0xaaab09f2d998, 0xffffb1d040e0, 0 <unfinished ...>
[pid 209] 14:57:40.997668 libssl.so.3->EVP_PKEY_keygen_init(0xaaab09f5abf0, 0, 0, 0xaaab09f5ac60) = 1 <0.000112>
[pid 209] 14:57:40.997833 libssl.so.3->EVP_PKEY_keygen(0xaaab09f5abf0, 0xffffc1bf2190, 0, 0 <unfinished ...>
[pid 209] 14:57:40.997944 oqsprovider.so->OQS_KEM_new(0xaaab09f58f90, 0xaaab09f59990, 912, 0) = 0xaaab09f599d0 <0.000129>
[pid 209] 14:57:40.998133 oqsprovider.so->OQS_KEM_keypair(0xaaab09f599d0, 0xaaab09f4c990, 0xaaab09f54700, 0xaaab09f54d00) = 0 <0.000279>
[pid 209] 14:57:40.998475 <... EVP_PKEY_keygen resumed> ) = 1 <0.000636>
[pid 209] 14:57:40.999687 libssl.so.3->EVP_PKEY_decapsulate_init(0xaaab09f5abf0, 0, 0, 0xaaab09f5ac60) = 1 <0.000154>
[pid 209] 14:57:40.999893 libssl.so.3->EVP_PKEY_decapsulate(0xaaab09f5abf0, 0, 0xffffc1bf2110, 0xaaab09f5ceba) = 1 <0.000106>
[pid 209] 14:57:41.000052 libssl.so.3->EVP_PKEY_decapsulate(0xaaab09f5abf0, 0xaaab09f59630, 0xffffc1bf2110, 0xaaab09f5ceba <unfinished ...>
[pid 209] 14:57:41.000159 oqsprovider.so->OQS_KEM_decaps(0xaaab09f599d0, 0xaaab09f59630, 0xaaab09f5ceba, 0xaaab09f54700) = 0 <0.000177>
[pid 209] 14:57:41.000395 <... EVP_PKEY_decapsulate resumed> ) = 1 <0.000339>
[pid 209] 14:57:41.001057 libssl.so.3->X509_verify_cert(0xaaab09f51f50, 0, 0, 0xffffffff) = 1 <0.000274>
[pid 209] 14:57:41.001536 libssl.so.3->EVP_DigestVerifyInit_ex(0xaaab09e80750, 0xffffc1bf2218, 0, 0) = 1 <0.000113>
[pid 209] 14:57:41.001710 libssl.so.3->EVP_DigestVerify(0xaaab09e80750, 0xaaab09f5ce68, 2420, 0xffffc1bf2220) = 1 <0.000192>
[pid 209] 14:57:41.002083 libssl.so.3->X509_verify_cert(0xaaab09f51f50, 1, 0, 0) = 1 <0.000204>
[pid 209] 14:57:41.002462 libssl.so.3->EVP_DigestSignInit_ex(0xaaab09f7ad30, 0xffffc1bf2200, 0, 0) = 1 <0.000087>
[pid 209] 14:57:41.002641 libssl.so.3->EVP_DigestSign(0xaaab09f7ad30, 0, 0xffffc1bf2210, 0xffffc1bf2220) = 1 <0.000182>
[pid 209] 14:57:41.002875 libssl.so.3->EVP_DigestSign(0xaaab09f7ad30, 0xaaab09f5bd00, 0xffffc1bf2210, 0xffffc1bf2220) = 1 <0.000437>
[pid 209] 14:57:41.003580 <... SSL_connect resumed> ) = 1 <0.006188>
[pid 209] 14:57:41.003787 oqsprovider.so->OQS_KEM_free(0xaaab09f599d0, 1, 7, 0xaaab09e63010) = 0xaaab09e63030 <0.000102>
Handshake duration: 6.31 ms
[pid 209] 14:57:41.005126 +++ exited (status 0) +++
Execution 6 - TLS Mutual
s_connection: verify depth is 1
[pid 211] 14:57:41.032734 openssl->SSL_connect(0xaaab079e4070, 0xaaab079bf998, 0xffffaf7840e0, 0 <unfinished ...>
[pid 211] 14:57:41.033071 libssl.so.3->EVP_PKEY_keygen_init(0xaaab079ecbf0, 0, 0, 0xaaab079ecc60) = 1 <0.000102>
[pid 211] 14:57:41.033259 libssl.so.3->EVP_PKEY_keygen(0xaaab079ecbf0, 0xfffff4977f40, 0, 0 <unfinished ...>
[pid 211] 14:57:41.033438 oqsprovider.so->OQS_KEM_new(0xaaab079eaf90, 0xaaab079eb990, 912, 0) = 0xaaab079eb9d0 <0.000096>
[pid 211] 14:57:41.033630 oqsprovider.so->OQS_KEM_keypair(0xaaab079eb9d0, 0xaaab079de990, 0xaaab079e6700, 0xaaab079e6d00) = 0 <0.000242>
[pid 211] 14:57:41.033926 <... EVP_PKEY_keygen resumed> ) = 1 <0.000669>
[pid 211] 14:57:41.035090 libssl.so.3->EVP_PKEY_decapsulate_init(0xaaab079ecbf0, 0, 0, 0xaaab079ecc60) = 1 <0.000159>
[pid 211] 14:57:41.035320 libssl.so.3->EVP_PKEY_decapsulate(0xaaab079ecbf0, 0, 0xfffff4977ec0, 0xaaab079eeeba) = 1 <0.000151>
[pid 211] 14:57:41.035525 libssl.so.3->EVP_PKEY_decapsulate(0xaaab079ecbf0, 0xaaab079eb630, 0xfffff4977ec0, 0xaaab079eeeba <unfinished ...>
[pid 211] 14:57:41.035673 oqsprovider.so->OQS_KEM_decaps(0xaaab079eb9d0, 0xaaab079eb630, 0xaaab079eeeba, 0xaaab079e6700) = 0 <0.000136>
[pid 211] 14:57:41.035877 <... EVP_PKEY_decapsulate resumed> ) = 1 <0.000347>
[pid 211] 14:57:41.036531 libssl.so.3->X509_verify_cert(0xaaab079e3f50, 0, 0, 0xffffffff) = 1 <0.000295>
[pid 211] 14:57:41.037052 libssl.so.3->EVP_DigestVerifyInit_ex(0xaaab07912750, 0xfffff4977fc8, 0, 0) = 1 <0.000106>
[pid 211] 14:57:41.037234 libssl.so.3->EVP_DigestVerify(0xaaab07912750, 0xaaab079eee68, 2420, 0xfffff4977fd0) = 1 <0.000175>
[pid 211] 14:57:41.037642 libssl.so.3->X509_verify_cert(0xaaab079e3f50, 1, 0, 0) = 1 <0.000206>
[pid 211] 14:57:41.038004 libssl.so.3->EVP_DigestSignInit_ex(0xaaab07a0cd30, 0xfffff4977fb0, 0, 0) = 1 <0.000169>
[pid 211] 14:57:41.038233 libssl.so.3->EVP_DigestSign(0xaaab07a0cd30, 0, 0xfffff4977fc0, 0xfffff4977fd0) = 1 <0.000137>
[pid 211] 14:57:41.038486 libssl.so.3->EVP_DigestSign(0xaaab07a0cd30, 0xaaab079edd00, 0xfffff4977fc0, 0xfffff4977fd0) = 1 <0.000655>
[pid 211] 14:57:41.039358 <... SSL_connect resumed> ) = 1 <0.006620>
[pid 211] 14:57:41.039564 oqsprovider.so->OQS_KEM_free(0xaaab079eb9d0, 1, 7, 0xaaab078f5010) = 0xaaab078f5030 <0.000105>
Handshake duration: 6.76 ms
[pid 211] 14:57:41.040883 +++ exited (status 0) +++
Execution 7 - TLS Mutual
s_connection: verify depth is 1
[pid 213] 14:57:41.068434 openssl->SSL_connect(0xaaaaf676b070, 0xaaaaf6746998, 0xffffbb8c40e0, 0 <unfinished ...>
[pid 213] 14:57:41.068765 libssl.so.3->EVP_PKEY_keygen_init(0xaaaaf6773bf0, 0, 0, 0xaaaaf6773c60) = 1 <0.000131>
[pid 213] 14:57:41.068949 libssl.so.3->EVP_PKEY_keygen(0xaaaaf6773bf0, 0xffffddc022d0, 0, 0 <unfinished ...>
[pid 213] 14:57:41.069100 oqsprovider.so->OQS_KEM_new(0xaaaaf6771f90, 0xaaaaf6772990, 912, 0) = 0xaaaaf67729d0 <0.000210>
[pid 213] 14:57:41.069364 oqsprovider.so->OQS_KEM_keypair(0xaaaaf67729d0, 0xaaaaf6765990, 0xaaaaf676d700, 0xaaaaf676dd00) = 0 <0.000293>
[pid 213] 14:57:41.069717 <... EVP_PKEY_keygen resumed> ) = 1 <0.000762>
[pid 213] 14:57:41.070930 libssl.so.3->EVP_PKEY_decapsulate_init(0xaaaaf6773bf0, 0, 0, 0xaaaaf6773c60) = 1 <0.000220>
[pid 213] 14:57:41.071190 libssl.so.3->EVP_PKEY_decapsulate(0xaaaaf6773bf0, 0, 0xffffddc02250, 0xaaaaf6775eba) = 1 <0.000133>
[pid 213] 14:57:41.071384 libssl.so.3->EVP_PKEY_decapsulate(0xaaaaf6773bf0, 0xaaaaf6772630, 0xffffddc02250, 0xaaaaf6775eba <unfinished ...>
[pid 213] 14:57:41.071497 oqsprovider.so->OQS_KEM_decaps(0xaaaaf67729d0, 0xaaaaf6772630, 0xaaaaf6775eba, 0xaaaaf676d700) = 0 <0.000153>
[pid 213] 14:57:41.071708 <... EVP_PKEY_decapsulate resumed> ) = 1 <0.000318>
[pid 213] 14:57:41.072412 libssl.so.3->X509_verify_cert(0xaaaaf676af50, 0, 0, 0xffffffff) = 1 <0.000308>
[pid 213] 14:57:41.072910 libssl.so.3->EVP_DigestVerifyInit_ex(0xaaaaf6699750, 0xffffddc02358, 0, 0) = 1 <0.000097>
[pid 213] 14:57:41.073067 libssl.so.3->EVP_DigestVerify(0xaaaaf6699750, 0xaaaaf6775e68, 2420, 0xffffddc02360) = 1 <0.000251>
[pid 213] 14:57:41.073518 libssl.so.3->X509_verify_cert(0xaaaaf676af50, 1, 0, 0) = 1 <0.000192>
[pid 213] 14:57:41.073860 libssl.so.3->EVP_DigestSignInit_ex(0xaaaaf6793d30, 0xffffddc02340, 0, 0) = 1 <0.000101>
[pid 213] 14:57:41.074013 libssl.so.3->EVP_DigestSign(0xaaaaf6793d30, 0, 0xffffddc02350, 0xffffddc02360) = 1 <0.000235>
[pid 213] 14:57:41.074289 libssl.so.3->EVP_DigestSign(0xaaaaf6793d30, 0xaaaaf6774d00, 0xffffddc02350, 0xffffddc02360) = 1 <0.000384>
[pid 213] 14:57:41.074981 <... SSL_connect resumed> ) = 1 <0.006543>
[pid 213] 14:57:41.075218 oqsprovider.so->OQS_KEM_free(0xaaaaf67729d0, 1, 7, 0xaaaaf667c010) = 0xaaaaf667c030 <0.000112>
Handshake duration: 6.70 ms
[pid 213] 14:57:41.076571 +++ exited (status 0) +++
Execution 8 - TLS Mutual
s_connection: verify depth is 1
[pid 215] 14:57:41.103698 openssl->SSL_connect(0xaaab052e4070, 0xaaab052bf998, 0xffff99a340e0, 0 <unfinished ...>
[pid 215] 14:57:41.104005 libssl.so.3->EVP_PKEY_keygen_init(0xaaab052ecbf0, 0, 0, 0xaaab052ecc60) = 1 <0.000124>
[pid 215] 14:57:41.104179 libssl.so.3->EVP_PKEY_keygen(0xaaab052ecbf0, 0xffffc8d837c0, 0, 0 <unfinished ...>
[pid 215] 14:57:41.104300 oqsprovider.so->OQS_KEM_new(0xaaab052eaf90, 0xaaab052eb990, 912, 0) = 0xaaab052eb9d0 <0.000110>
[pid 215] 14:57:41.104466 oqsprovider.so->OQS_KEM_keypair(0xaaab052eb9d0, 0xaaab052de990, 0xaaab052e6700, 0xaaab052e6d00) = 0 <0.000282>
[pid 215] 14:57:41.104802 <... EVP_PKEY_keygen resumed> ) = 1 <0.000619>
[pid 215] 14:57:41.105997 libssl.so.3->EVP_PKEY_decapsulate_init(0xaaab052ecbf0, 0, 0, 0xaaab052ecc60) = 1 <0.000174>
[pid 215] 14:57:41.106219 libssl.so.3->EVP_PKEY_decapsulate(0xaaab052ecbf0, 0, 0xffffc8d83740, 0xaaab052eeeba) = 1 <0.000171>
[pid 215] 14:57:41.106443 libssl.so.3->EVP_PKEY_decapsulate(0xaaab052ecbf0, 0xaaab052eb630, 0xffffc8d83740, 0xaaab052eeeba <unfinished ...>
[pid 215] 14:57:41.106626 oqsprovider.so->OQS_KEM_decaps(0xaaab052eb9d0, 0xaaab052eb630, 0xaaab052eeeba, 0xaaab052e6700) = 0 <0.000150>
[pid 215] 14:57:41.106828 <... EVP_PKEY_decapsulate resumed> ) = 1 <0.000377>
[pid 215] 14:57:41.107530 libssl.so.3->X509_verify_cert(0xaaab052e3f50, 0, 0, 0xffffffff) = 1 <0.000297>
[pid 215] 14:57:41.108052 libssl.so.3->EVP_DigestVerifyInit_ex(0xaaab05212750, 0xffffc8d83848, 0, 0) = 1 <0.000101>
[pid 215] 14:57:41.108248 libssl.so.3->EVP_DigestVerify(0xaaab05212750, 0xaaab052eee68, 2420, 0xffffc8d83850) = 1 <0.000195>
[pid 215] 14:57:41.108669 libssl.so.3->X509_verify_cert(0xaaab052e3f50, 1, 0, 0) = 1 <0.000196>
[pid 215] 14:57:41.109069 libssl.so.3->EVP_DigestSignInit_ex(0xaaab0530cd30, 0xffffc8d83830, 0, 0) = 1 <0.000119>
[pid 215] 14:57:41.109236 libssl.so.3->EVP_DigestSign(0xaaab0530cd30, 0, 0xffffc8d83840, 0xffffc8d83850) = 1 <0.000131>
[pid 215] 14:57:41.109425 libssl.so.3->EVP_DigestSign(0xaaab0530cd30, 0xaaab052edd00, 0xffffc8d83840, 0xffffc8d83850) = 1 <0.000396>
[pid 215] 14:57:41.110093 <... SSL_connect resumed> ) = 1 <0.006391>
[pid 215] 14:57:41.110283 oqsprovider.so->OQS_KEM_free(0xaaab052eb9d0, 1, 7, 0xaaab051f5010) = 0xaaab051f5030 <0.000101>
Handshake duration: 6.52 ms
[pid 215] 14:57:41.111586 +++ exited (status 0) +++
Execution 9 - TLS Mutual
s_connection: verify depth is 1
[pid 217] 14:57:41.139095 openssl->SSL_connect(0xaaaae3e7a070, 0xaaaae3e55998, 0xffffbc9140e0, 0 <unfinished ...>
[pid 217] 14:57:41.139406 libssl.so.3->EVP_PKEY_keygen_init(0xaaaae3e82bf0, 0, 0, 0xaaaae3e82c60) = 1 <0.000154>
[pid 217] 14:57:41.139618 libssl.so.3->EVP_PKEY_keygen(0xaaaae3e82bf0, 0xffffc23af050, 0, 0 <unfinished ...>
[pid 217] 14:57:41.139795 oqsprovider.so->OQS_KEM_new(0xaaaae3e80f90, 0xaaaae3e81990, 912, 0) = 0xaaaae3e819d0 <0.000183>
[pid 217] 14:57:41.139975 oqsprovider.so->OQS_KEM_keypair(0xaaaae3e819d0, 0xaaaae3e74990, 0xaaaae3e7c700, 0xaaaae3e7cd00) = 0 <0.000304>
[pid 217] 14:57:41.140340 <... EVP_PKEY_keygen resumed> ) = 1 <0.000717>
[pid 217] 14:57:41.141522 libssl.so.3->EVP_PKEY_decapsulate_init(0xaaaae3e82bf0, 0, 0, 0xaaaae3e82c60) = 1 <0.000179>
[pid 217] 14:57:41.141753 libssl.so.3->EVP_PKEY_decapsulate(0xaaaae3e82bf0, 0, 0xffffc23aefd0, 0xaaaae3e84eba) = 1 <0.000150>
[pid 217] 14:57:41.141967 libssl.so.3->EVP_PKEY_decapsulate(0xaaaae3e82bf0, 0xaaaae3e81630, 0xffffc23aefd0, 0xaaaae3e84eba <unfinished ...>
[pid 217] 14:57:41.142110 oqsprovider.so->OQS_KEM_decaps(0xaaaae3e819d0, 0xaaaae3e81630, 0xaaaae3e84eba, 0xaaaae3e7c700) = 0 <0.000177>
[pid 217] 14:57:41.142342 <... EVP_PKEY_decapsulate resumed> ) = 1 <0.000371>
[pid 217] 14:57:41.143014 libssl.so.3->X509_verify_cert(0xaaaae3e79f50, 0, 0, 0xffffffff) = 1 <0.000291>
[pid 217] 14:57:41.143536 libssl.so.3->EVP_DigestVerifyInit_ex(0xaaaae3da8750, 0xffffc23af0d8, 0, 0) = 1 <0.000139>
[pid 217] 14:57:41.143729 libssl.so.3->EVP_DigestVerify(0xaaaae3da8750, 0xaaaae3e84e68, 2420, 0xffffc23af0e0) = 1 <0.000205>
[pid 217] 14:57:41.144171 libssl.so.3->X509_verify_cert(0xaaaae3e79f50, 1, 0, 0) = 1 <0.000214>
[pid 217] 14:57:41.144543 libssl.so.3->EVP_DigestSignInit_ex(0xaaaae3ea2d30, 0xffffc23af0c0, 0, 0) = 1 <0.000125>
[pid 217] 14:57:41.144710 libssl.so.3->EVP_DigestSign(0xaaaae3ea2d30, 0, 0xffffc23af0d0, 0xffffc23af0e0) = 1 <0.000086>
[pid 217] 14:57:41.144896 libssl.so.3->EVP_DigestSign(0xaaaae3ea2d30, 0xaaaae3e83d00, 0xffffc23af0d0, 0xffffc23af0e0) = 1 <0.000343>
[pid 217] 14:57:41.145530 <... SSL_connect resumed> ) = 1 <0.006426>
[pid 217] 14:57:41.145725 oqsprovider.so->OQS_KEM_free(0xaaaae3e819d0, 1, 7, 0xaaaae3d8b010) = 0xaaaae3d8b030 <0.000089>
Handshake duration: 6.58 ms
[pid 217] 14:57:41.146975 +++ exited (status 0) +++
Execution 10 - TLS Mutual
s_connection: verify depth is 1
[pid 219] 14:57:41.174268 openssl->SSL_connect(0xaaaad96c5070, 0xaaaad96a0998, 0xffff992c40e0, 0 <unfinished ...>
[pid 219] 14:57:41.174613 libssl.so.3->EVP_PKEY_keygen_init(0xaaaad96cdbf0, 0, 0, 0xaaaad96cdc60) = 1 <0.000111>
[pid 219] 14:57:41.174801 libssl.so.3->EVP_PKEY_keygen(0xaaaad96cdbf0, 0xffffea9be570, 0, 0 <unfinished ...>
[pid 219] 14:57:41.174941 oqsprovider.so->OQS_KEM_new(0xaaaad96cbf90, 0xaaaad96cc990, 912, 0) = 0xaaaad96cc9d0 <0.000223>
[pid 219] 14:57:41.175209 oqsprovider.so->OQS_KEM_keypair(0xaaaad96cc9d0, 0xaaaad96bf990, 0xaaaad96c7700, 0xaaaad96c7d00) = 0 <0.000317>
[pid 219] 14:57:41.175587 <... EVP_PKEY_keygen resumed> ) = 1 <0.000800>
[pid 219] 14:57:41.176814 libssl.so.3->EVP_PKEY_decapsulate_init(0xaaaad96cdbf0, 0, 0, 0xaaaad96cdc60) = 1 <0.000152>
[pid 219] 14:57:41.177050 libssl.so.3->EVP_PKEY_decapsulate(0xaaaad96cdbf0, 0, 0xffffea9be4f0, 0xaaaad96cfeba) = 1 <0.000074>
[pid 219] 14:57:41.177196 libssl.so.3->EVP_PKEY_decapsulate(0xaaaad96cdbf0, 0xaaaad96cc630, 0xffffea9be4f0, 0xaaaad96cfeba <unfinished ...>
[pid 219] 14:57:41.177319 oqsprovider.so->OQS_KEM_decaps(0xaaaad96cc9d0, 0xaaaad96cc630, 0xaaaad96cfeba, 0xaaaad96c7700) = 0 <0.000155>
[pid 219] 14:57:41.177545 <... EVP_PKEY_decapsulate resumed> ) = 1 <0.000345>
[pid 219] 14:57:41.178210 libssl.so.3->X509_verify_cert(0xaaaad96c4f50, 0, 0, 0xffffffff) = 1 <0.000277>
[pid 219] 14:57:41.178720 libssl.so.3->EVP_DigestVerifyInit_ex(0xaaaad95f3750, 0xffffea9be5f8, 0, 0) = 1 <0.000142>
[pid 219] 14:57:41.178920 libssl.so.3->EVP_DigestVerify(0xaaaad95f3750, 0xaaaad96cfe68, 2420, 0xffffea9be600) = 1 <0.000195>
[pid 219] 14:57:41.179316 libssl.so.3->X509_verify_cert(0xaaaad96c4f50, 1, 0, 0) = 1 <0.000191>
[pid 219] 14:57:41.179674 libssl.so.3->EVP_DigestSignInit_ex(0xaaaad96edd30, 0xffffea9be5e0, 0, 0) = 1 <0.000111>
[pid 219] 14:57:41.179861 libssl.so.3->EVP_DigestSign(0xaaaad96edd30, 0, 0xffffea9be5f0, 0xffffea9be600) = 1 <0.000092>
[pid 219] 14:57:41.179993 libssl.so.3->EVP_DigestSign(0xaaaad96edd30, 0xaaaad96ced00, 0xffffea9be5f0, 0xffffea9be600) = 1 <0.000599>
[pid 219] 14:57:41.180830 <... SSL_connect resumed> ) = 1 <0.006558>
[pid 219] 14:57:41.181021 oqsprovider.so->OQS_KEM_free(0xaaaad96cc9d0, 1, 7, 0xaaaad95d6010) = 0xaaaad95d6030 <0.000204>
Handshake duration: 6.69 ms
[pid 219] 14:57:41.182421 +++ exited (status 0) +++
Execution 11 - TLS Mutual
s_connection: verify depth is 1
[pid 221] 14:57:41.209850 openssl->SSL_connect(0xaaab0ea0a070, 0xaaab0e9e5998, 0xffff95e140e0, 0 <unfinished ...>
[pid 221] 14:57:41.210232 libssl.so.3->EVP_PKEY_keygen_init(0xaaab0ea12bf0, 0, 0, 0xaaab0ea12c60) = 1 <0.000137>
[pid 221] 14:57:41.210425 libssl.so.3->EVP_PKEY_keygen(0xaaab0ea12bf0, 0xffffe27b0b10, 0, 0 <unfinished ...>
[pid 221] 14:57:41.210687 oqsprovider.so->OQS_KEM_new(0xaaab0ea10f90, 0xaaab0ea11990, 912, 0) = 0xaaab0ea119d0 <0.000119>
[pid 221] 14:57:41.210922 oqsprovider.so->OQS_KEM_keypair(0xaaab0ea119d0, 0xaaab0ea04990, 0xaaab0ea0c700, 0xaaab0ea0cd00) = 0 <0.000408>
[pid 221] 14:57:41.211338 <... EVP_PKEY_keygen resumed> ) = 1 <0.000908>
[pid 221] 14:57:41.212662 libssl.so.3->EVP_PKEY_decapsulate_init(0xaaab0ea12bf0, 0, 0, 0xaaab0ea12c60) = 1 <0.000203>
[pid 221] 14:57:41.212917 libssl.so.3->EVP_PKEY_decapsulate(0xaaab0ea12bf0, 0, 0xffffe27b0a90, 0xaaab0ea14eba) = 1 <0.000141>
[pid 221] 14:57:41.213123 libssl.so.3->EVP_PKEY_decapsulate(0xaaab0ea12bf0, 0xaaab0ea11630, 0xffffe27b0a90, 0xaaab0ea14eba <unfinished ...>
[pid 221] 14:57:41.213248 oqsprovider.so->OQS_KEM_decaps(0xaaab0ea119d0, 0xaaab0ea11630, 0xaaab0ea14eba, 0xaaab0ea0c700) = 0 <0.000156>
[pid 221] 14:57:41.213452 <... EVP_PKEY_decapsulate resumed> ) = 1 <0.000333>
[pid 221] 14:57:41.214121 libssl.so.3->X509_verify_cert(0xaaab0ea09f50, 0, 0, 0xffffffff) = 1 <0.000352>
[pid 221] 14:57:41.214699 libssl.so.3->EVP_DigestVerifyInit_ex(0xaaab0e938750, 0xffffe27b0b98, 0, 0) = 1 <0.000116>
[pid 221] 14:57:41.214908 libssl.so.3->EVP_DigestVerify(0xaaab0e938750, 0xaaab0ea14e68, 2420, 0xffffe27b0ba0) = 1 <0.000237>
[pid 221] 14:57:41.215383 libssl.so.3->X509_verify_cert(0xaaab0ea09f50, 1, 0, 0) = 1 <0.000206>
[pid 221] 14:57:41.215791 libssl.so.3->EVP_DigestSignInit_ex(0xaaab0ea32d30, 0xffffe27b0b80, 0, 0) = 1 <0.000145>
[pid 221] 14:57:41.215975 libssl.so.3->EVP_DigestSign(0xaaab0ea32d30, 0, 0xffffe27b0b90, 0xffffe27b0ba0) = 1 <0.000132>
[pid 221] 14:57:41.216188 libssl.so.3->EVP_DigestSign(0xaaab0ea32d30, 0xaaab0ea13d00, 0xffffe27b0b90, 0xffffe27b0ba0) = 1 <0.000374>
[pid 221] 14:57:41.216786 <... SSL_connect resumed> ) = 1 <0.006932>
[pid 221] 14:57:41.217023 oqsprovider.so->OQS_KEM_free(0xaaab0ea119d0, 1, 7, 0xaaab0e91b010) = 0xaaab0e91b030 <0.000110>
Handshake duration: 7.10 ms
[pid 221] 14:57:41.218391 +++ exited (status 0) +++
Execution 12 - TLS Mutual
s_connection: verify depth is 1
[pid 223] 14:57:41.245919 openssl->SSL_connect(0xaaaad1871070, 0xaaaad184c998, 0xffffa6a440e0, 0 <unfinished ...>
[pid 223] 14:57:41.246253 libssl.so.3->EVP_PKEY_keygen_init(0xaaaad1879bf0, 0, 0, 0xaaaad1879c60) = 1 <0.000109>
[pid 223] 14:57:41.246461 libssl.so.3->EVP_PKEY_keygen(0xaaaad1879bf0, 0xffffc0fb6960, 0, 0 <unfinished ...>
[pid 223] 14:57:41.246617 oqsprovider.so->OQS_KEM_new(0xaaaad1877f90, 0xaaaad1878990, 912, 0) = 0xaaaad18789d0 <0.000118>
[pid 223] 14:57:41.246784 oqsprovider.so->OQS_KEM_keypair(0xaaaad18789d0, 0xaaaad186b990, 0xaaaad1873700, 0xaaaad1873d00) = 0 <0.000340>
[pid 223] 14:57:41.247257 <... EVP_PKEY_keygen resumed> ) = 1 <0.000726>
[pid 223] 14:57:41.248514 libssl.so.3->EVP_PKEY_decapsulate_init(0xaaaad1879bf0, 0, 0, 0xaaaad1879c60) = 1 <0.000211>
[pid 223] 14:57:41.248764 libssl.so.3->EVP_PKEY_decapsulate(0xaaaad1879bf0, 0, 0xffffc0fb68e0, 0xaaaad187beba) = 1 <0.000167>
[pid 223] 14:57:41.249015 libssl.so.3->EVP_PKEY_decapsulate(0xaaaad1879bf0, 0xaaaad1878630, 0xffffc0fb68e0, 0xaaaad187beba <unfinished ...>
[pid 223] 14:57:41.249132 oqsprovider.so->OQS_KEM_decaps(0xaaaad18789d0, 0xaaaad1878630, 0xaaaad187beba, 0xaaaad1873700) = 0 <0.000133>
[pid 223] 14:57:41.249314 <... EVP_PKEY_decapsulate resumed> ) = 1 <0.000297>
[pid 223] 14:57:41.249962 libssl.so.3->X509_verify_cert(0xaaaad1870f50, 0, 0, 0xffffffff) = 1 <0.000296>
[pid 223] 14:57:41.250481 libssl.so.3->EVP_DigestVerifyInit_ex(0xaaaad179f750, 0xffffc0fb69e8, 0, 0) = 1 <0.000121>
[pid 223] 14:57:41.250680 libssl.so.3->EVP_DigestVerify(0xaaaad179f750, 0xaaaad187be68, 2420, 0xffffc0fb69f0) = 1 <0.000246>
[pid 223] 14:57:41.251118 libssl.so.3->X509_verify_cert(0xaaaad1870f50, 1, 0, 0) = 1 <0.000198>
[pid 223] 14:57:41.251482 libssl.so.3->EVP_DigestSignInit_ex(0xaaaad1899d30, 0xffffc0fb69d0, 0, 0) = 1 <0.000115>
[pid 223] 14:57:41.251628 libssl.so.3->EVP_DigestSign(0xaaaad1899d30, 0, 0xffffc0fb69e0, 0xffffc0fb69f0) = 1 <0.000112>
[pid 223] 14:57:41.251803 libssl.so.3->EVP_DigestSign(0xaaaad1899d30, 0xaaaad187ad00, 0xffffc0fb69e0, 0xffffc0fb69f0) = 1 <0.000307>
[pid 223] 14:57:41.252354 <... SSL_connect resumed> ) = 1 <0.006430>
[pid 223] 14:57:41.252576 oqsprovider.so->OQS_KEM_free(0xaaaad18789d0, 1, 7, 0xaaaad1782010) = 0xaaaad1782030 <0.000102>
Handshake duration: 6.57 ms
[pid 223] 14:57:41.253883 +++ exited (status 0) +++
Execution 13 - TLS Mutual
s_connection: verify depth is 1
[pid 225] 14:57:41.281113 openssl->SSL_connect(0xaaaac7232070, 0xaaaac720d998, 0xffff86ad40e0, 0 <unfinished ...>
[pid 225] 14:57:41.281422 libssl.so.3->EVP_PKEY_keygen_init(0xaaaac723abf0, 0, 0, 0xaaaac723ac60) = 1 <0.000130>
[pid 225] 14:57:41.281652 libssl.so.3->EVP_PKEY_keygen(0xaaaac723abf0, 0xffffe84aaf00, 0, 0 <unfinished ...>
[pid 225] 14:57:41.281789 oqsprovider.so->OQS_KEM_new(0xaaaac7238f90, 0xaaaac7239990, 912, 0) = 0xaaaac72399d0 <0.000153>
[pid 225] 14:57:41.281973 oqsprovider.so->OQS_KEM_keypair(0xaaaac72399d0, 0xaaaac722c990, 0xaaaac7234700, 0xaaaac7234d00) = 0 <0.000383>
[pid 225] 14:57:41.282412 <... EVP_PKEY_keygen resumed> ) = 1 <0.000757>
[pid 225] 14:57:41.283624 libssl.so.3->EVP_PKEY_decapsulate_init(0xaaaac723abf0, 0, 0, 0xaaaac723ac60) = 1 <0.000148>
[pid 225] 14:57:41.283849 libssl.so.3->EVP_PKEY_decapsulate(0xaaaac723abf0, 0, 0xffffe84aae80, 0xaaaac723ceba) = 1 <0.000125>
[pid 225] 14:57:41.284012 libssl.so.3->EVP_PKEY_decapsulate(0xaaaac723abf0, 0xaaaac7239630, 0xffffe84aae80, 0xaaaac723ceba <unfinished ...>
[pid 225] 14:57:41.284193 oqsprovider.so->OQS_KEM_decaps(0xaaaac72399d0, 0xaaaac7239630, 0xaaaac723ceba, 0xaaaac7234700) = 0 <0.000212>
[pid 225] 14:57:41.284381 <... EVP_PKEY_decapsulate resumed> ) = 1 <0.000367>
[pid 225] 14:57:41.285001 libssl.so.3->X509_verify_cert(0xaaaac7231f50, 0, 0, 0xffffffff) = 1 <0.000338>
[pid 225] 14:57:41.285546 libssl.so.3->EVP_DigestVerifyInit_ex(0xaaaac7160750, 0xffffe84aaf88, 0, 0) = 1 <0.000125>
[pid 225] 14:57:41.285714 libssl.so.3->EVP_DigestVerify(0xaaaac7160750, 0xaaaac723ce68, 2420, 0xffffe84aaf90) = 1 <0.000239>
[pid 225] 14:57:41.286157 libssl.so.3->X509_verify_cert(0xaaaac7231f50, 1, 0, 0) = 1 <0.000213>
[pid 225] 14:57:41.286554 libssl.so.3->EVP_DigestSignInit_ex(0xaaaac725ad30, 0xffffe84aaf70, 0, 0) = 1 <0.000103>
[pid 225] 14:57:41.286726 libssl.so.3->EVP_DigestSign(0xaaaac725ad30, 0, 0xffffe84aaf80, 0xffffe84aaf90) = 1 <0.000101>
[pid 225] 14:57:41.286893 libssl.so.3->EVP_DigestSign(0xaaaac725ad30, 0xaaaac723bd00, 0xffffe84aaf80, 0xffffe84aaf90) = 1 <0.000357>
[pid 225] 14:57:41.287538 <... SSL_connect resumed> ) = 1 <0.006420>
[pid 225] 14:57:41.287736 oqsprovider.so->OQS_KEM_free(0xaaaac72399d0, 1, 7, 0xaaaac7143010) = 0xaaaac7143030 <0.000097>
Handshake duration: 6.55 ms
[pid 225] 14:57:41.289077 +++ exited (status 0) +++
Execution 14 - TLS Mutual
s_connection: verify depth is 1
[pid 227] 14:57:41.316587 openssl->SSL_connect(0xaaaade8b4070, 0xaaaade88f998, 0xffffbee640e0, 0 <unfinished ...>
[pid 227] 14:57:41.316883 libssl.so.3->EVP_PKEY_keygen_init(0xaaaade8bcbf0, 0, 0, 0xaaaade8bcc60) = 1 <0.000117>
[pid 227] 14:57:41.317091 libssl.so.3->EVP_PKEY_keygen(0xaaaade8bcbf0, 0xffffebb7db80, 0, 0 <unfinished ...>
[pid 227] 14:57:41.317252 oqsprovider.so->OQS_KEM_new(0xaaaade8baf90, 0xaaaade8bb990, 912, 0) = 0xaaaade8bb9d0 <0.000110>
[pid 227] 14:57:41.317451 oqsprovider.so->OQS_KEM_keypair(0xaaaade8bb9d0, 0xaaaade8ae990, 0xaaaade8b6700, 0xaaaade8b6d00) = 0 <0.000300>
[pid 227] 14:57:41.317819 <... EVP_PKEY_keygen resumed> ) = 1 <0.000734>
[pid 227] 14:57:41.318969 libssl.so.3->EVP_PKEY_decapsulate_init(0xaaaade8bcbf0, 0, 0, 0xaaaade8bcc60) = 1 <0.000148>
[pid 227] 14:57:41.319160 libssl.so.3->EVP_PKEY_decapsulate(0xaaaade8bcbf0, 0, 0xffffebb7db00, 0xaaaade8beeba) = 1 <0.000126>
[pid 227] 14:57:41.319331 libssl.so.3->EVP_PKEY_decapsulate(0xaaaade8bcbf0, 0xaaaade8bb630, 0xffffebb7db00, 0xaaaade8beeba <unfinished ...>
[pid 227] 14:57:41.319457 oqsprovider.so->OQS_KEM_decaps(0xaaaade8bb9d0, 0xaaaade8bb630, 0xaaaade8beeba, 0xaaaade8b6700) = 0 <0.000140>
[pid 227] 14:57:41.319650 <... EVP_PKEY_decapsulate resumed> ) = 1 <0.000313>
[pid 227] 14:57:41.320322 libssl.so.3->X509_verify_cert(0xaaaade8b3f50, 0, 0, 0xffffffff) = 1 <0.000282>
[pid 227] 14:57:41.320819 libssl.so.3->EVP_DigestVerifyInit_ex(0xaaaade7e2750, 0xffffebb7dc08, 0, 0) = 1 <0.000109>
[pid 227] 14:57:41.320979 libssl.so.3->EVP_DigestVerify(0xaaaade7e2750, 0xaaaade8bee68, 2420, 0xffffebb7dc10) = 1 <0.000214>
[pid 227] 14:57:41.321429 libssl.so.3->X509_verify_cert(0xaaaade8b3f50, 1, 0, 0) = 1 <0.000207>
[pid 227] 14:57:41.321813 libssl.so.3->EVP_DigestSignInit_ex(0xaaaade8dcd30, 0xffffebb7dbf0, 0, 0) = 1 <0.000097>
[pid 227] 14:57:41.322030 libssl.so.3->EVP_DigestSign(0xaaaade8dcd30, 0, 0xffffebb7dc00, 0xffffebb7dc10) = 1 <0.000166>
[pid 227] 14:57:41.322214 libssl.so.3->EVP_DigestSign(0xaaaade8dcd30, 0xaaaade8bdd00, 0xffffebb7dc00, 0xffffebb7dc10) = 1 <0.000328>
[pid 227] 14:57:41.322813 <... SSL_connect resumed> ) = 1 <0.006221>
[pid 227] 14:57:41.323033 oqsprovider.so->OQS_KEM_free(0xaaaade8bb9d0, 1, 7, 0xaaaade7c5010) = 0xaaaade7c5030 <0.000138>
Handshake duration: 6.37 ms
[pid 227] 14:57:41.324384 +++ exited (status 0) +++
Execution 15 - TLS Mutual
s_connection: verify depth is 1
[pid 229] 14:57:41.351731 openssl->SSL_connect(0xaaaac35cb070, 0xaaaac35a6998, 0xffffbcb540e0, 0 <unfinished ...>
[pid 229] 14:57:41.352055 libssl.so.3->EVP_PKEY_keygen_init(0xaaaac35d3bf0, 0, 0, 0xaaaac35d3c60) = 1 <0.000146>
[pid 229] 14:57:41.352241 libssl.so.3->EVP_PKEY_keygen(0xaaaac35d3bf0, 0xffffe624dd40, 0, 0 <unfinished ...>
[pid 229] 14:57:41.352422 oqsprovider.so->OQS_KEM_new(0xaaaac35d1f90, 0xaaaac35d2990, 912, 0) = 0xaaaac35d29d0 <0.000141>
[pid 229] 14:57:41.352624 oqsprovider.so->OQS_KEM_keypair(0xaaaac35d29d0, 0xaaaac35c5990, 0xaaaac35cd700, 0xaaaac35cdd00) = 0 <0.000282>
[pid 229] 14:57:41.352969 <... EVP_PKEY_keygen resumed> ) = 1 <0.000720>
[pid 229] 14:57:41.354170 libssl.so.3->EVP_PKEY_decapsulate_init(0xaaaac35d3bf0, 0, 0, 0xaaaac35d3c60) = 1 <0.000181>
[pid 229] 14:57:41.354410 libssl.so.3->EVP_PKEY_decapsulate(0xaaaac35d3bf0, 0, 0xffffe624dcc0, 0xaaaac35d5eba) = 1 <0.000159>
[pid 229] 14:57:41.354642 libssl.so.3->EVP_PKEY_decapsulate(0xaaaac35d3bf0, 0xaaaac35d2630, 0xffffe624dcc0, 0xaaaac35d5eba <unfinished ...>
[pid 229] 14:57:41.354823 oqsprovider.so->OQS_KEM_decaps(0xaaaac35d29d0, 0xaaaac35d2630, 0xaaaac35d5eba, 0xaaaac35cd700) = 0 <0.000140>
[pid 229] 14:57:41.354998 <... EVP_PKEY_decapsulate resumed> ) = 1 <0.000355>
[pid 229] 14:57:41.355647 libssl.so.3->X509_verify_cert(0xaaaac35caf50, 0, 0, 0xffffffff) = 1 <0.000277>
[pid 229] 14:57:41.356156 libssl.so.3->EVP_DigestVerifyInit_ex(0xaaaac34f9750, 0xffffe624ddc8, 0, 0) = 1 <0.000103>
[pid 229] 14:57:41.356323 libssl.so.3->EVP_DigestVerify(0xaaaac34f9750, 0xaaaac35d5e68, 2420, 0xffffe624ddd0) = 1 <0.000197>
[pid 229] 14:57:41.356733 libssl.so.3->X509_verify_cert(0xaaaac35caf50, 1, 0, 0) = 1 <0.000188>
[pid 229] 14:57:41.357100 libssl.so.3->EVP_DigestSignInit_ex(0xaaaac35f3d30, 0xffffe624ddb0, 0, 0) = 1 <0.000181>
[pid 229] 14:57:41.357311 libssl.so.3->EVP_DigestSign(0xaaaac35f3d30, 0, 0xffffe624ddc0, 0xffffe624ddd0) = 1 <0.000235>
[pid 229] 14:57:41.357616 libssl.so.3->EVP_DigestSign(0xaaaac35f3d30, 0xaaaac35d4d00, 0xffffe624ddc0, 0xffffe624ddd0) = 1 <0.000561>
[pid 229] 14:57:41.358427 <... SSL_connect resumed> ) = 1 <0.006692>
[pid 229] 14:57:41.358651 oqsprovider.so->OQS_KEM_free(0xaaaac35d29d0, 1, 7, 0xaaaac34dc010) = 0xaaaac34dc030 <0.000119>
Handshake duration: 6.84 ms
[pid 229] 14:57:41.359945 +++ exited (status 0) +++
Execution 16 - TLS Mutual
s_connection: verify depth is 1
[pid 231] 14:57:41.387231 openssl->SSL_connect(0xaaab25781070, 0xaaab2575c998, 0xffffa42e40e0, 0 <unfinished ...>
[pid 231] 14:57:41.387570 libssl.so.3->EVP_PKEY_keygen_init(0xaaab25789bf0, 0, 0, 0xaaab25789c60) = 1 <0.000117>
[pid 231] 14:57:41.387763 libssl.so.3->EVP_PKEY_keygen(0xaaab25789bf0, 0xffffc7f0eb00, 0, 0 <unfinished ...>
[pid 231] 14:57:41.387920 oqsprovider.so->OQS_KEM_new(0xaaab25787f90, 0xaaab25788990, 912, 0) = 0xaaab257889d0 <0.000108>
[pid 231] 14:57:41.388099 oqsprovider.so->OQS_KEM_keypair(0xaaab257889d0, 0xaaab2577b990, 0xaaab25783700, 0xaaab25783d00) = 0 <0.000280>
[pid 231] 14:57:41.388436 <... EVP_PKEY_keygen resumed> ) = 1 <0.000666>
[pid 231] 14:57:41.389631 libssl.so.3->EVP_PKEY_decapsulate_init(0xaaab25789bf0, 0, 0, 0xaaab25789c60) = 1 <0.000139>
[pid 231] 14:57:41.389826 libssl.so.3->EVP_PKEY_decapsulate(0xaaab25789bf0, 0, 0xffffc7f0ea80, 0xaaab2578beba) = 1 <0.000137>
[pid 231] 14:57:41.390080 libssl.so.3->EVP_PKEY_decapsulate(0xaaab25789bf0, 0xaaab25788630, 0xffffc7f0ea80, 0xaaab2578beba <unfinished ...>
[pid 231] 14:57:41.390176 oqsprovider.so->OQS_KEM_decaps(0xaaab257889d0, 0xaaab25788630, 0xaaab2578beba, 0xaaab25783700) = 0 <0.000210>
[pid 231] 14:57:41.390439 <... EVP_PKEY_decapsulate resumed> ) = 1 <0.000353>
[pid 231] 14:57:41.391125 libssl.so.3->X509_verify_cert(0xaaab25780f50, 0, 0, 0xffffffff) = 1 <0.000326>
[pid 231] 14:57:41.391668 libssl.so.3->EVP_DigestVerifyInit_ex(0xaaab256af750, 0xffffc7f0eb88, 0, 0) = 1 <0.000121>
[pid 231] 14:57:41.391842 libssl.so.3->EVP_DigestVerify(0xaaab256af750, 0xaaab2578be68, 2420, 0xffffc7f0eb90) = 1 <0.000204>
[pid 231] 14:57:41.392285 libssl.so.3->X509_verify_cert(0xaaab25780f50, 1, 0, 0) = 1 <0.000198>
[pid 231] 14:57:41.392645 libssl.so.3->EVP_DigestSignInit_ex(0xaaab257a9d30, 0xffffc7f0eb70, 0, 0) = 1 <0.000091>
[pid 231] 14:57:41.392799 libssl.so.3->EVP_DigestSign(0xaaab257a9d30, 0, 0xffffc7f0eb80, 0xffffc7f0eb90) = 1 <0.000112>
[pid 231] 14:57:41.392962 libssl.so.3->EVP_DigestSign(0xaaab257a9d30, 0xaaab2578ad00, 0xffffc7f0eb80, 0xffffc7f0eb90) = 1 <0.000409>
[pid 231] 14:57:41.393654 <... SSL_connect resumed> ) = 1 <0.006419>
[pid 231] 14:57:41.393881 oqsprovider.so->OQS_KEM_free(0xaaab257889d0, 1, 7, 0xaaab25692010) = 0xaaab25692030 <0.000109>
Handshake duration: 6.56 ms
[pid 231] 14:57:41.395237 +++ exited (status 0) +++
Execution 17 - TLS Mutual
s_connection: verify depth is 1
[pid 233] 14:57:41.423660 openssl->SSL_connect(0xaaaabc867070, 0xaaaabc842998, 0xffff860740e0, 0 <unfinished ...>
[pid 233] 14:57:41.423964 libssl.so.3->EVP_PKEY_keygen_init(0xaaaabc86fbf0, 0, 0, 0xaaaabc86fc60) = 1 <0.000161>
[pid 233] 14:57:41.424242 libssl.so.3->EVP_PKEY_keygen(0xaaaabc86fbf0, 0xffffd581fa60, 0, 0 <unfinished ...>
[pid 233] 14:57:41.424377 oqsprovider.so->OQS_KEM_new(0xaaaabc86df90, 0xaaaabc86e990, 912, 0) = 0xaaaabc86e9d0 <0.000128>
[pid 233] 14:57:41.424585 oqsprovider.so->OQS_KEM_keypair(0xaaaabc86e9d0, 0xaaaabc861990, 0xaaaabc869700, 0xaaaabc869d00) = 0 <0.000277>
[pid 233] 14:57:41.424925 <... EVP_PKEY_keygen resumed> ) = 1 <0.000703>
[pid 233] 14:57:41.426254 libssl.so.3->EVP_PKEY_decapsulate_init(0xaaaabc86fbf0, 0, 0, 0xaaaabc86fc60) = 1 <0.000203>
[pid 233] 14:57:41.426519 libssl.so.3->EVP_PKEY_decapsulate(0xaaaabc86fbf0, 0, 0xffffd581f9e0, 0xaaaabc871eba) = 1 <0.000204>
[pid 233] 14:57:41.426771 libssl.so.3->EVP_PKEY_decapsulate(0xaaaabc86fbf0, 0xaaaabc86e630, 0xffffd581f9e0, 0xaaaabc871eba <unfinished ...>
[pid 233] 14:57:41.426995 oqsprovider.so->OQS_KEM_decaps(0xaaaabc86e9d0, 0xaaaabc86e630, 0xaaaabc871eba, 0xaaaabc869700) = 0 <0.000181>
[pid 233] 14:57:41.427233 <... EVP_PKEY_decapsulate resumed> ) = 1 <0.000454>
[pid 233] 14:57:41.427875 libssl.so.3->X509_verify_cert(0xaaaabc866f50, 0, 0, 0xffffffff) = 1 <0.000288>
[pid 233] 14:57:41.428387 libssl.so.3->EVP_DigestVerifyInit_ex(0xaaaabc795750, 0xffffd581fae8, 0, 0) = 1 <0.000115>
[pid 233] 14:57:41.428572 libssl.so.3->EVP_DigestVerify(0xaaaabc795750, 0xaaaabc871e68, 2420, 0xffffd581faf0) = 1 <0.000169>
[pid 233] 14:57:41.428964 libssl.so.3->X509_verify_cert(0xaaaabc866f50, 1, 0, 0) = 1 <0.000180>
[pid 233] 14:57:41.429321 libssl.so.3->EVP_DigestSignInit_ex(0xaaaabc88fd30, 0xffffd581fad0, 0, 0) = 1 <0.000095>
[pid 233] 14:57:41.429480 libssl.so.3->EVP_DigestSign(0xaaaabc88fd30, 0, 0xffffd581fae0, 0xffffd581faf0) = 1 <0.000109>
[pid 233] 14:57:41.429638 libssl.so.3->EVP_DigestSign(0xaaaabc88fd30, 0xaaaabc870d00, 0xffffd581fae0, 0xffffd581faf0) = 1 <0.000492>
[pid 233] 14:57:41.430399 <... SSL_connect resumed> ) = 1 <0.006732>
[pid 233] 14:57:41.430645 oqsprovider.so->OQS_KEM_free(0xaaaabc86e9d0, 1, 7, 0xaaaabc778010) = 0xaaaabc778030 <0.000099>
Handshake duration: 6.93 ms
[pid 233] 14:57:41.431969 +++ exited (status 0) +++
Execution 18 - TLS Mutual
s_connection: verify depth is 1
[pid 235] 14:57:41.459287 openssl->SSL_connect(0xaaaae95d7070, 0xaaaae95b2998, 0xffffa15040e0, 0 <unfinished ...>
[pid 235] 14:57:41.459606 libssl.so.3->EVP_PKEY_keygen_init(0xaaaae95dfbf0, 0, 0, 0xaaaae95dfc60) = 1 <0.000117>
[pid 235] 14:57:41.459834 libssl.so.3->EVP_PKEY_keygen(0xaaaae95dfbf0, 0xfffffe0c62c0, 0, 0 <unfinished ...>
[pid 235] 14:57:41.459948 oqsprovider.so->OQS_KEM_new(0xaaaae95ddf90, 0xaaaae95de990, 912, 0) = 0xaaaae95de9d0 <0.000178>
[pid 235] 14:57:41.460174 oqsprovider.so->OQS_KEM_keypair(0xaaaae95de9d0, 0xaaaae95d1990, 0xaaaae95d9700, 0xaaaae95d9d00) = 0 <0.000306>
[pid 235] 14:57:41.460535 <... EVP_PKEY_keygen resumed> ) = 1 <0.000696>
[pid 235] 14:57:41.461725 libssl.so.3->EVP_PKEY_decapsulate_init(0xaaaae95dfbf0, 0, 0, 0xaaaae95dfc60) = 1 <0.000138>
[pid 235] 14:57:41.461908 libssl.so.3->EVP_PKEY_decapsulate(0xaaaae95dfbf0, 0, 0xfffffe0c6240, 0xaaaae95e1eba) = 1 <0.000110>
[pid 235] 14:57:41.462172 libssl.so.3->EVP_PKEY_decapsulate(0xaaaae95dfbf0, 0xaaaae95de630, 0xfffffe0c6240, 0xaaaae95e1eba <unfinished ...>
[pid 235] 14:57:41.462279 oqsprovider.so->OQS_KEM_decaps(0xaaaae95de9d0, 0xaaaae95de630, 0xaaaae95e1eba, 0xaaaae95d9700) = 0 <0.000204>
[pid 235] 14:57:41.462541 <... EVP_PKEY_decapsulate resumed> ) = 1 <0.000369>
[pid 235] 14:57:41.463282 libssl.so.3->X509_verify_cert(0xaaaae95d6f50, 0, 0, 0xffffffff) = 1 <0.000293>
[pid 235] 14:57:41.463772 libssl.so.3->EVP_DigestVerifyInit_ex(0xaaaae9505750, 0xfffffe0c6348, 0, 0) = 1 <0.000125>
[pid 235] 14:57:41.463955 libssl.so.3->EVP_DigestVerify(0xaaaae9505750, 0xaaaae95e1e68, 2420, 0xfffffe0c6350) = 1 <0.000183>
[pid 235] 14:57:41.464351 libssl.so.3->X509_verify_cert(0xaaaae95d6f50, 1, 0, 0) = 1 <0.000190>
[pid 235] 14:57:41.464721 libssl.so.3->EVP_DigestSignInit_ex(0xaaaae95ffd30, 0xfffffe0c6330, 0, 0) = 1 <0.000097>
[pid 235] 14:57:41.464883 libssl.so.3->EVP_DigestSign(0xaaaae95ffd30, 0, 0xfffffe0c6340, 0xfffffe0c6350) = 1 <0.000120>
[pid 235] 14:57:41.465077 libssl.so.3->EVP_DigestSign(0xaaaae95ffd30, 0xaaaae95e0d00, 0xfffffe0c6340, 0xfffffe0c6350) = 1 <0.000284>
[pid 235] 14:57:41.465602 <... SSL_connect resumed> ) = 1 <0.006310>
[pid 235] 14:57:41.465803 oqsprovider.so->OQS_KEM_free(0xaaaae95de9d0, 1, 7, 0xaaaae94e8010) = 0xaaaae94e8030 <0.000095>
Handshake duration: 6.44 ms
[pid 235] 14:57:41.467087 +++ exited (status 0) +++
Execution 19 - TLS Mutual
s_connection: verify depth is 1
[pid 237] 14:57:41.494496 openssl->SSL_connect(0xaaaaf9160070, 0xaaaaf913b998, 0xffff976340e0, 0 <unfinished ...>
[pid 237] 14:57:41.494792 libssl.so.3->EVP_PKEY_keygen_init(0xaaaaf9168bf0, 0, 0, 0xaaaaf9168c60) = 1 <0.000109>
[pid 237] 14:57:41.494954 libssl.so.3->EVP_PKEY_keygen(0xaaaaf9168bf0, 0xffffdbce3db0, 0, 0 <unfinished ...>
[pid 237] 14:57:41.495095 oqsprovider.so->OQS_KEM_new(0xaaaaf9166f90, 0xaaaaf9167990, 912, 0) = 0xaaaaf91679d0 <0.000110>
[pid 237] 14:57:41.495287 oqsprovider.so->OQS_KEM_keypair(0xaaaaf91679d0, 0xaaaaf915a990, 0xaaaaf9162700, 0xaaaaf9162d00) = 0 <0.000278>
[pid 237] 14:57:41.495627 <... EVP_PKEY_keygen resumed> ) = 1 <0.000664>
[pid 237] 14:57:41.496797 libssl.so.3->EVP_PKEY_decapsulate_init(0xaaaaf9168bf0, 0, 0, 0xaaaaf9168c60) = 1 <0.000193>
[pid 237] 14:57:41.497034 libssl.so.3->EVP_PKEY_decapsulate(0xaaaaf9168bf0, 0, 0xffffdbce3d30, 0xaaaaf916aeba) = 1 <0.000148>
[pid 237] 14:57:41.497230 libssl.so.3->EVP_PKEY_decapsulate(0xaaaaf9168bf0, 0xaaaaf9167630, 0xffffdbce3d30, 0xaaaaf916aeba <unfinished ...>
[pid 237] 14:57:41.497369 oqsprovider.so->OQS_KEM_decaps(0xaaaaf91679d0, 0xaaaaf9167630, 0xaaaaf916aeba, 0xaaaaf9162700) = 0 <0.000185>
[pid 237] 14:57:41.497614 <... EVP_PKEY_decapsulate resumed> ) = 1 <0.000376>
[pid 237] 14:57:41.498295 libssl.so.3->X509_verify_cert(0xaaaaf915ff50, 0, 0, 0xffffffff) = 1 <0.000271>
[pid 237] 14:57:41.498794 libssl.so.3->EVP_DigestVerifyInit_ex(0xaaaaf908e750, 0xffffdbce3e38, 0, 0) = 1 <0.000113>
[pid 237] 14:57:41.498959 libssl.so.3->EVP_DigestVerify(0xaaaaf908e750, 0xaaaaf916ae68, 2420, 0xffffdbce3e40) = 1 <0.000171>
[pid 237] 14:57:41.499375 libssl.so.3->X509_verify_cert(0xaaaaf915ff50, 1, 0, 0) = 1 <0.000180>
[pid 237] 14:57:41.499750 libssl.so.3->EVP_DigestSignInit_ex(0xaaaaf9188d30, 0xffffdbce3e20, 0, 0) = 1 <0.000120>
[pid 237] 14:57:41.499922 libssl.so.3->EVP_DigestSign(0xaaaaf9188d30, 0, 0xffffdbce3e30, 0xffffdbce3e40) = 1 <0.000180>
[pid 237] 14:57:41.500150 libssl.so.3->EVP_DigestSign(0xaaaaf9188d30, 0xaaaaf9169d00, 0xffffdbce3e30, 0xffffdbce3e40) = 1 <0.000334>
[pid 237] 14:57:41.500762 <... SSL_connect resumed> ) = 1 <0.006261>
[pid 237] 14:57:41.500970 oqsprovider.so->OQS_KEM_free(0xaaaaf91679d0, 1, 7, 0xaaaaf9071010) = 0xaaaaf9071030 <0.000095>
Handshake duration: 6.40 ms
[pid 237] 14:57:41.502297 +++ exited (status 0) +++
Execution 20 - TLS Mutual
s_connection: verify depth is 1
[pid 239] 14:57:41.529629 openssl->SSL_connect(0xaaaafd506070, 0xaaaafd4e1998, 0xffffaf0c40e0, 0 <unfinished ...>
[pid 239] 14:57:41.529961 libssl.so.3->EVP_PKEY_keygen_init(0xaaaafd50ebf0, 0, 0, 0xaaaafd50ec60) = 1 <0.000116>
[pid 239] 14:57:41.530163 libssl.so.3->EVP_PKEY_keygen(0xaaaafd50ebf0, 0xfffffd5bbeb0, 0, 0 <unfinished ...>
[pid 239] 14:57:41.530273 oqsprovider.so->OQS_KEM_new(0xaaaafd50cf90, 0xaaaafd50d990, 912, 0) = 0xaaaafd50d9d0 <0.000142>
[pid 239] 14:57:41.530517 oqsprovider.so->OQS_KEM_keypair(0xaaaafd50d9d0, 0xaaaafd500990, 0xaaaafd508700, 0xaaaafd508d00) = 0 <0.000309>
[pid 239] 14:57:41.530876 <... EVP_PKEY_keygen resumed> ) = 1 <0.000721>
[pid 239] 14:57:41.532072 libssl.so.3->EVP_PKEY_decapsulate_init(0xaaaafd50ebf0, 0, 0, 0xaaaafd50ec60) = 1 <0.000236>
[pid 239] 14:57:41.532362 libssl.so.3->EVP_PKEY_decapsulate(0xaaaafd50ebf0, 0, 0xfffffd5bbe30, 0xaaaafd510eba) = 1 <0.000129>
[pid 239] 14:57:41.532578 libssl.so.3->EVP_PKEY_decapsulate(0xaaaafd50ebf0, 0xaaaafd50d630, 0xfffffd5bbe30, 0xaaaafd510eba <unfinished ...>
[pid 239] 14:57:41.532765 oqsprovider.so->OQS_KEM_decaps(0xaaaafd50d9d0, 0xaaaafd50d630, 0xaaaafd510eba, 0xaaaafd508700) = 0 <0.000122>
[pid 239] 14:57:41.532967 <... EVP_PKEY_decapsulate resumed> ) = 1 <0.000382>
[pid 239] 14:57:41.533645 libssl.so.3->X509_verify_cert(0xaaaafd505f50, 0, 0, 0xffffffff) = 1 <0.000284>
[pid 239] 14:57:41.534187 libssl.so.3->EVP_DigestVerifyInit_ex(0xaaaafd434750, 0xfffffd5bbf38, 0, 0) = 1 <0.000122>
[pid 239] 14:57:41.534382 libssl.so.3->EVP_DigestVerify(0xaaaafd434750, 0xaaaafd510e68, 2420, 0xfffffd5bbf40) = 1 <0.000192>
[pid 239] 14:57:41.534814 libssl.so.3->X509_verify_cert(0xaaaafd505f50, 1, 0, 0) = 1 <0.000214>
[pid 239] 14:57:41.535157 libssl.so.3->EVP_DigestSignInit_ex(0xaaaafd52ed30, 0xfffffd5bbf20, 0, 0) = 1 <0.000122>
[pid 239] 14:57:41.535353 libssl.so.3->EVP_DigestSign(0xaaaafd52ed30, 0, 0xfffffd5bbf30, 0xfffffd5bbf40) = 1 <0.000130>
[pid 239] 14:57:41.535523 libssl.so.3->EVP_DigestSign(0xaaaafd52ed30, 0xaaaafd50fd00, 0xfffffd5bbf30, 0xfffffd5bbf40) = 1 <0.000538>
[pid 239] 14:57:41.536333 <... SSL_connect resumed> ) = 1 <0.006699>
[pid 239] 14:57:41.536556 oqsprovider.so->OQS_KEM_free(0xaaaafd50d9d0, 1, 7, 0xaaaafd417010) = 0xaaaafd417030 <0.000093>
Handshake duration: 6.85 ms
[pid 239] 14:57:41.537792 +++ exited (status 0) +++
Execution 21 - TLS Mutual
s_connection: verify depth is 1
[pid 241] 14:57:41.565162 openssl->SSL_connect(0xaaaafa04d070, 0xaaaafa028998, 0xffffb5b540e0, 0 <unfinished ...>
[pid 241] 14:57:41.565483 libssl.so.3->EVP_PKEY_keygen_init(0xaaaafa055bf0, 0, 0, 0xaaaafa055c60) = 1 <0.000114>
[pid 241] 14:57:41.565651 libssl.so.3->EVP_PKEY_keygen(0xaaaafa055bf0, 0xffffc85f5b10, 0, 0 <unfinished ...>
[pid 241] 14:57:41.565782 oqsprovider.so->OQS_KEM_new(0xaaaafa053f90, 0xaaaafa054990, 912, 0) = 0xaaaafa0549d0 <0.000111>
[pid 241] 14:57:41.565947 oqsprovider.so->OQS_KEM_keypair(0xaaaafa0549d0, 0xaaaafa047990, 0xaaaafa04f700, 0xaaaafa04fd00) = 0 <0.000331>
[pid 241] 14:57:41.566330 <... EVP_PKEY_keygen resumed> ) = 1 <0.000675>
[pid 241] 14:57:41.567573 libssl.so.3->EVP_PKEY_decapsulate_init(0xaaaafa055bf0, 0, 0, 0xaaaafa055c60) = 1 <0.000226>
[pid 241] 14:57:41.567851 libssl.so.3->EVP_PKEY_decapsulate(0xaaaafa055bf0, 0, 0xffffc85f5a90, 0xaaaafa057eba) = 1 <0.000125>
[pid 241] 14:57:41.568050 libssl.so.3->EVP_PKEY_decapsulate(0xaaaafa055bf0, 0xaaaafa054630, 0xffffc85f5a90, 0xaaaafa057eba <unfinished ...>
[pid 241] 14:57:41.568159 oqsprovider.so->OQS_KEM_decaps(0xaaaafa0549d0, 0xaaaafa054630, 0xaaaafa057eba, 0xaaaafa04f700) = 0 <0.000137>
[pid 241] 14:57:41.568352 <... EVP_PKEY_decapsulate resumed> ) = 1 <0.000313>
[pid 241] 14:57:41.569054 libssl.so.3->X509_verify_cert(0xaaaafa04cf50, 0, 0, 0xffffffff) = 1 <0.000280>
[pid 241] 14:57:41.569542 libssl.so.3->EVP_DigestVerifyInit_ex(0xaaaaf9f7b750, 0xffffc85f5b98, 0, 0) = 1 <0.000118>
[pid 241] 14:57:41.569716 libssl.so.3->EVP_DigestVerify(0xaaaaf9f7b750, 0xaaaafa057e68, 2420, 0xffffc85f5ba0) = 1 <0.000182>
[pid 241] 14:57:41.570117 libssl.so.3->X509_verify_cert(0xaaaafa04cf50, 1, 0, 0) = 1 <0.000176>
[pid 241] 14:57:41.570456 libssl.so.3->EVP_DigestSignInit_ex(0xaaaafa075d30, 0xffffc85f5b80, 0, 0) = 1 <0.000104>
[pid 241] 14:57:41.570621 libssl.so.3->EVP_DigestSign(0xaaaafa075d30, 0, 0xffffc85f5b90, 0xffffc85f5ba0) = 1 <0.000111>
[pid 241] 14:57:41.570779 libssl.so.3->EVP_DigestSign(0xaaaafa075d30, 0xaaaafa056d00, 0xffffc85f5b90, 0xffffc85f5ba0) = 1 <0.000499>
[pid 241] 14:57:41.571633 <... SSL_connect resumed> ) = 1 <0.006465>
[pid 241] 14:57:41.571875 oqsprovider.so->OQS_KEM_free(0xaaaafa0549d0, 1, 7, 0xaaaaf9f5e010) = 0xaaaaf9f5e030 <0.000121>
Handshake duration: 6.63 ms
[pid 241] 14:57:41.573153 +++ exited (status 0) +++
Execution 22 - TLS Mutual
s_connection: verify depth is 1
[pid 243] 14:57:41.600592 openssl->SSL_connect(0xaaaac9c42070, 0xaaaac9c1d998, 0xffffb36540e0, 0 <unfinished ...>
[pid 243] 14:57:41.600903 libssl.so.3->EVP_PKEY_keygen_init(0xaaaac9c4abf0, 0, 0, 0xaaaac9c4ac60) = 1 <0.000118>
[pid 243] 14:57:41.601134 libssl.so.3->EVP_PKEY_keygen(0xaaaac9c4abf0, 0xffffee93d2a0, 0, 0 <unfinished ...>
[pid 243] 14:57:41.601296 oqsprovider.so->OQS_KEM_new(0xaaaac9c48f90, 0xaaaac9c49990, 912, 0) = 0xaaaac9c499d0 <0.000131>
[pid 243] 14:57:41.601482 oqsprovider.so->OQS_KEM_keypair(0xaaaac9c499d0, 0xaaaac9c3c990, 0xaaaac9c44700, 0xaaaac9c44d00) = 0 <0.000250>
[pid 243] 14:57:41.601797 <... EVP_PKEY_keygen resumed> ) = 1 <0.000655>
[pid 243] 14:57:41.602986 libssl.so.3->EVP_PKEY_decapsulate_init(0xaaaac9c4abf0, 0, 0, 0xaaaac9c4ac60) = 1 <0.000157>
[pid 243] 14:57:41.603197 libssl.so.3->EVP_PKEY_decapsulate(0xaaaac9c4abf0, 0, 0xffffee93d220, 0xaaaac9c4ceba) = 1 <0.000098>
[pid 243] 14:57:41.603340 libssl.so.3->EVP_PKEY_decapsulate(0xaaaac9c4abf0, 0xaaaac9c49630, 0xffffee93d220, 0xaaaac9c4ceba <unfinished ...>
[pid 243] 14:57:41.603467 oqsprovider.so->OQS_KEM_decaps(0xaaaac9c499d0, 0xaaaac9c49630, 0xaaaac9c4ceba, 0xaaaac9c44700) = 0 <0.000199>
[pid 243] 14:57:41.603729 <... EVP_PKEY_decapsulate resumed> ) = 1 <0.000381>
[pid 243] 14:57:41.604410 libssl.so.3->X509_verify_cert(0xaaaac9c41f50, 0, 0, 0xffffffff) = 1 <0.000296>
[pid 243] 14:57:41.604909 libssl.so.3->EVP_DigestVerifyInit_ex(0xaaaac9b70750, 0xffffee93d328, 0, 0) = 1 <0.000135>
[pid 243] 14:57:41.605097 libssl.so.3->EVP_DigestVerify(0xaaaac9b70750, 0xaaaac9c4ce68, 2420, 0xffffee93d330) = 1 <0.000159>
[pid 243] 14:57:41.605491 libssl.so.3->X509_verify_cert(0xaaaac9c41f50, 1, 0, 0) = 1 <0.000202>
[pid 243] 14:57:41.605870 libssl.so.3->EVP_DigestSignInit_ex(0xaaaac9c6ad30, 0xffffee93d310, 0, 0) = 1 <0.000117>
[pid 243] 14:57:41.606030 libssl.so.3->EVP_DigestSign(0xaaaac9c6ad30, 0, 0xffffee93d320, 0xffffee93d330) = 1 <0.000173>
[pid 243] 14:57:41.606269 libssl.so.3->EVP_DigestSign(0xaaaac9c6ad30, 0xaaaac9c4bd00, 0xffffee93d320, 0xffffee93d330) = 1 <0.000341>
[pid 243] 14:57:41.606841 <... SSL_connect resumed> ) = 1 <0.006245>
[pid 243] 14:57:41.607071 oqsprovider.so->OQS_KEM_free(0xaaaac9c499d0, 1, 7, 0xaaaac9b53010) = 0xaaaac9b53030 <0.000166>
Handshake duration: 6.37 ms
[pid 243] 14:57:41.608355 +++ exited (status 0) +++
Execution 23 - TLS Mutual
s_connection: verify depth is 1
[pid 245] 14:57:41.636198 openssl->SSL_connect(0xaaaadc254070, 0xaaaadc22f998, 0xffff831e40e0, 0 <unfinished ...>
[pid 245] 14:57:41.636511 libssl.so.3->EVP_PKEY_keygen_init(0xaaaadc25cbf0, 0, 0, 0xaaaadc25cc60) = 1 <0.000116>
[pid 245] 14:57:41.636693 libssl.so.3->EVP_PKEY_keygen(0xaaaadc25cbf0, 0xffffdfd4a4b0, 0, 0 <unfinished ...>
[pid 245] 14:57:41.636831 oqsprovider.so->OQS_KEM_new(0xaaaadc25af90, 0xaaaadc25b990, 912, 0) = 0xaaaadc25b9d0 <0.000132>
[pid 245] 14:57:41.637008 oqsprovider.so->OQS_KEM_keypair(0xaaaadc25b9d0, 0xaaaadc24e990, 0xaaaadc256700, 0xaaaadc256d00) = 0 <0.000278>
[pid 245] 14:57:41.637351 <... EVP_PKEY_keygen resumed> ) = 1 <0.000673>
[pid 245] 14:57:41.638533 libssl.so.3->EVP_PKEY_decapsulate_init(0xaaaadc25cbf0, 0, 0, 0xaaaadc25cc60) = 1 <0.000131>
[pid 245] 14:57:41.638729 libssl.so.3->EVP_PKEY_decapsulate(0xaaaadc25cbf0, 0, 0xffffdfd4a430, 0xaaaadc25eeba) = 1 <0.000114>
[pid 245] 14:57:41.638902 libssl.so.3->EVP_PKEY_decapsulate(0xaaaadc25cbf0, 0xaaaadc25b630, 0xffffdfd4a430, 0xaaaadc25eeba <unfinished ...>
[pid 245] 14:57:41.639022 oqsprovider.so->OQS_KEM_decaps(0xaaaadc25b9d0, 0xaaaadc25b630, 0xaaaadc25eeba, 0xaaaadc256700) = 0 <0.000210>
[pid 245] 14:57:41.639271 <... EVP_PKEY_decapsulate resumed> ) = 1 <0.000363>
[pid 245] 14:57:41.639970 libssl.so.3->X509_verify_cert(0xaaaadc253f50, 0, 0, 0xffffffff) = 1 <0.000263>
[pid 245] 14:57:41.640465 libssl.so.3->EVP_DigestVerifyInit_ex(0xaaaadc182750, 0xffffdfd4a538, 0, 0) = 1 <0.000141>
[pid 245] 14:57:41.640664 libssl.so.3->EVP_DigestVerify(0xaaaadc182750, 0xaaaadc25ee68, 2420, 0xffffdfd4a540) = 1 <0.000175>
[pid 245] 14:57:41.641079 libssl.so.3->X509_verify_cert(0xaaaadc253f50, 1, 0, 0) = 1 <0.000181>
[pid 245] 14:57:41.641430 libssl.so.3->EVP_DigestSignInit_ex(0xaaaadc27cd30, 0xffffdfd4a520, 0, 0) = 1 <0.000121>
[pid 245] 14:57:41.641603 libssl.so.3->EVP_DigestSign(0xaaaadc27cd30, 0, 0xffffdfd4a530, 0xffffdfd4a540) = 1 <0.000126>
[pid 245] 14:57:41.641802 libssl.so.3->EVP_DigestSign(0xaaaadc27cd30, 0xaaaadc25dd00, 0xffffdfd4a530, 0xffffdfd4a540) = 1 <0.000411>
[pid 245] 14:57:41.642483 <... SSL_connect resumed> ) = 1 <0.006280>
[pid 245] 14:57:41.642741 oqsprovider.so->OQS_KEM_free(0xaaaadc25b9d0, 1, 7, 0xaaaadc165010) = 0xaaaadc165030 <0.000104>
Handshake duration: 6.42 ms
[pid 245] 14:57:41.644082 +++ exited (status 0) +++
Execution 24 - TLS Mutual
s_connection: verify depth is 1
[pid 247] 14:57:41.671628 openssl->SSL_connect(0xaaaaee260070, 0xaaaaee23b998, 0xffff9f0c40e0, 0 <unfinished ...>
[pid 247] 14:57:41.671972 libssl.so.3->EVP_PKEY_keygen_init(0xaaaaee268bf0, 0, 0, 0xaaaaee268c60) = 1 <0.000119>
[pid 247] 14:57:41.672136 libssl.so.3->EVP_PKEY_keygen(0xaaaaee268bf0, 0xffffeac4b100, 0, 0 <unfinished ...>
[pid 247] 14:57:41.672318 oqsprovider.so->OQS_KEM_new(0xaaaaee266f90, 0xaaaaee267990, 912, 0) = 0xaaaaee2679d0 <0.000153>
[pid 247] 14:57:41.672523 oqsprovider.so->OQS_KEM_keypair(0xaaaaee2679d0, 0xaaaaee25a990, 0xaaaaee262700, 0xaaaaee262d00) = 0 <0.000255>
[pid 247] 14:57:41.672835 <... EVP_PKEY_keygen resumed> ) = 1 <0.000692>
[pid 247] 14:57:41.674053 libssl.so.3->EVP_PKEY_decapsulate_init(0xaaaaee268bf0, 0, 0, 0xaaaaee268c60) = 1 <0.000166>
[pid 247] 14:57:41.674273 libssl.so.3->EVP_PKEY_decapsulate(0xaaaaee268bf0, 0, 0xffffeac4b080, 0xaaaaee26aeba) = 1 <0.000096>
[pid 247] 14:57:41.674414 libssl.so.3->EVP_PKEY_decapsulate(0xaaaaee268bf0, 0xaaaaee267630, 0xffffeac4b080, 0xaaaaee26aeba <unfinished ...>
[pid 247] 14:57:41.674520 oqsprovider.so->OQS_KEM_decaps(0xaaaaee2679d0, 0xaaaaee267630, 0xaaaaee26aeba, 0xaaaaee262700) = 0 <0.000142>
[pid 247] 14:57:41.674732 <... EVP_PKEY_decapsulate resumed> ) = 1 <0.000310>
[pid 247] 14:57:41.675429 libssl.so.3->X509_verify_cert(0xaaaaee25ff50, 0, 0, 0xffffffff) = 1 <0.000278>
[pid 247] 14:57:41.675935 libssl.so.3->EVP_DigestVerifyInit_ex(0xaaaaee18e750, 0xffffeac4b188, 0, 0) = 1 <0.000118>
[pid 247] 14:57:41.676158 libssl.so.3->EVP_DigestVerify(0xaaaaee18e750, 0xaaaaee26ae68, 2420, 0xffffeac4b190) = 1 <0.000199>
[pid 247] 14:57:41.676576 libssl.so.3->X509_verify_cert(0xaaaaee25ff50, 1, 0, 0) = 1 <0.000201>
[pid 247] 14:57:41.676950 libssl.so.3->EVP_DigestSignInit_ex(0xaaaaee288d30, 0xffffeac4b170, 0, 0) = 1 <0.000178>
[pid 247] 14:57:41.677174 libssl.so.3->EVP_DigestSign(0xaaaaee288d30, 0, 0xffffeac4b180, 0xffffeac4b190) = 1 <0.000104>
[pid 247] 14:57:41.677347 libssl.so.3->EVP_DigestSign(0xaaaaee288d30, 0xaaaaee269d00, 0xffffeac4b180, 0xffffeac4b190) = 1 <0.000293>
[pid 247] 14:57:41.677907 <... SSL_connect resumed> ) = 1 <0.006274>
[pid 247] 14:57:41.678140 oqsprovider.so->OQS_KEM_free(0xaaaaee2679d0, 1, 7, 0xaaaaee171010) = 0xaaaaee171030 <0.000099>
Handshake duration: 6.40 ms
[pid 247] 14:57:41.679473 +++ exited (status 0) +++
Execution 25 - TLS Mutual
s_connection: verify depth is 1
[pid 249] 14:57:41.706751 openssl->SSL_connect(0xaaab00b03070, 0xaaab00ade998, 0xffff9a0c40e0, 0 <unfinished ...>
[pid 249] 14:57:41.707075 libssl.so.3->EVP_PKEY_keygen_init(0xaaab00b0bbf0, 0, 0, 0xaaab00b0bc60) = 1 <0.000151>
[pid 249] 14:57:41.707272 libssl.so.3->EVP_PKEY_keygen(0xaaab00b0bbf0, 0xfffff9a270e0, 0, 0 <unfinished ...>
[pid 249] 14:57:41.707380 oqsprovider.so->OQS_KEM_new(0xaaab00b09f90, 0xaaab00b0a990, 912, 0) = 0xaaab00b0a9d0 <0.000089>
[pid 249] 14:57:41.707562 oqsprovider.so->OQS_KEM_keypair(0xaaab00b0a9d0, 0xaaab00afd990, 0xaaab00b05700, 0xaaab00b05d00) = 0 <0.000279>
[pid 249] 14:57:41.707914 <... EVP_PKEY_keygen resumed> ) = 1 <0.000620>
[pid 249] 14:57:41.709091 libssl.so.3->EVP_PKEY_decapsulate_init(0xaaab00b0bbf0, 0, 0, 0xaaab00b0bc60) = 1 <0.000212>
[pid 249] 14:57:41.709353 libssl.so.3->EVP_PKEY_decapsulate(0xaaab00b0bbf0, 0, 0xfffff9a27060, 0xaaab00b0deba) = 1 <0.000125>
[pid 249] 14:57:41.709533 libssl.so.3->EVP_PKEY_decapsulate(0xaaab00b0bbf0, 0xaaab00b0a630, 0xfffff9a27060, 0xaaab00b0deba <unfinished ...>
[pid 249] 14:57:41.709640 oqsprovider.so->OQS_KEM_decaps(0xaaab00b0a9d0, 0xaaab00b0a630, 0xaaab00b0deba, 0xaaab00b05700) = 0 <0.000152>
[pid 249] 14:57:41.709844 <... EVP_PKEY_decapsulate resumed> ) = 1 <0.000305>
[pid 249] 14:57:41.710531 libssl.so.3->X509_verify_cert(0xaaab00b02f50, 0, 0, 0xffffffff) = 1 <0.000313>
[pid 249] 14:57:41.711093 libssl.so.3->EVP_DigestVerifyInit_ex(0xaaab00a31750, 0xfffff9a27168, 0, 0) = 1 <0.000135>
[pid 249] 14:57:41.711276 libssl.so.3->EVP_DigestVerify(0xaaab00a31750, 0xaaab00b0de68, 2420, 0xfffff9a27170) = 1 <0.000239>
[pid 249] 14:57:41.711723 libssl.so.3->X509_verify_cert(0xaaab00b02f50, 1, 0, 0) = 1 <0.000205>
[pid 249] 14:57:41.712138 libssl.so.3->EVP_DigestSignInit_ex(0xaaab00b2bd30, 0xfffff9a27150, 0, 0) = 1 <0.000121>
[pid 249] 14:57:41.712320 libssl.so.3->EVP_DigestSign(0xaaab00b2bd30, 0, 0xfffff9a27160, 0xfffff9a27170) = 1 <0.000143>
[pid 249] 14:57:41.712511 libssl.so.3->EVP_DigestSign(0xaaab00b2bd30, 0xaaab00b0cd00, 0xfffff9a27160, 0xfffff9a27170) = 1 <0.000427>
[pid 249] 14:57:41.713222 <... SSL_connect resumed> ) = 1 <0.006457>
[pid 249] 14:57:41.713422 oqsprovider.so->OQS_KEM_free(0xaaab00b0a9d0, 1, 7, 0xaaab00a14010) = 0xaaab00a14030 <0.000109>
Handshake duration: 6.60 ms
[pid 249] 14:57:41.714739 +++ exited (status 0) +++
Execution 26 - TLS Mutual
s_connection: verify depth is 1
[pid 251] 14:57:41.742050 openssl->SSL_connect(0xaaaac2325070, 0xaaaac2300998, 0xffff8b1d40e0, 0 <unfinished ...>
[pid 251] 14:57:41.742345 libssl.so.3->EVP_PKEY_keygen_init(0xaaaac232dbf0, 0, 0, 0xaaaac232dc60) = 1 <0.000117>
[pid 251] 14:57:41.742513 libssl.so.3->EVP_PKEY_keygen(0xaaaac232dbf0, 0xffffcecff760, 0, 0 <unfinished ...>
[pid 251] 14:57:41.742651 oqsprovider.so->OQS_KEM_new(0xaaaac232bf90, 0xaaaac232c990, 912, 0) = 0xaaaac232c9d0 <0.000107>
[pid 251] 14:57:41.742820 oqsprovider.so->OQS_KEM_keypair(0xaaaac232c9d0, 0xaaaac231f990, 0xaaaac2327700, 0xaaaac2327d00) = 0 <0.000285>
[pid 251] 14:57:41.743166 <... EVP_PKEY_keygen resumed> ) = 1 <0.000646>
[pid 251] 14:57:41.744405 libssl.so.3->EVP_PKEY_decapsulate_init(0xaaaac232dbf0, 0, 0, 0xaaaac232dc60) = 1 <0.000141>
[pid 251] 14:57:41.744604 libssl.so.3->EVP_PKEY_decapsulate(0xaaaac232dbf0, 0, 0xffffcecff6e0, 0xaaaac232feba) = 1 <0.000144>
[pid 251] 14:57:41.744795 libssl.so.3->EVP_PKEY_decapsulate(0xaaaac232dbf0, 0xaaaac232c630, 0xffffcecff6e0, 0xaaaac232feba <unfinished ...>
[pid 251] 14:57:41.744938 oqsprovider.so->OQS_KEM_decaps(0xaaaac232c9d0, 0xaaaac232c630, 0xaaaac232feba, 0xaaaac2327700) = 0 <0.000158>
[pid 251] 14:57:41.745154 <... EVP_PKEY_decapsulate resumed> ) = 1 <0.000353>
[pid 251] 14:57:41.745818 libssl.so.3->X509_verify_cert(0xaaaac2324f50, 0, 0, 0xffffffff) = 1 <0.000295>
[pid 251] 14:57:41.746359 libssl.so.3->EVP_DigestVerifyInit_ex(0xaaaac2253750, 0xffffcecff7e8, 0, 0) = 1 <0.000116>
[pid 251] 14:57:41.746527 libssl.so.3->EVP_DigestVerify(0xaaaac2253750, 0xaaaac232fe68, 2420, 0xffffcecff7f0) = 1 <0.000226>
[pid 251] 14:57:41.747008 libssl.so.3->X509_verify_cert(0xaaaac2324f50, 1, 0, 0) = 1 <0.000200>
[pid 251] 14:57:41.747375 libssl.so.3->EVP_DigestSignInit_ex(0xaaaac234dd30, 0xffffcecff7d0, 0, 0) = 1 <0.000098>
[pid 251] 14:57:41.747532 libssl.so.3->EVP_DigestSign(0xaaaac234dd30, 0, 0xffffcecff7e0, 0xffffcecff7f0) = 1 <0.000102>
[pid 251] 14:57:41.747684 libssl.so.3->EVP_DigestSign(0xaaaac234dd30, 0xaaaac232ed00, 0xffffcecff7e0, 0xffffcecff7f0) = 1 <0.000402>
[pid 251] 14:57:41.748369 <... SSL_connect resumed> ) = 1 <0.006322>
[pid 251] 14:57:41.748601 oqsprovider.so->OQS_KEM_free(0xaaaac232c9d0, 1, 7, 0xaaaac2236010) = 0xaaaac2236030 <0.000121>
Handshake duration: 6.47 ms
[pid 251] 14:57:41.749934 +++ exited (status 0) +++
Execution 27 - TLS Mutual
s_connection: verify depth is 1
[pid 253] 14:57:41.777518 openssl->SSL_connect(0xaaaac969c070, 0xaaaac9677998, 0xffff7f7940e0, 0 <unfinished ...>
[pid 253] 14:57:41.777859 libssl.so.3->EVP_PKEY_keygen_init(0xaaaac96a4bf0, 0, 0, 0xaaaac96a4c60) = 1 <0.000106>
[pid 253] 14:57:41.778055 libssl.so.3->EVP_PKEY_keygen(0xaaaac96a4bf0, 0xffffd62ba0c0, 0, 0 <unfinished ...>
[pid 253] 14:57:41.778153 oqsprovider.so->OQS_KEM_new(0xaaaac96a2f90, 0xaaaac96a3990, 912, 0) = 0xaaaac96a39d0 <0.000106>
[pid 253] 14:57:41.778318 oqsprovider.so->OQS_KEM_keypair(0xaaaac96a39d0, 0xaaaac9696990, 0xaaaac969e700, 0xaaaac969ed00) = 0 <0.000268>
[pid 253] 14:57:41.778644 <... EVP_PKEY_keygen resumed> ) = 1 <0.000580>
[pid 253] 14:57:41.779800 libssl.so.3->EVP_PKEY_decapsulate_init(0xaaaac96a4bf0, 0, 0, 0xaaaac96a4c60) = 1 <0.000155>
[pid 253] 14:57:41.780009 libssl.so.3->EVP_PKEY_decapsulate(0xaaaac96a4bf0, 0, 0xffffd62ba040, 0xaaaac96a6eba) = 1 <0.000129>
[pid 253] 14:57:41.780212 libssl.so.3->EVP_PKEY_decapsulate(0xaaaac96a4bf0, 0xaaaac96a3630, 0xffffd62ba040, 0xaaaac96a6eba <unfinished ...>
[pid 253] 14:57:41.780390 oqsprovider.so->OQS_KEM_decaps(0xaaaac96a39d0, 0xaaaac96a3630, 0xaaaac96a6eba, 0xaaaac969e700) = 0 <0.000154>
[pid 253] 14:57:41.780598 <... EVP_PKEY_decapsulate resumed> ) = 1 <0.000381>
[pid 253] 14:57:41.781277 libssl.so.3->X509_verify_cert(0xaaaac969bf50, 0, 0, 0xffffffff) = 1 <0.000289>
[pid 253] 14:57:41.781776 libssl.so.3->EVP_DigestVerifyInit_ex(0xaaaac95ca750, 0xffffd62ba148, 0, 0) = 1 <0.000114>
[pid 253] 14:57:41.781947 libssl.so.3->EVP_DigestVerify(0xaaaac95ca750, 0xaaaac96a6e68, 2420, 0xffffd62ba150) = 1 <0.000177>
[pid 253] 14:57:41.782351 libssl.so.3->X509_verify_cert(0xaaaac969bf50, 1, 0, 0) = 1 <0.000213>
[pid 253] 14:57:41.782745 libssl.so.3->EVP_DigestSignInit_ex(0xaaaac96c4d30, 0xffffd62ba130, 0, 0) = 1 <0.000106>
[pid 253] 14:57:41.782921 libssl.so.3->EVP_DigestSign(0xaaaac96c4d30, 0, 0xffffd62ba140, 0xffffd62ba150) = 1 <0.000157>
[pid 253] 14:57:41.783118 libssl.so.3->EVP_DigestSign(0xaaaac96c4d30, 0xaaaac96a5d00, 0xffffd62ba140, 0xffffd62ba150) = 1 <0.000324>
[pid 253] 14:57:41.783744 <... SSL_connect resumed> ) = 1 <0.006222>
[pid 253] 14:57:41.783966 oqsprovider.so->OQS_KEM_free(0xaaaac96a39d0, 1, 7, 0xaaaac95ad010) = 0xaaaac95ad030 <0.000145>
Handshake duration: 6.34 ms
[pid 253] 14:57:41.785296 +++ exited (status 0) +++
Execution 28 - TLS Mutual
s_connection: verify depth is 1
[pid 255] 14:57:41.812628 openssl->SSL_connect(0xaaaae324a070, 0xaaaae3225998, 0xffff9a9040e0, 0 <unfinished ...>
[pid 255] 14:57:41.812940 libssl.so.3->EVP_PKEY_keygen_init(0xaaaae3252bf0, 0, 0, 0xaaaae3252c60) = 1 <0.000115>
[pid 255] 14:57:41.813098 libssl.so.3->EVP_PKEY_keygen(0xaaaae3252bf0, 0xffffc5e70c10, 0, 0 <unfinished ...>
[pid 255] 14:57:41.813204 oqsprovider.so->OQS_KEM_new(0xaaaae3250f90, 0xaaaae3251990, 912, 0) = 0xaaaae32519d0 <0.000125>
[pid 255] 14:57:41.813374 oqsprovider.so->OQS_KEM_keypair(0xaaaae32519d0, 0xaaaae3244990, 0xaaaae324c700, 0xaaaae324cd00) = 0 <0.000266>
[pid 255] 14:57:41.813700 <... EVP_PKEY_keygen resumed> ) = 1 <0.000596>
[pid 255] 14:57:41.814899 libssl.so.3->EVP_PKEY_decapsulate_init(0xaaaae3252bf0, 0, 0, 0xaaaae3252c60) = 1 <0.000150>
[pid 255] 14:57:41.815092 libssl.so.3->EVP_PKEY_decapsulate(0xaaaae3252bf0, 0, 0xffffc5e70b90, 0xaaaae3254eba) = 1 <0.000091>
[pid 255] 14:57:41.815256 libssl.so.3->EVP_PKEY_decapsulate(0xaaaae3252bf0, 0xaaaae3251630, 0xffffc5e70b90, 0xaaaae3254eba <unfinished ...>
[pid 255] 14:57:41.815363 oqsprovider.so->OQS_KEM_decaps(0xaaaae32519d0, 0xaaaae3251630, 0xaaaae3254eba, 0xaaaae324c700) = 0 <0.000158>
[pid 255] 14:57:41.815567 <... EVP_PKEY_decapsulate resumed> ) = 1 <0.000302>
[pid 255] 14:57:41.816240 libssl.so.3->X509_verify_cert(0xaaaae3249f50, 0, 0, 0xffffffff) = 1 <0.000302>
[pid 255] 14:57:41.816751 libssl.so.3->EVP_DigestVerifyInit_ex(0xaaaae3178750, 0xffffc5e70c98, 0, 0) = 1 <0.000122>
[pid 255] 14:57:41.816925 libssl.so.3->EVP_DigestVerify(0xaaaae3178750, 0xaaaae3254e68, 2420, 0xffffc5e70ca0) = 1 <0.000178>
[pid 255] 14:57:41.817333 libssl.so.3->X509_verify_cert(0xaaaae3249f50, 1, 0, 0) = 1 <0.000249>
[pid 255] 14:57:41.817745 libssl.so.3->EVP_DigestSignInit_ex(0xaaaae3272d30, 0xffffc5e70c80, 0, 0) = 1 <0.000112>
[pid 255] 14:57:41.817905 libssl.so.3->EVP_DigestSign(0xaaaae3272d30, 0, 0xffffc5e70c90, 0xffffc5e70ca0) = 1 <0.000095>
[pid 255] 14:57:41.818112 libssl.so.3->EVP_DigestSign(0xaaaae3272d30, 0xaaaae3253d00, 0xffffc5e70c90, 0xffffc5e70ca0) = 1 <0.000301>
[pid 255] 14:57:41.818672 <... SSL_connect resumed> ) = 1 <0.006040>
[pid 255] 14:57:41.818890 oqsprovider.so->OQS_KEM_free(0xaaaae32519d0, 1, 7, 0xaaaae315b010) = 0xaaaae315b030 <0.000093>
Handshake duration: 6.19 ms
[pid 255] 14:57:41.820212 +++ exited (status 0) +++
Execution 29 - TLS Mutual
s_connection: verify depth is 1
[pid 257] 14:57:41.847787 openssl->SSL_connect(0xaaaae9462070, 0xaaaae943d998, 0xffffb76d40e0, 0 <unfinished ...>
[pid 257] 14:57:41.848129 libssl.so.3->EVP_PKEY_keygen_init(0xaaaae946abf0, 0, 0, 0xaaaae946ac60) = 1 <0.000104>
[pid 257] 14:57:41.848282 libssl.so.3->EVP_PKEY_keygen(0xaaaae946abf0, 0xfffff5c0d260, 0, 0 <unfinished ...>
[pid 257] 14:57:41.848413 oqsprovider.so->OQS_KEM_new(0xaaaae9468f90, 0xaaaae9469990, 912, 0) = 0xaaaae94699d0 <0.000222>
[pid 257] 14:57:41.848693 oqsprovider.so->OQS_KEM_keypair(0xaaaae94699d0, 0xaaaae945c990, 0xaaaae9464700, 0xaaaae9464d00) = 0 <0.000462>
[pid 257] 14:57:41.849235 <... EVP_PKEY_keygen resumed> ) = 1 <0.000927>
[pid 257] 14:57:41.850476 libssl.so.3->EVP_PKEY_decapsulate_init(0xaaaae946abf0, 0, 0, 0xaaaae946ac60) = 1 <0.000132>
[pid 257] 14:57:41.850658 libssl.so.3->EVP_PKEY_decapsulate(0xaaaae946abf0, 0, 0xfffff5c0d1e0, 0xaaaae946ceba) = 1 <0.000110>
[pid 257] 14:57:41.850822 libssl.so.3->EVP_PKEY_decapsulate(0xaaaae946abf0, 0xaaaae9469630, 0xfffff5c0d1e0, 0xaaaae946ceba <unfinished ...>
[pid 257] 14:57:41.850910 oqsprovider.so->OQS_KEM_decaps(0xaaaae94699d0, 0xaaaae9469630, 0xaaaae946ceba, 0xaaaae9464700) = 0 <0.000124>
[pid 257] 14:57:41.851092 <... EVP_PKEY_decapsulate resumed> ) = 1 <0.000266>
[pid 257] 14:57:41.851741 libssl.so.3->X509_verify_cert(0xaaaae9461f50, 0, 0, 0xffffffff) = 1 <0.000282>
[pid 257] 14:57:41.852261 libssl.so.3->EVP_DigestVerifyInit_ex(0xaaaae9390750, 0xfffff5c0d2e8, 0, 0) = 1 <0.000120>
[pid 257] 14:57:41.852445 libssl.so.3->EVP_DigestVerify(0xaaaae9390750, 0xaaaae946ce68, 2420, 0xfffff5c0d2f0) = 1 <0.000185>
[pid 257] 14:57:41.852866 libssl.so.3->X509_verify_cert(0xaaaae9461f50, 1, 0, 0) = 1 <0.000249>
[pid 257] 14:57:41.853292 libssl.so.3->EVP_DigestSignInit_ex(0xaaaae948ad30, 0xfffff5c0d2d0, 0, 0) = 1 <0.000158>
[pid 257] 14:57:41.853504 libssl.so.3->EVP_DigestSign(0xaaaae948ad30, 0, 0xfffff5c0d2e0, 0xfffff5c0d2f0) = 1 <0.000208>
[pid 257] 14:57:41.853763 libssl.so.3->EVP_DigestSign(0xaaaae948ad30, 0xaaaae946bd00, 0xfffff5c0d2e0, 0xfffff5c0d2f0) = 1 <0.000272>
[pid 257] 14:57:41.854349 <... SSL_connect resumed> ) = 1 <0.006557>
[pid 257] 14:57:41.854573 oqsprovider.so->OQS_KEM_free(0xaaaae94699d0, 1, 7, 0xaaaae9373010) = 0xaaaae9373030 <0.000101>
Handshake duration: 6.72 ms
[pid 257] 14:57:41.855859 +++ exited (status 0) +++
Execution 30 - TLS Mutual
s_connection: verify depth is 1
[pid 259] 14:57:41.883635 openssl->SSL_connect(0xaaaad1977070, 0xaaaad1952998, 0xffff833040e0, 0 <unfinished ...>
[pid 259] 14:57:41.883945 libssl.so.3->EVP_PKEY_keygen_init(0xaaaad197fbf0, 0, 0, 0xaaaad197fc60) = 1 <0.000111>
[pid 259] 14:57:41.884184 libssl.so.3->EVP_PKEY_keygen(0xaaaad197fbf0, 0xfffff436d9b0, 0, 0 <unfinished ...>
[pid 259] 14:57:41.884318 oqsprovider.so->OQS_KEM_new(0xaaaad197df90, 0xaaaad197e990, 912, 0) = 0xaaaad197e9d0 <0.000182>
[pid 259] 14:57:41.884562 oqsprovider.so->OQS_KEM_keypair(0xaaaad197e9d0, 0xaaaad1971990, 0xaaaad1979700, 0xaaaad1979d00) = 0 <0.000280>
[pid 259] 14:57:41.884903 <... EVP_PKEY_keygen resumed> ) = 1 <0.000716>
[pid 259] 14:57:41.886081 libssl.so.3->EVP_PKEY_decapsulate_init(0xaaaad197fbf0, 0, 0, 0xaaaad197fc60) = 1 <0.000140>
[pid 259] 14:57:41.886273 libssl.so.3->EVP_PKEY_decapsulate(0xaaaad197fbf0, 0, 0xfffff436d930, 0xaaaad1981eba) = 1 <0.000096>
[pid 259] 14:57:41.886414 libssl.so.3->EVP_PKEY_decapsulate(0xaaaad197fbf0, 0xaaaad197e630, 0xfffff436d930, 0xaaaad1981eba <unfinished ...>
[pid 259] 14:57:41.886528 oqsprovider.so->OQS_KEM_decaps(0xaaaad197e9d0, 0xaaaad197e630, 0xaaaad1981eba, 0xaaaad1979700) = 0 <0.000126>
[pid 259] 14:57:41.886706 <... EVP_PKEY_decapsulate resumed> ) = 1 <0.000286>
[pid 259] 14:57:41.887394 libssl.so.3->X509_verify_cert(0xaaaad1976f50, 0, 0, 0xffffffff) = 1 <0.000273>
[pid 259] 14:57:41.887888 libssl.so.3->EVP_DigestVerifyInit_ex(0xaaaad18a5750, 0xfffff436da38, 0, 0) = 1 <0.000113>
[pid 259] 14:57:41.888058 libssl.so.3->EVP_DigestVerify(0xaaaad18a5750, 0xaaaad1981e68, 2420, 0xfffff436da40) = 1 <0.000177>
[pid 259] 14:57:41.888466 libssl.so.3->X509_verify_cert(0xaaaad1976f50, 1, 0, 0) = 1 <0.000205>
[pid 259] 14:57:41.888842 libssl.so.3->EVP_DigestSignInit_ex(0xaaaad199fd30, 0xfffff436da20, 0, 0) = 1 <0.000122>
[pid 259] 14:57:41.889032 libssl.so.3->EVP_DigestSign(0xaaaad199fd30, 0, 0xfffff436da30, 0xfffff436da40) = 1 <0.000134>
[pid 259] 14:57:41.889236 libssl.so.3->EVP_DigestSign(0xaaaad199fd30, 0xaaaad1980d00, 0xfffff436da30, 0xfffff436da40) = 1 <0.000401>
[pid 259] 14:57:41.889900 <... SSL_connect resumed> ) = 1 <0.006261>
[pid 259] 14:57:41.890080 oqsprovider.so->OQS_KEM_free(0xaaaad197e9d0, 1, 7, 0xaaaad1888010) = 0xaaaad1888030 <0.000149>
Handshake duration: 6.38 ms
[pid 259] 14:57:41.891435 +++ exited (status 0) +++
Execution 31 - TLS Mutual
s_connection: verify depth is 1
[pid 261] 14:57:41.918883 openssl->SSL_connect(0xaaab08749070, 0xaaab08724998, 0xffff80b540e0, 0 <unfinished ...>
[pid 261] 14:57:41.919212 libssl.so.3->EVP_PKEY_keygen_init(0xaaab08751bf0, 0, 0, 0xaaab08751c60) = 1 <0.000104>
[pid 261] 14:57:41.919403 libssl.so.3->EVP_PKEY_keygen(0xaaab08751bf0, 0xffffe0180240, 0, 0 <unfinished ...>
[pid 261] 14:57:41.919527 oqsprovider.so->OQS_KEM_new(0xaaab0874ff90, 0xaaab08750990, 912, 0) = 0xaaab087509d0 <0.000139>
[pid 261] 14:57:41.919721 oqsprovider.so->OQS_KEM_keypair(0xaaab087509d0, 0xaaab08743990, 0xaaab0874b700, 0xaaab0874bd00) = 0 <0.000271>
[pid 261] 14:57:41.920055 <... EVP_PKEY_keygen resumed> ) = 1 <0.000648>
[pid 261] 14:57:41.921233 libssl.so.3->EVP_PKEY_decapsulate_init(0xaaab08751bf0, 0, 0, 0xaaab08751c60) = 1 <0.000168>
[pid 261] 14:57:41.921486 libssl.so.3->EVP_PKEY_decapsulate(0xaaab08751bf0, 0, 0xffffe01801c0, 0xaaab08753eba) = 1 <0.000108>
[pid 261] 14:57:41.921644 libssl.so.3->EVP_PKEY_decapsulate(0xaaab08751bf0, 0xaaab08750630, 0xffffe01801c0, 0xaaab08753eba <unfinished ...>
[pid 261] 14:57:41.921841 oqsprovider.so->OQS_KEM_decaps(0xaaab087509d0, 0xaaab08750630, 0xaaab08753eba, 0xaaab0874b700) = 0 <0.000140>
[pid 261] 14:57:41.922068 <... EVP_PKEY_decapsulate resumed> ) = 1 <0.000395>
[pid 261] 14:57:41.922760 libssl.so.3->X509_verify_cert(0xaaab08748f50, 0, 0, 0xffffffff) = 1 <0.000328>
[pid 261] 14:57:41.923326 libssl.so.3->EVP_DigestVerifyInit_ex(0xaaab08677750, 0xffffe01802c8, 0, 0) = 1 <0.000103>
[pid 261] 14:57:41.923473 libssl.so.3->EVP_DigestVerify(0xaaab08677750, 0xaaab08753e68, 2420, 0xffffe01802d0) = 1 <0.000236>
[pid 261] 14:57:41.923953 libssl.so.3->X509_verify_cert(0xaaab08748f50, 1, 0, 0) = 1 <0.000244>
[pid 261] 14:57:41.924369 libssl.so.3->EVP_DigestSignInit_ex(0xaaab08771d30, 0xffffe01802b0, 0, 0) = 1 <0.000114>
[pid 261] 14:57:41.924528 libssl.so.3->EVP_DigestSign(0xaaab08771d30, 0, 0xffffe01802c0, 0xffffe01802d0) = 1 <0.000111>
[pid 261] 14:57:41.924731 libssl.so.3->EVP_DigestSign(0xaaab08771d30, 0xaaab08752d00, 0xffffe01802c0, 0xffffe01802d0) = 1 <0.000634>
[pid 261] 14:57:41.925563 <... SSL_connect resumed> ) = 1 <0.006677>
[pid 261] 14:57:41.925784 oqsprovider.so->OQS_KEM_free(0xaaab087509d0, 1, 7, 0xaaab0865a010) = 0xaaab0865a030 <0.000108>
Handshake duration: 6.79 ms
[pid 261] 14:57:41.927047 +++ exited (status 0) +++
Execution 32 - TLS Mutual
s_connection: verify depth is 1
[pid 263] 14:57:41.954851 openssl->SSL_connect(0xaaaae8f56070, 0xaaaae8f31998, 0xffffa21a40e0, 0 <unfinished ...>
[pid 263] 14:57:41.955195 libssl.so.3->EVP_PKEY_keygen_init(0xaaaae8f5ebf0, 0, 0, 0xaaaae8f5ec60) = 1 <0.000128>
[pid 263] 14:57:41.955399 libssl.so.3->EVP_PKEY_keygen(0xaaaae8f5ebf0, 0xffffdb960120, 0, 0 <unfinished ...>
[pid 263] 14:57:41.955521 oqsprovider.so->OQS_KEM_new(0xaaaae8f5cf90, 0xaaaae8f5d990, 912, 0) = 0xaaaae8f5d9d0 <0.000129>
[pid 263] 14:57:41.955722 oqsprovider.so->OQS_KEM_keypair(0xaaaae8f5d9d0, 0xaaaae8f50990, 0xaaaae8f58700, 0xaaaae8f58d00) = 0 <0.000333>
[pid 263] 14:57:41.956101 <... EVP_PKEY_keygen resumed> ) = 1 <0.000713>
[pid 263] 14:57:41.957332 libssl.so.3->EVP_PKEY_decapsulate_init(0xaaaae8f5ebf0, 0, 0, 0xaaaae8f5ec60) = 1 <0.000213>
[pid 263] 14:57:41.957589 libssl.so.3->EVP_PKEY_decapsulate(0xaaaae8f5ebf0, 0, 0xffffdb9600a0, 0xaaaae8f60eba) = 1 <0.000201>
[pid 263] 14:57:41.957839 libssl.so.3->EVP_PKEY_decapsulate(0xaaaae8f5ebf0, 0xaaaae8f5d630, 0xffffdb9600a0, 0xaaaae8f60eba <unfinished ...>
[pid 263] 14:57:41.957928 oqsprovider.so->OQS_KEM_decaps(0xaaaae8f5d9d0, 0xaaaae8f5d630, 0xaaaae8f60eba, 0xaaaae8f58700) = 0 <0.000201>
[pid 263] 14:57:41.958210 <... EVP_PKEY_decapsulate resumed> ) = 1 <0.000365>
[pid 263] 14:57:41.958958 libssl.so.3->X509_verify_cert(0xaaaae8f55f50, 0, 0, 0xffffffff) = 1 <0.000358>
[pid 263] 14:57:41.959501 libssl.so.3->EVP_DigestVerifyInit_ex(0xaaaae8e84750, 0xffffdb9601a8, 0, 0) = 1 <0.000114>
[pid 263] 14:57:41.959669 libssl.so.3->EVP_DigestVerify(0xaaaae8e84750, 0xaaaae8f60e68, 2420, 0xffffdb9601b0) = 1 <0.000160>
[pid 263] 14:57:41.960029 libssl.so.3->X509_verify_cert(0xaaaae8f55f50, 1, 0, 0) = 1 <0.000193>
[pid 263] 14:57:41.960399 libssl.so.3->EVP_DigestSignInit_ex(0xaaaae8f7ed30, 0xffffdb960190, 0, 0) = 1 <0.000100>
[pid 263] 14:57:41.960540 libssl.so.3->EVP_DigestSign(0xaaaae8f7ed30, 0, 0xffffdb9601a0, 0xffffdb9601b0) = 1 <0.000087>
[pid 263] 14:57:41.960678 libssl.so.3->EVP_DigestSign(0xaaaae8f7ed30, 0xaaaae8f5fd00, 0xffffdb9601a0, 0xffffdb9601b0) = 1 <0.000330>
[pid 263] 14:57:41.961293 <... SSL_connect resumed> ) = 1 <0.006439>
[pid 263] 14:57:41.961485 oqsprovider.so->OQS_KEM_free(0xaaaae8f5d9d0, 1, 7, 0xaaaae8e67010) = 0xaaaae8e67030 <0.000113>
Handshake duration: 6.56 ms
[pid 263] 14:57:41.962770 +++ exited (status 0) +++
Execution 33 - TLS Mutual
s_connection: verify depth is 1
[pid 265] 14:57:41.989998 openssl->SSL_connect(0xaaaae6356070, 0xaaaae6331998, 0xffff9ece40e0, 0 <unfinished ...>
[pid 265] 14:57:41.990348 libssl.so.3->EVP_PKEY_keygen_init(0xaaaae635ebf0, 0, 0, 0xaaaae635ec60) = 1 <0.000120>
[pid 265] 14:57:41.990553 libssl.so.3->EVP_PKEY_keygen(0xaaaae635ebf0, 0xfffff300ba20, 0, 0 <unfinished ...>
[pid 265] 14:57:41.990671 oqsprovider.so->OQS_KEM_new(0xaaaae635cf90, 0xaaaae635d990, 912, 0) = 0xaaaae635d9d0 <0.000140>
[pid 265] 14:57:41.990859 oqsprovider.so->OQS_KEM_keypair(0xaaaae635d9d0, 0xaaaae6350990, 0xaaaae6358700, 0xaaaae6358d00) = 0 <0.000350>
[pid 265] 14:57:41.991266 <... EVP_PKEY_keygen resumed> ) = 1 <0.000710>
[pid 265] 14:57:41.992531 libssl.so.3->EVP_PKEY_decapsulate_init(0xaaaae635ebf0, 0, 0, 0xaaaae635ec60) = 1 <0.000192>
[pid 265] 14:57:41.992782 libssl.so.3->EVP_PKEY_decapsulate(0xaaaae635ebf0, 0, 0xfffff300b9a0, 0xaaaae6360eba) = 1 <0.000118>
[pid 265] 14:57:41.992946 libssl.so.3->EVP_PKEY_decapsulate(0xaaaae635ebf0, 0xaaaae635d630, 0xfffff300b9a0, 0xaaaae6360eba <unfinished ...>
[pid 265] 14:57:41.993054 oqsprovider.so->OQS_KEM_decaps(0xaaaae635d9d0, 0xaaaae635d630, 0xaaaae6360eba, 0xaaaae6358700) = 0 <0.000153>
[pid 265] 14:57:41.993266 <... EVP_PKEY_decapsulate resumed> ) = 1 <0.000313>
[pid 265] 14:57:41.993873 libssl.so.3->X509_verify_cert(0xaaaae6355f50, 0, 0, 0xffffffff) = 1 <0.000338>
[pid 265] 14:57:41.994419 libssl.so.3->EVP_DigestVerifyInit_ex(0xaaaae6284750, 0xfffff300baa8, 0, 0) = 1 <0.000097>
[pid 265] 14:57:41.994584 libssl.so.3->EVP_DigestVerify(0xaaaae6284750, 0xaaaae6360e68, 2420, 0xfffff300bab0) = 1 <0.000189>
[pid 265] 14:57:41.994964 libssl.so.3->X509_verify_cert(0xaaaae6355f50, 1, 0, 0) = 1 <0.000200>
[pid 265] 14:57:41.995307 libssl.so.3->EVP_DigestSignInit_ex(0xaaaae637ed30, 0xfffff300ba90, 0, 0) = 1 <0.000107>
[pid 265] 14:57:41.995482 libssl.so.3->EVP_DigestSign(0xaaaae637ed30, 0, 0xfffff300baa0, 0xfffff300bab0) = 1 <0.000095>
[pid 265] 14:57:41.995626 libssl.so.3->EVP_DigestSign(0xaaaae637ed30, 0xaaaae635fd00, 0xfffff300baa0, 0xfffff300bab0) = 1 <0.000347>
[pid 265] 14:57:41.996235 <... SSL_connect resumed> ) = 1 <0.006232>
[pid 265] 14:57:41.996451 oqsprovider.so->OQS_KEM_free(0xaaaae635d9d0, 1, 7, 0xaaaae6267010) = 0xaaaae6267030 <0.000095>
Handshake duration: 6.36 ms
[pid 265] 14:57:41.997686 +++ exited (status 0) +++
Execution 34 - TLS Mutual
s_connection: verify depth is 1
[pid 267] 14:57:42.025158 openssl->SSL_connect(0xaaaae146c070, 0xaaaae1447998, 0xffffad3e40e0, 0 <unfinished ...>
[pid 267] 14:57:42.025521 libssl.so.3->EVP_PKEY_keygen_init(0xaaaae1474bf0, 0, 0, 0xaaaae1474c60) = 1 <0.000123>
[pid 267] 14:57:42.025691 libssl.so.3->EVP_PKEY_keygen(0xaaaae1474bf0, 0xffffd821bde0, 0, 0 <unfinished ...>
[pid 267] 14:57:42.025818 oqsprovider.so->OQS_KEM_new(0xaaaae1472f90, 0xaaaae1473990, 912, 0) = 0xaaaae14739d0 <0.000113>
[pid 267] 14:57:42.025988 oqsprovider.so->OQS_KEM_keypair(0xaaaae14739d0, 0xaaaae1466990, 0xaaaae146e700, 0xaaaae146ed00) = 0 <0.000301>
[pid 267] 14:57:42.026358 <... EVP_PKEY_keygen resumed> ) = 1 <0.000657>
[pid 267] 14:57:42.027553 libssl.so.3->EVP_PKEY_decapsulate_init(0xaaaae1474bf0, 0, 0, 0xaaaae1474c60) = 1 <0.000193>
[pid 267] 14:57:42.027811 libssl.so.3->EVP_PKEY_decapsulate(0xaaaae1474bf0, 0, 0xffffd821bd60, 0xaaaae1476eba) = 1 <0.000136>
[pid 267] 14:57:42.028013 libssl.so.3->EVP_PKEY_decapsulate(0xaaaae1474bf0, 0xaaaae1473630, 0xffffd821bd60, 0xaaaae1476eba <unfinished ...>
[pid 267] 14:57:42.028114 oqsprovider.so->OQS_KEM_decaps(0xaaaae14739d0, 0xaaaae1473630, 0xaaaae1476eba, 0xaaaae146e700) = 0 <0.000125>
[pid 267] 14:57:42.028285 <... EVP_PKEY_decapsulate resumed> ) = 1 <0.000265>
[pid 267] 14:57:42.028932 libssl.so.3->X509_verify_cert(0xaaaae146bf50, 0, 0, 0xffffffff) = 1 <0.000304>
[pid 267] 14:57:42.029470 libssl.so.3->EVP_DigestVerifyInit_ex(0xaaaae139a750, 0xffffd821be68, 0, 0) = 1 <0.000120>
[pid 267] 14:57:42.029693 libssl.so.3->EVP_DigestVerify(0xaaaae139a750, 0xaaaae1476e68, 2420, 0xffffd821be70) = 1 <0.000195>
[pid 267] 14:57:42.030051 libssl.so.3->X509_verify_cert(0xaaaae146bf50, 1, 0, 0) = 1 <0.000160>
[pid 267] 14:57:42.030371 libssl.so.3->EVP_DigestSignInit_ex(0xaaaae1494d30, 0xffffd821be50, 0, 0) = 1 <0.000112>
[pid 267] 14:57:42.030538 libssl.so.3->EVP_DigestSign(0xaaaae1494d30, 0, 0xffffd821be60, 0xffffd821be70) = 1 <0.000118>
[pid 267] 14:57:42.030717 libssl.so.3->EVP_DigestSign(0xaaaae1494d30, 0xaaaae1475d00, 0xffffd821be60, 0xffffd821be70) = 1 <0.000316>
[pid 267] 14:57:42.031269 <... SSL_connect resumed> ) = 1 <0.006106>
[pid 267] 14:57:42.031525 oqsprovider.so->OQS_KEM_free(0xaaaae14739d0, 1, 7, 0xaaaae137d010) = 0xaaaae137d030 <0.000109>
Handshake duration: 6.30 ms
[pid 267] 14:57:42.032807 +++ exited (status 0) +++
Execution 35 - TLS Mutual
s_connection: verify depth is 1
[pid 269] 14:57:42.060134 openssl->SSL_connect(0xaaaab1caa070, 0xaaaab1c85998, 0xffff8af140e0, 0 <unfinished ...>
[pid 269] 14:57:42.060448 libssl.so.3->EVP_PKEY_keygen_init(0xaaaab1cb2bf0, 0, 0, 0xaaaab1cb2c60) = 1 <0.000123>
[pid 269] 14:57:42.060623 libssl.so.3->EVP_PKEY_keygen(0xaaaab1cb2bf0, 0xffffebdf10d0, 0, 0 <unfinished ...>
[pid 269] 14:57:42.060904 oqsprovider.so->OQS_KEM_new(0xaaaab1cb0f90, 0xaaaab1cb1990, 912, 0) = 0xaaaab1cb19d0 <0.000096>
[pid 269] 14:57:42.061077 oqsprovider.so->OQS_KEM_keypair(0xaaaab1cb19d0, 0xaaaab1ca4990, 0xaaaab1cac700, 0xaaaab1cacd00) = 0 <0.000306>
[pid 269] 14:57:42.061447 <... EVP_PKEY_keygen resumed> ) = 1 <0.000820>
[pid 269] 14:57:42.062680 libssl.so.3->EVP_PKEY_decapsulate_init(0xaaaab1cb2bf0, 0, 0, 0xaaaab1cb2c60) = 1 <0.000166>
[pid 269] 14:57:42.062888 libssl.so.3->EVP_PKEY_decapsulate(0xaaaab1cb2bf0, 0, 0xffffebdf1050, 0xaaaab1cb4eba) = 1 <0.000102>
[pid 269] 14:57:42.063074 libssl.so.3->EVP_PKEY_decapsulate(0xaaaab1cb2bf0, 0xaaaab1cb1630, 0xffffebdf1050, 0xaaaab1cb4eba <unfinished ...>
[pid 269] 14:57:42.063210 oqsprovider.so->OQS_KEM_decaps(0xaaaab1cb19d0, 0xaaaab1cb1630, 0xaaaab1cb4eba, 0xaaaab1cac700) = 0 <0.000207>
[pid 269] 14:57:42.063455 <... EVP_PKEY_decapsulate resumed> ) = 1 <0.000375>
[pid 269] 14:57:42.064129 libssl.so.3->X509_verify_cert(0xaaaab1ca9f50, 0, 0, 0xffffffff) = 1 <0.000306>
[pid 269] 14:57:42.064674 libssl.so.3->EVP_DigestVerifyInit_ex(0xaaaab1bd8750, 0xffffebdf1158, 0, 0) = 1 <0.000109>
[pid 269] 14:57:42.064851 libssl.so.3->EVP_DigestVerify(0xaaaab1bd8750, 0xaaaab1cb4e68, 2420, 0xffffebdf1160) = 1 <0.000178>
[pid 269] 14:57:42.065250 libssl.so.3->X509_verify_cert(0xaaaab1ca9f50, 1, 0, 0) = 1 <0.000203>
[pid 269] 14:57:42.065630 libssl.so.3->EVP_DigestSignInit_ex(0xaaaab1cd2d30, 0xffffebdf1140, 0, 0) = 1 <0.000148>
[pid 269] 14:57:42.065833 libssl.so.3->EVP_DigestSign(0xaaaab1cd2d30, 0, 0xffffebdf1150, 0xffffebdf1160) = 1 <0.000098>
[pid 269] 14:57:42.066017 libssl.so.3->EVP_DigestSign(0xaaaab1cd2d30, 0xaaaab1cb3d00, 0xffffebdf1150, 0xffffebdf1160) = 1 <0.000369>
[pid 269] 14:57:42.066620 <... SSL_connect resumed> ) = 1 <0.006481>
[pid 269] 14:57:42.066810 oqsprovider.so->OQS_KEM_free(0xaaaab1cb19d0, 1, 7, 0xaaaab1bbb010) = 0xaaaab1bbb030 <0.000124>
Handshake duration: 6.62 ms
[pid 269] 14:57:42.068069 +++ exited (status 0) +++
Execution 36 - TLS Mutual
s_connection: verify depth is 1
[pid 271] 14:57:42.095534 openssl->SSL_connect(0xaaab07ec1070, 0xaaab07e9c998, 0xffffbe1d40e0, 0 <unfinished ...>
[pid 271] 14:57:42.095856 libssl.so.3->EVP_PKEY_keygen_init(0xaaab07ec9bf0, 0, 0, 0xaaab07ec9c60) = 1 <0.000123>
[pid 271] 14:57:42.096051 libssl.so.3->EVP_PKEY_keygen(0xaaab07ec9bf0, 0xfffffab7f970, 0, 0 <unfinished ...>
[pid 271] 14:57:42.096223 oqsprovider.so->OQS_KEM_new(0xaaab07ec7f90, 0xaaab07ec8990, 912, 0) = 0xaaab07ec89d0 <0.000132>
[pid 271] 14:57:42.096420 oqsprovider.so->OQS_KEM_keypair(0xaaab07ec89d0, 0xaaab07ebb990, 0xaaab07ec3700, 0xaaab07ec3d00) = 0 <0.000287>
[pid 271] 14:57:42.096760 <... EVP_PKEY_keygen resumed> ) = 1 <0.000705>
[pid 271] 14:57:42.097952 libssl.so.3->EVP_PKEY_decapsulate_init(0xaaab07ec9bf0, 0, 0, 0xaaab07ec9c60) = 1 <0.000154>
[pid 271] 14:57:42.098158 libssl.so.3->EVP_PKEY_decapsulate(0xaaab07ec9bf0, 0, 0xfffffab7f8f0, 0xaaab07ecbeba) = 1 <0.000157>
[pid 271] 14:57:42.098358 libssl.so.3->EVP_PKEY_decapsulate(0xaaab07ec9bf0, 0xaaab07ec8630, 0xfffffab7f8f0, 0xaaab07ecbeba <unfinished ...>
[pid 271] 14:57:42.098591 oqsprovider.so->OQS_KEM_decaps(0xaaab07ec89d0, 0xaaab07ec8630, 0xaaab07ecbeba, 0xaaab07ec3700) = 0 <0.000148>
[pid 271] 14:57:42.098807 <... EVP_PKEY_decapsulate resumed> ) = 1 <0.000443>
[pid 271] 14:57:42.099478 libssl.so.3->X509_verify_cert(0xaaab07ec0f50, 0, 0, 0xffffffff) = 1 <0.000293>
[pid 271] 14:57:42.100014 libssl.so.3->EVP_DigestVerifyInit_ex(0xaaab07def750, 0xfffffab7f9f8, 0, 0) = 1 <0.000150>
[pid 271] 14:57:42.100216 libssl.so.3->EVP_DigestVerify(0xaaab07def750, 0xaaab07ecbe68, 2420, 0xfffffab7fa00) = 1 <0.000166>
[pid 271] 14:57:42.100593 libssl.so.3->X509_verify_cert(0xaaab07ec0f50, 1, 0, 0) = 1 <0.000193>
[pid 271] 14:57:42.100931 libssl.so.3->EVP_DigestSignInit_ex(0xaaab07ee9d30, 0xfffffab7f9e0, 0, 0) = 1 <0.000102>
[pid 271] 14:57:42.101097 libssl.so.3->EVP_DigestSign(0xaaab07ee9d30, 0, 0xfffffab7f9f0, 0xfffffab7fa00) = 1 <0.000106>
[pid 271] 14:57:42.101247 libssl.so.3->EVP_DigestSign(0xaaab07ee9d30, 0xaaab07ecad00, 0xfffffab7f9f0, 0xfffffab7fa00) = 1 <0.000578>
[pid 271] 14:57:42.102090 <... SSL_connect resumed> ) = 1 <0.006551>
[pid 271] 14:57:42.102301 oqsprovider.so->OQS_KEM_free(0xaaab07ec89d0, 1, 7, 0xaaab07dd2010) = 0xaaab07dd2030 <0.000124>
Handshake duration: 6.68 ms
[pid 271] 14:57:42.103601 +++ exited (status 0) +++
Execution 37 - TLS Mutual
s_connection: verify depth is 1
[pid 273] 14:57:42.130893 openssl->SSL_connect(0xaaaac438f070, 0xaaaac436a998, 0xffffb15340e0, 0 <unfinished ...>
[pid 273] 14:57:42.131222 libssl.so.3->EVP_PKEY_keygen_init(0xaaaac4397bf0, 0, 0, 0xaaaac4397c60) = 1 <0.000100>
[pid 273] 14:57:42.131368 libssl.so.3->EVP_PKEY_keygen(0xaaaac4397bf0, 0xfffffcf2f200, 0, 0 <unfinished ...>
[pid 273] 14:57:42.131595 oqsprovider.so->OQS_KEM_new(0xaaaac4395f90, 0xaaaac4396990, 912, 0) = 0xaaaac43969d0 <0.000103>
[pid 273] 14:57:42.131750 oqsprovider.so->OQS_KEM_keypair(0xaaaac43969d0, 0xaaaac4389990, 0xaaaac4391700, 0xaaaac4391d00) = 0 <0.000253>
[pid 273] 14:57:42.132077 <... EVP_PKEY_keygen resumed> ) = 1 <0.000704>
[pid 273] 14:57:42.133242 libssl.so.3->EVP_PKEY_decapsulate_init(0xaaaac4397bf0, 0, 0, 0xaaaac4397c60) = 1 <0.000139>
[pid 273] 14:57:42.133477 libssl.so.3->EVP_PKEY_decapsulate(0xaaaac4397bf0, 0, 0xfffffcf2f180, 0xaaaac4399eba) = 1 <0.000132>
[pid 273] 14:57:42.133661 libssl.so.3->EVP_PKEY_decapsulate(0xaaaac4397bf0, 0xaaaac4396630, 0xfffffcf2f180, 0xaaaac4399eba <unfinished ...>
[pid 273] 14:57:42.133795 oqsprovider.so->OQS_KEM_decaps(0xaaaac43969d0, 0xaaaac4396630, 0xaaaac4399eba, 0xaaaac4391700) = 0 <0.000204>
[pid 273] 14:57:42.134063 <... EVP_PKEY_decapsulate resumed> ) = 1 <0.000400>
[pid 273] 14:57:42.134752 libssl.so.3->X509_verify_cert(0xaaaac438ef50, 0, 0, 0xffffffff) = 1 <0.000279>
[pid 273] 14:57:42.135267 libssl.so.3->EVP_DigestVerifyInit_ex(0xaaaac42bd750, 0xfffffcf2f288, 0, 0) = 1 <0.000113>
[pid 273] 14:57:42.135458 libssl.so.3->EVP_DigestVerify(0xaaaac42bd750, 0xaaaac4399e68, 2420, 0xfffffcf2f290) = 1 <0.000181>
[pid 273] 14:57:42.135837 libssl.so.3->X509_verify_cert(0xaaaac438ef50, 1, 0, 0) = 1 <0.000195>
[pid 273] 14:57:42.136221 libssl.so.3->EVP_DigestSignInit_ex(0xaaaac43b7d30, 0xfffffcf2f270, 0, 0) = 1 <0.000099>
[pid 273] 14:57:42.136386 libssl.so.3->EVP_DigestSign(0xaaaac43b7d30, 0, 0xfffffcf2f280, 0xfffffcf2f290) = 1 <0.000127>
[pid 273] 14:57:42.136565 libssl.so.3->EVP_DigestSign(0xaaaac43b7d30, 0xaaaac4398d00, 0xfffffcf2f280, 0xfffffcf2f290) = 1 <0.000454>
[pid 273] 14:57:42.137265 <... SSL_connect resumed> ) = 1 <0.006368>
[pid 273] 14:57:42.137468 oqsprovider.so->OQS_KEM_free(0xaaaac43969d0, 1, 7, 0xaaaac42a0010) = 0xaaaac42a0030 <0.000097>
Handshake duration: 6.51 ms
[pid 273] 14:57:42.138759 +++ exited (status 0) +++
Execution 38 - TLS Mutual
s_connection: verify depth is 1
[pid 275] 14:57:42.166179 openssl->SSL_connect(0xaaab0c849070, 0xaaab0c824998, 0xffff994d40e0, 0 <unfinished ...>
[pid 275] 14:57:42.166467 libssl.so.3->EVP_PKEY_keygen_init(0xaaab0c851bf0, 0, 0, 0xaaab0c851c60) = 1 <0.000105>
[pid 275] 14:57:42.166629 libssl.so.3->EVP_PKEY_keygen(0xaaab0c851bf0, 0xffffe69a8100, 0, 0 <unfinished ...>
[pid 275] 14:57:42.166726 oqsprovider.so->OQS_KEM_new(0xaaab0c84ff90, 0xaaab0c850990, 912, 0) = 0xaaab0c8509d0 <0.000115>
[pid 275] 14:57:42.166892 oqsprovider.so->OQS_KEM_keypair(0xaaab0c8509d0, 0xaaab0c843990, 0xaaab0c84b700, 0xaaab0c84bd00) = 0 <0.000271>
[pid 275] 14:57:42.167236 <... EVP_PKEY_keygen resumed> ) = 1 <0.000594>
[pid 275] 14:57:42.168384 libssl.so.3->EVP_PKEY_decapsulate_init(0xaaab0c851bf0, 0, 0, 0xaaab0c851c60) = 1 <0.000154>
[pid 275] 14:57:42.168592 libssl.so.3->EVP_PKEY_decapsulate(0xaaab0c851bf0, 0, 0xffffe69a8080, 0xaaab0c853eba) = 1 <0.000104>
[pid 275] 14:57:42.168743 libssl.so.3->EVP_PKEY_decapsulate(0xaaab0c851bf0, 0xaaab0c850630, 0xffffe69a8080, 0xaaab0c853eba <unfinished ...>
[pid 275] 14:57:42.168884 oqsprovider.so->OQS_KEM_decaps(0xaaab0c8509d0, 0xaaab0c850630, 0xaaab0c853eba, 0xaaab0c84b700) = 0 <0.000162>
[pid 275] 14:57:42.169098 <... EVP_PKEY_decapsulate resumed> ) = 1 <0.000346>
[pid 275] 14:57:42.169820 libssl.so.3->X509_verify_cert(0xaaab0c848f50, 0, 0, 0xffffffff) = 1 <0.000294>
[pid 275] 14:57:42.170320 libssl.so.3->EVP_DigestVerifyInit_ex(0xaaab0c777750, 0xffffe69a8188, 0, 0) = 1 <0.000114>
[pid 275] 14:57:42.170483 libssl.so.3->EVP_DigestVerify(0xaaab0c777750, 0xaaab0c853e68, 2420, 0xffffe69a8190) = 1 <0.000244>
[pid 275] 14:57:42.170937 libssl.so.3->X509_verify_cert(0xaaab0c848f50, 1, 0, 0) = 1 <0.000224>
[pid 275] 14:57:42.171340 libssl.so.3->EVP_DigestSignInit_ex(0xaaab0c871d30, 0xffffe69a8170, 0, 0) = 1 <0.000121>
[pid 275] 14:57:42.171505 libssl.so.3->EVP_DigestSign(0xaaab0c871d30, 0, 0xffffe69a8180, 0xffffe69a8190) = 1 <0.000124>
[pid 275] 14:57:42.171672 libssl.so.3->EVP_DigestSign(0xaaab0c871d30, 0xaaab0c852d00, 0xffffe69a8180, 0xffffe69a8190) = 1 <0.000441>
[pid 275] 14:57:42.172395 <... SSL_connect resumed> ) = 1 <0.006212>
[pid 275] 14:57:42.172632 oqsprovider.so->OQS_KEM_free(0xaaab0c8509d0, 1, 7, 0xaaab0c75a010) = 0xaaab0c75a030 <0.000127>
Handshake duration: 6.37 ms
[pid 275] 14:57:42.173958 +++ exited (status 0) +++
Execution 39 - TLS Mutual
s_connection: verify depth is 1
[pid 277] 14:57:42.201557 openssl->SSL_connect(0xaaaad3b41070, 0xaaaad3b1c998, 0xffffa43f40e0, 0 <unfinished ...>
[pid 277] 14:57:42.201902 libssl.so.3->EVP_PKEY_keygen_init(0xaaaad3b49bf0, 0, 0, 0xaaaad3b49c60) = 1 <0.000121>
[pid 277] 14:57:42.202114 libssl.so.3->EVP_PKEY_keygen(0xaaaad3b49bf0, 0xffffdacaee50, 0, 0 <unfinished ...>
[pid 277] 14:57:42.202255 oqsprovider.so->OQS_KEM_new(0xaaaad3b47f90, 0xaaaad3b48990, 912, 0) = 0xaaaad3b489d0 <0.000104>
[pid 277] 14:57:42.202453 oqsprovider.so->OQS_KEM_keypair(0xaaaad3b489d0, 0xaaaad3b3b990, 0xaaaad3b43700, 0xaaaad3b43d00) = 0 <0.000244>
[pid 277] 14:57:42.202763 <... EVP_PKEY_keygen resumed> ) = 1 <0.000641>
[pid 277] 14:57:42.203939 libssl.so.3->EVP_PKEY_decapsulate_init(0xaaaad3b49bf0, 0, 0, 0xaaaad3b49c60) = 1 <0.000198>
[pid 277] 14:57:42.204187 libssl.so.3->EVP_PKEY_decapsulate(0xaaaad3b49bf0, 0, 0xffffdacaedd0, 0xaaaad3b4beba) = 1 <0.000097>
[pid 277] 14:57:42.204340 libssl.so.3->EVP_PKEY_decapsulate(0xaaaad3b49bf0, 0xaaaad3b48630, 0xffffdacaedd0, 0xaaaad3b4beba <unfinished ...>
[pid 277] 14:57:42.204450 oqsprovider.so->OQS_KEM_decaps(0xaaaad3b489d0, 0xaaaad3b48630, 0xaaaad3b4beba, 0xaaaad3b43700) = 0 <0.000130>
[pid 277] 14:57:42.204644 <... EVP_PKEY_decapsulate resumed> ) = 1 <0.000296>
[pid 277] 14:57:42.205307 libssl.so.3->X509_verify_cert(0xaaaad3b40f50, 0, 0, 0xffffffff) = 1 <0.000282>
[pid 277] 14:57:42.205791 libssl.so.3->EVP_DigestVerifyInit_ex(0xaaaad3a6f750, 0xffffdacaeed8, 0, 0) = 1 <0.000137>
[pid 277] 14:57:42.205998 libssl.so.3->EVP_DigestVerify(0xaaaad3a6f750, 0xaaaad3b4be68, 2420, 0xffffdacaeee0) = 1 <0.000188>
[pid 277] 14:57:42.206411 libssl.so.3->X509_verify_cert(0xaaaad3b40f50, 1, 0, 0) = 1 <0.000199>
[pid 277] 14:57:42.206774 libssl.so.3->EVP_DigestSignInit_ex(0xaaaad3b69d30, 0xffffdacaeec0, 0, 0) = 1 <0.000165>
[pid 277] 14:57:42.206991 libssl.so.3->EVP_DigestSign(0xaaaad3b69d30, 0, 0xffffdacaeed0, 0xffffdacaeee0) = 1 <0.000192>
[pid 277] 14:57:42.207237 libssl.so.3->EVP_DigestSign(0xaaaad3b69d30, 0xaaaad3b4ad00, 0xffffdacaeed0, 0xffffdacaeee0) = 1 <0.000577>
[pid 277] 14:57:42.208032 <... SSL_connect resumed> ) = 1 <0.006469>
[pid 277] 14:57:42.208331 oqsprovider.so->OQS_KEM_free(0xaaaad3b489d0, 1, 7, 0xaaaad3a52010) = 0xaaaad3a52030 <0.000096>
Handshake duration: 6.71 ms
[pid 277] 14:57:42.209643 +++ exited (status 0) +++
Execution 40 - TLS Mutual
s_connection: verify depth is 1
[pid 279] 14:57:42.237051 openssl->SSL_connect(0xaaaad6b83070, 0xaaaad6b5e998, 0xffff957840e0, 0 <unfinished ...>
[pid 279] 14:57:42.237381 libssl.so.3->EVP_PKEY_keygen_init(0xaaaad6b8bbf0, 0, 0, 0xaaaad6b8bc60) = 1 <0.000139>
[pid 279] 14:57:42.237608 libssl.so.3->EVP_PKEY_keygen(0xaaaad6b8bbf0, 0xffffe2e5d7d0, 0, 0 <unfinished ...>
[pid 279] 14:57:42.237756 oqsprovider.so->OQS_KEM_new(0xaaaad6b89f90, 0xaaaad6b8a990, 912, 0) = 0xaaaad6b8a9d0 <0.000136>
[pid 279] 14:57:42.237953 oqsprovider.so->OQS_KEM_keypair(0xaaaad6b8a9d0, 0xaaaad6b7d990, 0xaaaad6b85700, 0xaaaad6b85d00) = 0 <0.000329>
[pid 279] 14:57:42.238338 <... EVP_PKEY_keygen resumed> ) = 1 <0.000735>
[pid 279] 14:57:42.239567 libssl.so.3->EVP_PKEY_decapsulate_init(0xaaaad6b8bbf0, 0, 0, 0xaaaad6b8bc60) = 1 <0.000144>
[pid 279] 14:57:42.239767 libssl.so.3->EVP_PKEY_decapsulate(0xaaaad6b8bbf0, 0, 0xffffe2e5d750, 0xaaaad6b8deba) = 1 <0.000131>
[pid 279] 14:57:42.239952 libssl.so.3->EVP_PKEY_decapsulate(0xaaaad6b8bbf0, 0xaaaad6b8a630, 0xffffe2e5d750, 0xaaaad6b8deba <unfinished ...>
[pid 279] 14:57:42.240060 oqsprovider.so->OQS_KEM_decaps(0xaaaad6b8a9d0, 0xaaaad6b8a630, 0xaaaad6b8deba, 0xaaaad6b85700) = 0 <0.000165>
[pid 279] 14:57:42.240280 <... EVP_PKEY_decapsulate resumed> ) = 1 <0.000313>
[pid 279] 14:57:42.240926 libssl.so.3->X509_verify_cert(0xaaaad6b82f50, 0, 0, 0xffffffff) = 1 <0.000279>
[pid 279] 14:57:42.241439 libssl.so.3->EVP_DigestVerifyInit_ex(0xaaaad6ab1750, 0xffffe2e5d858, 0, 0) = 1 <0.000133>
[pid 279] 14:57:42.241626 libssl.so.3->EVP_DigestVerify(0xaaaad6ab1750, 0xaaaad6b8de68, 2420, 0xffffe2e5d860) = 1 <0.000197>
[pid 279] 14:57:42.242047 libssl.so.3->X509_verify_cert(0xaaaad6b82f50, 1, 0, 0) = 1 <0.000180>
[pid 279] 14:57:42.242406 libssl.so.3->EVP_DigestSignInit_ex(0xaaaad6babd30, 0xffffe2e5d840, 0, 0) = 1 <0.000122>
[pid 279] 14:57:42.242588 libssl.so.3->EVP_DigestSign(0xaaaad6babd30, 0, 0xffffe2e5d850, 0xffffe2e5d860) = 1 <0.000102>
[pid 279] 14:57:42.242731 libssl.so.3->EVP_DigestSign(0xaaaad6babd30, 0xaaaad6b8cd00, 0xffffe2e5d850, 0xffffe2e5d860) = 1 <0.000342>
[pid 279] 14:57:42.243345 <... SSL_connect resumed> ) = 1 <0.006300>
[pid 279] 14:57:42.243643 oqsprovider.so->OQS_KEM_free(0xaaaad6b8a9d0, 1, 7, 0xaaaad6a94010) = 0xaaaad6a94030 <0.000120>
Handshake duration: 6.51 ms
[pid 279] 14:57:42.244915 +++ exited (status 0) +++
Execution 41 - TLS Mutual
s_connection: verify depth is 1
[pid 281] 14:57:42.272165 openssl->SSL_connect(0xaaaac3007070, 0xaaaac2fe2998, 0xffff9e5640e0, 0 <unfinished ...>
[pid 281] 14:57:42.272489 libssl.so.3->EVP_PKEY_keygen_init(0xaaaac300fbf0, 0, 0, 0xaaaac300fc60) = 1 <0.000118>
[pid 281] 14:57:42.272682 libssl.so.3->EVP_PKEY_keygen(0xaaaac300fbf0, 0xfffff92a9720, 0, 0 <unfinished ...>
[pid 281] 14:57:42.272819 oqsprovider.so->OQS_KEM_new(0xaaaac300df90, 0xaaaac300e990, 912, 0) = 0xaaaac300e9d0 <0.000123>
[pid 281] 14:57:42.273017 oqsprovider.so->OQS_KEM_keypair(0xaaaac300e9d0, 0xaaaac3001990, 0xaaaac3009700, 0xaaaac3009d00) = 0 <0.000289>
[pid 281] 14:57:42.273368 <... EVP_PKEY_keygen resumed> ) = 1 <0.000678>
[pid 281] 14:57:42.274613 libssl.so.3->EVP_PKEY_decapsulate_init(0xaaaac300fbf0, 0, 0, 0xaaaac300fc60) = 1 <0.000155>
[pid 281] 14:57:42.274843 libssl.so.3->EVP_PKEY_decapsulate(0xaaaac300fbf0, 0, 0xfffff92a96a0, 0xaaaac3011eba) = 1 <0.000140>
[pid 281] 14:57:42.275074 libssl.so.3->EVP_PKEY_decapsulate(0xaaaac300fbf0, 0xaaaac300e630, 0xfffff92a96a0, 0xaaaac3011eba <unfinished ...>
[pid 281] 14:57:42.275218 oqsprovider.so->OQS_KEM_decaps(0xaaaac300e9d0, 0xaaaac300e630, 0xaaaac3011eba, 0xaaaac3009700) = 0 <0.000134>
[pid 281] 14:57:42.275404 <... EVP_PKEY_decapsulate resumed> ) = 1 <0.000326>
[pid 281] 14:57:42.276059 libssl.so.3->X509_verify_cert(0xaaaac3006f50, 0, 0, 0xffffffff) = 1 <0.000291>
[pid 281] 14:57:42.276585 libssl.so.3->EVP_DigestVerifyInit_ex(0xaaaac2f35750, 0xfffff92a97a8, 0, 0) = 1 <0.000117>
[pid 281] 14:57:42.276775 libssl.so.3->EVP_DigestVerify(0xaaaac2f35750, 0xaaaac3011e68, 2420, 0xfffff92a97b0) = 1 <0.000245>
[pid 281] 14:57:42.277226 libssl.so.3->X509_verify_cert(0xaaaac3006f50, 1, 0, 0) = 1 <0.000192>
[pid 281] 14:57:42.277579 libssl.so.3->EVP_DigestSignInit_ex(0xaaaac302fd30, 0xfffff92a9790, 0, 0) = 1 <0.000097>
[pid 281] 14:57:42.277731 libssl.so.3->EVP_DigestSign(0xaaaac302fd30, 0, 0xfffff92a97a0, 0xfffff92a97b0) = 1 <0.000092>
[pid 281] 14:57:42.277876 libssl.so.3->EVP_DigestSign(0xaaaac302fd30, 0xaaaac3010d00, 0xfffff92a97a0, 0xfffff92a97b0) = 1 <0.000483>
[pid 281] 14:57:42.278617 <... SSL_connect resumed> ) = 1 <0.006443>
[pid 281] 14:57:42.278817 oqsprovider.so->OQS_KEM_free(0xaaaac300e9d0, 1, 7, 0xaaaac2f18010) = 0xaaaac2f18030 <0.000139>
Handshake duration: 6.59 ms
[pid 281] 14:57:42.280241 +++ exited (status 0) +++
Execution 42 - TLS Mutual
s_connection: verify depth is 1
[pid 283] 14:57:42.307685 openssl->SSL_connect(0xaaaad903a070, 0xaaaad9015998, 0xffffb86640e0, 0 <unfinished ...>
[pid 283] 14:57:42.308000 libssl.so.3->EVP_PKEY_keygen_init(0xaaaad9042bf0, 0, 0, 0xaaaad9042c60) = 1 <0.000155>
[pid 283] 14:57:42.308298 libssl.so.3->EVP_PKEY_keygen(0xaaaad9042bf0, 0xfffff3ccc9f0, 0, 0 <unfinished ...>
[pid 283] 14:57:42.308418 oqsprovider.so->OQS_KEM_new(0xaaaad9040f90, 0xaaaad9041990, 912, 0) = 0xaaaad90419d0 <0.000130>
[pid 283] 14:57:42.308650 oqsprovider.so->OQS_KEM_keypair(0xaaaad90419d0, 0xaaaad9034990, 0xaaaad903c700, 0xaaaad903cd00) = 0 <0.000349>
[pid 283] 14:57:42.309057 <... EVP_PKEY_keygen resumed> ) = 1 <0.000757>
[pid 283] 14:57:42.310259 libssl.so.3->EVP_PKEY_decapsulate_init(0xaaaad9042bf0, 0, 0, 0xaaaad9042c60) = 1 <0.000149>
[pid 283] 14:57:42.310453 libssl.so.3->EVP_PKEY_decapsulate(0xaaaad9042bf0, 0, 0xfffff3ccc970, 0xaaaad9044eba) = 1 <0.000127>
[pid 283] 14:57:42.310656 libssl.so.3->EVP_PKEY_decapsulate(0xaaaad9042bf0, 0xaaaad9041630, 0xfffff3ccc970, 0xaaaad9044eba <unfinished ...>
[pid 283] 14:57:42.310797 oqsprovider.so->OQS_KEM_decaps(0xaaaad90419d0, 0xaaaad9041630, 0xaaaad9044eba, 0xaaaad903c700) = 0 <0.000151>
[pid 283] 14:57:42.311013 <... EVP_PKEY_decapsulate resumed> ) = 1 <0.000353>
[pid 283] 14:57:42.311700 libssl.so.3->X509_verify_cert(0xaaaad9039f50, 0, 0, 0xffffffff) = 1 <0.000284>
[pid 283] 14:57:42.312230 libssl.so.3->EVP_DigestVerifyInit_ex(0xaaaad8f68750, 0xfffff3ccca78, 0, 0) = 1 <0.000108>
[pid 283] 14:57:42.312402 libssl.so.3->EVP_DigestVerify(0xaaaad8f68750, 0xaaaad9044e68, 2420, 0xfffff3ccca80) = 1 <0.000190>
[pid 283] 14:57:42.312820 libssl.so.3->X509_verify_cert(0xaaaad9039f50, 1, 0, 0) = 1 <0.000189>
[pid 283] 14:57:42.313196 libssl.so.3->EVP_DigestSignInit_ex(0xaaaad9062d30, 0xfffff3ccca60, 0, 0) = 1 <0.000113>
[pid 283] 14:57:42.313365 libssl.so.3->EVP_DigestSign(0xaaaad9062d30, 0, 0xfffff3ccca70, 0xfffff3ccca80) = 1 <0.000139>
[pid 283] 14:57:42.313575 libssl.so.3->EVP_DigestSign(0xaaaad9062d30, 0xaaaad9043d00, 0xfffff3ccca70, 0xfffff3ccca80) = 1 <0.000757>
[pid 283] 14:57:42.314584 <... SSL_connect resumed> ) = 1 <0.006896>
[pid 283] 14:57:42.314850 oqsprovider.so->OQS_KEM_free(0xaaaad90419d0, 1, 7, 0xaaaad8f4b010) = 0xaaaad8f4b030 <0.000114>
Handshake duration: 7.11 ms
[pid 283] 14:57:42.316140 +++ exited (status 0) +++
Execution 43 - TLS Mutual
s_connection: verify depth is 1
[pid 285] 14:57:42.344069 openssl->SSL_connect(0xaaaad8f61070, 0xaaaad8f3c998, 0xffff846640e0, 0 <unfinished ...>
[pid 285] 14:57:42.344413 libssl.so.3->EVP_PKEY_keygen_init(0xaaaad8f69bf0, 0, 0, 0xaaaad8f69c60) = 1 <0.000128>
[pid 285] 14:57:42.344611 libssl.so.3->EVP_PKEY_keygen(0xaaaad8f69bf0, 0xffffe82db7e0, 0, 0 <unfinished ...>
[pid 285] 14:57:42.344789 oqsprovider.so->OQS_KEM_new(0xaaaad8f67f90, 0xaaaad8f68990, 912, 0) = 0xaaaad8f689d0 <0.000189>
[pid 285] 14:57:42.345032 oqsprovider.so->OQS_KEM_keypair(0xaaaad8f689d0, 0xaaaad8f5b990, 0xaaaad8f63700, 0xaaaad8f63d00) = 0 <0.000267>
[pid 285] 14:57:42.345357 <... EVP_PKEY_keygen resumed> ) = 1 <0.000740>
[pid 285] 14:57:42.346552 libssl.so.3->EVP_PKEY_decapsulate_init(0xaaaad8f69bf0, 0, 0, 0xaaaad8f69c60) = 1 <0.000142>
[pid 285] 14:57:42.346751 libssl.so.3->EVP_PKEY_decapsulate(0xaaaad8f69bf0, 0, 0xffffe82db760, 0xaaaad8f6beba) = 1 <0.000102>
[pid 285] 14:57:42.346899 libssl.so.3->EVP_PKEY_decapsulate(0xaaaad8f69bf0, 0xaaaad8f68630, 0xffffe82db760, 0xaaaad8f6beba <unfinished ...>
[pid 285] 14:57:42.347116 oqsprovider.so->OQS_KEM_decaps(0xaaaad8f689d0, 0xaaaad8f68630, 0xaaaad8f6beba, 0xaaaad8f63700) = 0 <0.000115>
[pid 285] 14:57:42.347328 <... EVP_PKEY_decapsulate resumed> ) = 1 <0.000370>
[pid 285] 14:57:42.347998 libssl.so.3->X509_verify_cert(0xaaaad8f60f50, 0, 0, 0xffffffff) = 1 <0.000317>
[pid 285] 14:57:42.348541 libssl.so.3->EVP_DigestVerifyInit_ex(0xaaaad8e8f750, 0xffffe82db868, 0, 0) = 1 <0.000143>
[pid 285] 14:57:42.348734 libssl.so.3->EVP_DigestVerify(0xaaaad8e8f750, 0xaaaad8f6be68, 2420, 0xffffe82db870) = 1 <0.000208>
[pid 285] 14:57:42.349158 libssl.so.3->X509_verify_cert(0xaaaad8f60f50, 1, 0, 0) = 1 <0.000198>
[pid 285] 14:57:42.349513 libssl.so.3->EVP_DigestSignInit_ex(0xaaaad8f89d30, 0xffffe82db850, 0, 0) = 1 <0.000113>
[pid 285] 14:57:42.349684 libssl.so.3->EVP_DigestSign(0xaaaad8f89d30, 0, 0xffffe82db860, 0xffffe82db870) = 1 <0.000147>
[pid 285] 14:57:42.349901 libssl.so.3->EVP_DigestSign(0xaaaad8f89d30, 0xaaaad8f6ad00, 0xffffe82db860, 0xffffe82db870) = 1 <0.000421>
[pid 285] 14:57:42.350590 <... SSL_connect resumed> ) = 1 <0.006517>
[pid 285] 14:57:42.350831 oqsprovider.so->OQS_KEM_free(0xaaaad8f689d0, 1, 7, 0xaaaad8e72010) = 0xaaaad8e72030 <0.000100>
Handshake duration: 6.68 ms
[pid 285] 14:57:42.352163 +++ exited (status 0) +++
Execution 44 - TLS Mutual
s_connection: verify depth is 1
[pid 287] 14:57:42.379721 openssl->SSL_connect(0xaaaabc10e070, 0xaaaabc0e9998, 0xffffb5c140e0, 0 <unfinished ...>
[pid 287] 14:57:42.380064 libssl.so.3->EVP_PKEY_keygen_init(0xaaaabc116bf0, 0, 0, 0xaaaabc116c60) = 1 <0.000127>
[pid 287] 14:57:42.380249 libssl.so.3->EVP_PKEY_keygen(0xaaaabc116bf0, 0xfffff73714f0, 0, 0 <unfinished ...>
[pid 287] 14:57:42.380351 oqsprovider.so->OQS_KEM_new(0xaaaabc114f90, 0xaaaabc115990, 912, 0) = 0xaaaabc1159d0 <0.000122>
[pid 287] 14:57:42.380539 oqsprovider.so->OQS_KEM_keypair(0xaaaabc1159d0, 0xaaaabc108990, 0xaaaabc110700, 0xaaaabc110d00) = 0 <0.000278>
[pid 287] 14:57:42.380874 <... EVP_PKEY_keygen resumed> ) = 1 <0.000620>
[pid 287] 14:57:42.382168 libssl.so.3->EVP_PKEY_decapsulate_init(0xaaaabc116bf0, 0, 0, 0xaaaabc116c60) = 1 <0.000146>
[pid 287] 14:57:42.382403 libssl.so.3->EVP_PKEY_decapsulate(0xaaaabc116bf0, 0, 0xfffff7371470, 0xaaaabc118eba) = 1 <0.000177>
[pid 287] 14:57:42.382628 libssl.so.3->EVP_PKEY_decapsulate(0xaaaabc116bf0, 0xaaaabc115630, 0xfffff7371470, 0xaaaabc118eba <unfinished ...>
[pid 287] 14:57:42.382776 oqsprovider.so->OQS_KEM_decaps(0xaaaabc1159d0, 0xaaaabc115630, 0xaaaabc118eba, 0xaaaabc110700) = 0 <0.000183>
[pid 287] 14:57:42.383014 <... EVP_PKEY_decapsulate resumed> ) = 1 <0.000384>
[pid 287] 14:57:42.383773 libssl.so.3->X509_verify_cert(0xaaaabc10df50, 0, 0, 0xffffffff) = 1 <0.000292>
[pid 287] 14:57:42.384287 libssl.so.3->EVP_DigestVerifyInit_ex(0xaaaabc03c750, 0xfffff7371578, 0, 0) = 1 <0.000137>
[pid 287] 14:57:42.384483 libssl.so.3->EVP_DigestVerify(0xaaaabc03c750, 0xaaaabc118e68, 2420, 0xfffff7371580) = 1 <0.000219>
[pid 287] 14:57:42.384927 libssl.so.3->X509_verify_cert(0xaaaabc10df50, 1, 0, 0) = 1 <0.000203>
[pid 287] 14:57:42.385307 libssl.so.3->EVP_DigestSignInit_ex(0xaaaabc136d30, 0xfffff7371560, 0, 0) = 1 <0.000135>
[pid 287] 14:57:42.385523 libssl.so.3->EVP_DigestSign(0xaaaabc136d30, 0, 0xfffff7371570, 0xfffff7371580) = 1 <0.000164>
[pid 287] 14:57:42.385745 libssl.so.3->EVP_DigestSign(0xaaaabc136d30, 0xaaaabc117d00, 0xfffff7371570, 0xfffff7371580) = 1 <0.000385>
[pid 287] 14:57:42.386379 <... SSL_connect resumed> ) = 1 <0.006652>
[pid 287] 14:57:42.386632 oqsprovider.so->OQS_KEM_free(0xaaaabc1159d0, 1, 7, 0xaaaabc01f010) = 0xaaaabc01f030 <0.000144>
Handshake duration: 6.81 ms
[pid 287] 14:57:42.387954 +++ exited (status 0) +++
Execution 45 - TLS Mutual
s_connection: verify depth is 1
[pid 289] 14:57:42.415354 openssl->SSL_connect(0xaaaae4378070, 0xaaaae4353998, 0xffffa23b40e0, 0 <unfinished ...>
[pid 289] 14:57:42.415672 libssl.so.3->EVP_PKEY_keygen_init(0xaaaae4380bf0, 0, 0, 0xaaaae4380c60) = 1 <0.000120>
[pid 289] 14:57:42.415882 libssl.so.3->EVP_PKEY_keygen(0xaaaae4380bf0, 0xffffca681f90, 0, 0 <unfinished ...>
[pid 289] 14:57:42.416054 oqsprovider.so->OQS_KEM_new(0xaaaae437ef90, 0xaaaae437f990, 912, 0) = 0xaaaae437f9d0 <0.000146>
[pid 289] 14:57:42.416267 oqsprovider.so->OQS_KEM_keypair(0xaaaae437f9d0, 0xaaaae4372990, 0xaaaae437a700, 0xaaaae437ad00) = 0 <0.000355>
[pid 289] 14:57:42.416685 <... EVP_PKEY_keygen resumed> ) = 1 <0.000813>
[pid 289] 14:57:42.417898 libssl.so.3->EVP_PKEY_decapsulate_init(0xaaaae4380bf0, 0, 0, 0xaaaae4380c60) = 1 <0.000198>
[pid 289] 14:57:42.418182 libssl.so.3->EVP_PKEY_decapsulate(0xaaaae4380bf0, 0, 0xffffca681f10, 0xaaaae4382eba) = 1 <0.000178>
[pid 289] 14:57:42.418410 libssl.so.3->EVP_PKEY_decapsulate(0xaaaae4380bf0, 0xaaaae437f630, 0xffffca681f10, 0xaaaae4382eba <unfinished ...>
[pid 289] 14:57:42.418582 oqsprovider.so->OQS_KEM_decaps(0xaaaae437f9d0, 0xaaaae437f630, 0xaaaae4382eba, 0xaaaae437a700) = 0 <0.000139>
[pid 289] 14:57:42.418764 <... EVP_PKEY_decapsulate resumed> ) = 1 <0.000345>
[pid 289] 14:57:42.419436 libssl.so.3->X509_verify_cert(0xaaaae4377f50, 0, 0, 0xffffffff) = 1 <0.000275>
[pid 289] 14:57:42.419941 libssl.so.3->EVP_DigestVerifyInit_ex(0xaaaae42a6750, 0xffffca682018, 0, 0) = 1 <0.000161>
[pid 289] 14:57:42.420156 libssl.so.3->EVP_DigestVerify(0xaaaae42a6750, 0xaaaae4382e68, 2420, 0xffffca682020) = 1 <0.000202>
[pid 289] 14:57:42.420584 libssl.so.3->X509_verify_cert(0xaaaae4377f50, 1, 0, 0) = 1 <0.000201>
[pid 289] 14:57:42.420942 libssl.so.3->EVP_DigestSignInit_ex(0xaaaae43a0d30, 0xffffca682000, 0, 0) = 1 <0.000121>
[pid 289] 14:57:42.421149 libssl.so.3->EVP_DigestSign(0xaaaae43a0d30, 0, 0xffffca682010, 0xffffca682020) = 1 <0.000136>
[pid 289] 14:57:42.421319 libssl.so.3->EVP_DigestSign(0xaaaae43a0d30, 0xaaaae4381d00, 0xffffca682010, 0xffffca682020) = 1 <0.000307>
[pid 289] 14:57:42.421871 <... SSL_connect resumed> ) = 1 <0.006512>
[pid 289] 14:57:42.422109 oqsprovider.so->OQS_KEM_free(0xaaaae437f9d0, 1, 7, 0xaaaae4289010) = 0xaaaae4289030 <0.000126>
Handshake duration: 6.66 ms
[pid 289] 14:57:42.423361 +++ exited (status 0) +++
Execution 46 - TLS Mutual
s_connection: verify depth is 1
[pid 291] 14:57:42.450646 openssl->SSL_connect(0xaaaaec938070, 0xaaaaec913998, 0xffff847340e0, 0 <unfinished ...>
[pid 291] 14:57:42.450999 libssl.so.3->EVP_PKEY_keygen_init(0xaaaaec940bf0, 0, 0, 0xaaaaec940c60) = 1 <0.000092>
[pid 291] 14:57:42.451147 libssl.so.3->EVP_PKEY_keygen(0xaaaaec940bf0, 0xffffddad54a0, 0, 0 <unfinished ...>
[pid 291] 14:57:42.451257 oqsprovider.so->OQS_KEM_new(0xaaaaec93ef90, 0xaaaaec93f990, 912, 0) = 0xaaaaec93f9d0 <0.000109>
[pid 291] 14:57:42.451415 oqsprovider.so->OQS_KEM_keypair(0xaaaaec93f9d0, 0xaaaaec932990, 0xaaaaec93a700, 0xaaaaec93ad00) = 0 <0.000258>
[pid 291] 14:57:42.451731 <... EVP_PKEY_keygen resumed> ) = 1 <0.000578>
[pid 291] 14:57:42.452922 libssl.so.3->EVP_PKEY_decapsulate_init(0xaaaaec940bf0, 0, 0, 0xaaaaec940c60) = 1 <0.000157>
[pid 291] 14:57:42.453127 libssl.so.3->EVP_PKEY_decapsulate(0xaaaaec940bf0, 0, 0xffffddad5420, 0xaaaaec942eba) = 1 <0.000165>
[pid 291] 14:57:42.453352 libssl.so.3->EVP_PKEY_decapsulate(0xaaaaec940bf0, 0xaaaaec93f630, 0xffffddad5420, 0xaaaaec942eba <unfinished ...>
[pid 291] 14:57:42.453552 oqsprovider.so->OQS_KEM_decaps(0xaaaaec93f9d0, 0xaaaaec93f630, 0xaaaaec942eba, 0xaaaaec93a700) = 0 <0.000184>
[pid 291] 14:57:42.453757 <... EVP_PKEY_decapsulate resumed> ) = 1 <0.000398>
[pid 291] 14:57:42.454417 libssl.so.3->X509_verify_cert(0xaaaaec937f50, 0, 0, 0xffffffff) = 1 <0.000325>
[pid 291] 14:57:42.454964 libssl.so.3->EVP_DigestVerifyInit_ex(0xaaaaec866750, 0xffffddad5528, 0, 0) = 1 <0.000143>
[pid 291] 14:57:42.455159 libssl.so.3->EVP_DigestVerify(0xaaaaec866750, 0xaaaaec942e68, 2420, 0xffffddad5530) = 1 <0.000197>
[pid 291] 14:57:42.455556 libssl.so.3->X509_verify_cert(0xaaaaec937f50, 1, 0, 0) = 1 <0.000196>
[pid 291] 14:57:42.455928 libssl.so.3->EVP_DigestSignInit_ex(0xaaaaec960d30, 0xffffddad5510, 0, 0) = 1 <0.000124>
[pid 291] 14:57:42.456109 libssl.so.3->EVP_DigestSign(0xaaaaec960d30, 0, 0xffffddad5520, 0xffffddad5530) = 1 <0.000092>
[pid 291] 14:57:42.456323 libssl.so.3->EVP_DigestSign(0xaaaaec960d30, 0xaaaaec941d00, 0xffffddad5520, 0xffffddad5530) = 1 <0.000500>
[pid 291] 14:57:42.456999 <... SSL_connect resumed> ) = 1 <0.006349>
[pid 291] 14:57:42.457212 oqsprovider.so->OQS_KEM_free(0xaaaaec93f9d0, 1, 7, 0xaaaaec849010) = 0xaaaaec849030 <0.000114>
Handshake duration: 6.49 ms
[pid 291] 14:57:42.458543 +++ exited (status 0) +++
Execution 47 - TLS Mutual
s_connection: verify depth is 1
[pid 293] 14:57:42.486129 openssl->SSL_connect(0xaaaaf0d44070, 0xaaaaf0d1f998, 0xffffb2c240e0, 0 <unfinished ...>
[pid 293] 14:57:42.486434 libssl.so.3->EVP_PKEY_keygen_init(0xaaaaf0d4cbf0, 0, 0, 0xaaaaf0d4cc60) = 1 <0.000128>
[pid 293] 14:57:42.486616 libssl.so.3->EVP_PKEY_keygen(0xaaaaf0d4cbf0, 0xfffff6a729a0, 0, 0 <unfinished ...>
[pid 293] 14:57:42.486702 oqsprovider.so->OQS_KEM_new(0xaaaaf0d4af90, 0xaaaaf0d4b990, 912, 0) = 0xaaaaf0d4b9d0 <0.000106>
[pid 293] 14:57:42.486880 oqsprovider.so->OQS_KEM_keypair(0xaaaaf0d4b9d0, 0xaaaaf0d3e990, 0xaaaaf0d46700, 0xaaaaf0d46d00) = 0 <0.000270>
[pid 293] 14:57:42.487212 <... EVP_PKEY_keygen resumed> ) = 1 <0.000587>
[pid 293] 14:57:42.488399 libssl.so.3->EVP_PKEY_decapsulate_init(0xaaaaf0d4cbf0, 0, 0, 0xaaaaf0d4cc60) = 1 <0.000150>
[pid 293] 14:57:42.488627 libssl.so.3->EVP_PKEY_decapsulate(0xaaaaf0d4cbf0, 0, 0xfffff6a72920, 0xaaaaf0d4eeba) = 1 <0.000142>
[pid 293] 14:57:42.488819 libssl.so.3->EVP_PKEY_decapsulate(0xaaaaf0d4cbf0, 0xaaaaf0d4b630, 0xfffff6a72920, 0xaaaaf0d4eeba <unfinished ...>
[pid 293] 14:57:42.488916 oqsprovider.so->OQS_KEM_decaps(0xaaaaf0d4b9d0, 0xaaaaf0d4b630, 0xaaaaf0d4eeba, 0xaaaaf0d46700) = 0 <0.000129>
[pid 293] 14:57:42.489133 <... EVP_PKEY_decapsulate resumed> ) = 1 <0.000308>
[pid 293] 14:57:42.489795 libssl.so.3->X509_verify_cert(0xaaaaf0d43f50, 0, 0, 0xffffffff) = 1 <0.000305>
[pid 293] 14:57:42.490360 libssl.so.3->EVP_DigestVerifyInit_ex(0xaaaaf0c72750, 0xfffff6a72a28, 0, 0) = 1 <0.000114>
[pid 293] 14:57:42.490524 libssl.so.3->EVP_DigestVerify(0xaaaaf0c72750, 0xaaaaf0d4ee68, 2420, 0xfffff6a72a30) = 1 <0.000176>
[pid 293] 14:57:42.490901 libssl.so.3->X509_verify_cert(0xaaaaf0d43f50, 1, 0, 0) = 1 <0.000209>
[pid 293] 14:57:42.491293 libssl.so.3->EVP_DigestSignInit_ex(0xaaaaf0d6cd30, 0xfffff6a72a10, 0, 0) = 1 <0.000099>
[pid 293] 14:57:42.491432 libssl.so.3->EVP_DigestSign(0xaaaaf0d6cd30, 0, 0xfffff6a72a20, 0xfffff6a72a30) = 1 <0.000113>
[pid 293] 14:57:42.491585 libssl.so.3->EVP_DigestSign(0xaaaaf0d6cd30, 0xaaaaf0d4dd00, 0xfffff6a72a20, 0xfffff6a72a30) = 1 <0.000362>
[pid 293] 14:57:42.492241 <... SSL_connect resumed> ) = 1 <0.006108>
[pid 293] 14:57:42.492485 oqsprovider.so->OQS_KEM_free(0xaaaaf0d4b9d0, 1, 7, 0xaaaaf0c55010) = 0xaaaaf0c55030 <0.000117>
Handshake duration: 6.28 ms
[pid 293] 14:57:42.493813 +++ exited (status 0) +++
Execution 48 - TLS Mutual
s_connection: verify depth is 1
[pid 295] 14:57:42.521511 openssl->SSL_connect(0xaaaaedbe8070, 0xaaaaedbc3998, 0xffffb2ef40e0, 0 <unfinished ...>
[pid 295] 14:57:42.521846 libssl.so.3->EVP_PKEY_keygen_init(0xaaaaedbf0bf0, 0, 0, 0xaaaaedbf0c60) = 1 <0.000129>
[pid 295] 14:57:42.522019 libssl.so.3->EVP_PKEY_keygen(0xaaaaedbf0bf0, 0xffffe4298d10, 0, 0 <unfinished ...>
[pid 295] 14:57:42.522175 oqsprovider.so->OQS_KEM_new(0xaaaaedbeef90, 0xaaaaedbef990, 912, 0) = 0xaaaaedbef9d0 <0.000131>
[pid 295] 14:57:42.522353 oqsprovider.so->OQS_KEM_keypair(0xaaaaedbef9d0, 0xaaaaedbe2990, 0xaaaaedbea700, 0xaaaaedbead00) = 0 <0.000254>
[pid 295] 14:57:42.522667 <... EVP_PKEY_keygen resumed> ) = 1 <0.000640>
[pid 295] 14:57:42.523831 libssl.so.3->EVP_PKEY_decapsulate_init(0xaaaaedbf0bf0, 0, 0, 0xaaaaedbf0c60) = 1 <0.000151>
[pid 295] 14:57:42.524050 libssl.so.3->EVP_PKEY_decapsulate(0xaaaaedbf0bf0, 0, 0xffffe4298c90, 0xaaaaedbf2eba) = 1 <0.000135>
[pid 295] 14:57:42.524228 libssl.so.3->EVP_PKEY_decapsulate(0xaaaaedbf0bf0, 0xaaaaedbef630, 0xffffe4298c90, 0xaaaaedbf2eba <unfinished ...>
[pid 295] 14:57:42.524327 oqsprovider.so->OQS_KEM_decaps(0xaaaaedbef9d0, 0xaaaaedbef630, 0xaaaaedbf2eba, 0xaaaaedbea700) = 0 <0.000144>
[pid 295] 14:57:42.524532 <... EVP_PKEY_decapsulate resumed> ) = 1 <0.000295>
[pid 295] 14:57:42.525207 libssl.so.3->X509_verify_cert(0xaaaaedbe7f50, 0, 0, 0xffffffff) = 1 <0.000298>
[pid 295] 14:57:42.525739 libssl.so.3->EVP_DigestVerifyInit_ex(0xaaaaedb16750, 0xffffe4298d98, 0, 0) = 1 <0.000111>
[pid 295] 14:57:42.525916 libssl.so.3->EVP_DigestVerify(0xaaaaedb16750, 0xaaaaedbf2e68, 2420, 0xffffe4298da0) = 1 <0.000187>
[pid 295] 14:57:42.526296 libssl.so.3->X509_verify_cert(0xaaaaedbe7f50, 1, 0, 0) = 1 <0.000206>
[pid 295] 14:57:42.526670 libssl.so.3->EVP_DigestSignInit_ex(0xaaaaedc10d30, 0xffffe4298d80, 0, 0) = 1 <0.000094>
[pid 295] 14:57:42.526812 libssl.so.3->EVP_DigestSign(0xaaaaedc10d30, 0, 0xffffe4298d90, 0xffffe4298da0) = 1 <0.000162>
[pid 295] 14:57:42.527018 libssl.so.3->EVP_DigestSign(0xaaaaedc10d30, 0xaaaaedbf1d00, 0xffffe4298d90, 0xffffe4298da0) = 1 <0.000452>
[pid 295] 14:57:42.527730 <... SSL_connect resumed> ) = 1 <0.006213>
[pid 295] 14:57:42.527969 oqsprovider.so->OQS_KEM_free(0xaaaaedbef9d0, 1, 7, 0xaaaaedaf9010) = 0xaaaaedaf9030 <0.000098>
Handshake duration: 6.38 ms
[pid 295] 14:57:42.529256 +++ exited (status 0) +++
Execution 49 - TLS Mutual
s_connection: verify depth is 1
[pid 297] 14:57:42.556824 openssl->SSL_connect(0xaaaacc538070, 0xaaaacc513998, 0xffff80c040e0, 0 <unfinished ...>
[pid 297] 14:57:42.557113 libssl.so.3->EVP_PKEY_keygen_init(0xaaaacc540bf0, 0, 0, 0xaaaacc540c60) = 1 <0.000122>
[pid 297] 14:57:42.557288 libssl.so.3->EVP_PKEY_keygen(0xaaaacc540bf0, 0xffffd616c7c0, 0, 0 <unfinished ...>
[pid 297] 14:57:42.557399 oqsprovider.so->OQS_KEM_new(0xaaaacc53ef90, 0xaaaacc53f990, 912, 0) = 0xaaaacc53f9d0 <0.000164>
[pid 297] 14:57:42.557623 oqsprovider.so->OQS_KEM_keypair(0xaaaacc53f9d0, 0xaaaacc532990, 0xaaaacc53a700, 0xaaaacc53ad00) = 0 <0.000341>
[pid 297] 14:57:42.558019 <... EVP_PKEY_keygen resumed> ) = 1 <0.000729>
[pid 297] 14:57:42.559210 libssl.so.3->EVP_PKEY_decapsulate_init(0xaaaacc540bf0, 0, 0, 0xaaaacc540c60) = 1 <0.000210>
[pid 297] 14:57:42.559464 libssl.so.3->EVP_PKEY_decapsulate(0xaaaacc540bf0, 0, 0xffffd616c740, 0xaaaacc542eba) = 1 <0.000161>
[pid 297] 14:57:42.559683 libssl.so.3->EVP_PKEY_decapsulate(0xaaaacc540bf0, 0xaaaacc53f630, 0xffffd616c740, 0xaaaacc542eba <unfinished ...>
[pid 297] 14:57:42.559875 oqsprovider.so->OQS_KEM_decaps(0xaaaacc53f9d0, 0xaaaacc53f630, 0xaaaacc542eba, 0xaaaacc53a700) = 0 <0.000258>
[pid 297] 14:57:42.560143 <... EVP_PKEY_decapsulate resumed> ) = 1 <0.000455>
[pid 297] 14:57:42.560852 libssl.so.3->X509_verify_cert(0xaaaacc537f50, 0, 0, 0xffffffff) = 1 <0.000320>
[pid 297] 14:57:42.561392 libssl.so.3->EVP_DigestVerifyInit_ex(0xaaaacc466750, 0xffffd616c848, 0, 0) = 1 <0.000107>
[pid 297] 14:57:42.561552 libssl.so.3->EVP_DigestVerify(0xaaaacc466750, 0xaaaacc542e68, 2420, 0xffffd616c850) = 1 <0.000168>
[pid 297] 14:57:42.561933 libssl.so.3->X509_verify_cert(0xaaaacc537f50, 1, 0, 0) = 1 <0.000202>
[pid 297] 14:57:42.562324 libssl.so.3->EVP_DigestSignInit_ex(0xaaaacc560d30, 0xffffd616c830, 0, 0) = 1 <0.000107>
[pid 297] 14:57:42.562497 libssl.so.3->EVP_DigestSign(0xaaaacc560d30, 0, 0xffffd616c840, 0xffffd616c850) = 1 <0.000105>
[pid 297] 14:57:42.562648 libssl.so.3->EVP_DigestSign(0xaaaacc560d30, 0xaaaacc541d00, 0xffffd616c840, 0xffffd616c850) = 1 <0.000333>
[pid 297] 14:57:42.563291 <... SSL_connect resumed> ) = 1 <0.006463>
[pid 297] 14:57:42.563480 oqsprovider.so->OQS_KEM_free(0xaaaacc53f9d0, 1, 7, 0xaaaacc449010) = 0xaaaacc449030 <0.000141>
Handshake duration: 6.60 ms
[pid 297] 14:57:42.564767 +++ exited (status 0) +++
Execution 50 - TLS Mutual
s_connection: verify depth is 1
[pid 299] 14:57:42.592220 openssl->SSL_connect(0xaaaaf8951070, 0xaaaaf892c998, 0xffffb62f40e0, 0 <unfinished ...>
[pid 299] 14:57:42.592540 libssl.so.3->EVP_PKEY_keygen_init(0xaaaaf8959bf0, 0, 0, 0xaaaaf8959c60) = 1 <0.000109>
[pid 299] 14:57:42.592695 libssl.so.3->EVP_PKEY_keygen(0xaaaaf8959bf0, 0xffffcaa5d000, 0, 0 <unfinished ...>
[pid 299] 14:57:42.592871 oqsprovider.so->OQS_KEM_new(0xaaaaf8957f90, 0xaaaaf8958990, 912, 0) = 0xaaaaf89589d0 <0.000106>
[pid 299] 14:57:42.593032 oqsprovider.so->OQS_KEM_keypair(0xaaaaf89589d0, 0xaaaaf894b990, 0xaaaaf8953700, 0xaaaaf8953d00) = 0 <0.000258>
[pid 299] 14:57:42.593354 <... EVP_PKEY_keygen resumed> ) = 1 <0.000647>
[pid 299] 14:57:42.594564 libssl.so.3->EVP_PKEY_decapsulate_init(0xaaaaf8959bf0, 0, 0, 0xaaaaf8959c60) = 1 <0.000132>
[pid 299] 14:57:42.594744 libssl.so.3->EVP_PKEY_decapsulate(0xaaaaf8959bf0, 0, 0xffffcaa5cf80, 0xaaaaf895beba) = 1 <0.000112>
[pid 299] 14:57:42.594961 libssl.so.3->EVP_PKEY_decapsulate(0xaaaaf8959bf0, 0xaaaaf8958630, 0xffffcaa5cf80, 0xaaaaf895beba <unfinished ...>
[pid 299] 14:57:42.595090 oqsprovider.so->OQS_KEM_decaps(0xaaaaf89589d0, 0xaaaaf8958630, 0xaaaaf895beba, 0xaaaaf8953700) = 0 <0.000140>
[pid 299] 14:57:42.595282 <... EVP_PKEY_decapsulate resumed> ) = 1 <0.000318>
[pid 299] 14:57:42.595964 libssl.so.3->X509_verify_cert(0xaaaaf8950f50, 0, 0, 0xffffffff) = 1 <0.000285>
[pid 299] 14:57:42.596452 libssl.so.3->EVP_DigestVerifyInit_ex(0xaaaaf887f750, 0xffffcaa5d088, 0, 0) = 1 <0.000099>
[pid 299] 14:57:42.596611 libssl.so.3->EVP_DigestVerify(0xaaaaf887f750, 0xaaaaf895be68, 2420, 0xffffcaa5d090) = 1 <0.000202>
[pid 299] 14:57:42.597057 libssl.so.3->X509_verify_cert(0xaaaaf8950f50, 1, 0, 0) = 1 <0.000164>
[pid 299] 14:57:42.597409 libssl.so.3->EVP_DigestSignInit_ex(0xaaaaf8979d30, 0xffffcaa5d070, 0, 0) = 1 <0.000136>
[pid 299] 14:57:42.597602 libssl.so.3->EVP_DigestSign(0xaaaaf8979d30, 0, 0xffffcaa5d080, 0xffffcaa5d090) = 1 <0.000098>
[pid 299] 14:57:42.597767 libssl.so.3->EVP_DigestSign(0xaaaaf8979d30, 0xaaaaf895ad00, 0xffffcaa5d080, 0xffffcaa5d090) = 1 <0.000524>
[pid 299] 14:57:42.598551 <... SSL_connect resumed> ) = 1 <0.006325>
[pid 299] 14:57:42.598818 oqsprovider.so->OQS_KEM_free(0xaaaaf89589d0, 1, 7, 0xaaaaf8862010) = 0xaaaaf8862030 <0.000119>
Handshake duration: 6.51 ms
[pid 299] 14:57:42.600147 +++ exited (status 0) +++
Execution 51 - TLS Mutual
s_connection: verify depth is 1
[pid 301] 14:57:42.627726 openssl->SSL_connect(0xaaaad42fe070, 0xaaaad42d9998, 0xffff90d140e0, 0 <unfinished ...>
[pid 301] 14:57:42.628052 libssl.so.3->EVP_PKEY_keygen_init(0xaaaad4306bf0, 0, 0, 0xaaaad4306c60) = 1 <0.000130>
[pid 301] 14:57:42.628254 libssl.so.3->EVP_PKEY_keygen(0xaaaad4306bf0, 0xffffe6b79450, 0, 0 <unfinished ...>
[pid 301] 14:57:42.628381 oqsprovider.so->OQS_KEM_new(0xaaaad4304f90, 0xaaaad4305990, 912, 0) = 0xaaaad43059d0 <0.000125>
[pid 301] 14:57:42.628580 oqsprovider.so->OQS_KEM_keypair(0xaaaad43059d0, 0xaaaad42f8990, 0xaaaad4300700, 0xaaaad4300d00) = 0 <0.000272>
[pid 301] 14:57:42.628911 <... EVP_PKEY_keygen resumed> ) = 1 <0.000650>
[pid 301] 14:57:42.630063 libssl.so.3->EVP_PKEY_decapsulate_init(0xaaaad4306bf0, 0, 0, 0xaaaad4306c60) = 1 <0.000234>
[pid 301] 14:57:42.630347 libssl.so.3->EVP_PKEY_decapsulate(0xaaaad4306bf0, 0, 0xffffe6b793d0, 0xaaaad4308eba) = 1 <0.000197>
[pid 301] 14:57:42.630595 libssl.so.3->EVP_PKEY_decapsulate(0xaaaad4306bf0, 0xaaaad4305630, 0xffffe6b793d0, 0xaaaad4308eba <unfinished ...>
[pid 301] 14:57:42.630719 oqsprovider.so->OQS_KEM_decaps(0xaaaad43059d0, 0xaaaad4305630, 0xaaaad4308eba, 0xaaaad4300700) = 0 <0.000143>
[pid 301] 14:57:42.630922 <... EVP_PKEY_decapsulate resumed> ) = 1 <0.000319>
[pid 301] 14:57:42.631647 libssl.so.3->X509_verify_cert(0xaaaad42fdf50, 0, 0, 0xffffffff) = 1 <0.000282>
[pid 301] 14:57:42.632153 libssl.so.3->EVP_DigestVerifyInit_ex(0xaaaad422c750, 0xffffe6b794d8, 0, 0) = 1 <0.000130>
[pid 301] 14:57:42.632327 libssl.so.3->EVP_DigestVerify(0xaaaad422c750, 0xaaaad4308e68, 2420, 0xffffe6b794e0) = 1 <0.000173>
[pid 301] 14:57:42.632713 libssl.so.3->X509_verify_cert(0xaaaad42fdf50, 1, 0, 0) = 1 <0.000209>
[pid 301] 14:57:42.633093 libssl.so.3->EVP_DigestSignInit_ex(0xaaaad4326d30, 0xffffe6b794c0, 0, 0) = 1 <0.000099>
[pid 301] 14:57:42.633266 libssl.so.3->EVP_DigestSign(0xaaaad4326d30, 0, 0xffffe6b794d0, 0xffffe6b794e0) = 1 <0.000104>
[pid 301] 14:57:42.633413 libssl.so.3->EVP_DigestSign(0xaaaad4326d30, 0xaaaad4307d00, 0xffffe6b794d0, 0xffffe6b794e0) = 1 <0.000401>
[pid 301] 14:57:42.634073 <... SSL_connect resumed> ) = 1 <0.006342>
[pid 301] 14:57:42.634334 oqsprovider.so->OQS_KEM_free(0xaaaad43059d0, 1, 7, 0xaaaad420f010) = 0xaaaad420f030 <0.000100>
Handshake duration: 6.52 ms
[pid 301] 14:57:42.635685 +++ exited (status 0) +++
Execution 52 - TLS Mutual
s_connection: verify depth is 1
[pid 303] 14:57:42.663275 openssl->SSL_connect(0xaaaaea316070, 0xaaaaea2f1998, 0xffff975d40e0, 0 <unfinished ...>
[pid 303] 14:57:42.663590 libssl.so.3->EVP_PKEY_keygen_init(0xaaaaea31ebf0, 0, 0, 0xaaaaea31ec60) = 1 <0.000122>
[pid 303] 14:57:42.663756 libssl.so.3->EVP_PKEY_keygen(0xaaaaea31ebf0, 0xffffe2f9a200, 0, 0 <unfinished ...>
[pid 303] 14:57:42.663868 oqsprovider.so->OQS_KEM_new(0xaaaaea31cf90, 0xaaaaea31d990, 912, 0) = 0xaaaaea31d9d0 <0.000102>
[pid 303] 14:57:42.664022 oqsprovider.so->OQS_KEM_keypair(0xaaaaea31d9d0, 0xaaaaea310990, 0xaaaaea318700, 0xaaaaea318d00) = 0 <0.000326>
[pid 303] 14:57:42.664414 <... EVP_PKEY_keygen resumed> ) = 1 <0.000648>
[pid 303] 14:57:42.665676 libssl.so.3->EVP_PKEY_decapsulate_init(0xaaaaea31ebf0, 0, 0, 0xaaaaea31ec60) = 1 <0.000165>
[pid 303] 14:57:42.665892 libssl.so.3->EVP_PKEY_decapsulate(0xaaaaea31ebf0, 0, 0xffffe2f9a180, 0xaaaaea320eba) = 1 <0.000139>
[pid 303] 14:57:42.666142 libssl.so.3->EVP_PKEY_decapsulate(0xaaaaea31ebf0, 0xaaaaea31d630, 0xffffe2f9a180, 0xaaaaea320eba <unfinished ...>
[pid 303] 14:57:42.666254 oqsprovider.so->OQS_KEM_decaps(0xaaaaea31d9d0, 0xaaaaea31d630, 0xaaaaea320eba, 0xaaaaea318700) = 0 <0.000228>
[pid 303] 14:57:42.666531 <... EVP_PKEY_decapsulate resumed> ) = 1 <0.000381>
[pid 303] 14:57:42.667197 libssl.so.3->X509_verify_cert(0xaaaaea315f50, 0, 0, 0xffffffff) = 1 <0.000280>
[pid 303] 14:57:42.667675 libssl.so.3->EVP_DigestVerifyInit_ex(0xaaaaea244750, 0xffffe2f9a288, 0, 0) = 1 <0.000121>
[pid 303] 14:57:42.667843 libssl.so.3->EVP_DigestVerify(0xaaaaea244750, 0xaaaaea320e68, 2420, 0xffffe2f9a290) = 1 <0.000172>
[pid 303] 14:57:42.668249 libssl.so.3->X509_verify_cert(0xaaaaea315f50, 1, 0, 0) = 1 <0.000188>
[pid 303] 14:57:42.668632 libssl.so.3->EVP_DigestSignInit_ex(0xaaaaea33ed30, 0xffffe2f9a270, 0, 0) = 1 <0.000107>
[pid 303] 14:57:42.668834 libssl.so.3->EVP_DigestSign(0xaaaaea33ed30, 0, 0xffffe2f9a280, 0xffffe2f9a290) = 1 <0.000129>
[pid 303] 14:57:42.669011 libssl.so.3->EVP_DigestSign(0xaaaaea33ed30, 0xaaaaea31fd00, 0xffffe2f9a280, 0xffffe2f9a290) = 1 <0.000557>
[pid 303] 14:57:42.669841 <... SSL_connect resumed> ) = 1 <0.006562>
[pid 303] 14:57:42.670032 oqsprovider.so->OQS_KEM_free(0xaaaaea31d9d0, 1, 7, 0xaaaaea227010) = 0xaaaaea227030 <0.000118>
Handshake duration: 6.69 ms
[pid 303] 14:57:42.671339 +++ exited (status 0) +++
Execution 53 - TLS Mutual
s_connection: verify depth is 1
[pid 305] 14:57:42.698877 openssl->SSL_connect(0xaaaadb570070, 0xaaaadb54b998, 0xffff89b440e0, 0 <unfinished ...>
[pid 305] 14:57:42.699198 libssl.so.3->EVP_PKEY_keygen_init(0xaaaadb578bf0, 0, 0, 0xaaaadb578c60) = 1 <0.000118>
[pid 305] 14:57:42.699397 libssl.so.3->EVP_PKEY_keygen(0xaaaadb578bf0, 0xffffdbf06860, 0, 0 <unfinished ...>
[pid 305] 14:57:42.699550 oqsprovider.so->OQS_KEM_new(0xaaaadb576f90, 0xaaaadb577990, 912, 0) = 0xaaaadb5779d0 <0.000119>
[pid 305] 14:57:42.699724 oqsprovider.so->OQS_KEM_keypair(0xaaaadb5779d0, 0xaaaadb56a990, 0xaaaadb572700, 0xaaaadb572d00) = 0 <0.000352>
[pid 305] 14:57:42.700160 <... EVP_PKEY_keygen resumed> ) = 1 <0.000755>
[pid 305] 14:57:42.701327 libssl.so.3->EVP_PKEY_decapsulate_init(0xaaaadb578bf0, 0, 0, 0xaaaadb578c60) = 1 <0.000152>
[pid 305] 14:57:42.701533 libssl.so.3->EVP_PKEY_decapsulate(0xaaaadb578bf0, 0, 0xffffdbf067e0, 0xaaaadb57aeba) = 1 <0.000207>
[pid 305] 14:57:42.701795 libssl.so.3->EVP_PKEY_decapsulate(0xaaaadb578bf0, 0xaaaadb577630, 0xffffdbf067e0, 0xaaaadb57aeba <unfinished ...>
[pid 305] 14:57:42.702024 oqsprovider.so->OQS_KEM_decaps(0xaaaadb5779d0, 0xaaaadb577630, 0xaaaadb57aeba, 0xaaaadb572700) = 0 <0.000196>
[pid 305] 14:57:42.702272 <... EVP_PKEY_decapsulate resumed> ) = 1 <0.000483>
[pid 305] 14:57:42.702929 libssl.so.3->X509_verify_cert(0xaaaadb56ff50, 0, 0, 0xffffffff) = 1 <0.000321>
[pid 305] 14:57:42.703467 libssl.so.3->EVP_DigestVerifyInit_ex(0xaaaadb49e750, 0xffffdbf068e8, 0, 0) = 1 <0.000118>
[pid 305] 14:57:42.703631 libssl.so.3->EVP_DigestVerify(0xaaaadb49e750, 0xaaaadb57ae68, 2420, 0xffffdbf068f0) = 1 <0.000197>
[pid 305] 14:57:42.704058 libssl.so.3->X509_verify_cert(0xaaaadb56ff50, 1, 0, 0) = 1 <0.000235>
[pid 305] 14:57:42.704479 libssl.so.3->EVP_DigestSignInit_ex(0xaaaadb598d30, 0xffffdbf068d0, 0, 0) = 1 <0.000113>
[pid 305] 14:57:42.704639 libssl.so.3->EVP_DigestSign(0xaaaadb598d30, 0, 0xffffdbf068e0, 0xffffdbf068f0) = 1 <0.000124>
[pid 305] 14:57:42.704897 libssl.so.3->EVP_DigestSign(0xaaaadb598d30, 0xaaaadb579d00, 0xffffdbf068e0, 0xffffdbf068f0) = 1 <0.000368>
[pid 305] 14:57:42.705503 <... SSL_connect resumed> ) = 1 <0.006622>
[pid 305] 14:57:42.705718 oqsprovider.so->OQS_KEM_free(0xaaaadb5779d0, 1, 7, 0xaaaadb481010) = 0xaaaadb481030 <0.000105>
Handshake duration: 6.77 ms
[pid 305] 14:57:42.707008 +++ exited (status 0) +++
Execution 54 - TLS Mutual
s_connection: verify depth is 1
[pid 307] 14:57:42.734470 openssl->SSL_connect(0xaaaacb6a3070, 0xaaaacb67e998, 0xffffb1b140e0, 0 <unfinished ...>
[pid 307] 14:57:42.734785 libssl.so.3->EVP_PKEY_keygen_init(0xaaaacb6abbf0, 0, 0, 0xaaaacb6abc60) = 1 <0.000150>
[pid 307] 14:57:42.735002 libssl.so.3->EVP_PKEY_keygen(0xaaaacb6abbf0, 0xffffe07de430, 0, 0 <unfinished ...>
[pid 307] 14:57:42.735263 oqsprovider.so->OQS_KEM_new(0xaaaacb6a9f90, 0xaaaacb6aa990, 912, 0) = 0xaaaacb6aa9d0 <0.000137>
[pid 307] 14:57:42.735442 oqsprovider.so->OQS_KEM_keypair(0xaaaacb6aa9d0, 0xaaaacb69d990, 0xaaaacb6a5700, 0xaaaacb6a5d00) = 0 <0.000262>
[pid 307] 14:57:42.735764 <... EVP_PKEY_keygen resumed> ) = 1 <0.000759>
[pid 307] 14:57:42.736961 libssl.so.3->EVP_PKEY_decapsulate_init(0xaaaacb6abbf0, 0, 0, 0xaaaacb6abc60) = 1 <0.000168>
[pid 307] 14:57:42.737177 libssl.so.3->EVP_PKEY_decapsulate(0xaaaacb6abbf0, 0, 0xffffe07de3b0, 0xaaaacb6adeba) = 1 <0.000090>
[pid 307] 14:57:42.737324 libssl.so.3->EVP_PKEY_decapsulate(0xaaaacb6abbf0, 0xaaaacb6aa630, 0xffffe07de3b0, 0xaaaacb6adeba <unfinished ...>
[pid 307] 14:57:42.737469 oqsprovider.so->OQS_KEM_decaps(0xaaaacb6aa9d0, 0xaaaacb6aa630, 0xaaaacb6adeba, 0xaaaacb6a5700) = 0 <0.000213>
[pid 307] 14:57:42.737742 <... EVP_PKEY_decapsulate resumed> ) = 1 <0.000406>
[pid 307] 14:57:42.738404 libssl.so.3->X509_verify_cert(0xaaaacb6a2f50, 0, 0, 0xffffffff) = 1 <0.000274>
[pid 307] 14:57:42.738917 libssl.so.3->EVP_DigestVerifyInit_ex(0xaaaacb5d1750, 0xffffe07de4b8, 0, 0) = 1 <0.000108>
[pid 307] 14:57:42.739123 libssl.so.3->EVP_DigestVerify(0xaaaacb5d1750, 0xaaaacb6ade68, 2420, 0xffffe07de4c0) = 1 <0.000193>
[pid 307] 14:57:42.739552 libssl.so.3->X509_verify_cert(0xaaaacb6a2f50, 1, 0, 0) = 1 <0.000197>
[pid 307] 14:57:42.739934 libssl.so.3->EVP_DigestSignInit_ex(0xaaaacb6cbd30, 0xffffe07de4a0, 0, 0) = 1 <0.000132>
[pid 307] 14:57:42.740104 libssl.so.3->EVP_DigestSign(0xaaaacb6cbd30, 0, 0xffffe07de4b0, 0xffffe07de4c0) = 1 <0.000191>
[pid 307] 14:57:42.740350 libssl.so.3->EVP_DigestSign(0xaaaacb6cbd30, 0xaaaacb6acd00, 0xffffe07de4b0, 0xffffe07de4c0) = 1 <0.000442>
[pid 307] 14:57:42.741019 <... SSL_connect resumed> ) = 1 <0.006544>
[pid 307] 14:57:42.741221 oqsprovider.so->OQS_KEM_free(0xaaaacb6aa9d0, 1, 7, 0xaaaacb5b4010) = 0xaaaacb5b4030 <0.000118>
Handshake duration: 6.69 ms
[pid 307] 14:57:42.742556 +++ exited (status 0) +++
Execution 55 - TLS Mutual
s_connection: verify depth is 1
[pid 309] 14:57:42.770197 openssl->SSL_connect(0xaaab1b277070, 0xaaab1b252998, 0xffffa2ee40e0, 0 <unfinished ...>
[pid 309] 14:57:42.770499 libssl.so.3->EVP_PKEY_keygen_init(0xaaab1b27fbf0, 0, 0, 0xaaab1b27fc60) = 1 <0.000122>
[pid 309] 14:57:42.770705 libssl.so.3->EVP_PKEY_keygen(0xaaab1b27fbf0, 0xffffcec48010, 0, 0 <unfinished ...>
[pid 309] 14:57:42.770842 oqsprovider.so->OQS_KEM_new(0xaaab1b27df90, 0xaaab1b27e990, 912, 0) = 0xaaab1b27e9d0 <0.000157>
[pid 309] 14:57:42.771054 oqsprovider.so->OQS_KEM_keypair(0xaaab1b27e9d0, 0xaaab1b271990, 0xaaab1b279700, 0xaaab1b279d00) = 0 <0.000252>
[pid 309] 14:57:42.771367 <... EVP_PKEY_keygen resumed> ) = 1 <0.000656>
[pid 309] 14:57:42.772648 libssl.so.3->EVP_PKEY_decapsulate_init(0xaaab1b27fbf0, 0, 0, 0xaaab1b27fc60) = 1 <0.000201>
[pid 309] 14:57:42.772892 libssl.so.3->EVP_PKEY_decapsulate(0xaaab1b27fbf0, 0, 0xffffcec47f90, 0xaaab1b281eba) = 1 <0.000143>
[pid 309] 14:57:42.773133 libssl.so.3->EVP_PKEY_decapsulate(0xaaab1b27fbf0, 0xaaab1b27e630, 0xffffcec47f90, 0xaaab1b281eba <unfinished ...>
[pid 309] 14:57:42.773361 oqsprovider.so->OQS_KEM_decaps(0xaaab1b27e9d0, 0xaaab1b27e630, 0xaaab1b281eba, 0xaaab1b279700) = 0 <0.000202>
[pid 309] 14:57:42.773593 <... EVP_PKEY_decapsulate resumed> ) = 1 <0.000452>
[pid 309] 14:57:42.774357 libssl.so.3->X509_verify_cert(0xaaab1b276f50, 0, 0, 0xffffffff) = 1 <0.000303>
[pid 309] 14:57:42.774871 libssl.so.3->EVP_DigestVerifyInit_ex(0xaaab1b1a5750, 0xffffcec48098, 0, 0) = 1 <0.000134>
[pid 309] 14:57:42.775069 libssl.so.3->EVP_DigestVerify(0xaaab1b1a5750, 0xaaab1b281e68, 2420, 0xffffcec480a0) = 1 <0.000247>
[pid 309] 14:57:42.775548 libssl.so.3->X509_verify_cert(0xaaab1b276f50, 1, 0, 0) = 1 <0.000224>
[pid 309] 14:57:42.775940 libssl.so.3->EVP_DigestSignInit_ex(0xaaab1b29fd30, 0xffffcec48080, 0, 0) = 1 <0.000128>
[pid 309] 14:57:42.776141 libssl.so.3->EVP_DigestSign(0xaaab1b29fd30, 0, 0xffffcec48090, 0xffffcec480a0) = 1 <0.000133>
[pid 309] 14:57:42.776350 libssl.so.3->EVP_DigestSign(0xaaab1b29fd30, 0xaaab1b280d00, 0xffffcec48090, 0xffffcec480a0) = 1 <0.000265>
[pid 309] 14:57:42.776912 <... SSL_connect resumed> ) = 1 <0.006711>
[pid 309] 14:57:42.777149 oqsprovider.so->OQS_KEM_free(0xaaab1b27e9d0, 1, 7, 0xaaab1b188010) = 0xaaab1b188030 <0.000116>
Handshake duration: 6.86 ms
[pid 309] 14:57:42.778445 +++ exited (status 0) +++
Execution 56 - TLS Mutual
s_connection: verify depth is 1
[pid 311] 14:57:42.806485 openssl->SSL_connect(0xaaaae7e61070, 0xaaaae7e3c998, 0xffffbb9f40e0, 0 <unfinished ...>
[pid 311] 14:57:42.806842 libssl.so.3->EVP_PKEY_keygen_init(0xaaaae7e69bf0, 0, 0, 0xaaaae7e69c60) = 1 <0.000120>
[pid 311] 14:57:42.807014 libssl.so.3->EVP_PKEY_keygen(0xaaaae7e69bf0, 0xffffe563b2a0, 0, 0 <unfinished ...>
[pid 311] 14:57:42.807184 oqsprovider.so->OQS_KEM_new(0xaaaae7e67f90, 0xaaaae7e68990, 912, 0) = 0xaaaae7e689d0 <0.000174>
[pid 311] 14:57:42.807411 oqsprovider.so->OQS_KEM_keypair(0xaaaae7e689d0, 0xaaaae7e5b990, 0xaaaae7e63700, 0xaaaae7e63d00) = 0 <0.000262>
[pid 311] 14:57:42.807730 <... EVP_PKEY_keygen resumed> ) = 1 <0.000713>
[pid 311] 14:57:42.808944 libssl.so.3->EVP_PKEY_decapsulate_init(0xaaaae7e69bf0, 0, 0, 0xaaaae7e69c60) = 1 <0.000219>
[pid 311] 14:57:42.809192 libssl.so.3->EVP_PKEY_decapsulate(0xaaaae7e69bf0, 0, 0xffffe563b220, 0xaaaae7e6beba) = 1 <0.000120>
[pid 311] 14:57:42.809371 libssl.so.3->EVP_PKEY_decapsulate(0xaaaae7e69bf0, 0xaaaae7e68630, 0xffffe563b220, 0xaaaae7e6beba <unfinished ...>
[pid 311] 14:57:42.809467 oqsprovider.so->OQS_KEM_decaps(0xaaaae7e689d0, 0xaaaae7e68630, 0xaaaae7e6beba, 0xaaaae7e63700) = 0 <0.000122>
[pid 311] 14:57:42.809653 <... EVP_PKEY_decapsulate resumed> ) = 1 <0.000278>
[pid 311] 14:57:42.810320 libssl.so.3->X509_verify_cert(0xaaaae7e60f50, 0, 0, 0xffffffff) = 1 <0.000296>
[pid 311] 14:57:42.810841 libssl.so.3->EVP_DigestVerifyInit_ex(0xaaaae7d8f750, 0xffffe563b328, 0, 0) = 1 <0.000116>
[pid 311] 14:57:42.811022 libssl.so.3->EVP_DigestVerify(0xaaaae7d8f750, 0xaaaae7e6be68, 2420, 0xffffe563b330) = 1 <0.000341>
[pid 311] 14:57:42.811591 libssl.so.3->X509_verify_cert(0xaaaae7e60f50, 1, 0, 0) = 1 <0.000204>
[pid 311] 14:57:42.811979 libssl.so.3->EVP_DigestSignInit_ex(0xaaaae7e89d30, 0xffffe563b310, 0, 0) = 1 <0.000131>
[pid 311] 14:57:42.812186 libssl.so.3->EVP_DigestSign(0xaaaae7e89d30, 0, 0xffffe563b320, 0xffffe563b330) = 1 <0.000139>
[pid 311] 14:57:42.812367 libssl.so.3->EVP_DigestSign(0xaaaae7e89d30, 0xaaaae7e6ad00, 0xffffe563b320, 0xffffe563b330) = 1 <0.000262>
[pid 311] 14:57:42.812863 <... SSL_connect resumed> ) = 1 <0.006372>
[pid 311] 14:57:42.813093 oqsprovider.so->OQS_KEM_free(0xaaaae7e689d0, 1, 7, 0xaaaae7d72010) = 0xaaaae7d72030 <0.000130>
Handshake duration: 6.51 ms
[pid 311] 14:57:42.814374 +++ exited (status 0) +++
Execution 57 - TLS Mutual
s_connection: verify depth is 1
[pid 313] 14:57:42.842346 openssl->SSL_connect(0xaaaad5b97070, 0xaaaad5b72998, 0xffffb50040e0, 0 <unfinished ...>
[pid 313] 14:57:42.842682 libssl.so.3->EVP_PKEY_keygen_init(0xaaaad5b9fbf0, 0, 0, 0xaaaad5b9fc60) = 1 <0.000145>
[pid 313] 14:57:42.842894 libssl.so.3->EVP_PKEY_keygen(0xaaaad5b9fbf0, 0xffffccff53c0, 0, 0 <unfinished ...>
[pid 313] 14:57:42.843119 oqsprovider.so->OQS_KEM_new(0xaaaad5b9df90, 0xaaaad5b9e990, 912, 0) = 0xaaaad5b9e9d0 <0.000161>
[pid 313] 14:57:42.843361 oqsprovider.so->OQS_KEM_keypair(0xaaaad5b9e9d0, 0xaaaad5b91990, 0xaaaad5b99700, 0xaaaad5b99d00) = 0 <0.000321>
[pid 313] 14:57:42.843742 <... EVP_PKEY_keygen resumed> ) = 1 <0.000842>
[pid 313] 14:57:42.844985 libssl.so.3->EVP_PKEY_decapsulate_init(0xaaaad5b9fbf0, 0, 0, 0xaaaad5b9fc60) = 1 <0.000231>
[pid 313] 14:57:42.845272 libssl.so.3->EVP_PKEY_decapsulate(0xaaaad5b9fbf0, 0, 0xffffccff5340, 0xaaaad5ba1eba) = 1 <0.000192>
[pid 313] 14:57:42.845529 libssl.so.3->EVP_PKEY_decapsulate(0xaaaad5b9fbf0, 0xaaaad5b9e630, 0xffffccff5340, 0xaaaad5ba1eba <unfinished ...>
[pid 313] 14:57:42.845710 oqsprovider.so->OQS_KEM_decaps(0xaaaad5b9e9d0, 0xaaaad5b9e630, 0xaaaad5ba1eba, 0xaaaad5b99700) = 0 <0.000161>
[pid 313] 14:57:42.845936 <... EVP_PKEY_decapsulate resumed> ) = 1 <0.000397>
[pid 313] 14:57:42.846602 libssl.so.3->X509_verify_cert(0xaaaad5b96f50, 0, 0, 0xffffffff) = 1 <0.000269>
[pid 313] 14:57:42.847109 libssl.so.3->EVP_DigestVerifyInit_ex(0xaaaad5ac5750, 0xffffccff5448, 0, 0) = 1 <0.000165>
[pid 313] 14:57:42.847310 libssl.so.3->EVP_DigestVerify(0xaaaad5ac5750, 0xaaaad5ba1e68, 2420, 0xffffccff5450) = 1 <0.000308>
[pid 313] 14:57:42.847845 libssl.so.3->X509_verify_cert(0xaaaad5b96f50, 1, 0, 0) = 1 <0.000201>
[pid 313] 14:57:42.848233 libssl.so.3->EVP_DigestSignInit_ex(0xaaaad5bbfd30, 0xffffccff5430, 0, 0) = 1 <0.000098>
[pid 313] 14:57:42.848372 libssl.so.3->EVP_DigestSign(0xaaaad5bbfd30, 0, 0xffffccff5440, 0xffffccff5450) = 1 <0.000111>
[pid 313] 14:57:42.848538 libssl.so.3->EVP_DigestSign(0xaaaad5bbfd30, 0xaaaad5ba0d00, 0xffffccff5440, 0xffffccff5450) = 1 <0.000342>
[pid 313] 14:57:42.849150 <... SSL_connect resumed> ) = 1 <0.006800>
[pid 313] 14:57:42.849431 oqsprovider.so->OQS_KEM_free(0xaaaad5b9e9d0, 1, 7, 0xaaaad5aa8010) = 0xaaaad5aa8030 <0.000112>
Handshake duration: 7.02 ms
[pid 313] 14:57:42.850728 +++ exited (status 0) +++
Execution 58 - TLS Mutual
s_connection: verify depth is 1
[pid 315] 14:57:42.878124 openssl->SSL_connect(0xaaaacf09a070, 0xaaaacf075998, 0xffffb05f40e0, 0 <unfinished ...>
[pid 315] 14:57:42.878416 libssl.so.3->EVP_PKEY_keygen_init(0xaaaacf0a2bf0, 0, 0, 0xaaaacf0a2c60) = 1 <0.000110>
[pid 315] 14:57:42.878580 libssl.so.3->EVP_PKEY_keygen(0xaaaacf0a2bf0, 0xfffff8dfdb00, 0, 0 <unfinished ...>
[pid 315] 14:57:42.878747 oqsprovider.so->OQS_KEM_new(0xaaaacf0a0f90, 0xaaaacf0a1990, 912, 0) = 0xaaaacf0a19d0 <0.000104>
[pid 315] 14:57:42.878926 oqsprovider.so->OQS_KEM_keypair(0xaaaacf0a19d0, 0xaaaacf094990, 0xaaaacf09c700, 0xaaaacf09cd00) = 0 <0.000317>
[pid 315] 14:57:42.879300 <... EVP_PKEY_keygen resumed> ) = 1 <0.000714>
[pid 315] 14:57:42.880520 libssl.so.3->EVP_PKEY_decapsulate_init(0xaaaacf0a2bf0, 0, 0, 0xaaaacf0a2c60) = 1 <0.000153>
[pid 315] 14:57:42.880719 libssl.so.3->EVP_PKEY_decapsulate(0xaaaacf0a2bf0, 0, 0xfffff8dfda80, 0xaaaacf0a4eba) = 1 <0.000155>
[pid 315] 14:57:42.880930 libssl.so.3->EVP_PKEY_decapsulate(0xaaaacf0a2bf0, 0xaaaacf0a1630, 0xfffff8dfda80, 0xaaaacf0a4eba <unfinished ...>
[pid 315] 14:57:42.881049 oqsprovider.so->OQS_KEM_decaps(0xaaaacf0a19d0, 0xaaaacf0a1630, 0xaaaacf0a4eba, 0xaaaacf09c700) = 0 <0.000224>
[pid 315] 14:57:42.881321 <... EVP_PKEY_decapsulate resumed> ) = 1 <0.000385>
[pid 315] 14:57:42.882081 libssl.so.3->X509_verify_cert(0xaaaacf099f50, 0, 0, 0xffffffff) = 1 <0.000298>
[pid 315] 14:57:42.882612 libssl.so.3->EVP_DigestVerifyInit_ex(0xaaaacefc8750, 0xfffff8dfdb88, 0, 0) = 1 <0.000138>
[pid 315] 14:57:42.882807 libssl.so.3->EVP_DigestVerify(0xaaaacefc8750, 0xaaaacf0a4e68, 2420, 0xfffff8dfdb90) = 1 <0.000164>
[pid 315] 14:57:42.883188 libssl.so.3->X509_verify_cert(0xaaaacf099f50, 1, 0, 0) = 1 <0.000228>
[pid 315] 14:57:42.883619 libssl.so.3->EVP_DigestSignInit_ex(0xaaaacf0c2d30, 0xfffff8dfdb70, 0, 0) = 1 <0.000122>
[pid 315] 14:57:42.883801 libssl.so.3->EVP_DigestSign(0xaaaacf0c2d30, 0, 0xfffff8dfdb80, 0xfffff8dfdb90) = 1 <0.000134>
[pid 315] 14:57:42.883973 libssl.so.3->EVP_DigestSign(0xaaaacf0c2d30, 0xaaaacf0a3d00, 0xfffff8dfdb80, 0xfffff8dfdb90) = 1 <0.000398>
[pid 315] 14:57:42.884613 <... SSL_connect resumed> ) = 1 <0.006483>
[pid 315] 14:57:42.884828 oqsprovider.so->OQS_KEM_free(0xaaaacf0a19d0, 1, 7, 0xaaaacefab010) = 0xaaaacefab030 <0.000092>
Handshake duration: 6.62 ms
[pid 315] 14:57:42.886145 +++ exited (status 0) +++
Execution 59 - TLS Mutual
s_connection: verify depth is 1
[pid 317] 14:57:42.913763 openssl->SSL_connect(0xaaaaf52f7070, 0xaaaaf52d2998, 0xffffa6f340e0, 0 <unfinished ...>
[pid 317] 14:57:42.914053 libssl.so.3->EVP_PKEY_keygen_init(0xaaaaf52ffbf0, 0, 0, 0xaaaaf52ffc60) = 1 <0.000120>
[pid 317] 14:57:42.914284 libssl.so.3->EVP_PKEY_keygen(0xaaaaf52ffbf0, 0xffffeb34d8c0, 0, 0 <unfinished ...>
[pid 317] 14:57:42.914398 oqsprovider.so->OQS_KEM_new(0xaaaaf52fdf90, 0xaaaaf52fe990, 912, 0) = 0xaaaaf52fe9d0 <0.000152>
[pid 317] 14:57:42.914631 oqsprovider.so->OQS_KEM_keypair(0xaaaaf52fe9d0, 0xaaaaf52f1990, 0xaaaaf52f9700, 0xaaaaf52f9d00) = 0 <0.000334>
[pid 317] 14:57:42.915021 <... EVP_PKEY_keygen resumed> ) = 1 <0.000733>
[pid 317] 14:57:42.916275 libssl.so.3->EVP_PKEY_decapsulate_init(0xaaaaf52ffbf0, 0, 0, 0xaaaaf52ffc60) = 1 <0.000153>
[pid 317] 14:57:42.916479 libssl.so.3->EVP_PKEY_decapsulate(0xaaaaf52ffbf0, 0, 0xffffeb34d840, 0xaaaaf5301eba) = 1 <0.000307>
[pid 317] 14:57:42.916834 libssl.so.3->EVP_PKEY_decapsulate(0xaaaaf52ffbf0, 0xaaaaf52fe630, 0xffffeb34d840, 0xaaaaf5301eba <unfinished ...>
[pid 317] 14:57:42.916956 oqsprovider.so->OQS_KEM_decaps(0xaaaaf52fe9d0, 0xaaaaf52fe630, 0xaaaaf5301eba, 0xaaaaf52f9700) = 0 <0.000210>
[pid 317] 14:57:42.917221 <... EVP_PKEY_decapsulate resumed> ) = 1 <0.000382>
[pid 317] 14:57:42.917906 libssl.so.3->X509_verify_cert(0xaaaaf52f6f50, 0, 0, 0xffffffff) = 1 <0.000304>
[pid 317] 14:57:42.918445 libssl.so.3->EVP_DigestVerifyInit_ex(0xaaaaf5225750, 0xffffeb34d948, 0, 0) = 1 <0.000128>
[pid 317] 14:57:42.918647 libssl.so.3->EVP_DigestVerify(0xaaaaf5225750, 0xaaaaf5301e68, 2420, 0xffffeb34d950) = 1 <0.000170>
[pid 317] 14:57:42.919026 libssl.so.3->X509_verify_cert(0xaaaaf52f6f50, 1, 0, 0) = 1 <0.000225>
[pid 317] 14:57:42.919419 libssl.so.3->EVP_DigestSignInit_ex(0xaaaaf531fd30, 0xffffeb34d930, 0, 0) = 1 <0.000129>
[pid 317] 14:57:42.919593 libssl.so.3->EVP_DigestSign(0xaaaaf531fd30, 0, 0xffffeb34d940, 0xffffeb34d950) = 1 <0.000103>
[pid 317] 14:57:42.919748 libssl.so.3->EVP_DigestSign(0xaaaaf531fd30, 0xaaaaf5300d00, 0xffffeb34d940, 0xffffeb34d950) = 1 <0.000593>
[pid 317] 14:57:42.920590 <... SSL_connect resumed> ) = 1 <0.006823>
[pid 317] 14:57:42.920808 oqsprovider.so->OQS_KEM_free(0xaaaaf52fe9d0, 1, 7, 0xaaaaf5208010) = 0xaaaaf5208030 <0.000096>
Handshake duration: 6.95 ms
[pid 317] 14:57:42.922114 +++ exited (status 0) +++
Execution 60 - TLS Mutual
s_connection: verify depth is 1
[pid 319] 14:57:42.949552 openssl->SSL_connect(0xaaaaeb5e9070, 0xaaaaeb5c4998, 0xffff830840e0, 0 <unfinished ...>
[pid 319] 14:57:42.949826 libssl.so.3->EVP_PKEY_keygen_init(0xaaaaeb5f1bf0, 0, 0, 0xaaaaeb5f1c60) = 1 <0.000115>
[pid 319] 14:57:42.950079 libssl.so.3->EVP_PKEY_keygen(0xaaaaeb5f1bf0, 0xffffdaf27b40, 0, 0 <unfinished ...>
[pid 319] 14:57:42.950239 oqsprovider.so->OQS_KEM_new(0xaaaaeb5eff90, 0xaaaaeb5f0990, 912, 0) = 0xaaaaeb5f09d0 <0.000166>
[pid 319] 14:57:42.950541 oqsprovider.so->OQS_KEM_keypair(0xaaaaeb5f09d0, 0xaaaaeb5e3990, 0xaaaaeb5eb700, 0xaaaaeb5ebd00) = 0 <0.000326>
[pid 319] 14:57:42.950931 <... EVP_PKEY_keygen resumed> ) = 1 <0.000847>
[pid 319] 14:57:42.952378 libssl.so.3->EVP_PKEY_decapsulate_init(0xaaaaeb5f1bf0, 0, 0, 0xaaaaeb5f1c60) = 1 <0.000239>
[pid 319] 14:57:42.952665 libssl.so.3->EVP_PKEY_decapsulate(0xaaaaeb5f1bf0, 0, 0xffffdaf27ac0, 0xaaaaeb5f3eba) = 1 <0.000117>
[pid 319] 14:57:42.952835 libssl.so.3->EVP_PKEY_decapsulate(0xaaaaeb5f1bf0, 0xaaaaeb5f0630, 0xffffdaf27ac0, 0xaaaaeb5f3eba <unfinished ...>
[pid 319] 14:57:42.952951 oqsprovider.so->OQS_KEM_decaps(0xaaaaeb5f09d0, 0xaaaaeb5f0630, 0xaaaaeb5f3eba, 0xaaaaeb5eb700) = 0 <0.000170>
[pid 319] 14:57:42.953177 <... EVP_PKEY_decapsulate resumed> ) = 1 <0.000336>
[pid 319] 14:57:42.953943 libssl.so.3->X509_verify_cert(0xaaaaeb5e8f50, 0, 0, 0xffffffff) = 1 <0.000360>
[pid 319] 14:57:42.954539 libssl.so.3->EVP_DigestVerifyInit_ex(0xaaaaeb517750, 0xffffdaf27bc8, 0, 0) = 1 <0.000137>
[pid 319] 14:57:42.954743 libssl.so.3->EVP_DigestVerify(0xaaaaeb517750, 0xaaaaeb5f3e68, 2420, 0xffffdaf27bd0) = 1 <0.000201>
[pid 319] 14:57:42.955203 libssl.so.3->X509_verify_cert(0xaaaaeb5e8f50, 1, 0, 0) = 1 <0.000171>
[pid 319] 14:57:42.955545 libssl.so.3->EVP_DigestSignInit_ex(0xaaaaeb611d30, 0xffffdaf27bb0, 0, 0) = 1 <0.000100>
[pid 319] 14:57:42.955719 libssl.so.3->EVP_DigestSign(0xaaaaeb611d30, 0, 0xffffdaf27bc0, 0xffffdaf27bd0) = 1 <0.000116>
[pid 319] 14:57:42.955884 libssl.so.3->EVP_DigestSign(0xaaaaeb611d30, 0xaaaaeb5f2d00, 0xffffdaf27bc0, 0xffffdaf27bd0) = 1 <0.000314>
[pid 319] 14:57:42.956422 <... SSL_connect resumed> ) = 1 <0.006866>
[pid 319] 14:57:42.956616 oqsprovider.so->OQS_KEM_free(0xaaaaeb5f09d0, 1, 7, 0xaaaaeb4fa010) = 0xaaaaeb4fa030 <0.000162>
Handshake duration: 6.99 ms
[pid 319] 14:57:42.958103 +++ exited (status 0) +++
Execution 61 - TLS Mutual
s_connection: verify depth is 1
[pid 321] 14:57:42.986579 openssl->SSL_connect(0xaaaadaa51070, 0xaaaadaa2c998, 0xffffa61840e0, 0 <unfinished ...>
[pid 321] 14:57:42.986990 libssl.so.3->EVP_PKEY_keygen_init(0xaaaadaa59bf0, 0, 0, 0xaaaadaa59c60) = 1 <0.000179>
[pid 321] 14:57:42.987227 libssl.so.3->EVP_PKEY_keygen(0xaaaadaa59bf0, 0xfffff6826350, 0, 0 <unfinished ...>
[pid 321] 14:57:42.987352 oqsprovider.so->OQS_KEM_new(0xaaaadaa57f90, 0xaaaadaa58990, 912, 0) = 0xaaaadaa589d0 <0.000131>
[pid 321] 14:57:42.987557 oqsprovider.so->OQS_KEM_keypair(0xaaaadaa589d0, 0xaaaadaa4b990, 0xaaaadaa53700, 0xaaaadaa53d00) = 0 <0.000373>
[pid 321] 14:57:42.988003 <... EVP_PKEY_keygen resumed> ) = 1 <0.000757>
[pid 321] 14:57:42.989340 libssl.so.3->EVP_PKEY_decapsulate_init(0xaaaadaa59bf0, 0, 0, 0xaaaadaa59c60) = 1 <0.000181>
[pid 321] 14:57:42.989565 libssl.so.3->EVP_PKEY_decapsulate(0xaaaadaa59bf0, 0, 0xfffff68262d0, 0xaaaadaa5beba) = 1 <0.000140>
[pid 321] 14:57:42.989800 libssl.so.3->EVP_PKEY_decapsulate(0xaaaadaa59bf0, 0xaaaadaa58630, 0xfffff68262d0, 0xaaaadaa5beba <unfinished ...>
[pid 321] 14:57:42.989934 oqsprovider.so->OQS_KEM_decaps(0xaaaadaa589d0, 0xaaaadaa58630, 0xaaaadaa5beba, 0xaaaadaa53700) = 0 <0.000225>
[pid 321] 14:57:42.990235 <... EVP_PKEY_decapsulate resumed> ) = 1 <0.000429>
[pid 321] 14:57:42.990977 libssl.so.3->X509_verify_cert(0xaaaadaa50f50, 0, 0, 0xffffffff) = 1 <0.000346>
[pid 321] 14:57:42.991545 libssl.so.3->EVP_DigestVerifyInit_ex(0xaaaada97f750, 0xfffff68263d8, 0, 0) = 1 <0.000096>
[pid 321] 14:57:42.991683 libssl.so.3->EVP_DigestVerify(0xaaaada97f750, 0xaaaadaa5be68, 2420, 0xfffff68263e0) = 1 <0.000201>
[pid 321] 14:57:42.992124 libssl.so.3->X509_verify_cert(0xaaaadaa50f50, 1, 0, 0) = 1 <0.000197>
[pid 321] 14:57:42.992483 libssl.so.3->EVP_DigestSignInit_ex(0xaaaadaa79d30, 0xfffff68263c0, 0, 0) = 1 <0.000116>
[pid 321] 14:57:42.992664 libssl.so.3->EVP_DigestSign(0xaaaadaa79d30, 0, 0xfffff68263d0, 0xfffff68263e0) = 1 <0.000205>
[pid 321] 14:57:42.993011 libssl.so.3->EVP_DigestSign(0xaaaadaa79d30, 0xaaaadaa5ad00, 0xfffff68263d0, 0xfffff68263e0) = 1 <0.000345>
[pid 321] 14:57:42.993639 <... SSL_connect resumed> ) = 1 <0.007052>
[pid 321] 14:57:42.993888 oqsprovider.so->OQS_KEM_free(0xaaaadaa589d0, 1, 7, 0xaaaada962010) = 0xaaaada962030 <0.000087>
Handshake duration: 7.21 ms
[pid 321] 14:57:42.995274 +++ exited (status 0) +++
Execution 62 - TLS Mutual
s_connection: verify depth is 1
[pid 323] 14:57:43.022994 openssl->SSL_connect(0xaaaae1a81070, 0xaaaae1a5c998, 0xffff831140e0, 0 <unfinished ...>
[pid 323] 14:57:43.023386 libssl.so.3->EVP_PKEY_keygen_init(0xaaaae1a89bf0, 0, 0, 0xaaaae1a89c60) = 1 <0.000108>
[pid 323] 14:57:43.023590 libssl.so.3->EVP_PKEY_keygen(0xaaaae1a89bf0, 0xffffddc982e0, 0, 0 <unfinished ...>
[pid 323] 14:57:43.023723 oqsprovider.so->OQS_KEM_new(0xaaaae1a87f90, 0xaaaae1a88990, 912, 0) = 0xaaaae1a889d0 <0.000094>
[pid 323] 14:57:43.023921 oqsprovider.so->OQS_KEM_keypair(0xaaaae1a889d0, 0xaaaae1a7b990, 0xaaaae1a83700, 0xaaaae1a83d00) = 0 <0.000374>
[pid 323] 14:57:43.024378 <... EVP_PKEY_keygen resumed> ) = 1 <0.000776>
[pid 323] 14:57:43.025643 libssl.so.3->EVP_PKEY_decapsulate_init(0xaaaae1a89bf0, 0, 0, 0xaaaae1a89c60) = 1 <0.000161>
[pid 323] 14:57:43.025852 libssl.so.3->EVP_PKEY_decapsulate(0xaaaae1a89bf0, 0, 0xffffddc98260, 0xaaaae1a8beba) = 1 <0.000124>
[pid 323] 14:57:43.026054 libssl.so.3->EVP_PKEY_decapsulate(0xaaaae1a89bf0, 0xaaaae1a88630, 0xffffddc98260, 0xaaaae1a8beba <unfinished ...>
[pid 323] 14:57:43.026194 oqsprovider.so->OQS_KEM_decaps(0xaaaae1a889d0, 0xaaaae1a88630, 0xaaaae1a8beba, 0xaaaae1a83700) = 0 <0.000184>
[pid 323] 14:57:43.026431 <... EVP_PKEY_decapsulate resumed> ) = 1 <0.000369>
[pid 323] 14:57:43.027123 libssl.so.3->X509_verify_cert(0xaaaae1a80f50, 0, 0, 0xffffffff) = 1 <0.000319>
[pid 323] 14:57:43.027683 libssl.so.3->EVP_DigestVerifyInit_ex(0xaaaae19af750, 0xffffddc98368, 0, 0) = 1 <0.000162>
[pid 323] 14:57:43.027887 libssl.so.3->EVP_DigestVerify(0xaaaae19af750, 0xaaaae1a8be68, 2420, 0xffffddc98370) = 1 <0.000172>
[pid 323] 14:57:43.028304 libssl.so.3->X509_verify_cert(0xaaaae1a80f50, 1, 0, 0) = 1 <0.000255>
[pid 323] 14:57:43.028752 libssl.so.3->EVP_DigestSignInit_ex(0xaaaae1aa9d30, 0xffffddc98350, 0, 0) = 1 <0.000114>
[pid 323] 14:57:43.028944 libssl.so.3->EVP_DigestSign(0xaaaae1aa9d30, 0, 0xffffddc98360, 0xffffddc98370) = 1 <0.000164>
[pid 323] 14:57:43.029180 libssl.so.3->EVP_DigestSign(0xaaaae1aa9d30, 0xaaaae1a8ad00, 0xffffddc98360, 0xffffddc98370) = 1 <0.000460>
[pid 323] 14:57:43.029892 <... SSL_connect resumed> ) = 1 <0.006895>
[pid 323] 14:57:43.030120 oqsprovider.so->OQS_KEM_free(0xaaaae1a889d0, 1, 7, 0xaaaae1992010) = 0xaaaae1992030 <0.000137>
Handshake duration: 7.03 ms
[pid 323] 14:57:43.031532 +++ exited (status 0) +++
Execution 63 - TLS Mutual
s_connection: verify depth is 1
[pid 325] 14:57:43.058967 openssl->SSL_connect(0xaaaaec114070, 0xaaaaec0ef998, 0xffff9e3440e0, 0 <unfinished ...>
[pid 325] 14:57:43.059278 libssl.so.3->EVP_PKEY_keygen_init(0xaaaaec11cbf0, 0, 0, 0xaaaaec11cc60) = 1 <0.000116>
[pid 325] 14:57:43.059453 libssl.so.3->EVP_PKEY_keygen(0xaaaaec11cbf0, 0xffffc64625d0, 0, 0 <unfinished ...>
[pid 325] 14:57:43.059571 oqsprovider.so->OQS_KEM_new(0xaaaaec11af90, 0xaaaaec11b990, 912, 0) = 0xaaaaec11b9d0 <0.000107>
[pid 325] 14:57:43.059731 oqsprovider.so->OQS_KEM_keypair(0xaaaaec11b9d0, 0xaaaaec10e990, 0xaaaaec116700, 0xaaaaec116d00) = 0 <0.000266>
[pid 325] 14:57:43.060055 <... EVP_PKEY_keygen resumed> ) = 1 <0.000595>
[pid 325] 14:57:43.061251 libssl.so.3->EVP_PKEY_decapsulate_init(0xaaaaec11cbf0, 0, 0, 0xaaaaec11cc60) = 1 <0.000240>
[pid 325] 14:57:43.061543 libssl.so.3->EVP_PKEY_decapsulate(0xaaaaec11cbf0, 0, 0xffffc6462550, 0xaaaaec11eeba) = 1 <0.000108>
[pid 325] 14:57:43.061717 libssl.so.3->EVP_PKEY_decapsulate(0xaaaaec11cbf0, 0xaaaaec11b630, 0xffffc6462550, 0xaaaaec11eeba <unfinished ...>
[pid 325] 14:57:43.061821 oqsprovider.so->OQS_KEM_decaps(0xaaaaec11b9d0, 0xaaaaec11b630, 0xaaaaec11eeba, 0xaaaaec116700) = 0 <0.000150>
[pid 325] 14:57:43.062116 <... EVP_PKEY_decapsulate resumed> ) = 1 <0.000389>
[pid 325] 14:57:43.062902 libssl.so.3->X509_verify_cert(0xaaaaec113f50, 0, 0, 0xffffffff) = 1 <0.000306>
[pid 325] 14:57:43.063422 libssl.so.3->EVP_DigestVerifyInit_ex(0xaaaaec042750, 0xffffc6462658, 0, 0) = 1 <0.000108>
[pid 325] 14:57:43.063623 libssl.so.3->EVP_DigestVerify(0xaaaaec042750, 0xaaaaec11ee68, 2420, 0xffffc6462660) = 1 <0.000213>
[pid 325] 14:57:43.064082 libssl.so.3->X509_verify_cert(0xaaaaec113f50, 1, 0, 0) = 1 <0.000175>
[pid 325] 14:57:43.064434 libssl.so.3->EVP_DigestSignInit_ex(0xaaaaec13cd30, 0xffffc6462640, 0, 0) = 1 <0.000105>
[pid 325] 14:57:43.064609 libssl.so.3->EVP_DigestSign(0xaaaaec13cd30, 0, 0xffffc6462650, 0xffffc6462660) = 1 <0.000135>
[pid 325] 14:57:43.064777 libssl.so.3->EVP_DigestSign(0xaaaaec13cd30, 0xaaaaec11dd00, 0xffffc6462650, 0xffffc6462660) = 1 <0.000376>
[pid 325] 14:57:43.065463 <... SSL_connect resumed> ) = 1 <0.006492>
[pid 325] 14:57:43.065681 oqsprovider.so->OQS_KEM_free(0xaaaaec11b9d0, 1, 7, 0xaaaaec025010) = 0xaaaaec025030 <0.000100>
Handshake duration: 6.63 ms
[pid 325] 14:57:43.067007 +++ exited (status 0) +++
Execution 64 - TLS Mutual
s_connection: verify depth is 1
[pid 327] 14:57:43.094597 openssl->SSL_connect(0xaaaae1822070, 0xaaaae17fd998, 0xffff90b540e0, 0 <unfinished ...>
[pid 327] 14:57:43.095012 libssl.so.3->EVP_PKEY_keygen_init(0xaaaae182abf0, 0, 0, 0xaaaae182ac60) = 1 <0.000142>
[pid 327] 14:57:43.095222 libssl.so.3->EVP_PKEY_keygen(0xaaaae182abf0, 0xfffff0290b50, 0, 0 <unfinished ...>
[pid 327] 14:57:43.095319 oqsprovider.so->OQS_KEM_new(0xaaaae1828f90, 0xaaaae1829990, 912, 0) = 0xaaaae18299d0 <0.000173>
[pid 327] 14:57:43.095564 oqsprovider.so->OQS_KEM_keypair(0xaaaae18299d0, 0xaaaae181c990, 0xaaaae1824700, 0xaaaae1824d00) = 0 <0.000366>
[pid 327] 14:57:43.095987 <... EVP_PKEY_keygen resumed> ) = 1 <0.000743>
[pid 327] 14:57:43.097224 libssl.so.3->EVP_PKEY_decapsulate_init(0xaaaae182abf0, 0, 0, 0xaaaae182ac60) = 1 <0.000202>
[pid 327] 14:57:43.097487 libssl.so.3->EVP_PKEY_decapsulate(0xaaaae182abf0, 0, 0xfffff0290ad0, 0xaaaae182ceba) = 1 <0.000187>
[pid 327] 14:57:43.097730 libssl.so.3->EVP_PKEY_decapsulate(0xaaaae182abf0, 0xaaaae1829630, 0xfffff0290ad0, 0xaaaae182ceba <unfinished ...>
[pid 327] 14:57:43.097900 oqsprovider.so->OQS_KEM_decaps(0xaaaae18299d0, 0xaaaae1829630, 0xaaaae182ceba, 0xaaaae1824700) = 0 <0.000182>
[pid 327] 14:57:43.098135 <... EVP_PKEY_decapsulate resumed> ) = 1 <0.000398>
[pid 327] 14:57:43.098780 libssl.so.3->X509_verify_cert(0xaaaae1821f50, 0, 0, 0xffffffff) = 1 <0.000307>
[pid 327] 14:57:43.099292 libssl.so.3->EVP_DigestVerifyInit_ex(0xaaaae1750750, 0xfffff0290bd8, 0, 0) = 1 <0.000158>
[pid 327] 14:57:43.099508 libssl.so.3->EVP_DigestVerify(0xaaaae1750750, 0xaaaae182ce68, 2420, 0xfffff0290be0) = 1 <0.000232>
[pid 327] 14:57:43.099959 libssl.so.3->X509_verify_cert(0xaaaae1821f50, 1, 0, 0) = 1 <0.000193>
[pid 327] 14:57:43.100313 libssl.so.3->EVP_DigestSignInit_ex(0xaaaae184ad30, 0xfffff0290bc0, 0, 0) = 1 <0.000107>
[pid 327] 14:57:43.100471 libssl.so.3->EVP_DigestSign(0xaaaae184ad30, 0, 0xfffff0290bd0, 0xfffff0290be0) = 1 <0.000119>
[pid 327] 14:57:43.100639 libssl.so.3->EVP_DigestSign(0xaaaae184ad30, 0xaaaae182bd00, 0xfffff0290bd0, 0xfffff0290be0) = 1 <0.000552>
[pid 327] 14:57:43.101466 <... SSL_connect resumed> ) = 1 <0.006865>
[pid 327] 14:57:43.101709 oqsprovider.so->OQS_KEM_free(0xaaaae18299d0, 1, 7, 0xaaaae1733010) = 0xaaaae1733030 <0.000111>
Handshake duration: 7.00 ms
[pid 327] 14:57:43.102992 +++ exited (status 0) +++
Execution 65 - TLS Mutual
s_connection: verify depth is 1
[pid 329] 14:57:43.130364 openssl->SSL_connect(0xaaaad9706070, 0xaaaad96e1998, 0xffffb19340e0, 0 <unfinished ...>
[pid 329] 14:57:43.130722 libssl.so.3->EVP_PKEY_keygen_init(0xaaaad970ebf0, 0, 0, 0xaaaad970ec60) = 1 <0.000129>
[pid 329] 14:57:43.130908 libssl.so.3->EVP_PKEY_keygen(0xaaaad970ebf0, 0xffffe1024350, 0, 0 <unfinished ...>
[pid 329] 14:57:43.131045 oqsprovider.so->OQS_KEM_new(0xaaaad970cf90, 0xaaaad970d990, 912, 0) = 0xaaaad970d9d0 <0.000132>
[pid 329] 14:57:43.131210 oqsprovider.so->OQS_KEM_keypair(0xaaaad970d9d0, 0xaaaad9700990, 0xaaaad9708700, 0xaaaad9708d00) = 0 <0.000320>
[pid 329] 14:57:43.131588 <... EVP_PKEY_keygen resumed> ) = 1 <0.000674>
[pid 329] 14:57:43.132808 libssl.so.3->EVP_PKEY_decapsulate_init(0xaaaad970ebf0, 0, 0, 0xaaaad970ec60) = 1 <0.000177>
[pid 329] 14:57:43.133044 libssl.so.3->EVP_PKEY_decapsulate(0xaaaad970ebf0, 0, 0xffffe10242d0, 0xaaaad9710eba) = 1 <0.000123>
[pid 329] 14:57:43.133218 libssl.so.3->EVP_PKEY_decapsulate(0xaaaad970ebf0, 0xaaaad970d630, 0xffffe10242d0, 0xaaaad9710eba <unfinished ...>
[pid 329] 14:57:43.133339 oqsprovider.so->OQS_KEM_decaps(0xaaaad970d9d0, 0xaaaad970d630, 0xaaaad9710eba, 0xaaaad9708700) = 0 <0.000123>
[pid 329] 14:57:43.133510 <... EVP_PKEY_decapsulate resumed> ) = 1 <0.000286>
[pid 329] 14:57:43.134150 libssl.so.3->X509_verify_cert(0xaaaad9705f50, 0, 0, 0xffffffff) = 1 <0.000300>
[pid 329] 14:57:43.134682 libssl.so.3->EVP_DigestVerifyInit_ex(0xaaaad9634750, 0xffffe10243d8, 0, 0) = 1 <0.000112>
[pid 329] 14:57:43.134852 libssl.so.3->EVP_DigestVerify(0xaaaad9634750, 0xaaaad9710e68, 2420, 0xffffe10243e0) = 1 <0.000189>
[pid 329] 14:57:43.135264 libssl.so.3->X509_verify_cert(0xaaaad9705f50, 1, 0, 0) = 1 <0.000197>
[pid 329] 14:57:43.135617 libssl.so.3->EVP_DigestSignInit_ex(0xaaaad972ed30, 0xffffe10243c0, 0, 0) = 1 <0.000101>
[pid 329] 14:57:43.135766 libssl.so.3->EVP_DigestSign(0xaaaad972ed30, 0, 0xffffe10243d0, 0xffffe10243e0) = 1 <0.000151>
[pid 329] 14:57:43.135972 libssl.so.3->EVP_DigestSign(0xaaaad972ed30, 0xaaaad970fd00, 0xffffe10243d0, 0xffffe10243e0) = 1 <0.000306>
[pid 329] 14:57:43.136516 <... SSL_connect resumed> ) = 1 <0.006148>
[pid 329] 14:57:43.136814 oqsprovider.so->OQS_KEM_free(0xaaaad970d9d0, 1, 7, 0xaaaad9617010) = 0xaaaad9617030 <0.000110>
Handshake duration: 6.36 ms
[pid 329] 14:57:43.138126 +++ exited (status 0) +++
Execution 66 - TLS Mutual
s_connection: verify depth is 1
[pid 331] 14:57:43.165395 openssl->SSL_connect(0xaaaae19d7070, 0xaaaae19b2998, 0xffff8b2a40e0, 0 <unfinished ...>
[pid 331] 14:57:43.165706 libssl.so.3->EVP_PKEY_keygen_init(0xaaaae19dfbf0, 0, 0, 0xaaaae19dfc60) = 1 <0.000098>
[pid 331] 14:57:43.165870 libssl.so.3->EVP_PKEY_keygen(0xaaaae19dfbf0, 0xffffe8a6a730, 0, 0 <unfinished ...>
[pid 331] 14:57:43.165964 oqsprovider.so->OQS_KEM_new(0xaaaae19ddf90, 0xaaaae19de990, 912, 0) = 0xaaaae19de9d0 <0.000107>
[pid 331] 14:57:43.166148 oqsprovider.so->OQS_KEM_keypair(0xaaaae19de9d0, 0xaaaae19d1990, 0xaaaae19d9700, 0xaaaae19d9d00) = 0 <0.000279>
[pid 331] 14:57:43.166493 <... EVP_PKEY_keygen resumed> ) = 1 <0.000616>
[pid 331] 14:57:43.167715 libssl.so.3->EVP_PKEY_decapsulate_init(0xaaaae19dfbf0, 0, 0, 0xaaaae19dfc60) = 1 <0.000177>
[pid 331] 14:57:43.167955 libssl.so.3->EVP_PKEY_decapsulate(0xaaaae19dfbf0, 0, 0xffffe8a6a6b0, 0xaaaae19e1eba) = 1 <0.000170>
[pid 331] 14:57:43.168165 libssl.so.3->EVP_PKEY_decapsulate(0xaaaae19dfbf0, 0xaaaae19de630, 0xffffe8a6a6b0, 0xaaaae19e1eba <unfinished ...>
[pid 331] 14:57:43.168287 oqsprovider.so->OQS_KEM_decaps(0xaaaae19de9d0, 0xaaaae19de630, 0xaaaae19e1eba, 0xaaaae19d9700) = 0 <0.000179>
[pid 331] 14:57:43.168526 <... EVP_PKEY_decapsulate resumed> ) = 1 <0.000345>
[pid 331] 14:57:43.169244 libssl.so.3->X509_verify_cert(0xaaaae19d6f50, 0, 0, 0xffffffff) = 1 <0.000294>
[pid 331] 14:57:43.169756 libssl.so.3->EVP_DigestVerifyInit_ex(0xaaaae1905750, 0xffffe8a6a7b8, 0, 0) = 1 <0.000109>
[pid 331] 14:57:43.169909 libssl.so.3->EVP_DigestVerify(0xaaaae1905750, 0xaaaae19e1e68, 2420, 0xffffe8a6a7c0) = 1 <0.000191>
[pid 331] 14:57:43.170312 libssl.so.3->X509_verify_cert(0xaaaae19d6f50, 1, 0, 0) = 1 <0.000209>
[pid 331] 14:57:43.170696 libssl.so.3->EVP_DigestSignInit_ex(0xaaaae19ffd30, 0xffffe8a6a7a0, 0, 0) = 1 <0.000097>
[pid 331] 14:57:43.170836 libssl.so.3->EVP_DigestSign(0xaaaae19ffd30, 0, 0xffffe8a6a7b0, 0xffffe8a6a7c0) = 1 <0.000195>
[pid 331] 14:57:43.171158 libssl.so.3->EVP_DigestSign(0xaaaae19ffd30, 0xaaaae19e0d00, 0xffffe8a6a7b0, 0xffffe8a6a7c0) = 1 <0.000415>
[pid 331] 14:57:43.171839 <... SSL_connect resumed> ) = 1 <0.006440>
[pid 331] 14:57:43.172077 oqsprovider.so->OQS_KEM_free(0xaaaae19de9d0, 1, 7, 0xaaaae18e8010) = 0xaaaae18e8030 <0.000106>
Handshake duration: 6.62 ms
[pid 331] 14:57:43.173445 +++ exited (status 0) +++
Execution 67 - TLS Mutual
s_connection: verify depth is 1
[pid 333] 14:57:43.200997 openssl->SSL_connect(0xaaaac241b070, 0xaaaac23f6998, 0xffff859d40e0, 0 <unfinished ...>
[pid 333] 14:57:43.201336 libssl.so.3->EVP_PKEY_keygen_init(0xaaaac2423bf0, 0, 0, 0xaaaac2423c60) = 1 <0.000150>
[pid 333] 14:57:43.201530 libssl.so.3->EVP_PKEY_keygen(0xaaaac2423bf0, 0xffffcd23d130, 0, 0 <unfinished ...>
[pid 333] 14:57:43.201719 oqsprovider.so->OQS_KEM_new(0xaaaac2421f90, 0xaaaac2422990, 912, 0) = 0xaaaac24229d0 <0.000101>
[pid 333] 14:57:43.201875 oqsprovider.so->OQS_KEM_keypair(0xaaaac24229d0, 0xaaaac2415990, 0xaaaac241d700, 0xaaaac241dd00) = 0 <0.000412>
[pid 333] 14:57:43.202350 <... EVP_PKEY_keygen resumed> ) = 1 <0.000811>
[pid 333] 14:57:43.203551 libssl.so.3->EVP_PKEY_decapsulate_init(0xaaaac2423bf0, 0, 0, 0xaaaac2423c60) = 1 <0.000143>
[pid 333] 14:57:43.203778 libssl.so.3->EVP_PKEY_decapsulate(0xaaaac2423bf0, 0, 0xffffcd23d0b0, 0xaaaac2425eba) = 1 <0.000155>
[pid 333] 14:57:43.203959 libssl.so.3->EVP_PKEY_decapsulate(0xaaaac2423bf0, 0xaaaac2422630, 0xffffcd23d0b0, 0xaaaac2425eba <unfinished ...>
[pid 333] 14:57:43.204088 oqsprovider.so->OQS_KEM_decaps(0xaaaac24229d0, 0xaaaac2422630, 0xaaaac2425eba, 0xaaaac241d700) = 0 <0.000133>
[pid 333] 14:57:43.204279 <... EVP_PKEY_decapsulate resumed> ) = 1 <0.000315>
[pid 333] 14:57:43.204928 libssl.so.3->X509_verify_cert(0xaaaac241af50, 0, 0, 0xffffffff) = 1 <0.000308>
[pid 333] 14:57:43.205457 libssl.so.3->EVP_DigestVerifyInit_ex(0xaaaac2349750, 0xffffcd23d1b8, 0, 0) = 1 <0.000115>
[pid 333] 14:57:43.205637 libssl.so.3->EVP_DigestVerify(0xaaaac2349750, 0xaaaac2425e68, 2420, 0xffffcd23d1c0) = 1 <0.000161>
[pid 333] 14:57:43.206018 libssl.so.3->X509_verify_cert(0xaaaac241af50, 1, 0, 0) = 1 <0.000202>
[pid 333] 14:57:43.206402 libssl.so.3->EVP_DigestSignInit_ex(0xaaaac2443d30, 0xffffcd23d1a0, 0, 0) = 1 <0.000120>
[pid 333] 14:57:43.206609 libssl.so.3->EVP_DigestSign(0xaaaac2443d30, 0, 0xffffcd23d1b0, 0xffffcd23d1c0) = 1 <0.000133>
[pid 333] 14:57:43.206771 libssl.so.3->EVP_DigestSign(0xaaaac2443d30, 0xaaaac2424d00, 0xffffcd23d1b0, 0xffffcd23d1c0) = 1 <0.000599>
[pid 333] 14:57:43.207643 <... SSL_connect resumed> ) = 1 <0.006641>
[pid 333] 14:57:43.207921 oqsprovider.so->OQS_KEM_free(0xaaaac24229d0, 1, 7, 0xaaaac232c010) = 0xaaaac232c030 <0.000113>
Handshake duration: 6.86 ms
[pid 333] 14:57:43.209318 +++ exited (status 0) +++
Execution 68 - TLS Mutual
s_connection: verify depth is 1
[pid 335] 14:57:43.236465 openssl->SSL_connect(0xaaaaff984070, 0xaaaaff95f998, 0xffff96db40e0, 0 <unfinished ...>
[pid 335] 14:57:43.236769 libssl.so.3->EVP_PKEY_keygen_init(0xaaaaff98cbf0, 0, 0, 0xaaaaff98cc60) = 1 <0.000119>
[pid 335] 14:57:43.236954 libssl.so.3->EVP_PKEY_keygen(0xaaaaff98cbf0, 0xffffc3104c80, 0, 0 <unfinished ...>
[pid 335] 14:57:43.237059 oqsprovider.so->OQS_KEM_new(0xaaaaff98af90, 0xaaaaff98b990, 912, 0) = 0xaaaaff98b9d0 <0.000127>
[pid 335] 14:57:43.237291 oqsprovider.so->OQS_KEM_keypair(0xaaaaff98b9d0, 0xaaaaff97e990, 0xaaaaff986700, 0xaaaaff986d00) = 0 <0.000260>
[pid 335] 14:57:43.237621 <... EVP_PKEY_keygen resumed> ) = 1 <0.000652>
[pid 335] 14:57:43.238823 libssl.so.3->EVP_PKEY_decapsulate_init(0xaaaaff98cbf0, 0, 0, 0xaaaaff98cc60) = 1 <0.000142>
[pid 335] 14:57:43.239124 libssl.so.3->EVP_PKEY_decapsulate(0xaaaaff98cbf0, 0, 0xffffc3104c00, 0xaaaaff98eeba) = 1 <0.000121>
[pid 335] 14:57:43.239316 libssl.so.3->EVP_PKEY_decapsulate(0xaaaaff98cbf0, 0xaaaaff98b630, 0xffffc3104c00, 0xaaaaff98eeba <unfinished ...>
[pid 335] 14:57:43.239490 oqsprovider.so->OQS_KEM_decaps(0xaaaaff98b9d0, 0xaaaaff98b630, 0xaaaaff98eeba, 0xaaaaff986700) = 0 <0.000194>
[pid 335] 14:57:43.239742 <... EVP_PKEY_decapsulate resumed> ) = 1 <0.000421>
[pid 335] 14:57:43.240396 libssl.so.3->X509_verify_cert(0xaaaaff983f50, 0, 0, 0xffffffff) = 1 <0.000296>
[pid 335] 14:57:43.240921 libssl.so.3->EVP_DigestVerifyInit_ex(0xaaaaff8b2750, 0xffffc3104d08, 0, 0) = 1 <0.000111>
[pid 335] 14:57:43.241101 libssl.so.3->EVP_DigestVerify(0xaaaaff8b2750, 0xaaaaff98ee68, 2420, 0xffffc3104d10) = 1 <0.000201>
[pid 335] 14:57:43.241567 libssl.so.3->X509_verify_cert(0xaaaaff983f50, 1, 0, 0) = 1 <0.000214>
[pid 335] 14:57:43.241942 libssl.so.3->EVP_DigestSignInit_ex(0xaaaaff9acd30, 0xffffc3104cf0, 0, 0) = 1 <0.000092>
[pid 335] 14:57:43.242107 libssl.so.3->EVP_DigestSign(0xaaaaff9acd30, 0, 0xffffc3104d00, 0xffffc3104d10) = 1 <0.000122>
[pid 335] 14:57:43.242269 libssl.so.3->EVP_DigestSign(0xaaaaff9acd30, 0xaaaaff98dd00, 0xffffc3104d00, 0xffffc3104d10) = 1 <0.000772>
[pid 335] 14:57:43.243315 <... SSL_connect resumed> ) = 1 <0.006845>
[pid 335] 14:57:43.243550 oqsprovider.so->OQS_KEM_free(0xaaaaff98b9d0, 1, 7, 0xaaaaff895010) = 0xaaaaff895030 <0.000106>
Handshake duration: 7.01 ms
[pid 335] 14:57:43.244825 +++ exited (status 0) +++
Execution 69 - TLS Mutual
s_connection: verify depth is 1
[pid 337] 14:57:43.272141 openssl->SSL_connect(0xaaaaade29070, 0xaaaaade04998, 0xffff867e40e0, 0 <unfinished ...>
[pid 337] 14:57:43.272443 libssl.so.3->EVP_PKEY_keygen_init(0xaaaaade31bf0, 0, 0, 0xaaaaade31c60) = 1 <0.000125>
[pid 337] 14:57:43.272634 libssl.so.3->EVP_PKEY_keygen(0xaaaaade31bf0, 0xffffe6d59360, 0, 0 <unfinished ...>
[pid 337] 14:57:43.272814 oqsprovider.so->OQS_KEM_new(0xaaaaade2ff90, 0xaaaaade30990, 912, 0) = 0xaaaaade309d0 <0.000176>
[pid 337] 14:57:43.273078 oqsprovider.so->OQS_KEM_keypair(0xaaaaade309d0, 0xaaaaade23990, 0xaaaaade2b700, 0xaaaaade2bd00) = 0 <0.000394>
[pid 337] 14:57:43.273495 <... EVP_PKEY_keygen resumed> ) = 1 <0.000854>
[pid 337] 14:57:43.274678 libssl.so.3->EVP_PKEY_decapsulate_init(0xaaaaade31bf0, 0, 0, 0xaaaaade31c60) = 1 <0.000170>
[pid 337] 14:57:43.274913 libssl.so.3->EVP_PKEY_decapsulate(0xaaaaade31bf0, 0, 0xffffe6d592e0, 0xaaaaade33eba) = 1 <0.000109>
[pid 337] 14:57:43.275110 libssl.so.3->EVP_PKEY_decapsulate(0xaaaaade31bf0, 0xaaaaade30630, 0xffffe6d592e0, 0xaaaaade33eba <unfinished ...>
[pid 337] 14:57:43.275239 oqsprovider.so->OQS_KEM_decaps(0xaaaaade309d0, 0xaaaaade30630, 0xaaaaade33eba, 0xaaaaade2b700) = 0 <0.000158>
[pid 337] 14:57:43.275477 <... EVP_PKEY_decapsulate resumed> ) = 1 <0.000363>
[pid 337] 14:57:43.276194 libssl.so.3->X509_verify_cert(0xaaaaade28f50, 0, 0, 0xffffffff) = 1 <0.000297>
[pid 337] 14:57:43.276710 libssl.so.3->EVP_DigestVerifyInit_ex(0xaaaaadd57750, 0xffffe6d593e8, 0, 0) = 1 <0.000114>
[pid 337] 14:57:43.276907 libssl.so.3->EVP_DigestVerify(0xaaaaadd57750, 0xaaaaade33e68, 2420, 0xffffe6d593f0) = 1 <0.000189>
[pid 337] 14:57:43.277339 libssl.so.3->X509_verify_cert(0xaaaaade28f50, 1, 0, 0) = 1 <0.000232>
[pid 337] 14:57:43.277728 libssl.so.3->EVP_DigestSignInit_ex(0xaaaaade51d30, 0xffffe6d593d0, 0, 0) = 1 <0.000099>
[pid 337] 14:57:43.277887 libssl.so.3->EVP_DigestSign(0xaaaaade51d30, 0, 0xffffe6d593e0, 0xffffe6d593f0) = 1 <0.000097>
[pid 337] 14:57:43.278054 libssl.so.3->EVP_DigestSign(0xaaaaade51d30, 0xaaaaade32d00, 0xffffe6d593e0, 0xffffe6d593f0) = 1 <0.000318>
[pid 337] 14:57:43.278639 <... SSL_connect resumed> ) = 1 <0.006492>
[pid 337] 14:57:43.278893 oqsprovider.so->OQS_KEM_free(0xaaaaade309d0, 1, 7, 0xaaaaadd3a010) = 0xaaaaadd3a030 <0.000117>
Handshake duration: 6.67 ms
[pid 337] 14:57:43.280254 +++ exited (status 0) +++
Execution 70 - TLS Mutual
s_connection: verify depth is 1
[pid 339] 14:57:43.307770 openssl->SSL_connect(0xaaab12abb070, 0xaaab12a96998, 0xffffad1f40e0, 0 <unfinished ...>
[pid 339] 14:57:43.308095 libssl.so.3->EVP_PKEY_keygen_init(0xaaab12ac3bf0, 0, 0, 0xaaab12ac3c60) = 1 <0.000149>
[pid 339] 14:57:43.308304 libssl.so.3->EVP_PKEY_keygen(0xaaab12ac3bf0, 0xffffde149750, 0, 0 <unfinished ...>
[pid 339] 14:57:43.308466 oqsprovider.so->OQS_KEM_new(0xaaab12ac1f90, 0xaaab12ac2990, 912, 0) = 0xaaab12ac29d0 <0.000130>
[pid 339] 14:57:43.308660 oqsprovider.so->OQS_KEM_keypair(0xaaab12ac29d0, 0xaaab12ab5990, 0xaaab12abd700, 0xaaab12abdd00) = 0 <0.000307>
[pid 339] 14:57:43.309024 <... EVP_PKEY_keygen resumed> ) = 1 <0.000714>
[pid 339] 14:57:43.310241 libssl.so.3->EVP_PKEY_decapsulate_init(0xaaab12ac3bf0, 0, 0, 0xaaab12ac3c60) = 1 <0.000153>
[pid 339] 14:57:43.310497 libssl.so.3->EVP_PKEY_decapsulate(0xaaab12ac3bf0, 0, 0xffffde1496d0, 0xaaab12ac5eba) = 1 <0.000185>
[pid 339] 14:57:43.310728 libssl.so.3->EVP_PKEY_decapsulate(0xaaab12ac3bf0, 0xaaab12ac2630, 0xffffde1496d0, 0xaaab12ac5eba <unfinished ...>
[pid 339] 14:57:43.310857 oqsprovider.so->OQS_KEM_decaps(0xaaab12ac29d0, 0xaaab12ac2630, 0xaaab12ac5eba, 0xaaab12abd700) = 0 <0.000257>
[pid 339] 14:57:43.311155 <... EVP_PKEY_decapsulate resumed> ) = 1 <0.000421>
[pid 339] 14:57:43.312053 libssl.so.3->X509_verify_cert(0xaaab12abaf50, 0, 0, 0xffffffff) = 1 <0.000280>
[pid 339] 14:57:43.312538 libssl.so.3->EVP_DigestVerifyInit_ex(0xaaab129e9750, 0xffffde1497d8, 0, 0) = 1 <0.000090>
[pid 339] 14:57:43.312707 libssl.so.3->EVP_DigestVerify(0xaaab129e9750, 0xaaab12ac5e68, 2420, 0xffffde1497e0) = 1 <0.000226>
[pid 339] 14:57:43.313169 libssl.so.3->X509_verify_cert(0xaaab12abaf50, 1, 0, 0) = 1 <0.000177>
[pid 339] 14:57:43.313537 libssl.so.3->EVP_DigestSignInit_ex(0xaaab12ae3d30, 0xffffde1497c0, 0, 0) = 1 <0.000123>
[pid 339] 14:57:43.313707 libssl.so.3->EVP_DigestSign(0xaaab12ae3d30, 0, 0xffffde1497d0, 0xffffde1497e0) = 1 <0.000129>
[pid 339] 14:57:43.313888 libssl.so.3->EVP_DigestSign(0xaaab12ae3d30, 0xaaab12ac4d00, 0xffffde1497d0, 0xffffde1497e0) = 1 <0.000390>
[pid 339] 14:57:43.314521 <... SSL_connect resumed> ) = 1 <0.006746>
[pid 339] 14:57:43.314713 oqsprovider.so->OQS_KEM_free(0xaaab12ac29d0, 1, 7, 0xaaab129cc010) = 0xaaab129cc030 <0.000111>
Handshake duration: 6.87 ms
[pid 339] 14:57:43.315913 +++ exited (status 0) +++
Execution 71 - TLS Mutual
s_connection: verify depth is 1
[pid 341] 14:57:43.343592 openssl->SSL_connect(0xaaaaf2dab070, 0xaaaaf2d86998, 0xffff814440e0, 0 <unfinished ...>
[pid 341] 14:57:43.343896 libssl.so.3->EVP_PKEY_keygen_init(0xaaaaf2db3bf0, 0, 0, 0xaaaaf2db3c60) = 1 <0.000107>
[pid 341] 14:57:43.344134 libssl.so.3->EVP_PKEY_keygen(0xaaaaf2db3bf0, 0xfffff44cfd30, 0, 0 <unfinished ...>
[pid 341] 14:57:43.344239 oqsprovider.so->OQS_KEM_new(0xaaaaf2db1f90, 0xaaaaf2db2990, 912, 0) = 0xaaaaf2db29d0 <0.000130>
[pid 341] 14:57:43.344451 oqsprovider.so->OQS_KEM_keypair(0xaaaaf2db29d0, 0xaaaaf2da5990, 0xaaaaf2dad700, 0xaaaaf2dadd00) = 0 <0.000281>
[pid 341] 14:57:43.344794 <... EVP_PKEY_keygen resumed> ) = 1 <0.000654>
[pid 341] 14:57:43.345988 libssl.so.3->EVP_PKEY_decapsulate_init(0xaaaaf2db3bf0, 0, 0, 0xaaaaf2db3c60) = 1 <0.000155>
[pid 341] 14:57:43.346219 libssl.so.3->EVP_PKEY_decapsulate(0xaaaaf2db3bf0, 0, 0xfffff44cfcb0, 0xaaaaf2db5eba) = 1 <0.000099>
[pid 341] 14:57:43.346371 libssl.so.3->EVP_PKEY_decapsulate(0xaaaaf2db3bf0, 0xaaaaf2db2630, 0xfffff44cfcb0, 0xaaaaf2db5eba <unfinished ...>
[pid 341] 14:57:43.346478 oqsprovider.so->OQS_KEM_decaps(0xaaaaf2db29d0, 0xaaaaf2db2630, 0xaaaaf2db5eba, 0xaaaaf2dad700) = 0 <0.000147>
[pid 341] 14:57:43.346683 <... EVP_PKEY_decapsulate resumed> ) = 1 <0.000306>
[pid 341] 14:57:43.347345 libssl.so.3->X509_verify_cert(0xaaaaf2daaf50, 0, 0, 0xffffffff) = 1 <0.000275>
[pid 341] 14:57:43.347829 libssl.so.3->EVP_DigestVerifyInit_ex(0xaaaaf2cd9750, 0xfffff44cfdb8, 0, 0) = 1 <0.000110>
[pid 341] 14:57:43.347984 libssl.so.3->EVP_DigestVerify(0xaaaaf2cd9750, 0xaaaaf2db5e68, 2420, 0xfffff44cfdc0) = 1 <0.000234>
[pid 341] 14:57:43.348416 libssl.so.3->X509_verify_cert(0xaaaaf2daaf50, 1, 0, 0) = 1 <0.000216>
[pid 341] 14:57:43.348791 libssl.so.3->EVP_DigestSignInit_ex(0xaaaaf2dd3d30, 0xfffff44cfda0, 0, 0) = 1 <0.000108>
[pid 341] 14:57:43.348947 libssl.so.3->EVP_DigestSign(0xaaaaf2dd3d30, 0, 0xfffff44cfdb0, 0xfffff44cfdc0) = 1 <0.000176>
[pid 341] 14:57:43.349169 libssl.so.3->EVP_DigestSign(0xaaaaf2dd3d30, 0xaaaaf2db4d00, 0xfffff44cfdb0, 0xfffff44cfdc0) = 1 <0.000727>
[pid 341] 14:57:43.350134 <... SSL_connect resumed> ) = 1 <0.006535>
[pid 341] 14:57:43.350360 oqsprovider.so->OQS_KEM_free(0xaaaaf2db29d0, 1, 7, 0xaaaaf2cbc010) = 0xaaaaf2cbc030 <0.000094>
Handshake duration: 6.68 ms
[pid 341] 14:57:43.351586 +++ exited (status 0) +++
Execution 72 - TLS Mutual
s_connection: verify depth is 1
[pid 343] 14:57:43.378769 openssl->SSL_connect(0xaaaad0ea9070, 0xaaaad0e84998, 0xffff97b740e0, 0 <unfinished ...>
[pid 343] 14:57:43.379108 libssl.so.3->EVP_PKEY_keygen_init(0xaaaad0eb1bf0, 0, 0, 0xaaaad0eb1c60) = 1 <0.000126>
[pid 343] 14:57:43.379322 libssl.so.3->EVP_PKEY_keygen(0xaaaad0eb1bf0, 0xffffdef49890, 0, 0 <unfinished ...>
[pid 343] 14:57:43.379453 oqsprovider.so->OQS_KEM_new(0xaaaad0eaff90, 0xaaaad0eb0990, 912, 0) = 0xaaaad0eb09d0 <0.000143>
[pid 343] 14:57:43.379649 oqsprovider.so->OQS_KEM_keypair(0xaaaad0eb09d0, 0xaaaad0ea3990, 0xaaaad0eab700, 0xaaaad0eabd00) = 0 <0.000306>
[pid 343] 14:57:43.380010 <... EVP_PKEY_keygen resumed> ) = 1 <0.000683>
[pid 343] 14:57:43.381175 libssl.so.3->EVP_PKEY_decapsulate_init(0xaaaad0eb1bf0, 0, 0, 0xaaaad0eb1c60) = 1 <0.000162>
[pid 343] 14:57:43.381380 libssl.so.3->EVP_PKEY_decapsulate(0xaaaad0eb1bf0, 0, 0xffffdef49810, 0xaaaad0eb3eba) = 1 <0.000128>
[pid 343] 14:57:43.381572 libssl.so.3->EVP_PKEY_decapsulate(0xaaaad0eb1bf0, 0xaaaad0eb0630, 0xffffdef49810, 0xaaaad0eb3eba <unfinished ...>
[pid 343] 14:57:43.381728 oqsprovider.so->OQS_KEM_decaps(0xaaaad0eb09d0, 0xaaaad0eb0630, 0xaaaad0eb3eba, 0xaaaad0eab700) = 0 <0.000144>
[pid 343] 14:57:43.381918 <... EVP_PKEY_decapsulate resumed> ) = 1 <0.000342>
[pid 343] 14:57:43.382591 libssl.so.3->X509_verify_cert(0xaaaad0ea8f50, 0, 0, 0xffffffff) = 1 <0.000309>
[pid 343] 14:57:43.383147 libssl.so.3->EVP_DigestVerifyInit_ex(0xaaaad0dd7750, 0xffffdef49918, 0, 0) = 1 <0.000109>
[pid 343] 14:57:43.383305 libssl.so.3->EVP_DigestVerify(0xaaaad0dd7750, 0xaaaad0eb3e68, 2420, 0xffffdef49920) = 1 <0.000175>
[pid 343] 14:57:43.383706 libssl.so.3->X509_verify_cert(0xaaaad0ea8f50, 1, 0, 0) = 1 <0.000194>
[pid 343] 14:57:43.384074 libssl.so.3->EVP_DigestSignInit_ex(0xaaaad0ed1d30, 0xffffdef49900, 0, 0) = 1 <0.000097>
[pid 343] 14:57:43.384216 libssl.so.3->EVP_DigestSign(0xaaaad0ed1d30, 0, 0xffffdef49910, 0xffffdef49920) = 1 <0.000135>
[pid 343] 14:57:43.384429 libssl.so.3->EVP_DigestSign(0xaaaad0ed1d30, 0xaaaad0eb2d00, 0xffffdef49910, 0xffffdef49920) = 1 <0.000312>
[pid 343] 14:57:43.384954 <... SSL_connect resumed> ) = 1 <0.006181>
[pid 343] 14:57:43.385208 oqsprovider.so->OQS_KEM_free(0xaaaad0eb09d0, 1, 7, 0xaaaad0dba010) = 0xaaaad0dba030 <0.000098>
Handshake duration: 6.33 ms
[pid 343] 14:57:43.386537 +++ exited (status 0) +++
Execution 73 - TLS Mutual
s_connection: verify depth is 1
[pid 345] 14:57:43.413981 openssl->SSL_connect(0xaaaadbc48070, 0xaaaadbc23998, 0xffff90ff40e0, 0 <unfinished ...>
[pid 345] 14:57:43.414261 libssl.so.3->EVP_PKEY_keygen_init(0xaaaadbc50bf0, 0, 0, 0xaaaadbc50c60) = 1 <0.000121>
[pid 345] 14:57:43.414434 libssl.so.3->EVP_PKEY_keygen(0xaaaadbc50bf0, 0xfffff5118f30, 0, 0 <unfinished ...>
[pid 345] 14:57:43.414543 oqsprovider.so->OQS_KEM_new(0xaaaadbc4ef90, 0xaaaadbc4f990, 912, 0) = 0xaaaadbc4f9d0 <0.000121>
[pid 345] 14:57:43.414747 oqsprovider.so->OQS_KEM_keypair(0xaaaadbc4f9d0, 0xaaaadbc42990, 0xaaaadbc4a700, 0xaaaadbc4ad00) = 0 <0.000289>
[pid 345] 14:57:43.415106 <... EVP_PKEY_keygen resumed> ) = 1 <0.000665>
[pid 345] 14:57:43.416280 libssl.so.3->EVP_PKEY_decapsulate_init(0xaaaadbc50bf0, 0, 0, 0xaaaadbc50c60) = 1 <0.000143>
[pid 345] 14:57:43.416515 libssl.so.3->EVP_PKEY_decapsulate(0xaaaadbc50bf0, 0, 0xfffff5118eb0, 0xaaaadbc52eba) = 1 <0.000107>
[pid 345] 14:57:43.416672 libssl.so.3->EVP_PKEY_decapsulate(0xaaaadbc50bf0, 0xaaaadbc4f630, 0xfffff5118eb0, 0xaaaadbc52eba <unfinished ...>
[pid 345] 14:57:43.416784 oqsprovider.so->OQS_KEM_decaps(0xaaaadbc4f9d0, 0xaaaadbc4f630, 0xaaaadbc52eba, 0xaaaadbc4a700) = 0 <0.000148>
[pid 345] 14:57:43.416990 <... EVP_PKEY_decapsulate resumed> ) = 1 <0.000310>
[pid 345] 14:57:43.417721 libssl.so.3->X509_verify_cert(0xaaaadbc47f50, 0, 0, 0xffffffff) = 1 <0.000284>
[pid 345] 14:57:43.418267 libssl.so.3->EVP_DigestVerifyInit_ex(0xaaaadbb76750, 0xfffff5118fb8, 0, 0) = 1 <0.000123>
[pid 345] 14:57:43.418444 libssl.so.3->EVP_DigestVerify(0xaaaadbb76750, 0xaaaadbc52e68, 2420, 0xfffff5118fc0) = 1 <0.000244>
[pid 345] 14:57:43.418930 libssl.so.3->X509_verify_cert(0xaaaadbc47f50, 1, 0, 0) = 1 <0.000207>
[pid 345] 14:57:43.419313 libssl.so.3->EVP_DigestSignInit_ex(0xaaaadbc70d30, 0xfffff5118fa0, 0, 0) = 1 <0.000114>
[pid 345] 14:57:43.419476 libssl.so.3->EVP_DigestSign(0xaaaadbc70d30, 0, 0xfffff5118fb0, 0xfffff5118fc0) = 1 <0.000102>
[pid 345] 14:57:43.419633 libssl.so.3->EVP_DigestSign(0xaaaadbc70d30, 0xaaaadbc51d00, 0xfffff5118fb0, 0xfffff5118fc0) = 1 <0.000293>
[pid 345] 14:57:43.420280 <... SSL_connect resumed> ) = 1 <0.006295>
[pid 345] 14:57:43.420476 oqsprovider.so->OQS_KEM_free(0xaaaadbc4f9d0, 1, 7, 0xaaaadbb59010) = 0xaaaadbb59030 <0.000105>
Handshake duration: 6.42 ms
[pid 345] 14:57:43.421799 +++ exited (status 0) +++
Execution 74 - TLS Mutual
s_connection: verify depth is 1
[pid 347] 14:57:43.449172 openssl->SSL_connect(0xaaaacc401070, 0xaaaacc3dc998, 0xffffa3f140e0, 0 <unfinished ...>
[pid 347] 14:57:43.449457 libssl.so.3->EVP_PKEY_keygen_init(0xaaaacc409bf0, 0, 0, 0xaaaacc409c60) = 1 <0.000124>
[pid 347] 14:57:43.449645 libssl.so.3->EVP_PKEY_keygen(0xaaaacc409bf0, 0xffffc337e1f0, 0, 0 <unfinished ...>
[pid 347] 14:57:43.449810 oqsprovider.so->OQS_KEM_new(0xaaaacc407f90, 0xaaaacc408990, 912, 0) = 0xaaaacc4089d0 <0.000126>
[pid 347] 14:57:43.449985 oqsprovider.so->OQS_KEM_keypair(0xaaaacc4089d0, 0xaaaacc3fb990, 0xaaaacc403700, 0xaaaacc403d00) = 0 <0.000306>
[pid 347] 14:57:43.450352 <... EVP_PKEY_keygen resumed> ) = 1 <0.000701>
[pid 347] 14:57:43.451642 libssl.so.3->EVP_PKEY_decapsulate_init(0xaaaacc409bf0, 0, 0, 0xaaaacc409c60) = 1 <0.000159>
[pid 347] 14:57:43.451889 libssl.so.3->EVP_PKEY_decapsulate(0xaaaacc409bf0, 0, 0xffffc337e170, 0xaaaacc40beba) = 1 <0.000149>
[pid 347] 14:57:43.452108 libssl.so.3->EVP_PKEY_decapsulate(0xaaaacc409bf0, 0xaaaacc408630, 0xffffc337e170, 0xaaaacc40beba <unfinished ...>
[pid 347] 14:57:43.452258 oqsprovider.so->OQS_KEM_decaps(0xaaaacc4089d0, 0xaaaacc408630, 0xaaaacc40beba, 0xaaaacc403700) = 0 <0.000219>
[pid 347] 14:57:43.452529 <... EVP_PKEY_decapsulate resumed> ) = 1 <0.000413>
[pid 347] 14:57:43.453220 libssl.so.3->X509_verify_cert(0xaaaacc400f50, 0, 0, 0xffffffff) = 1 <0.000342>
[pid 347] 14:57:43.453785 libssl.so.3->EVP_DigestVerifyInit_ex(0xaaaacc32f750, 0xffffc337e278, 0, 0) = 1 <0.000135>
[pid 347] 14:57:43.453970 libssl.so.3->EVP_DigestVerify(0xaaaacc32f750, 0xaaaacc40be68, 2420, 0xffffc337e280) = 1 <0.000210>
[pid 347] 14:57:43.454420 libssl.so.3->X509_verify_cert(0xaaaacc400f50, 1, 0, 0) = 1 <0.000213>
[pid 347] 14:57:43.454788 libssl.so.3->EVP_DigestSignInit_ex(0xaaaacc429d30, 0xffffc337e260, 0, 0) = 1 <0.000100>
[pid 347] 14:57:43.454934 libssl.so.3->EVP_DigestSign(0xaaaacc429d30, 0, 0xffffc337e270, 0xffffc337e280) = 1 <0.000173>
[pid 347] 14:57:43.455158 libssl.so.3->EVP_DigestSign(0xaaaacc429d30, 0xaaaacc40ad00, 0xffffc337e270, 0xffffc337e280) = 1 <0.000369>
[pid 347] 14:57:43.455784 <... SSL_connect resumed> ) = 1 <0.006596>
[pid 347] 14:57:43.456000 oqsprovider.so->OQS_KEM_free(0xaaaacc4089d0, 1, 7, 0xaaaacc312010) = 0xaaaacc312030 <0.000111>
Handshake duration: 6.76 ms
[pid 347] 14:57:43.457287 +++ exited (status 0) +++
Execution 75 - TLS Mutual
s_connection: verify depth is 1
[pid 349] 14:57:43.484796 openssl->SSL_connect(0xaaaae8f89070, 0xaaaae8f64998, 0xffff828240e0, 0 <unfinished ...>
[pid 349] 14:57:43.485116 libssl.so.3->EVP_PKEY_keygen_init(0xaaaae8f91bf0, 0, 0, 0xaaaae8f91c60) = 1 <0.000109>
[pid 349] 14:57:43.485273 libssl.so.3->EVP_PKEY_keygen(0xaaaae8f91bf0, 0xfffffef9f340, 0, 0 <unfinished ...>
[pid 349] 14:57:43.485374 oqsprovider.so->OQS_KEM_new(0xaaaae8f8ff90, 0xaaaae8f90990, 912, 0) = 0xaaaae8f909d0 <0.000093>
[pid 349] 14:57:43.485521 oqsprovider.so->OQS_KEM_keypair(0xaaaae8f909d0, 0xaaaae8f83990, 0xaaaae8f8b700, 0xaaaae8f8bd00) = 0 <0.000268>
[pid 349] 14:57:43.485838 <... EVP_PKEY_keygen resumed> ) = 1 <0.000561>
[pid 349] 14:57:43.487105 libssl.so.3->EVP_PKEY_decapsulate_init(0xaaaae8f91bf0, 0, 0, 0xaaaae8f91c60) = 1 <0.000182>
[pid 349] 14:57:43.487342 libssl.so.3->EVP_PKEY_decapsulate(0xaaaae8f91bf0, 0, 0xfffffef9f2c0, 0xaaaae8f93eba) = 1 <0.000175>
[pid 349] 14:57:43.487603 libssl.so.3->EVP_PKEY_decapsulate(0xaaaae8f91bf0, 0xaaaae8f90630, 0xfffffef9f2c0, 0xaaaae8f93eba <unfinished ...>
[pid 349] 14:57:43.487703 oqsprovider.so->OQS_KEM_decaps(0xaaaae8f909d0, 0xaaaae8f90630, 0xaaaae8f93eba, 0xaaaae8f8b700) = 0 <0.000128>
[pid 349] 14:57:43.487890 <... EVP_PKEY_decapsulate resumed> ) = 1 <0.000305>
[pid 349] 14:57:43.488555 libssl.so.3->X509_verify_cert(0xaaaae8f88f50, 0, 0, 0xffffffff) = 1 <0.000295>
[pid 349] 14:57:43.489065 libssl.so.3->EVP_DigestVerifyInit_ex(0xaaaae8eb7750, 0xfffffef9f3c8, 0, 0) = 1 <0.000109>
[pid 349] 14:57:43.489231 libssl.so.3->EVP_DigestVerify(0xaaaae8eb7750, 0xaaaae8f93e68, 2420, 0xfffffef9f3d0) = 1 <0.000184>
[pid 349] 14:57:43.489621 libssl.so.3->X509_verify_cert(0xaaaae8f88f50, 1, 0, 0) = 1 <0.000205>
[pid 349] 14:57:43.490014 libssl.so.3->EVP_DigestSignInit_ex(0xaaaae8fb1d30, 0xfffffef9f3b0, 0, 0) = 1 <0.000115>
[pid 349] 14:57:43.490176 libssl.so.3->EVP_DigestSign(0xaaaae8fb1d30, 0, 0xfffffef9f3c0, 0xfffffef9f3d0) = 1 <0.000120>
[pid 349] 14:57:43.490352 libssl.so.3->EVP_DigestSign(0xaaaae8fb1d30, 0xaaaae8f92d00, 0xfffffef9f3c0, 0xfffffef9f3d0) = 1 <0.000308>
[pid 349] 14:57:43.490928 <... SSL_connect resumed> ) = 1 <0.006128>
[pid 349] 14:57:43.491189 oqsprovider.so->OQS_KEM_free(0xaaaae8f909d0, 1, 7, 0xaaaae8e9a010) = 0xaaaae8e9a030 <0.000116>
Handshake duration: 6.25 ms
[pid 349] 14:57:43.492546 +++ exited (status 0) +++
Execution 76 - TLS Mutual
s_connection: verify depth is 1
[pid 351] 14:57:43.520714 openssl->SSL_connect(0xaaaabb319070, 0xaaaabb2f4998, 0xffff851940e0, 0 <unfinished ...>
[pid 351] 14:57:43.521009 libssl.so.3->EVP_PKEY_keygen_init(0xaaaabb321bf0, 0, 0, 0xaaaabb321c60) = 1 <0.000187>
[pid 351] 14:57:43.521270 libssl.so.3->EVP_PKEY_keygen(0xaaaabb321bf0, 0xffffcafb7d10, 0, 0 <unfinished ...>
[pid 351] 14:57:43.521417 oqsprovider.so->OQS_KEM_new(0xaaaabb31ff90, 0xaaaabb320990, 912, 0) = 0xaaaabb3209d0 <0.000106>
[pid 351] 14:57:43.521652 oqsprovider.so->OQS_KEM_keypair(0xaaaabb3209d0, 0xaaaabb313990, 0xaaaabb31b700, 0xaaaabb31bd00) = 0 <0.000372>
[pid 351] 14:57:43.521995 <... EVP_PKEY_keygen resumed> ) = 1 <0.000722>
[pid 351] 14:57:43.523204 libssl.so.3->EVP_PKEY_decapsulate_init(0xaaaabb321bf0, 0, 0, 0xaaaabb321c60) = 1 <0.000165>
[pid 351] 14:57:43.523427 libssl.so.3->EVP_PKEY_decapsulate(0xaaaabb321bf0, 0, 0xffffcafb7c90, 0xaaaabb323eba) = 1 <0.000150>
[pid 351] 14:57:43.523624 libssl.so.3->EVP_PKEY_decapsulate(0xaaaabb321bf0, 0xaaaabb320630, 0xffffcafb7c90, 0xaaaabb323eba <unfinished ...>
[pid 351] 14:57:43.523760 oqsprovider.so->OQS_KEM_decaps(0xaaaabb3209d0, 0xaaaabb320630, 0xaaaabb323eba, 0xaaaabb31b700) = 0 <0.000223>
[pid 351] 14:57:43.524053 <... EVP_PKEY_decapsulate resumed> ) = 1 <0.000417>
[pid 351] 14:57:43.524696 libssl.so.3->X509_verify_cert(0xaaaabb318f50, 0, 0, 0xffffffff) = 1 <0.000299>
[pid 351] 14:57:43.525231 libssl.so.3->EVP_DigestVerifyInit_ex(0xaaaabb247750, 0xffffcafb7d98, 0, 0) = 1 <0.000124>
[pid 351] 14:57:43.525412 libssl.so.3->EVP_DigestVerify(0xaaaabb247750, 0xaaaabb323e68, 2420, 0xffffcafb7da0) = 1 <0.000239>
[pid 351] 14:57:43.525866 libssl.so.3->X509_verify_cert(0xaaaabb318f50, 1, 0, 0) = 1 <0.000202>
[pid 351] 14:57:43.526242 libssl.so.3->EVP_DigestSignInit_ex(0xaaaabb341d30, 0xffffcafb7d80, 0, 0) = 1 <0.000087>
[pid 351] 14:57:43.526405 libssl.so.3->EVP_DigestSign(0xaaaabb341d30, 0, 0xffffcafb7d90, 0xffffcafb7da0) = 1 <0.000147>
[pid 351] 14:57:43.526596 libssl.so.3->EVP_DigestSign(0xaaaabb341d30, 0xaaaabb322d00, 0xffffcafb7d90, 0xffffcafb7da0) = 1 <0.000738>
[pid 351] 14:57:43.527604 <... SSL_connect resumed> ) = 1 <0.006887>
[pid 351] 14:57:43.527832 oqsprovider.so->OQS_KEM_free(0xaaaabb3209d0, 1, 7, 0xaaaabb22a010) = 0xaaaabb22a030 <0.000098>
Handshake duration: 7.03 ms
[pid 351] 14:57:43.529214 +++ exited (status 0) +++
Execution 77 - TLS Mutual
s_connection: verify depth is 1
[pid 353] 14:57:43.556568 openssl->SSL_connect(0xaaaae500a070, 0xaaaae4fe5998, 0xffffb53140e0, 0 <unfinished ...>
[pid 353] 14:57:43.556947 libssl.so.3->EVP_PKEY_keygen_init(0xaaaae5012bf0, 0, 0, 0xaaaae5012c60) = 1 <0.000168>
[pid 353] 14:57:43.557174 libssl.so.3->EVP_PKEY_keygen(0xaaaae5012bf0, 0xfffff01e4080, 0, 0 <unfinished ...>
[pid 353] 14:57:43.557267 oqsprovider.so->OQS_KEM_new(0xaaaae5010f90, 0xaaaae5011990, 912, 0) = 0xaaaae50119d0 <0.000106>
[pid 353] 14:57:43.557427 oqsprovider.so->OQS_KEM_keypair(0xaaaae50119d0, 0xaaaae5004990, 0xaaaae500c700, 0xaaaae500cd00) = 0 <0.000281>
[pid 353] 14:57:43.557757 <... EVP_PKEY_keygen resumed> ) = 1 <0.000584>
[pid 353] 14:57:43.559010 libssl.so.3->EVP_PKEY_decapsulate_init(0xaaaae5012bf0, 0, 0, 0xaaaae5012c60) = 1 <0.000208>
[pid 353] 14:57:43.559274 libssl.so.3->EVP_PKEY_decapsulate(0xaaaae5012bf0, 0, 0xfffff01e4000, 0xaaaae5014eba) = 1 <0.000252>
[pid 353] 14:57:43.559577 libssl.so.3->EVP_PKEY_decapsulate(0xaaaae5012bf0, 0xaaaae5011630, 0xfffff01e4000, 0xaaaae5014eba <unfinished ...>
[pid 353] 14:57:43.559671 oqsprovider.so->OQS_KEM_decaps(0xaaaae50119d0, 0xaaaae5011630, 0xaaaae5014eba, 0xaaaae500c700) = 0 <0.000170>
[pid 353] 14:57:43.559898 <... EVP_PKEY_decapsulate resumed> ) = 1 <0.000316>
[pid 353] 14:57:43.560572 libssl.so.3->X509_verify_cert(0xaaaae5009f50, 0, 0, 0xffffffff) = 1 <0.000296>
[pid 353] 14:57:43.561097 libssl.so.3->EVP_DigestVerifyInit_ex(0xaaaae4f38750, 0xfffff01e4108, 0, 0) = 1 <0.000094>
[pid 353] 14:57:43.561249 libssl.so.3->EVP_DigestVerify(0xaaaae4f38750, 0xaaaae5014e68, 2420, 0xfffff01e4110) = 1 <0.000164>
[pid 353] 14:57:43.561644 libssl.so.3->X509_verify_cert(0xaaaae5009f50, 1, 0, 0) = 1 <0.000192>
[pid 353] 14:57:43.561998 libssl.so.3->EVP_DigestSignInit_ex(0xaaaae5032d30, 0xfffff01e40f0, 0, 0) = 1 <0.000111>
[pid 353] 14:57:43.562170 libssl.so.3->EVP_DigestSign(0xaaaae5032d30, 0, 0xfffff01e4100, 0xfffff01e4110) = 1 <0.000095>
[pid 353] 14:57:43.562325 libssl.so.3->EVP_DigestSign(0xaaaae5032d30, 0xaaaae5013d00, 0xfffff01e4100, 0xfffff01e4110) = 1 <0.000553>
[pid 353] 14:57:43.563132 <... SSL_connect resumed> ) = 1 <0.006558>
[pid 353] 14:57:43.563358 oqsprovider.so->OQS_KEM_free(0xaaaae50119d0, 1, 7, 0xaaaae4f1b010) = 0xaaaae4f1b030 <0.000142>
Handshake duration: 6.70 ms
[pid 353] 14:57:43.564684 +++ exited (status 0) +++
Execution 78 - TLS Mutual
s_connection: verify depth is 1
[pid 355] 14:57:43.591980 openssl->SSL_connect(0xaaaaed6f5070, 0xaaaaed6d0998, 0xffff90b440e0, 0 <unfinished ...>
[pid 355] 14:57:43.592273 libssl.so.3->EVP_PKEY_keygen_init(0xaaaaed6fdbf0, 0, 0, 0xaaaaed6fdc60) = 1 <0.000131>
[pid 355] 14:57:43.592468 libssl.so.3->EVP_PKEY_keygen(0xaaaaed6fdbf0, 0xffffeb268e50, 0, 0 <unfinished ...>
[pid 355] 14:57:43.592713 oqsprovider.so->OQS_KEM_new(0xaaaaed6fbf90, 0xaaaaed6fc990, 912, 0) = 0xaaaaed6fc9d0 <0.000174>
[pid 355] 14:57:43.592973 oqsprovider.so->OQS_KEM_keypair(0xaaaaed6fc9d0, 0xaaaaed6ef990, 0xaaaaed6f7700, 0xaaaaed6f7d00) = 0 <0.000347>
[pid 355] 14:57:43.593381 <... EVP_PKEY_keygen resumed> ) = 1 <0.000907>
[pid 355] 14:57:43.594585 libssl.so.3->EVP_PKEY_decapsulate_init(0xaaaaed6fdbf0, 0, 0, 0xaaaaed6fdc60) = 1 <0.000146>
[pid 355] 14:57:43.594774 libssl.so.3->EVP_PKEY_decapsulate(0xaaaaed6fdbf0, 0, 0xffffeb268dd0, 0xaaaaed6ffeba) = 1 <0.000092>
[pid 355] 14:57:43.594931 libssl.so.3->EVP_PKEY_decapsulate(0xaaaaed6fdbf0, 0xaaaaed6fc630, 0xffffeb268dd0, 0xaaaaed6ffeba <unfinished ...>
[pid 355] 14:57:43.595048 oqsprovider.so->OQS_KEM_decaps(0xaaaaed6fc9d0, 0xaaaaed6fc630, 0xaaaaed6ffeba, 0xaaaaed6f7700) = 0 <0.000150>
[pid 355] 14:57:43.595257 <... EVP_PKEY_decapsulate resumed> ) = 1 <0.000320>
[pid 355] 14:57:43.595931 libssl.so.3->X509_verify_cert(0xaaaaed6f4f50, 0, 0, 0xffffffff) = 1 <0.000275>
[pid 355] 14:57:43.596433 libssl.so.3->EVP_DigestVerifyInit_ex(0xaaaaed623750, 0xffffeb268ed8, 0, 0) = 1 <0.000110>
[pid 355] 14:57:43.596621 libssl.so.3->EVP_DigestVerify(0xaaaaed623750, 0xaaaaed6ffe68, 2420, 0xffffeb268ee0) = 1 <0.000183>
[pid 355] 14:57:43.597047 libssl.so.3->X509_verify_cert(0xaaaaed6f4f50, 1, 0, 0) = 1 <0.000221>
[pid 355] 14:57:43.597419 libssl.so.3->EVP_DigestSignInit_ex(0xaaaaed71dd30, 0xffffeb268ec0, 0, 0) = 1 <0.000098>
[pid 355] 14:57:43.597573 libssl.so.3->EVP_DigestSign(0xaaaaed71dd30, 0, 0xffffeb268ed0, 0xffffeb268ee0) = 1 <0.000122>
[pid 355] 14:57:43.597736 libssl.so.3->EVP_DigestSign(0xaaaaed71dd30, 0xaaaaed6fed00, 0xffffeb268ed0, 0xffffeb268ee0) = 1 <0.000414>
[pid 355] 14:57:43.598441 <... SSL_connect resumed> ) = 1 <0.006457>
[pid 355] 14:57:43.598671 oqsprovider.so->OQS_KEM_free(0xaaaaed6fc9d0, 1, 7, 0xaaaaed606010) = 0xaaaaed606030 <0.000116>
Handshake duration: 6.58 ms
[pid 355] 14:57:43.599962 +++ exited (status 0) +++
Execution 79 - TLS Mutual
s_connection: verify depth is 1
[pid 357] 14:57:43.627032 openssl->SSL_connect(0xaaaafd2f0070, 0xaaaafd2cb998, 0xffffa39640e0, 0 <unfinished ...>
[pid 357] 14:57:43.627341 libssl.so.3->EVP_PKEY_keygen_init(0xaaaafd2f8bf0, 0, 0, 0xaaaafd2f8c60) = 1 <0.000115>
[pid 357] 14:57:43.627542 libssl.so.3->EVP_PKEY_keygen(0xaaaafd2f8bf0, 0xffffe8ad7a20, 0, 0 <unfinished ...>
[pid 357] 14:57:43.627672 oqsprovider.so->OQS_KEM_new(0xaaaafd2f6f90, 0xaaaafd2f7990, 912, 0) = 0xaaaafd2f79d0 <0.000110>
[pid 357] 14:57:43.627840 oqsprovider.so->OQS_KEM_keypair(0xaaaafd2f79d0, 0xaaaafd2ea990, 0xaaaafd2f2700, 0xaaaafd2f2d00) = 0 <0.000261>
[pid 357] 14:57:43.628171 <... EVP_PKEY_keygen resumed> ) = 1 <0.000625>
[pid 357] 14:57:43.629362 libssl.so.3->EVP_PKEY_decapsulate_init(0xaaaafd2f8bf0, 0, 0, 0xaaaafd2f8c60) = 1 <0.000140>
[pid 357] 14:57:43.629555 libssl.so.3->EVP_PKEY_decapsulate(0xaaaafd2f8bf0, 0, 0xffffe8ad79a0, 0xaaaafd2faeba) = 1 <0.000111>
[pid 357] 14:57:43.629738 libssl.so.3->EVP_PKEY_decapsulate(0xaaaafd2f8bf0, 0xaaaafd2f7630, 0xffffe8ad79a0, 0xaaaafd2faeba <unfinished ...>
[pid 357] 14:57:43.629893 oqsprovider.so->OQS_KEM_decaps(0xaaaafd2f79d0, 0xaaaafd2f7630, 0xaaaafd2faeba, 0xaaaafd2f2700) = 0 <0.000195>
[pid 357] 14:57:43.630151 <... EVP_PKEY_decapsulate resumed> ) = 1 <0.000399>
[pid 357] 14:57:43.630787 libssl.so.3->X509_verify_cert(0xaaaafd2eff50, 0, 0, 0xffffffff) = 1 <0.000324>
[pid 357] 14:57:43.631361 libssl.so.3->EVP_DigestVerifyInit_ex(0xaaaafd21e750, 0xffffe8ad7aa8, 0, 0) = 1 <0.000118>
[pid 357] 14:57:43.631543 libssl.so.3->EVP_DigestVerify(0xaaaafd21e750, 0xaaaafd2fae68, 2420, 0xffffe8ad7ab0) = 1 <0.000276>
[pid 357] 14:57:43.632029 libssl.so.3->X509_verify_cert(0xaaaafd2eff50, 1, 0, 0) = 1 <0.000227>
[pid 357] 14:57:43.632438 libssl.so.3->EVP_DigestSignInit_ex(0xaaaafd318d30, 0xffffe8ad7a90, 0, 0) = 1 <0.000124>
[pid 357] 14:57:43.632599 libssl.so.3->EVP_DigestSign(0xaaaafd318d30, 0, 0xffffe8ad7aa0, 0xffffe8ad7ab0) = 1 <0.000172>
[pid 357] 14:57:43.632836 libssl.so.3->EVP_DigestSign(0xaaaafd318d30, 0xaaaafd2f9d00, 0xffffe8ad7aa0, 0xffffe8ad7ab0) = 1 <0.000320>
[pid 357] 14:57:43.633439 <... SSL_connect resumed> ) = 1 <0.006402>
[pid 357] 14:57:43.633692 oqsprovider.so->OQS_KEM_free(0xaaaafd2f79d0, 1, 7, 0xaaaafd201010) = 0xaaaafd201030 <0.000095>
Handshake duration: 6.59 ms
[pid 357] 14:57:43.634974 +++ exited (status 0) +++
Execution 80 - TLS Mutual
s_connection: verify depth is 1
[pid 359] 14:57:43.662581 openssl->SSL_connect(0xaaab1dec1070, 0xaaab1de9c998, 0xffffa94440e0, 0 <unfinished ...>
[pid 359] 14:57:43.662867 libssl.so.3->EVP_PKEY_keygen_init(0xaaab1dec9bf0, 0, 0, 0xaaab1dec9c60) = 1 <0.000107>
[pid 359] 14:57:43.663036 libssl.so.3->EVP_PKEY_keygen(0xaaab1dec9bf0, 0xffffef2b6600, 0, 0 <unfinished ...>
[pid 359] 14:57:43.663166 oqsprovider.so->OQS_KEM_new(0xaaab1dec7f90, 0xaaab1dec8990, 912, 0) = 0xaaab1dec89d0 <0.000106>
[pid 359] 14:57:43.663319 oqsprovider.so->OQS_KEM_keypair(0xaaab1dec89d0, 0xaaab1debb990, 0xaaab1dec3700, 0xaaab1dec3d00) = 0 <0.000289>
[pid 359] 14:57:43.663662 <... EVP_PKEY_keygen resumed> ) = 1 <0.000622>
[pid 359] 14:57:43.664864 libssl.so.3->EVP_PKEY_decapsulate_init(0xaaab1dec9bf0, 0, 0, 0xaaab1dec9c60) = 1 <0.000164>
[pid 359] 14:57:43.665190 libssl.so.3->EVP_PKEY_decapsulate(0xaaab1dec9bf0, 0, 0xffffef2b6580, 0xaaab1decbeba) = 1 <0.000126>
[pid 359] 14:57:43.665369 libssl.so.3->EVP_PKEY_decapsulate(0xaaab1dec9bf0, 0xaaab1dec8630, 0xffffef2b6580, 0xaaab1decbeba <unfinished ...>
[pid 359] 14:57:43.665474 oqsprovider.so->OQS_KEM_decaps(0xaaab1dec89d0, 0xaaab1dec8630, 0xaaab1decbeba, 0xaaab1dec3700) = 0 <0.000139>
[pid 359] 14:57:43.665666 <... EVP_PKEY_decapsulate resumed> ) = 1 <0.000291>
[pid 359] 14:57:43.666395 libssl.so.3->X509_verify_cert(0xaaab1dec0f50, 0, 0, 0xffffffff) = 1 <0.000283>
[pid 359] 14:57:43.666892 libssl.so.3->EVP_DigestVerifyInit_ex(0xaaab1ddef750, 0xffffef2b6688, 0, 0) = 1 <0.000132>
[pid 359] 14:57:43.667048 libssl.so.3->EVP_DigestVerify(0xaaab1ddef750, 0xaaab1decbe68, 2420, 0xffffef2b6690) = 1 <0.000184>
[pid 359] 14:57:43.667432 libssl.so.3->X509_verify_cert(0xaaab1dec0f50, 1, 0, 0) = 1 <0.000188>
[pid 359] 14:57:43.667772 libssl.so.3->EVP_DigestSignInit_ex(0xaaab1dee9d30, 0xffffef2b6670, 0, 0) = 1 <0.000104>
[pid 359] 14:57:43.667930 libssl.so.3->EVP_DigestSign(0xaaab1dee9d30, 0, 0xffffef2b6680, 0xffffef2b6690) = 1 <0.000144>
[pid 359] 14:57:43.668116 libssl.so.3->EVP_DigestSign(0xaaab1dee9d30, 0xaaab1decad00, 0xffffef2b6680, 0xffffef2b6690) = 1 <0.000456>
[pid 359] 14:57:43.668827 <... SSL_connect resumed> ) = 1 <0.006241>
[pid 359] 14:57:43.669054 oqsprovider.so->OQS_KEM_free(0xaaab1dec89d0, 1, 7, 0xaaab1ddd2010) = 0xaaab1ddd2030 <0.000107>
Handshake duration: 6.38 ms
[pid 359] 14:57:43.670371 +++ exited (status 0) +++
Execution 81 - TLS Mutual
s_connection: verify depth is 1
[pid 361] 14:57:43.697812 openssl->SSL_connect(0xaaaace07d070, 0xaaaace058998, 0xffff873540e0, 0 <unfinished ...>
[pid 361] 14:57:43.698122 libssl.so.3->EVP_PKEY_keygen_init(0xaaaace085bf0, 0, 0, 0xaaaace085c60) = 1 <0.000134>
[pid 361] 14:57:43.698309 libssl.so.3->EVP_PKEY_keygen(0xaaaace085bf0, 0xffffd61b2020, 0, 0 <unfinished ...>
[pid 361] 14:57:43.698402 oqsprovider.so->OQS_KEM_new(0xaaaace083f90, 0xaaaace084990, 912, 0) = 0xaaaace0849d0 <0.000139>
[pid 361] 14:57:43.698650 oqsprovider.so->OQS_KEM_keypair(0xaaaace0849d0, 0xaaaace077990, 0xaaaace07f700, 0xaaaace07fd00) = 0 <0.000342>
[pid 361] 14:57:43.699053 <... EVP_PKEY_keygen resumed> ) = 1 <0.000728>
[pid 361] 14:57:43.700330 libssl.so.3->EVP_PKEY_decapsulate_init(0xaaaace085bf0, 0, 0, 0xaaaace085c60) = 1 <0.000225>
[pid 361] 14:57:43.700606 libssl.so.3->EVP_PKEY_decapsulate(0xaaaace085bf0, 0, 0xffffd61b1fa0, 0xaaaace087eba) = 1 <0.000156>
[pid 361] 14:57:43.700820 libssl.so.3->EVP_PKEY_decapsulate(0xaaaace085bf0, 0xaaaace084630, 0xffffd61b1fa0, 0xaaaace087eba <unfinished ...>
[pid 361] 14:57:43.700931 oqsprovider.so->OQS_KEM_decaps(0xaaaace0849d0, 0xaaaace084630, 0xaaaace087eba, 0xaaaace07f700) = 0 <0.000158>
[pid 361] 14:57:43.701137 <... EVP_PKEY_decapsulate resumed> ) = 1 <0.000314>
[pid 361] 14:57:43.701784 libssl.so.3->X509_verify_cert(0xaaaace07cf50, 0, 0, 0xffffffff) = 1 <0.000337>
[pid 361] 14:57:43.702331 libssl.so.3->EVP_DigestVerifyInit_ex(0xaaaacdfab750, 0xffffd61b20a8, 0, 0) = 1 <0.000109>
[pid 361] 14:57:43.702514 libssl.so.3->EVP_DigestVerify(0xaaaacdfab750, 0xaaaace087e68, 2420, 0xffffd61b20b0) = 1 <0.000246>
[pid 361] 14:57:43.702961 libssl.so.3->X509_verify_cert(0xaaaace07cf50, 1, 0, 0) = 1 <0.000210>
[pid 361] 14:57:43.703353 libssl.so.3->EVP_DigestSignInit_ex(0xaaaace0a5d30, 0xffffd61b2090, 0, 0) = 1 <0.000099>
[pid 361] 14:57:43.703501 libssl.so.3->EVP_DigestSign(0xaaaace0a5d30, 0, 0xffffd61b20a0, 0xffffd61b20b0) = 1 <0.000110>
[pid 361] 14:57:43.703653 libssl.so.3->EVP_DigestSign(0xaaaace0a5d30, 0xaaaace086d00, 0xffffd61b20a0, 0xffffd61b20b0) = 1 <0.000384>
[pid 361] 14:57:43.704338 <... SSL_connect resumed> ) = 1 <0.006521>
[pid 361] 14:57:43.704531 oqsprovider.so->OQS_KEM_free(0xaaaace0849d0, 1, 7, 0xaaaacdf8e010) = 0xaaaacdf8e030 <0.000113>
Handshake duration: 6.66 ms
[pid 361] 14:57:43.705804 +++ exited (status 0) +++
Execution 82 - TLS Mutual
s_connection: verify depth is 1
[pid 363] 14:57:43.733078 openssl->SSL_connect(0xaaaaefd9d070, 0xaaaaefd78998, 0xffffb27840e0, 0 <unfinished ...>
[pid 363] 14:57:43.733367 libssl.so.3->EVP_PKEY_keygen_init(0xaaaaefda5bf0, 0, 0, 0xaaaaefda5c60) = 1 <0.000096>
[pid 363] 14:57:43.733525 libssl.so.3->EVP_PKEY_keygen(0xaaaaefda5bf0, 0xffffdec41400, 0, 0 <unfinished ...>
[pid 363] 14:57:43.733701 oqsprovider.so->OQS_KEM_new(0xaaaaefda3f90, 0xaaaaefda4990, 912, 0) = 0xaaaaefda49d0 <0.000100>
[pid 363] 14:57:43.733857 oqsprovider.so->OQS_KEM_keypair(0xaaaaefda49d0, 0xaaaaefd97990, 0xaaaaefd9f700, 0xaaaaefd9fd00) = 0 <0.000330>
[pid 363] 14:57:43.734246 <... EVP_PKEY_keygen resumed> ) = 1 <0.000720>
[pid 363] 14:57:43.735485 libssl.so.3->EVP_PKEY_decapsulate_init(0xaaaaefda5bf0, 0, 0, 0xaaaaefda5c60) = 1 <0.000169>
[pid 363] 14:57:43.735704 libssl.so.3->EVP_PKEY_decapsulate(0xaaaaefda5bf0, 0, 0xffffdec41380, 0xaaaaefda7eba) = 1 <0.000094>
[pid 363] 14:57:43.735871 libssl.so.3->EVP_PKEY_decapsulate(0xaaaaefda5bf0, 0xaaaaefda4630, 0xffffdec41380, 0xaaaaefda7eba <unfinished ...>
[pid 363] 14:57:43.735985 oqsprovider.so->OQS_KEM_decaps(0xaaaaefda49d0, 0xaaaaefda4630, 0xaaaaefda7eba, 0xaaaaefd9f700) = 0 <0.000165>
[pid 363] 14:57:43.736194 <... EVP_PKEY_decapsulate resumed> ) = 1 <0.000320>
[pid 363] 14:57:43.736852 libssl.so.3->X509_verify_cert(0xaaaaefd9cf50, 0, 0, 0xffffffff) = 1 <0.000319>
[pid 363] 14:57:43.737391 libssl.so.3->EVP_DigestVerifyInit_ex(0xaaaaefccb750, 0xffffdec41488, 0, 0) = 1 <0.000281>
[pid 363] 14:57:43.737739 libssl.so.3->EVP_DigestVerify(0xaaaaefccb750, 0xaaaaefda7e68, 2420, 0xffffdec41490) = 1 <0.000189>
[pid 363] 14:57:43.738164 libssl.so.3->X509_verify_cert(0xaaaaefd9cf50, 1, 0, 0) = 1 <0.000196>
[pid 363] 14:57:43.738554 libssl.so.3->EVP_DigestSignInit_ex(0xaaaaefdc5d30, 0xffffdec41470, 0, 0) = 1 <0.000110>
[pid 363] 14:57:43.738704 libssl.so.3->EVP_DigestSign(0xaaaaefdc5d30, 0, 0xffffdec41480, 0xffffdec41490) = 1 <0.000123>
[pid 363] 14:57:43.738892 libssl.so.3->EVP_DigestSign(0xaaaaefdc5d30, 0xaaaaefda6d00, 0xffffdec41480, 0xffffdec41490) = 1 <0.000636>
[pid 363] 14:57:43.739820 <... SSL_connect resumed> ) = 1 <0.006739>
[pid 363] 14:57:43.740033 oqsprovider.so->OQS_KEM_free(0xaaaaefda49d0, 1, 7, 0xaaaaefcae010) = 0xaaaaefcae030 <0.000130>
Handshake duration: 6.89 ms
[pid 363] 14:57:43.741380 +++ exited (status 0) +++
Execution 83 - TLS Mutual
s_connection: verify depth is 1
[pid 365] 14:57:43.768728 openssl->SSL_connect(0xaaaae4516070, 0xaaaae44f1998, 0xffff8f7a40e0, 0 <unfinished ...>
[pid 365] 14:57:43.769005 libssl.so.3->EVP_PKEY_keygen_init(0xaaaae451ebf0, 0, 0, 0xaaaae451ec60) = 1 <0.000131>
[pid 365] 14:57:43.769214 libssl.so.3->EVP_PKEY_keygen(0xaaaae451ebf0, 0xffffcacec2a0, 0, 0 <unfinished ...>
[pid 365] 14:57:43.769344 oqsprovider.so->OQS_KEM_new(0xaaaae451cf90, 0xaaaae451d990, 912, 0) = 0xaaaae451d9d0 <0.000133>
[pid 365] 14:57:43.769551 oqsprovider.so->OQS_KEM_keypair(0xaaaae451d9d0, 0xaaaae4510990, 0xaaaae4518700, 0xaaaae4518d00) = 0 <0.000265>
[pid 365] 14:57:43.769856 <... EVP_PKEY_keygen resumed> ) = 1 <0.000636>
[pid 365] 14:57:43.771079 libssl.so.3->EVP_PKEY_decapsulate_init(0xaaaae451ebf0, 0, 0, 0xaaaae451ec60) = 1 <0.000146>
[pid 365] 14:57:43.771297 libssl.so.3->EVP_PKEY_decapsulate(0xaaaae451ebf0, 0, 0xffffcacec220, 0xaaaae4520eba) = 1 <0.000216>
[pid 365] 14:57:43.771599 libssl.so.3->EVP_PKEY_decapsulate(0xaaaae451ebf0, 0xaaaae451d630, 0xffffcacec220, 0xaaaae4520eba <unfinished ...>
[pid 365] 14:57:43.771760 oqsprovider.so->OQS_KEM_decaps(0xaaaae451d9d0, 0xaaaae451d630, 0xaaaae4520eba, 0xaaaae4518700) = 0 <0.000151>
[pid 365] 14:57:43.771990 <... EVP_PKEY_decapsulate resumed> ) = 1 <0.000384>
[pid 365] 14:57:43.772738 libssl.so.3->X509_verify_cert(0xaaaae4515f50, 0, 0, 0xffffffff) = 1 <0.000339>
[pid 365] 14:57:43.773287 libssl.so.3->EVP_DigestVerifyInit_ex(0xaaaae4444750, 0xffffcacec328, 0, 0) = 1 <0.000112>
[pid 365] 14:57:43.773465 libssl.so.3->EVP_DigestVerify(0xaaaae4444750, 0xaaaae4520e68, 2420, 0xffffcacec330) = 1 <0.000269>
[pid 365] 14:57:43.773959 libssl.so.3->X509_verify_cert(0xaaaae4515f50, 1, 0, 0) = 1 <0.000182>
[pid 365] 14:57:43.774327 libssl.so.3->EVP_DigestSignInit_ex(0xaaaae453ed30, 0xffffcacec310, 0, 0) = 1 <0.000144>
[pid 365] 14:57:43.774513 libssl.so.3->EVP_DigestSign(0xaaaae453ed30, 0, 0xffffcacec320, 0xffffcacec330) = 1 <0.000101>
[pid 365] 14:57:43.774672 libssl.so.3->EVP_DigestSign(0xaaaae453ed30, 0xaaaae451fd00, 0xffffcacec320, 0xffffcacec330) = 1 <0.000351>
[pid 365] 14:57:43.775308 <... SSL_connect resumed> ) = 1 <0.006575>
[pid 365] 14:57:43.775501 oqsprovider.so->OQS_KEM_free(0xaaaae451d9d0, 1, 7, 0xaaaae4427010) = 0xaaaae4427030 <0.000127>
Handshake duration: 6.69 ms
[pid 365] 14:57:43.776764 +++ exited (status 0) +++
Execution 84 - TLS Mutual
s_connection: verify depth is 1
[pid 367] 14:57:43.804352 openssl->SSL_connect(0xaaaaea5c0070, 0xaaaaea59b998, 0xffffba7340e0, 0 <unfinished ...>
[pid 367] 14:57:43.804666 libssl.so.3->EVP_PKEY_keygen_init(0xaaaaea5c8bf0, 0, 0, 0xaaaaea5c8c60) = 1 <0.000109>
[pid 367] 14:57:43.804840 libssl.so.3->EVP_PKEY_keygen(0xaaaaea5c8bf0, 0xffffd65e65e0, 0, 0 <unfinished ...>
[pid 367] 14:57:43.804964 oqsprovider.so->OQS_KEM_new(0xaaaaea5c6f90, 0xaaaaea5c7990, 912, 0) = 0xaaaaea5c79d0 <0.000136>
[pid 367] 14:57:43.805151 oqsprovider.so->OQS_KEM_keypair(0xaaaaea5c79d0, 0xaaaaea5ba990, 0xaaaaea5c2700, 0xaaaaea5c2d00) = 0 <0.000259>
[pid 367] 14:57:43.805469 <... EVP_PKEY_keygen resumed> ) = 1 <0.000624>
[pid 367] 14:57:43.806622 libssl.so.3->EVP_PKEY_decapsulate_init(0xaaaaea5c8bf0, 0, 0, 0xaaaaea5c8c60) = 1 <0.000211>
[pid 367] 14:57:43.806888 libssl.so.3->EVP_PKEY_decapsulate(0xaaaaea5c8bf0, 0, 0xffffd65e6560, 0xaaaaea5caeba) = 1 <0.000247>
[pid 367] 14:57:43.807194 libssl.so.3->EVP_PKEY_decapsulate(0xaaaaea5c8bf0, 0xaaaaea5c7630, 0xffffd65e6560, 0xaaaaea5caeba <unfinished ...>
[pid 367] 14:57:43.807316 oqsprovider.so->OQS_KEM_decaps(0xaaaaea5c79d0, 0xaaaaea5c7630, 0xaaaaea5caeba, 0xaaaaea5c2700) = 0 <0.000149>
[pid 367] 14:57:43.807531 <... EVP_PKEY_decapsulate resumed> ) = 1 <0.000329>
[pid 367] 14:57:43.808182 libssl.so.3->X509_verify_cert(0xaaaaea5bff50, 0, 0, 0xffffffff) = 1 <0.000304>
[pid 367] 14:57:43.808742 libssl.so.3->EVP_DigestVerifyInit_ex(0xaaaaea4ee750, 0xffffd65e6668, 0, 0) = 1 <0.000121>
[pid 367] 14:57:43.808941 libssl.so.3->EVP_DigestVerify(0xaaaaea4ee750, 0xaaaaea5cae68, 2420, 0xffffd65e6670) = 1 <0.000267>
[pid 367] 14:57:43.809449 libssl.so.3->X509_verify_cert(0xaaaaea5bff50, 1, 0, 0) = 1 <0.000215>
[pid 367] 14:57:43.809831 libssl.so.3->EVP_DigestSignInit_ex(0xaaaaea5e8d30, 0xffffd65e6650, 0, 0) = 1 <0.000098>
[pid 367] 14:57:43.809975 libssl.so.3->EVP_DigestSign(0xaaaaea5e8d30, 0, 0xffffd65e6660, 0xffffd65e6670) = 1 <0.000110>
[pid 367] 14:57:43.810144 libssl.so.3->EVP_DigestSign(0xaaaaea5e8d30, 0xaaaaea5c9d00, 0xffffd65e6660, 0xffffd65e6670) = 1 <0.000326>
[pid 367] 14:57:43.810751 <... SSL_connect resumed> ) = 1 <0.006395>
[pid 367] 14:57:43.810998 oqsprovider.so->OQS_KEM_free(0xaaaaea5c79d0, 1, 7, 0xaaaaea4d1010) = 0xaaaaea4d1030 <0.000111>
Handshake duration: 6.54 ms
[pid 367] 14:57:43.812346 +++ exited (status 0) +++
Execution 85 - TLS Mutual
s_connection: verify depth is 1
[pid 369] 14:57:43.839828 openssl->SSL_connect(0xaaaad3b73070, 0xaaaad3b4e998, 0xffffa80840e0, 0 <unfinished ...>
[pid 369] 14:57:43.840139 libssl.so.3->EVP_PKEY_keygen_init(0xaaaad3b7bbf0, 0, 0, 0xaaaad3b7bc60) = 1 <0.000141>
[pid 369] 14:57:43.840330 libssl.so.3->EVP_PKEY_keygen(0xaaaad3b7bbf0, 0xffffc4143c80, 0, 0 <unfinished ...>
[pid 369] 14:57:43.840466 oqsprovider.so->OQS_KEM_new(0xaaaad3b79f90, 0xaaaad3b7a990, 912, 0) = 0xaaaad3b7a9d0 <0.000114>
[pid 369] 14:57:43.840639 oqsprovider.so->OQS_KEM_keypair(0xaaaad3b7a9d0, 0xaaaad3b6d990, 0xaaaad3b75700, 0xaaaad3b75d00) = 0 <0.000264>
[pid 369] 14:57:43.840959 <... EVP_PKEY_keygen resumed> ) = 1 <0.000624>
[pid 369] 14:57:43.842158 libssl.so.3->EVP_PKEY_decapsulate_init(0xaaaad3b7bbf0, 0, 0, 0xaaaad3b7bc60) = 1 <0.000129>
[pid 369] 14:57:43.842335 libssl.so.3->EVP_PKEY_decapsulate(0xaaaad3b7bbf0, 0, 0xffffc4143c00, 0xaaaad3b7deba) = 1 <0.000154>
[pid 369] 14:57:43.842534 libssl.so.3->EVP_PKEY_decapsulate(0xaaaad3b7bbf0, 0xaaaad3b7a630, 0xffffc4143c00, 0xaaaad3b7deba <unfinished ...>
[pid 369] 14:57:43.842721 oqsprovider.so->OQS_KEM_decaps(0xaaaad3b7a9d0, 0xaaaad3b7a630, 0xaaaad3b7deba, 0xaaaad3b75700) = 0 <0.000143>
[pid 369] 14:57:43.842914 <... EVP_PKEY_decapsulate resumed> ) = 1 <0.000372>
[pid 369] 14:57:43.843556 libssl.so.3->X509_verify_cert(0xaaaad3b72f50, 0, 0, 0xffffffff) = 1 <0.000304>
[pid 369] 14:57:43.844080 libssl.so.3->EVP_DigestVerifyInit_ex(0xaaaad3aa1750, 0xffffc4143d08, 0, 0) = 1 <0.000093>
[pid 369] 14:57:43.844253 libssl.so.3->EVP_DigestVerify(0xaaaad3aa1750, 0xaaaad3b7de68, 2420, 0xffffc4143d10) = 1 <0.000207>
[pid 369] 14:57:43.844683 libssl.so.3->X509_verify_cert(0xaaaad3b72f50, 1, 0, 0) = 1 <0.000199>
[pid 369] 14:57:43.845050 libssl.so.3->EVP_DigestSignInit_ex(0xaaaad3b9bd30, 0xffffc4143cf0, 0, 0) = 1 <0.000112>
[pid 369] 14:57:43.845226 libssl.so.3->EVP_DigestSign(0xaaaad3b9bd30, 0, 0xffffc4143d00, 0xffffc4143d10) = 1 <0.000105>
[pid 369] 14:57:43.845369 libssl.so.3->EVP_DigestSign(0xaaaad3b9bd30, 0xaaaad3b7cd00, 0xffffc4143d00, 0xffffc4143d10) = 1 <0.000382>
[pid 369] 14:57:43.845993 <... SSL_connect resumed> ) = 1 <0.006161>
[pid 369] 14:57:43.846280 oqsprovider.so->OQS_KEM_free(0xaaaad3b7a9d0, 1, 7, 0xaaaad3a84010) = 0xaaaad3a84030 <0.000110>
Handshake duration: 6.37 ms
[pid 369] 14:57:43.847556 +++ exited (status 0) +++
Execution 86 - TLS Mutual
s_connection: verify depth is 1
[pid 371] 14:57:43.875660 openssl->SSL_connect(0xaaab03ab1070, 0xaaab03a8c998, 0xffffb65040e0, 0 <unfinished ...>
[pid 371] 14:57:43.875952 libssl.so.3->EVP_PKEY_keygen_init(0xaaab03ab9bf0, 0, 0, 0xaaab03ab9c60) = 1 <0.000119>
[pid 371] 14:57:43.876154 libssl.so.3->EVP_PKEY_keygen(0xaaab03ab9bf0, 0xfffff99c8480, 0, 0 <unfinished ...>
[pid 371] 14:57:43.876311 oqsprovider.so->OQS_KEM_new(0xaaab03ab7f90, 0xaaab03ab8990, 912, 0) = 0xaaab03ab89d0 <0.000112>
[pid 371] 14:57:43.876472 oqsprovider.so->OQS_KEM_keypair(0xaaab03ab89d0, 0xaaab03aab990, 0xaaab03ab3700, 0xaaab03ab3d00) = 0 <0.000304>
[pid 371] 14:57:43.876836 <... EVP_PKEY_keygen resumed> ) = 1 <0.000677>
[pid 371] 14:57:43.878020 libssl.so.3->EVP_PKEY_decapsulate_init(0xaaab03ab9bf0, 0, 0, 0xaaab03ab9c60) = 1 <0.000209>
[pid 371] 14:57:43.878280 libssl.so.3->EVP_PKEY_decapsulate(0xaaab03ab9bf0, 0, 0xfffff99c8400, 0xaaab03abbeba) = 1 <0.000125>
[pid 371] 14:57:43.878475 libssl.so.3->EVP_PKEY_decapsulate(0xaaab03ab9bf0, 0xaaab03ab8630, 0xfffff99c8400, 0xaaab03abbeba <unfinished ...>
[pid 371] 14:57:43.878596 oqsprovider.so->OQS_KEM_decaps(0xaaab03ab89d0, 0xaaab03ab8630, 0xaaab03abbeba, 0xaaab03ab3700) = 0 <0.000161>
[pid 371] 14:57:43.878807 <... EVP_PKEY_decapsulate resumed> ) = 1 <0.000329>
[pid 371] 14:57:43.879488 libssl.so.3->X509_verify_cert(0xaaab03ab0f50, 0, 0, 0xffffffff) = 1 <0.000264>
[pid 371] 14:57:43.879973 libssl.so.3->EVP_DigestVerifyInit_ex(0xaaab039df750, 0xfffff99c8508, 0, 0) = 1 <0.000117>
[pid 371] 14:57:43.880146 libssl.so.3->EVP_DigestVerify(0xaaab039df750, 0xaaab03abbe68, 2420, 0xfffff99c8510) = 1 <0.000176>
[pid 371] 14:57:43.880554 libssl.so.3->X509_verify_cert(0xaaab03ab0f50, 1, 0, 0) = 1 <0.000202>
[pid 371] 14:57:43.880921 libssl.so.3->EVP_DigestSignInit_ex(0xaaab03ad9d30, 0xfffff99c84f0, 0, 0) = 1 <0.000093>
[pid 371] 14:57:43.881103 libssl.so.3->EVP_DigestSign(0xaaab03ad9d30, 0, 0xfffff99c8500, 0xfffff99c8510) = 1 <0.000106>
[pid 371] 14:57:43.881292 libssl.so.3->EVP_DigestSign(0xaaab03ad9d30, 0xaaab03abad00, 0xfffff99c8500, 0xfffff99c8510) = 1 <0.000318>
[pid 371] 14:57:43.881914 <... SSL_connect resumed> ) = 1 <0.006252>
[pid 371] 14:57:43.882157 oqsprovider.so->OQS_KEM_free(0xaaab03ab89d0, 1, 7, 0xaaab039c2010) = 0xaaab039c2030 <0.000103>
Handshake duration: 6.38 ms
[pid 371] 14:57:43.883494 +++ exited (status 0) +++
Execution 87 - TLS Mutual
s_connection: verify depth is 1
[pid 373] 14:57:43.911112 openssl->SSL_connect(0xaaaae0934070, 0xaaaae090f998, 0xffffaeef40e0, 0 <unfinished ...>
[pid 373] 14:57:43.911463 libssl.so.3->EVP_PKEY_keygen_init(0xaaaae093cbf0, 0, 0, 0xaaaae093cc60) = 1 <0.000106>
[pid 373] 14:57:43.911654 libssl.so.3->EVP_PKEY_keygen(0xaaaae093cbf0, 0xffffd9d843b0, 0, 0 <unfinished ...>
[pid 373] 14:57:43.911784 oqsprovider.so->OQS_KEM_new(0xaaaae093af90, 0xaaaae093b990, 912, 0) = 0xaaaae093b9d0 <0.000122>
[pid 373] 14:57:43.911960 oqsprovider.so->OQS_KEM_keypair(0xaaaae093b9d0, 0xaaaae092e990, 0xaaaae0936700, 0xaaaae0936d00) = 0 <0.000292>
[pid 373] 14:57:43.912314 <... EVP_PKEY_keygen resumed> ) = 1 <0.000654>
[pid 373] 14:57:43.913507 libssl.so.3->EVP_PKEY_decapsulate_init(0xaaaae093cbf0, 0, 0, 0xaaaae093cc60) = 1 <0.000154>
[pid 373] 14:57:43.913729 libssl.so.3->EVP_PKEY_decapsulate(0xaaaae093cbf0, 0, 0xffffd9d84330, 0xaaaae093eeba) = 1 <0.000134>
[pid 373] 14:57:43.913907 libssl.so.3->EVP_PKEY_decapsulate(0xaaaae093cbf0, 0xaaaae093b630, 0xffffd9d84330, 0xaaaae093eeba <unfinished ...>
[pid 373] 14:57:43.914060 oqsprovider.so->OQS_KEM_decaps(0xaaaae093b9d0, 0xaaaae093b630, 0xaaaae093eeba, 0xaaaae0936700) = 0 <0.000140>
[pid 373] 14:57:43.914275 <... EVP_PKEY_decapsulate resumed> ) = 1 <0.000363>
[pid 373] 14:57:43.915010 libssl.so.3->X509_verify_cert(0xaaaae0933f50, 0, 0, 0xffffffff) = 1 <0.000308>
[pid 373] 14:57:43.915532 libssl.so.3->EVP_DigestVerifyInit_ex(0xaaaae0862750, 0xffffd9d84438, 0, 0) = 1 <0.000122>
[pid 373] 14:57:43.915711 libssl.so.3->EVP_DigestVerify(0xaaaae0862750, 0xaaaae093ee68, 2420, 0xffffd9d84440) = 1 <0.000242>
[pid 373] 14:57:43.916187 libssl.so.3->X509_verify_cert(0xaaaae0933f50, 1, 0, 0) = 1 <0.000226>
[pid 373] 14:57:43.916609 libssl.so.3->EVP_DigestSignInit_ex(0xaaaae095cd30, 0xffffd9d84420, 0, 0) = 1 <0.000106>
[pid 373] 14:57:43.916796 libssl.so.3->EVP_DigestSign(0xaaaae095cd30, 0, 0xffffd9d84430, 0xffffd9d84440) = 1 <0.000241>
[pid 373] 14:57:43.917073 libssl.so.3->EVP_DigestSign(0xaaaae095cd30, 0xaaaae093dd00, 0xffffd9d84430, 0xffffd9d84440) = 1 <0.000330>
[pid 373] 14:57:43.917683 <... SSL_connect resumed> ) = 1 <0.006567>
[pid 373] 14:57:43.917875 oqsprovider.so->OQS_KEM_free(0xaaaae093b9d0, 1, 7, 0xaaaae0845010) = 0xaaaae0845030 <0.000095>
Handshake duration: 6.68 ms
[pid 373] 14:57:43.919156 +++ exited (status 0) +++
Execution 88 - TLS Mutual
s_connection: verify depth is 1
[pid 375] 14:57:43.946515 openssl->SSL_connect(0xaaaaf9f82070, 0xaaaaf9f5d998, 0xffffb16740e0, 0 <unfinished ...>
[pid 375] 14:57:43.946823 libssl.so.3->EVP_PKEY_keygen_init(0xaaaaf9f8abf0, 0, 0, 0xaaaaf9f8ac60) = 1 <0.000119>
[pid 375] 14:57:43.946998 libssl.so.3->EVP_PKEY_keygen(0xaaaaf9f8abf0, 0xffffd56b86e0, 0, 0 <unfinished ...>
[pid 375] 14:57:43.947204 oqsprovider.so->OQS_KEM_new(0xaaaaf9f88f90, 0xaaaaf9f89990, 912, 0) = 0xaaaaf9f899d0 <0.000124>
[pid 375] 14:57:43.947409 oqsprovider.so->OQS_KEM_keypair(0xaaaaf9f899d0, 0xaaaaf9f7c990, 0xaaaaf9f84700, 0xaaaaf9f84d00) = 0 <0.000383>
[pid 375] 14:57:43.947834 <... EVP_PKEY_keygen resumed> ) = 1 <0.000832>
[pid 375] 14:57:43.949033 libssl.so.3->EVP_PKEY_decapsulate_init(0xaaaaf9f8abf0, 0, 0, 0xaaaaf9f8ac60) = 1 <0.000166>
[pid 375] 14:57:43.949304 libssl.so.3->EVP_PKEY_decapsulate(0xaaaaf9f8abf0, 0, 0xffffd56b8660, 0xaaaaf9f8ceba) = 1 <0.000178>
[pid 375] 14:57:43.949542 libssl.so.3->EVP_PKEY_decapsulate(0xaaaaf9f8abf0, 0xaaaaf9f89630, 0xffffd56b8660, 0xaaaaf9f8ceba <unfinished ...>
[pid 375] 14:57:43.949655 oqsprovider.so->OQS_KEM_decaps(0xaaaaf9f899d0, 0xaaaaf9f89630, 0xaaaaf9f8ceba, 0xaaaaf9f84700) = 0 <0.000138>
[pid 375] 14:57:43.949848 <... EVP_PKEY_decapsulate resumed> ) = 1 <0.000303>
[pid 375] 14:57:43.950563 libssl.so.3->X509_verify_cert(0xaaaaf9f81f50, 0, 0, 0xffffffff) = 1 <0.000278>
[pid 375] 14:57:43.951066 libssl.so.3->EVP_DigestVerifyInit_ex(0xaaaaf9eb0750, 0xffffd56b8768, 0, 0) = 1 <0.000117>
[pid 375] 14:57:43.951217 libssl.so.3->EVP_DigestVerify(0xaaaaf9eb0750, 0xaaaaf9f8ce68, 2420, 0xffffd56b8770) = 1 <0.000185>
[pid 375] 14:57:43.951616 libssl.so.3->X509_verify_cert(0xaaaaf9f81f50, 1, 0, 0) = 1 <0.000204>
[pid 375] 14:57:43.951996 libssl.so.3->EVP_DigestSignInit_ex(0xaaaaf9faad30, 0xffffd56b8750, 0, 0) = 1 <0.000131>
[pid 375] 14:57:43.952178 libssl.so.3->EVP_DigestSign(0xaaaaf9faad30, 0, 0xffffd56b8760, 0xffffd56b8770) = 1 <0.000110>
[pid 375] 14:57:43.952338 libssl.so.3->EVP_DigestSign(0xaaaaf9faad30, 0xaaaaf9f8bd00, 0xffffd56b8760, 0xffffd56b8770) = 1 <0.000397>
[pid 375] 14:57:43.953005 <... SSL_connect resumed> ) = 1 <0.006483>
[pid 375] 14:57:43.953218 oqsprovider.so->OQS_KEM_free(0xaaaaf9f899d0, 1, 7, 0xaaaaf9e93010) = 0xaaaaf9e93030 <0.000114>
Handshake duration: 6.62 ms
[pid 375] 14:57:43.954589 +++ exited (status 0) +++
Execution 89 - TLS Mutual
s_connection: verify depth is 1
[pid 377] 14:57:43.981948 openssl->SSL_connect(0xaaaafd529070, 0xaaaafd504998, 0xffff818540e0, 0 <unfinished ...>
[pid 377] 14:57:43.982291 libssl.so.3->EVP_PKEY_keygen_init(0xaaaafd531bf0, 0, 0, 0xaaaafd531c60) = 1 <0.000125>
[pid 377] 14:57:43.982500 libssl.so.3->EVP_PKEY_keygen(0xaaaafd531bf0, 0xffffebed9fc0, 0, 0 <unfinished ...>
[pid 377] 14:57:43.982784 oqsprovider.so->OQS_KEM_new(0xaaaafd52ff90, 0xaaaafd530990, 912, 0) = 0xaaaafd5309d0 <0.000099>
[pid 377] 14:57:43.982960 oqsprovider.so->OQS_KEM_keypair(0xaaaafd5309d0, 0xaaaafd523990, 0xaaaafd52b700, 0xaaaafd52bd00) = 0 <0.000345>
[pid 377] 14:57:43.983371 <... EVP_PKEY_keygen resumed> ) = 1 <0.000884>
[pid 377] 14:57:43.984610 libssl.so.3->EVP_PKEY_decapsulate_init(0xaaaafd531bf0, 0, 0, 0xaaaafd531c60) = 1 <0.000138>
[pid 377] 14:57:43.984799 libssl.so.3->EVP_PKEY_decapsulate(0xaaaafd531bf0, 0, 0xffffebed9f40, 0xaaaafd533eba) = 1 <0.000125>
[pid 377] 14:57:43.984969 libssl.so.3->EVP_PKEY_decapsulate(0xaaaafd531bf0, 0xaaaafd530630, 0xffffebed9f40, 0xaaaafd533eba <unfinished ...>
[pid 377] 14:57:43.985178 oqsprovider.so->OQS_KEM_decaps(0xaaaafd5309d0, 0xaaaafd530630, 0xaaaafd533eba, 0xaaaafd52b700) = 0 <0.000139>
[pid 377] 14:57:43.985376 <... EVP_PKEY_decapsulate resumed> ) = 1 <0.000395>
[pid 377] 14:57:43.986064 libssl.so.3->X509_verify_cert(0xaaaafd528f50, 0, 0, 0xffffffff) = 1 <0.000310>
[pid 377] 14:57:43.986586 libssl.so.3->EVP_DigestVerifyInit_ex(0xaaaafd457750, 0xffffebeda048, 0, 0) = 1 <0.000134>
[pid 377] 14:57:43.986767 libssl.so.3->EVP_DigestVerify(0xaaaafd457750, 0xaaaafd533e68, 2420, 0xffffebeda050) = 1 <0.000187>
[pid 377] 14:57:43.987175 libssl.so.3->X509_verify_cert(0xaaaafd528f50, 1, 0, 0) = 1 <0.000189>
[pid 377] 14:57:43.987529 libssl.so.3->EVP_DigestSignInit_ex(0xaaaafd551d30, 0xffffebeda030, 0, 0) = 1 <0.000107>
[pid 377] 14:57:43.987716 libssl.so.3->EVP_DigestSign(0xaaaafd551d30, 0, 0xffffebeda040, 0xffffebeda050) = 1 <0.000129>
[pid 377] 14:57:43.987885 libssl.so.3->EVP_DigestSign(0xaaaafd551d30, 0xaaaafd532d00, 0xffffebeda040, 0xffffebeda050) = 1 <0.000608>
[pid 377] 14:57:43.988776 <... SSL_connect resumed> ) = 1 <0.006824>
[pid 377] 14:57:43.988980 oqsprovider.so->OQS_KEM_free(0xaaaafd5309d0, 1, 7, 0xaaaafd43a010) = 0xaaaafd43a030 <0.000117>
Handshake duration: 6.96 ms
[pid 377] 14:57:43.990177 +++ exited (status 0) +++
Execution 90 - TLS Mutual
s_connection: verify depth is 1
[pid 379] 14:57:44.017648 openssl->SSL_connect(0xaaaae2dd5070, 0xaaaae2db0998, 0xffffa65640e0, 0 <unfinished ...>
[pid 379] 14:57:44.017961 libssl.so.3->EVP_PKEY_keygen_init(0xaaaae2dddbf0, 0, 0, 0xaaaae2dddc60) = 1 <0.000127>
[pid 379] 14:57:44.018142 libssl.so.3->EVP_PKEY_keygen(0xaaaae2dddbf0, 0xffffc252d2f0, 0, 0 <unfinished ...>
[pid 379] 14:57:44.018272 oqsprovider.so->OQS_KEM_new(0xaaaae2ddbf90, 0xaaaae2ddc990, 912, 0) = 0xaaaae2ddc9d0 <0.000126>
[pid 379] 14:57:44.018479 oqsprovider.so->OQS_KEM_keypair(0xaaaae2ddc9d0, 0xaaaae2dcf990, 0xaaaae2dd7700, 0xaaaae2dd7d00) = 0 <0.000358>
[pid 379] 14:57:44.018898 <... EVP_PKEY_keygen resumed> ) = 1 <0.000750>
[pid 379] 14:57:44.020198 libssl.so.3->EVP_PKEY_decapsulate_init(0xaaaae2dddbf0, 0, 0, 0xaaaae2dddc60) = 1 <0.000233>
[pid 379] 14:57:44.020477 libssl.so.3->EVP_PKEY_decapsulate(0xaaaae2dddbf0, 0, 0xffffc252d270, 0xaaaae2ddfeba) = 1 <0.000134>
[pid 379] 14:57:44.020655 libssl.so.3->EVP_PKEY_decapsulate(0xaaaae2dddbf0, 0xaaaae2ddc630, 0xffffc252d270, 0xaaaae2ddfeba <unfinished ...>
[pid 379] 14:57:44.020764 oqsprovider.so->OQS_KEM_decaps(0xaaaae2ddc9d0, 0xaaaae2ddc630, 0xaaaae2ddfeba, 0xaaaae2dd7700) = 0 <0.000141>
[pid 379] 14:57:44.020968 <... EVP_PKEY_decapsulate resumed> ) = 1 <0.000303>
[pid 379] 14:57:44.021684 libssl.so.3->X509_verify_cert(0xaaaae2dd4f50, 0, 0, 0xffffffff) = 1 <0.000291>
[pid 379] 14:57:44.022169 libssl.so.3->EVP_DigestVerifyInit_ex(0xaaaae2d03750, 0xffffc252d378, 0, 0) = 1 <0.000128>
[pid 379] 14:57:44.022344 libssl.so.3->EVP_DigestVerify(0xaaaae2d03750, 0xaaaae2ddfe68, 2420, 0xffffc252d380) = 1 <0.000167>
[pid 379] 14:57:44.022709 libssl.so.3->X509_verify_cert(0xaaaae2dd4f50, 1, 0, 0) = 1 <0.000184>
[pid 379] 14:57:44.023063 libssl.so.3->EVP_DigestSignInit_ex(0xaaaae2dfdd30, 0xffffc252d360, 0, 0) = 1 <0.000100>
[pid 379] 14:57:44.023228 libssl.so.3->EVP_DigestSign(0xaaaae2dfdd30, 0, 0xffffc252d370, 0xffffc252d380) = 1 <0.000172>
[pid 379] 14:57:44.023466 libssl.so.3->EVP_DigestSign(0xaaaae2dfdd30, 0xaaaae2dded00, 0xffffc252d370, 0xffffc252d380) = 1 <0.000269>
[pid 379] 14:57:44.023959 <... SSL_connect resumed> ) = 1 <0.006307>
[pid 379] 14:57:44.024202 oqsprovider.so->OQS_KEM_free(0xaaaae2ddc9d0, 1, 7, 0xaaaae2ce6010) = 0xaaaae2ce6030 <0.000111>
Handshake duration: 6.48 ms
[pid 379] 14:57:44.025563 +++ exited (status 0) +++
Execution 91 - TLS Mutual
s_connection: verify depth is 1
[pid 381] 14:57:44.052905 openssl->SSL_connect(0xaaaaf5012070, 0xaaaaf4fed998, 0xffff817940e0, 0 <unfinished ...>
[pid 381] 14:57:44.053205 libssl.so.3->EVP_PKEY_keygen_init(0xaaaaf501abf0, 0, 0, 0xaaaaf501ac60) = 1 <0.000100>
[pid 381] 14:57:44.053405 libssl.so.3->EVP_PKEY_keygen(0xaaaaf501abf0, 0xffffc409b980, 0, 0 <unfinished ...>
[pid 381] 14:57:44.053521 oqsprovider.so->OQS_KEM_new(0xaaaaf5018f90, 0xaaaaf5019990, 912, 0) = 0xaaaaf50199d0 <0.000131>
[pid 381] 14:57:44.053704 oqsprovider.so->OQS_KEM_keypair(0xaaaaf50199d0, 0xaaaaf500c990, 0xaaaaf5014700, 0xaaaaf5014d00) = 0 <0.000318>
[pid 381] 14:57:44.054103 <... EVP_PKEY_keygen resumed> ) = 1 <0.000694>
[pid 381] 14:57:44.055347 libssl.so.3->EVP_PKEY_decapsulate_init(0xaaaaf501abf0, 0, 0, 0xaaaaf501ac60) = 1 <0.000205>
[pid 381] 14:57:44.055590 libssl.so.3->EVP_PKEY_decapsulate(0xaaaaf501abf0, 0, 0xffffc409b900, 0xaaaaf501ceba) = 1 <0.000099>
[pid 381] 14:57:44.055746 libssl.so.3->EVP_PKEY_decapsulate(0xaaaaf501abf0, 0xaaaaf5019630, 0xffffc409b900, 0xaaaaf501ceba <unfinished ...>
[pid 381] 14:57:44.055858 oqsprovider.so->OQS_KEM_decaps(0xaaaaf50199d0, 0xaaaaf5019630, 0xaaaaf501ceba, 0xaaaaf5014700) = 0 <0.000161>
[pid 381] 14:57:44.056088 <... EVP_PKEY_decapsulate resumed> ) = 1 <0.000338>
[pid 381] 14:57:44.056741 libssl.so.3->X509_verify_cert(0xaaaaf5011f50, 0, 0, 0xffffffff) = 1 <0.000297>
[pid 381] 14:57:44.057279 libssl.so.3->EVP_DigestVerifyInit_ex(0xaaaaf4f40750, 0xffffc409ba08, 0, 0) = 1 <0.000117>
[pid 381] 14:57:44.057450 libssl.so.3->EVP_DigestVerify(0xaaaaf4f40750, 0xaaaaf501ce68, 2420, 0xffffc409ba10) = 1 <0.000160>
[pid 381] 14:57:44.057810 libssl.so.3->X509_verify_cert(0xaaaaf5011f50, 1, 0, 0) = 1 <0.000175>
[pid 381] 14:57:44.058172 libssl.so.3->EVP_DigestSignInit_ex(0xaaaaf503ad30, 0xffffc409b9f0, 0, 0) = 1 <0.000109>
[pid 381] 14:57:44.058337 libssl.so.3->EVP_DigestSign(0xaaaaf503ad30, 0, 0xffffc409ba00, 0xffffc409ba10) = 1 <0.000105>
[pid 381] 14:57:44.058501 libssl.so.3->EVP_DigestSign(0xaaaaf503ad30, 0xaaaaf501bd00, 0xffffc409ba00, 0xffffc409ba10) = 1 <0.000274>
[pid 381] 14:57:44.059002 <... SSL_connect resumed> ) = 1 <0.006093>
[pid 381] 14:57:44.059281 oqsprovider.so->OQS_KEM_free(0xaaaaf50199d0, 1, 7, 0xaaaaf4f23010) = 0xaaaaf4f23030 <0.000108>
Handshake duration: 6.29 ms
[pid 381] 14:57:44.060558 +++ exited (status 0) +++
Execution 92 - TLS Mutual
s_connection: verify depth is 1
[pid 383] 14:57:44.087775 openssl->SSL_connect(0xaaab22f16070, 0xaaab22ef1998, 0xffff8fd240e0, 0 <unfinished ...>
[pid 383] 14:57:44.088106 libssl.so.3->EVP_PKEY_keygen_init(0xaaab22f1ebf0, 0, 0, 0xaaab22f1ec60) = 1 <0.000130>
[pid 383] 14:57:44.088302 libssl.so.3->EVP_PKEY_keygen(0xaaab22f1ebf0, 0xffffef1d3a60, 0, 0 <unfinished ...>
[pid 383] 14:57:44.088444 oqsprovider.so->OQS_KEM_new(0xaaab22f1cf90, 0xaaab22f1d990, 912, 0) = 0xaaab22f1d9d0 <0.000138>
[pid 383] 14:57:44.088635 oqsprovider.so->OQS_KEM_keypair(0xaaab22f1d9d0, 0xaaab22f10990, 0xaaab22f18700, 0xaaab22f18d00) = 0 <0.000390>
[pid 383] 14:57:44.089085 <... EVP_PKEY_keygen resumed> ) = 1 <0.000796>
[pid 383] 14:57:44.090292 libssl.so.3->EVP_PKEY_decapsulate_init(0xaaab22f1ebf0, 0, 0, 0xaaab22f1ec60) = 1 <0.000138>
[pid 383] 14:57:44.090475 libssl.so.3->EVP_PKEY_decapsulate(0xaaab22f1ebf0, 0, 0xffffef1d39e0, 0xaaab22f20eba) = 1 <0.000185>
[pid 383] 14:57:44.090715 libssl.so.3->EVP_PKEY_decapsulate(0xaaab22f1ebf0, 0xaaab22f1d630, 0xffffef1d39e0, 0xaaab22f20eba <unfinished ...>
[pid 383] 14:57:44.090828 oqsprovider.so->OQS_KEM_decaps(0xaaab22f1d9d0, 0xaaab22f1d630, 0xaaab22f20eba, 0xaaab22f18700) = 0 <0.000158>
[pid 383] 14:57:44.091052 <... EVP_PKEY_decapsulate resumed> ) = 1 <0.000321>
[pid 383] 14:57:44.091722 libssl.so.3->X509_verify_cert(0xaaab22f15f50, 0, 0, 0xffffffff) = 1 <0.000286>
[pid 383] 14:57:44.092218 libssl.so.3->EVP_DigestVerifyInit_ex(0xaaab22e44750, 0xffffef1d3ae8, 0, 0) = 1 <0.000098>
[pid 383] 14:57:44.092350 libssl.so.3->EVP_DigestVerify(0xaaab22e44750, 0xaaab22f20e68, 2420, 0xffffef1d3af0) = 1 <0.000200>
[pid 383] 14:57:44.092759 libssl.so.3->X509_verify_cert(0xaaab22f15f50, 1, 0, 0) = 1 <0.000194>
[pid 383] 14:57:44.093165 libssl.so.3->EVP_DigestSignInit_ex(0xaaab22f3ed30, 0xffffef1d3ad0, 0, 0) = 1 <0.000115>
[pid 383] 14:57:44.093322 libssl.so.3->EVP_DigestSign(0xaaab22f3ed30, 0, 0xffffef1d3ae0, 0xffffef1d3af0) = 1 <0.000209>
[pid 383] 14:57:44.093601 libssl.so.3->EVP_DigestSign(0xaaab22f3ed30, 0xaaab22f1fd00, 0xffffef1d3ae0, 0xffffef1d3af0) = 1 <0.000387>
[pid 383] 14:57:44.094287 <... SSL_connect resumed> ) = 1 <0.006458>
[pid 383] 14:57:44.094556 oqsprovider.so->OQS_KEM_free(0xaaab22f1d9d0, 1, 7, 0xaaab22e27010) = 0xaaab22e27030 <0.000098>
Handshake duration: 6.68 ms
[pid 383] 14:57:44.095870 +++ exited (status 0) +++
Execution 93 - TLS Mutual
s_connection: verify depth is 1
[pid 385] 14:57:44.123275 openssl->SSL_connect(0xaaab0e6ba070, 0xaaab0e695998, 0xffff988240e0, 0 <unfinished ...>
[pid 385] 14:57:44.123588 libssl.so.3->EVP_PKEY_keygen_init(0xaaab0e6c2bf0, 0, 0, 0xaaab0e6c2c60) = 1 <0.000124>
[pid 385] 14:57:44.123820 libssl.so.3->EVP_PKEY_keygen(0xaaab0e6c2bf0, 0xfffff0d57ef0, 0, 0 <unfinished ...>
[pid 385] 14:57:44.124030 oqsprovider.so->OQS_KEM_new(0xaaab0e6c0f90, 0xaaab0e6c1990, 912, 0) = 0xaaab0e6c19d0 <0.000122>
[pid 385] 14:57:44.124201 oqsprovider.so->OQS_KEM_keypair(0xaaab0e6c19d0, 0xaaab0e6b4990, 0xaaab0e6bc700, 0xaaab0e6bcd00) = 0 <0.000307>
[pid 385] 14:57:44.124567 <... EVP_PKEY_keygen resumed> ) = 1 <0.000740>
[pid 385] 14:57:44.125754 libssl.so.3->EVP_PKEY_decapsulate_init(0xaaab0e6c2bf0, 0, 0, 0xaaab0e6c2c60) = 1 <0.000260>
[pid 385] 14:57:44.126082 libssl.so.3->EVP_PKEY_decapsulate(0xaaab0e6c2bf0, 0, 0xfffff0d57e70, 0xaaab0e6c4eba) = 1 <0.000115>
[pid 385] 14:57:44.126261 libssl.so.3->EVP_PKEY_decapsulate(0xaaab0e6c2bf0, 0xaaab0e6c1630, 0xfffff0d57e70, 0xaaab0e6c4eba <unfinished ...>
[pid 385] 14:57:44.126383 oqsprovider.so->OQS_KEM_decaps(0xaaab0e6c19d0, 0xaaab0e6c1630, 0xaaab0e6c4eba, 0xaaab0e6bc700) = 0 <0.000124>
[pid 385] 14:57:44.126586 <... EVP_PKEY_decapsulate resumed> ) = 1 <0.000303>
[pid 385] 14:57:44.127293 libssl.so.3->X509_verify_cert(0xaaab0e6b9f50, 0, 0, 0xffffffff) = 1 <0.000303>
[pid 385] 14:57:44.127813 libssl.so.3->EVP_DigestVerifyInit_ex(0xaaab0e5e8750, 0xfffff0d57f78, 0, 0) = 1 <0.000110>
[pid 385] 14:57:44.127977 libssl.so.3->EVP_DigestVerify(0xaaab0e5e8750, 0xaaab0e6c4e68, 2420, 0xfffff0d57f80) = 1 <0.000186>
[pid 385] 14:57:44.128409 libssl.so.3->X509_verify_cert(0xaaab0e6b9f50, 1, 0, 0) = 1 <0.000210>
[pid 385] 14:57:44.128814 libssl.so.3->EVP_DigestSignInit_ex(0xaaab0e6e2d30, 0xfffff0d57f60, 0, 0) = 1 <0.000120>
[pid 385] 14:57:44.128977 libssl.so.3->EVP_DigestSign(0xaaab0e6e2d30, 0, 0xfffff0d57f70, 0xfffff0d57f80) = 1 <0.000149>
[pid 385] 14:57:44.129191 libssl.so.3->EVP_DigestSign(0xaaab0e6e2d30, 0xaaab0e6c3d00, 0xfffff0d57f70, 0xfffff0d57f80) = 1 <0.000342>
[pid 385] 14:57:44.129785 <... SSL_connect resumed> ) = 1 <0.006504>
[pid 385] 14:57:44.129969 oqsprovider.so->OQS_KEM_free(0xaaab0e6c19d0, 1, 7, 0xaaab0e5cb010) = 0xaaab0e5cb030 <0.000126>
Handshake duration: 6.64 ms
[pid 385] 14:57:44.131374 +++ exited (status 0) +++
Execution 94 - TLS Mutual
s_connection: verify depth is 1
[pid 387] 14:57:44.159016 openssl->SSL_connect(0xaaaac9659070, 0xaaaac9634998, 0xffff917340e0, 0 <unfinished ...>
[pid 387] 14:57:44.159354 libssl.so.3->EVP_PKEY_keygen_init(0xaaaac9661bf0, 0, 0, 0xaaaac9661c60) = 1 <0.000122>
[pid 387] 14:57:44.159570 libssl.so.3->EVP_PKEY_keygen(0xaaaac9661bf0, 0xffffc22cdf90, 0, 0 <unfinished ...>
[pid 387] 14:57:44.159692 oqsprovider.so->OQS_KEM_new(0xaaaac965ff90, 0xaaaac9660990, 912, 0) = 0xaaaac96609d0 <0.000146>
[pid 387] 14:57:44.159923 oqsprovider.so->OQS_KEM_keypair(0xaaaac96609d0, 0xaaaac9653990, 0xaaaac965b700, 0xaaaac965bd00) = 0 <0.000335>
[pid 387] 14:57:44.160319 <... EVP_PKEY_keygen resumed> ) = 1 <0.000744>
[pid 387] 14:57:44.161538 libssl.so.3->EVP_PKEY_decapsulate_init(0xaaaac9661bf0, 0, 0, 0xaaaac9661c60) = 1 <0.000151>
[pid 387] 14:57:44.161744 libssl.so.3->EVP_PKEY_decapsulate(0xaaaac9661bf0, 0, 0xffffc22cdf10, 0xaaaac9663eba) = 1 <0.000172>
[pid 387] 14:57:44.161964 libssl.so.3->EVP_PKEY_decapsulate(0xaaaac9661bf0, 0xaaaac9660630, 0xffffc22cdf10, 0xaaaac9663eba <unfinished ...>
[pid 387] 14:57:44.162122 oqsprovider.so->OQS_KEM_decaps(0xaaaac96609d0, 0xaaaac9660630, 0xaaaac9663eba, 0xaaaac965b700) = 0 <0.000135>
[pid 387] 14:57:44.162327 <... EVP_PKEY_decapsulate resumed> ) = 1 <0.000359>
[pid 387] 14:57:44.162991 libssl.so.3->X509_verify_cert(0xaaaac9658f50, 0, 0, 0xffffffff) = 1 <0.000287>
[pid 387] 14:57:44.163509 libssl.so.3->EVP_DigestVerifyInit_ex(0xaaaac9587750, 0xffffc22ce018, 0, 0) = 1 <0.000134>
[pid 387] 14:57:44.163693 libssl.so.3->EVP_DigestVerify(0xaaaac9587750, 0xaaaac9663e68, 2420, 0xffffc22ce020) = 1 <0.000241>
[pid 387] 14:57:44.164164 libssl.so.3->X509_verify_cert(0xaaaac9658f50, 1, 0, 0) = 1 <0.000204>
[pid 387] 14:57:44.164553 libssl.so.3->EVP_DigestSignInit_ex(0xaaaac9681d30, 0xffffc22ce000, 0, 0) = 1 <0.000102>
[pid 387] 14:57:44.164724 libssl.so.3->EVP_DigestSign(0xaaaac9681d30, 0, 0xffffc22ce010, 0xffffc22ce020) = 1 <0.000138>
[pid 387] 14:57:44.164887 libssl.so.3->EVP_DigestSign(0xaaaac9681d30, 0xaaaac9662d00, 0xffffc22ce010, 0xffffc22ce020) = 1 <0.000391>
[pid 387] 14:57:44.165571 <... SSL_connect resumed> ) = 1 <0.006547>
[pid 387] 14:57:44.165813 oqsprovider.so->OQS_KEM_free(0xaaaac96609d0, 1, 7, 0xaaaac956a010) = 0xaaaac956a030 <0.000133>
Handshake duration: 6.67 ms
[pid 387] 14:57:44.167143 +++ exited (status 0) +++
Execution 95 - TLS Mutual
s_connection: verify depth is 1
[pid 389] 14:57:44.194350 openssl->SSL_connect(0xaaab073f5070, 0xaaab073d0998, 0xffffbdbc40e0, 0 <unfinished ...>
[pid 389] 14:57:44.194699 libssl.so.3->EVP_PKEY_keygen_init(0xaaab073fdbf0, 0, 0, 0xaaab073fdc60) = 1 <0.000155>
[pid 389] 14:57:44.194919 libssl.so.3->EVP_PKEY_keygen(0xaaab073fdbf0, 0xffffc80126e0, 0, 0 <unfinished ...>
[pid 389] 14:57:44.195053 oqsprovider.so->OQS_KEM_new(0xaaab073fbf90, 0xaaab073fc990, 912, 0) = 0xaaab073fc9d0 <0.000169>
[pid 389] 14:57:44.195301 oqsprovider.so->OQS_KEM_keypair(0xaaab073fc9d0, 0xaaab073ef990, 0xaaab073f7700, 0xaaab073f7d00) = 0 <0.000274>
[pid 389] 14:57:44.195625 <... EVP_PKEY_keygen resumed> ) = 1 <0.000698>
[pid 389] 14:57:44.196828 libssl.so.3->EVP_PKEY_decapsulate_init(0xaaab073fdbf0, 0, 0, 0xaaab073fdc60) = 1 <0.000151>
[pid 389] 14:57:44.197046 libssl.so.3->EVP_PKEY_decapsulate(0xaaab073fdbf0, 0, 0xffffc8012660, 0xaaab073ffeba) = 1 <0.000117>
[pid 389] 14:57:44.197225 libssl.so.3->EVP_PKEY_decapsulate(0xaaab073fdbf0, 0xaaab073fc630, 0xffffc8012660, 0xaaab073ffeba <unfinished ...>
[pid 389] 14:57:44.197314 oqsprovider.so->OQS_KEM_decaps(0xaaab073fc9d0, 0xaaab073fc630, 0xaaab073ffeba, 0xaaab073f7700) = 0 <0.000131>
[pid 389] 14:57:44.197515 <... EVP_PKEY_decapsulate resumed> ) = 1 <0.000285>
[pid 389] 14:57:44.198213 libssl.so.3->X509_verify_cert(0xaaab073f4f50, 0, 0, 0xffffffff) = 1 <0.000308>
[pid 389] 14:57:44.198751 libssl.so.3->EVP_DigestVerifyInit_ex(0xaaab07323750, 0xffffc8012768, 0, 0) = 1 <0.000132>
[pid 389] 14:57:44.198964 libssl.so.3->EVP_DigestVerify(0xaaab07323750, 0xaaab073ffe68, 2420, 0xffffc8012770) = 1 <0.000221>
[pid 389] 14:57:44.199394 libssl.so.3->X509_verify_cert(0xaaab073f4f50, 1, 0, 0) = 1 <0.000204>
[pid 389] 14:57:44.199750 libssl.so.3->EVP_DigestSignInit_ex(0xaaab0741dd30, 0xffffc8012750, 0, 0) = 1 <0.000100>
[pid 389] 14:57:44.199895 libssl.so.3->EVP_DigestSign(0xaaab0741dd30, 0, 0xffffc8012760, 0xffffc8012770) = 1 <0.000117>
[pid 389] 14:57:44.200054 libssl.so.3->EVP_DigestSign(0xaaab0741dd30, 0xaaab073fed00, 0xffffc8012760, 0xffffc8012770) = 1 <0.000321>
[pid 389] 14:57:44.200630 <... SSL_connect resumed> ) = 1 <0.006275>
[pid 389] 14:57:44.200869 oqsprovider.so->OQS_KEM_free(0xaaab073fc9d0, 1, 7, 0xaaab07306010) = 0xaaab07306030 <0.000109>
Handshake duration: 6.45 ms
[pid 389] 14:57:44.202134 +++ exited (status 0) +++
Execution 96 - TLS Mutual
s_connection: verify depth is 1
[pid 391] 14:57:44.229860 openssl->SSL_connect(0xaaaaf5882070, 0xaaaaf585d998, 0xffff883840e0, 0 <unfinished ...>
[pid 391] 14:57:44.230202 libssl.so.3->EVP_PKEY_keygen_init(0xaaaaf588abf0, 0, 0, 0xaaaaf588ac60) = 1 <0.000113>
[pid 391] 14:57:44.230402 libssl.so.3->EVP_PKEY_keygen(0xaaaaf588abf0, 0xffffd025ddc0, 0, 0 <unfinished ...>
[pid 391] 14:57:44.230515 oqsprovider.so->OQS_KEM_new(0xaaaaf5888f90, 0xaaaaf5889990, 912, 0) = 0xaaaaf58899d0 <0.000133>
[pid 391] 14:57:44.230744 oqsprovider.so->OQS_KEM_keypair(0xaaaaf58899d0, 0xaaaaf587c990, 0xaaaaf5884700, 0xaaaaf5884d00) = 0 <0.000315>
[pid 391] 14:57:44.231130 <... EVP_PKEY_keygen resumed> ) = 1 <0.000717>
[pid 391] 14:57:44.232351 libssl.so.3->EVP_PKEY_decapsulate_init(0xaaaaf588abf0, 0, 0, 0xaaaaf588ac60) = 1 <0.000183>
[pid 391] 14:57:44.232595 libssl.so.3->EVP_PKEY_decapsulate(0xaaaaf588abf0, 0, 0xffffd025dd40, 0xaaaaf588ceba) = 1 <0.000188>
[pid 391] 14:57:44.232828 libssl.so.3->EVP_PKEY_decapsulate(0xaaaaf588abf0, 0xaaaaf5889630, 0xffffd025dd40, 0xaaaaf588ceba <unfinished ...>
[pid 391] 14:57:44.233021 oqsprovider.so->OQS_KEM_decaps(0xaaaaf58899d0, 0xaaaaf5889630, 0xaaaaf588ceba, 0xaaaaf5884700) = 0 <0.000151>
[pid 391] 14:57:44.233259 <... EVP_PKEY_decapsulate resumed> ) = 1 <0.000426>
[pid 391] 14:57:44.233922 libssl.so.3->X509_verify_cert(0xaaaaf5881f50, 0, 0, 0xffffffff) = 1 <0.000313>
[pid 391] 14:57:44.234438 libssl.so.3->EVP_DigestVerifyInit_ex(0xaaaaf57b0750, 0xffffd025de48, 0, 0) = 1 <0.000101>
[pid 391] 14:57:44.234592 libssl.so.3->EVP_DigestVerify(0xaaaaf57b0750, 0xaaaaf588ce68, 2420, 0xffffd025de50) = 1 <0.000177>
[pid 391] 14:57:44.234985 libssl.so.3->X509_verify_cert(0xaaaaf5881f50, 1, 0, 0) = 1 <0.000254>
[pid 391] 14:57:44.235406 libssl.so.3->EVP_DigestSignInit_ex(0xaaaaf58aad30, 0xffffd025de30, 0, 0) = 1 <0.000110>
[pid 391] 14:57:44.235565 libssl.so.3->EVP_DigestSign(0xaaaaf58aad30, 0, 0xffffd025de40, 0xffffd025de50) = 1 <0.000126>
[pid 391] 14:57:44.235755 libssl.so.3->EVP_DigestSign(0xaaaaf58aad30, 0xaaaaf588bd00, 0xffffd025de40, 0xffffd025de50) = 1 <0.000548>
[pid 391] 14:57:44.236558 <... SSL_connect resumed> ) = 1 <0.006693>
[pid 391] 14:57:44.236809 oqsprovider.so->OQS_KEM_free(0xaaaaf58899d0, 1, 7, 0xaaaaf5793010) = 0xaaaaf5793030 <0.000107>
Handshake duration: 6.87 ms
[pid 391] 14:57:44.238141 +++ exited (status 0) +++
Execution 97 - TLS Mutual
s_connection: verify depth is 1
[pid 393] 14:57:44.265410 openssl->SSL_connect(0xaaaaee997070, 0xaaaaee972998, 0xffff957b40e0, 0 <unfinished ...>
[pid 393] 14:57:44.265697 libssl.so.3->EVP_PKEY_keygen_init(0xaaaaee99fbf0, 0, 0, 0xaaaaee99fc60) = 1 <0.000130>
[pid 393] 14:57:44.265880 libssl.so.3->EVP_PKEY_keygen(0xaaaaee99fbf0, 0xffffd95c1370, 0, 0 <unfinished ...>
[pid 393] 14:57:44.266027 oqsprovider.so->OQS_KEM_new(0xaaaaee99df90, 0xaaaaee99e990, 912, 0) = 0xaaaaee99e9d0 <0.000167>
[pid 393] 14:57:44.266268 oqsprovider.so->OQS_KEM_keypair(0xaaaaee99e9d0, 0xaaaaee991990, 0xaaaaee999700, 0xaaaaee999d00) = 0 <0.000265>
[pid 393] 14:57:44.266589 <... EVP_PKEY_keygen resumed> ) = 1 <0.000703>
[pid 393] 14:57:44.267817 libssl.so.3->EVP_PKEY_decapsulate_init(0xaaaaee99fbf0, 0, 0, 0xaaaaee99fc60) = 1 <0.000146>
[pid 393] 14:57:44.268009 libssl.so.3->EVP_PKEY_decapsulate(0xaaaaee99fbf0, 0, 0xffffd95c12f0, 0xaaaaee9a1eba) = 1 <0.000102>
[pid 393] 14:57:44.268171 libssl.so.3->EVP_PKEY_decapsulate(0xaaaaee99fbf0, 0xaaaaee99e630, 0xffffd95c12f0, 0xaaaaee9a1eba <unfinished ...>
[pid 393] 14:57:44.268295 oqsprovider.so->OQS_KEM_decaps(0xaaaaee99e9d0, 0xaaaaee99e630, 0xaaaaee9a1eba, 0xaaaaee999700) = 0 <0.000147>
[pid 393] 14:57:44.268489 <... EVP_PKEY_decapsulate resumed> ) = 1 <0.000310>
[pid 393] 14:57:44.269202 libssl.so.3->X509_verify_cert(0xaaaaee996f50, 0, 0, 0xffffffff) = 1 <0.000292>
[pid 393] 14:57:44.269694 libssl.so.3->EVP_DigestVerifyInit_ex(0xaaaaee8c5750, 0xffffd95c13f8, 0, 0) = 1 <0.000145>
[pid 393] 14:57:44.269894 libssl.so.3->EVP_DigestVerify(0xaaaaee8c5750, 0xaaaaee9a1e68, 2420, 0xffffd95c1400) = 1 <0.000245>
[pid 393] 14:57:44.270344 libssl.so.3->X509_verify_cert(0xaaaaee996f50, 1, 0, 0) = 1 <0.000221>
[pid 393] 14:57:44.270723 libssl.so.3->EVP_DigestSignInit_ex(0xaaaaee9bfd30, 0xffffd95c13e0, 0, 0) = 1 <0.000155>
[pid 393] 14:57:44.270922 libssl.so.3->EVP_DigestSign(0xaaaaee9bfd30, 0, 0xffffd95c13f0, 0xffffd95c1400) = 1 <0.000113>
[pid 393] 14:57:44.271110 libssl.so.3->EVP_DigestSign(0xaaaaee9bfd30, 0xaaaaee9a0d00, 0xffffd95c13f0, 0xffffd95c1400) = 1 <0.000471>
[pid 393] 14:57:44.271860 <... SSL_connect resumed> ) = 1 <0.006446>
[pid 393] 14:57:44.272061 oqsprovider.so->OQS_KEM_free(0xaaaaee99e9d0, 1, 7, 0xaaaaee8a8010) = 0xaaaaee8a8030 <0.000089>
Handshake duration: 6.57 ms
[pid 393] 14:57:44.273346 +++ exited (status 0) +++
Execution 98 - TLS Mutual
s_connection: verify depth is 1
[pid 395] 14:57:44.301026 openssl->SSL_connect(0xaaaaddabe070, 0xaaaadda99998, 0xffff8b7c40e0, 0 <unfinished ...>
[pid 395] 14:57:44.301320 libssl.so.3->EVP_PKEY_keygen_init(0xaaaaddac6bf0, 0, 0, 0xaaaaddac6c60) = 1 <0.000110>
[pid 395] 14:57:44.301478 libssl.so.3->EVP_PKEY_keygen(0xaaaaddac6bf0, 0xffffc1f3dad0, 0, 0 <unfinished ...>
[pid 395] 14:57:44.301573 oqsprovider.so->OQS_KEM_new(0xaaaaddac4f90, 0xaaaaddac5990, 912, 0) = 0xaaaaddac59d0 <0.000106>
[pid 395] 14:57:44.301724 oqsprovider.so->OQS_KEM_keypair(0xaaaaddac59d0, 0xaaaaddab8990, 0xaaaaddac0700, 0xaaaaddac0d00) = 0 <0.000237>
[pid 395] 14:57:44.302019 <... EVP_PKEY_keygen resumed> ) = 1 <0.000537>
[pid 395] 14:57:44.303282 libssl.so.3->EVP_PKEY_decapsulate_init(0xaaaaddac6bf0, 0, 0, 0xaaaaddac6c60) = 1 <0.000147>
[pid 395] 14:57:44.303482 libssl.so.3->EVP_PKEY_decapsulate(0xaaaaddac6bf0, 0, 0xffffc1f3da50, 0xaaaaddac8eba) = 1 <0.000105>
[pid 395] 14:57:44.303641 libssl.so.3->EVP_PKEY_decapsulate(0xaaaaddac6bf0, 0xaaaaddac5630, 0xffffc1f3da50, 0xaaaaddac8eba <unfinished ...>
[pid 395] 14:57:44.303844 oqsprovider.so->OQS_KEM_decaps(0xaaaaddac59d0, 0xaaaaddac5630, 0xaaaaddac8eba, 0xaaaaddac0700) = 0 <0.000157>
[pid 395] 14:57:44.304059 <... EVP_PKEY_decapsulate resumed> ) = 1 <0.000412>
[pid 395] 14:57:44.304760 libssl.so.3->X509_verify_cert(0xaaaaddabdf50, 0, 0, 0xffffffff) = 1 <0.000322>
[pid 395] 14:57:44.305329 libssl.so.3->EVP_DigestVerifyInit_ex(0xaaaadd9ec750, 0xffffc1f3db58, 0, 0) = 1 <0.000108>
[pid 395] 14:57:44.305479 libssl.so.3->EVP_DigestVerify(0xaaaadd9ec750, 0xaaaaddac8e68, 2420, 0xffffc1f3db60) = 1 <0.000212>
[pid 395] 14:57:44.305919 libssl.so.3->X509_verify_cert(0xaaaaddabdf50, 1, 0, 0) = 1 <0.000238>
[pid 395] 14:57:44.306364 libssl.so.3->EVP_DigestSignInit_ex(0xaaaaddae6d30, 0xffffc1f3db40, 0, 0) = 1 <0.000113>
[pid 395] 14:57:44.306528 libssl.so.3->EVP_DigestSign(0xaaaaddae6d30, 0, 0xffffc1f3db50, 0xffffc1f3db60) = 1 <0.000116>
[pid 395] 14:57:44.306697 libssl.so.3->EVP_DigestSign(0xaaaaddae6d30, 0xaaaaddac7d00, 0xffffc1f3db50, 0xffffc1f3db60) = 1 <0.000386>
[pid 395] 14:57:44.307363 <... SSL_connect resumed> ) = 1 <0.006333>
[pid 395] 14:57:44.307572 oqsprovider.so->OQS_KEM_free(0xaaaaddac59d0, 1, 7, 0xaaaadd9cf010) = 0xaaaadd9cf030 <0.000112>
Handshake duration: 6.45 ms
[pid 395] 14:57:44.308939 +++ exited (status 0) +++
Execution 99 - TLS Mutual
s_connection: verify depth is 1
[pid 397] 14:57:44.336379 openssl->SSL_connect(0xaaaaf059f070, 0xaaaaf057a998, 0xffff842a40e0, 0 <unfinished ...>
[pid 397] 14:57:44.336683 libssl.so.3->EVP_PKEY_keygen_init(0xaaaaf05a7bf0, 0, 0, 0xaaaaf05a7c60) = 1 <0.000114>
[pid 397] 14:57:44.336861 libssl.so.3->EVP_PKEY_keygen(0xaaaaf05a7bf0, 0xfffff447ef60, 0, 0 <unfinished ...>
[pid 397] 14:57:44.336976 oqsprovider.so->OQS_KEM_new(0xaaaaf05a5f90, 0xaaaaf05a6990, 912, 0) = 0xaaaaf05a69d0 <0.000121>
[pid 397] 14:57:44.337158 oqsprovider.so->OQS_KEM_keypair(0xaaaaf05a69d0, 0xaaaaf0599990, 0xaaaaf05a1700, 0xaaaaf05a1d00) = 0 <0.000325>
[pid 397] 14:57:44.337528 <... EVP_PKEY_keygen resumed> ) = 1 <0.000664>
[pid 397] 14:57:44.338714 libssl.so.3->EVP_PKEY_decapsulate_init(0xaaaaf05a7bf0, 0, 0, 0xaaaaf05a7c60) = 1 <0.000167>
[pid 397] 14:57:44.338945 libssl.so.3->EVP_PKEY_decapsulate(0xaaaaf05a7bf0, 0, 0xfffff447eee0, 0xaaaaf05a9eba) = 1 <0.000121>
[pid 397] 14:57:44.339178 libssl.so.3->EVP_PKEY_decapsulate(0xaaaaf05a7bf0, 0xaaaaf05a6630, 0xfffff447eee0, 0xaaaaf05a9eba <unfinished ...>
[pid 397] 14:57:44.339295 oqsprovider.so->OQS_KEM_decaps(0xaaaaf05a69d0, 0xaaaaf05a6630, 0xaaaaf05a9eba, 0xaaaaf05a1700) = 0 <0.000190>
[pid 397] 14:57:44.339526 <... EVP_PKEY_decapsulate resumed> ) = 1 <0.000342>
[pid 397] 14:57:44.340203 libssl.so.3->X509_verify_cert(0xaaaaf059ef50, 0, 0, 0xffffffff) = 1 <0.000299>
[pid 397] 14:57:44.340714 libssl.so.3->EVP_DigestVerifyInit_ex(0xaaaaf04cd750, 0xfffff447efe8, 0, 0) = 1 <0.000145>
[pid 397] 14:57:44.340915 libssl.so.3->EVP_DigestVerify(0xaaaaf04cd750, 0xaaaaf05a9e68, 2420, 0xfffff447eff0) = 1 <0.000187>
[pid 397] 14:57:44.341312 libssl.so.3->X509_verify_cert(0xaaaaf059ef50, 1, 0, 0) = 1 <0.000187>
[pid 397] 14:57:44.341683 libssl.so.3->EVP_DigestSignInit_ex(0xaaaaf05c7d30, 0xfffff447efd0, 0, 0) = 1 <0.000114>
[pid 397] 14:57:44.341834 libssl.so.3->EVP_DigestSign(0xaaaaf05c7d30, 0, 0xfffff447efe0, 0xfffff447eff0) = 1 <0.000103>
[pid 397] 14:57:44.342058 libssl.so.3->EVP_DigestSign(0xaaaaf05c7d30, 0xaaaaf05a8d00, 0xfffff447efe0, 0xfffff447eff0) = 1 <0.000336>
[pid 397] 14:57:44.342697 <... SSL_connect resumed> ) = 1 <0.006313>
[pid 397] 14:57:44.342944 oqsprovider.so->OQS_KEM_free(0xaaaaf05a69d0, 1, 7, 0xaaaaf04b0010) = 0xaaaaf04b0030 <0.000169>
Handshake duration: 6.49 ms
[pid 397] 14:57:44.344255 +++ exited (status 0) +++
Execution 100 - TLS Mutual
s_connection: verify depth is 1
[pid 399] 14:57:44.372652 openssl->SSL_connect(0xaaab197f3070, 0xaaab197ce998, 0xffffa53140e0, 0 <unfinished ...>
[pid 399] 14:57:44.372967 libssl.so.3->EVP_PKEY_keygen_init(0xaaab197fbbf0, 0, 0, 0xaaab197fbc60) = 1 <0.000148>
[pid 399] 14:57:44.373167 libssl.so.3->EVP_PKEY_keygen(0xaaab197fbbf0, 0xfffff8ed1550, 0, 0 <unfinished ...>
[pid 399] 14:57:44.373368 oqsprovider.so->OQS_KEM_new(0xaaab197f9f90, 0xaaab197fa990, 912, 0) = 0xaaab197fa9d0 <0.000107>
[pid 399] 14:57:44.373557 oqsprovider.so->OQS_KEM_keypair(0xaaab197fa9d0, 0xaaab197ed990, 0xaaab197f5700, 0xaaab197f5d00) = 0 <0.000329>
[pid 399] 14:57:44.373953 <... EVP_PKEY_keygen resumed> ) = 1 <0.000770>
[pid 399] 14:57:44.375164 libssl.so.3->EVP_PKEY_decapsulate_init(0xaaab197fbbf0, 0, 0, 0xaaab197fbc60) = 1 <0.000241>
[pid 399] 14:57:44.375453 libssl.so.3->EVP_PKEY_decapsulate(0xaaab197fbbf0, 0, 0xfffff8ed14d0, 0xaaab197fdeba) = 1 <0.000092>
[pid 399] 14:57:44.375598 libssl.so.3->EVP_PKEY_decapsulate(0xaaab197fbbf0, 0xaaab197fa630, 0xfffff8ed14d0, 0xaaab197fdeba <unfinished ...>
[pid 399] 14:57:44.375701 oqsprovider.so->OQS_KEM_decaps(0xaaab197fa9d0, 0xaaab197fa630, 0xaaab197fdeba, 0xaaab197f5700) = 0 <0.000172>
[pid 399] 14:57:44.375932 <... EVP_PKEY_decapsulate resumed> ) = 1 <0.000324>
[pid 399] 14:57:44.376646 libssl.so.3->X509_verify_cert(0xaaab197f2f50, 0, 0, 0xffffffff) = 1 <0.000296>
[pid 399] 14:57:44.377168 libssl.so.3->EVP_DigestVerifyInit_ex(0xaaab19721750, 0xfffff8ed15d8, 0, 0) = 1 <0.000117>
[pid 399] 14:57:44.377332 libssl.so.3->EVP_DigestVerify(0xaaab19721750, 0xaaab197fde68, 2420, 0xfffff8ed15e0) = 1 <0.000190>
[pid 399] 14:57:44.377744 libssl.so.3->X509_verify_cert(0xaaab197f2f50, 1, 0, 0) = 1 <0.000204>
[pid 399] 14:57:44.378133 libssl.so.3->EVP_DigestSignInit_ex(0xaaab1981bd30, 0xfffff8ed15c0, 0, 0) = 1 <0.000102>
[pid 399] 14:57:44.378289 libssl.so.3->EVP_DigestSign(0xaaab1981bd30, 0, 0xfffff8ed15d0, 0xfffff8ed15e0) = 1 <0.000145>
[pid 399] 14:57:44.378484 libssl.so.3->EVP_DigestSign(0xaaab1981bd30, 0xaaab197fcd00, 0xfffff8ed15d0, 0xfffff8ed15e0) = 1 <0.000342>
[pid 399] 14:57:44.379098 <... SSL_connect resumed> ) = 1 <0.006441>
[pid 399] 14:57:44.379331 oqsprovider.so->OQS_KEM_free(0xaaab197fa9d0, 1, 7, 0xaaab19704010) = 0xaaab19704030 <0.000090>
Handshake duration: 6.61 ms
[pid 399] 14:57:44.380620 +++ exited (status 0) +++
Applying netem rules to lo...
Showing qdisc status for the interface: lo
qdisc netem 8017: root refcnt 2 limit 1000 seed 2912047291599454537
 Sent 0 bytes 0 pkt (dropped 0, overlimits 0 requeues 0) 
 backlog 0b 0p requeues 0
Running /opt/oqssa/perftestClientTlsQuic_ltrace.sh with SIG_ALG=mldsa44 and KEM_ALG=hqc128
Execution 1 - TLS Mutual
s_connection: verify depth is 1
[pid 201] 14:58:05.725029 openssl->SSL_connect(0xaaaaf9f3b070, 0xaaaaf9f16998, 0xffffb28140e0, 0 <unfinished ...>
[pid 201] 14:58:05.725372 libssl.so.3->EVP_PKEY_keygen_init(0xaaaaf9f43bf0, 0, 0, 0xaaaaf9f43c60) = 1 <0.000104>
[pid 201] 14:58:05.725631 libssl.so.3->EVP_PKEY_keygen(0xaaaaf9f43bf0, 0xfffff2d2f790, 0, 0 <unfinished ...>
[pid 201] 14:58:05.725759 oqsprovider.so->OQS_KEM_new(0xaaaaf9f41f90, 0xaaaaf9f42990, 912, 0) = 0xaaaaf9f429d0 <0.000133>
[pid 201] 14:58:05.725960 oqsprovider.so->OQS_KEM_keypair(0xaaaaf9f429d0, 0xaaaaf9f4c3d0, 0xaaaaf9f4ccb0, 0xaaaaf9f4d540) = 0 <0.002217>
[pid 201] 14:58:05.728227 <... EVP_PKEY_keygen resumed> ) = 1 <0.002592>
[pid 201] 14:58:05.732255 libssl.so.3->EVP_PKEY_decapsulate_init(0xaaaaf9f43bf0, 0, 0, 0xaaaaf9f43c60) = 1 <0.000147>
[pid 201] 14:58:05.732451 libssl.so.3->EVP_PKEY_decapsulate(0xaaaaf9f43bf0, 0, 0xfffff2d2f710, 0xaaaaf9f45eba) = 1 <0.000110>
[pid 201] 14:58:05.732683 libssl.so.3->EVP_PKEY_decapsulate(0xaaaaf9f43bf0, 0xaaaaf9f360f0, 0xfffff2d2f710, 0xaaaaf9f45eba <unfinished ...>
[pid 201] 14:58:05.732812 oqsprovider.so->OQS_KEM_decaps(0xaaaaf9f429d0, 0xaaaaf9f360f0, 0xaaaaf9f45eba, 0xaaaaf9f4ccb0) = 0 <0.003226>
[pid 201] 14:58:05.736092 <... EVP_PKEY_decapsulate resumed> ) = 1 <0.003463>
[pid 201] 14:58:05.736777 libssl.so.3->X509_verify_cert(0xaaaaf9f3af50, 0, 0, 0xffffffff) = 1 <0.000292>
[pid 201] 14:58:05.737274 libssl.so.3->EVP_DigestVerifyInit_ex(0xaaaaf9f65e50, 0xfffff2d2f818, 0, 0) = 1 <0.000092>
[pid 201] 14:58:05.737422 libssl.so.3->EVP_DigestVerify(0xaaaaf9f65e50, 0xaaaaf9f45e68, 2420, 0xfffff2d2f820) = 1 <0.000223>
[pid 201] 14:58:05.737876 libssl.so.3->X509_verify_cert(0xaaaaf9f3af50, 1, 0, 0) = 1 <0.000197>
[pid 201] 14:58:05.738244 libssl.so.3->EVP_DigestSignInit_ex(0xaaaaf9e69750, 0xfffff2d2f800, 0, 0) = 1 <0.000142>
[pid 201] 14:58:05.738424 libssl.so.3->EVP_DigestSign(0xaaaaf9e69750, 0, 0xfffff2d2f810, 0xfffff2d2f820) = 1 <0.000101>
[pid 201] 14:58:05.738606 libssl.so.3->EVP_DigestSign(0xaaaaf9e69750, 0xaaaaf9f57d10, 0xfffff2d2f810, 0xfffff2d2f820) = 1 <0.000461>
[pid 201] 14:58:05.739400 <... SSL_connect resumed> ) = 1 <0.014364>
[pid 201] 14:58:05.739702 oqsprovider.so->OQS_KEM_free(0xaaaaf9f429d0, 1, 7, 0xaaaaf9e4c010) = 0xaaaaf9e4c030 <0.000105>
Handshake duration: 14.55 ms
[pid 201] 14:58:05.741071 +++ exited (status 0) +++
Execution 2 - TLS Mutual
s_connection: verify depth is 1
[pid 203] 14:58:05.768816 openssl->SSL_connect(0xaaaad0a3e070, 0xaaaad0a19998, 0xffffbc8740e0, 0 <unfinished ...>
[pid 203] 14:58:05.769146 libssl.so.3->EVP_PKEY_keygen_init(0xaaaad0a46bf0, 0, 0, 0xaaaad0a46c60) = 1 <0.000128>
[pid 203] 14:58:05.769317 libssl.so.3->EVP_PKEY_keygen(0xaaaad0a46bf0, 0xffffeb5f9980, 0, 0 <unfinished ...>
[pid 203] 14:58:05.769409 oqsprovider.so->OQS_KEM_new(0xaaaad0a44f90, 0xaaaad0a45990, 912, 0) = 0xaaaad0a459d0 <0.000095>
[pid 203] 14:58:05.769572 oqsprovider.so->OQS_KEM_keypair(0xaaaad0a459d0, 0xaaaad0a4f3d0, 0xaaaad0a4fcb0, 0xaaaad0a50540) = 0 <0.001257>
[pid 203] 14:58:05.770892 <... EVP_PKEY_keygen resumed> ) = 1 <0.001561>
[pid 203] 14:58:05.774772 libssl.so.3->EVP_PKEY_decapsulate_init(0xaaaad0a46bf0, 0, 0, 0xaaaad0a46c60) = 1 <0.000174>
[pid 203] 14:58:05.775030 libssl.so.3->EVP_PKEY_decapsulate(0xaaaad0a46bf0, 0, 0xffffeb5f9900, 0xaaaad0a48eba) = 1 <0.000128>
[pid 203] 14:58:05.775224 libssl.so.3->EVP_PKEY_decapsulate(0xaaaad0a46bf0, 0xaaaad0a390f0, 0xffffeb5f9900, 0xaaaad0a48eba <unfinished ...>
[pid 203] 14:58:05.775408 oqsprovider.so->OQS_KEM_decaps(0xaaaad0a459d0, 0xaaaad0a390f0, 0xaaaad0a48eba, 0xaaaad0a4fcb0) = 0 <0.003059>
[pid 203] 14:58:05.778523 <... EVP_PKEY_decapsulate resumed> ) = 1 <0.003294>
[pid 203] 14:58:05.779183 libssl.so.3->X509_verify_cert(0xaaaad0a3df50, 0, 0, 0xffffffff) = 1 <0.000287>
[pid 203] 14:58:05.779666 libssl.so.3->EVP_DigestVerifyInit_ex(0xaaaad0a68e50, 0xffffeb5f9a08, 0, 0) = 1 <0.000097>
[pid 203] 14:58:05.779849 libssl.so.3->EVP_DigestVerify(0xaaaad0a68e50, 0xaaaad0a48e68, 2420, 0xffffeb5f9a10) = 1 <0.000255>
[pid 203] 14:58:05.780301 libssl.so.3->X509_verify_cert(0xaaaad0a3df50, 1, 0, 0) = 1 <0.000197>
[pid 203] 14:58:05.780658 libssl.so.3->EVP_DigestSignInit_ex(0xaaaad096c750, 0xffffeb5f99f0, 0, 0) = 1 <0.000104>
[pid 203] 14:58:05.780821 libssl.so.3->EVP_DigestSign(0xaaaad096c750, 0, 0xffffeb5f9a00, 0xffffeb5f9a10) = 1 <0.000103>
[pid 203] 14:58:05.780971 libssl.so.3->EVP_DigestSign(0xaaaad096c750, 0xaaaad0a5ad10, 0xffffeb5f9a00, 0xffffeb5f9a10) = 1 <0.000526>
[pid 203] 14:58:05.781796 <... SSL_connect resumed> ) = 1 <0.012975>
[pid 203] 14:58:05.782004 oqsprovider.so->OQS_KEM_free(0xaaaad0a459d0, 1, 7, 0xaaaad094f010) = 0xaaaad094f030 <0.000096>
Handshake duration: 13.10 ms
[pid 203] 14:58:05.783279 +++ exited (status 0) +++
Execution 3 - TLS Mutual
s_connection: verify depth is 1
[pid 205] 14:58:05.810619 openssl->SSL_connect(0xaaaac9ccd070, 0xaaaac9ca8998, 0xffffa65140e0, 0 <unfinished ...>
[pid 205] 14:58:05.810944 libssl.so.3->EVP_PKEY_keygen_init(0xaaaac9cd5bf0, 0, 0, 0xaaaac9cd5c60) = 1 <0.000126>
[pid 205] 14:58:05.811142 libssl.so.3->EVP_PKEY_keygen(0xaaaac9cd5bf0, 0xffffcc5506b0, 0, 0 <unfinished ...>
[pid 205] 14:58:05.811296 oqsprovider.so->OQS_KEM_new(0xaaaac9cd3f90, 0xaaaac9cd4990, 912, 0) = 0xaaaac9cd49d0 <0.000155>
[pid 205] 14:58:05.811495 oqsprovider.so->OQS_KEM_keypair(0xaaaac9cd49d0, 0xaaaac9cde3d0, 0xaaaac9cdecb0, 0xaaaac9cdf540) = 0 <0.001232>
[pid 205] 14:58:05.812807 <... EVP_PKEY_keygen resumed> ) = 1 <0.001645>
[pid 205] 14:58:05.816527 libssl.so.3->EVP_PKEY_decapsulate_init(0xaaaac9cd5bf0, 0, 0, 0xaaaac9cd5c60) = 1 <0.000157>
[pid 205] 14:58:05.816729 libssl.so.3->EVP_PKEY_decapsulate(0xaaaac9cd5bf0, 0, 0xffffcc550630, 0xaaaac9cd7eba) = 1 <0.000122>
[pid 205] 14:58:05.816902 libssl.so.3->EVP_PKEY_decapsulate(0xaaaac9cd5bf0, 0xaaaac9cc80f0, 0xffffcc550630, 0xaaaac9cd7eba <unfinished ...>
[pid 205] 14:58:05.816997 oqsprovider.so->OQS_KEM_decaps(0xaaaac9cd49d0, 0xaaaac9cc80f0, 0xaaaac9cd7eba, 0xaaaac9cdecb0) = 0 <0.003203>
[pid 205] 14:58:05.820261 <... EVP_PKEY_decapsulate resumed> ) = 1 <0.003355>
[pid 205] 14:58:05.821008 libssl.so.3->X509_verify_cert(0xaaaac9cccf50, 0, 0, 0xffffffff) = 1 <0.000326>
[pid 205] 14:58:05.821588 libssl.so.3->EVP_DigestVerifyInit_ex(0xaaaac9cf7e50, 0xffffcc550738, 0, 0) = 1 <0.000137>
[pid 205] 14:58:05.821768 libssl.so.3->EVP_DigestVerify(0xaaaac9cf7e50, 0xaaaac9cd7e68, 2420, 0xffffcc550740) = 1 <0.000247>
[pid 205] 14:58:05.822227 libssl.so.3->X509_verify_cert(0xaaaac9cccf50, 1, 0, 0) = 1 <0.000229>
[pid 205] 14:58:05.822621 libssl.so.3->EVP_DigestSignInit_ex(0xaaaac9bfb750, 0xffffcc550720, 0, 0) = 1 <0.000109>
[pid 205] 14:58:05.822793 libssl.so.3->EVP_DigestSign(0xaaaac9bfb750, 0, 0xffffcc550730, 0xffffcc550740) = 1 <0.000142>
[pid 205] 14:58:05.822977 libssl.so.3->EVP_DigestSign(0xaaaac9bfb750, 0xaaaac9ce9d10, 0xffffcc550730, 0xffffcc550740) = 1 <0.000351>
[pid 205] 14:58:05.823585 <... SSL_connect resumed> ) = 1 <0.012951>
[pid 205] 14:58:05.823839 oqsprovider.so->OQS_KEM_free(0xaaaac9cd49d0, 1, 7, 0xaaaac9bde010) = 0xaaaac9bde030 <0.000105>
Handshake duration: 13.12 ms
[pid 205] 14:58:05.825132 +++ exited (status 0) +++
Execution 4 - TLS Mutual
s_connection: verify depth is 1
[pid 207] 14:58:05.853284 openssl->SSL_connect(0xaaaaed177070, 0xaaaaed152998, 0xffff9ad240e0, 0 <unfinished ...>
[pid 207] 14:58:05.853617 libssl.so.3->EVP_PKEY_keygen_init(0xaaaaed17fbf0, 0, 0, 0xaaaaed17fc60) = 1 <0.000108>
[pid 207] 14:58:05.853814 libssl.so.3->EVP_PKEY_keygen(0xaaaaed17fbf0, 0xffffe5a968b0, 0, 0 <unfinished ...>
[pid 207] 14:58:05.853926 oqsprovider.so->OQS_KEM_new(0xaaaaed17df90, 0xaaaaed17e990, 912, 0) = 0xaaaaed17e9d0 <0.000115>
[pid 207] 14:58:05.854094 oqsprovider.so->OQS_KEM_keypair(0xaaaaed17e9d0, 0xaaaaed1883d0, 0xaaaaed188cb0, 0xaaaaed189540) = 0 <0.001239>
[pid 207] 14:58:05.855396 <... EVP_PKEY_keygen resumed> ) = 1 <0.001574>
[pid 207] 14:58:05.859132 libssl.so.3->EVP_PKEY_decapsulate_init(0xaaaaed17fbf0, 0, 0, 0xaaaaed17fc60) = 1 <0.000145>
[pid 207] 14:58:05.859340 libssl.so.3->EVP_PKEY_decapsulate(0xaaaaed17fbf0, 0, 0xffffe5a96830, 0xaaaaed181eba) = 1 <0.000111>
[pid 207] 14:58:05.859490 libssl.so.3->EVP_PKEY_decapsulate(0xaaaaed17fbf0, 0xaaaaed1720f0, 0xffffe5a96830, 0xaaaaed181eba <unfinished ...>
[pid 207] 14:58:05.859604 oqsprovider.so->OQS_KEM_decaps(0xaaaaed17e9d0, 0xaaaaed1720f0, 0xaaaaed181eba, 0xaaaaed188cb0) = 0 <0.003105>
[pid 207] 14:58:05.862766 <... EVP_PKEY_decapsulate resumed> ) = 1 <0.003267>
[pid 207] 14:58:05.863492 libssl.so.3->X509_verify_cert(0xaaaaed176f50, 0, 0, 0xffffffff) = 1 <0.000317>
[pid 207] 14:58:05.864039 libssl.so.3->EVP_DigestVerifyInit_ex(0xaaaaed1a1e50, 0xffffe5a96938, 0, 0) = 1 <0.000113>
[pid 207] 14:58:05.864201 libssl.so.3->EVP_DigestVerify(0xaaaaed1a1e50, 0xaaaaed181e68, 2420, 0xffffe5a96940) = 1 <0.000197>
[pid 207] 14:58:05.864607 libssl.so.3->X509_verify_cert(0xaaaaed176f50, 1, 0, 0) = 1 <0.000223>
[pid 207] 14:58:05.865001 libssl.so.3->EVP_DigestSignInit_ex(0xaaaaed0a5750, 0xffffe5a96920, 0, 0) = 1 <0.000108>
[pid 207] 14:58:05.865170 libssl.so.3->EVP_DigestSign(0xaaaaed0a5750, 0, 0xffffe5a96930, 0xffffe5a96940) = 1 <0.000168>
[pid 207] 14:58:05.865393 libssl.so.3->EVP_DigestSign(0xaaaaed0a5750, 0xaaaaed193d10, 0xffffe5a96930, 0xffffe5a96940) = 1 <0.000319>
[pid 207] 14:58:05.865936 <... SSL_connect resumed> ) = 1 <0.012647>
[pid 207] 14:58:05.866180 oqsprovider.so->OQS_KEM_free(0xaaaaed17e9d0, 1, 7, 0xaaaaed088010) = 0xaaaaed088030 <0.000105>
Handshake duration: 12.81 ms
[pid 207] 14:58:05.867447 +++ exited (status 0) +++
Execution 5 - TLS Mutual
s_connection: verify depth is 1
[pid 209] 14:58:05.894679 openssl->SSL_connect(0xaaaad7df7070, 0xaaaad7dd2998, 0xffffaf4f40e0, 0 <unfinished ...>
[pid 209] 14:58:05.895006 libssl.so.3->EVP_PKEY_keygen_init(0xaaaad7dffbf0, 0, 0, 0xaaaad7dffc60) = 1 <0.000122>
[pid 209] 14:58:05.895199 libssl.so.3->EVP_PKEY_keygen(0xaaaad7dffbf0, 0xffffc882e660, 0, 0 <unfinished ...>
[pid 209] 14:58:05.895360 oqsprovider.so->OQS_KEM_new(0xaaaad7dfdf90, 0xaaaad7dfe990, 912, 0) = 0xaaaad7dfe9d0 <0.000163>
[pid 209] 14:58:05.895561 oqsprovider.so->OQS_KEM_keypair(0xaaaad7dfe9d0, 0xaaaad7e083d0, 0xaaaad7e08cb0, 0xaaaad7e09540) = 0 <0.001372>
[pid 209] 14:58:05.896994 <... EVP_PKEY_keygen resumed> ) = 1 <0.001790>
[pid 209] 14:58:05.900763 libssl.so.3->EVP_PKEY_decapsulate_init(0xaaaad7dffbf0, 0, 0, 0xaaaad7dffc60) = 1 <0.000167>
[pid 209] 14:58:05.901024 libssl.so.3->EVP_PKEY_decapsulate(0xaaaad7dffbf0, 0, 0xffffc882e5e0, 0xaaaad7e01eba) = 1 <0.000133>
[pid 209] 14:58:05.901224 libssl.so.3->EVP_PKEY_decapsulate(0xaaaad7dffbf0, 0xaaaad7df20f0, 0xffffc882e5e0, 0xaaaad7e01eba <unfinished ...>
[pid 209] 14:58:05.901374 oqsprovider.so->OQS_KEM_decaps(0xaaaad7dfe9d0, 0xaaaad7df20f0, 0xaaaad7e01eba, 0xaaaad7e08cb0) = 0 <0.003084>
[pid 209] 14:58:05.904498 <... EVP_PKEY_decapsulate resumed> ) = 1 <0.003281>
[pid 209] 14:58:05.905207 libssl.so.3->X509_verify_cert(0xaaaad7df6f50, 0, 0, 0xffffffff) = 1 <0.000310>
[pid 209] 14:58:05.905764 libssl.so.3->EVP_DigestVerifyInit_ex(0xaaaad7e21e50, 0xffffc882e6e8, 0, 0) = 1 <0.000146>
[pid 209] 14:58:05.905996 libssl.so.3->EVP_DigestVerify(0xaaaad7e21e50, 0xaaaad7e01e68, 2420, 0xffffc882e6f0) = 1 <0.000168>
[pid 209] 14:58:05.906392 libssl.so.3->X509_verify_cert(0xaaaad7df6f50, 1, 0, 0) = 1 <0.000187>
[pid 209] 14:58:05.906746 libssl.so.3->EVP_DigestSignInit_ex(0xaaaad7d25750, 0xffffc882e6d0, 0, 0) = 1 <0.000106>
[pid 209] 14:58:05.906904 libssl.so.3->EVP_DigestSign(0xaaaad7d25750, 0, 0xffffc882e6e0, 0xffffc882e6f0) = 1 <0.000122>
[pid 209] 14:58:05.907074 libssl.so.3->EVP_DigestSign(0xaaaad7d25750, 0xaaaad7e13d10, 0xffffc882e6e0, 0xffffc882e6f0) = 1 <0.000383>
[pid 209] 14:58:05.907731 <... SSL_connect resumed> ) = 1 <0.013046>
[pid 209] 14:58:05.907963 oqsprovider.so->OQS_KEM_free(0xaaaad7dfe9d0, 1, 7, 0xaaaad7d08010) = 0xaaaad7d08030 <0.000122>
Handshake duration: 13.18 ms
[pid 209] 14:58:05.909288 +++ exited (status 0) +++
Execution 6 - TLS Mutual
s_connection: verify depth is 1
[pid 211] 14:58:05.936699 openssl->SSL_connect(0xaaaaf0d80070, 0xaaaaf0d5b998, 0xffffa9dc40e0, 0 <unfinished ...>
[pid 211] 14:58:05.936990 libssl.so.3->EVP_PKEY_keygen_init(0xaaaaf0d88bf0, 0, 0, 0xaaaaf0d88c60) = 1 <0.000124>
[pid 211] 14:58:05.937250 libssl.so.3->EVP_PKEY_keygen(0xaaaaf0d88bf0, 0xffffdc08cbb0, 0, 0 <unfinished ...>
[pid 211] 14:58:05.937389 oqsprovider.so->OQS_KEM_new(0xaaaaf0d86f90, 0xaaaaf0d87990, 912, 0) = 0xaaaaf0d879d0 <0.000128>
[pid 211] 14:58:05.937612 oqsprovider.so->OQS_KEM_keypair(0xaaaaf0d879d0, 0xaaaaf0d913d0, 0xaaaaf0d91cb0, 0xaaaaf0d92540) = 0 <0.001258>
[pid 211] 14:58:05.938929 <... EVP_PKEY_keygen resumed> ) = 1 <0.001720>
[pid 211] 14:58:05.942625 libssl.so.3->EVP_PKEY_decapsulate_init(0xaaaaf0d88bf0, 0, 0, 0xaaaaf0d88c60) = 1 <0.000216>
[pid 211] 14:58:05.942896 libssl.so.3->EVP_PKEY_decapsulate(0xaaaaf0d88bf0, 0, 0xffffdc08cb30, 0xaaaaf0d8aeba) = 1 <0.000105>
[pid 211] 14:58:05.943078 libssl.so.3->EVP_PKEY_decapsulate(0xaaaaf0d88bf0, 0xaaaaf0d7b0f0, 0xffffdc08cb30, 0xaaaaf0d8aeba <unfinished ...>
[pid 211] 14:58:05.943231 oqsprovider.so->OQS_KEM_decaps(0xaaaaf0d879d0, 0xaaaaf0d7b0f0, 0xaaaaf0d8aeba, 0xaaaaf0d91cb0) = 0 <0.003108>
[pid 211] 14:58:05.946396 <... EVP_PKEY_decapsulate resumed> ) = 1 <0.003312>
[pid 211] 14:58:05.947085 libssl.so.3->X509_verify_cert(0xaaaaf0d7ff50, 0, 0, 0xffffffff) = 1 <0.000318>
[pid 211] 14:58:05.947651 libssl.so.3->EVP_DigestVerifyInit_ex(0xaaaaf0daae50, 0xffffdc08cc38, 0, 0) = 1 <0.000127>
[pid 211] 14:58:05.947877 libssl.so.3->EVP_DigestVerify(0xaaaaf0daae50, 0xaaaaf0d8ae68, 2420, 0xffffdc08cc40) = 1 <0.000207>
[pid 211] 14:58:05.948330 libssl.so.3->X509_verify_cert(0xaaaaf0d7ff50, 1, 0, 0) = 1 <0.000190>
[pid 211] 14:58:05.948703 libssl.so.3->EVP_DigestSignInit_ex(0xaaaaf0cae750, 0xffffdc08cc20, 0, 0) = 1 <0.000103>
[pid 211] 14:58:05.948897 libssl.so.3->EVP_DigestSign(0xaaaaf0cae750, 0, 0xffffdc08cc30, 0xffffdc08cc40) = 1 <0.000197>
[pid 211] 14:58:05.949226 libssl.so.3->EVP_DigestSign(0xaaaaf0cae750, 0xaaaaf0d9cd10, 0xffffdc08cc30, 0xffffdc08cc40) = 1 <0.000336>
[pid 211] 14:58:05.949843 <... SSL_connect resumed> ) = 1 <0.013112>
[pid 211] 14:58:05.950053 oqsprovider.so->OQS_KEM_free(0xaaaaf0d879d0, 1, 7, 0xaaaaf0c91010) = 0xaaaaf0c91030 <0.000147>
Handshake duration: 13.29 ms
[pid 211] 14:58:05.951526 +++ exited (status 0) +++
Execution 7 - TLS Mutual
s_connection: verify depth is 1
[pid 213] 14:58:05.979229 openssl->SSL_connect(0xaaab05dce070, 0xaaab05da9998, 0xffffa57340e0, 0 <unfinished ...>
[pid 213] 14:58:05.979537 libssl.so.3->EVP_PKEY_keygen_init(0xaaab05dd6bf0, 0, 0, 0xaaab05dd6c60) = 1 <0.000121>
[pid 213] 14:58:05.979738 libssl.so.3->EVP_PKEY_keygen(0xaaab05dd6bf0, 0xffffe6ad11d0, 0, 0 <unfinished ...>
[pid 213] 14:58:05.979915 oqsprovider.so->OQS_KEM_new(0xaaab05dd4f90, 0xaaab05dd5990, 912, 0) = 0xaaab05dd59d0 <0.000102>
[pid 213] 14:58:05.980084 oqsprovider.so->OQS_KEM_keypair(0xaaab05dd59d0, 0xaaab05ddf3d0, 0xaaab05ddfcb0, 0xaaab05de0540) = 0 <0.001212>
[pid 213] 14:58:05.981351 <... EVP_PKEY_keygen resumed> ) = 1 <0.001610>
[pid 213] 14:58:05.985108 libssl.so.3->EVP_PKEY_decapsulate_init(0xaaab05dd6bf0, 0, 0, 0xaaab05dd6c60) = 1 <0.000203>
[pid 213] 14:58:05.985369 libssl.so.3->EVP_PKEY_decapsulate(0xaaab05dd6bf0, 0, 0xffffe6ad1150, 0xaaab05dd8eba) = 1 <0.000149>
[pid 213] 14:58:05.985565 libssl.so.3->EVP_PKEY_decapsulate(0xaaab05dd6bf0, 0xaaab05dc90f0, 0xffffe6ad1150, 0xaaab05dd8eba <unfinished ...>
[pid 213] 14:58:05.985671 oqsprovider.so->OQS_KEM_decaps(0xaaab05dd59d0, 0xaaab05dc90f0, 0xaaab05dd8eba, 0xaaab05ddfcb0) = 0 <0.003094>
[pid 213] 14:58:05.988821 <... EVP_PKEY_decapsulate resumed> ) = 1 <0.003250>
[pid 213] 14:58:05.989489 libssl.so.3->X509_verify_cert(0xaaab05dcdf50, 0, 0, 0xffffffff) = 1 <0.000287>
[pid 213] 14:58:05.989982 libssl.so.3->EVP_DigestVerifyInit_ex(0xaaab05df8e50, 0xffffe6ad1258, 0, 0) = 1 <0.000137>
[pid 213] 14:58:05.990166 libssl.so.3->EVP_DigestVerify(0xaaab05df8e50, 0xaaab05dd8e68, 2420, 0xffffe6ad1260) = 1 <0.000251>
[pid 213] 14:58:05.990616 libssl.so.3->X509_verify_cert(0xaaab05dcdf50, 1, 0, 0) = 1 <0.000205>
[pid 213] 14:58:05.990976 libssl.so.3->EVP_DigestSignInit_ex(0xaaab05cfc750, 0xffffe6ad1240, 0, 0) = 1 <0.000103>
[pid 213] 14:58:05.991124 libssl.so.3->EVP_DigestSign(0xaaab05cfc750, 0, 0xffffe6ad1250, 0xffffe6ad1260) = 1 <0.000163>
[pid 213] 14:58:05.991341 libssl.so.3->EVP_DigestSign(0xaaab05cfc750, 0xaaab05dead10, 0xffffe6ad1250, 0xffffe6ad1260) = 1 <0.000283>
[pid 213] 14:58:05.991867 <... SSL_connect resumed> ) = 1 <0.012634>
[pid 213] 14:58:05.992076 oqsprovider.so->OQS_KEM_free(0xaaab05dd59d0, 1, 7, 0xaaab05cdf010) = 0xaaab05cdf030 <0.000101>
Handshake duration: 12.77 ms
[pid 213] 14:58:05.993350 +++ exited (status 0) +++
Execution 8 - TLS Mutual
s_connection: verify depth is 1
[pid 215] 14:58:06.020552 openssl->SSL_connect(0xaaaafe74b070, 0xaaaafe726998, 0xffff89a440e0, 0 <unfinished ...>
[pid 215] 14:58:06.020936 libssl.so.3->EVP_PKEY_keygen_init(0xaaaafe753bf0, 0, 0, 0xaaaafe753c60) = 1 <0.000131>
[pid 215] 14:58:06.021138 libssl.so.3->EVP_PKEY_keygen(0xaaaafe753bf0, 0xfffffae129d0, 0, 0 <unfinished ...>
[pid 215] 14:58:06.021268 oqsprovider.so->OQS_KEM_new(0xaaaafe751f90, 0xaaaafe752990, 912, 0) = 0xaaaafe7529d0 <0.000159>
[pid 215] 14:58:06.021591 oqsprovider.so->OQS_KEM_keypair(0xaaaafe7529d0, 0xaaaafe75c3d0, 0xaaaafe75ccb0, 0xaaaafe75d540) = 0 <0.001213>
[pid 215] 14:58:06.022867 <... EVP_PKEY_keygen resumed> ) = 1 <0.001723>
[pid 215] 14:58:06.026648 libssl.so.3->EVP_PKEY_decapsulate_init(0xaaaafe753bf0, 0, 0, 0xaaaafe753c60) = 1 <0.000219>
[pid 215] 14:58:06.026919 libssl.so.3->EVP_PKEY_decapsulate(0xaaaafe753bf0, 0, 0xfffffae12950, 0xaaaafe755eba) = 1 <0.000148>
[pid 215] 14:58:06.027125 libssl.so.3->EVP_PKEY_decapsulate(0xaaaafe753bf0, 0xaaaafe7460f0, 0xfffffae12950, 0xaaaafe755eba <unfinished ...>
[pid 215] 14:58:06.027294 oqsprovider.so->OQS_KEM_decaps(0xaaaafe7529d0, 0xaaaafe7460f0, 0xaaaafe755eba, 0xaaaafe75ccb0) = 0 <0.003090>
[pid 215] 14:58:06.030443 <... EVP_PKEY_decapsulate resumed> ) = 1 <0.003308>
[pid 215] 14:58:06.031187 libssl.so.3->X509_verify_cert(0xaaaafe74af50, 0, 0, 0xffffffff) = 1 <0.000326>
[pid 215] 14:58:06.031753 libssl.so.3->EVP_DigestVerifyInit_ex(0xaaaafe775e50, 0xfffffae12a58, 0, 0) = 1 <0.000125>
[pid 215] 14:58:06.031927 libssl.so.3->EVP_DigestVerify(0xaaaafe775e50, 0xaaaafe755e68, 2420, 0xfffffae12a60) = 1 <0.000196>
[pid 215] 14:58:06.032378 libssl.so.3->X509_verify_cert(0xaaaafe74af50, 1, 0, 0) = 1 <0.000200>
[pid 215] 14:58:06.032762 libssl.so.3->EVP_DigestSignInit_ex(0xaaaafe679750, 0xfffffae12a40, 0, 0) = 1 <0.000105>
[pid 215] 14:58:06.032931 libssl.so.3->EVP_DigestSign(0xaaaafe679750, 0, 0xfffffae12a50, 0xfffffae12a60) = 1 <0.000083>
[pid 215] 14:58:06.033089 libssl.so.3->EVP_DigestSign(0xaaaafe679750, 0xaaaafe767d10, 0xfffffae12a50, 0xfffffae12a60) = 1 <0.000553>
[pid 215] 14:58:06.033905 <... SSL_connect resumed> ) = 1 <0.013343>
[pid 215] 14:58:06.034151 oqsprovider.so->OQS_KEM_free(0xaaaafe7529d0, 1, 7, 0xaaaafe65c010) = 0xaaaafe65c030 <0.000127>
Handshake duration: 13.52 ms
[pid 215] 14:58:06.035479 +++ exited (status 0) +++
Execution 9 - TLS Mutual
s_connection: verify depth is 1
[pid 217] 14:58:06.062914 openssl->SSL_connect(0xaaab0b25d070, 0xaaab0b238998, 0xffff9d7d40e0, 0 <unfinished ...>
[pid 217] 14:58:06.063289 libssl.so.3->EVP_PKEY_keygen_init(0xaaab0b265bf0, 0, 0, 0xaaab0b265c60) = 1 <0.000124>
[pid 217] 14:58:06.063480 libssl.so.3->EVP_PKEY_keygen(0xaaab0b265bf0, 0xffffda83df90, 0, 0 <unfinished ...>
[pid 217] 14:58:06.063651 oqsprovider.so->OQS_KEM_new(0xaaab0b263f90, 0xaaab0b264990, 912, 0) = 0xaaab0b2649d0 <0.000124>
[pid 217] 14:58:06.063871 oqsprovider.so->OQS_KEM_keypair(0xaaab0b2649d0, 0xaaab0b26e3d0, 0xaaab0b26ecb0, 0xaaab0b26f540) = 0 <0.001251>
[pid 217] 14:58:06.065186 <... EVP_PKEY_keygen resumed> ) = 1 <0.001698>
[pid 217] 14:58:06.068879 libssl.so.3->EVP_PKEY_decapsulate_init(0xaaab0b265bf0, 0, 0, 0xaaab0b265c60) = 1 <0.000137>
[pid 217] 14:58:06.069087 libssl.so.3->EVP_PKEY_decapsulate(0xaaab0b265bf0, 0, 0xffffda83df10, 0xaaab0b267eba) = 1 <0.000100>
[pid 217] 14:58:06.069244 libssl.so.3->EVP_PKEY_decapsulate(0xaaab0b265bf0, 0xaaab0b2580f0, 0xffffda83df10, 0xaaab0b267eba <unfinished ...>
[pid 217] 14:58:06.069340 oqsprovider.so->OQS_KEM_decaps(0xaaab0b2649d0, 0xaaab0b2580f0, 0xaaab0b267eba, 0xaaab0b26ecb0) = 0 <0.003064>
[pid 217] 14:58:06.072459 <... EVP_PKEY_decapsulate resumed> ) = 1 <0.003213>
[pid 217] 14:58:06.073192 libssl.so.3->X509_verify_cert(0xaaab0b25cf50, 0, 0, 0xffffffff) = 1 <0.000295>
[pid 217] 14:58:06.073679 libssl.so.3->EVP_DigestVerifyInit_ex(0xaaab0b287e50, 0xffffda83e018, 0, 0) = 1 <0.000129>
[pid 217] 14:58:06.073854 libssl.so.3->EVP_DigestVerify(0xaaab0b287e50, 0xaaab0b267e68, 2420, 0xffffda83e020) = 1 <0.000196>
[pid 217] 14:58:06.074253 libssl.so.3->X509_verify_cert(0xaaab0b25cf50, 1, 0, 0) = 1 <0.000186>
[pid 217] 14:58:06.074624 libssl.so.3->EVP_DigestSignInit_ex(0xaaab0b18b750, 0xffffda83e000, 0, 0) = 1 <0.000114>
[pid 217] 14:58:06.074795 libssl.so.3->EVP_DigestSign(0xaaab0b18b750, 0, 0xffffda83e010, 0xffffda83e020) = 1 <0.000093>
[pid 217] 14:58:06.074955 libssl.so.3->EVP_DigestSign(0xaaab0b18b750, 0xaaab0b279d10, 0xffffda83e010, 0xffffda83e020) = 1 <0.000457>
[pid 217] 14:58:06.075660 <... SSL_connect resumed> ) = 1 <0.012742>
[pid 217] 14:58:06.075887 oqsprovider.so->OQS_KEM_free(0xaaab0b2649d0, 1, 7, 0xaaab0b16e010) = 0xaaab0b16e030 <0.000106>
Handshake duration: 12.87 ms
[pid 217] 14:58:06.077164 +++ exited (status 0) +++
Execution 10 - TLS Mutual
s_connection: verify depth is 1
[pid 219] 14:58:06.104594 openssl->SSL_connect(0xaaaad2c30070, 0xaaaad2c0b998, 0xffffaae740e0, 0 <unfinished ...>
[pid 219] 14:58:06.104905 libssl.so.3->EVP_PKEY_keygen_init(0xaaaad2c38bf0, 0, 0, 0xaaaad2c38c60) = 1 <0.000111>
[pid 219] 14:58:06.105083 libssl.so.3->EVP_PKEY_keygen(0xaaaad2c38bf0, 0xffffed76e410, 0, 0 <unfinished ...>
[pid 219] 14:58:06.105208 oqsprovider.so->OQS_KEM_new(0xaaaad2c36f90, 0xaaaad2c37990, 912, 0) = 0xaaaad2c379d0 <0.000133>
[pid 219] 14:58:06.105413 oqsprovider.so->OQS_KEM_keypair(0xaaaad2c379d0, 0xaaaad2c413d0, 0xaaaad2c41cb0, 0xaaaad2c42540) = 0 <0.001290>
[pid 219] 14:58:06.106763 <... EVP_PKEY_keygen resumed> ) = 1 <0.001673>
[pid 219] 14:58:06.110471 libssl.so.3->EVP_PKEY_decapsulate_init(0xaaaad2c38bf0, 0, 0, 0xaaaad2c38c60) = 1 <0.000246>
[pid 219] 14:58:06.110761 libssl.so.3->EVP_PKEY_decapsulate(0xaaaad2c38bf0, 0, 0xffffed76e390, 0xaaaad2c3aeba) = 1 <0.000120>
[pid 219] 14:58:06.110951 libssl.so.3->EVP_PKEY_decapsulate(0xaaaad2c38bf0, 0xaaaad2c2b0f0, 0xffffed76e390, 0xaaaad2c3aeba <unfinished ...>
[pid 219] 14:58:06.111071 oqsprovider.so->OQS_KEM_decaps(0xaaaad2c379d0, 0xaaaad2c2b0f0, 0xaaaad2c3aeba, 0xaaaad2c41cb0) = 0 <0.003073>
[pid 219] 14:58:06.114199 <... EVP_PKEY_decapsulate resumed> ) = 1 <0.003243>
[pid 219] 14:58:06.114918 libssl.so.3->X509_verify_cert(0xaaaad2c2ff50, 0, 0, 0xffffffff) = 1 <0.000289>
[pid 219] 14:58:06.115473 libssl.so.3->EVP_DigestVerifyInit_ex(0xaaaad2c5ae50, 0xffffed76e498, 0, 0) = 1 <0.000102>
[pid 219] 14:58:06.115622 libssl.so.3->EVP_DigestVerify(0xaaaad2c5ae50, 0xaaaad2c3ae68, 2420, 0xffffed76e4a0) = 1 <0.000187>
[pid 219] 14:58:06.116036 libssl.so.3->X509_verify_cert(0xaaaad2c2ff50, 1, 0, 0) = 1 <0.000185>
[pid 219] 14:58:06.116382 libssl.so.3->EVP_DigestSignInit_ex(0xaaaad2b5e750, 0xffffed76e480, 0, 0) = 1 <0.000094>
[pid 219] 14:58:06.116522 libssl.so.3->EVP_DigestSign(0xaaaad2b5e750, 0, 0xffffed76e490, 0xffffed76e4a0) = 1 <0.000108>
[pid 219] 14:58:06.116701 libssl.so.3->EVP_DigestSign(0xaaaad2b5e750, 0xaaaad2c4cd10, 0xffffed76e490, 0xffffed76e4a0) = 1 <0.000351>
[pid 219] 14:58:06.117413 <... SSL_connect resumed> ) = 1 <0.012814>
[pid 219] 14:58:06.117654 oqsprovider.so->OQS_KEM_free(0xaaaad2c379d0, 1, 7, 0xaaaad2b41010) = 0xaaaad2b41030 <0.000108>
Handshake duration: 12.96 ms
[pid 219] 14:58:06.118933 +++ exited (status 0) +++
Execution 11 - TLS Mutual
s_connection: verify depth is 1
[pid 221] 14:58:06.146271 openssl->SSL_connect(0xaaaaf8248070, 0xaaaaf8223998, 0xffffad1540e0, 0 <unfinished ...>
[pid 221] 14:58:06.146592 libssl.so.3->EVP_PKEY_keygen_init(0xaaaaf8250bf0, 0, 0, 0xaaaaf8250c60) = 1 <0.000115>
[pid 221] 14:58:06.146790 libssl.so.3->EVP_PKEY_keygen(0xaaaaf8250bf0, 0xffffc85a4ca0, 0, 0 <unfinished ...>
[pid 221] 14:58:06.146881 oqsprovider.so->OQS_KEM_new(0xaaaaf824ef90, 0xaaaaf824f990, 912, 0) = 0xaaaaf824f9d0 <0.000107>
[pid 221] 14:58:06.147056 oqsprovider.so->OQS_KEM_keypair(0xaaaaf824f9d0, 0xaaaaf82593d0, 0xaaaaf8259cb0, 0xaaaaf825a540) = 0 <0.001142>
[pid 221] 14:58:06.148263 <... EVP_PKEY_keygen resumed> ) = 1 <0.001466>
[pid 221] 14:58:06.151901 libssl.so.3->EVP_PKEY_decapsulate_init(0xaaaaf8250bf0, 0, 0, 0xaaaaf8250c60) = 1 <0.000182>
[pid 221] 14:58:06.152134 libssl.so.3->EVP_PKEY_decapsulate(0xaaaaf8250bf0, 0, 0xffffc85a4c20, 0xaaaaf8252eba) = 1 <0.000127>
[pid 221] 14:58:06.152347 libssl.so.3->EVP_PKEY_decapsulate(0xaaaaf8250bf0, 0xaaaaf82430f0, 0xffffc85a4c20, 0xaaaaf8252eba <unfinished ...>
[pid 221] 14:58:06.152529 oqsprovider.so->OQS_KEM_decaps(0xaaaaf824f9d0, 0xaaaaf82430f0, 0xaaaaf8252eba, 0xaaaaf8259cb0) = 0 <0.003168>
[pid 221] 14:58:06.155757 <... EVP_PKEY_decapsulate resumed> ) = 1 <0.003404>
[pid 221] 14:58:06.156459 libssl.so.3->X509_verify_cert(0xaaaaf8247f50, 0, 0, 0xffffffff) = 1 <0.000268>
[pid 221] 14:58:06.156953 libssl.so.3->EVP_DigestVerifyInit_ex(0xaaaaf8272e50, 0xffffc85a4d28, 0, 0) = 1 <0.000135>
[pid 221] 14:58:06.157141 libssl.so.3->EVP_DigestVerify(0xaaaaf8272e50, 0xaaaaf8252e68, 2420, 0xffffc85a4d30) = 1 <0.000223>
[pid 221] 14:58:06.157568 libssl.so.3->X509_verify_cert(0xaaaaf8247f50, 1, 0, 0) = 1 <0.000219>
[pid 221] 14:58:06.157950 libssl.so.3->EVP_DigestSignInit_ex(0xaaaaf8176750, 0xffffc85a4d10, 0, 0) = 1 <0.000100>
[pid 221] 14:58:06.158088 libssl.so.3->EVP_DigestSign(0xaaaaf8176750, 0, 0xffffc85a4d20, 0xffffc85a4d30) = 1 <0.000089>
[pid 221] 14:58:06.158243 libssl.so.3->EVP_DigestSign(0xaaaaf8176750, 0xaaaaf8264d10, 0xffffc85a4d20, 0xffffc85a4d30) = 1 <0.000579>
[pid 221] 14:58:06.159071 <... SSL_connect resumed> ) = 1 <0.012791>
[pid 221] 14:58:06.159306 oqsprovider.so->OQS_KEM_free(0xaaaaf824f9d0, 1, 7, 0xaaaaf8159010) = 0xaaaaf8159030 <0.000097>
Handshake duration: 12.99 ms
[pid 221] 14:58:06.160558 +++ exited (status 0) +++
Execution 12 - TLS Mutual
s_connection: verify depth is 1
[pid 223] 14:58:06.187882 openssl->SSL_connect(0xaaab0bcd9070, 0xaaab0bcb4998, 0xffffb29940e0, 0 <unfinished ...>
[pid 223] 14:58:06.188214 libssl.so.3->EVP_PKEY_keygen_init(0xaaab0bce1bf0, 0, 0, 0xaaab0bce1c60) = 1 <0.000156>
[pid 223] 14:58:06.188428 libssl.so.3->EVP_PKEY_keygen(0xaaab0bce1bf0, 0xffffe4321510, 0, 0 <unfinished ...>
[pid 223] 14:58:06.188565 oqsprovider.so->OQS_KEM_new(0xaaab0bcdff90, 0xaaab0bce0990, 912, 0) = 0xaaab0bce09d0 <0.000111>
[pid 223] 14:58:06.188727 oqsprovider.so->OQS_KEM_keypair(0xaaab0bce09d0, 0xaaab0bcea3d0, 0xaaab0bceacb0, 0xaaab0bceb540) = 0 <0.001304>
[pid 223] 14:58:06.190095 <... EVP_PKEY_keygen resumed> ) = 1 <0.001660>
[pid 223] 14:58:06.193815 libssl.so.3->EVP_PKEY_decapsulate_init(0xaaab0bce1bf0, 0, 0, 0xaaab0bce1c60) = 1 <0.000185>
[pid 223] 14:58:06.194073 libssl.so.3->EVP_PKEY_decapsulate(0xaaab0bce1bf0, 0, 0xffffe4321490, 0xaaab0bce3eba) = 1 <0.000112>
[pid 223] 14:58:06.194246 libssl.so.3->EVP_PKEY_decapsulate(0xaaab0bce1bf0, 0xaaab0bcd40f0, 0xffffe4321490, 0xaaab0bce3eba <unfinished ...>
[pid 223] 14:58:06.194381 oqsprovider.so->OQS_KEM_decaps(0xaaab0bce09d0, 0xaaab0bcd40f0, 0xaaab0bce3eba, 0xaaab0bceacb0) = 0 <0.003081>
[pid 223] 14:58:06.197504 <... EVP_PKEY_decapsulate resumed> ) = 1 <0.003262>
[pid 223] 14:58:06.198233 libssl.so.3->X509_verify_cert(0xaaab0bcd8f50, 0, 0, 0xffffffff) = 1 <0.000315>
[pid 223] 14:58:06.198764 libssl.so.3->EVP_DigestVerifyInit_ex(0xaaab0bd03e50, 0xffffe4321598, 0, 0) = 1 <0.000114>
[pid 223] 14:58:06.198919 libssl.so.3->EVP_DigestVerify(0xaaab0bd03e50, 0xaaab0bce3e68, 2420, 0xffffe43215a0) = 1 <0.000190>
[pid 223] 14:58:06.199300 libssl.so.3->X509_verify_cert(0xaaab0bcd8f50, 1, 0, 0) = 1 <0.000200>
[pid 223] 14:58:06.199655 libssl.so.3->EVP_DigestSignInit_ex(0xaaab0bc07750, 0xffffe4321580, 0, 0) = 1 <0.000100>
[pid 223] 14:58:06.199833 libssl.so.3->EVP_DigestSign(0xaaab0bc07750, 0, 0xffffe4321590, 0xffffe43215a0) = 1 <0.000097>
[pid 223] 14:58:06.199978 libssl.so.3->EVP_DigestSign(0xaaab0bc07750, 0xaaab0bcf5d10, 0xffffe4321590, 0xffffe43215a0) = 1 <0.000374>
[pid 223] 14:58:06.200624 <... SSL_connect resumed> ) = 1 <0.012734>
[pid 223] 14:58:06.200838 oqsprovider.so->OQS_KEM_free(0xaaab0bce09d0, 1, 7, 0xaaab0bbea010) = 0xaaab0bbea030 <0.000099>
Handshake duration: 12.88 ms
[pid 223] 14:58:06.202061 +++ exited (status 0) +++
Execution 13 - TLS Mutual
s_connection: verify depth is 1
[pid 225] 14:58:06.229421 openssl->SSL_connect(0xaaaaf1fa0070, 0xaaaaf1f7b998, 0xffffa2c940e0, 0 <unfinished ...>
[pid 225] 14:58:06.229720 libssl.so.3->EVP_PKEY_keygen_init(0xaaaaf1fa8bf0, 0, 0, 0xaaaaf1fa8c60) = 1 <0.000130>
[pid 225] 14:58:06.229983 libssl.so.3->EVP_PKEY_keygen(0xaaaaf1fa8bf0, 0xffffdb71a570, 0, 0 <unfinished ...>
[pid 225] 14:58:06.230307 oqsprovider.so->OQS_KEM_new(0xaaaaf1fa6f90, 0xaaaaf1fa7990, 912, 0) = 0xaaaaf1fa79d0 <0.000159>
[pid 225] 14:58:06.230518 oqsprovider.so->OQS_KEM_keypair(0xaaaaf1fa79d0, 0xaaaaf1fb13d0, 0xaaaaf1fb1cb0, 0xaaaaf1fb2540) = 0 <0.001240>
[pid 225] 14:58:06.231815 <... EVP_PKEY_keygen resumed> ) = 1 <0.001907>
[pid 225] 14:58:06.235572 libssl.so.3->EVP_PKEY_decapsulate_init(0xaaaaf1fa8bf0, 0, 0, 0xaaaaf1fa8c60) = 1 <0.000159>
[pid 225] 14:58:06.235785 libssl.so.3->EVP_PKEY_decapsulate(0xaaaaf1fa8bf0, 0, 0xffffdb71a4f0, 0xaaaaf1faaeba) = 1 <0.000130>
[pid 225] 14:58:06.235972 libssl.so.3->EVP_PKEY_decapsulate(0xaaaaf1fa8bf0, 0xaaaaf1f9b0f0, 0xffffdb71a4f0, 0xaaaaf1faaeba <unfinished ...>
[pid 225] 14:58:06.236085 oqsprovider.so->OQS_KEM_decaps(0xaaaaf1fa79d0, 0xaaaaf1f9b0f0, 0xaaaaf1faaeba, 0xaaaaf1fb1cb0) = 0 <0.003058>
[pid 225] 14:58:06.239199 <... EVP_PKEY_decapsulate resumed> ) = 1 <0.003221>
[pid 225] 14:58:06.239862 libssl.so.3->X509_verify_cert(0xaaaaf1f9ff50, 0, 0, 0xffffffff) = 1 <0.000281>
[pid 225] 14:58:06.240385 libssl.so.3->EVP_DigestVerifyInit_ex(0xaaaaf1fcae50, 0xffffdb71a5f8, 0, 0) = 1 <0.000111>
[pid 225] 14:58:06.240570 libssl.so.3->EVP_DigestVerify(0xaaaaf1fcae50, 0xaaaaf1faae68, 2420, 0xffffdb71a600) = 1 <0.000196>
[pid 225] 14:58:06.241010 libssl.so.3->X509_verify_cert(0xaaaaf1f9ff50, 1, 0, 0) = 1 <0.000213>
[pid 225] 14:58:06.241430 libssl.so.3->EVP_DigestSignInit_ex(0xaaaaf1ece750, 0xffffdb71a5e0, 0, 0) = 1 <0.000131>
[pid 225] 14:58:06.241645 libssl.so.3->EVP_DigestSign(0xaaaaf1ece750, 0, 0xffffdb71a5f0, 0xffffdb71a600) = 1 <0.000146>
[pid 225] 14:58:06.241839 libssl.so.3->EVP_DigestSign(0xaaaaf1ece750, 0xaaaaf1fbcd10, 0xffffdb71a5f0, 0xffffdb71a600) = 1 <0.000657>
[pid 225] 14:58:06.242742 <... SSL_connect resumed> ) = 1 <0.013316>
[pid 225] 14:58:06.242962 oqsprovider.so->OQS_KEM_free(0xaaaaf1fa79d0, 1, 7, 0xaaaaf1eb1010) = 0xaaaaf1eb1030 <0.000097>
Handshake duration: 13.48 ms
[pid 225] 14:58:06.244304 +++ exited (status 0) +++
Execution 14 - TLS Mutual
s_connection: verify depth is 1
[pid 227] 14:58:06.271307 openssl->SSL_connect(0xaaaad5c51070, 0xaaaad5c2c998, 0xffffb77940e0, 0 <unfinished ...>
[pid 227] 14:58:06.271620 libssl.so.3->EVP_PKEY_keygen_init(0xaaaad5c59bf0, 0, 0, 0xaaaad5c59c60) = 1 <0.000126>
[pid 227] 14:58:06.271810 libssl.so.3->EVP_PKEY_keygen(0xaaaad5c59bf0, 0xffffde5ce4c0, 0, 0 <unfinished ...>
[pid 227] 14:58:06.272074 oqsprovider.so->OQS_KEM_new(0xaaaad5c57f90, 0xaaaad5c58990, 912, 0) = 0xaaaad5c589d0 <0.000110>
[pid 227] 14:58:06.272270 oqsprovider.so->OQS_KEM_keypair(0xaaaad5c589d0, 0xaaaad5c623d0, 0xaaaad5c62cb0, 0xaaaad5c63540) = 0 <0.001246>
[pid 227] 14:58:06.273575 <... EVP_PKEY_keygen resumed> ) = 1 <0.001761>
[pid 227] 14:58:06.277246 libssl.so.3->EVP_PKEY_decapsulate_init(0xaaaad5c59bf0, 0, 0, 0xaaaad5c59c60) = 1 <0.000273>
[pid 227] 14:58:06.277574 libssl.so.3->EVP_PKEY_decapsulate(0xaaaad5c59bf0, 0, 0xffffde5ce440, 0xaaaad5c5beba) = 1 <0.000102>
[pid 227] 14:58:06.277739 libssl.so.3->EVP_PKEY_decapsulate(0xaaaad5c59bf0, 0xaaaad5c4c0f0, 0xffffde5ce440, 0xaaaad5c5beba <unfinished ...>
[pid 227] 14:58:06.277874 oqsprovider.so->OQS_KEM_decaps(0xaaaad5c589d0, 0xaaaad5c4c0f0, 0xaaaad5c5beba, 0xaaaad5c62cb0) = 0 <0.003065>
[pid 227] 14:58:06.280999 <... EVP_PKEY_decapsulate resumed> ) = 1 <0.003252>
[pid 227] 14:58:06.281669 libssl.so.3->X509_verify_cert(0xaaaad5c50f50, 0, 0, 0xffffffff) = 1 <0.000292>
[pid 227] 14:58:06.282176 libssl.so.3->EVP_DigestVerifyInit_ex(0xaaaad5c7be50, 0xffffde5ce548, 0, 0) = 1 <0.000176>
[pid 227] 14:58:06.282405 libssl.so.3->EVP_DigestVerify(0xaaaad5c7be50, 0xaaaad5c5be68, 2420, 0xffffde5ce550) = 1 <0.000161>
[pid 227] 14:58:06.282765 libssl.so.3->X509_verify_cert(0xaaaad5c50f50, 1, 0, 0) = 1 <0.000182>
[pid 227] 14:58:06.283118 libssl.so.3->EVP_DigestSignInit_ex(0xaaaad5b7f750, 0xffffde5ce530, 0, 0) = 1 <0.000132>
[pid 227] 14:58:06.283305 libssl.so.3->EVP_DigestSign(0xaaaad5b7f750, 0, 0xffffde5ce540, 0xffffde5ce550) = 1 <0.000116>
[pid 227] 14:58:06.283467 libssl.so.3->EVP_DigestSign(0xaaaad5b7f750, 0xaaaad5c6dd10, 0xffffde5ce540, 0xffffde5ce550) = 1 <0.000391>
[pid 227] 14:58:06.284121 <... SSL_connect resumed> ) = 1 <0.012807>
[pid 227] 14:58:06.284337 oqsprovider.so->OQS_KEM_free(0xaaaad5c589d0, 1, 7, 0xaaaad5b62010) = 0xaaaad5b62030 <0.000163>
Handshake duration: 12.94 ms
[pid 227] 14:58:06.285759 +++ exited (status 0) +++
Execution 15 - TLS Mutual
s_connection: verify depth is 1
[pid 229] 14:58:06.312901 openssl->SSL_connect(0xaaaacef53070, 0xaaaacef2e998, 0xffffa81c40e0, 0 <unfinished ...>
[pid 229] 14:58:06.313234 libssl.so.3->EVP_PKEY_keygen_init(0xaaaacef5bbf0, 0, 0, 0xaaaacef5bc60) = 1 <0.000148>
[pid 229] 14:58:06.313523 libssl.so.3->EVP_PKEY_keygen(0xaaaacef5bbf0, 0xffffdee61bd0, 0, 0 <unfinished ...>
[pid 229] 14:58:06.313625 oqsprovider.so->OQS_KEM_new(0xaaaacef59f90, 0xaaaacef5a990, 912, 0) = 0xaaaacef5a9d0 <0.000105>
[pid 229] 14:58:06.313829 oqsprovider.so->OQS_KEM_keypair(0xaaaacef5a9d0, 0xaaaacef643d0, 0xaaaacef64cb0, 0xaaaacef65540) = 0 <0.001261>
[pid 229] 14:58:06.315145 <... EVP_PKEY_keygen resumed> ) = 1 <0.001618>
[pid 229] 14:58:06.318847 libssl.so.3->EVP_PKEY_decapsulate_init(0xaaaacef5bbf0, 0, 0, 0xaaaacef5bc60) = 1 <0.000139>
[pid 229] 14:58:06.319038 libssl.so.3->EVP_PKEY_decapsulate(0xaaaacef5bbf0, 0, 0xffffdee61b50, 0xaaaacef5deba) = 1 <0.000137>
[pid 229] 14:58:06.319211 libssl.so.3->EVP_PKEY_decapsulate(0xaaaacef5bbf0, 0xaaaacef4e0f0, 0xffffdee61b50, 0xaaaacef5deba <unfinished ...>
[pid 229] 14:58:06.319328 oqsprovider.so->OQS_KEM_decaps(0xaaaacef5a9d0, 0xaaaacef4e0f0, 0xaaaacef5deba, 0xaaaacef64cb0) = 0 <0.003206>
[pid 229] 14:58:06.322593 <... EVP_PKEY_decapsulate resumed> ) = 1 <0.003375>
[pid 229] 14:58:06.323283 libssl.so.3->X509_verify_cert(0xaaaacef52f50, 0, 0, 0xffffffff) = 1 <0.000257>
[pid 229] 14:58:06.323755 libssl.so.3->EVP_DigestVerifyInit_ex(0xaaaacef7de50, 0xffffdee61c58, 0, 0) = 1 <0.000093>
[pid 229] 14:58:06.323897 libssl.so.3->EVP_DigestVerify(0xaaaacef7de50, 0xaaaacef5de68, 2420, 0xffffdee61c60) = 1 <0.000232>
[pid 229] 14:58:06.324333 libssl.so.3->X509_verify_cert(0xaaaacef52f50, 1, 0, 0) = 1 <0.000188>
[pid 229] 14:58:06.324693 libssl.so.3->EVP_DigestSignInit_ex(0xaaaacee81750, 0xffffdee61c40, 0, 0) = 1 <0.000098>
[pid 229] 14:58:06.324836 libssl.so.3->EVP_DigestSign(0xaaaacee81750, 0, 0xffffdee61c50, 0xffffdee61c60) = 1 <0.000112>
[pid 229] 14:58:06.325014 libssl.so.3->EVP_DigestSign(0xaaaacee81750, 0xaaaacef6fd10, 0xffffdee61c50, 0xffffdee61c60) = 1 <0.000400>
[pid 229] 14:58:06.325661 <... SSL_connect resumed> ) = 1 <0.012757>
[pid 229] 14:58:06.325924 oqsprovider.so->OQS_KEM_free(0xaaaacef5a9d0, 1, 7, 0xaaaacee64010) = 0xaaaacee64030 <0.000114>
Handshake duration: 12.95 ms
[pid 229] 14:58:06.327203 +++ exited (status 0) +++
Execution 16 - TLS Mutual
s_connection: verify depth is 1
[pid 231] 14:58:06.354592 openssl->SSL_connect(0xaaaafaf6e070, 0xaaaafaf49998, 0xffff9dae40e0, 0 <unfinished ...>
[pid 231] 14:58:06.354932 libssl.so.3->EVP_PKEY_keygen_init(0xaaaafaf76bf0, 0, 0, 0xaaaafaf76c60) = 1 <0.000131>
[pid 231] 14:58:06.355111 libssl.so.3->EVP_PKEY_keygen(0xaaaafaf76bf0, 0xffffc44f2680, 0, 0 <unfinished ...>
[pid 231] 14:58:06.355218 oqsprovider.so->OQS_KEM_new(0xaaaafaf74f90, 0xaaaafaf75990, 912, 0) = 0xaaaafaf759d0 <0.000110>
[pid 231] 14:58:06.355369 oqsprovider.so->OQS_KEM_keypair(0xaaaafaf759d0, 0xaaaafaf7f3d0, 0xaaaafaf7fcb0, 0xaaaafaf80540) = 0 <0.001232>
[pid 231] 14:58:06.356660 <... EVP_PKEY_keygen resumed> ) = 1 <0.001544>
[pid 231] 14:58:06.360364 libssl.so.3->EVP_PKEY_decapsulate_init(0xaaaafaf76bf0, 0, 0, 0xaaaafaf76c60) = 1 <0.000153>
[pid 231] 14:58:06.360599 libssl.so.3->EVP_PKEY_decapsulate(0xaaaafaf76bf0, 0, 0xffffc44f2600, 0xaaaafaf78eba) = 1 <0.000162>
[pid 231] 14:58:06.360799 libssl.so.3->EVP_PKEY_decapsulate(0xaaaafaf76bf0, 0xaaaafaf690f0, 0xffffc44f2600, 0xaaaafaf78eba <unfinished ...>
[pid 231] 14:58:06.360903 oqsprovider.so->OQS_KEM_decaps(0xaaaafaf759d0, 0xaaaafaf690f0, 0xaaaafaf78eba, 0xaaaafaf7fcb0) = 0 <0.003106>
[pid 231] 14:58:06.364068 <... EVP_PKEY_decapsulate resumed> ) = 1 <0.003263>
[pid 231] 14:58:06.364764 libssl.so.3->X509_verify_cert(0xaaaafaf6df50, 0, 0, 0xffffffff) = 1 <0.000269>
[pid 231] 14:58:06.365246 libssl.so.3->EVP_DigestVerifyInit_ex(0xaaaafaf98e50, 0xffffc44f2708, 0, 0) = 1 <0.000146>
[pid 231] 14:58:06.365444 libssl.so.3->EVP_DigestVerify(0xaaaafaf98e50, 0xaaaafaf78e68, 2420, 0xffffc44f2710) = 1 <0.000169>
[pid 231] 14:58:06.365823 libssl.so.3->X509_verify_cert(0xaaaafaf6df50, 1, 0, 0) = 1 <0.000193>
[pid 231] 14:58:06.366176 libssl.so.3->EVP_DigestSignInit_ex(0xaaaafae9c750, 0xffffc44f26f0, 0, 0) = 1 <0.000113>
[pid 231] 14:58:06.366336 libssl.so.3->EVP_DigestSign(0xaaaafae9c750, 0, 0xffffc44f2700, 0xffffc44f2710) = 1 <0.000137>
[pid 231] 14:58:06.366519 libssl.so.3->EVP_DigestSign(0xaaaafae9c750, 0xaaaafaf8ad10, 0xffffc44f2700, 0xffffc44f2710) = 1 <0.000272>
[pid 231] 14:58:06.367053 <... SSL_connect resumed> ) = 1 <0.012456>
[pid 231] 14:58:06.367298 oqsprovider.so->OQS_KEM_free(0xaaaafaf759d0, 1, 7, 0xaaaafae7f010) = 0xaaaafae7f030 <0.000097>
Handshake duration: 12.58 ms
[pid 231] 14:58:06.368622 +++ exited (status 0) +++
Execution 17 - TLS Mutual
s_connection: verify depth is 1
[pid 233] 14:58:06.396213 openssl->SSL_connect(0xaaaaf95e7070, 0xaaaaf95c2998, 0xffffab0840e0, 0 <unfinished ...>
[pid 233] 14:58:06.396547 libssl.so.3->EVP_PKEY_keygen_init(0xaaaaf95efbf0, 0, 0, 0xaaaaf95efc60) = 1 <0.000114>
[pid 233] 14:58:06.396718 libssl.so.3->EVP_PKEY_keygen(0xaaaaf95efbf0, 0xffffc92f0270, 0, 0 <unfinished ...>
[pid 233] 14:58:06.396833 oqsprovider.so->OQS_KEM_new(0xaaaaf95edf90, 0xaaaaf95ee990, 912, 0) = 0xaaaaf95ee9d0 <0.000124>
[pid 233] 14:58:06.397011 oqsprovider.so->OQS_KEM_keypair(0xaaaaf95ee9d0, 0xaaaaf95f83d0, 0xaaaaf95f8cb0, 0xaaaaf95f9540) = 0 <0.001225>
[pid 233] 14:58:06.398319 <... EVP_PKEY_keygen resumed> ) = 1 <0.001594>
[pid 233] 14:58:06.402088 libssl.so.3->EVP_PKEY_decapsulate_init(0xaaaaf95efbf0, 0, 0, 0xaaaaf95efc60) = 1 <0.000183>
[pid 233] 14:58:06.402308 libssl.so.3->EVP_PKEY_decapsulate(0xaaaaf95efbf0, 0, 0xffffc92f01f0, 0xaaaaf95f1eba) = 1 <0.000109>
[pid 233] 14:58:06.402493 libssl.so.3->EVP_PKEY_decapsulate(0xaaaaf95efbf0, 0xaaaaf95e20f0, 0xffffc92f01f0, 0xaaaaf95f1eba <unfinished ...>
[pid 233] 14:58:06.402607 oqsprovider.so->OQS_KEM_decaps(0xaaaaf95ee9d0, 0xaaaaf95e20f0, 0xaaaaf95f1eba, 0xaaaaf95f8cb0) = 0 <0.003061>
[pid 233] 14:58:06.405722 <... EVP_PKEY_decapsulate resumed> ) = 1 <0.003224>
[pid 233] 14:58:06.406409 libssl.so.3->X509_verify_cert(0xaaaaf95e6f50, 0, 0, 0xffffffff) = 1 <0.000291>
[pid 233] 14:58:06.406914 libssl.so.3->EVP_DigestVerifyInit_ex(0xaaaaf9611e50, 0xffffc92f02f8, 0, 0) = 1 <0.000131>
[pid 233] 14:58:06.407102 libssl.so.3->EVP_DigestVerify(0xaaaaf9611e50, 0xaaaaf95f1e68, 2420, 0xffffc92f0300) = 1 <0.000221>
[pid 233] 14:58:06.407552 libssl.so.3->X509_verify_cert(0xaaaaf95e6f50, 1, 0, 0) = 1 <0.000199>
[pid 233] 14:58:06.407929 libssl.so.3->EVP_DigestSignInit_ex(0xaaaaf9515750, 0xffffc92f02e0, 0, 0) = 1 <0.000116>
[pid 233] 14:58:06.408102 libssl.so.3->EVP_DigestSign(0xaaaaf9515750, 0, 0xffffc92f02f0, 0xffffc92f0300) = 1 <0.000111>
[pid 233] 14:58:06.408261 libssl.so.3->EVP_DigestSign(0xaaaaf9515750, 0xaaaaf9603d10, 0xffffc92f02f0, 0xffffc92f0300) = 1 <0.000442>
[pid 233] 14:58:06.408965 <... SSL_connect resumed> ) = 1 <0.012752>
[pid 233] 14:58:06.409150 oqsprovider.so->OQS_KEM_free(0xaaaaf95ee9d0, 1, 7, 0xaaaaf94f8010) = 0xaaaaf94f8030 <0.000097>
Handshake duration: 12.88 ms
[pid 233] 14:58:06.410443 +++ exited (status 0) +++
Execution 18 - TLS Mutual
s_connection: verify depth is 1
[pid 235] 14:58:06.437435 openssl->SSL_connect(0xaaaac50b6070, 0xaaaac5091998, 0xffffb04640e0, 0 <unfinished ...>
[pid 235] 14:58:06.437769 libssl.so.3->EVP_PKEY_keygen_init(0xaaaac50bebf0, 0, 0, 0xaaaac50bec60) = 1 <0.000110>
[pid 235] 14:58:06.437927 libssl.so.3->EVP_PKEY_keygen(0xaaaac50bebf0, 0xffffd84705a0, 0, 0 <unfinished ...>
[pid 235] 14:58:06.438030 oqsprovider.so->OQS_KEM_new(0xaaaac50bcf90, 0xaaaac50bd990, 912, 0) = 0xaaaac50bd9d0 <0.000101>
[pid 235] 14:58:06.438183 oqsprovider.so->OQS_KEM_keypair(0xaaaac50bd9d0, 0xaaaac50c73d0, 0xaaaac50c7cb0, 0xaaaac50c8540) = 0 <0.001291>
[pid 235] 14:58:06.439575 <... EVP_PKEY_keygen resumed> ) = 1 <0.001641>
[pid 235] 14:58:06.443281 libssl.so.3->EVP_PKEY_decapsulate_init(0xaaaac50bebf0, 0, 0, 0xaaaac50bec60) = 1 <0.000247>
[pid 235] 14:58:06.443568 libssl.so.3->EVP_PKEY_decapsulate(0xaaaac50bebf0, 0, 0xffffd8470520, 0xaaaac50c0eba) = 1 <0.000147>
[pid 235] 14:58:06.443819 libssl.so.3->EVP_PKEY_decapsulate(0xaaaac50bebf0, 0xaaaac50b10f0, 0xffffd8470520, 0xaaaac50c0eba <unfinished ...>
[pid 235] 14:58:06.444020 oqsprovider.so->OQS_KEM_decaps(0xaaaac50bd9d0, 0xaaaac50b10f0, 0xaaaac50c0eba, 0xaaaac50c7cb0) = 0 <0.003206>
[pid 235] 14:58:06.447194 <... EVP_PKEY_decapsulate resumed> ) = 1 <0.003369>
[pid 235] 14:58:06.447977 libssl.so.3->X509_verify_cert(0xaaaac50b5f50, 0, 0, 0xffffffff) = 1 <0.000326>
[pid 235] 14:58:06.448525 libssl.so.3->EVP_DigestVerifyInit_ex(0xaaaac50e0e50, 0xffffd8470628, 0, 0) = 1 <0.000117>
[pid 235] 14:58:06.448696 libssl.so.3->EVP_DigestVerify(0xaaaac50e0e50, 0xaaaac50c0e68, 2420, 0xffffd8470630) = 1 <0.000244>
[pid 235] 14:58:06.449155 libssl.so.3->X509_verify_cert(0xaaaac50b5f50, 1, 0, 0) = 1 <0.000235>
[pid 235] 14:58:06.449572 libssl.so.3->EVP_DigestSignInit_ex(0xaaaac4fe4750, 0xffffd8470610, 0, 0) = 1 <0.000095>
[pid 235] 14:58:06.449713 libssl.so.3->EVP_DigestSign(0xaaaac4fe4750, 0, 0xffffd8470620, 0xffffd8470630) = 1 <0.000172>
[pid 235] 14:58:06.449936 libssl.so.3->EVP_DigestSign(0xaaaac4fe4750, 0xaaaac50d2d10, 0xffffd8470620, 0xffffd8470630) = 1 <0.000580>
[pid 235] 14:58:06.450760 <... SSL_connect resumed> ) = 1 <0.013318>
[pid 235] 14:58:06.451007 oqsprovider.so->OQS_KEM_free(0xaaaac50bd9d0, 1, 7, 0xaaaac4fc7010) = 0xaaaac4fc7030 <0.000093>
Handshake duration: 13.49 ms
[pid 235] 14:58:06.452317 +++ exited (status 0) +++
Execution 19 - TLS Mutual
s_connection: verify depth is 1
[pid 237] 14:58:06.479368 openssl->SSL_connect(0xaaaacec4e070, 0xaaaacec29998, 0xffffb13240e0, 0 <unfinished ...>
[pid 237] 14:58:06.479656 libssl.so.3->EVP_PKEY_keygen_init(0xaaaacec56bf0, 0, 0, 0xaaaacec56c60) = 1 <0.000122>
[pid 237] 14:58:06.479856 libssl.so.3->EVP_PKEY_keygen(0xaaaacec56bf0, 0xffffc7620d30, 0, 0 <unfinished ...>
[pid 237] 14:58:06.480045 oqsprovider.so->OQS_KEM_new(0xaaaacec54f90, 0xaaaacec55990, 912, 0) = 0xaaaacec559d0 <0.000129>
[pid 237] 14:58:06.480225 oqsprovider.so->OQS_KEM_keypair(0xaaaacec559d0, 0xaaaacec5f3d0, 0xaaaacec5fcb0, 0xaaaacec60540) = 0 <0.001236>
[pid 237] 14:58:06.481514 <... EVP_PKEY_keygen resumed> ) = 1 <0.001654>
[pid 237] 14:58:06.485129 libssl.so.3->EVP_PKEY_decapsulate_init(0xaaaacec56bf0, 0, 0, 0xaaaacec56c60) = 1 <0.000223>
[pid 237] 14:58:06.485437 libssl.so.3->EVP_PKEY_decapsulate(0xaaaacec56bf0, 0, 0xffffc7620cb0, 0xaaaacec58eba) = 1 <0.000134>
[pid 237] 14:58:06.485621 libssl.so.3->EVP_PKEY_decapsulate(0xaaaacec56bf0, 0xaaaacec490f0, 0xffffc7620cb0, 0xaaaacec58eba <unfinished ...>
[pid 237] 14:58:06.485729 oqsprovider.so->OQS_KEM_decaps(0xaaaacec559d0, 0xaaaacec490f0, 0xaaaacec58eba, 0xaaaacec5fcb0) = 0 <0.003097>
[pid 237] 14:58:06.488883 <... EVP_PKEY_decapsulate resumed> ) = 1 <0.003256>
[pid 237] 14:58:06.489578 libssl.so.3->X509_verify_cert(0xaaaacec4df50, 0, 0, 0xffffffff) = 1 <0.000325>
[pid 237] 14:58:06.490110 libssl.so.3->EVP_DigestVerifyInit_ex(0xaaaacec78e50, 0xffffc7620db8, 0, 0) = 1 <0.000107>
[pid 237] 14:58:06.490286 libssl.so.3->EVP_DigestVerify(0xaaaacec78e50, 0xaaaacec58e68, 2420, 0xffffc7620dc0) = 1 <0.000185>
[pid 237] 14:58:06.490701 libssl.so.3->X509_verify_cert(0xaaaacec4df50, 1, 0, 0) = 1 <0.000198>
[pid 237] 14:58:06.491060 libssl.so.3->EVP_DigestSignInit_ex(0xaaaaceb7c750, 0xffffc7620da0, 0, 0) = 1 <0.000090>
[pid 237] 14:58:06.491201 libssl.so.3->EVP_DigestSign(0xaaaaceb7c750, 0, 0xffffc7620db0, 0xffffc7620dc0) = 1 <0.000110>
[pid 237] 14:58:06.491353 libssl.so.3->EVP_DigestSign(0xaaaaceb7c750, 0xaaaacec6ad10, 0xffffc7620db0, 0xffffc7620dc0) = 1 <0.000290>
[pid 237] 14:58:06.491885 <... SSL_connect resumed> ) = 1 <0.012511>
[pid 237] 14:58:06.492088 oqsprovider.so->OQS_KEM_free(0xaaaacec559d0, 1, 7, 0xaaaaceb5f010) = 0xaaaaceb5f030 <0.000145>
Handshake duration: 12.64 ms
[pid 237] 14:58:06.493443 +++ exited (status 0) +++
Execution 20 - TLS Mutual
s_connection: verify depth is 1
[pid 239] 14:58:06.520613 openssl->SSL_connect(0xaaaae0a7c070, 0xaaaae0a57998, 0xffff88df40e0, 0 <unfinished ...>
[pid 239] 14:58:06.520943 libssl.so.3->EVP_PKEY_keygen_init(0xaaaae0a84bf0, 0, 0, 0xaaaae0a84c60) = 1 <0.000124>
[pid 239] 14:58:06.521132 libssl.so.3->EVP_PKEY_keygen(0xaaaae0a84bf0, 0xffffce0ec890, 0, 0 <unfinished ...>
[pid 239] 14:58:06.521283 oqsprovider.so->OQS_KEM_new(0xaaaae0a82f90, 0xaaaae0a83990, 912, 0) = 0xaaaae0a839d0 <0.000117>
[pid 239] 14:58:06.521498 oqsprovider.so->OQS_KEM_keypair(0xaaaae0a839d0, 0xaaaae0a8d3d0, 0xaaaae0a8dcb0, 0xaaaae0a8e540) = 0 <0.001345>
[pid 239] 14:58:06.522857 <... EVP_PKEY_keygen resumed> ) = 1 <0.001726>
[pid 239] 14:58:06.526696 libssl.so.3->EVP_PKEY_decapsulate_init(0xaaaae0a84bf0, 0, 0, 0xaaaae0a84c60) = 1 <0.000149>
[pid 239] 14:58:06.526948 libssl.so.3->EVP_PKEY_decapsulate(0xaaaae0a84bf0, 0, 0xffffce0ec810, 0xaaaae0a86eba) = 1 <0.000111>
[pid 239] 14:58:06.527191 libssl.so.3->EVP_PKEY_decapsulate(0xaaaae0a84bf0, 0xaaaae0a770f0, 0xffffce0ec810, 0xaaaae0a86eba <unfinished ...>
[pid 239] 14:58:06.527384 oqsprovider.so->OQS_KEM_decaps(0xaaaae0a839d0, 0xaaaae0a770f0, 0xaaaae0a86eba, 0xaaaae0a8dcb0) = 0 <0.003214>
[pid 239] 14:58:06.530661 <... EVP_PKEY_decapsulate resumed> ) = 1 <0.003489>
[pid 239] 14:58:06.531461 libssl.so.3->X509_verify_cert(0xaaaae0a7bf50, 0, 0, 0xffffffff) = 1 <0.000318>
[pid 239] 14:58:06.531987 libssl.so.3->EVP_DigestVerifyInit_ex(0xaaaae0aa6e50, 0xffffce0ec918, 0, 0) = 1 <0.000104>
[pid 239] 14:58:06.532184 libssl.so.3->EVP_DigestVerify(0xaaaae0aa6e50, 0xaaaae0a86e68, 2420, 0xffffce0ec920) = 1 <0.000237>
[pid 239] 14:58:06.532655 libssl.so.3->X509_verify_cert(0xaaaae0a7bf50, 1, 0, 0) = 1 <0.000190>
[pid 239] 14:58:06.533018 libssl.so.3->EVP_DigestSignInit_ex(0xaaaae09aa750, 0xffffce0ec900, 0, 0) = 1 <0.000110>
[pid 239] 14:58:06.533199 libssl.so.3->EVP_DigestSign(0xaaaae09aa750, 0, 0xffffce0ec910, 0xffffce0ec920) = 1 <0.000163>
[pid 239] 14:58:06.533413 libssl.so.3->EVP_DigestSign(0xaaaae09aa750, 0xaaaae0a98d10, 0xffffce0ec910, 0xffffce0ec920) = 1 <0.000490>
[pid 239] 14:58:06.534165 <... SSL_connect resumed> ) = 1 <0.013548>
[pid 239] 14:58:06.534469 oqsprovider.so->OQS_KEM_free(0xaaaae0a839d0, 1, 7, 0xaaaae098d010) = 0xaaaae098d030 <0.000111>
Handshake duration: 13.69 ms
[pid 239] 14:58:06.535766 +++ exited (status 0) +++
Execution 21 - TLS Mutual
s_connection: verify depth is 1
[pid 241] 14:58:06.563092 openssl->SSL_connect(0xaaaab99ee070, 0xaaaab99c9998, 0xffff9eb840e0, 0 <unfinished ...>
[pid 241] 14:58:06.563463 libssl.so.3->EVP_PKEY_keygen_init(0xaaaab99f6bf0, 0, 0, 0xaaaab99f6c60) = 1 <0.000102>
[pid 241] 14:58:06.563611 libssl.so.3->EVP_PKEY_keygen(0xaaaab99f6bf0, 0xffffca540920, 0, 0 <unfinished ...>
[pid 241] 14:58:06.563763 oqsprovider.so->OQS_KEM_new(0xaaaab99f4f90, 0xaaaab99f5990, 912, 0) = 0xaaaab99f59d0 <0.000107>
[pid 241] 14:58:06.563925 oqsprovider.so->OQS_KEM_keypair(0xaaaab99f59d0, 0xaaaab99ff3d0, 0xaaaab99ffcb0, 0xaaaab9a00540) = 0 <0.001221>
[pid 241] 14:58:06.565203 <... EVP_PKEY_keygen resumed> ) = 1 <0.001587>
[pid 241] 14:58:06.568936 libssl.so.3->EVP_PKEY_decapsulate_init(0xaaaab99f6bf0, 0, 0, 0xaaaab99f6c60) = 1 <0.000151>
[pid 241] 14:58:06.569193 libssl.so.3->EVP_PKEY_decapsulate(0xaaaab99f6bf0, 0, 0xffffca5408a0, 0xaaaab99f8eba) = 1 <0.000150>
[pid 241] 14:58:06.569403 libssl.so.3->EVP_PKEY_decapsulate(0xaaaab99f6bf0, 0xaaaab99e90f0, 0xffffca5408a0, 0xaaaab99f8eba <unfinished ...>
[pid 241] 14:58:06.569584 oqsprovider.so->OQS_KEM_decaps(0xaaaab99f59d0, 0xaaaab99e90f0, 0xaaaab99f8eba, 0xaaaab99ffcb0) = 0 <0.003084>
[pid 241] 14:58:06.572723 <... EVP_PKEY_decapsulate resumed> ) = 1 <0.003315>
[pid 241] 14:58:06.573414 libssl.so.3->X509_verify_cert(0xaaaab99edf50, 0, 0, 0xffffffff) = 1 <0.000274>
[pid 241] 14:58:06.573908 libssl.so.3->EVP_DigestVerifyInit_ex(0xaaaab9a18e50, 0xffffca5409a8, 0, 0) = 1 <0.000179>
[pid 241] 14:58:06.574152 libssl.so.3->EVP_DigestVerify(0xaaaab9a18e50, 0xaaaab99f8e68, 2420, 0xffffca5409b0) = 1 <0.000298>
[pid 241] 14:58:06.574679 libssl.so.3->X509_verify_cert(0xaaaab99edf50, 1, 0, 0) = 1 <0.000191>
[pid 241] 14:58:06.575034 libssl.so.3->EVP_DigestSignInit_ex(0xaaaab991c750, 0xffffca540990, 0, 0) = 1 <0.000141>
[pid 241] 14:58:06.575229 libssl.so.3->EVP_DigestSign(0xaaaab991c750, 0, 0xffffca5409a0, 0xffffca5409b0) = 1 <0.000095>
[pid 241] 14:58:06.575371 libssl.so.3->EVP_DigestSign(0xaaaab991c750, 0xaaaab9a0ad10, 0xffffca5409a0, 0xffffca5409b0) = 1 <0.000456>
[pid 241] 14:58:06.576059 <... SSL_connect resumed> ) = 1 <0.012962>
[pid 241] 14:58:06.576271 oqsprovider.so->OQS_KEM_free(0xaaaab99f59d0, 1, 7, 0xaaaab98ff010) = 0xaaaab98ff030 <0.000078>
Handshake duration: 13.10 ms
[pid 241] 14:58:06.577563 +++ exited (status 0) +++
Execution 22 - TLS Mutual
s_connection: verify depth is 1
[pid 243] 14:58:06.604823 openssl->SSL_connect(0xaaaaf402e070, 0xaaaaf4009998, 0xffffae2040e0, 0 <unfinished ...>
[pid 243] 14:58:06.605172 libssl.so.3->EVP_PKEY_keygen_init(0xaaaaf4036bf0, 0, 0, 0xaaaaf4036c60) = 1 <0.000121>
[pid 243] 14:58:06.605458 libssl.so.3->EVP_PKEY_keygen(0xaaaaf4036bf0, 0xffffcc5c49a0, 0, 0 <unfinished ...>
[pid 243] 14:58:06.605590 oqsprovider.so->OQS_KEM_new(0xaaaaf4034f90, 0xaaaaf4035990, 912, 0) = 0xaaaaf40359d0 <0.000149>
[pid 243] 14:58:06.605805 oqsprovider.so->OQS_KEM_keypair(0xaaaaf40359d0, 0xaaaaf403f3d0, 0xaaaaf403fcb0, 0xaaaaf4040540) = 0 <0.001290>
[pid 243] 14:58:06.607157 <... EVP_PKEY_keygen resumed> ) = 1 <0.001748>
[pid 243] 14:58:06.610934 libssl.so.3->EVP_PKEY_decapsulate_init(0xaaaaf4036bf0, 0, 0, 0xaaaaf4036c60) = 1 <0.000140>
[pid 243] 14:58:06.611125 libssl.so.3->EVP_PKEY_decapsulate(0xaaaaf4036bf0, 0, 0xffffcc5c4920, 0xaaaaf4038eba) = 1 <0.000133>
[pid 243] 14:58:06.611326 libssl.so.3->EVP_PKEY_decapsulate(0xaaaaf4036bf0, 0xaaaaf40290f0, 0xffffcc5c4920, 0xaaaaf4038eba <unfinished ...>
[pid 243] 14:58:06.611469 oqsprovider.so->OQS_KEM_decaps(0xaaaaf40359d0, 0xaaaaf40290f0, 0xaaaaf4038eba, 0xaaaaf403fcb0) = 0 <0.003073>
[pid 243] 14:58:06.614601 <... EVP_PKEY_decapsulate resumed> ) = 1 <0.003268>
[pid 243] 14:58:06.615254 libssl.so.3->X509_verify_cert(0xaaaaf402df50, 0, 0, 0xffffffff) = 1 <0.000260>
[pid 243] 14:58:06.615735 libssl.so.3->EVP_DigestVerifyInit_ex(0xaaaaf4058e50, 0xffffcc5c4a28, 0, 0) = 1 <0.000129>
[pid 243] 14:58:06.615896 libssl.so.3->EVP_DigestVerify(0xaaaaf4058e50, 0xaaaaf4038e68, 2420, 0xffffcc5c4a30) = 1 <0.000254>
[pid 243] 14:58:06.616380 libssl.so.3->X509_verify_cert(0xaaaaf402df50, 1, 0, 0) = 1 <0.000218>
[pid 243] 14:58:06.616759 libssl.so.3->EVP_DigestSignInit_ex(0xaaaaf3f5c750, 0xffffcc5c4a10, 0, 0) = 1 <0.000114>
[pid 243] 14:58:06.616961 libssl.so.3->EVP_DigestSign(0xaaaaf3f5c750, 0, 0xffffcc5c4a20, 0xffffcc5c4a30) = 1 <0.000178>
[pid 243] 14:58:06.617190 libssl.so.3->EVP_DigestSign(0xaaaaf3f5c750, 0xaaaaf404ad10, 0xffffcc5c4a20, 0xffffcc5c4a30) = 1 <0.000373>
[pid 243] 14:58:06.617856 <... SSL_connect resumed> ) = 1 <0.013031>
[pid 243] 14:58:06.618040 oqsprovider.so->OQS_KEM_free(0xaaaaf40359d0, 1, 7, 0xaaaaf3f3f010) = 0xaaaaf3f3f030 <0.000099>
Handshake duration: 13.16 ms
[pid 243] 14:58:06.619296 +++ exited (status 0) +++
Execution 23 - TLS Mutual
s_connection: verify depth is 1
[pid 245] 14:58:06.646355 openssl->SSL_connect(0xaaab19467070, 0xaaab19442998, 0xffff827840e0, 0 <unfinished ...>
[pid 245] 14:58:06.646683 libssl.so.3->EVP_PKEY_keygen_init(0xaaab1946fbf0, 0, 0, 0xaaab1946fc60) = 1 <0.000127>
[pid 245] 14:58:06.646877 libssl.so.3->EVP_PKEY_keygen(0xaaab1946fbf0, 0xffffd0ae6350, 0, 0 <unfinished ...>
[pid 245] 14:58:06.647004 oqsprovider.so->OQS_KEM_new(0xaaab1946df90, 0xaaab1946e990, 912, 0) = 0xaaab1946e9d0 <0.000156>
[pid 245] 14:58:06.647300 oqsprovider.so->OQS_KEM_keypair(0xaaab1946e9d0, 0xaaab194783d0, 0xaaab19478cb0, 0xaaab19479540) = 0 <0.001360>
[pid 245] 14:58:06.648627 <... EVP_PKEY_keygen resumed> ) = 1 <0.001745>
[pid 245] 14:58:06.652401 libssl.so.3->EVP_PKEY_decapsulate_init(0xaaab1946fbf0, 0, 0, 0xaaab1946fc60) = 1 <0.000200>
[pid 245] 14:58:06.652656 libssl.so.3->EVP_PKEY_decapsulate(0xaaab1946fbf0, 0, 0xffffd0ae62d0, 0xaaab19471eba) = 1 <0.000124>
[pid 245] 14:58:06.652831 libssl.so.3->EVP_PKEY_decapsulate(0xaaab1946fbf0, 0xaaab194620f0, 0xffffd0ae62d0, 0xaaab19471eba <unfinished ...>
[pid 245] 14:58:06.652964 oqsprovider.so->OQS_KEM_decaps(0xaaab1946e9d0, 0xaaab194620f0, 0xaaab19471eba, 0xaaab19478cb0) = 0 <0.003067>
[pid 245] 14:58:06.656085 <... EVP_PKEY_decapsulate resumed> ) = 1 <0.003248>
[pid 245] 14:58:06.656758 libssl.so.3->X509_verify_cert(0xaaab19466f50, 0, 0, 0xffffffff) = 1 <0.000284>
[pid 245] 14:58:06.657271 libssl.so.3->EVP_DigestVerifyInit_ex(0xaaab19491e50, 0xffffd0ae63d8, 0, 0) = 1 <0.000096>
[pid 245] 14:58:06.657413 libssl.so.3->EVP_DigestVerify(0xaaab19491e50, 0xaaab19471e68, 2420, 0xffffd0ae63e0) = 1 <0.000187>
[pid 245] 14:58:06.657812 libssl.so.3->X509_verify_cert(0xaaab19466f50, 1, 0, 0) = 1 <0.000198>
[pid 245] 14:58:06.658211 libssl.so.3->EVP_DigestSignInit_ex(0xaaab19395750, 0xffffd0ae63c0, 0, 0) = 1 <0.000124>
[pid 245] 14:58:06.658395 libssl.so.3->EVP_DigestSign(0xaaab19395750, 0, 0xffffd0ae63d0, 0xffffd0ae63e0) = 1 <0.000100>
[pid 245] 14:58:06.658547 libssl.so.3->EVP_DigestSign(0xaaab19395750, 0xaaab19483d10, 0xffffd0ae63d0, 0xffffd0ae63e0) = 1 <0.000417>
[pid 245] 14:58:06.659257 <... SSL_connect resumed> ) = 1 <0.012883>
[pid 245] 14:58:06.659483 oqsprovider.so->OQS_KEM_free(0xaaab1946e9d0, 1, 7, 0xaaab19378010) = 0xaaab19378030 <0.000111>
Handshake duration: 13.06 ms
[pid 245] 14:58:06.660816 +++ exited (status 0) +++
Execution 24 - TLS Mutual
s_connection: verify depth is 1
[pid 247] 14:58:06.688229 openssl->SSL_connect(0xaaab15fa2070, 0xaaab15f7d998, 0xffffb4bf40e0, 0 <unfinished ...>
[pid 247] 14:58:06.688556 libssl.so.3->EVP_PKEY_keygen_init(0xaaab15faabf0, 0, 0, 0xaaab15faac60) = 1 <0.000104>
[pid 247] 14:58:06.688721 libssl.so.3->EVP_PKEY_keygen(0xaaab15faabf0, 0xffffee777140, 0, 0 <unfinished ...>
[pid 247] 14:58:06.688878 oqsprovider.so->OQS_KEM_new(0xaaab15fa8f90, 0xaaab15fa9990, 912, 0) = 0xaaab15fa99d0 <0.000172>
[pid 247] 14:58:06.689141 oqsprovider.so->OQS_KEM_keypair(0xaaab15fa99d0, 0xaaab15fb33d0, 0xaaab15fb3cb0, 0xaaab15fb4540) = 0 <0.001375>
[pid 247] 14:58:06.690552 <... EVP_PKEY_keygen resumed> ) = 1 <0.001840>
[pid 247] 14:58:06.694364 libssl.so.3->EVP_PKEY_decapsulate_init(0xaaab15faabf0, 0, 0, 0xaaab15faac60) = 1 <0.000153>
[pid 247] 14:58:06.694589 libssl.so.3->EVP_PKEY_decapsulate(0xaaab15faabf0, 0, 0xffffee7770c0, 0xaaab15faceba) = 1 <0.000097>
[pid 247] 14:58:06.694745 libssl.so.3->EVP_PKEY_decapsulate(0xaaab15faabf0, 0xaaab15f9d0f0, 0xffffee7770c0, 0xaaab15faceba <unfinished ...>
[pid 247] 14:58:06.694914 oqsprovider.so->OQS_KEM_decaps(0xaaab15fa99d0, 0xaaab15f9d0f0, 0xaaab15faceba, 0xaaab15fb3cb0) = 0 <0.003110>
[pid 247] 14:58:06.698087 <... EVP_PKEY_decapsulate resumed> ) = 1 <0.003331>
[pid 247] 14:58:06.698818 libssl.so.3->X509_verify_cert(0xaaab15fa1f50, 0, 0, 0xffffffff) = 1 <0.000332>
[pid 247] 14:58:06.699398 libssl.so.3->EVP_DigestVerifyInit_ex(0xaaab15fcce50, 0xffffee7771c8, 0, 0) = 1 <0.000102>
[pid 247] 14:58:06.699561 libssl.so.3->EVP_DigestVerify(0xaaab15fcce50, 0xaaab15face68, 2420, 0xffffee7771d0) = 1 <0.000270>
[pid 247] 14:58:06.700081 libssl.so.3->X509_verify_cert(0xaaab15fa1f50, 1, 0, 0) = 1 <0.000215>
[pid 247] 14:58:06.700475 libssl.so.3->EVP_DigestSignInit_ex(0xaaab15ed0750, 0xffffee7771b0, 0, 0) = 1 <0.000112>
[pid 247] 14:58:06.700626 libssl.so.3->EVP_DigestSign(0xaaab15ed0750, 0, 0xffffee7771c0, 0xffffee7771d0) = 1 <0.000114>
[pid 247] 14:58:06.700808 libssl.so.3->EVP_DigestSign(0xaaab15ed0750, 0xaaab15fbed10, 0xffffee7771c0, 0xffffee7771d0) = 1 <0.000436>
[pid 247] 14:58:06.701562 <... SSL_connect resumed> ) = 1 <0.013329>
[pid 247] 14:58:06.701762 oqsprovider.so->OQS_KEM_free(0xaaab15fa99d0, 1, 7, 0xaaab15eb3010) = 0xaaab15eb3030 <0.000106>
Handshake duration: 13.46 ms
[pid 247] 14:58:06.703056 +++ exited (status 0) +++
Execution 25 - TLS Mutual
s_connection: verify depth is 1
[pid 249] 14:58:06.730350 openssl->SSL_connect(0xaaaaf5713070, 0xaaaaf56ee998, 0xffffb9ec40e0, 0 <unfinished ...>
[pid 249] 14:58:06.730678 libssl.so.3->EVP_PKEY_keygen_init(0xaaaaf571bbf0, 0, 0, 0xaaaaf571bc60) = 1 <0.000106>
[pid 249] 14:58:06.730905 libssl.so.3->EVP_PKEY_keygen(0xaaaaf571bbf0, 0xffffeee88030, 0, 0 <unfinished ...>
[pid 249] 14:58:06.731059 oqsprovider.so->OQS_KEM_new(0xaaaaf5719f90, 0xaaaaf571a990, 912, 0) = 0xaaaaf571a9d0 <0.000123>
[pid 249] 14:58:06.731232 oqsprovider.so->OQS_KEM_keypair(0xaaaaf571a9d0, 0xaaaaf57243d0, 0xaaaaf5724cb0, 0xaaaaf5725540) = 0 <0.001217>
[pid 249] 14:58:06.732514 <... EVP_PKEY_keygen resumed> ) = 1 <0.001614>
[pid 249] 14:58:06.736154 libssl.so.3->EVP_PKEY_decapsulate_init(0xaaaaf571bbf0, 0, 0, 0xaaaaf571bc60) = 1 <0.000174>
[pid 249] 14:58:06.736363 libssl.so.3->EVP_PKEY_decapsulate(0xaaaaf571bbf0, 0, 0xffffeee87fb0, 0xaaaaf571deba) = 1 <0.000123>
[pid 249] 14:58:06.736562 libssl.so.3->EVP_PKEY_decapsulate(0xaaaaf571bbf0, 0xaaaaf570e0f0, 0xffffeee87fb0, 0xaaaaf571deba <unfinished ...>
[pid 249] 14:58:06.736692 oqsprovider.so->OQS_KEM_decaps(0xaaaaf571a9d0, 0xaaaaf570e0f0, 0xaaaaf571deba, 0xaaaaf5724cb0) = 0 <0.003088>
[pid 249] 14:58:06.739832 <... EVP_PKEY_decapsulate resumed> ) = 1 <0.003271>
[pid 249] 14:58:06.740520 libssl.so.3->X509_verify_cert(0xaaaaf5712f50, 0, 0, 0xffffffff) = 1 <0.000312>
[pid 249] 14:58:06.741043 libssl.so.3->EVP_DigestVerifyInit_ex(0xaaaaf573de50, 0xffffeee880b8, 0, 0) = 1 <0.000152>
[pid 249] 14:58:06.741253 libssl.so.3->EVP_DigestVerify(0xaaaaf573de50, 0xaaaaf571de68, 2420, 0xffffeee880c0) = 1 <0.000177>
[pid 249] 14:58:06.741646 libssl.so.3->X509_verify_cert(0xaaaaf5712f50, 1, 0, 0) = 1 <0.000199>
[pid 249] 14:58:06.742015 libssl.so.3->EVP_DigestSignInit_ex(0xaaaaf5641750, 0xffffeee880a0, 0, 0) = 1 <0.000107>
[pid 249] 14:58:06.742177 libssl.so.3->EVP_DigestSign(0xaaaaf5641750, 0, 0xffffeee880b0, 0xffffeee880c0) = 1 <0.000108>
[pid 249] 14:58:06.742363 libssl.so.3->EVP_DigestSign(0xaaaaf5641750, 0xaaaaf572fd10, 0xffffeee880b0, 0xffffeee880c0) = 1 <0.000340>
[pid 249] 14:58:06.742954 <... SSL_connect resumed> ) = 1 <0.012598>
[pid 249] 14:58:06.743172 oqsprovider.so->OQS_KEM_free(0xaaaaf571a9d0, 1, 7, 0xaaaaf5624010) = 0xaaaaf5624030 <0.000090>
Handshake duration: 12.76 ms
[pid 249] 14:58:06.744543 +++ exited (status 0) +++
Execution 26 - TLS Mutual
s_connection: verify depth is 1
[pid 251] 14:58:06.771879 openssl->SSL_connect(0xaaaafa806070, 0xaaaafa7e1998, 0xffffb07140e0, 0 <unfinished ...>
[pid 251] 14:58:06.772217 libssl.so.3->EVP_PKEY_keygen_init(0xaaaafa80ebf0, 0, 0, 0xaaaafa80ec60) = 1 <0.000120>
[pid 251] 14:58:06.772451 libssl.so.3->EVP_PKEY_keygen(0xaaaafa80ebf0, 0xffffca7264e0, 0, 0 <unfinished ...>
[pid 251] 14:58:06.772580 oqsprovider.so->OQS_KEM_new(0xaaaafa80cf90, 0xaaaafa80d990, 912, 0) = 0xaaaafa80d9d0 <0.000134>
[pid 251] 14:58:06.772779 oqsprovider.so->OQS_KEM_keypair(0xaaaafa80d9d0, 0xaaaafa8173d0, 0xaaaafa817cb0, 0xaaaafa818540) = 0 <0.001278>
[pid 251] 14:58:06.774161 <... EVP_PKEY_keygen resumed> ) = 1 <0.001663>
[pid 251] 14:58:06.777906 libssl.so.3->EVP_PKEY_decapsulate_init(0xaaaafa80ebf0, 0, 0, 0xaaaafa80ec60) = 1 <0.000137>
[pid 251] 14:58:06.778103 libssl.so.3->EVP_PKEY_decapsulate(0xaaaafa80ebf0, 0, 0xffffca726460, 0xaaaafa810eba) = 1 <0.000198>
[pid 251] 14:58:06.778375 libssl.so.3->EVP_PKEY_decapsulate(0xaaaafa80ebf0, 0xaaaafa8010f0, 0xffffca726460, 0xaaaafa810eba <unfinished ...>
[pid 251] 14:58:06.778495 oqsprovider.so->OQS_KEM_decaps(0xaaaafa80d9d0, 0xaaaafa8010f0, 0xaaaafa810eba, 0xaaaafa817cb0) = 0 <0.003092>
[pid 251] 14:58:06.781640 <... EVP_PKEY_decapsulate resumed> ) = 1 <0.003265>
[pid 251] 14:58:06.782319 libssl.so.3->X509_verify_cert(0xaaaafa805f50, 0, 0, 0xffffffff) = 1 <0.000284>
[pid 251] 14:58:06.782818 libssl.so.3->EVP_DigestVerifyInit_ex(0xaaaafa830e50, 0xffffca726568, 0, 0) = 1 <0.000127>
[pid 251] 14:58:06.782988 libssl.so.3->EVP_DigestVerify(0xaaaafa830e50, 0xaaaafa810e68, 2420, 0xffffca726570) = 1 <0.000186>
[pid 251] 14:58:06.783411 libssl.so.3->X509_verify_cert(0xaaaafa805f50, 1, 0, 0) = 1 <0.000197>
[pid 251] 14:58:06.783788 libssl.so.3->EVP_DigestSignInit_ex(0xaaaafa734750, 0xffffca726550, 0, 0) = 1 <0.000125>
[pid 251] 14:58:06.783940 libssl.so.3->EVP_DigestSign(0xaaaafa734750, 0, 0xffffca726560, 0xffffca726570) = 1 <0.000112>
[pid 251] 14:58:06.784092 libssl.so.3->EVP_DigestSign(0xaaaafa734750, 0xaaaafa822d10, 0xffffca726560, 0xffffca726570) = 1 <0.000420>
[pid 251] 14:58:06.784775 <... SSL_connect resumed> ) = 1 <0.012891>
[pid 251] 14:58:06.785061 oqsprovider.so->OQS_KEM_free(0xaaaafa80d9d0, 1, 7, 0xaaaafa717010) = 0xaaaafa717030 <0.000106>
Handshake duration: 13.06 ms
[pid 251] 14:58:06.786351 +++ exited (status 0) +++
Execution 27 - TLS Mutual
s_connection: verify depth is 1
[pid 253] 14:58:06.813636 openssl->SSL_connect(0xaaab1b83f070, 0xaaab1b81a998, 0xffffbaa940e0, 0 <unfinished ...>
[pid 253] 14:58:06.813931 libssl.so.3->EVP_PKEY_keygen_init(0xaaab1b847bf0, 0, 0, 0xaaab1b847c60) = 1 <0.000114>
[pid 253] 14:58:06.814100 libssl.so.3->EVP_PKEY_keygen(0xaaab1b847bf0, 0xffffd2a55ab0, 0, 0 <unfinished ...>
[pid 253] 14:58:06.814227 oqsprovider.so->OQS_KEM_new(0xaaab1b845f90, 0xaaab1b846990, 912, 0) = 0xaaab1b8469d0 <0.000166>
[pid 253] 14:58:06.814442 oqsprovider.so->OQS_KEM_keypair(0xaaab1b8469d0, 0xaaab1b8503d0, 0xaaab1b850cb0, 0xaaab1b851540) = 0 <0.001284>
[pid 253] 14:58:06.815789 <... EVP_PKEY_keygen resumed> ) = 1 <0.001682>
[pid 253] 14:58:06.819562 libssl.so.3->EVP_PKEY_decapsulate_init(0xaaab1b847bf0, 0, 0, 0xaaab1b847c60) = 1 <0.000145>
[pid 253] 14:58:06.819805 libssl.so.3->EVP_PKEY_decapsulate(0xaaab1b847bf0, 0, 0xffffd2a55a30, 0xaaab1b849eba) = 1 <0.000163>
[pid 253] 14:58:06.820004 libssl.so.3->EVP_PKEY_decapsulate(0xaaab1b847bf0, 0xaaab1b83a0f0, 0xffffd2a55a30, 0xaaab1b849eba <unfinished ...>
[pid 253] 14:58:06.820168 oqsprovider.so->OQS_KEM_decaps(0xaaab1b8469d0, 0xaaab1b83a0f0, 0xaaab1b849eba, 0xaaab1b850cb0) = 0 <0.003084>
[pid 253] 14:58:06.823302 <... EVP_PKEY_decapsulate resumed> ) = 1 <0.003291>
[pid 253] 14:58:06.823969 libssl.so.3->X509_verify_cert(0xaaab1b83ef50, 0, 0, 0xffffffff) = 1 <0.000262>
[pid 253] 14:58:06.824456 libssl.so.3->EVP_DigestVerifyInit_ex(0xaaab1b869e50, 0xffffd2a55b38, 0, 0) = 1 <0.000195>
[pid 253] 14:58:06.824707 libssl.so.3->EVP_DigestVerify(0xaaab1b869e50, 0xaaab1b849e68, 2420, 0xffffd2a55b40) = 1 <0.000179>
[pid 253] 14:58:06.825132 libssl.so.3->X509_verify_cert(0xaaab1b83ef50, 1, 0, 0) = 1 <0.000198>
[pid 253] 14:58:06.825502 libssl.so.3->EVP_DigestSignInit_ex(0xaaab1b76d750, 0xffffd2a55b20, 0, 0) = 1 <0.000116>
[pid 253] 14:58:06.825672 libssl.so.3->EVP_DigestSign(0xaaab1b76d750, 0, 0xffffd2a55b30, 0xffffd2a55b40) = 1 <0.000107>
[pid 253] 14:58:06.825869 libssl.so.3->EVP_DigestSign(0xaaab1b76d750, 0xaaab1b85bd10, 0xffffd2a55b30, 0xffffd2a55b40) = 1 <0.000869>
[pid 253] 14:58:06.827031 <... SSL_connect resumed> ) = 1 <0.013388>
[pid 253] 14:58:06.827295 oqsprovider.so->OQS_KEM_free(0xaaab1b8469d0, 1, 7, 0xaaab1b750010) = 0xaaab1b750030 <0.000127>
Handshake duration: 13.56 ms
[pid 253] 14:58:06.828567 +++ exited (status 0) +++
Execution 28 - TLS Mutual
s_connection: verify depth is 1
[pid 255] 14:58:06.855852 openssl->SSL_connect(0xaaaabf57b070, 0xaaaabf556998, 0xffff8dbf40e0, 0 <unfinished ...>
[pid 255] 14:58:06.856144 libssl.so.3->EVP_PKEY_keygen_init(0xaaaabf583bf0, 0, 0, 0xaaaabf583c60) = 1 <0.000126>
[pid 255] 14:58:06.856397 libssl.so.3->EVP_PKEY_keygen(0xaaaabf583bf0, 0xffffd8611410, 0, 0 <unfinished ...>
[pid 255] 14:58:06.856523 oqsprovider.so->OQS_KEM_new(0xaaaabf581f90, 0xaaaabf582990, 912, 0) = 0xaaaabf5829d0 <0.000101>
[pid 255] 14:58:06.856699 oqsprovider.so->OQS_KEM_keypair(0xaaaabf5829d0, 0xaaaabf58c3d0, 0xaaaabf58ccb0, 0xaaaabf58d540) = 0 <0.001263>
[pid 255] 14:58:06.858022 <... EVP_PKEY_keygen resumed> ) = 1 <0.001619>
[pid 255] 14:58:06.861701 libssl.so.3->EVP_PKEY_decapsulate_init(0xaaaabf583bf0, 0, 0, 0xaaaabf583c60) = 1 <0.000143>
[pid 255] 14:58:06.861948 libssl.so.3->EVP_PKEY_decapsulate(0xaaaabf583bf0, 0, 0xffffd8611390, 0xaaaabf585eba) = 1 <0.000143>
[pid 255] 14:58:06.862133 libssl.so.3->EVP_PKEY_decapsulate(0xaaaabf583bf0, 0xaaaabf5760f0, 0xffffd8611390, 0xaaaabf585eba <unfinished ...>
[pid 255] 14:58:06.862255 oqsprovider.so->OQS_KEM_decaps(0xaaaabf5829d0, 0xaaaabf5760f0, 0xaaaabf585eba, 0xaaaabf58ccb0) = 0 <0.003060>
[pid 255] 14:58:06.865374 <... EVP_PKEY_decapsulate resumed> ) = 1 <0.003237>
[pid 255] 14:58:06.866047 libssl.so.3->X509_verify_cert(0xaaaabf57af50, 0, 0, 0xffffffff) = 1 <0.000306>
[pid 255] 14:58:06.866587 libssl.so.3->EVP_DigestVerifyInit_ex(0xaaaabf5a5e50, 0xffffd8611498, 0, 0) = 1 <0.000115>
[pid 255] 14:58:06.866786 libssl.so.3->EVP_DigestVerify(0xaaaabf5a5e50, 0xaaaabf585e68, 2420, 0xffffd86114a0) = 1 <0.000180>
[pid 255] 14:58:06.867167 libssl.so.3->X509_verify_cert(0xaaaabf57af50, 1, 0, 0) = 1 <0.000197>
[pid 255] 14:58:06.867526 libssl.so.3->EVP_DigestSignInit_ex(0xaaaabf4a9750, 0xffffd8611480, 0, 0) = 1 <0.000099>
[pid 255] 14:58:06.867671 libssl.so.3->EVP_DigestSign(0xaaaabf4a9750, 0, 0xffffd8611490, 0xffffd86114a0) = 1 <0.000100>
[pid 255] 14:58:06.867863 libssl.so.3->EVP_DigestSign(0xaaaabf4a9750, 0xaaaabf597d10, 0xffffd8611490, 0xffffd86114a0) = 1 <0.000304>
[pid 255] 14:58:06.868436 <... SSL_connect resumed> ) = 1 <0.012578>
[pid 255] 14:58:06.868665 oqsprovider.so->OQS_KEM_free(0xaaaabf5829d0, 1, 7, 0xaaaabf48c010) = 0xaaaabf48c030 <0.000118>
Handshake duration: 12.72 ms
[pid 255] 14:58:06.869971 +++ exited (status 0) +++
Execution 29 - TLS Mutual
s_connection: verify depth is 1
[pid 257] 14:58:06.897053 openssl->SSL_connect(0xaaaaff1ae070, 0xaaaaff189998, 0xffff9fe640e0, 0 <unfinished ...>
[pid 257] 14:58:06.897395 libssl.so.3->EVP_PKEY_keygen_init(0xaaaaff1b6bf0, 0, 0, 0xaaaaff1b6c60) = 1 <0.000109>
[pid 257] 14:58:06.897593 libssl.so.3->EVP_PKEY_keygen(0xaaaaff1b6bf0, 0xffffd5697ff0, 0, 0 <unfinished ...>
[pid 257] 14:58:06.897716 oqsprovider.so->OQS_KEM_new(0xaaaaff1b4f90, 0xaaaaff1b5990, 912, 0) = 0xaaaaff1b59d0 <0.000138>
[pid 257] 14:58:06.897942 oqsprovider.so->OQS_KEM_keypair(0xaaaaff1b59d0, 0xaaaaff1bf3d0, 0xaaaaff1bfcb0, 0xaaaaff1c0540) = 0 <0.001218>
[pid 257] 14:58:06.899219 <... EVP_PKEY_keygen resumed> ) = 1 <0.001622>
[pid 257] 14:58:06.902941 libssl.so.3->EVP_PKEY_decapsulate_init(0xaaaaff1b6bf0, 0, 0, 0xaaaaff1b6c60) = 1 <0.000168>
[pid 257] 14:58:06.903160 libssl.so.3->EVP_PKEY_decapsulate(0xaaaaff1b6bf0, 0, 0xffffd5697f70, 0xaaaaff1b8eba) = 1 <0.000144>
[pid 257] 14:58:06.903352 libssl.so.3->EVP_PKEY_decapsulate(0xaaaaff1b6bf0, 0xaaaaff1a90f0, 0xffffd5697f70, 0xaaaaff1b8eba <unfinished ...>
[pid 257] 14:58:06.903509 oqsprovider.so->OQS_KEM_decaps(0xaaaaff1b59d0, 0xaaaaff1a90f0, 0xaaaaff1b8eba, 0xaaaaff1bfcb0) = 0 <0.003083>
[pid 257] 14:58:06.906652 <... EVP_PKEY_decapsulate resumed> ) = 1 <0.003291>
[pid 257] 14:58:06.907335 libssl.so.3->X509_verify_cert(0xaaaaff1adf50, 0, 0, 0xffffffff) = 1 <0.000244>
[pid 257] 14:58:06.907785 libssl.so.3->EVP_DigestVerifyInit_ex(0xaaaaff1d8e50, 0xffffd5698078, 0, 0) = 1 <0.000140>
[pid 257] 14:58:06.907982 libssl.so.3->EVP_DigestVerify(0xaaaaff1d8e50, 0xaaaaff1b8e68, 2420, 0xffffd5698080) = 1 <0.000181>
[pid 257] 14:58:06.908372 libssl.so.3->X509_verify_cert(0xaaaaff1adf50, 1, 0, 0) = 1 <0.000192>
[pid 257] 14:58:06.908742 libssl.so.3->EVP_DigestSignInit_ex(0xaaaaff0dc750, 0xffffd5698060, 0, 0) = 1 <0.000109>
[pid 257] 14:58:06.908916 libssl.so.3->EVP_DigestSign(0xaaaaff0dc750, 0, 0xffffd5698070, 0xffffd5698080) = 1 <0.000088>
[pid 257] 14:58:06.909065 libssl.so.3->EVP_DigestSign(0xaaaaff0dc750, 0xaaaaff1cad10, 0xffffd5698070, 0xffffd5698080) = 1 <0.000481>
[pid 257] 14:58:06.909827 <... SSL_connect resumed> ) = 1 <0.012771>
[pid 257] 14:58:06.910081 oqsprovider.so->OQS_KEM_free(0xaaaaff1b59d0, 1, 7, 0xaaaaff0bf010) = 0xaaaaff0bf030 <0.000113>
Handshake duration: 12.91 ms
[pid 257] 14:58:06.911518 +++ exited (status 0) +++
Execution 30 - TLS Mutual
s_connection: verify depth is 1
[pid 259] 14:58:06.939532 openssl->SSL_connect(0xaaaaf733b070, 0xaaaaf7316998, 0xffff8c5240e0, 0 <unfinished ...>
[pid 259] 14:58:06.939832 libssl.so.3->EVP_PKEY_keygen_init(0xaaaaf7343bf0, 0, 0, 0xaaaaf7343c60) = 1 <0.000135>
[pid 259] 14:58:06.940023 libssl.so.3->EVP_PKEY_keygen(0xaaaaf7343bf0, 0xffffe2275ea0, 0, 0 <unfinished ...>
[pid 259] 14:58:06.940133 oqsprovider.so->OQS_KEM_new(0xaaaaf7341f90, 0xaaaaf7342990, 912, 0) = 0xaaaaf73429d0 <0.000147>
[pid 259] 14:58:06.940330 oqsprovider.so->OQS_KEM_keypair(0xaaaaf73429d0, 0xaaaaf734c3d0, 0xaaaaf734ccb0, 0xaaaaf734d540) = 0 <0.001257>
[pid 259] 14:58:06.941648 <... EVP_PKEY_keygen resumed> ) = 1 <0.001621>
[pid 259] 14:58:06.945334 libssl.so.3->EVP_PKEY_decapsulate_init(0xaaaaf7343bf0, 0, 0, 0xaaaaf7343c60) = 1 <0.000140>
[pid 259] 14:58:06.945533 libssl.so.3->EVP_PKEY_decapsulate(0xaaaaf7343bf0, 0, 0xffffe2275e20, 0xaaaaf7345eba) = 1 <0.000105>
[pid 259] 14:58:06.945749 libssl.so.3->EVP_PKEY_decapsulate(0xaaaaf7343bf0, 0xaaaaf73360f0, 0xffffe2275e20, 0xaaaaf7345eba <unfinished ...>
[pid 259] 14:58:06.945886 oqsprovider.so->OQS_KEM_decaps(0xaaaaf73429d0, 0xaaaaf73360f0, 0xaaaaf7345eba, 0xaaaaf734ccb0) = 0 <0.003120>
[pid 259] 14:58:06.949062 <... EVP_PKEY_decapsulate resumed> ) = 1 <0.003309>
[pid 259] 14:58:06.949742 libssl.so.3->X509_verify_cert(0xaaaaf733af50, 0, 0, 0xffffffff) = 1 <0.000306>
[pid 259] 14:58:06.950251 libssl.so.3->EVP_DigestVerifyInit_ex(0xaaaaf7365e50, 0xffffe2275f28, 0, 0) = 1 <0.000083>
[pid 259] 14:58:06.950381 libssl.so.3->EVP_DigestVerify(0xaaaaf7365e50, 0xaaaaf7345e68, 2420, 0xffffe2275f30) = 1 <0.000183>
[pid 259] 14:58:06.950777 libssl.so.3->X509_verify_cert(0xaaaaf733af50, 1, 0, 0) = 1 <0.000251>
[pid 259] 14:58:06.951253 libssl.so.3->EVP_DigestSignInit_ex(0xaaaaf7269750, 0xffffe2275f10, 0, 0) = 1 <0.000121>
[pid 259] 14:58:06.951436 libssl.so.3->EVP_DigestSign(0xaaaaf7269750, 0, 0xffffe2275f20, 0xffffe2275f30) = 1 <0.000104>
[pid 259] 14:58:06.951612 libssl.so.3->EVP_DigestSign(0xaaaaf7269750, 0xaaaaf7357d10, 0xffffe2275f20, 0xffffe2275f30) = 1 <0.000332>
[pid 259] 14:58:06.952215 <... SSL_connect resumed> ) = 1 <0.012679>
[pid 259] 14:58:06.952455 oqsprovider.so->OQS_KEM_free(0xaaaaf73429d0, 1, 7, 0xaaaaf724c010) = 0xaaaaf724c030 <0.000117>
Handshake duration: 12.86 ms
[pid 259] 14:58:06.953773 +++ exited (status 0) +++
Execution 31 - TLS Mutual
s_connection: verify depth is 1
[pid 261] 14:58:06.980857 openssl->SSL_connect(0xaaaaf0bea070, 0xaaaaf0bc5998, 0xffffbb1040e0, 0 <unfinished ...>
[pid 261] 14:58:06.981166 libssl.so.3->EVP_PKEY_keygen_init(0xaaaaf0bf2bf0, 0, 0, 0xaaaaf0bf2c60) = 1 <0.000183>
[pid 261] 14:58:06.981414 libssl.so.3->EVP_PKEY_keygen(0xaaaaf0bf2bf0, 0xffffcf8e8930, 0, 0 <unfinished ...>
[pid 261] 14:58:06.981565 oqsprovider.so->OQS_KEM_new(0xaaaaf0bf0f90, 0xaaaaf0bf1990, 912, 0) = 0xaaaaf0bf19d0 <0.000126>
[pid 261] 14:58:06.981748 oqsprovider.so->OQS_KEM_keypair(0xaaaaf0bf19d0, 0xaaaaf0bfb3d0, 0xaaaaf0bfbcb0, 0xaaaaf0bfc540) = 0 <0.001220>
[pid 261] 14:58:06.983024 <... EVP_PKEY_keygen resumed> ) = 1 <0.001608>
[pid 261] 14:58:06.986737 libssl.so.3->EVP_PKEY_decapsulate_init(0xaaaaf0bf2bf0, 0, 0, 0xaaaaf0bf2c60) = 1 <0.000153>
[pid 261] 14:58:06.986946 libssl.so.3->EVP_PKEY_decapsulate(0xaaaaf0bf2bf0, 0, 0xffffcf8e88b0, 0xaaaaf0bf4eba) = 1 <0.000137>
[pid 261] 14:58:06.987131 libssl.so.3->EVP_PKEY_decapsulate(0xaaaaf0bf2bf0, 0xaaaaf0be50f0, 0xffffcf8e88b0, 0xaaaaf0bf4eba <unfinished ...>
[pid 261] 14:58:06.987288 oqsprovider.so->OQS_KEM_decaps(0xaaaaf0bf19d0, 0xaaaaf0be50f0, 0xaaaaf0bf4eba, 0xaaaaf0bfbcb0) = 0 <0.003061>
[pid 261] 14:58:06.990404 <... EVP_PKEY_decapsulate resumed> ) = 1 <0.003269>
[pid 261] 14:58:06.991094 libssl.so.3->X509_verify_cert(0xaaaaf0be9f50, 0, 0, 0xffffffff) = 1 <0.000285>
[pid 261] 14:58:06.991579 libssl.so.3->EVP_DigestVerifyInit_ex(0xaaaaf0c14e50, 0xffffcf8e89b8, 0, 0) = 1 <0.000115>
[pid 261] 14:58:06.991774 libssl.so.3->EVP_DigestVerify(0xaaaaf0c14e50, 0xaaaaf0bf4e68, 2420, 0xffffcf8e89c0) = 1 <0.000171>
[pid 261] 14:58:06.992173 libssl.so.3->X509_verify_cert(0xaaaaf0be9f50, 1, 0, 0) = 1 <0.000226>
[pid 261] 14:58:06.992575 libssl.so.3->EVP_DigestSignInit_ex(0xaaaaf0b18750, 0xffffcf8e89a0, 0, 0) = 1 <0.000114>
[pid 261] 14:58:06.992776 libssl.so.3->EVP_DigestSign(0xaaaaf0b18750, 0, 0xffffcf8e89b0, 0xffffcf8e89c0) = 1 <0.000129>
[pid 261] 14:58:06.992943 libssl.so.3->EVP_DigestSign(0xaaaaf0b18750, 0xaaaaf0c06d10, 0xffffcf8e89b0, 0xffffcf8e89c0) = 1 <0.000313>
[pid 261] 14:58:06.993507 <... SSL_connect resumed> ) = 1 <0.012646>
[pid 261] 14:58:06.993704 oqsprovider.so->OQS_KEM_free(0xaaaaf0bf19d0, 1, 7, 0xaaaaf0afb010) = 0xaaaaf0afb030 <0.000166>
Handshake duration: 12.76 ms
[pid 261] 14:58:06.995070 +++ exited (status 0) +++
Execution 32 - TLS Mutual
s_connection: verify depth is 1
[pid 263] 14:58:07.022454 openssl->SSL_connect(0xaaab098fb070, 0xaaab098d6998, 0xffffab4040e0, 0 <unfinished ...>
[pid 263] 14:58:07.022746 libssl.so.3->EVP_PKEY_keygen_init(0xaaab09903bf0, 0, 0, 0xaaab09903c60) = 1 <0.000106>
[pid 263] 14:58:07.022901 libssl.so.3->EVP_PKEY_keygen(0xaaab09903bf0, 0xffffdf95dd60, 0, 0 <unfinished ...>
[pid 263] 14:58:07.022994 oqsprovider.so->OQS_KEM_new(0xaaab09901f90, 0xaaab09902990, 912, 0) = 0xaaab099029d0 <0.000117>
[pid 263] 14:58:07.023160 oqsprovider.so->OQS_KEM_keypair(0xaaab099029d0, 0xaaab0990c3d0, 0xaaab0990ccb0, 0xaaab0990d540) = 0 <0.001271>
[pid 263] 14:58:07.024491 <... EVP_PKEY_keygen resumed> ) = 1 <0.001582>
[pid 263] 14:58:07.028267 libssl.so.3->EVP_PKEY_decapsulate_init(0xaaab09903bf0, 0, 0, 0xaaab09903c60) = 1 <0.000163>
[pid 263] 14:58:07.028474 libssl.so.3->EVP_PKEY_decapsulate(0xaaab09903bf0, 0, 0xffffdf95dce0, 0xaaab09905eba) = 1 <0.000112>
[pid 263] 14:58:07.028642 libssl.so.3->EVP_PKEY_decapsulate(0xaaab09903bf0, 0xaaab098f60f0, 0xffffdf95dce0, 0xaaab09905eba <unfinished ...>
[pid 263] 14:58:07.028741 oqsprovider.so->OQS_KEM_decaps(0xaaab099029d0, 0xaaab098f60f0, 0xaaab09905eba, 0xaaab0990ccb0) = 0 <0.003122>
[pid 263] 14:58:07.031919 <... EVP_PKEY_decapsulate resumed> ) = 1 <0.003271>
[pid 263] 14:58:07.032621 libssl.so.3->X509_verify_cert(0xaaab098faf50, 0, 0, 0xffffffff) = 1 <0.000266>
[pid 263] 14:58:07.033119 libssl.so.3->EVP_DigestVerifyInit_ex(0xaaab09925e50, 0xffffdf95dde8, 0, 0) = 1 <0.000141>
[pid 263] 14:58:07.033325 libssl.so.3->EVP_DigestVerify(0xaaab09925e50, 0xaaab09905e68, 2420, 0xffffdf95ddf0) = 1 <0.000170>
[pid 263] 14:58:07.033719 libssl.so.3->X509_verify_cert(0xaaab098faf50, 1, 0, 0) = 1 <0.000212>
[pid 263] 14:58:07.034095 libssl.so.3->EVP_DigestSignInit_ex(0xaaab09829750, 0xffffdf95ddd0, 0, 0) = 1 <0.000109>
[pid 263] 14:58:07.034272 libssl.so.3->EVP_DigestSign(0xaaab09829750, 0, 0xffffdf95dde0, 0xffffdf95ddf0) = 1 <0.000144>
[pid 263] 14:58:07.034475 libssl.so.3->EVP_DigestSign(0xaaab09829750, 0xaaab09917d10, 0xffffdf95dde0, 0xffffdf95ddf0) = 1 <0.000437>
[pid 263] 14:58:07.035152 <... SSL_connect resumed> ) = 1 <0.012694>
[pid 263] 14:58:07.035319 oqsprovider.so->OQS_KEM_free(0xaaab099029d0, 1, 7, 0xaaab0980c010) = 0xaaab0980c030 <0.000132>
Handshake duration: 12.81 ms
[pid 263] 14:58:07.036741 +++ exited (status 0) +++
Execution 33 - TLS Mutual
s_connection: verify depth is 1
[pid 265] 14:58:07.064110 openssl->SSL_connect(0xaaab09e83070, 0xaaab09e5e998, 0xffffbb8e40e0, 0 <unfinished ...>
[pid 265] 14:58:07.064444 libssl.so.3->EVP_PKEY_keygen_init(0xaaab09e8bbf0, 0, 0, 0xaaab09e8bc60) = 1 <0.000114>
[pid 265] 14:58:07.064637 libssl.so.3->EVP_PKEY_keygen(0xaaab09e8bbf0, 0xffffcce11b60, 0, 0 <unfinished ...>
[pid 265] 14:58:07.064760 oqsprovider.so->OQS_KEM_new(0xaaab09e89f90, 0xaaab09e8a990, 912, 0) = 0xaaab09e8a9d0 <0.000160>
[pid 265] 14:58:07.065027 oqsprovider.so->OQS_KEM_keypair(0xaaab09e8a9d0, 0xaaab09e943d0, 0xaaab09e94cb0, 0xaaab09e95540) = 0 <0.001298>
[pid 265] 14:58:07.066346 <... EVP_PKEY_keygen resumed> ) = 1 <0.001704>
[pid 265] 14:58:07.070042 libssl.so.3->EVP_PKEY_decapsulate_init(0xaaab09e8bbf0, 0, 0, 0xaaab09e8bc60) = 1 <0.000168>
[pid 265] 14:58:07.070264 libssl.so.3->EVP_PKEY_decapsulate(0xaaab09e8bbf0, 0, 0xffffcce11ae0, 0xaaab09e8deba) = 1 <0.000132>
[pid 265] 14:58:07.070452 libssl.so.3->EVP_PKEY_decapsulate(0xaaab09e8bbf0, 0xaaab09e7e0f0, 0xffffcce11ae0, 0xaaab09e8deba <unfinished ...>
[pid 265] 14:58:07.070601 oqsprovider.so->OQS_KEM_decaps(0xaaab09e8a9d0, 0xaaab09e7e0f0, 0xaaab09e8deba, 0xaaab09e94cb0) = 0 <0.003081>
[pid 265] 14:58:07.073731 <... EVP_PKEY_decapsulate resumed> ) = 1 <0.003273>
[pid 265] 14:58:07.074426 libssl.so.3->X509_verify_cert(0xaaab09e82f50, 0, 0, 0xffffffff) = 1 <0.000294>
[pid 265] 14:58:07.074936 libssl.so.3->EVP_DigestVerifyInit_ex(0xaaab09eade50, 0xffffcce11be8, 0, 0) = 1 <0.000122>
[pid 265] 14:58:07.075109 libssl.so.3->EVP_DigestVerify(0xaaab09eade50, 0xaaab09e8de68, 2420, 0xffffcce11bf0) = 1 <0.000191>
[pid 265] 14:58:07.075527 libssl.so.3->X509_verify_cert(0xaaab09e82f50, 1, 0, 0) = 1 <0.000217>
[pid 265] 14:58:07.075921 libssl.so.3->EVP_DigestSignInit_ex(0xaaab09db1750, 0xffffcce11bd0, 0, 0) = 1 <0.000093>
[pid 265] 14:58:07.076068 libssl.so.3->EVP_DigestSign(0xaaab09db1750, 0, 0xffffcce11be0, 0xffffcce11bf0) = 1 <0.000150>
[pid 265] 14:58:07.076311 libssl.so.3->EVP_DigestSign(0xaaab09db1750, 0xaaab09e9fd10, 0xffffcce11be0, 0xffffcce11bf0) = 1 <0.000366>
[pid 265] 14:58:07.076930 <... SSL_connect resumed> ) = 1 <0.012814>
[pid 265] 14:58:07.077176 oqsprovider.so->OQS_KEM_free(0xaaab09e8a9d0, 1, 7, 0xaaab09d94010) = 0xaaab09d94030 <0.000096>
Handshake duration: 13.01 ms
[pid 265] 14:58:07.078549 +++ exited (status 0) +++
Execution 34 - TLS Mutual
s_connection: verify depth is 1
[pid 267] 14:58:07.106230 openssl->SSL_connect(0xaaaadaed7070, 0xaaaadaeb2998, 0xffff8a4d40e0, 0 <unfinished ...>
[pid 267] 14:58:07.106544 libssl.so.3->EVP_PKEY_keygen_init(0xaaaadaedfbf0, 0, 0, 0xaaaadaedfc60) = 1 <0.000106>
[pid 267] 14:58:07.106721 libssl.so.3->EVP_PKEY_keygen(0xaaaadaedfbf0, 0xfffff0b9f4d0, 0, 0 <unfinished ...>
[pid 267] 14:58:07.106867 oqsprovider.so->OQS_KEM_new(0xaaaadaeddf90, 0xaaaadaede990, 912, 0) = 0xaaaadaede9d0 <0.000102>
[pid 267] 14:58:07.107013 oqsprovider.so->OQS_KEM_keypair(0xaaaadaede9d0, 0xaaaadaee83d0, 0xaaaadaee8cb0, 0xaaaadaee9540) = 0 <0.001196>
[pid 267] 14:58:07.108274 <... EVP_PKEY_keygen resumed> ) = 1 <0.001546>
[pid 267] 14:58:07.111988 libssl.so.3->EVP_PKEY_decapsulate_init(0xaaaadaedfbf0, 0, 0, 0xaaaadaedfc60) = 1 <0.000133>
[pid 267] 14:58:07.112202 libssl.so.3->EVP_PKEY_decapsulate(0xaaaadaedfbf0, 0, 0xfffff0b9f450, 0xaaaadaee1eba) = 1 <0.000203>
[pid 267] 14:58:07.112454 libssl.so.3->EVP_PKEY_decapsulate(0xaaaadaedfbf0, 0xaaaadaed20f0, 0xfffff0b9f450, 0xaaaadaee1eba <unfinished ...>
[pid 267] 14:58:07.112576 oqsprovider.so->OQS_KEM_decaps(0xaaaadaede9d0, 0xaaaadaed20f0, 0xaaaadaee1eba, 0xaaaadaee8cb0) = 0 <0.003111>
[pid 267] 14:58:07.115740 <... EVP_PKEY_decapsulate resumed> ) = 1 <0.003281>
[pid 267] 14:58:07.116432 libssl.so.3->X509_verify_cert(0xaaaadaed6f50, 0, 0, 0xffffffff) = 1 <0.000295>
[pid 267] 14:58:07.116926 libssl.so.3->EVP_DigestVerifyInit_ex(0xaaaadaf01e50, 0xfffff0b9f558, 0, 0) = 1 <0.000115>
[pid 267] 14:58:07.117132 libssl.so.3->EVP_DigestVerify(0xaaaadaf01e50, 0xaaaadaee1e68, 2420, 0xfffff0b9f560) = 1 <0.000223>
[pid 267] 14:58:07.117571 libssl.so.3->X509_verify_cert(0xaaaadaed6f50, 1, 0, 0) = 1 <0.000207>
[pid 267] 14:58:07.117937 libssl.so.3->EVP_DigestSignInit_ex(0xaaaadae05750, 0xfffff0b9f540, 0, 0) = 1 <0.000114>
[pid 267] 14:58:07.118099 libssl.so.3->EVP_DigestSign(0xaaaadae05750, 0, 0xfffff0b9f550, 0xfffff0b9f560) = 1 <0.000203>
[pid 267] 14:58:07.118348 libssl.so.3->EVP_DigestSign(0xaaaadae05750, 0xaaaadaef3d10, 0xfffff0b9f550, 0xfffff0b9f560) = 1 <0.000406>
[pid 267] 14:58:07.118994 <... SSL_connect resumed> ) = 1 <0.012759>
[pid 267] 14:58:07.119211 oqsprovider.so->OQS_KEM_free(0xaaaadaede9d0, 1, 7, 0xaaaadade8010) = 0xaaaadade8030 <0.000113>
Handshake duration: 12.92 ms
[pid 267] 14:58:07.120548 +++ exited (status 0) +++
Execution 35 - TLS Mutual
s_connection: verify depth is 1
[pid 269] 14:58:07.147929 openssl->SSL_connect(0xaaaab7afb070, 0xaaaab7ad6998, 0xffff810a40e0, 0 <unfinished ...>
[pid 269] 14:58:07.148260 libssl.so.3->EVP_PKEY_keygen_init(0xaaaab7b03bf0, 0, 0, 0xaaaab7b03c60) = 1 <0.000136>
[pid 269] 14:58:07.148470 libssl.so.3->EVP_PKEY_keygen(0xaaaab7b03bf0, 0xffffe8e1b450, 0, 0 <unfinished ...>
[pid 269] 14:58:07.148594 oqsprovider.so->OQS_KEM_new(0xaaaab7b01f90, 0xaaaab7b02990, 912, 0) = 0xaaaab7b029d0 <0.000113>
[pid 269] 14:58:07.148838 oqsprovider.so->OQS_KEM_keypair(0xaaaab7b029d0, 0xaaaab7b0c3d0, 0xaaaab7b0ccb0, 0xaaaab7b0d540) = 0 <0.001260>
[pid 269] 14:58:07.150158 <... EVP_PKEY_keygen resumed> ) = 1 <0.001682>
[pid 269] 14:58:07.153857 libssl.so.3->EVP_PKEY_decapsulate_init(0xaaaab7b03bf0, 0, 0, 0xaaaab7b03c60) = 1 <0.000161>
[pid 269] 14:58:07.154060 libssl.so.3->EVP_PKEY_decapsulate(0xaaaab7b03bf0, 0, 0xffffe8e1b3d0, 0xaaaab7b05eba) = 1 <0.000278>
[pid 269] 14:58:07.154412 libssl.so.3->EVP_PKEY_decapsulate(0xaaaab7b03bf0, 0xaaaab7af60f0, 0xffffe8e1b3d0, 0xaaaab7b05eba <unfinished ...>
[pid 269] 14:58:07.154518 oqsprovider.so->OQS_KEM_decaps(0xaaaab7b029d0, 0xaaaab7af60f0, 0xaaaab7b05eba, 0xaaaab7b0ccb0) = 0 <0.003075>
[pid 269] 14:58:07.157648 <... EVP_PKEY_decapsulate resumed> ) = 1 <0.003231>
[pid 269] 14:58:07.158351 libssl.so.3->X509_verify_cert(0xaaaab7afaf50, 0, 0, 0xffffffff) = 1 <0.000285>
[pid 269] 14:58:07.158852 libssl.so.3->EVP_DigestVerifyInit_ex(0xaaaab7b25e50, 0xffffe8e1b4d8, 0, 0) = 1 <0.000120>
[pid 269] 14:58:07.159013 libssl.so.3->EVP_DigestVerify(0xaaaab7b25e50, 0xaaaab7b05e68, 2420, 0xffffe8e1b4e0) = 1 <0.000244>
[pid 269] 14:58:07.159519 libssl.so.3->X509_verify_cert(0xaaaab7afaf50, 1, 0, 0) = 1 <0.000204>
[pid 269] 14:58:07.159891 libssl.so.3->EVP_DigestSignInit_ex(0xaaaab7a29750, 0xffffe8e1b4c0, 0, 0) = 1 <0.000115>
[pid 269] 14:58:07.160072 libssl.so.3->EVP_DigestSign(0xaaaab7a29750, 0, 0xffffe8e1b4d0, 0xffffe8e1b4e0) = 1 <0.000086>
[pid 269] 14:58:07.160201 libssl.so.3->EVP_DigestSign(0xaaaab7a29750, 0xaaaab7b17d10, 0xffffe8e1b4d0, 0xffffe8e1b4e0) = 1 <0.000556>
[pid 269] 14:58:07.160990 <... SSL_connect resumed> ) = 1 <0.013054>
[pid 269] 14:58:07.161224 oqsprovider.so->OQS_KEM_free(0xaaaab7b029d0, 1, 7, 0xaaaab7a0c010) = 0xaaaab7a0c030 <0.000177>
Handshake duration: 13.22 ms
[pid 269] 14:58:07.162571 +++ exited (status 0) +++
Execution 36 - TLS Mutual
s_connection: verify depth is 1
[pid 271] 14:58:07.190066 openssl->SSL_connect(0xaaaae80f5070, 0xaaaae80d0998, 0xffffae4d40e0, 0 <unfinished ...>
[pid 271] 14:58:07.190379 libssl.so.3->EVP_PKEY_keygen_init(0xaaaae80fdbf0, 0, 0, 0xaaaae80fdc60) = 1 <0.000119>
[pid 271] 14:58:07.190556 libssl.so.3->EVP_PKEY_keygen(0xaaaae80fdbf0, 0xffffdb0ff7f0, 0, 0 <unfinished ...>
[pid 271] 14:58:07.190797 oqsprovider.so->OQS_KEM_new(0xaaaae80fbf90, 0xaaaae80fc990, 912, 0) = 0xaaaae80fc9d0 <0.000193>
[pid 271] 14:58:07.191047 oqsprovider.so->OQS_KEM_keypair(0xaaaae80fc9d0, 0xaaaae81063d0, 0xaaaae8106cb0, 0xaaaae8107540) = 0 <0.001223>
[pid 271] 14:58:07.192367 <... EVP_PKEY_keygen resumed> ) = 1 <0.001800>
[pid 271] 14:58:07.196041 libssl.so.3->EVP_PKEY_decapsulate_init(0xaaaae80fdbf0, 0, 0, 0xaaaae80fdc60) = 1 <0.000152>
[pid 271] 14:58:07.196260 libssl.so.3->EVP_PKEY_decapsulate(0xaaaae80fdbf0, 0, 0xffffdb0ff770, 0xaaaae80ffeba) = 1 <0.000172>
[pid 271] 14:58:07.196472 libssl.so.3->EVP_PKEY_decapsulate(0xaaaae80fdbf0, 0xaaaae80f00f0, 0xffffdb0ff770, 0xaaaae80ffeba <unfinished ...>
[pid 271] 14:58:07.196597 oqsprovider.so->OQS_KEM_decaps(0xaaaae80fc9d0, 0xaaaae80f00f0, 0xaaaae80ffeba, 0xaaaae8106cb0) = 0 <0.003154>
[pid 271] 14:58:07.199821 <... EVP_PKEY_decapsulate resumed> ) = 1 <0.003328>
[pid 271] 14:58:07.200531 libssl.so.3->X509_verify_cert(0xaaaae80f4f50, 0, 0, 0xffffffff) = 1 <0.000301>
[pid 271] 14:58:07.201040 libssl.so.3->EVP_DigestVerifyInit_ex(0xaaaae811fe50, 0xffffdb0ff878, 0, 0) = 1 <0.000111>
[pid 271] 14:58:07.201198 libssl.so.3->EVP_DigestVerify(0xaaaae811fe50, 0xaaaae80ffe68, 2420, 0xffffdb0ff880) = 1 <0.000222>
[pid 271] 14:58:07.201641 libssl.so.3->X509_verify_cert(0xaaaae80f4f50, 1, 0, 0) = 1 <0.000200>
[pid 271] 14:58:07.202006 libssl.so.3->EVP_DigestSignInit_ex(0xaaaae8023750, 0xffffdb0ff860, 0, 0) = 1 <0.000105>
[pid 271] 14:58:07.202156 libssl.so.3->EVP_DigestSign(0xaaaae8023750, 0, 0xffffdb0ff870, 0xffffdb0ff880) = 1 <0.000106>
[pid 271] 14:58:07.202315 libssl.so.3->EVP_DigestSign(0xaaaae8023750, 0xaaaae8111d10, 0xffffdb0ff870, 0xffffdb0ff880) = 1 <0.000705>
[pid 271] 14:58:07.203289 <... SSL_connect resumed> ) = 1 <0.013218>
[pid 271] 14:58:07.203526 oqsprovider.so->OQS_KEM_free(0xaaaae80fc9d0, 1, 7, 0xaaaae8006010) = 0xaaaae8006030 <0.000100>
Handshake duration: 13.36 ms
[pid 271] 14:58:07.204838 +++ exited (status 0) +++
Execution 37 - TLS Mutual
s_connection: verify depth is 1
[pid 273] 14:58:07.232189 openssl->SSL_connect(0xaaab01eb9070, 0xaaab01e94998, 0xffff8e3540e0, 0 <unfinished ...>
[pid 273] 14:58:07.232495 libssl.so.3->EVP_PKEY_keygen_init(0xaaab01ec1bf0, 0, 0, 0xaaab01ec1c60) = 1 <0.000100>
[pid 273] 14:58:07.232710 libssl.so.3->EVP_PKEY_keygen(0xaaab01ec1bf0, 0xffffed3801e0, 0, 0 <unfinished ...>
[pid 273] 14:58:07.232843 oqsprovider.so->OQS_KEM_new(0xaaab01ebff90, 0xaaab01ec0990, 912, 0) = 0xaaab01ec09d0 <0.000118>
[pid 273] 14:58:07.233017 oqsprovider.so->OQS_KEM_keypair(0xaaab01ec09d0, 0xaaab01eca3d0, 0xaaab01ecacb0, 0xaaab01ecb540) = 0 <0.001265>
[pid 273] 14:58:07.234346 <... EVP_PKEY_keygen resumed> ) = 1 <0.001636>
[pid 273] 14:58:07.238081 libssl.so.3->EVP_PKEY_decapsulate_init(0xaaab01ec1bf0, 0, 0, 0xaaab01ec1c60) = 1 <0.000203>
[pid 273] 14:58:07.238334 libssl.so.3->EVP_PKEY_decapsulate(0xaaab01ec1bf0, 0, 0xffffed380160, 0xaaab01ec3eba) = 1 <0.000125>
[pid 273] 14:58:07.238519 libssl.so.3->EVP_PKEY_decapsulate(0xaaab01ec1bf0, 0xaaab01eb40f0, 0xffffed380160, 0xaaab01ec3eba <unfinished ...>
[pid 273] 14:58:07.238663 oqsprovider.so->OQS_KEM_decaps(0xaaab01ec09d0, 0xaaab01eb40f0, 0xaaab01ec3eba, 0xaaab01ecacb0) = 0 <0.003075>
[pid 273] 14:58:07.241799 <... EVP_PKEY_decapsulate resumed> ) = 1 <0.003273>
[pid 273] 14:58:07.242540 libssl.so.3->X509_verify_cert(0xaaab01eb8f50, 0, 0, 0xffffffff) = 1 <0.000271>
[pid 273] 14:58:07.243016 libssl.so.3->EVP_DigestVerifyInit_ex(0xaaab01ee3e50, 0xffffed380268, 0, 0) = 1 <0.000132>
[pid 273] 14:58:07.243193 libssl.so.3->EVP_DigestVerify(0xaaab01ee3e50, 0xaaab01ec3e68, 2420, 0xffffed380270) = 1 <0.000178>
[pid 273] 14:58:07.243579 libssl.so.3->X509_verify_cert(0xaaab01eb8f50, 1, 0, 0) = 1 <0.000218>
[pid 273] 14:58:07.243986 libssl.so.3->EVP_DigestSignInit_ex(0xaaab01de7750, 0xffffed380250, 0, 0) = 1 <0.000107>
[pid 273] 14:58:07.244146 libssl.so.3->EVP_DigestSign(0xaaab01de7750, 0, 0xffffed380260, 0xffffed380270) = 1 <0.000125>
[pid 273] 14:58:07.244321 libssl.so.3->EVP_DigestSign(0xaaab01de7750, 0xaaab01ed5d10, 0xffffed380260, 0xffffed380270) = 1 <0.000437>
[pid 273] 14:58:07.245003 <... SSL_connect resumed> ) = 1 <0.012809>
[pid 273] 14:58:07.245213 oqsprovider.so->OQS_KEM_free(0xaaab01ec09d0, 1, 7, 0xaaab01dca010) = 0xaaab01dca030 <0.000129>
Handshake duration: 12.93 ms
[pid 273] 14:58:07.246547 +++ exited (status 0) +++
Execution 38 - TLS Mutual
s_connection: verify depth is 1
[pid 275] 14:58:07.273766 openssl->SSL_connect(0xaaaafd77b070, 0xaaaafd756998, 0xffff864940e0, 0 <unfinished ...>
[pid 275] 14:58:07.274130 libssl.so.3->EVP_PKEY_keygen_init(0xaaaafd783bf0, 0, 0, 0xaaaafd783c60) = 1 <0.000126>
[pid 275] 14:58:07.274353 libssl.so.3->EVP_PKEY_keygen(0xaaaafd783bf0, 0xffffc9752e90, 0, 0 <unfinished ...>
[pid 275] 14:58:07.274466 oqsprovider.so->OQS_KEM_new(0xaaaafd781f90, 0xaaaafd782990, 912, 0) = 0xaaaafd7829d0 <0.000129>
[pid 275] 14:58:07.274721 oqsprovider.so->OQS_KEM_keypair(0xaaaafd7829d0, 0xaaaafd78c3d0, 0xaaaafd78ccb0, 0xaaaafd78d540) = 0 <0.001415>
[pid 275] 14:58:07.276160 <... EVP_PKEY_keygen resumed> ) = 1 <0.001800>
[pid 275] 14:58:07.279870 libssl.so.3->EVP_PKEY_decapsulate_init(0xaaaafd783bf0, 0, 0, 0xaaaafd783c60) = 1 <0.000145>
[pid 275] 14:58:07.280090 libssl.so.3->EVP_PKEY_decapsulate(0xaaaafd783bf0, 0, 0xffffc9752e10, 0xaaaafd785eba) = 1 <0.000238>
[pid 275] 14:58:07.280388 libssl.so.3->EVP_PKEY_decapsulate(0xaaaafd783bf0, 0xaaaafd7760f0, 0xffffc9752e10, 0xaaaafd785eba <unfinished ...>
[pid 275] 14:58:07.280534 oqsprovider.so->OQS_KEM_decaps(0xaaaafd7829d0, 0xaaaafd7760f0, 0xaaaafd785eba, 0xaaaafd78ccb0) = 0 <0.003080>
[pid 275] 14:58:07.283668 <... EVP_PKEY_decapsulate resumed> ) = 1 <0.003273>
[pid 275] 14:58:07.284386 libssl.so.3->X509_verify_cert(0xaaaafd77af50, 0, 0, 0xffffffff) = 1 <0.000301>
[pid 275] 14:58:07.284907 libssl.so.3->EVP_DigestVerifyInit_ex(0xaaaafd7a5e50, 0xffffc9752f18, 0, 0) = 1 <0.000120>
[pid 275] 14:58:07.285073 libssl.so.3->EVP_DigestVerify(0xaaaafd7a5e50, 0xaaaafd785e68, 2420, 0xffffc9752f20) = 1 <0.000236>
[pid 275] 14:58:07.285562 libssl.so.3->X509_verify_cert(0xaaaafd77af50, 1, 0, 0) = 1 <0.000206>
[pid 275] 14:58:07.285930 libssl.so.3->EVP_DigestSignInit_ex(0xaaaafd6a9750, 0xffffc9752f00, 0, 0) = 1 <0.000094>
[pid 275] 14:58:07.286109 libssl.so.3->EVP_DigestSign(0xaaaafd6a9750, 0, 0xffffc9752f10, 0xffffc9752f20) = 1 <0.000127>
[pid 275] 14:58:07.286360 libssl.so.3->EVP_DigestSign(0xaaaafd6a9750, 0xaaaafd797d10, 0xffffc9752f10, 0xffffc9752f20) = 1 <0.001085>
[pid 275] 14:58:07.287697 <... SSL_connect resumed> ) = 1 <0.013925>
[pid 275] 14:58:07.287912 oqsprovider.so->OQS_KEM_free(0xaaaafd7829d0, 1, 7, 0xaaaafd68c010) = 0xaaaafd68c030 <0.000127>
Handshake duration: 14.07 ms
[pid 275] 14:58:07.289229 +++ exited (status 0) +++
Execution 39 - TLS Mutual
s_connection: verify depth is 1
[pid 277] 14:58:07.316663 openssl->SSL_connect(0xaaaae467c070, 0xaaaae4657998, 0xffff9acb40e0, 0 <unfinished ...>
[pid 277] 14:58:07.316932 libssl.so.3->EVP_PKEY_keygen_init(0xaaaae4684bf0, 0, 0, 0xaaaae4684c60) = 1 <0.000109>
[pid 277] 14:58:07.317093 libssl.so.3->EVP_PKEY_keygen(0xaaaae4684bf0, 0xffffde1b1ad0, 0, 0 <unfinished ...>
[pid 277] 14:58:07.317199 oqsprovider.so->OQS_KEM_new(0xaaaae4682f90, 0xaaaae4683990, 912, 0) = 0xaaaae46839d0 <0.000206>
[pid 277] 14:58:07.317461 oqsprovider.so->OQS_KEM_keypair(0xaaaae46839d0, 0xaaaae468d3d0, 0xaaaae468dcb0, 0xaaaae468e540) = 0 <0.001265>
[pid 277] 14:58:07.318780 <... EVP_PKEY_keygen resumed> ) = 1 <0.001684>
[pid 277] 14:58:07.322418 libssl.so.3->EVP_PKEY_decapsulate_init(0xaaaae4684bf0, 0, 0, 0xaaaae4684c60) = 1 <0.000181>
[pid 277] 14:58:07.322695 libssl.so.3->EVP_PKEY_decapsulate(0xaaaae4684bf0, 0, 0xffffde1b1a50, 0xaaaae4686eba) = 1 <0.000119>
[pid 277] 14:58:07.322897 libssl.so.3->EVP_PKEY_decapsulate(0xaaaae4684bf0, 0xaaaae46770f0, 0xffffde1b1a50, 0xaaaae4686eba <unfinished ...>
[pid 277] 14:58:07.323007 oqsprovider.so->OQS_KEM_decaps(0xaaaae46839d0, 0xaaaae46770f0, 0xaaaae4686eba, 0xaaaae468dcb0) = 0 <0.003171>
[pid 277] 14:58:07.326295 <... EVP_PKEY_decapsulate resumed> ) = 1 <0.003331>
[pid 277] 14:58:07.327012 libssl.so.3->X509_verify_cert(0xaaaae467bf50, 0, 0, 0xffffffff) = 1 <0.000325>
[pid 277] 14:58:07.327559 libssl.so.3->EVP_DigestVerifyInit_ex(0xaaaae46a6e50, 0xffffde1b1b58, 0, 0) = 1 <0.000106>
[pid 277] 14:58:07.327712 libssl.so.3->EVP_DigestVerify(0xaaaae46a6e50, 0xaaaae4686e68, 2420, 0xffffde1b1b60) = 1 <0.000264>
[pid 277] 14:58:07.328199 libssl.so.3->X509_verify_cert(0xaaaae467bf50, 1, 0, 0) = 1 <0.000207>
[pid 277] 14:58:07.328586 libssl.so.3->EVP_DigestSignInit_ex(0xaaaae45aa750, 0xffffde1b1b40, 0, 0) = 1 <0.000092>
[pid 277] 14:58:07.328762 libssl.so.3->EVP_DigestSign(0xaaaae45aa750, 0, 0xffffde1b1b50, 0xffffde1b1b60) = 1 <0.000102>
[pid 277] 14:58:07.328916 libssl.so.3->EVP_DigestSign(0xaaaae45aa750, 0xaaaae4698d10, 0xffffde1b1b50, 0xffffde1b1b60) = 1 <0.000520>
[pid 277] 14:58:07.329746 <... SSL_connect resumed> ) = 1 <0.013079>
[pid 277] 14:58:07.329963 oqsprovider.so->OQS_KEM_free(0xaaaae46839d0, 1, 7, 0xaaaae458d010) = 0xaaaae458d030 <0.000113>
Handshake duration: 13.21 ms
[pid 277] 14:58:07.331259 +++ exited (status 0) +++
Execution 40 - TLS Mutual
s_connection: verify depth is 1
[pid 279] 14:58:07.358636 openssl->SSL_connect(0xaaaaea2ba070, 0xaaaaea295998, 0xffffb39b40e0, 0 <unfinished ...>
[pid 279] 14:58:07.358990 libssl.so.3->EVP_PKEY_keygen_init(0xaaaaea2c2bf0, 0, 0, 0xaaaaea2c2c60) = 1 <0.000111>
[pid 279] 14:58:07.359202 libssl.so.3->EVP_PKEY_keygen(0xaaaaea2c2bf0, 0xffffd4ee9ff0, 0, 0 <unfinished ...>
[pid 279] 14:58:07.359377 oqsprovider.so->OQS_KEM_new(0xaaaaea2c0f90, 0xaaaaea2c1990, 912, 0) = 0xaaaaea2c19d0 <0.000169>
[pid 279] 14:58:07.359620 oqsprovider.so->OQS_KEM_keypair(0xaaaaea2c19d0, 0xaaaaea2cb3d0, 0xaaaaea2cbcb0, 0xaaaaea2cc540) = 0 <0.001243>
[pid 279] 14:58:07.360925 <... EVP_PKEY_keygen resumed> ) = 1 <0.001720>
[pid 279] 14:58:07.364695 libssl.so.3->EVP_PKEY_decapsulate_init(0xaaaaea2c2bf0, 0, 0, 0xaaaaea2c2c60) = 1 <0.000205>
[pid 279] 14:58:07.364947 libssl.so.3->EVP_PKEY_decapsulate(0xaaaaea2c2bf0, 0, 0xffffd4ee9f70, 0xaaaaea2c4eba) = 1 <0.000154>
[pid 279] 14:58:07.365153 libssl.so.3->EVP_PKEY_decapsulate(0xaaaaea2c2bf0, 0xaaaaea2b50f0, 0xffffd4ee9f70, 0xaaaaea2c4eba <unfinished ...>
[pid 279] 14:58:07.365313 oqsprovider.so->OQS_KEM_decaps(0xaaaaea2c19d0, 0xaaaaea2b50f0, 0xaaaaea2c4eba, 0xaaaaea2cbcb0) = 0 <0.003116>
[pid 279] 14:58:07.368483 <... EVP_PKEY_decapsulate resumed> ) = 1 <0.003328>
[pid 279] 14:58:07.369136 libssl.so.3->X509_verify_cert(0xaaaaea2b9f50, 0, 0, 0xffffffff) = 1 <0.000284>
[pid 279] 14:58:07.369640 libssl.so.3->EVP_DigestVerifyInit_ex(0xaaaaea2e4e50, 0xffffd4eea078, 0, 0) = 1 <0.000125>
[pid 279] 14:58:07.369829 libssl.so.3->EVP_DigestVerify(0xaaaaea2e4e50, 0xaaaaea2c4e68, 2420, 0xffffd4eea080) = 1 <0.000245>
[pid 279] 14:58:07.370313 libssl.so.3->X509_verify_cert(0xaaaaea2b9f50, 1, 0, 0) = 1 <0.000193>
[pid 279] 14:58:07.370726 libssl.so.3->EVP_DigestSignInit_ex(0xaaaaea1e8750, 0xffffd4eea060, 0, 0) = 1 <0.000128>
[pid 279] 14:58:07.370914 libssl.so.3->EVP_DigestSign(0xaaaaea1e8750, 0, 0xffffd4eea070, 0xffffd4eea080) = 1 <0.000130>
[pid 279] 14:58:07.371087 libssl.so.3->EVP_DigestSign(0xaaaaea1e8750, 0xaaaaea2d6d10, 0xffffd4eea070, 0xffffd4eea080) = 1 <0.000560>
[pid 279] 14:58:07.371914 <... SSL_connect resumed> ) = 1 <0.013273>
[pid 279] 14:58:07.372095 oqsprovider.so->OQS_KEM_free(0xaaaaea2c19d0, 1, 7, 0xaaaaea1cb010) = 0xaaaaea1cb030 <0.000112>
Handshake duration: 13.39 ms
[pid 279] 14:58:07.373430 +++ exited (status 0) +++
Execution 41 - TLS Mutual
s_connection: verify depth is 1
[pid 281] 14:58:07.400724 openssl->SSL_connect(0xaaaace82c070, 0xaaaace807998, 0xffffb96e40e0, 0 <unfinished ...>
[pid 281] 14:58:07.401058 libssl.so.3->EVP_PKEY_keygen_init(0xaaaace834bf0, 0, 0, 0xaaaace834c60) = 1 <0.000131>
[pid 281] 14:58:07.401256 libssl.so.3->EVP_PKEY_keygen(0xaaaace834bf0, 0xffffd2788810, 0, 0 <unfinished ...>
[pid 281] 14:58:07.401411 oqsprovider.so->OQS_KEM_new(0xaaaace832f90, 0xaaaace833990, 912, 0) = 0xaaaace8339d0 <0.000119>
[pid 281] 14:58:07.401622 oqsprovider.so->OQS_KEM_keypair(0xaaaace8339d0, 0xaaaace83d3d0, 0xaaaace83dcb0, 0xaaaace83e540) = 0 <0.001263>
[pid 281] 14:58:07.402941 <... EVP_PKEY_keygen resumed> ) = 1 <0.001681>
[pid 281] 14:58:07.406739 libssl.so.3->EVP_PKEY_decapsulate_init(0xaaaace834bf0, 0, 0, 0xaaaace834c60) = 1 <0.000187>
[pid 281] 14:58:07.406972 libssl.so.3->EVP_PKEY_decapsulate(0xaaaace834bf0, 0, 0xffffd2788790, 0xaaaace836eba) = 1 <0.000144>
[pid 281] 14:58:07.407205 libssl.so.3->EVP_PKEY_decapsulate(0xaaaace834bf0, 0xaaaace8270f0, 0xffffd2788790, 0xaaaace836eba <unfinished ...>
[pid 281] 14:58:07.407348 oqsprovider.so->OQS_KEM_decaps(0xaaaace8339d0, 0xaaaace8270f0, 0xaaaace836eba, 0xaaaace83dcb0) = 0 <0.003111>
[pid 281] 14:58:07.410516 <... EVP_PKEY_decapsulate resumed> ) = 1 <0.003305>
[pid 281] 14:58:07.411219 libssl.so.3->X509_verify_cert(0xaaaace82bf50, 0, 0, 0xffffffff) = 1 <0.000315>
[pid 281] 14:58:07.411749 libssl.so.3->EVP_DigestVerifyInit_ex(0xaaaace856e50, 0xffffd2788898, 0, 0) = 1 <0.000116>
[pid 281] 14:58:07.411933 libssl.so.3->EVP_DigestVerify(0xaaaace856e50, 0xaaaace836e68, 2420, 0xffffd27888a0) = 1 <0.000239>
[pid 281] 14:58:07.412372 libssl.so.3->X509_verify_cert(0xaaaace82bf50, 1, 0, 0) = 1 <0.000206>
[pid 281] 14:58:07.412743 libssl.so.3->EVP_DigestSignInit_ex(0xaaaace75a750, 0xffffd2788880, 0, 0) = 1 <0.000114>
[pid 281] 14:58:07.412924 libssl.so.3->EVP_DigestSign(0xaaaace75a750, 0, 0xffffd2788890, 0xffffd27888a0) = 1 <0.000098>
[pid 281] 14:58:07.413084 libssl.so.3->EVP_DigestSign(0xaaaace75a750, 0xaaaace848d10, 0xffffd2788890, 0xffffd27888a0) = 1 <0.000367>
[pid 281] 14:58:07.413709 <... SSL_connect resumed> ) = 1 <0.012982>
[pid 281] 14:58:07.413895 oqsprovider.so->OQS_KEM_free(0xaaaace8339d0, 1, 7, 0xaaaace73d010) = 0xaaaace73d030 <0.000129>
Handshake duration: 13.10 ms
[pid 281] 14:58:07.415233 +++ exited (status 0) +++
Execution 42 - TLS Mutual
s_connection: verify depth is 1
[pid 283] 14:58:07.442353 openssl->SSL_connect(0xaaaadf08e070, 0xaaaadf069998, 0xffff89d740e0, 0 <unfinished ...>
[pid 283] 14:58:07.442678 libssl.so.3->EVP_PKEY_keygen_init(0xaaaadf096bf0, 0, 0, 0xaaaadf096c60) = 1 <0.000118>
[pid 283] 14:58:07.442852 libssl.so.3->EVP_PKEY_keygen(0xaaaadf096bf0, 0xffffca6dd1f0, 0, 0 <unfinished ...>
[pid 283] 14:58:07.442968 oqsprovider.so->OQS_KEM_new(0xaaaadf094f90, 0xaaaadf095990, 912, 0) = 0xaaaadf0959d0 <0.000109>
[pid 283] 14:58:07.443152 oqsprovider.so->OQS_KEM_keypair(0xaaaadf0959d0, 0xaaaadf09f3d0, 0xaaaadf09fcb0, 0xaaaadf0a0540) = 0 <0.001287>
[pid 283] 14:58:07.444501 <... EVP_PKEY_keygen resumed> ) = 1 <0.001639>
[pid 283] 14:58:07.448272 libssl.so.3->EVP_PKEY_decapsulate_init(0xaaaadf096bf0, 0, 0, 0xaaaadf096c60) = 1 <0.000219>
[pid 283] 14:58:07.448544 libssl.so.3->EVP_PKEY_decapsulate(0xaaaadf096bf0, 0, 0xffffca6dd170, 0xaaaadf098eba) = 1 <0.000160>
[pid 283] 14:58:07.448754 libssl.so.3->EVP_PKEY_decapsulate(0xaaaadf096bf0, 0xaaaadf0890f0, 0xffffca6dd170, 0xaaaadf098eba <unfinished ...>
[pid 283] 14:58:07.448859 oqsprovider.so->OQS_KEM_decaps(0xaaaadf0959d0, 0xaaaadf0890f0, 0xaaaadf098eba, 0xaaaadf09fcb0) = 0 <0.003056>
[pid 283] 14:58:07.451986 <... EVP_PKEY_decapsulate resumed> ) = 1 <0.003220>
[pid 283] 14:58:07.452716 libssl.so.3->X509_verify_cert(0xaaaadf08df50, 0, 0, 0xffffffff) = 1 <0.000310>
[pid 283] 14:58:07.453255 libssl.so.3->EVP_DigestVerifyInit_ex(0xaaaadf0b8e50, 0xffffca6dd278, 0, 0) = 1 <0.000097>
[pid 283] 14:58:07.453410 libssl.so.3->EVP_DigestVerify(0xaaaadf0b8e50, 0xaaaadf098e68, 2420, 0xffffca6dd280) = 1 <0.000184>
[pid 283] 14:58:07.453795 libssl.so.3->X509_verify_cert(0xaaaadf08df50, 1, 0, 0) = 1 <0.000184>
[pid 283] 14:58:07.454144 libssl.so.3->EVP_DigestSignInit_ex(0xaaaadefbc750, 0xffffca6dd260, 0, 0) = 1 <0.000112>
[pid 283] 14:58:07.454306 libssl.so.3->EVP_DigestSign(0xaaaadefbc750, 0, 0xffffca6dd270, 0xffffca6dd280) = 1 <0.000104>
[pid 283] 14:58:07.454472 libssl.so.3->EVP_DigestSign(0xaaaadefbc750, 0xaaaadf0aad10, 0xffffca6dd270, 0xffffca6dd280) = 1 <0.000514>
[pid 283] 14:58:07.455213 <... SSL_connect resumed> ) = 1 <0.012856>
[pid 283] 14:58:07.455451 oqsprovider.so->OQS_KEM_free(0xaaaadf0959d0, 1, 7, 0xaaaadef9f010) = 0xaaaadef9f030 <0.000135>
Handshake duration: 12.99 ms
[pid 283] 14:58:07.456779 +++ exited (status 0) +++
Execution 43 - TLS Mutual
s_connection: verify depth is 1
[pid 285] 14:58:07.484188 openssl->SSL_connect(0xaaaaf4a97070, 0xaaaaf4a72998, 0xffff952b40e0, 0 <unfinished ...>
[pid 285] 14:58:07.484511 libssl.so.3->EVP_PKEY_keygen_init(0xaaaaf4a9fbf0, 0, 0, 0xaaaaf4a9fc60) = 1 <0.000117>
[pid 285] 14:58:07.484745 libssl.so.3->EVP_PKEY_keygen(0xaaaaf4a9fbf0, 0xffffd369cf10, 0, 0 <unfinished ...>
[pid 285] 14:58:07.484972 oqsprovider.so->OQS_KEM_new(0xaaaaf4a9df90, 0xaaaaf4a9e990, 912, 0) = 0xaaaaf4a9e9d0 <0.000148>
[pid 285] 14:58:07.485168 oqsprovider.so->OQS_KEM_keypair(0xaaaaf4a9e9d0, 0xaaaaf4aa83d0, 0xaaaaf4aa8cb0, 0xaaaaf4aa9540) = 0 <0.001259>
[pid 285] 14:58:07.486483 <... EVP_PKEY_keygen resumed> ) = 1 <0.001736>
[pid 285] 14:58:07.490141 libssl.so.3->EVP_PKEY_decapsulate_init(0xaaaaf4a9fbf0, 0, 0, 0xaaaaf4a9fc60) = 1 <0.000261>
[pid 285] 14:58:07.490458 libssl.so.3->EVP_PKEY_decapsulate(0xaaaaf4a9fbf0, 0, 0xffffd369ce90, 0xaaaaf4aa1eba) = 1 <0.000168>
[pid 285] 14:58:07.490669 libssl.so.3->EVP_PKEY_decapsulate(0xaaaaf4a9fbf0, 0xaaaaf4a920f0, 0xffffd369ce90, 0xaaaaf4aa1eba <unfinished ...>
[pid 285] 14:58:07.490797 oqsprovider.so->OQS_KEM_decaps(0xaaaaf4a9e9d0, 0xaaaaf4a920f0, 0xaaaaf4aa1eba, 0xaaaaf4aa8cb0) = 0 <0.003093>
[pid 285] 14:58:07.493941 <... EVP_PKEY_decapsulate resumed> ) = 1 <0.003269>
[pid 285] 14:58:07.494649 libssl.so.3->X509_verify_cert(0xaaaaf4a96f50, 0, 0, 0xffffffff) = 1 <0.000276>
[pid 285] 14:58:07.495131 libssl.so.3->EVP_DigestVerifyInit_ex(0xaaaaf4ac1e50, 0xffffd369cf98, 0, 0) = 1 <0.000106>
[pid 285] 14:58:07.495326 libssl.so.3->EVP_DigestVerify(0xaaaaf4ac1e50, 0xaaaaf4aa1e68, 2420, 0xffffd369cfa0) = 1 <0.000160>
[pid 285] 14:58:07.495690 libssl.so.3->X509_verify_cert(0xaaaaf4a96f50, 1, 0, 0) = 1 <0.000245>
[pid 285] 14:58:07.496124 libssl.so.3->EVP_DigestSignInit_ex(0xaaaaf49c5750, 0xffffd369cf80, 0, 0) = 1 <0.000106>
[pid 285] 14:58:07.496295 libssl.so.3->EVP_DigestSign(0xaaaaf49c5750, 0, 0xffffd369cf90, 0xffffd369cfa0) = 1 <0.000098>
[pid 285] 14:58:07.496454 libssl.so.3->EVP_DigestSign(0xaaaaf49c5750, 0xaaaaf4ab3d10, 0xffffd369cf90, 0xffffd369cfa0) = 1 <0.000453>
[pid 285] 14:58:07.497144 <... SSL_connect resumed> ) = 1 <0.012952>
[pid 285] 14:58:07.497378 oqsprovider.so->OQS_KEM_free(0xaaaaf4a9e9d0, 1, 7, 0xaaaaf49a8010) = 0xaaaaf49a8030 <0.000140>
Handshake duration: 13.12 ms
[pid 285] 14:58:07.498714 +++ exited (status 0) +++
Execution 44 - TLS Mutual
s_connection: verify depth is 1
[pid 287] 14:58:07.526094 openssl->SSL_connect(0xaaaaf5083070, 0xaaaaf505e998, 0xffff8e4040e0, 0 <unfinished ...>
[pid 287] 14:58:07.526413 libssl.so.3->EVP_PKEY_keygen_init(0xaaaaf508bbf0, 0, 0, 0xaaaaf508bc60) = 1 <0.000105>
[pid 287] 14:58:07.526567 libssl.so.3->EVP_PKEY_keygen(0xaaaaf508bbf0, 0xffffc89fc750, 0, 0 <unfinished ...>
[pid 287] 14:58:07.526682 oqsprovider.so->OQS_KEM_new(0xaaaaf5089f90, 0xaaaaf508a990, 912, 0) = 0xaaaaf508a9d0 <0.000098>
[pid 287] 14:58:07.526830 oqsprovider.so->OQS_KEM_keypair(0xaaaaf508a9d0, 0xaaaaf50943d0, 0xaaaaf5094cb0, 0xaaaaf5095540) = 0 <0.001234>
[pid 287] 14:58:07.528124 <... EVP_PKEY_keygen resumed> ) = 1 <0.001550>
[pid 287] 14:58:07.531821 libssl.so.3->EVP_PKEY_decapsulate_init(0xaaaaf508bbf0, 0, 0, 0xaaaaf508bc60) = 1 <0.000217>
[pid 287] 14:58:07.532088 libssl.so.3->EVP_PKEY_decapsulate(0xaaaaf508bbf0, 0, 0xffffc89fc6d0, 0xaaaaf508deba) = 1 <0.000215>
[pid 287] 14:58:07.532346 libssl.so.3->EVP_PKEY_decapsulate(0xaaaaf508bbf0, 0xaaaaf507e0f0, 0xffffc89fc6d0, 0xaaaaf508deba <unfinished ...>
[pid 287] 14:58:07.532467 oqsprovider.so->OQS_KEM_decaps(0xaaaaf508a9d0, 0xaaaaf507e0f0, 0xaaaaf508deba, 0xaaaaf5094cb0) = 0 <0.003161>
[pid 287] 14:58:07.535692 <... EVP_PKEY_decapsulate resumed> ) = 1 <0.003338>
[pid 287] 14:58:07.536408 libssl.so.3->X509_verify_cert(0xaaaaf5082f50, 0, 0, 0xffffffff) = 1 <0.000262>
[pid 287] 14:58:07.536892 libssl.so.3->EVP_DigestVerifyInit_ex(0xaaaaf50ade50, 0xffffc89fc7d8, 0, 0) = 1 <0.000127>
[pid 287] 14:58:07.537069 libssl.so.3->EVP_DigestVerify(0xaaaaf50ade50, 0xaaaaf508de68, 2420, 0xffffc89fc7e0) = 1 <0.000256>
[pid 287] 14:58:07.537543 libssl.so.3->X509_verify_cert(0xaaaaf5082f50, 1, 0, 0) = 1 <0.000209>
[pid 287] 14:58:07.537931 libssl.so.3->EVP_DigestSignInit_ex(0xaaaaf4fb1750, 0xffffc89fc7c0, 0, 0) = 1 <0.000119>
[pid 287] 14:58:07.538099 libssl.so.3->EVP_DigestSign(0xaaaaf4fb1750, 0, 0xffffc89fc7d0, 0xffffc89fc7e0) = 1 <0.000106>
[pid 287] 14:58:07.538270 libssl.so.3->EVP_DigestSign(0xaaaaf4fb1750, 0xaaaaf509fd10, 0xffffc89fc7d0, 0xffffc89fc7e0) = 1 <0.000275>
[pid 287] 14:58:07.538816 <... SSL_connect resumed> ) = 1 <0.012718>
[pid 287] 14:58:07.539020 oqsprovider.so->OQS_KEM_free(0xaaaaf508a9d0, 1, 7, 0xaaaaf4f94010) = 0xaaaaf4f94030 <0.000100>
Handshake duration: 12.87 ms
[pid 287] 14:58:07.540418 +++ exited (status 0) +++
Execution 45 - TLS Mutual
s_connection: verify depth is 1
[pid 289] 14:58:07.567537 openssl->SSL_connect(0xaaaadfd1d070, 0xaaaadfcf8998, 0xffff8fea40e0, 0 <unfinished ...>
[pid 289] 14:58:07.567859 libssl.so.3->EVP_PKEY_keygen_init(0xaaaadfd25bf0, 0, 0, 0xaaaadfd25c60) = 1 <0.000109>
[pid 289] 14:58:07.568052 libssl.so.3->EVP_PKEY_keygen(0xaaaadfd25bf0, 0xffffc5cedbf0, 0, 0 <unfinished ...>
[pid 289] 14:58:07.568293 oqsprovider.so->OQS_KEM_new(0xaaaadfd23f90, 0xaaaadfd24990, 912, 0) = 0xaaaadfd249d0 <0.000130>
[pid 289] 14:58:07.568476 oqsprovider.so->OQS_KEM_keypair(0xaaaadfd249d0, 0xaaaadfd2e3d0, 0xaaaadfd2ecb0, 0xaaaadfd2f540) = 0 <0.001353>
[pid 289] 14:58:07.569890 <... EVP_PKEY_keygen resumed> ) = 1 <0.001842>
[pid 289] 14:58:07.573632 libssl.so.3->EVP_PKEY_decapsulate_init(0xaaaadfd25bf0, 0, 0, 0xaaaadfd25c60) = 1 <0.000171>
[pid 289] 14:58:07.573851 libssl.so.3->EVP_PKEY_decapsulate(0xaaaadfd25bf0, 0, 0xffffc5cedb70, 0xaaaadfd27eba) = 1 <0.000137>
[pid 289] 14:58:07.574150 libssl.so.3->EVP_PKEY_decapsulate(0xaaaadfd25bf0, 0xaaaadfd180f0, 0xffffc5cedb70, 0xaaaadfd27eba <unfinished ...>
[pid 289] 14:58:07.574326 oqsprovider.so->OQS_KEM_decaps(0xaaaadfd249d0, 0xaaaadfd180f0, 0xaaaadfd27eba, 0xaaaadfd2ecb0) = 0 <0.003083>
[pid 289] 14:58:07.577465 <... EVP_PKEY_decapsulate resumed> ) = 1 <0.003378>
[pid 289] 14:58:07.578122 libssl.so.3->X509_verify_cert(0xaaaadfd1cf50, 0, 0, 0xffffffff) = 1 <0.000315>
[pid 289] 14:58:07.578695 libssl.so.3->EVP_DigestVerifyInit_ex(0xaaaadfd47e50, 0xffffc5cedc78, 0, 0) = 1 <0.000116>
[pid 289] 14:58:07.578885 libssl.so.3->EVP_DigestVerify(0xaaaadfd47e50, 0xaaaadfd27e68, 2420, 0xffffc5cedc80) = 1 <0.000187>
[pid 289] 14:58:07.579275 libssl.so.3->X509_verify_cert(0xaaaadfd1cf50, 1, 0, 0) = 1 <0.000227>
[pid 289] 14:58:07.579675 libssl.so.3->EVP_DigestSignInit_ex(0xaaaadfc4b750, 0xffffc5cedc60, 0, 0) = 1 <0.000140>
[pid 289] 14:58:07.579881 libssl.so.3->EVP_DigestSign(0xaaaadfc4b750, 0, 0xffffc5cedc70, 0xffffc5cedc80) = 1 <0.000151>
[pid 289] 14:58:07.580084 libssl.so.3->EVP_DigestSign(0xaaaadfc4b750, 0xaaaadfd39d10, 0xffffc5cedc70, 0xffffc5cedc80) = 1 <0.000510>
[pid 289] 14:58:07.580897 <... SSL_connect resumed> ) = 1 <0.013355>
[pid 289] 14:58:07.581144 oqsprovider.so->OQS_KEM_free(0xaaaadfd249d0, 1, 7, 0xaaaadfc2e010) = 0xaaaadfc2e030 <0.000150>
Handshake duration: 13.50 ms
[pid 289] 14:58:07.582472 +++ exited (status 0) +++
Execution 46 - TLS Mutual
s_connection: verify depth is 1
[pid 291] 14:58:07.610006 openssl->SSL_connect(0xaaab09ddb070, 0xaaab09db6998, 0xffffb0b040e0, 0 <unfinished ...>
[pid 291] 14:58:07.610322 libssl.so.3->EVP_PKEY_keygen_init(0xaaab09de3bf0, 0, 0, 0xaaab09de3c60) = 1 <0.000115>
[pid 291] 14:58:07.610489 libssl.so.3->EVP_PKEY_keygen(0xaaab09de3bf0, 0xffffcb98a070, 0, 0 <unfinished ...>
[pid 291] 14:58:07.610651 oqsprovider.so->OQS_KEM_new(0xaaab09de1f90, 0xaaab09de2990, 912, 0) = 0xaaab09de29d0 <0.000112>
[pid 291] 14:58:07.610827 oqsprovider.so->OQS_KEM_keypair(0xaaab09de29d0, 0xaaab09dec3d0, 0xaaab09deccb0, 0xaaab09ded540) = 0 <0.001196>
[pid 291] 14:58:07.612082 <... EVP_PKEY_keygen resumed> ) = 1 <0.001588>
[pid 291] 14:58:07.615772 libssl.so.3->EVP_PKEY_decapsulate_init(0xaaab09de3bf0, 0, 0, 0xaaab09de3c60) = 1 <0.000223>
[pid 291] 14:58:07.616048 libssl.so.3->EVP_PKEY_decapsulate(0xaaab09de3bf0, 0, 0xffffcb989ff0, 0xaaab09de5eba) = 1 <0.000246>
[pid 291] 14:58:07.616371 libssl.so.3->EVP_PKEY_decapsulate(0xaaab09de3bf0, 0xaaab09dd60f0, 0xffffcb989ff0, 0xaaab09de5eba <unfinished ...>
[pid 291] 14:58:07.616580 oqsprovider.so->OQS_KEM_decaps(0xaaab09de29d0, 0xaaab09dd60f0, 0xaaab09de5eba, 0xaaab09deccb0) = 0 <0.003107>
[pid 291] 14:58:07.619746 <... EVP_PKEY_decapsulate resumed> ) = 1 <0.003368>
[pid 291] 14:58:07.620466 libssl.so.3->X509_verify_cert(0xaaab09ddaf50, 0, 0, 0xffffffff) = 1 <0.000290>
[pid 291] 14:58:07.620966 libssl.so.3->EVP_DigestVerifyInit_ex(0xaaab09e05e50, 0xffffcb98a0f8, 0, 0) = 1 <0.000114>
[pid 291] 14:58:07.621138 libssl.so.3->EVP_DigestVerify(0xaaab09e05e50, 0xaaab09de5e68, 2420, 0xffffcb98a100) = 1 <0.000172>
[pid 291] 14:58:07.621530 libssl.so.3->X509_verify_cert(0xaaab09ddaf50, 1, 0, 0) = 1 <0.000213>
[pid 291] 14:58:07.621903 libssl.so.3->EVP_DigestSignInit_ex(0xaaab09d09750, 0xffffcb98a0e0, 0, 0) = 1 <0.000096>
[pid 291] 14:58:07.622038 libssl.so.3->EVP_DigestSign(0xaaab09d09750, 0, 0xffffcb98a0f0, 0xffffcb98a100) = 1 <0.000101>
[pid 291] 14:58:07.622192 libssl.so.3->EVP_DigestSign(0xaaab09d09750, 0xaaab09df7d10, 0xffffcb98a0f0, 0xffffcb98a100) = 1 <0.000393>
[pid 291] 14:58:07.622860 <... SSL_connect resumed> ) = 1 <0.012849>
[pid 291] 14:58:07.623051 oqsprovider.so->OQS_KEM_free(0xaaab09de29d0, 1, 7, 0xaaab09cec010) = 0xaaab09cec030 <0.000097>
Handshake duration: 12.98 ms
[pid 291] 14:58:07.624348 +++ exited (status 0) +++
Execution 47 - TLS Mutual
s_connection: verify depth is 1
[pid 293] 14:58:07.651693 openssl->SSL_connect(0xaaaaef2a9070, 0xaaaaef284998, 0xffffa21640e0, 0 <unfinished ...>
[pid 293] 14:58:07.651977 libssl.so.3->EVP_PKEY_keygen_init(0xaaaaef2b1bf0, 0, 0, 0xaaaaef2b1c60) = 1 <0.000111>
[pid 293] 14:58:07.652152 libssl.so.3->EVP_PKEY_keygen(0xaaaaef2b1bf0, 0xfffff9e00880, 0, 0 <unfinished ...>
[pid 293] 14:58:07.652296 oqsprovider.so->OQS_KEM_new(0xaaaaef2aff90, 0xaaaaef2b0990, 912, 0) = 0xaaaaef2b09d0 <0.000116>
[pid 293] 14:58:07.652461 oqsprovider.so->OQS_KEM_keypair(0xaaaaef2b09d0, 0xaaaaef2ba3d0, 0xaaaaef2bacb0, 0xaaaaef2bb540) = 0 <0.001267>
[pid 293] 14:58:07.653784 <... EVP_PKEY_keygen resumed> ) = 1 <0.001630>
[pid 293] 14:58:07.657483 libssl.so.3->EVP_PKEY_decapsulate_init(0xaaaaef2b1bf0, 0, 0, 0xaaaaef2b1c60) = 1 <0.000173>
[pid 293] 14:58:07.657720 libssl.so.3->EVP_PKEY_decapsulate(0xaaaaef2b1bf0, 0, 0xfffff9e00800, 0xaaaaef2b3eba) = 1 <0.000141>
[pid 293] 14:58:07.657903 libssl.so.3->EVP_PKEY_decapsulate(0xaaaaef2b1bf0, 0xaaaaef2a40f0, 0xfffff9e00800, 0xaaaaef2b3eba <unfinished ...>
[pid 293] 14:58:07.658021 oqsprovider.so->OQS_KEM_decaps(0xaaaaef2b09d0, 0xaaaaef2a40f0, 0xaaaaef2b3eba, 0xaaaaef2bacb0) = 0 <0.003129>
[pid 293] 14:58:07.661214 <... EVP_PKEY_decapsulate resumed> ) = 1 <0.003302>
[pid 293] 14:58:07.661945 libssl.so.3->X509_verify_cert(0xaaaaef2a8f50, 0, 0, 0xffffffff) = 1 <0.000299>
[pid 293] 14:58:07.662500 libssl.so.3->EVP_DigestVerifyInit_ex(0xaaaaef2d3e50, 0xfffff9e00908, 0, 0) = 1 <0.000130>
[pid 293] 14:58:07.662689 libssl.so.3->EVP_DigestVerify(0xaaaaef2d3e50, 0xaaaaef2b3e68, 2420, 0xfffff9e00910) = 1 <0.000217>
[pid 293] 14:58:07.663101 libssl.so.3->X509_verify_cert(0xaaaaef2a8f50, 1, 0, 0) = 1 <0.000206>
[pid 293] 14:58:07.663467 libssl.so.3->EVP_DigestSignInit_ex(0xaaaaef1d7750, 0xfffff9e008f0, 0, 0) = 1 <0.000123>
[pid 293] 14:58:07.663666 libssl.so.3->EVP_DigestSign(0xaaaaef1d7750, 0, 0xfffff9e00900, 0xfffff9e00910) = 1 <0.000148>
[pid 293] 14:58:07.663867 libssl.so.3->EVP_DigestSign(0xaaaaef1d7750, 0xaaaaef2c5d10, 0xfffff9e00900, 0xfffff9e00910) = 1 <0.000651>
[pid 293] 14:58:07.664797 <... SSL_connect resumed> ) = 1 <0.013099>
[pid 293] 14:58:07.665048 oqsprovider.so->OQS_KEM_free(0xaaaaef2b09d0, 1, 7, 0xaaaaef1ba010) = 0xaaaaef1ba030 <0.000127>
Handshake duration: 13.24 ms
[pid 293] 14:58:07.666370 +++ exited (status 0) +++
Execution 48 - TLS Mutual
s_connection: verify depth is 1
[pid 295] 14:58:07.693753 openssl->SSL_connect(0xaaaad1c9c070, 0xaaaad1c77998, 0xffffb1da40e0, 0 <unfinished ...>
[pid 295] 14:58:07.694046 libssl.so.3->EVP_PKEY_keygen_init(0xaaaad1ca4bf0, 0, 0, 0xaaaad1ca4c60) = 1 <0.000118>
[pid 295] 14:58:07.694208 libssl.so.3->EVP_PKEY_keygen(0xaaaad1ca4bf0, 0xffffdd377d60, 0, 0 <unfinished ...>
[pid 295] 14:58:07.694368 oqsprovider.so->OQS_KEM_new(0xaaaad1ca2f90, 0xaaaad1ca3990, 912, 0) = 0xaaaad1ca39d0 <0.000118>
[pid 295] 14:58:07.694558 oqsprovider.so->OQS_KEM_keypair(0xaaaad1ca39d0, 0xaaaad1cad3d0, 0xaaaad1cadcb0, 0xaaaad1cae540) = 0 <0.001224>
[pid 295] 14:58:07.695851 <... EVP_PKEY_keygen resumed> ) = 1 <0.001630>
[pid 295] 14:58:07.699588 libssl.so.3->EVP_PKEY_decapsulate_init(0xaaaad1ca4bf0, 0, 0, 0xaaaad1ca4c60) = 1 <0.000193>
[pid 295] 14:58:07.699828 libssl.so.3->EVP_PKEY_decapsulate(0xaaaad1ca4bf0, 0, 0xffffdd377ce0, 0xaaaad1ca6eba) = 1 <0.000111>
[pid 295] 14:58:07.700003 libssl.so.3->EVP_PKEY_decapsulate(0xaaaad1ca4bf0, 0xaaaad1c970f0, 0xffffdd377ce0, 0xaaaad1ca6eba <unfinished ...>
[pid 295] 14:58:07.700107 oqsprovider.so->OQS_KEM_decaps(0xaaaad1ca39d0, 0xaaaad1c970f0, 0xaaaad1ca6eba, 0xaaaad1cadcb0) = 0 <0.003136>
[pid 295] 14:58:07.703304 <... EVP_PKEY_decapsulate resumed> ) = 1 <0.003307>
[pid 295] 14:58:07.704065 libssl.so.3->X509_verify_cert(0xaaaad1c9bf50, 0, 0, 0xffffffff) = 1 <0.000294>
[pid 295] 14:58:07.704588 libssl.so.3->EVP_DigestVerifyInit_ex(0xaaaad1cc6e50, 0xffffdd377de8, 0, 0) = 1 <0.000110>
[pid 295] 14:58:07.704777 libssl.so.3->EVP_DigestVerify(0xaaaad1cc6e50, 0xaaaad1ca6e68, 2420, 0xffffdd377df0) = 1 <0.000182>
[pid 295] 14:58:07.705159 libssl.so.3->X509_verify_cert(0xaaaad1c9bf50, 1, 0, 0) = 1 <0.000185>
[pid 295] 14:58:07.705516 libssl.so.3->EVP_DigestSignInit_ex(0xaaaad1bca750, 0xffffdd377dd0, 0, 0) = 1 <0.000135>
[pid 295] 14:58:07.705697 libssl.so.3->EVP_DigestSign(0xaaaad1bca750, 0, 0xffffdd377de0, 0xffffdd377df0) = 1 <0.000107>
[pid 295] 14:58:07.705849 libssl.so.3->EVP_DigestSign(0xaaaad1bca750, 0xaaaad1cb8d10, 0xffffdd377de0, 0xffffdd377df0) = 1 <0.000531>
[pid 295] 14:58:07.706631 <... SSL_connect resumed> ) = 1 <0.012873>
[pid 295] 14:58:07.706863 oqsprovider.so->OQS_KEM_free(0xaaaad1ca39d0, 1, 7, 0xaaaad1bad010) = 0xaaaad1bad030 <0.000129>
Handshake duration: 13.01 ms
[pid 295] 14:58:07.708181 +++ exited (status 0) +++
Execution 49 - TLS Mutual
s_connection: verify depth is 1
[pid 297] 14:58:07.735452 openssl->SSL_connect(0xaaaad96c8070, 0xaaaad96a3998, 0xffffb71440e0, 0 <unfinished ...>
[pid 297] 14:58:07.735744 libssl.so.3->EVP_PKEY_keygen_init(0xaaaad96d0bf0, 0, 0, 0xaaaad96d0c60) = 1 <0.000160>
[pid 297] 14:58:07.735956 libssl.so.3->EVP_PKEY_keygen(0xaaaad96d0bf0, 0xffffeaab8a50, 0, 0 <unfinished ...>
[pid 297] 14:58:07.736065 oqsprovider.so->OQS_KEM_new(0xaaaad96cef90, 0xaaaad96cf990, 912, 0) = 0xaaaad96cf9d0 <0.000113>
[pid 297] 14:58:07.736252 oqsprovider.so->OQS_KEM_keypair(0xaaaad96cf9d0, 0xaaaad96d93d0, 0xaaaad96d9cb0, 0xaaaad96da540) = 0 <0.001282>
[pid 297] 14:58:07.737611 <... EVP_PKEY_keygen resumed> ) = 1 <0.001642>
[pid 297] 14:58:07.741399 libssl.so.3->EVP_PKEY_decapsulate_init(0xaaaad96d0bf0, 0, 0, 0xaaaad96d0c60) = 1 <0.000157>
[pid 297] 14:58:07.741615 libssl.so.3->EVP_PKEY_decapsulate(0xaaaad96d0bf0, 0, 0xffffeaab89d0, 0xaaaad96d2eba) = 1 <0.000138>
[pid 297] 14:58:07.741801 libssl.so.3->EVP_PKEY_decapsulate(0xaaaad96d0bf0, 0xaaaad96c30f0, 0xffffeaab89d0, 0xaaaad96d2eba <unfinished ...>
[pid 297] 14:58:07.741893 oqsprovider.so->OQS_KEM_decaps(0xaaaad96cf9d0, 0xaaaad96c30f0, 0xaaaad96d2eba, 0xaaaad96d9cb0) = 0 <0.003137>
[pid 297] 14:58:07.745103 <... EVP_PKEY_decapsulate resumed> ) = 1 <0.003294>
[pid 297] 14:58:07.745818 libssl.so.3->X509_verify_cert(0xaaaad96c7f50, 0, 0, 0xffffffff) = 1 <0.000303>
[pid 297] 14:58:07.746343 libssl.so.3->EVP_DigestVerifyInit_ex(0xaaaad96f2e50, 0xffffeaab8ad8, 0, 0) = 1 <0.000106>
[pid 297] 14:58:07.746515 libssl.so.3->EVP_DigestVerify(0xaaaad96f2e50, 0xaaaad96d2e68, 2420, 0xffffeaab8ae0) = 1 <0.000169>
[pid 297] 14:58:07.746896 libssl.so.3->X509_verify_cert(0xaaaad96c7f50, 1, 0, 0) = 1 <0.000232>
[pid 297] 14:58:07.747299 libssl.so.3->EVP_DigestSignInit_ex(0xaaaad95f6750, 0xffffeaab8ac0, 0, 0) = 1 <0.000130>
[pid 297] 14:58:07.747484 libssl.so.3->EVP_DigestSign(0xaaaad95f6750, 0, 0xffffeaab8ad0, 0xffffeaab8ae0) = 1 <0.000180>
[pid 297] 14:58:07.747707 libssl.so.3->EVP_DigestSign(0xaaaad95f6750, 0xaaaad96e4d10, 0xffffeaab8ad0, 0xffffeaab8ae0) = 1 <0.000326>
[pid 297] 14:58:07.748318 <... SSL_connect resumed> ) = 1 <0.012862>
[pid 297] 14:58:07.748557 oqsprovider.so->OQS_KEM_free(0xaaaad96cf9d0, 1, 7, 0xaaaad95d9010) = 0xaaaad95d9030 <0.000134>
Handshake duration: 12.98 ms
[pid 297] 14:58:07.749841 +++ exited (status 0) +++
Execution 50 - TLS Mutual
s_connection: verify depth is 1
[pid 299] 14:58:07.777258 openssl->SSL_connect(0xaaaad8411070, 0xaaaad83ec998, 0xffff99a240e0, 0 <unfinished ...>
[pid 299] 14:58:07.777559 libssl.so.3->EVP_PKEY_keygen_init(0xaaaad8419bf0, 0, 0, 0xaaaad8419c60) = 1 <0.000126>
[pid 299] 14:58:07.777759 libssl.so.3->EVP_PKEY_keygen(0xaaaad8419bf0, 0xffffe11dba60, 0, 0 <unfinished ...>
[pid 299] 14:58:07.777890 oqsprovider.so->OQS_KEM_new(0xaaaad8417f90, 0xaaaad8418990, 912, 0) = 0xaaaad84189d0 <0.000131>
[pid 299] 14:58:07.778068 oqsprovider.so->OQS_KEM_keypair(0xaaaad84189d0, 0xaaaad84223d0, 0xaaaad8422cb0, 0xaaaad8423540) = 0 <0.001205>
[pid 299] 14:58:07.779341 <... EVP_PKEY_keygen resumed> ) = 1 <0.001575>
[pid 299] 14:58:07.783045 libssl.so.3->EVP_PKEY_decapsulate_init(0xaaaad8419bf0, 0, 0, 0xaaaad8419c60) = 1 <0.000200>
[pid 299] 14:58:07.783298 libssl.so.3->EVP_PKEY_decapsulate(0xaaaad8419bf0, 0, 0xffffe11db9e0, 0xaaaad841beba) = 1 <0.000141>
[pid 299] 14:58:07.783479 libssl.so.3->EVP_PKEY_decapsulate(0xaaaad8419bf0, 0xaaaad840c0f0, 0xffffe11db9e0, 0xaaaad841beba <unfinished ...>
[pid 299] 14:58:07.783594 oqsprovider.so->OQS_KEM_decaps(0xaaaad84189d0, 0xaaaad840c0f0, 0xaaaad841beba, 0xaaaad8422cb0) = 0 <0.003120>
[pid 299] 14:58:07.786772 <... EVP_PKEY_decapsulate resumed> ) = 1 <0.003286>
[pid 299] 14:58:07.787438 libssl.so.3->X509_verify_cert(0xaaaad8410f50, 0, 0, 0xffffffff) = 1 <0.000288>
[pid 299] 14:58:07.787979 libssl.so.3->EVP_DigestVerifyInit_ex(0xaaaad843be50, 0xffffe11dbae8, 0, 0) = 1 <0.000111>
[pid 299] 14:58:07.788133 libssl.so.3->EVP_DigestVerify(0xaaaad843be50, 0xaaaad841be68, 2420, 0xffffe11dbaf0) = 1 <0.000225>
[pid 299] 14:58:07.788582 libssl.so.3->X509_verify_cert(0xaaaad8410f50, 1, 0, 0) = 1 <0.000202>
[pid 299] 14:58:07.788936 libssl.so.3->EVP_DigestSignInit_ex(0xaaaad833f750, 0xffffe11dbad0, 0, 0) = 1 <0.000089>
[pid 299] 14:58:07.789086 libssl.so.3->EVP_DigestSign(0xaaaad833f750, 0, 0xffffe11dbae0, 0xffffe11dbaf0) = 1 <0.000241>
[pid 299] 14:58:07.789367 libssl.so.3->EVP_DigestSign(0xaaaad833f750, 0xaaaad842dd10, 0xffffe11dbae0, 0xffffe11dbaf0) = 1 <0.000360>
[pid 299] 14:58:07.789996 <... SSL_connect resumed> ) = 1 <0.012734>
[pid 299] 14:58:07.790227 oqsprovider.so->OQS_KEM_free(0xaaaad84189d0, 1, 7, 0xaaaad8322010) = 0xaaaad8322030 <0.000124>
Handshake duration: 12.90 ms
[pid 299] 14:58:07.791597 +++ exited (status 0) +++
Execution 51 - TLS Mutual
s_connection: verify depth is 1
[pid 301] 14:58:07.819305 openssl->SSL_connect(0xaaaad2894070, 0xaaaad286f998, 0xffffb5ea40e0, 0 <unfinished ...>
[pid 301] 14:58:07.819641 libssl.so.3->EVP_PKEY_keygen_init(0xaaaad289cbf0, 0, 0, 0xaaaad289cc60) = 1 <0.000107>
[pid 301] 14:58:07.819828 libssl.so.3->EVP_PKEY_keygen(0xaaaad289cbf0, 0xffffc0866ae0, 0, 0 <unfinished ...>
[pid 301] 14:58:07.820004 oqsprovider.so->OQS_KEM_new(0xaaaad289af90, 0xaaaad289b990, 912, 0) = 0xaaaad289b9d0 <0.000100>
[pid 301] 14:58:07.820190 oqsprovider.so->OQS_KEM_keypair(0xaaaad289b9d0, 0xaaaad28a53d0, 0xaaaad28a5cb0, 0xaaaad28a6540) = 0 <0.001310>
[pid 301] 14:58:07.821553 <... EVP_PKEY_keygen resumed> ) = 1 <0.001740>
[pid 301] 14:58:07.825289 libssl.so.3->EVP_PKEY_decapsulate_init(0xaaaad289cbf0, 0, 0, 0xaaaad289cc60) = 1 <0.000201>
[pid 301] 14:58:07.825544 libssl.so.3->EVP_PKEY_decapsulate(0xaaaad289cbf0, 0, 0xffffc0866a60, 0xaaaad289eeba) = 1 <0.000152>
[pid 301] 14:58:07.825731 libssl.so.3->EVP_PKEY_decapsulate(0xaaaad289cbf0, 0xaaaad288f0f0, 0xffffc0866a60, 0xaaaad289eeba <unfinished ...>
[pid 301] 14:58:07.825825 oqsprovider.so->OQS_KEM_decaps(0xaaaad289b9d0, 0xaaaad288f0f0, 0xaaaad289eeba, 0xaaaad28a5cb0) = 0 <0.003166>
[pid 301] 14:58:07.829049 <... EVP_PKEY_decapsulate resumed> ) = 1 <0.003314>
[pid 301] 14:58:07.829723 libssl.so.3->X509_verify_cert(0xaaaad2893f50, 0, 0, 0xffffffff) = 1 <0.000292>
[pid 301] 14:58:07.830212 libssl.so.3->EVP_DigestVerifyInit_ex(0xaaaad28bee50, 0xffffc0866b68, 0, 0) = 1 <0.000161>
[pid 301] 14:58:07.830420 libssl.so.3->EVP_DigestVerify(0xaaaad28bee50, 0xaaaad289ee68, 2420, 0xffffc0866b70) = 1 <0.000184>
[pid 301] 14:58:07.830793 libssl.so.3->X509_verify_cert(0xaaaad2893f50, 1, 0, 0) = 1 <0.000185>
[pid 301] 14:58:07.831158 libssl.so.3->EVP_DigestSignInit_ex(0xaaaad27c2750, 0xffffc0866b50, 0, 0) = 1 <0.000130>
[pid 301] 14:58:07.831357 libssl.so.3->EVP_DigestSign(0xaaaad27c2750, 0, 0xffffc0866b60, 0xffffc0866b70) = 1 <0.000174>
[pid 301] 14:58:07.831581 libssl.so.3->EVP_DigestSign(0xaaaad27c2750, 0xaaaad28b0d10, 0xffffc0866b60, 0xffffc0866b70) = 1 <0.000360>
[pid 301] 14:58:07.832187 <... SSL_connect resumed> ) = 1 <0.012877>
[pid 301] 14:58:07.832450 oqsprovider.so->OQS_KEM_free(0xaaaad289b9d0, 1, 7, 0xaaaad27a5010) = 0xaaaad27a5030 <0.000115>
Handshake duration: 13.01 ms
[pid 301] 14:58:07.833760 +++ exited (status 0) +++
Execution 52 - TLS Mutual
s_connection: verify depth is 1
[pid 303] 14:58:07.861147 openssl->SSL_connect(0xaaaadacc8070, 0xaaaadaca3998, 0xffff8c4a40e0, 0 <unfinished ...>
[pid 303] 14:58:07.861446 libssl.so.3->EVP_PKEY_keygen_init(0xaaaadacd0bf0, 0, 0, 0xaaaadacd0c60) = 1 <0.000122>
[pid 303] 14:58:07.861639 libssl.so.3->EVP_PKEY_keygen(0xaaaadacd0bf0, 0xffffe0539c30, 0, 0 <unfinished ...>
[pid 303] 14:58:07.861748 oqsprovider.so->OQS_KEM_new(0xaaaadaccef90, 0xaaaadaccf990, 912, 0) = 0xaaaadaccf9d0 <0.000101>
[pid 303] 14:58:07.861917 oqsprovider.so->OQS_KEM_keypair(0xaaaadaccf9d0, 0xaaaadacd93d0, 0xaaaadacd9cb0, 0xaaaadacda540) = 0 <0.001209>
[pid 303] 14:58:07.863187 <... EVP_PKEY_keygen resumed> ) = 1 <0.001544>
[pid 303] 14:58:07.866922 libssl.so.3->EVP_PKEY_decapsulate_init(0xaaaadacd0bf0, 0, 0, 0xaaaadacd0c60) = 1 <0.000150>
[pid 303] 14:58:07.867126 libssl.so.3->EVP_PKEY_decapsulate(0xaaaadacd0bf0, 0, 0xffffe0539bb0, 0xaaaadacd2eba) = 1 <0.000094>
[pid 303] 14:58:07.867289 libssl.so.3->EVP_PKEY_decapsulate(0xaaaadacd0bf0, 0xaaaadacc30f0, 0xffffe0539bb0, 0xaaaadacd2eba <unfinished ...>
[pid 303] 14:58:07.867420 oqsprovider.so->OQS_KEM_decaps(0xaaaadaccf9d0, 0xaaaadacc30f0, 0xaaaadacd2eba, 0xaaaadacd9cb0) = 0 <0.003084>
[pid 303] 14:58:07.870565 <... EVP_PKEY_decapsulate resumed> ) = 1 <0.003270>
[pid 303] 14:58:07.871243 libssl.so.3->X509_verify_cert(0xaaaadacc7f50, 0, 0, 0xffffffff) = 1 <0.000337>
[pid 303] 14:58:07.871800 libssl.so.3->EVP_DigestVerifyInit_ex(0xaaaadacf2e50, 0xffffe0539cb8, 0, 0) = 1 <0.000111>
[pid 303] 14:58:07.871979 libssl.so.3->EVP_DigestVerify(0xaaaadacf2e50, 0xaaaadacd2e68, 2420, 0xffffe0539cc0) = 1 <0.000183>
[pid 303] 14:58:07.872394 libssl.so.3->X509_verify_cert(0xaaaadacc7f50, 1, 0, 0) = 1 <0.000198>
[pid 303] 14:58:07.872759 libssl.so.3->EVP_DigestSignInit_ex(0xaaaadabf6750, 0xffffe0539ca0, 0, 0) = 1 <0.000092>
[pid 303] 14:58:07.872925 libssl.so.3->EVP_DigestSign(0xaaaadabf6750, 0, 0xffffe0539cb0, 0xffffe0539cc0) = 1 <0.000146>
[pid 303] 14:58:07.873106 libssl.so.3->EVP_DigestSign(0xaaaadabf6750, 0xaaaadace4d10, 0xffffe0539cb0, 0xffffe0539cc0) = 1 <0.000454>
[pid 303] 14:58:07.873800 <... SSL_connect resumed> ) = 1 <0.012649>
[pid 303] 14:58:07.874017 oqsprovider.so->OQS_KEM_free(0xaaaadaccf9d0, 1, 7, 0xaaaadabd9010) = 0xaaaadabd9030 <0.000106>
Handshake duration: 12.78 ms
[pid 303] 14:58:07.875393 +++ exited (status 0) +++
Execution 53 - TLS Mutual
s_connection: verify depth is 1
[pid 305] 14:58:07.902864 openssl->SSL_connect(0xaaaaf92ae070, 0xaaaaf9289998, 0xffffba9d40e0, 0 <unfinished ...>
[pid 305] 14:58:07.903149 libssl.so.3->EVP_PKEY_keygen_init(0xaaaaf92b6bf0, 0, 0, 0xaaaaf92b6c60) = 1 <0.000131>
[pid 305] 14:58:07.903331 libssl.so.3->EVP_PKEY_keygen(0xaaaaf92b6bf0, 0xffffc981f0c0, 0, 0 <unfinished ...>
[pid 305] 14:58:07.903433 oqsprovider.so->OQS_KEM_new(0xaaaaf92b4f90, 0xaaaaf92b5990, 912, 0) = 0xaaaaf92b59d0 <0.000117>
[pid 305] 14:58:07.903606 oqsprovider.so->OQS_KEM_keypair(0xaaaaf92b59d0, 0xaaaaf92bf3d0, 0xaaaaf92bfcb0, 0xaaaaf92c0540) = 0 <0.001254>
[pid 305] 14:58:07.904926 <... EVP_PKEY_keygen resumed> ) = 1 <0.001583>
[pid 305] 14:58:07.908665 libssl.so.3->EVP_PKEY_decapsulate_init(0xaaaaf92b6bf0, 0, 0, 0xaaaaf92b6c60) = 1 <0.000165>
[pid 305] 14:58:07.908904 libssl.so.3->EVP_PKEY_decapsulate(0xaaaaf92b6bf0, 0, 0xffffc981f040, 0xaaaaf92b8eba) = 1 <0.000183>
[pid 305] 14:58:07.909115 libssl.so.3->EVP_PKEY_decapsulate(0xaaaaf92b6bf0, 0xaaaaf92a90f0, 0xffffc981f040, 0xaaaaf92b8eba <unfinished ...>
[pid 305] 14:58:07.909259 oqsprovider.so->OQS_KEM_decaps(0xaaaaf92b59d0, 0xaaaaf92a90f0, 0xaaaaf92b8eba, 0xaaaaf92bfcb0) = 0 <0.003100>
[pid 305] 14:58:07.912422 <... EVP_PKEY_decapsulate resumed> ) = 1 <0.003310>
[pid 305] 14:58:07.913129 libssl.so.3->X509_verify_cert(0xaaaaf92adf50, 0, 0, 0xffffffff) = 1 <0.000328>
[pid 305] 14:58:07.913691 libssl.so.3->EVP_DigestVerifyInit_ex(0xaaaaf92d8e50, 0xffffc981f148, 0, 0) = 1 <0.000139>
[pid 305] 14:58:07.913887 libssl.so.3->EVP_DigestVerify(0xaaaaf92d8e50, 0xaaaaf92b8e68, 2420, 0xffffc981f150) = 1 <0.000233>
[pid 305] 14:58:07.914397 libssl.so.3->X509_verify_cert(0xaaaaf92adf50, 1, 0, 0) = 1 <0.000194>
[pid 305] 14:58:07.914794 libssl.so.3->EVP_DigestSignInit_ex(0xaaaaf91dc750, 0xffffc981f130, 0, 0) = 1 <0.000165>
[pid 305] 14:58:07.915015 libssl.so.3->EVP_DigestSign(0xaaaaf91dc750, 0, 0xffffc981f140, 0xffffc981f150) = 1 <0.000092>
[pid 305] 14:58:07.915188 libssl.so.3->EVP_DigestSign(0xaaaaf91dc750, 0xaaaaf92cad10, 0xffffc981f140, 0xffffc981f150) = 1 <0.000360>
[pid 305] 14:58:07.915781 <... SSL_connect resumed> ) = 1 <0.012913>
[pid 305] 14:58:07.916039 oqsprovider.so->OQS_KEM_free(0xaaaaf92b59d0, 1, 7, 0xaaaaf91bf010) = 0xaaaaf91bf030 <0.000106>
Handshake duration: 13.09 ms
[pid 305] 14:58:07.917367 +++ exited (status 0) +++
Execution 54 - TLS Mutual
s_connection: verify depth is 1
[pid 307] 14:58:07.944831 openssl->SSL_connect(0xaaaade3cc070, 0xaaaade3a7998, 0xffffb09240e0, 0 <unfinished ...>
[pid 307] 14:58:07.945130 libssl.so.3->EVP_PKEY_keygen_init(0xaaaade3d4bf0, 0, 0, 0xaaaade3d4c60) = 1 <0.000128>
[pid 307] 14:58:07.945346 libssl.so.3->EVP_PKEY_keygen(0xaaaade3d4bf0, 0xfffff06b7f10, 0, 0 <unfinished ...>
[pid 307] 14:58:07.945453 oqsprovider.so->OQS_KEM_new(0xaaaade3d2f90, 0xaaaade3d3990, 912, 0) = 0xaaaade3d39d0 <0.000131>
[pid 307] 14:58:07.945645 oqsprovider.so->OQS_KEM_keypair(0xaaaade3d39d0, 0xaaaade3dd3d0, 0xaaaade3ddcb0, 0xaaaade3de540) = 0 <0.001253>
[pid 307] 14:58:07.946964 <... EVP_PKEY_keygen resumed> ) = 1 <0.001608>
[pid 307] 14:58:07.950625 libssl.so.3->EVP_PKEY_decapsulate_init(0xaaaade3d4bf0, 0, 0, 0xaaaade3d4c60) = 1 <0.000142>
[pid 307] 14:58:07.950811 libssl.so.3->EVP_PKEY_decapsulate(0xaaaade3d4bf0, 0, 0xfffff06b7e90, 0xaaaade3d6eba) = 1 <0.000123>
[pid 307] 14:58:07.950976 libssl.so.3->EVP_PKEY_decapsulate(0xaaaade3d4bf0, 0xaaaade3c70f0, 0xfffff06b7e90, 0xaaaade3d6eba <unfinished ...>
[pid 307] 14:58:07.951079 oqsprovider.so->OQS_KEM_decaps(0xaaaade3d39d0, 0xaaaade3c70f0, 0xaaaade3d6eba, 0xaaaade3ddcb0) = 0 <0.003053>
[pid 307] 14:58:07.954186 <... EVP_PKEY_decapsulate resumed> ) = 1 <0.003205>
[pid 307] 14:58:07.954870 libssl.so.3->X509_verify_cert(0xaaaade3cbf50, 0, 0, 0xffffffff) = 1 <0.000274>
[pid 307] 14:58:07.955395 libssl.so.3->EVP_DigestVerifyInit_ex(0xaaaade3f6e50, 0xfffff06b7f98, 0, 0) = 1 <0.000107>
[pid 307] 14:58:07.955543 libssl.so.3->EVP_DigestVerify(0xaaaade3f6e50, 0xaaaade3d6e68, 2420, 0xfffff06b7fa0) = 1 <0.000172>
[pid 307] 14:58:07.955932 libssl.so.3->X509_verify_cert(0xaaaade3cbf50, 1, 0, 0) = 1 <0.000201>
[pid 307] 14:58:07.956306 libssl.so.3->EVP_DigestSignInit_ex(0xaaaade2fa750, 0xfffff06b7f80, 0, 0) = 1 <0.000120>
[pid 307] 14:58:07.956472 libssl.so.3->EVP_DigestSign(0xaaaade2fa750, 0, 0xfffff06b7f90, 0xfffff06b7fa0) = 1 <0.000124>
[pid 307] 14:58:07.956693 libssl.so.3->EVP_DigestSign(0xaaaade2fa750, 0xaaaade3e8d10, 0xfffff06b7f90, 0xfffff06b7fa0) = 1 <0.000327>
[pid 307] 14:58:07.957328 <... SSL_connect resumed> ) = 1 <0.012488>
[pid 307] 14:58:07.957519 oqsprovider.so->OQS_KEM_free(0xaaaade3d39d0, 1, 7, 0xaaaade2dd010) = 0xaaaade2dd030 <0.000091>
Handshake duration: 12.61 ms
[pid 307] 14:58:07.958808 +++ exited (status 0) +++
Execution 55 - TLS Mutual
s_connection: verify depth is 1
[pid 309] 14:58:07.986630 openssl->SSL_connect(0xaaaae288a070, 0xaaaae2865998, 0xffff9db440e0, 0 <unfinished ...>
[pid 309] 14:58:07.986992 libssl.so.3->EVP_PKEY_keygen_init(0xaaaae2892bf0, 0, 0, 0xaaaae2892c60) = 1 <0.000115>
[pid 309] 14:58:07.987186 libssl.so.3->EVP_PKEY_keygen(0xaaaae2892bf0, 0xffffdf79cec0, 0, 0 <unfinished ...>
[pid 309] 14:58:07.987279 oqsprovider.so->OQS_KEM_new(0xaaaae2890f90, 0xaaaae2891990, 912, 0) = 0xaaaae28919d0 <0.000181>
[pid 309] 14:58:07.987540 oqsprovider.so->OQS_KEM_keypair(0xaaaae28919d0, 0xaaaae289b3d0, 0xaaaae289bcb0, 0xaaaae289c540) = 0 <0.001307>
[pid 309] 14:58:07.988907 <... EVP_PKEY_keygen resumed> ) = 1 <0.001715>
[pid 309] 14:58:07.992665 libssl.so.3->EVP_PKEY_decapsulate_init(0xaaaae2892bf0, 0, 0, 0xaaaae2892c60) = 1 <0.000176>
[pid 309] 14:58:07.992897 libssl.so.3->EVP_PKEY_decapsulate(0xaaaae2892bf0, 0, 0xffffdf79ce40, 0xaaaae2894eba) = 1 <0.000152>
[pid 309] 14:58:07.993101 libssl.so.3->EVP_PKEY_decapsulate(0xaaaae2892bf0, 0xaaaae28850f0, 0xffffdf79ce40, 0xaaaae2894eba <unfinished ...>
[pid 309] 14:58:07.993273 oqsprovider.so->OQS_KEM_decaps(0xaaaae28919d0, 0xaaaae28850f0, 0xaaaae2894eba, 0xaaaae289bcb0) = 0 <0.003182>
[pid 309] 14:58:07.996457 <... EVP_PKEY_decapsulate resumed> ) = 1 <0.003346>
[pid 309] 14:58:07.997125 libssl.so.3->X509_verify_cert(0xaaaae2889f50, 0, 0, 0xffffffff) = 1 <0.000304>
[pid 309] 14:58:07.997638 libssl.so.3->EVP_DigestVerifyInit_ex(0xaaaae28b4e50, 0xffffdf79cf48, 0, 0) = 1 <0.000108>
[pid 309] 14:58:07.997840 libssl.so.3->EVP_DigestVerify(0xaaaae28b4e50, 0xaaaae2894e68, 2420, 0xffffdf79cf50) = 1 <0.000184>
[pid 309] 14:58:07.998222 libssl.so.3->X509_verify_cert(0xaaaae2889f50, 1, 0, 0) = 1 <0.000192>
[pid 309] 14:58:07.998572 libssl.so.3->EVP_DigestSignInit_ex(0xaaaae27b8750, 0xffffdf79cf30, 0, 0) = 1 <0.000109>
[pid 309] 14:58:07.998733 libssl.so.3->EVP_DigestSign(0xaaaae27b8750, 0, 0xffffdf79cf40, 0xffffdf79cf50) = 1 <0.000091>
[pid 309] 14:58:07.998883 libssl.so.3->EVP_DigestSign(0xaaaae27b8750, 0xaaaae28a6d10, 0xffffdf79cf40, 0xffffdf79cf50) = 1 <0.000280>
[pid 309] 14:58:07.999482 <... SSL_connect resumed> ) = 1 <0.012846>
[pid 309] 14:58:07.999716 oqsprovider.so->OQS_KEM_free(0xaaaae28919d0, 1, 7, 0xaaaae279b010) = 0xaaaae279b030 <0.000111>
Handshake duration: 12.98 ms
[pid 309] 14:58:08.001050 +++ exited (status 0) +++
Execution 56 - TLS Mutual
s_connection: verify depth is 1
[pid 311] 14:58:08.028944 openssl->SSL_connect(0xaaaad422a070, 0xaaaad4205998, 0xffffb46b40e0, 0 <unfinished ...>
[pid 311] 14:58:08.029281 libssl.so.3->EVP_PKEY_keygen_init(0xaaaad4232bf0, 0, 0, 0xaaaad4232c60) = 1 <0.000103>
[pid 311] 14:58:08.029456 libssl.so.3->EVP_PKEY_keygen(0xaaaad4232bf0, 0xffffd6ec2a80, 0, 0 <unfinished ...>
[pid 311] 14:58:08.029613 oqsprovider.so->OQS_KEM_new(0xaaaad4230f90, 0xaaaad4231990, 912, 0) = 0xaaaad42319d0 <0.000112>
[pid 311] 14:58:08.029775 oqsprovider.so->OQS_KEM_keypair(0xaaaad42319d0, 0xaaaad423b3d0, 0xaaaad423bcb0, 0xaaaad423c540) = 0 <0.001257>
[pid 311] 14:58:08.031101 <... EVP_PKEY_keygen resumed> ) = 1 <0.001636>
[pid 311] 14:58:08.035066 libssl.so.3->EVP_PKEY_decapsulate_init(0xaaaad4232bf0, 0, 0, 0xaaaad4232c60) = 1 <0.000152>
[pid 311] 14:58:08.035288 libssl.so.3->EVP_PKEY_decapsulate(0xaaaad4232bf0, 0, 0xffffd6ec2a00, 0xaaaad4234eba) = 1 <0.000093>
[pid 311] 14:58:08.035429 libssl.so.3->EVP_PKEY_decapsulate(0xaaaad4232bf0, 0xaaaad42250f0, 0xffffd6ec2a00, 0xaaaad4234eba <unfinished ...>
[pid 311] 14:58:08.035529 oqsprovider.so->OQS_KEM_decaps(0xaaaad42319d0, 0xaaaad42250f0, 0xaaaad4234eba, 0xaaaad423bcb0) = 0 <0.003167>
[pid 311] 14:58:08.038770 <... EVP_PKEY_decapsulate resumed> ) = 1 <0.003335>
[pid 311] 14:58:08.039422 libssl.so.3->X509_verify_cert(0xaaaad4229f50, 0, 0, 0xffffffff) = 1 <0.000312>
[pid 311] 14:58:08.039949 libssl.so.3->EVP_DigestVerifyInit_ex(0xaaaad4254e50, 0xffffd6ec2b08, 0, 0) = 1 <0.000118>
[pid 311] 14:58:08.040124 libssl.so.3->EVP_DigestVerify(0xaaaad4254e50, 0xaaaad4234e68, 2420, 0xffffd6ec2b10) = 1 <0.000180>
[pid 311] 14:58:08.040532 libssl.so.3->X509_verify_cert(0xaaaad4229f50, 1, 0, 0) = 1 <0.000209>
[pid 311] 14:58:08.040897 libssl.so.3->EVP_DigestSignInit_ex(0xaaaad4158750, 0xffffd6ec2af0, 0, 0) = 1 <0.000091>
[pid 311] 14:58:08.041038 libssl.so.3->EVP_DigestSign(0xaaaad4158750, 0, 0xffffd6ec2b00, 0xffffd6ec2b10) = 1 <0.000094>
[pid 311] 14:58:08.041214 libssl.so.3->EVP_DigestSign(0xaaaad4158750, 0xaaaad4246d10, 0xffffd6ec2b00, 0xffffd6ec2b10) = 1 <0.000394>
[pid 311] 14:58:08.041829 <... SSL_connect resumed> ) = 1 <0.012881>
[pid 311] 14:58:08.042032 oqsprovider.so->OQS_KEM_free(0xaaaad42319d0, 1, 7, 0xaaaad413b010) = 0xaaaad413b030 <0.000132>
Handshake duration: 13.01 ms
[pid 311] 14:58:08.043341 +++ exited (status 0) +++
Execution 57 - TLS Mutual
s_connection: verify depth is 1
[pid 313] 14:58:08.070453 openssl->SSL_connect(0xaaaabce28070, 0xaaaabce03998, 0xffffbebe40e0, 0 <unfinished ...>
[pid 313] 14:58:08.070763 libssl.so.3->EVP_PKEY_keygen_init(0xaaaabce30bf0, 0, 0, 0xaaaabce30c60) = 1 <0.000107>
[pid 313] 14:58:08.070962 libssl.so.3->EVP_PKEY_keygen(0xaaaabce30bf0, 0xffffebaf0ad0, 0, 0 <unfinished ...>
[pid 313] 14:58:08.071103 oqsprovider.so->OQS_KEM_new(0xaaaabce2ef90, 0xaaaabce2f990, 912, 0) = 0xaaaabce2f9d0 <0.000122>
[pid 313] 14:58:08.071281 oqsprovider.so->OQS_KEM_keypair(0xaaaabce2f9d0, 0xaaaabce393d0, 0xaaaabce39cb0, 0xaaaabce3a540) = 0 <0.001256>
[pid 313] 14:58:08.072616 <... EVP_PKEY_keygen resumed> ) = 1 <0.001651>
[pid 313] 14:58:08.076303 libssl.so.3->EVP_PKEY_decapsulate_init(0xaaaabce30bf0, 0, 0, 0xaaaabce30c60) = 1 <0.000142>
[pid 313] 14:58:08.076482 libssl.so.3->EVP_PKEY_decapsulate(0xaaaabce30bf0, 0, 0xffffebaf0a50, 0xaaaabce32eba) = 1 <0.000089>
[pid 313] 14:58:08.076625 libssl.so.3->EVP_PKEY_decapsulate(0xaaaabce30bf0, 0xaaaabce230f0, 0xffffebaf0a50, 0xaaaabce32eba <unfinished ...>
[pid 313] 14:58:08.076716 oqsprovider.so->OQS_KEM_decaps(0xaaaabce2f9d0, 0xaaaabce230f0, 0xaaaabce32eba, 0xaaaabce39cb0) = 0 <0.003086>
[pid 313] 14:58:08.079861 <... EVP_PKEY_decapsulate resumed> ) = 1 <0.003230>
[pid 313] 14:58:08.080630 libssl.so.3->X509_verify_cert(0xaaaabce27f50, 0, 0, 0xffffffff) = 1 <0.000299>
[pid 313] 14:58:08.081144 libssl.so.3->EVP_DigestVerifyInit_ex(0xaaaabce52e50, 0xffffebaf0b58, 0, 0) = 1 <0.000119>
[pid 313] 14:58:08.081341 libssl.so.3->EVP_DigestVerify(0xaaaabce52e50, 0xaaaabce32e68, 2420, 0xffffebaf0b60) = 1 <0.000166>
[pid 313] 14:58:08.081735 libssl.so.3->X509_verify_cert(0xaaaabce27f50, 1, 0, 0) = 1 <0.000217>
[pid 313] 14:58:08.082140 libssl.so.3->EVP_DigestSignInit_ex(0xaaaabcd56750, 0xffffebaf0b40, 0, 0) = 1 <0.000109>
[pid 313] 14:58:08.082318 libssl.so.3->EVP_DigestSign(0xaaaabcd56750, 0, 0xffffebaf0b50, 0xffffebaf0b60) = 1 <0.000115>
[pid 313] 14:58:08.082482 libssl.so.3->EVP_DigestSign(0xaaaabcd56750, 0xaaaabce44d10, 0xffffebaf0b50, 0xffffebaf0b60) = 1 <0.000310>
[pid 313] 14:58:08.083033 <... SSL_connect resumed> ) = 1 <0.012577>
[pid 313] 14:58:08.083258 oqsprovider.so->OQS_KEM_free(0xaaaabce2f9d0, 1, 7, 0xaaaabcd39010) = 0xaaaabcd39030 <0.000099>
Handshake duration: 12.74 ms
[pid 313] 14:58:08.084588 +++ exited (status 0) +++
Execution 58 - TLS Mutual
s_connection: verify depth is 1
[pid 315] 14:58:08.113487 openssl->SSL_connect(0xaaaaeac6c070, 0xaaaaeac47998, 0xffff81ad40e0, 0 <unfinished ...>
[pid 315] 14:58:08.113808 libssl.so.3->EVP_PKEY_keygen_init(0xaaaaeac74bf0, 0, 0, 0xaaaaeac74c60) = 1 <0.000144>
[pid 315] 14:58:08.113998 libssl.so.3->EVP_PKEY_keygen(0xaaaaeac74bf0, 0xfffff558d7a0, 0, 0 <unfinished ...>
[pid 315] 14:58:08.114132 oqsprovider.so->OQS_KEM_new(0xaaaaeac72f90, 0xaaaaeac73990, 912, 0) = 0xaaaaeac739d0 <0.000105>
[pid 315] 14:58:08.114322 oqsprovider.so->OQS_KEM_keypair(0xaaaaeac739d0, 0xaaaaeac7d3d0, 0xaaaaeac7dcb0, 0xaaaaeac7e540) = 0 <0.001269>
[pid 315] 14:58:08.115654 <... EVP_PKEY_keygen resumed> ) = 1 <0.001649>
[pid 315] 14:58:08.119386 libssl.so.3->EVP_PKEY_decapsulate_init(0xaaaaeac74bf0, 0, 0, 0xaaaaeac74c60) = 1 <0.000134>
[pid 315] 14:58:08.119570 libssl.so.3->EVP_PKEY_decapsulate(0xaaaaeac74bf0, 0, 0xfffff558d720, 0xaaaaeac76eba) = 1 <0.000165>
[pid 315] 14:58:08.119794 libssl.so.3->EVP_PKEY_decapsulate(0xaaaaeac74bf0, 0xaaaaeac670f0, 0xfffff558d720, 0xaaaaeac76eba <unfinished ...>
[pid 315] 14:58:08.119898 oqsprovider.so->OQS_KEM_decaps(0xaaaaeac739d0, 0xaaaaeac670f0, 0xaaaaeac76eba, 0xaaaaeac7dcb0) = 0 <0.003172>
[pid 315] 14:58:08.123132 <... EVP_PKEY_decapsulate resumed> ) = 1 <0.003338>
[pid 315] 14:58:08.123858 libssl.so.3->X509_verify_cert(0xaaaaeac6bf50, 0, 0, 0xffffffff) = 1 <0.000312>
[pid 315] 14:58:08.124385 libssl.so.3->EVP_DigestVerifyInit_ex(0xaaaaeac96e50, 0xfffff558d828, 0, 0) = 1 <0.000115>
[pid 315] 14:58:08.124550 libssl.so.3->EVP_DigestVerify(0xaaaaeac96e50, 0xaaaaeac76e68, 2420, 0xfffff558d830) = 1 <0.000186>
[pid 315] 14:58:08.124972 libssl.so.3->X509_verify_cert(0xaaaaeac6bf50, 1, 0, 0) = 1 <0.000256>
[pid 315] 14:58:08.125401 libssl.so.3->EVP_DigestSignInit_ex(0xaaaaeab9a750, 0xfffff558d810, 0, 0) = 1 <0.000102>
[pid 315] 14:58:08.125548 libssl.so.3->EVP_DigestSign(0xaaaaeab9a750, 0, 0xfffff558d820, 0xfffff558d830) = 1 <0.000120>
[pid 315] 14:58:08.125715 libssl.so.3->EVP_DigestSign(0xaaaaeab9a750, 0xaaaaeac88d10, 0xfffff558d820, 0xfffff558d830) = 1 <0.000631>
[pid 315] 14:58:08.126635 <... SSL_connect resumed> ) = 1 <0.013143>
[pid 315] 14:58:08.126870 oqsprovider.so->OQS_KEM_free(0xaaaaeac739d0, 1, 7, 0xaaaaeab7d010) = 0xaaaaeab7d030 <0.000110>
Handshake duration: 13.29 ms
[pid 315] 14:58:08.128182 +++ exited (status 0) +++
Execution 59 - TLS Mutual
s_connection: verify depth is 1
[pid 317] 14:58:08.155762 openssl->SSL_connect(0xaaaaebad4070, 0xaaaaebaaf998, 0xffff8a3340e0, 0 <unfinished ...>
[pid 317] 14:58:08.156101 libssl.so.3->EVP_PKEY_keygen_init(0xaaaaebadcbf0, 0, 0, 0xaaaaebadcc60) = 1 <0.000115>
[pid 317] 14:58:08.156326 libssl.so.3->EVP_PKEY_keygen(0xaaaaebadcbf0, 0xffffdbefbe70, 0, 0 <unfinished ...>
[pid 317] 14:58:08.156461 oqsprovider.so->OQS_KEM_new(0xaaaaebadaf90, 0xaaaaebadb990, 912, 0) = 0xaaaaebadb9d0 <0.000139>
[pid 317] 14:58:08.156645 oqsprovider.so->OQS_KEM_keypair(0xaaaaebadb9d0, 0xaaaaebae53d0, 0xaaaaebae5cb0, 0xaaaaebae6540) = 0 <0.001230>
[pid 317] 14:58:08.157947 <... EVP_PKEY_keygen resumed> ) = 1 <0.001606>
[pid 317] 14:58:08.161699 libssl.so.3->EVP_PKEY_decapsulate_init(0xaaaaebadcbf0, 0, 0, 0xaaaaebadcc60) = 1 <0.000239>
[pid 317] 14:58:08.161991 libssl.so.3->EVP_PKEY_decapsulate(0xaaaaebadcbf0, 0, 0xffffdbefbdf0, 0xaaaaebadeeba) = 1 <0.000226>
[pid 317] 14:58:08.162294 libssl.so.3->EVP_PKEY_decapsulate(0xaaaaebadcbf0, 0xaaaaebacf0f0, 0xffffdbefbdf0, 0xaaaaebadeeba <unfinished ...>
[pid 317] 14:58:08.162447 oqsprovider.so->OQS_KEM_decaps(0xaaaaebadb9d0, 0xaaaaebacf0f0, 0xaaaaebadeeba, 0xaaaaebae5cb0) = 0 <0.003128>
[pid 317] 14:58:08.165635 <... EVP_PKEY_decapsulate resumed> ) = 1 <0.003356>
[pid 317] 14:58:08.166331 libssl.so.3->X509_verify_cert(0xaaaaebad3f50, 0, 0, 0xffffffff) = 1 <0.000288>
[pid 317] 14:58:08.166828 libssl.so.3->EVP_DigestVerifyInit_ex(0xaaaaebafee50, 0xffffdbefbef8, 0, 0) = 1 <0.000149>
[pid 317] 14:58:08.167046 libssl.so.3->EVP_DigestVerify(0xaaaaebafee50, 0xaaaaebadee68, 2420, 0xffffdbefbf00) = 1 <0.000243>
[pid 317] 14:58:08.167537 libssl.so.3->X509_verify_cert(0xaaaaebad3f50, 1, 0, 0) = 1 <0.000228>
[pid 317] 14:58:08.167939 libssl.so.3->EVP_DigestSignInit_ex(0xaaaaeba02750, 0xffffdbefbee0, 0, 0) = 1 <0.000105>
[pid 317] 14:58:08.168119 libssl.so.3->EVP_DigestSign(0xaaaaeba02750, 0, 0xffffdbefbef0, 0xffffdbefbf00) = 1 <0.000106>
[pid 317] 14:58:08.168315 libssl.so.3->EVP_DigestSign(0xaaaaeba02750, 0xaaaaebaf0d10, 0xffffdbefbef0, 0xffffdbefbf00) = 1 <0.000299>
[pid 317] 14:58:08.168872 <... SSL_connect resumed> ) = 1 <0.013108>
[pid 317] 14:58:08.169092 oqsprovider.so->OQS_KEM_free(0xaaaaebadb9d0, 1, 7, 0xaaaaeb9e5010) = 0xaaaaeb9e5030 <0.000092>
Handshake duration: 13.26 ms
[pid 317] 14:58:08.170404 +++ exited (status 0) +++
Execution 60 - TLS Mutual
s_connection: verify depth is 1
[pid 319] 14:58:08.199784 openssl->SSL_connect(0xaaaad244c070, 0xaaaad2427998, 0xffffb6b040e0, 0 <unfinished ...>
[pid 319] 14:58:08.200088 libssl.so.3->EVP_PKEY_keygen_init(0xaaaad2454bf0, 0, 0, 0xaaaad2454c60) = 1 <0.000104>
[pid 319] 14:58:08.200336 libssl.so.3->EVP_PKEY_keygen(0xaaaad2454bf0, 0xffffdff89fd0, 0, 0 <unfinished ...>
[pid 319] 14:58:08.200484 oqsprovider.so->OQS_KEM_new(0xaaaad2452f90, 0xaaaad2453990, 912, 0) = 0xaaaad24539d0 <0.000101>
[pid 319] 14:58:08.200669 oqsprovider.so->OQS_KEM_keypair(0xaaaad24539d0, 0xaaaad245d3d0, 0xaaaad245dcb0, 0xaaaad245e540) = 0 <0.001395>
[pid 319] 14:58:08.202096 <... EVP_PKEY_keygen resumed> ) = 1 <0.001749>
[pid 319] 14:58:08.205846 libssl.so.3->EVP_PKEY_decapsulate_init(0xaaaad2454bf0, 0, 0, 0xaaaad2454c60) = 1 <0.000172>
[pid 319] 14:58:08.206076 libssl.so.3->EVP_PKEY_decapsulate(0xaaaad2454bf0, 0, 0xffffdff89f50, 0xaaaad2456eba) = 1 <0.000103>
[pid 319] 14:58:08.206250 libssl.so.3->EVP_PKEY_decapsulate(0xaaaad2454bf0, 0xaaaad24470f0, 0xffffdff89f50, 0xaaaad2456eba <unfinished ...>
[pid 319] 14:58:08.206408 oqsprovider.so->OQS_KEM_decaps(0xaaaad24539d0, 0xaaaad24470f0, 0xaaaad2456eba, 0xaaaad245dcb0) = 0 <0.003080>
[pid 319] 14:58:08.209548 <... EVP_PKEY_decapsulate resumed> ) = 1 <0.003308>
[pid 319] 14:58:08.210225 libssl.so.3->X509_verify_cert(0xaaaad244bf50, 0, 0, 0xffffffff) = 1 <0.000357>
[pid 319] 14:58:08.210822 libssl.so.3->EVP_DigestVerifyInit_ex(0xaaaad2476e50, 0xffffdff8a058, 0, 0) = 1 <0.000108>
[pid 319] 14:58:08.210999 libssl.so.3->EVP_DigestVerify(0xaaaad2476e50, 0xaaaad2456e68, 2420, 0xffffdff8a060) = 1 <0.000200>
[pid 319] 14:58:08.211446 libssl.so.3->X509_verify_cert(0xaaaad244bf50, 1, 0, 0) = 1 <0.000198>
[pid 319] 14:58:08.211816 libssl.so.3->EVP_DigestSignInit_ex(0xaaaad237a750, 0xffffdff8a040, 0, 0) = 1 <0.000119>
[pid 319] 14:58:08.212005 libssl.so.3->EVP_DigestSign(0xaaaad237a750, 0, 0xffffdff8a050, 0xffffdff8a060) = 1 <0.000165>
[pid 319] 14:58:08.212214 libssl.so.3->EVP_DigestSign(0xaaaad237a750, 0xaaaad2468d10, 0xffffdff8a050, 0xffffdff8a060) = 1 <0.000316>
[pid 319] 14:58:08.212752 <... SSL_connect resumed> ) = 1 <0.012962>
[pid 319] 14:58:08.212973 oqsprovider.so->OQS_KEM_free(0xaaaad24539d0, 1, 7, 0xaaaad235d010) = 0xaaaad235d030 <0.000115>
Handshake duration: 13.10 ms
[pid 319] 14:58:08.214315 +++ exited (status 0) +++
Execution 61 - TLS Mutual
s_connection: verify depth is 1
[pid 321] 14:58:08.241646 openssl->SSL_connect(0xaaaadb64d070, 0xaaaadb628998, 0xffff940440e0, 0 <unfinished ...>
[pid 321] 14:58:08.241977 libssl.so.3->EVP_PKEY_keygen_init(0xaaaadb655bf0, 0, 0, 0xaaaadb655c60) = 1 <0.000142>
[pid 321] 14:58:08.242164 libssl.so.3->EVP_PKEY_keygen(0xaaaadb655bf0, 0xffffe068e220, 0, 0 <unfinished ...>
[pid 321] 14:58:08.242326 oqsprovider.so->OQS_KEM_new(0xaaaadb653f90, 0xaaaadb654990, 912, 0) = 0xaaaadb6549d0 <0.000113>
[pid 321] 14:58:08.242511 oqsprovider.so->OQS_KEM_keypair(0xaaaadb6549d0, 0xaaaadb65e3d0, 0xaaaadb65ecb0, 0xaaaadb65f540) = 0 <0.001252>
[pid 321] 14:58:08.243820 <... EVP_PKEY_keygen resumed> ) = 1 <0.001650>
[pid 321] 14:58:08.247580 libssl.so.3->EVP_PKEY_decapsulate_init(0xaaaadb655bf0, 0, 0, 0xaaaadb655c60) = 1 <0.000229>
[pid 321] 14:58:08.247859 libssl.so.3->EVP_PKEY_decapsulate(0xaaaadb655bf0, 0, 0xffffe068e1a0, 0xaaaadb657eba) = 1 <0.000116>
[pid 321] 14:58:08.248019 libssl.so.3->EVP_PKEY_decapsulate(0xaaaadb655bf0, 0xaaaadb6480f0, 0xffffe068e1a0, 0xaaaadb657eba <unfinished ...>
[pid 321] 14:58:08.248149 oqsprovider.so->OQS_KEM_decaps(0xaaaadb6549d0, 0xaaaadb6480f0, 0xaaaadb657eba, 0xaaaadb65ecb0) = 0 <0.003073>
[pid 321] 14:58:08.251291 <... EVP_PKEY_decapsulate resumed> ) = 1 <0.003269>
[pid 321] 14:58:08.251963 libssl.so.3->X509_verify_cert(0xaaaadb64cf50, 0, 0, 0xffffffff) = 1 <0.000289>
[pid 321] 14:58:08.252470 libssl.so.3->EVP_DigestVerifyInit_ex(0xaaaadb677e50, 0xffffe068e2a8, 0, 0) = 1 <0.000101>
[pid 321] 14:58:08.252621 libssl.so.3->EVP_DigestVerify(0xaaaadb677e50, 0xaaaadb657e68, 2420, 0xffffe068e2b0) = 1 <0.000175>
[pid 321] 14:58:08.252998 libssl.so.3->X509_verify_cert(0xaaaadb64cf50, 1, 0, 0) = 1 <0.000179>
[pid 321] 14:58:08.253348 libssl.so.3->EVP_DigestSignInit_ex(0xaaaadb57b750, 0xffffe068e290, 0, 0) = 1 <0.000130>
[pid 321] 14:58:08.253563 libssl.so.3->EVP_DigestSign(0xaaaadb57b750, 0, 0xffffe068e2a0, 0xffffe068e2b0) = 1 <0.000165>
[pid 321] 14:58:08.253778 libssl.so.3->EVP_DigestSign(0xaaaadb57b750, 0xaaaadb669d10, 0xffffe068e2a0, 0xffffe068e2b0) = 1 <0.000588>
[pid 321] 14:58:08.254626 <... SSL_connect resumed> ) = 1 <0.012976>
[pid 321] 14:58:08.254831 oqsprovider.so->OQS_KEM_free(0xaaaadb6549d0, 1, 7, 0xaaaadb55e010) = 0xaaaadb55e030 <0.000114>
Handshake duration: 13.10 ms
[pid 321] 14:58:08.256071 +++ exited (status 0) +++
Execution 62 - TLS Mutual
s_connection: verify depth is 1
[pid 323] 14:58:08.283085 openssl->SSL_connect(0xaaaadeaa0070, 0xaaaadea7b998, 0xffff84f240e0, 0 <unfinished ...>
[pid 323] 14:58:08.283395 libssl.so.3->EVP_PKEY_keygen_init(0xaaaadeaa8bf0, 0, 0, 0xaaaadeaa8c60) = 1 <0.000122>
[pid 323] 14:58:08.283593 libssl.so.3->EVP_PKEY_keygen(0xaaaadeaa8bf0, 0xffffd081f7f0, 0, 0 <unfinished ...>
[pid 323] 14:58:08.283746 oqsprovider.so->OQS_KEM_new(0xaaaadeaa6f90, 0xaaaadeaa7990, 912, 0) = 0xaaaadeaa79d0 <0.000148>
[pid 323] 14:58:08.283937 oqsprovider.so->OQS_KEM_keypair(0xaaaadeaa79d0, 0xaaaadeab13d0, 0xaaaadeab1cb0, 0xaaaadeab2540) = 0 <0.001185>
[pid 323] 14:58:08.285180 <... EVP_PKEY_keygen resumed> ) = 1 <0.001586>
[pid 323] 14:58:08.288968 libssl.so.3->EVP_PKEY_decapsulate_init(0xaaaadeaa8bf0, 0, 0, 0xaaaadeaa8c60) = 1 <0.000218>
[pid 323] 14:58:08.289247 libssl.so.3->EVP_PKEY_decapsulate(0xaaaadeaa8bf0, 0, 0xffffd081f770, 0xaaaadeaaaeba) = 1 <0.000171>
[pid 323] 14:58:08.289454 libssl.so.3->EVP_PKEY_decapsulate(0xaaaadeaa8bf0, 0xaaaadea9b0f0, 0xffffd081f770, 0xaaaadeaaaeba <unfinished ...>
[pid 323] 14:58:08.289649 oqsprovider.so->OQS_KEM_decaps(0xaaaadeaa79d0, 0xaaaadea9b0f0, 0xaaaadeaaaeba, 0xaaaadeab1cb0) = 0 <0.003104>
[pid 323] 14:58:08.292827 <... EVP_PKEY_decapsulate resumed> ) = 1 <0.003352>
[pid 323] 14:58:08.293496 libssl.so.3->X509_verify_cert(0xaaaadea9ff50, 0, 0, 0xffffffff) = 1 <0.000307>
[pid 323] 14:58:08.294001 libssl.so.3->EVP_DigestVerifyInit_ex(0xaaaadeacae50, 0xffffd081f878, 0, 0) = 1 <0.000106>
[pid 323] 14:58:08.294152 libssl.so.3->EVP_DigestVerify(0xaaaadeacae50, 0xaaaadeaaae68, 2420, 0xffffd081f880) = 1 <0.000169>
[pid 323] 14:58:08.294509 libssl.so.3->X509_verify_cert(0xaaaadea9ff50, 1, 0, 0) = 1 <0.000179>
[pid 323] 14:58:08.294855 libssl.so.3->EVP_DigestSignInit_ex(0xaaaade9ce750, 0xffffd081f860, 0, 0) = 1 <0.000092>
[pid 323] 14:58:08.295015 libssl.so.3->EVP_DigestSign(0xaaaade9ce750, 0, 0xffffd081f870, 0xffffd081f880) = 1 <0.000136>
[pid 323] 14:58:08.295189 libssl.so.3->EVP_DigestSign(0xaaaade9ce750, 0xaaaadeabcd10, 0xffffd081f870, 0xffffd081f880) = 1 <0.000332>
[pid 323] 14:58:08.295779 <... SSL_connect resumed> ) = 1 <0.012688>
[pid 323] 14:58:08.296031 oqsprovider.so->OQS_KEM_free(0xaaaadeaa79d0, 1, 7, 0xaaaade9b1010) = 0xaaaade9b1030 <0.000106>
Handshake duration: 12.86 ms
[pid 323] 14:58:08.297378 +++ exited (status 0) +++
Execution 63 - TLS Mutual
s_connection: verify depth is 1
[pid 325] 14:58:08.324912 openssl->SSL_connect(0xaaaae5e77070, 0xaaaae5e52998, 0xffff9d5940e0, 0 <unfinished ...>
[pid 325] 14:58:08.325223 libssl.so.3->EVP_PKEY_keygen_init(0xaaaae5e7fbf0, 0, 0, 0xaaaae5e7fc60) = 1 <0.000178>
[pid 325] 14:58:08.325453 libssl.so.3->EVP_PKEY_keygen(0xaaaae5e7fbf0, 0xffffca0aa920, 0, 0 <unfinished ...>
[pid 325] 14:58:08.325560 oqsprovider.so->OQS_KEM_new(0xaaaae5e7df90, 0xaaaae5e7e990, 912, 0) = 0xaaaae5e7e9d0 <0.000138>
[pid 325] 14:58:08.325808 oqsprovider.so->OQS_KEM_keypair(0xaaaae5e7e9d0, 0xaaaae5e883d0, 0xaaaae5e88cb0, 0xaaaae5e89540) = 0 <0.001240>
[pid 325] 14:58:08.327152 <... EVP_PKEY_keygen resumed> ) = 1 <0.001650>
[pid 325] 14:58:08.330995 libssl.so.3->EVP_PKEY_decapsulate_init(0xaaaae5e7fbf0, 0, 0, 0xaaaae5e7fc60) = 1 <0.000144>
[pid 325] 14:58:08.331228 libssl.so.3->EVP_PKEY_decapsulate(0xaaaae5e7fbf0, 0, 0xffffca0aa8a0, 0xaaaae5e81eba) = 1 <0.000115>
[pid 325] 14:58:08.331405 libssl.so.3->EVP_PKEY_decapsulate(0xaaaae5e7fbf0, 0xaaaae5e720f0, 0xffffca0aa8a0, 0xaaaae5e81eba <unfinished ...>
[pid 325] 14:58:08.331590 oqsprovider.so->OQS_KEM_decaps(0xaaaae5e7e9d0, 0xaaaae5e720f0, 0xaaaae5e81eba, 0xaaaae5e88cb0) = 0 <0.003101>
[pid 325] 14:58:08.334750 <... EVP_PKEY_decapsulate resumed> ) = 1 <0.003340>
[pid 325] 14:58:08.335412 libssl.so.3->X509_verify_cert(0xaaaae5e76f50, 0, 0, 0xffffffff) = 1 <0.000290>
[pid 325] 14:58:08.335936 libssl.so.3->EVP_DigestVerifyInit_ex(0xaaaae5ea1e50, 0xffffca0aa9a8, 0, 0) = 1 <0.000114>
[pid 325] 14:58:08.336102 libssl.so.3->EVP_DigestVerify(0xaaaae5ea1e50, 0xaaaae5e81e68, 2420, 0xffffca0aa9b0) = 1 <0.000423>
[pid 325] 14:58:08.336721 libssl.so.3->X509_verify_cert(0xaaaae5e76f50, 1, 0, 0) = 1 <0.000185>
[pid 325] 14:58:08.337055 libssl.so.3->EVP_DigestSignInit_ex(0xaaaae5da5750, 0xffffca0aa990, 0, 0) = 1 <0.000103>
[pid 325] 14:58:08.337205 libssl.so.3->EVP_DigestSign(0xaaaae5da5750, 0, 0xffffca0aa9a0, 0xffffca0aa9b0) = 1 <0.000147>
[pid 325] 14:58:08.337408 libssl.so.3->EVP_DigestSign(0xaaaae5da5750, 0xaaaae5e93d10, 0xffffca0aa9a0, 0xffffca0aa9b0) = 1 <0.000305>
[pid 325] 14:58:08.337943 <... SSL_connect resumed> ) = 1 <0.013026>
[pid 325] 14:58:08.338164 oqsprovider.so->OQS_KEM_free(0xaaaae5e7e9d0, 1, 7, 0xaaaae5d88010) = 0xaaaae5d88030 <0.000097>
Handshake duration: 13.18 ms
[pid 325] 14:58:08.339491 +++ exited (status 0) +++
Execution 64 - TLS Mutual
s_connection: verify depth is 1
[pid 327] 14:58:08.366676 openssl->SSL_connect(0xaaaabea6d070, 0xaaaabea48998, 0xffff971140e0, 0 <unfinished ...>
[pid 327] 14:58:08.366983 libssl.so.3->EVP_PKEY_keygen_init(0xaaaabea75bf0, 0, 0, 0xaaaabea75c60) = 1 <0.000145>
[pid 327] 14:58:08.367181 libssl.so.3->EVP_PKEY_keygen(0xaaaabea75bf0, 0xffffc46b3f90, 0, 0 <unfinished ...>
[pid 327] 14:58:08.367362 oqsprovider.so->OQS_KEM_new(0xaaaabea73f90, 0xaaaabea74990, 912, 0) = 0xaaaabea749d0 <0.000208>
[pid 327] 14:58:08.367667 oqsprovider.so->OQS_KEM_keypair(0xaaaabea749d0, 0xaaaabea7e3d0, 0xaaaabea7ecb0, 0xaaaabea7f540) = 0 <0.001266>
[pid 327] 14:58:08.368992 <... EVP_PKEY_keygen resumed> ) = 1 <0.001805>
[pid 327] 14:58:08.372776 libssl.so.3->EVP_PKEY_decapsulate_init(0xaaaabea75bf0, 0, 0, 0xaaaabea75c60) = 1 <0.000157>
[pid 327] 14:58:08.372988 libssl.so.3->EVP_PKEY_decapsulate(0xaaaabea75bf0, 0, 0xffffc46b3f10, 0xaaaabea77eba) = 1 <0.000205>
[pid 327] 14:58:08.373264 libssl.so.3->EVP_PKEY_decapsulate(0xaaaabea75bf0, 0xaaaabea680f0, 0xffffc46b3f10, 0xaaaabea77eba <unfinished ...>
[pid 327] 14:58:08.373360 oqsprovider.so->OQS_KEM_decaps(0xaaaabea749d0, 0xaaaabea680f0, 0xaaaabea77eba, 0xaaaabea7ecb0) = 0 <0.003061>
[pid 327] 14:58:08.376469 <... EVP_PKEY_decapsulate resumed> ) = 1 <0.003197>
[pid 327] 14:58:08.377203 libssl.so.3->X509_verify_cert(0xaaaabea6cf50, 0, 0, 0xffffffff) = 1 <0.000299>
[pid 327] 14:58:08.377735 libssl.so.3->EVP_DigestVerifyInit_ex(0xaaaabea97e50, 0xffffc46b4018, 0, 0) = 1 <0.000108>
[pid 327] 14:58:08.377913 libssl.so.3->EVP_DigestVerify(0xaaaabea97e50, 0xaaaabea77e68, 2420, 0xffffc46b4020) = 1 <0.000171>
[pid 327] 14:58:08.378289 libssl.so.3->X509_verify_cert(0xaaaabea6cf50, 1, 0, 0) = 1 <0.000187>
[pid 327] 14:58:08.378667 libssl.so.3->EVP_DigestSignInit_ex(0xaaaabe99b750, 0xffffc46b4000, 0, 0) = 1 <0.000116>
[pid 327] 14:58:08.378842 libssl.so.3->EVP_DigestSign(0xaaaabe99b750, 0, 0xffffc46b4010, 0xffffc46b4020) = 1 <0.000170>
[pid 327] 14:58:08.379056 libssl.so.3->EVP_DigestSign(0xaaaabe99b750, 0xaaaabea89d10, 0xffffc46b4010, 0xffffc46b4020) = 1 <0.000422>
[pid 327] 14:58:08.379780 <... SSL_connect resumed> ) = 1 <0.013100>
[pid 327] 14:58:08.379994 oqsprovider.so->OQS_KEM_free(0xaaaabea749d0, 1, 7, 0xaaaabe97e010) = 0xaaaabe97e030 <0.000092>
Handshake duration: 13.24 ms
[pid 327] 14:58:08.381280 +++ exited (status 0) +++
Execution 65 - TLS Mutual
s_connection: verify depth is 1
[pid 329] 14:58:08.408783 openssl->SSL_connect(0xaaaad894d070, 0xaaaad8928998, 0xffff9f3440e0, 0 <unfinished ...>
[pid 329] 14:58:08.409138 libssl.so.3->EVP_PKEY_keygen_init(0xaaaad8955bf0, 0, 0, 0xaaaad8955c60) = 1 <0.000173>
[pid 329] 14:58:08.409364 libssl.so.3->EVP_PKEY_keygen(0xaaaad8955bf0, 0xffffcf61ead0, 0, 0 <unfinished ...>
[pid 329] 14:58:08.409551 oqsprovider.so->OQS_KEM_new(0xaaaad8953f90, 0xaaaad8954990, 912, 0) = 0xaaaad89549d0 <0.000117>
[pid 329] 14:58:08.409733 oqsprovider.so->OQS_KEM_keypair(0xaaaad89549d0, 0xaaaad895e3d0, 0xaaaad895ecb0, 0xaaaad895f540) = 0 <0.001232>
[pid 329] 14:58:08.411025 <... EVP_PKEY_keygen resumed> ) = 1 <0.001658>
[pid 329] 14:58:08.414754 libssl.so.3->EVP_PKEY_decapsulate_init(0xaaaad8955bf0, 0, 0, 0xaaaad8955c60) = 1 <0.000134>
[pid 329] 14:58:08.414932 libssl.so.3->EVP_PKEY_decapsulate(0xaaaad8955bf0, 0, 0xffffcf61ea50, 0xaaaad8957eba) = 1 <0.000154>
[pid 329] 14:58:08.415143 libssl.so.3->EVP_PKEY_decapsulate(0xaaaad8955bf0, 0xaaaad89480f0, 0xffffcf61ea50, 0xaaaad8957eba <unfinished ...>
[pid 329] 14:58:08.415293 oqsprovider.so->OQS_KEM_decaps(0xaaaad89549d0, 0xaaaad89480f0, 0xaaaad8957eba, 0xaaaad895ecb0) = 0 <0.003104>
[pid 329] 14:58:08.418406 <... EVP_PKEY_decapsulate resumed> ) = 1 <0.003256>
[pid 329] 14:58:08.419118 libssl.so.3->X509_verify_cert(0xaaaad894cf50, 0, 0, 0xffffffff) = 1 <0.000287>
[pid 329] 14:58:08.419656 libssl.so.3->EVP_DigestVerifyInit_ex(0xaaaad8977e50, 0xffffcf61eb58, 0, 0) = 1 <0.000157>
[pid 329] 14:58:08.419868 libssl.so.3->EVP_DigestVerify(0xaaaad8977e50, 0xaaaad8957e68, 2420, 0xffffcf61eb60) = 1 <0.000174>
[pid 329] 14:58:08.420274 libssl.so.3->X509_verify_cert(0xaaaad894cf50, 1, 0, 0) = 1 <0.000198>
[pid 329] 14:58:08.420659 libssl.so.3->EVP_DigestSignInit_ex(0xaaaad887b750, 0xffffcf61eb40, 0, 0) = 1 <0.000105>
[pid 329] 14:58:08.420824 libssl.so.3->EVP_DigestSign(0xaaaad887b750, 0, 0xffffcf61eb50, 0xffffcf61eb60) = 1 <0.000102>
[pid 329] 14:58:08.421006 libssl.so.3->EVP_DigestSign(0xaaaad887b750, 0xaaaad8969d10, 0xffffcf61eb50, 0xffffcf61eb60) = 1 <0.000522>
[pid 329] 14:58:08.421779 <... SSL_connect resumed> ) = 1 <0.012992>
[pid 329] 14:58:08.421999 oqsprovider.so->OQS_KEM_free(0xaaaad89549d0, 1, 7, 0xaaaad885e010) = 0xaaaad885e030 <0.000108>
Handshake duration: 13.14 ms
[pid 329] 14:58:08.423284 +++ exited (status 0) +++
Execution 66 - TLS Mutual
s_connection: verify depth is 1
[pid 331] 14:58:08.450743 openssl->SSL_connect(0xaaaaff022070, 0xaaaafeffd998, 0xffffb9ac40e0, 0 <unfinished ...>
[pid 331] 14:58:08.451067 libssl.so.3->EVP_PKEY_keygen_init(0xaaaaff02abf0, 0, 0, 0xaaaaff02ac60) = 1 <0.000125>
[pid 331] 14:58:08.451326 libssl.so.3->EVP_PKEY_keygen(0xaaaaff02abf0, 0xffffdec7f320, 0, 0 <unfinished ...>
[pid 331] 14:58:08.451431 oqsprovider.so->OQS_KEM_new(0xaaaaff028f90, 0xaaaaff029990, 912, 0) = 0xaaaaff0299d0 <0.000117>
[pid 331] 14:58:08.451620 oqsprovider.so->OQS_KEM_keypair(0xaaaaff0299d0, 0xaaaaff0333d0, 0xaaaaff033cb0, 0xaaaaff034540) = 0 <0.001214>
[pid 331] 14:58:08.452899 <... EVP_PKEY_keygen resumed> ) = 1 <0.001566>
[pid 331] 14:58:08.456682 libssl.so.3->EVP_PKEY_decapsulate_init(0xaaaaff02abf0, 0, 0, 0xaaaaff02ac60) = 1 <0.000137>
[pid 331] 14:58:08.456901 libssl.so.3->EVP_PKEY_decapsulate(0xaaaaff02abf0, 0, 0xffffdec7f2a0, 0xaaaaff02ceba) = 1 <0.000116>
[pid 331] 14:58:08.457067 libssl.so.3->EVP_PKEY_decapsulate(0xaaaaff02abf0, 0xaaaaff01d0f0, 0xffffdec7f2a0, 0xaaaaff02ceba <unfinished ...>
[pid 331] 14:58:08.457188 oqsprovider.so->OQS_KEM_decaps(0xaaaaff0299d0, 0xaaaaff01d0f0, 0xaaaaff02ceba, 0xaaaaff033cb0) = 0 <0.003073>
[pid 331] 14:58:08.460323 <... EVP_PKEY_decapsulate resumed> ) = 1 <0.003248>
[pid 331] 14:58:08.461010 libssl.so.3->X509_verify_cert(0xaaaaff021f50, 0, 0, 0xffffffff) = 1 <0.000271>
[pid 331] 14:58:08.461508 libssl.so.3->EVP_DigestVerifyInit_ex(0xaaaaff04ce50, 0xffffdec7f3a8, 0, 0) = 1 <0.000123>
[pid 331] 14:58:08.461682 libssl.so.3->EVP_DigestVerify(0xaaaaff04ce50, 0xaaaaff02ce68, 2420, 0xffffdec7f3b0) = 1 <0.000172>
[pid 331] 14:58:08.462064 libssl.so.3->X509_verify_cert(0xaaaaff021f50, 1, 0, 0) = 1 <0.000209>
[pid 331] 14:58:08.462457 libssl.so.3->EVP_DigestSignInit_ex(0xaaaafef50750, 0xffffdec7f390, 0, 0) = 1 <0.000135>
[pid 331] 14:58:08.462645 libssl.so.3->EVP_DigestSign(0xaaaafef50750, 0, 0xffffdec7f3a0, 0xffffdec7f3b0) = 1 <0.000157>
[pid 331] 14:58:08.462857 libssl.so.3->EVP_DigestSign(0xaaaafef50750, 0xaaaaff03ed10, 0xffffdec7f3a0, 0xffffdec7f3b0) = 1 <0.000259>
[pid 331] 14:58:08.463391 <... SSL_connect resumed> ) = 1 <0.012643>
[pid 331] 14:58:08.463605 oqsprovider.so->OQS_KEM_free(0xaaaaff0299d0, 1, 7, 0xaaaafef33010) = 0xaaaafef33030 <0.000109>
Handshake duration: 12.80 ms
[pid 331] 14:58:08.464855 +++ exited (status 0) +++
Execution 67 - TLS Mutual
s_connection: verify depth is 1
[pid 333] 14:58:08.492279 openssl->SSL_connect(0xaaaafaedf070, 0xaaaafaeba998, 0xffffa63440e0, 0 <unfinished ...>
[pid 333] 14:58:08.492599 libssl.so.3->EVP_PKEY_keygen_init(0xaaaafaee7bf0, 0, 0, 0xaaaafaee7c60) = 1 <0.000111>
[pid 333] 14:58:08.492762 libssl.so.3->EVP_PKEY_keygen(0xaaaafaee7bf0, 0xffffe459dff0, 0, 0 <unfinished ...>
[pid 333] 14:58:08.492877 oqsprovider.so->OQS_KEM_new(0xaaaafaee5f90, 0xaaaafaee6990, 912, 0) = 0xaaaafaee69d0 <0.000121>
[pid 333] 14:58:08.493052 oqsprovider.so->OQS_KEM_keypair(0xaaaafaee69d0, 0xaaaafaef03d0, 0xaaaafaef0cb0, 0xaaaafaef1540) = 0 <0.001203>
[pid 333] 14:58:08.494310 <... EVP_PKEY_keygen resumed> ) = 1 <0.001542>
[pid 333] 14:58:08.497962 libssl.so.3->EVP_PKEY_decapsulate_init(0xaaaafaee7bf0, 0, 0, 0xaaaafaee7c60) = 1 <0.000179>
[pid 333] 14:58:08.498192 libssl.so.3->EVP_PKEY_decapsulate(0xaaaafaee7bf0, 0, 0xffffe459df70, 0xaaaafaee9eba) = 1 <0.000144>
[pid 333] 14:58:08.498380 libssl.so.3->EVP_PKEY_decapsulate(0xaaaafaee7bf0, 0xaaaafaeda0f0, 0xffffe459df70, 0xaaaafaee9eba <unfinished ...>
[pid 333] 14:58:08.498512 oqsprovider.so->OQS_KEM_decaps(0xaaaafaee69d0, 0xaaaafaeda0f0, 0xaaaafaee9eba, 0xaaaafaef0cb0) = 0 <0.003086>
[pid 333] 14:58:08.501658 <... EVP_PKEY_decapsulate resumed> ) = 1 <0.003271>
[pid 333] 14:58:08.502373 libssl.so.3->X509_verify_cert(0xaaaafaedef50, 0, 0, 0xffffffff) = 1 <0.000283>
[pid 333] 14:58:08.502886 libssl.so.3->EVP_DigestVerifyInit_ex(0xaaaafaf09e50, 0xffffe459e078, 0, 0) = 1 <0.000111>
[pid 333] 14:58:08.503069 libssl.so.3->EVP_DigestVerify(0xaaaafaf09e50, 0xaaaafaee9e68, 2420, 0xffffe459e080) = 1 <0.000173>
[pid 333] 14:58:08.503446 libssl.so.3->X509_verify_cert(0xaaaafaedef50, 1, 0, 0) = 1 <0.000230>
[pid 333] 14:58:08.503842 libssl.so.3->EVP_DigestSignInit_ex(0xaaaafae0d750, 0xffffe459e060, 0, 0) = 1 <0.000120>
[pid 333] 14:58:08.504034 libssl.so.3->EVP_DigestSign(0xaaaafae0d750, 0, 0xffffe459e070, 0xffffe459e080) = 1 <0.000105>
[pid 333] 14:58:08.504172 libssl.so.3->EVP_DigestSign(0xaaaafae0d750, 0xaaaafaefbd10, 0xffffe459e070, 0xffffe459e080) = 1 <0.000378>
[pid 333] 14:58:08.504783 <... SSL_connect resumed> ) = 1 <0.012499>
[pid 333] 14:58:08.504992 oqsprovider.so->OQS_KEM_free(0xaaaafaee69d0, 1, 7, 0xaaaafadf0010) = 0xaaaafadf0030 <0.000114>
Handshake duration: 12.64 ms
[pid 333] 14:58:08.506332 +++ exited (status 0) +++
Execution 68 - TLS Mutual
s_connection: verify depth is 1
[pid 335] 14:58:08.533850 openssl->SSL_connect(0xaaaae1678070, 0xaaaae1653998, 0xffffa6e940e0, 0 <unfinished ...>
[pid 335] 14:58:08.534160 libssl.so.3->EVP_PKEY_keygen_init(0xaaaae1680bf0, 0, 0, 0xaaaae1680c60) = 1 <0.000135>
[pid 335] 14:58:08.534347 libssl.so.3->EVP_PKEY_keygen(0xaaaae1680bf0, 0xffffffcda1b0, 0, 0 <unfinished ...>
[pid 335] 14:58:08.534539 oqsprovider.so->OQS_KEM_new(0xaaaae167ef90, 0xaaaae167f990, 912, 0) = 0xaaaae167f9d0 <0.000170>
[pid 335] 14:58:08.534766 oqsprovider.so->OQS_KEM_keypair(0xaaaae167f9d0, 0xaaaae16893d0, 0xaaaae1689cb0, 0xaaaae168a540) = 0 <0.001292>
[pid 335] 14:58:08.536122 <... EVP_PKEY_keygen resumed> ) = 1 <0.001768>
[pid 335] 14:58:08.539856 libssl.so.3->EVP_PKEY_decapsulate_init(0xaaaae1680bf0, 0, 0, 0xaaaae1680c60) = 1 <0.000206>
[pid 335] 14:58:08.540102 libssl.so.3->EVP_PKEY_decapsulate(0xaaaae1680bf0, 0, 0xffffffcda130, 0xaaaae1682eba) = 1 <0.000088>
[pid 335] 14:58:08.540275 libssl.so.3->EVP_PKEY_decapsulate(0xaaaae1680bf0, 0xaaaae16730f0, 0xffffffcda130, 0xaaaae1682eba <unfinished ...>
[pid 335] 14:58:08.540432 oqsprovider.so->OQS_KEM_decaps(0xaaaae167f9d0, 0xaaaae16730f0, 0xaaaae1682eba, 0xaaaae1689cb0) = 0 <0.003128>
[pid 335] 14:58:08.543612 <... EVP_PKEY_decapsulate resumed> ) = 1 <0.003335>
[pid 335] 14:58:08.544292 libssl.so.3->X509_verify_cert(0xaaaae1677f50, 0, 0, 0xffffffff) = 1 <0.000315>
[pid 335] 14:58:08.544844 libssl.so.3->EVP_DigestVerifyInit_ex(0xaaaae16a2e50, 0xffffffcda238, 0, 0) = 1 <0.000114>
[pid 335] 14:58:08.545008 libssl.so.3->EVP_DigestVerify(0xaaaae16a2e50, 0xaaaae1682e68, 2420, 0xffffffcda240) = 1 <0.000187>
[pid 335] 14:58:08.545398 libssl.so.3->X509_verify_cert(0xaaaae1677f50, 1, 0, 0) = 1 <0.000184>
[pid 335] 14:58:08.545746 libssl.so.3->EVP_DigestSignInit_ex(0xaaaae15a6750, 0xffffffcda220, 0, 0) = 1 <0.000104>
[pid 335] 14:58:08.545899 libssl.so.3->EVP_DigestSign(0xaaaae15a6750, 0, 0xffffffcda230, 0xffffffcda240) = 1 <0.000111>
[pid 335] 14:58:08.546061 libssl.so.3->EVP_DigestSign(0xaaaae15a6750, 0xaaaae1694d10, 0xffffffcda230, 0xffffffcda240) = 1 <0.000384>
[pid 335] 14:58:08.546750 <... SSL_connect resumed> ) = 1 <0.012895>
[pid 335] 14:58:08.546990 oqsprovider.so->OQS_KEM_free(0xaaaae167f9d0, 1, 7, 0xaaaae1589010) = 0xaaaae1589030 <0.000114>
Handshake duration: 13.03 ms
[pid 335] 14:58:08.548286 +++ exited (status 0) +++
Execution 69 - TLS Mutual
s_connection: verify depth is 1
[pid 337] 14:58:08.575634 openssl->SSL_connect(0xaaab18b90070, 0xaaab18b6b998, 0xffff8f6740e0, 0 <unfinished ...>
[pid 337] 14:58:08.575944 libssl.so.3->EVP_PKEY_keygen_init(0xaaab18b98bf0, 0, 0, 0xaaab18b98c60) = 1 <0.000102>
[pid 337] 14:58:08.576101 libssl.so.3->EVP_PKEY_keygen(0xaaab18b98bf0, 0xffffe3eb1db0, 0, 0 <unfinished ...>
[pid 337] 14:58:08.576215 oqsprovider.so->OQS_KEM_new(0xaaab18b96f90, 0xaaab18b97990, 912, 0) = 0xaaab18b979d0 <0.000158>
[pid 337] 14:58:08.576432 oqsprovider.so->OQS_KEM_keypair(0xaaab18b979d0, 0xaaab18ba13d0, 0xaaab18ba1cb0, 0xaaab18ba2540) = 0 <0.001240>
[pid 337] 14:58:08.577739 <... EVP_PKEY_keygen resumed> ) = 1 <0.001628>
[pid 337] 14:58:08.581468 libssl.so.3->EVP_PKEY_decapsulate_init(0xaaab18b98bf0, 0, 0, 0xaaab18b98c60) = 1 <0.000145>
[pid 337] 14:58:08.581670 libssl.so.3->EVP_PKEY_decapsulate(0xaaab18b98bf0, 0, 0xffffe3eb1d30, 0xaaab18b9aeba) = 1 <0.000163>
[pid 337] 14:58:08.581851 libssl.so.3->EVP_PKEY_decapsulate(0xaaab18b98bf0, 0xaaab18b8b0f0, 0xffffe3eb1d30, 0xaaab18b9aeba <unfinished ...>
[pid 337] 14:58:08.582053 oqsprovider.so->OQS_KEM_decaps(0xaaab18b979d0, 0xaaab18b8b0f0, 0xaaab18b9aeba, 0xaaab18ba1cb0) = 0 <0.003123>
[pid 337] 14:58:08.585231 <... EVP_PKEY_decapsulate resumed> ) = 1 <0.003375>
[pid 337] 14:58:08.585895 libssl.so.3->X509_verify_cert(0xaaab18b8ff50, 0, 0, 0xffffffff) = 1 <0.000280>
[pid 337] 14:58:08.586401 libssl.so.3->EVP_DigestVerifyInit_ex(0xaaab18bbae50, 0xffffe3eb1e38, 0, 0) = 1 <0.000112>
[pid 337] 14:58:08.586601 libssl.so.3->EVP_DigestVerify(0xaaab18bbae50, 0xaaab18b9ae68, 2420, 0xffffe3eb1e40) = 1 <0.000334>
[pid 337] 14:58:08.587176 libssl.so.3->X509_verify_cert(0xaaab18b8ff50, 1, 0, 0) = 1 <0.000238>
[pid 337] 14:58:08.587605 libssl.so.3->EVP_DigestSignInit_ex(0xaaab18abe750, 0xffffe3eb1e20, 0, 0) = 1 <0.000128>
[pid 337] 14:58:08.587796 libssl.so.3->EVP_DigestSign(0xaaab18abe750, 0, 0xffffe3eb1e30, 0xffffe3eb1e40) = 1 <0.000180>
[pid 337] 14:58:08.588027 libssl.so.3->EVP_DigestSign(0xaaab18abe750, 0xaaab18bacd10, 0xffffe3eb1e30, 0xffffe3eb1e40) = 1 <0.000768>
[pid 337] 14:58:08.589096 <... SSL_connect resumed> ) = 1 <0.013458>
[pid 337] 14:58:08.589342 oqsprovider.so->OQS_KEM_free(0xaaab18b979d0, 1, 7, 0xaaab18aa1010) = 0xaaab18aa1030 <0.000118>
Handshake duration: 13.61 ms
[pid 337] 14:58:08.590668 +++ exited (status 0) +++
Execution 70 - TLS Mutual
s_connection: verify depth is 1
[pid 339] 14:58:08.617966 openssl->SSL_connect(0xaaaad0285070, 0xaaaad0260998, 0xffffa24540e0, 0 <unfinished ...>
[pid 339] 14:58:08.618296 libssl.so.3->EVP_PKEY_keygen_init(0xaaaad028dbf0, 0, 0, 0xaaaad028dc60) = 1 <0.000127>
[pid 339] 14:58:08.618469 libssl.so.3->EVP_PKEY_keygen(0xaaaad028dbf0, 0xffffc71d0340, 0, 0 <unfinished ...>
[pid 339] 14:58:08.618598 oqsprovider.so->OQS_KEM_new(0xaaaad028bf90, 0xaaaad028c990, 912, 0) = 0xaaaad028c9d0 <0.000099>
[pid 339] 14:58:08.618755 oqsprovider.so->OQS_KEM_keypair(0xaaaad028c9d0, 0xaaaad02963d0, 0xaaaad0296cb0, 0xaaaad0297540) = 0 <0.001233>
[pid 339] 14:58:08.620048 <... EVP_PKEY_keygen resumed> ) = 1 <0.001570>
[pid 339] 14:58:08.623943 libssl.so.3->EVP_PKEY_decapsulate_init(0xaaaad028dbf0, 0, 0, 0xaaaad028dc60) = 1 <0.000199>
[pid 339] 14:58:08.624190 libssl.so.3->EVP_PKEY_decapsulate(0xaaaad028dbf0, 0, 0xffffc71d02c0, 0xaaaad028feba) = 1 <0.000113>
[pid 339] 14:58:08.624357 libssl.so.3->EVP_PKEY_decapsulate(0xaaaad028dbf0, 0xaaaad02800f0, 0xffffc71d02c0, 0xaaaad028feba <unfinished ...>
[pid 339] 14:58:08.624463 oqsprovider.so->OQS_KEM_decaps(0xaaaad028c9d0, 0xaaaad02800f0, 0xaaaad028feba, 0xaaaad0296cb0) = 0 <0.003107>
[pid 339] 14:58:08.627635 <... EVP_PKEY_decapsulate resumed> ) = 1 <0.003277>
[pid 339] 14:58:08.628399 libssl.so.3->X509_verify_cert(0xaaaad0284f50, 0, 0, 0xffffffff) = 1 <0.000278>
[pid 339] 14:58:08.628899 libssl.so.3->EVP_DigestVerifyInit_ex(0xaaaad02afe50, 0xffffc71d03c8, 0, 0) = 1 <0.000113>
[pid 339] 14:58:08.629118 libssl.so.3->EVP_DigestVerify(0xaaaad02afe50, 0xaaaad028fe68, 2420, 0xffffc71d03d0) = 1 <0.000211>
[pid 339] 14:58:08.629571 libssl.so.3->X509_verify_cert(0xaaaad0284f50, 1, 0, 0) = 1 <0.000206>
[pid 339] 14:58:08.629938 libssl.so.3->EVP_DigestSignInit_ex(0xaaaad01b3750, 0xffffc71d03b0, 0, 0) = 1 <0.000098>
[pid 339] 14:58:08.630105 libssl.so.3->EVP_DigestSign(0xaaaad01b3750, 0, 0xffffc71d03c0, 0xffffc71d03d0) = 1 <0.000122>
[pid 339] 14:58:08.630288 libssl.so.3->EVP_DigestSign(0xaaaad01b3750, 0xaaaad02a1d10, 0xffffc71d03c0, 0xffffc71d03d0) = 1 <0.000825>
[pid 339] 14:58:08.631367 <... SSL_connect resumed> ) = 1 <0.013395>
[pid 339] 14:58:08.631594 oqsprovider.so->OQS_KEM_free(0xaaaad028c9d0, 1, 7, 0xaaaad0196010) = 0xaaaad0196030 <0.000098>
Handshake duration: 13.54 ms
[pid 339] 14:58:08.632963 +++ exited (status 0) +++
Execution 71 - TLS Mutual
s_connection: verify depth is 1
[pid 341] 14:58:08.660277 openssl->SSL_connect(0xaaab15981070, 0xaaab1595c998, 0xffffa13f40e0, 0 <unfinished ...>
[pid 341] 14:58:08.660597 libssl.so.3->EVP_PKEY_keygen_init(0xaaab15989bf0, 0, 0, 0xaaab15989c60) = 1 <0.000109>
[pid 341] 14:58:08.660757 libssl.so.3->EVP_PKEY_keygen(0xaaab15989bf0, 0xffffdb1c5330, 0, 0 <unfinished ...>
[pid 341] 14:58:08.660861 oqsprovider.so->OQS_KEM_new(0xaaab15987f90, 0xaaab15988990, 912, 0) = 0xaaab159889d0 <0.000104>
[pid 341] 14:58:08.661015 oqsprovider.so->OQS_KEM_keypair(0xaaab159889d0, 0xaaab159923d0, 0xaaab15992cb0, 0xaaab15993540) = 0 <0.001181>
[pid 341] 14:58:08.662256 <... EVP_PKEY_keygen resumed> ) = 1 <0.001493>
[pid 341] 14:58:08.665973 libssl.so.3->EVP_PKEY_decapsulate_init(0xaaab15989bf0, 0, 0, 0xaaab15989c60) = 1 <0.000163>
[pid 341] 14:58:08.666191 libssl.so.3->EVP_PKEY_decapsulate(0xaaab15989bf0, 0, 0xffffdb1c52b0, 0xaaab1598beba) = 1 <0.000147>
[pid 341] 14:58:08.666393 libssl.so.3->EVP_PKEY_decapsulate(0xaaab15989bf0, 0xaaab1597c0f0, 0xffffdb1c52b0, 0xaaab1598beba <unfinished ...>
[pid 341] 14:58:08.666511 oqsprovider.so->OQS_KEM_decaps(0xaaab159889d0, 0xaaab1597c0f0, 0xaaab1598beba, 0xaaab15992cb0) = 0 <0.003111>
[pid 341] 14:58:08.669676 <... EVP_PKEY_decapsulate resumed> ) = 1 <0.003287>
[pid 341] 14:58:08.670332 libssl.so.3->X509_verify_cert(0xaaab15980f50, 0, 0, 0xffffffff) = 1 <0.000273>
[pid 341] 14:58:08.670827 libssl.so.3->EVP_DigestVerifyInit_ex(0xaaab159abe50, 0xffffdb1c53b8, 0, 0) = 1 <0.000114>
[pid 341] 14:58:08.671015 libssl.so.3->EVP_DigestVerify(0xaaab159abe50, 0xaaab1598be68, 2420, 0xffffdb1c53c0) = 1 <0.000168>
[pid 341] 14:58:08.671402 libssl.so.3->X509_verify_cert(0xaaab15980f50, 1, 0, 0) = 1 <0.000189>
[pid 341] 14:58:08.671779 libssl.so.3->EVP_DigestSignInit_ex(0xaaab158af750, 0xffffdb1c53a0, 0, 0) = 1 <0.000120>
[pid 341] 14:58:08.671940 libssl.so.3->EVP_DigestSign(0xaaab158af750, 0, 0xffffdb1c53b0, 0xffffdb1c53c0) = 1 <0.000120>
[pid 341] 14:58:08.672095 libssl.so.3->EVP_DigestSign(0xaaab158af750, 0xaaab1599dd10, 0xffffdb1c53b0, 0xffffdb1c53c0) = 1 <0.000427>
[pid 341] 14:58:08.672804 <... SSL_connect resumed> ) = 1 <0.012524>
[pid 341] 14:58:08.673037 oqsprovider.so->OQS_KEM_free(0xaaab159889d0, 1, 7, 0xaaab15892010) = 0xaaab15892030 <0.000112>
Handshake duration: 12.66 ms
[pid 341] 14:58:08.674326 +++ exited (status 0) +++
Execution 72 - TLS Mutual
s_connection: verify depth is 1
[pid 343] 14:58:08.701649 openssl->SSL_connect(0xaaaadc805070, 0xaaaadc7e0998, 0xffffaeb340e0, 0 <unfinished ...>
[pid 343] 14:58:08.701955 libssl.so.3->EVP_PKEY_keygen_init(0xaaaadc80dbf0, 0, 0, 0xaaaadc80dc60) = 1 <0.000104>
[pid 343] 14:58:08.702147 libssl.so.3->EVP_PKEY_keygen(0xaaaadc80dbf0, 0xffffc20d5ab0, 0, 0 <unfinished ...>
[pid 343] 14:58:08.702324 oqsprovider.so->OQS_KEM_new(0xaaaadc80bf90, 0xaaaadc80c990, 912, 0) = 0xaaaadc80c9d0 <0.000151>
[pid 343] 14:58:08.702521 oqsprovider.so->OQS_KEM_keypair(0xaaaadc80c9d0, 0xaaaadc8163d0, 0xaaaadc816cb0, 0xaaaadc817540) = 0 <0.001335>
[pid 343] 14:58:08.703919 <... EVP_PKEY_keygen resumed> ) = 1 <0.001763>
[pid 343] 14:58:08.707817 libssl.so.3->EVP_PKEY_decapsulate_init(0xaaaadc80dbf0, 0, 0, 0xaaaadc80dc60) = 1 <0.000185>
[pid 343] 14:58:08.708055 libssl.so.3->EVP_PKEY_decapsulate(0xaaaadc80dbf0, 0, 0xffffc20d5a30, 0xaaaadc80feba) = 1 <0.000143>
[pid 343] 14:58:08.708248 libssl.so.3->EVP_PKEY_decapsulate(0xaaaadc80dbf0, 0xaaaadc8000f0, 0xffffc20d5a30, 0xaaaadc80feba <unfinished ...>
[pid 343] 14:58:08.708344 oqsprovider.so->OQS_KEM_decaps(0xaaaadc80c9d0, 0xaaaadc8000f0, 0xaaaadc80feba, 0xaaaadc816cb0) = 0 <0.003101>
[pid 343] 14:58:08.711504 <... EVP_PKEY_decapsulate resumed> ) = 1 <0.003250>
[pid 343] 14:58:08.712177 libssl.so.3->X509_verify_cert(0xaaaadc804f50, 0, 0, 0xffffffff) = 1 <0.000336>
[pid 343] 14:58:08.712733 libssl.so.3->EVP_DigestVerifyInit_ex(0xaaaadc82fe50, 0xffffc20d5b38, 0, 0) = 1 <0.000130>
[pid 343] 14:58:08.712952 libssl.so.3->EVP_DigestVerify(0xaaaadc82fe50, 0xaaaadc80fe68, 2420, 0xffffc20d5b40) = 1 <0.000230>
[pid 343] 14:58:08.713366 libssl.so.3->X509_verify_cert(0xaaaadc804f50, 1, 0, 0) = 1 <0.000193>
[pid 343] 14:58:08.713727 libssl.so.3->EVP_DigestSignInit_ex(0xaaaadc733750, 0xffffc20d5b20, 0, 0) = 1 <0.000092>
[pid 343] 14:58:08.713873 libssl.so.3->EVP_DigestSign(0xaaaadc733750, 0, 0xffffc20d5b30, 0xffffc20d5b40) = 1 <0.000132>
[pid 343] 14:58:08.714068 libssl.so.3->EVP_DigestSign(0xaaaadc733750, 0xaaaadc821d10, 0xffffc20d5b30, 0xffffc20d5b40) = 1 <0.000293>
[pid 343] 14:58:08.714652 <... SSL_connect resumed> ) = 1 <0.012999>
[pid 343] 14:58:08.714882 oqsprovider.so->OQS_KEM_free(0xaaaadc80c9d0, 1, 7, 0xaaaadc716010) = 0xaaaadc716030 <0.000115>
Handshake duration: 13.17 ms
[pid 343] 14:58:08.716220 +++ exited (status 0) +++
Execution 73 - TLS Mutual
s_connection: verify depth is 1
[pid 345] 14:58:08.743604 openssl->SSL_connect(0xaaaaf8371070, 0xaaaaf834c998, 0xffff7f6c40e0, 0 <unfinished ...>
[pid 345] 14:58:08.743952 libssl.so.3->EVP_PKEY_keygen_init(0xaaaaf8379bf0, 0, 0, 0xaaaaf8379c60) = 1 <0.000125>
[pid 345] 14:58:08.744142 libssl.so.3->EVP_PKEY_keygen(0xaaaaf8379bf0, 0xffffc674c240, 0, 0 <unfinished ...>
[pid 345] 14:58:08.744250 oqsprovider.so->OQS_KEM_new(0xaaaaf8377f90, 0xaaaaf8378990, 912, 0) = 0xaaaaf83789d0 <0.000133>
[pid 345] 14:58:08.744538 oqsprovider.so->OQS_KEM_keypair(0xaaaaf83789d0, 0xaaaaf83823d0, 0xaaaaf8382cb0, 0xaaaaf8383540) = 0 <0.001338>
[pid 345] 14:58:08.745884 <... EVP_PKEY_keygen resumed> ) = 1 <0.001734>
[pid 345] 14:58:08.749555 libssl.so.3->EVP_PKEY_decapsulate_init(0xaaaaf8379bf0, 0, 0, 0xaaaaf8379c60) = 1 <0.000169>
[pid 345] 14:58:08.749797 libssl.so.3->EVP_PKEY_decapsulate(0xaaaaf8379bf0, 0, 0xffffc674c1c0, 0xaaaaf837beba) = 1 <0.000132>
[pid 345] 14:58:08.749985 libssl.so.3->EVP_PKEY_decapsulate(0xaaaaf8379bf0, 0xaaaaf836c0f0, 0xffffc674c1c0, 0xaaaaf837beba <unfinished ...>
[pid 345] 14:58:08.750105 oqsprovider.so->OQS_KEM_decaps(0xaaaaf83789d0, 0xaaaaf836c0f0, 0xaaaaf837beba, 0xaaaaf8382cb0) = 0 <0.003021>
[pid 345] 14:58:08.753184 <... EVP_PKEY_decapsulate resumed> ) = 1 <0.003193>
[pid 345] 14:58:08.753899 libssl.so.3->X509_verify_cert(0xaaaaf8370f50, 0, 0, 0xffffffff) = 1 <0.000269>
[pid 345] 14:58:08.754429 libssl.so.3->EVP_DigestVerifyInit_ex(0xaaaaf839be50, 0xffffc674c2c8, 0, 0) = 1 <0.000128>
[pid 345] 14:58:08.754623 libssl.so.3->EVP_DigestVerify(0xaaaaf839be50, 0xaaaaf837be68, 2420, 0xffffc674c2d0) = 1 <0.000265>
[pid 345] 14:58:08.755120 libssl.so.3->X509_verify_cert(0xaaaaf8370f50, 1, 0, 0) = 1 <0.000225>
[pid 345] 14:58:08.755514 libssl.so.3->EVP_DigestSignInit_ex(0xaaaaf829f750, 0xffffc674c2b0, 0, 0) = 1 <0.000105>
[pid 345] 14:58:08.755688 libssl.so.3->EVP_DigestSign(0xaaaaf829f750, 0, 0xffffc674c2c0, 0xffffc674c2d0) = 1 <0.000231>
[pid 345] 14:58:08.756002 libssl.so.3->EVP_DigestSign(0xaaaaf829f750, 0xaaaaf838dd10, 0xffffc674c2c0, 0xffffc674c2d0) = 1 <0.000463>
[pid 345] 14:58:08.756739 <... SSL_connect resumed> ) = 1 <0.013131>
[pid 345] 14:58:08.756951 oqsprovider.so->OQS_KEM_free(0xaaaaf83789d0, 1, 7, 0xaaaaf8282010) = 0xaaaaf8282030 <0.000112>
Handshake duration: 13.27 ms
[pid 345] 14:58:08.758266 +++ exited (status 0) +++
Execution 74 - TLS Mutual
s_connection: verify depth is 1
[pid 347] 14:58:08.785664 openssl->SSL_connect(0xaaaae5124070, 0xaaaae50ff998, 0xffffabdf40e0, 0 <unfinished ...>
[pid 347] 14:58:08.785983 libssl.so.3->EVP_PKEY_keygen_init(0xaaaae512cbf0, 0, 0, 0xaaaae512cc60) = 1 <0.000116>
[pid 347] 14:58:08.786189 libssl.so.3->EVP_PKEY_keygen(0xaaaae512cbf0, 0xfffff2c380e0, 0, 0 <unfinished ...>
[pid 347] 14:58:08.786336 oqsprovider.so->OQS_KEM_new(0xaaaae512af90, 0xaaaae512b990, 912, 0) = 0xaaaae512b9d0 <0.000108>
[pid 347] 14:58:08.786504 oqsprovider.so->OQS_KEM_keypair(0xaaaae512b9d0, 0xaaaae51353d0, 0xaaaae5135cb0, 0xaaaae5136540) = 0 <0.001288>
[pid 347] 14:58:08.787848 <... EVP_PKEY_keygen resumed> ) = 1 <0.001657>
[pid 347] 14:58:08.791624 libssl.so.3->EVP_PKEY_decapsulate_init(0xaaaae512cbf0, 0, 0, 0xaaaae512cc60) = 1 <0.000175>
[pid 347] 14:58:08.791850 libssl.so.3->EVP_PKEY_decapsulate(0xaaaae512cbf0, 0, 0xfffff2c38060, 0xaaaae512eeba) = 1 <0.000190>
[pid 347] 14:58:08.792087 libssl.so.3->EVP_PKEY_decapsulate(0xaaaae512cbf0, 0xaaaae511f0f0, 0xfffff2c38060, 0xaaaae512eeba <unfinished ...>
[pid 347] 14:58:08.792193 oqsprovider.so->OQS_KEM_decaps(0xaaaae512b9d0, 0xaaaae511f0f0, 0xaaaae512eeba, 0xaaaae5135cb0) = 0 <0.003104>
[pid 347] 14:58:08.795353 <... EVP_PKEY_decapsulate resumed> ) = 1 <0.003263>
[pid 347] 14:58:08.796012 libssl.so.3->X509_verify_cert(0xaaaae5123f50, 0, 0, 0xffffffff) = 1 <0.000286>
[pid 347] 14:58:08.796523 libssl.so.3->EVP_DigestVerifyInit_ex(0xaaaae514ee50, 0xfffff2c38168, 0, 0) = 1 <0.000102>
[pid 347] 14:58:08.796692 libssl.so.3->EVP_DigestVerify(0xaaaae514ee50, 0xaaaae512ee68, 2420, 0xfffff2c38170) = 1 <0.000172>
[pid 347] 14:58:08.797105 libssl.so.3->X509_verify_cert(0xaaaae5123f50, 1, 0, 0) = 1 <0.000197>
[pid 347] 14:58:08.797453 libssl.so.3->EVP_DigestSignInit_ex(0xaaaae5052750, 0xfffff2c38150, 0, 0) = 1 <0.000097>
[pid 347] 14:58:08.797610 libssl.so.3->EVP_DigestSign(0xaaaae5052750, 0, 0xfffff2c38160, 0xfffff2c38170) = 1 <0.000104>
[pid 347] 14:58:08.797788 libssl.so.3->EVP_DigestSign(0xaaaae5052750, 0xaaaae5140d10, 0xfffff2c38160, 0xfffff2c38170) = 1 <0.000446>
[pid 347] 14:58:08.798543 <... SSL_connect resumed> ) = 1 <0.012813>
[pid 347] 14:58:08.798747 oqsprovider.so->OQS_KEM_free(0xaaaae512b9d0, 1, 7, 0xaaaae5035010) = 0xaaaae5035030 <0.000115>
Handshake duration: 13.02 ms
[pid 347] 14:58:08.800029 +++ exited (status 0) +++
Execution 75 - TLS Mutual
s_connection: verify depth is 1
[pid 349] 14:58:08.827150 openssl->SSL_connect(0xaaaaea0dd070, 0xaaaaea0b8998, 0xffff9c8a40e0, 0 <unfinished ...>
[pid 349] 14:58:08.827470 libssl.so.3->EVP_PKEY_keygen_init(0xaaaaea0e5bf0, 0, 0, 0xaaaaea0e5c60) = 1 <0.000109>
[pid 349] 14:58:08.827633 libssl.so.3->EVP_PKEY_keygen(0xaaaaea0e5bf0, 0xffffe6dcfef0, 0, 0 <unfinished ...>
[pid 349] 14:58:08.827744 oqsprovider.so->OQS_KEM_new(0xaaaaea0e3f90, 0xaaaaea0e4990, 912, 0) = 0xaaaaea0e49d0 <0.000101>
[pid 349] 14:58:08.827899 oqsprovider.so->OQS_KEM_keypair(0xaaaaea0e49d0, 0xaaaaea0ee3d0, 0xaaaaea0eecb0, 0xaaaaea0ef540) = 0 <0.001231>
[pid 349] 14:58:08.829192 <... EVP_PKEY_keygen resumed> ) = 1 <0.001552>
[pid 349] 14:58:08.832935 libssl.so.3->EVP_PKEY_decapsulate_init(0xaaaaea0e5bf0, 0, 0, 0xaaaaea0e5c60) = 1 <0.000159>
[pid 349] 14:58:08.833154 libssl.so.3->EVP_PKEY_decapsulate(0xaaaaea0e5bf0, 0, 0xffffe6dcfe70, 0xaaaaea0e7eba) = 1 <0.000176>
[pid 349] 14:58:08.833382 libssl.so.3->EVP_PKEY_decapsulate(0xaaaaea0e5bf0, 0xaaaaea0d80f0, 0xffffe6dcfe70, 0xaaaaea0e7eba <unfinished ...>
[pid 349] 14:58:08.833494 oqsprovider.so->OQS_KEM_decaps(0xaaaaea0e49d0, 0xaaaaea0d80f0, 0xaaaaea0e7eba, 0xaaaaea0eecb0) = 0 <0.003124>
[pid 349] 14:58:08.836686 <... EVP_PKEY_decapsulate resumed> ) = 1 <0.003291>
[pid 349] 14:58:08.837343 libssl.so.3->X509_verify_cert(0xaaaaea0dcf50, 0, 0, 0xffffffff) = 1 <0.000314>
[pid 349] 14:58:08.837873 libssl.so.3->EVP_DigestVerifyInit_ex(0xaaaaea107e50, 0xffffe6dcff78, 0, 0) = 1 <0.000117>
[pid 349] 14:58:08.838046 libssl.so.3->EVP_DigestVerify(0xaaaaea107e50, 0xaaaaea0e7e68, 2420, 0xffffe6dcff80) = 1 <0.000186>
[pid 349] 14:58:08.838481 libssl.so.3->X509_verify_cert(0xaaaaea0dcf50, 1, 0, 0) = 1 <0.000203>
[pid 349] 14:58:08.838858 libssl.so.3->EVP_DigestSignInit_ex(0xaaaaea00b750, 0xffffe6dcff60, 0, 0) = 1 <0.000119>
[pid 349] 14:58:08.839042 libssl.so.3->EVP_DigestSign(0xaaaaea00b750, 0, 0xffffe6dcff70, 0xffffe6dcff80) = 1 <0.000144>
[pid 349] 14:58:08.839250 libssl.so.3->EVP_DigestSign(0xaaaaea00b750, 0xaaaaea0f9d10, 0xffffe6dcff70, 0xffffe6dcff80) = 1 <0.000595>
[pid 349] 14:58:08.840116 <... SSL_connect resumed> ) = 1 <0.012962>
[pid 349] 14:58:08.840383 oqsprovider.so->OQS_KEM_free(0xaaaaea0e49d0, 1, 7, 0xaaaae9fee010) = 0xaaaae9fee030 <0.000095>
Handshake duration: 13.08 ms
[pid 349] 14:58:08.841675 +++ exited (status 0) +++
Execution 76 - TLS Mutual
s_connection: verify depth is 1
[pid 351] 14:58:08.868830 openssl->SSL_connect(0xaaaaeeb27070, 0xaaaaeeb02998, 0xffffa3f940e0, 0 <unfinished ...>
[pid 351] 14:58:08.869121 libssl.so.3->EVP_PKEY_keygen_init(0xaaaaeeb2fbf0, 0, 0, 0xaaaaeeb2fc60) = 1 <0.000122>
[pid 351] 14:58:08.869336 libssl.so.3->EVP_PKEY_keygen(0xaaaaeeb2fbf0, 0xffffe8a72080, 0, 0 <unfinished ...>
[pid 351] 14:58:08.869520 oqsprovider.so->OQS_KEM_new(0xaaaaeeb2df90, 0xaaaaeeb2e990, 912, 0) = 0xaaaaeeb2e9d0 <0.000114>
[pid 351] 14:58:08.869704 oqsprovider.so->OQS_KEM_keypair(0xaaaaeeb2e9d0, 0xaaaaeeb383d0, 0xaaaaeeb38cb0, 0xaaaaeeb39540) = 0 <0.001280>
[pid 351] 14:58:08.871047 <... EVP_PKEY_keygen resumed> ) = 1 <0.001704>
[pid 351] 14:58:08.874886 libssl.so.3->EVP_PKEY_decapsulate_init(0xaaaaeeb2fbf0, 0, 0, 0xaaaaeeb2fc60) = 1 <0.000194>
[pid 351] 14:58:08.875130 libssl.so.3->EVP_PKEY_decapsulate(0xaaaaeeb2fbf0, 0, 0xffffe8a72000, 0xaaaaeeb31eba) = 1 <0.000195>
[pid 351] 14:58:08.875389 libssl.so.3->EVP_PKEY_decapsulate(0xaaaaeeb2fbf0, 0xaaaaeeb220f0, 0xffffe8a72000, 0xaaaaeeb31eba <unfinished ...>
[pid 351] 14:58:08.875562 oqsprovider.so->OQS_KEM_decaps(0xaaaaeeb2e9d0, 0xaaaaeeb220f0, 0xaaaaeeb31eba, 0xaaaaeeb38cb0) = 0 <0.003127>
[pid 351] 14:58:08.878746 <... EVP_PKEY_decapsulate resumed> ) = 1 <0.003353>
[pid 351] 14:58:08.879407 libssl.so.3->X509_verify_cert(0xaaaaeeb26f50, 0, 0, 0xffffffff) = 1 <0.000282>
[pid 351] 14:58:08.879893 libssl.so.3->EVP_DigestVerifyInit_ex(0xaaaaeeb51e50, 0xffffe8a72108, 0, 0) = 1 <0.000126>
[pid 351] 14:58:08.880077 libssl.so.3->EVP_DigestVerify(0xaaaaeeb51e50, 0xaaaaeeb31e68, 2420, 0xffffe8a72110) = 1 <0.000210>
[pid 351] 14:58:08.880515 libssl.so.3->X509_verify_cert(0xaaaaeeb26f50, 1, 0, 0) = 1 <0.000201>
[pid 351] 14:58:08.880901 libssl.so.3->EVP_DigestSignInit_ex(0xaaaaeea55750, 0xffffe8a720f0, 0, 0) = 1 <0.000131>
[pid 351] 14:58:08.881074 libssl.so.3->EVP_DigestSign(0xaaaaeea55750, 0, 0xffffe8a72100, 0xffffe8a72110) = 1 <0.000155>
[pid 351] 14:58:08.881308 libssl.so.3->EVP_DigestSign(0xaaaaeea55750, 0xaaaaeeb43d10, 0xffffe8a72100, 0xffffe8a72110) = 1 <0.000418>
[pid 351] 14:58:08.881956 <... SSL_connect resumed> ) = 1 <0.013122>
[pid 351] 14:58:08.882180 oqsprovider.so->OQS_KEM_free(0xaaaaeeb2e9d0, 1, 7, 0xaaaaeea38010) = 0xaaaaeea38030 <0.000116>
Handshake duration: 13.28 ms
[pid 351] 14:58:08.883507 +++ exited (status 0) +++
Execution 77 - TLS Mutual
s_connection: verify depth is 1
[pid 353] 14:58:08.910688 openssl->SSL_connect(0xaaab01810070, 0xaaab017eb998, 0xffff908340e0, 0 <unfinished ...>
[pid 353] 14:58:08.911009 libssl.so.3->EVP_PKEY_keygen_init(0xaaab01818bf0, 0, 0, 0xaaab01818c60) = 1 <0.000127>
[pid 353] 14:58:08.911192 libssl.so.3->EVP_PKEY_keygen(0xaaab01818bf0, 0xffffce1bb7e0, 0, 0 <unfinished ...>
[pid 353] 14:58:08.911322 oqsprovider.so->OQS_KEM_new(0xaaab01816f90, 0xaaab01817990, 912, 0) = 0xaaab018179d0 <0.000145>
[pid 353] 14:58:08.911518 oqsprovider.so->OQS_KEM_keypair(0xaaab018179d0, 0xaaab018213d0, 0xaaab01821cb0, 0xaaab01822540) = 0 <0.001248>
[pid 353] 14:58:08.912827 <... EVP_PKEY_keygen resumed> ) = 1 <0.001628>
[pid 353] 14:58:08.916614 libssl.so.3->EVP_PKEY_decapsulate_init(0xaaab01818bf0, 0, 0, 0xaaab01818c60) = 1 <0.000191>
[pid 353] 14:58:08.916858 libssl.so.3->EVP_PKEY_decapsulate(0xaaab01818bf0, 0, 0xffffce1bb760, 0xaaab0181aeba) = 1 <0.000221>
[pid 353] 14:58:08.917151 libssl.so.3->EVP_PKEY_decapsulate(0xaaab01818bf0, 0xaaab0180b0f0, 0xffffce1bb760, 0xaaab0181aeba <unfinished ...>
[pid 353] 14:58:08.917310 oqsprovider.so->OQS_KEM_decaps(0xaaab018179d0, 0xaaab0180b0f0, 0xaaab0181aeba, 0xaaab01821cb0) = 0 <0.003134>
[pid 353] 14:58:08.920503 <... EVP_PKEY_decapsulate resumed> ) = 1 <0.003344>
[pid 353] 14:58:08.921191 libssl.so.3->X509_verify_cert(0xaaab0180ff50, 0, 0, 0xffffffff) = 1 <0.000323>
[pid 353] 14:58:08.921748 libssl.so.3->EVP_DigestVerifyInit_ex(0xaaab0183ae50, 0xffffce1bb868, 0, 0) = 1 <0.000139>
[pid 353] 14:58:08.921942 libssl.so.3->EVP_DigestVerify(0xaaab0183ae50, 0xaaab0181ae68, 2420, 0xffffce1bb870) = 1 <0.000427>
[pid 353] 14:58:08.922598 libssl.so.3->X509_verify_cert(0xaaab0180ff50, 1, 0, 0) = 1 <0.000226>
[pid 353] 14:58:08.922995 libssl.so.3->EVP_DigestSignInit_ex(0xaaab0173e750, 0xffffce1bb850, 0, 0) = 1 <0.000112>
[pid 353] 14:58:08.923194 libssl.so.3->EVP_DigestSign(0xaaab0173e750, 0, 0xffffce1bb860, 0xffffce1bb870) = 1 <0.000149>
[pid 353] 14:58:08.923400 libssl.so.3->EVP_DigestSign(0xaaab0173e750, 0xaaab0182cd10, 0xffffce1bb860, 0xffffce1bb870) = 1 <0.000458>
[pid 353] 14:58:08.924104 <... SSL_connect resumed> ) = 1 <0.013412>
[pid 353] 14:58:08.924366 oqsprovider.so->OQS_KEM_free(0xaaab018179d0, 1, 7, 0xaaab01721010) = 0xaaab01721030 <0.000092>
Handshake duration: 13.59 ms
[pid 353] 14:58:08.925679 +++ exited (status 0) +++
Execution 78 - TLS Mutual
s_connection: verify depth is 1
[pid 355] 14:58:08.952957 openssl->SSL_connect(0xaaaaafaa0070, 0xaaaaafa7b998, 0xffffa54640e0, 0 <unfinished ...>
[pid 355] 14:58:08.953253 libssl.so.3->EVP_PKEY_keygen_init(0xaaaaafaa8bf0, 0, 0, 0xaaaaafaa8c60) = 1 <0.000130>
[pid 355] 14:58:08.953451 libssl.so.3->EVP_PKEY_keygen(0xaaaaafaa8bf0, 0xffffd4fbe910, 0, 0 <unfinished ...>
[pid 355] 14:58:08.953573 oqsprovider.so->OQS_KEM_new(0xaaaaafaa6f90, 0xaaaaafaa7990, 912, 0) = 0xaaaaafaa79d0 <0.000136>
[pid 355] 14:58:08.953775 oqsprovider.so->OQS_KEM_keypair(0xaaaaafaa79d0, 0xaaaaafab13d0, 0xaaaaafab1cb0, 0xaaaaafab2540) = 0 <0.001260>
[pid 355] 14:58:08.955100 <... EVP_PKEY_keygen resumed> ) = 1 <0.001641>
[pid 355] 14:58:08.958801 libssl.so.3->EVP_PKEY_decapsulate_init(0xaaaaafaa8bf0, 0, 0, 0xaaaaafaa8c60) = 1 <0.000147>
[pid 355] 14:58:08.958995 libssl.so.3->EVP_PKEY_decapsulate(0xaaaaafaa8bf0, 0, 0xffffd4fbe890, 0xaaaaafaaaeba) = 1 <0.000094>
[pid 355] 14:58:08.959146 libssl.so.3->EVP_PKEY_decapsulate(0xaaaaafaa8bf0, 0xaaaaafa9b0f0, 0xffffd4fbe890, 0xaaaaafaaaeba <unfinished ...>
[pid 355] 14:58:08.959310 oqsprovider.so->OQS_KEM_decaps(0xaaaaafaa79d0, 0xaaaaafa9b0f0, 0xaaaaafaaaeba, 0xaaaaafab1cb0) = 0 <0.003028>
[pid 355] 14:58:08.962395 <... EVP_PKEY_decapsulate resumed> ) = 1 <0.003245>
[pid 355] 14:58:08.963099 libssl.so.3->X509_verify_cert(0xaaaaafa9ff50, 0, 0, 0xffffffff) = 1 <0.000301>
[pid 355] 14:58:08.963607 libssl.so.3->EVP_DigestVerifyInit_ex(0xaaaaafacae50, 0xffffd4fbe998, 0, 0) = 1 <0.000112>
[pid 355] 14:58:08.963774 libssl.so.3->EVP_DigestVerify(0xaaaaafacae50, 0xaaaaafaaae68, 2420, 0xffffd4fbe9a0) = 1 <0.000202>
[pid 355] 14:58:08.964167 libssl.so.3->X509_verify_cert(0xaaaaafa9ff50, 1, 0, 0) = 1 <0.000202>
[pid 355] 14:58:08.964542 libssl.so.3->EVP_DigestSignInit_ex(0xaaaaaf9ce750, 0xffffd4fbe980, 0, 0) = 1 <0.000121>
[pid 355] 14:58:08.964717 libssl.so.3->EVP_DigestSign(0xaaaaaf9ce750, 0, 0xffffd4fbe990, 0xffffd4fbe9a0) = 1 <0.000102>
[pid 355] 14:58:08.964882 libssl.so.3->EVP_DigestSign(0xaaaaaf9ce750, 0xaaaaafabcd10, 0xffffd4fbe990, 0xffffd4fbe9a0) = 1 <0.000389>
[pid 355] 14:58:08.965512 <... SSL_connect resumed> ) = 1 <0.012551>
[pid 355] 14:58:08.965755 oqsprovider.so->OQS_KEM_free(0xaaaaafaa79d0, 1, 7, 0xaaaaaf9b1010) = 0xaaaaaf9b1030 <0.000106>
Handshake duration: 12.70 ms
[pid 355] 14:58:08.967033 +++ exited (status 0) +++
Execution 79 - TLS Mutual
s_connection: verify depth is 1
[pid 357] 14:58:08.994322 openssl->SSL_connect(0xaaaae0a36070, 0xaaaae0a11998, 0xffff97dd40e0, 0 <unfinished ...>
[pid 357] 14:58:08.994614 libssl.so.3->EVP_PKEY_keygen_init(0xaaaae0a3ebf0, 0, 0, 0xaaaae0a3ec60) = 1 <0.000137>
[pid 357] 14:58:08.994804 libssl.so.3->EVP_PKEY_keygen(0xaaaae0a3ebf0, 0xfffff6c25110, 0, 0 <unfinished ...>
[pid 357] 14:58:08.995033 oqsprovider.so->OQS_KEM_new(0xaaaae0a3cf90, 0xaaaae0a3d990, 912, 0) = 0xaaaae0a3d9d0 <0.000128>
[pid 357] 14:58:08.995232 oqsprovider.so->OQS_KEM_keypair(0xaaaae0a3d9d0, 0xaaaae0a473d0, 0xaaaae0a47cb0, 0xaaaae0a48540) = 0 <0.001275>
[pid 357] 14:58:08.996574 <... EVP_PKEY_keygen resumed> ) = 1 <0.001763>
[pid 357] 14:58:09.000271 libssl.so.3->EVP_PKEY_decapsulate_init(0xaaaae0a3ebf0, 0, 0, 0xaaaae0a3ec60) = 1 <0.000151>
[pid 357] 14:58:09.000483 libssl.so.3->EVP_PKEY_decapsulate(0xaaaae0a3ebf0, 0, 0xfffff6c25090, 0xaaaae0a40eba) = 1 <0.000301>
[pid 357] 14:58:09.000837 libssl.so.3->EVP_PKEY_decapsulate(0xaaaae0a3ebf0, 0xaaaae0a310f0, 0xfffff6c25090, 0xaaaae0a40eba <unfinished ...>
[pid 357] 14:58:09.000986 oqsprovider.so->OQS_KEM_decaps(0xaaaae0a3d9d0, 0xaaaae0a310f0, 0xaaaae0a40eba, 0xaaaae0a47cb0) = 0 <0.003058>
[pid 357] 14:58:09.004094 <... EVP_PKEY_decapsulate resumed> ) = 1 <0.003250>
[pid 357] 14:58:09.004801 libssl.so.3->X509_verify_cert(0xaaaae0a35f50, 0, 0, 0xffffffff) = 1 <0.000327>
[pid 357] 14:58:09.005369 libssl.so.3->EVP_DigestVerifyInit_ex(0xaaaae0a60e50, 0xfffff6c25198, 0, 0) = 1 <0.000127>
[pid 357] 14:58:09.005573 libssl.so.3->EVP_DigestVerify(0xaaaae0a60e50, 0xaaaae0a40e68, 2420, 0xfffff6c251a0) = 1 <0.000236>
[pid 357] 14:58:09.006009 libssl.so.3->X509_verify_cert(0xaaaae0a35f50, 1, 0, 0) = 1 <0.000194>
[pid 357] 14:58:09.006398 libssl.so.3->EVP_DigestSignInit_ex(0xaaaae0964750, 0xfffff6c25180, 0, 0) = 1 <0.000118>
[pid 357] 14:58:09.006575 libssl.so.3->EVP_DigestSign(0xaaaae0964750, 0, 0xfffff6c25190, 0xfffff6c251a0) = 1 <0.000167>
[pid 357] 14:58:09.006836 libssl.so.3->EVP_DigestSign(0xaaaae0964750, 0xaaaae0a52d10, 0xfffff6c25190, 0xfffff6c251a0) = 1 <0.000549>
[pid 357] 14:58:09.007677 <... SSL_connect resumed> ) = 1 <0.013350>
[pid 357] 14:58:09.007882 oqsprovider.so->OQS_KEM_free(0xaaaae0a3d9d0, 1, 7, 0xaaaae0947010) = 0xaaaae0947030 <0.000134>
Handshake duration: 13.47 ms
[pid 357] 14:58:09.009202 +++ exited (status 0) +++
Execution 80 - TLS Mutual
s_connection: verify depth is 1
[pid 359] 14:58:09.036599 openssl->SSL_connect(0xaaaad1a38070, 0xaaaad1a13998, 0xffff96aa40e0, 0 <unfinished ...>
[pid 359] 14:58:09.036906 libssl.so.3->EVP_PKEY_keygen_init(0xaaaad1a40bf0, 0, 0, 0xaaaad1a40c60) = 1 <0.000116>
[pid 359] 14:58:09.037107 libssl.so.3->EVP_PKEY_keygen(0xaaaad1a40bf0, 0xfffffa26e8e0, 0, 0 <unfinished ...>
[pid 359] 14:58:09.037267 oqsprovider.so->OQS_KEM_new(0xaaaad1a3ef90, 0xaaaad1a3f990, 912, 0) = 0xaaaad1a3f9d0 <0.000216>
[pid 359] 14:58:09.037547 oqsprovider.so->OQS_KEM_keypair(0xaaaad1a3f9d0, 0xaaaad1a493d0, 0xaaaad1a49cb0, 0xaaaad1a4a540) = 0 <0.001271>
[pid 359] 14:58:09.038922 <... EVP_PKEY_keygen resumed> ) = 1 <0.001772>
[pid 359] 14:58:09.042707 libssl.so.3->EVP_PKEY_decapsulate_init(0xaaaad1a40bf0, 0, 0, 0xaaaad1a40c60) = 1 <0.000155>
[pid 359] 14:58:09.042913 libssl.so.3->EVP_PKEY_decapsulate(0xaaaad1a40bf0, 0, 0xfffffa26e860, 0xaaaad1a42eba) = 1 <0.000151>
[pid 359] 14:58:09.043122 libssl.so.3->EVP_PKEY_decapsulate(0xaaaad1a40bf0, 0xaaaad1a330f0, 0xfffffa26e860, 0xaaaad1a42eba <unfinished ...>
[pid 359] 14:58:09.043301 oqsprovider.so->OQS_KEM_decaps(0xaaaad1a3f9d0, 0xaaaad1a330f0, 0xaaaad1a42eba, 0xaaaad1a49cb0) = 0 <0.003152>
[pid 359] 14:58:09.046521 <... EVP_PKEY_decapsulate resumed> ) = 1 <0.003389>
[pid 359] 14:58:09.047187 libssl.so.3->X509_verify_cert(0xaaaad1a37f50, 0, 0, 0xffffffff) = 1 <0.000321>
[pid 359] 14:58:09.047738 libssl.so.3->EVP_DigestVerifyInit_ex(0xaaaad1a62e50, 0xfffffa26e968, 0, 0) = 1 <0.000102>
[pid 359] 14:58:09.047899 libssl.so.3->EVP_DigestVerify(0xaaaad1a62e50, 0xaaaad1a42e68, 2420, 0xfffffa26e970) = 1 <0.000264>
[pid 359] 14:58:09.048439 libssl.so.3->X509_verify_cert(0xaaaad1a37f50, 1, 0, 0) = 1 <0.000213>
[pid 359] 14:58:09.048862 libssl.so.3->EVP_DigestSignInit_ex(0xaaaad1966750, 0xfffffa26e950, 0, 0) = 1 <0.000155>
[pid 359] 14:58:09.049075 libssl.so.3->EVP_DigestSign(0xaaaad1966750, 0, 0xfffffa26e960, 0xfffffa26e970) = 1 <0.000125>
[pid 359] 14:58:09.049246 libssl.so.3->EVP_DigestSign(0xaaaad1966750, 0xaaaad1a54d10, 0xfffffa26e960, 0xfffffa26e970) = 1 <0.000412>
[pid 359] 14:58:09.049877 <... SSL_connect resumed> ) = 1 <0.013271>
[pid 359] 14:58:09.050110 oqsprovider.so->OQS_KEM_free(0xaaaad1a3f9d0, 1, 7, 0xaaaad1949010) = 0xaaaad1949030 <0.000104>
Handshake duration: 13.41 ms
[pid 359] 14:58:09.051458 +++ exited (status 0) +++
Execution 81 - TLS Mutual
s_connection: verify depth is 1
[pid 361] 14:58:09.078768 openssl->SSL_connect(0xaaaafdb42070, 0xaaaafdb1d998, 0xffff8ece40e0, 0 <unfinished ...>
[pid 361] 14:58:09.079052 libssl.so.3->EVP_PKEY_keygen_init(0xaaaafdb4abf0, 0, 0, 0xaaaafdb4ac60) = 1 <0.000104>
[pid 361] 14:58:09.079224 libssl.so.3->EVP_PKEY_keygen(0xaaaafdb4abf0, 0xfffff07f2260, 0, 0 <unfinished ...>
[pid 361] 14:58:09.079384 oqsprovider.so->OQS_KEM_new(0xaaaafdb48f90, 0xaaaafdb49990, 912, 0) = 0xaaaafdb499d0 <0.000108>
[pid 361] 14:58:09.079554 oqsprovider.so->OQS_KEM_keypair(0xaaaafdb499d0, 0xaaaafdb533d0, 0xaaaafdb53cb0, 0xaaaafdb54540) = 0 <0.001266>
[pid 361] 14:58:09.080871 <... EVP_PKEY_keygen resumed> ) = 1 <0.001641>
[pid 361] 14:58:09.084622 libssl.so.3->EVP_PKEY_decapsulate_init(0xaaaafdb4abf0, 0, 0, 0xaaaafdb4ac60) = 1 <0.000141>
[pid 361] 14:58:09.084843 libssl.so.3->EVP_PKEY_decapsulate(0xaaaafdb4abf0, 0, 0xfffff07f21e0, 0xaaaafdb4ceba) = 1 <0.000157>
[pid 361] 14:58:09.085024 libssl.so.3->EVP_PKEY_decapsulate(0xaaaafdb4abf0, 0xaaaafdb3d0f0, 0xfffff07f21e0, 0xaaaafdb4ceba <unfinished ...>
[pid 361] 14:58:09.085192 oqsprovider.so->OQS_KEM_decaps(0xaaaafdb499d0, 0xaaaafdb3d0f0, 0xaaaafdb4ceba, 0xaaaafdb53cb0) = 0 <0.003118>
[pid 361] 14:58:09.088368 <... EVP_PKEY_decapsulate resumed> ) = 1 <0.003339>
[pid 361] 14:58:09.089060 libssl.so.3->X509_verify_cert(0xaaaafdb41f50, 0, 0, 0xffffffff) = 1 <0.000318>
[pid 361] 14:58:09.089597 libssl.so.3->EVP_DigestVerifyInit_ex(0xaaaafdb6ce50, 0xfffff07f22e8, 0, 0) = 1 <0.000136>
[pid 361] 14:58:09.089804 libssl.so.3->EVP_DigestVerify(0xaaaafdb6ce50, 0xaaaafdb4ce68, 2420, 0xfffff07f22f0) = 1 <0.000260>
[pid 361] 14:58:09.090266 libssl.so.3->X509_verify_cert(0xaaaafdb41f50, 1, 0, 0) = 1 <0.000176>
[pid 361] 14:58:09.090626 libssl.so.3->EVP_DigestSignInit_ex(0xaaaafda70750, 0xfffff07f22d0, 0, 0) = 1 <0.000101>
[pid 361] 14:58:09.090784 libssl.so.3->EVP_DigestSign(0xaaaafda70750, 0, 0xfffff07f22e0, 0xfffff07f22f0) = 1 <0.000143>
[pid 361] 14:58:09.090991 libssl.so.3->EVP_DigestSign(0xaaaafda70750, 0xaaaafdb5ed10, 0xfffff07f22e0, 0xfffff07f22f0) = 1 <0.000698>
[pid 361] 14:58:09.091914 <... SSL_connect resumed> ) = 1 <0.013138>
[pid 361] 14:58:09.092159 oqsprovider.so->OQS_KEM_free(0xaaaafdb499d0, 1, 7, 0xaaaafda53010) = 0xaaaafda53030 <0.000145>
Handshake duration: 13.27 ms
[pid 361] 14:58:09.093441 +++ exited (status 0) +++
Execution 82 - TLS Mutual
s_connection: verify depth is 1
[pid 363] 14:58:09.120609 openssl->SSL_connect(0xaaaaf0d95070, 0xaaaaf0d70998, 0xffff847440e0, 0 <unfinished ...>
[pid 363] 14:58:09.120947 libssl.so.3->EVP_PKEY_keygen_init(0xaaaaf0d9dbf0, 0, 0, 0xaaaaf0d9dc60) = 1 <0.000111>
[pid 363] 14:58:09.121131 libssl.so.3->EVP_PKEY_keygen(0xaaaaf0d9dbf0, 0xffffd00b6a70, 0, 0 <unfinished ...>
[pid 363] 14:58:09.121384 oqsprovider.so->OQS_KEM_new(0xaaaaf0d9bf90, 0xaaaaf0d9c990, 912, 0) = 0xaaaaf0d9c9d0 <0.000122>
[pid 363] 14:58:09.121575 oqsprovider.so->OQS_KEM_keypair(0xaaaaf0d9c9d0, 0xaaaaf0da63d0, 0xaaaaf0da6cb0, 0xaaaaf0da7540) = 0 <0.001278>
[pid 363] 14:58:09.122919 <... EVP_PKEY_keygen resumed> ) = 1 <0.001784>
[pid 363] 14:58:09.126665 libssl.so.3->EVP_PKEY_decapsulate_init(0xaaaaf0d9dbf0, 0, 0, 0xaaaaf0d9dc60) = 1 <0.000164>
[pid 363] 14:58:09.126875 libssl.so.3->EVP_PKEY_decapsulate(0xaaaaf0d9dbf0, 0, 0xffffd00b69f0, 0xaaaaf0d9feba) = 1 <0.000124>
[pid 363] 14:58:09.127038 libssl.so.3->EVP_PKEY_decapsulate(0xaaaaf0d9dbf0, 0xaaaaf0d900f0, 0xffffd00b69f0, 0xaaaaf0d9feba <unfinished ...>
[pid 363] 14:58:09.127225 oqsprovider.so->OQS_KEM_decaps(0xaaaaf0d9c9d0, 0xaaaaf0d900f0, 0xaaaaf0d9feba, 0xaaaaf0da6cb0) = 0 <0.003126>
[pid 363] 14:58:09.130410 <... EVP_PKEY_decapsulate resumed> ) = 1 <0.003363>
[pid 363] 14:58:09.131068 libssl.so.3->X509_verify_cert(0xaaaaf0d94f50, 0, 0, 0xffffffff) = 1 <0.000290>
[pid 363] 14:58:09.131558 libssl.so.3->EVP_DigestVerifyInit_ex(0xaaaaf0dbfe50, 0xffffd00b6af8, 0, 0) = 1 <0.000136>
[pid 363] 14:58:09.131750 libssl.so.3->EVP_DigestVerify(0xaaaaf0dbfe50, 0xaaaaf0d9fe68, 2420, 0xffffd00b6b00) = 1 <0.000214>
[pid 363] 14:58:09.132176 libssl.so.3->X509_verify_cert(0xaaaaf0d94f50, 1, 0, 0) = 1 <0.000234>
[pid 363] 14:58:09.132598 libssl.so.3->EVP_DigestSignInit_ex(0xaaaaf0cc3750, 0xffffd00b6ae0, 0, 0) = 1 <0.000134>
[pid 363] 14:58:09.132783 libssl.so.3->EVP_DigestSign(0xaaaaf0cc3750, 0, 0xffffd00b6af0, 0xffffd00b6b00) = 1 <0.000117>
[pid 363] 14:58:09.132946 libssl.so.3->EVP_DigestSign(0xaaaaf0cc3750, 0xaaaaf0db1d10, 0xffffd00b6af0, 0xffffd00b6b00) = 1 <0.000501>
[pid 363] 14:58:09.133733 <... SSL_connect resumed> ) = 1 <0.013121>
[pid 363] 14:58:09.134006 oqsprovider.so->OQS_KEM_free(0xaaaaf0d9c9d0, 1, 7, 0xaaaaf0ca6010) = 0xaaaaf0ca6030 <0.000102>
Handshake duration: 13.27 ms
[pid 363] 14:58:09.135340 +++ exited (status 0) +++
Execution 83 - TLS Mutual
s_connection: verify depth is 1
[pid 365] 14:58:09.162515 openssl->SSL_connect(0xaaaaed689070, 0xaaaaed664998, 0xffffa47f40e0, 0 <unfinished ...>
[pid 365] 14:58:09.162807 libssl.so.3->EVP_PKEY_keygen_init(0xaaaaed691bf0, 0, 0, 0xaaaaed691c60) = 1 <0.000097>
[pid 365] 14:58:09.162983 libssl.so.3->EVP_PKEY_keygen(0xaaaaed691bf0, 0xffffe24c4800, 0, 0 <unfinished ...>
[pid 365] 14:58:09.163134 oqsprovider.so->OQS_KEM_new(0xaaaaed68ff90, 0xaaaaed690990, 912, 0) = 0xaaaaed6909d0 <0.000124>
[pid 365] 14:58:09.163334 oqsprovider.so->OQS_KEM_keypair(0xaaaaed6909d0, 0xaaaaed69a3d0, 0xaaaaed69acb0, 0xaaaaed69b540) = 0 <0.001179>
[pid 365] 14:58:09.164580 <... EVP_PKEY_keygen resumed> ) = 1 <0.001599>
[pid 365] 14:58:09.168300 libssl.so.3->EVP_PKEY_decapsulate_init(0xaaaaed691bf0, 0, 0, 0xaaaaed691c60) = 1 <0.000161>
[pid 365] 14:58:09.168511 libssl.so.3->EVP_PKEY_decapsulate(0xaaaaed691bf0, 0, 0xffffe24c4780, 0xaaaaed693eba) = 1 <0.000106>
[pid 365] 14:58:09.168719 libssl.so.3->EVP_PKEY_decapsulate(0xaaaaed691bf0, 0xaaaaed6840f0, 0xffffe24c4780, 0xaaaaed693eba <unfinished ...>
[pid 365] 14:58:09.168883 oqsprovider.so->OQS_KEM_decaps(0xaaaaed6909d0, 0xaaaaed6840f0, 0xaaaaed693eba, 0xaaaaed69acb0) = 0 <0.003061>
[pid 365] 14:58:09.172002 <... EVP_PKEY_decapsulate resumed> ) = 1 <0.003296>
[pid 365] 14:58:09.172680 libssl.so.3->X509_verify_cert(0xaaaaed688f50, 0, 0, 0xffffffff) = 1 <0.000312>
[pid 365] 14:58:09.173201 libssl.so.3->EVP_DigestVerifyInit_ex(0xaaaaed6b3e50, 0xffffe24c4888, 0, 0) = 1 <0.000131>
[pid 365] 14:58:09.173391 libssl.so.3->EVP_DigestVerify(0xaaaaed6b3e50, 0xaaaaed693e68, 2420, 0xffffe24c4890) = 1 <0.000169>
[pid 365] 14:58:09.173756 libssl.so.3->X509_verify_cert(0xaaaaed688f50, 1, 0, 0) = 1 <0.000182>
[pid 365] 14:58:09.174110 libssl.so.3->EVP_DigestSignInit_ex(0xaaaaed5b7750, 0xffffe24c4870, 0, 0) = 1 <0.000098>
[pid 365] 14:58:09.174304 libssl.so.3->EVP_DigestSign(0xaaaaed5b7750, 0, 0xffffe24c4880, 0xffffe24c4890) = 1 <0.000123>
[pid 365] 14:58:09.174475 libssl.so.3->EVP_DigestSign(0xaaaaed5b7750, 0xaaaaed6a5d10, 0xffffe24c4880, 0xffffe24c4890) = 1 <0.000306>
[pid 365] 14:58:09.175005 <... SSL_connect resumed> ) = 1 <0.012486>
[pid 365] 14:58:09.175211 oqsprovider.so->OQS_KEM_free(0xaaaaed6909d0, 1, 7, 0xaaaaed59a010) = 0xaaaaed59a030 <0.000115>
Handshake duration: 12.61 ms
[pid 365] 14:58:09.176540 +++ exited (status 0) +++
Execution 84 - TLS Mutual
s_connection: verify depth is 1
[pid 367] 14:58:09.204044 openssl->SSL_connect(0xaaaaf9aeb070, 0xaaaaf9ac6998, 0xffff837040e0, 0 <unfinished ...>
[pid 367] 14:58:09.204414 libssl.so.3->EVP_PKEY_keygen_init(0xaaaaf9af3bf0, 0, 0, 0xaaaaf9af3c60) = 1 <0.000111>
[pid 367] 14:58:09.204595 libssl.so.3->EVP_PKEY_keygen(0xaaaaf9af3bf0, 0xfffff101a630, 0, 0 <unfinished ...>
[pid 367] 14:58:09.204755 oqsprovider.so->OQS_KEM_new(0xaaaaf9af1f90, 0xaaaaf9af2990, 912, 0) = 0xaaaaf9af29d0 <0.000095>
[pid 367] 14:58:09.204995 oqsprovider.so->OQS_KEM_keypair(0xaaaaf9af29d0, 0xaaaaf9afc3d0, 0xaaaaf9afccb0, 0xaaaaf9afd540) = 0 <0.001261>
[pid 367] 14:58:09.206310 <... EVP_PKEY_keygen resumed> ) = 1 <0.001710>
[pid 367] 14:58:09.210144 libssl.so.3->EVP_PKEY_decapsulate_init(0xaaaaf9af3bf0, 0, 0, 0xaaaaf9af3c60) = 1 <0.000183>
[pid 367] 14:58:09.210407 libssl.so.3->EVP_PKEY_decapsulate(0xaaaaf9af3bf0, 0, 0xfffff101a5b0, 0xaaaaf9af5eba) = 1 <0.000154>
[pid 367] 14:58:09.210610 libssl.so.3->EVP_PKEY_decapsulate(0xaaaaf9af3bf0, 0xaaaaf9ae60f0, 0xfffff101a5b0, 0xaaaaf9af5eba <unfinished ...>
[pid 367] 14:58:09.210750 oqsprovider.so->OQS_KEM_decaps(0xaaaaf9af29d0, 0xaaaaf9ae60f0, 0xaaaaf9af5eba, 0xaaaaf9afccb0) = 0 <0.003173>
[pid 367] 14:58:09.213982 <... EVP_PKEY_decapsulate resumed> ) = 1 <0.003368>
[pid 367] 14:58:09.214694 libssl.so.3->X509_verify_cert(0xaaaaf9aeaf50, 0, 0, 0xffffffff) = 1 <0.000261>
[pid 367] 14:58:09.215160 libssl.so.3->EVP_DigestVerifyInit_ex(0xaaaaf9b15e50, 0xfffff101a6b8, 0, 0) = 1 <0.000129>
[pid 367] 14:58:09.215362 libssl.so.3->EVP_DigestVerify(0xaaaaf9b15e50, 0xaaaaf9af5e68, 2420, 0xfffff101a6c0) = 1 <0.000167>
[pid 367] 14:58:09.215780 libssl.so.3->X509_verify_cert(0xaaaaf9aeaf50, 1, 0, 0) = 1 <0.000200>
[pid 367] 14:58:09.216156 libssl.so.3->EVP_DigestSignInit_ex(0xaaaaf9a19750, 0xfffff101a6a0, 0, 0) = 1 <0.000138>
[pid 367] 14:58:09.216373 libssl.so.3->EVP_DigestSign(0xaaaaf9a19750, 0, 0xfffff101a6b0, 0xfffff101a6c0) = 1 <0.000135>
[pid 367] 14:58:09.216541 libssl.so.3->EVP_DigestSign(0xaaaaf9a19750, 0xaaaaf9b07d10, 0xfffff101a6b0, 0xfffff101a6c0) = 1 <0.000347>
[pid 367] 14:58:09.217152 <... SSL_connect resumed> ) = 1 <0.013106>
[pid 367] 14:58:09.217441 oqsprovider.so->OQS_KEM_free(0xaaaaf9af29d0, 1, 7, 0xaaaaf99fc010) = 0xaaaaf99fc030 <0.000116>
Handshake duration: 13.32 ms
[pid 367] 14:58:09.218752 +++ exited (status 0) +++
Execution 85 - TLS Mutual
s_connection: verify depth is 1
[pid 369] 14:58:09.246117 openssl->SSL_connect(0xaaaadc24b070, 0xaaaadc226998, 0xffffb30840e0, 0 <unfinished ...>
[pid 369] 14:58:09.246428 libssl.so.3->EVP_PKEY_keygen_init(0xaaaadc253bf0, 0, 0, 0xaaaadc253c60) = 1 <0.000111>
[pid 369] 14:58:09.246621 libssl.so.3->EVP_PKEY_keygen(0xaaaadc253bf0, 0xffffec822cf0, 0, 0 <unfinished ...>
[pid 369] 14:58:09.246794 oqsprovider.so->OQS_KEM_new(0xaaaadc251f90, 0xaaaadc252990, 912, 0) = 0xaaaadc2529d0 <0.000129>
[pid 369] 14:58:09.246992 oqsprovider.so->OQS_KEM_keypair(0xaaaadc2529d0, 0xaaaadc25c3d0, 0xaaaadc25ccb0, 0xaaaadc25d540) = 0 <0.001325>
[pid 369] 14:58:09.248389 <... EVP_PKEY_keygen resumed> ) = 1 <0.001753>
[pid 369] 14:58:09.252160 libssl.so.3->EVP_PKEY_decapsulate_init(0xaaaadc253bf0, 0, 0, 0xaaaadc253c60) = 1 <0.000242>
[pid 369] 14:58:09.252450 libssl.so.3->EVP_PKEY_decapsulate(0xaaaadc253bf0, 0, 0xffffec822c70, 0xaaaadc255eba) = 1 <0.000194>
[pid 369] 14:58:09.252723 libssl.so.3->EVP_PKEY_decapsulate(0xaaaadc253bf0, 0xaaaadc2460f0, 0xffffec822c70, 0xaaaadc255eba <unfinished ...>
[pid 369] 14:58:09.252886 oqsprovider.so->OQS_KEM_decaps(0xaaaadc2529d0, 0xaaaadc2460f0, 0xaaaadc255eba, 0xaaaadc25ccb0) = 0 <0.003193>
[pid 369] 14:58:09.256134 <... EVP_PKEY_decapsulate resumed> ) = 1 <0.003420>
[pid 369] 14:58:09.256867 libssl.so.3->X509_verify_cert(0xaaaadc24af50, 0, 0, 0xffffffff) = 1 <0.000283>
[pid 369] 14:58:09.257367 libssl.so.3->EVP_DigestVerifyInit_ex(0xaaaadc275e50, 0xffffec822d78, 0, 0) = 1 <0.000122>
[pid 369] 14:58:09.257566 libssl.so.3->EVP_DigestVerify(0xaaaadc275e50, 0xaaaadc255e68, 2420, 0xffffec822d80) = 1 <0.000207>
[pid 369] 14:58:09.257987 libssl.so.3->X509_verify_cert(0xaaaadc24af50, 1, 0, 0) = 1 <0.000226>
[pid 369] 14:58:09.258365 libssl.so.3->EVP_DigestSignInit_ex(0xaaaadc179750, 0xffffec822d60, 0, 0) = 1 <0.000117>
[pid 369] 14:58:09.258548 libssl.so.3->EVP_DigestSign(0xaaaadc179750, 0, 0xffffec822d70, 0xffffec822d80) = 1 <0.000100>
[pid 369] 14:58:09.258694 libssl.so.3->EVP_DigestSign(0xaaaadc179750, 0xaaaadc267d10, 0xffffec822d70, 0xffffec822d80) = 1 <0.000366>
[pid 369] 14:58:09.259309 <... SSL_connect resumed> ) = 1 <0.013187>
[pid 369] 14:58:09.259513 oqsprovider.so->OQS_KEM_free(0xaaaadc2529d0, 1, 7, 0xaaaadc15c010) = 0xaaaadc15c030 <0.000122>
Handshake duration: 13.34 ms
[pid 369] 14:58:09.260833 +++ exited (status 0) +++
Execution 86 - TLS Mutual
s_connection: verify depth is 1
[pid 371] 14:58:09.287969 openssl->SSL_connect(0xaaaaeba75070, 0xaaaaeba50998, 0xffff978240e0, 0 <unfinished ...>
[pid 371] 14:58:09.288293 libssl.so.3->EVP_PKEY_keygen_init(0xaaaaeba7dbf0, 0, 0, 0xaaaaeba7dc60) = 1 <0.000119>
[pid 371] 14:58:09.288465 libssl.so.3->EVP_PKEY_keygen(0xaaaaeba7dbf0, 0xffffc8840350, 0, 0 <unfinished ...>
[pid 371] 14:58:09.288584 oqsprovider.so->OQS_KEM_new(0xaaaaeba7bf90, 0xaaaaeba7c990, 912, 0) = 0xaaaaeba7c9d0 <0.000098>
[pid 371] 14:58:09.288733 oqsprovider.so->OQS_KEM_keypair(0xaaaaeba7c9d0, 0xaaaaeba863d0, 0xaaaaeba86cb0, 0xaaaaeba87540) = 0 <0.001228>
[pid 371] 14:58:09.290021 <... EVP_PKEY_keygen resumed> ) = 1 <0.001553>
[pid 371] 14:58:09.293757 libssl.so.3->EVP_PKEY_decapsulate_init(0xaaaaeba7dbf0, 0, 0, 0xaaaaeba7dc60) = 1 <0.000183>
[pid 371] 14:58:09.293998 libssl.so.3->EVP_PKEY_decapsulate(0xaaaaeba7dbf0, 0, 0xffffc88402d0, 0xaaaaeba7feba) = 1 <0.000119>
[pid 371] 14:58:09.294263 libssl.so.3->EVP_PKEY_decapsulate(0xaaaaeba7dbf0, 0xaaaaeba700f0, 0xffffc88402d0, 0xaaaaeba7feba <unfinished ...>
[pid 371] 14:58:09.294407 oqsprovider.so->OQS_KEM_decaps(0xaaaaeba7c9d0, 0xaaaaeba700f0, 0xaaaaeba7feba, 0xaaaaeba86cb0) = 0 <0.003127>
[pid 371] 14:58:09.297593 <... EVP_PKEY_decapsulate resumed> ) = 1 <0.003323>
[pid 371] 14:58:09.298280 libssl.so.3->X509_verify_cert(0xaaaaeba74f50, 0, 0, 0xffffffff) = 1 <0.000264>
[pid 371] 14:58:09.298742 libssl.so.3->EVP_DigestVerifyInit_ex(0xaaaaeba9fe50, 0xffffc88403d8, 0, 0) = 1 <0.000113>
[pid 371] 14:58:09.298904 libssl.so.3->EVP_DigestVerify(0xaaaaeba9fe50, 0xaaaaeba7fe68, 2420, 0xffffc88403e0) = 1 <0.000204>
[pid 371] 14:58:09.299341 libssl.so.3->X509_verify_cert(0xaaaaeba74f50, 1, 0, 0) = 1 <0.000198>
[pid 371] 14:58:09.299699 libssl.so.3->EVP_DigestSignInit_ex(0xaaaaeb9a3750, 0xffffc88403c0, 0, 0) = 1 <0.000103>
[pid 371] 14:58:09.299880 libssl.so.3->EVP_DigestSign(0xaaaaeb9a3750, 0, 0xffffc88403d0, 0xffffc88403e0) = 1 <0.000115>
[pid 371] 14:58:09.300097 libssl.so.3->EVP_DigestSign(0xaaaaeb9a3750, 0xaaaaeba91d10, 0xffffc88403d0, 0xffffc88403e0) = 1 <0.000536>
[pid 371] 14:58:09.300888 <... SSL_connect resumed> ) = 1 <0.012913>
[pid 371] 14:58:09.301097 oqsprovider.so->OQS_KEM_free(0xaaaaeba7c9d0, 1, 7, 0xaaaaeb986010) = 0xaaaaeb986030 <0.000084>
Handshake duration: 13.05 ms
[pid 371] 14:58:09.302369 +++ exited (status 0) +++
Execution 87 - TLS Mutual
s_connection: verify depth is 1
[pid 373] 14:58:09.329654 openssl->SSL_connect(0xaaaaf5114070, 0xaaaaf50ef998, 0xffffbc5340e0, 0 <unfinished ...>
[pid 373] 14:58:09.329932 libssl.so.3->EVP_PKEY_keygen_init(0xaaaaf511cbf0, 0, 0, 0xaaaaf511cc60) = 1 <0.000095>
[pid 373] 14:58:09.330094 libssl.so.3->EVP_PKEY_keygen(0xaaaaf511cbf0, 0xffffcbfe91f0, 0, 0 <unfinished ...>
[pid 373] 14:58:09.330321 oqsprovider.so->OQS_KEM_new(0xaaaaf511af90, 0xaaaaf511b990, 912, 0) = 0xaaaaf511b9d0 <0.000087>
[pid 373] 14:58:09.330478 oqsprovider.so->OQS_KEM_keypair(0xaaaaf511b9d0, 0xaaaaf51253d0, 0xaaaaf5125cb0, 0xaaaaf5126540) = 0 <0.001288>
[pid 373] 14:58:09.331818 <... EVP_PKEY_keygen resumed> ) = 1 <0.001718>
[pid 373] 14:58:09.335621 libssl.so.3->EVP_PKEY_decapsulate_init(0xaaaaf511cbf0, 0, 0, 0xaaaaf511cc60) = 1 <0.000159>
[pid 373] 14:58:09.335828 libssl.so.3->EVP_PKEY_decapsulate(0xaaaaf511cbf0, 0, 0xffffcbfe9170, 0xaaaaf511eeba) = 1 <0.000110>
[pid 373] 14:58:09.335982 libssl.so.3->EVP_PKEY_decapsulate(0xaaaaf511cbf0, 0xaaaaf510f0f0, 0xffffcbfe9170, 0xaaaaf511eeba <unfinished ...>
[pid 373] 14:58:09.336094 oqsprovider.so->OQS_KEM_decaps(0xaaaaf511b9d0, 0xaaaaf510f0f0, 0xaaaaf511eeba, 0xaaaaf5125cb0) = 0 <0.003050>
[pid 373] 14:58:09.339203 <... EVP_PKEY_decapsulate resumed> ) = 1 <0.003217>
[pid 373] 14:58:09.339887 libssl.so.3->X509_verify_cert(0xaaaaf5113f50, 0, 0, 0xffffffff) = 1 <0.000303>
[pid 373] 14:58:09.340462 libssl.so.3->EVP_DigestVerifyInit_ex(0xaaaaf513ee50, 0xffffcbfe9278, 0, 0) = 1 <0.000105>
[pid 373] 14:58:09.340652 libssl.so.3->EVP_DigestVerify(0xaaaaf513ee50, 0xaaaaf511ee68, 2420, 0xffffcbfe9280) = 1 <0.000219>
[pid 373] 14:58:09.341095 libssl.so.3->X509_verify_cert(0xaaaaf5113f50, 1, 0, 0) = 1 <0.000200>
[pid 373] 14:58:09.341505 libssl.so.3->EVP_DigestSignInit_ex(0xaaaaf5042750, 0xffffcbfe9260, 0, 0) = 1 <0.000138>
[pid 373] 14:58:09.341688 libssl.so.3->EVP_DigestSign(0xaaaaf5042750, 0, 0xffffcbfe9270, 0xffffcbfe9280) = 1 <0.000117>
[pid 373] 14:58:09.341868 libssl.so.3->EVP_DigestSign(0xaaaaf5042750, 0xaaaaf5130d10, 0xffffcbfe9270, 0xffffcbfe9280) = 1 <0.000618>
[pid 373] 14:58:09.342813 <... SSL_connect resumed> ) = 1 <0.013157>
[pid 373] 14:58:09.343079 oqsprovider.so->OQS_KEM_free(0xaaaaf511b9d0, 1, 7, 0xaaaaf5025010) = 0xaaaaf5025030 <0.000092>
Handshake duration: 13.35 ms
[pid 373] 14:58:09.344459 +++ exited (status 0) +++
Execution 88 - TLS Mutual
s_connection: verify depth is 1
[pid 375] 14:58:09.371753 openssl->SSL_connect(0xaaaaec7cf070, 0xaaaaec7aa998, 0xffffa44940e0, 0 <unfinished ...>
[pid 375] 14:58:09.372137 libssl.so.3->EVP_PKEY_keygen_init(0xaaaaec7d7bf0, 0, 0, 0xaaaaec7d7c60) = 1 <0.000111>
[pid 375] 14:58:09.372337 libssl.so.3->EVP_PKEY_keygen(0xaaaaec7d7bf0, 0xffffce8b56a0, 0, 0 <unfinished ...>
[pid 375] 14:58:09.372452 oqsprovider.so->OQS_KEM_new(0xaaaaec7d5f90, 0xaaaaec7d6990, 912, 0) = 0xaaaaec7d69d0 <0.000146>
[pid 375] 14:58:09.372666 oqsprovider.so->OQS_KEM_keypair(0xaaaaec7d69d0, 0xaaaaec7e03d0, 0xaaaaec7e0cb0, 0xaaaaec7e1540) = 0 <0.001297>
[pid 375] 14:58:09.374027 <... EVP_PKEY_keygen resumed> ) = 1 <0.001685>
[pid 375] 14:58:09.377923 libssl.so.3->EVP_PKEY_decapsulate_init(0xaaaaec7d7bf0, 0, 0, 0xaaaaec7d7c60) = 1 <0.000144>
[pid 375] 14:58:09.378136 libssl.so.3->EVP_PKEY_decapsulate(0xaaaaec7d7bf0, 0, 0xffffce8b5620, 0xaaaaec7d9eba) = 1 <0.000119>
[pid 375] 14:58:09.378279 libssl.so.3->EVP_PKEY_decapsulate(0xaaaaec7d7bf0, 0xaaaaec7ca0f0, 0xffffce8b5620, 0xaaaaec7d9eba <unfinished ...>
[pid 375] 14:58:09.378391 oqsprovider.so->OQS_KEM_decaps(0xaaaaec7d69d0, 0xaaaaec7ca0f0, 0xaaaaec7d9eba, 0xaaaaec7e0cb0) = 0 <0.003114>
[pid 375] 14:58:09.381563 <... EVP_PKEY_decapsulate resumed> ) = 1 <0.003276>
[pid 375] 14:58:09.382290 libssl.so.3->X509_verify_cert(0xaaaaec7cef50, 0, 0, 0xffffffff) = 1 <0.000280>
[pid 375] 14:58:09.382772 libssl.so.3->EVP_DigestVerifyInit_ex(0xaaaaec7f9e50, 0xffffce8b5728, 0, 0) = 1 <0.000138>
[pid 375] 14:58:09.382970 libssl.so.3->EVP_DigestVerify(0xaaaaec7f9e50, 0xaaaaec7d9e68, 2420, 0xffffce8b5730) = 1 <0.000169>
[pid 375] 14:58:09.383381 libssl.so.3->X509_verify_cert(0xaaaaec7cef50, 1, 0, 0) = 1 <0.000193>
[pid 375] 14:58:09.383730 libssl.so.3->EVP_DigestSignInit_ex(0xaaaaec6fd750, 0xffffce8b5710, 0, 0) = 1 <0.000099>
[pid 375] 14:58:09.383895 libssl.so.3->EVP_DigestSign(0xaaaaec6fd750, 0, 0xffffce8b5720, 0xffffce8b5730) = 1 <0.000149>
[pid 375] 14:58:09.384137 libssl.so.3->EVP_DigestSign(0xaaaaec6fd750, 0xaaaaec7ebd10, 0xffffce8b5720, 0xffffce8b5730) = 1 <0.000593>
[pid 375] 14:58:09.384955 <... SSL_connect resumed> ) = 1 <0.013198>
[pid 375] 14:58:09.385160 oqsprovider.so->OQS_KEM_free(0xaaaaec7d69d0, 1, 7, 0xaaaaec6e0010) = 0xaaaaec6e0030 <0.000085>
Handshake duration: 13.33 ms
[pid 375] 14:58:09.386400 +++ exited (status 0) +++
Execution 89 - TLS Mutual
s_connection: verify depth is 1
[pid 377] 14:58:09.414356 openssl->SSL_connect(0xaaaadd0c1070, 0xaaaadd09c998, 0xffff804f40e0, 0 <unfinished ...>
[pid 377] 14:58:09.414672 libssl.so.3->EVP_PKEY_keygen_init(0xaaaadd0c9bf0, 0, 0, 0xaaaadd0c9c60) = 1 <0.000118>
[pid 377] 14:58:09.414846 libssl.so.3->EVP_PKEY_keygen(0xaaaadd0c9bf0, 0xfffff062f980, 0, 0 <unfinished ...>
[pid 377] 14:58:09.414939 oqsprovider.so->OQS_KEM_new(0xaaaadd0c7f90, 0xaaaadd0c8990, 912, 0) = 0xaaaadd0c89d0 <0.000103>
[pid 377] 14:58:09.415120 oqsprovider.so->OQS_KEM_keypair(0xaaaadd0c89d0, 0xaaaadd0d23d0, 0xaaaadd0d2cb0, 0xaaaadd0d3540) = 0 <0.001332>
[pid 377] 14:58:09.416511 <... EVP_PKEY_keygen resumed> ) = 1 <0.001658>
[pid 377] 14:58:09.420206 libssl.so.3->EVP_PKEY_decapsulate_init(0xaaaadd0c9bf0, 0, 0, 0xaaaadd0c9c60) = 1 <0.000152>
[pid 377] 14:58:09.420433 libssl.so.3->EVP_PKEY_decapsulate(0xaaaadd0c9bf0, 0, 0xfffff062f900, 0xaaaadd0cbeba) = 1 <0.000123>
[pid 377] 14:58:09.420610 libssl.so.3->EVP_PKEY_decapsulate(0xaaaadd0c9bf0, 0xaaaadd0bc0f0, 0xfffff062f900, 0xaaaadd0cbeba <unfinished ...>
[pid 377] 14:58:09.420769 oqsprovider.so->OQS_KEM_decaps(0xaaaadd0c89d0, 0xaaaadd0bc0f0, 0xaaaadd0cbeba, 0xaaaadd0d2cb0) = 0 <0.003106>
[pid 377] 14:58:09.423932 <... EVP_PKEY_decapsulate resumed> ) = 1 <0.003319>
[pid 377] 14:58:09.424593 libssl.so.3->X509_verify_cert(0xaaaadd0c0f50, 0, 0, 0xffffffff) = 1 <0.000283>
[pid 377] 14:58:09.425102 libssl.so.3->EVP_DigestVerifyInit_ex(0xaaaadd0ebe50, 0xfffff062fa08, 0, 0) = 1 <0.000106>
[pid 377] 14:58:09.425262 libssl.so.3->EVP_DigestVerify(0xaaaadd0ebe50, 0xaaaadd0cbe68, 2420, 0xfffff062fa10) = 1 <0.000152>
[pid 377] 14:58:09.425620 libssl.so.3->X509_verify_cert(0xaaaadd0c0f50, 1, 0, 0) = 1 <0.000198>
[pid 377] 14:58:09.425994 libssl.so.3->EVP_DigestSignInit_ex(0xaaaadcfef750, 0xfffff062f9f0, 0, 0) = 1 <0.000110>
[pid 377] 14:58:09.426157 libssl.so.3->EVP_DigestSign(0xaaaadcfef750, 0, 0xfffff062fa00, 0xfffff062fa10) = 1 <0.000129>
[pid 377] 14:58:09.426338 libssl.so.3->EVP_DigestSign(0xaaaadcfef750, 0xaaaadd0ddd10, 0xfffff062fa00, 0xfffff062fa10) = 1 <0.000783>
[pid 377] 14:58:09.427385 <... SSL_connect resumed> ) = 1 <0.013025>
[pid 377] 14:58:09.427577 oqsprovider.so->OQS_KEM_free(0xaaaadd0c89d0, 1, 7, 0xaaaadcfd2010) = 0xaaaadcfd2030 <0.000135>
Handshake duration: 13.15 ms
[pid 377] 14:58:09.428911 +++ exited (status 0) +++
Execution 90 - TLS Mutual
s_connection: verify depth is 1
[pid 379] 14:58:09.456470 openssl->SSL_connect(0xaaab07750070, 0xaaab0772b998, 0xffff835040e0, 0 <unfinished ...>
[pid 379] 14:58:09.456822 libssl.so.3->EVP_PKEY_keygen_init(0xaaab07758bf0, 0, 0, 0xaaab07758c60) = 1 <0.000113>
[pid 379] 14:58:09.456988 libssl.so.3->EVP_PKEY_keygen(0xaaab07758bf0, 0xffffe4ef7bf0, 0, 0 <unfinished ...>
[pid 379] 14:58:09.457122 oqsprovider.so->OQS_KEM_new(0xaaab07756f90, 0xaaab07757990, 912, 0) = 0xaaab077579d0 <0.000082>
[pid 379] 14:58:09.457248 oqsprovider.so->OQS_KEM_keypair(0xaaab077579d0, 0xaaab077613d0, 0xaaab07761cb0, 0xaaab07762540) = 0 <0.001221>
[pid 379] 14:58:09.458541 <... EVP_PKEY_keygen resumed> ) = 1 <0.001549>
[pid 379] 14:58:09.462276 libssl.so.3->EVP_PKEY_decapsulate_init(0xaaab07758bf0, 0, 0, 0xaaab07758c60) = 1 <0.000183>
[pid 379] 14:58:09.462513 libssl.so.3->EVP_PKEY_decapsulate(0xaaab07758bf0, 0, 0xffffe4ef7b70, 0xaaab0775aeba) = 1 <0.000127>
[pid 379] 14:58:09.462705 libssl.so.3->EVP_PKEY_decapsulate(0xaaab07758bf0, 0xaaab0774b0f0, 0xffffe4ef7b70, 0xaaab0775aeba <unfinished ...>
[pid 379] 14:58:09.462839 oqsprovider.so->OQS_KEM_decaps(0xaaab077579d0, 0xaaab0774b0f0, 0xaaab0775aeba, 0xaaab07761cb0) = 0 <0.003135>
[pid 379] 14:58:09.466033 <... EVP_PKEY_decapsulate resumed> ) = 1 <0.003322>
[pid 379] 14:58:09.466733 libssl.so.3->X509_verify_cert(0xaaab0774ff50, 0, 0, 0xffffffff) = 1 <0.000277>
[pid 379] 14:58:09.467216 libssl.so.3->EVP_DigestVerifyInit_ex(0xaaab0777ae50, 0xffffe4ef7c78, 0, 0) = 1 <0.000113>
[pid 379] 14:58:09.467427 libssl.so.3->EVP_DigestVerify(0xaaab0777ae50, 0xaaab0775ae68, 2420, 0xffffe4ef7c80) = 1 <0.000174>
[pid 379] 14:58:09.467849 libssl.so.3->X509_verify_cert(0xaaab0774ff50, 1, 0, 0) = 1 <0.000205>
[pid 379] 14:58:09.468201 libssl.so.3->EVP_DigestSignInit_ex(0xaaab0767e750, 0xffffe4ef7c60, 0, 0) = 1 <0.000124>
[pid 379] 14:58:09.468373 libssl.so.3->EVP_DigestSign(0xaaab0767e750, 0, 0xffffe4ef7c70, 0xffffe4ef7c80) = 1 <0.000116>
[pid 379] 14:58:09.468548 libssl.so.3->EVP_DigestSign(0xaaab0767e750, 0xaaab0776cd10, 0xffffe4ef7c70, 0xffffe4ef7c80) = 1 <0.000281>
[pid 379] 14:58:09.469077 <... SSL_connect resumed> ) = 1 <0.012600>
[pid 379] 14:58:09.469279 oqsprovider.so->OQS_KEM_free(0xaaab077579d0, 1, 7, 0xaaab07661010) = 0xaaab07661030 <0.000095>
Handshake duration: 12.73 ms
[pid 379] 14:58:09.470565 +++ exited (status 0) +++
Execution 91 - TLS Mutual
s_connection: verify depth is 1
[pid 381] 14:58:09.497819 openssl->SSL_connect(0xaaaaf43e5070, 0xaaaaf43c0998, 0xffff7fbb40e0, 0 <unfinished ...>
[pid 381] 14:58:09.498125 libssl.so.3->EVP_PKEY_keygen_init(0xaaaaf43edbf0, 0, 0, 0xaaaaf43edc60) = 1 <0.000104>
[pid 381] 14:58:09.498317 libssl.so.3->EVP_PKEY_keygen(0xaaaaf43edbf0, 0xffffe432dcf0, 0, 0 <unfinished ...>
[pid 381] 14:58:09.498442 oqsprovider.so->OQS_KEM_new(0xaaaaf43ebf90, 0xaaaaf43ec990, 912, 0) = 0xaaaaf43ec9d0 <0.000102>
[pid 381] 14:58:09.498606 oqsprovider.so->OQS_KEM_keypair(0xaaaaf43ec9d0, 0xaaaaf43f63d0, 0xaaaaf43f6cb0, 0xaaaaf43f7540) = 0 <0.001272>
[pid 381] 14:58:09.499965 <... EVP_PKEY_keygen resumed> ) = 1 <0.001614>
[pid 381] 14:58:09.503723 libssl.so.3->EVP_PKEY_decapsulate_init(0xaaaaf43edbf0, 0, 0, 0xaaaaf43edc60) = 1 <0.000160>
[pid 381] 14:58:09.503936 libssl.so.3->EVP_PKEY_decapsulate(0xaaaaf43edbf0, 0, 0xffffe432dc70, 0xaaaaf43efeba) = 1 <0.000107>
[pid 381] 14:58:09.504108 libssl.so.3->EVP_PKEY_decapsulate(0xaaaaf43edbf0, 0xaaaaf43e00f0, 0xffffe432dc70, 0xaaaaf43efeba <unfinished ...>
[pid 381] 14:58:09.504220 oqsprovider.so->OQS_KEM_decaps(0xaaaaf43ec9d0, 0xaaaaf43e00f0, 0xaaaaf43efeba, 0xaaaaf43f6cb0) = 0 <0.003150>
[pid 381] 14:58:09.507428 <... EVP_PKEY_decapsulate resumed> ) = 1 <0.003318>
[pid 381] 14:58:09.508082 libssl.so.3->X509_verify_cert(0xaaaaf43e4f50, 0, 0, 0xffffffff) = 1 <0.000291>
[pid 381] 14:58:09.508595 libssl.so.3->EVP_DigestVerifyInit_ex(0xaaaaf440fe50, 0xffffe432dd78, 0, 0) = 1 <0.000137>
[pid 381] 14:58:09.508790 libssl.so.3->EVP_DigestVerify(0xaaaaf440fe50, 0xaaaaf43efe68, 2420, 0xffffe432dd80) = 1 <0.000204>
[pid 381] 14:58:09.509252 libssl.so.3->X509_verify_cert(0xaaaaf43e4f50, 1, 0, 0) = 1 <0.000171>
[pid 381] 14:58:09.509587 libssl.so.3->EVP_DigestSignInit_ex(0xaaaaf4313750, 0xffffe432dd60, 0, 0) = 1 <0.000103>
[pid 381] 14:58:09.509739 libssl.so.3->EVP_DigestSign(0xaaaaf4313750, 0, 0xffffe432dd70, 0xffffe432dd80) = 1 <0.000102>
[pid 381] 14:58:09.509901 libssl.so.3->EVP_DigestSign(0xaaaaf4313750, 0xaaaaf4401d10, 0xffffe432dd70, 0xffffe432dd80) = 1 <0.000381>
[pid 381] 14:58:09.510588 <... SSL_connect resumed> ) = 1 <0.012762>
[pid 381] 14:58:09.510786 oqsprovider.so->OQS_KEM_free(0xaaaaf43ec9d0, 1, 7, 0xaaaaf42f6010) = 0xaaaaf42f6030 <0.000108>
Handshake duration: 12.89 ms
[pid 381] 14:58:09.512076 +++ exited (status 0) +++
Execution 92 - TLS Mutual
s_connection: verify depth is 1
[pid 383] 14:58:09.539094 openssl->SSL_connect(0xaaaaeba97070, 0xaaaaeba72998, 0xffff8a2640e0, 0 <unfinished ...>
[pid 383] 14:58:09.539419 libssl.so.3->EVP_PKEY_keygen_init(0xaaaaeba9fbf0, 0, 0, 0xaaaaeba9fc60) = 1 <0.000097>
[pid 383] 14:58:09.539648 libssl.so.3->EVP_PKEY_keygen(0xaaaaeba9fbf0, 0xfffff0b148d0, 0, 0 <unfinished ...>
[pid 383] 14:58:09.539770 oqsprovider.so->OQS_KEM_new(0xaaaaeba9df90, 0xaaaaeba9e990, 912, 0) = 0xaaaaeba9e9d0 <0.000144>
[pid 383] 14:58:09.539974 oqsprovider.so->OQS_KEM_keypair(0xaaaaeba9e9d0, 0xaaaaebaa83d0, 0xaaaaebaa8cb0, 0xaaaaebaa9540) = 0 <0.001212>
[pid 383] 14:58:09.541252 <... EVP_PKEY_keygen resumed> ) = 1 <0.001618>
[pid 383] 14:58:09.545048 libssl.so.3->EVP_PKEY_decapsulate_init(0xaaaaeba9fbf0, 0, 0, 0xaaaaeba9fc60) = 1 <0.000185>
[pid 383] 14:58:09.545329 libssl.so.3->EVP_PKEY_decapsulate(0xaaaaeba9fbf0, 0, 0xfffff0b14850, 0xaaaaebaa1eba) = 1 <0.000103>
[pid 383] 14:58:09.545492 libssl.so.3->EVP_PKEY_decapsulate(0xaaaaeba9fbf0, 0xaaaaeba920f0, 0xfffff0b14850, 0xaaaaebaa1eba <unfinished ...>
[pid 383] 14:58:09.545608 oqsprovider.so->OQS_KEM_decaps(0xaaaaeba9e9d0, 0xaaaaeba920f0, 0xaaaaebaa1eba, 0xaaaaebaa8cb0) = 0 <0.003191>
[pid 383] 14:58:09.548859 <... EVP_PKEY_decapsulate resumed> ) = 1 <0.003361>
[pid 383] 14:58:09.549576 libssl.so.3->X509_verify_cert(0xaaaaeba96f50, 0, 0, 0xffffffff) = 1 <0.000310>
[pid 383] 14:58:09.550109 libssl.so.3->EVP_DigestVerifyInit_ex(0xaaaaebac1e50, 0xfffff0b14958, 0, 0) = 1 <0.000116>
[pid 383] 14:58:09.550359 libssl.so.3->EVP_DigestVerify(0xaaaaebac1e50, 0xaaaaebaa1e68, 2420, 0xfffff0b14960) = 1 <0.000277>
[pid 383] 14:58:09.550882 libssl.so.3->X509_verify_cert(0xaaaaeba96f50, 1, 0, 0) = 1 <0.000201>
[pid 383] 14:58:09.551260 libssl.so.3->EVP_DigestSignInit_ex(0xaaaaeb9c5750, 0xfffff0b14940, 0, 0) = 1 <0.000134>
[pid 383] 14:58:09.551449 libssl.so.3->EVP_DigestSign(0xaaaaeb9c5750, 0, 0xfffff0b14950, 0xfffff0b14960) = 1 <0.000154>
[pid 383] 14:58:09.551660 libssl.so.3->EVP_DigestSign(0xaaaaeb9c5750, 0xaaaaebab3d10, 0xfffff0b14950, 0xfffff0b14960) = 1 <0.000365>
[pid 383] 14:58:09.552315 <... SSL_connect resumed> ) = 1 <0.013215>
[pid 383] 14:58:09.552572 oqsprovider.so->OQS_KEM_free(0xaaaaeba9e9d0, 1, 7, 0xaaaaeb9a8010) = 0xaaaaeb9a8030 <0.000107>
Handshake duration: 13.35 ms
[pid 383] 14:58:09.553892 +++ exited (status 0) +++
Execution 93 - TLS Mutual
s_connection: verify depth is 1
[pid 385] 14:58:09.581105 openssl->SSL_connect(0xaaab00e67070, 0xaaab00e42998, 0xffff860a40e0, 0 <unfinished ...>
[pid 385] 14:58:09.581464 libssl.so.3->EVP_PKEY_keygen_init(0xaaab00e6fbf0, 0, 0, 0xaaab00e6fc60) = 1 <0.000097>
[pid 385] 14:58:09.581636 libssl.so.3->EVP_PKEY_keygen(0xaaab00e6fbf0, 0xffffffab3910, 0, 0 <unfinished ...>
[pid 385] 14:58:09.581767 oqsprovider.so->OQS_KEM_new(0xaaab00e6df90, 0xaaab00e6e990, 912, 0) = 0xaaab00e6e9d0 <0.000105>
[pid 385] 14:58:09.581931 oqsprovider.so->OQS_KEM_keypair(0xaaab00e6e9d0, 0xaaab00e783d0, 0xaaab00e78cb0, 0xaaab00e79540) = 0 <0.001276>
[pid 385] 14:58:09.583269 <... EVP_PKEY_keygen resumed> ) = 1 <0.001625>
[pid 385] 14:58:09.586933 libssl.so.3->EVP_PKEY_decapsulate_init(0xaaab00e6fbf0, 0, 0, 0xaaab00e6fc60) = 1 <0.000179>
[pid 385] 14:58:09.587158 libssl.so.3->EVP_PKEY_decapsulate(0xaaab00e6fbf0, 0, 0xffffffab3890, 0xaaab00e71eba) = 1 <0.000089>
[pid 385] 14:58:09.587341 libssl.so.3->EVP_PKEY_decapsulate(0xaaab00e6fbf0, 0xaaab00e620f0, 0xffffffab3890, 0xaaab00e71eba <unfinished ...>
[pid 385] 14:58:09.587443 oqsprovider.so->OQS_KEM_decaps(0xaaab00e6e9d0, 0xaaab00e620f0, 0xaaab00e71eba, 0xaaab00e78cb0) = 0 <0.003110>
[pid 385] 14:58:09.590612 <... EVP_PKEY_decapsulate resumed> ) = 1 <0.003264>
[pid 385] 14:58:09.591307 libssl.so.3->X509_verify_cert(0xaaab00e66f50, 0, 0, 0xffffffff) = 1 <0.000272>
[pid 385] 14:58:09.591796 libssl.so.3->EVP_DigestVerifyInit_ex(0xaaab00e91e50, 0xffffffab3998, 0, 0) = 1 <0.000120>
[pid 385] 14:58:09.591964 libssl.so.3->EVP_DigestVerify(0xaaab00e91e50, 0xaaab00e71e68, 2420, 0xffffffab39a0) = 1 <0.000196>
[pid 385] 14:58:09.592389 libssl.so.3->X509_verify_cert(0xaaab00e66f50, 1, 0, 0) = 1 <0.000190>
[pid 385] 14:58:09.592749 libssl.so.3->EVP_DigestSignInit_ex(0xaaab00d95750, 0xffffffab3980, 0, 0) = 1 <0.000084>
[pid 385] 14:58:09.592911 libssl.so.3->EVP_DigestSign(0xaaab00d95750, 0, 0xffffffab3990, 0xffffffab39a0) = 1 <0.000140>
[pid 385] 14:58:09.593090 libssl.so.3->EVP_DigestSign(0xaaab00d95750, 0xaaab00e83d10, 0xffffffab3990, 0xffffffab39a0) = 1 <0.001008>
[pid 385] 14:58:09.594333 <... SSL_connect resumed> ) = 1 <0.013220>
[pid 385] 14:58:09.594502 oqsprovider.so->OQS_KEM_free(0xaaab00e6e9d0, 1, 7, 0xaaab00d78010) = 0xaaab00d78030 <0.000145>
Handshake duration: 13.31 ms
[pid 385] 14:58:09.595824 +++ exited (status 0) +++
Execution 94 - TLS Mutual
s_connection: verify depth is 1
[pid 387] 14:58:09.623284 openssl->SSL_connect(0xaaaac86ce070, 0xaaaac86a9998, 0xffff83de40e0, 0 <unfinished ...>
[pid 387] 14:58:09.623604 libssl.so.3->EVP_PKEY_keygen_init(0xaaaac86d6bf0, 0, 0, 0xaaaac86d6c60) = 1 <0.000107>
[pid 387] 14:58:09.623767 libssl.so.3->EVP_PKEY_keygen(0xaaaac86d6bf0, 0xffffe1615620, 0, 0 <unfinished ...>
[pid 387] 14:58:09.623893 oqsprovider.so->OQS_KEM_new(0xaaaac86d4f90, 0xaaaac86d5990, 912, 0) = 0xaaaac86d59d0 <0.000112>
[pid 387] 14:58:09.624090 oqsprovider.so->OQS_KEM_keypair(0xaaaac86d59d0, 0xaaaac86df3d0, 0xaaaac86dfcb0, 0xaaaac86e0540) = 0 <0.001226>
[pid 387] 14:58:09.625372 <... EVP_PKEY_keygen resumed> ) = 1 <0.001600>
[pid 387] 14:58:09.629205 libssl.so.3->EVP_PKEY_decapsulate_init(0xaaaac86d6bf0, 0, 0, 0xaaaac86d6c60) = 1 <0.000178>
[pid 387] 14:58:09.629439 libssl.so.3->EVP_PKEY_decapsulate(0xaaaac86d6bf0, 0, 0xffffe16155a0, 0xaaaac86d8eba) = 1 <0.000237>
[pid 387] 14:58:09.629732 libssl.so.3->EVP_PKEY_decapsulate(0xaaaac86d6bf0, 0xaaaac86c90f0, 0xffffe16155a0, 0xaaaac86d8eba <unfinished ...>
[pid 387] 14:58:09.629853 oqsprovider.so->OQS_KEM_decaps(0xaaaac86d59d0, 0xaaaac86c90f0, 0xaaaac86d8eba, 0xaaaac86dfcb0) = 0 <0.003107>
[pid 387] 14:58:09.633026 <... EVP_PKEY_decapsulate resumed> ) = 1 <0.003284>
[pid 387] 14:58:09.633707 libssl.so.3->X509_verify_cert(0xaaaac86cdf50, 0, 0, 0xffffffff) = 1 <0.000266>
[pid 387] 14:58:09.634194 libssl.so.3->EVP_DigestVerifyInit_ex(0xaaaac86f8e50, 0xffffe16156a8, 0, 0) = 1 <0.000136>
[pid 387] 14:58:09.634400 libssl.so.3->EVP_DigestVerify(0xaaaac86f8e50, 0xaaaac86d8e68, 2420, 0xffffe16156b0) = 1 <0.000234>
[pid 387] 14:58:09.634844 libssl.so.3->X509_verify_cert(0xaaaac86cdf50, 1, 0, 0) = 1 <0.000192>
[pid 387] 14:58:09.635208 libssl.so.3->EVP_DigestSignInit_ex(0xaaaac85fc750, 0xffffe1615690, 0, 0) = 1 <0.000105>
[pid 387] 14:58:09.635381 libssl.so.3->EVP_DigestSign(0xaaaac85fc750, 0, 0xffffe16156a0, 0xffffe16156b0) = 1 <0.000097>
[pid 387] 14:58:09.635524 libssl.so.3->EVP_DigestSign(0xaaaac85fc750, 0xaaaac86ead10, 0xffffe16156a0, 0xffffe16156b0) = 1 <0.000907>
[pid 387] 14:58:09.636722 <... SSL_connect resumed> ) = 1 <0.013434>
[pid 387] 14:58:09.636942 oqsprovider.so->OQS_KEM_free(0xaaaac86d59d0, 1, 7, 0xaaaac85df010) = 0xaaaac85df030 <0.000088>
Handshake duration: 13.57 ms
[pid 387] 14:58:09.638245 +++ exited (status 0) +++
Execution 95 - TLS Mutual
s_connection: verify depth is 1
[pid 389] 14:58:09.665339 openssl->SSL_connect(0xaaab01634070, 0xaaab0160f998, 0xffffbb3040e0, 0 <unfinished ...>
[pid 389] 14:58:09.665622 libssl.so.3->EVP_PKEY_keygen_init(0xaaab0163cbf0, 0, 0, 0xaaab0163cc60) = 1 <0.000121>
[pid 389] 14:58:09.665809 libssl.so.3->EVP_PKEY_keygen(0xaaab0163cbf0, 0xffffd6f63550, 0, 0 <unfinished ...>
[pid 389] 14:58:09.665925 oqsprovider.so->OQS_KEM_new(0xaaab0163af90, 0xaaab0163b990, 912, 0) = 0xaaab0163b9d0 <0.000089>
[pid 389] 14:58:09.666103 oqsprovider.so->OQS_KEM_keypair(0xaaab0163b9d0, 0xaaab016453d0, 0xaaab01645cb0, 0xaaab01646540) = 0 <0.001224>
[pid 389] 14:58:09.667370 <... EVP_PKEY_keygen resumed> ) = 1 <0.001555>
[pid 389] 14:58:09.671053 libssl.so.3->EVP_PKEY_decapsulate_init(0xaaab0163cbf0, 0, 0, 0xaaab0163cc60) = 1 <0.000160>
[pid 389] 14:58:09.671281 libssl.so.3->EVP_PKEY_decapsulate(0xaaab0163cbf0, 0, 0xffffd6f634d0, 0xaaab0163eeba) = 1 <0.000146>
[pid 389] 14:58:09.671485 libssl.so.3->EVP_PKEY_decapsulate(0xaaab0163cbf0, 0xaaab0162f0f0, 0xffffd6f634d0, 0xaaab0163eeba <unfinished ...>
[pid 389] 14:58:09.671617 oqsprovider.so->OQS_KEM_decaps(0xaaab0163b9d0, 0xaaab0162f0f0, 0xaaab0163eeba, 0xaaab01645cb0) = 0 <0.003080>
[pid 389] 14:58:09.674750 <... EVP_PKEY_decapsulate resumed> ) = 1 <0.003262>
[pid 389] 14:58:09.675428 libssl.so.3->X509_verify_cert(0xaaab01633f50, 0, 0, 0xffffffff) = 1 <0.000277>
[pid 389] 14:58:09.675919 libssl.so.3->EVP_DigestVerifyInit_ex(0xaaab0165ee50, 0xffffd6f635d8, 0, 0) = 1 <0.000121>
[pid 389] 14:58:09.676103 libssl.so.3->EVP_DigestVerify(0xaaab0165ee50, 0xaaab0163ee68, 2420, 0xffffd6f635e0) = 1 <0.000196>
[pid 389] 14:58:09.676534 libssl.so.3->X509_verify_cert(0xaaab01633f50, 1, 0, 0) = 1 <0.000206>
[pid 389] 14:58:09.676911 libssl.so.3->EVP_DigestSignInit_ex(0xaaab01562750, 0xffffd6f635c0, 0, 0) = 1 <0.000106>
[pid 389] 14:58:09.677068 libssl.so.3->EVP_DigestSign(0xaaab01562750, 0, 0xffffd6f635d0, 0xffffd6f635e0) = 1 <0.000099>
[pid 389] 14:58:09.677223 libssl.so.3->EVP_DigestSign(0xaaab01562750, 0xaaab01650d10, 0xffffd6f635d0, 0xffffd6f635e0) = 1 <0.000390>
[pid 389] 14:58:09.677865 <... SSL_connect resumed> ) = 1 <0.012522>
[pid 389] 14:58:09.678113 oqsprovider.so->OQS_KEM_free(0xaaab0163b9d0, 1, 7, 0xaaab01545010) = 0xaaab01545030 <0.000097>
Handshake duration: 12.69 ms
[pid 389] 14:58:09.679419 +++ exited (status 0) +++
Execution 96 - TLS Mutual
s_connection: verify depth is 1
[pid 391] 14:58:09.706718 openssl->SSL_connect(0xaaab0303b070, 0xaaab03016998, 0xffffaa5b40e0, 0 <unfinished ...>
[pid 391] 14:58:09.707018 libssl.so.3->EVP_PKEY_keygen_init(0xaaab03043bf0, 0, 0, 0xaaab03043c60) = 1 <0.000121>
[pid 391] 14:58:09.707212 libssl.so.3->EVP_PKEY_keygen(0xaaab03043bf0, 0xfffffecbc780, 0, 0 <unfinished ...>
[pid 391] 14:58:09.707363 oqsprovider.so->OQS_KEM_new(0xaaab03041f90, 0xaaab03042990, 912, 0) = 0xaaab030429d0 <0.000127>
[pid 391] 14:58:09.707530 oqsprovider.so->OQS_KEM_keypair(0xaaab030429d0, 0xaaab0304c3d0, 0xaaab0304ccb0, 0xaaab0304d540) = 0 <0.001271>
[pid 391] 14:58:09.708862 <... EVP_PKEY_keygen resumed> ) = 1 <0.001643>
[pid 391] 14:58:09.712635 libssl.so.3->EVP_PKEY_decapsulate_init(0xaaab03043bf0, 0, 0, 0xaaab03043c60) = 1 <0.000135>
[pid 391] 14:58:09.712829 libssl.so.3->EVP_PKEY_decapsulate(0xaaab03043bf0, 0, 0xfffffecbc700, 0xaaab03045eba) = 1 <0.000109>
[pid 391] 14:58:09.712982 libssl.so.3->EVP_PKEY_decapsulate(0xaaab03043bf0, 0xaaab030360f0, 0xfffffecbc700, 0xaaab03045eba <unfinished ...>
[pid 391] 14:58:09.713093 oqsprovider.so->OQS_KEM_decaps(0xaaab030429d0, 0xaaab030360f0, 0xaaab03045eba, 0xaaab0304ccb0) = 0 <0.003043>
[pid 391] 14:58:09.716191 <... EVP_PKEY_decapsulate resumed> ) = 1 <0.003202>
[pid 391] 14:58:09.716883 libssl.so.3->X509_verify_cert(0xaaab0303af50, 0, 0, 0xffffffff) = 1 <0.000332>
[pid 391] 14:58:09.717455 libssl.so.3->EVP_DigestVerifyInit_ex(0xaaab03065e50, 0xfffffecbc808, 0, 0) = 1 <0.000108>
[pid 391] 14:58:09.717622 libssl.so.3->EVP_DigestVerify(0xaaab03065e50, 0xaaab03045e68, 2420, 0xfffffecbc810) = 1 <0.000186>
[pid 391] 14:58:09.718037 libssl.so.3->X509_verify_cert(0xaaab0303af50, 1, 0, 0) = 1 <0.000231>
[pid 391] 14:58:09.718476 libssl.so.3->EVP_DigestSignInit_ex(0xaaab02f69750, 0xfffffecbc7f0, 0, 0) = 1 <0.000137>
[pid 391] 14:58:09.718670 libssl.so.3->EVP_DigestSign(0xaaab02f69750, 0, 0xfffffecbc800, 0xfffffecbc810) = 1 <0.000114>
[pid 391] 14:58:09.718854 libssl.so.3->EVP_DigestSign(0xaaab02f69750, 0xaaab03057d10, 0xfffffecbc800, 0xfffffecbc810) = 1 <0.000326>
[pid 391] 14:58:09.719500 <... SSL_connect resumed> ) = 1 <0.012778>
[pid 391] 14:58:09.719706 oqsprovider.so->OQS_KEM_free(0xaaab030429d0, 1, 7, 0xaaab02f4c010) = 0xaaab02f4c030 <0.000135>
Handshake duration: 12.91 ms
[pid 391] 14:58:09.721032 +++ exited (status 0) +++
Execution 97 - TLS Mutual
s_connection: verify depth is 1
[pid 393] 14:58:09.748502 openssl->SSL_connect(0xaaab02d61070, 0xaaab02d3c998, 0xffffa85e40e0, 0 <unfinished ...>
[pid 393] 14:58:09.748873 libssl.so.3->EVP_PKEY_keygen_init(0xaaab02d69bf0, 0, 0, 0xaaab02d69c60) = 1 <0.000110>
[pid 393] 14:58:09.749033 libssl.so.3->EVP_PKEY_keygen(0xaaab02d69bf0, 0xffffe161da90, 0, 0 <unfinished ...>
[pid 393] 14:58:09.749187 oqsprovider.so->OQS_KEM_new(0xaaab02d67f90, 0xaaab02d68990, 912, 0) = 0xaaab02d689d0 <0.000166>
[pid 393] 14:58:09.749454 oqsprovider.so->OQS_KEM_keypair(0xaaab02d689d0, 0xaaab02d723d0, 0xaaab02d72cb0, 0xaaab02d73540) = 0 <0.001298>
[pid 393] 14:58:09.750802 <... EVP_PKEY_keygen resumed> ) = 1 <0.001765>
[pid 393] 14:58:09.754685 libssl.so.3->EVP_PKEY_decapsulate_init(0xaaab02d69bf0, 0, 0, 0xaaab02d69c60) = 1 <0.000145>
[pid 393] 14:58:09.754943 libssl.so.3->EVP_PKEY_decapsulate(0xaaab02d69bf0, 0, 0xffffe161da10, 0xaaab02d6beba) = 1 <0.000157>
[pid 393] 14:58:09.755149 libssl.so.3->EVP_PKEY_decapsulate(0xaaab02d69bf0, 0xaaab02d5c0f0, 0xffffe161da10, 0xaaab02d6beba <unfinished ...>
[pid 393] 14:58:09.755336 oqsprovider.so->OQS_KEM_decaps(0xaaab02d689d0, 0xaaab02d5c0f0, 0xaaab02d6beba, 0xaaab02d72cb0) = 0 <0.003069>
[pid 393] 14:58:09.758463 <... EVP_PKEY_decapsulate resumed> ) = 1 <0.003310>
[pid 393] 14:58:09.759147 libssl.so.3->X509_verify_cert(0xaaab02d60f50, 0, 0, 0xffffffff) = 1 <0.000290>
[pid 393] 14:58:09.759688 libssl.so.3->EVP_DigestVerifyInit_ex(0xaaab02d8be50, 0xffffe161db18, 0, 0) = 1 <0.000125>
[pid 393] 14:58:09.759885 libssl.so.3->EVP_DigestVerify(0xaaab02d8be50, 0xaaab02d6be68, 2420, 0xffffe161db20) = 1 <0.000204>
[pid 393] 14:58:09.760343 libssl.so.3->X509_verify_cert(0xaaab02d60f50, 1, 0, 0) = 1 <0.000209>
[pid 393] 14:58:09.760743 libssl.so.3->EVP_DigestSignInit_ex(0xaaab02c8f750, 0xffffe161db00, 0, 0) = 1 <0.000127>
[pid 393] 14:58:09.760914 libssl.so.3->EVP_DigestSign(0xaaab02c8f750, 0, 0xffffe161db10, 0xffffe161db20) = 1 <0.000112>
[pid 393] 14:58:09.761080 libssl.so.3->EVP_DigestSign(0xaaab02c8f750, 0xaaab02d7dd10, 0xffffe161db10, 0xffffe161db20) = 1 <0.000342>
[pid 393] 14:58:09.761667 <... SSL_connect resumed> ) = 1 <0.013160>
[pid 393] 14:58:09.761870 oqsprovider.so->OQS_KEM_free(0xaaab02d689d0, 1, 7, 0xaaab02c72010) = 0xaaab02c72030 <0.000098>
Handshake duration: 13.28 ms
[pid 393] 14:58:09.763166 +++ exited (status 0) +++
Execution 98 - TLS Mutual
s_connection: verify depth is 1
[pid 395] 14:58:09.790302 openssl->SSL_connect(0xaaab121b8070, 0xaaab12193998, 0xffffb03c40e0, 0 <unfinished ...>
[pid 395] 14:58:09.790597 libssl.so.3->EVP_PKEY_keygen_init(0xaaab121c0bf0, 0, 0, 0xaaab121c0c60) = 1 <0.000110>
[pid 395] 14:58:09.790770 libssl.so.3->EVP_PKEY_keygen(0xaaab121c0bf0, 0xffffc1db1430, 0, 0 <unfinished ...>
[pid 395] 14:58:09.790882 oqsprovider.so->OQS_KEM_new(0xaaab121bef90, 0xaaab121bf990, 912, 0) = 0xaaab121bf9d0 <0.000088>
[pid 395] 14:58:09.791038 oqsprovider.so->OQS_KEM_keypair(0xaaab121bf9d0, 0xaaab121c93d0, 0xaaab121c9cb0, 0xaaab121ca540) = 0 <0.001234>
[pid 395] 14:58:09.792354 <... EVP_PKEY_keygen resumed> ) = 1 <0.001574>
[pid 395] 14:58:09.796104 libssl.so.3->EVP_PKEY_decapsulate_init(0xaaab121c0bf0, 0, 0, 0xaaab121c0c60) = 1 <0.000180>
[pid 395] 14:58:09.796331 libssl.so.3->EVP_PKEY_decapsulate(0xaaab121c0bf0, 0, 0xffffc1db13b0, 0xaaab121c2eba) = 1 <0.000156>
[pid 395] 14:58:09.796567 libssl.so.3->EVP_PKEY_decapsulate(0xaaab121c0bf0, 0xaaab121b30f0, 0xffffc1db13b0, 0xaaab121c2eba <unfinished ...>
[pid 395] 14:58:09.796671 oqsprovider.so->OQS_KEM_decaps(0xaaab121bf9d0, 0xaaab121b30f0, 0xaaab121c2eba, 0xaaab121c9cb0) = 0 <0.003137>
[pid 395] 14:58:09.799860 <... EVP_PKEY_decapsulate resumed> ) = 1 <0.003287>
[pid 395] 14:58:09.800559 libssl.so.3->X509_verify_cert(0xaaab121b7f50, 0, 0, 0xffffffff) = 1 <0.000314>
[pid 395] 14:58:09.801105 libssl.so.3->EVP_DigestVerifyInit_ex(0xaaab121e2e50, 0xffffc1db14b8, 0, 0) = 1 <0.000111>
[pid 395] 14:58:09.801260 libssl.so.3->EVP_DigestVerify(0xaaab121e2e50, 0xaaab121c2e68, 2420, 0xffffc1db14c0) = 1 <0.000194>
[pid 395] 14:58:09.801676 libssl.so.3->X509_verify_cert(0xaaab121b7f50, 1, 0, 0) = 1 <0.000215>
[pid 395] 14:58:09.802082 libssl.so.3->EVP_DigestSignInit_ex(0xaaab120e6750, 0xffffc1db14a0, 0, 0) = 1 <0.000128>
[pid 395] 14:58:09.802244 libssl.so.3->EVP_DigestSign(0xaaab120e6750, 0, 0xffffc1db14b0, 0xffffc1db14c0) = 1 <0.000102>
[pid 395] 14:58:09.802400 libssl.so.3->EVP_DigestSign(0xaaab120e6750, 0xaaab121d4d10, 0xffffc1db14b0, 0xffffc1db14c0) = 1 <0.000400>
[pid 395] 14:58:09.803043 <... SSL_connect resumed> ) = 1 <0.012732>
[pid 395] 14:58:09.803344 oqsprovider.so->OQS_KEM_free(0xaaab121bf9d0, 1, 7, 0xaaab120c9010) = 0xaaab120c9030 <0.000111>
Handshake duration: 12.93 ms
[pid 395] 14:58:09.804639 +++ exited (status 0) +++
Execution 99 - TLS Mutual
s_connection: verify depth is 1
[pid 397] 14:58:09.831890 openssl->SSL_connect(0xaaaae4c66070, 0xaaaae4c41998, 0xffff9db940e0, 0 <unfinished ...>
[pid 397] 14:58:09.832227 libssl.so.3->EVP_PKEY_keygen_init(0xaaaae4c6ebf0, 0, 0, 0xaaaae4c6ec60) = 1 <0.000172>
[pid 397] 14:58:09.832455 libssl.so.3->EVP_PKEY_keygen(0xaaaae4c6ebf0, 0xffffccbb19c0, 0, 0 <unfinished ...>
[pid 397] 14:58:09.832702 oqsprovider.so->OQS_KEM_new(0xaaaae4c6cf90, 0xaaaae4c6d990, 912, 0) = 0xaaaae4c6d9d0 <0.000129>
[pid 397] 14:58:09.832902 oqsprovider.so->OQS_KEM_keypair(0xaaaae4c6d9d0, 0xaaaae4c773d0, 0xaaaae4c77cb0, 0xaaaae4c78540) = 0 <0.001265>
[pid 397] 14:58:09.834229 <... EVP_PKEY_keygen resumed> ) = 1 <0.001766>
[pid 397] 14:58:09.838010 libssl.so.3->EVP_PKEY_decapsulate_init(0xaaaae4c6ebf0, 0, 0, 0xaaaae4c6ec60) = 1 <0.000158>
[pid 397] 14:58:09.838220 libssl.so.3->EVP_PKEY_decapsulate(0xaaaae4c6ebf0, 0, 0xffffccbb1940, 0xaaaae4c70eba) = 1 <0.000198>
[pid 397] 14:58:09.838473 libssl.so.3->EVP_PKEY_decapsulate(0xaaaae4c6ebf0, 0xaaaae4c610f0, 0xffffccbb1940, 0xaaaae4c70eba <unfinished ...>
[pid 397] 14:58:09.838632 oqsprovider.so->OQS_KEM_decaps(0xaaaae4c6d9d0, 0xaaaae4c610f0, 0xaaaae4c70eba, 0xaaaae4c77cb0) = 0 <0.003062>
[pid 397] 14:58:09.841752 <... EVP_PKEY_decapsulate resumed> ) = 1 <0.003274>
[pid 397] 14:58:09.842453 libssl.so.3->X509_verify_cert(0xaaaae4c65f50, 0, 0, 0xffffffff) = 1 <0.000280>
[pid 397] 14:58:09.842959 libssl.so.3->EVP_DigestVerifyInit_ex(0xaaaae4c90e50, 0xffffccbb1a48, 0, 0) = 1 <0.000142>
[pid 397] 14:58:09.843153 libssl.so.3->EVP_DigestVerify(0xaaaae4c90e50, 0xaaaae4c70e68, 2420, 0xffffccbb1a50) = 1 <0.000181>
[pid 397] 14:58:09.843557 libssl.so.3->X509_verify_cert(0xaaaae4c65f50, 1, 0, 0) = 1 <0.000212>
[pid 397] 14:58:09.843928 libssl.so.3->EVP_DigestSignInit_ex(0xaaaae4b94750, 0xffffccbb1a30, 0, 0) = 1 <0.000117>
[pid 397] 14:58:09.844092 libssl.so.3->EVP_DigestSign(0xaaaae4b94750, 0, 0xffffccbb1a40, 0xffffccbb1a50) = 1 <0.000202>
[pid 397] 14:58:09.844342 libssl.so.3->EVP_DigestSign(0xaaaae4b94750, 0xaaaae4c82d10, 0xffffccbb1a40, 0xffffccbb1a50) = 1 <0.000394>
[pid 397] 14:58:09.844963 <... SSL_connect resumed> ) = 1 <0.013067>
[pid 397] 14:58:09.845218 oqsprovider.so->OQS_KEM_free(0xaaaae4c6d9d0, 1, 7, 0xaaaae4b77010) = 0xaaaae4b77030 <0.000116>
Handshake duration: 13.26 ms
[pid 397] 14:58:09.846550 +++ exited (status 0) +++
Execution 100 - TLS Mutual
s_connection: verify depth is 1
[pid 399] 14:58:09.874004 openssl->SSL_connect(0xaaaae37a9070, 0xaaaae3784998, 0xffff9ffe40e0, 0 <unfinished ...>
[pid 399] 14:58:09.874358 libssl.so.3->EVP_PKEY_keygen_init(0xaaaae37b1bf0, 0, 0, 0xaaaae37b1c60) = 1 <0.000150>
[pid 399] 14:58:09.874579 libssl.so.3->EVP_PKEY_keygen(0xaaaae37b1bf0, 0xffffc3161af0, 0, 0 <unfinished ...>
[pid 399] 14:58:09.874737 oqsprovider.so->OQS_KEM_new(0xaaaae37aff90, 0xaaaae37b0990, 912, 0) = 0xaaaae37b09d0 <0.000119>
[pid 399] 14:58:09.874971 oqsprovider.so->OQS_KEM_keypair(0xaaaae37b09d0, 0xaaaae37ba3d0, 0xaaaae37bacb0, 0xaaaae37bb540) = 0 <0.001214>
[pid 399] 14:58:09.876251 <... EVP_PKEY_keygen resumed> ) = 1 <0.001659>
[pid 399] 14:58:09.880083 libssl.so.3->EVP_PKEY_decapsulate_init(0xaaaae37b1bf0, 0, 0, 0xaaaae37b1c60) = 1 <0.000134>
[pid 399] 14:58:09.880322 libssl.so.3->EVP_PKEY_decapsulate(0xaaaae37b1bf0, 0, 0xffffc3161a70, 0xaaaae37b3eba) = 1 <0.000185>
[pid 399] 14:58:09.880566 libssl.so.3->EVP_PKEY_decapsulate(0xaaaae37b1bf0, 0xaaaae37a40f0, 0xffffc3161a70, 0xaaaae37b3eba <unfinished ...>
[pid 399] 14:58:09.880702 oqsprovider.so->OQS_KEM_decaps(0xaaaae37b09d0, 0xaaaae37a40f0, 0xaaaae37b3eba, 0xaaaae37bacb0) = 0 <0.003134>
[pid 399] 14:58:09.883890 <... EVP_PKEY_decapsulate resumed> ) = 1 <0.003318>
[pid 399] 14:58:09.884605 libssl.so.3->X509_verify_cert(0xaaaae37a8f50, 0, 0, 0xffffffff) = 1 <0.000293>
[pid 399] 14:58:09.885129 libssl.so.3->EVP_DigestVerifyInit_ex(0xaaaae37d3e50, 0xffffc3161b78, 0, 0) = 1 <0.000098>
[pid 399] 14:58:09.885293 libssl.so.3->EVP_DigestVerify(0xaaaae37d3e50, 0xaaaae37b3e68, 2420, 0xffffc3161b80) = 1 <0.000168>
[pid 399] 14:58:09.885696 libssl.so.3->X509_verify_cert(0xaaaae37a8f50, 1, 0, 0) = 1 <0.000200>
[pid 399] 14:58:09.886061 libssl.so.3->EVP_DigestSignInit_ex(0xaaaae36d7750, 0xffffc3161b60, 0, 0) = 1 <0.000120>
[pid 399] 14:58:09.886233 libssl.so.3->EVP_DigestSign(0xaaaae36d7750, 0, 0xffffc3161b70, 0xffffc3161b80) = 1 <0.000120>
[pid 399] 14:58:09.886420 libssl.so.3->EVP_DigestSign(0xaaaae36d7750, 0xaaaae37c5d10, 0xffffc3161b70, 0xffffc3161b80) = 1 <0.000344>
[pid 399] 14:58:09.887072 <... SSL_connect resumed> ) = 1 <0.013065>
[pid 399] 14:58:09.887270 oqsprovider.so->OQS_KEM_free(0xaaaae37b09d0, 1, 7, 0xaaaae36ba010) = 0xaaaae36ba030 <0.000115>
Handshake duration: 13.19 ms
[pid 399] 14:58:09.888535 +++ exited (status 0) +++
