Applying netem rules to lo...
Showing qdisc status for the interface: lo
qdisc netem 801f: root refcnt 2 limit 1000 seed 18386921271209016873
 Sent 0 bytes 0 pkt (dropped 0, overlimits 0 requeues 0) 
 backlog 0b 0p requeues 0
Running /opt/oqssa/perftestClientTlsQuic_ltrace.sh with SIG_ALG=mldsa87 and KEM_ALG=P-521
Execution 1 - TLS Mutual
s_connection: verify depth is 1
[pid 201] 14:59:49.124142 openssl->SSL_connect(0xaaaadebc2410, 0xaaaadeb94998, 0xffff82d640e0, 0 <unfinished ...>
[pid 201] 14:59:49.124641 libssl.so.3->EVP_PKEY_keygen_init(0xaaaadebc77c0, 0, 0, 0xaaaadebc7830) = 1 <0.000219>
[pid 201] 14:59:49.124948 libssl.so.3->EVP_PKEY_keygen(0xaaaadebc77c0, 0xfffffd6992e0, 0, 0) = 1 <0.001797>
[pid 201] 14:59:49.130914 libssl.so.3->EVP_PKEY_derive_init(0xaaaadeb96070, 0, 0, 0xaaaadeb960e0) = 1 <0.000170>
[pid 201] 14:59:49.131147 libssl.so.3->EVP_PKEY_derive_set_peer(0xaaaadeb96070, 0xaaaadebc6c40, 0, 0) = 1 <0.000222>
[pid 201] 14:59:49.131474 libssl.so.3->EVP_PKEY_derive(0xaaaadeb96070, 0, 0xfffffd699270, 0) = 1 <0.000172>
[pid 201] 14:59:49.131670 libssl.so.3->EVP_PKEY_derive(0xaaaadeb96070, 0xaaaadebc0e10, 0xfffffd699270, 0xaaaadebc1150) = 1 <0.001700>
[pid 201] 14:59:49.133885 libssl.so.3->X509_verify_cert(0xaaaadebba660, 0, 0, 0xffffffff) = 1 <0.000453>
[pid 201] 14:59:49.134553 libssl.so.3->EVP_DigestVerifyInit_ex(0xaaaadebbd270, 0xfffffd699368, 0, 0) = 1 <0.000094>
[pid 201] 14:59:49.134687 libssl.so.3->EVP_DigestVerify(0xaaaadebbd270, 0xaaaadebc8f78, 4627, 0xfffffd699370) = 1 <0.000302>
[pid 201] 14:59:49.135169 libssl.so.3->X509_verify_cert(0xaaaadebba660, 1, 0, 0) = 1 <0.000297>
[pid 201] 14:59:49.135700 libssl.so.3->EVP_DigestSignInit_ex(0xaaaadebbd2c0, 0xfffffd699350, 0, 0) = 1 <0.000161>
[pid 201] 14:59:49.135963 libssl.so.3->EVP_DigestSign(0xaaaadebbd2c0, 0, 0xfffffd699360, 0xfffffd699370) = 1 <0.000230>
[pid 201] 14:59:49.136243 libssl.so.3->EVP_DigestSign(0xaaaadebbd2c0, 0xaaaadebcd040, 0xfffffd699360, 0xfffffd699370) = 1 <0.000558>
[pid 201] 14:59:49.137077 <... SSL_connect resumed> ) = 1 <0.012939>
Handshake duration: 13.16 ms
[pid 201] 14:59:49.138609 +++ exited (status 0) +++
Execution 2 - TLS Mutual
s_connection: verify depth is 1
[pid 203] 14:59:49.166921 openssl->SSL_connect(0xaaab00806410, 0xaaab007d8998, 0xffff840c40e0, 0 <unfinished ...>
[pid 203] 14:59:49.167379 libssl.so.3->EVP_PKEY_keygen_init(0xaaab0080b7c0, 0, 0, 0xaaab0080b830) = 1 <0.000121>
[pid 203] 14:59:49.167555 libssl.so.3->EVP_PKEY_keygen(0xaaab0080b7c0, 0xffffebfa74d0, 0, 0) = 1 <0.001679>
[pid 203] 14:59:49.173106 libssl.so.3->EVP_PKEY_derive_init(0xaaab007da070, 0, 0, 0xaaab007da0e0) = 1 <0.000229>
[pid 203] 14:59:49.173480 libssl.so.3->EVP_PKEY_derive_set_peer(0xaaab007da070, 0xaaab0080ac40, 0, 0) = 1 <0.000153>
[pid 203] 14:59:49.173705 libssl.so.3->EVP_PKEY_derive(0xaaab007da070, 0, 0xffffebfa7460, 0) = 1 <0.000168>
[pid 203] 14:59:49.173929 libssl.so.3->EVP_PKEY_derive(0xaaab007da070, 0xaaab00804e10, 0xffffebfa7460, 0xaaab00805150) = 1 <0.001574>
[pid 203] 14:59:49.176174 libssl.so.3->X509_verify_cert(0xaaab007fe660, 0, 0, 0xffffffff) = 1 <0.000477>
[pid 203] 14:59:49.176861 libssl.so.3->EVP_DigestVerifyInit_ex(0xaaab00801270, 0xffffebfa7558, 0, 0) = 1 <0.000120>
[pid 203] 14:59:49.177055 libssl.so.3->EVP_DigestVerify(0xaaab00801270, 0xaaab0080cf78, 4627, 0xffffebfa7560) = 1 <0.000467>
[pid 203] 14:59:49.177759 libssl.so.3->X509_verify_cert(0xaaab007fe660, 1, 0, 0) = 1 <0.000316>
[pid 203] 14:59:49.178428 libssl.so.3->EVP_DigestSignInit_ex(0xaaab008012c0, 0xffffebfa7540, 0, 0) = 1 <0.000166>
[pid 203] 14:59:49.178646 libssl.so.3->EVP_DigestSign(0xaaab008012c0, 0, 0xffffebfa7550, 0xffffebfa7560) = 1 <0.000118>
[pid 203] 14:59:49.178806 libssl.so.3->EVP_DigestSign(0xaaab008012c0, 0xaaab00811040, 0xffffebfa7550, 0xffffebfa7560) = 1 <0.000857>
[pid 203] 14:59:49.179977 <... SSL_connect resumed> ) = 1 <0.013051>
Handshake duration: 13.22 ms
[pid 203] 14:59:49.181419 +++ exited (status 0) +++
Execution 3 - TLS Mutual
s_connection: verify depth is 1
[pid 205] 14:59:49.209345 openssl->SSL_connect(0xaaaaf70ee410, 0xaaaaf70c0998, 0xffffba4040e0, 0 <unfinished ...>
[pid 205] 14:59:49.209681 libssl.so.3->EVP_PKEY_keygen_init(0xaaaaf70f37c0, 0, 0, 0xaaaaf70f3830) = 1 <0.000103>
[pid 205] 14:59:49.209845 libssl.so.3->EVP_PKEY_keygen(0xaaaaf70f37c0, 0xfffff2fcc5f0, 0, 0) = 1 <0.001628>
[pid 205] 14:59:49.215335 libssl.so.3->EVP_PKEY_derive_init(0xaaaaf70c2070, 0, 0, 0xaaaaf70c20e0) = 1 <0.000118>
[pid 205] 14:59:49.215590 libssl.so.3->EVP_PKEY_derive_set_peer(0xaaaaf70c2070, 0xaaaaf70f2c40, 0, 0) = 1 <0.000180>
[pid 205] 14:59:49.215847 libssl.so.3->EVP_PKEY_derive(0xaaaaf70c2070, 0, 0xfffff2fcc580, 0) = 1 <0.000165>
[pid 205] 14:59:49.216070 libssl.so.3->EVP_PKEY_derive(0xaaaaf70c2070, 0xaaaaf70ece10, 0xfffff2fcc580, 0xaaaaf70ed150) = 1 <0.001576>
[pid 205] 14:59:49.218355 libssl.so.3->X509_verify_cert(0xaaaaf70e6660, 0, 0, 0xffffffff) = 1 <0.000465>
[pid 205] 14:59:49.219039 libssl.so.3->EVP_DigestVerifyInit_ex(0xaaaaf70e9270, 0xfffff2fcc678, 0, 0) = 1 <0.000101>
[pid 205] 14:59:49.219209 libssl.so.3->EVP_DigestVerify(0xaaaaf70e9270, 0xaaaaf70f4f78, 4627, 0xfffff2fcc680) = 1 <0.000375>
[pid 205] 14:59:49.219833 libssl.so.3->X509_verify_cert(0xaaaaf70e6660, 1, 0, 0) = 1 <0.000316>
[pid 205] 14:59:49.220423 libssl.so.3->EVP_DigestSignInit_ex(0xaaaaf70e92c0, 0xfffff2fcc660, 0, 0) = 1 <0.000136>
[pid 205] 14:59:49.220606 libssl.so.3->EVP_DigestSign(0xaaaaf70e92c0, 0, 0xfffff2fcc670, 0xfffff2fcc680) = 1 <0.000146>
[pid 205] 14:59:49.220826 libssl.so.3->EVP_DigestSign(0xaaaaf70e92c0, 0xaaaaf70f9040, 0xfffff2fcc670, 0xfffff2fcc680) = 1 <0.000770>
[pid 205] 14:59:49.221840 <... SSL_connect resumed> ) = 1 <0.012487>
Handshake duration: 12.62 ms
[pid 205] 14:59:49.223190 +++ exited (status 0) +++
Execution 4 - TLS Mutual
s_connection: verify depth is 1
[pid 207] 14:59:49.251994 openssl->SSL_connect(0xaaaadf1e2410, 0xaaaadf1b4998, 0xffffb96f40e0, 0 <unfinished ...>
[pid 207] 14:59:49.252353 libssl.so.3->EVP_PKEY_keygen_init(0xaaaadf1e77c0, 0, 0, 0xaaaadf1e7830) = 1 <0.000107>
[pid 207] 14:59:49.252528 libssl.so.3->EVP_PKEY_keygen(0xaaaadf1e77c0, 0xffffc1d68b10, 0, 0) = 1 <0.001787>
[pid 207] 14:59:49.258310 libssl.so.3->EVP_PKEY_derive_init(0xaaaadf1b6070, 0, 0, 0xaaaadf1b60e0) = 1 <0.000140>
[pid 207] 14:59:49.258493 libssl.so.3->EVP_PKEY_derive_set_peer(0xaaaadf1b6070, 0xaaaadf1e6c40, 0, 0) = 1 <0.000101>
[pid 207] 14:59:49.258655 libssl.so.3->EVP_PKEY_derive(0xaaaadf1b6070, 0, 0xffffc1d68aa0, 0) = 1 <0.000117>
[pid 207] 14:59:49.258831 libssl.so.3->EVP_PKEY_derive(0xaaaadf1b6070, 0xaaaadf1e0e10, 0xffffc1d68aa0, 0xaaaadf1e1150) = 1 <0.001628>
[pid 207] 14:59:49.261185 libssl.so.3->X509_verify_cert(0xaaaadf1da660, 0, 0, 0xffffffff) = 1 <0.000538>
[pid 207] 14:59:49.261980 libssl.so.3->EVP_DigestVerifyInit_ex(0xaaaadf1dd270, 0xffffc1d68b98, 0, 0) = 1 <0.000120>
[pid 207] 14:59:49.262216 libssl.so.3->EVP_DigestVerify(0xaaaadf1dd270, 0xaaaadf1e8f78, 4627, 0xffffc1d68ba0) = 1 <0.000290>
[pid 207] 14:59:49.262721 libssl.so.3->X509_verify_cert(0xaaaadf1da660, 1, 0, 0) = 1 <0.000329>
[pid 207] 14:59:49.263414 libssl.so.3->EVP_DigestSignInit_ex(0xaaaadf1dd2c0, 0xffffc1d68b80, 0, 0) = 1 <0.000132>
[pid 207] 14:59:49.263592 libssl.so.3->EVP_DigestSign(0xaaaadf1dd2c0, 0, 0xffffc1d68b90, 0xffffc1d68ba0) = 1 <0.000238>
[pid 207] 14:59:49.263973 libssl.so.3->EVP_DigestSign(0xaaaadf1dd2c0, 0xaaaadf1ed040, 0xffffc1d68b90, 0xffffc1d68ba0) = 1 <0.000653>
[pid 207] 14:59:49.264944 <... SSL_connect resumed> ) = 1 <0.012947>
Handshake duration: 13.10 ms
[pid 207] 14:59:49.266366 +++ exited (status 0) +++
Execution 5 - TLS Mutual
s_connection: verify depth is 1
[pid 209] 14:59:49.294676 openssl->SSL_connect(0xaaaadb542410, 0xaaaadb514998, 0xffffb74340e0, 0 <unfinished ...>
[pid 209] 14:59:49.295058 libssl.so.3->EVP_PKEY_keygen_init(0xaaaadb5477c0, 0, 0, 0xaaaadb547830) = 1 <0.000159>
[pid 209] 14:59:49.295272 libssl.so.3->EVP_PKEY_keygen(0xaaaadb5477c0, 0xffffee384b00, 0, 0) = 1 <0.001670>
[pid 209] 14:59:49.300789 libssl.so.3->EVP_PKEY_derive_init(0xaaaadb516070, 0, 0, 0xaaaadb5160e0) = 1 <0.000224>
[pid 209] 14:59:49.301055 libssl.so.3->EVP_PKEY_derive_set_peer(0xaaaadb516070, 0xaaaadb546c40, 0, 0) = 1 <0.000094>
[pid 209] 14:59:49.301216 libssl.so.3->EVP_PKEY_derive(0xaaaadb516070, 0, 0xffffee384a90, 0) = 1 <0.000095>
[pid 209] 14:59:49.301375 libssl.so.3->EVP_PKEY_derive(0xaaaadb516070, 0xaaaadb540e10, 0xffffee384a90, 0xaaaadb541150) = 1 <0.001583>
[pid 209] 14:59:49.303700 libssl.so.3->X509_verify_cert(0xaaaadb53a660, 0, 0, 0xffffffff) = 1 <0.000507>
[pid 209] 14:59:49.304430 libssl.so.3->EVP_DigestVerifyInit_ex(0xaaaadb53d270, 0xffffee384b88, 0, 0) = 1 <0.000113>
[pid 209] 14:59:49.304613 libssl.so.3->EVP_DigestVerify(0xaaaadb53d270, 0xaaaadb548f78, 4627, 0xffffee384b90) = 1 <0.000266>
[pid 209] 14:59:49.305118 libssl.so.3->X509_verify_cert(0xaaaadb53a660, 1, 0, 0) = 1 <0.000316>
[pid 209] 14:59:49.305739 libssl.so.3->EVP_DigestSignInit_ex(0xaaaadb53d2c0, 0xffffee384b70, 0, 0) = 1 <0.000246>
[pid 209] 14:59:49.306081 libssl.so.3->EVP_DigestSign(0xaaaadb53d2c0, 0, 0xffffee384b80, 0xffffee384b90) = 1 <0.000167>
[pid 209] 14:59:49.306307 libssl.so.3->EVP_DigestSign(0xaaaadb53d2c0, 0xaaaadb54d040, 0xffffee384b80, 0xffffee384b90) = 1 <0.000417>
[pid 209] 14:59:49.306958 <... SSL_connect resumed> ) = 1 <0.012276>
Handshake duration: 12.41 ms
[pid 209] 14:59:49.308411 +++ exited (status 0) +++
Execution 6 - TLS Mutual
s_connection: verify depth is 1
[pid 211] 14:59:49.336144 openssl->SSL_connect(0xaaaacd95d410, 0xaaaacd92f998, 0xffffbc2040e0, 0 <unfinished ...>
[pid 211] 14:59:49.336479 libssl.so.3->EVP_PKEY_keygen_init(0xaaaacd9627c0, 0, 0, 0xaaaacd962830) = 1 <0.000109>
[pid 211] 14:59:49.336652 libssl.so.3->EVP_PKEY_keygen(0xaaaacd9627c0, 0xffffcdcbb7f0, 0, 0) = 1 <0.001638>
[pid 211] 14:59:49.342142 libssl.so.3->EVP_PKEY_derive_init(0xaaaacd931070, 0, 0, 0xaaaacd9310e0) = 1 <0.000171>
[pid 211] 14:59:49.342405 libssl.so.3->EVP_PKEY_derive_set_peer(0xaaaacd931070, 0xaaaacd961c40, 0, 0) = 1 <0.000259>
[pid 211] 14:59:49.342717 libssl.so.3->EVP_PKEY_derive(0xaaaacd931070, 0, 0xffffcdcbb780, 0) = 1 <0.000106>
[pid 211] 14:59:49.342914 libssl.so.3->EVP_PKEY_derive(0xaaaacd931070, 0xaaaacd95be10, 0xffffcdcbb780, 0xaaaacd95c150) = 1 <0.001562>
[pid 211] 14:59:49.345178 libssl.so.3->X509_verify_cert(0xaaaacd955660, 0, 0, 0xffffffff) = 1 <0.000509>
[pid 211] 14:59:49.345908 libssl.so.3->EVP_DigestVerifyInit_ex(0xaaaacd958270, 0xffffcdcbb878, 0, 0) = 1 <0.000131>
[pid 211] 14:59:49.346090 libssl.so.3->EVP_DigestVerify(0xaaaacd958270, 0xaaaacd963f78, 4627, 0xffffcdcbb880) = 1 <0.000334>
[pid 211] 14:59:49.346646 libssl.so.3->X509_verify_cert(0xaaaacd955660, 1, 0, 0) = 1 <0.000304>
[pid 211] 14:59:49.347230 libssl.so.3->EVP_DigestSignInit_ex(0xaaaacd9582c0, 0xffffcdcbb860, 0, 0) = 1 <0.000271>
[pid 211] 14:59:49.347560 libssl.so.3->EVP_DigestSign(0xaaaacd9582c0, 0, 0xffffcdcbb870, 0xffffcdcbb880) = 1 <0.000201>
[pid 211] 14:59:49.347799 libssl.so.3->EVP_DigestSign(0xaaaacd9582c0, 0xaaaacd968040, 0xffffcdcbb870, 0xffffcdcbb880) = 1 <0.000704>
[pid 211] 14:59:49.348771 <... SSL_connect resumed> ) = 1 <0.012631>
Handshake duration: 12.77 ms
[pid 211] 14:59:49.350258 +++ exited (status 0) +++
Execution 7 - TLS Mutual
s_connection: verify depth is 1
[pid 213] 14:59:49.381232 openssl->SSL_connect(0xaaaadf4d6410, 0xaaaadf4a8998, 0xffffa3fd40e0, 0 <unfinished ...>
[pid 213] 14:59:49.381628 libssl.so.3->EVP_PKEY_keygen_init(0xaaaadf4db7c0, 0, 0, 0xaaaadf4db830) = 1 <0.000147>
[pid 213] 14:59:49.381835 libssl.so.3->EVP_PKEY_keygen(0xaaaadf4db7c0, 0xffffcb7f6220, 0, 0) = 1 <0.001728>
[pid 213] 14:59:49.387802 libssl.so.3->EVP_PKEY_derive_init(0xaaaadf4aa070, 0, 0, 0xaaaadf4aa0e0) = 1 <0.000166>
[pid 213] 14:59:49.388051 libssl.so.3->EVP_PKEY_derive_set_peer(0xaaaadf4aa070, 0xaaaadf4dac40, 0, 0) = 1 <0.000178>
[pid 213] 14:59:49.388298 libssl.so.3->EVP_PKEY_derive(0xaaaadf4aa070, 0, 0xffffcb7f61b0, 0) = 1 <0.000107>
[pid 213] 14:59:49.388479 libssl.so.3->EVP_PKEY_derive(0xaaaadf4aa070, 0xaaaadf4d4e10, 0xffffcb7f61b0, 0xaaaadf4d5150) = 1 <0.001562>
[pid 213] 14:59:49.390786 libssl.so.3->X509_verify_cert(0xaaaadf4ce660, 0, 0, 0xffffffff) = 1 <0.000549>
[pid 213] 14:59:49.391572 libssl.so.3->EVP_DigestVerifyInit_ex(0xaaaadf4d1270, 0xffffcb7f62a8, 0, 0) = 1 <0.000129>
[pid 213] 14:59:49.391744 libssl.so.3->EVP_DigestVerify(0xaaaadf4d1270, 0xaaaadf4dcf78, 4627, 0xffffcb7f62b0) = 1 <0.000293>
[pid 213] 14:59:49.392320 libssl.so.3->X509_verify_cert(0xaaaadf4ce660, 1, 0, 0) = 1 <0.000318>
[pid 213] 14:59:49.392926 libssl.so.3->EVP_DigestSignInit_ex(0xaaaadf4d12c0, 0xffffcb7f6290, 0, 0) = 1 <0.000127>
[pid 213] 14:59:49.393164 libssl.so.3->EVP_DigestSign(0xaaaadf4d12c0, 0, 0xffffcb7f62a0, 0xffffcb7f62b0) = 1 <0.000169>
[pid 213] 14:59:49.393355 libssl.so.3->EVP_DigestSign(0xaaaadf4d12c0, 0xaaaadf4e1040, 0xffffcb7f62a0, 0xffffcb7f62b0) = 1 <0.000416>
[pid 213] 14:59:49.394028 <... SSL_connect resumed> ) = 1 <0.012793>
Handshake duration: 12.95 ms
[pid 213] 14:59:49.395548 +++ exited (status 0) +++
Execution 8 - TLS Mutual
s_connection: verify depth is 1
[pid 215] 14:59:49.424151 openssl->SSL_connect(0xaaaaeec20410, 0xaaaaeebf2998, 0xffffb12a40e0, 0 <unfinished ...>
[pid 215] 14:59:49.424516 libssl.so.3->EVP_PKEY_keygen_init(0xaaaaeec257c0, 0, 0, 0xaaaaeec25830) = 1 <0.000120>
[pid 215] 14:59:49.424702 libssl.so.3->EVP_PKEY_keygen(0xaaaaeec257c0, 0xffffda4729a0, 0, 0) = 1 <0.001650>
[pid 215] 14:59:49.430194 libssl.so.3->EVP_PKEY_derive_init(0xaaaaeebf4070, 0, 0, 0xaaaaeebf40e0) = 1 <0.000200>
[pid 215] 14:59:49.430450 libssl.so.3->EVP_PKEY_derive_set_peer(0xaaaaeebf4070, 0xaaaaeec24c40, 0, 0) = 1 <0.000134>
[pid 215] 14:59:49.430645 libssl.so.3->EVP_PKEY_derive(0xaaaaeebf4070, 0, 0xffffda472930, 0) = 1 <0.000212>
[pid 215] 14:59:49.430913 libssl.so.3->EVP_PKEY_derive(0xaaaaeebf4070, 0xaaaaeec1ee10, 0xffffda472930, 0xaaaaeec1f150) = 1 <0.001591>
[pid 215] 14:59:49.433215 libssl.so.3->X509_verify_cert(0xaaaaeec18660, 0, 0, 0xffffffff) = 1 <0.000450>
[pid 215] 14:59:49.433916 libssl.so.3->EVP_DigestVerifyInit_ex(0xaaaaeec1b270, 0xffffda472a28, 0, 0) = 1 <0.000138>
[pid 215] 14:59:49.434120 libssl.so.3->EVP_DigestVerify(0xaaaaeec1b270, 0xaaaaeec26f78, 4627, 0xffffda472a30) = 1 <0.000325>
[pid 215] 14:59:49.434666 libssl.so.3->X509_verify_cert(0xaaaaeec18660, 1, 0, 0) = 1 <0.000330>
[pid 215] 14:59:49.435282 libssl.so.3->EVP_DigestSignInit_ex(0xaaaaeec1b2c0, 0xffffda472a10, 0, 0) = 1 <0.000130>
[pid 215] 14:59:49.435476 libssl.so.3->EVP_DigestSign(0xaaaaeec1b2c0, 0, 0xffffda472a20, 0xffffda472a30) = 1 <0.000126>
[pid 215] 14:59:49.435674 libssl.so.3->EVP_DigestSign(0xaaaaeec1b2c0, 0xaaaaeec2b040, 0xffffda472a20, 0xffffda472a30) = 1 <0.000541>
[pid 215] 14:59:49.436455 <... SSL_connect resumed> ) = 1 <0.012300>
Handshake duration: 12.45 ms
[pid 215] 14:59:49.437921 +++ exited (status 0) +++
Execution 9 - TLS Mutual
s_connection: verify depth is 1
[pid 217] 14:59:49.465892 openssl->SSL_connect(0xaaaafba91410, 0xaaaafba63998, 0xffff8a3540e0, 0 <unfinished ...>
[pid 217] 14:59:49.466273 libssl.so.3->EVP_PKEY_keygen_init(0xaaaafba967c0, 0, 0, 0xaaaafba96830) = 1 <0.000121>
[pid 217] 14:59:49.466524 libssl.so.3->EVP_PKEY_keygen(0xaaaafba967c0, 0xffffeab5c5b0, 0, 0) = 1 <0.001738>
[pid 217] 14:59:49.472075 libssl.so.3->EVP_PKEY_derive_init(0xaaaafba65070, 0, 0, 0xaaaafba650e0) = 1 <0.000183>
[pid 217] 14:59:49.472397 libssl.so.3->EVP_PKEY_derive_set_peer(0xaaaafba65070, 0xaaaafba95c40, 0, 0) = 1 <0.000198>
[pid 217] 14:59:49.472701 libssl.so.3->EVP_PKEY_derive(0xaaaafba65070, 0, 0xffffeab5c540, 0) = 1 <0.000180>
[pid 217] 14:59:49.472967 libssl.so.3->EVP_PKEY_derive(0xaaaafba65070, 0xaaaafba8fe10, 0xffffeab5c540, 0xaaaafba90150) = 1 <0.001616>
[pid 217] 14:59:49.475274 libssl.so.3->X509_verify_cert(0xaaaafba89660, 0, 0, 0xffffffff) = 1 <0.000478>
[pid 217] 14:59:49.475975 libssl.so.3->EVP_DigestVerifyInit_ex(0xaaaafba8c270, 0xffffeab5c638, 0, 0) = 1 <0.000109>
[pid 217] 14:59:49.476129 libssl.so.3->EVP_DigestVerify(0xaaaafba8c270, 0xaaaafba97f78, 4627, 0xffffeab5c640) = 1 <0.000297>
[pid 217] 14:59:49.476651 libssl.so.3->X509_verify_cert(0xaaaafba89660, 1, 0, 0) = 1 <0.000293>
[pid 217] 14:59:49.477184 libssl.so.3->EVP_DigestSignInit_ex(0xaaaafba8c2c0, 0xffffeab5c620, 0, 0) = 1 <0.000152>
[pid 217] 14:59:49.477388 libssl.so.3->EVP_DigestSign(0xaaaafba8c2c0, 0, 0xffffeab5c630, 0xffffeab5c640) = 1 <0.000129>
[pid 217] 14:59:49.477564 libssl.so.3->EVP_DigestSign(0xaaaafba8c2c0, 0xaaaafba9c040, 0xffffeab5c630, 0xffffeab5c640) = 1 <0.001102>
[pid 217] 14:59:49.478974 <... SSL_connect resumed> ) = 1 <0.013075>
Handshake duration: 13.21 ms
[pid 217] 14:59:49.480289 +++ exited (status 0) +++
Execution 10 - TLS Mutual
s_connection: verify depth is 1
[pid 219] 14:59:49.508190 openssl->SSL_connect(0xaaaacacfa410, 0xaaaacaccc998, 0xffffa80940e0, 0 <unfinished ...>
[pid 219] 14:59:49.508548 libssl.so.3->EVP_PKEY_keygen_init(0xaaaacacff7c0, 0, 0, 0xaaaacacff830) = 1 <0.000142>
[pid 219] 14:59:49.508746 libssl.so.3->EVP_PKEY_keygen(0xaaaacacff7c0, 0xffffc12e7770, 0, 0) = 1 <0.001696>
[pid 219] 14:59:49.514257 libssl.so.3->EVP_PKEY_derive_init(0xaaaacacce070, 0, 0, 0xaaaacacce0e0) = 1 <0.000096>
[pid 219] 14:59:49.514430 libssl.so.3->EVP_PKEY_derive_set_peer(0xaaaacacce070, 0xaaaacacfec40, 0, 0) = 1 <0.000106>
[pid 219] 14:59:49.514659 libssl.so.3->EVP_PKEY_derive(0xaaaacacce070, 0, 0xffffc12e7700, 0) = 1 <0.000132>
[pid 219] 14:59:49.514869 libssl.so.3->EVP_PKEY_derive(0xaaaacacce070, 0xaaaacacf8e10, 0xffffc12e7700, 0xaaaacacf9150) = 1 <0.001575>
[pid 219] 14:59:49.517143 libssl.so.3->X509_verify_cert(0xaaaacacf2660, 0, 0, 0xffffffff) = 1 <0.000501>
[pid 219] 14:59:49.517853 libssl.so.3->EVP_DigestVerifyInit_ex(0xaaaacacf5270, 0xffffc12e77f8, 0, 0) = 1 <0.000114>
[pid 219] 14:59:49.518077 libssl.so.3->EVP_DigestVerify(0xaaaacacf5270, 0xaaaacad00f78, 4627, 0xffffc12e7800) = 1 <0.000292>
[pid 219] 14:59:49.518573 libssl.so.3->X509_verify_cert(0xaaaacacf2660, 1, 0, 0) = 1 <0.000285>
[pid 219] 14:59:49.519117 libssl.so.3->EVP_DigestSignInit_ex(0xaaaacacf52c0, 0xffffc12e77e0, 0, 0) = 1 <0.000160>
[pid 219] 14:59:49.519367 libssl.so.3->EVP_DigestSign(0xaaaacacf52c0, 0, 0xffffc12e77f0, 0xffffc12e7800) = 1 <0.000199>
[pid 219] 14:59:49.519628 libssl.so.3->EVP_DigestSign(0xaaaacacf52c0, 0xaaaacad05040, 0xffffc12e77f0, 0xffffc12e7800) = 1 <0.000452>
[pid 219] 14:59:49.520352 <... SSL_connect resumed> ) = 1 <0.012155>
Handshake duration: 12.30 ms
[pid 219] 14:59:49.521816 +++ exited (status 0) +++
Execution 11 - TLS Mutual
s_connection: verify depth is 1
[pid 221] 14:59:49.549724 openssl->SSL_connect(0xaaaae4d2e410, 0xaaaae4d00998, 0xffff8ece40e0, 0 <unfinished ...>
[pid 221] 14:59:49.550045 libssl.so.3->EVP_PKEY_keygen_init(0xaaaae4d337c0, 0, 0, 0xaaaae4d33830) = 1 <0.000179>
[pid 221] 14:59:49.550299 libssl.so.3->EVP_PKEY_keygen(0xaaaae4d337c0, 0xffffc4aa18c0, 0, 0) = 1 <0.001588>
[pid 221] 14:59:49.555744 libssl.so.3->EVP_PKEY_derive_init(0xaaaae4d02070, 0, 0, 0xaaaae4d020e0) = 1 <0.000112>
[pid 221] 14:59:49.555899 libssl.so.3->EVP_PKEY_derive_set_peer(0xaaaae4d02070, 0xaaaae4d32c40, 0, 0) = 1 <0.000103>
[pid 221] 14:59:49.556045 libssl.so.3->EVP_PKEY_derive(0xaaaae4d02070, 0, 0xffffc4aa1850, 0) = 1 <0.000145>
[pid 221] 14:59:49.556250 libssl.so.3->EVP_PKEY_derive(0xaaaae4d02070, 0xaaaae4d2ce10, 0xffffc4aa1850, 0xaaaae4d2d150) = 1 <0.001585>
[pid 221] 14:59:49.558508 libssl.so.3->X509_verify_cert(0xaaaae4d26660, 0, 0, 0xffffffff) = 1 <0.000480>
[pid 221] 14:59:49.559253 libssl.so.3->EVP_DigestVerifyInit_ex(0xaaaae4d29270, 0xffffc4aa1948, 0, 0) = 1 <0.000128>
[pid 221] 14:59:49.559429 libssl.so.3->EVP_DigestVerify(0xaaaae4d29270, 0xaaaae4d34f78, 4627, 0xffffc4aa1950) = 1 <0.000268>
[pid 221] 14:59:49.559909 libssl.so.3->X509_verify_cert(0xaaaae4d26660, 1, 0, 0) = 1 <0.000366>
[pid 221] 14:59:49.560573 libssl.so.3->EVP_DigestSignInit_ex(0xaaaae4d292c0, 0xffffc4aa1930, 0, 0) = 1 <0.000148>
[pid 221] 14:59:49.560775 libssl.so.3->EVP_DigestSign(0xaaaae4d292c0, 0, 0xffffc4aa1940, 0xffffc4aa1950) = 1 <0.000106>
[pid 221] 14:59:49.560934 libssl.so.3->EVP_DigestSign(0xaaaae4d292c0, 0xaaaae4d39040, 0xffffc4aa1940, 0xffffc4aa1950) = 1 <0.000795>
[pid 221] 14:59:49.561991 <... SSL_connect resumed> ) = 1 <0.012264>
Handshake duration: 12.40 ms
[pid 221] 14:59:49.563408 +++ exited (status 0) +++
Execution 12 - TLS Mutual
s_connection: verify depth is 1
[pid 223] 14:59:49.591602 openssl->SSL_connect(0xaaaadba78410, 0xaaaadba4a998, 0xffffb9d540e0, 0 <unfinished ...>
[pid 223] 14:59:49.591951 libssl.so.3->EVP_PKEY_keygen_init(0xaaaadba7d7c0, 0, 0, 0xaaaadba7d830) = 1 <0.000150>
[pid 223] 14:59:49.592167 libssl.so.3->EVP_PKEY_keygen(0xaaaadba7d7c0, 0xffffdc7fdc80, 0, 0) = 1 <0.001671>
[pid 223] 14:59:49.597699 libssl.so.3->EVP_PKEY_derive_init(0xaaaadba4c070, 0, 0, 0xaaaadba4c0e0) = 1 <0.000093>
[pid 223] 14:59:49.597839 libssl.so.3->EVP_PKEY_derive_set_peer(0xaaaadba4c070, 0xaaaadba7cc40, 0, 0) = 1 <0.000190>
[pid 223] 14:59:49.598097 libssl.so.3->EVP_PKEY_derive(0xaaaadba4c070, 0, 0xffffdc7fdc10, 0) = 1 <0.000109>
[pid 223] 14:59:49.598250 libssl.so.3->EVP_PKEY_derive(0xaaaadba4c070, 0xaaaadba76e10, 0xffffdc7fdc10, 0xaaaadba77150) = 1 <0.001582>
[pid 223] 14:59:49.600507 libssl.so.3->X509_verify_cert(0xaaaadba70660, 0, 0, 0xffffffff) = 1 <0.000497>
[pid 223] 14:59:49.601242 libssl.so.3->EVP_DigestVerifyInit_ex(0xaaaadba73270, 0xffffdc7fdd08, 0, 0) = 1 <0.000107>
[pid 223] 14:59:49.601415 libssl.so.3->EVP_DigestVerify(0xaaaadba73270, 0xaaaadba7ef78, 4627, 0xffffdc7fdd10) = 1 <0.000295>
[pid 223] 14:59:49.601884 libssl.so.3->X509_verify_cert(0xaaaadba70660, 1, 0, 0) = 1 <0.000295>
[pid 223] 14:59:49.602440 libssl.so.3->EVP_DigestSignInit_ex(0xaaaadba732c0, 0xffffdc7fdcf0, 0, 0) = 1 <0.000231>
[pid 223] 14:59:49.602729 libssl.so.3->EVP_DigestSign(0xaaaadba732c0, 0, 0xffffdc7fdd00, 0xffffdc7fdd10) = 1 <0.000132>
[pid 223] 14:59:49.602892 libssl.so.3->EVP_DigestSign(0xaaaadba732c0, 0xaaaadba83040, 0xffffdc7fdd00, 0xffffdc7fdd10) = 1 <0.000613>
[pid 223] 14:59:49.603755 <... SSL_connect resumed> ) = 1 <0.012148>
Handshake duration: 12.29 ms
[pid 223] 14:59:49.605099 +++ exited (status 0) +++
Execution 13 - TLS Mutual
s_connection: verify depth is 1
[pid 225] 14:59:49.633063 openssl->SSL_connect(0xaaaaf8fe1410, 0xaaaaf8fb3998, 0xffffa45340e0, 0 <unfinished ...>
[pid 225] 14:59:49.633381 libssl.so.3->EVP_PKEY_keygen_init(0xaaaaf8fe67c0, 0, 0, 0xaaaaf8fe6830) = 1 <0.000107>
[pid 225] 14:59:49.633536 libssl.so.3->EVP_PKEY_keygen(0xaaaaf8fe67c0, 0xffffdb867180, 0, 0) = 1 <0.001620>
[pid 225] 14:59:49.638981 libssl.so.3->EVP_PKEY_derive_init(0xaaaaf8fb5070, 0, 0, 0xaaaaf8fb50e0) = 1 <0.000217>
[pid 225] 14:59:49.639256 libssl.so.3->EVP_PKEY_derive_set_peer(0xaaaaf8fb5070, 0xaaaaf8fe5c40, 0, 0) = 1 <0.000157>
[pid 225] 14:59:49.639465 libssl.so.3->EVP_PKEY_derive(0xaaaaf8fb5070, 0, 0xffffdb867110, 0) = 1 <0.000159>
[pid 225] 14:59:49.639677 libssl.so.3->EVP_PKEY_derive(0xaaaaf8fb5070, 0xaaaaf8fdfe10, 0xffffdb867110, 0xaaaaf8fe0150) = 1 <0.001667>
[pid 225] 14:59:49.642043 libssl.so.3->X509_verify_cert(0xaaaaf8fd9660, 0, 0, 0xffffffff) = 1 <0.000545>
[pid 225] 14:59:49.642798 libssl.so.3->EVP_DigestVerifyInit_ex(0xaaaaf8fdc270, 0xffffdb867208, 0, 0) = 1 <0.000117>
[pid 225] 14:59:49.642961 libssl.so.3->EVP_DigestVerify(0xaaaaf8fdc270, 0xaaaaf8fe7f78, 4627, 0xffffdb867210) = 1 <0.000305>
[pid 225] 14:59:49.643472 libssl.so.3->X509_verify_cert(0xaaaaf8fd9660, 1, 0, 0) = 1 <0.000295>
[pid 225] 14:59:49.644059 libssl.so.3->EVP_DigestSignInit_ex(0xaaaaf8fdc2c0, 0xffffdb8671f0, 0, 0) = 1 <0.000167>
[pid 225] 14:59:49.644301 libssl.so.3->EVP_DigestSign(0xaaaaf8fdc2c0, 0, 0xffffdb867200, 0xffffdb867210) = 1 <0.000220>
[pid 225] 14:59:49.644567 libssl.so.3->EVP_DigestSign(0xaaaaf8fdc2c0, 0xaaaaf8fec040, 0xffffdb867200, 0xffffdb867210) = 1 <0.001107>
[pid 225] 14:59:49.645960 <... SSL_connect resumed> ) = 1 <0.012893>
Handshake duration: 13.03 ms
[pid 225] 14:59:49.647395 +++ exited (status 0) +++
Execution 14 - TLS Mutual
s_connection: verify depth is 1
[pid 227] 14:59:49.677477 openssl->SSL_connect(0xaaab0a265410, 0xaaab0a237998, 0xffffb1ed40e0, 0 <unfinished ...>
[pid 227] 14:59:49.677871 libssl.so.3->EVP_PKEY_keygen_init(0xaaab0a26a7c0, 0, 0, 0xaaab0a26a830) = 1 <0.000167>
[pid 227] 14:59:49.678090 libssl.so.3->EVP_PKEY_keygen(0xaaab0a26a7c0, 0xffffe25d0720, 0, 0) = 1 <0.001676>
[pid 227] 14:59:49.683839 libssl.so.3->EVP_PKEY_derive_init(0xaaab0a239070, 0, 0, 0xaaab0a2390e0) = 1 <0.000138>
[pid 227] 14:59:49.684074 libssl.so.3->EVP_PKEY_derive_set_peer(0xaaab0a239070, 0xaaab0a269c40, 0, 0) = 1 <0.000103>
[pid 227] 14:59:49.684246 libssl.so.3->EVP_PKEY_derive(0xaaab0a239070, 0, 0xffffe25d06b0, 0) = 1 <0.000133>
[pid 227] 14:59:49.684444 libssl.so.3->EVP_PKEY_derive(0xaaab0a239070, 0xaaab0a263e10, 0xffffe25d06b0, 0xaaab0a264150) = 1 <0.001652>
[pid 227] 14:59:49.686844 libssl.so.3->X509_verify_cert(0xaaab0a25d660, 0, 0, 0xffffffff) = 1 <0.000525>
[pid 227] 14:59:49.687604 libssl.so.3->EVP_DigestVerifyInit_ex(0xaaab0a260270, 0xffffe25d07a8, 0, 0) = 1 <0.000103>
[pid 227] 14:59:49.687784 libssl.so.3->EVP_DigestVerify(0xaaab0a260270, 0xaaab0a26bf78, 4627, 0xffffe25d07b0) = 1 <0.000325>
[pid 227] 14:59:49.688318 libssl.so.3->X509_verify_cert(0xaaab0a25d660, 1, 0, 0) = 1 <0.000313>
[pid 227] 14:59:49.688890 libssl.so.3->EVP_DigestSignInit_ex(0xaaab0a2602c0, 0xffffe25d0790, 0, 0) = 1 <0.000182>
[pid 227] 14:59:49.689157 libssl.so.3->EVP_DigestSign(0xaaab0a2602c0, 0, 0xffffe25d07a0, 0xffffe25d07b0) = 1 <0.000120>
[pid 227] 14:59:49.689347 libssl.so.3->EVP_DigestSign(0xaaab0a2602c0, 0xaaab0a270040, 0xffffe25d07a0, 0xffffe25d07b0) = 1 <0.001009>
[pid 227] 14:59:49.690825 <... SSL_connect resumed> ) = 1 <0.013347>
Handshake duration: 13.66 ms
[pid 227] 14:59:49.692864 +++ exited (status 0) +++
Execution 15 - TLS Mutual
s_connection: verify depth is 1
[pid 229] 14:59:49.721523 openssl->SSL_connect(0xaaaae56ea410, 0xaaaae56bc998, 0xffffb02140e0, 0 <unfinished ...>
[pid 229] 14:59:49.721879 libssl.so.3->EVP_PKEY_keygen_init(0xaaaae56ef7c0, 0, 0, 0xaaaae56ef830) = 1 <0.000117>
[pid 229] 14:59:49.722053 libssl.so.3->EVP_PKEY_keygen(0xaaaae56ef7c0, 0xffffc72434c0, 0, 0) = 1 <0.001715>
[pid 229] 14:59:49.727697 libssl.so.3->EVP_PKEY_derive_init(0xaaaae56be070, 0, 0, 0xaaaae56be0e0) = 1 <0.000109>
[pid 229] 14:59:49.727895 libssl.so.3->EVP_PKEY_derive_set_peer(0xaaaae56be070, 0xaaaae56eec40, 0, 0) = 1 <0.000124>
[pid 229] 14:59:49.728076 libssl.so.3->EVP_PKEY_derive(0xaaaae56be070, 0, 0xffffc7243450, 0) = 1 <0.000255>
[pid 229] 14:59:49.728431 libssl.so.3->EVP_PKEY_derive(0xaaaae56be070, 0xaaaae56e8e10, 0xffffc7243450, 0xaaaae56e9150) = 1 <0.001607>
[pid 229] 14:59:49.730732 libssl.so.3->X509_verify_cert(0xaaaae56e2660, 0, 0, 0xffffffff) = 1 <0.000495>
[pid 229] 14:59:49.731456 libssl.so.3->EVP_DigestVerifyInit_ex(0xaaaae56e5270, 0xffffc7243548, 0, 0) = 1 <0.000163>
[pid 229] 14:59:49.731674 libssl.so.3->EVP_DigestVerify(0xaaaae56e5270, 0xaaaae56f0f78, 4627, 0xffffc7243550) = 1 <0.000287>
[pid 229] 14:59:49.732172 libssl.so.3->X509_verify_cert(0xaaaae56e2660, 1, 0, 0) = 1 <0.000309>
[pid 229] 14:59:49.732750 libssl.so.3->EVP_DigestSignInit_ex(0xaaaae56e52c0, 0xffffc7243530, 0, 0) = 1 <0.000186>
[pid 229] 14:59:49.732987 libssl.so.3->EVP_DigestSign(0xaaaae56e52c0, 0, 0xffffc7243540, 0xffffc7243550) = 1 <0.000228>
[pid 229] 14:59:49.733295 libssl.so.3->EVP_DigestSign(0xaaaae56e52c0, 0xaaaae56f5040, 0xffffc7243540, 0xffffc7243550) = 1 <0.000658>
[pid 229] 14:59:49.734238 <... SSL_connect resumed> ) = 1 <0.012713>
Handshake duration: 12.86 ms
[pid 229] 14:59:49.735660 +++ exited (status 0) +++
Execution 16 - TLS Mutual
s_connection: verify depth is 1
[pid 231] 14:59:49.763731 openssl->SSL_connect(0xaaaaeb5b6410, 0xaaaaeb588998, 0xffffb85640e0, 0 <unfinished ...>
[pid 231] 14:59:49.764131 libssl.so.3->EVP_PKEY_keygen_init(0xaaaaeb5bb7c0, 0, 0, 0xaaaaeb5bb830) = 1 <0.000165>
[pid 231] 14:59:49.764390 libssl.so.3->EVP_PKEY_keygen(0xaaaaeb5bb7c0, 0xffffc2179640, 0, 0) = 1 <0.001649>
[pid 231] 14:59:49.770007 libssl.so.3->EVP_PKEY_derive_init(0xaaaaeb58a070, 0, 0, 0xaaaaeb58a0e0) = 1 <0.000160>
[pid 231] 14:59:49.770269 libssl.so.3->EVP_PKEY_derive_set_peer(0xaaaaeb58a070, 0xaaaaeb5bac40, 0, 0) = 1 <0.000117>
[pid 231] 14:59:49.770447 libssl.so.3->EVP_PKEY_derive(0xaaaaeb58a070, 0, 0xffffc21795d0, 0) = 1 <0.000130>
[pid 231] 14:59:49.770660 libssl.so.3->EVP_PKEY_derive(0xaaaaeb58a070, 0xaaaaeb5b4e10, 0xffffc21795d0, 0xaaaaeb5b5150) = 1 <0.001533>
[pid 231] 14:59:49.772891 libssl.so.3->X509_verify_cert(0xaaaaeb5ae660, 0, 0, 0xffffffff) = 1 <0.000491>
[pid 231] 14:59:49.773601 libssl.so.3->EVP_DigestVerifyInit_ex(0xaaaaeb5b1270, 0xffffc21796c8, 0, 0) = 1 <0.000124>
[pid 231] 14:59:49.773797 libssl.so.3->EVP_DigestVerify(0xaaaaeb5b1270, 0xaaaaeb5bcf78, 4627, 0xffffc21796d0) = 1 <0.000269>
[pid 231] 14:59:49.774294 libssl.so.3->X509_verify_cert(0xaaaaeb5ae660, 1, 0, 0) = 1 <0.000322>
[pid 231] 14:59:49.774884 libssl.so.3->EVP_DigestSignInit_ex(0xaaaaeb5b12c0, 0xffffc21796b0, 0, 0) = 1 <0.000147>
[pid 231] 14:59:49.775079 libssl.so.3->EVP_DigestSign(0xaaaaeb5b12c0, 0, 0xffffc21796c0, 0xffffc21796d0) = 1 <0.000172>
[pid 231] 14:59:49.775291 libssl.so.3->EVP_DigestSign(0xaaaaeb5b12c0, 0xaaaaeb5c1040, 0xffffc21796c0, 0xffffc21796d0) = 1 <0.000498>
[pid 231] 14:59:49.776073 <... SSL_connect resumed> ) = 1 <0.012341>
Handshake duration: 12.57 ms
[pid 231] 14:59:49.777644 +++ exited (status 0) +++
Execution 17 - TLS Mutual
s_connection: verify depth is 1
[pid 233] 14:59:49.805823 openssl->SSL_connect(0xaaaad2d99410, 0xaaaad2d6b998, 0xffff9a3640e0, 0 <unfinished ...>
[pid 233] 14:59:49.806180 libssl.so.3->EVP_PKEY_keygen_init(0xaaaad2d9e7c0, 0, 0, 0xaaaad2d9e830) = 1 <0.000094>
[pid 233] 14:59:49.806321 libssl.so.3->EVP_PKEY_keygen(0xaaaad2d9e7c0, 0xffffe9a55890, 0, 0) = 1 <0.001628>
[pid 233] 14:59:49.811835 libssl.so.3->EVP_PKEY_derive_init(0xaaaad2d6d070, 0, 0, 0xaaaad2d6d0e0) = 1 <0.000165>
[pid 233] 14:59:49.812069 libssl.so.3->EVP_PKEY_derive_set_peer(0xaaaad2d6d070, 0xaaaad2d9dc40, 0, 0) = 1 <0.000193>
[pid 233] 14:59:49.812321 libssl.so.3->EVP_PKEY_derive(0xaaaad2d6d070, 0, 0xffffe9a55820, 0) = 1 <0.000104>
[pid 233] 14:59:49.812475 libssl.so.3->EVP_PKEY_derive(0xaaaad2d6d070, 0xaaaad2d97e10, 0xffffe9a55820, 0xaaaad2d98150) = 1 <0.001573>
[pid 233] 14:59:49.814723 libssl.so.3->X509_verify_cert(0xaaaad2d91660, 0, 0, 0xffffffff) = 1 <0.000443>
[pid 233] 14:59:49.815398 libssl.so.3->EVP_DigestVerifyInit_ex(0xaaaad2d94270, 0xffffe9a55918, 0, 0) = 1 <0.000118>
[pid 233] 14:59:49.815560 libssl.so.3->EVP_DigestVerify(0xaaaad2d94270, 0xaaaad2d9ff78, 4627, 0xffffe9a55920) = 1 <0.000296>
[pid 233] 14:59:49.816062 libssl.so.3->X509_verify_cert(0xaaaad2d91660, 1, 0, 0) = 1 <0.000301>
[pid 233] 14:59:49.816638 libssl.so.3->EVP_DigestSignInit_ex(0xaaaad2d942c0, 0xffffe9a55900, 0, 0) = 1 <0.000122>
[pid 233] 14:59:49.816809 libssl.so.3->EVP_DigestSign(0xaaaad2d942c0, 0, 0xffffe9a55910, 0xffffe9a55920) = 1 <0.000155>
[pid 233] 14:59:49.817028 libssl.so.3->EVP_DigestSign(0xaaaad2d942c0, 0xaaaad2da4040, 0xffffe9a55910, 0xffffe9a55920) = 1 <0.000493>
[pid 233] 14:59:49.817762 <... SSL_connect resumed> ) = 1 <0.011935>
Handshake duration: 12.13 ms
[pid 233] 14:59:49.819155 +++ exited (status 0) +++
Execution 18 - TLS Mutual
s_connection: verify depth is 1
[pid 235] 14:59:49.847236 openssl->SSL_connect(0xaaab0eed2410, 0xaaab0eea4998, 0xffff8fa040e0, 0 <unfinished ...>
[pid 235] 14:59:49.847577 libssl.so.3->EVP_PKEY_keygen_init(0xaaab0eed77c0, 0, 0, 0xaaab0eed7830) = 1 <0.000109>
[pid 235] 14:59:49.847741 libssl.so.3->EVP_PKEY_keygen(0xaaab0eed77c0, 0xfffff90a6850, 0, 0) = 1 <0.001708>
[pid 235] 14:59:49.853661 libssl.so.3->EVP_PKEY_derive_init(0xaaab0eea6070, 0, 0, 0xaaab0eea60e0) = 1 <0.000206>
[pid 235] 14:59:49.853933 libssl.so.3->EVP_PKEY_derive_set_peer(0xaaab0eea6070, 0xaaab0eed6c40, 0, 0) = 1 <0.000262>
[pid 235] 14:59:49.854229 libssl.so.3->EVP_PKEY_derive(0xaaab0eea6070, 0, 0xfffff90a67e0, 0) = 1 <0.000222>
[pid 235] 14:59:49.854505 libssl.so.3->EVP_PKEY_derive(0xaaab0eea6070, 0xaaab0eed0e10, 0xfffff90a67e0, 0xaaab0eed1150) = 1 <0.001577>
[pid 235] 14:59:49.856794 libssl.so.3->X509_verify_cert(0xaaab0eeca660, 0, 0, 0xffffffff) = 1 <0.000517>
[pid 235] 14:59:49.857525 libssl.so.3->EVP_DigestVerifyInit_ex(0xaaab0eecd270, 0xfffff90a68d8, 0, 0) = 1 <0.000109>
[pid 235] 14:59:49.857677 libssl.so.3->EVP_DigestVerify(0xaaab0eecd270, 0xaaab0eed8f78, 4627, 0xfffff90a68e0) = 1 <0.000298>
[pid 235] 14:59:49.858193 libssl.so.3->X509_verify_cert(0xaaab0eeca660, 1, 0, 0) = 1 <0.000303>
[pid 235] 14:59:49.858763 libssl.so.3->EVP_DigestSignInit_ex(0xaaab0eecd2c0, 0xfffff90a68c0, 0, 0) = 1 <0.000144>
[pid 235] 14:59:49.858965 libssl.so.3->EVP_DigestSign(0xaaab0eecd2c0, 0, 0xfffff90a68d0, 0xfffff90a68e0) = 1 <0.000137>
[pid 235] 14:59:49.859161 libssl.so.3->EVP_DigestSign(0xaaab0eecd2c0, 0xaaab0eedd040, 0xfffff90a68d0, 0xfffff90a68e0) = 1 <0.001278>
[pid 235] 14:59:49.860742 <... SSL_connect resumed> ) = 1 <0.013500>
Handshake duration: 13.66 ms
[pid 235] 14:59:49.862145 +++ exited (status 0) +++
Execution 19 - TLS Mutual
s_connection: verify depth is 1
[pid 237] 14:59:49.890198 openssl->SSL_connect(0xaaaace816410, 0xaaaace7e8998, 0xffffb3ce40e0, 0 <unfinished ...>
[pid 237] 14:59:49.890510 libssl.so.3->EVP_PKEY_keygen_init(0xaaaace81b7c0, 0, 0, 0xaaaace81b830) = 1 <0.000121>
[pid 237] 14:59:49.890687 libssl.so.3->EVP_PKEY_keygen(0xaaaace81b7c0, 0xffffdf05ca70, 0, 0) = 1 <0.001665>
[pid 237] 14:59:49.896214 libssl.so.3->EVP_PKEY_derive_init(0xaaaace7ea070, 0, 0, 0xaaaace7ea0e0) = 1 <0.000134>
[pid 237] 14:59:49.896433 libssl.so.3->EVP_PKEY_derive_set_peer(0xaaaace7ea070, 0xaaaace81ac40, 0, 0) = 1 <0.000261>
[pid 237] 14:59:49.896732 libssl.so.3->EVP_PKEY_derive(0xaaaace7ea070, 0, 0xffffdf05ca00, 0) = 1 <0.000157>
[pid 237] 14:59:49.896942 libssl.so.3->EVP_PKEY_derive(0xaaaace7ea070, 0xaaaace814e10, 0xffffdf05ca00, 0xaaaace815150) = 1 <0.001585>
[pid 237] 14:59:49.899220 libssl.so.3->X509_verify_cert(0xaaaace80e660, 0, 0, 0xffffffff) = 1 <0.000497>
[pid 237] 14:59:49.899918 libssl.so.3->EVP_DigestVerifyInit_ex(0xaaaace811270, 0xffffdf05caf8, 0, 0) = 1 <0.000097>
[pid 237] 14:59:49.900098 libssl.so.3->EVP_DigestVerify(0xaaaace811270, 0xaaaace81cf78, 4627, 0xffffdf05cb00) = 1 <0.000311>
[pid 237] 14:59:49.900629 libssl.so.3->X509_verify_cert(0xaaaace80e660, 1, 0, 0) = 1 <0.000296>
[pid 237] 14:59:49.901178 libssl.so.3->EVP_DigestSignInit_ex(0xaaaace8112c0, 0xffffdf05cae0, 0, 0) = 1 <0.000114>
[pid 237] 14:59:49.901378 libssl.so.3->EVP_DigestSign(0xaaaace8112c0, 0, 0xffffdf05caf0, 0xffffdf05cb00) = 1 <0.000125>
[pid 237] 14:59:49.901526 libssl.so.3->EVP_DigestSign(0xaaaace8112c0, 0xaaaace821040, 0xffffdf05caf0, 0xffffdf05cb00) = 1 <0.000480>
[pid 237] 14:59:49.902267 <... SSL_connect resumed> ) = 1 <0.012063>
Handshake duration: 12.25 ms
[pid 237] 14:59:49.903707 +++ exited (status 0) +++
Execution 20 - TLS Mutual
s_connection: verify depth is 1
[pid 239] 14:59:49.931740 openssl->SSL_connect(0xaaaaf5cda410, 0xaaaaf5cac998, 0xffffaa3840e0, 0 <unfinished ...>
[pid 239] 14:59:49.932029 libssl.so.3->EVP_PKEY_keygen_init(0xaaaaf5cdf7c0, 0, 0, 0xaaaaf5cdf830) = 1 <0.000124>
[pid 239] 14:59:49.932275 libssl.so.3->EVP_PKEY_keygen(0xaaaaf5cdf7c0, 0xffffff20d790, 0, 0) = 1 <0.001703>
[pid 239] 14:59:49.937870 libssl.so.3->EVP_PKEY_derive_init(0xaaaaf5cae070, 0, 0, 0xaaaaf5cae0e0) = 1 <0.000121>
[pid 239] 14:59:49.938164 libssl.so.3->EVP_PKEY_derive_set_peer(0xaaaaf5cae070, 0xaaaaf5cdec40, 0, 0) = 1 <0.000164>
[pid 239] 14:59:49.938441 libssl.so.3->EVP_PKEY_derive(0xaaaaf5cae070, 0, 0xffffff20d720, 0) = 1 <0.000147>
[pid 239] 14:59:49.938643 libssl.so.3->EVP_PKEY_derive(0xaaaaf5cae070, 0xaaaaf5cd8e10, 0xffffff20d720, 0xaaaaf5cd9150) = 1 <0.001583>
[pid 239] 14:59:49.940913 libssl.so.3->X509_verify_cert(0xaaaaf5cd2660, 0, 0, 0xffffffff) = 1 <0.000464>
[pid 239] 14:59:49.941626 libssl.so.3->EVP_DigestVerifyInit_ex(0xaaaaf5cd5270, 0xffffff20d818, 0, 0) = 1 <0.000129>
[pid 239] 14:59:49.941805 libssl.so.3->EVP_DigestVerify(0xaaaaf5cd5270, 0xaaaaf5ce0f78, 4627, 0xffffff20d820) = 1 <0.000330>
[pid 239] 14:59:49.942384 libssl.so.3->X509_verify_cert(0xaaaaf5cd2660, 1, 0, 0) = 1 <0.000308>
[pid 239] 14:59:49.942944 libssl.so.3->EVP_DigestSignInit_ex(0xaaaaf5cd52c0, 0xffffff20d800, 0, 0) = 1 <0.000144>
[pid 239] 14:59:49.943157 libssl.so.3->EVP_DigestSign(0xaaaaf5cd52c0, 0, 0xffffff20d810, 0xffffff20d820) = 1 <0.000169>
[pid 239] 14:59:49.943449 libssl.so.3->EVP_DigestSign(0xaaaaf5cd52c0, 0xaaaaf5ce5040, 0xffffff20d810, 0xffffff20d820) = 1 <0.000436>
[pid 239] 14:59:49.944122 <... SSL_connect resumed> ) = 1 <0.012377>
Handshake duration: 12.53 ms
[pid 239] 14:59:49.945553 +++ exited (status 0) +++
Execution 21 - TLS Mutual
s_connection: verify depth is 1
[pid 241] 14:59:49.973607 openssl->SSL_connect(0xaaaaea422410, 0xaaaaea3f4998, 0xffff948940e0, 0 <unfinished ...>
[pid 241] 14:59:49.973950 libssl.so.3->EVP_PKEY_keygen_init(0xaaaaea4277c0, 0, 0, 0xaaaaea427830) = 1 <0.000124>
[pid 241] 14:59:49.974145 libssl.so.3->EVP_PKEY_keygen(0xaaaaea4277c0, 0xffffc6212f70, 0, 0) = 1 <0.001662>
[pid 241] 14:59:49.979715 libssl.so.3->EVP_PKEY_derive_init(0xaaaaea3f6070, 0, 0, 0xaaaaea3f60e0) = 1 <0.000163>
[pid 241] 14:59:49.979938 libssl.so.3->EVP_PKEY_derive_set_peer(0xaaaaea3f6070, 0xaaaaea426c40, 0, 0) = 1 <0.000135>
[pid 241] 14:59:49.980115 libssl.so.3->EVP_PKEY_derive(0xaaaaea3f6070, 0, 0xffffc6212f00, 0) = 1 <0.000167>
[pid 241] 14:59:49.980380 libssl.so.3->EVP_PKEY_derive(0xaaaaea3f6070, 0xaaaaea420e10, 0xffffc6212f00, 0xaaaaea421150) = 1 <0.001577>
[pid 241] 14:59:49.982640 libssl.so.3->X509_verify_cert(0xaaaaea41a660, 0, 0, 0xffffffff) = 1 <0.000454>
[pid 241] 14:59:49.983383 libssl.so.3->EVP_DigestVerifyInit_ex(0xaaaaea41d270, 0xffffc6212ff8, 0, 0) = 1 <0.000148>
[pid 241] 14:59:49.983597 libssl.so.3->EVP_DigestVerify(0xaaaaea41d270, 0xaaaaea428f78, 4627, 0xffffc6213000) = 1 <0.000323>
[pid 241] 14:59:49.984176 libssl.so.3->X509_verify_cert(0xaaaaea41a660, 1, 0, 0) = 1 <0.000321>
[pid 241] 14:59:49.984758 libssl.so.3->EVP_DigestSignInit_ex(0xaaaaea41d2c0, 0xffffc6212fe0, 0, 0) = 1 <0.000137>
[pid 241] 14:59:49.984936 libssl.so.3->EVP_DigestSign(0xaaaaea41d2c0, 0, 0xffffc6212ff0, 0xffffc6213000) = 1 <0.000100>
[pid 241] 14:59:49.985117 libssl.so.3->EVP_DigestSign(0xaaaaea41d2c0, 0xaaaaea42d040, 0xffffc6212ff0, 0xffffc6213000) = 1 <0.000493>
[pid 241] 14:59:49.985879 <... SSL_connect resumed> ) = 1 <0.012265>
Handshake duration: 12.40 ms
[pid 241] 14:59:49.987218 +++ exited (status 0) +++
Execution 22 - TLS Mutual
s_connection: verify depth is 1
[pid 243] 14:59:50.014836 openssl->SSL_connect(0xaaab102fc410, 0xaaab102ce998, 0xffff822440e0, 0 <unfinished ...>
[pid 243] 14:59:50.015149 libssl.so.3->EVP_PKEY_keygen_init(0xaaab103017c0, 0, 0, 0xaaab10301830) = 1 <0.000134>
[pid 243] 14:59:50.015355 libssl.so.3->EVP_PKEY_keygen(0xaaab103017c0, 0xfffff6cdf760, 0, 0) = 1 <0.001721>
[pid 243] 14:59:50.020982 libssl.so.3->EVP_PKEY_derive_init(0xaaab102d0070, 0, 0, 0xaaab102d00e0) = 1 <0.000196>
[pid 243] 14:59:50.021249 libssl.so.3->EVP_PKEY_derive_set_peer(0xaaab102d0070, 0xaaab10300c40, 0, 0) = 1 <0.000140>
[pid 243] 14:59:50.021437 libssl.so.3->EVP_PKEY_derive(0xaaab102d0070, 0, 0xfffff6cdf6f0, 0) = 1 <0.000171>
[pid 243] 14:59:50.021682 libssl.so.3->EVP_PKEY_derive(0xaaab102d0070, 0xaaab102fae10, 0xfffff6cdf6f0, 0xaaab102fb150) = 1 <0.001641>
[pid 243] 14:59:50.023991 libssl.so.3->X509_verify_cert(0xaaab102f4660, 0, 0, 0xffffffff) = 1 <0.000450>
[pid 243] 14:59:50.024658 libssl.so.3->EVP_DigestVerifyInit_ex(0xaaab102f7270, 0xfffff6cdf7e8, 0, 0) = 1 <0.000139>
[pid 243] 14:59:50.024853 libssl.so.3->EVP_DigestVerify(0xaaab102f7270, 0xaaab10302f78, 4627, 0xfffff6cdf7f0) = 1 <0.000274>
[pid 243] 14:59:50.025348 libssl.so.3->X509_verify_cert(0xaaab102f4660, 1, 0, 0) = 1 <0.000305>
[pid 243] 14:59:50.025934 libssl.so.3->EVP_DigestSignInit_ex(0xaaab102f72c0, 0xfffff6cdf7d0, 0, 0) = 1 <0.000174>
[pid 243] 14:59:50.026191 libssl.so.3->EVP_DigestSign(0xaaab102f72c0, 0, 0xfffff6cdf7e0, 0xfffff6cdf7f0) = 1 <0.000094>
[pid 243] 14:59:50.026340 libssl.so.3->EVP_DigestSign(0xaaab102f72c0, 0xaaab10307040, 0xfffff6cdf7e0, 0xfffff6cdf7f0) = 1 <0.000493>
[pid 243] 14:59:50.027069 <... SSL_connect resumed> ) = 1 <0.012229>
Handshake duration: 12.38 ms
[pid 243] 14:59:50.028471 +++ exited (status 0) +++
Execution 23 - TLS Mutual
s_connection: verify depth is 1
[pid 245] 14:59:50.056145 openssl->SSL_connect(0xaaaaf98ad410, 0xaaaaf987f998, 0xffff927840e0, 0 <unfinished ...>
[pid 245] 14:59:50.056472 libssl.so.3->EVP_PKEY_keygen_init(0xaaaaf98b27c0, 0, 0, 0xaaaaf98b2830) = 1 <0.000108>
[pid 245] 14:59:50.056629 libssl.so.3->EVP_PKEY_keygen(0xaaaaf98b27c0, 0xffffe9a935f0, 0, 0) = 1 <0.001671>
[pid 245] 14:59:50.062139 libssl.so.3->EVP_PKEY_derive_init(0xaaaaf9881070, 0, 0, 0xaaaaf98810e0) = 1 <0.000117>
[pid 245] 14:59:50.062342 libssl.so.3->EVP_PKEY_derive_set_peer(0xaaaaf9881070, 0xaaaaf98b1c40, 0, 0) = 1 <0.000102>
[pid 245] 14:59:50.062505 libssl.so.3->EVP_PKEY_derive(0xaaaaf9881070, 0, 0xffffe9a93580, 0) = 1 <0.000191>
[pid 245] 14:59:50.062766 libssl.so.3->EVP_PKEY_derive(0xaaaaf9881070, 0xaaaaf98abe10, 0xffffe9a93580, 0xaaaaf98ac150) = 1 <0.001519>
[pid 245] 14:59:50.065008 libssl.so.3->X509_verify_cert(0xaaaaf98a5660, 0, 0, 0xffffffff) = 1 <0.000505>
[pid 245] 14:59:50.065722 libssl.so.3->EVP_DigestVerifyInit_ex(0xaaaaf98a8270, 0xffffe9a93678, 0, 0) = 1 <0.000136>
[pid 245] 14:59:50.065947 libssl.so.3->EVP_DigestVerify(0xaaaaf98a8270, 0xaaaaf98b3f78, 4627, 0xffffe9a93680) = 1 <0.000325>
[pid 245] 14:59:50.066484 libssl.so.3->X509_verify_cert(0xaaaaf98a5660, 1, 0, 0) = 1 <0.000307>
[pid 245] 14:59:50.067055 libssl.so.3->EVP_DigestSignInit_ex(0xaaaaf98a82c0, 0xffffe9a93660, 0, 0) = 1 <0.000144>
[pid 245] 14:59:50.067269 libssl.so.3->EVP_DigestSign(0xaaaaf98a82c0, 0, 0xffffe9a93670, 0xffffe9a93680) = 1 <0.000197>
[pid 245] 14:59:50.067508 libssl.so.3->EVP_DigestSign(0xaaaaf98a82c0, 0xaaaaf98b8040, 0xffffe9a93670, 0xffffe9a93680) = 1 <0.000540>
[pid 245] 14:59:50.068311 <... SSL_connect resumed> ) = 1 <0.012172>
Handshake duration: 12.30 ms
[pid 245] 14:59:50.069673 +++ exited (status 0) +++
Execution 24 - TLS Mutual
s_connection: verify depth is 1
[pid 247] 14:59:50.097273 openssl->SSL_connect(0xaaaadf67a410, 0xaaaadf64c998, 0xffff955740e0, 0 <unfinished ...>
[pid 247] 14:59:50.097595 libssl.so.3->EVP_PKEY_keygen_init(0xaaaadf67f7c0, 0, 0, 0xaaaadf67f830) = 1 <0.000135>
[pid 247] 14:59:50.097794 libssl.so.3->EVP_PKEY_keygen(0xaaaadf67f7c0, 0xfffff084a6b0, 0, 0) = 1 <0.001667>
[pid 247] 14:59:50.103236 libssl.so.3->EVP_PKEY_derive_init(0xaaaadf64e070, 0, 0, 0xaaaadf64e0e0) = 1 <0.000103>
[pid 247] 14:59:50.103446 libssl.so.3->EVP_PKEY_derive_set_peer(0xaaaadf64e070, 0xaaaadf67ec40, 0, 0) = 1 <0.000112>
[pid 247] 14:59:50.103616 libssl.so.3->EVP_PKEY_derive(0xaaaadf64e070, 0, 0xfffff084a640, 0) = 1 <0.000130>
[pid 247] 14:59:50.103813 libssl.so.3->EVP_PKEY_derive(0xaaaadf64e070, 0xaaaadf678e10, 0xfffff084a640, 0xaaaadf679150) = 1 <0.001547>
[pid 247] 14:59:50.106039 libssl.so.3->X509_verify_cert(0xaaaadf672660, 0, 0, 0xffffffff) = 1 <0.000520>
[pid 247] 14:59:50.106798 libssl.so.3->EVP_DigestVerifyInit_ex(0xaaaadf675270, 0xfffff084a738, 0, 0) = 1 <0.000124>
[pid 247] 14:59:50.106986 libssl.so.3->EVP_DigestVerify(0xaaaadf675270, 0xaaaadf680f78, 4627, 0xfffff084a740) = 1 <0.000290>
[pid 247] 14:59:50.107518 libssl.so.3->X509_verify_cert(0xaaaadf672660, 1, 0, 0) = 1 <0.000306>
[pid 247] 14:59:50.108081 libssl.so.3->EVP_DigestSignInit_ex(0xaaaadf6752c0, 0xfffff084a720, 0, 0) = 1 <0.000129>
[pid 247] 14:59:50.108272 libssl.so.3->EVP_DigestSign(0xaaaadf6752c0, 0, 0xfffff084a730, 0xfffff084a740) = 1 <0.000300>
[pid 247] 14:59:50.108608 libssl.so.3->EVP_DigestSign(0xaaaadf6752c0, 0xaaaadf685040, 0xfffff084a730, 0xfffff084a740) = 1 <0.000602>
[pid 247] 14:59:50.109489 <... SSL_connect resumed> ) = 1 <0.012210>
Handshake duration: 12.38 ms
[pid 247] 14:59:50.110862 +++ exited (status 0) +++
Execution 25 - TLS Mutual
s_connection: verify depth is 1
[pid 249] 14:59:50.140601 openssl->SSL_connect(0xaaab0b11f410, 0xaaab0b0f1998, 0xffffb1d240e0, 0 <unfinished ...>
[pid 249] 14:59:50.140916 libssl.so.3->EVP_PKEY_keygen_init(0xaaab0b1247c0, 0, 0, 0xaaab0b124830) = 1 <0.000101>
[pid 249] 14:59:50.141113 libssl.so.3->EVP_PKEY_keygen(0xaaab0b1247c0, 0xffffc0115690, 0, 0) = 1 <0.001722>
[pid 249] 14:59:50.146730 libssl.so.3->EVP_PKEY_derive_init(0xaaab0b0f3070, 0, 0, 0xaaab0b0f30e0) = 1 <0.000105>
[pid 249] 14:59:50.146901 libssl.so.3->EVP_PKEY_derive_set_peer(0xaaab0b0f3070, 0xaaab0b123c40, 0, 0) = 1 <0.000107>
[pid 249] 14:59:50.147061 libssl.so.3->EVP_PKEY_derive(0xaaab0b0f3070, 0, 0xffffc0115620, 0) = 1 <0.000157>
[pid 249] 14:59:50.147369 libssl.so.3->EVP_PKEY_derive(0xaaab0b0f3070, 0xaaab0b11de10, 0xffffc0115620, 0xaaab0b11e150) = 1 <0.001631>
[pid 249] 14:59:50.149686 libssl.so.3->X509_verify_cert(0xaaab0b117660, 0, 0, 0xffffffff) = 1 <0.000478>
[pid 249] 14:59:50.150400 libssl.so.3->EVP_DigestVerifyInit_ex(0xaaab0b11a270, 0xffffc0115718, 0, 0) = 1 <0.000106>
[pid 249] 14:59:50.150598 libssl.so.3->EVP_DigestVerify(0xaaab0b11a270, 0xaaab0b125f78, 4627, 0xffffc0115720) = 1 <0.000328>
[pid 249] 14:59:50.151176 libssl.so.3->X509_verify_cert(0xaaab0b117660, 1, 0, 0) = 1 <0.000337>
[pid 249] 14:59:50.151788 libssl.so.3->EVP_DigestSignInit_ex(0xaaab0b11a2c0, 0xffffc0115700, 0, 0) = 1 <0.000176>
[pid 249] 14:59:50.152031 libssl.so.3->EVP_DigestSign(0xaaab0b11a2c0, 0, 0xffffc0115710, 0xffffc0115720) = 1 <0.000103>
[pid 249] 14:59:50.152248 libssl.so.3->EVP_DigestSign(0xaaab0b11a2c0, 0xaaab0b12a040, 0xffffc0115710, 0xffffc0115720) = 1 <0.000494>
[pid 249] 14:59:50.152992 <... SSL_connect resumed> ) = 1 <0.012384>
Handshake duration: 12.54 ms
[pid 249] 14:59:50.154382 +++ exited (status 0) +++
Execution 26 - TLS Mutual
s_connection: verify depth is 1
[pid 251] 14:59:50.182904 openssl->SSL_connect(0xaaaacc1a4410, 0xaaaacc176998, 0xffffb8b040e0, 0 <unfinished ...>
[pid 251] 14:59:50.183221 libssl.so.3->EVP_PKEY_keygen_init(0xaaaacc1a97c0, 0, 0, 0xaaaacc1a9830) = 1 <0.000120>
[pid 251] 14:59:50.183379 libssl.so.3->EVP_PKEY_keygen(0xaaaacc1a97c0, 0xfffffa391920, 0, 0) = 1 <0.001639>
[pid 251] 14:59:50.188836 libssl.so.3->EVP_PKEY_derive_init(0xaaaacc178070, 0, 0, 0xaaaacc1780e0) = 1 <0.000182>
[pid 251] 14:59:50.189076 libssl.so.3->EVP_PKEY_derive_set_peer(0xaaaacc178070, 0xaaaacc1a8c40, 0, 0) = 1 <0.000163>
[pid 251] 14:59:50.189296 libssl.so.3->EVP_PKEY_derive(0xaaaacc178070, 0, 0xfffffa3918b0, 0) = 1 <0.000147>
[pid 251] 14:59:50.189491 libssl.so.3->EVP_PKEY_derive(0xaaaacc178070, 0xaaaacc1a2e10, 0xfffffa3918b0, 0xaaaacc1a3150) = 1 <0.001541>
[pid 251] 14:59:50.191755 libssl.so.3->X509_verify_cert(0xaaaacc19c660, 0, 0, 0xffffffff) = 1 <0.000499>
[pid 251] 14:59:50.192472 libssl.so.3->EVP_DigestVerifyInit_ex(0xaaaacc19f270, 0xfffffa3919a8, 0, 0) = 1 <0.000123>
[pid 251] 14:59:50.192649 libssl.so.3->EVP_DigestVerify(0xaaaacc19f270, 0xaaaacc1aaf78, 4627, 0xfffffa3919b0) = 1 <0.000354>
[pid 251] 14:59:50.193240 libssl.so.3->X509_verify_cert(0xaaaacc19c660, 1, 0, 0) = 1 <0.000307>
[pid 251] 14:59:50.193803 libssl.so.3->EVP_DigestSignInit_ex(0xaaaacc19f2c0, 0xfffffa391990, 0, 0) = 1 <0.000117>
[pid 251] 14:59:50.193962 libssl.so.3->EVP_DigestSign(0xaaaacc19f2c0, 0, 0xfffffa3919a0, 0xfffffa3919b0) = 1 <0.000104>
[pid 251] 14:59:50.194117 libssl.so.3->EVP_DigestSign(0xaaaacc19f2c0, 0xaaaacc1af040, 0xfffffa3919a0, 0xfffffa3919b0) = 1 <0.000437>
[pid 251] 14:59:50.194793 <... SSL_connect resumed> ) = 1 <0.011884>
Handshake duration: 12.02 ms
[pid 251] 14:59:50.196174 +++ exited (status 0) +++
Execution 27 - TLS Mutual
s_connection: verify depth is 1
[pid 253] 14:59:50.223738 openssl->SSL_connect(0xaaaadb3eb410, 0xaaaadb3bd998, 0xffffa6fa40e0, 0 <unfinished ...>
[pid 253] 14:59:50.224081 libssl.so.3->EVP_PKEY_keygen_init(0xaaaadb3f07c0, 0, 0, 0xaaaadb3f0830) = 1 <0.000160>
[pid 253] 14:59:50.224294 libssl.so.3->EVP_PKEY_keygen(0xaaaadb3f07c0, 0xfffff6224e80, 0, 0) = 1 <0.001707>
[pid 253] 14:59:50.229948 libssl.so.3->EVP_PKEY_derive_init(0xaaaadb3bf070, 0, 0, 0xaaaadb3bf0e0) = 1 <0.000112>
[pid 253] 14:59:50.230146 libssl.so.3->EVP_PKEY_derive_set_peer(0xaaaadb3bf070, 0xaaaadb3efc40, 0, 0) = 1 <0.000114>
[pid 253] 14:59:50.230301 libssl.so.3->EVP_PKEY_derive(0xaaaadb3bf070, 0, 0xfffff6224e10, 0) = 1 <0.000103>
[pid 253] 14:59:50.230461 libssl.so.3->EVP_PKEY_derive(0xaaaadb3bf070, 0xaaaadb3e9e10, 0xfffff6224e10, 0xaaaadb3ea150) = 1 <0.001540>
[pid 253] 14:59:50.232693 libssl.so.3->X509_verify_cert(0xaaaadb3e3660, 0, 0, 0xffffffff) = 1 <0.000505>
[pid 253] 14:59:50.233424 libssl.so.3->EVP_DigestVerifyInit_ex(0xaaaadb3e6270, 0xfffff6224f08, 0, 0) = 1 <0.000140>
[pid 253] 14:59:50.233625 libssl.so.3->EVP_DigestVerify(0xaaaadb3e6270, 0xaaaadb3f1f78, 4627, 0xfffff6224f10) = 1 <0.000341>
[pid 253] 14:59:50.234194 libssl.so.3->X509_verify_cert(0xaaaadb3e3660, 1, 0, 0) = 1 <0.000293>
[pid 253] 14:59:50.234758 libssl.so.3->EVP_DigestSignInit_ex(0xaaaadb3e62c0, 0xfffff6224ef0, 0, 0) = 1 <0.000191>
[pid 253] 14:59:50.234993 libssl.so.3->EVP_DigestSign(0xaaaadb3e62c0, 0, 0xfffff6224f00, 0xfffff6224f10) = 1 <0.000093>
[pid 253] 14:59:50.235165 libssl.so.3->EVP_DigestSign(0xaaaadb3e62c0, 0xaaaadb3f6040, 0xfffff6224f00, 0xfffff6224f10) = 1 <0.000517>
[pid 253] 14:59:50.235928 <... SSL_connect resumed> ) = 1 <0.012183>
Handshake duration: 12.31 ms
[pid 253] 14:59:50.237235 +++ exited (status 0) +++
Execution 28 - TLS Mutual
s_connection: verify depth is 1
[pid 255] 14:59:50.265425 openssl->SSL_connect(0xaaab04d06410, 0xaaab04cd8998, 0xffff902140e0, 0 <unfinished ...>
[pid 255] 14:59:50.265748 libssl.so.3->EVP_PKEY_keygen_init(0xaaab04d0b7c0, 0, 0, 0xaaab04d0b830) = 1 <0.000134>
[pid 255] 14:59:50.265940 libssl.so.3->EVP_PKEY_keygen(0xaaab04d0b7c0, 0xffffe6fac760, 0, 0) = 1 <0.001603>
[pid 255] 14:59:50.271394 libssl.so.3->EVP_PKEY_derive_init(0xaaab04cda070, 0, 0, 0xaaab04cda0e0) = 1 <0.000105>
[pid 255] 14:59:50.271554 libssl.so.3->EVP_PKEY_derive_set_peer(0xaaab04cda070, 0xaaab04d0ac40, 0, 0) = 1 <0.000140>
[pid 255] 14:59:50.271737 libssl.so.3->EVP_PKEY_derive(0xaaab04cda070, 0, 0xffffe6fac6f0, 0) = 1 <0.000162>
[pid 255] 14:59:50.271955 libssl.so.3->EVP_PKEY_derive(0xaaab04cda070, 0xaaab04d04e10, 0xffffe6fac6f0, 0xaaab04d05150) = 1 <0.001534>
[pid 255] 14:59:50.274208 libssl.so.3->X509_verify_cert(0xaaab04cfe660, 0, 0, 0xffffffff) = 1 <0.000465>
[pid 255] 14:59:50.274921 libssl.so.3->EVP_DigestVerifyInit_ex(0xaaab04d01270, 0xffffe6fac7e8, 0, 0) = 1 <0.000122>
[pid 255] 14:59:50.275114 libssl.so.3->EVP_DigestVerify(0xaaab04d01270, 0xaaab04d0cf78, 4627, 0xffffe6fac7f0) = 1 <0.000295>
[pid 255] 14:59:50.275651 libssl.so.3->X509_verify_cert(0xaaab04cfe660, 1, 0, 0) = 1 <0.000306>
[pid 255] 14:59:50.276282 libssl.so.3->EVP_DigestSignInit_ex(0xaaab04d012c0, 0xffffe6fac7d0, 0, 0) = 1 <0.000144>
[pid 255] 14:59:50.276480 libssl.so.3->EVP_DigestSign(0xaaab04d012c0, 0, 0xffffe6fac7e0, 0xffffe6fac7f0) = 1 <0.000113>
[pid 255] 14:59:50.276643 libssl.so.3->EVP_DigestSign(0xaaab04d012c0, 0xaaab04d11040, 0xffffe6fac7e0, 0xffffe6fac7f0) = 1 <0.000411>
[pid 255] 14:59:50.277297 <... SSL_connect resumed> ) = 1 <0.011868>
Handshake duration: 12.01 ms
[pid 255] 14:59:50.278632 +++ exited (status 0) +++
Execution 29 - TLS Mutual
s_connection: verify depth is 1
[pid 257] 14:59:50.306538 openssl->SSL_connect(0xaaab09732410, 0xaaab09704998, 0xffff8bb940e0, 0 <unfinished ...>
[pid 257] 14:59:50.306864 libssl.so.3->EVP_PKEY_keygen_init(0xaaab097377c0, 0, 0, 0xaaab09737830) = 1 <0.000116>
[pid 257] 14:59:50.307064 libssl.so.3->EVP_PKEY_keygen(0xaaab097377c0, 0xffffc0dde710, 0, 0) = 1 <0.001695>
[pid 257] 14:59:50.312697 libssl.so.3->EVP_PKEY_derive_init(0xaaab09706070, 0, 0, 0xaaab097060e0) = 1 <0.000102>
[pid 257] 14:59:50.312915 libssl.so.3->EVP_PKEY_derive_set_peer(0xaaab09706070, 0xaaab09736c40, 0, 0) = 1 <0.000128>
[pid 257] 14:59:50.313100 libssl.so.3->EVP_PKEY_derive(0xaaab09706070, 0, 0xffffc0dde6a0, 0) = 1 <0.000113>
[pid 257] 14:59:50.313333 libssl.so.3->EVP_PKEY_derive(0xaaab09706070, 0xaaab09730e10, 0xffffc0dde6a0, 0xaaab09731150) = 1 <0.001561>
[pid 257] 14:59:50.315602 libssl.so.3->X509_verify_cert(0xaaab0972a660, 0, 0, 0xffffffff) = 1 <0.000490>
[pid 257] 14:59:50.316301 libssl.so.3->EVP_DigestVerifyInit_ex(0xaaab0972d270, 0xffffc0dde798, 0, 0) = 1 <0.000123>
[pid 257] 14:59:50.316474 libssl.so.3->EVP_DigestVerify(0xaaab0972d270, 0xaaab09738f78, 4627, 0xffffc0dde7a0) = 1 <0.000287>
[pid 257] 14:59:50.316984 libssl.so.3->X509_verify_cert(0xaaab0972a660, 1, 0, 0) = 1 <0.000322>
[pid 257] 14:59:50.317583 libssl.so.3->EVP_DigestSignInit_ex(0xaaab0972d2c0, 0xffffc0dde780, 0, 0) = 1 <0.000284>
[pid 257] 14:59:50.317919 libssl.so.3->EVP_DigestSign(0xaaab0972d2c0, 0, 0xffffc0dde790, 0xffffc0dde7a0) = 1 <0.000144>
[pid 257] 14:59:50.318121 libssl.so.3->EVP_DigestSign(0xaaab0972d2c0, 0xaaab0973d040, 0xffffc0dde790, 0xffffc0dde7a0) = 1 <0.000930>
[pid 257] 14:59:50.319410 <... SSL_connect resumed> ) = 1 <0.012864>
Handshake duration: 13.00 ms
[pid 257] 14:59:50.320745 +++ exited (status 0) +++
Execution 30 - TLS Mutual
s_connection: verify depth is 1
[pid 259] 14:59:50.348372 openssl->SSL_connect(0xaaaae3907410, 0xaaaae38d9998, 0xffff9d2a40e0, 0 <unfinished ...>
[pid 259] 14:59:50.348717 libssl.so.3->EVP_PKEY_keygen_init(0xaaaae390c7c0, 0, 0, 0xaaaae390c830) = 1 <0.000118>
[pid 259] 14:59:50.348883 libssl.so.3->EVP_PKEY_keygen(0xaaaae390c7c0, 0xffffd1435a60, 0, 0) = 1 <0.001657>
[pid 259] 14:59:50.354411 libssl.so.3->EVP_PKEY_derive_init(0xaaaae38db070, 0, 0, 0xaaaae38db0e0) = 1 <0.000218>
[pid 259] 14:59:50.354673 libssl.so.3->EVP_PKEY_derive_set_peer(0xaaaae38db070, 0xaaaae390bc40, 0, 0) = 1 <0.000103>
[pid 259] 14:59:50.354853 libssl.so.3->EVP_PKEY_derive(0xaaaae38db070, 0, 0xffffd14359f0, 0) = 1 <0.000143>
[pid 259] 14:59:50.355052 libssl.so.3->EVP_PKEY_derive(0xaaaae38db070, 0xaaaae3905e10, 0xffffd14359f0, 0xaaaae3906150) = 1 <0.001559>
[pid 259] 14:59:50.357304 libssl.so.3->X509_verify_cert(0xaaaae38ff660, 0, 0, 0xffffffff) = 1 <0.000447>
[pid 259] 14:59:50.357968 libssl.so.3->EVP_DigestVerifyInit_ex(0xaaaae3902270, 0xffffd1435ae8, 0, 0) = 1 <0.000123>
[pid 259] 14:59:50.358158 libssl.so.3->EVP_DigestVerify(0xaaaae3902270, 0xaaaae390df78, 4627, 0xffffd1435af0) = 1 <0.000333>
[pid 259] 14:59:50.358722 libssl.so.3->X509_verify_cert(0xaaaae38ff660, 1, 0, 0) = 1 <0.000336>
[pid 259] 14:59:50.359366 libssl.so.3->EVP_DigestSignInit_ex(0xaaaae39022c0, 0xffffd1435ad0, 0, 0) = 1 <0.000113>
[pid 259] 14:59:50.359528 libssl.so.3->EVP_DigestSign(0xaaaae39022c0, 0, 0xffffd1435ae0, 0xffffd1435af0) = 1 <0.000163>
[pid 259] 14:59:50.359752 libssl.so.3->EVP_DigestSign(0xaaaae39022c0, 0xaaaae3912040, 0xffffd1435ae0, 0xffffd1435af0) = 1 <0.000464>
[pid 259] 14:59:50.360510 <... SSL_connect resumed> ) = 1 <0.012131>
Handshake duration: 12.26 ms
[pid 259] 14:59:50.361844 +++ exited (status 0) +++
Execution 31 - TLS Mutual
s_connection: verify depth is 1
[pid 261] 14:59:50.389582 openssl->SSL_connect(0xaaaae9bf8410, 0xaaaae9bca998, 0xffff871640e0, 0 <unfinished ...>
[pid 261] 14:59:50.389937 libssl.so.3->EVP_PKEY_keygen_init(0xaaaae9bfd7c0, 0, 0, 0xaaaae9bfd830) = 1 <0.000133>
[pid 261] 14:59:50.390114 libssl.so.3->EVP_PKEY_keygen(0xaaaae9bfd7c0, 0xfffff8e02e80, 0, 0) = 1 <0.001707>
[pid 261] 14:59:50.395676 libssl.so.3->EVP_PKEY_derive_init(0xaaaae9bcc070, 0, 0, 0xaaaae9bcc0e0) = 1 <0.000148>
[pid 261] 14:59:50.395892 libssl.so.3->EVP_PKEY_derive_set_peer(0xaaaae9bcc070, 0xaaaae9bfcc40, 0, 0) = 1 <0.000196>
[pid 261] 14:59:50.396127 libssl.so.3->EVP_PKEY_derive(0xaaaae9bcc070, 0, 0xfffff8e02e10, 0) = 1 <0.000108>
[pid 261] 14:59:50.396286 libssl.so.3->EVP_PKEY_derive(0xaaaae9bcc070, 0xaaaae9bf6e10, 0xfffff8e02e10, 0xaaaae9bf7150) = 1 <0.001581>
[pid 261] 14:59:50.398566 libssl.so.3->X509_verify_cert(0xaaaae9bf0660, 0, 0, 0xffffffff) = 1 <0.000453>
[pid 261] 14:59:50.399277 libssl.so.3->EVP_DigestVerifyInit_ex(0xaaaae9bf3270, 0xfffff8e02f08, 0, 0) = 1 <0.000139>
[pid 261] 14:59:50.399478 libssl.so.3->EVP_DigestVerify(0xaaaae9bf3270, 0xaaaae9bfef78, 4627, 0xfffff8e02f10) = 1 <0.000318>
[pid 261] 14:59:50.400017 libssl.so.3->X509_verify_cert(0xaaaae9bf0660, 1, 0, 0) = 1 <0.000307>
[pid 261] 14:59:50.400599 libssl.so.3->EVP_DigestSignInit_ex(0xaaaae9bf32c0, 0xfffff8e02ef0, 0, 0) = 1 <0.000162>
[pid 261] 14:59:50.400818 libssl.so.3->EVP_DigestSign(0xaaaae9bf32c0, 0, 0xfffff8e02f00, 0xfffff8e02f10) = 1 <0.000125>
[pid 261] 14:59:50.400997 libssl.so.3->EVP_DigestSign(0xaaaae9bf32c0, 0xaaaae9c03040, 0xfffff8e02f00, 0xfffff8e02f10) = 1 <0.000637>
[pid 261] 14:59:50.401903 <... SSL_connect resumed> ) = 1 <0.012315>
Handshake duration: 12.45 ms
[pid 261] 14:59:50.403172 +++ exited (status 0) +++
Execution 32 - TLS Mutual
s_connection: verify depth is 1
[pid 263] 14:59:50.430842 openssl->SSL_connect(0xaaab01428410, 0xaaab013fa998, 0xffffa5b840e0, 0 <unfinished ...>
[pid 263] 14:59:50.431179 libssl.so.3->EVP_PKEY_keygen_init(0xaaab0142d7c0, 0, 0, 0xaaab0142d830) = 1 <0.000111>
[pid 263] 14:59:50.431436 libssl.so.3->EVP_PKEY_keygen(0xaaab0142d7c0, 0xffffc8ff26f0, 0, 0) = 1 <0.001802>
[pid 263] 14:59:50.437004 libssl.so.3->EVP_PKEY_derive_init(0xaaab013fc070, 0, 0, 0xaaab013fc0e0) = 1 <0.000099>
[pid 263] 14:59:50.437216 libssl.so.3->EVP_PKEY_derive_set_peer(0xaaab013fc070, 0xaaab0142cc40, 0, 0) = 1 <0.000153>
[pid 263] 14:59:50.437466 libssl.so.3->EVP_PKEY_derive(0xaaab013fc070, 0, 0xffffc8ff2680, 0) = 1 <0.000161>
[pid 263] 14:59:50.437683 libssl.so.3->EVP_PKEY_derive(0xaaab013fc070, 0xaaab01426e10, 0xffffc8ff2680, 0xaaab01427150) = 1 <0.001584>
[pid 263] 14:59:50.439982 libssl.so.3->X509_verify_cert(0xaaab01420660, 0, 0, 0xffffffff) = 1 <0.000466>
[pid 263] 14:59:50.440654 libssl.so.3->EVP_DigestVerifyInit_ex(0xaaab01423270, 0xffffc8ff2778, 0, 0) = 1 <0.000117>
[pid 263] 14:59:50.440834 libssl.so.3->EVP_DigestVerify(0xaaab01423270, 0xaaab0142ef78, 4627, 0xffffc8ff2780) = 1 <0.000273>
[pid 263] 14:59:50.441351 libssl.so.3->X509_verify_cert(0xaaab01420660, 1, 0, 0) = 1 <0.000301>
[pid 263] 14:59:50.441955 libssl.so.3->EVP_DigestSignInit_ex(0xaaab014232c0, 0xffffc8ff2760, 0, 0) = 1 <0.000118>
[pid 263] 14:59:50.442122 libssl.so.3->EVP_DigestSign(0xaaab014232c0, 0, 0xffffc8ff2770, 0xffffc8ff2780) = 1 <0.000142>
[pid 263] 14:59:50.442346 libssl.so.3->EVP_DigestSign(0xaaab014232c0, 0xaaab01433040, 0xffffc8ff2770, 0xffffc8ff2780) = 1 <0.000440>
[pid 263] 14:59:50.443044 <... SSL_connect resumed> ) = 1 <0.012196>
Handshake duration: 12.32 ms
[pid 263] 14:59:50.444396 +++ exited (status 0) +++
Execution 33 - TLS Mutual
s_connection: verify depth is 1
[pid 265] 14:59:50.472247 openssl->SSL_connect(0xaaaadd225410, 0xaaaadd1f7998, 0xffffa81140e0, 0 <unfinished ...>
[pid 265] 14:59:50.472618 libssl.so.3->EVP_PKEY_keygen_init(0xaaaadd22a7c0, 0, 0, 0xaaaadd22a830) = 1 <0.000112>
[pid 265] 14:59:50.472788 libssl.so.3->EVP_PKEY_keygen(0xaaaadd22a7c0, 0xffffdbe34a10, 0, 0) = 1 <0.001712>
[pid 265] 14:59:50.478331 libssl.so.3->EVP_PKEY_derive_init(0xaaaadd1f9070, 0, 0, 0xaaaadd1f90e0) = 1 <0.000147>
[pid 265] 14:59:50.478567 libssl.so.3->EVP_PKEY_derive_set_peer(0xaaaadd1f9070, 0xaaaadd229c40, 0, 0) = 1 <0.000155>
[pid 265] 14:59:50.478764 libssl.so.3->EVP_PKEY_derive(0xaaaadd1f9070, 0, 0xffffdbe349a0, 0) = 1 <0.000126>
[pid 265] 14:59:50.478936 libssl.so.3->EVP_PKEY_derive(0xaaaadd1f9070, 0xaaaadd223e10, 0xffffdbe349a0, 0xaaaadd224150) = 1 <0.001541>
[pid 265] 14:59:50.481185 libssl.so.3->X509_verify_cert(0xaaaadd21d660, 0, 0, 0xffffffff) = 1 <0.000455>
[pid 265] 14:59:50.481878 libssl.so.3->EVP_DigestVerifyInit_ex(0xaaaadd220270, 0xffffdbe34a98, 0, 0) = 1 <0.000099>
[pid 265] 14:59:50.482037 libssl.so.3->EVP_DigestVerify(0xaaaadd220270, 0xaaaadd22bf78, 4627, 0xffffdbe34aa0) = 1 <0.000296>
[pid 265] 14:59:50.482549 libssl.so.3->X509_verify_cert(0xaaaadd21d660, 1, 0, 0) = 1 <0.000292>
[pid 265] 14:59:50.483120 libssl.so.3->EVP_DigestSignInit_ex(0xaaaadd2202c0, 0xffffdbe34a80, 0, 0) = 1 <0.000158>
[pid 265] 14:59:50.483360 libssl.so.3->EVP_DigestSign(0xaaaadd2202c0, 0, 0xffffdbe34a90, 0xffffdbe34aa0) = 1 <0.000093>
[pid 265] 14:59:50.483510 libssl.so.3->EVP_DigestSign(0xaaaadd2202c0, 0xaaaadd230040, 0xffffdbe34a90, 0xffffdbe34aa0) = 1 <0.000587>
[pid 265] 14:59:50.484351 <... SSL_connect resumed> ) = 1 <0.012097>
Handshake duration: 12.24 ms
[pid 265] 14:59:50.485719 +++ exited (status 0) +++
Execution 34 - TLS Mutual
s_connection: verify depth is 1
[pid 267] 14:59:50.513578 openssl->SSL_connect(0xaaaafdde8410, 0xaaaafddba998, 0xffffb2f540e0, 0 <unfinished ...>
[pid 267] 14:59:50.513884 libssl.so.3->EVP_PKEY_keygen_init(0xaaaafdded7c0, 0, 0, 0xaaaafdded830) = 1 <0.000119>
[pid 267] 14:59:50.514062 libssl.so.3->EVP_PKEY_keygen(0xaaaafdded7c0, 0xffffff4061b0, 0, 0) = 1 <0.001684>
[pid 267] 14:59:50.519614 libssl.so.3->EVP_PKEY_derive_init(0xaaaafddbc070, 0, 0, 0xaaaafddbc0e0) = 1 <0.000101>
[pid 267] 14:59:50.519771 libssl.so.3->EVP_PKEY_derive_set_peer(0xaaaafddbc070, 0xaaaafddecc40, 0, 0) = 1 <0.000112>
[pid 267] 14:59:50.519927 libssl.so.3->EVP_PKEY_derive(0xaaaafddbc070, 0, 0xffffff406140, 0) = 1 <0.000117>
[pid 267] 14:59:50.520117 libssl.so.3->EVP_PKEY_derive(0xaaaafddbc070, 0xaaaafdde6e10, 0xffffff406140, 0xaaaafdde7150) = 1 <0.001634>
[pid 267] 14:59:50.522464 libssl.so.3->X509_verify_cert(0xaaaafdde0660, 0, 0, 0xffffffff) = 1 <0.000481>
[pid 267] 14:59:50.523191 libssl.so.3->EVP_DigestVerifyInit_ex(0xaaaafdde3270, 0xffffff406238, 0, 0) = 1 <0.000105>
[pid 267] 14:59:50.523385 libssl.so.3->EVP_DigestVerify(0xaaaafdde3270, 0xaaaafddeef78, 4627, 0xffffff406240) = 1 <0.000337>
[pid 267] 14:59:50.523950 libssl.so.3->X509_verify_cert(0xaaaafdde0660, 1, 0, 0) = 1 <0.000315>
[pid 267] 14:59:50.524532 libssl.so.3->EVP_DigestSignInit_ex(0xaaaafdde32c0, 0xffffff406220, 0, 0) = 1 <0.000132>
[pid 267] 14:59:50.524704 libssl.so.3->EVP_DigestSign(0xaaaafdde32c0, 0, 0xffffff406230, 0xffffff406240) = 1 <0.000103>
[pid 267] 14:59:50.524887 libssl.so.3->EVP_DigestSign(0xaaaafdde32c0, 0xaaaafddf3040, 0xffffff406230, 0xffffff406240) = 1 <0.000963>
[pid 267] 14:59:50.526131 <... SSL_connect resumed> ) = 1 <0.012547>
Handshake duration: 12.71 ms
[pid 267] 14:59:50.527550 +++ exited (status 0) +++
Execution 35 - TLS Mutual
s_connection: verify depth is 1
[pid 269] 14:59:50.555428 openssl->SSL_connect(0xaaaaf071b410, 0xaaaaf06ed998, 0xffffbbd940e0, 0 <unfinished ...>
[pid 269] 14:59:50.555731 libssl.so.3->EVP_PKEY_keygen_init(0xaaaaf07207c0, 0, 0, 0xaaaaf0720830) = 1 <0.000119>
[pid 269] 14:59:50.555894 libssl.so.3->EVP_PKEY_keygen(0xaaaaf07207c0, 0xfffffdd04090, 0, 0) = 1 <0.001603>
[pid 269] 14:59:50.561272 libssl.so.3->EVP_PKEY_derive_init(0xaaaaf06ef070, 0, 0, 0xaaaaf06ef0e0) = 1 <0.000137>
[pid 269] 14:59:50.561507 libssl.so.3->EVP_PKEY_derive_set_peer(0xaaaaf06ef070, 0xaaaaf071fc40, 0, 0) = 1 <0.000120>
[pid 269] 14:59:50.561693 libssl.so.3->EVP_PKEY_derive(0xaaaaf06ef070, 0, 0xfffffdd04020, 0) = 1 <0.000139>
[pid 269] 14:59:50.561880 libssl.so.3->EVP_PKEY_derive(0xaaaaf06ef070, 0xaaaaf0719e10, 0xfffffdd04020, 0xaaaaf071a150) = 1 <0.001607>
[pid 269] 14:59:50.564177 libssl.so.3->X509_verify_cert(0xaaaaf0713660, 0, 0, 0xffffffff) = 1 <0.000471>
[pid 269] 14:59:50.564852 libssl.so.3->EVP_DigestVerifyInit_ex(0xaaaaf0716270, 0xfffffdd04118, 0, 0) = 1 <0.000109>
[pid 269] 14:59:50.565016 libssl.so.3->EVP_DigestVerify(0xaaaaf0716270, 0xaaaaf0721f78, 4627, 0xfffffdd04120) = 1 <0.000287>
[pid 269] 14:59:50.565504 libssl.so.3->X509_verify_cert(0xaaaaf0713660, 1, 0, 0) = 1 <0.000287>
[pid 269] 14:59:50.566029 libssl.so.3->EVP_DigestSignInit_ex(0xaaaaf07162c0, 0xfffffdd04100, 0, 0) = 1 <0.000106>
[pid 269] 14:59:50.566207 libssl.so.3->EVP_DigestSign(0xaaaaf07162c0, 0, 0xfffffdd04110, 0xfffffdd04120) = 1 <0.000111>
[pid 269] 14:59:50.566369 libssl.so.3->EVP_DigestSign(0xaaaaf07162c0, 0xaaaaf0726040, 0xfffffdd04110, 0xfffffdd04120) = 1 <0.000464>
[pid 269] 14:59:50.567078 <... SSL_connect resumed> ) = 1 <0.011643>
Handshake duration: 11.81 ms
[pid 269] 14:59:50.568466 +++ exited (status 0) +++
Execution 36 - TLS Mutual
s_connection: verify depth is 1
[pid 271] 14:59:50.596262 openssl->SSL_connect(0xaaab0bf5e410, 0xaaab0bf30998, 0xffff882340e0, 0 <unfinished ...>
[pid 271] 14:59:50.596595 libssl.so.3->EVP_PKEY_keygen_init(0xaaab0bf637c0, 0, 0, 0xaaab0bf63830) = 1 <0.000111>
[pid 271] 14:59:50.596789 libssl.so.3->EVP_PKEY_keygen(0xaaab0bf637c0, 0xffffffdd3920, 0, 0) = 1 <0.001676>
[pid 271] 14:59:50.602320 libssl.so.3->EVP_PKEY_derive_init(0xaaab0bf32070, 0, 0, 0xaaab0bf320e0) = 1 <0.000111>
[pid 271] 14:59:50.602494 libssl.so.3->EVP_PKEY_derive_set_peer(0xaaab0bf32070, 0xaaab0bf62c40, 0, 0) = 1 <0.000142>
[pid 271] 14:59:50.602675 libssl.so.3->EVP_PKEY_derive(0xaaab0bf32070, 0, 0xffffffdd38b0, 0) = 1 <0.000122>
[pid 271] 14:59:50.602843 libssl.so.3->EVP_PKEY_derive(0xaaab0bf32070, 0xaaab0bf5ce10, 0xffffffdd38b0, 0xaaab0bf5d150) = 1 <0.001522>
[pid 271] 14:59:50.605056 libssl.so.3->X509_verify_cert(0xaaab0bf56660, 0, 0, 0xffffffff) = 1 <0.000542>
[pid 271] 14:59:50.605810 libssl.so.3->EVP_DigestVerifyInit_ex(0xaaab0bf59270, 0xffffffdd39a8, 0, 0) = 1 <0.000108>
[pid 271] 14:59:50.605992 libssl.so.3->EVP_DigestVerify(0xaaab0bf59270, 0xaaab0bf64f78, 4627, 0xffffffdd39b0) = 1 <0.000319>
[pid 271] 14:59:50.606523 libssl.so.3->X509_verify_cert(0xaaab0bf56660, 1, 0, 0) = 1 <0.000317>
[pid 271] 14:59:50.607114 libssl.so.3->EVP_DigestSignInit_ex(0xaaab0bf592c0, 0xffffffdd3990, 0, 0) = 1 <0.000102>
[pid 271] 14:59:50.607278 libssl.so.3->EVP_DigestSign(0xaaab0bf592c0, 0, 0xffffffdd39a0, 0xffffffdd39b0) = 1 <0.000159>
[pid 271] 14:59:50.607518 libssl.so.3->EVP_DigestSign(0xaaab0bf592c0, 0xaaab0bf69040, 0xffffffdd39a0, 0xffffffdd39b0) = 1 <0.000775>
[pid 271] 14:59:50.608559 <... SSL_connect resumed> ) = 1 <0.012290>
Handshake duration: 12.43 ms
[pid 271] 14:59:50.609878 +++ exited (status 0) +++
Execution 37 - TLS Mutual
s_connection: verify depth is 1
[pid 273] 14:59:50.638436 openssl->SSL_connect(0xaaaac389b410, 0xaaaac386d998, 0xffffba4640e0, 0 <unfinished ...>
[pid 273] 14:59:50.638733 libssl.so.3->EVP_PKEY_keygen_init(0xaaaac38a07c0, 0, 0, 0xaaaac38a0830) = 1 <0.000122>
[pid 273] 14:59:50.638935 libssl.so.3->EVP_PKEY_keygen(0xaaaac38a07c0, 0xffffc2468170, 0, 0) = 1 <0.001604>
[pid 273] 14:59:50.644331 libssl.so.3->EVP_PKEY_derive_init(0xaaaac386f070, 0, 0, 0xaaaac386f0e0) = 1 <0.000110>
[pid 273] 14:59:50.644525 libssl.so.3->EVP_PKEY_derive_set_peer(0xaaaac386f070, 0xaaaac389fc40, 0, 0) = 1 <0.000168>
[pid 273] 14:59:50.644739 libssl.so.3->EVP_PKEY_derive(0xaaaac386f070, 0, 0xffffc2468100, 0) = 1 <0.000148>
[pid 273] 14:59:50.644945 libssl.so.3->EVP_PKEY_derive(0xaaaac386f070, 0xaaaac3899e10, 0xffffc2468100, 0xaaaac389a150) = 1 <0.001584>
[pid 273] 14:59:50.647203 libssl.so.3->X509_verify_cert(0xaaaac3893660, 0, 0, 0xffffffff) = 1 <0.000466>
[pid 273] 14:59:50.647880 libssl.so.3->EVP_DigestVerifyInit_ex(0xaaaac3896270, 0xffffc24681f8, 0, 0) = 1 <0.000129>
[pid 273] 14:59:50.648065 libssl.so.3->EVP_DigestVerify(0xaaaac3896270, 0xaaaac38a1f78, 4627, 0xffffc2468200) = 1 <0.000360>
[pid 273] 14:59:50.648640 libssl.so.3->X509_verify_cert(0xaaaac3893660, 1, 0, 0) = 1 <0.000289>
[pid 273] 14:59:50.649225 libssl.so.3->EVP_DigestSignInit_ex(0xaaaac38962c0, 0xffffc24681e0, 0, 0) = 1 <0.000138>
[pid 273] 14:59:50.649412 libssl.so.3->EVP_DigestSign(0xaaaac38962c0, 0, 0xffffc24681f0, 0xffffc2468200) = 1 <0.000103>
[pid 273] 14:59:50.649565 libssl.so.3->EVP_DigestSign(0xaaaac38962c0, 0xaaaac38a6040, 0xffffc24681f0, 0xffffc2468200) = 1 <0.001434>
[pid 273] 14:59:50.651289 <... SSL_connect resumed> ) = 1 <0.012848>
Handshake duration: 12.97 ms
[pid 273] 14:59:50.652621 +++ exited (status 0) +++
Execution 38 - TLS Mutual
s_connection: verify depth is 1
[pid 275] 14:59:50.680565 openssl->SSL_connect(0xaaaad9bd9410, 0xaaaad9bab998, 0xffffb88940e0, 0 <unfinished ...>
[pid 275] 14:59:50.680898 libssl.so.3->EVP_PKEY_keygen_init(0xaaaad9bde7c0, 0, 0, 0xaaaad9bde830) = 1 <0.000128>
[pid 275] 14:59:50.681090 libssl.so.3->EVP_PKEY_keygen(0xaaaad9bde7c0, 0xffffd7bf6660, 0, 0) = 1 <0.001659>
[pid 275] 14:59:50.686818 libssl.so.3->EVP_PKEY_derive_init(0xaaaad9bad070, 0, 0, 0xaaaad9bad0e0) = 1 <0.000116>
[pid 275] 14:59:50.686998 libssl.so.3->EVP_PKEY_derive_set_peer(0xaaaad9bad070, 0xaaaad9bddc40, 0, 0) = 1 <0.000350>
[pid 275] 14:59:50.687400 libssl.so.3->EVP_PKEY_derive(0xaaaad9bad070, 0, 0xffffd7bf65f0, 0) = 1 <0.000101>
[pid 275] 14:59:50.687551 libssl.so.3->EVP_PKEY_derive(0xaaaad9bad070, 0xaaaad9bd7e10, 0xffffd7bf65f0, 0xaaaad9bd8150) = 1 <0.001619>
[pid 275] 14:59:50.689932 libssl.so.3->X509_verify_cert(0xaaaad9bd1660, 0, 0, 0xffffffff) = 1 <0.000535>
[pid 275] 14:59:50.690695 libssl.so.3->EVP_DigestVerifyInit_ex(0xaaaad9bd4270, 0xffffd7bf66e8, 0, 0) = 1 <0.000116>
[pid 275] 14:59:50.690888 libssl.so.3->EVP_DigestVerify(0xaaaad9bd4270, 0xaaaad9bdff78, 4627, 0xffffd7bf66f0) = 1 <0.000310>
[pid 275] 14:59:50.691415 libssl.so.3->X509_verify_cert(0xaaaad9bd1660, 1, 0, 0) = 1 <0.000294>
[pid 275] 14:59:50.691972 libssl.so.3->EVP_DigestSignInit_ex(0xaaaad9bd42c0, 0xffffd7bf66d0, 0, 0) = 1 <0.000138>
[pid 275] 14:59:50.692211 libssl.so.3->EVP_DigestSign(0xaaaad9bd42c0, 0, 0xffffd7bf66e0, 0xffffd7bf66f0) = 1 <0.000187>
[pid 275] 14:59:50.692447 libssl.so.3->EVP_DigestSign(0xaaaad9bd42c0, 0xaaaad9be4040, 0xffffd7bf66e0, 0xffffd7bf66f0) = 1 <0.000441>
[pid 275] 14:59:50.693119 <... SSL_connect resumed> ) = 1 <0.012548>
Handshake duration: 12.72 ms
[pid 275] 14:59:50.694553 +++ exited (status 0) +++
Execution 39 - TLS Mutual
s_connection: verify depth is 1
[pid 277] 14:59:50.723504 openssl->SSL_connect(0xaaaac93c1410, 0xaaaac9393998, 0xffff810a40e0, 0 <unfinished ...>
[pid 277] 14:59:50.723873 libssl.so.3->EVP_PKEY_keygen_init(0xaaaac93c67c0, 0, 0, 0xaaaac93c6830) = 1 <0.000114>
[pid 277] 14:59:50.724046 libssl.so.3->EVP_PKEY_keygen(0xaaaac93c67c0, 0xfffffdfeada0, 0, 0) = 1 <0.001644>
[pid 277] 14:59:50.729656 libssl.so.3->EVP_PKEY_derive_init(0xaaaac9395070, 0, 0, 0xaaaac93950e0) = 1 <0.000146>
[pid 277] 14:59:50.729859 libssl.so.3->EVP_PKEY_derive_set_peer(0xaaaac9395070, 0xaaaac93c5c40, 0, 0) = 1 <0.000148>
[pid 277] 14:59:50.730074 libssl.so.3->EVP_PKEY_derive(0xaaaac9395070, 0, 0xfffffdfead30, 0) = 1 <0.000122>
[pid 277] 14:59:50.730258 libssl.so.3->EVP_PKEY_derive(0xaaaac9395070, 0xaaaac93bfe10, 0xfffffdfead30, 0xaaaac93c0150) = 1 <0.001628>
[pid 277] 14:59:50.732543 libssl.so.3->X509_verify_cert(0xaaaac93b9660, 0, 0, 0xffffffff) = 1 <0.000502>
[pid 277] 14:59:50.733289 libssl.so.3->EVP_DigestVerifyInit_ex(0xaaaac93bc270, 0xfffffdfeae28, 0, 0) = 1 <0.000131>
[pid 277] 14:59:50.733466 libssl.so.3->EVP_DigestVerify(0xaaaac93bc270, 0xaaaac93c7f78, 4627, 0xfffffdfeae30) = 1 <0.000285>
[pid 277] 14:59:50.733978 libssl.so.3->X509_verify_cert(0xaaaac93b9660, 1, 0, 0) = 1 <0.000341>
[pid 277] 14:59:50.734593 libssl.so.3->EVP_DigestSignInit_ex(0xaaaac93bc2c0, 0xfffffdfeae10, 0, 0) = 1 <0.000200>
[pid 277] 14:59:50.734897 libssl.so.3->EVP_DigestSign(0xaaaac93bc2c0, 0, 0xfffffdfeae20, 0xfffffdfeae30) = 1 <0.000108>
[pid 277] 14:59:50.735053 libssl.so.3->EVP_DigestSign(0xaaaac93bc2c0, 0xaaaac93cc040, 0xfffffdfeae20, 0xfffffdfeae30) = 1 <0.000454>
[pid 277] 14:59:50.735745 <... SSL_connect resumed> ) = 1 <0.012236>
Handshake duration: 12.38 ms
[pid 277] 14:59:50.737174 +++ exited (status 0) +++
Execution 40 - TLS Mutual
s_connection: verify depth is 1
[pid 279] 14:59:50.765558 openssl->SSL_connect(0xaaaac579e410, 0xaaaac5770998, 0xffffa2c740e0, 0 <unfinished ...>
[pid 279] 14:59:50.765915 libssl.so.3->EVP_PKEY_keygen_init(0xaaaac57a37c0, 0, 0, 0xaaaac57a3830) = 1 <0.000121>
[pid 279] 14:59:50.766098 libssl.so.3->EVP_PKEY_keygen(0xaaaac57a37c0, 0xffffe37dcfc0, 0, 0) = 1 <0.001749>
[pid 279] 14:59:50.771750 libssl.so.3->EVP_PKEY_derive_init(0xaaaac5772070, 0, 0, 0xaaaac57720e0) = 1 <0.000110>
[pid 279] 14:59:50.771923 libssl.so.3->EVP_PKEY_derive_set_peer(0xaaaac5772070, 0xaaaac57a2c40, 0, 0) = 1 <0.000179>
[pid 279] 14:59:50.772156 libssl.so.3->EVP_PKEY_derive(0xaaaac5772070, 0, 0xffffe37dcf50, 0) = 1 <0.000102>
[pid 279] 14:59:50.772367 libssl.so.3->EVP_PKEY_derive(0xaaaac5772070, 0xaaaac579ce10, 0xffffe37dcf50, 0xaaaac579d150) = 1 <0.001779>
[pid 279] 14:59:50.774863 libssl.so.3->X509_verify_cert(0xaaaac5796660, 0, 0, 0xffffffff) = 1 <0.000504>
[pid 279] 14:59:50.775607 libssl.so.3->EVP_DigestVerifyInit_ex(0xaaaac5799270, 0xffffe37dd048, 0, 0) = 1 <0.000132>
[pid 279] 14:59:50.775815 libssl.so.3->EVP_DigestVerify(0xaaaac5799270, 0xaaaac57a4f78, 4627, 0xffffe37dd050) = 1 <0.000315>
[pid 279] 14:59:50.776357 libssl.so.3->X509_verify_cert(0xaaaac5796660, 1, 0, 0) = 1 <0.000295>
[pid 279] 14:59:50.776955 libssl.so.3->EVP_DigestSignInit_ex(0xaaaac57992c0, 0xffffe37dd030, 0, 0) = 1 <0.000118>
[pid 279] 14:59:50.777119 libssl.so.3->EVP_DigestSign(0xaaaac57992c0, 0, 0xffffe37dd040, 0xffffe37dd050) = 1 <0.000231>
[pid 279] 14:59:50.777400 libssl.so.3->EVP_DigestSign(0xaaaac57992c0, 0xaaaac57a9040, 0xffffe37dd040, 0xffffe37dd050) = 1 <0.000715>
[pid 279] 14:59:50.778383 <... SSL_connect resumed> ) = 1 <0.012819>
Handshake duration: 12.96 ms
[pid 279] 14:59:50.779816 +++ exited (status 0) +++
Execution 41 - TLS Mutual
s_connection: verify depth is 1
[pid 281] 14:59:50.807643 openssl->SSL_connect(0xaaab05ae6410, 0xaaab05ab8998, 0xffffb7f340e0, 0 <unfinished ...>
[pid 281] 14:59:50.808057 libssl.so.3->EVP_PKEY_keygen_init(0xaaab05aeb7c0, 0, 0, 0xaaab05aeb830) = 1 <0.000126>
[pid 281] 14:59:50.808256 libssl.so.3->EVP_PKEY_keygen(0xaaab05aeb7c0, 0xffffcc9e6930, 0, 0) = 1 <0.001667>
[pid 281] 14:59:50.813814 libssl.so.3->EVP_PKEY_derive_init(0xaaab05aba070, 0, 0, 0xaaab05aba0e0) = 1 <0.000115>
[pid 281] 14:59:50.813981 libssl.so.3->EVP_PKEY_derive_set_peer(0xaaab05aba070, 0xaaab05aeac40, 0, 0) = 1 <0.000109>
[pid 281] 14:59:50.814162 libssl.so.3->EVP_PKEY_derive(0xaaab05aba070, 0, 0xffffcc9e68c0, 0) = 1 <0.000128>
[pid 281] 14:59:50.814342 libssl.so.3->EVP_PKEY_derive(0xaaab05aba070, 0xaaab05ae4e10, 0xffffcc9e68c0, 0xaaab05ae5150) = 1 <0.001547>
[pid 281] 14:59:50.816571 libssl.so.3->X509_verify_cert(0xaaab05ade660, 0, 0, 0xffffffff) = 1 <0.000485>
[pid 281] 14:59:50.817293 libssl.so.3->EVP_DigestVerifyInit_ex(0xaaab05ae1270, 0xffffcc9e69b8, 0, 0) = 1 <0.000113>
[pid 281] 14:59:50.817453 libssl.so.3->EVP_DigestVerify(0xaaab05ae1270, 0xaaab05aecf78, 4627, 0xffffcc9e69c0) = 1 <0.000317>
[pid 281] 14:59:50.817995 libssl.so.3->X509_verify_cert(0xaaab05ade660, 1, 0, 0) = 1 <0.000323>
[pid 281] 14:59:50.818587 libssl.so.3->EVP_DigestSignInit_ex(0xaaab05ae12c0, 0xffffcc9e69a0, 0, 0) = 1 <0.000154>
[pid 281] 14:59:50.818786 libssl.so.3->EVP_DigestSign(0xaaab05ae12c0, 0, 0xffffcc9e69b0, 0xffffcc9e69c0) = 1 <0.000095>
[pid 281] 14:59:50.818955 libssl.so.3->EVP_DigestSign(0xaaab05ae12c0, 0xaaab05af1040, 0xffffcc9e69b0, 0xffffcc9e69c0) = 1 <0.000597>
[pid 281] 14:59:50.819815 <... SSL_connect resumed> ) = 1 <0.012167>
Handshake duration: 12.32 ms
[pid 281] 14:59:50.821221 +++ exited (status 0) +++
Execution 42 - TLS Mutual
s_connection: verify depth is 1
[pid 283] 14:59:50.849741 openssl->SSL_connect(0xaaab0db7a410, 0xaaab0db4c998, 0xffff94a640e0, 0 <unfinished ...>
[pid 283] 14:59:50.850081 libssl.so.3->EVP_PKEY_keygen_init(0xaaab0db7f7c0, 0, 0, 0xaaab0db7f830) = 1 <0.000164>
[pid 283] 14:59:50.850328 libssl.so.3->EVP_PKEY_keygen(0xaaab0db7f7c0, 0xffffe066e1a0, 0, 0) = 1 <0.004187>
[pid 283] 14:59:50.858538 libssl.so.3->EVP_PKEY_derive_init(0xaaab0db4e070, 0, 0, 0xaaab0db4e0e0) = 1 <0.000164>
[pid 283] 14:59:50.858748 libssl.so.3->EVP_PKEY_derive_set_peer(0xaaab0db4e070, 0xaaab0db7ec40, 0, 0) = 1 <0.000153>
[pid 283] 14:59:50.858950 libssl.so.3->EVP_PKEY_derive(0xaaab0db4e070, 0, 0xffffe066e130, 0) = 1 <0.000111>
[pid 283] 14:59:50.859115 libssl.so.3->EVP_PKEY_derive(0xaaab0db4e070, 0xaaab0db78e10, 0xffffe066e130, 0xaaab0db79150) = 1 <0.001698>
[pid 283] 14:59:50.861554 libssl.so.3->X509_verify_cert(0xaaab0db72660, 0, 0, 0xffffffff) = 1 <0.000514>
[pid 283] 14:59:50.862332 libssl.so.3->EVP_DigestVerifyInit_ex(0xaaab0db75270, 0xffffe066e228, 0, 0) = 1 <0.000219>
[pid 283] 14:59:50.862603 libssl.so.3->EVP_DigestVerify(0xaaab0db75270, 0xaaab0db80f78, 4627, 0xffffe066e230) = 1 <0.000337>
[pid 283] 14:59:50.863213 libssl.so.3->X509_verify_cert(0xaaab0db72660, 1, 0, 0) = 1 <0.000303>
[pid 283] 14:59:50.863819 libssl.so.3->EVP_DigestSignInit_ex(0xaaab0db752c0, 0xffffe066e210, 0, 0) = 1 <0.000104>
[pid 283] 14:59:50.864020 libssl.so.3->EVP_DigestSign(0xaaab0db752c0, 0, 0xffffe066e220, 0xffffe066e230) = 1 <0.000091>
[pid 283] 14:59:50.864162 libssl.so.3->EVP_DigestSign(0xaaab0db752c0, 0xaaab0db85040, 0xffffe066e220, 0xffffe066e230) = 1 <0.000453>
[pid 283] 14:59:50.864873 <... SSL_connect resumed> ) = 1 <0.015128>
Handshake duration: 15.27 ms
[pid 283] 14:59:50.866278 +++ exited (status 0) +++
Execution 43 - TLS Mutual
s_connection: verify depth is 1
[pid 285] 14:59:50.895178 openssl->SSL_connect(0xaaab049db410, 0xaaab049ad998, 0xffff8ac440e0, 0 <unfinished ...>
[pid 285] 14:59:50.895687 libssl.so.3->EVP_PKEY_keygen_init(0xaaab049e07c0, 0, 0, 0xaaab049e0830) = 1 <0.000134>
[pid 285] 14:59:50.895905 libssl.so.3->EVP_PKEY_keygen(0xaaab049e07c0, 0xfffff5554230, 0, 0) = 1 <0.001664>
[pid 285] 14:59:50.901598 libssl.so.3->EVP_PKEY_derive_init(0xaaab049af070, 0, 0, 0xaaab049af0e0) = 1 <0.000221>
[pid 285] 14:59:50.901889 libssl.so.3->EVP_PKEY_derive_set_peer(0xaaab049af070, 0xaaab049dfc40, 0, 0) = 1 <0.000172>
[pid 285] 14:59:50.902105 libssl.so.3->EVP_PKEY_derive(0xaaab049af070, 0, 0xfffff55541c0, 0) = 1 <0.000155>
[pid 285] 14:59:50.902339 libssl.so.3->EVP_PKEY_derive(0xaaab049af070, 0xaaab049d9e10, 0xfffff55541c0, 0xaaab049da150) = 1 <0.001591>
[pid 285] 14:59:50.904683 libssl.so.3->X509_verify_cert(0xaaab049d3660, 0, 0, 0xffffffff) = 1 <0.000516>
[pid 285] 14:59:50.905405 libssl.so.3->EVP_DigestVerifyInit_ex(0xaaab049d6270, 0xfffff55542b8, 0, 0) = 1 <0.000113>
[pid 285] 14:59:50.905602 libssl.so.3->EVP_DigestVerify(0xaaab049d6270, 0xaaab049e1f78, 4627, 0xfffff55542c0) = 1 <0.000309>
[pid 285] 14:59:50.906146 libssl.so.3->X509_verify_cert(0xaaab049d3660, 1, 0, 0) = 1 <0.000338>
[pid 285] 14:59:50.906792 libssl.so.3->EVP_DigestSignInit_ex(0xaaab049d62c0, 0xfffff55542a0, 0, 0) = 1 <0.000115>
[pid 285] 14:59:50.906992 libssl.so.3->EVP_DigestSign(0xaaab049d62c0, 0, 0xfffff55542b0, 0xfffff55542c0) = 1 <0.000262>
[pid 285] 14:59:50.907299 libssl.so.3->EVP_DigestSign(0xaaab049d62c0, 0xaaab049e6040, 0xfffff55542b0, 0xfffff55542c0) = 1 <0.000894>
[pid 285] 14:59:50.908499 <... SSL_connect resumed> ) = 1 <0.013315>
Handshake duration: 13.47 ms
[pid 285] 14:59:50.909906 +++ exited (status 0) +++
Execution 44 - TLS Mutual
s_connection: verify depth is 1
[pid 287] 14:59:50.939284 openssl->SSL_connect(0xaaaadf7b3410, 0xaaaadf785998, 0xffffa9ff40e0, 0 <unfinished ...>
[pid 287] 14:59:50.939689 libssl.so.3->EVP_PKEY_keygen_init(0xaaaadf7b87c0, 0, 0, 0xaaaadf7b8830) = 1 <0.000142>
[pid 287] 14:59:50.939909 libssl.so.3->EVP_PKEY_keygen(0xaaaadf7b87c0, 0xffffdfd5c790, 0, 0) = 1 <0.001713>
[pid 287] 14:59:50.945640 libssl.so.3->EVP_PKEY_derive_init(0xaaaadf787070, 0, 0, 0xaaaadf7870e0) = 1 <0.000182>
[pid 287] 14:59:50.945890 libssl.so.3->EVP_PKEY_derive_set_peer(0xaaaadf787070, 0xaaaadf7b7c40, 0, 0) = 1 <0.000135>
[pid 287] 14:59:50.946100 libssl.so.3->EVP_PKEY_derive(0xaaaadf787070, 0, 0xffffdfd5c720, 0) = 1 <0.000158>
[pid 287] 14:59:50.946347 libssl.so.3->EVP_PKEY_derive(0xaaaadf787070, 0xaaaadf7b1e10, 0xffffdfd5c720, 0xaaaadf7b2150) = 1 <0.001589>
[pid 287] 14:59:50.948630 libssl.so.3->X509_verify_cert(0xaaaadf7ab660, 0, 0, 0xffffffff) = 1 <0.000473>
[pid 287] 14:59:50.949387 libssl.so.3->EVP_DigestVerifyInit_ex(0xaaaadf7ae270, 0xffffdfd5c818, 0, 0) = 1 <0.000145>
[pid 287] 14:59:50.949585 libssl.so.3->EVP_DigestVerify(0xaaaadf7ae270, 0xaaaadf7b9f78, 4627, 0xffffdfd5c820) = 1 <0.000299>
[pid 287] 14:59:50.950139 libssl.so.3->X509_verify_cert(0xaaaadf7ab660, 1, 0, 0) = 1 <0.000337>
[pid 287] 14:59:50.950748 libssl.so.3->EVP_DigestSignInit_ex(0xaaaadf7ae2c0, 0xffffdfd5c800, 0, 0) = 1 <0.000173>
[pid 287] 14:59:50.950970 libssl.so.3->EVP_DigestSign(0xaaaadf7ae2c0, 0, 0xffffdfd5c810, 0xffffdfd5c820) = 1 <0.000188>
[pid 287] 14:59:50.951207 libssl.so.3->EVP_DigestSign(0xaaaadf7ae2c0, 0xaaaadf7be040, 0xffffdfd5c810, 0xffffdfd5c820) = 1 <0.000779>
[pid 287] 14:59:50.952246 <... SSL_connect resumed> ) = 1 <0.012960>
Handshake duration: 13.13 ms
[pid 287] 14:59:50.953786 +++ exited (status 0) +++
Execution 45 - TLS Mutual
s_connection: verify depth is 1
[pid 289] 14:59:50.982490 openssl->SSL_connect(0xaaaaea277410, 0xaaaaea249998, 0xffffa1c140e0, 0 <unfinished ...>
[pid 289] 14:59:50.982951 libssl.so.3->EVP_PKEY_keygen_init(0xaaaaea27c7c0, 0, 0, 0xaaaaea27c830) = 1 <0.000121>
[pid 289] 14:59:50.983129 libssl.so.3->EVP_PKEY_keygen(0xaaaaea27c7c0, 0xffffce3d7830, 0, 0) = 1 <0.001669>
[pid 289] 14:59:50.988752 libssl.so.3->EVP_PKEY_derive_init(0xaaaaea24b070, 0, 0, 0xaaaaea24b0e0) = 1 <0.000172>
[pid 289] 14:59:50.989018 libssl.so.3->EVP_PKEY_derive_set_peer(0xaaaaea24b070, 0xaaaaea27bc40, 0, 0) = 1 <0.000203>
[pid 289] 14:59:50.989289 libssl.so.3->EVP_PKEY_derive(0xaaaaea24b070, 0, 0xffffce3d77c0, 0) = 1 <0.000153>
[pid 289] 14:59:50.989481 libssl.so.3->EVP_PKEY_derive(0xaaaaea24b070, 0xaaaaea275e10, 0xffffce3d77c0, 0xaaaaea276150) = 1 <0.001575>
[pid 289] 14:59:50.991785 libssl.so.3->X509_verify_cert(0xaaaaea26f660, 0, 0, 0xffffffff) = 1 <0.000568>
[pid 289] 14:59:50.992642 libssl.so.3->EVP_DigestVerifyInit_ex(0xaaaaea272270, 0xffffce3d78b8, 0, 0) = 1 <0.000142>
[pid 289] 14:59:50.992837 libssl.so.3->EVP_DigestVerify(0xaaaaea272270, 0xaaaaea27df78, 4627, 0xffffce3d78c0) = 1 <0.000318>
[pid 289] 14:59:50.993404 libssl.so.3->X509_verify_cert(0xaaaaea26f660, 1, 0, 0) = 1 <0.000314>
[pid 289] 14:59:50.993995 libssl.so.3->EVP_DigestSignInit_ex(0xaaaaea2722c0, 0xffffce3d78a0, 0, 0) = 1 <0.000186>
[pid 289] 14:59:50.994321 libssl.so.3->EVP_DigestSign(0xaaaaea2722c0, 0, 0xffffce3d78b0, 0xffffce3d78c0) = 1 <0.000105>
[pid 289] 14:59:50.994472 libssl.so.3->EVP_DigestSign(0xaaaaea2722c0, 0xaaaaea282040, 0xffffce3d78b0, 0xffffce3d78c0) = 1 <0.000993>
[pid 289] 14:59:50.995717 <... SSL_connect resumed> ) = 1 <0.013223>
Handshake duration: 13.39 ms
[pid 289] 14:59:50.997074 +++ exited (status 0) +++
Execution 46 - TLS Mutual
s_connection: verify depth is 1
[pid 291] 14:59:51.025673 openssl->SSL_connect(0xaaab0aefb410, 0xaaab0aecd998, 0xffff91ab40e0, 0 <unfinished ...>
[pid 291] 14:59:51.026001 libssl.so.3->EVP_PKEY_keygen_init(0xaaab0af007c0, 0, 0, 0xaaab0af00830) = 1 <0.000111>
[pid 291] 14:59:51.026218 libssl.so.3->EVP_PKEY_keygen(0xaaab0af007c0, 0xfffff13f7420, 0, 0) = 1 <0.001727>
[pid 291] 14:59:51.031947 libssl.so.3->EVP_PKEY_derive_init(0xaaab0aecf070, 0, 0, 0xaaab0aecf0e0) = 1 <0.000210>
[pid 291] 14:59:51.032203 libssl.so.3->EVP_PKEY_derive_set_peer(0xaaab0aecf070, 0xaaab0aeffc40, 0, 0) = 1 <0.000203>
[pid 291] 14:59:51.032459 libssl.so.3->EVP_PKEY_derive(0xaaab0aecf070, 0, 0xfffff13f73b0, 0) = 1 <0.000130>
[pid 291] 14:59:51.032638 libssl.so.3->EVP_PKEY_derive(0xaaab0aecf070, 0xaaab0aef9e10, 0xfffff13f73b0, 0xaaab0aefa150) = 1 <0.001578>
[pid 291] 14:59:51.034923 libssl.so.3->X509_verify_cert(0xaaab0aef3660, 0, 0, 0xffffffff) = 1 <0.000493>
[pid 291] 14:59:51.035654 libssl.so.3->EVP_DigestVerifyInit_ex(0xaaab0aef6270, 0xfffff13f74a8, 0, 0) = 1 <0.000134>
[pid 291] 14:59:51.035854 libssl.so.3->EVP_DigestVerify(0xaaab0aef6270, 0xaaab0af01f78, 4627, 0xfffff13f74b0) = 1 <0.000351>
[pid 291] 14:59:51.036452 libssl.so.3->X509_verify_cert(0xaaab0aef3660, 1, 0, 0) = 1 <0.000305>
[pid 291] 14:59:51.037021 libssl.so.3->EVP_DigestSignInit_ex(0xaaab0aef62c0, 0xfffff13f7490, 0, 0) = 1 <0.000174>
[pid 291] 14:59:51.037271 libssl.so.3->EVP_DigestSign(0xaaab0aef62c0, 0, 0xfffff13f74a0, 0xfffff13f74b0) = 1 <0.000147>
[pid 291] 14:59:51.037467 libssl.so.3->EVP_DigestSign(0xaaab0aef62c0, 0xaaab0af06040, 0xfffff13f74a0, 0xfffff13f74b0) = 1 <0.000770>
[pid 291] 14:59:51.038480 <... SSL_connect resumed> ) = 1 <0.012803>
Handshake duration: 12.97 ms
[pid 291] 14:59:51.039885 +++ exited (status 0) +++
Execution 47 - TLS Mutual
s_connection: verify depth is 1
[pid 293] 14:59:51.069316 openssl->SSL_connect(0xaaaaf9356410, 0xaaaaf9328998, 0xffffbc0c40e0, 0 <unfinished ...>
[pid 293] 14:59:51.069636 libssl.so.3->EVP_PKEY_keygen_init(0xaaaaf935b7c0, 0, 0, 0xaaaaf935b830) = 1 <0.000116>
[pid 293] 14:59:51.069838 libssl.so.3->EVP_PKEY_keygen(0xaaaaf935b7c0, 0xffffcf0da5d0, 0, 0) = 1 <0.001730>
[pid 293] 14:59:51.075419 libssl.so.3->EVP_PKEY_derive_init(0xaaaaf932a070, 0, 0, 0xaaaaf932a0e0) = 1 <0.000097>
[pid 293] 14:59:51.075598 libssl.so.3->EVP_PKEY_derive_set_peer(0xaaaaf932a070, 0xaaaaf935ac40, 0, 0) = 1 <0.000115>
[pid 293] 14:59:51.075770 libssl.so.3->EVP_PKEY_derive(0xaaaaf932a070, 0, 0xffffcf0da560, 0) = 1 <0.000146>
[pid 293] 14:59:51.075972 libssl.so.3->EVP_PKEY_derive(0xaaaaf932a070, 0xaaaaf9354e10, 0xffffcf0da560, 0xaaaaf9355150) = 1 <0.001561>
[pid 293] 14:59:51.078236 libssl.so.3->X509_verify_cert(0xaaaaf934e660, 0, 0, 0xffffffff) = 1 <0.000481>
[pid 293] 14:59:51.078943 libssl.so.3->EVP_DigestVerifyInit_ex(0xaaaaf9351270, 0xffffcf0da658, 0, 0) = 1 <0.000120>
[pid 293] 14:59:51.079111 libssl.so.3->EVP_DigestVerify(0xaaaaf9351270, 0xaaaaf935cf78, 4627, 0xffffcf0da660) = 1 <0.000303>
[pid 293] 14:59:51.079622 libssl.so.3->X509_verify_cert(0xaaaaf934e660, 1, 0, 0) = 1 <0.000305>
[pid 293] 14:59:51.080197 libssl.so.3->EVP_DigestSignInit_ex(0xaaaaf93512c0, 0xffffcf0da640, 0, 0) = 1 <0.000123>
[pid 293] 14:59:51.080371 libssl.so.3->EVP_DigestSign(0xaaaaf93512c0, 0, 0xffffcf0da650, 0xffffcf0da660) = 1 <0.000111>
[pid 293] 14:59:51.080541 libssl.so.3->EVP_DigestSign(0xaaaaf93512c0, 0xaaaaf9361040, 0xffffcf0da650, 0xffffcf0da660) = 1 <0.000505>
[pid 293] 14:59:51.081308 <... SSL_connect resumed> ) = 1 <0.011984>
Handshake duration: 12.12 ms
[pid 293] 14:59:51.082774 +++ exited (status 0) +++
Execution 48 - TLS Mutual
s_connection: verify depth is 1
[pid 295] 14:59:51.111011 openssl->SSL_connect(0xaaaad4059410, 0xaaaad402b998, 0xffffaff740e0, 0 <unfinished ...>
[pid 295] 14:59:51.111360 libssl.so.3->EVP_PKEY_keygen_init(0xaaaad405e7c0, 0, 0, 0xaaaad405e830) = 1 <0.000124>
[pid 295] 14:59:51.111538 libssl.so.3->EVP_PKEY_keygen(0xaaaad405e7c0, 0xffffdedaa740, 0, 0) = 1 <0.001732>
[pid 295] 14:59:51.117179 libssl.so.3->EVP_PKEY_derive_init(0xaaaad402d070, 0, 0, 0xaaaad402d0e0) = 1 <0.000105>
[pid 295] 14:59:51.117351 libssl.so.3->EVP_PKEY_derive_set_peer(0xaaaad402d070, 0xaaaad405dc40, 0, 0) = 1 <0.000192>
[pid 295] 14:59:51.117597 libssl.so.3->EVP_PKEY_derive(0xaaaad402d070, 0, 0xffffdedaa6d0, 0) = 1 <0.000122>
[pid 295] 14:59:51.117765 libssl.so.3->EVP_PKEY_derive(0xaaaad402d070, 0xaaaad4057e10, 0xffffdedaa6d0, 0xaaaad4058150) = 1 <0.001598>
[pid 295] 14:59:51.120054 libssl.so.3->X509_verify_cert(0xaaaad4051660, 0, 0, 0xffffffff) = 1 <0.000486>
[pid 295] 14:59:51.120766 libssl.so.3->EVP_DigestVerifyInit_ex(0xaaaad4054270, 0xffffdedaa7c8, 0, 0) = 1 <0.000121>
[pid 295] 14:59:51.120945 libssl.so.3->EVP_DigestVerify(0xaaaad4054270, 0xaaaad405ff78, 4627, 0xffffdedaa7d0) = 1 <0.000309>
[pid 295] 14:59:51.121546 libssl.so.3->X509_verify_cert(0xaaaad4051660, 1, 0, 0) = 1 <0.000301>
[pid 295] 14:59:51.122113 libssl.so.3->EVP_DigestSignInit_ex(0xaaaad40542c0, 0xffffdedaa7b0, 0, 0) = 1 <0.000191>
[pid 295] 14:59:51.122369 libssl.so.3->EVP_DigestSign(0xaaaad40542c0, 0, 0xffffdedaa7c0, 0xffffdedaa7d0) = 1 <0.000118>
[pid 295] 14:59:51.122552 libssl.so.3->EVP_DigestSign(0xaaaad40542c0, 0xaaaad4064040, 0xffffdedaa7c0, 0xffffdedaa7d0) = 1 <0.000401>
[pid 295] 14:59:51.123258 <... SSL_connect resumed> ) = 1 <0.012244>
Handshake duration: 12.37 ms
[pid 295] 14:59:51.124627 +++ exited (status 0) +++
Execution 49 - TLS Mutual
s_connection: verify depth is 1
[pid 297] 14:59:51.152392 openssl->SSL_connect(0xaaab0adaf410, 0xaaab0ad81998, 0xffffa01940e0, 0 <unfinished ...>
[pid 297] 14:59:51.152710 libssl.so.3->EVP_PKEY_keygen_init(0xaaab0adb47c0, 0, 0, 0xaaab0adb4830) = 1 <0.000112>
[pid 297] 14:59:51.152877 libssl.so.3->EVP_PKEY_keygen(0xaaab0adb47c0, 0xffffce6f90e0, 0, 0) = 1 <0.001659>
[pid 297] 14:59:51.158357 libssl.so.3->EVP_PKEY_derive_init(0xaaab0ad83070, 0, 0, 0xaaab0ad830e0) = 1 <0.000143>
[pid 297] 14:59:51.158553 libssl.so.3->EVP_PKEY_derive_set_peer(0xaaab0ad83070, 0xaaab0adb3c40, 0, 0) = 1 <0.000140>
[pid 297] 14:59:51.158737 libssl.so.3->EVP_PKEY_derive(0xaaab0ad83070, 0, 0xffffce6f9070, 0) = 1 <0.000144>
[pid 297] 14:59:51.158979 libssl.so.3->EVP_PKEY_derive(0xaaab0ad83070, 0xaaab0adade10, 0xffffce6f9070, 0xaaab0adae150) = 1 <0.001665>
[pid 297] 14:59:51.161367 libssl.so.3->X509_verify_cert(0xaaab0ada7660, 0, 0, 0xffffffff) = 1 <0.000509>
[pid 297] 14:59:51.162111 libssl.so.3->EVP_DigestVerifyInit_ex(0xaaab0adaa270, 0xffffce6f9168, 0, 0) = 1 <0.000136>
[pid 297] 14:59:51.162323 libssl.so.3->EVP_DigestVerify(0xaaab0adaa270, 0xaaab0adb5f78, 4627, 0xffffce6f9170) = 1 <0.000292>
[pid 297] 14:59:51.162835 libssl.so.3->X509_verify_cert(0xaaab0ada7660, 1, 0, 0) = 1 <0.000307>
[pid 297] 14:59:51.163391 libssl.so.3->EVP_DigestSignInit_ex(0xaaab0adaa2c0, 0xffffce6f9150, 0, 0) = 1 <0.000160>
[pid 297] 14:59:51.163594 libssl.so.3->EVP_DigestSign(0xaaab0adaa2c0, 0, 0xffffce6f9160, 0xffffce6f9170) = 1 <0.000106>
[pid 297] 14:59:51.163769 libssl.so.3->EVP_DigestSign(0xaaab0adaa2c0, 0xaaab0adba040, 0xffffce6f9160, 0xffffce6f9170) = 1 <0.000806>
[pid 297] 14:59:51.164858 <... SSL_connect resumed> ) = 1 <0.012460>
Handshake duration: 12.60 ms
[pid 297] 14:59:51.166215 +++ exited (status 0) +++
Execution 50 - TLS Mutual
s_connection: verify depth is 1
[pid 299] 14:59:51.194001 openssl->SSL_connect(0xaaaafcfda410, 0xaaaafcfac998, 0xffffb71640e0, 0 <unfinished ...>
[pid 299] 14:59:51.194341 libssl.so.3->EVP_PKEY_keygen_init(0xaaaafcfdf7c0, 0, 0, 0xaaaafcfdf830) = 1 <0.000126>
[pid 299] 14:59:51.194536 libssl.so.3->EVP_PKEY_keygen(0xaaaafcfdf7c0, 0xffffe708ba10, 0, 0) = 1 <0.001671>
[pid 299] 14:59:51.200147 libssl.so.3->EVP_PKEY_derive_init(0xaaaafcfae070, 0, 0, 0xaaaafcfae0e0) = 1 <0.000137>
[pid 299] 14:59:51.200351 libssl.so.3->EVP_PKEY_derive_set_peer(0xaaaafcfae070, 0xaaaafcfdec40, 0, 0) = 1 <0.000182>
[pid 299] 14:59:51.200624 libssl.so.3->EVP_PKEY_derive(0xaaaafcfae070, 0, 0xffffe708b9a0, 0) = 1 <0.000204>
[pid 299] 14:59:51.200885 libssl.so.3->EVP_PKEY_derive(0xaaaafcfae070, 0xaaaafcfd8e10, 0xffffe708b9a0, 0xaaaafcfd9150) = 1 <0.001602>
[pid 299] 14:59:51.203199 libssl.so.3->X509_verify_cert(0xaaaafcfd2660, 0, 0, 0xffffffff) = 1 <0.000455>
[pid 299] 14:59:51.203893 libssl.so.3->EVP_DigestVerifyInit_ex(0xaaaafcfd5270, 0xffffe708ba98, 0, 0) = 1 <0.000128>
[pid 299] 14:59:51.204067 libssl.so.3->EVP_DigestVerify(0xaaaafcfd5270, 0xaaaafcfe0f78, 4627, 0xffffe708baa0) = 1 <0.000307>
[pid 299] 14:59:51.204603 libssl.so.3->X509_verify_cert(0xaaaafcfd2660, 1, 0, 0) = 1 <0.000293>
[pid 299] 14:59:51.205185 libssl.so.3->EVP_DigestSignInit_ex(0xaaaafcfd52c0, 0xffffe708ba80, 0, 0) = 1 <0.000102>
[pid 299] 14:59:51.205350 libssl.so.3->EVP_DigestSign(0xaaaafcfd52c0, 0, 0xffffe708ba90, 0xffffe708baa0) = 1 <0.000124>
[pid 299] 14:59:51.205557 libssl.so.3->EVP_DigestSign(0xaaaafcfd52c0, 0xaaaafcfe5040, 0xffffe708ba90, 0xffffe708baa0) = 1 <0.000703>
[pid 299] 14:59:51.206541 <... SSL_connect resumed> ) = 1 <0.012536>
Handshake duration: 12.68 ms
[pid 299] 14:59:51.207922 +++ exited (status 0) +++
Execution 51 - TLS Mutual
s_connection: verify depth is 1
[pid 301] 14:59:51.236372 openssl->SSL_connect(0xaaaaf5b5a410, 0xaaaaf5b2c998, 0xffffad1f40e0, 0 <unfinished ...>
[pid 301] 14:59:51.236700 libssl.so.3->EVP_PKEY_keygen_init(0xaaaaf5b5f7c0, 0, 0, 0xaaaaf5b5f830) = 1 <0.000129>
[pid 301] 14:59:51.236895 libssl.so.3->EVP_PKEY_keygen(0xaaaaf5b5f7c0, 0xffffe2241b00, 0, 0) = 1 <0.001842>
[pid 301] 14:59:51.242604 libssl.so.3->EVP_PKEY_derive_init(0xaaaaf5b2e070, 0, 0, 0xaaaaf5b2e0e0) = 1 <0.000180>
[pid 301] 14:59:51.242916 libssl.so.3->EVP_PKEY_derive_set_peer(0xaaaaf5b2e070, 0xaaaaf5b5ec40, 0, 0) = 1 <0.000110>
[pid 301] 14:59:51.243099 libssl.so.3->EVP_PKEY_derive(0xaaaaf5b2e070, 0, 0xffffe2241a90, 0) = 1 <0.000201>
[pid 301] 14:59:51.243351 libssl.so.3->EVP_PKEY_derive(0xaaaaf5b2e070, 0xaaaaf5b58e10, 0xffffe2241a90, 0xaaaaf5b59150) = 1 <0.001543>
[pid 301] 14:59:51.245559 libssl.so.3->X509_verify_cert(0xaaaaf5b52660, 0, 0, 0xffffffff) = 1 <0.000480>
[pid 301] 14:59:51.246260 libssl.so.3->EVP_DigestVerifyInit_ex(0xaaaaf5b55270, 0xffffe2241b88, 0, 0) = 1 <0.000157>
[pid 301] 14:59:51.246459 libssl.so.3->EVP_DigestVerify(0xaaaaf5b55270, 0xaaaaf5b60f78, 4627, 0xffffe2241b90) = 1 <0.000275>
[pid 301] 14:59:51.246923 libssl.so.3->X509_verify_cert(0xaaaaf5b52660, 1, 0, 0) = 1 <0.000326>
[pid 301] 14:59:51.247524 libssl.so.3->EVP_DigestSignInit_ex(0xaaaaf5b552c0, 0xffffe2241b70, 0, 0) = 1 <0.000126>
[pid 301] 14:59:51.247711 libssl.so.3->EVP_DigestSign(0xaaaaf5b552c0, 0, 0xffffe2241b80, 0xffffe2241b90) = 1 <0.000132>
[pid 301] 14:59:51.247898 libssl.so.3->EVP_DigestSign(0xaaaaf5b552c0, 0xaaaaf5b65040, 0xffffe2241b80, 0xffffe2241b90) = 1 <0.000547>
[pid 301] 14:59:51.248701 <... SSL_connect resumed> ) = 1 <0.012322>
Handshake duration: 12.46 ms
[pid 301] 14:59:51.250020 +++ exited (status 0) +++
Execution 52 - TLS Mutual
s_connection: verify depth is 1
[pid 303] 14:59:51.277580 openssl->SSL_connect(0xaaaad978a410, 0xaaaad975c998, 0xffff7faf40e0, 0 <unfinished ...>
[pid 303] 14:59:51.277950 libssl.so.3->EVP_PKEY_keygen_init(0xaaaad978f7c0, 0, 0, 0xaaaad978f830) = 1 <0.000113>
[pid 303] 14:59:51.278184 libssl.so.3->EVP_PKEY_keygen(0xaaaad978f7c0, 0xffffe858ba70, 0, 0) = 1 <0.001680>
[pid 303] 14:59:51.283752 libssl.so.3->EVP_PKEY_derive_init(0xaaaad975e070, 0, 0, 0xaaaad975e0e0) = 1 <0.000110>
[pid 303] 14:59:51.283929 libssl.so.3->EVP_PKEY_derive_set_peer(0xaaaad975e070, 0xaaaad978ec40, 0, 0) = 1 <0.000222>
[pid 303] 14:59:51.284195 libssl.so.3->EVP_PKEY_derive(0xaaaad975e070, 0, 0xffffe858ba00, 0) = 1 <0.000106>
[pid 303] 14:59:51.284413 libssl.so.3->EVP_PKEY_derive(0xaaaad975e070, 0xaaaad9788e10, 0xffffe858ba00, 0xaaaad9789150) = 1 <0.001581>
[pid 303] 14:59:51.286697 libssl.so.3->X509_verify_cert(0xaaaad9782660, 0, 0, 0xffffffff) = 1 <0.000498>
[pid 303] 14:59:51.287444 libssl.so.3->EVP_DigestVerifyInit_ex(0xaaaad9785270, 0xffffe858baf8, 0, 0) = 1 <0.000111>
[pid 303] 14:59:51.287620 libssl.so.3->EVP_DigestVerify(0xaaaad9785270, 0xaaaad9790f78, 4627, 0xffffe858bb00) = 1 <0.000300>
[pid 303] 14:59:51.288125 libssl.so.3->X509_verify_cert(0xaaaad9782660, 1, 0, 0) = 1 <0.000332>
[pid 303] 14:59:51.288722 libssl.so.3->EVP_DigestSignInit_ex(0xaaaad97852c0, 0xffffe858bae0, 0, 0) = 1 <0.000260>
[pid 303] 14:59:51.289039 libssl.so.3->EVP_DigestSign(0xaaaad97852c0, 0, 0xffffe858baf0, 0xffffe858bb00) = 1 <0.000228>
[pid 303] 14:59:51.289317 libssl.so.3->EVP_DigestSign(0xaaaad97852c0, 0xaaaad9795040, 0xffffe858baf0, 0xffffe858bb00) = 1 <0.000681>
[pid 303] 14:59:51.290264 <... SSL_connect resumed> ) = 1 <0.012679>
Handshake duration: 12.80 ms
[pid 303] 14:59:51.291581 +++ exited (status 0) +++
Execution 53 - TLS Mutual
s_connection: verify depth is 1
[pid 305] 14:59:51.318968 openssl->SSL_connect(0xaaab0028c410, 0xaaab0025e998, 0xffff924440e0, 0 <unfinished ...>
[pid 305] 14:59:51.319330 libssl.so.3->EVP_PKEY_keygen_init(0xaaab002917c0, 0, 0, 0xaaab00291830) = 1 <0.000114>
[pid 305] 14:59:51.319508 libssl.so.3->EVP_PKEY_keygen(0xaaab002917c0, 0xffffe453f770, 0, 0) = 1 <0.001634>
[pid 305] 14:59:51.325022 libssl.so.3->EVP_PKEY_derive_init(0xaaab00260070, 0, 0, 0xaaab002600e0) = 1 <0.000156>
[pid 305] 14:59:51.325228 libssl.so.3->EVP_PKEY_derive_set_peer(0xaaab00260070, 0xaaab00290c40, 0, 0) = 1 <0.000104>
[pid 305] 14:59:51.325384 libssl.so.3->EVP_PKEY_derive(0xaaab00260070, 0, 0xffffe453f700, 0) = 1 <0.000091>
[pid 305] 14:59:51.325519 libssl.so.3->EVP_PKEY_derive(0xaaab00260070, 0xaaab0028ae10, 0xffffe453f700, 0xaaab0028b150) = 1 <0.001549>
[pid 305] 14:59:51.327774 libssl.so.3->X509_verify_cert(0xaaab00284660, 0, 0, 0xffffffff) = 1 <0.000509>
[pid 305] 14:59:51.328520 libssl.so.3->EVP_DigestVerifyInit_ex(0xaaab00287270, 0xffffe453f7f8, 0, 0) = 1 <0.000122>
[pid 305] 14:59:51.328688 libssl.so.3->EVP_DigestVerify(0xaaab00287270, 0xaaab00292f78, 4627, 0xffffe453f800) = 1 <0.000279>
[pid 305] 14:59:51.329229 libssl.so.3->X509_verify_cert(0xaaab00284660, 1, 0, 0) = 1 <0.000323>
[pid 305] 14:59:51.329797 libssl.so.3->EVP_DigestSignInit_ex(0xaaab002872c0, 0xffffe453f7e0, 0, 0) = 1 <0.000225>
[pid 305] 14:59:51.330089 libssl.so.3->EVP_DigestSign(0xaaab002872c0, 0, 0xffffe453f7f0, 0xffffe453f800) = 1 <0.000120>
[pid 305] 14:59:51.330339 libssl.so.3->EVP_DigestSign(0xaaab002872c0, 0xaaab00297040, 0xffffe453f7f0, 0xffffe453f800) = 1 <0.000417>
[pid 305] 14:59:51.331014 <... SSL_connect resumed> ) = 1 <0.012041>
Handshake duration: 12.19 ms
[pid 305] 14:59:51.332372 +++ exited (status 0) +++
Execution 54 - TLS Mutual
s_connection: verify depth is 1
[pid 307] 14:59:51.360080 openssl->SSL_connect(0xaaaad7316410, 0xaaaad72e8998, 0xffff83a740e0, 0 <unfinished ...>
[pid 307] 14:59:51.360436 libssl.so.3->EVP_PKEY_keygen_init(0xaaaad731b7c0, 0, 0, 0xaaaad731b830) = 1 <0.000122>
[pid 307] 14:59:51.360629 libssl.so.3->EVP_PKEY_keygen(0xaaaad731b7c0, 0xffffd9d55dc0, 0, 0) = 1 <0.001642>
[pid 307] 14:59:51.366205 libssl.so.3->EVP_PKEY_derive_init(0xaaaad72ea070, 0, 0, 0xaaaad72ea0e0) = 1 <0.000149>
[pid 307] 14:59:51.366404 libssl.so.3->EVP_PKEY_derive_set_peer(0xaaaad72ea070, 0xaaaad731ac40, 0, 0) = 1 <0.000133>
[pid 307] 14:59:51.366605 libssl.so.3->EVP_PKEY_derive(0xaaaad72ea070, 0, 0xffffd9d55d50, 0) = 1 <0.000097>
[pid 307] 14:59:51.366756 libssl.so.3->EVP_PKEY_derive(0xaaaad72ea070, 0xaaaad7314e10, 0xffffd9d55d50, 0xaaaad7315150) = 1 <0.001611>
[pid 307] 14:59:51.369023 libssl.so.3->X509_verify_cert(0xaaaad730e660, 0, 0, 0xffffffff) = 1 <0.000545>
[pid 307] 14:59:51.369815 libssl.so.3->EVP_DigestVerifyInit_ex(0xaaaad7311270, 0xffffd9d55e48, 0, 0) = 1 <0.000150>
[pid 307] 14:59:51.370024 libssl.so.3->EVP_DigestVerify(0xaaaad7311270, 0xaaaad731cf78, 4627, 0xffffd9d55e50) = 1 <0.000360>
[pid 307] 14:59:51.370594 libssl.so.3->X509_verify_cert(0xaaaad730e660, 1, 0, 0) = 1 <0.000344>
[pid 307] 14:59:51.371193 libssl.so.3->EVP_DigestSignInit_ex(0xaaaad73112c0, 0xffffd9d55e30, 0, 0) = 1 <0.000114>
[pid 307] 14:59:51.371352 libssl.so.3->EVP_DigestSign(0xaaaad73112c0, 0, 0xffffd9d55e40, 0xffffd9d55e50) = 1 <0.000200>
[pid 307] 14:59:51.371607 libssl.so.3->EVP_DigestSign(0xaaaad73112c0, 0xaaaad7321040, 0xffffd9d55e40, 0xffffd9d55e50) = 1 <0.000484>
[pid 307] 14:59:51.372354 <... SSL_connect resumed> ) = 1 <0.012267>
Handshake duration: 12.40 ms
[pid 307] 14:59:51.373735 +++ exited (status 0) +++
Execution 55 - TLS Mutual
s_connection: verify depth is 1
[pid 309] 14:59:51.401383 openssl->SSL_connect(0xaaaafec02410, 0xaaaafebd4998, 0xffff87ef40e0, 0 <unfinished ...>
[pid 309] 14:59:51.401699 libssl.so.3->EVP_PKEY_keygen_init(0xaaaafec077c0, 0, 0, 0xaaaafec07830) = 1 <0.000127>
[pid 309] 14:59:51.401876 libssl.so.3->EVP_PKEY_keygen(0xaaaafec077c0, 0xffffd24f9720, 0, 0) = 1 <0.001678>
[pid 309] 14:59:51.407392 libssl.so.3->EVP_PKEY_derive_init(0xaaaafebd6070, 0, 0, 0xaaaafebd60e0) = 1 <0.000122>
[pid 309] 14:59:51.407653 libssl.so.3->EVP_PKEY_derive_set_peer(0xaaaafebd6070, 0xaaaafec06c40, 0, 0) = 1 <0.000097>
[pid 309] 14:59:51.407852 libssl.so.3->EVP_PKEY_derive(0xaaaafebd6070, 0, 0xffffd24f96b0, 0) = 1 <0.000120>
[pid 309] 14:59:51.408083 libssl.so.3->EVP_PKEY_derive(0xaaaafebd6070, 0xaaaafec00e10, 0xffffd24f96b0, 0xaaaafec01150) = 1 <0.001718>
[pid 309] 14:59:51.410412 libssl.so.3->X509_verify_cert(0xaaaafebfa660, 0, 0, 0xffffffff) = 1 <0.000482>
[pid 309] 14:59:51.411126 libssl.so.3->EVP_DigestVerifyInit_ex(0xaaaafebfd270, 0xffffd24f97a8, 0, 0) = 1 <0.000112>
[pid 309] 14:59:51.411287 libssl.so.3->EVP_DigestVerify(0xaaaafebfd270, 0xaaaafec08f78, 4627, 0xffffd24f97b0) = 1 <0.000270>
[pid 309] 14:59:51.411801 libssl.so.3->X509_verify_cert(0xaaaafebfa660, 1, 0, 0) = 1 <0.000340>
[pid 309] 14:59:51.412417 libssl.so.3->EVP_DigestSignInit_ex(0xaaaafebfd2c0, 0xffffd24f9790, 0, 0) = 1 <0.000165>
[pid 309] 14:59:51.412670 libssl.so.3->EVP_DigestSign(0xaaaafebfd2c0, 0, 0xffffd24f97a0, 0xffffd24f97b0) = 1 <0.000110>
[pid 309] 14:59:51.412850 libssl.so.3->EVP_DigestSign(0xaaaafebfd2c0, 0xaaaafec0d040, 0xffffd24f97a0, 0xffffd24f97b0) = 1 <0.000467>
[pid 309] 14:59:51.413575 <... SSL_connect resumed> ) = 1 <0.012185>
Handshake duration: 12.32 ms
[pid 309] 14:59:51.414905 +++ exited (status 0) +++
Execution 56 - TLS Mutual
s_connection: verify depth is 1
[pid 311] 14:59:51.442619 openssl->SSL_connect(0xaaaaee837410, 0xaaaaee809998, 0xffffaaaa40e0, 0 <unfinished ...>
[pid 311] 14:59:51.442934 libssl.so.3->EVP_PKEY_keygen_init(0xaaaaee83c7c0, 0, 0, 0xaaaaee83c830) = 1 <0.000104>
[pid 311] 14:59:51.443084 libssl.so.3->EVP_PKEY_keygen(0xaaaaee83c7c0, 0xffffdb72cab0, 0, 0) = 1 <0.001685>
[pid 311] 14:59:51.448584 libssl.so.3->EVP_PKEY_derive_init(0xaaaaee80b070, 0, 0, 0xaaaaee80b0e0) = 1 <0.000172>
[pid 311] 14:59:51.448818 libssl.so.3->EVP_PKEY_derive_set_peer(0xaaaaee80b070, 0xaaaaee83bc40, 0, 0) = 1 <0.000171>
[pid 311] 14:59:51.449033 libssl.so.3->EVP_PKEY_derive(0xaaaaee80b070, 0, 0xffffdb72ca40, 0) = 1 <0.000112>
[pid 311] 14:59:51.449259 libssl.so.3->EVP_PKEY_derive(0xaaaaee80b070, 0xaaaaee835e10, 0xffffdb72ca40, 0xaaaaee836150) = 1 <0.001596>
[pid 311] 14:59:51.451510 libssl.so.3->X509_verify_cert(0xaaaaee82f660, 0, 0, 0xffffffff) = 1 <0.000478>
[pid 311] 14:59:51.452194 libssl.so.3->EVP_DigestVerifyInit_ex(0xaaaaee832270, 0xffffdb72cb38, 0, 0) = 1 <0.000133>
[pid 311] 14:59:51.452389 libssl.so.3->EVP_DigestVerify(0xaaaaee832270, 0xaaaaee83df78, 4627, 0xffffdb72cb40) = 1 <0.000302>
[pid 311] 14:59:51.452925 libssl.so.3->X509_verify_cert(0xaaaaee82f660, 1, 0, 0) = 1 <0.000364>
[pid 311] 14:59:51.453613 libssl.so.3->EVP_DigestSignInit_ex(0xaaaaee8322c0, 0xffffdb72cb20, 0, 0) = 1 <0.000116>
[pid 311] 14:59:51.453840 libssl.so.3->EVP_DigestSign(0xaaaaee8322c0, 0, 0xffffdb72cb30, 0xffffdb72cb40) = 1 <0.000119>
[pid 311] 14:59:51.454011 libssl.so.3->EVP_DigestSign(0xaaaaee8322c0, 0xaaaaee842040, 0xffffdb72cb30, 0xffffdb72cb40) = 1 <0.000955>
[pid 311] 14:59:51.455229 <... SSL_connect resumed> ) = 1 <0.012605>
Handshake duration: 12.76 ms
[pid 311] 14:59:51.456642 +++ exited (status 0) +++
Execution 57 - TLS Mutual
s_connection: verify depth is 1
[pid 313] 14:59:51.484431 openssl->SSL_connect(0xaaab09c79410, 0xaaab09c4b998, 0xffffb14840e0, 0 <unfinished ...>
[pid 313] 14:59:51.484741 libssl.so.3->EVP_PKEY_keygen_init(0xaaab09c7e7c0, 0, 0, 0xaaab09c7e830) = 1 <0.000110>
[pid 313] 14:59:51.484917 libssl.so.3->EVP_PKEY_keygen(0xaaab09c7e7c0, 0xffffecfc2650, 0, 0) = 1 <0.001647>
[pid 313] 14:59:51.490357 libssl.so.3->EVP_PKEY_derive_init(0xaaab09c4d070, 0, 0, 0xaaab09c4d0e0) = 1 <0.000169>
[pid 313] 14:59:51.490591 libssl.so.3->EVP_PKEY_derive_set_peer(0xaaab09c4d070, 0xaaab09c7dc40, 0, 0) = 1 <0.000113>
[pid 313] 14:59:51.490746 libssl.so.3->EVP_PKEY_derive(0xaaab09c4d070, 0, 0xffffecfc25e0, 0) = 1 <0.000155>
[pid 313] 14:59:51.490965 libssl.so.3->EVP_PKEY_derive(0xaaab09c4d070, 0xaaab09c77e10, 0xffffecfc25e0, 0xaaab09c78150) = 1 <0.001590>
[pid 313] 14:59:51.493241 libssl.so.3->X509_verify_cert(0xaaab09c71660, 0, 0, 0xffffffff) = 1 <0.000454>
[pid 313] 14:59:51.493931 libssl.so.3->EVP_DigestVerifyInit_ex(0xaaab09c74270, 0xffffecfc26d8, 0, 0) = 1 <0.000137>
[pid 313] 14:59:51.494115 libssl.so.3->EVP_DigestVerify(0xaaab09c74270, 0xaaab09c7ff78, 4627, 0xffffecfc26e0) = 1 <0.000295>
[pid 313] 14:59:51.494616 libssl.so.3->X509_verify_cert(0xaaab09c71660, 1, 0, 0) = 1 <0.000311>
[pid 313] 14:59:51.495191 libssl.so.3->EVP_DigestSignInit_ex(0xaaab09c742c0, 0xffffecfc26c0, 0, 0) = 1 <0.000148>
[pid 313] 14:59:51.495406 libssl.so.3->EVP_DigestSign(0xaaab09c742c0, 0, 0xffffecfc26d0, 0xffffecfc26e0) = 1 <0.000156>
[pid 313] 14:59:51.495622 libssl.so.3->EVP_DigestSign(0xaaab09c742c0, 0xaaab09c84040, 0xffffecfc26d0, 0xffffecfc26e0) = 1 <0.000472>
[pid 313] 14:59:51.496358 <... SSL_connect resumed> ) = 1 <0.011921>
Handshake duration: 12.04 ms
[pid 313] 14:59:51.497661 +++ exited (status 0) +++
Execution 58 - TLS Mutual
s_connection: verify depth is 1
[pid 315] 14:59:51.525501 openssl->SSL_connect(0xaaaaedcf8410, 0xaaaaedcca998, 0xffff87c940e0, 0 <unfinished ...>
[pid 315] 14:59:51.525808 libssl.so.3->EVP_PKEY_keygen_init(0xaaaaedcfd7c0, 0, 0, 0xaaaaedcfd830) = 1 <0.000121>
[pid 315] 14:59:51.526038 libssl.so.3->EVP_PKEY_keygen(0xaaaaedcfd7c0, 0xffffe2d31fc0, 0, 0) = 1 <0.001829>
[pid 315] 14:59:51.531715 libssl.so.3->EVP_PKEY_derive_init(0xaaaaedccc070, 0, 0, 0xaaaaedccc0e0) = 1 <0.000183>
[pid 315] 14:59:51.531951 libssl.so.3->EVP_PKEY_derive_set_peer(0xaaaaedccc070, 0xaaaaedcfcc40, 0, 0) = 1 <0.000131>
[pid 315] 14:59:51.532144 libssl.so.3->EVP_PKEY_derive(0xaaaaedccc070, 0, 0xffffe2d31f50, 0) = 1 <0.000119>
[pid 315] 14:59:51.532310 libssl.so.3->EVP_PKEY_derive(0xaaaaedccc070, 0xaaaaedcf6e10, 0xffffe2d31f50, 0xaaaaedcf7150) = 1 <0.001563>
[pid 315] 14:59:51.534563 libssl.so.3->X509_verify_cert(0xaaaaedcf0660, 0, 0, 0xffffffff) = 1 <0.000460>
[pid 315] 14:59:51.535245 libssl.so.3->EVP_DigestVerifyInit_ex(0xaaaaedcf3270, 0xffffe2d32048, 0, 0) = 1 <0.000120>
[pid 315] 14:59:51.535420 libssl.so.3->EVP_DigestVerify(0xaaaaedcf3270, 0xaaaaedcfef78, 4627, 0xffffe2d32050) = 1 <0.000294>
[pid 315] 14:59:51.535954 libssl.so.3->X509_verify_cert(0xaaaaedcf0660, 1, 0, 0) = 1 <0.000323>
[pid 315] 14:59:51.536565 libssl.so.3->EVP_DigestSignInit_ex(0xaaaaedcf32c0, 0xffffe2d32030, 0, 0) = 1 <0.000132>
[pid 315] 14:59:51.536829 libssl.so.3->EVP_DigestSign(0xaaaaedcf32c0, 0, 0xffffe2d32040, 0xffffe2d32050) = 1 <0.000101>
[pid 315] 14:59:51.536985 libssl.so.3->EVP_DigestSign(0xaaaaedcf32c0, 0xaaaaedd03040, 0xffffe2d32040, 0xffffe2d32050) = 1 <0.000507>
[pid 315] 14:59:51.537762 <... SSL_connect resumed> ) = 1 <0.012254>
Handshake duration: 12.40 ms
[pid 315] 14:59:51.539186 +++ exited (status 0) +++
Execution 59 - TLS Mutual
s_connection: verify depth is 1
[pid 317] 14:59:51.566800 openssl->SSL_connect(0xaaaae4636410, 0xaaaae4608998, 0xffffbb3340e0, 0 <unfinished ...>
[pid 317] 14:59:51.567179 libssl.so.3->EVP_PKEY_keygen_init(0xaaaae463b7c0, 0, 0, 0xaaaae463b830) = 1 <0.000145>
[pid 317] 14:59:51.567387 libssl.so.3->EVP_PKEY_keygen(0xaaaae463b7c0, 0xffffd1b2f180, 0, 0) = 1 <0.001645>
[pid 317] 14:59:51.572933 libssl.so.3->EVP_PKEY_derive_init(0xaaaae460a070, 0, 0, 0xaaaae460a0e0) = 1 <0.000112>
[pid 317] 14:59:51.573143 libssl.so.3->EVP_PKEY_derive_set_peer(0xaaaae460a070, 0xaaaae463ac40, 0, 0) = 1 <0.000133>
[pid 317] 14:59:51.573361 libssl.so.3->EVP_PKEY_derive(0xaaaae460a070, 0, 0xffffd1b2f110, 0) = 1 <0.000138>
[pid 317] 14:59:51.573555 libssl.so.3->EVP_PKEY_derive(0xaaaae460a070, 0xaaaae4634e10, 0xffffd1b2f110, 0xaaaae4635150) = 1 <0.001561>
[pid 317] 14:59:51.575806 libssl.so.3->X509_verify_cert(0xaaaae462e660, 0, 0, 0xffffffff) = 1 <0.000485>
[pid 317] 14:59:51.576501 libssl.so.3->EVP_DigestVerifyInit_ex(0xaaaae4631270, 0xffffd1b2f208, 0, 0) = 1 <0.000113>
[pid 317] 14:59:51.576667 libssl.so.3->EVP_DigestVerify(0xaaaae4631270, 0xaaaae463cf78, 4627, 0xffffd1b2f210) = 1 <0.000308>
[pid 317] 14:59:51.577204 libssl.so.3->X509_verify_cert(0xaaaae462e660, 1, 0, 0) = 1 <0.000292>
[pid 317] 14:59:51.577773 libssl.so.3->EVP_DigestSignInit_ex(0xaaaae46312c0, 0xffffd1b2f1f0, 0, 0) = 1 <0.000209>
[pid 317] 14:59:51.578045 libssl.so.3->EVP_DigestSign(0xaaaae46312c0, 0, 0xffffd1b2f200, 0xffffd1b2f210) = 1 <0.000116>
[pid 317] 14:59:51.578258 libssl.so.3->EVP_DigestSign(0xaaaae46312c0, 0xaaaae4641040, 0xffffd1b2f200, 0xffffd1b2f210) = 1 <0.001092>
[pid 317] 14:59:51.579620 <... SSL_connect resumed> ) = 1 <0.012815>
Handshake duration: 12.96 ms
[pid 317] 14:59:51.580954 +++ exited (status 0) +++
Execution 60 - TLS Mutual
s_connection: verify depth is 1
[pid 319] 14:59:51.608573 openssl->SSL_connect(0xaaaafdbef410, 0xaaaafdbc1998, 0xffff8d5c40e0, 0 <unfinished ...>
[pid 319] 14:59:51.608856 libssl.so.3->EVP_PKEY_keygen_init(0xaaaafdbf47c0, 0, 0, 0xaaaafdbf4830) = 1 <0.000141>
[pid 319] 14:59:51.609060 libssl.so.3->EVP_PKEY_keygen(0xaaaafdbf47c0, 0xfffff93b4d50, 0, 0) = 1 <0.001618>
[pid 319] 14:59:51.614484 libssl.so.3->EVP_PKEY_derive_init(0xaaaafdbc3070, 0, 0, 0xaaaafdbc30e0) = 1 <0.000154>
[pid 319] 14:59:51.614712 libssl.so.3->EVP_PKEY_derive_set_peer(0xaaaafdbc3070, 0xaaaafdbf3c40, 0, 0) = 1 <0.000281>
[pid 319] 14:59:51.615048 libssl.so.3->EVP_PKEY_derive(0xaaaafdbc3070, 0, 0xfffff93b4ce0, 0) = 1 <0.000126>
[pid 319] 14:59:51.615233 libssl.so.3->EVP_PKEY_derive(0xaaaafdbc3070, 0xaaaafdbede10, 0xfffff93b4ce0, 0xaaaafdbee150) = 1 <0.001588>
[pid 319] 14:59:51.617528 libssl.so.3->X509_verify_cert(0xaaaafdbe7660, 0, 0, 0xffffffff) = 1 <0.000486>
[pid 319] 14:59:51.618279 libssl.so.3->EVP_DigestVerifyInit_ex(0xaaaafdbea270, 0xfffff93b4dd8, 0, 0) = 1 <0.000108>
[pid 319] 14:59:51.618427 libssl.so.3->EVP_DigestVerify(0xaaaafdbea270, 0xaaaafdbf5f78, 4627, 0xfffff93b4de0) = 1 <0.000364>
[pid 319] 14:59:51.618981 libssl.so.3->X509_verify_cert(0xaaaafdbe7660, 1, 0, 0) = 1 <0.000317>
[pid 319] 14:59:51.619556 libssl.so.3->EVP_DigestSignInit_ex(0xaaaafdbea2c0, 0xfffff93b4dc0, 0, 0) = 1 <0.000137>
[pid 319] 14:59:51.619809 libssl.so.3->EVP_DigestSign(0xaaaafdbea2c0, 0, 0xfffff93b4dd0, 0xfffff93b4de0) = 1 <0.000131>
[pid 319] 14:59:51.620015 libssl.so.3->EVP_DigestSign(0xaaaafdbea2c0, 0xaaaafdbfa040, 0xfffff93b4dd0, 0xfffff93b4de0) = 1 <0.000560>
[pid 319] 14:59:51.620855 <... SSL_connect resumed> ) = 1 <0.012276>
Handshake duration: 12.41 ms
[pid 319] 14:59:51.622155 +++ exited (status 0) +++
Execution 61 - TLS Mutual
s_connection: verify depth is 1
[pid 321] 14:59:51.649957 openssl->SSL_connect(0xaaaaf3483410, 0xaaaaf3455998, 0xffffb3d240e0, 0 <unfinished ...>
[pid 321] 14:59:51.650329 libssl.so.3->EVP_PKEY_keygen_init(0xaaaaf34887c0, 0, 0, 0xaaaaf3488830) = 1 <0.000108>
[pid 321] 14:59:51.650564 libssl.so.3->EVP_PKEY_keygen(0xaaaaf34887c0, 0xffffce328b50, 0, 0) = 1 <0.001722>
[pid 321] 14:59:51.656019 libssl.so.3->EVP_PKEY_derive_init(0xaaaaf3457070, 0, 0, 0xaaaaf34570e0) = 1 <0.000191>
[pid 321] 14:59:51.656281 libssl.so.3->EVP_PKEY_derive_set_peer(0xaaaaf3457070, 0xaaaaf3487c40, 0, 0) = 1 <0.000161>
[pid 321] 14:59:51.656505 libssl.so.3->EVP_PKEY_derive(0xaaaaf3457070, 0, 0xffffce328ae0, 0) = 1 <0.000106>
[pid 321] 14:59:51.656664 libssl.so.3->EVP_PKEY_derive(0xaaaaf3457070, 0xaaaaf3481e10, 0xffffce328ae0, 0xaaaaf3482150) = 1 <0.001594>
[pid 321] 14:59:51.658918 libssl.so.3->X509_verify_cert(0xaaaaf347b660, 0, 0, 0xffffffff) = 1 <0.000475>
[pid 321] 14:59:51.659631 libssl.so.3->EVP_DigestVerifyInit_ex(0xaaaaf347e270, 0xffffce328bd8, 0, 0) = 1 <0.000109>
[pid 321] 14:59:51.659794 libssl.so.3->EVP_DigestVerify(0xaaaaf347e270, 0xaaaaf3489f78, 4627, 0xffffce328be0) = 1 <0.000281>
[pid 321] 14:59:51.660323 libssl.so.3->X509_verify_cert(0xaaaaf347b660, 1, 0, 0) = 1 <0.000294>
[pid 321] 14:59:51.660890 libssl.so.3->EVP_DigestSignInit_ex(0xaaaaf347e2c0, 0xffffce328bc0, 0, 0) = 1 <0.000194>
[pid 321] 14:59:51.661182 libssl.so.3->EVP_DigestSign(0xaaaaf347e2c0, 0, 0xffffce328bd0, 0xffffce328be0) = 1 <0.000128>
[pid 321] 14:59:51.661371 libssl.so.3->EVP_DigestSign(0xaaaaf347e2c0, 0xaaaaf348e040, 0xffffce328bd0, 0xffffce328be0) = 1 <0.000503>
[pid 321] 14:59:51.662108 <... SSL_connect resumed> ) = 1 <0.012147>
Handshake duration: 12.33 ms
[pid 321] 14:59:51.663540 +++ exited (status 0) +++
Execution 62 - TLS Mutual
s_connection: verify depth is 1
[pid 323] 14:59:51.691120 openssl->SSL_connect(0xaaaae73fa410, 0xaaaae73cc998, 0xffff8f7a40e0, 0 <unfinished ...>
[pid 323] 14:59:51.691480 libssl.so.3->EVP_PKEY_keygen_init(0xaaaae73ff7c0, 0, 0, 0xaaaae73ff830) = 1 <0.000106>
[pid 323] 14:59:51.691669 libssl.so.3->EVP_PKEY_keygen(0xaaaae73ff7c0, 0xfffff29ca2a0, 0, 0) = 1 <0.001660>
[pid 323] 14:59:51.697141 libssl.so.3->EVP_PKEY_derive_init(0xaaaae73ce070, 0, 0, 0xaaaae73ce0e0) = 1 <0.000170>
[pid 323] 14:59:51.697355 libssl.so.3->EVP_PKEY_derive_set_peer(0xaaaae73ce070, 0xaaaae73fec40, 0, 0) = 1 <0.000118>
[pid 323] 14:59:51.697548 libssl.so.3->EVP_PKEY_derive(0xaaaae73ce070, 0, 0xfffff29ca230, 0) = 1 <0.000131>
[pid 323] 14:59:51.697745 libssl.so.3->EVP_PKEY_derive(0xaaaae73ce070, 0xaaaae73f8e10, 0xfffff29ca230, 0xaaaae73f9150) = 1 <0.001622>
[pid 323] 14:59:51.700063 libssl.so.3->X509_verify_cert(0xaaaae73f2660, 0, 0, 0xffffffff) = 1 <0.000512>
[pid 323] 14:59:51.700821 libssl.so.3->EVP_DigestVerifyInit_ex(0xaaaae73f5270, 0xfffff29ca328, 0, 0) = 1 <0.000111>
[pid 323] 14:59:51.700985 libssl.so.3->EVP_DigestVerify(0xaaaae73f5270, 0xaaaae7400f78, 4627, 0xfffff29ca330) = 1 <0.000273>
[pid 323] 14:59:51.701493 libssl.so.3->X509_verify_cert(0xaaaae73f2660, 1, 0, 0) = 1 <0.000314>
[pid 323] 14:59:51.702064 libssl.so.3->EVP_DigestSignInit_ex(0xaaaae73f52c0, 0xfffff29ca310, 0, 0) = 1 <0.000168>
[pid 323] 14:59:51.702327 libssl.so.3->EVP_DigestSign(0xaaaae73f52c0, 0, 0xfffff29ca320, 0xfffff29ca330) = 1 <0.000216>
[pid 323] 14:59:51.702560 libssl.so.3->EVP_DigestSign(0xaaaae73f52c0, 0xaaaae7405040, 0xfffff29ca320, 0xfffff29ca330) = 1 <0.000410>
[pid 323] 14:59:51.703299 <... SSL_connect resumed> ) = 1 <0.012174>
Handshake duration: 12.36 ms
[pid 323] 14:59:51.704692 +++ exited (status 0) +++
Execution 63 - TLS Mutual
s_connection: verify depth is 1
[pid 325] 14:59:51.732642 openssl->SSL_connect(0xaaaad8e44410, 0xaaaad8e16998, 0xffffad1a40e0, 0 <unfinished ...>
[pid 325] 14:59:51.732962 libssl.so.3->EVP_PKEY_keygen_init(0xaaaad8e497c0, 0, 0, 0xaaaad8e49830) = 1 <0.000113>
[pid 325] 14:59:51.733163 libssl.so.3->EVP_PKEY_keygen(0xaaaad8e497c0, 0xffffe314fab0, 0, 0) = 1 <0.001734>
[pid 325] 14:59:51.738699 libssl.so.3->EVP_PKEY_derive_init(0xaaaad8e18070, 0, 0, 0xaaaad8e180e0) = 1 <0.000165>
[pid 325] 14:59:51.738905 libssl.so.3->EVP_PKEY_derive_set_peer(0xaaaad8e18070, 0xaaaad8e48c40, 0, 0) = 1 <0.000113>
[pid 325] 14:59:51.739236 libssl.so.3->EVP_PKEY_derive(0xaaaad8e18070, 0, 0xffffe314fa40, 0) = 1 <0.000126>
[pid 325] 14:59:51.739405 libssl.so.3->EVP_PKEY_derive(0xaaaad8e18070, 0xaaaad8e42e10, 0xffffe314fa40, 0xaaaad8e43150) = 1 <0.001580>
[pid 325] 14:59:51.741672 libssl.so.3->X509_verify_cert(0xaaaad8e3c660, 0, 0, 0xffffffff) = 1 <0.000493>
[pid 325] 14:59:51.742406 libssl.so.3->EVP_DigestVerifyInit_ex(0xaaaad8e3f270, 0xffffe314fb38, 0, 0) = 1 <0.000109>
[pid 325] 14:59:51.742576 libssl.so.3->EVP_DigestVerify(0xaaaad8e3f270, 0xaaaad8e4af78, 4627, 0xffffe314fb40) = 1 <0.000338>
[pid 325] 14:59:51.743107 libssl.so.3->X509_verify_cert(0xaaaad8e3c660, 1, 0, 0) = 1 <0.000321>
[pid 325] 14:59:51.743716 libssl.so.3->EVP_DigestSignInit_ex(0xaaaad8e3f2c0, 0xffffe314fb20, 0, 0) = 1 <0.000171>
[pid 325] 14:59:51.743941 libssl.so.3->EVP_DigestSign(0xaaaad8e3f2c0, 0, 0xffffe314fb30, 0xffffe314fb40) = 1 <0.000117>
[pid 325] 14:59:51.744130 libssl.so.3->EVP_DigestSign(0xaaaad8e3f2c0, 0xaaaad8e4f040, 0xffffe314fb30, 0xffffe314fb40) = 1 <0.000567>
[pid 325] 14:59:51.744949 <... SSL_connect resumed> ) = 1 <0.012304>
Handshake duration: 12.44 ms
[pid 325] 14:59:51.746278 +++ exited (status 0) +++
Execution 64 - TLS Mutual
s_connection: verify depth is 1
[pid 327] 14:59:51.774109 openssl->SSL_connect(0xaaab1ddf7410, 0xaaab1ddc9998, 0xffffac6c40e0, 0 <unfinished ...>
[pid 327] 14:59:51.774437 libssl.so.3->EVP_PKEY_keygen_init(0xaaab1ddfc7c0, 0, 0, 0xaaab1ddfc830) = 1 <0.000133>
[pid 327] 14:59:51.774648 libssl.so.3->EVP_PKEY_keygen(0xaaab1ddfc7c0, 0xfffffa2393c0, 0, 0) = 1 <0.001651>
[pid 327] 14:59:51.780146 libssl.so.3->EVP_PKEY_derive_init(0xaaab1ddcb070, 0, 0, 0xaaab1ddcb0e0) = 1 <0.000093>
[pid 327] 14:59:51.780291 libssl.so.3->EVP_PKEY_derive_set_peer(0xaaab1ddcb070, 0xaaab1ddfbc40, 0, 0) = 1 <0.000149>
[pid 327] 14:59:51.780518 libssl.so.3->EVP_PKEY_derive(0xaaab1ddcb070, 0, 0xfffffa239350, 0) = 1 <0.000108>
[pid 327] 14:59:51.780668 libssl.so.3->EVP_PKEY_derive(0xaaab1ddcb070, 0xaaab1ddf5e10, 0xfffffa239350, 0xaaab1ddf6150) = 1 <0.001580>
[pid 327] 14:59:51.782999 libssl.so.3->X509_verify_cert(0xaaab1ddef660, 0, 0, 0xffffffff) = 1 <0.000497>
[pid 327] 14:59:51.783748 libssl.so.3->EVP_DigestVerifyInit_ex(0xaaab1ddf2270, 0xfffffa239448, 0, 0) = 1 <0.000115>
[pid 327] 14:59:51.783938 libssl.so.3->EVP_DigestVerify(0xaaab1ddf2270, 0xaaab1ddfdf78, 4627, 0xfffffa239450) = 1 <0.000377>
[pid 327] 14:59:51.784541 libssl.so.3->X509_verify_cert(0xaaab1ddef660, 1, 0, 0) = 1 <0.000340>
[pid 327] 14:59:51.785169 libssl.so.3->EVP_DigestSignInit_ex(0xaaab1ddf22c0, 0xfffffa239430, 0, 0) = 1 <0.000072>
[pid 327] 14:59:51.785314 libssl.so.3->EVP_DigestSign(0xaaab1ddf22c0, 0, 0xfffffa239440, 0xfffffa239450) = 1 <0.000201>
[pid 327] 14:59:51.785552 libssl.so.3->EVP_DigestSign(0xaaab1ddf22c0, 0xaaab1de02040, 0xfffffa239440, 0xfffffa239450) = 1 <0.000827>
[pid 327] 14:59:51.786662 <... SSL_connect resumed> ) = 1 <0.012549>
Handshake duration: 12.70 ms
[pid 327] 14:59:51.787963 +++ exited (status 0) +++
Execution 65 - TLS Mutual
s_connection: verify depth is 1
[pid 329] 14:59:51.815770 openssl->SSL_connect(0xaaaad269b410, 0xaaaad266d998, 0xffff9aab40e0, 0 <unfinished ...>
[pid 329] 14:59:51.816082 libssl.so.3->EVP_PKEY_keygen_init(0xaaaad26a07c0, 0, 0, 0xaaaad26a0830) = 1 <0.000136>
[pid 329] 14:59:51.816327 libssl.so.3->EVP_PKEY_keygen(0xaaaad26a07c0, 0xffffee6663b0, 0, 0) = 1 <0.001741>
[pid 329] 14:59:51.821924 libssl.so.3->EVP_PKEY_derive_init(0xaaaad266f070, 0, 0, 0xaaaad266f0e0) = 1 <0.000186>
[pid 329] 14:59:51.822162 libssl.so.3->EVP_PKEY_derive_set_peer(0xaaaad266f070, 0xaaaad269fc40, 0, 0) = 1 <0.000099>
[pid 329] 14:59:51.822387 libssl.so.3->EVP_PKEY_derive(0xaaaad266f070, 0, 0xffffee666340, 0) = 1 <0.000131>
[pid 329] 14:59:51.822611 libssl.so.3->EVP_PKEY_derive(0xaaaad266f070, 0xaaaad2699e10, 0xffffee666340, 0xaaaad269a150) = 1 <0.001758>
[pid 329] 14:59:51.825068 libssl.so.3->X509_verify_cert(0xaaaad2693660, 0, 0, 0xffffffff) = 1 <0.000446>
[pid 329] 14:59:51.825742 libssl.so.3->EVP_DigestVerifyInit_ex(0xaaaad2696270, 0xffffee666438, 0, 0) = 1 <0.000124>
[pid 329] 14:59:51.825926 libssl.so.3->EVP_DigestVerify(0xaaaad2696270, 0xaaaad26a1f78, 4627, 0xffffee666440) = 1 <0.000306>
[pid 329] 14:59:51.826465 libssl.so.3->X509_verify_cert(0xaaaad2693660, 1, 0, 0) = 1 <0.000292>
[pid 329] 14:59:51.827047 libssl.so.3->EVP_DigestSignInit_ex(0xaaaad26962c0, 0xffffee666420, 0, 0) = 1 <0.000189>
[pid 329] 14:59:51.827302 libssl.so.3->EVP_DigestSign(0xaaaad26962c0, 0, 0xffffee666430, 0xffffee666440) = 1 <0.000099>
[pid 329] 14:59:51.827539 libssl.so.3->EVP_DigestSign(0xaaaad26962c0, 0xaaaad26a6040, 0xffffee666430, 0xffffee666440) = 1 <0.001117>
[pid 329] 14:59:51.828917 <... SSL_connect resumed> ) = 1 <0.013140>
Handshake duration: 13.29 ms
[pid 329] 14:59:51.830285 +++ exited (status 0) +++
Execution 66 - TLS Mutual
s_connection: verify depth is 1
[pid 331] 14:59:51.858174 openssl->SSL_connect(0xaaaaf677b410, 0xaaaaf674d998, 0xffff9dbe40e0, 0 <unfinished ...>
[pid 331] 14:59:51.858546 libssl.so.3->EVP_PKEY_keygen_init(0xaaaaf67807c0, 0, 0, 0xaaaaf6780830) = 1 <0.000116>
[pid 331] 14:59:51.858772 libssl.so.3->EVP_PKEY_keygen(0xaaaaf67807c0, 0xfffffd94f270, 0, 0) = 1 <0.001706>
[pid 331] 14:59:51.864274 libssl.so.3->EVP_PKEY_derive_init(0xaaaaf674f070, 0, 0, 0xaaaaf674f0e0) = 1 <0.000135>
[pid 331] 14:59:51.864461 libssl.so.3->EVP_PKEY_derive_set_peer(0xaaaaf674f070, 0xaaaaf677fc40, 0, 0) = 1 <0.000105>
[pid 331] 14:59:51.864638 libssl.so.3->EVP_PKEY_derive(0xaaaaf674f070, 0, 0xfffffd94f200, 0) = 1 <0.000119>
[pid 331] 14:59:51.864802 libssl.so.3->EVP_PKEY_derive(0xaaaaf674f070, 0xaaaaf6779e10, 0xfffffd94f200, 0xaaaaf677a150) = 1 <0.001585>
[pid 331] 14:59:51.867095 libssl.so.3->X509_verify_cert(0xaaaaf6773660, 0, 0, 0xffffffff) = 1 <0.000482>
[pid 331] 14:59:51.867790 libssl.so.3->EVP_DigestVerifyInit_ex(0xaaaaf6776270, 0xfffffd94f2f8, 0, 0) = 1 <0.000111>
[pid 331] 14:59:51.867955 libssl.so.3->EVP_DigestVerify(0xaaaaf6776270, 0xaaaaf6781f78, 4627, 0xfffffd94f300) = 1 <0.000307>
[pid 331] 14:59:51.868474 libssl.so.3->X509_verify_cert(0xaaaaf6773660, 1, 0, 0) = 1 <0.000301>
[pid 331] 14:59:51.869031 libssl.so.3->EVP_DigestSignInit_ex(0xaaaaf67762c0, 0xfffffd94f2e0, 0, 0) = 1 <0.000215>
[pid 331] 14:59:51.869296 libssl.so.3->EVP_DigestSign(0xaaaaf67762c0, 0, 0xfffffd94f2f0, 0xfffffd94f300) = 1 <0.000131>
[pid 331] 14:59:51.869473 libssl.so.3->EVP_DigestSign(0xaaaaf67762c0, 0xaaaaf6786040, 0xfffffd94f2f0, 0xfffffd94f300) = 1 <0.000712>
[pid 331] 14:59:51.870426 <... SSL_connect resumed> ) = 1 <0.012247>
Handshake duration: 12.39 ms
[pid 331] 14:59:51.871787 +++ exited (status 0) +++
Execution 67 - TLS Mutual
s_connection: verify depth is 1
[pid 333] 14:59:51.899556 openssl->SSL_connect(0xaaaafe1a9410, 0xaaaafe17b998, 0xffff9cfa40e0, 0 <unfinished ...>
[pid 333] 14:59:51.899867 libssl.so.3->EVP_PKEY_keygen_init(0xaaaafe1ae7c0, 0, 0, 0xaaaafe1ae830) = 1 <0.000112>
[pid 333] 14:59:51.900028 libssl.so.3->EVP_PKEY_keygen(0xaaaafe1ae7c0, 0xffffcefadad0, 0, 0) = 1 <0.001778>
[pid 333] 14:59:51.905673 libssl.so.3->EVP_PKEY_derive_init(0xaaaafe17d070, 0, 0, 0xaaaafe17d0e0) = 1 <0.000178>
[pid 333] 14:59:51.905909 libssl.so.3->EVP_PKEY_derive_set_peer(0xaaaafe17d070, 0xaaaafe1adc40, 0, 0) = 1 <0.000175>
[pid 333] 14:59:51.906148 libssl.so.3->EVP_PKEY_derive(0xaaaafe17d070, 0, 0xffffcefada60, 0) = 1 <0.000127>
[pid 333] 14:59:51.906342 libssl.so.3->EVP_PKEY_derive(0xaaaafe17d070, 0xaaaafe1a7e10, 0xffffcefada60, 0xaaaafe1a8150) = 1 <0.001574>
[pid 333] 14:59:51.908596 libssl.so.3->X509_verify_cert(0xaaaafe1a1660, 0, 0, 0xffffffff) = 1 <0.000453>
[pid 333] 14:59:51.909268 libssl.so.3->EVP_DigestVerifyInit_ex(0xaaaafe1a4270, 0xffffcefadb58, 0, 0) = 1 <0.000141>
[pid 333] 14:59:51.909459 libssl.so.3->EVP_DigestVerify(0xaaaafe1a4270, 0xaaaafe1aff78, 4627, 0xffffcefadb60) = 1 <0.000289>
[pid 333] 14:59:51.909975 libssl.so.3->X509_verify_cert(0xaaaafe1a1660, 1, 0, 0) = 1 <0.000323>
[pid 333] 14:59:51.910568 libssl.so.3->EVP_DigestSignInit_ex(0xaaaafe1a42c0, 0xffffcefadb40, 0, 0) = 1 <0.000123>
[pid 333] 14:59:51.910773 libssl.so.3->EVP_DigestSign(0xaaaafe1a42c0, 0, 0xffffcefadb50, 0xffffcefadb60) = 1 <0.000134>
[pid 333] 14:59:51.910940 libssl.so.3->EVP_DigestSign(0xaaaafe1a42c0, 0xaaaafe1b4040, 0xffffcefadb50, 0xffffcefadb60) = 1 <0.000665>
[pid 333] 14:59:51.911852 <... SSL_connect resumed> ) = 1 <0.012291>
Handshake duration: 12.42 ms
[pid 333] 14:59:51.913279 +++ exited (status 0) +++
Execution 68 - TLS Mutual
s_connection: verify depth is 1
[pid 335] 14:59:51.941445 openssl->SSL_connect(0xaaab25e25410, 0xaaab25df7998, 0xffff9e0b40e0, 0 <unfinished ...>
[pid 335] 14:59:51.941797 libssl.so.3->EVP_PKEY_keygen_init(0xaaab25e2a7c0, 0, 0, 0xaaab25e2a830) = 1 <0.000116>
[pid 335] 14:59:51.941975 libssl.so.3->EVP_PKEY_keygen(0xaaab25e2a7c0, 0xffffeb271b20, 0, 0) = 1 <0.001746>
[pid 335] 14:59:51.947542 libssl.so.3->EVP_PKEY_derive_init(0xaaab25df9070, 0, 0, 0xaaab25df90e0) = 1 <0.000117>
[pid 335] 14:59:51.947775 libssl.so.3->EVP_PKEY_derive_set_peer(0xaaab25df9070, 0xaaab25e29c40, 0, 0) = 1 <0.000128>
[pid 335] 14:59:51.947958 libssl.so.3->EVP_PKEY_derive(0xaaab25df9070, 0, 0xffffeb271ab0, 0) = 1 <0.000101>
[pid 335] 14:59:51.948130 libssl.so.3->EVP_PKEY_derive(0xaaab25df9070, 0xaaab25e23e10, 0xffffeb271ab0, 0xaaab25e24150) = 1 <0.001660>
[pid 335] 14:59:51.950473 libssl.so.3->X509_verify_cert(0xaaab25e1d660, 0, 0, 0xffffffff) = 1 <0.000502>
[pid 335] 14:59:51.951227 libssl.so.3->EVP_DigestVerifyInit_ex(0xaaab25e20270, 0xffffeb271ba8, 0, 0) = 1 <0.000145>
[pid 335] 14:59:51.951412 libssl.so.3->EVP_DigestVerify(0xaaab25e20270, 0xaaab25e2bf78, 4627, 0xffffeb271bb0) = 1 <0.000303>
[pid 335] 14:59:51.951955 libssl.so.3->X509_verify_cert(0xaaab25e1d660, 1, 0, 0) = 1 <0.000325>
[pid 335] 14:59:51.952553 libssl.so.3->EVP_DigestSignInit_ex(0xaaab25e202c0, 0xffffeb271b90, 0, 0) = 1 <0.000088>
[pid 335] 14:59:51.952698 libssl.so.3->EVP_DigestSign(0xaaab25e202c0, 0, 0xffffeb271ba0, 0xffffeb271bb0) = 1 <0.000096>
[pid 335] 14:59:51.952862 libssl.so.3->EVP_DigestSign(0xaaab25e202c0, 0xaaab25e30040, 0xffffeb271ba0, 0xffffeb271bb0) = 1 <0.000500>
[pid 335] 14:59:51.953624 <... SSL_connect resumed> ) = 1 <0.012173>
Handshake duration: 12.32 ms
[pid 335] 14:59:51.954943 +++ exited (status 0) +++
Execution 69 - TLS Mutual
s_connection: verify depth is 1
[pid 337] 14:59:51.982862 openssl->SSL_connect(0xaaaafee51410, 0xaaaafee23998, 0xffff909740e0, 0 <unfinished ...>
[pid 337] 14:59:51.983208 libssl.so.3->EVP_PKEY_keygen_init(0xaaaafee567c0, 0, 0, 0xaaaafee56830) = 1 <0.000121>
[pid 337] 14:59:51.983394 libssl.so.3->EVP_PKEY_keygen(0xaaaafee567c0, 0xffffe14bbeb0, 0, 0) = 1 <0.001655>
[pid 337] 14:59:51.988932 libssl.so.3->EVP_PKEY_derive_init(0xaaaafee25070, 0, 0, 0xaaaafee250e0) = 1 <0.000125>
[pid 337] 14:59:51.989106 libssl.so.3->EVP_PKEY_derive_set_peer(0xaaaafee25070, 0xaaaafee55c40, 0, 0) = 1 <0.000118>
[pid 337] 14:59:51.989282 libssl.so.3->EVP_PKEY_derive(0xaaaafee25070, 0, 0xffffe14bbe40, 0) = 1 <0.000102>
[pid 337] 14:59:51.989470 libssl.so.3->EVP_PKEY_derive(0xaaaafee25070, 0xaaaafee4fe10, 0xffffe14bbe40, 0xaaaafee50150) = 1 <0.001598>
[pid 337] 14:59:51.991752 libssl.so.3->X509_verify_cert(0xaaaafee49660, 0, 0, 0xffffffff) = 1 <0.000497>
[pid 337] 14:59:51.992479 libssl.so.3->EVP_DigestVerifyInit_ex(0xaaaafee4c270, 0xffffe14bbf38, 0, 0) = 1 <0.000109>
[pid 337] 14:59:51.992650 libssl.so.3->EVP_DigestVerify(0xaaaafee4c270, 0xaaaafee57f78, 4627, 0xffffe14bbf40) = 1 <0.000296>
[pid 337] 14:59:51.993191 libssl.so.3->X509_verify_cert(0xaaaafee49660, 1, 0, 0) = 1 <0.000295>
[pid 337] 14:59:51.993740 libssl.so.3->EVP_DigestSignInit_ex(0xaaaafee4c2c0, 0xffffe14bbf20, 0, 0) = 1 <0.000176>
[pid 337] 14:59:51.993963 libssl.so.3->EVP_DigestSign(0xaaaafee4c2c0, 0, 0xffffe14bbf30, 0xffffe14bbf40) = 1 <0.000133>
[pid 337] 14:59:51.994142 libssl.so.3->EVP_DigestSign(0xaaaafee4c2c0, 0xaaaafee5c040, 0xffffe14bbf30, 0xffffe14bbf40) = 1 <0.000795>
[pid 337] 14:59:51.995194 <... SSL_connect resumed> ) = 1 <0.012327>
Handshake duration: 12.48 ms
[pid 337] 14:59:51.996585 +++ exited (status 0) +++
Execution 70 - TLS Mutual
s_connection: verify depth is 1
[pid 339] 14:59:52.024537 openssl->SSL_connect(0xaaaad199d410, 0xaaaad196f998, 0xffff8d8f40e0, 0 <unfinished ...>
[pid 339] 14:59:52.024897 libssl.so.3->EVP_PKEY_keygen_init(0xaaaad19a27c0, 0, 0, 0xaaaad19a2830) = 1 <0.000131>
[pid 339] 14:59:52.025110 libssl.so.3->EVP_PKEY_keygen(0xaaaad19a27c0, 0xfffff6f57b10, 0, 0) = 1 <0.001649>
[pid 339] 14:59:52.030570 libssl.so.3->EVP_PKEY_derive_init(0xaaaad1971070, 0, 0, 0xaaaad19710e0) = 1 <0.000106>
[pid 339] 14:59:52.030743 libssl.so.3->EVP_PKEY_derive_set_peer(0xaaaad1971070, 0xaaaad19a1c40, 0, 0) = 1 <0.000171>
[pid 339] 14:59:52.030957 libssl.so.3->EVP_PKEY_derive(0xaaaad1971070, 0, 0xfffff6f57aa0, 0) = 1 <0.000172>
[pid 339] 14:59:52.031188 libssl.so.3->EVP_PKEY_derive(0xaaaad1971070, 0xaaaad199be10, 0xfffff6f57aa0, 0xaaaad199c150) = 1 <0.001549>
[pid 339] 14:59:52.033464 libssl.so.3->X509_verify_cert(0xaaaad1995660, 0, 0, 0xffffffff) = 1 <0.000471>
[pid 339] 14:59:52.034194 libssl.so.3->EVP_DigestVerifyInit_ex(0xaaaad1998270, 0xfffff6f57b98, 0, 0) = 1 <0.000117>
[pid 339] 14:59:52.034366 libssl.so.3->EVP_DigestVerify(0xaaaad1998270, 0xaaaad19a3f78, 4627, 0xfffff6f57ba0) = 1 <0.000264>
[pid 339] 14:59:52.034863 libssl.so.3->X509_verify_cert(0xaaaad1995660, 1, 0, 0) = 1 <0.000290>
[pid 339] 14:59:52.035438 libssl.so.3->EVP_DigestSignInit_ex(0xaaaad19982c0, 0xfffff6f57b80, 0, 0) = 1 <0.000097>
[pid 339] 14:59:52.035585 libssl.so.3->EVP_DigestSign(0xaaaad19982c0, 0, 0xfffff6f57b90, 0xfffff6f57ba0) = 1 <0.000149>
[pid 339] 14:59:52.035788 libssl.so.3->EVP_DigestSign(0xaaaad19982c0, 0xaaaad19a8040, 0xfffff6f57b90, 0xfffff6f57ba0) = 1 <0.000675>
[pid 339] 14:59:52.036715 <... SSL_connect resumed> ) = 1 <0.012174>
Handshake duration: 12.30 ms
[pid 339] 14:59:52.038096 +++ exited (status 0) +++
Execution 71 - TLS Mutual
s_connection: verify depth is 1
[pid 341] 14:59:52.065906 openssl->SSL_connect(0xaaaae5d3e410, 0xaaaae5d10998, 0xffff89dd40e0, 0 <unfinished ...>
[pid 341] 14:59:52.066221 libssl.so.3->EVP_PKEY_keygen_init(0xaaaae5d437c0, 0, 0, 0xaaaae5d43830) = 1 <0.000142>
[pid 341] 14:59:52.066424 libssl.so.3->EVP_PKEY_keygen(0xaaaae5d437c0, 0xffffed072c80, 0, 0) = 1 <0.001705>
[pid 341] 14:59:52.071968 libssl.so.3->EVP_PKEY_derive_init(0xaaaae5d12070, 0, 0, 0xaaaae5d120e0) = 1 <0.000218>
[pid 341] 14:59:52.072226 libssl.so.3->EVP_PKEY_derive_set_peer(0xaaaae5d12070, 0xaaaae5d42c40, 0, 0) = 1 <0.000163>
[pid 341] 14:59:52.072447 libssl.so.3->EVP_PKEY_derive(0xaaaae5d12070, 0, 0xffffed072c10, 0) = 1 <0.000147>
[pid 341] 14:59:52.072651 libssl.so.3->EVP_PKEY_derive(0xaaaae5d12070, 0xaaaae5d3ceb0, 0xffffed072c10, 0xaaaae5d3d260) = 1 <0.001604>
[pid 341] 14:59:52.074949 libssl.so.3->X509_verify_cert(0xaaaae5d36660, 0, 0, 0xffffffff) = 1 <0.000471>
[pid 341] 14:59:52.075651 libssl.so.3->EVP_DigestVerifyInit_ex(0xaaaae5d38c40, 0xffffed072d08, 0, 0) = 1 <0.000114>
[pid 341] 14:59:52.075845 libssl.so.3->EVP_DigestVerify(0xaaaae5d38c40, 0xaaaae5d44f78, 4627, 0xffffed072d10) = 1 <0.000340>
[pid 341] 14:59:52.076393 libssl.so.3->X509_verify_cert(0xaaaae5d36660, 1, 0, 0) = 1 <0.000295>
[pid 341] 14:59:52.076952 libssl.so.3->EVP_DigestSignInit_ex(0xaaaae5d39310, 0xffffed072cf0, 0, 0) = 1 <0.000107>
[pid 341] 14:59:52.077111 libssl.so.3->EVP_DigestSign(0xaaaae5d39310, 0, 0xffffed072d00, 0xffffed072d10) = 1 <0.000141>
[pid 341] 14:59:52.077299 libssl.so.3->EVP_DigestSign(0xaaaae5d39310, 0xaaaae5d40970, 0xffffed072d00, 0xffffed072d10) = 1 <0.000748>
[pid 341] 14:59:52.078306 <... SSL_connect resumed> ) = 1 <0.012395>
Handshake duration: 12.53 ms
[pid 341] 14:59:52.079713 +++ exited (status 0) +++
Execution 72 - TLS Mutual
s_connection: verify depth is 1
[pid 343] 14:59:52.107555 openssl->SSL_connect(0xaaaafedd3410, 0xaaaafeda5998, 0xffff8d0e40e0, 0 <unfinished ...>
[pid 343] 14:59:52.107874 libssl.so.3->EVP_PKEY_keygen_init(0xaaaafedd87c0, 0, 0, 0xaaaafedd8830) = 1 <0.000135>
[pid 343] 14:59:52.108066 libssl.so.3->EVP_PKEY_keygen(0xaaaafedd87c0, 0xfffffd3fba20, 0, 0) = 1 <0.001703>
[pid 343] 14:59:52.113578 libssl.so.3->EVP_PKEY_derive_init(0xaaaafeda7070, 0, 0, 0xaaaafeda70e0) = 1 <0.000139>
[pid 343] 14:59:52.113763 libssl.so.3->EVP_PKEY_derive_set_peer(0xaaaafeda7070, 0xaaaafedd7c40, 0, 0) = 1 <0.000173>
[pid 343] 14:59:52.113987 libssl.so.3->EVP_PKEY_derive(0xaaaafeda7070, 0, 0xfffffd3fb9b0, 0) = 1 <0.000126>
[pid 343] 14:59:52.114158 libssl.so.3->EVP_PKEY_derive(0xaaaafeda7070, 0xaaaafedd1e10, 0xfffffd3fb9b0, 0xaaaafedd2150) = 1 <0.001539>
[pid 343] 14:59:52.116404 libssl.so.3->X509_verify_cert(0xaaaafedcb660, 0, 0, 0xffffffff) = 1 <0.000473>
[pid 343] 14:59:52.117126 libssl.so.3->EVP_DigestVerifyInit_ex(0xaaaafedce270, 0xfffffd3fbaa8, 0, 0) = 1 <0.000127>
[pid 343] 14:59:52.117299 libssl.so.3->EVP_DigestVerify(0xaaaafedce270, 0xaaaafedd9f78, 4627, 0xfffffd3fbab0) = 1 <0.000337>
[pid 343] 14:59:52.117867 libssl.so.3->X509_verify_cert(0xaaaafedcb660, 1, 0, 0) = 1 <0.000316>
[pid 343] 14:59:52.118455 libssl.so.3->EVP_DigestSignInit_ex(0xaaaafedce2c0, 0xfffffd3fba90, 0, 0) = 1 <0.000169>
[pid 343] 14:59:52.118672 libssl.so.3->EVP_DigestSign(0xaaaafedce2c0, 0, 0xfffffd3fbaa0, 0xfffffd3fbab0) = 1 <0.000089>
[pid 343] 14:59:52.118824 libssl.so.3->EVP_DigestSign(0xaaaafedce2c0, 0xaaaafedde040, 0xfffffd3fbaa0, 0xfffffd3fbab0) = 1 <0.000532>
[pid 343] 14:59:52.119597 <... SSL_connect resumed> ) = 1 <0.012038>
Handshake duration: 12.16 ms
[pid 343] 14:59:52.120875 +++ exited (status 0) +++
Execution 73 - TLS Mutual
s_connection: verify depth is 1
[pid 345] 14:59:52.148562 openssl->SSL_connect(0xaaaae8097410, 0xaaaae8069998, 0xffffb1ff40e0, 0 <unfinished ...>
[pid 345] 14:59:52.148865 libssl.so.3->EVP_PKEY_keygen_init(0xaaaae809c7c0, 0, 0, 0xaaaae809c830) = 1 <0.000126>
[pid 345] 14:59:52.149052 libssl.so.3->EVP_PKEY_keygen(0xaaaae809c7c0, 0xfffff05a8030, 0, 0) = 1 <0.001732>
[pid 345] 14:59:52.154682 libssl.so.3->EVP_PKEY_derive_init(0xaaaae806b070, 0, 0, 0xaaaae806b0e0) = 1 <0.000125>
[pid 345] 14:59:52.154880 libssl.so.3->EVP_PKEY_derive_set_peer(0xaaaae806b070, 0xaaaae809bc40, 0, 0) = 1 <0.000201>
[pid 345] 14:59:52.155131 libssl.so.3->EVP_PKEY_derive(0xaaaae806b070, 0, 0xfffff05a7fc0, 0) = 1 <0.000135>
[pid 345] 14:59:52.155366 libssl.so.3->EVP_PKEY_derive(0xaaaae806b070, 0xaaaae8095e10, 0xfffff05a7fc0, 0xaaaae8096150) = 1 <0.001575>
[pid 345] 14:59:52.157617 libssl.so.3->X509_verify_cert(0xaaaae808f660, 0, 0, 0xffffffff) = 1 <0.000440>
[pid 345] 14:59:52.158336 libssl.so.3->EVP_DigestVerifyInit_ex(0xaaaae8092270, 0xfffff05a80b8, 0, 0) = 1 <0.000127>
[pid 345] 14:59:52.158507 libssl.so.3->EVP_DigestVerify(0xaaaae8092270, 0xaaaae809df78, 4627, 0xfffff05a80c0) = 1 <0.000279>
[pid 345] 14:59:52.159012 libssl.so.3->X509_verify_cert(0xaaaae808f660, 1, 0, 0) = 1 <0.000314>
[pid 345] 14:59:52.159604 libssl.so.3->EVP_DigestSignInit_ex(0xaaaae80922c0, 0xfffff05a80a0, 0, 0) = 1 <0.000107>
[pid 345] 14:59:52.159810 libssl.so.3->EVP_DigestSign(0xaaaae80922c0, 0, 0xfffff05a80b0, 0xfffff05a80c0) = 1 <0.000154>
[pid 345] 14:59:52.159995 libssl.so.3->EVP_DigestSign(0xaaaae80922c0, 0xaaaae80a2040, 0xfffff05a80b0, 0xfffff05a80c0) = 1 <0.000587>
[pid 345] 14:59:52.160846 <... SSL_connect resumed> ) = 1 <0.012277>
Handshake duration: 12.41 ms
[pid 345] 14:59:52.162183 +++ exited (status 0) +++
Execution 74 - TLS Mutual
s_connection: verify depth is 1
[pid 347] 14:59:52.190330 openssl->SSL_connect(0xaaaaedf3f410, 0xaaaaedf11998, 0xffffa05e40e0, 0 <unfinished ...>
[pid 347] 14:59:52.190641 libssl.so.3->EVP_PKEY_keygen_init(0xaaaaedf447c0, 0, 0, 0xaaaaedf44830) = 1 <0.000110>
[pid 347] 14:59:52.190896 libssl.so.3->EVP_PKEY_keygen(0xaaaaedf447c0, 0xffffe12d2ba0, 0, 0) = 1 <0.001780>
[pid 347] 14:59:52.196457 libssl.so.3->EVP_PKEY_derive_init(0xaaaaedf13070, 0, 0, 0xaaaaedf130e0) = 1 <0.000187>
[pid 347] 14:59:52.196708 libssl.so.3->EVP_PKEY_derive_set_peer(0xaaaaedf13070, 0xaaaaedf43c40, 0, 0) = 1 <0.000131>
[pid 347] 14:59:52.196941 libssl.so.3->EVP_PKEY_derive(0xaaaaedf13070, 0, 0xffffe12d2b30, 0) = 1 <0.000133>
[pid 347] 14:59:52.197149 libssl.so.3->EVP_PKEY_derive(0xaaaaedf13070, 0xaaaaedf3de10, 0xffffe12d2b30, 0xaaaaedf3e150) = 1 <0.001541>
[pid 347] 14:59:52.199362 libssl.so.3->X509_verify_cert(0xaaaaedf37660, 0, 0, 0xffffffff) = 1 <0.000461>
[pid 347] 14:59:52.200052 libssl.so.3->EVP_DigestVerifyInit_ex(0xaaaaedf3a270, 0xffffe12d2c28, 0, 0) = 1 <0.000120>
[pid 347] 14:59:52.200246 libssl.so.3->EVP_DigestVerify(0xaaaaedf3a270, 0xaaaaedf45f78, 4627, 0xffffe12d2c30) = 1 <0.000373>
[pid 347] 14:59:52.200823 libssl.so.3->X509_verify_cert(0xaaaaedf37660, 1, 0, 0) = 1 <0.000292>
[pid 347] 14:59:52.201385 libssl.so.3->EVP_DigestSignInit_ex(0xaaaaedf3a2c0, 0xffffe12d2c10, 0, 0) = 1 <0.000111>
[pid 347] 14:59:52.201561 libssl.so.3->EVP_DigestSign(0xaaaaedf3a2c0, 0, 0xffffe12d2c20, 0xffffe12d2c30) = 1 <0.000187>
[pid 347] 14:59:52.201842 libssl.so.3->EVP_DigestSign(0xaaaaedf3a2c0, 0xaaaaedf4a040, 0xffffe12d2c20, 0xffffe12d2c30) = 1 <0.000496>
[pid 347] 14:59:52.202619 <... SSL_connect resumed> ) = 1 <0.012280>
Handshake duration: 12.42 ms
[pid 347] 14:59:52.203928 +++ exited (status 0) +++
Execution 75 - TLS Mutual
s_connection: verify depth is 1
[pid 349] 14:59:52.231578 openssl->SSL_connect(0xaaaad24fe410, 0xaaaad24d0998, 0xffff89a240e0, 0 <unfinished ...>
[pid 349] 14:59:52.231898 libssl.so.3->EVP_PKEY_keygen_init(0xaaaad25037c0, 0, 0, 0xaaaad2503830) = 1 <0.000124>
[pid 349] 14:59:52.232091 libssl.so.3->EVP_PKEY_keygen(0xaaaad25037c0, 0xfffffb4303c0, 0, 0) = 1 <0.001725>
[pid 349] 14:59:52.237674 libssl.so.3->EVP_PKEY_derive_init(0xaaaad24d2070, 0, 0, 0xaaaad24d20e0) = 1 <0.000156>
[pid 349] 14:59:52.237877 libssl.so.3->EVP_PKEY_derive_set_peer(0xaaaad24d2070, 0xaaaad2502c40, 0, 0) = 1 <0.000115>
[pid 349] 14:59:52.238109 libssl.so.3->EVP_PKEY_derive(0xaaaad24d2070, 0, 0xfffffb430350, 0) = 1 <0.000257>
[pid 349] 14:59:52.238381 libssl.so.3->EVP_PKEY_derive(0xaaaad24d2070, 0xaaaad24fce10, 0xfffffb430350, 0xaaaad24fd150) = 1 <0.001615>
[pid 349] 14:59:52.240696 libssl.so.3->X509_verify_cert(0xaaaad24f6660, 0, 0, 0xffffffff) = 1 <0.000509>
[pid 349] 14:59:52.241427 libssl.so.3->EVP_DigestVerifyInit_ex(0xaaaad24f9270, 0xfffffb430448, 0, 0) = 1 <0.000131>
[pid 349] 14:59:52.241625 libssl.so.3->EVP_DigestVerify(0xaaaad24f9270, 0xaaaad2504f78, 4627, 0xfffffb430450) = 1 <0.000340>
[pid 349] 14:59:52.242186 libssl.so.3->X509_verify_cert(0xaaaad24f6660, 1, 0, 0) = 1 <0.000314>
[pid 349] 14:59:52.242770 libssl.so.3->EVP_DigestSignInit_ex(0xaaaad24f92c0, 0xfffffb430430, 0, 0) = 1 <0.000150>
[pid 349] 14:59:52.242965 libssl.so.3->EVP_DigestSign(0xaaaad24f92c0, 0, 0xfffffb430440, 0xfffffb430450) = 1 <0.000119>
[pid 349] 14:59:52.243148 libssl.so.3->EVP_DigestSign(0xaaaad24f92c0, 0xaaaad2509040, 0xfffffb430440, 0xfffffb430450) = 1 <0.000902>
[pid 349] 14:59:52.244331 <... SSL_connect resumed> ) = 1 <0.012746>
Handshake duration: 12.88 ms
[pid 349] 14:59:52.245674 +++ exited (status 0) +++
Execution 76 - TLS Mutual
s_connection: verify depth is 1
[pid 351] 14:59:52.273826 openssl->SSL_connect(0xaaaad9081410, 0xaaaad9053998, 0xffff8a7b40e0, 0 <unfinished ...>
[pid 351] 14:59:52.274144 libssl.so.3->EVP_PKEY_keygen_init(0xaaaad90867c0, 0, 0, 0xaaaad9086830) = 1 <0.000114>
[pid 351] 14:59:52.274338 libssl.so.3->EVP_PKEY_keygen(0xaaaad90867c0, 0xffffcc266e90, 0, 0) = 1 <0.001637>
[pid 351] 14:59:52.279896 libssl.so.3->EVP_PKEY_derive_init(0xaaaad9055070, 0, 0, 0xaaaad90550e0) = 1 <0.000133>
[pid 351] 14:59:52.280090 libssl.so.3->EVP_PKEY_derive_set_peer(0xaaaad9055070, 0xaaaad9085c40, 0, 0) = 1 <0.000161>
[pid 351] 14:59:52.280313 libssl.so.3->EVP_PKEY_derive(0xaaaad9055070, 0, 0xffffcc266e20, 0) = 1 <0.000165>
[pid 351] 14:59:52.280536 libssl.so.3->EVP_PKEY_derive(0xaaaad9055070, 0xaaaad907fe10, 0xffffcc266e20, 0xaaaad9080150) = 1 <0.001582>
[pid 351] 14:59:52.282837 libssl.so.3->X509_verify_cert(0xaaaad9079660, 0, 0, 0xffffffff) = 1 <0.000484>
[pid 351] 14:59:52.283563 libssl.so.3->EVP_DigestVerifyInit_ex(0xaaaad907c270, 0xffffcc266f18, 0, 0) = 1 <0.000130>
[pid 351] 14:59:52.283781 libssl.so.3->EVP_DigestVerify(0xaaaad907c270, 0xaaaad9087f78, 4627, 0xffffcc266f20) = 1 <0.000281>
[pid 351] 14:59:52.284314 libssl.so.3->X509_verify_cert(0xaaaad9079660, 1, 0, 0) = 1 <0.000322>
[pid 351] 14:59:52.284936 libssl.so.3->EVP_DigestSignInit_ex(0xaaaad907c2c0, 0xffffcc266f00, 0, 0) = 1 <0.000108>
[pid 351] 14:59:52.285177 libssl.so.3->EVP_DigestSign(0xaaaad907c2c0, 0, 0xffffcc266f10, 0xffffcc266f20) = 1 <0.000187>
[pid 351] 14:59:52.285378 libssl.so.3->EVP_DigestSign(0xaaaad907c2c0, 0xaaaad908c040, 0xffffcc266f10, 0xffffcc266f20) = 1 <0.000398>
[pid 351] 14:59:52.286020 <... SSL_connect resumed> ) = 1 <0.012189>
Handshake duration: 12.32 ms
[pid 351] 14:59:52.287504 +++ exited (status 0) +++
Execution 77 - TLS Mutual
s_connection: verify depth is 1
[pid 353] 14:59:52.315395 openssl->SSL_connect(0xaaaaeeace410, 0xaaaaeeaa0998, 0xffff8acb40e0, 0 <unfinished ...>
[pid 353] 14:59:52.315745 libssl.so.3->EVP_PKEY_keygen_init(0xaaaaeead37c0, 0, 0, 0xaaaaeead3830) = 1 <0.000113>
[pid 353] 14:59:52.315929 libssl.so.3->EVP_PKEY_keygen(0xaaaaeead37c0, 0xffffebae6ad0, 0, 0) = 1 <0.001693>
[pid 353] 14:59:52.321454 libssl.so.3->EVP_PKEY_derive_init(0xaaaaeeaa2070, 0, 0, 0xaaaaeeaa20e0) = 1 <0.000113>
[pid 353] 14:59:52.321681 libssl.so.3->EVP_PKEY_derive_set_peer(0xaaaaeeaa2070, 0xaaaaeead2c40, 0, 0) = 1 <0.000104>
[pid 353] 14:59:52.321829 libssl.so.3->EVP_PKEY_derive(0xaaaaeeaa2070, 0, 0xffffebae6a60, 0) = 1 <0.000119>
[pid 353] 14:59:52.322145 libssl.so.3->EVP_PKEY_derive(0xaaaaeeaa2070, 0xaaaaeeacce10, 0xffffebae6a60, 0xaaaaeeacd150) = 1 <0.001587>
[pid 353] 14:59:52.324441 libssl.so.3->X509_verify_cert(0xaaaaeeac6660, 0, 0, 0xffffffff) = 1 <0.000474>
[pid 353] 14:59:52.325172 libssl.so.3->EVP_DigestVerifyInit_ex(0xaaaaeeac9270, 0xffffebae6b58, 0, 0) = 1 <0.000122>
[pid 353] 14:59:52.325381 libssl.so.3->EVP_DigestVerify(0xaaaaeeac9270, 0xaaaaeead4f78, 4627, 0xffffebae6b60) = 1 <0.000311>
[pid 353] 14:59:52.325898 libssl.so.3->X509_verify_cert(0xaaaaeeac6660, 1, 0, 0) = 1 <0.000345>
[pid 353] 14:59:52.326493 libssl.so.3->EVP_DigestSignInit_ex(0xaaaaeeac92c0, 0xffffebae6b40, 0, 0) = 1 <0.000127>
[pid 353] 14:59:52.326680 libssl.so.3->EVP_DigestSign(0xaaaaeeac92c0, 0, 0xffffebae6b50, 0xffffebae6b60) = 1 <0.000128>
[pid 353] 14:59:52.326854 libssl.so.3->EVP_DigestSign(0xaaaaeeac92c0, 0xaaaaeead9040, 0xffffebae6b50, 0xffffebae6b60) = 1 <0.000822>
[pid 353] 14:59:52.327927 <... SSL_connect resumed> ) = 1 <0.012525>
Handshake duration: 12.69 ms
[pid 353] 14:59:52.329298 +++ exited (status 0) +++
Execution 78 - TLS Mutual
s_connection: verify depth is 1
[pid 355] 14:59:52.357296 openssl->SSL_connect(0xaaaaf172e410, 0xaaaaf1700998, 0xffff9d6c40e0, 0 <unfinished ...>
[pid 355] 14:59:52.357618 libssl.so.3->EVP_PKEY_keygen_init(0xaaaaf17337c0, 0, 0, 0xaaaaf1733830) = 1 <0.000104>
[pid 355] 14:59:52.357833 libssl.so.3->EVP_PKEY_keygen(0xaaaaf17337c0, 0xffffe3ade7d0, 0, 0) = 1 <0.001684>
[pid 355] 14:59:52.363619 libssl.so.3->EVP_PKEY_derive_init(0xaaaaf1702070, 0, 0, 0xaaaaf17020e0) = 1 <0.000158>
[pid 355] 14:59:52.363817 libssl.so.3->EVP_PKEY_derive_set_peer(0xaaaaf1702070, 0xaaaaf1732c40, 0, 0) = 1 <0.000119>
[pid 355] 14:59:52.363994 libssl.so.3->EVP_PKEY_derive(0xaaaaf1702070, 0, 0xffffe3ade760, 0) = 1 <0.000137>
[pid 355] 14:59:52.364219 libssl.so.3->EVP_PKEY_derive(0xaaaaf1702070, 0xaaaaf172ce10, 0xffffe3ade760, 0xaaaaf172d150) = 1 <0.001545>
[pid 355] 14:59:52.366508 libssl.so.3->X509_verify_cert(0xaaaaf1726660, 0, 0, 0xffffffff) = 1 <0.000457>
[pid 355] 14:59:52.367190 libssl.so.3->EVP_DigestVerifyInit_ex(0xaaaaf1729270, 0xffffe3ade858, 0, 0) = 1 <0.000103>
[pid 355] 14:59:52.367338 libssl.so.3->EVP_DigestVerify(0xaaaaf1729270, 0xaaaaf1734f78, 4627, 0xffffe3ade860) = 1 <0.000314>
[pid 355] 14:59:52.367868 libssl.so.3->X509_verify_cert(0xaaaaf1726660, 1, 0, 0) = 1 <0.000320>
[pid 355] 14:59:52.368469 libssl.so.3->EVP_DigestSignInit_ex(0xaaaaf17292c0, 0xffffe3ade840, 0, 0) = 1 <0.000126>
[pid 355] 14:59:52.368655 libssl.so.3->EVP_DigestSign(0xaaaaf17292c0, 0, 0xffffe3ade850, 0xffffe3ade860) = 1 <0.000194>
[pid 355] 14:59:52.368886 libssl.so.3->EVP_DigestSign(0xaaaaf17292c0, 0xaaaaf1739040, 0xffffe3ade850, 0xffffe3ade860) = 1 <0.000502>
[pid 355] 14:59:52.369617 <... SSL_connect resumed> ) = 1 <0.012317>
Handshake duration: 12.45 ms
[pid 355] 14:59:52.371064 +++ exited (status 0) +++
Execution 79 - TLS Mutual
s_connection: verify depth is 1
[pid 357] 14:59:52.399805 openssl->SSL_connect(0xaaab1abf5410, 0xaaab1abc7998, 0xffff895940e0, 0 <unfinished ...>
[pid 357] 14:59:52.400216 libssl.so.3->EVP_PKEY_keygen_init(0xaaab1abfa7c0, 0, 0, 0xaaab1abfa830) = 1 <0.000128>
[pid 357] 14:59:52.400422 libssl.so.3->EVP_PKEY_keygen(0xaaab1abfa7c0, 0xffffd3085b50, 0, 0) = 1 <0.001749>
[pid 357] 14:59:52.406147 libssl.so.3->EVP_PKEY_derive_init(0xaaab1abc9070, 0, 0, 0xaaab1abc90e0) = 1 <0.000135>
[pid 357] 14:59:52.406382 libssl.so.3->EVP_PKEY_derive_set_peer(0xaaab1abc9070, 0xaaab1abf9c40, 0, 0) = 1 <0.000110>
[pid 357] 14:59:52.406589 libssl.so.3->EVP_PKEY_derive(0xaaab1abc9070, 0, 0xffffd3085ae0, 0) = 1 <0.000133>
[pid 357] 14:59:52.406796 libssl.so.3->EVP_PKEY_derive(0xaaab1abc9070, 0xaaab1abf3e10, 0xffffd3085ae0, 0xaaab1abf4150) = 1 <0.001624>
[pid 357] 14:59:52.409087 libssl.so.3->X509_verify_cert(0xaaab1abed660, 0, 0, 0xffffffff) = 1 <0.000503>
[pid 357] 14:59:52.409862 libssl.so.3->EVP_DigestVerifyInit_ex(0xaaab1abf0270, 0xffffd3085bd8, 0, 0) = 1 <0.000114>
[pid 357] 14:59:52.410037 libssl.so.3->EVP_DigestVerify(0xaaab1abf0270, 0xaaab1abfbf78, 4627, 0xffffd3085be0) = 1 <0.000357>
[pid 357] 14:59:52.410612 libssl.so.3->X509_verify_cert(0xaaab1abed660, 1, 0, 0) = 1 <0.000301>
[pid 357] 14:59:52.411171 libssl.so.3->EVP_DigestSignInit_ex(0xaaab1abf02c0, 0xffffd3085bc0, 0, 0) = 1 <0.000104>
[pid 357] 14:59:52.411356 libssl.so.3->EVP_DigestSign(0xaaab1abf02c0, 0, 0xffffd3085bd0, 0xffffd3085be0) = 1 <0.000121>
[pid 357] 14:59:52.411530 libssl.so.3->EVP_DigestSign(0xaaab1abf02c0, 0xaaab1ac00040, 0xffffd3085bd0, 0xffffd3085be0) = 1 <0.000945>
[pid 357] 14:59:52.412747 <... SSL_connect resumed> ) = 1 <0.012938>
Handshake duration: 13.10 ms
[pid 357] 14:59:52.414147 +++ exited (status 0) +++
Execution 80 - TLS Mutual
s_connection: verify depth is 1
[pid 359] 14:59:52.442358 openssl->SSL_connect(0xaaaaf0fa0410, 0xaaaaf0f72998, 0xffffa52f40e0, 0 <unfinished ...>
[pid 359] 14:59:52.442743 libssl.so.3->EVP_PKEY_keygen_init(0xaaaaf0fa57c0, 0, 0, 0xaaaaf0fa5830) = 1 <0.000145>
[pid 359] 14:59:52.442959 libssl.so.3->EVP_PKEY_keygen(0xaaaaf0fa57c0, 0xfffff739c170, 0, 0) = 1 <0.001784>
[pid 359] 14:59:52.448643 libssl.so.3->EVP_PKEY_derive_init(0xaaaaf0f74070, 0, 0, 0xaaaaf0f740e0) = 1 <0.000089>
[pid 359] 14:59:52.448842 libssl.so.3->EVP_PKEY_derive_set_peer(0xaaaaf0f74070, 0xaaaaf0fa4c40, 0, 0) = 1 <0.000176>
[pid 359] 14:59:52.449093 libssl.so.3->EVP_PKEY_derive(0xaaaaf0f74070, 0, 0xfffff739c100, 0) = 1 <0.000229>
[pid 359] 14:59:52.449375 libssl.so.3->EVP_PKEY_derive(0xaaaaf0f74070, 0xaaaaf0f9ee10, 0xfffff739c100, 0xaaaaf0f9f150) = 1 <0.001641>
[pid 359] 14:59:52.451710 libssl.so.3->X509_verify_cert(0xaaaaf0f98660, 0, 0, 0xffffffff) = 1 <0.000482>
[pid 359] 14:59:52.452424 libssl.so.3->EVP_DigestVerifyInit_ex(0xaaaaf0f9b270, 0xfffff739c1f8, 0, 0) = 1 <0.000112>
[pid 359] 14:59:52.452641 libssl.so.3->EVP_DigestVerify(0xaaaaf0f9b270, 0xaaaaf0fa6f78, 4627, 0xfffff739c200) = 1 <0.000295>
[pid 359] 14:59:52.453148 libssl.so.3->X509_verify_cert(0xaaaaf0f98660, 1, 0, 0) = 1 <0.000284>
[pid 359] 14:59:52.453682 libssl.so.3->EVP_DigestSignInit_ex(0xaaaaf0f9b2c0, 0xfffff739c1e0, 0, 0) = 1 <0.000167>
[pid 359] 14:59:52.453903 libssl.so.3->EVP_DigestSign(0xaaaaf0f9b2c0, 0, 0xfffff739c1f0, 0xfffff739c200) = 1 <0.000120>
[pid 359] 14:59:52.454079 libssl.so.3->EVP_DigestSign(0xaaaaf0f9b2c0, 0xaaaaf0fab040, 0xfffff739c1f0, 0xfffff739c200) = 1 <0.000713>
[pid 359] 14:59:52.455035 <... SSL_connect resumed> ) = 1 <0.012673>
Handshake duration: 12.81 ms
[pid 359] 14:59:52.456407 +++ exited (status 0) +++
Execution 81 - TLS Mutual
s_connection: verify depth is 1
[pid 361] 14:59:52.484965 openssl->SSL_connect(0xaaab1112b410, 0xaaab110fd998, 0xffffb91b40e0, 0 <unfinished ...>
[pid 361] 14:59:52.485290 libssl.so.3->EVP_PKEY_keygen_init(0xaaab111307c0, 0, 0, 0xaaab11130830) = 1 <0.000122>
[pid 361] 14:59:52.485467 libssl.so.3->EVP_PKEY_keygen(0xaaab111307c0, 0xfffffca07090, 0, 0) = 1 <0.001686>
[pid 361] 14:59:52.491040 libssl.so.3->EVP_PKEY_derive_init(0xaaab110ff070, 0, 0, 0xaaab110ff0e0) = 1 <0.000103>
[pid 361] 14:59:52.491216 libssl.so.3->EVP_PKEY_derive_set_peer(0xaaab110ff070, 0xaaab1112fc40, 0, 0) = 1 <0.000130>
[pid 361] 14:59:52.491402 libssl.so.3->EVP_PKEY_derive(0xaaab110ff070, 0, 0xfffffca07020, 0) = 1 <0.000182>
[pid 361] 14:59:52.491637 libssl.so.3->EVP_PKEY_derive(0xaaab110ff070, 0xaaab11129e10, 0xfffffca07020, 0xaaab1112a150) = 1 <0.001595>
[pid 361] 14:59:52.493941 libssl.so.3->X509_verify_cert(0xaaab11123660, 0, 0, 0xffffffff) = 1 <0.000490>
[pid 361] 14:59:52.494668 libssl.so.3->EVP_DigestVerifyInit_ex(0xaaab11126270, 0xfffffca07118, 0, 0) = 1 <0.000095>
[pid 361] 14:59:52.494841 libssl.so.3->EVP_DigestVerify(0xaaab11126270, 0xaaab11131f78, 4627, 0xfffffca07120) = 1 <0.000268>
[pid 361] 14:59:52.495378 libssl.so.3->X509_verify_cert(0xaaab11123660, 1, 0, 0) = 1 <0.000307>
[pid 361] 14:59:52.495966 libssl.so.3->EVP_DigestSignInit_ex(0xaaab111262c0, 0xfffffca07100, 0, 0) = 1 <0.000241>
[pid 361] 14:59:52.496252 libssl.so.3->EVP_DigestSign(0xaaab111262c0, 0, 0xfffffca07110, 0xfffffca07120) = 1 <0.000162>
[pid 361] 14:59:52.496473 libssl.so.3->EVP_DigestSign(0xaaab111262c0, 0xaaab11136040, 0xfffffca07110, 0xfffffca07120) = 1 <0.000574>
[pid 361] 14:59:52.497310 <... SSL_connect resumed> ) = 1 <0.012341>
Handshake duration: 12.49 ms
[pid 361] 14:59:52.498716 +++ exited (status 0) +++
Execution 82 - TLS Mutual
s_connection: verify depth is 1
[pid 363] 14:59:52.526691 openssl->SSL_connect(0xaaab220b6410, 0xaaab22088998, 0xffff862540e0, 0 <unfinished ...>
[pid 363] 14:59:52.527111 libssl.so.3->EVP_PKEY_keygen_init(0xaaab220bb7c0, 0, 0, 0xaaab220bb830) = 1 <0.000148>
[pid 363] 14:59:52.527318 libssl.so.3->EVP_PKEY_keygen(0xaaab220bb7c0, 0xfffffa10d450, 0, 0) = 1 <0.001658>
[pid 363] 14:59:52.532936 libssl.so.3->EVP_PKEY_derive_init(0xaaab2208a070, 0, 0, 0xaaab2208a0e0) = 1 <0.000101>
[pid 363] 14:59:52.533094 libssl.so.3->EVP_PKEY_derive_set_peer(0xaaab2208a070, 0xaaab220bac40, 0, 0) = 1 <0.000178>
[pid 363] 14:59:52.533432 libssl.so.3->EVP_PKEY_derive(0xaaab2208a070, 0, 0xfffffa10d3e0, 0) = 1 <0.000155>
[pid 363] 14:59:52.533644 libssl.so.3->EVP_PKEY_derive(0xaaab2208a070, 0xaaab220b4e10, 0xfffffa10d3e0, 0xaaab220b5150) = 1 <0.001578>
[pid 363] 14:59:52.535907 libssl.so.3->X509_verify_cert(0xaaab220ae660, 0, 0, 0xffffffff) = 1 <0.000480>
[pid 363] 14:59:52.536660 libssl.so.3->EVP_DigestVerifyInit_ex(0xaaab220b1270, 0xfffffa10d4d8, 0, 0) = 1 <0.000122>
[pid 363] 14:59:52.536856 libssl.so.3->EVP_DigestVerify(0xaaab220b1270, 0xaaab220bcf78, 4627, 0xfffffa10d4e0) = 1 <0.000343>
[pid 363] 14:59:52.537451 libssl.so.3->X509_verify_cert(0xaaab220ae660, 1, 0, 0) = 1 <0.000284>
[pid 363] 14:59:52.538027 libssl.so.3->EVP_DigestSignInit_ex(0xaaab220b12c0, 0xfffffa10d4c0, 0, 0) = 1 <0.000220>
[pid 363] 14:59:52.538292 libssl.so.3->EVP_DigestSign(0xaaab220b12c0, 0, 0xfffffa10d4d0, 0xfffffa10d4e0) = 1 <0.000107>
[pid 363] 14:59:52.538451 libssl.so.3->EVP_DigestSign(0xaaab220b12c0, 0xaaab220c1040, 0xfffffa10d4d0, 0xfffffa10d4e0) = 1 <0.000392>
[pid 363] 14:59:52.539101 <... SSL_connect resumed> ) = 1 <0.012405>
Handshake duration: 12.56 ms
[pid 363] 14:59:52.540540 +++ exited (status 0) +++
Execution 83 - TLS Mutual
s_connection: verify depth is 1
[pid 365] 14:59:52.569346 openssl->SSL_connect(0xaaab0c695410, 0xaaab0c667998, 0xffffacfa40e0, 0 <unfinished ...>
[pid 365] 14:59:52.569669 libssl.so.3->EVP_PKEY_keygen_init(0xaaab0c69a7c0, 0, 0, 0xaaab0c69a830) = 1 <0.000113>
[pid 365] 14:59:52.569900 libssl.so.3->EVP_PKEY_keygen(0xaaab0c69a7c0, 0xffffeede73d0, 0, 0) = 1 <0.001739>
[pid 365] 14:59:52.575559 libssl.so.3->EVP_PKEY_derive_init(0xaaab0c669070, 0, 0, 0xaaab0c6690e0) = 1 <0.000139>
[pid 365] 14:59:52.575813 libssl.so.3->EVP_PKEY_derive_set_peer(0xaaab0c669070, 0xaaab0c699c40, 0, 0) = 1 <0.000267>
[pid 365] 14:59:52.576124 libssl.so.3->EVP_PKEY_derive(0xaaab0c669070, 0, 0xffffeede7360, 0) = 1 <0.000120>
[pid 365] 14:59:52.576361 libssl.so.3->EVP_PKEY_derive(0xaaab0c669070, 0xaaab0c693e10, 0xffffeede7360, 0xaaab0c694150) = 1 <0.001581>
[pid 365] 14:59:52.578661 libssl.so.3->X509_verify_cert(0xaaab0c68d660, 0, 0, 0xffffffff) = 1 <0.000469>
[pid 365] 14:59:52.579355 libssl.so.3->EVP_DigestVerifyInit_ex(0xaaab0c690270, 0xffffeede7458, 0, 0) = 1 <0.000115>
[pid 365] 14:59:52.579512 libssl.so.3->EVP_DigestVerify(0xaaab0c690270, 0xaaab0c69bf78, 4627, 0xffffeede7460) = 1 <0.000299>
[pid 365] 14:59:52.580006 libssl.so.3->X509_verify_cert(0xaaab0c68d660, 1, 0, 0) = 1 <0.000300>
[pid 365] 14:59:52.580596 libssl.so.3->EVP_DigestSignInit_ex(0xaaab0c6902c0, 0xffffeede7440, 0, 0) = 1 <0.000104>
[pid 365] 14:59:52.580788 libssl.so.3->EVP_DigestSign(0xaaab0c6902c0, 0, 0xffffeede7450, 0xffffeede7460) = 1 <0.000196>
[pid 365] 14:59:52.581029 libssl.so.3->EVP_DigestSign(0xaaab0c6902c0, 0xaaab0c6a0040, 0xffffeede7450, 0xffffeede7460) = 1 <0.000864>
[pid 365] 14:59:52.582151 <... SSL_connect resumed> ) = 1 <0.012801>
Handshake duration: 12.93 ms
[pid 365] 14:59:52.583554 +++ exited (status 0) +++
Execution 84 - TLS Mutual
s_connection: verify depth is 1
[pid 367] 14:59:52.611526 openssl->SSL_connect(0xaaab1a94c410, 0xaaab1a91e998, 0xffffa23c40e0, 0 <unfinished ...>
[pid 367] 14:59:52.611832 libssl.so.3->EVP_PKEY_keygen_init(0xaaab1a9517c0, 0, 0, 0xaaab1a951830) = 1 <0.000116>
[pid 367] 14:59:52.612029 libssl.so.3->EVP_PKEY_keygen(0xaaab1a9517c0, 0xffffcc683280, 0, 0) = 1 <0.001705>
[pid 367] 14:59:52.617586 libssl.so.3->EVP_PKEY_derive_init(0xaaab1a920070, 0, 0, 0xaaab1a9200e0) = 1 <0.000105>
[pid 367] 14:59:52.617761 libssl.so.3->EVP_PKEY_derive_set_peer(0xaaab1a920070, 0xaaab1a950c40, 0, 0) = 1 <0.000146>
[pid 367] 14:59:52.617973 libssl.so.3->EVP_PKEY_derive(0xaaab1a920070, 0, 0xffffcc683210, 0) = 1 <0.000112>
[pid 367] 14:59:52.618162 libssl.so.3->EVP_PKEY_derive(0xaaab1a920070, 0xaaab1a94ae10, 0xffffcc683210, 0xaaab1a94b150) = 1 <0.001636>
[pid 367] 14:59:52.620484 libssl.so.3->X509_verify_cert(0xaaab1a944660, 0, 0, 0xffffffff) = 1 <0.000521>
[pid 367] 14:59:52.621236 libssl.so.3->EVP_DigestVerifyInit_ex(0xaaab1a947270, 0xffffcc683308, 0, 0) = 1 <0.000118>
[pid 367] 14:59:52.621421 libssl.so.3->EVP_DigestVerify(0xaaab1a947270, 0xaaab1a952f78, 4627, 0xffffcc683310) = 1 <0.000351>
[pid 367] 14:59:52.622001 libssl.so.3->X509_verify_cert(0xaaab1a944660, 1, 0, 0) = 1 <0.000319>
[pid 367] 14:59:52.622571 libssl.so.3->EVP_DigestSignInit_ex(0xaaab1a9472c0, 0xffffcc6832f0, 0, 0) = 1 <0.000121>
[pid 367] 14:59:52.622792 libssl.so.3->EVP_DigestSign(0xaaab1a9472c0, 0, 0xffffcc683300, 0xffffcc683310) = 1 <0.000108>
[pid 367] 14:59:52.622952 libssl.so.3->EVP_DigestSign(0xaaab1a9472c0, 0xaaab1a957040, 0xffffcc683300, 0xffffcc683310) = 1 <0.000831>
[pid 367] 14:59:52.624053 <... SSL_connect resumed> ) = 1 <0.012519>
Handshake duration: 12.70 ms
[pid 367] 14:59:52.625549 +++ exited (status 0) +++
Execution 85 - TLS Mutual
s_connection: verify depth is 1
[pid 369] 14:59:52.653482 openssl->SSL_connect(0xaaaad9852410, 0xaaaad9824998, 0xffff7ffc40e0, 0 <unfinished ...>
[pid 369] 14:59:52.653822 libssl.so.3->EVP_PKEY_keygen_init(0xaaaad98577c0, 0, 0, 0xaaaad9857830) = 1 <0.000137>
[pid 369] 14:59:52.654013 libssl.so.3->EVP_PKEY_keygen(0xaaaad98577c0, 0xffffe07ea080, 0, 0) = 1 <0.001800>
[pid 369] 14:59:52.659687 libssl.so.3->EVP_PKEY_derive_init(0xaaaad9826070, 0, 0, 0xaaaad98260e0) = 1 <0.000166>
[pid 369] 14:59:52.659912 libssl.so.3->EVP_PKEY_derive_set_peer(0xaaaad9826070, 0xaaaad9856c40, 0, 0) = 1 <0.000091>
[pid 369] 14:59:52.660122 libssl.so.3->EVP_PKEY_derive(0xaaaad9826070, 0, 0xffffe07ea010, 0) = 1 <0.000117>
[pid 369] 14:59:52.660281 libssl.so.3->EVP_PKEY_derive(0xaaaad9826070, 0xaaaad9850e10, 0xffffe07ea010, 0xaaaad9851150) = 1 <0.001609>
[pid 369] 14:59:52.662617 libssl.so.3->X509_verify_cert(0xaaaad984a660, 0, 0, 0xffffffff) = 1 <0.000494>
[pid 369] 14:59:52.663397 libssl.so.3->EVP_DigestVerifyInit_ex(0xaaaad984d270, 0xffffe07ea108, 0, 0) = 1 <0.000139>
[pid 369] 14:59:52.663577 libssl.so.3->EVP_DigestVerify(0xaaaad984d270, 0xaaaad9858f78, 4627, 0xffffe07ea110) = 1 <0.000382>
[pid 369] 14:59:52.664181 libssl.so.3->X509_verify_cert(0xaaaad984a660, 1, 0, 0) = 1 <0.000283>
[pid 369] 14:59:52.664764 libssl.so.3->EVP_DigestSignInit_ex(0xaaaad984d2c0, 0xffffe07ea0f0, 0, 0) = 1 <0.000195>
[pid 369] 14:59:52.665042 libssl.so.3->EVP_DigestSign(0xaaaad984d2c0, 0, 0xffffe07ea100, 0xffffe07ea110) = 1 <0.000243>
[pid 369] 14:59:52.665368 libssl.so.3->EVP_DigestSign(0xaaaad984d2c0, 0xaaaad985d040, 0xffffe07ea100, 0xffffe07ea110) = 1 <0.000473>
[pid 369] 14:59:52.666088 <... SSL_connect resumed> ) = 1 <0.012599>
Handshake duration: 12.76 ms
[pid 369] 14:59:52.667473 +++ exited (status 0) +++
Execution 86 - TLS Mutual
s_connection: verify depth is 1
[pid 371] 14:59:52.695234 openssl->SSL_connect(0xaaab0951f410, 0xaaab094f1998, 0xffffb7ae40e0, 0 <unfinished ...>
[pid 371] 14:59:52.695636 libssl.so.3->EVP_PKEY_keygen_init(0xaaab095247c0, 0, 0, 0xaaab09524830) = 1 <0.000137>
[pid 371] 14:59:52.695826 libssl.so.3->EVP_PKEY_keygen(0xaaab095247c0, 0xfffffc7b48b0, 0, 0) = 1 <0.001693>
[pid 371] 14:59:52.701365 libssl.so.3->EVP_PKEY_derive_init(0xaaab094f3070, 0, 0, 0xaaab094f30e0) = 1 <0.000212>
[pid 371] 14:59:52.701632 libssl.so.3->EVP_PKEY_derive_set_peer(0xaaab094f3070, 0xaaab09523c40, 0, 0) = 1 <0.000125>
[pid 371] 14:59:52.701801 libssl.so.3->EVP_PKEY_derive(0xaaab094f3070, 0, 0xfffffc7b4840, 0) = 1 <0.000108>
[pid 371] 14:59:52.701980 libssl.so.3->EVP_PKEY_derive(0xaaab094f3070, 0xaaab0951de10, 0xfffffc7b4840, 0xaaab0951e150) = 1 <0.001535>
[pid 371] 14:59:52.704256 libssl.so.3->X509_verify_cert(0xaaab09517660, 0, 0, 0xffffffff) = 1 <0.000488>
[pid 371] 14:59:52.704952 libssl.so.3->EVP_DigestVerifyInit_ex(0xaaab0951a270, 0xfffffc7b4938, 0, 0) = 1 <0.000109>
[pid 371] 14:59:52.705103 libssl.so.3->EVP_DigestVerify(0xaaab0951a270, 0xaaab09525f78, 4627, 0xfffffc7b4940) = 1 <0.000251>
[pid 371] 14:59:52.705562 libssl.so.3->X509_verify_cert(0xaaab09517660, 1, 0, 0) = 1 <0.000314>
[pid 371] 14:59:52.706165 libssl.so.3->EVP_DigestSignInit_ex(0xaaab0951a2c0, 0xfffffc7b4920, 0, 0) = 1 <0.000108>
[pid 371] 14:59:52.706333 libssl.so.3->EVP_DigestSign(0xaaab0951a2c0, 0, 0xfffffc7b4930, 0xfffffc7b4940) = 1 <0.000087>
[pid 371] 14:59:52.706491 libssl.so.3->EVP_DigestSign(0xaaab0951a2c0, 0xaaab0952a040, 0xfffffc7b4930, 0xfffffc7b4940) = 1 <0.000555>
[pid 371] 14:59:52.707291 <... SSL_connect resumed> ) = 1 <0.012053>
Handshake duration: 12.22 ms
[pid 371] 14:59:52.708626 +++ exited (status 0) +++
Execution 87 - TLS Mutual
s_connection: verify depth is 1
[pid 373] 14:59:52.736937 openssl->SSL_connect(0xaaaae10c8410, 0xaaaae109a998, 0xffffb0b840e0, 0 <unfinished ...>
[pid 373] 14:59:52.737314 libssl.so.3->EVP_PKEY_keygen_init(0xaaaae10cd7c0, 0, 0, 0xaaaae10cd830) = 1 <0.000119>
[pid 373] 14:59:52.737529 libssl.so.3->EVP_PKEY_keygen(0xaaaae10cd7c0, 0xffffd1e5bfc0, 0, 0) = 1 <0.001739>
[pid 373] 14:59:52.743109 libssl.so.3->EVP_PKEY_derive_init(0xaaaae109c070, 0, 0, 0xaaaae109c0e0) = 1 <0.000184>
[pid 373] 14:59:52.743591 libssl.so.3->EVP_PKEY_derive_set_peer(0xaaaae109c070, 0xaaaae10ccc40, 0, 0) = 1 <0.000160>
[pid 373] 14:59:52.743751 libssl.so.3->EVP_PKEY_derive(0xaaaae109c070, 0, 0xffffd1e5bf50, 0) = 1 <0.000157>
[pid 373] 14:59:52.743955 libssl.so.3->EVP_PKEY_derive(0xaaaae109c070, 0xaaaae10c6e10, 0xffffd1e5bf50, 0xaaaae10c7150) = 1 <0.001580>
[pid 373] 14:59:52.746240 libssl.so.3->X509_verify_cert(0xaaaae10c0660, 0, 0, 0xffffffff) = 1 <0.000475>
[pid 373] 14:59:52.746929 libssl.so.3->EVP_DigestVerifyInit_ex(0xaaaae10c3270, 0xffffd1e5c048, 0, 0) = 1 <0.000126>
[pid 373] 14:59:52.747114 libssl.so.3->EVP_DigestVerify(0xaaaae10c3270, 0xaaaae10cef78, 4627, 0xffffd1e5c050) = 1 <0.000321>
[pid 373] 14:59:52.747685 libssl.so.3->X509_verify_cert(0xaaaae10c0660, 1, 0, 0) = 1 <0.000314>
[pid 373] 14:59:52.748287 libssl.so.3->EVP_DigestSignInit_ex(0xaaaae10c32c0, 0xffffd1e5c030, 0, 0) = 1 <0.000150>
[pid 373] 14:59:52.748492 libssl.so.3->EVP_DigestSign(0xaaaae10c32c0, 0, 0xffffd1e5c040, 0xffffd1e5c050) = 1 <0.000164>
[pid 373] 14:59:52.748712 libssl.so.3->EVP_DigestSign(0xaaaae10c32c0, 0xaaaae10d3040, 0xffffd1e5c040, 0xffffd1e5c050) = 1 <0.000479>
[pid 373] 14:59:52.749451 <... SSL_connect resumed> ) = 1 <0.012507>
Handshake duration: 12.67 ms
[pid 373] 14:59:52.750817 +++ exited (status 0) +++
Execution 88 - TLS Mutual
s_connection: verify depth is 1
[pid 375] 14:59:52.778455 openssl->SSL_connect(0xaaaaf09f3410, 0xaaaaf09c5998, 0xffff8d0840e0, 0 <unfinished ...>
[pid 375] 14:59:52.778752 libssl.so.3->EVP_PKEY_keygen_init(0xaaaaf09f87c0, 0, 0, 0xaaaaf09f8830) = 1 <0.000156>
[pid 375] 14:59:52.778967 libssl.so.3->EVP_PKEY_keygen(0xaaaaf09f87c0, 0xffffc5099d10, 0, 0) = 1 <0.001654>
[pid 375] 14:59:52.784442 libssl.so.3->EVP_PKEY_derive_init(0xaaaaf09c7070, 0, 0, 0xaaaaf09c70e0) = 1 <0.000096>
[pid 375] 14:59:52.784664 libssl.so.3->EVP_PKEY_derive_set_peer(0xaaaaf09c7070, 0xaaaaf09f7c40, 0, 0) = 1 <0.000159>
[pid 375] 14:59:52.784875 libssl.so.3->EVP_PKEY_derive(0xaaaaf09c7070, 0, 0xffffc5099ca0, 0) = 1 <0.000062>
[pid 375] 14:59:52.784997 libssl.so.3->EVP_PKEY_derive(0xaaaaf09c7070, 0xaaaaf09f1e10, 0xffffc5099ca0, 0xaaaaf09f2150) = 1 <0.001550>
[pid 375] 14:59:52.787226 libssl.so.3->X509_verify_cert(0xaaaaf09eb660, 0, 0, 0xffffffff) = 1 <0.000488>
[pid 375] 14:59:52.787940 libssl.so.3->EVP_DigestVerifyInit_ex(0xaaaaf09ee270, 0xffffc5099d98, 0, 0) = 1 <0.000138>
[pid 375] 14:59:52.788119 libssl.so.3->EVP_DigestVerify(0xaaaaf09ee270, 0xaaaaf09f9f78, 4627, 0xffffc5099da0) = 1 <0.000296>
[pid 375] 14:59:52.788621 libssl.so.3->X509_verify_cert(0xaaaaf09eb660, 1, 0, 0) = 1 <0.000268>
[pid 375] 14:59:52.789144 libssl.so.3->EVP_DigestSignInit_ex(0xaaaaf09ee2c0, 0xffffc5099d80, 0, 0) = 1 <0.000067>
[pid 375] 14:59:52.789240 libssl.so.3->EVP_DigestSign(0xaaaaf09ee2c0, 0, 0xffffc5099d90, 0xffffc5099da0) = 1 <0.000092>
[pid 375] 14:59:52.789379 libssl.so.3->EVP_DigestSign(0xaaaaf09ee2c0, 0xaaaaf09fe040, 0xffffc5099d90, 0xffffc5099da0) = 1 <0.000404>
[pid 375] 14:59:52.790014 <... SSL_connect resumed> ) = 1 <0.011552>
Handshake duration: 11.69 ms
[pid 375] 14:59:52.791377 +++ exited (status 0) +++
Execution 89 - TLS Mutual
s_connection: verify depth is 1
[pid 377] 14:59:52.820596 openssl->SSL_connect(0xaaab01731410, 0xaaab01703998, 0xffffafef40e0, 0 <unfinished ...>
[pid 377] 14:59:52.821079 libssl.so.3->EVP_PKEY_keygen_init(0xaaab017367c0, 0, 0, 0xaaab01736830) = 1 <0.000147>
[pid 377] 14:59:52.821279 libssl.so.3->EVP_PKEY_keygen(0xaaab017367c0, 0xffffd659a830, 0, 0) = 1 <0.001696>
[pid 377] 14:59:52.826898 libssl.so.3->EVP_PKEY_derive_init(0xaaab01705070, 0, 0, 0xaaab017050e0) = 1 <0.000110>
[pid 377] 14:59:52.827098 libssl.so.3->EVP_PKEY_derive_set_peer(0xaaab01705070, 0xaaab01735c40, 0, 0) = 1 <0.000123>
[pid 377] 14:59:52.827274 libssl.so.3->EVP_PKEY_derive(0xaaab01705070, 0, 0xffffd659a7c0, 0) = 1 <0.000115>
[pid 377] 14:59:52.827458 libssl.so.3->EVP_PKEY_derive(0xaaab01705070, 0xaaab0172fe10, 0xffffd659a7c0, 0xaaab01730150) = 1 <0.001563>
[pid 377] 14:59:52.829718 libssl.so.3->X509_verify_cert(0xaaab01729660, 0, 0, 0xffffffff) = 1 <0.000510>
[pid 377] 14:59:52.830470 libssl.so.3->EVP_DigestVerifyInit_ex(0xaaab0172c270, 0xffffd659a8b8, 0, 0) = 1 <0.000105>
[pid 377] 14:59:52.830629 libssl.so.3->EVP_DigestVerify(0xaaab0172c270, 0xaaab01737f78, 4627, 0xffffd659a8c0) = 1 <0.000300>
[pid 377] 14:59:52.831151 libssl.so.3->X509_verify_cert(0xaaab01729660, 1, 0, 0) = 1 <0.000299>
[pid 377] 14:59:52.831707 libssl.so.3->EVP_DigestSignInit_ex(0xaaab0172c2c0, 0xffffd659a8a0, 0, 0) = 1 <0.000133>
[pid 377] 14:59:52.831886 libssl.so.3->EVP_DigestSign(0xaaab0172c2c0, 0, 0xffffd659a8b0, 0xffffd659a8c0) = 1 <0.000130>
[pid 377] 14:59:52.832065 libssl.so.3->EVP_DigestSign(0xaaab0172c2c0, 0xaaab0173c040, 0xffffd659a8b0, 0xffffd659a8c0) = 1 <0.001248>
[pid 377] 14:59:52.833582 <... SSL_connect resumed> ) = 1 <0.012981>
Handshake duration: 13.11 ms
[pid 377] 14:59:52.834883 +++ exited (status 0) +++
Execution 90 - TLS Mutual
s_connection: verify depth is 1
[pid 379] 14:59:52.862765 openssl->SSL_connect(0xaaaaf51d6410, 0xaaaaf51a8998, 0xffff990240e0, 0 <unfinished ...>
[pid 379] 14:59:52.863083 libssl.so.3->EVP_PKEY_keygen_init(0xaaaaf51db7c0, 0, 0, 0xaaaaf51db830) = 1 <0.000163>
[pid 379] 14:59:52.863295 libssl.so.3->EVP_PKEY_keygen(0xaaaaf51db7c0, 0xffffdfb87f10, 0, 0) = 1 <0.001658>
[pid 379] 14:59:52.868830 libssl.so.3->EVP_PKEY_derive_init(0xaaaaf51aa070, 0, 0, 0xaaaaf51aa0e0) = 1 <0.000101>
[pid 379] 14:59:52.869065 libssl.so.3->EVP_PKEY_derive_set_peer(0xaaaaf51aa070, 0xaaaaf51dac40, 0, 0) = 1 <0.000106>
[pid 379] 14:59:52.869218 libssl.so.3->EVP_PKEY_derive(0xaaaaf51aa070, 0, 0xffffdfb87ea0, 0) = 1 <0.000122>
[pid 379] 14:59:52.869399 libssl.so.3->EVP_PKEY_derive(0xaaaaf51aa070, 0xaaaaf51d4e10, 0xffffdfb87ea0, 0xaaaaf51d5150) = 1 <0.001601>
[pid 379] 14:59:52.871715 libssl.so.3->X509_verify_cert(0xaaaaf51ce660, 0, 0, 0xffffffff) = 1 <0.000489>
[pid 379] 14:59:52.872419 libssl.so.3->EVP_DigestVerifyInit_ex(0xaaaaf51d1270, 0xffffdfb87f98, 0, 0) = 1 <0.000114>
[pid 379] 14:59:52.872587 libssl.so.3->EVP_DigestVerify(0xaaaaf51d1270, 0xaaaaf51dcf78, 4627, 0xffffdfb87fa0) = 1 <0.000271>
[pid 379] 14:59:52.873110 libssl.so.3->X509_verify_cert(0xaaaaf51ce660, 1, 0, 0) = 1 <0.000314>
[pid 379] 14:59:52.873701 libssl.so.3->EVP_DigestSignInit_ex(0xaaaaf51d12c0, 0xffffdfb87f80, 0, 0) = 1 <0.000095>
[pid 379] 14:59:52.873837 libssl.so.3->EVP_DigestSign(0xaaaaf51d12c0, 0, 0xffffdfb87f90, 0xffffdfb87fa0) = 1 <0.000163>
[pid 379] 14:59:52.874053 libssl.so.3->EVP_DigestSign(0xaaaaf51d12c0, 0xaaaaf51e1040, 0xffffdfb87f90, 0xffffdfb87fa0) = 1 <0.000880>
[pid 379] 14:59:52.875183 <... SSL_connect resumed> ) = 1 <0.012413>
Handshake duration: 12.54 ms
[pid 379] 14:59:52.876603 +++ exited (status 0) +++
Execution 91 - TLS Mutual
s_connection: verify depth is 1
[pid 381] 14:59:52.904575 openssl->SSL_connect(0xaaaac4ce4410, 0xaaaac4cb6998, 0xffff9dc540e0, 0 <unfinished ...>
[pid 381] 14:59:52.904901 libssl.so.3->EVP_PKEY_keygen_init(0xaaaac4ce97c0, 0, 0, 0xaaaac4ce9830) = 1 <0.000112>
[pid 381] 14:59:52.905070 libssl.so.3->EVP_PKEY_keygen(0xaaaac4ce97c0, 0xffffdef9f6f0, 0, 0) = 1 <0.001733>
[pid 381] 14:59:52.910598 libssl.so.3->EVP_PKEY_derive_init(0xaaaac4cb8070, 0, 0, 0xaaaac4cb80e0) = 1 <0.000093>
[pid 381] 14:59:52.910787 libssl.so.3->EVP_PKEY_derive_set_peer(0xaaaac4cb8070, 0xaaaac4ce8c40, 0, 0) = 1 <0.000188>
[pid 381] 14:59:52.911072 libssl.so.3->EVP_PKEY_derive(0xaaaac4cb8070, 0, 0xffffdef9f680, 0) = 1 <0.000167>
[pid 381] 14:59:52.911311 libssl.so.3->EVP_PKEY_derive(0xaaaac4cb8070, 0xaaaac4ce2e10, 0xffffdef9f680, 0xaaaac4ce3150) = 1 <0.001575>
[pid 381] 14:59:52.913586 libssl.so.3->X509_verify_cert(0xaaaac4cdc660, 0, 0, 0xffffffff) = 1 <0.000498>
[pid 381] 14:59:52.914321 libssl.so.3->EVP_DigestVerifyInit_ex(0xaaaac4cdf270, 0xffffdef9f778, 0, 0) = 1 <0.000153>
[pid 381] 14:59:52.914525 libssl.so.3->EVP_DigestVerify(0xaaaac4cdf270, 0xaaaac4ceaf78, 4627, 0xffffdef9f780) = 1 <0.000293>
[pid 381] 14:59:52.915031 libssl.so.3->X509_verify_cert(0xaaaac4cdc660, 1, 0, 0) = 1 <0.000313>
[pid 381] 14:59:52.915601 libssl.so.3->EVP_DigestSignInit_ex(0xaaaac4cdf2c0, 0xffffdef9f760, 0, 0) = 1 <0.000174>
[pid 381] 14:59:52.915832 libssl.so.3->EVP_DigestSign(0xaaaac4cdf2c0, 0, 0xffffdef9f770, 0xffffdef9f780) = 1 <0.000191>
[pid 381] 14:59:52.916069 libssl.so.3->EVP_DigestSign(0xaaaac4cdf2c0, 0xaaaac4cef040, 0xffffdef9f770, 0xffffdef9f780) = 1 <0.001027>
[pid 381] 14:59:52.917341 <... SSL_connect resumed> ) = 1 <0.012760>
Handshake duration: 12.90 ms
[pid 381] 14:59:52.918723 +++ exited (status 0) +++
Execution 92 - TLS Mutual
s_connection: verify depth is 1
[pid 383] 14:59:52.946451 openssl->SSL_connect(0xaaab104ed410, 0xaaab104bf998, 0xffffa17d40e0, 0 <unfinished ...>
[pid 383] 14:59:52.946804 libssl.so.3->EVP_PKEY_keygen_init(0xaaab104f27c0, 0, 0, 0xaaab104f2830) = 1 <0.000105>
[pid 383] 14:59:52.947029 libssl.so.3->EVP_PKEY_keygen(0xaaab104f27c0, 0xffffd61b6460, 0, 0) = 1 <0.001655>
[pid 383] 14:59:52.952545 libssl.so.3->EVP_PKEY_derive_init(0xaaab104c1070, 0, 0, 0xaaab104c10e0) = 1 <0.000130>
[pid 383] 14:59:52.952763 libssl.so.3->EVP_PKEY_derive_set_peer(0xaaab104c1070, 0xaaab104f1c40, 0, 0) = 1 <0.000132>
[pid 383] 14:59:52.952952 libssl.so.3->EVP_PKEY_derive(0xaaab104c1070, 0, 0xffffd61b63f0, 0) = 1 <0.000117>
[pid 383] 14:59:52.953118 libssl.so.3->EVP_PKEY_derive(0xaaab104c1070, 0xaaab104ebe10, 0xffffd61b63f0, 0xaaab104ec150) = 1 <0.001631>
[pid 383] 14:59:52.955434 libssl.so.3->X509_verify_cert(0xaaab104e5660, 0, 0, 0xffffffff) = 1 <0.000488>
[pid 383] 14:59:52.956146 libssl.so.3->EVP_DigestVerifyInit_ex(0xaaab104e8270, 0xffffd61b64e8, 0, 0) = 1 <0.000108>
[pid 383] 14:59:52.956305 libssl.so.3->EVP_DigestVerify(0xaaab104e8270, 0xaaab104f3f78, 4627, 0xffffd61b64f0) = 1 <0.000408>
[pid 383] 14:59:52.956919 libssl.so.3->X509_verify_cert(0xaaab104e5660, 1, 0, 0) = 1 <0.000319>
[pid 383] 14:59:52.957545 libssl.so.3->EVP_DigestSignInit_ex(0xaaab104e82c0, 0xffffd61b64d0, 0, 0) = 1 <0.000153>
[pid 383] 14:59:52.957782 libssl.so.3->EVP_DigestSign(0xaaab104e82c0, 0, 0xffffd61b64e0, 0xffffd61b64f0) = 1 <0.000112>
[pid 383] 14:59:52.957994 libssl.so.3->EVP_DigestSign(0xaaab104e82c0, 0xaaab104f8040, 0xffffd61b64e0, 0xffffd61b64f0) = 1 <0.000504>
[pid 383] 14:59:52.958792 <... SSL_connect resumed> ) = 1 <0.012335>
Handshake duration: 12.49 ms
[pid 383] 14:59:52.960116 +++ exited (status 0) +++
Execution 93 - TLS Mutual
s_connection: verify depth is 1
[pid 385] 14:59:52.987930 openssl->SSL_connect(0xaaaaf2f73410, 0xaaaaf2f45998, 0xffffb56940e0, 0 <unfinished ...>
[pid 385] 14:59:52.988259 libssl.so.3->EVP_PKEY_keygen_init(0xaaaaf2f787c0, 0, 0, 0xaaaaf2f78830) = 1 <0.000114>
[pid 385] 14:59:52.988462 libssl.so.3->EVP_PKEY_keygen(0xaaaaf2f787c0, 0xffffee34ebb0, 0, 0) = 1 <0.001654>
[pid 385] 14:59:52.993951 libssl.so.3->EVP_PKEY_derive_init(0xaaaaf2f47070, 0, 0, 0xaaaaf2f470e0) = 1 <0.000175>
[pid 385] 14:59:52.994199 libssl.so.3->EVP_PKEY_derive_set_peer(0xaaaaf2f47070, 0xaaaaf2f77c40, 0, 0) = 1 <0.000180>
[pid 385] 14:59:52.994437 libssl.so.3->EVP_PKEY_derive(0xaaaaf2f47070, 0, 0xffffee34eb40, 0) = 1 <0.000165>
[pid 385] 14:59:52.994706 libssl.so.3->EVP_PKEY_derive(0xaaaaf2f47070, 0xaaaaf2f71e10, 0xffffee34eb40, 0xaaaaf2f72150) = 1 <0.001616>
[pid 385] 14:59:52.997022 libssl.so.3->X509_verify_cert(0xaaaaf2f6b660, 0, 0, 0xffffffff) = 1 <0.000462>
[pid 385] 14:59:52.997727 libssl.so.3->EVP_DigestVerifyInit_ex(0xaaaaf2f6e270, 0xffffee34ec38, 0, 0) = 1 <0.000115>
[pid 385] 14:59:52.997891 libssl.so.3->EVP_DigestVerify(0xaaaaf2f6e270, 0xaaaaf2f79f78, 4627, 0xffffee34ec40) = 1 <0.000300>
[pid 385] 14:59:52.998415 libssl.so.3->X509_verify_cert(0xaaaaf2f6b660, 1, 0, 0) = 1 <0.000321>
[pid 385] 14:59:52.999011 libssl.so.3->EVP_DigestSignInit_ex(0xaaaaf2f6e2c0, 0xffffee34ec20, 0, 0) = 1 <0.000189>
[pid 385] 14:59:52.999245 libssl.so.3->EVP_DigestSign(0xaaaaf2f6e2c0, 0, 0xffffee34ec30, 0xffffee34ec40) = 1 <0.000110>
[pid 385] 14:59:52.999409 libssl.so.3->EVP_DigestSign(0xaaaaf2f6e2c0, 0xaaaaf2f7e040, 0xffffee34ec30, 0xffffee34ec40) = 1 <0.000414>
[pid 385] 14:59:53.000071 <... SSL_connect resumed> ) = 1 <0.012134>
Handshake duration: 12.30 ms
[pid 385] 14:59:53.001495 +++ exited (status 0) +++
Execution 94 - TLS Mutual
s_connection: verify depth is 1
[pid 387] 14:59:53.029424 openssl->SSL_connect(0xaaaaf3c07410, 0xaaaaf3bd9998, 0xffffb10140e0, 0 <unfinished ...>
[pid 387] 14:59:53.029759 libssl.so.3->EVP_PKEY_keygen_init(0xaaaaf3c0c7c0, 0, 0, 0xaaaaf3c0c830) = 1 <0.000122>
[pid 387] 14:59:53.029954 libssl.so.3->EVP_PKEY_keygen(0xaaaaf3c0c7c0, 0xfffffcb5d160, 0, 0) = 1 <0.001681>
[pid 387] 14:59:53.035487 libssl.so.3->EVP_PKEY_derive_init(0xaaaaf3bdb070, 0, 0, 0xaaaaf3bdb0e0) = 1 <0.000095>
[pid 387] 14:59:53.035641 libssl.so.3->EVP_PKEY_derive_set_peer(0xaaaaf3bdb070, 0xaaaaf3c0bc40, 0, 0) = 1 <0.000140>
[pid 387] 14:59:53.035850 libssl.so.3->EVP_PKEY_derive(0xaaaaf3bdb070, 0, 0xfffffcb5d0f0, 0) = 1 <0.000101>
[pid 387] 14:59:53.036047 libssl.so.3->EVP_PKEY_derive(0xaaaaf3bdb070, 0xaaaaf3c05e10, 0xfffffcb5d0f0, 0xaaaaf3c06150) = 1 <0.001576>
[pid 387] 14:59:53.038310 libssl.so.3->X509_verify_cert(0xaaaaf3bff660, 0, 0, 0xffffffff) = 1 <0.000494>
[pid 387] 14:59:53.039021 libssl.so.3->EVP_DigestVerifyInit_ex(0xaaaaf3c02270, 0xfffffcb5d1e8, 0, 0) = 1 <0.000114>
[pid 387] 14:59:53.039189 libssl.so.3->EVP_DigestVerify(0xaaaaf3c02270, 0xaaaaf3c0df78, 4627, 0xfffffcb5d1f0) = 1 <0.000281>
[pid 387] 14:59:53.039683 libssl.so.3->X509_verify_cert(0xaaaaf3bff660, 1, 0, 0) = 1 <0.000318>
[pid 387] 14:59:53.040276 libssl.so.3->EVP_DigestSignInit_ex(0xaaaaf3c022c0, 0xfffffcb5d1d0, 0, 0) = 1 <0.000326>
[pid 387] 14:59:53.040683 libssl.so.3->EVP_DigestSign(0xaaaaf3c022c0, 0, 0xfffffcb5d1e0, 0xfffffcb5d1f0) = 1 <0.000090>
[pid 387] 14:59:53.040868 libssl.so.3->EVP_DigestSign(0xaaaaf3c022c0, 0xaaaaf3c12040, 0xfffffcb5d1e0, 0xfffffcb5d1f0) = 1 <0.000672>
[pid 387] 14:59:53.041774 <... SSL_connect resumed> ) = 1 <0.012346>
Handshake duration: 12.47 ms
[pid 387] 14:59:53.043105 +++ exited (status 0) +++
Execution 95 - TLS Mutual
s_connection: verify depth is 1
[pid 389] 14:59:53.070861 openssl->SSL_connect(0xaaaae55ae410, 0xaaaae5580998, 0xffffafda40e0, 0 <unfinished ...>
[pid 389] 14:59:53.071211 libssl.so.3->EVP_PKEY_keygen_init(0xaaaae55b37c0, 0, 0, 0xaaaae55b3830) = 1 <0.000100>
[pid 389] 14:59:53.071350 libssl.so.3->EVP_PKEY_keygen(0xaaaae55b37c0, 0xffffd1eabef0, 0, 0) = 1 <0.001589>
[pid 389] 14:59:53.076985 libssl.so.3->EVP_PKEY_derive_init(0xaaaae5582070, 0, 0, 0xaaaae55820e0) = 1 <0.000131>
[pid 389] 14:59:53.077192 libssl.so.3->EVP_PKEY_derive_set_peer(0xaaaae5582070, 0xaaaae55b2c40, 0, 0) = 1 <0.000162>
[pid 389] 14:59:53.077413 libssl.so.3->EVP_PKEY_derive(0xaaaae5582070, 0, 0xffffd1eabe80, 0) = 1 <0.000138>
[pid 389] 14:59:53.077598 libssl.so.3->EVP_PKEY_derive(0xaaaae5582070, 0xaaaae55ace10, 0xffffd1eabe80, 0xaaaae55ad150) = 1 <0.001532>
[pid 389] 14:59:53.079824 libssl.so.3->X509_verify_cert(0xaaaae55a6660, 0, 0, 0xffffffff) = 1 <0.000509>
[pid 389] 14:59:53.080544 libssl.so.3->EVP_DigestVerifyInit_ex(0xaaaae55a9270, 0xffffd1eabf78, 0, 0) = 1 <0.000127>
[pid 389] 14:59:53.080719 libssl.so.3->EVP_DigestVerify(0xaaaae55a9270, 0xaaaae55b4f78, 4627, 0xffffd1eabf80) = 1 <0.000292>
[pid 389] 14:59:53.081221 libssl.so.3->X509_verify_cert(0xaaaae55a6660, 1, 0, 0) = 1 <0.000311>
[pid 389] 14:59:53.081804 libssl.so.3->EVP_DigestSignInit_ex(0xaaaae55a92c0, 0xffffd1eabf60, 0, 0) = 1 <0.000158>
[pid 389] 14:59:53.082029 libssl.so.3->EVP_DigestSign(0xaaaae55a92c0, 0, 0xffffd1eabf70, 0xffffd1eabf80) = 1 <0.000135>
[pid 389] 14:59:53.082294 libssl.so.3->EVP_DigestSign(0xaaaae55a92c0, 0xaaaae55b9040, 0xffffd1eabf70, 0xffffd1eabf80) = 1 <0.000496>
[pid 389] 14:59:53.083015 <... SSL_connect resumed> ) = 1 <0.012148>
Handshake duration: 12.29 ms
[pid 389] 14:59:53.084438 +++ exited (status 0) +++
Execution 96 - TLS Mutual
s_connection: verify depth is 1
[pid 391] 14:59:53.112105 openssl->SSL_connect(0xaaaac0bdb410, 0xaaaac0bad998, 0xffffb54640e0, 0 <unfinished ...>
[pid 391] 14:59:53.112435 libssl.so.3->EVP_PKEY_keygen_init(0xaaaac0be07c0, 0, 0, 0xaaaac0be0830) = 1 <0.000126>
[pid 391] 14:59:53.112620 libssl.so.3->EVP_PKEY_keygen(0xaaaac0be07c0, 0xffffd59ab740, 0, 0) = 1 <0.001758>
[pid 391] 14:59:53.118203 libssl.so.3->EVP_PKEY_derive_init(0xaaaac0baf070, 0, 0, 0xaaaac0baf0e0) = 1 <0.000104>
[pid 391] 14:59:53.118368 libssl.so.3->EVP_PKEY_derive_set_peer(0xaaaac0baf070, 0xaaaac0bdfc40, 0, 0) = 1 <0.000139>
[pid 391] 14:59:53.118547 libssl.so.3->EVP_PKEY_derive(0xaaaac0baf070, 0, 0xffffd59ab6d0, 0) = 1 <0.000084>
[pid 391] 14:59:53.118698 libssl.so.3->EVP_PKEY_derive(0xaaaac0baf070, 0xaaaac0bd9e10, 0xffffd59ab6d0, 0xaaaac0bda150) = 1 <0.001572>
[pid 391] 14:59:53.120952 libssl.so.3->X509_verify_cert(0xaaaac0bd3660, 0, 0, 0xffffffff) = 1 <0.000481>
[pid 391] 14:59:53.121669 libssl.so.3->EVP_DigestVerifyInit_ex(0xaaaac0bd6270, 0xffffd59ab7c8, 0, 0) = 1 <0.000149>
[pid 391] 14:59:53.121866 libssl.so.3->EVP_DigestVerify(0xaaaac0bd6270, 0xaaaac0be1f78, 4627, 0xffffd59ab7d0) = 1 <0.000263>
[pid 391] 14:59:53.122345 libssl.so.3->X509_verify_cert(0xaaaac0bd3660, 1, 0, 0) = 1 <0.000303>
[pid 391] 14:59:53.122966 libssl.so.3->EVP_DigestSignInit_ex(0xaaaac0bd62c0, 0xffffd59ab7b0, 0, 0) = 1 <0.000146>
[pid 391] 14:59:53.123227 libssl.so.3->EVP_DigestSign(0xaaaac0bd62c0, 0, 0xffffd59ab7c0, 0xffffd59ab7d0) = 1 <0.000134>
[pid 391] 14:59:53.123417 libssl.so.3->EVP_DigestSign(0xaaaac0bd62c0, 0xaaaac0be6040, 0xffffd59ab7c0, 0xffffd59ab7d0) = 1 <0.000534>
[pid 391] 14:59:53.124264 <... SSL_connect resumed> ) = 1 <0.012158>
Handshake duration: 12.28 ms
[pid 391] 14:59:53.125656 +++ exited (status 0) +++
Execution 97 - TLS Mutual
s_connection: verify depth is 1
[pid 393] 14:59:53.153117 openssl->SSL_connect(0xaaaad9c1c410, 0xaaaad9bee998, 0xffffa42e40e0, 0 <unfinished ...>
[pid 393] 14:59:53.153448 libssl.so.3->EVP_PKEY_keygen_init(0xaaaad9c217c0, 0, 0, 0xaaaad9c21830) = 1 <0.000111>
[pid 393] 14:59:53.153632 libssl.so.3->EVP_PKEY_keygen(0xaaaad9c217c0, 0xffffcd8546e0, 0, 0) = 1 <0.001705>
[pid 393] 14:59:53.159145 libssl.so.3->EVP_PKEY_derive_init(0xaaaad9bf0070, 0, 0, 0xaaaad9bf00e0) = 1 <0.000126>
[pid 393] 14:59:53.159319 libssl.so.3->EVP_PKEY_derive_set_peer(0xaaaad9bf0070, 0xaaaad9c20c40, 0, 0) = 1 <0.000143>
[pid 393] 14:59:53.159506 libssl.so.3->EVP_PKEY_derive(0xaaaad9bf0070, 0, 0xffffcd854670, 0) = 1 <0.000119>
[pid 393] 14:59:53.159674 libssl.so.3->EVP_PKEY_derive(0xaaaad9bf0070, 0xaaaad9c1ae10, 0xffffcd854670, 0xaaaad9c1b150) = 1 <0.001716>
[pid 393] 14:59:53.162071 libssl.so.3->X509_verify_cert(0xaaaad9c14660, 0, 0, 0xffffffff) = 1 <0.000491>
[pid 393] 14:59:53.162762 libssl.so.3->EVP_DigestVerifyInit_ex(0xaaaad9c17270, 0xffffcd854768, 0, 0) = 1 <0.000112>
[pid 393] 14:59:53.162942 libssl.so.3->EVP_DigestVerify(0xaaaad9c17270, 0xaaaad9c22f78, 4627, 0xffffcd854770) = 1 <0.000278>
[pid 393] 14:59:53.163431 libssl.so.3->X509_verify_cert(0xaaaad9c14660, 1, 0, 0) = 1 <0.000310>
[pid 393] 14:59:53.163986 libssl.so.3->EVP_DigestSignInit_ex(0xaaaad9c172c0, 0xffffcd854750, 0, 0) = 1 <0.000233>
[pid 393] 14:59:53.164257 libssl.so.3->EVP_DigestSign(0xaaaad9c172c0, 0, 0xffffcd854760, 0xffffcd854770) = 1 <0.000092>
[pid 393] 14:59:53.164447 libssl.so.3->EVP_DigestSign(0xaaaad9c172c0, 0xaaaad9c27040, 0xffffcd854760, 0xffffcd854770) = 1 <0.000564>
[pid 393] 14:59:53.165288 <... SSL_connect resumed> ) = 1 <0.012165>
Handshake duration: 12.32 ms
[pid 393] 14:59:53.166654 +++ exited (status 0) +++
Execution 98 - TLS Mutual
s_connection: verify depth is 1
[pid 395] 14:59:53.194371 openssl->SSL_connect(0xaaaafb3ae410, 0xaaaafb380998, 0xffffbddb40e0, 0 <unfinished ...>
[pid 395] 14:59:53.194706 libssl.so.3->EVP_PKEY_keygen_init(0xaaaafb3b37c0, 0, 0, 0xaaaafb3b3830) = 1 <0.000134>
[pid 395] 14:59:53.194924 libssl.so.3->EVP_PKEY_keygen(0xaaaafb3b37c0, 0xffffcc8fd490, 0, 0) = 1 <0.001682>
[pid 395] 14:59:53.200470 libssl.so.3->EVP_PKEY_derive_init(0xaaaafb382070, 0, 0, 0xaaaafb3820e0) = 1 <0.000144>
[pid 395] 14:59:53.200681 libssl.so.3->EVP_PKEY_derive_set_peer(0xaaaafb382070, 0xaaaafb3b2c40, 0, 0) = 1 <0.000153>
[pid 395] 14:59:53.200881 libssl.so.3->EVP_PKEY_derive(0xaaaafb382070, 0, 0xffffcc8fd420, 0) = 1 <0.000105>
[pid 395] 14:59:53.201090 libssl.so.3->EVP_PKEY_derive(0xaaaafb382070, 0xaaaafb3ace10, 0xffffcc8fd420, 0xaaaafb3ad150) = 1 <0.001667>
[pid 395] 14:59:53.203426 libssl.so.3->X509_verify_cert(0xaaaafb3a6660, 0, 0, 0xffffffff) = 1 <0.000480>
[pid 395] 14:59:53.204163 libssl.so.3->EVP_DigestVerifyInit_ex(0xaaaafb3a9270, 0xffffcc8fd518, 0, 0) = 1 <0.000114>
[pid 395] 14:59:53.204331 libssl.so.3->EVP_DigestVerify(0xaaaafb3a9270, 0xaaaafb3b4f78, 4627, 0xffffcc8fd520) = 1 <0.000316>
[pid 395] 14:59:53.204862 libssl.so.3->X509_verify_cert(0xaaaafb3a6660, 1, 0, 0) = 1 <0.000311>
[pid 395] 14:59:53.205466 libssl.so.3->EVP_DigestSignInit_ex(0xaaaafb3a92c0, 0xffffcc8fd500, 0, 0) = 1 <0.000118>
[pid 395] 14:59:53.205628 libssl.so.3->EVP_DigestSign(0xaaaafb3a92c0, 0, 0xffffcc8fd510, 0xffffcc8fd520) = 1 <0.000086>
[pid 395] 14:59:53.205770 libssl.so.3->EVP_DigestSign(0xaaaafb3a92c0, 0xaaaafb3b9040, 0xffffcc8fd510, 0xffffcc8fd520) = 1 <0.000655>
[pid 395] 14:59:53.206668 <... SSL_connect resumed> ) = 1 <0.012292>
Handshake duration: 12.42 ms
[pid 395] 14:59:53.208028 +++ exited (status 0) +++
Execution 99 - TLS Mutual
s_connection: verify depth is 1
[pid 397] 14:59:53.235856 openssl->SSL_connect(0xaaaafc4c0410, 0xaaaafc492998, 0xffff8a3b40e0, 0 <unfinished ...>
[pid 397] 14:59:53.236191 libssl.so.3->EVP_PKEY_keygen_init(0xaaaafc4c57c0, 0, 0, 0xaaaafc4c5830) = 1 <0.000125>
[pid 397] 14:59:53.236365 libssl.so.3->EVP_PKEY_keygen(0xaaaafc4c57c0, 0xfffffa5d5330, 0, 0) = 1 <0.001702>
[pid 397] 14:59:53.241890 libssl.so.3->EVP_PKEY_derive_init(0xaaaafc494070, 0, 0, 0xaaaafc4940e0) = 1 <0.000093>
[pid 397] 14:59:53.242092 libssl.so.3->EVP_PKEY_derive_set_peer(0xaaaafc494070, 0xaaaafc4c4c40, 0, 0) = 1 <0.000091>
[pid 397] 14:59:53.242260 libssl.so.3->EVP_PKEY_derive(0xaaaafc494070, 0, 0xfffffa5d52c0, 0) = 1 <0.000144>
[pid 397] 14:59:53.242451 libssl.so.3->EVP_PKEY_derive(0xaaaafc494070, 0xaaaafc4bee10, 0xfffffa5d52c0, 0xaaaafc4bf150) = 1 <0.001562>
[pid 397] 14:59:53.244709 libssl.so.3->X509_verify_cert(0xaaaafc4b8660, 0, 0, 0xffffffff) = 1 <0.000476>
[pid 397] 14:59:53.245402 libssl.so.3->EVP_DigestVerifyInit_ex(0xaaaafc4bb270, 0xfffffa5d53b8, 0, 0) = 1 <0.000112>
[pid 397] 14:59:53.245560 libssl.so.3->EVP_DigestVerify(0xaaaafc4bb270, 0xaaaafc4c6f78, 4627, 0xfffffa5d53c0) = 1 <0.000287>
[pid 397] 14:59:53.246062 libssl.so.3->X509_verify_cert(0xaaaafc4b8660, 1, 0, 0) = 1 <0.000303>
[pid 397] 14:59:53.246657 libssl.so.3->EVP_DigestSignInit_ex(0xaaaafc4bb2c0, 0xfffffa5d53a0, 0, 0) = 1 <0.000129>
[pid 397] 14:59:53.246831 libssl.so.3->EVP_DigestSign(0xaaaafc4bb2c0, 0, 0xfffffa5d53b0, 0xfffffa5d53c0) = 1 <0.000103>
[pid 397] 14:59:53.246979 libssl.so.3->EVP_DigestSign(0xaaaafc4bb2c0, 0xaaaafc4cb040, 0xfffffa5d53b0, 0xfffffa5d53c0) = 1 <0.000482>
[pid 397] 14:59:53.247705 <... SSL_connect resumed> ) = 1 <0.011844>
Handshake duration: 11.99 ms
[pid 397] 14:59:53.249061 +++ exited (status 0) +++
Execution 100 - TLS Mutual
s_connection: verify depth is 1
[pid 399] 14:59:53.276947 openssl->SSL_connect(0xaaab112b9410, 0xaaab1128b998, 0xffff90e240e0, 0 <unfinished ...>
[pid 399] 14:59:53.277228 libssl.so.3->EVP_PKEY_keygen_init(0xaaab112be7c0, 0, 0, 0xaaab112be830) = 1 <0.000120>
[pid 399] 14:59:53.277405 libssl.so.3->EVP_PKEY_keygen(0xaaab112be7c0, 0xffffc8387c60, 0, 0) = 1 <0.001643>
[pid 399] 14:59:53.283033 libssl.so.3->EVP_PKEY_derive_init(0xaaab1128d070, 0, 0, 0xaaab1128d0e0) = 1 <0.000120>
[pid 399] 14:59:53.283241 libssl.so.3->EVP_PKEY_derive_set_peer(0xaaab1128d070, 0xaaab112bdc40, 0, 0) = 1 <0.000140>
[pid 399] 14:59:53.283432 libssl.so.3->EVP_PKEY_derive(0xaaab1128d070, 0, 0xffffc8387bf0, 0) = 1 <0.000111>
[pid 399] 14:59:53.283641 libssl.so.3->EVP_PKEY_derive(0xaaab1128d070, 0xaaab112b7e10, 0xffffc8387bf0, 0xaaab112b8150) = 1 <0.001613>
[pid 399] 14:59:53.285899 libssl.so.3->X509_verify_cert(0xaaab112b1660, 0, 0, 0xffffffff) = 1 <0.000502>
[pid 399] 14:59:53.286636 libssl.so.3->EVP_DigestVerifyInit_ex(0xaaab112b4270, 0xffffc8387ce8, 0, 0) = 1 <0.000114>
[pid 399] 14:59:53.286799 libssl.so.3->EVP_DigestVerify(0xaaab112b4270, 0xaaab112bff78, 4627, 0xffffc8387cf0) = 1 <0.000283>
[pid 399] 14:59:53.287312 libssl.so.3->X509_verify_cert(0xaaab112b1660, 1, 0, 0) = 1 <0.000305>
[pid 399] 14:59:53.287880 libssl.so.3->EVP_DigestSignInit_ex(0xaaab112b42c0, 0xffffc8387cd0, 0, 0) = 1 <0.000115>
[pid 399] 14:59:53.288040 libssl.so.3->EVP_DigestSign(0xaaab112b42c0, 0, 0xffffc8387ce0, 0xffffc8387cf0) = 1 <0.000145>
[pid 399] 14:59:53.288276 libssl.so.3->EVP_DigestSign(0xaaab112b42c0, 0xaaab112c4040, 0xffffc8387ce0, 0xffffc8387cf0) = 1 <0.000629>
[pid 399] 14:59:53.289162 <... SSL_connect resumed> ) = 1 <0.012210>
Handshake duration: 12.33 ms
[pid 399] 14:59:53.290585 +++ exited (status 0) +++
Applying netem rules to lo...
Showing qdisc status for the interface: lo
qdisc netem 8021: root refcnt 2 limit 1000 seed 5038461962086470694
 Sent 0 bytes 0 pkt (dropped 0, overlimits 0 requeues 0) 
 backlog 0b 0p requeues 0
Running /opt/oqssa/perftestClientTlsQuic_ltrace.sh with SIG_ALG=mldsa87 and KEM_ALG=mlkem1024
Execution 1 - TLS Mutual
s_connection: verify depth is 1
[pid 201] 15:00:14.891153 openssl->SSL_connect(0xaaaaead41410, 0xaaaaead13998, 0xffff9f4740e0, 0 <unfinished ...>
[pid 201] 15:00:14.891485 libssl.so.3->EVP_PKEY_keygen_init(0xaaaaead467c0, 0, 0, 0xaaaaead46830) = 1 <0.000096>
[pid 201] 15:00:14.891681 libssl.so.3->EVP_PKEY_keygen(0xaaaaead467c0, 0xffffcef3d570, 0, 0 <unfinished ...>
[pid 201] 15:00:14.891823 oqsprovider.so->OQS_KEM_new(0xaaaaead46590, 0xaaaaead45df0, 1792, 0) = 0xaaaaead45e30 <0.000202>
[pid 201] 15:00:14.892147 oqsprovider.so->OQS_KEM_keypair(0xaaaaead45e30, 0xaaaaead45eb0, 0xaaaaead3b6f0, 0xaaaaead3c300) = 0 <0.000515>
[pid 201] 15:00:14.892690 <... EVP_PKEY_keygen resumed> ) = 1 <0.001009>
[pid 201] 15:00:14.894349 libssl.so.3->EVP_PKEY_decapsulate_init(0xaaaaead467c0, 0, 0, 0xaaaaead46830) = 1 <0.000152>
[pid 201] 15:00:14.894565 libssl.so.3->EVP_PKEY_decapsulate(0xaaaaead467c0, 0, 0xffffcef3d4f0, 0xaaaaead47fca) = 1 <0.000166>
[pid 201] 15:00:14.894776 libssl.so.3->EVP_PKEY_decapsulate(0xaaaaead467c0, 0xaaaaead3d640, 0xffffcef3d4f0, 0xaaaaead47fca <unfinished ...>
[pid 201] 15:00:14.894894 oqsprovider.so->OQS_KEM_decaps(0xaaaaead45e30, 0xaaaaead3d640, 0xaaaaead47fca, 0xaaaaead3b6f0) = 0 <0.000252>
[pid 201] 15:00:14.895193 <... EVP_PKEY_decapsulate resumed> ) = 1 <0.000411>
[pid 201] 15:00:14.895803 libssl.so.3->X509_verify_cert(0xaaaaead39660, 0, 0, 0xffffffff) = 1 <0.000382>
[pid 201] 15:00:14.896390 libssl.so.3->EVP_DigestVerifyInit_ex(0xaaaaead343a0, 0xffffcef3d5f8, 0, 0) = 1 <0.000092>
[pid 201] 15:00:14.896610 libssl.so.3->EVP_DigestVerify(0xaaaaead343a0, 0xaaaaead47f78, 4627, 0xffffcef3d600) = 1 <0.000327>
[pid 201] 15:00:14.897128 libssl.so.3->X509_verify_cert(0xaaaaead39660, 1, 0, 0) = 1 <0.000284>
[pid 201] 15:00:14.897728 libssl.so.3->EVP_DigestSignInit_ex(0xaaaaeac66700, 0xffffcef3d5e0, 0, 0) = 1 <0.000152>
[pid 201] 15:00:14.897924 libssl.so.3->EVP_DigestSign(0xaaaaeac66700, 0, 0xffffcef3d5f0, 0xffffcef3d600) = 1 <0.000303>
[pid 201] 15:00:14.898274 libssl.so.3->EVP_DigestSign(0xaaaaeac66700, 0xaaaaead4e4e0, 0xffffcef3d5f0, 0xffffcef3d600) = 1 <0.000457>
[pid 201] 15:00:14.899039 <... SSL_connect resumed> ) = 1 <0.007882>
[pid 201] 15:00:14.899327 oqsprovider.so->OQS_KEM_free(0xaaaaead45e30, 1, 7, 0xaaaaeac49010) = 0xaaaaeac49030 <0.000127>
Handshake duration: 8.05 ms
[pid 201] 15:00:14.900672 +++ exited (status 0) +++
Execution 2 - TLS Mutual
s_connection: verify depth is 1
[pid 203] 15:00:14.929452 openssl->SSL_connect(0xaaaaf1260410, 0xaaaaf1232998, 0xffffb5da40e0, 0 <unfinished ...>
[pid 203] 15:00:14.929902 libssl.so.3->EVP_PKEY_keygen_init(0xaaaaf12657c0, 0, 0, 0xaaaaf1265830) = 1 <0.000129>
[pid 203] 15:00:14.930150 libssl.so.3->EVP_PKEY_keygen(0xaaaaf12657c0, 0xffffebe330b0, 0, 0 <unfinished ...>
[pid 203] 15:00:14.930345 oqsprovider.so->OQS_KEM_new(0xaaaaf1265590, 0xaaaaf1264df0, 1792, 0) = 0xaaaaf1264e30 <0.000096>
[pid 203] 15:00:14.930507 oqsprovider.so->OQS_KEM_keypair(0xaaaaf1264e30, 0xaaaaf1264eb0, 0xaaaaf125a6f0, 0xaaaaf125b300) = 0 <0.000363>
[pid 203] 15:00:14.930933 <... EVP_PKEY_keygen resumed> ) = 1 <0.000778>
[pid 203] 15:00:14.932331 libssl.so.3->EVP_PKEY_decapsulate_init(0xaaaaf12657c0, 0, 0, 0xaaaaf1265830) = 1 <0.000215>
[pid 203] 15:00:14.932646 libssl.so.3->EVP_PKEY_decapsulate(0xaaaaf12657c0, 0, 0xffffebe33030, 0xaaaaf1266fca) = 1 <0.000308>
[pid 203] 15:00:14.932943 libssl.so.3->EVP_PKEY_decapsulate(0xaaaaf12657c0, 0xaaaaf125c640, 0xffffebe33030, 0xaaaaf1266fca <unfinished ...>
[pid 203] 15:00:14.933056 oqsprovider.so->OQS_KEM_decaps(0xaaaaf1264e30, 0xaaaaf125c640, 0xaaaaf1266fca, 0xaaaaf125a6f0) = 0 <0.000236>
[pid 203] 15:00:14.933350 <... EVP_PKEY_decapsulate resumed> ) = 1 <0.000399>
[pid 203] 15:00:14.934059 libssl.so.3->X509_verify_cert(0xaaaaf1258660, 0, 0, 0xffffffff) = 1 <0.000388>
[pid 203] 15:00:14.934710 libssl.so.3->EVP_DigestVerifyInit_ex(0xaaaaf12533a0, 0xffffebe33138, 0, 0) = 1 <0.000116>
[pid 203] 15:00:14.934914 libssl.so.3->EVP_DigestVerify(0xaaaaf12533a0, 0xaaaaf1266f78, 4627, 0xffffebe33140) = 1 <0.000262>
[pid 203] 15:00:14.935384 libssl.so.3->X509_verify_cert(0xaaaaf1258660, 1, 0, 0) = 1 <0.000312>
[pid 203] 15:00:14.936060 libssl.so.3->EVP_DigestSignInit_ex(0xaaaaf1185700, 0xffffebe33120, 0, 0) = 1 <0.000182>
[pid 203] 15:00:14.936288 libssl.so.3->EVP_DigestSign(0xaaaaf1185700, 0, 0xffffebe33130, 0xffffebe33140) = 1 <0.000135>
[pid 203] 15:00:14.936494 libssl.so.3->EVP_DigestSign(0xaaaaf1185700, 0xaaaaf126d4e0, 0xffffebe33130, 0xffffebe33140) = 1 <0.000438>
[pid 203] 15:00:14.937307 <... SSL_connect resumed> ) = 1 <0.007848>
[pid 203] 15:00:14.937631 oqsprovider.so->OQS_KEM_free(0xaaaaf1264e30, 1, 7, 0xaaaaf1168010) = 0xaaaaf1168030 <0.000160>
Handshake duration: 8.00 ms
[pid 203] 15:00:14.939021 +++ exited (status 0) +++
Execution 3 - TLS Mutual
s_connection: verify depth is 1
[pid 205] 15:00:14.967303 openssl->SSL_connect(0xaaab10011410, 0xaaab0ffe3998, 0xffffbccd40e0, 0 <unfinished ...>
[pid 205] 15:00:14.967664 libssl.so.3->EVP_PKEY_keygen_init(0xaaab100167c0, 0, 0, 0xaaab10016830) = 1 <0.000109>
[pid 205] 15:00:14.967820 libssl.so.3->EVP_PKEY_keygen(0xaaab100167c0, 0xffffd6df2a00, 0, 0 <unfinished ...>
[pid 205] 15:00:14.968028 oqsprovider.so->OQS_KEM_new(0xaaab10016590, 0xaaab10015df0, 1792, 0) = 0xaaab10015e30 <0.000119>
[pid 205] 15:00:14.968207 oqsprovider.so->OQS_KEM_keypair(0xaaab10015e30, 0xaaab10015eb0, 0xaaab1000b6f0, 0xaaab1000c300) = 0 <0.000339>
[pid 205] 15:00:14.968618 <... EVP_PKEY_keygen resumed> ) = 1 <0.000787>
[pid 205] 15:00:14.969998 libssl.so.3->EVP_PKEY_decapsulate_init(0xaaab100167c0, 0, 0, 0xaaab10016830) = 1 <0.000175>
[pid 205] 15:00:14.970232 libssl.so.3->EVP_PKEY_decapsulate(0xaaab100167c0, 0, 0xffffd6df2980, 0xaaab10017fca) = 1 <0.000120>
[pid 205] 15:00:14.970444 libssl.so.3->EVP_PKEY_decapsulate(0xaaab100167c0, 0xaaab1000d640, 0xffffd6df2980, 0xaaab10017fca <unfinished ...>
[pid 205] 15:00:14.970559 oqsprovider.so->OQS_KEM_decaps(0xaaab10015e30, 0xaaab1000d640, 0xaaab10017fca, 0xaaab1000b6f0) = 0 <0.000207>
[pid 205] 15:00:14.970830 <... EVP_PKEY_decapsulate resumed> ) = 1 <0.000377>
[pid 205] 15:00:14.971497 libssl.so.3->X509_verify_cert(0xaaab10009660, 0, 0, 0xffffffff) = 1 <0.000404>
[pid 205] 15:00:14.972125 libssl.so.3->EVP_DigestVerifyInit_ex(0xaaab100043a0, 0xffffd6df2a88, 0, 0) = 1 <0.000131>
[pid 205] 15:00:14.972316 libssl.so.3->EVP_DigestVerify(0xaaab100043a0, 0xaaab10017f78, 4627, 0xffffd6df2a90) = 1 <0.000326>
[pid 205] 15:00:14.972848 libssl.so.3->X509_verify_cert(0xaaab10009660, 1, 0, 0) = 1 <0.000282>
[pid 205] 15:00:14.973471 libssl.so.3->EVP_DigestSignInit_ex(0xaaab0ff36700, 0xffffd6df2a70, 0, 0) = 1 <0.000096>
[pid 205] 15:00:14.973679 libssl.so.3->EVP_DigestSign(0xaaab0ff36700, 0, 0xffffd6df2a80, 0xffffd6df2a90) = 1 <0.000126>
[pid 205] 15:00:14.973877 libssl.so.3->EVP_DigestSign(0xaaab0ff36700, 0xaaab1001e4e0, 0xffffd6df2a80, 0xffffd6df2a90) = 1 <0.000657>
[pid 205] 15:00:14.974863 <... SSL_connect resumed> ) = 1 <0.007558>
[pid 205] 15:00:14.975127 oqsprovider.so->OQS_KEM_free(0xaaab10015e30, 1, 7, 0xaaab0ff19010) = 0xaaab0ff19030 <0.000129>
Handshake duration: 7.70 ms
[pid 205] 15:00:14.976455 +++ exited (status 0) +++
Execution 4 - TLS Mutual
s_connection: verify depth is 1
[pid 207] 15:00:15.004654 openssl->SSL_connect(0xaaaadad08410, 0xaaaadacda998, 0xffffaa1d40e0, 0 <unfinished ...>
[pid 207] 15:00:15.005030 libssl.so.3->EVP_PKEY_keygen_init(0xaaaadad0d7c0, 0, 0, 0xaaaadad0d830) = 1 <0.000106>
[pid 207] 15:00:15.005215 libssl.so.3->EVP_PKEY_keygen(0xaaaadad0d7c0, 0xffffea879f10, 0, 0 <unfinished ...>
[pid 207] 15:00:15.005332 oqsprovider.so->OQS_KEM_new(0xaaaadad0d590, 0xaaaadad0cdf0, 1792, 0) = 0xaaaadad0ce30 <0.000153>
[pid 207] 15:00:15.005555 oqsprovider.so->OQS_KEM_keypair(0xaaaadad0ce30, 0xaaaadad0ceb0, 0xaaaadad026f0, 0xaaaadad03300) = 0 <0.000387>
[pid 207] 15:00:15.006032 <... EVP_PKEY_keygen resumed> ) = 1 <0.000780>
[pid 207] 15:00:15.007419 libssl.so.3->EVP_PKEY_decapsulate_init(0xaaaadad0d7c0, 0, 0, 0xaaaadad0d830) = 1 <0.000193>
[pid 207] 15:00:15.007691 libssl.so.3->EVP_PKEY_decapsulate(0xaaaadad0d7c0, 0, 0xffffea879e90, 0xaaaadad0efca) = 1 <0.000166>
[pid 207] 15:00:15.007920 libssl.so.3->EVP_PKEY_decapsulate(0xaaaadad0d7c0, 0xaaaadad04640, 0xffffea879e90, 0xaaaadad0efca <unfinished ...>
[pid 207] 15:00:15.008081 oqsprovider.so->OQS_KEM_decaps(0xaaaadad0ce30, 0xaaaadad04640, 0xaaaadad0efca, 0xaaaadad026f0) = 0 <0.000273>
[pid 207] 15:00:15.008411 <... EVP_PKEY_decapsulate resumed> ) = 1 <0.000484>
[pid 207] 15:00:15.009091 libssl.so.3->X509_verify_cert(0xaaaadad00660, 0, 0, 0xffffffff) = 1 <0.000378>
[pid 207] 15:00:15.009711 libssl.so.3->EVP_DigestVerifyInit_ex(0xaaaadacfb3a0, 0xffffea879f98, 0, 0) = 1 <0.000140>
[pid 207] 15:00:15.009911 libssl.so.3->EVP_DigestVerify(0xaaaadacfb3a0, 0xaaaadad0ef78, 4627, 0xffffea879fa0) = 1 <0.000311>
[pid 207] 15:00:15.010455 libssl.so.3->X509_verify_cert(0xaaaadad00660, 1, 0, 0) = 1 <0.000298>
[pid 207] 15:00:15.011095 libssl.so.3->EVP_DigestSignInit_ex(0xaaaadac2d700, 0xffffea879f80, 0, 0) = 1 <0.000162>
[pid 207] 15:00:15.011342 libssl.so.3->EVP_DigestSign(0xaaaadac2d700, 0, 0xffffea879f90, 0xffffea879fa0) = 1 <0.000133>
[pid 207] 15:00:15.011544 libssl.so.3->EVP_DigestSign(0xaaaadac2d700, 0xaaaadad154e0, 0xffffea879f90, 0xffffea879fa0) = 1 <0.000938>
[pid 207] 15:00:15.012825 <... SSL_connect resumed> ) = 1 <0.008165>
[pid 207] 15:00:15.013095 oqsprovider.so->OQS_KEM_free(0xaaaadad0ce30, 1, 7, 0xaaaadac10010) = 0xaaaadac10030 <0.000119>
Handshake duration: 8.29 ms
[pid 207] 15:00:15.014398 +++ exited (status 0) +++
Execution 5 - TLS Mutual
s_connection: verify depth is 1
[pid 209] 15:00:15.043158 openssl->SSL_connect(0xaaaae9d51410, 0xaaaae9d23998, 0xffff8e3540e0, 0 <unfinished ...>
[pid 209] 15:00:15.043518 libssl.so.3->EVP_PKEY_keygen_init(0xaaaae9d567c0, 0, 0, 0xaaaae9d56830) = 1 <0.000176>
[pid 209] 15:00:15.043746 libssl.so.3->EVP_PKEY_keygen(0xaaaae9d567c0, 0xffffc50024d0, 0, 0 <unfinished ...>
[pid 209] 15:00:15.043872 oqsprovider.so->OQS_KEM_new(0xaaaae9d56590, 0xaaaae9d55df0, 1792, 0) = 0xaaaae9d55e30 <0.000110>
[pid 209] 15:00:15.044063 oqsprovider.so->OQS_KEM_keypair(0xaaaae9d55e30, 0xaaaae9d55eb0, 0xaaaae9d4b6f0, 0xaaaae9d4c300) = 0 <0.000351>
[pid 209] 15:00:15.044478 <... EVP_PKEY_keygen resumed> ) = 1 <0.000726>
[pid 209] 15:00:15.045881 libssl.so.3->EVP_PKEY_decapsulate_init(0xaaaae9d567c0, 0, 0, 0xaaaae9d56830) = 1 <0.000183>
[pid 209] 15:00:15.046121 libssl.so.3->EVP_PKEY_decapsulate(0xaaaae9d567c0, 0, 0xffffc5002450, 0xaaaae9d57fca) = 1 <0.000109>
[pid 209] 15:00:15.046295 libssl.so.3->EVP_PKEY_decapsulate(0xaaaae9d567c0, 0xaaaae9d4d640, 0xffffc5002450, 0xaaaae9d57fca <unfinished ...>
[pid 209] 15:00:15.046471 oqsprovider.so->OQS_KEM_decaps(0xaaaae9d55e30, 0xaaaae9d4d640, 0xaaaae9d57fca, 0xaaaae9d4b6f0) = 0 <0.000217>
[pid 209] 15:00:15.046742 <... EVP_PKEY_decapsulate resumed> ) = 1 <0.000440>
[pid 209] 15:00:15.047405 libssl.so.3->X509_verify_cert(0xaaaae9d49660, 0, 0, 0xffffffff) = 1 <0.000378>
[pid 209] 15:00:15.048013 libssl.so.3->EVP_DigestVerifyInit_ex(0xaaaae9d443a0, 0xffffc5002558, 0, 0) = 1 <0.000111>
[pid 209] 15:00:15.048205 libssl.so.3->EVP_DigestVerify(0xaaaae9d443a0, 0xaaaae9d57f78, 4627, 0xffffc5002560) = 1 <0.000291>
[pid 209] 15:00:15.048717 libssl.so.3->X509_verify_cert(0xaaaae9d49660, 1, 0, 0) = 1 <0.000329>
[pid 209] 15:00:15.049356 libssl.so.3->EVP_DigestSignInit_ex(0xaaaae9c76700, 0xffffc5002540, 0, 0) = 1 <0.000109>
[pid 209] 15:00:15.049532 libssl.so.3->EVP_DigestSign(0xaaaae9c76700, 0, 0xffffc5002550, 0xffffc5002560) = 1 <0.000099>
[pid 209] 15:00:15.049696 libssl.so.3->EVP_DigestSign(0xaaaae9c76700, 0xaaaae9d5e4e0, 0xffffc5002550, 0xffffc5002560) = 1 <0.000586>
[pid 209] 15:00:15.050643 <... SSL_connect resumed> ) = 1 <0.007480>
[pid 209] 15:00:15.050933 oqsprovider.so->OQS_KEM_free(0xaaaae9d55e30, 1, 7, 0xaaaae9c59010) = 0xaaaae9c59030 <0.000112>
Handshake duration: 7.64 ms
[pid 209] 15:00:15.052235 +++ exited (status 0) +++
Execution 6 - TLS Mutual
s_connection: verify depth is 1
[pid 211] 15:00:15.080114 openssl->SSL_connect(0xaaaaed86f410, 0xaaaaed841998, 0xffff8f1c40e0, 0 <unfinished ...>
[pid 211] 15:00:15.080443 libssl.so.3->EVP_PKEY_keygen_init(0xaaaaed8747c0, 0, 0, 0xaaaaed874830) = 1 <0.000123>
[pid 211] 15:00:15.080624 libssl.so.3->EVP_PKEY_keygen(0xaaaaed8747c0, 0xffffdda39160, 0, 0 <unfinished ...>
[pid 211] 15:00:15.080731 oqsprovider.so->OQS_KEM_new(0xaaaaed874590, 0xaaaaed873df0, 1792, 0) = 0xaaaaed873e30 <0.000276>
[pid 211] 15:00:15.081067 oqsprovider.so->OQS_KEM_keypair(0xaaaaed873e30, 0xaaaaed873eb0, 0xaaaaed8696f0, 0xaaaaed86a300) = 0 <0.000324>
[pid 211] 15:00:15.081452 <... EVP_PKEY_keygen resumed> ) = 1 <0.000821>
[pid 211] 15:00:15.082831 libssl.so.3->EVP_PKEY_decapsulate_init(0xaaaaed8747c0, 0, 0, 0xaaaaed874830) = 1 <0.000239>
[pid 211] 15:00:15.083124 libssl.so.3->EVP_PKEY_decapsulate(0xaaaaed8747c0, 0, 0xffffdda390e0, 0xaaaaed875fca) = 1 <0.000125>
[pid 211] 15:00:15.083301 libssl.so.3->EVP_PKEY_decapsulate(0xaaaaed8747c0, 0xaaaaed86b640, 0xffffdda390e0, 0xaaaaed875fca <unfinished ...>
[pid 211] 15:00:15.083467 oqsprovider.so->OQS_KEM_decaps(0xaaaaed873e30, 0xaaaaed86b640, 0xaaaaed875fca, 0xaaaaed8696f0) = 0 <0.000225>
[pid 211] 15:00:15.083729 <... EVP_PKEY_decapsulate resumed> ) = 1 <0.000421>
[pid 211] 15:00:15.084410 libssl.so.3->X509_verify_cert(0xaaaaed867660, 0, 0, 0xffffffff) = 1 <0.000413>
[pid 211] 15:00:15.085062 libssl.so.3->EVP_DigestVerifyInit_ex(0xaaaaed8623a0, 0xffffdda391e8, 0, 0) = 1 <0.000106>
[pid 211] 15:00:15.085248 libssl.so.3->EVP_DigestVerify(0xaaaaed8623a0, 0xaaaaed875f78, 4627, 0xffffdda391f0) = 1 <0.000294>
[pid 211] 15:00:15.085749 libssl.so.3->X509_verify_cert(0xaaaaed867660, 1, 0, 0) = 1 <0.000326>
[pid 211] 15:00:15.086385 libssl.so.3->EVP_DigestSignInit_ex(0xaaaaed794700, 0xffffdda391d0, 0, 0) = 1 <0.000123>
[pid 211] 15:00:15.086558 libssl.so.3->EVP_DigestSign(0xaaaaed794700, 0, 0xffffdda391e0, 0xffffdda391f0) = 1 <0.000115>
[pid 211] 15:00:15.086724 libssl.so.3->EVP_DigestSign(0xaaaaed794700, 0xaaaaed87c4e0, 0xffffdda391e0, 0xffffdda391f0) = 1 <0.000680>
[pid 211] 15:00:15.087756 <... SSL_connect resumed> ) = 1 <0.007636>
[pid 211] 15:00:15.088041 oqsprovider.so->OQS_KEM_free(0xaaaaed873e30, 1, 7, 0xaaaaed777010) = 0xaaaaed777030 <0.000109>
Handshake duration: 7.78 ms
[pid 211] 15:00:15.089367 +++ exited (status 0) +++
Execution 7 - TLS Mutual
s_connection: verify depth is 1
[pid 213] 15:00:15.118935 openssl->SSL_connect(0xaaab1be4e410, 0xaaab1be20998, 0xffff86e940e0, 0 <unfinished ...>
[pid 213] 15:00:15.119237 libssl.so.3->EVP_PKEY_keygen_init(0xaaab1be537c0, 0, 0, 0xaaab1be53830) = 1 <0.000140>
[pid 213] 15:00:15.119441 libssl.so.3->EVP_PKEY_keygen(0xaaab1be537c0, 0xfffffcfe4ba0, 0, 0 <unfinished ...>
[pid 213] 15:00:15.119578 oqsprovider.so->OQS_KEM_new(0xaaab1be53590, 0xaaab1be52df0, 1792, 0) = 0xaaab1be52e30 <0.000104>
[pid 213] 15:00:15.119768 oqsprovider.so->OQS_KEM_keypair(0xaaab1be52e30, 0xaaab1be52eb0, 0xaaab1be486f0, 0xaaab1be49300) = 0 <0.000433>
[pid 213] 15:00:15.120234 <... EVP_PKEY_keygen resumed> ) = 1 <0.000787>
[pid 213] 15:00:15.121636 libssl.so.3->EVP_PKEY_decapsulate_init(0xaaab1be537c0, 0, 0, 0xaaab1be53830) = 1 <0.000177>
[pid 213] 15:00:15.121871 libssl.so.3->EVP_PKEY_decapsulate(0xaaab1be537c0, 0, 0xfffffcfe4b20, 0xaaab1be54fca) = 1 <0.000128>
[pid 213] 15:00:15.122042 libssl.so.3->EVP_PKEY_decapsulate(0xaaab1be537c0, 0xaaab1be4a640, 0xfffffcfe4b20, 0xaaab1be54fca <unfinished ...>
[pid 213] 15:00:15.122185 oqsprovider.so->OQS_KEM_decaps(0xaaab1be52e30, 0xaaab1be4a640, 0xaaab1be54fca, 0xaaab1be486f0) = 0 <0.000167>
[pid 213] 15:00:15.122410 <... EVP_PKEY_decapsulate resumed> ) = 1 <0.000361>
[pid 213] 15:00:15.123156 libssl.so.3->X509_verify_cert(0xaaab1be46660, 0, 0, 0xffffffff) = 1 <0.000401>
[pid 213] 15:00:15.123780 libssl.so.3->EVP_DigestVerifyInit_ex(0xaaab1be413a0, 0xfffffcfe4c28, 0, 0) = 1 <0.000112>
[pid 213] 15:00:15.123953 libssl.so.3->EVP_DigestVerify(0xaaab1be413a0, 0xaaab1be54f78, 4627, 0xfffffcfe4c30) = 1 <0.000345>
[pid 213] 15:00:15.124552 libssl.so.3->X509_verify_cert(0xaaab1be46660, 1, 0, 0) = 1 <0.000298>
[pid 213] 15:00:15.125172 libssl.so.3->EVP_DigestSignInit_ex(0xaaab1bd73700, 0xfffffcfe4c10, 0, 0) = 1 <0.000127>
[pid 213] 15:00:15.125361 libssl.so.3->EVP_DigestSign(0xaaab1bd73700, 0, 0xfffffcfe4c20, 0xfffffcfe4c30) = 1 <0.000087>
[pid 213] 15:00:15.125498 libssl.so.3->EVP_DigestSign(0xaaab1bd73700, 0xaaab1be5b4e0, 0xfffffcfe4c20, 0xfffffcfe4c30) = 1 <0.000472>
[pid 213] 15:00:15.126299 <... SSL_connect resumed> ) = 1 <0.007360>
[pid 213] 15:00:15.126607 oqsprovider.so->OQS_KEM_free(0xaaab1be52e30, 1, 7, 0xaaab1bd56010) = 0xaaab1bd56030 <0.000087>
Handshake duration: 7.50 ms
[pid 213] 15:00:15.127899 +++ exited (status 0) +++
Execution 8 - TLS Mutual
s_connection: verify depth is 1
[pid 215] 15:00:15.155805 openssl->SSL_connect(0xaaab014fe410, 0xaaab014d0998, 0xffff8b2240e0, 0 <unfinished ...>
[pid 215] 15:00:15.156149 libssl.so.3->EVP_PKEY_keygen_init(0xaaab015037c0, 0, 0, 0xaaab01503830) = 1 <0.000115>
[pid 215] 15:00:15.156349 libssl.so.3->EVP_PKEY_keygen(0xaaab015037c0, 0xffffdeea2250, 0, 0 <unfinished ...>
[pid 215] 15:00:15.156494 oqsprovider.so->OQS_KEM_new(0xaaab01503590, 0xaaab01502df0, 1792, 0) = 0xaaab01502e30 <0.000115>
[pid 215] 15:00:15.156671 oqsprovider.so->OQS_KEM_keypair(0xaaab01502e30, 0xaaab01502eb0, 0xaaab014f86f0, 0xaaab014f9300) = 0 <0.000307>
[pid 215] 15:00:15.157042 <... EVP_PKEY_keygen resumed> ) = 1 <0.000686>
[pid 215] 15:00:15.158405 libssl.so.3->EVP_PKEY_decapsulate_init(0xaaab015037c0, 0, 0, 0xaaab01503830) = 1 <0.000145>
[pid 215] 15:00:15.158620 libssl.so.3->EVP_PKEY_decapsulate(0xaaab015037c0, 0, 0xffffdeea21d0, 0xaaab01504fca) = 1 <0.000118>
[pid 215] 15:00:15.158805 libssl.so.3->EVP_PKEY_decapsulate(0xaaab015037c0, 0xaaab014fa640, 0xffffdeea21d0, 0xaaab01504fca <unfinished ...>
[pid 215] 15:00:15.158924 oqsprovider.so->OQS_KEM_decaps(0xaaab01502e30, 0xaaab014fa640, 0xaaab01504fca, 0xaaab014f86f0) = 0 <0.000200>
[pid 215] 15:00:15.159180 <... EVP_PKEY_decapsulate resumed> ) = 1 <0.000369>
[pid 215] 15:00:15.159887 libssl.so.3->X509_verify_cert(0xaaab014f6660, 0, 0, 0xffffffff) = 1 <0.000396>
[pid 215] 15:00:15.160521 libssl.so.3->EVP_DigestVerifyInit_ex(0xaaab014f13a0, 0xffffdeea22d8, 0, 0) = 1 <0.000178>
[pid 215] 15:00:15.160769 libssl.so.3->EVP_DigestVerify(0xaaab014f13a0, 0xaaab01504f78, 4627, 0xffffdeea22e0) = 1 <0.000309>
[pid 215] 15:00:15.161285 libssl.so.3->X509_verify_cert(0xaaab014f6660, 1, 0, 0) = 1 <0.000265>
[pid 215] 15:00:15.161882 libssl.so.3->EVP_DigestSignInit_ex(0xaaab01423700, 0xffffdeea22c0, 0, 0) = 1 <0.000119>
[pid 215] 15:00:15.162091 libssl.so.3->EVP_DigestSign(0xaaab01423700, 0, 0xffffdeea22d0, 0xffffdeea22e0) = 1 <0.000110>
[pid 215] 15:00:15.162242 libssl.so.3->EVP_DigestSign(0xaaab01423700, 0xaaab0150b4e0, 0xffffdeea22d0, 0xffffdeea22e0) = 1 <0.000473>
[pid 215] 15:00:15.163031 <... SSL_connect resumed> ) = 1 <0.007220>
[pid 215] 15:00:15.163331 oqsprovider.so->OQS_KEM_free(0xaaab01502e30, 1, 7, 0xaaab01406010) = 0xaaab01406030 <0.000128>
Handshake duration: 7.38 ms
[pid 215] 15:00:15.164670 +++ exited (status 0) +++
Execution 9 - TLS Mutual
s_connection: verify depth is 1
[pid 217] 15:00:15.192308 openssl->SSL_connect(0xaaaadccad410, 0xaaaadcc7f998, 0xffffbc9c40e0, 0 <unfinished ...>
[pid 217] 15:00:15.192651 libssl.so.3->EVP_PKEY_keygen_init(0xaaaadccb27c0, 0, 0, 0xaaaadccb2830) = 1 <0.000212>
[pid 217] 15:00:15.192951 libssl.so.3->EVP_PKEY_keygen(0xaaaadccb27c0, 0xfffff3332660, 0, 0 <unfinished ...>
[pid 217] 15:00:15.193085 oqsprovider.so->OQS_KEM_new(0xaaaadccb2590, 0xaaaadccb1df0, 1792, 0) = 0xaaaadccb1e30 <0.000101>
[pid 217] 15:00:15.193234 oqsprovider.so->OQS_KEM_keypair(0xaaaadccb1e30, 0xaaaadccb1eb0, 0xaaaadcca76f0, 0xaaaadcca8300) = 0 <0.000294>
[pid 217] 15:00:15.193613 <... EVP_PKEY_keygen resumed> ) = 1 <0.000635>
[pid 217] 15:00:15.194976 libssl.so.3->EVP_PKEY_decapsulate_init(0xaaaadccb27c0, 0, 0, 0xaaaadccb2830) = 1 <0.000151>
[pid 217] 15:00:15.195221 libssl.so.3->EVP_PKEY_decapsulate(0xaaaadccb27c0, 0, 0xfffff33325e0, 0xaaaadccb3fca) = 1 <0.000216>
[pid 217] 15:00:15.195549 libssl.so.3->EVP_PKEY_decapsulate(0xaaaadccb27c0, 0xaaaadcca9640, 0xfffff33325e0, 0xaaaadccb3fca <unfinished ...>
[pid 217] 15:00:15.195705 oqsprovider.so->OQS_KEM_decaps(0xaaaadccb1e30, 0xaaaadcca9640, 0xaaaadccb3fca, 0xaaaadcca76f0) = 0 <0.000166>
[pid 217] 15:00:15.195930 <... EVP_PKEY_decapsulate resumed> ) = 1 <0.000374>
[pid 217] 15:00:15.196654 libssl.so.3->X509_verify_cert(0xaaaadcca5660, 0, 0, 0xffffffff) = 1 <0.000416>
[pid 217] 15:00:15.197313 libssl.so.3->EVP_DigestVerifyInit_ex(0xaaaadcca03a0, 0xfffff33326e8, 0, 0) = 1 <0.000111>
[pid 217] 15:00:15.197483 libssl.so.3->EVP_DigestVerify(0xaaaadcca03a0, 0xaaaadccb3f78, 4627, 0xfffff33326f0) = 1 <0.000305>
[pid 217] 15:00:15.198042 libssl.so.3->X509_verify_cert(0xaaaadcca5660, 1, 0, 0) = 1 <0.000320>
[pid 217] 15:00:15.198723 libssl.so.3->EVP_DigestSignInit_ex(0xaaaadcbd2700, 0xfffff33326d0, 0, 0) = 1 <0.000161>
[pid 217] 15:00:15.198950 libssl.so.3->EVP_DigestSign(0xaaaadcbd2700, 0, 0xfffff33326e0, 0xfffff33326f0) = 1 <0.000141>
[pid 217] 15:00:15.199135 libssl.so.3->EVP_DigestSign(0xaaaadcbd2700, 0xaaaadccba4e0, 0xfffff33326e0, 0xfffff33326f0) = 1 <0.000515>
[pid 217] 15:00:15.199978 <... SSL_connect resumed> ) = 1 <0.007666>
[pid 217] 15:00:15.200232 oqsprovider.so->OQS_KEM_free(0xaaaadccb1e30, 1, 7, 0xaaaadcbb5010) = 0xaaaadcbb5030 <0.000144>
Handshake duration: 7.79 ms
[pid 217] 15:00:15.201556 +++ exited (status 0) +++
Execution 10 - TLS Mutual
s_connection: verify depth is 1
[pid 219] 15:00:15.229661 openssl->SSL_connect(0xaaaadc463410, 0xaaaadc435998, 0xffffad8340e0, 0 <unfinished ...>
[pid 219] 15:00:15.229990 libssl.so.3->EVP_PKEY_keygen_init(0xaaaadc4687c0, 0, 0, 0xaaaadc468830) = 1 <0.000105>
[pid 219] 15:00:15.230163 libssl.so.3->EVP_PKEY_keygen(0xaaaadc4687c0, 0xffffca0e3760, 0, 0 <unfinished ...>
[pid 219] 15:00:15.230293 oqsprovider.so->OQS_KEM_new(0xaaaadc468590, 0xaaaadc467df0, 1792, 0) = 0xaaaadc467e30 <0.000106>
[pid 219] 15:00:15.230450 oqsprovider.so->OQS_KEM_keypair(0xaaaadc467e30, 0xaaaadc467eb0, 0xaaaadc45d6f0, 0xaaaadc45e300) = 0 <0.000339>
[pid 219] 15:00:15.230841 <... EVP_PKEY_keygen resumed> ) = 1 <0.000678>
[pid 219] 15:00:15.232199 libssl.so.3->EVP_PKEY_decapsulate_init(0xaaaadc4687c0, 0, 0, 0xaaaadc468830) = 1 <0.000179>
[pid 219] 15:00:15.232423 libssl.so.3->EVP_PKEY_decapsulate(0xaaaadc4687c0, 0, 0xffffca0e36e0, 0xaaaadc469fca) = 1 <0.000220>
[pid 219] 15:00:15.232690 libssl.so.3->EVP_PKEY_decapsulate(0xaaaadc4687c0, 0xaaaadc45f640, 0xffffca0e36e0, 0xaaaadc469fca <unfinished ...>
[pid 219] 15:00:15.232984 oqsprovider.so->OQS_KEM_decaps(0xaaaadc467e30, 0xaaaadc45f640, 0xaaaadc469fca, 0xaaaadc45d6f0) = 0 <0.000189>
[pid 219] 15:00:15.233239 <... EVP_PKEY_decapsulate resumed> ) = 1 <0.000542>
[pid 219] 15:00:15.233914 libssl.so.3->X509_verify_cert(0xaaaadc45b660, 0, 0, 0xffffffff) = 1 <0.000521>
[pid 219] 15:00:15.234666 libssl.so.3->EVP_DigestVerifyInit_ex(0xaaaadc4563a0, 0xffffca0e37e8, 0, 0) = 1 <0.000115>
[pid 219] 15:00:15.234830 libssl.so.3->EVP_DigestVerify(0xaaaadc4563a0, 0xaaaadc469f78, 4627, 0xffffca0e37f0) = 1 <0.000313>
[pid 219] 15:00:15.235348 libssl.so.3->X509_verify_cert(0xaaaadc45b660, 1, 0, 0) = 1 <0.000320>
[pid 219] 15:00:15.235994 libssl.so.3->EVP_DigestSignInit_ex(0xaaaadc388700, 0xffffca0e37d0, 0, 0) = 1 <0.000113>
[pid 219] 15:00:15.236152 libssl.so.3->EVP_DigestSign(0xaaaadc388700, 0, 0xffffca0e37e0, 0xffffca0e37f0) = 1 <0.000085>
[pid 219] 15:00:15.236297 libssl.so.3->EVP_DigestSign(0xaaaadc388700, 0xaaaadc4704e0, 0xffffca0e37e0, 0xffffca0e37f0) = 1 <0.000438>
[pid 219] 15:00:15.237060 <... SSL_connect resumed> ) = 1 <0.007389>
[pid 219] 15:00:15.237330 oqsprovider.so->OQS_KEM_free(0xaaaadc467e30, 1, 7, 0xaaaadc36b010) = 0xaaaadc36b030 <0.000105>
Handshake duration: 7.54 ms
[pid 219] 15:00:15.238612 +++ exited (status 0) +++
Execution 11 - TLS Mutual
s_connection: verify depth is 1
[pid 221] 15:00:15.266307 openssl->SSL_connect(0xaaaadc571410, 0xaaaadc543998, 0xffff9c3740e0, 0 <unfinished ...>
[pid 221] 15:00:15.266631 libssl.so.3->EVP_PKEY_keygen_init(0xaaaadc5767c0, 0, 0, 0xaaaadc576830) = 1 <0.000116>
[pid 221] 15:00:15.266795 libssl.so.3->EVP_PKEY_keygen(0xaaaadc5767c0, 0xfffff4fc8c70, 0, 0 <unfinished ...>
[pid 221] 15:00:15.266890 oqsprovider.so->OQS_KEM_new(0xaaaadc576590, 0xaaaadc575df0, 1792, 0) = 0xaaaadc575e30 <0.000123>
[pid 221] 15:00:15.267069 oqsprovider.so->OQS_KEM_keypair(0xaaaadc575e30, 0xaaaadc575eb0, 0xaaaadc56b6f0, 0xaaaadc56c300) = 0 <0.000300>
[pid 221] 15:00:15.267429 <... EVP_PKEY_keygen resumed> ) = 1 <0.000624>
[pid 221] 15:00:15.268777 libssl.so.3->EVP_PKEY_decapsulate_init(0xaaaadc5767c0, 0, 0, 0xaaaadc576830) = 1 <0.000192>
[pid 221] 15:00:15.269025 libssl.so.3->EVP_PKEY_decapsulate(0xaaaadc5767c0, 0, 0xfffff4fc8bf0, 0xaaaadc577fca) = 1 <0.000103>
[pid 221] 15:00:15.269232 libssl.so.3->EVP_PKEY_decapsulate(0xaaaadc5767c0, 0xaaaadc56d640, 0xfffff4fc8bf0, 0xaaaadc577fca <unfinished ...>
[pid 221] 15:00:15.269389 oqsprovider.so->OQS_KEM_decaps(0xaaaadc575e30, 0xaaaadc56d640, 0xaaaadc577fca, 0xaaaadc56b6f0) = 0 <0.000180>
[pid 221] 15:00:15.269660 <... EVP_PKEY_decapsulate resumed> ) = 1 <0.000384>
[pid 221] 15:00:15.270306 libssl.so.3->X509_verify_cert(0xaaaadc569660, 0, 0, 0xffffffff) = 1 <0.000404>
[pid 221] 15:00:15.270939 libssl.so.3->EVP_DigestVerifyInit_ex(0xaaaadc5643a0, 0xfffff4fc8cf8, 0, 0) = 1 <0.000112>
[pid 221] 15:00:15.271109 libssl.so.3->EVP_DigestVerify(0xaaaadc5643a0, 0xaaaadc577f78, 4627, 0xfffff4fc8d00) = 1 <0.000286>
[pid 221] 15:00:15.271591 libssl.so.3->X509_verify_cert(0xaaaadc569660, 1, 0, 0) = 1 <0.000307>
[pid 221] 15:00:15.272261 libssl.so.3->EVP_DigestSignInit_ex(0xaaaadc496700, 0xfffff4fc8ce0, 0, 0) = 1 <0.000106>
[pid 221] 15:00:15.272413 libssl.so.3->EVP_DigestSign(0xaaaadc496700, 0, 0xfffff4fc8cf0, 0xfffff4fc8d00) = 1 <0.000136>
[pid 221] 15:00:15.272632 libssl.so.3->EVP_DigestSign(0xaaaadc496700, 0xaaaadc57e4e0, 0xfffff4fc8cf0, 0xfffff4fc8d00) = 1 <0.000571>
[pid 221] 15:00:15.273516 <... SSL_connect resumed> ) = 1 <0.007202>
[pid 221] 15:00:15.273826 oqsprovider.so->OQS_KEM_free(0xaaaadc575e30, 1, 7, 0xaaaadc479010) = 0xaaaadc479030 <0.000123>
Handshake duration: 7.39 ms
[pid 221] 15:00:15.275169 +++ exited (status 0) +++
Execution 12 - TLS Mutual
s_connection: verify depth is 1
[pid 223] 15:00:15.302986 openssl->SSL_connect(0xaaab17efe410, 0xaaab17ed0998, 0xffffa84440e0, 0 <unfinished ...>
[pid 223] 15:00:15.303280 libssl.so.3->EVP_PKEY_keygen_init(0xaaab17f037c0, 0, 0, 0xaaab17f03830) = 1 <0.000109>
[pid 223] 15:00:15.303455 libssl.so.3->EVP_PKEY_keygen(0xaaab17f037c0, 0xffffed031d50, 0, 0 <unfinished ...>
[pid 223] 15:00:15.303567 oqsprovider.so->OQS_KEM_new(0xaaab17f03590, 0xaaab17f02df0, 1792, 0) = 0xaaab17f02e30 <0.000127>
[pid 223] 15:00:15.303743 oqsprovider.so->OQS_KEM_keypair(0xaaab17f02e30, 0xaaab17f02eb0, 0xaaab17ef86f0, 0xaaab17ef9300) = 0 <0.000291>
[pid 223] 15:00:15.304096 <... EVP_PKEY_keygen resumed> ) = 1 <0.000634>
[pid 223] 15:00:15.305376 libssl.so.3->EVP_PKEY_decapsulate_init(0xaaab17f037c0, 0, 0, 0xaaab17f03830) = 1 <0.000161>
[pid 223] 15:00:15.305591 libssl.so.3->EVP_PKEY_decapsulate(0xaaab17f037c0, 0, 0xffffed031cd0, 0xaaab17f04fca) = 1 <0.000141>
[pid 223] 15:00:15.305776 libssl.so.3->EVP_PKEY_decapsulate(0xaaab17f037c0, 0xaaab17efa640, 0xffffed031cd0, 0xaaab17f04fca <unfinished ...>
[pid 223] 15:00:15.305934 oqsprovider.so->OQS_KEM_decaps(0xaaab17f02e30, 0xaaab17efa640, 0xaaab17f04fca, 0xaaab17ef86f0) = 0 <0.000179>
[pid 223] 15:00:15.306168 <... EVP_PKEY_decapsulate resumed> ) = 1 <0.000385>
[pid 223] 15:00:15.306857 libssl.so.3->X509_verify_cert(0xaaab17ef6660, 0, 0, 0xffffffff) = 1 <0.000409>
[pid 223] 15:00:15.307475 libssl.so.3->EVP_DigestVerifyInit_ex(0xaaab17ef13a0, 0xffffed031dd8, 0, 0) = 1 <0.000130>
[pid 223] 15:00:15.307657 libssl.so.3->EVP_DigestVerify(0xaaab17ef13a0, 0xaaab17f04f78, 4627, 0xffffed031de0) = 1 <0.000273>
[pid 223] 15:00:15.308153 libssl.so.3->X509_verify_cert(0xaaab17ef6660, 1, 0, 0) = 1 <0.000317>
[pid 223] 15:00:15.308823 libssl.so.3->EVP_DigestSignInit_ex(0xaaab17e23700, 0xffffed031dc0, 0, 0) = 1 <0.000141>
[pid 223] 15:00:15.309027 libssl.so.3->EVP_DigestSign(0xaaab17e23700, 0, 0xffffed031dd0, 0xffffed031de0) = 1 <0.000111>
[pid 223] 15:00:15.309192 libssl.so.3->EVP_DigestSign(0xaaab17e23700, 0xaaab17f0b4e0, 0xffffed031dd0, 0xffffed031de0) = 1 <0.000626>
[pid 223] 15:00:15.310150 <... SSL_connect resumed> ) = 1 <0.007157>
[pid 223] 15:00:15.310422 oqsprovider.so->OQS_KEM_free(0xaaab17f02e30, 1, 7, 0xaaab17e06010) = 0xaaab17e06030 <0.000121>
Handshake duration: 7.29 ms
[pid 223] 15:00:15.311842 +++ exited (status 0) +++
Execution 13 - TLS Mutual
s_connection: verify depth is 1
[pid 225] 15:00:15.339639 openssl->SSL_connect(0xaaaad5629410, 0xaaaad55fb998, 0xffffab5840e0, 0 <unfinished ...>
[pid 225] 15:00:15.339971 libssl.so.3->EVP_PKEY_keygen_init(0xaaaad562e7c0, 0, 0, 0xaaaad562e830) = 1 <0.000112>
[pid 225] 15:00:15.340168 libssl.so.3->EVP_PKEY_keygen(0xaaaad562e7c0, 0xffffe79c0240, 0, 0 <unfinished ...>
[pid 225] 15:00:15.340357 oqsprovider.so->OQS_KEM_new(0xaaaad562e590, 0xaaaad562ddf0, 1792, 0) = 0xaaaad562de30 <0.000107>
[pid 225] 15:00:15.340512 oqsprovider.so->OQS_KEM_keypair(0xaaaad562de30, 0xaaaad562deb0, 0xaaaad56236f0, 0xaaaad5624300) = 0 <0.000342>
[pid 225] 15:00:15.340934 <... EVP_PKEY_keygen resumed> ) = 1 <0.000746>
[pid 225] 15:00:15.342245 libssl.so.3->EVP_PKEY_decapsulate_init(0xaaaad562e7c0, 0, 0, 0xaaaad562e830) = 1 <0.000173>
[pid 225] 15:00:15.342484 libssl.so.3->EVP_PKEY_decapsulate(0xaaaad562e7c0, 0, 0xffffe79c01c0, 0xaaaad562ffca) = 1 <0.000127>
[pid 225] 15:00:15.342667 libssl.so.3->EVP_PKEY_decapsulate(0xaaaad562e7c0, 0xaaaad5625640, 0xffffe79c01c0, 0xaaaad562ffca <unfinished ...>
[pid 225] 15:00:15.342798 oqsprovider.so->OQS_KEM_decaps(0xaaaad562de30, 0xaaaad5625640, 0xaaaad562ffca, 0xaaaad56236f0) = 0 <0.000175>
[pid 225] 15:00:15.343034 <... EVP_PKEY_decapsulate resumed> ) = 1 <0.000360>
[pid 225] 15:00:15.343708 libssl.so.3->X509_verify_cert(0xaaaad5621660, 0, 0, 0xffffffff) = 1 <0.000386>
[pid 225] 15:00:15.344333 libssl.so.3->EVP_DigestVerifyInit_ex(0xaaaad561c3a0, 0xffffe79c02c8, 0, 0) = 1 <0.000129>
[pid 225] 15:00:15.344535 libssl.so.3->EVP_DigestVerify(0xaaaad561c3a0, 0xaaaad562ff78, 4627, 0xffffe79c02d0) = 1 <0.000301>
[pid 225] 15:00:15.345030 libssl.so.3->X509_verify_cert(0xaaaad5621660, 1, 0, 0) = 1 <0.000335>
[pid 225] 15:00:15.345707 libssl.so.3->EVP_DigestSignInit_ex(0xaaaad554e700, 0xffffe79c02b0, 0, 0) = 1 <0.000185>
[pid 225] 15:00:15.345939 libssl.so.3->EVP_DigestSign(0xaaaad554e700, 0, 0xffffe79c02c0, 0xffffe79c02d0) = 1 <0.000136>
[pid 225] 15:00:15.346125 libssl.so.3->EVP_DigestSign(0xaaaad554e700, 0xaaaad56364e0, 0xffffe79c02c0, 0xffffe79c02d0) = 1 <0.001020>
[pid 225] 15:00:15.347455 <... SSL_connect resumed> ) = 1 <0.007809>
[pid 225] 15:00:15.347788 oqsprovider.so->OQS_KEM_free(0xaaaad562de30, 1, 7, 0xaaaad5531010) = 0xaaaad5531030 <0.000110>
Handshake duration: 8.01 ms
[pid 225] 15:00:15.349075 +++ exited (status 0) +++
Execution 14 - TLS Mutual
s_connection: verify depth is 1
[pid 227] 15:00:15.376690 openssl->SSL_connect(0xaaaaf022b410, 0xaaaaf01fd998, 0xffff961340e0, 0 <unfinished ...>
[pid 227] 15:00:15.377030 libssl.so.3->EVP_PKEY_keygen_init(0xaaaaf02307c0, 0, 0, 0xaaaaf0230830) = 1 <0.000120>
[pid 227] 15:00:15.377205 libssl.so.3->EVP_PKEY_keygen(0xaaaaf02307c0, 0xfffffa60feb0, 0, 0 <unfinished ...>
[pid 227] 15:00:15.377351 oqsprovider.so->OQS_KEM_new(0xaaaaf0230590, 0xaaaaf022fdf0, 1792, 0) = 0xaaaaf022fe30 <0.000092>
[pid 227] 15:00:15.377492 oqsprovider.so->OQS_KEM_keypair(0xaaaaf022fe30, 0xaaaaf022feb0, 0xaaaaf02256f0, 0xaaaaf0226300) = 0 <0.000353>
[pid 227] 15:00:15.377909 <... EVP_PKEY_keygen resumed> ) = 1 <0.000698>
[pid 227] 15:00:15.379186 libssl.so.3->EVP_PKEY_decapsulate_init(0xaaaaf02307c0, 0, 0, 0xaaaaf0230830) = 1 <0.000168>
[pid 227] 15:00:15.379427 libssl.so.3->EVP_PKEY_decapsulate(0xaaaaf02307c0, 0, 0xfffffa60fe30, 0xaaaaf0231fca) = 1 <0.000150>
[pid 227] 15:00:15.379627 libssl.so.3->EVP_PKEY_decapsulate(0xaaaaf02307c0, 0xaaaaf0227640, 0xfffffa60fe30, 0xaaaaf0231fca <unfinished ...>
[pid 227] 15:00:15.379789 oqsprovider.so->OQS_KEM_decaps(0xaaaaf022fe30, 0xaaaaf0227640, 0xaaaaf0231fca, 0xaaaaf02256f0) = 0 <0.000174>
[pid 227] 15:00:15.380022 <... EVP_PKEY_decapsulate resumed> ) = 1 <0.000389>
[pid 227] 15:00:15.380740 libssl.so.3->X509_verify_cert(0xaaaaf0223660, 0, 0, 0xffffffff) = 1 <0.000416>
[pid 227] 15:00:15.381389 libssl.so.3->EVP_DigestVerifyInit_ex(0xaaaaf021e3a0, 0xfffffa60ff38, 0, 0) = 1 <0.000127>
[pid 227] 15:00:15.381576 libssl.so.3->EVP_DigestVerify(0xaaaaf021e3a0, 0xaaaaf0231f78, 4627, 0xfffffa60ff40) = 1 <0.000370>
[pid 227] 15:00:15.382165 libssl.so.3->X509_verify_cert(0xaaaaf0223660, 1, 0, 0) = 1 <0.000326>
[pid 227] 15:00:15.382835 libssl.so.3->EVP_DigestSignInit_ex(0xaaaaf0150700, 0xfffffa60ff20, 0, 0) = 1 <0.000152>
[pid 227] 15:00:15.383046 libssl.so.3->EVP_DigestSign(0xaaaaf0150700, 0, 0xfffffa60ff30, 0xfffffa60ff40) = 1 <0.000186>
[pid 227] 15:00:15.383286 libssl.so.3->EVP_DigestSign(0xaaaaf0150700, 0xaaaaf02384e0, 0xfffffa60ff30, 0xfffffa60ff40) = 1 <0.000452>
[pid 227] 15:00:15.384081 <... SSL_connect resumed> ) = 1 <0.007381>
[pid 227] 15:00:15.384332 oqsprovider.so->OQS_KEM_free(0xaaaaf022fe30, 1, 7, 0xaaaaf0133010) = 0xaaaaf0133030 <0.000112>
Handshake duration: 7.51 ms
[pid 227] 15:00:15.385639 +++ exited (status 0) +++
Execution 15 - TLS Mutual
s_connection: verify depth is 1
[pid 229] 15:00:15.413327 openssl->SSL_connect(0xaaaaefec8410, 0xaaaaefe9a998, 0xffffac6b40e0, 0 <unfinished ...>
[pid 229] 15:00:15.413663 libssl.so.3->EVP_PKEY_keygen_init(0xaaaaefecd7c0, 0, 0, 0xaaaaefecd830) = 1 <0.000113>
[pid 229] 15:00:15.413830 libssl.so.3->EVP_PKEY_keygen(0xaaaaefecd7c0, 0xffffcf7c4f90, 0, 0 <unfinished ...>
[pid 229] 15:00:15.413941 oqsprovider.so->OQS_KEM_new(0xaaaaefecd590, 0xaaaaefeccdf0, 1792, 0) = 0xaaaaefecce30 <0.000141>
[pid 229] 15:00:15.414131 oqsprovider.so->OQS_KEM_keypair(0xaaaaefecce30, 0xaaaaefecceb0, 0xaaaaefec26f0, 0xaaaaefec3300) = 0 <0.000276>
[pid 229] 15:00:15.414467 <... EVP_PKEY_keygen resumed> ) = 1 <0.000640>
[pid 229] 15:00:15.415830 libssl.so.3->EVP_PKEY_decapsulate_init(0xaaaaefecd7c0, 0, 0, 0xaaaaefecd830) = 1 <0.000154>
[pid 229] 15:00:15.416048 libssl.so.3->EVP_PKEY_decapsulate(0xaaaaefecd7c0, 0, 0xffffcf7c4f10, 0xaaaaefecefca) = 1 <0.000099>
[pid 229] 15:00:15.416198 libssl.so.3->EVP_PKEY_decapsulate(0xaaaaefecd7c0, 0xaaaaefec4640, 0xffffcf7c4f10, 0xaaaaefecefca <unfinished ...>
[pid 229] 15:00:15.416303 oqsprovider.so->OQS_KEM_decaps(0xaaaaefecce30, 0xaaaaefec4640, 0xaaaaefecefca, 0xaaaaefec26f0) = 0 <0.000187>
[pid 229] 15:00:15.416546 <... EVP_PKEY_decapsulate resumed> ) = 1 <0.000343>
[pid 229] 15:00:15.417256 libssl.so.3->X509_verify_cert(0xaaaaefec0660, 0, 0, 0xffffffff) = 1 <0.000417>
[pid 229] 15:00:15.417938 libssl.so.3->EVP_DigestVerifyInit_ex(0xaaaaefebb3a0, 0xffffcf7c5018, 0, 0) = 1 <0.000114>
[pid 229] 15:00:15.418104 libssl.so.3->EVP_DigestVerify(0xaaaaefebb3a0, 0xaaaaefecef78, 4627, 0xffffcf7c5020) = 1 <0.000324>
[pid 229] 15:00:15.418646 libssl.so.3->X509_verify_cert(0xaaaaefec0660, 1, 0, 0) = 1 <0.000368>
[pid 229] 15:00:15.419363 libssl.so.3->EVP_DigestSignInit_ex(0xaaaaefded700, 0xffffcf7c5000, 0, 0) = 1 <0.000123>
[pid 229] 15:00:15.419535 libssl.so.3->EVP_DigestSign(0xaaaaefded700, 0, 0xffffcf7c5010, 0xffffcf7c5020) = 1 <0.000103>
[pid 229] 15:00:15.419714 libssl.so.3->EVP_DigestSign(0xaaaaefded700, 0xaaaaefed54e0, 0xffffcf7c5010, 0xffffcf7c5020) = 1 <0.000630>
[pid 229] 15:00:15.420651 <... SSL_connect resumed> ) = 1 <0.007318>
[pid 229] 15:00:15.420941 oqsprovider.so->OQS_KEM_free(0xaaaaefecce30, 1, 7, 0xaaaaefdd0010) = 0xaaaaefdd0030 <0.000110>
Handshake duration: 7.47 ms
[pid 229] 15:00:15.422327 +++ exited (status 0) +++
Execution 16 - TLS Mutual
s_connection: verify depth is 1
[pid 231] 15:00:15.450017 openssl->SSL_connect(0xaaaacb41a410, 0xaaaacb3ec998, 0xffff83d740e0, 0 <unfinished ...>
[pid 231] 15:00:15.450313 libssl.so.3->EVP_PKEY_keygen_init(0xaaaacb41f7c0, 0, 0, 0xaaaacb41f830) = 1 <0.000114>
[pid 231] 15:00:15.450475 libssl.so.3->EVP_PKEY_keygen(0xaaaacb41f7c0, 0xffffe03e5a00, 0, 0 <unfinished ...>
[pid 231] 15:00:15.450666 oqsprovider.so->OQS_KEM_new(0xaaaacb41f590, 0xaaaacb41edf0, 1792, 0) = 0xaaaacb41ee30 <0.000155>
[pid 231] 15:00:15.450870 oqsprovider.so->OQS_KEM_keypair(0xaaaacb41ee30, 0xaaaacb41eeb0, 0xaaaacb4146f0, 0xaaaacb415300) = 0 <0.000308>
[pid 231] 15:00:15.451243 <... EVP_PKEY_keygen resumed> ) = 1 <0.000756>
[pid 231] 15:00:15.452610 libssl.so.3->EVP_PKEY_decapsulate_init(0xaaaacb41f7c0, 0, 0, 0xaaaacb41f830) = 1 <0.000171>
[pid 231] 15:00:15.452869 libssl.so.3->EVP_PKEY_decapsulate(0xaaaacb41f7c0, 0, 0xffffe03e5980, 0xaaaacb420fca) = 1 <0.000178>
[pid 231] 15:00:15.453088 libssl.so.3->EVP_PKEY_decapsulate(0xaaaacb41f7c0, 0xaaaacb416640, 0xffffe03e5980, 0xaaaacb420fca <unfinished ...>
[pid 231] 15:00:15.453292 oqsprovider.so->OQS_KEM_decaps(0xaaaacb41ee30, 0xaaaacb416640, 0xaaaacb420fca, 0xaaaacb4146f0) = 0 <0.000179>
[pid 231] 15:00:15.453516 <... EVP_PKEY_decapsulate resumed> ) = 1 <0.000422>
[pid 231] 15:00:15.454322 libssl.so.3->X509_verify_cert(0xaaaacb412660, 0, 0, 0xffffffff) = 1 <0.000440>
[pid 231] 15:00:15.454989 libssl.so.3->EVP_DigestVerifyInit_ex(0xaaaacb40d3a0, 0xffffe03e5a88, 0, 0) = 1 <0.000129>
[pid 231] 15:00:15.455173 libssl.so.3->EVP_DigestVerify(0xaaaacb40d3a0, 0xaaaacb420f78, 4627, 0xffffe03e5a90) = 1 <0.000265>
[pid 231] 15:00:15.455675 libssl.so.3->X509_verify_cert(0xaaaacb412660, 1, 0, 0) = 1 <0.000297>
[pid 231] 15:00:15.456299 libssl.so.3->EVP_DigestSignInit_ex(0xaaaacb33f700, 0xffffe03e5a70, 0, 0) = 1 <0.000120>
[pid 231] 15:00:15.456481 libssl.so.3->EVP_DigestSign(0xaaaacb33f700, 0, 0xffffe03e5a80, 0xffffe03e5a90) = 1 <0.000205>
[pid 231] 15:00:15.456732 libssl.so.3->EVP_DigestSign(0xaaaacb33f700, 0xaaaacb4274e0, 0xffffe03e5a80, 0xffffe03e5a90) = 1 <0.000460>
[pid 231] 15:00:15.457525 <... SSL_connect resumed> ) = 1 <0.007503>
[pid 231] 15:00:15.457849 oqsprovider.so->OQS_KEM_free(0xaaaacb41ee30, 1, 7, 0xaaaacb322010) = 0xaaaacb322030 <0.000119>
Handshake duration: 7.69 ms
[pid 231] 15:00:15.459181 +++ exited (status 0) +++
Execution 17 - TLS Mutual
s_connection: verify depth is 1
[pid 233] 15:00:15.486885 openssl->SSL_connect(0xaaaaea493410, 0xaaaaea465998, 0xffffa76e40e0, 0 <unfinished ...>
[pid 233] 15:00:15.487166 libssl.so.3->EVP_PKEY_keygen_init(0xaaaaea4987c0, 0, 0, 0xaaaaea498830) = 1 <0.000117>
[pid 233] 15:00:15.487345 libssl.so.3->EVP_PKEY_keygen(0xaaaaea4987c0, 0xffffe3da3740, 0, 0 <unfinished ...>
[pid 233] 15:00:15.487441 oqsprovider.so->OQS_KEM_new(0xaaaaea498590, 0xaaaaea497df0, 1792, 0) = 0xaaaaea497e30 <0.000142>
[pid 233] 15:00:15.487654 oqsprovider.so->OQS_KEM_keypair(0xaaaaea497e30, 0xaaaaea497eb0, 0xaaaaea48d6f0, 0xaaaaea48e300) = 0 <0.000352>
[pid 233] 15:00:15.488063 <... EVP_PKEY_keygen resumed> ) = 1 <0.000714>
[pid 233] 15:00:15.489387 libssl.so.3->EVP_PKEY_decapsulate_init(0xaaaaea4987c0, 0, 0, 0xaaaaea498830) = 1 <0.000181>
[pid 233] 15:00:15.489633 libssl.so.3->EVP_PKEY_decapsulate(0xaaaaea4987c0, 0, 0xffffe3da36c0, 0xaaaaea499fca) = 1 <0.000161>
[pid 233] 15:00:15.489840 libssl.so.3->EVP_PKEY_decapsulate(0xaaaaea4987c0, 0xaaaaea48f640, 0xffffe3da36c0, 0xaaaaea499fca <unfinished ...>
[pid 233] 15:00:15.489952 oqsprovider.so->OQS_KEM_decaps(0xaaaaea497e30, 0xaaaaea48f640, 0xaaaaea499fca, 0xaaaaea48d6f0) = 0 <0.000194>
[pid 233] 15:00:15.490190 <... EVP_PKEY_decapsulate resumed> ) = 1 <0.000344>
[pid 233] 15:00:15.490946 libssl.so.3->X509_verify_cert(0xaaaaea48b660, 0, 0, 0xffffffff) = 1 <0.000384>
[pid 233] 15:00:15.491572 libssl.so.3->EVP_DigestVerifyInit_ex(0xaaaaea4863a0, 0xffffe3da37c8, 0, 0) = 1 <0.000146>
[pid 233] 15:00:15.491801 libssl.so.3->EVP_DigestVerify(0xaaaaea4863a0, 0xaaaaea499f78, 4627, 0xffffe3da37d0) = 1 <0.000269>
[pid 233] 15:00:15.492293 libssl.so.3->X509_verify_cert(0xaaaaea48b660, 1, 0, 0) = 1 <0.000300>
[pid 233] 15:00:15.492961 libssl.so.3->EVP_DigestSignInit_ex(0xaaaaea3b8700, 0xffffe3da37b0, 0, 0) = 1 <0.000107>
[pid 233] 15:00:15.493129 libssl.so.3->EVP_DigestSign(0xaaaaea3b8700, 0, 0xffffe3da37c0, 0xffffe3da37d0) = 1 <0.000114>
[pid 233] 15:00:15.493303 libssl.so.3->EVP_DigestSign(0xaaaaea3b8700, 0xaaaaea4a04e0, 0xffffe3da37c0, 0xffffe3da37d0) = 1 <0.000619>
[pid 233] 15:00:15.494248 <... SSL_connect resumed> ) = 1 <0.007355>
[pid 233] 15:00:15.494511 oqsprovider.so->OQS_KEM_free(0xaaaaea497e30, 1, 7, 0xaaaaea39b010) = 0xaaaaea39b030 <0.000158>
Handshake duration: 7.50 ms
[pid 233] 15:00:15.495891 +++ exited (status 0) +++
Execution 18 - TLS Mutual
s_connection: verify depth is 1
[pid 235] 15:00:15.523710 openssl->SSL_connect(0xaaaaedacb410, 0xaaaaeda9d998, 0xffffb19d40e0, 0 <unfinished ...>
[pid 235] 15:00:15.524017 libssl.so.3->EVP_PKEY_keygen_init(0xaaaaedad07c0, 0, 0, 0xaaaaedad0830) = 1 <0.000116>
[pid 235] 15:00:15.524230 libssl.so.3->EVP_PKEY_keygen(0xaaaaedad07c0, 0xffffee94c0b0, 0, 0 <unfinished ...>
[pid 235] 15:00:15.524367 oqsprovider.so->OQS_KEM_new(0xaaaaedad0590, 0xaaaaedacfdf0, 1792, 0) = 0xaaaaedacfe30 <0.000107>
[pid 235] 15:00:15.524515 oqsprovider.so->OQS_KEM_keypair(0xaaaaedacfe30, 0xaaaaedacfeb0, 0xaaaaedac56f0, 0xaaaaedac6300) = 0 <0.000306>
[pid 235] 15:00:15.524886 <... EVP_PKEY_keygen resumed> ) = 1 <0.000647>
[pid 235] 15:00:15.526234 libssl.so.3->EVP_PKEY_decapsulate_init(0xaaaaedad07c0, 0, 0, 0xaaaaedad0830) = 1 <0.000158>
[pid 235] 15:00:15.526442 libssl.so.3->EVP_PKEY_decapsulate(0xaaaaedad07c0, 0, 0xffffee94c030, 0xaaaaedad1fca) = 1 <0.000099>
[pid 235] 15:00:15.526578 libssl.so.3->EVP_PKEY_decapsulate(0xaaaaedad07c0, 0xaaaaedac7640, 0xffffee94c030, 0xaaaaedad1fca <unfinished ...>
[pid 235] 15:00:15.526732 oqsprovider.so->OQS_KEM_decaps(0xaaaaedacfe30, 0xaaaaedac7640, 0xaaaaedad1fca, 0xaaaaedac56f0) = 0 <0.000178>
[pid 235] 15:00:15.526967 <... EVP_PKEY_decapsulate resumed> ) = 1 <0.000382>
[pid 235] 15:00:15.527667 libssl.so.3->X509_verify_cert(0xaaaaedac3660, 0, 0, 0xffffffff) = 1 <0.000408>
[pid 235] 15:00:15.528321 libssl.so.3->EVP_DigestVerifyInit_ex(0xaaaaedabe3a0, 0xffffee94c138, 0, 0) = 1 <0.000126>
[pid 235] 15:00:15.528506 libssl.so.3->EVP_DigestVerify(0xaaaaedabe3a0, 0xaaaaedad1f78, 4627, 0xffffee94c140) = 1 <0.000326>
[pid 235] 15:00:15.529047 libssl.so.3->X509_verify_cert(0xaaaaedac3660, 1, 0, 0) = 1 <0.000273>
[pid 235] 15:00:15.529642 libssl.so.3->EVP_DigestSignInit_ex(0xaaaaed9f0700, 0xffffee94c120, 0, 0) = 1 <0.000185>
[pid 235] 15:00:15.529890 libssl.so.3->EVP_DigestSign(0xaaaaed9f0700, 0, 0xffffee94c130, 0xffffee94c140) = 1 <0.000158>
[pid 235] 15:00:15.530101 libssl.so.3->EVP_DigestSign(0xaaaaed9f0700, 0xaaaaedad84e0, 0xffffee94c130, 0xffffee94c140) = 1 <0.000985>
[pid 235] 15:00:15.531386 <... SSL_connect resumed> ) = 1 <0.007669>
[pid 235] 15:00:15.531666 oqsprovider.so->OQS_KEM_free(0xaaaaedacfe30, 1, 7, 0xaaaaed9d3010) = 0xaaaaed9d3030 <0.000097>
Handshake duration: 7.82 ms
[pid 235] 15:00:15.532958 +++ exited (status 0) +++
Execution 19 - TLS Mutual
s_connection: verify depth is 1
[pid 237] 15:00:15.560612 openssl->SSL_connect(0xaaab14792410, 0xaaab14764998, 0xffff9a2640e0, 0 <unfinished ...>
[pid 237] 15:00:15.560917 libssl.so.3->EVP_PKEY_keygen_init(0xaaab147977c0, 0, 0, 0xaaab14797830) = 1 <0.000148>
[pid 237] 15:00:15.561118 libssl.so.3->EVP_PKEY_keygen(0xaaab147977c0, 0xffffdabb4490, 0, 0 <unfinished ...>
[pid 237] 15:00:15.561327 oqsprovider.so->OQS_KEM_new(0xaaab14797590, 0xaaab14796df0, 1792, 0) = 0xaaab14796e30 <0.000113>
[pid 237] 15:00:15.561491 oqsprovider.so->OQS_KEM_keypair(0xaaab14796e30, 0xaaab14796eb0, 0xaaab1478c6f0, 0xaaab1478d300) = 0 <0.000286>
[pid 237] 15:00:15.561840 <... EVP_PKEY_keygen resumed> ) = 1 <0.000715>
[pid 237] 15:00:15.563242 libssl.so.3->EVP_PKEY_decapsulate_init(0xaaab147977c0, 0, 0, 0xaaab14797830) = 1 <0.000176>
[pid 237] 15:00:15.563478 libssl.so.3->EVP_PKEY_decapsulate(0xaaab147977c0, 0, 0xffffdabb4410, 0xaaab14798fca) = 1 <0.000111>
[pid 237] 15:00:15.563712 libssl.so.3->EVP_PKEY_decapsulate(0xaaab147977c0, 0xaaab1478e640, 0xffffdabb4410, 0xaaab14798fca <unfinished ...>
[pid 237] 15:00:15.563868 oqsprovider.so->OQS_KEM_decaps(0xaaab14796e30, 0xaaab1478e640, 0xaaab14798fca, 0xaaab1478c6f0) = 0 <0.000210>
[pid 237] 15:00:15.564134 <... EVP_PKEY_decapsulate resumed> ) = 1 <0.000418>
[pid 237] 15:00:15.564846 libssl.so.3->X509_verify_cert(0xaaab1478a660, 0, 0, 0xffffffff) = 1 <0.000439>
[pid 237] 15:00:15.565527 libssl.so.3->EVP_DigestVerifyInit_ex(0xaaab147853a0, 0xffffdabb4518, 0, 0) = 1 <0.000119>
[pid 237] 15:00:15.565713 libssl.so.3->EVP_DigestVerify(0xaaab147853a0, 0xaaab14798f78, 4627, 0xffffdabb4520) = 1 <0.000329>
[pid 237] 15:00:15.566304 libssl.so.3->X509_verify_cert(0xaaab1478a660, 1, 0, 0) = 1 <0.000318>
[pid 237] 15:00:15.566991 libssl.so.3->EVP_DigestSignInit_ex(0xaaab146b7700, 0xffffdabb4500, 0, 0) = 1 <0.000101>
[pid 237] 15:00:15.567151 libssl.so.3->EVP_DigestSign(0xaaab146b7700, 0, 0xffffdabb4510, 0xffffdabb4520) = 1 <0.000145>
[pid 237] 15:00:15.567335 libssl.so.3->EVP_DigestSign(0xaaab146b7700, 0xaaab1479f4e0, 0xffffdabb4510, 0xffffdabb4520) = 1 <0.000546>
[pid 237] 15:00:15.568207 <... SSL_connect resumed> ) = 1 <0.007588>
[pid 237] 15:00:15.568494 oqsprovider.so->OQS_KEM_free(0xaaab14796e30, 1, 7, 0xaaab1469a010) = 0xaaab1469a030 <0.000117>
Handshake duration: 7.73 ms
[pid 237] 15:00:15.569820 +++ exited (status 0) +++
Execution 20 - TLS Mutual
s_connection: verify depth is 1
[pid 239] 15:00:15.597732 openssl->SSL_connect(0xaaab1a5ee410, 0xaaab1a5c0998, 0xffff904740e0, 0 <unfinished ...>
[pid 239] 15:00:15.598057 libssl.so.3->EVP_PKEY_keygen_init(0xaaab1a5f37c0, 0, 0, 0xaaab1a5f3830) = 1 <0.000127>
[pid 239] 15:00:15.598238 libssl.so.3->EVP_PKEY_keygen(0xaaab1a5f37c0, 0xfffff927a980, 0, 0 <unfinished ...>
[pid 239] 15:00:15.598411 oqsprovider.so->OQS_KEM_new(0xaaab1a5f3590, 0xaaab1a5f2df0, 1792, 0) = 0xaaab1a5f2e30 <0.000092>
[pid 239] 15:00:15.598572 oqsprovider.so->OQS_KEM_keypair(0xaaab1a5f2e30, 0xaaab1a5f2eb0, 0xaaab1a5e86f0, 0xaaab1a5e9300) = 0 <0.000293>
[pid 239] 15:00:15.598930 <... EVP_PKEY_keygen resumed> ) = 1 <0.000679>
[pid 239] 15:00:15.600268 libssl.so.3->EVP_PKEY_decapsulate_init(0xaaab1a5f37c0, 0, 0, 0xaaab1a5f3830) = 1 <0.000221>
[pid 239] 15:00:15.600540 libssl.so.3->EVP_PKEY_decapsulate(0xaaab1a5f37c0, 0, 0xfffff927a900, 0xaaab1a5f4fca) = 1 <0.000124>
[pid 239] 15:00:15.600807 libssl.so.3->EVP_PKEY_decapsulate(0xaaab1a5f37c0, 0xaaab1a5ea640, 0xfffff927a900, 0xaaab1a5f4fca <unfinished ...>
[pid 239] 15:00:15.601015 oqsprovider.so->OQS_KEM_decaps(0xaaab1a5f2e30, 0xaaab1a5ea640, 0xaaab1a5f4fca, 0xaaab1a5e86f0) = 0 <0.000191>
[pid 239] 15:00:15.601260 <... EVP_PKEY_decapsulate resumed> ) = 1 <0.000447>
[pid 239] 15:00:15.602017 libssl.so.3->X509_verify_cert(0xaaab1a5e6660, 0, 0, 0xffffffff) = 1 <0.000436>
[pid 239] 15:00:15.602695 libssl.so.3->EVP_DigestVerifyInit_ex(0xaaab1a5e13a0, 0xfffff927aa08, 0, 0) = 1 <0.000112>
[pid 239] 15:00:15.602868 libssl.so.3->EVP_DigestVerify(0xaaab1a5e13a0, 0xaaab1a5f4f78, 4627, 0xfffff927aa10) = 1 <0.000284>
[pid 239] 15:00:15.603349 libssl.so.3->X509_verify_cert(0xaaab1a5e6660, 1, 0, 0) = 1 <0.000288>
[pid 239] 15:00:15.603939 libssl.so.3->EVP_DigestSignInit_ex(0xaaab1a513700, 0xfffff927a9f0, 0, 0) = 1 <0.000117>
[pid 239] 15:00:15.604111 libssl.so.3->EVP_DigestSign(0xaaab1a513700, 0, 0xfffff927aa00, 0xfffff927aa10) = 1 <0.000101>
[pid 239] 15:00:15.604271 libssl.so.3->EVP_DigestSign(0xaaab1a513700, 0xaaab1a5fb4e0, 0xfffff927aa00, 0xfffff927aa10) = 1 <0.000611>
[pid 239] 15:00:15.605190 <... SSL_connect resumed> ) = 1 <0.007450>
[pid 239] 15:00:15.605506 oqsprovider.so->OQS_KEM_free(0xaaab1a5f2e30, 1, 7, 0xaaab1a4f6010) = 0xaaab1a4f6030 <0.000119>
Handshake duration: 7.59 ms
[pid 239] 15:00:15.606965 +++ exited (status 0) +++
Execution 21 - TLS Mutual
s_connection: verify depth is 1
[pid 241] 15:00:15.634912 openssl->SSL_connect(0xaaaad35cd410, 0xaaaad359f998, 0xffffbc1140e0, 0 <unfinished ...>
[pid 241] 15:00:15.635237 libssl.so.3->EVP_PKEY_keygen_init(0xaaaad35d27c0, 0, 0, 0xaaaad35d2830) = 1 <0.000110>
[pid 241] 15:00:15.635403 libssl.so.3->EVP_PKEY_keygen(0xaaaad35d27c0, 0xffffe052f050, 0, 0 <unfinished ...>
[pid 241] 15:00:15.635614 oqsprovider.so->OQS_KEM_new(0xaaaad35d2590, 0xaaaad35d1df0, 1792, 0) = 0xaaaad35d1e30 <0.000106>
[pid 241] 15:00:15.635765 oqsprovider.so->OQS_KEM_keypair(0xaaaad35d1e30, 0xaaaad35d1eb0, 0xaaaad35c76f0, 0xaaaad35c8300) = 0 <0.000322>
[pid 241] 15:00:15.636145 <... EVP_PKEY_keygen resumed> ) = 1 <0.000736>
[pid 241] 15:00:15.637441 libssl.so.3->EVP_PKEY_decapsulate_init(0xaaaad35d27c0, 0, 0, 0xaaaad35d2830) = 1 <0.000190>
[pid 241] 15:00:15.637687 libssl.so.3->EVP_PKEY_decapsulate(0xaaaad35d27c0, 0, 0xffffe052efd0, 0xaaaad35d3fca) = 1 <0.000102>
[pid 241] 15:00:15.637864 libssl.so.3->EVP_PKEY_decapsulate(0xaaaad35d27c0, 0xaaaad35c9640, 0xffffe052efd0, 0xaaaad35d3fca <unfinished ...>
[pid 241] 15:00:15.638010 oqsprovider.so->OQS_KEM_decaps(0xaaaad35d1e30, 0xaaaad35c9640, 0xaaaad35d3fca, 0xaaaad35c76f0) = 0 <0.000166>
[pid 241] 15:00:15.638228 <... EVP_PKEY_decapsulate resumed> ) = 1 <0.000383>
[pid 241] 15:00:15.638901 libssl.so.3->X509_verify_cert(0xaaaad35c5660, 0, 0, 0xffffffff) = 1 <0.000404>
[pid 241] 15:00:15.639530 libssl.so.3->EVP_DigestVerifyInit_ex(0xaaaad35c03a0, 0xffffe052f0d8, 0, 0) = 1 <0.000132>
[pid 241] 15:00:15.639713 libssl.so.3->EVP_DigestVerify(0xaaaad35c03a0, 0xaaaad35d3f78, 4627, 0xffffe052f0e0) = 1 <0.000316>
[pid 241] 15:00:15.640252 libssl.so.3->X509_verify_cert(0xaaaad35c5660, 1, 0, 0) = 1 <0.000342>
[pid 241] 15:00:15.640918 libssl.so.3->EVP_DigestSignInit_ex(0xaaaad34f2700, 0xffffe052f0c0, 0, 0) = 1 <0.000142>
[pid 241] 15:00:15.641137 libssl.so.3->EVP_DigestSign(0xaaaad34f2700, 0, 0xffffe052f0d0, 0xffffe052f0e0) = 1 <0.000129>
[pid 241] 15:00:15.641312 libssl.so.3->EVP_DigestSign(0xaaaad34f2700, 0xaaaad35da4e0, 0xffffe052f0d0, 0xffffe052f0e0) = 1 <0.000567>
[pid 241] 15:00:15.642223 <... SSL_connect resumed> ) = 1 <0.007307>
[pid 241] 15:00:15.642506 oqsprovider.so->OQS_KEM_free(0xaaaad35d1e30, 1, 7, 0xaaaad34d5010) = 0xaaaad34d5030 <0.000106>
Handshake duration: 7.44 ms
[pid 241] 15:00:15.643827 +++ exited (status 0) +++
Execution 22 - TLS Mutual
s_connection: verify depth is 1
[pid 243] 15:00:15.671766 openssl->SSL_connect(0xaaaaca87b410, 0xaaaaca84d998, 0xffff861c40e0, 0 <unfinished ...>
[pid 243] 15:00:15.672118 libssl.so.3->EVP_PKEY_keygen_init(0xaaaaca8807c0, 0, 0, 0xaaaaca880830) = 1 <0.000115>
[pid 243] 15:00:15.672286 libssl.so.3->EVP_PKEY_keygen(0xaaaaca8807c0, 0xffffc78bafb0, 0, 0 <unfinished ...>
[pid 243] 15:00:15.672438 oqsprovider.so->OQS_KEM_new(0xaaaaca880590, 0xaaaaca87fdf0, 1792, 0) = 0xaaaaca87fe30 <0.000087>
[pid 243] 15:00:15.672588 oqsprovider.so->OQS_KEM_keypair(0xaaaaca87fe30, 0xaaaaca87feb0, 0xaaaaca8756f0, 0xaaaaca876300) = 0 <0.000380>
[pid 243] 15:00:15.673034 <... EVP_PKEY_keygen resumed> ) = 1 <0.000741>
[pid 243] 15:00:15.674433 libssl.so.3->EVP_PKEY_decapsulate_init(0xaaaaca8807c0, 0, 0, 0xaaaaca880830) = 1 <0.000222>
[pid 243] 15:00:15.674714 libssl.so.3->EVP_PKEY_decapsulate(0xaaaaca8807c0, 0, 0xffffc78baf30, 0xaaaaca881fca) = 1 <0.000123>
[pid 243] 15:00:15.674894 libssl.so.3->EVP_PKEY_decapsulate(0xaaaaca8807c0, 0xaaaaca877640, 0xffffc78baf30, 0xaaaaca881fca <unfinished ...>
[pid 243] 15:00:15.675037 oqsprovider.so->OQS_KEM_decaps(0xaaaaca87fe30, 0xaaaaca877640, 0xaaaaca881fca, 0xaaaaca8756f0) = 0 <0.000201>
[pid 243] 15:00:15.675297 <... EVP_PKEY_decapsulate resumed> ) = 1 <0.000396>
[pid 243] 15:00:15.676019 libssl.so.3->X509_verify_cert(0xaaaaca873660, 0, 0, 0xffffffff) = 1 <0.000382>
[pid 243] 15:00:15.676635 libssl.so.3->EVP_DigestVerifyInit_ex(0xaaaaca86e3a0, 0xffffc78bb038, 0, 0) = 1 <0.000107>
[pid 243] 15:00:15.676807 libssl.so.3->EVP_DigestVerify(0xaaaaca86e3a0, 0xaaaaca881f78, 4627, 0xffffc78bb040) = 1 <0.000292>
[pid 243] 15:00:15.677363 libssl.so.3->X509_verify_cert(0xaaaaca873660, 1, 0, 0) = 1 <0.000339>
[pid 243] 15:00:15.678037 libssl.so.3->EVP_DigestSignInit_ex(0xaaaaca7a0700, 0xffffc78bb020, 0, 0) = 1 <0.000198>
[pid 243] 15:00:15.678361 libssl.so.3->EVP_DigestSign(0xaaaaca7a0700, 0, 0xffffc78bb030, 0xffffc78bb040) = 1 <0.000117>
[pid 243] 15:00:15.678523 libssl.so.3->EVP_DigestSign(0xaaaaca7a0700, 0xaaaaca8884e0, 0xffffc78bb030, 0xffffc78bb040) = 1 <0.001227>
[pid 243] 15:00:15.680070 <... SSL_connect resumed> ) = 1 <0.008299>
[pid 243] 15:00:15.680325 oqsprovider.so->OQS_KEM_free(0xaaaaca87fe30, 1, 7, 0xaaaaca783010) = 0xaaaaca783030 <0.000104>
Handshake duration: 8.43 ms
[pid 243] 15:00:15.681653 +++ exited (status 0) +++
Execution 23 - TLS Mutual
s_connection: verify depth is 1
[pid 245] 15:00:15.709410 openssl->SSL_connect(0xaaaafa1aa410, 0xaaaafa17c998, 0xffffaebd40e0, 0 <unfinished ...>
[pid 245] 15:00:15.709734 libssl.so.3->EVP_PKEY_keygen_init(0xaaaafa1af7c0, 0, 0, 0xaaaafa1af830) = 1 <0.000115>
[pid 245] 15:00:15.709903 libssl.so.3->EVP_PKEY_keygen(0xaaaafa1af7c0, 0xffffdc2e8900, 0, 0 <unfinished ...>
[pid 245] 15:00:15.710030 oqsprovider.so->OQS_KEM_new(0xaaaafa1af590, 0xaaaafa1aedf0, 1792, 0) = 0xaaaafa1aee30 <0.000115>
[pid 245] 15:00:15.710234 oqsprovider.so->OQS_KEM_keypair(0xaaaafa1aee30, 0xaaaafa1aeeb0, 0xaaaafa1a46f0, 0xaaaafa1a5300) = 0 <0.000351>
[pid 245] 15:00:15.710668 <... EVP_PKEY_keygen resumed> ) = 1 <0.000760>
[pid 245] 15:00:15.712039 libssl.so.3->EVP_PKEY_decapsulate_init(0xaaaafa1af7c0, 0, 0, 0xaaaafa1af830) = 1 <0.000138>
[pid 245] 15:00:15.712235 libssl.so.3->EVP_PKEY_decapsulate(0xaaaafa1af7c0, 0, 0xffffdc2e8880, 0xaaaafa1b0fca) = 1 <0.000195>
[pid 245] 15:00:15.712484 libssl.so.3->EVP_PKEY_decapsulate(0xaaaafa1af7c0, 0xaaaafa1a6640, 0xffffdc2e8880, 0xaaaafa1b0fca <unfinished ...>
[pid 245] 15:00:15.712660 oqsprovider.so->OQS_KEM_decaps(0xaaaafa1aee30, 0xaaaafa1a6640, 0xaaaafa1b0fca, 0xaaaafa1a46f0) = 0 <0.000203>
[pid 245] 15:00:15.712915 <... EVP_PKEY_decapsulate resumed> ) = 1 <0.000435>
[pid 245] 15:00:15.713603 libssl.so.3->X509_verify_cert(0xaaaafa1a2660, 0, 0, 0xffffffff) = 1 <0.000376>
[pid 245] 15:00:15.714202 libssl.so.3->EVP_DigestVerifyInit_ex(0xaaaafa19d3a0, 0xffffdc2e8988, 0, 0) = 1 <0.000122>
[pid 245] 15:00:15.714366 libssl.so.3->EVP_DigestVerify(0xaaaafa19d3a0, 0xaaaafa1b0f78, 4627, 0xffffdc2e8990) = 1 <0.000348>
[pid 245] 15:00:15.714955 libssl.so.3->X509_verify_cert(0xaaaafa1a2660, 1, 0, 0) = 1 <0.000310>
[pid 245] 15:00:15.715613 libssl.so.3->EVP_DigestSignInit_ex(0xaaaafa0cf700, 0xffffdc2e8970, 0, 0) = 1 <0.000187>
[pid 245] 15:00:15.715839 libssl.so.3->EVP_DigestSign(0xaaaafa0cf700, 0, 0xffffdc2e8980, 0xffffdc2e8990) = 1 <0.000107>
[pid 245] 15:00:15.716003 libssl.so.3->EVP_DigestSign(0xaaaafa0cf700, 0xaaaafa1b74e0, 0xffffdc2e8980, 0xffffdc2e8990) = 1 <0.001165>
[pid 245] 15:00:15.717499 <... SSL_connect resumed> ) = 1 <0.008078>
[pid 245] 15:00:15.717818 oqsprovider.so->OQS_KEM_free(0xaaaafa1aee30, 1, 7, 0xaaaafa0b2010) = 0xaaaafa0b2030 <0.000142>
Handshake duration: 8.24 ms
[pid 245] 15:00:15.719188 +++ exited (status 0) +++
Execution 24 - TLS Mutual
s_connection: verify depth is 1
[pid 247] 15:00:15.746938 openssl->SSL_connect(0xaaaae9297410, 0xaaaae9269998, 0xffffb50c40e0, 0 <unfinished ...>
[pid 247] 15:00:15.747240 libssl.so.3->EVP_PKEY_keygen_init(0xaaaae929c7c0, 0, 0, 0xaaaae929c830) = 1 <0.000141>
[pid 247] 15:00:15.747443 libssl.so.3->EVP_PKEY_keygen(0xaaaae929c7c0, 0xffffe9e3bac0, 0, 0 <unfinished ...>
[pid 247] 15:00:15.747586 oqsprovider.so->OQS_KEM_new(0xaaaae929c590, 0xaaaae929bdf0, 1792, 0) = 0xaaaae929be30 <0.000136>
[pid 247] 15:00:15.747791 oqsprovider.so->OQS_KEM_keypair(0xaaaae929be30, 0xaaaae929beb0, 0xaaaae92916f0, 0xaaaae9292300) = 0 <0.000332>
[pid 247] 15:00:15.748187 <... EVP_PKEY_keygen resumed> ) = 1 <0.000737>
[pid 247] 15:00:15.749547 libssl.so.3->EVP_PKEY_decapsulate_init(0xaaaae929c7c0, 0, 0, 0xaaaae929c830) = 1 <0.000180>
[pid 247] 15:00:15.749793 libssl.so.3->EVP_PKEY_decapsulate(0xaaaae929c7c0, 0, 0xffffe9e3ba40, 0xaaaae929dfca) = 1 <0.000146>
[pid 247] 15:00:15.749977 libssl.so.3->EVP_PKEY_decapsulate(0xaaaae929c7c0, 0xaaaae9293640, 0xffffe9e3ba40, 0xaaaae929dfca <unfinished ...>
[pid 247] 15:00:15.750088 oqsprovider.so->OQS_KEM_decaps(0xaaaae929be30, 0xaaaae9293640, 0xaaaae929dfca, 0xaaaae92916f0) = 0 <0.000276>
[pid 247] 15:00:15.750428 <... EVP_PKEY_decapsulate resumed> ) = 1 <0.000438>
[pid 247] 15:00:15.751212 libssl.so.3->X509_verify_cert(0xaaaae928f660, 0, 0, 0xffffffff) = 1 <0.000397>
[pid 247] 15:00:15.751833 libssl.so.3->EVP_DigestVerifyInit_ex(0xaaaae928a3a0, 0xffffe9e3bb48, 0, 0) = 1 <0.000114>
[pid 247] 15:00:15.752012 libssl.so.3->EVP_DigestVerify(0xaaaae928a3a0, 0xaaaae929df78, 4627, 0xffffe9e3bb50) = 1 <0.000254>
[pid 247] 15:00:15.752478 libssl.so.3->X509_verify_cert(0xaaaae928f660, 1, 0, 0) = 1 <0.000320>
[pid 247] 15:00:15.753124 libssl.so.3->EVP_DigestSignInit_ex(0xaaaae91bc700, 0xffffe9e3bb30, 0, 0) = 1 <0.000131>
[pid 247] 15:00:15.753306 libssl.so.3->EVP_DigestSign(0xaaaae91bc700, 0, 0xffffe9e3bb40, 0xffffe9e3bb50) = 1 <0.000111>
[pid 247] 15:00:15.753485 libssl.so.3->EVP_DigestSign(0xaaaae91bc700, 0xaaaae92a44e0, 0xffffe9e3bb40, 0xffffe9e3bb50) = 1 <0.000542>
[pid 247] 15:00:15.754336 <... SSL_connect resumed> ) = 1 <0.007394>
[pid 247] 15:00:15.754635 oqsprovider.so->OQS_KEM_free(0xaaaae929be30, 1, 7, 0xaaaae919f010) = 0xaaaae919f030 <0.000093>
Handshake duration: 7.53 ms
[pid 247] 15:00:15.755922 +++ exited (status 0) +++
Execution 25 - TLS Mutual
s_connection: verify depth is 1
[pid 249] 15:00:15.784133 openssl->SSL_connect(0xaaaaf4745410, 0xaaaaf4717998, 0xffff9b6340e0, 0 <unfinished ...>
[pid 249] 15:00:15.784492 libssl.so.3->EVP_PKEY_keygen_init(0xaaaaf474a7c0, 0, 0, 0xaaaaf474a830) = 1 <0.000103>
[pid 249] 15:00:15.784653 libssl.so.3->EVP_PKEY_keygen(0xaaaaf474a7c0, 0xffffef09d4e0, 0, 0 <unfinished ...>
[pid 249] 15:00:15.784760 oqsprovider.so->OQS_KEM_new(0xaaaaf474a590, 0xaaaaf4749df0, 1792, 0) = 0xaaaaf4749e30 <0.000098>
[pid 249] 15:00:15.784915 oqsprovider.so->OQS_KEM_keypair(0xaaaaf4749e30, 0xaaaaf4749eb0, 0xaaaaf473f6f0, 0xaaaaf4740300) = 0 <0.000301>
[pid 249] 15:00:15.785273 <... EVP_PKEY_keygen resumed> ) = 1 <0.000611>
[pid 249] 15:00:15.786575 libssl.so.3->EVP_PKEY_decapsulate_init(0xaaaaf474a7c0, 0, 0, 0xaaaaf474a830) = 1 <0.000176>
[pid 249] 15:00:15.786816 libssl.so.3->EVP_PKEY_decapsulate(0xaaaaf474a7c0, 0, 0xffffef09d460, 0xaaaaf474bfca) = 1 <0.000111>
[pid 249] 15:00:15.787010 libssl.so.3->EVP_PKEY_decapsulate(0xaaaaf474a7c0, 0xaaaaf4741640, 0xffffef09d460, 0xaaaaf474bfca <unfinished ...>
[pid 249] 15:00:15.787123 oqsprovider.so->OQS_KEM_decaps(0xaaaaf4749e30, 0xaaaaf4741640, 0xaaaaf474bfca, 0xaaaaf473f6f0) = 0 <0.000180>
[pid 249] 15:00:15.787354 <... EVP_PKEY_decapsulate resumed> ) = 1 <0.000337>
[pid 249] 15:00:15.788139 libssl.so.3->X509_verify_cert(0xaaaaf473d660, 0, 0, 0xffffffff) = 1 <0.000412>
[pid 249] 15:00:15.788814 libssl.so.3->EVP_DigestVerifyInit_ex(0xaaaaf47383a0, 0xffffef09d568, 0, 0) = 1 <0.000114>
[pid 249] 15:00:15.788973 libssl.so.3->EVP_DigestVerify(0xaaaaf47383a0, 0xaaaaf474bf78, 4627, 0xffffef09d570) = 1 <0.000397>
[pid 249] 15:00:15.789586 libssl.so.3->X509_verify_cert(0xaaaaf473d660, 1, 0, 0) = 1 <0.000348>
[pid 249] 15:00:15.790294 libssl.so.3->EVP_DigestSignInit_ex(0xaaaaf466a700, 0xffffef09d550, 0, 0) = 1 <0.000199>
[pid 249] 15:00:15.790623 libssl.so.3->EVP_DigestSign(0xaaaaf466a700, 0, 0xffffef09d560, 0xffffef09d570) = 1 <0.000206>
[pid 249] 15:00:15.790882 libssl.so.3->EVP_DigestSign(0xaaaaf466a700, 0xaaaaf47524e0, 0xffffef09d560, 0xffffef09d570) = 1 <0.000464>
[pid 249] 15:00:15.791660 <... SSL_connect resumed> ) = 1 <0.007522>
[pid 249] 15:00:15.791958 oqsprovider.so->OQS_KEM_free(0xaaaaf4749e30, 1, 7, 0xaaaaf464d010) = 0xaaaaf464d030 <0.000113>
Handshake duration: 7.69 ms
[pid 249] 15:00:15.793317 +++ exited (status 0) +++
Execution 26 - TLS Mutual
s_connection: verify depth is 1
[pid 251] 15:00:15.821088 openssl->SSL_connect(0xaaaabd4f7410, 0xaaaabd4c9998, 0xffff9cd340e0, 0 <unfinished ...>
[pid 251] 15:00:15.821440 libssl.so.3->EVP_PKEY_keygen_init(0xaaaabd4fc7c0, 0, 0, 0xaaaabd4fc830) = 1 <0.000112>
[pid 251] 15:00:15.821660 libssl.so.3->EVP_PKEY_keygen(0xaaaabd4fc7c0, 0xffffff2fe360, 0, 0 <unfinished ...>
[pid 251] 15:00:15.821791 oqsprovider.so->OQS_KEM_new(0xaaaabd4fc590, 0xaaaabd4fbdf0, 1792, 0) = 0xaaaabd4fbe30 <0.000109>
[pid 251] 15:00:15.821972 oqsprovider.so->OQS_KEM_keypair(0xaaaabd4fbe30, 0xaaaabd4fbeb0, 0xaaaabd4f16f0, 0xaaaabd4f2300) = 0 <0.000318>
[pid 251] 15:00:15.822348 <... EVP_PKEY_keygen resumed> ) = 1 <0.000693>
[pid 251] 15:00:15.823671 libssl.so.3->EVP_PKEY_decapsulate_init(0xaaaabd4fc7c0, 0, 0, 0xaaaabd4fc830) = 1 <0.000155>
[pid 251] 15:00:15.823890 libssl.so.3->EVP_PKEY_decapsulate(0xaaaabd4fc7c0, 0, 0xffffff2fe2e0, 0xaaaabd4fdfca) = 1 <0.000106>
[pid 251] 15:00:15.824046 libssl.so.3->EVP_PKEY_decapsulate(0xaaaabd4fc7c0, 0xaaaabd4f3640, 0xffffff2fe2e0, 0xaaaabd4fdfca <unfinished ...>
[pid 251] 15:00:15.824166 oqsprovider.so->OQS_KEM_decaps(0xaaaabd4fbe30, 0xaaaabd4f3640, 0xaaaabd4fdfca, 0xaaaabd4f16f0) = 0 <0.000172>
[pid 251] 15:00:15.824398 <... EVP_PKEY_decapsulate resumed> ) = 1 <0.000345>
[pid 251] 15:00:15.825080 libssl.so.3->X509_verify_cert(0xaaaabd4ef660, 0, 0, 0xffffffff) = 1 <0.000375>
[pid 251] 15:00:15.825761 libssl.so.3->EVP_DigestVerifyInit_ex(0xaaaabd4ea3a0, 0xffffff2fe3e8, 0, 0) = 1 <0.000106>
[pid 251] 15:00:15.825930 libssl.so.3->EVP_DigestVerify(0xaaaabd4ea3a0, 0xaaaabd4fdf78, 4627, 0xffffff2fe3f0) = 1 <0.000274>
[pid 251] 15:00:15.826411 libssl.so.3->X509_verify_cert(0xaaaabd4ef660, 1, 0, 0) = 1 <0.000313>
[pid 251] 15:00:15.827045 libssl.so.3->EVP_DigestSignInit_ex(0xaaaabd41c700, 0xffffff2fe3d0, 0, 0) = 1 <0.000151>
[pid 251] 15:00:15.827243 libssl.so.3->EVP_DigestSign(0xaaaabd41c700, 0, 0xffffff2fe3e0, 0xffffff2fe3f0) = 1 <0.000104>
[pid 251] 15:00:15.827399 libssl.so.3->EVP_DigestSign(0xaaaabd41c700, 0xaaaabd5044e0, 0xffffff2fe3e0, 0xffffff2fe3f0) = 1 <0.000465>
[pid 251] 15:00:15.828171 <... SSL_connect resumed> ) = 1 <0.007080>
[pid 251] 15:00:15.828463 oqsprovider.so->OQS_KEM_free(0xaaaabd4fbe30, 1, 7, 0xaaaabd3ff010) = 0xaaaabd3ff030 <0.000118>
Handshake duration: 7.20 ms
[pid 251] 15:00:15.829783 +++ exited (status 0) +++
Execution 27 - TLS Mutual
s_connection: verify depth is 1
[pid 253] 15:00:15.857552 openssl->SSL_connect(0xaaaae3cb0410, 0xaaaae3c82998, 0xffff855940e0, 0 <unfinished ...>
[pid 253] 15:00:15.857866 libssl.so.3->EVP_PKEY_keygen_init(0xaaaae3cb57c0, 0, 0, 0xaaaae3cb5830) = 1 <0.000099>
[pid 253] 15:00:15.858026 libssl.so.3->EVP_PKEY_keygen(0xaaaae3cb57c0, 0xffffc42f4d30, 0, 0 <unfinished ...>
[pid 253] 15:00:15.858137 oqsprovider.so->OQS_KEM_new(0xaaaae3cb5590, 0xaaaae3cb4df0, 1792, 0) = 0xaaaae3cb4e30 <0.000124>
[pid 253] 15:00:15.858313 oqsprovider.so->OQS_KEM_keypair(0xaaaae3cb4e30, 0xaaaae3cb4eb0, 0xaaaae3caa6f0, 0xaaaae3cab300) = 0 <0.000293>
[pid 253] 15:00:15.858665 <... EVP_PKEY_keygen resumed> ) = 1 <0.000630>
[pid 253] 15:00:15.860046 libssl.so.3->EVP_PKEY_decapsulate_init(0xaaaae3cb57c0, 0, 0, 0xaaaae3cb5830) = 1 <0.000241>
[pid 253] 15:00:15.860338 libssl.so.3->EVP_PKEY_decapsulate(0xaaaae3cb57c0, 0, 0xffffc42f4cb0, 0xaaaae3cb6fca) = 1 <0.000125>
[pid 253] 15:00:15.860536 libssl.so.3->EVP_PKEY_decapsulate(0xaaaae3cb57c0, 0xaaaae3cac640, 0xffffc42f4cb0, 0xaaaae3cb6fca <unfinished ...>
[pid 253] 15:00:15.860634 oqsprovider.so->OQS_KEM_decaps(0xaaaae3cb4e30, 0xaaaae3cac640, 0xaaaae3cb6fca, 0xaaaae3caa6f0) = 0 <0.000259>
[pid 253] 15:00:15.860948 <... EVP_PKEY_decapsulate resumed> ) = 1 <0.000409>
[pid 253] 15:00:15.861606 libssl.so.3->X509_verify_cert(0xaaaae3ca8660, 0, 0, 0xffffffff) = 1 <0.000398>
[pid 253] 15:00:15.862219 libssl.so.3->EVP_DigestVerifyInit_ex(0xaaaae3ca33a0, 0xffffc42f4db8, 0, 0) = 1 <0.000115>
[pid 253] 15:00:15.862389 libssl.so.3->EVP_DigestVerify(0xaaaae3ca33a0, 0xaaaae3cb6f78, 4627, 0xffffc42f4dc0) = 1 <0.000304>
[pid 253] 15:00:15.862905 libssl.so.3->X509_verify_cert(0xaaaae3ca8660, 1, 0, 0) = 1 <0.000319>
[pid 253] 15:00:15.863555 libssl.so.3->EVP_DigestSignInit_ex(0xaaaae3bd5700, 0xffffc42f4da0, 0, 0) = 1 <0.000201>
[pid 253] 15:00:15.863808 libssl.so.3->EVP_DigestSign(0xaaaae3bd5700, 0, 0xffffc42f4db0, 0xffffc42f4dc0) = 1 <0.000115>
[pid 253] 15:00:15.863990 libssl.so.3->EVP_DigestSign(0xaaaae3bd5700, 0xaaaae3cbd4e0, 0xffffc42f4db0, 0xffffc42f4dc0) = 1 <0.000437>
[pid 253] 15:00:15.864740 <... SSL_connect resumed> ) = 1 <0.007183>
[pid 253] 15:00:15.865017 oqsprovider.so->OQS_KEM_free(0xaaaae3cb4e30, 1, 7, 0xaaaae3bb8010) = 0xaaaae3bb8030 <0.000115>
Handshake duration: 7.32 ms
[pid 253] 15:00:15.866390 +++ exited (status 0) +++
Execution 28 - TLS Mutual
s_connection: verify depth is 1
[pid 255] 15:00:15.894052 openssl->SSL_connect(0xaaaaca3da410, 0xaaaaca3ac998, 0xffffab0440e0, 0 <unfinished ...>
[pid 255] 15:00:15.894348 libssl.so.3->EVP_PKEY_keygen_init(0xaaaaca3df7c0, 0, 0, 0xaaaaca3df830) = 1 <0.000127>
[pid 255] 15:00:15.894546 libssl.so.3->EVP_PKEY_keygen(0xaaaaca3df7c0, 0xffffcb42eb50, 0, 0 <unfinished ...>
[pid 255] 15:00:15.894670 oqsprovider.so->OQS_KEM_new(0xaaaaca3df590, 0xaaaaca3dedf0, 1792, 0) = 0xaaaaca3dee30 <0.000115>
[pid 255] 15:00:15.894832 oqsprovider.so->OQS_KEM_keypair(0xaaaaca3dee30, 0xaaaaca3deeb0, 0xaaaaca3d46f0, 0xaaaaca3d5300) = 0 <0.000305>
[pid 255] 15:00:15.895193 <... EVP_PKEY_keygen resumed> ) = 1 <0.000641>
[pid 255] 15:00:15.896481 libssl.so.3->EVP_PKEY_decapsulate_init(0xaaaaca3df7c0, 0, 0, 0xaaaaca3df830) = 1 <0.000181>
[pid 255] 15:00:15.896717 libssl.so.3->EVP_PKEY_decapsulate(0xaaaaca3df7c0, 0, 0xffffcb42ead0, 0xaaaaca3e0fca) = 1 <0.000101>
[pid 255] 15:00:15.896876 libssl.so.3->EVP_PKEY_decapsulate(0xaaaaca3df7c0, 0xaaaaca3d6640, 0xffffcb42ead0, 0xaaaaca3e0fca <unfinished ...>
[pid 255] 15:00:15.896986 oqsprovider.so->OQS_KEM_decaps(0xaaaaca3dee30, 0xaaaaca3d6640, 0xaaaaca3e0fca, 0xaaaaca3d46f0) = 0 <0.000229>
[pid 255] 15:00:15.897284 <... EVP_PKEY_decapsulate resumed> ) = 1 <0.000394>
[pid 255] 15:00:15.897973 libssl.so.3->X509_verify_cert(0xaaaaca3d2660, 0, 0, 0xffffffff) = 1 <0.000375>
[pid 255] 15:00:15.898578 libssl.so.3->EVP_DigestVerifyInit_ex(0xaaaaca3cd3a0, 0xffffcb42ebd8, 0, 0) = 1 <0.000123>
[pid 255] 15:00:15.898765 libssl.so.3->EVP_DigestVerify(0xaaaaca3cd3a0, 0xaaaaca3e0f78, 4627, 0xffffcb42ebe0) = 1 <0.000308>
[pid 255] 15:00:15.899289 libssl.so.3->X509_verify_cert(0xaaaaca3d2660, 1, 0, 0) = 1 <0.000344>
[pid 255] 15:00:15.899989 libssl.so.3->EVP_DigestSignInit_ex(0xaaaaca2ff700, 0xffffcb42ebc0, 0, 0) = 1 <0.000151>
[pid 255] 15:00:15.900210 libssl.so.3->EVP_DigestSign(0xaaaaca2ff700, 0, 0xffffcb42ebd0, 0xffffcb42ebe0) = 1 <0.000111>
[pid 255] 15:00:15.900369 libssl.so.3->EVP_DigestSign(0xaaaaca2ff700, 0xaaaaca3e74e0, 0xffffcb42ebd0, 0xffffcb42ebe0) = 1 <0.000544>
[pid 255] 15:00:15.901267 <... SSL_connect resumed> ) = 1 <0.007210>
[pid 255] 15:00:15.901549 oqsprovider.so->OQS_KEM_free(0xaaaaca3dee30, 1, 7, 0xaaaaca2e2010) = 0xaaaaca2e2030 <0.000136>
Handshake duration: 7.36 ms
[pid 255] 15:00:15.902902 +++ exited (status 0) +++
Execution 29 - TLS Mutual
s_connection: verify depth is 1
[pid 257] 15:00:15.930744 openssl->SSL_connect(0xaaab17992410, 0xaaab17964998, 0xffff8b1f40e0, 0 <unfinished ...>
[pid 257] 15:00:15.931049 libssl.so.3->EVP_PKEY_keygen_init(0xaaab179977c0, 0, 0, 0xaaab17997830) = 1 <0.000110>
[pid 257] 15:00:15.931213 libssl.so.3->EVP_PKEY_keygen(0xaaab179977c0, 0xffffc166fe50, 0, 0 <unfinished ...>
[pid 257] 15:00:15.931374 oqsprovider.so->OQS_KEM_new(0xaaab17997590, 0xaaab17996df0, 1792, 0) = 0xaaab17996e30 <0.000130>
[pid 257] 15:00:15.931584 oqsprovider.so->OQS_KEM_keypair(0xaaab17996e30, 0xaaab17996eb0, 0xaaab1798c6f0, 0xaaab1798d300) = 0 <0.000345>
[pid 257] 15:00:15.931992 <... EVP_PKEY_keygen resumed> ) = 1 <0.000775>
[pid 257] 15:00:15.933261 libssl.so.3->EVP_PKEY_decapsulate_init(0xaaab179977c0, 0, 0, 0xaaab17997830) = 1 <0.000145>
[pid 257] 15:00:15.933471 libssl.so.3->EVP_PKEY_decapsulate(0xaaab179977c0, 0, 0xffffc166fdd0, 0xaaab17998fca) = 1 <0.000133>
[pid 257] 15:00:15.933674 libssl.so.3->EVP_PKEY_decapsulate(0xaaab179977c0, 0xaaab1798e640, 0xffffc166fdd0, 0xaaab17998fca <unfinished ...>
[pid 257] 15:00:15.933786 oqsprovider.so->OQS_KEM_decaps(0xaaab17996e30, 0xaaab1798e640, 0xaaab17998fca, 0xaaab1798c6f0) = 0 <0.000173>
[pid 257] 15:00:15.934010 <... EVP_PKEY_decapsulate resumed> ) = 1 <0.000329>
[pid 257] 15:00:15.934695 libssl.so.3->X509_verify_cert(0xaaab1798a660, 0, 0, 0xffffffff) = 1 <0.000437>
[pid 257] 15:00:15.935357 libssl.so.3->EVP_DigestVerifyInit_ex(0xaaab179853a0, 0xffffc166fed8, 0, 0) = 1 <0.000124>
[pid 257] 15:00:15.935545 libssl.so.3->EVP_DigestVerify(0xaaab179853a0, 0xaaab17998f78, 4627, 0xffffc166fee0) = 1 <0.000325>
[pid 257] 15:00:15.936095 libssl.so.3->X509_verify_cert(0xaaab1798a660, 1, 0, 0) = 1 <0.000315>
[pid 257] 15:00:15.936738 libssl.so.3->EVP_DigestSignInit_ex(0xaaab178b7700, 0xffffc166fec0, 0, 0) = 1 <0.000111>
[pid 257] 15:00:15.936937 libssl.so.3->EVP_DigestSign(0xaaab178b7700, 0, 0xffffc166fed0, 0xffffc166fee0) = 1 <0.000140>
[pid 257] 15:00:15.937124 libssl.so.3->EVP_DigestSign(0xaaab178b7700, 0xaaab1799f4e0, 0xffffc166fed0, 0xffffc166fee0) = 1 <0.000871>
[pid 257] 15:00:15.938306 <... SSL_connect resumed> ) = 1 <0.007556>
[pid 257] 15:00:15.938613 oqsprovider.so->OQS_KEM_free(0xaaab17996e30, 1, 7, 0xaaab1789a010) = 0xaaab1789a030 <0.000108>
Handshake duration: 7.69 ms
[pid 257] 15:00:15.940001 +++ exited (status 0) +++
Execution 30 - TLS Mutual
s_connection: verify depth is 1
[pid 259] 15:00:15.968036 openssl->SSL_connect(0xaaab0a6bc410, 0xaaab0a68e998, 0xffff98da40e0, 0 <unfinished ...>
[pid 259] 15:00:15.968331 libssl.so.3->EVP_PKEY_keygen_init(0xaaab0a6c17c0, 0, 0, 0xaaab0a6c1830) = 1 <0.000104>
[pid 259] 15:00:15.968505 libssl.so.3->EVP_PKEY_keygen(0xaaab0a6c17c0, 0xffffc31dc510, 0, 0 <unfinished ...>
[pid 259] 15:00:15.968664 oqsprovider.so->OQS_KEM_new(0xaaab0a6c1590, 0xaaab0a6c0df0, 1792, 0) = 0xaaab0a6c0e30 <0.000234>
[pid 259] 15:00:15.969008 oqsprovider.so->OQS_KEM_keypair(0xaaab0a6c0e30, 0xaaab0a6c0eb0, 0xaaab0a6b66f0, 0xaaab0a6b7300) = 0 <0.000314>
[pid 259] 15:00:15.969381 <... EVP_PKEY_keygen resumed> ) = 1 <0.000876>
[pid 259] 15:00:15.970677 libssl.so.3->EVP_PKEY_decapsulate_init(0xaaab0a6c17c0, 0, 0, 0xaaab0a6c1830) = 1 <0.000187>
[pid 259] 15:00:15.970928 libssl.so.3->EVP_PKEY_decapsulate(0xaaab0a6c17c0, 0, 0xffffc31dc490, 0xaaab0a6c2fca) = 1 <0.000124>
[pid 259] 15:00:15.971091 libssl.so.3->EVP_PKEY_decapsulate(0xaaab0a6c17c0, 0xaaab0a6b8640, 0xffffc31dc490, 0xaaab0a6c2fca <unfinished ...>
[pid 259] 15:00:15.971432 oqsprovider.so->OQS_KEM_decaps(0xaaab0a6c0e30, 0xaaab0a6b8640, 0xaaab0a6c2fca, 0xaaab0a6b66f0) = 0 <0.000368>
[pid 259] 15:00:15.971693 <... EVP_PKEY_decapsulate resumed> ) = 1 <0.000594>
[pid 259] 15:00:15.972379 libssl.so.3->X509_verify_cert(0xaaab0a6b4660, 0, 0, 0xffffffff) = 1 <0.000424>
[pid 259] 15:00:15.973009 libssl.so.3->EVP_DigestVerifyInit_ex(0xaaab0a6af3a0, 0xffffc31dc598, 0, 0) = 1 <0.000127>
[pid 259] 15:00:15.973191 libssl.so.3->EVP_DigestVerify(0xaaab0a6af3a0, 0xaaab0a6c2f78, 4627, 0xffffc31dc5a0) = 1 <0.000309>
[pid 259] 15:00:15.973711 libssl.so.3->X509_verify_cert(0xaaab0a6b4660, 1, 0, 0) = 1 <0.000305>
[pid 259] 15:00:15.974359 libssl.so.3->EVP_DigestSignInit_ex(0xaaab0a5e1700, 0xffffc31dc580, 0, 0) = 1 <0.000182>
[pid 259] 15:00:15.974620 libssl.so.3->EVP_DigestSign(0xaaab0a5e1700, 0, 0xffffc31dc590, 0xffffc31dc5a0) = 1 <0.000123>
[pid 259] 15:00:15.974776 libssl.so.3->EVP_DigestSign(0xaaab0a5e1700, 0xaaab0a6c94e0, 0xffffc31dc590, 0xffffc31dc5a0) = 1 <0.000680>
[pid 259] 15:00:15.975815 <... SSL_connect resumed> ) = 1 <0.007775>
[pid 259] 15:00:15.976113 oqsprovider.so->OQS_KEM_free(0xaaab0a6c0e30, 1, 7, 0xaaab0a5c4010) = 0xaaab0a5c4030 <0.000112>
Handshake duration: 7.94 ms
[pid 259] 15:00:15.977457 +++ exited (status 0) +++
Execution 31 - TLS Mutual
s_connection: verify depth is 1
[pid 261] 15:00:16.005585 openssl->SSL_connect(0xaaab08f8a410, 0xaaab08f5c998, 0xffffbae240e0, 0 <unfinished ...>
[pid 261] 15:00:16.006001 libssl.so.3->EVP_PKEY_keygen_init(0xaaab08f8f7c0, 0, 0, 0xaaab08f8f830) = 1 <0.000120>
[pid 261] 15:00:16.006175 libssl.so.3->EVP_PKEY_keygen(0xaaab08f8f7c0, 0xffffcce0d6a0, 0, 0 <unfinished ...>
[pid 261] 15:00:16.006337 oqsprovider.so->OQS_KEM_new(0xaaab08f8f590, 0xaaab08f8edf0, 1792, 0) = 0xaaab08f8ee30 <0.000102>
[pid 261] 15:00:16.006480 oqsprovider.so->OQS_KEM_keypair(0xaaab08f8ee30, 0xaaab08f8eeb0, 0xaaab08f846f0, 0xaaab08f85300) = 0 <0.000365>
[pid 261] 15:00:16.006907 <... EVP_PKEY_keygen resumed> ) = 1 <0.000725>
[pid 261] 15:00:16.008285 libssl.so.3->EVP_PKEY_decapsulate_init(0xaaab08f8f7c0, 0, 0, 0xaaab08f8f830) = 1 <0.000145>
[pid 261] 15:00:16.008517 libssl.so.3->EVP_PKEY_decapsulate(0xaaab08f8f7c0, 0, 0xffffcce0d620, 0xaaab08f90fca) = 1 <0.000216>
[pid 261] 15:00:16.008758 libssl.so.3->EVP_PKEY_decapsulate(0xaaab08f8f7c0, 0xaaab08f86640, 0xffffcce0d620, 0xaaab08f90fca <unfinished ...>
[pid 261] 15:00:16.008888 oqsprovider.so->OQS_KEM_decaps(0xaaab08f8ee30, 0xaaab08f86640, 0xaaab08f90fca, 0xaaab08f846f0) = 0 <0.000190>
[pid 261] 15:00:16.009136 <... EVP_PKEY_decapsulate resumed> ) = 1 <0.000371>
[pid 261] 15:00:16.009842 libssl.so.3->X509_verify_cert(0xaaab08f82660, 0, 0, 0xffffffff) = 1 <0.000407>
[pid 261] 15:00:16.010491 libssl.so.3->EVP_DigestVerifyInit_ex(0xaaab08f7d3a0, 0xffffcce0d728, 0, 0) = 1 <0.000110>
[pid 261] 15:00:16.010740 libssl.so.3->EVP_DigestVerify(0xaaab08f7d3a0, 0xaaab08f90f78, 4627, 0xffffcce0d730) = 1 <0.000282>
[pid 261] 15:00:16.011229 libssl.so.3->X509_verify_cert(0xaaab08f82660, 1, 0, 0) = 1 <0.000325>
[pid 261] 15:00:16.011888 libssl.so.3->EVP_DigestSignInit_ex(0xaaab08eaf700, 0xffffcce0d710, 0, 0) = 1 <0.000153>
[pid 261] 15:00:16.012085 libssl.so.3->EVP_DigestSign(0xaaab08eaf700, 0, 0xffffcce0d720, 0xffffcce0d730) = 1 <0.000138>
[pid 261] 15:00:16.012268 libssl.so.3->EVP_DigestSign(0xaaab08eaf700, 0xaaab08f974e0, 0xffffcce0d720, 0xffffcce0d730) = 1 <0.000469>
[pid 261] 15:00:16.013056 <... SSL_connect resumed> ) = 1 <0.007466>
[pid 261] 15:00:16.013322 oqsprovider.so->OQS_KEM_free(0xaaab08f8ee30, 1, 7, 0xaaab08e92010) = 0xaaab08e92030 <0.000107>
Handshake duration: 7.61 ms
[pid 261] 15:00:16.014586 +++ exited (status 0) +++
Execution 32 - TLS Mutual
s_connection: verify depth is 1
[pid 263] 15:00:16.042496 openssl->SSL_connect(0xaaab1f526410, 0xaaab1f4f8998, 0xffff95d040e0, 0 <unfinished ...>
[pid 263] 15:00:16.042845 libssl.so.3->EVP_PKEY_keygen_init(0xaaab1f52b7c0, 0, 0, 0xaaab1f52b830) = 1 <0.000124>
[pid 263] 15:00:16.043067 libssl.so.3->EVP_PKEY_keygen(0xaaab1f52b7c0, 0xffffd5e75c20, 0, 0 <unfinished ...>
[pid 263] 15:00:16.043219 oqsprovider.so->OQS_KEM_new(0xaaab1f52b590, 0xaaab1f52adf0, 1792, 0) = 0xaaab1f52ae30 <0.000166>
[pid 263] 15:00:16.043471 oqsprovider.so->OQS_KEM_keypair(0xaaab1f52ae30, 0xaaab1f52aeb0, 0xaaab1f5206f0, 0xaaab1f521300) = 0 <0.000367>
[pid 263] 15:00:16.043896 <... EVP_PKEY_keygen resumed> ) = 1 <0.000823>
[pid 263] 15:00:16.045255 libssl.so.3->EVP_PKEY_decapsulate_init(0xaaab1f52b7c0, 0, 0, 0xaaab1f52b830) = 1 <0.000180>
[pid 263] 15:00:16.045480 libssl.so.3->EVP_PKEY_decapsulate(0xaaab1f52b7c0, 0, 0xffffd5e75ba0, 0xaaab1f52cfca) = 1 <0.000111>
[pid 263] 15:00:16.045662 libssl.so.3->EVP_PKEY_decapsulate(0xaaab1f52b7c0, 0xaaab1f522640, 0xffffd5e75ba0, 0xaaab1f52cfca <unfinished ...>
[pid 263] 15:00:16.046006 oqsprovider.so->OQS_KEM_decaps(0xaaab1f52ae30, 0xaaab1f522640, 0xaaab1f52cfca, 0xaaab1f5206f0) = 0 <0.000269>
[pid 263] 15:00:16.046332 <... EVP_PKEY_decapsulate resumed> ) = 1 <0.000662>
[pid 263] 15:00:16.047033 libssl.so.3->X509_verify_cert(0xaaab1f51e660, 0, 0, 0xffffffff) = 1 <0.000392>
[pid 263] 15:00:16.047643 libssl.so.3->EVP_DigestVerifyInit_ex(0xaaab1f5193a0, 0xffffd5e75ca8, 0, 0) = 1 <0.000129>
[pid 263] 15:00:16.047836 libssl.so.3->EVP_DigestVerify(0xaaab1f5193a0, 0xaaab1f52cf78, 4627, 0xffffd5e75cb0) = 1 <0.000267>
[pid 263] 15:00:16.048311 libssl.so.3->X509_verify_cert(0xaaab1f51e660, 1, 0, 0) = 1 <0.000333>
[pid 263] 15:00:16.048983 libssl.so.3->EVP_DigestSignInit_ex(0xaaab1f44b700, 0xffffd5e75c90, 0, 0) = 1 <0.000144>
[pid 263] 15:00:16.049177 libssl.so.3->EVP_DigestSign(0xaaab1f44b700, 0, 0xffffd5e75ca0, 0xffffd5e75cb0) = 1 <0.000092>
[pid 263] 15:00:16.049327 libssl.so.3->EVP_DigestSign(0xaaab1f44b700, 0xaaab1f5334e0, 0xffffd5e75ca0, 0xffffd5e75cb0) = 1 <0.000762>
[pid 263] 15:00:16.050410 <... SSL_connect resumed> ) = 1 <0.007906>
[pid 263] 15:00:16.050675 oqsprovider.so->OQS_KEM_free(0xaaab1f52ae30, 1, 7, 0xaaab1f42e010) = 0xaaab1f42e030 <0.000126>
Handshake duration: 8.04 ms
[pid 263] 15:00:16.052021 +++ exited (status 0) +++
Execution 33 - TLS Mutual
s_connection: verify depth is 1
[pid 265] 15:00:16.080019 openssl->SSL_connect(0xaaaabebd9410, 0xaaaabebab998, 0xffff993140e0, 0 <unfinished ...>
[pid 265] 15:00:16.080349 libssl.so.3->EVP_PKEY_keygen_init(0xaaaabebde7c0, 0, 0, 0xaaaabebde830) = 1 <0.000149>
[pid 265] 15:00:16.080555 libssl.so.3->EVP_PKEY_keygen(0xaaaabebde7c0, 0xffffc9965310, 0, 0 <unfinished ...>
[pid 265] 15:00:16.080654 oqsprovider.so->OQS_KEM_new(0xaaaabebde590, 0xaaaabebdddf0, 1792, 0) = 0xaaaabebdde30 <0.000105>
[pid 265] 15:00:16.080815 oqsprovider.so->OQS_KEM_keypair(0xaaaabebdde30, 0xaaaabebddeb0, 0xaaaabebd36f0, 0xaaaabebd4300) = 0 <0.000309>
[pid 265] 15:00:16.081184 <... EVP_PKEY_keygen resumed> ) = 1 <0.000622>
[pid 265] 15:00:16.082542 libssl.so.3->EVP_PKEY_decapsulate_init(0xaaaabebde7c0, 0, 0, 0xaaaabebde830) = 1 <0.000140>
[pid 265] 15:00:16.082804 libssl.so.3->EVP_PKEY_decapsulate(0xaaaabebde7c0, 0, 0xffffc9965290, 0xaaaabebdffca) = 1 <0.000169>
[pid 265] 15:00:16.083000 libssl.so.3->EVP_PKEY_decapsulate(0xaaaabebde7c0, 0xaaaabebd5640, 0xffffc9965290, 0xaaaabebdffca <unfinished ...>
[pid 265] 15:00:16.083103 oqsprovider.so->OQS_KEM_decaps(0xaaaabebdde30, 0xaaaabebd5640, 0xaaaabebdffca, 0xaaaabebd36f0) = 0 <0.000189>
[pid 265] 15:00:16.083361 <... EVP_PKEY_decapsulate resumed> ) = 1 <0.000355>
[pid 265] 15:00:16.084096 libssl.so.3->X509_verify_cert(0xaaaabebd1660, 0, 0, 0xffffffff) = 1 <0.000426>
[pid 265] 15:00:16.084736 libssl.so.3->EVP_DigestVerifyInit_ex(0xaaaabebcc3a0, 0xffffc9965398, 0, 0) = 1 <0.000116>
[pid 265] 15:00:16.084919 libssl.so.3->EVP_DigestVerify(0xaaaabebcc3a0, 0xaaaabebdff78, 4627, 0xffffc99653a0) = 1 <0.000329>
[pid 265] 15:00:16.085465 libssl.so.3->X509_verify_cert(0xaaaabebd1660, 1, 0, 0) = 1 <0.000305>
[pid 265] 15:00:16.086114 libssl.so.3->EVP_DigestSignInit_ex(0xaaaabeafe700, 0xffffc9965380, 0, 0) = 1 <0.000200>
[pid 265] 15:00:16.086364 libssl.so.3->EVP_DigestSign(0xaaaabeafe700, 0, 0xffffc9965390, 0xffffc99653a0) = 1 <0.000126>
[pid 265] 15:00:16.086555 libssl.so.3->EVP_DigestSign(0xaaaabeafe700, 0xaaaabebe64e0, 0xffffc9965390, 0xffffc99653a0) = 1 <0.000578>
[pid 265] 15:00:16.087404 <... SSL_connect resumed> ) = 1 <0.007381>
[pid 265] 15:00:16.087697 oqsprovider.so->OQS_KEM_free(0xaaaabebdde30, 1, 7, 0xaaaabeae1010) = 0xaaaabeae1030 <0.000153>
Handshake duration: 7.50 ms
[pid 265] 15:00:16.089115 +++ exited (status 0) +++
Execution 34 - TLS Mutual
s_connection: verify depth is 1
[pid 267] 15:00:16.117069 openssl->SSL_connect(0xaaaae30c9410, 0xaaaae309b998, 0xffffa0fc40e0, 0 <unfinished ...>
[pid 267] 15:00:16.117367 libssl.so.3->EVP_PKEY_keygen_init(0xaaaae30ce7c0, 0, 0, 0xaaaae30ce830) = 1 <0.000122>
[pid 267] 15:00:16.117544 libssl.so.3->EVP_PKEY_keygen(0xaaaae30ce7c0, 0xfffffe412d90, 0, 0 <unfinished ...>
[pid 267] 15:00:16.117658 oqsprovider.so->OQS_KEM_new(0xaaaae30ce590, 0xaaaae30cddf0, 1792, 0) = 0xaaaae30cde30 <0.000121>
[pid 267] 15:00:16.117829 oqsprovider.so->OQS_KEM_keypair(0xaaaae30cde30, 0xaaaae30cdeb0, 0xaaaae30c36f0, 0xaaaae30c4300) = 0 <0.000277>
[pid 267] 15:00:16.118175 <... EVP_PKEY_keygen resumed> ) = 1 <0.000623>
[pid 267] 15:00:16.119504 libssl.so.3->EVP_PKEY_decapsulate_init(0xaaaae30ce7c0, 0, 0, 0xaaaae30ce830) = 1 <0.000179>
[pid 267] 15:00:16.119729 libssl.so.3->EVP_PKEY_decapsulate(0xaaaae30ce7c0, 0, 0xfffffe412d10, 0xaaaae30cffca) = 1 <0.000120>
[pid 267] 15:00:16.119895 libssl.so.3->EVP_PKEY_decapsulate(0xaaaae30ce7c0, 0xaaaae30c5640, 0xfffffe412d10, 0xaaaae30cffca <unfinished ...>
[pid 267] 15:00:16.120015 oqsprovider.so->OQS_KEM_decaps(0xaaaae30cde30, 0xaaaae30c5640, 0xaaaae30cffca, 0xaaaae30c36f0) = 0 <0.000182>
[pid 267] 15:00:16.120267 <... EVP_PKEY_decapsulate resumed> ) = 1 <0.000354>
[pid 267] 15:00:16.120962 libssl.so.3->X509_verify_cert(0xaaaae30c1660, 0, 0, 0xffffffff) = 1 <0.000395>
[pid 267] 15:00:16.121576 libssl.so.3->EVP_DigestVerifyInit_ex(0xaaaae30bc3a0, 0xfffffe412e18, 0, 0) = 1 <0.000127>
[pid 267] 15:00:16.121767 libssl.so.3->EVP_DigestVerify(0xaaaae30bc3a0, 0xaaaae30cff78, 4627, 0xfffffe412e20) = 1 <0.000292>
[pid 267] 15:00:16.122298 libssl.so.3->X509_verify_cert(0xaaaae30c1660, 1, 0, 0) = 1 <0.000358>
[pid 267] 15:00:16.122998 libssl.so.3->EVP_DigestSignInit_ex(0xaaaae2fee700, 0xfffffe412e00, 0, 0) = 1 <0.000100>
[pid 267] 15:00:16.123143 libssl.so.3->EVP_DigestSign(0xaaaae2fee700, 0, 0xfffffe412e10, 0xfffffe412e20) = 1 <0.000093>
[pid 267] 15:00:16.123315 libssl.so.3->EVP_DigestSign(0xaaaae2fee700, 0xaaaae30d64e0, 0xfffffe412e10, 0xfffffe412e20) = 1 <0.000777>
[pid 267] 15:00:16.124446 <... SSL_connect resumed> ) = 1 <0.007373>
[pid 267] 15:00:16.124766 oqsprovider.so->OQS_KEM_free(0xaaaae30cde30, 1, 7, 0xaaaae2fd1010) = 0xaaaae2fd1030 <0.000130>
Handshake duration: 7.52 ms
[pid 267] 15:00:16.126097 +++ exited (status 0) +++
Execution 35 - TLS Mutual
s_connection: verify depth is 1
[pid 269] 15:00:16.154030 openssl->SSL_connect(0xaaaadfc48410, 0xaaaadfc1a998, 0xffff844b40e0, 0 <unfinished ...>
[pid 269] 15:00:16.154349 libssl.so.3->EVP_PKEY_keygen_init(0xaaaadfc4d7c0, 0, 0, 0xaaaadfc4d830) = 1 <0.000109>
[pid 269] 15:00:16.154511 libssl.so.3->EVP_PKEY_keygen(0xaaaadfc4d7c0, 0xfffff74fa890, 0, 0 <unfinished ...>
[pid 269] 15:00:16.154728 oqsprovider.so->OQS_KEM_new(0xaaaadfc4d590, 0xaaaadfc4cdf0, 1792, 0) = 0xaaaadfc4ce30 <0.000153>
[pid 269] 15:00:16.154955 oqsprovider.so->OQS_KEM_keypair(0xaaaadfc4ce30, 0xaaaadfc4ceb0, 0xaaaadfc426f0, 0xaaaadfc43300) = 0 <0.000317>
[pid 269] 15:00:16.155338 <... EVP_PKEY_keygen resumed> ) = 1 <0.000820>
[pid 269] 15:00:16.156715 libssl.so.3->EVP_PKEY_decapsulate_init(0xaaaadfc4d7c0, 0, 0, 0xaaaadfc4d830) = 1 <0.000192>
[pid 269] 15:00:16.156985 libssl.so.3->EVP_PKEY_decapsulate(0xaaaadfc4d7c0, 0, 0xfffff74fa810, 0xaaaadfc4efca) = 1 <0.000097>
[pid 269] 15:00:16.157117 libssl.so.3->EVP_PKEY_decapsulate(0xaaaadfc4d7c0, 0xaaaadfc44640, 0xfffff74fa810, 0xaaaadfc4efca <unfinished ...>
[pid 269] 15:00:16.157242 oqsprovider.so->OQS_KEM_decaps(0xaaaadfc4ce30, 0xaaaadfc44640, 0xaaaadfc4efca, 0xaaaadfc426f0) = 0 <0.000199>
[pid 269] 15:00:16.157497 <... EVP_PKEY_decapsulate resumed> ) = 1 <0.000373>
[pid 269] 15:00:16.158194 libssl.so.3->X509_verify_cert(0xaaaadfc40660, 0, 0, 0xffffffff) = 1 <0.000415>
[pid 269] 15:00:16.158855 libssl.so.3->EVP_DigestVerifyInit_ex(0xaaaadfc3b3a0, 0xfffff74fa918, 0, 0) = 1 <0.000116>
[pid 269] 15:00:16.159044 libssl.so.3->EVP_DigestVerify(0xaaaadfc3b3a0, 0xaaaadfc4ef78, 4627, 0xfffff74fa920) = 1 <0.000333>
[pid 269] 15:00:16.159604 libssl.so.3->X509_verify_cert(0xaaaadfc40660, 1, 0, 0) = 1 <0.000290>
[pid 269] 15:00:16.160248 libssl.so.3->EVP_DigestSignInit_ex(0xaaaadfb6d700, 0xfffff74fa900, 0, 0) = 1 <0.000135>
[pid 269] 15:00:16.160429 libssl.so.3->EVP_DigestSign(0xaaaadfb6d700, 0, 0xfffff74fa910, 0xfffff74fa920) = 1 <0.000160>
[pid 269] 15:00:16.160642 libssl.so.3->EVP_DigestSign(0xaaaadfb6d700, 0xaaaadfc554e0, 0xfffff74fa910, 0xfffff74fa920) = 1 <0.000866>
[pid 269] 15:00:16.161875 <... SSL_connect resumed> ) = 1 <0.007841>
[pid 269] 15:00:16.162171 oqsprovider.so->OQS_KEM_free(0xaaaadfc4ce30, 1, 7, 0xaaaadfb50010) = 0xaaaadfb50030 <0.000118>
Handshake duration: 8.01 ms
[pid 269] 15:00:16.163508 +++ exited (status 0) +++
Execution 36 - TLS Mutual
s_connection: verify depth is 1
[pid 271] 15:00:16.191641 openssl->SSL_connect(0xaaaaf0358410, 0xaaaaf032a998, 0xffffb1e740e0, 0 <unfinished ...>
[pid 271] 15:00:16.191982 libssl.so.3->EVP_PKEY_keygen_init(0xaaaaf035d7c0, 0, 0, 0xaaaaf035d830) = 1 <0.000149>
[pid 271] 15:00:16.192192 libssl.so.3->EVP_PKEY_keygen(0xaaaaf035d7c0, 0xffffd81b19a0, 0, 0 <unfinished ...>
[pid 271] 15:00:16.192332 oqsprovider.so->OQS_KEM_new(0xaaaaf035d590, 0xaaaaf035cdf0, 1792, 0) = 0xaaaaf035ce30 <0.000095>
[pid 271] 15:00:16.192472 oqsprovider.so->OQS_KEM_keypair(0xaaaaf035ce30, 0xaaaaf035ceb0, 0xaaaaf03526f0, 0xaaaaf0353300) = 0 <0.000294>
[pid 271] 15:00:16.192827 <... EVP_PKEY_keygen resumed> ) = 1 <0.000628>
[pid 271] 15:00:16.194189 libssl.so.3->EVP_PKEY_decapsulate_init(0xaaaaf035d7c0, 0, 0, 0xaaaaf035d830) = 1 <0.000180>
[pid 271] 15:00:16.194416 libssl.so.3->EVP_PKEY_decapsulate(0xaaaaf035d7c0, 0, 0xffffd81b1920, 0xaaaaf035efca) = 1 <0.000140>
[pid 271] 15:00:16.194602 libssl.so.3->EVP_PKEY_decapsulate(0xaaaaf035d7c0, 0xaaaaf0354640, 0xffffd81b1920, 0xaaaaf035efca <unfinished ...>
[pid 271] 15:00:16.194772 oqsprovider.so->OQS_KEM_decaps(0xaaaaf035ce30, 0xaaaaf0354640, 0xaaaaf035efca, 0xaaaaf03526f0) = 0 <0.000177>
[pid 271] 15:00:16.195004 <... EVP_PKEY_decapsulate resumed> ) = 1 <0.000401>
[pid 271] 15:00:16.195714 libssl.so.3->X509_verify_cert(0xaaaaf0350660, 0, 0, 0xffffffff) = 1 <0.000423>
[pid 271] 15:00:16.196377 libssl.so.3->EVP_DigestVerifyInit_ex(0xaaaaf034b3a0, 0xffffd81b1a28, 0, 0) = 1 <0.000106>
[pid 271] 15:00:16.196564 libssl.so.3->EVP_DigestVerify(0xaaaaf034b3a0, 0xaaaaf035ef78, 4627, 0xffffd81b1a30) = 1 <0.000431>
[pid 271] 15:00:16.197211 libssl.so.3->X509_verify_cert(0xaaaaf0350660, 1, 0, 0) = 1 <0.000290>
[pid 271] 15:00:16.197831 libssl.so.3->EVP_DigestSignInit_ex(0xaaaaf027d700, 0xffffd81b1a10, 0, 0) = 1 <0.000133>
[pid 271] 15:00:16.198013 libssl.so.3->EVP_DigestSign(0xaaaaf027d700, 0, 0xffffd81b1a20, 0xffffd81b1a30) = 1 <0.000093>
[pid 271] 15:00:16.198194 libssl.so.3->EVP_DigestSign(0xaaaaf027d700, 0xaaaaf03654e0, 0xffffd81b1a20, 0xffffd81b1a30) = 1 <0.000612>
[pid 271] 15:00:16.199114 <... SSL_connect resumed> ) = 1 <0.007468>
[pid 271] 15:00:16.199395 oqsprovider.so->OQS_KEM_free(0xaaaaf035ce30, 1, 7, 0xaaaaf0260010) = 0xaaaaf0260030 <0.000108>
Handshake duration: 7.62 ms
[pid 271] 15:00:16.200725 +++ exited (status 0) +++
Execution 37 - TLS Mutual
s_connection: verify depth is 1
[pid 273] 15:00:16.228641 openssl->SSL_connect(0xaaaafade9410, 0xaaaafadbb998, 0xffff955340e0, 0 <unfinished ...>
[pid 273] 15:00:16.228959 libssl.so.3->EVP_PKEY_keygen_init(0xaaaafadee7c0, 0, 0, 0xaaaafadee830) = 1 <0.000127>
[pid 273] 15:00:16.229147 libssl.so.3->EVP_PKEY_keygen(0xaaaafadee7c0, 0xffffdeba42a0, 0, 0 <unfinished ...>
[pid 273] 15:00:16.229291 oqsprovider.so->OQS_KEM_new(0xaaaafadee590, 0xaaaafadeddf0, 1792, 0) = 0xaaaafadede30 <0.000108>
[pid 273] 15:00:16.229452 oqsprovider.so->OQS_KEM_keypair(0xaaaafadede30, 0xaaaafadedeb0, 0xaaaafade36f0, 0xaaaafade4300) = 0 <0.000312>
[pid 273] 15:00:16.229826 <... EVP_PKEY_keygen resumed> ) = 1 <0.000672>
[pid 273] 15:00:16.231182 libssl.so.3->EVP_PKEY_decapsulate_init(0xaaaafadee7c0, 0, 0, 0xaaaafadee830) = 1 <0.000298>
[pid 273] 15:00:16.231528 libssl.so.3->EVP_PKEY_decapsulate(0xaaaafadee7c0, 0, 0xffffdeba4220, 0xaaaafadeffca) = 1 <0.000181>
[pid 273] 15:00:16.231758 libssl.so.3->EVP_PKEY_decapsulate(0xaaaafadee7c0, 0xaaaafade5640, 0xffffdeba4220, 0xaaaafadeffca <unfinished ...>
[pid 273] 15:00:16.231956 oqsprovider.so->OQS_KEM_decaps(0xaaaafadede30, 0xaaaafade5640, 0xaaaafadeffca, 0xaaaafade36f0) = 0 <0.000214>
[pid 273] 15:00:16.232224 <... EVP_PKEY_decapsulate resumed> ) = 1 <0.000462>
[pid 273] 15:00:16.232937 libssl.so.3->X509_verify_cert(0xaaaafade1660, 0, 0, 0xffffffff) = 1 <0.000350>
[pid 273] 15:00:16.233500 libssl.so.3->EVP_DigestVerifyInit_ex(0xaaaafaddc3a0, 0xffffdeba4328, 0, 0) = 1 <0.000141>
[pid 273] 15:00:16.233695 libssl.so.3->EVP_DigestVerify(0xaaaafaddc3a0, 0xaaaafadeff78, 4627, 0xffffdeba4330) = 1 <0.000273>
[pid 273] 15:00:16.234190 libssl.so.3->X509_verify_cert(0xaaaafade1660, 1, 0, 0) = 1 <0.000297>
[pid 273] 15:00:16.234841 libssl.so.3->EVP_DigestSignInit_ex(0xaaaafad0e700, 0xffffdeba4310, 0, 0) = 1 <0.000107>
[pid 273] 15:00:16.235067 libssl.so.3->EVP_DigestSign(0xaaaafad0e700, 0, 0xffffdeba4320, 0xffffdeba4330) = 1 <0.000134>
[pid 273] 15:00:16.235306 libssl.so.3->EVP_DigestSign(0xaaaafad0e700, 0xaaaafadf64e0, 0xffffdeba4320, 0xffffdeba4330) = 1 <0.000657>
[pid 273] 15:00:16.236252 <... SSL_connect resumed> ) = 1 <0.007608>
[pid 273] 15:00:16.236519 oqsprovider.so->OQS_KEM_free(0xaaaafadede30, 1, 7, 0xaaaafacf1010) = 0xaaaafacf1030 <0.000109>
Handshake duration: 7.73 ms
[pid 273] 15:00:16.237826 +++ exited (status 0) +++
Execution 38 - TLS Mutual
s_connection: verify depth is 1
[pid 275] 15:00:16.265742 openssl->SSL_connect(0xaaaacc6ce410, 0xaaaacc6a0998, 0xffff8dcb40e0, 0 <unfinished ...>
[pid 275] 15:00:16.266053 libssl.so.3->EVP_PKEY_keygen_init(0xaaaacc6d37c0, 0, 0, 0xaaaacc6d3830) = 1 <0.000117>
[pid 275] 15:00:16.266237 libssl.so.3->EVP_PKEY_keygen(0xaaaacc6d37c0, 0xfffff1de8e40, 0, 0 <unfinished ...>
[pid 275] 15:00:16.266364 oqsprovider.so->OQS_KEM_new(0xaaaacc6d3590, 0xaaaacc6d2df0, 1792, 0) = 0xaaaacc6d2e30 <0.000118>
[pid 275] 15:00:16.266551 oqsprovider.so->OQS_KEM_keypair(0xaaaacc6d2e30, 0xaaaacc6d2eb0, 0xaaaacc6c86f0, 0xaaaacc6c9300) = 0 <0.000290>
[pid 275] 15:00:16.266906 <... EVP_PKEY_keygen resumed> ) = 1 <0.000662>
[pid 275] 15:00:16.268268 libssl.so.3->EVP_PKEY_decapsulate_init(0xaaaacc6d37c0, 0, 0, 0xaaaacc6d3830) = 1 <0.000167>
[pid 275] 15:00:16.268492 libssl.so.3->EVP_PKEY_decapsulate(0xaaaacc6d37c0, 0, 0xfffff1de8dc0, 0xaaaacc6d4fca) = 1 <0.000093>
[pid 275] 15:00:16.268652 libssl.so.3->EVP_PKEY_decapsulate(0xaaaacc6d37c0, 0xaaaacc6ca640, 0xfffff1de8dc0, 0xaaaacc6d4fca <unfinished ...>
[pid 275] 15:00:16.268765 oqsprovider.so->OQS_KEM_decaps(0xaaaacc6d2e30, 0xaaaacc6ca640, 0xaaaacc6d4fca, 0xaaaacc6c86f0) = 0 <0.000199>
[pid 275] 15:00:16.269018 <... EVP_PKEY_decapsulate resumed> ) = 1 <0.000357>
[pid 275] 15:00:16.269695 libssl.so.3->X509_verify_cert(0xaaaacc6c6660, 0, 0, 0xffffffff) = 1 <0.000415>
[pid 275] 15:00:16.270338 libssl.so.3->EVP_DigestVerifyInit_ex(0xaaaacc6c13a0, 0xfffff1de8ec8, 0, 0) = 1 <0.000118>
[pid 275] 15:00:16.270503 libssl.so.3->EVP_DigestVerify(0xaaaacc6c13a0, 0xaaaacc6d4f78, 4627, 0xfffff1de8ed0) = 1 <0.000309>
[pid 275] 15:00:16.271030 libssl.so.3->X509_verify_cert(0xaaaacc6c6660, 1, 0, 0) = 1 <0.000337>
[pid 275] 15:00:16.271715 libssl.so.3->EVP_DigestSignInit_ex(0xaaaacc5f3700, 0xfffff1de8eb0, 0, 0) = 1 <0.000089>
[pid 275] 15:00:16.271933 libssl.so.3->EVP_DigestSign(0xaaaacc5f3700, 0, 0xfffff1de8ec0, 0xfffff1de8ed0) = 1 <0.000172>
[pid 275] 15:00:16.272140 libssl.so.3->EVP_DigestSign(0xaaaacc5f3700, 0xaaaacc6db4e0, 0xfffff1de8ec0, 0xfffff1de8ed0) = 1 <0.001042>
[pid 275] 15:00:16.273514 <... SSL_connect resumed> ) = 1 <0.007766>
[pid 275] 15:00:16.273837 oqsprovider.so->OQS_KEM_free(0xaaaacc6d2e30, 1, 7, 0xaaaacc5d6010) = 0xaaaacc5d6030 <0.000149>
Handshake duration: 7.93 ms
[pid 275] 15:00:16.275226 +++ exited (status 0) +++
Execution 39 - TLS Mutual
s_connection: verify depth is 1
[pid 277] 15:00:16.303245 openssl->SSL_connect(0xaaaae6435410, 0xaaaae6407998, 0xffff8f6340e0, 0 <unfinished ...>
[pid 277] 15:00:16.303603 libssl.so.3->EVP_PKEY_keygen_init(0xaaaae643a7c0, 0, 0, 0xaaaae643a830) = 1 <0.000147>
[pid 277] 15:00:16.303797 libssl.so.3->EVP_PKEY_keygen(0xaaaae643a7c0, 0xfffff93db880, 0, 0 <unfinished ...>
[pid 277] 15:00:16.303956 oqsprovider.so->OQS_KEM_new(0xaaaae643a590, 0xaaaae6439df0, 1792, 0) = 0xaaaae6439e30 <0.000099>
[pid 277] 15:00:16.304124 oqsprovider.so->OQS_KEM_keypair(0xaaaae6439e30, 0xaaaae6439eb0, 0xaaaae642f6f0, 0xaaaae6430300) = 0 <0.000341>
[pid 277] 15:00:16.304528 <... EVP_PKEY_keygen resumed> ) = 1 <0.000725>
[pid 277] 15:00:16.305875 libssl.so.3->EVP_PKEY_decapsulate_init(0xaaaae643a7c0, 0, 0, 0xaaaae643a830) = 1 <0.000171>
[pid 277] 15:00:16.306095 libssl.so.3->EVP_PKEY_decapsulate(0xaaaae643a7c0, 0, 0xfffff93db800, 0xaaaae643bfca) = 1 <0.000127>
[pid 277] 15:00:16.306277 libssl.so.3->EVP_PKEY_decapsulate(0xaaaae643a7c0, 0xaaaae6431640, 0xfffff93db800, 0xaaaae643bfca <unfinished ...>
[pid 277] 15:00:16.306399 oqsprovider.so->OQS_KEM_decaps(0xaaaae6439e30, 0xaaaae6431640, 0xaaaae643bfca, 0xaaaae642f6f0) = 0 <0.000197>
[pid 277] 15:00:16.306665 <... EVP_PKEY_decapsulate resumed> ) = 1 <0.000382>
[pid 277] 15:00:16.307390 libssl.so.3->X509_verify_cert(0xaaaae642d660, 0, 0, 0xffffffff) = 1 <0.000436>
[pid 277] 15:00:16.308070 libssl.so.3->EVP_DigestVerifyInit_ex(0xaaaae64283a0, 0xfffff93db908, 0, 0) = 1 <0.000115>
[pid 277] 15:00:16.308240 libssl.so.3->EVP_DigestVerify(0xaaaae64283a0, 0xaaaae643bf78, 4627, 0xfffff93db910) = 1 <0.000319>
[pid 277] 15:00:16.308821 libssl.so.3->X509_verify_cert(0xaaaae642d660, 1, 0, 0) = 1 <0.000379>
[pid 277] 15:00:16.309537 libssl.so.3->EVP_DigestSignInit_ex(0xaaaae635a700, 0xfffff93db8f0, 0, 0) = 1 <0.000134>
[pid 277] 15:00:16.309776 libssl.so.3->EVP_DigestSign(0xaaaae635a700, 0, 0xfffff93db900, 0xfffff93db910) = 1 <0.000106>
[pid 277] 15:00:16.309925 libssl.so.3->EVP_DigestSign(0xaaaae635a700, 0xaaaae64424e0, 0xfffff93db900, 0xfffff93db910) = 1 <0.000548>
[pid 277] 15:00:16.310814 <... SSL_connect resumed> ) = 1 <0.007563>
[pid 277] 15:00:16.311092 oqsprovider.so->OQS_KEM_free(0xaaaae6439e30, 1, 7, 0xaaaae633d010) = 0xaaaae633d030 <0.000114>
Handshake duration: 7.68 ms
[pid 277] 15:00:16.312410 +++ exited (status 0) +++
Execution 40 - TLS Mutual
s_connection: verify depth is 1
[pid 279] 15:00:16.340515 openssl->SSL_connect(0xaaab14ad8410, 0xaaab14aaa998, 0xffff8cd240e0, 0 <unfinished ...>
[pid 279] 15:00:16.340823 libssl.so.3->EVP_PKEY_keygen_init(0xaaab14add7c0, 0, 0, 0xaaab14add830) = 1 <0.000124>
[pid 279] 15:00:16.341051 libssl.so.3->EVP_PKEY_keygen(0xaaab14add7c0, 0xfffff17ccc90, 0, 0 <unfinished ...>
[pid 279] 15:00:16.341173 oqsprovider.so->OQS_KEM_new(0xaaab14add590, 0xaaab14adcdf0, 1792, 0) = 0xaaab14adce30 <0.000108>
[pid 279] 15:00:16.341350 oqsprovider.so->OQS_KEM_keypair(0xaaab14adce30, 0xaaab14adceb0, 0xaaab14ad26f0, 0xaaab14ad3300) = 0 <0.000368>
[pid 279] 15:00:16.341773 <... EVP_PKEY_keygen resumed> ) = 1 <0.000714>
[pid 279] 15:00:16.343107 libssl.so.3->EVP_PKEY_decapsulate_init(0xaaab14add7c0, 0, 0, 0xaaab14add830) = 1 <0.000132>
[pid 279] 15:00:16.343281 libssl.so.3->EVP_PKEY_decapsulate(0xaaab14add7c0, 0, 0xfffff17ccc10, 0xaaab14adefca) = 1 <0.000153>
[pid 279] 15:00:16.343490 libssl.so.3->EVP_PKEY_decapsulate(0xaaab14add7c0, 0xaaab14ad4640, 0xfffff17ccc10, 0xaaab14adefca <unfinished ...>
[pid 279] 15:00:16.343746 oqsprovider.so->OQS_KEM_decaps(0xaaab14adce30, 0xaaab14ad4640, 0xaaab14adefca, 0xaaab14ad26f0) = 0 <0.000201>
[pid 279] 15:00:16.344005 <... EVP_PKEY_decapsulate resumed> ) = 1 <0.000508>
[pid 279] 15:00:16.344746 libssl.so.3->X509_verify_cert(0xaaab14ad0660, 0, 0, 0xffffffff) = 1 <0.000405>
[pid 279] 15:00:16.345389 libssl.so.3->EVP_DigestVerifyInit_ex(0xaaab14acb3a0, 0xfffff17ccd18, 0, 0) = 1 <0.000130>
[pid 279] 15:00:16.345578 libssl.so.3->EVP_DigestVerify(0xaaab14acb3a0, 0xaaab14adef78, 4627, 0xfffff17ccd20) = 1 <0.000291>
[pid 279] 15:00:16.346086 libssl.so.3->X509_verify_cert(0xaaab14ad0660, 1, 0, 0) = 1 <0.000316>
[pid 279] 15:00:16.346745 libssl.so.3->EVP_DigestSignInit_ex(0xaaab149fd700, 0xfffff17ccd00, 0, 0) = 1 <0.000105>
[pid 279] 15:00:16.346945 libssl.so.3->EVP_DigestSign(0xaaab149fd700, 0, 0xfffff17ccd10, 0xfffff17ccd20) = 1 <0.000120>
[pid 279] 15:00:16.347114 libssl.so.3->EVP_DigestSign(0xaaab149fd700, 0xaaab14ae54e0, 0xfffff17ccd10, 0xfffff17ccd20) = 1 <0.000519>
[pid 279] 15:00:16.347943 <... SSL_connect resumed> ) = 1 <0.007421>
[pid 279] 15:00:16.348200 oqsprovider.so->OQS_KEM_free(0xaaab14adce30, 1, 7, 0xaaab149e0010) = 0xaaab149e0030 <0.000243>
Handshake duration: 7.55 ms
[pid 279] 15:00:16.349636 +++ exited (status 0) +++
Execution 41 - TLS Mutual
s_connection: verify depth is 1
[pid 281] 15:00:16.377434 openssl->SSL_connect(0xaaaaf7aab410, 0xaaaaf7a7d998, 0xffffa45440e0, 0 <unfinished ...>
[pid 281] 15:00:16.377720 libssl.so.3->EVP_PKEY_keygen_init(0xaaaaf7ab07c0, 0, 0, 0xaaaaf7ab0830) = 1 <0.000119>
[pid 281] 15:00:16.377914 libssl.so.3->EVP_PKEY_keygen(0xaaaaf7ab07c0, 0xffffe95858f0, 0, 0 <unfinished ...>
[pid 281] 15:00:16.378023 oqsprovider.so->OQS_KEM_new(0xaaaaf7ab0590, 0xaaaaf7aafdf0, 1792, 0) = 0xaaaaf7aafe30 <0.000158>
[pid 281] 15:00:16.378261 oqsprovider.so->OQS_KEM_keypair(0xaaaaf7aafe30, 0xaaaaf7aafeb0, 0xaaaaf7aa56f0, 0xaaaaf7aa6300) = 0 <0.000373>
[pid 281] 15:00:16.378702 <... EVP_PKEY_keygen resumed> ) = 1 <0.000782>
[pid 281] 15:00:16.380131 libssl.so.3->EVP_PKEY_decapsulate_init(0xaaaaf7ab07c0, 0, 0, 0xaaaaf7ab0830) = 1 <0.000194>
[pid 281] 15:00:16.380384 libssl.so.3->EVP_PKEY_decapsulate(0xaaaaf7ab07c0, 0, 0xffffe9585870, 0xaaaaf7ab1fca) = 1 <0.000114>
[pid 281] 15:00:16.380545 libssl.so.3->EVP_PKEY_decapsulate(0xaaaaf7ab07c0, 0xaaaaf7aa7640, 0xffffe9585870, 0xaaaaf7ab1fca <unfinished ...>
[pid 281] 15:00:16.380691 oqsprovider.so->OQS_KEM_decaps(0xaaaaf7aafe30, 0xaaaaf7aa7640, 0xaaaaf7ab1fca, 0xaaaaf7aa56f0) = 0 <0.000231>
[pid 281] 15:00:16.380981 <... EVP_PKEY_decapsulate resumed> ) = 1 <0.000430>
[pid 281] 15:00:16.381673 libssl.so.3->X509_verify_cert(0xaaaaf7aa3660, 0, 0, 0xffffffff) = 1 <0.000385>
[pid 281] 15:00:16.382285 libssl.so.3->EVP_DigestVerifyInit_ex(0xaaaaf7a9e3a0, 0xffffe9585978, 0, 0) = 1 <0.000106>
[pid 281] 15:00:16.382451 libssl.so.3->EVP_DigestVerify(0xaaaaf7a9e3a0, 0xaaaaf7ab1f78, 4627, 0xffffe9585980) = 1 <0.000290>
[pid 281] 15:00:16.382948 libssl.so.3->X509_verify_cert(0xaaaaf7aa3660, 1, 0, 0) = 1 <0.000293>
[pid 281] 15:00:16.383568 libssl.so.3->EVP_DigestSignInit_ex(0xaaaaf79d0700, 0xffffe9585960, 0, 0) = 1 <0.000153>
[pid 281] 15:00:16.383812 libssl.so.3->EVP_DigestSign(0xaaaaf79d0700, 0, 0xffffe9585970, 0xffffe9585980) = 1 <0.000134>
[pid 281] 15:00:16.383991 libssl.so.3->EVP_DigestSign(0xaaaaf79d0700, 0xaaaaf7ab84e0, 0xffffe9585970, 0xffffe9585980) = 1 <0.000675>
[pid 281] 15:00:16.385015 <... SSL_connect resumed> ) = 1 <0.007574>
[pid 281] 15:00:16.385351 oqsprovider.so->OQS_KEM_free(0xaaaaf7aafe30, 1, 7, 0xaaaaf79b3010) = 0xaaaaf79b3030 <0.000106>
Handshake duration: 7.74 ms
[pid 281] 15:00:16.386654 +++ exited (status 0) +++
Execution 42 - TLS Mutual
s_connection: verify depth is 1
[pid 283] 15:00:16.414511 openssl->SSL_connect(0xaaaad184d410, 0xaaaad181f998, 0xffffb60340e0, 0 <unfinished ...>
[pid 283] 15:00:16.414828 libssl.so.3->EVP_PKEY_keygen_init(0xaaaad18527c0, 0, 0, 0xaaaad1852830) = 1 <0.000111>
[pid 283] 15:00:16.414996 libssl.so.3->EVP_PKEY_keygen(0xaaaad18527c0, 0xffffd551ba00, 0, 0 <unfinished ...>
[pid 283] 15:00:16.415130 oqsprovider.so->OQS_KEM_new(0xaaaad1852590, 0xaaaad1851df0, 1792, 0) = 0xaaaad1851e30 <0.000143>
[pid 283] 15:00:16.415299 oqsprovider.so->OQS_KEM_keypair(0xaaaad1851e30, 0xaaaad1851eb0, 0xaaaad18476f0, 0xaaaad1848300) = 0 <0.000338>
[pid 283] 15:00:16.415707 <... EVP_PKEY_keygen resumed> ) = 1 <0.000707>
[pid 283] 15:00:16.417021 libssl.so.3->EVP_PKEY_decapsulate_init(0xaaaad18527c0, 0, 0, 0xaaaad1852830) = 1 <0.000144>
[pid 283] 15:00:16.417242 libssl.so.3->EVP_PKEY_decapsulate(0xaaaad18527c0, 0, 0xffffd551b980, 0xaaaad1853fca) = 1 <0.000104>
[pid 283] 15:00:16.417380 libssl.so.3->EVP_PKEY_decapsulate(0xaaaad18527c0, 0xaaaad1849640, 0xffffd551b980, 0xaaaad1853fca <unfinished ...>
[pid 283] 15:00:16.417513 oqsprovider.so->OQS_KEM_decaps(0xaaaad1851e30, 0xaaaad1849640, 0xaaaad1853fca, 0xaaaad18476f0) = 0 <0.000189>
[pid 283] 15:00:16.417765 <... EVP_PKEY_decapsulate resumed> ) = 1 <0.000377>
[pid 283] 15:00:16.418422 libssl.so.3->X509_verify_cert(0xaaaad1845660, 0, 0, 0xffffffff) = 1 <0.000376>
[pid 283] 15:00:16.419032 libssl.so.3->EVP_DigestVerifyInit_ex(0xaaaad18403a0, 0xffffd551ba88, 0, 0) = 1 <0.000112>
[pid 283] 15:00:16.419194 libssl.so.3->EVP_DigestVerify(0xaaaad18403a0, 0xaaaad1853f78, 4627, 0xffffd551ba90) = 1 <0.000349>
[pid 283] 15:00:16.419787 libssl.so.3->X509_verify_cert(0xaaaad1845660, 1, 0, 0) = 1 <0.000290>
[pid 283] 15:00:16.420409 libssl.so.3->EVP_DigestSignInit_ex(0xaaaad1772700, 0xffffd551ba70, 0, 0) = 1 <0.000162>
[pid 283] 15:00:16.420663 libssl.so.3->EVP_DigestSign(0xaaaad1772700, 0, 0xffffd551ba80, 0xffffd551ba90) = 1 <0.000125>
[pid 283] 15:00:16.420827 libssl.so.3->EVP_DigestSign(0xaaaad1772700, 0xaaaad185a4e0, 0xffffd551ba80, 0xffffd551ba90) = 1 <0.000792>
[pid 283] 15:00:16.421997 <... SSL_connect resumed> ) = 1 <0.007482>
[pid 283] 15:00:16.422305 oqsprovider.so->OQS_KEM_free(0xaaaad1851e30, 1, 7, 0xaaaad1755010) = 0xaaaad1755030 <0.000108>
Handshake duration: 7.65 ms
[pid 283] 15:00:16.423640 +++ exited (status 0) +++
Execution 43 - TLS Mutual
s_connection: verify depth is 1
[pid 285] 15:00:16.451393 openssl->SSL_connect(0xaaaaeab0f410, 0xaaaaeaae1998, 0xffff86d040e0, 0 <unfinished ...>
[pid 285] 15:00:16.451667 libssl.so.3->EVP_PKEY_keygen_init(0xaaaaeab147c0, 0, 0, 0xaaaaeab14830) = 1 <0.000094>
[pid 285] 15:00:16.451844 libssl.so.3->EVP_PKEY_keygen(0xaaaaeab147c0, 0xffffc89598f0, 0, 0 <unfinished ...>
[pid 285] 15:00:16.451972 oqsprovider.so->OQS_KEM_new(0xaaaaeab14590, 0xaaaaeab13df0, 1792, 0) = 0xaaaaeab13e30 <0.000110>
[pid 285] 15:00:16.452142 oqsprovider.so->OQS_KEM_keypair(0xaaaaeab13e30, 0xaaaaeab13eb0, 0xaaaaeab096f0, 0xaaaaeab0a300) = 0 <0.000358>
[pid 285] 15:00:16.452567 <... EVP_PKEY_keygen resumed> ) = 1 <0.000712>
[pid 285] 15:00:16.453894 libssl.so.3->EVP_PKEY_decapsulate_init(0xaaaaeab147c0, 0, 0, 0xaaaaeab14830) = 1 <0.000202>
[pid 285] 15:00:16.454166 libssl.so.3->EVP_PKEY_decapsulate(0xaaaaeab147c0, 0, 0xffffc8959870, 0xaaaaeab15fca) = 1 <0.000125>
[pid 285] 15:00:16.454337 libssl.so.3->EVP_PKEY_decapsulate(0xaaaaeab147c0, 0xaaaaeab0b640, 0xffffc8959870, 0xaaaaeab15fca <unfinished ...>
[pid 285] 15:00:16.454474 oqsprovider.so->OQS_KEM_decaps(0xaaaaeab13e30, 0xaaaaeab0b640, 0xaaaaeab15fca, 0xaaaaeab096f0) = 0 <0.000197>
[pid 285] 15:00:16.454734 <... EVP_PKEY_decapsulate resumed> ) = 1 <0.000385>
[pid 285] 15:00:16.456238 libssl.so.3->X509_verify_cert(0xaaaaeab07660, 0, 0, 0xffffffff) = 1 <0.000431>
[pid 285] 15:00:16.456912 libssl.so.3->EVP_DigestVerifyInit_ex(0xaaaaeab023a0, 0xffffc8959978, 0, 0) = 1 <0.000145>
[pid 285] 15:00:16.457110 libssl.so.3->EVP_DigestVerify(0xaaaaeab023a0, 0xaaaaeab15f78, 4627, 0xffffc8959980) = 1 <0.000284>
[pid 285] 15:00:16.457634 libssl.so.3->X509_verify_cert(0xaaaaeab07660, 1, 0, 0) = 1 <0.000288>
[pid 285] 15:00:16.458272 libssl.so.3->EVP_DigestSignInit_ex(0xaaaaeaa34700, 0xffffc8959960, 0, 0) = 1 <0.000104>
[pid 285] 15:00:16.458446 libssl.so.3->EVP_DigestSign(0xaaaaeaa34700, 0, 0xffffc8959970, 0xffffc8959980) = 1 <0.000128>
[pid 285] 15:00:16.458647 libssl.so.3->EVP_DigestSign(0xaaaaeaa34700, 0xaaaaeab1c4e0, 0xffffc8959970, 0xffffc8959980) = 1 <0.000537>
[pid 285] 15:00:16.459515 <... SSL_connect resumed> ) = 1 <0.008118>
[pid 285] 15:00:16.459858 oqsprovider.so->OQS_KEM_free(0xaaaaeab13e30, 1, 7, 0xaaaaeaa17010) = 0xaaaaeaa17030 <0.000127>
Handshake duration: 8.33 ms
[pid 285] 15:00:16.461262 +++ exited (status 0) +++
Execution 44 - TLS Mutual
s_connection: verify depth is 1
[pid 287] 15:00:16.489031 openssl->SSL_connect(0xaaab0958e410, 0xaaab09560998, 0xffff8b1240e0, 0 <unfinished ...>
[pid 287] 15:00:16.489371 libssl.so.3->EVP_PKEY_keygen_init(0xaaab095937c0, 0, 0, 0xaaab09593830) = 1 <0.000115>
[pid 287] 15:00:16.489543 libssl.so.3->EVP_PKEY_keygen(0xaaab095937c0, 0xfffff100bb20, 0, 0 <unfinished ...>
[pid 287] 15:00:16.489687 oqsprovider.so->OQS_KEM_new(0xaaab09593590, 0xaaab09592df0, 1792, 0) = 0xaaab09592e30 <0.000086>
[pid 287] 15:00:16.489831 oqsprovider.so->OQS_KEM_keypair(0xaaab09592e30, 0xaaab09592eb0, 0xaaab095886f0, 0xaaab09589300) = 0 <0.000343>
[pid 287] 15:00:16.490249 <... EVP_PKEY_keygen resumed> ) = 1 <0.000686>
[pid 287] 15:00:16.491605 libssl.so.3->EVP_PKEY_decapsulate_init(0xaaab095937c0, 0, 0, 0xaaab09593830) = 1 <0.000239>
[pid 287] 15:00:16.491891 libssl.so.3->EVP_PKEY_decapsulate(0xaaab095937c0, 0, 0xfffff100baa0, 0xaaab09594fca) = 1 <0.000148>
[pid 287] 15:00:16.492087 libssl.so.3->EVP_PKEY_decapsulate(0xaaab095937c0, 0xaaab0958a640, 0xfffff100baa0, 0xaaab09594fca <unfinished ...>
[pid 287] 15:00:16.492200 oqsprovider.so->OQS_KEM_decaps(0xaaab09592e30, 0xaaab0958a640, 0xaaab09594fca, 0xaaab095886f0) = 0 <0.000204>
[pid 287] 15:00:16.492469 <... EVP_PKEY_decapsulate resumed> ) = 1 <0.000374>
[pid 287] 15:00:16.493188 libssl.so.3->X509_verify_cert(0xaaab09586660, 0, 0, 0xffffffff) = 1 <0.000398>
[pid 287] 15:00:16.493814 libssl.so.3->EVP_DigestVerifyInit_ex(0xaaab095813a0, 0xfffff100bba8, 0, 0) = 1 <0.000111>
[pid 287] 15:00:16.494013 libssl.so.3->EVP_DigestVerify(0xaaab095813a0, 0xaaab09594f78, 4627, 0xfffff100bbb0) = 1 <0.000343>
[pid 287] 15:00:16.494616 libssl.so.3->X509_verify_cert(0xaaab09586660, 1, 0, 0) = 1 <0.000297>
[pid 287] 15:00:16.495253 libssl.so.3->EVP_DigestSignInit_ex(0xaaab094b3700, 0xfffff100bb90, 0, 0) = 1 <0.000168>
[pid 287] 15:00:16.495474 libssl.so.3->EVP_DigestSign(0xaaab094b3700, 0, 0xfffff100bba0, 0xfffff100bbb0) = 1 <0.000151>
[pid 287] 15:00:16.495683 libssl.so.3->EVP_DigestSign(0xaaab094b3700, 0xaaab0959b4e0, 0xfffff100bba0, 0xfffff100bbb0) = 1 <0.000627>
[pid 287] 15:00:16.496628 <... SSL_connect resumed> ) = 1 <0.007593>
[pid 287] 15:00:16.496904 oqsprovider.so->OQS_KEM_free(0xaaab09592e30, 1, 7, 0xaaab09496010) = 0xaaab09496030 <0.000120>
Handshake duration: 7.75 ms
[pid 287] 15:00:16.498175 +++ exited (status 0) +++
Execution 45 - TLS Mutual
s_connection: verify depth is 1
[pid 289] 15:00:16.525841 openssl->SSL_connect(0xaaaad5f27410, 0xaaaad5ef9998, 0xffffa59f40e0, 0 <unfinished ...>
[pid 289] 15:00:16.526136 libssl.so.3->EVP_PKEY_keygen_init(0xaaaad5f2c7c0, 0, 0, 0xaaaad5f2c830) = 1 <0.000109>
[pid 289] 15:00:16.526315 libssl.so.3->EVP_PKEY_keygen(0xaaaad5f2c7c0, 0xffffe5fa5d00, 0, 0 <unfinished ...>
[pid 289] 15:00:16.526492 oqsprovider.so->OQS_KEM_new(0xaaaad5f2c590, 0xaaaad5f2bdf0, 1792, 0) = 0xaaaad5f2be30 <0.000085>
[pid 289] 15:00:16.526694 oqsprovider.so->OQS_KEM_keypair(0xaaaad5f2be30, 0xaaaad5f2beb0, 0xaaaad5f216f0, 0xaaaad5f22300) = 0 <0.000344>
[pid 289] 15:00:16.527100 <... EVP_PKEY_keygen resumed> ) = 1 <0.000778>
[pid 289] 15:00:16.528437 libssl.so.3->EVP_PKEY_decapsulate_init(0xaaaad5f2c7c0, 0, 0, 0xaaaad5f2c830) = 1 <0.000178>
[pid 289] 15:00:16.528664 libssl.so.3->EVP_PKEY_decapsulate(0xaaaad5f2c7c0, 0, 0xffffe5fa5c80, 0xaaaad5f2dfca) = 1 <0.000186>
[pid 289] 15:00:16.528895 libssl.so.3->EVP_PKEY_decapsulate(0xaaaad5f2c7c0, 0xaaaad5f23640, 0xffffe5fa5c80, 0xaaaad5f2dfca <unfinished ...>
[pid 289] 15:00:16.529049 oqsprovider.so->OQS_KEM_decaps(0xaaaad5f2be30, 0xaaaad5f23640, 0xaaaad5f2dfca, 0xaaaad5f216f0) = 0 <0.000186>
[pid 289] 15:00:16.529290 <... EVP_PKEY_decapsulate resumed> ) = 1 <0.000389>
[pid 289] 15:00:16.529973 libssl.so.3->X509_verify_cert(0xaaaad5f1f660, 0, 0, 0xffffffff) = 1 <0.000425>
[pid 289] 15:00:16.530659 libssl.so.3->EVP_DigestVerifyInit_ex(0xaaaad5f1a3a0, 0xffffe5fa5d88, 0, 0) = 1 <0.000140>
[pid 289] 15:00:16.530851 libssl.so.3->EVP_DigestVerify(0xaaaad5f1a3a0, 0xaaaad5f2df78, 4627, 0xffffe5fa5d90) = 1 <0.000292>
[pid 289] 15:00:16.531365 libssl.so.3->X509_verify_cert(0xaaaad5f1f660, 1, 0, 0) = 1 <0.000331>
[pid 289] 15:00:16.532030 libssl.so.3->EVP_DigestSignInit_ex(0xaaaad5e4c700, 0xffffe5fa5d70, 0, 0) = 1 <0.000142>
[pid 289] 15:00:16.532234 libssl.so.3->EVP_DigestSign(0xaaaad5e4c700, 0, 0xffffe5fa5d80, 0xffffe5fa5d90) = 1 <0.000153>
[pid 289] 15:00:16.532460 libssl.so.3->EVP_DigestSign(0xaaaad5e4c700, 0xaaaad5f344e0, 0xffffe5fa5d80, 0xffffe5fa5d90) = 1 <0.000576>
[pid 289] 15:00:16.533337 <... SSL_connect resumed> ) = 1 <0.007490>
[pid 289] 15:00:16.533631 oqsprovider.so->OQS_KEM_free(0xaaaad5f2be30, 1, 7, 0xaaaad5e2f010) = 0xaaaad5e2f030 <0.000109>
Handshake duration: 7.64 ms
[pid 289] 15:00:16.534963 +++ exited (status 0) +++
Execution 46 - TLS Mutual
s_connection: verify depth is 1
[pid 291] 15:00:16.563274 openssl->SSL_connect(0xaaab1c92f410, 0xaaab1c901998, 0xffff91dd40e0, 0 <unfinished ...>
[pid 291] 15:00:16.563571 libssl.so.3->EVP_PKEY_keygen_init(0xaaab1c9347c0, 0, 0, 0xaaab1c934830) = 1 <0.000140>
[pid 291] 15:00:16.563768 libssl.so.3->EVP_PKEY_keygen(0xaaab1c9347c0, 0xffffd2164480, 0, 0 <unfinished ...>
[pid 291] 15:00:16.563991 oqsprovider.so->OQS_KEM_new(0xaaab1c934590, 0xaaab1c933df0, 1792, 0) = 0xaaab1c933e30 <0.000115>
[pid 291] 15:00:16.564165 oqsprovider.so->OQS_KEM_keypair(0xaaab1c933e30, 0xaaab1c933eb0, 0xaaab1c9296f0, 0xaaab1c92a300) = 0 <0.000366>
[pid 291] 15:00:16.564599 <... EVP_PKEY_keygen resumed> ) = 1 <0.000818>
[pid 291] 15:00:16.565982 libssl.so.3->EVP_PKEY_decapsulate_init(0xaaab1c9347c0, 0, 0, 0xaaab1c934830) = 1 <0.000136>
[pid 291] 15:00:16.566181 libssl.so.3->EVP_PKEY_decapsulate(0xaaab1c9347c0, 0, 0xffffd2164400, 0xaaab1c935fca) = 1 <0.000119>
[pid 291] 15:00:16.566360 libssl.so.3->EVP_PKEY_decapsulate(0xaaab1c9347c0, 0xaaab1c92b640, 0xffffd2164400, 0xaaab1c935fca <unfinished ...>
[pid 291] 15:00:16.566489 oqsprovider.so->OQS_KEM_decaps(0xaaab1c933e30, 0xaaab1c92b640, 0xaaab1c935fca, 0xaaab1c9296f0) = 0 <0.000204>
[pid 291] 15:00:16.566754 <... EVP_PKEY_decapsulate resumed> ) = 1 <0.000388>
[pid 291] 15:00:16.567520 libssl.so.3->X509_verify_cert(0xaaab1c927660, 0, 0, 0xffffffff) = 1 <0.000376>
[pid 291] 15:00:16.568144 libssl.so.3->EVP_DigestVerifyInit_ex(0xaaab1c9223a0, 0xffffd2164508, 0, 0) = 1 <0.000107>
[pid 291] 15:00:16.568324 libssl.so.3->EVP_DigestVerify(0xaaab1c9223a0, 0xaaab1c935f78, 4627, 0xffffd2164510) = 1 <0.000308>
[pid 291] 15:00:16.568852 libssl.so.3->X509_verify_cert(0xaaab1c927660, 1, 0, 0) = 1 <0.000293>
[pid 291] 15:00:16.569473 libssl.so.3->EVP_DigestSignInit_ex(0xaaab1c854700, 0xffffd21644f0, 0, 0) = 1 <0.000141>
[pid 291] 15:00:16.569671 libssl.so.3->EVP_DigestSign(0xaaab1c854700, 0, 0xffffd2164500, 0xffffd2164510) = 1 <0.000103>
[pid 291] 15:00:16.569850 libssl.so.3->EVP_DigestSign(0xaaab1c854700, 0xaaab1c93c4e0, 0xffffd2164500, 0xffffd2164510) = 1 <0.000437>
[pid 291] 15:00:16.570579 <... SSL_connect resumed> ) = 1 <0.007298>
[pid 291] 15:00:16.570861 oqsprovider.so->OQS_KEM_free(0xaaab1c933e30, 1, 7, 0xaaab1c837010) = 0xaaab1c837030 <0.000107>
Handshake duration: 7.40 ms
[pid 291] 15:00:16.572206 +++ exited (status 0) +++
Execution 47 - TLS Mutual
s_connection: verify depth is 1
[pid 293] 15:00:16.599933 openssl->SSL_connect(0xaaaaf5250410, 0xaaaaf5222998, 0xffffa86240e0, 0 <unfinished ...>
[pid 293] 15:00:16.600302 libssl.so.3->EVP_PKEY_keygen_init(0xaaaaf52557c0, 0, 0, 0xaaaaf5255830) = 1 <0.000110>
[pid 293] 15:00:16.600480 libssl.so.3->EVP_PKEY_keygen(0xaaaaf52557c0, 0xffffe0eeed70, 0, 0 <unfinished ...>
[pid 293] 15:00:16.600579 oqsprovider.so->OQS_KEM_new(0xaaaaf5255590, 0xaaaaf5254df0, 1792, 0) = 0xaaaaf5254e30 <0.000123>
[pid 293] 15:00:16.600775 oqsprovider.so->OQS_KEM_keypair(0xaaaaf5254e30, 0xaaaaf5254eb0, 0xaaaaf524a6f0, 0xaaaaf524b300) = 0 <0.000382>
[pid 293] 15:00:16.601226 <... EVP_PKEY_keygen resumed> ) = 1 <0.000734>
[pid 293] 15:00:16.602561 libssl.so.3->EVP_PKEY_decapsulate_init(0xaaaaf52557c0, 0, 0, 0xaaaaf5255830) = 1 <0.000148>
[pid 293] 15:00:16.602787 libssl.so.3->EVP_PKEY_decapsulate(0xaaaaf52557c0, 0, 0xffffe0eeecf0, 0xaaaaf5256fca) = 1 <0.000156>
[pid 293] 15:00:16.602995 libssl.so.3->EVP_PKEY_decapsulate(0xaaaaf52557c0, 0xaaaaf524c640, 0xffffe0eeecf0, 0xaaaaf5256fca <unfinished ...>
[pid 293] 15:00:16.603162 oqsprovider.so->OQS_KEM_decaps(0xaaaaf5254e30, 0xaaaaf524c640, 0xaaaaf5256fca, 0xaaaaf524a6f0) = 0 <0.000185>
[pid 293] 15:00:16.603416 <... EVP_PKEY_decapsulate resumed> ) = 1 <0.000404>
[pid 293] 15:00:16.604084 libssl.so.3->X509_verify_cert(0xaaaaf5248660, 0, 0, 0xffffffff) = 1 <0.000429>
[pid 293] 15:00:16.604763 libssl.so.3->EVP_DigestVerifyInit_ex(0xaaaaf52433a0, 0xffffe0eeedf8, 0, 0) = 1 <0.000131>
[pid 293] 15:00:16.604944 libssl.so.3->EVP_DigestVerify(0xaaaaf52433a0, 0xaaaaf5256f78, 4627, 0xffffe0eeee00) = 1 <0.000317>
[pid 293] 15:00:16.605503 libssl.so.3->X509_verify_cert(0xaaaaf5248660, 1, 0, 0) = 1 <0.000320>
[pid 293] 15:00:16.606136 libssl.so.3->EVP_DigestSignInit_ex(0xaaaaf5175700, 0xffffe0eeede0, 0, 0) = 1 <0.000162>
[pid 293] 15:00:16.606346 libssl.so.3->EVP_DigestSign(0xaaaaf5175700, 0, 0xffffe0eeedf0, 0xffffe0eeee00) = 1 <0.000145>
[pid 293] 15:00:16.606540 libssl.so.3->EVP_DigestSign(0xaaaaf5175700, 0xaaaaf525d4e0, 0xffffe0eeedf0, 0xffffe0eeee00) = 1 <0.000609>
[pid 293] 15:00:16.607464 <... SSL_connect resumed> ) = 1 <0.007528>
[pid 293] 15:00:16.607790 oqsprovider.so->OQS_KEM_free(0xaaaaf5254e30, 1, 7, 0xaaaaf5158010) = 0xaaaaf5158030 <0.000108>
Handshake duration: 7.66 ms
[pid 293] 15:00:16.609096 +++ exited (status 0) +++
Execution 48 - TLS Mutual
s_connection: verify depth is 1
[pid 295] 15:00:16.637154 openssl->SSL_connect(0xaaaaeaa02410, 0xaaaaea9d4998, 0xffffbb1040e0, 0 <unfinished ...>
[pid 295] 15:00:16.637493 libssl.so.3->EVP_PKEY_keygen_init(0xaaaaeaa077c0, 0, 0, 0xaaaaeaa07830) = 1 <0.000132>
[pid 295] 15:00:16.637696 libssl.so.3->EVP_PKEY_keygen(0xaaaaeaa077c0, 0xfffff1254170, 0, 0 <unfinished ...>
[pid 295] 15:00:16.637881 oqsprovider.so->OQS_KEM_new(0xaaaaeaa07590, 0xaaaaeaa06df0, 1792, 0) = 0xaaaaeaa06e30 <0.000095>
[pid 295] 15:00:16.638021 oqsprovider.so->OQS_KEM_keypair(0xaaaaeaa06e30, 0xaaaaeaa06eb0, 0xaaaaea9fc6f0, 0xaaaaea9fd300) = 0 <0.000294>
[pid 295] 15:00:16.638374 <... EVP_PKEY_keygen resumed> ) = 1 <0.000674>
[pid 295] 15:00:16.639741 libssl.so.3->EVP_PKEY_decapsulate_init(0xaaaaeaa077c0, 0, 0, 0xaaaaeaa07830) = 1 <0.000162>
[pid 295] 15:00:16.640017 libssl.so.3->EVP_PKEY_decapsulate(0xaaaaeaa077c0, 0, 0xfffff12540f0, 0xaaaaeaa08fca) = 1 <0.000180>
[pid 295] 15:00:16.640249 libssl.so.3->EVP_PKEY_decapsulate(0xaaaaeaa077c0, 0xaaaaea9fe640, 0xfffff12540f0, 0xaaaaeaa08fca <unfinished ...>
[pid 295] 15:00:16.640429 oqsprovider.so->OQS_KEM_decaps(0xaaaaeaa06e30, 0xaaaaea9fe640, 0xaaaaeaa08fca, 0xaaaaea9fc6f0) = 0 <0.000185>
[pid 295] 15:00:16.640667 <... EVP_PKEY_decapsulate resumed> ) = 1 <0.000411>
[pid 295] 15:00:16.641325 libssl.so.3->X509_verify_cert(0xaaaaea9fa660, 0, 0, 0xffffffff) = 1 <0.000417>
[pid 295] 15:00:16.642004 libssl.so.3->EVP_DigestVerifyInit_ex(0xaaaaea9f53a0, 0xfffff12541f8, 0, 0) = 1 <0.000130>
[pid 295] 15:00:16.642191 libssl.so.3->EVP_DigestVerify(0xaaaaea9f53a0, 0xaaaaeaa08f78, 4627, 0xfffff1254200) = 1 <0.000294>
[pid 295] 15:00:16.642743 libssl.so.3->X509_verify_cert(0xaaaaea9fa660, 1, 0, 0) = 1 <0.000294>
[pid 295] 15:00:16.643349 libssl.so.3->EVP_DigestSignInit_ex(0xaaaaea927700, 0xfffff12541e0, 0, 0) = 1 <0.000119>
[pid 295] 15:00:16.643535 libssl.so.3->EVP_DigestSign(0xaaaaea927700, 0, 0xfffff12541f0, 0xfffff1254200) = 1 <0.000174>
[pid 295] 15:00:16.643751 libssl.so.3->EVP_DigestSign(0xaaaaea927700, 0xaaaaeaa0f4e0, 0xfffff12541f0, 0xfffff1254200) = 1 <0.000492>
[pid 295] 15:00:16.644564 <... SSL_connect resumed> ) = 1 <0.007407>
[pid 295] 15:00:16.644864 oqsprovider.so->OQS_KEM_free(0xaaaaeaa06e30, 1, 7, 0xaaaaea90a010) = 0xaaaaea90a030 <0.000111>
Handshake duration: 7.54 ms
[pid 295] 15:00:16.646137 +++ exited (status 0) +++
Execution 49 - TLS Mutual
s_connection: verify depth is 1
[pid 297] 15:00:16.673618 openssl->SSL_connect(0xaaab01f85410, 0xaaab01f57998, 0xffff7fd940e0, 0 <unfinished ...>
[pid 297] 15:00:16.673970 libssl.so.3->EVP_PKEY_keygen_init(0xaaab01f8a7c0, 0, 0, 0xaaab01f8a830) = 1 <0.000114>
[pid 297] 15:00:16.674157 libssl.so.3->EVP_PKEY_keygen(0xaaab01f8a7c0, 0xffffff72a610, 0, 0 <unfinished ...>
[pid 297] 15:00:16.674280 oqsprovider.so->OQS_KEM_new(0xaaab01f8a590, 0xaaab01f89df0, 1792, 0) = 0xaaab01f89e30 <0.000114>
[pid 297] 15:00:16.674474 oqsprovider.so->OQS_KEM_keypair(0xaaab01f89e30, 0xaaab01f89eb0, 0xaaab01f7f6f0, 0xaaab01f80300) = 0 <0.000314>
[pid 297] 15:00:16.674850 <... EVP_PKEY_keygen resumed> ) = 1 <0.000687>
[pid 297] 15:00:16.676160 libssl.so.3->EVP_PKEY_decapsulate_init(0xaaab01f8a7c0, 0, 0, 0xaaab01f8a830) = 1 <0.000174>
[pid 297] 15:00:16.676374 libssl.so.3->EVP_PKEY_decapsulate(0xaaab01f8a7c0, 0, 0xffffff72a590, 0xaaab01f8bfca) = 1 <0.000111>
[pid 297] 15:00:16.676544 libssl.so.3->EVP_PKEY_decapsulate(0xaaab01f8a7c0, 0xaaab01f81640, 0xffffff72a590, 0xaaab01f8bfca <unfinished ...>
[pid 297] 15:00:16.676698 oqsprovider.so->OQS_KEM_decaps(0xaaab01f89e30, 0xaaab01f81640, 0xaaab01f8bfca, 0xaaab01f7f6f0) = 0 <0.000165>
[pid 297] 15:00:16.676918 <... EVP_PKEY_decapsulate resumed> ) = 1 <0.000367>
[pid 297] 15:00:16.677609 libssl.so.3->X509_verify_cert(0xaaab01f7d660, 0, 0, 0xffffffff) = 1 <0.000463>
[pid 297] 15:00:16.678318 libssl.so.3->EVP_DigestVerifyInit_ex(0xaaab01f783a0, 0xffffff72a698, 0, 0) = 1 <0.000117>
[pid 297] 15:00:16.678487 libssl.so.3->EVP_DigestVerify(0xaaab01f783a0, 0xaaab01f8bf78, 4627, 0xffffff72a6a0) = 1 <0.000319>
[pid 297] 15:00:16.679029 libssl.so.3->X509_verify_cert(0xaaab01f7d660, 1, 0, 0) = 1 <0.000317>
[pid 297] 15:00:16.679701 libssl.so.3->EVP_DigestSignInit_ex(0xaaab01eaa700, 0xffffff72a680, 0, 0) = 1 <0.000119>
[pid 297] 15:00:16.679935 libssl.so.3->EVP_DigestSign(0xaaab01eaa700, 0, 0xffffff72a690, 0xffffff72a6a0) = 1 <0.000119>
[pid 297] 15:00:16.680096 libssl.so.3->EVP_DigestSign(0xaaab01eaa700, 0xaaab01f924e0, 0xffffff72a690, 0xffffff72a6a0) = 1 <0.000409>
[pid 297] 15:00:16.680827 <... SSL_connect resumed> ) = 1 <0.007206>
[pid 297] 15:00:16.681128 oqsprovider.so->OQS_KEM_free(0xaaab01f89e30, 1, 7, 0xaaab01e8d010) = 0xaaab01e8d030 <0.000106>
Handshake duration: 7.38 ms
[pid 297] 15:00:16.682392 +++ exited (status 0) +++
Execution 50 - TLS Mutual
s_connection: verify depth is 1
[pid 299] 15:00:16.710340 openssl->SSL_connect(0xaaab25465410, 0xaaab25437998, 0xffff898840e0, 0 <unfinished ...>
[pid 299] 15:00:16.710675 libssl.so.3->EVP_PKEY_keygen_init(0xaaab2546a7c0, 0, 0, 0xaaab2546a830) = 1 <0.000101>
[pid 299] 15:00:16.710887 libssl.so.3->EVP_PKEY_keygen(0xaaab2546a7c0, 0xfffff73e5ac0, 0, 0 <unfinished ...>
[pid 299] 15:00:16.711008 oqsprovider.so->OQS_KEM_new(0xaaab2546a590, 0xaaab25469df0, 1792, 0) = 0xaaab25469e30 <0.000109>
[pid 299] 15:00:16.711175 oqsprovider.so->OQS_KEM_keypair(0xaaab25469e30, 0xaaab25469eb0, 0xaaab2545f6f0, 0xaaab25460300) = 0 <0.000280>
[pid 299] 15:00:16.711514 <... EVP_PKEY_keygen resumed> ) = 1 <0.000621>
[pid 299] 15:00:16.712851 libssl.so.3->EVP_PKEY_decapsulate_init(0xaaab2546a7c0, 0, 0, 0xaaab2546a830) = 1 <0.000208>
[pid 299] 15:00:16.713112 libssl.so.3->EVP_PKEY_decapsulate(0xaaab2546a7c0, 0, 0xfffff73e5a40, 0xaaab2546bfca) = 1 <0.000167>
[pid 299] 15:00:16.713330 libssl.so.3->EVP_PKEY_decapsulate(0xaaab2546a7c0, 0xaaab25461640, 0xfffff73e5a40, 0xaaab2546bfca <unfinished ...>
[pid 299] 15:00:16.713431 oqsprovider.so->OQS_KEM_decaps(0xaaab25469e30, 0xaaab25461640, 0xaaab2546bfca, 0xaaab2545f6f0) = 0 <0.000261>
[pid 299] 15:00:16.713767 <... EVP_PKEY_decapsulate resumed> ) = 1 <0.000404>
[pid 299] 15:00:16.714486 libssl.so.3->X509_verify_cert(0xaaab2545d660, 0, 0, 0xffffffff) = 1 <0.000402>
[pid 299] 15:00:16.715127 libssl.so.3->EVP_DigestVerifyInit_ex(0xaaab254583a0, 0xfffff73e5b48, 0, 0) = 1 <0.000107>
[pid 299] 15:00:16.715332 libssl.so.3->EVP_DigestVerify(0xaaab254583a0, 0xaaab2546bf78, 4627, 0xfffff73e5b50) = 1 <0.000336>
[pid 299] 15:00:16.715895 libssl.so.3->X509_verify_cert(0xaaab2545d660, 1, 0, 0) = 1 <0.000440>
[pid 299] 15:00:16.716664 libssl.so.3->EVP_DigestSignInit_ex(0xaaab2538a700, 0xfffff73e5b30, 0, 0) = 1 <0.000139>
[pid 299] 15:00:16.716853 libssl.so.3->EVP_DigestSign(0xaaab2538a700, 0, 0xfffff73e5b40, 0xfffff73e5b50) = 1 <0.000133>
[pid 299] 15:00:16.717086 libssl.so.3->EVP_DigestSign(0xaaab2538a700, 0xaaab254724e0, 0xfffff73e5b40, 0xfffff73e5b50) = 1 <0.000880>
[pid 299] 15:00:16.718271 <... SSL_connect resumed> ) = 1 <0.007927>
[pid 299] 15:00:16.718557 oqsprovider.so->OQS_KEM_free(0xaaab25469e30, 1, 7, 0xaaab2536d010) = 0xaaab2536d030 <0.000115>
Handshake duration: 8.05 ms
[pid 299] 15:00:16.719859 +++ exited (status 0) +++
Execution 51 - TLS Mutual
s_connection: verify depth is 1
[pid 301] 15:00:16.747657 openssl->SSL_connect(0xaaaaef0b2410, 0xaaaaef084998, 0xffff8dca40e0, 0 <unfinished ...>
[pid 301] 15:00:16.747988 libssl.so.3->EVP_PKEY_keygen_init(0xaaaaef0b77c0, 0, 0, 0xaaaaef0b7830) = 1 <0.000116>
[pid 301] 15:00:16.748156 libssl.so.3->EVP_PKEY_keygen(0xaaaaef0b77c0, 0xffffdece0400, 0, 0 <unfinished ...>
[pid 301] 15:00:16.748305 oqsprovider.so->OQS_KEM_new(0xaaaaef0b7590, 0xaaaaef0b6df0, 1792, 0) = 0xaaaaef0b6e30 <0.000105>
[pid 301] 15:00:16.748487 oqsprovider.so->OQS_KEM_keypair(0xaaaaef0b6e30, 0xaaaaef0b6eb0, 0xaaaaef0ac6f0, 0xaaaaef0ad300) = 0 <0.000304>
[pid 301] 15:00:16.748853 <... EVP_PKEY_keygen resumed> ) = 1 <0.000688>
[pid 301] 15:00:16.750374 libssl.so.3->EVP_PKEY_decapsulate_init(0xaaaaef0b77c0, 0, 0, 0xaaaaef0b7830) = 1 <0.000155>
[pid 301] 15:00:16.750584 libssl.so.3->EVP_PKEY_decapsulate(0xaaaaef0b77c0, 0, 0xffffdece0380, 0xaaaaef0b8fca) = 1 <0.000142>
[pid 301] 15:00:16.750771 libssl.so.3->EVP_PKEY_decapsulate(0xaaaaef0b77c0, 0xaaaaef0ae640, 0xffffdece0380, 0xaaaaef0b8fca <unfinished ...>
[pid 301] 15:00:16.750884 oqsprovider.so->OQS_KEM_decaps(0xaaaaef0b6e30, 0xaaaaef0ae640, 0xaaaaef0b8fca, 0xaaaaef0ac6f0) = 0 <0.000179>
[pid 301] 15:00:16.751111 <... EVP_PKEY_decapsulate resumed> ) = 1 <0.000334>
[pid 301] 15:00:16.751793 libssl.so.3->X509_verify_cert(0xaaaaef0aa660, 0, 0, 0xffffffff) = 1 <0.000415>
[pid 301] 15:00:16.752427 libssl.so.3->EVP_DigestVerifyInit_ex(0xaaaaef0a53a0, 0xffffdece0488, 0, 0) = 1 <0.000150>
[pid 301] 15:00:16.752624 libssl.so.3->EVP_DigestVerify(0xaaaaef0a53a0, 0xaaaaef0b8f78, 4627, 0xffffdece0490) = 1 <0.000317>
[pid 301] 15:00:16.753168 libssl.so.3->X509_verify_cert(0xaaaaef0aa660, 1, 0, 0) = 1 <0.000315>
[pid 301] 15:00:16.753810 libssl.so.3->EVP_DigestSignInit_ex(0xaaaaeefd7700, 0xffffdece0470, 0, 0) = 1 <0.000141>
[pid 301] 15:00:16.753998 libssl.so.3->EVP_DigestSign(0xaaaaeefd7700, 0, 0xffffdece0480, 0xffffdece0490) = 1 <0.000091>
[pid 301] 15:00:16.754138 libssl.so.3->EVP_DigestSign(0xaaaaeefd7700, 0xaaaaef0bf4e0, 0xffffdece0480, 0xffffdece0490) = 1 <0.001494>
[pid 301] 15:00:16.755954 <... SSL_connect resumed> ) = 1 <0.008290>
[pid 301] 15:00:16.756211 oqsprovider.so->OQS_KEM_free(0xaaaaef0b6e30, 1, 7, 0xaaaaeefba010) = 0xaaaaeefba030 <0.000122>
Handshake duration: 8.42 ms
[pid 301] 15:00:16.757546 +++ exited (status 0) +++
Execution 52 - TLS Mutual
s_connection: verify depth is 1
[pid 303] 15:00:16.785011 openssl->SSL_connect(0xaaaaea1a7410, 0xaaaaea179998, 0xffff9b6f40e0, 0 <unfinished ...>
[pid 303] 15:00:16.785316 libssl.so.3->EVP_PKEY_keygen_init(0xaaaaea1ac7c0, 0, 0, 0xaaaaea1ac830) = 1 <0.000118>
[pid 303] 15:00:16.785490 libssl.so.3->EVP_PKEY_keygen(0xaaaaea1ac7c0, 0xffffd4d62ce0, 0, 0 <unfinished ...>
[pid 303] 15:00:16.785663 oqsprovider.so->OQS_KEM_new(0xaaaaea1ac590, 0xaaaaea1abdf0, 1792, 0) = 0xaaaaea1abe30 <0.000192>
[pid 303] 15:00:16.785854 oqsprovider.so->OQS_KEM_keypair(0xaaaaea1abe30, 0xaaaaea1abeb0, 0xaaaaea1a16f0, 0xaaaaea1a2300) = 0 <0.000391>
[pid 303] 15:00:16.786304 <... EVP_PKEY_keygen resumed> ) = 1 <0.000808>
[pid 303] 15:00:16.787654 libssl.so.3->EVP_PKEY_decapsulate_init(0xaaaaea1ac7c0, 0, 0, 0xaaaaea1ac830) = 1 <0.000168>
[pid 303] 15:00:16.787872 libssl.so.3->EVP_PKEY_decapsulate(0xaaaaea1ac7c0, 0, 0xffffd4d62c60, 0xaaaaea1adfca) = 1 <0.000089>
[pid 303] 15:00:16.788049 libssl.so.3->EVP_PKEY_decapsulate(0xaaaaea1ac7c0, 0xaaaaea1a3640, 0xffffd4d62c60, 0xaaaaea1adfca <unfinished ...>
[pid 303] 15:00:16.788194 oqsprovider.so->OQS_KEM_decaps(0xaaaaea1abe30, 0xaaaaea1a3640, 0xaaaaea1adfca, 0xaaaaea1a16f0) = 0 <0.000207>
[pid 303] 15:00:16.788430 <... EVP_PKEY_decapsulate resumed> ) = 1 <0.000400>
[pid 303] 15:00:16.789120 libssl.so.3->X509_verify_cert(0xaaaaea19f660, 0, 0, 0xffffffff) = 1 <0.000400>
[pid 303] 15:00:16.789790 libssl.so.3->EVP_DigestVerifyInit_ex(0xaaaaea19a3a0, 0xffffd4d62d68, 0, 0) = 1 <0.000112>
[pid 303] 15:00:16.789973 libssl.so.3->EVP_DigestVerify(0xaaaaea19a3a0, 0xaaaaea1adf78, 4627, 0xffffd4d62d70) = 1 <0.000290>
[pid 303] 15:00:16.790473 libssl.so.3->X509_verify_cert(0xaaaaea19f660, 1, 0, 0) = 1 <0.000340>
[pid 303] 15:00:16.791154 libssl.so.3->EVP_DigestSignInit_ex(0xaaaaea0cc700, 0xffffd4d62d50, 0, 0) = 1 <0.000123>
[pid 303] 15:00:16.791327 libssl.so.3->EVP_DigestSign(0xaaaaea0cc700, 0, 0xffffd4d62d60, 0xffffd4d62d70) = 1 <0.000176>
[pid 303] 15:00:16.791625 libssl.so.3->EVP_DigestSign(0xaaaaea0cc700, 0xaaaaea1b44e0, 0xffffd4d62d60, 0xffffd4d62d70) = 1 <0.000555>
[pid 303] 15:00:16.792497 <... SSL_connect resumed> ) = 1 <0.007476>
[pid 303] 15:00:16.792817 oqsprovider.so->OQS_KEM_free(0xaaaaea1abe30, 1, 7, 0xaaaaea0af010) = 0xaaaaea0af030 <0.000118>
Handshake duration: 7.62 ms
[pid 303] 15:00:16.794118 +++ exited (status 0) +++
Execution 53 - TLS Mutual
s_connection: verify depth is 1
[pid 305] 15:00:16.821997 openssl->SSL_connect(0xaaab0abb0410, 0xaaab0ab82998, 0xffffa62c40e0, 0 <unfinished ...>
[pid 305] 15:00:16.822317 libssl.so.3->EVP_PKEY_keygen_init(0xaaab0abb57c0, 0, 0, 0xaaab0abb5830) = 1 <0.000105>
[pid 305] 15:00:16.822469 libssl.so.3->EVP_PKEY_keygen(0xaaab0abb57c0, 0xffffde0dd540, 0, 0 <unfinished ...>
[pid 305] 15:00:16.822590 oqsprovider.so->OQS_KEM_new(0xaaab0abb5590, 0xaaab0abb4df0, 1792, 0) = 0xaaab0abb4e30 <0.000141>
[pid 305] 15:00:16.822819 oqsprovider.so->OQS_KEM_keypair(0xaaab0abb4e30, 0xaaab0abb4eb0, 0xaaab0abaa6f0, 0xaaab0abab300) = 0 <0.000319>
[pid 305] 15:00:16.823199 <... EVP_PKEY_keygen resumed> ) = 1 <0.000723>
[pid 305] 15:00:16.824514 libssl.so.3->EVP_PKEY_decapsulate_init(0xaaab0abb57c0, 0, 0, 0xaaab0abb5830) = 1 <0.000196>
[pid 305] 15:00:16.824765 libssl.so.3->EVP_PKEY_decapsulate(0xaaab0abb57c0, 0, 0xffffde0dd4c0, 0xaaab0abb6fca) = 1 <0.000123>
[pid 305] 15:00:16.824947 libssl.so.3->EVP_PKEY_decapsulate(0xaaab0abb57c0, 0xaaab0abac640, 0xffffde0dd4c0, 0xaaab0abb6fca <unfinished ...>
[pid 305] 15:00:16.825051 oqsprovider.so->OQS_KEM_decaps(0xaaab0abb4e30, 0xaaab0abac640, 0xaaab0abb6fca, 0xaaab0abaa6f0) = 0 <0.000221>
[pid 305] 15:00:16.825340 <... EVP_PKEY_decapsulate resumed> ) = 1 <0.000372>
[pid 305] 15:00:16.826080 libssl.so.3->X509_verify_cert(0xaaab0aba8660, 0, 0, 0xffffffff) = 1 <0.000410>
[pid 305] 15:00:16.826720 libssl.so.3->EVP_DigestVerifyInit_ex(0xaaab0aba33a0, 0xffffde0dd5c8, 0, 0) = 1 <0.000109>
[pid 305] 15:00:16.826869 libssl.so.3->EVP_DigestVerify(0xaaab0aba33a0, 0xaaab0abb6f78, 4627, 0xffffde0dd5d0) = 1 <0.000294>
[pid 305] 15:00:16.827400 libssl.so.3->X509_verify_cert(0xaaab0aba8660, 1, 0, 0) = 1 <0.000313>
[pid 305] 15:00:16.828076 libssl.so.3->EVP_DigestSignInit_ex(0xaaab0aad5700, 0xffffde0dd5b0, 0, 0) = 1 <0.000120>
[pid 305] 15:00:16.828253 libssl.so.3->EVP_DigestSign(0xaaab0aad5700, 0, 0xffffde0dd5c0, 0xffffde0dd5d0) = 1 <0.000143>
[pid 305] 15:00:16.828449 libssl.so.3->EVP_DigestSign(0xaaab0aad5700, 0xaaab0abbd4e0, 0xffffde0dd5c0, 0xffffde0dd5d0) = 1 <0.000937>
[pid 305] 15:00:16.829699 <... SSL_connect resumed> ) = 1 <0.007698>
[pid 305] 15:00:16.830001 oqsprovider.so->OQS_KEM_free(0xaaab0abb4e30, 1, 7, 0xaaab0aab8010) = 0xaaab0aab8030 <0.000128>
Handshake duration: 7.86 ms
[pid 305] 15:00:16.831384 +++ exited (status 0) +++
Execution 54 - TLS Mutual
s_connection: verify depth is 1
[pid 307] 15:00:16.860234 openssl->SSL_connect(0xaaaaf35ad410, 0xaaaaf357f998, 0xffff93f640e0, 0 <unfinished ...>
[pid 307] 15:00:16.860521 libssl.so.3->EVP_PKEY_keygen_init(0xaaaaf35b27c0, 0, 0, 0xaaaaf35b2830) = 1 <0.000120>
[pid 307] 15:00:16.860690 libssl.so.3->EVP_PKEY_keygen(0xaaaaf35b27c0, 0xfffff88fec70, 0, 0 <unfinished ...>
[pid 307] 15:00:16.860837 oqsprovider.so->OQS_KEM_new(0xaaaaf35b2590, 0xaaaaf35b1df0, 1792, 0) = 0xaaaaf35b1e30 <0.000144>
[pid 307] 15:00:16.861046 oqsprovider.so->OQS_KEM_keypair(0xaaaaf35b1e30, 0xaaaaf35b1eb0, 0xaaaaf35a76f0, 0xaaaaf35a8300) = 0 <0.000295>
[pid 307] 15:00:16.861419 <... EVP_PKEY_keygen resumed> ) = 1 <0.000725>
[pid 307] 15:00:16.862719 libssl.so.3->EVP_PKEY_decapsulate_init(0xaaaaf35b27c0, 0, 0, 0xaaaaf35b2830) = 1 <0.000227>
[pid 307] 15:00:16.862999 libssl.so.3->EVP_PKEY_decapsulate(0xaaaaf35b27c0, 0, 0xfffff88febf0, 0xaaaaf35b3fca) = 1 <0.000102>
[pid 307] 15:00:16.863251 libssl.so.3->EVP_PKEY_decapsulate(0xaaaaf35b27c0, 0xaaaaf35a9640, 0xfffff88febf0, 0xaaaaf35b3fca <unfinished ...>
[pid 307] 15:00:16.863356 oqsprovider.so->OQS_KEM_decaps(0xaaaaf35b1e30, 0xaaaaf35a9640, 0xaaaaf35b3fca, 0xaaaaf35a76f0) = 0 <0.000212>
[pid 307] 15:00:16.863626 <... EVP_PKEY_decapsulate resumed> ) = 1 <0.000368>
[pid 307] 15:00:16.864314 libssl.so.3->X509_verify_cert(0xaaaaf35a5660, 0, 0, 0xffffffff) = 1 <0.000443>
[pid 307] 15:00:16.864985 libssl.so.3->EVP_DigestVerifyInit_ex(0xaaaaf35a03a0, 0xfffff88fecf8, 0, 0) = 1 <0.000123>
[pid 307] 15:00:16.865163 libssl.so.3->EVP_DigestVerify(0xaaaaf35a03a0, 0xaaaaf35b3f78, 4627, 0xfffff88fed00) = 1 <0.000382>
[pid 307] 15:00:16.865749 libssl.so.3->X509_verify_cert(0xaaaaf35a5660, 1, 0, 0) = 1 <0.000301>
[pid 307] 15:00:16.866386 libssl.so.3->EVP_DigestSignInit_ex(0xaaaaf34d2700, 0xfffff88fece0, 0, 0) = 1 <0.000110>
[pid 307] 15:00:16.866544 libssl.so.3->EVP_DigestSign(0xaaaaf34d2700, 0, 0xfffff88fecf0, 0xfffff88fed00) = 1 <0.000134>
[pid 307] 15:00:16.866760 libssl.so.3->EVP_DigestSign(0xaaaaf34d2700, 0xaaaaf35ba4e0, 0xfffff88fecf0, 0xfffff88fed00) = 1 <0.000413>
[pid 307] 15:00:16.867524 <... SSL_connect resumed> ) = 1 <0.007283>
[pid 307] 15:00:16.867820 oqsprovider.so->OQS_KEM_free(0xaaaaf35b1e30, 1, 7, 0xaaaaf34b5010) = 0xaaaaf34b5030 <0.000108>
Handshake duration: 7.43 ms
[pid 307] 15:00:16.869182 +++ exited (status 0) +++
Execution 55 - TLS Mutual
s_connection: verify depth is 1
[pid 309] 15:00:16.897226 openssl->SSL_connect(0xaaaaf02a3410, 0xaaaaf0275998, 0xffffa25c40e0, 0 <unfinished ...>
[pid 309] 15:00:16.897535 libssl.so.3->EVP_PKEY_keygen_init(0xaaaaf02a87c0, 0, 0, 0xaaaaf02a8830) = 1 <0.000110>
[pid 309] 15:00:16.897709 libssl.so.3->EVP_PKEY_keygen(0xaaaaf02a87c0, 0xffffc4d8c180, 0, 0 <unfinished ...>
[pid 309] 15:00:16.897833 oqsprovider.so->OQS_KEM_new(0xaaaaf02a8590, 0xaaaaf02a7df0, 1792, 0) = 0xaaaaf02a7e30 <0.000106>
[pid 309] 15:00:16.897987 oqsprovider.so->OQS_KEM_keypair(0xaaaaf02a7e30, 0xaaaaf02a7eb0, 0xaaaaf029d6f0, 0xaaaaf029e300) = 0 <0.000283>
[pid 309] 15:00:16.898334 <... EVP_PKEY_keygen resumed> ) = 1 <0.000615>
[pid 309] 15:00:16.899658 libssl.so.3->EVP_PKEY_decapsulate_init(0xaaaaf02a87c0, 0, 0, 0xaaaaf02a8830) = 1 <0.000120>
[pid 309] 15:00:16.899844 libssl.so.3->EVP_PKEY_decapsulate(0xaaaaf02a87c0, 0, 0xffffc4d8c100, 0xaaaaf02a9fca) = 1 <0.000105>
[pid 309] 15:00:16.900016 libssl.so.3->EVP_PKEY_decapsulate(0xaaaaf02a87c0, 0xaaaaf029f640, 0xffffc4d8c100, 0xaaaaf02a9fca <unfinished ...>
[pid 309] 15:00:16.900144 oqsprovider.so->OQS_KEM_decaps(0xaaaaf02a7e30, 0xaaaaf029f640, 0xaaaaf02a9fca, 0xaaaaf029d6f0) = 0 <0.000189>
[pid 309] 15:00:16.900386 <... EVP_PKEY_decapsulate resumed> ) = 1 <0.000375>
[pid 309] 15:00:16.901113 libssl.so.3->X509_verify_cert(0xaaaaf029b660, 0, 0, 0xffffffff) = 1 <0.000382>
[pid 309] 15:00:16.901748 libssl.so.3->EVP_DigestVerifyInit_ex(0xaaaaf02963a0, 0xffffc4d8c208, 0, 0) = 1 <0.000162>
[pid 309] 15:00:16.901970 libssl.so.3->EVP_DigestVerify(0xaaaaf02963a0, 0xaaaaf02a9f78, 4627, 0xffffc4d8c210) = 1 <0.000288>
[pid 309] 15:00:16.902486 libssl.so.3->X509_verify_cert(0xaaaaf029b660, 1, 0, 0) = 1 <0.000305>
[pid 309] 15:00:16.903143 libssl.so.3->EVP_DigestSignInit_ex(0xaaaaf01c8700, 0xffffc4d8c1f0, 0, 0) = 1 <0.000125>
[pid 309] 15:00:16.903328 libssl.so.3->EVP_DigestSign(0xaaaaf01c8700, 0, 0xffffc4d8c200, 0xffffc4d8c210) = 1 <0.000194>
[pid 309] 15:00:16.903572 libssl.so.3->EVP_DigestSign(0xaaaaf01c8700, 0xaaaaf02b04e0, 0xffffc4d8c200, 0xffffc4d8c210) = 1 <0.000444>
[pid 309] 15:00:16.904346 <... SSL_connect resumed> ) = 1 <0.007111>
[pid 309] 15:00:16.904642 oqsprovider.so->OQS_KEM_free(0xaaaaf02a7e30, 1, 7, 0xaaaaf01ab010) = 0xaaaaf01ab030 <0.000091>
Handshake duration: 7.27 ms
[pid 309] 15:00:16.905892 +++ exited (status 0) +++
Execution 56 - TLS Mutual
s_connection: verify depth is 1
[pid 311] 15:00:16.933639 openssl->SSL_connect(0xaaaaf34d1410, 0xaaaaf34a3998, 0xffffbbbf40e0, 0 <unfinished ...>
[pid 311] 15:00:16.933979 libssl.so.3->EVP_PKEY_keygen_init(0xaaaaf34d67c0, 0, 0, 0xaaaaf34d6830) = 1 <0.000122>
[pid 311] 15:00:16.934150 libssl.so.3->EVP_PKEY_keygen(0xaaaaf34d67c0, 0xffffc7446b20, 0, 0 <unfinished ...>
[pid 311] 15:00:16.934310 oqsprovider.so->OQS_KEM_new(0xaaaaf34d6590, 0xaaaaf34d5df0, 1792, 0) = 0xaaaaf34d5e30 <0.000116>
[pid 311] 15:00:16.934496 oqsprovider.so->OQS_KEM_keypair(0xaaaaf34d5e30, 0xaaaaf34d5eb0, 0xaaaaf34cb6f0, 0xaaaaf34cc300) = 0 <0.000315>
[pid 311] 15:00:16.934875 <... EVP_PKEY_keygen resumed> ) = 1 <0.000716>
[pid 311] 15:00:16.936209 libssl.so.3->EVP_PKEY_decapsulate_init(0xaaaaf34d67c0, 0, 0, 0xaaaaf34d6830) = 1 <0.000187>
[pid 311] 15:00:16.936443 libssl.so.3->EVP_PKEY_decapsulate(0xaaaaf34d67c0, 0, 0xffffc7446aa0, 0xaaaaf34d7fca) = 1 <0.000124>
[pid 311] 15:00:16.936709 libssl.so.3->EVP_PKEY_decapsulate(0xaaaaf34d67c0, 0xaaaaf34cd640, 0xffffc7446aa0, 0xaaaaf34d7fca <unfinished ...>
[pid 311] 15:00:16.936824 oqsprovider.so->OQS_KEM_decaps(0xaaaaf34d5e30, 0xaaaaf34cd640, 0xaaaaf34d7fca, 0xaaaaf34cb6f0) = 0 <0.000176>
[pid 311] 15:00:16.937062 <... EVP_PKEY_decapsulate resumed> ) = 1 <0.000349>
[pid 311] 15:00:16.937787 libssl.so.3->X509_verify_cert(0xaaaaf34c9660, 0, 0, 0xffffffff) = 1 <0.000421>
[pid 311] 15:00:16.938439 libssl.so.3->EVP_DigestVerifyInit_ex(0xaaaaf34c43a0, 0xffffc7446ba8, 0, 0) = 1 <0.000106>
[pid 311] 15:00:16.938602 libssl.so.3->EVP_DigestVerify(0xaaaaf34c43a0, 0xaaaaf34d7f78, 4627, 0xffffc7446bb0) = 1 <0.000272>
[pid 311] 15:00:16.939096 libssl.so.3->X509_verify_cert(0xaaaaf34c9660, 1, 0, 0) = 1 <0.000328>
[pid 311] 15:00:16.939774 libssl.so.3->EVP_DigestSignInit_ex(0xaaaaf33f6700, 0xffffc7446b90, 0, 0) = 1 <0.000101>
[pid 311] 15:00:16.939983 libssl.so.3->EVP_DigestSign(0xaaaaf33f6700, 0, 0xffffc7446ba0, 0xffffc7446bb0) = 1 <0.000103>
[pid 311] 15:00:16.940158 libssl.so.3->EVP_DigestSign(0xaaaaf33f6700, 0xaaaaf34de4e0, 0xffffc7446ba0, 0xffffc7446bb0) = 1 <0.000539>
[pid 311] 15:00:16.941066 <... SSL_connect resumed> ) = 1 <0.007419>
[pid 311] 15:00:16.941326 oqsprovider.so->OQS_KEM_free(0xaaaaf34d5e30, 1, 7, 0xaaaaf33d9010) = 0xaaaaf33d9030 <0.000107>
Handshake duration: 7.57 ms
[pid 311] 15:00:16.942716 +++ exited (status 0) +++
Execution 57 - TLS Mutual
s_connection: verify depth is 1
[pid 313] 15:00:16.970471 openssl->SSL_connect(0xaaaae66ab410, 0xaaaae667d998, 0xffffbd9c40e0, 0 <unfinished ...>
[pid 313] 15:00:16.970779 libssl.so.3->EVP_PKEY_keygen_init(0xaaaae66b07c0, 0, 0, 0xaaaae66b0830) = 1 <0.000129>
[pid 313] 15:00:16.970952 libssl.so.3->EVP_PKEY_keygen(0xaaaae66b07c0, 0xfffff3a539b0, 0, 0 <unfinished ...>
[pid 313] 15:00:16.971116 oqsprovider.so->OQS_KEM_new(0xaaaae66b0590, 0xaaaae66afdf0, 1792, 0) = 0xaaaae66afe30 <0.000099>
[pid 313] 15:00:16.971267 oqsprovider.so->OQS_KEM_keypair(0xaaaae66afe30, 0xaaaae66afeb0, 0xaaaae66a56f0, 0xaaaae66a6300) = 0 <0.000298>
[pid 313] 15:00:16.971632 <... EVP_PKEY_keygen resumed> ) = 1 <0.000673>
[pid 313] 15:00:16.973004 libssl.so.3->EVP_PKEY_decapsulate_init(0xaaaae66b07c0, 0, 0, 0xaaaae66b0830) = 1 <0.000151>
[pid 313] 15:00:16.973242 libssl.so.3->EVP_PKEY_decapsulate(0xaaaae66b07c0, 0, 0xfffff3a53930, 0xaaaae66b1fca) = 1 <0.000169>
[pid 313] 15:00:16.973461 libssl.so.3->EVP_PKEY_decapsulate(0xaaaae66b07c0, 0xaaaae66a7640, 0xfffff3a53930, 0xaaaae66b1fca <unfinished ...>
[pid 313] 15:00:16.973645 oqsprovider.so->OQS_KEM_decaps(0xaaaae66afe30, 0xaaaae66a7640, 0xaaaae66b1fca, 0xaaaae66a56f0) = 0 <0.000177>
[pid 313] 15:00:16.973875 <... EVP_PKEY_decapsulate resumed> ) = 1 <0.000408>
[pid 313] 15:00:16.974526 libssl.so.3->X509_verify_cert(0xaaaae66a3660, 0, 0, 0xffffffff) = 1 <0.000435>
[pid 313] 15:00:16.975187 libssl.so.3->EVP_DigestVerifyInit_ex(0xaaaae669e3a0, 0xfffff3a53a38, 0, 0) = 1 <0.000112>
[pid 313] 15:00:16.975377 libssl.so.3->EVP_DigestVerify(0xaaaae669e3a0, 0xaaaae66b1f78, 4627, 0xfffff3a53a40) = 1 <0.000331>
[pid 313] 15:00:16.975925 libssl.so.3->X509_verify_cert(0xaaaae66a3660, 1, 0, 0) = 1 <0.000322>
[pid 313] 15:00:16.976549 libssl.so.3->EVP_DigestSignInit_ex(0xaaaae65d0700, 0xfffff3a53a20, 0, 0) = 1 <0.000159>
[pid 313] 15:00:16.976747 libssl.so.3->EVP_DigestSign(0xaaaae65d0700, 0, 0xfffff3a53a30, 0xfffff3a53a40) = 1 <0.000103>
[pid 313] 15:00:16.976911 libssl.so.3->EVP_DigestSign(0xaaaae65d0700, 0xaaaae66b84e0, 0xfffff3a53a30, 0xfffff3a53a40) = 1 <0.001036>
[pid 313] 15:00:16.978288 <... SSL_connect resumed> ) = 1 <0.007790>
[pid 313] 15:00:16.978570 oqsprovider.so->OQS_KEM_free(0xaaaae66afe30, 1, 7, 0xaaaae65b3010) = 0xaaaae65b3030 <0.000143>
Handshake duration: 7.94 ms
[pid 313] 15:00:16.979928 +++ exited (status 0) +++
Execution 58 - TLS Mutual
s_connection: verify depth is 1
[pid 315] 15:00:17.007988 openssl->SSL_connect(0xaaaaf6e15410, 0xaaaaf6de7998, 0xffffb3bd40e0, 0 <unfinished ...>
[pid 315] 15:00:17.008378 libssl.so.3->EVP_PKEY_keygen_init(0xaaaaf6e1a7c0, 0, 0, 0xaaaaf6e1a830) = 1 <0.000152>
[pid 315] 15:00:17.008610 libssl.so.3->EVP_PKEY_keygen(0xaaaaf6e1a7c0, 0xffffd4ab91f0, 0, 0 <unfinished ...>
[pid 315] 15:00:17.008754 oqsprovider.so->OQS_KEM_new(0xaaaaf6e1a590, 0xaaaaf6e19df0, 1792, 0) = 0xaaaaf6e19e30 <0.000135>
[pid 315] 15:00:17.008933 oqsprovider.so->OQS_KEM_keypair(0xaaaaf6e19e30, 0xaaaaf6e19eb0, 0xaaaaf6e0f6f0, 0xaaaaf6e10300) = 0 <0.000285>
[pid 315] 15:00:17.009284 <... EVP_PKEY_keygen resumed> ) = 1 <0.000666>
[pid 315] 15:00:17.010627 libssl.so.3->EVP_PKEY_decapsulate_init(0xaaaaf6e1a7c0, 0, 0, 0xaaaaf6e1a830) = 1 <0.000156>
[pid 315] 15:00:17.010825 libssl.so.3->EVP_PKEY_decapsulate(0xaaaaf6e1a7c0, 0, 0xffffd4ab9170, 0xaaaaf6e1bfca) = 1 <0.000212>
[pid 315] 15:00:17.011108 libssl.so.3->EVP_PKEY_decapsulate(0xaaaaf6e1a7c0, 0xaaaaf6e11640, 0xffffd4ab9170, 0xaaaaf6e1bfca <unfinished ...>
[pid 315] 15:00:17.011329 oqsprovider.so->OQS_KEM_decaps(0xaaaaf6e19e30, 0xaaaaf6e11640, 0xaaaaf6e1bfca, 0xaaaaf6e0f6f0) = 0 <0.000313>
[pid 315] 15:00:17.011706 <... EVP_PKEY_decapsulate resumed> ) = 1 <0.000581>
[pid 315] 15:00:17.012380 libssl.so.3->X509_verify_cert(0xaaaaf6e0d660, 0, 0, 0xffffffff) = 1 <0.000425>
[pid 315] 15:00:17.013052 libssl.so.3->EVP_DigestVerifyInit_ex(0xaaaaf6e083a0, 0xffffd4ab9278, 0, 0) = 1 <0.000093>
[pid 315] 15:00:17.013213 libssl.so.3->EVP_DigestVerify(0xaaaaf6e083a0, 0xaaaaf6e1bf78, 4627, 0xffffd4ab9280) = 1 <0.000339>
[pid 315] 15:00:17.013769 libssl.so.3->X509_verify_cert(0xaaaaf6e0d660, 1, 0, 0) = 1 <0.000284>
[pid 315] 15:00:17.014374 libssl.so.3->EVP_DigestSignInit_ex(0xaaaaf6d3a700, 0xffffd4ab9260, 0, 0) = 1 <0.000134>
[pid 315] 15:00:17.014575 libssl.so.3->EVP_DigestSign(0xaaaaf6d3a700, 0, 0xffffd4ab9270, 0xffffd4ab9280) = 1 <0.000179>
[pid 315] 15:00:17.014805 libssl.so.3->EVP_DigestSign(0xaaaaf6d3a700, 0xaaaaf6e224e0, 0xffffd4ab9270, 0xffffd4ab9280) = 1 <0.000486>
[pid 315] 15:00:17.015649 <... SSL_connect resumed> ) = 1 <0.007656>
[pid 315] 15:00:17.015912 oqsprovider.so->OQS_KEM_free(0xaaaaf6e19e30, 1, 7, 0xaaaaf6d1d010) = 0xaaaaf6d1d030 <0.000096>
Handshake duration: 7.79 ms
[pid 315] 15:00:17.017262 +++ exited (status 0) +++
Execution 59 - TLS Mutual
s_connection: verify depth is 1
[pid 317] 15:00:17.044860 openssl->SSL_connect(0xaaab161f5410, 0xaaab161c7998, 0xffff828b40e0, 0 <unfinished ...>
[pid 317] 15:00:17.045180 libssl.so.3->EVP_PKEY_keygen_init(0xaaab161fa7c0, 0, 0, 0xaaab161fa830) = 1 <0.000122>
[pid 317] 15:00:17.045373 libssl.so.3->EVP_PKEY_keygen(0xaaab161fa7c0, 0xffffc5433fb0, 0, 0 <unfinished ...>
[pid 317] 15:00:17.045544 oqsprovider.so->OQS_KEM_new(0xaaab161fa590, 0xaaab161f9df0, 1792, 0) = 0xaaab161f9e30 <0.000213>
[pid 317] 15:00:17.045812 oqsprovider.so->OQS_KEM_keypair(0xaaab161f9e30, 0xaaab161f9eb0, 0xaaab161ef6f0, 0xaaab161f0300) = 0 <0.000413>
[pid 317] 15:00:17.046295 <... EVP_PKEY_keygen resumed> ) = 1 <0.000908>
[pid 317] 15:00:17.047709 libssl.so.3->EVP_PKEY_decapsulate_init(0xaaab161fa7c0, 0, 0, 0xaaab161fa830) = 1 <0.000241>
[pid 317] 15:00:17.047993 libssl.so.3->EVP_PKEY_decapsulate(0xaaab161fa7c0, 0, 0xffffc5433f30, 0xaaab161fbfca) = 1 <0.000105>
[pid 317] 15:00:17.048148 libssl.so.3->EVP_PKEY_decapsulate(0xaaab161fa7c0, 0xaaab161f1640, 0xffffc5433f30, 0xaaab161fbfca <unfinished ...>
[pid 317] 15:00:17.048360 oqsprovider.so->OQS_KEM_decaps(0xaaab161f9e30, 0xaaab161f1640, 0xaaab161fbfca, 0xaaab161ef6f0) = 0 <0.000225>
[pid 317] 15:00:17.048637 <... EVP_PKEY_decapsulate resumed> ) = 1 <0.000488>
[pid 317] 15:00:17.049301 libssl.so.3->X509_verify_cert(0xaaab161ed660, 0, 0, 0xffffffff) = 1 <0.000417>
[pid 317] 15:00:17.049947 libssl.so.3->EVP_DigestVerifyInit_ex(0xaaab161e83a0, 0xffffc5434038, 0, 0) = 1 <0.000096>
[pid 317] 15:00:17.050093 libssl.so.3->EVP_DigestVerify(0xaaab161e83a0, 0xaaab161fbf78, 4627, 0xffffc5434040) = 1 <0.000266>
[pid 317] 15:00:17.050571 libssl.so.3->X509_verify_cert(0xaaab161ed660, 1, 0, 0) = 1 <0.000338>
[pid 317] 15:00:17.051228 libssl.so.3->EVP_DigestSignInit_ex(0xaaab1611a700, 0xffffc5434020, 0, 0) = 1 <0.000136>
[pid 317] 15:00:17.051444 libssl.so.3->EVP_DigestSign(0xaaab1611a700, 0, 0xffffc5434030, 0xffffc5434040) = 1 <0.000134>
[pid 317] 15:00:17.051653 libssl.so.3->EVP_DigestSign(0xaaab1611a700, 0xaaab162024e0, 0xffffc5434030, 0xffffc5434040) = 1 <0.000994>
[pid 317] 15:00:17.052975 <... SSL_connect resumed> ) = 1 <0.008111>
[pid 317] 15:00:17.053235 oqsprovider.so->OQS_KEM_free(0xaaab161f9e30, 1, 7, 0xaaab160fd010) = 0xaaab160fd030 <0.000111>
Handshake duration: 8.24 ms
[pid 317] 15:00:17.054519 +++ exited (status 0) +++
Execution 60 - TLS Mutual
s_connection: verify depth is 1
[pid 319] 15:00:17.082360 openssl->SSL_connect(0xaaab04e22410, 0xaaab04df4998, 0xffff9a7540e0, 0 <unfinished ...>
[pid 319] 15:00:17.082653 libssl.so.3->EVP_PKEY_keygen_init(0xaaab04e277c0, 0, 0, 0xaaab04e27830) = 1 <0.000117>
[pid 319] 15:00:17.082827 libssl.so.3->EVP_PKEY_keygen(0xaaab04e277c0, 0xffffc2bcb090, 0, 0 <unfinished ...>
[pid 319] 15:00:17.082946 oqsprovider.so->OQS_KEM_new(0xaaab04e27590, 0xaaab04e26df0, 1792, 0) = 0xaaab04e26e30 <0.000098>
[pid 319] 15:00:17.083124 oqsprovider.so->OQS_KEM_keypair(0xaaab04e26e30, 0xaaab04e26eb0, 0xaaab04e1c6f0, 0xaaab04e1d300) = 0 <0.000337>
[pid 319] 15:00:17.083521 <... EVP_PKEY_keygen resumed> ) = 1 <0.000686>
[pid 319] 15:00:17.084842 libssl.so.3->EVP_PKEY_decapsulate_init(0xaaab04e277c0, 0, 0, 0xaaab04e27830) = 1 <0.000161>
[pid 319] 15:00:17.085112 libssl.so.3->EVP_PKEY_decapsulate(0xaaab04e277c0, 0, 0xffffc2bcb010, 0xaaab04e28fca) = 1 <0.000167>
[pid 319] 15:00:17.085344 libssl.so.3->EVP_PKEY_decapsulate(0xaaab04e277c0, 0xaaab04e1e640, 0xffffc2bcb010, 0xaaab04e28fca <unfinished ...>
[pid 319] 15:00:17.085483 oqsprovider.so->OQS_KEM_decaps(0xaaab04e26e30, 0xaaab04e1e640, 0xaaab04e28fca, 0xaaab04e1c6f0) = 0 <0.000189>
[pid 319] 15:00:17.085733 <... EVP_PKEY_decapsulate resumed> ) = 1 <0.000382>
[pid 319] 15:00:17.086421 libssl.so.3->X509_verify_cert(0xaaab04e1a660, 0, 0, 0xffffffff) = 1 <0.000393>
[pid 319] 15:00:17.087034 libssl.so.3->EVP_DigestVerifyInit_ex(0xaaab04e153a0, 0xffffc2bcb118, 0, 0) = 1 <0.000131>
[pid 319] 15:00:17.087227 libssl.so.3->EVP_DigestVerify(0xaaab04e153a0, 0xaaab04e28f78, 4627, 0xffffc2bcb120) = 1 <0.000279>
[pid 319] 15:00:17.087740 libssl.so.3->X509_verify_cert(0xaaab04e1a660, 1, 0, 0) = 1 <0.000313>
[pid 319] 15:00:17.088385 libssl.so.3->EVP_DigestSignInit_ex(0xaaab04d47700, 0xffffc2bcb100, 0, 0) = 1 <0.000146>
[pid 319] 15:00:17.088577 libssl.so.3->EVP_DigestSign(0xaaab04d47700, 0, 0xffffc2bcb110, 0xffffc2bcb120) = 1 <0.000147>
[pid 319] 15:00:17.088796 libssl.so.3->EVP_DigestSign(0xaaab04d47700, 0xaaab04e2f4e0, 0xffffc2bcb110, 0xffffc2bcb120) = 1 <0.000647>
[pid 319] 15:00:17.089761 <... SSL_connect resumed> ) = 1 <0.007395>
[pid 319] 15:00:17.090071 oqsprovider.so->OQS_KEM_free(0xaaab04e26e30, 1, 7, 0xaaab04d2a010) = 0xaaab04d2a030 <0.000114>
Handshake duration: 7.53 ms
[pid 319] 15:00:17.091419 +++ exited (status 0) +++
Execution 61 - TLS Mutual
s_connection: verify depth is 1
[pid 321] 15:00:17.119281 openssl->SSL_connect(0xaaaaee660410, 0xaaaaee632998, 0xffffa8be40e0, 0 <unfinished ...>
[pid 321] 15:00:17.119607 libssl.so.3->EVP_PKEY_keygen_init(0xaaaaee6657c0, 0, 0, 0xaaaaee665830) = 1 <0.000214>
[pid 321] 15:00:17.119881 libssl.so.3->EVP_PKEY_keygen(0xaaaaee6657c0, 0xfffffb35ee50, 0, 0 <unfinished ...>
[pid 321] 15:00:17.120012 oqsprovider.so->OQS_KEM_new(0xaaaaee665590, 0xaaaaee664df0, 1792, 0) = 0xaaaaee664e30 <0.000104>
[pid 321] 15:00:17.120177 oqsprovider.so->OQS_KEM_keypair(0xaaaaee664e30, 0xaaaaee664eb0, 0xaaaaee65a6f0, 0xaaaaee65b300) = 0 <0.000351>
[pid 321] 15:00:17.120583 <... EVP_PKEY_keygen resumed> ) = 1 <0.000698>
[pid 321] 15:00:17.121923 libssl.so.3->EVP_PKEY_decapsulate_init(0xaaaaee6657c0, 0, 0, 0xaaaaee665830) = 1 <0.000154>
[pid 321] 15:00:17.122149 libssl.so.3->EVP_PKEY_decapsulate(0xaaaaee6657c0, 0, 0xfffffb35edd0, 0xaaaaee666fca) = 1 <0.000117>
[pid 321] 15:00:17.122327 libssl.so.3->EVP_PKEY_decapsulate(0xaaaaee6657c0, 0xaaaaee65c640, 0xfffffb35edd0, 0xaaaaee666fca <unfinished ...>
[pid 321] 15:00:17.122431 oqsprovider.so->OQS_KEM_decaps(0xaaaaee664e30, 0xaaaaee65c640, 0xaaaaee666fca, 0xaaaaee65a6f0) = 0 <0.000214>
[pid 321] 15:00:17.122699 <... EVP_PKEY_decapsulate resumed> ) = 1 <0.000369>
[pid 321] 15:00:17.123377 libssl.so.3->X509_verify_cert(0xaaaaee658660, 0, 0, 0xffffffff) = 1 <0.000431>
[pid 321] 15:00:17.124057 libssl.so.3->EVP_DigestVerifyInit_ex(0xaaaaee6533a0, 0xfffffb35eed8, 0, 0) = 1 <0.000125>
[pid 321] 15:00:17.124228 libssl.so.3->EVP_DigestVerify(0xaaaaee6533a0, 0xaaaaee666f78, 4627, 0xfffffb35eee0) = 1 <0.000345>
[pid 321] 15:00:17.124777 libssl.so.3->X509_verify_cert(0xaaaaee658660, 1, 0, 0) = 1 <0.000307>
[pid 321] 15:00:17.125398 libssl.so.3->EVP_DigestSignInit_ex(0xaaaaee585700, 0xfffffb35eec0, 0, 0) = 1 <0.000163>
[pid 321] 15:00:17.125618 libssl.so.3->EVP_DigestSign(0xaaaaee585700, 0, 0xfffffb35eed0, 0xfffffb35eee0) = 1 <0.000141>
[pid 321] 15:00:17.125846 libssl.so.3->EVP_DigestSign(0xaaaaee585700, 0xaaaaee66d4e0, 0xfffffb35eed0, 0xfffffb35eee0) = 1 <0.000540>
[pid 321] 15:00:17.126711 <... SSL_connect resumed> ) = 1 <0.007423>
[pid 321] 15:00:17.126992 oqsprovider.so->OQS_KEM_free(0xaaaaee664e30, 1, 7, 0xaaaaee568010) = 0xaaaaee568030 <0.000097>
Handshake duration: 7.56 ms
[pid 321] 15:00:17.128257 +++ exited (status 0) +++
Execution 62 - TLS Mutual
s_connection: verify depth is 1
[pid 323] 15:00:17.155931 openssl->SSL_connect(0xaaaafc66f410, 0xaaaafc641998, 0xffffbcc740e0, 0 <unfinished ...>
[pid 323] 15:00:17.156256 libssl.so.3->EVP_PKEY_keygen_init(0xaaaafc6747c0, 0, 0, 0xaaaafc674830) = 1 <0.000111>
[pid 323] 15:00:17.156437 libssl.so.3->EVP_PKEY_keygen(0xaaaafc6747c0, 0xffffcd424ea0, 0, 0 <unfinished ...>
[pid 323] 15:00:17.156563 oqsprovider.so->OQS_KEM_new(0xaaaafc674590, 0xaaaafc673df0, 1792, 0) = 0xaaaafc673e30 <0.000151>
[pid 323] 15:00:17.156756 oqsprovider.so->OQS_KEM_keypair(0xaaaafc673e30, 0xaaaafc673eb0, 0xaaaafc6696f0, 0xaaaafc66a300) = 0 <0.000325>
[pid 323] 15:00:17.157146 <... EVP_PKEY_keygen resumed> ) = 1 <0.000704>
[pid 323] 15:00:17.158437 libssl.so.3->EVP_PKEY_decapsulate_init(0xaaaafc6747c0, 0, 0, 0xaaaafc674830) = 1 <0.000154>
[pid 323] 15:00:17.158655 libssl.so.3->EVP_PKEY_decapsulate(0xaaaafc6747c0, 0, 0xffffcd424e20, 0xaaaafc675fca) = 1 <0.000156>
[pid 323] 15:00:17.158868 libssl.so.3->EVP_PKEY_decapsulate(0xaaaafc6747c0, 0xaaaafc66b640, 0xffffcd424e20, 0xaaaafc675fca <unfinished ...>
[pid 323] 15:00:17.158979 oqsprovider.so->OQS_KEM_decaps(0xaaaafc673e30, 0xaaaafc66b640, 0xaaaafc675fca, 0xaaaafc6696f0) = 0 <0.000199>
[pid 323] 15:00:17.159233 <... EVP_PKEY_decapsulate resumed> ) = 1 <0.000363>
[pid 323] 15:00:17.159914 libssl.so.3->X509_verify_cert(0xaaaafc667660, 0, 0, 0xffffffff) = 1 <0.000397>
[pid 323] 15:00:17.160577 libssl.so.3->EVP_DigestVerifyInit_ex(0xaaaafc6623a0, 0xffffcd424f28, 0, 0) = 1 <0.000139>
[pid 323] 15:00:17.160777 libssl.so.3->EVP_DigestVerify(0xaaaafc6623a0, 0xaaaafc675f78, 4627, 0xffffcd424f30) = 1 <0.000368>
[pid 323] 15:00:17.161367 libssl.so.3->X509_verify_cert(0xaaaafc667660, 1, 0, 0) = 1 <0.000330>
[pid 323] 15:00:17.162055 libssl.so.3->EVP_DigestSignInit_ex(0xaaaafc594700, 0xffffcd424f10, 0, 0) = 1 <0.000116>
[pid 323] 15:00:17.162241 libssl.so.3->EVP_DigestSign(0xaaaafc594700, 0, 0xffffcd424f20, 0xffffcd424f30) = 1 <0.000161>
[pid 323] 15:00:17.162450 libssl.so.3->EVP_DigestSign(0xaaaafc594700, 0xaaaafc67c4e0, 0xffffcd424f20, 0xffffcd424f30) = 1 <0.000473>
[pid 323] 15:00:17.163238 <... SSL_connect resumed> ) = 1 <0.007298>
[pid 323] 15:00:17.163494 oqsprovider.so->OQS_KEM_free(0xaaaafc673e30, 1, 7, 0xaaaafc577010) = 0xaaaafc577030 <0.000108>
Handshake duration: 7.44 ms
[pid 323] 15:00:17.164817 +++ exited (status 0) +++
Execution 63 - TLS Mutual
s_connection: verify depth is 1
[pid 325] 15:00:17.192567 openssl->SSL_connect(0xaaaab337e410, 0xaaaab3350998, 0xffff891b40e0, 0 <unfinished ...>
[pid 325] 15:00:17.192912 libssl.so.3->EVP_PKEY_keygen_init(0xaaaab33837c0, 0, 0, 0xaaaab3383830) = 1 <0.000107>
[pid 325] 15:00:17.193080 libssl.so.3->EVP_PKEY_keygen(0xaaaab33837c0, 0xfffff6d75d40, 0, 0 <unfinished ...>
[pid 325] 15:00:17.193198 oqsprovider.so->OQS_KEM_new(0xaaaab3383590, 0xaaaab3382df0, 1792, 0) = 0xaaaab3382e30 <0.000113>
[pid 325] 15:00:17.193380 oqsprovider.so->OQS_KEM_keypair(0xaaaab3382e30, 0xaaaab3382eb0, 0xaaaab33786f0, 0xaaaab3379300) = 0 <0.000341>
[pid 325] 15:00:17.193775 <... EVP_PKEY_keygen resumed> ) = 1 <0.000693>
[pid 325] 15:00:17.195057 libssl.so.3->EVP_PKEY_decapsulate_init(0xaaaab33837c0, 0, 0, 0xaaaab3383830) = 1 <0.000183>
[pid 325] 15:00:17.195289 libssl.so.3->EVP_PKEY_decapsulate(0xaaaab33837c0, 0, 0xfffff6d75cc0, 0xaaaab3384fca) = 1 <0.000199>
[pid 325] 15:00:17.195541 libssl.so.3->EVP_PKEY_decapsulate(0xaaaab33837c0, 0xaaaab337a640, 0xfffff6d75cc0, 0xaaaab3384fca <unfinished ...>
[pid 325] 15:00:17.195676 oqsprovider.so->OQS_KEM_decaps(0xaaaab3382e30, 0xaaaab337a640, 0xaaaab3384fca, 0xaaaab33786f0) = 0 <0.000236>
[pid 325] 15:00:17.195964 <... EVP_PKEY_decapsulate resumed> ) = 1 <0.000415>
[pid 325] 15:00:17.196650 libssl.so.3->X509_verify_cert(0xaaaab3376660, 0, 0, 0xffffffff) = 1 <0.000423>
[pid 325] 15:00:17.197298 libssl.so.3->EVP_DigestVerifyInit_ex(0xaaaab33713a0, 0xfffff6d75dc8, 0, 0) = 1 <0.000104>
[pid 325] 15:00:17.197488 libssl.so.3->EVP_DigestVerify(0xaaaab33713a0, 0xaaaab3384f78, 4627, 0xfffff6d75dd0) = 1 <0.000322>
[pid 325] 15:00:17.198018 libssl.so.3->X509_verify_cert(0xaaaab3376660, 1, 0, 0) = 1 <0.000362>
[pid 325] 15:00:17.198709 libssl.so.3->EVP_DigestSignInit_ex(0xaaaab32a3700, 0xfffff6d75db0, 0, 0) = 1 <0.000158>
[pid 325] 15:00:17.198945 libssl.so.3->EVP_DigestSign(0xaaaab32a3700, 0, 0xfffff6d75dc0, 0xfffff6d75dd0) = 1 <0.000114>
[pid 325] 15:00:17.199137 libssl.so.3->EVP_DigestSign(0xaaaab32a3700, 0xaaaab338b4e0, 0xfffff6d75dc0, 0xfffff6d75dd0) = 1 <0.000647>
[pid 325] 15:00:17.200058 <... SSL_connect resumed> ) = 1 <0.007488>
[pid 325] 15:00:17.200310 oqsprovider.so->OQS_KEM_free(0xaaaab3382e30, 1, 7, 0xaaaab3286010) = 0xaaaab3286030 <0.000100>
Handshake duration: 7.62 ms
[pid 325] 15:00:17.201607 +++ exited (status 0) +++
Execution 64 - TLS Mutual
s_connection: verify depth is 1
[pid 327] 15:00:17.229388 openssl->SSL_connect(0xaaaad7fba410, 0xaaaad7f8c998, 0xffff922240e0, 0 <unfinished ...>
[pid 327] 15:00:17.229685 libssl.so.3->EVP_PKEY_keygen_init(0xaaaad7fbf7c0, 0, 0, 0xaaaad7fbf830) = 1 <0.000095>
[pid 327] 15:00:17.229906 libssl.so.3->EVP_PKEY_keygen(0xaaaad7fbf7c0, 0xfffffc65c5a0, 0, 0 <unfinished ...>
[pid 327] 15:00:17.230060 oqsprovider.so->OQS_KEM_new(0xaaaad7fbf590, 0xaaaad7fbedf0, 1792, 0) = 0xaaaad7fbee30 <0.000112>
[pid 327] 15:00:17.230230 oqsprovider.so->OQS_KEM_keypair(0xaaaad7fbee30, 0xaaaad7fbeeb0, 0xaaaad7fb46f0, 0xaaaad7fb5300) = 0 <0.000336>
[pid 327] 15:00:17.230658 <... EVP_PKEY_keygen resumed> ) = 1 <0.000755>
[pid 327] 15:00:17.232051 libssl.so.3->EVP_PKEY_decapsulate_init(0xaaaad7fbf7c0, 0, 0, 0xaaaad7fbf830) = 1 <0.000152>
[pid 327] 15:00:17.232291 libssl.so.3->EVP_PKEY_decapsulate(0xaaaad7fbf7c0, 0, 0xfffffc65c520, 0xaaaad7fc0fca) = 1 <0.000134>
[pid 327] 15:00:17.232466 libssl.so.3->EVP_PKEY_decapsulate(0xaaaad7fbf7c0, 0xaaaad7fb6640, 0xfffffc65c520, 0xaaaad7fc0fca <unfinished ...>
[pid 327] 15:00:17.232673 oqsprovider.so->OQS_KEM_decaps(0xaaaad7fbee30, 0xaaaad7fb6640, 0xaaaad7fc0fca, 0xaaaad7fb46f0) = 0 <0.000231>
[pid 327] 15:00:17.232956 <... EVP_PKEY_decapsulate resumed> ) = 1 <0.000486>
[pid 327] 15:00:17.233604 libssl.so.3->X509_verify_cert(0xaaaad7fb2660, 0, 0, 0xffffffff) = 1 <0.000411>
[pid 327] 15:00:17.234267 libssl.so.3->EVP_DigestVerifyInit_ex(0xaaaad7fad3a0, 0xfffffc65c628, 0, 0) = 1 <0.000124>
[pid 327] 15:00:17.234498 libssl.so.3->EVP_DigestVerify(0xaaaad7fad3a0, 0xaaaad7fc0f78, 4627, 0xfffffc65c630) = 1 <0.000321>
[pid 327] 15:00:17.235032 libssl.so.3->X509_verify_cert(0xaaaad7fb2660, 1, 0, 0) = 1 <0.000319>
[pid 327] 15:00:17.235716 libssl.so.3->EVP_DigestSignInit_ex(0xaaaad7edf700, 0xfffffc65c610, 0, 0) = 1 <0.000156>
[pid 327] 15:00:17.235913 libssl.so.3->EVP_DigestSign(0xaaaad7edf700, 0, 0xfffffc65c620, 0xfffffc65c630) = 1 <0.000119>
[pid 327] 15:00:17.236084 libssl.so.3->EVP_DigestSign(0xaaaad7edf700, 0xaaaad7fc74e0, 0xfffffc65c620, 0xfffffc65c630) = 1 <0.000685>
[pid 327] 15:00:17.237088 <... SSL_connect resumed> ) = 1 <0.007695>
[pid 327] 15:00:17.237346 oqsprovider.so->OQS_KEM_free(0xaaaad7fbee30, 1, 7, 0xaaaad7ec2010) = 0xaaaad7ec2030 <0.000108>
Handshake duration: 7.82 ms
[pid 327] 15:00:17.238692 +++ exited (status 0) +++
Execution 65 - TLS Mutual
s_connection: verify depth is 1
[pid 329] 15:00:17.266215 openssl->SSL_connect(0xaaaae8637410, 0xaaaae8609998, 0xffffb7c640e0, 0 <unfinished ...>
[pid 329] 15:00:17.266563 libssl.so.3->EVP_PKEY_keygen_init(0xaaaae863c7c0, 0, 0, 0xaaaae863c830) = 1 <0.000142>
[pid 329] 15:00:17.266799 libssl.so.3->EVP_PKEY_keygen(0xaaaae863c7c0, 0xffffe61f1a40, 0, 0 <unfinished ...>
[pid 329] 15:00:17.266963 oqsprovider.so->OQS_KEM_new(0xaaaae863c590, 0xaaaae863bdf0, 1792, 0) = 0xaaaae863be30 <0.000126>
[pid 329] 15:00:17.267161 oqsprovider.so->OQS_KEM_keypair(0xaaaae863be30, 0xaaaae863beb0, 0xaaaae86316f0, 0xaaaae8632300) = 0 <0.000285>
[pid 329] 15:00:17.267508 <... EVP_PKEY_keygen resumed> ) = 1 <0.000706>
[pid 329] 15:00:17.268830 libssl.so.3->EVP_PKEY_decapsulate_init(0xaaaae863c7c0, 0, 0, 0xaaaae863c830) = 1 <0.000135>
[pid 329] 15:00:17.269035 libssl.so.3->EVP_PKEY_decapsulate(0xaaaae863c7c0, 0, 0xffffe61f19c0, 0xaaaae863dfca) = 1 <0.000135>
[pid 329] 15:00:17.269256 libssl.so.3->EVP_PKEY_decapsulate(0xaaaae863c7c0, 0xaaaae8633640, 0xffffe61f19c0, 0xaaaae863dfca <unfinished ...>
[pid 329] 15:00:17.269403 oqsprovider.so->OQS_KEM_decaps(0xaaaae863be30, 0xaaaae8633640, 0xaaaae863dfca, 0xaaaae86316f0) = 0 <0.000325>
[pid 329] 15:00:17.269774 <... EVP_PKEY_decapsulate resumed> ) = 1 <0.000513>
[pid 329] 15:00:17.270441 libssl.so.3->X509_verify_cert(0xaaaae862f660, 0, 0, 0xffffffff) = 1 <0.000423>
[pid 329] 15:00:17.271081 libssl.so.3->EVP_DigestVerifyInit_ex(0xaaaae862a3a0, 0xffffe61f1ac8, 0, 0) = 1 <0.000102>
[pid 329] 15:00:17.271239 libssl.so.3->EVP_DigestVerify(0xaaaae862a3a0, 0xaaaae863df78, 4627, 0xffffe61f1ad0) = 1 <0.000316>
[pid 329] 15:00:17.271828 libssl.so.3->X509_verify_cert(0xaaaae862f660, 1, 0, 0) = 1 <0.000326>
[pid 329] 15:00:17.272484 libssl.so.3->EVP_DigestSignInit_ex(0xaaaae855c700, 0xffffe61f1ab0, 0, 0) = 1 <0.000157>
[pid 329] 15:00:17.272686 libssl.so.3->EVP_DigestSign(0xaaaae855c700, 0, 0xffffe61f1ac0, 0xffffe61f1ad0) = 1 <0.000096>
[pid 329] 15:00:17.272855 libssl.so.3->EVP_DigestSign(0xaaaae855c700, 0xaaaae86444e0, 0xffffe61f1ac0, 0xffffe61f1ad0) = 1 <0.000616>
[pid 329] 15:00:17.273864 <... SSL_connect resumed> ) = 1 <0.007643>
[pid 329] 15:00:17.274159 oqsprovider.so->OQS_KEM_free(0xaaaae863be30, 1, 7, 0xaaaae853f010) = 0xaaaae853f030 <0.000105>
Handshake duration: 7.76 ms
[pid 329] 15:00:17.275398 +++ exited (status 0) +++
Execution 66 - TLS Mutual
s_connection: verify depth is 1
[pid 331] 15:00:17.303185 openssl->SSL_connect(0xaaab0e8f2410, 0xaaab0e8c4998, 0xffffb07140e0, 0 <unfinished ...>
[pid 331] 15:00:17.303484 libssl.so.3->EVP_PKEY_keygen_init(0xaaab0e8f77c0, 0, 0, 0xaaab0e8f7830) = 1 <0.000109>
[pid 331] 15:00:17.303667 libssl.so.3->EVP_PKEY_keygen(0xaaab0e8f77c0, 0xfffff423d420, 0, 0 <unfinished ...>
[pid 331] 15:00:17.303800 oqsprovider.so->OQS_KEM_new(0xaaab0e8f7590, 0xaaab0e8f6df0, 1792, 0) = 0xaaab0e8f6e30 <0.000165>
[pid 331] 15:00:17.304013 oqsprovider.so->OQS_KEM_keypair(0xaaab0e8f6e30, 0xaaab0e8f6eb0, 0xaaab0e8ec6f0, 0xaaab0e8ed300) = 0 <0.000324>
[pid 331] 15:00:17.304398 <... EVP_PKEY_keygen resumed> ) = 1 <0.000724>
[pid 331] 15:00:17.305707 libssl.so.3->EVP_PKEY_decapsulate_init(0xaaab0e8f77c0, 0, 0, 0xaaab0e8f7830) = 1 <0.000175>
[pid 331] 15:00:17.305934 libssl.so.3->EVP_PKEY_decapsulate(0xaaab0e8f77c0, 0, 0xfffff423d3a0, 0xaaab0e8f8fca) = 1 <0.000177>
[pid 331] 15:00:17.306179 libssl.so.3->EVP_PKEY_decapsulate(0xaaab0e8f77c0, 0xaaab0e8ee640, 0xfffff423d3a0, 0xaaab0e8f8fca <unfinished ...>
[pid 331] 15:00:17.306345 oqsprovider.so->OQS_KEM_decaps(0xaaab0e8f6e30, 0xaaab0e8ee640, 0xaaab0e8f8fca, 0xaaab0e8ec6f0) = 0 <0.000238>
[pid 331] 15:00:17.306651 <... EVP_PKEY_decapsulate resumed> ) = 1 <0.000480>
[pid 331] 15:00:17.307297 libssl.so.3->X509_verify_cert(0xaaab0e8ea660, 0, 0, 0xffffffff) = 1 <0.000444>
[pid 331] 15:00:17.307991 libssl.so.3->EVP_DigestVerifyInit_ex(0xaaab0e8e53a0, 0xfffff423d4a8, 0, 0) = 1 <0.000133>
[pid 331] 15:00:17.308181 libssl.so.3->EVP_DigestVerify(0xaaab0e8e53a0, 0xaaab0e8f8f78, 4627, 0xfffff423d4b0) = 1 <0.000284>
[pid 331] 15:00:17.308727 libssl.so.3->X509_verify_cert(0xaaab0e8ea660, 1, 0, 0) = 1 <0.000308>
[pid 331] 15:00:17.309370 libssl.so.3->EVP_DigestSignInit_ex(0xaaab0e817700, 0xfffff423d490, 0, 0) = 1 <0.000127>
[pid 331] 15:00:17.309562 libssl.so.3->EVP_DigestSign(0xaaab0e817700, 0, 0xfffff423d4a0, 0xfffff423d4b0) = 1 <0.000120>
[pid 331] 15:00:17.309736 libssl.so.3->EVP_DigestSign(0xaaab0e817700, 0xaaab0e8ff4e0, 0xfffff423d4a0, 0xfffff423d4b0) = 1 <0.001300>
[pid 331] 15:00:17.311367 <... SSL_connect resumed> ) = 1 <0.008176>
[pid 331] 15:00:17.311668 oqsprovider.so->OQS_KEM_free(0xaaab0e8f6e30, 1, 7, 0xaaab0e7fa010) = 0xaaab0e7fa030 <0.000115>
Handshake duration: 8.35 ms
[pid 331] 15:00:17.313016 +++ exited (status 0) +++
Execution 67 - TLS Mutual
s_connection: verify depth is 1
[pid 333] 15:00:17.340834 openssl->SSL_connect(0xaaab1b4e6410, 0xaaab1b4b8998, 0xffffaaab40e0, 0 <unfinished ...>
[pid 333] 15:00:17.341143 libssl.so.3->EVP_PKEY_keygen_init(0xaaab1b4eb7c0, 0, 0, 0xaaab1b4eb830) = 1 <0.000117>
[pid 333] 15:00:17.341322 libssl.so.3->EVP_PKEY_keygen(0xaaab1b4eb7c0, 0xffffd7f5e770, 0, 0 <unfinished ...>
[pid 333] 15:00:17.341436 oqsprovider.so->OQS_KEM_new(0xaaab1b4eb590, 0xaaab1b4eadf0, 1792, 0) = 0xaaab1b4eae30 <0.000152>
[pid 333] 15:00:17.341641 oqsprovider.so->OQS_KEM_keypair(0xaaab1b4eae30, 0xaaab1b4eaeb0, 0xaaab1b4e06f0, 0xaaab1b4e1300) = 0 <0.000297>
[pid 333] 15:00:17.342000 <... EVP_PKEY_keygen resumed> ) = 1 <0.000672>
[pid 333] 15:00:17.343401 libssl.so.3->EVP_PKEY_decapsulate_init(0xaaab1b4eb7c0, 0, 0, 0xaaab1b4eb830) = 1 <0.000168>
[pid 333] 15:00:17.343625 libssl.so.3->EVP_PKEY_decapsulate(0xaaab1b4eb7c0, 0, 0xffffd7f5e6f0, 0xaaab1b4ecfca) = 1 <0.000085>
[pid 333] 15:00:17.343760 libssl.so.3->EVP_PKEY_decapsulate(0xaaab1b4eb7c0, 0xaaab1b4e2640, 0xffffd7f5e6f0, 0xaaab1b4ecfca <unfinished ...>
[pid 333] 15:00:17.343885 oqsprovider.so->OQS_KEM_decaps(0xaaab1b4eae30, 0xaaab1b4e2640, 0xaaab1b4ecfca, 0xaaab1b4e06f0) = 0 <0.000196>
[pid 333] 15:00:17.344124 <... EVP_PKEY_decapsulate resumed> ) = 1 <0.000357>
[pid 333] 15:00:17.344810 libssl.so.3->X509_verify_cert(0xaaab1b4de660, 0, 0, 0xffffffff) = 1 <0.000410>
[pid 333] 15:00:17.345457 libssl.so.3->EVP_DigestVerifyInit_ex(0xaaab1b4d93a0, 0xffffd7f5e7f8, 0, 0) = 1 <0.000123>
[pid 333] 15:00:17.345652 libssl.so.3->EVP_DigestVerify(0xaaab1b4d93a0, 0xaaab1b4ecf78, 4627, 0xffffd7f5e800) = 1 <0.000282>
[pid 333] 15:00:17.346144 libssl.so.3->X509_verify_cert(0xaaab1b4de660, 1, 0, 0) = 1 <0.000290>
[pid 333] 15:00:17.346770 libssl.so.3->EVP_DigestSignInit_ex(0xaaab1b40b700, 0xffffd7f5e7e0, 0, 0) = 1 <0.000187>
[pid 333] 15:00:17.347020 libssl.so.3->EVP_DigestSign(0xaaab1b40b700, 0, 0xffffd7f5e7f0, 0xffffd7f5e800) = 1 <0.000141>
[pid 333] 15:00:17.347223 libssl.so.3->EVP_DigestSign(0xaaab1b40b700, 0xaaab1b4f34e0, 0xffffd7f5e7f0, 0xffffd7f5e800) = 1 <0.000631>
[pid 333] 15:00:17.348196 <... SSL_connect resumed> ) = 1 <0.007359>
[pid 333] 15:00:17.348491 oqsprovider.so->OQS_KEM_free(0xaaab1b4eae30, 1, 7, 0xaaab1b3ee010) = 0xaaab1b3ee030 <0.000128>
Handshake duration: 7.51 ms
[pid 333] 15:00:17.349820 +++ exited (status 0) +++
Execution 68 - TLS Mutual
s_connection: verify depth is 1
[pid 335] 15:00:17.378796 openssl->SSL_connect(0xaaaadedcb410, 0xaaaaded9d998, 0xffffb81540e0, 0 <unfinished ...>
[pid 335] 15:00:17.379106 libssl.so.3->EVP_PKEY_keygen_init(0xaaaadedd07c0, 0, 0, 0xaaaadedd0830) = 1 <0.000117>
[pid 335] 15:00:17.379298 libssl.so.3->EVP_PKEY_keygen(0xaaaadedd07c0, 0xffffe8c0e1f0, 0, 0 <unfinished ...>
[pid 335] 15:00:17.379432 oqsprovider.so->OQS_KEM_new(0xaaaadedd0590, 0xaaaadedcfdf0, 1792, 0) = 0xaaaadedcfe30 <0.000113>
[pid 335] 15:00:17.379585 oqsprovider.so->OQS_KEM_keypair(0xaaaadedcfe30, 0xaaaadedcfeb0, 0xaaaadedc56f0, 0xaaaadedc6300) = 0 <0.000332>
[pid 335] 15:00:17.379984 <... EVP_PKEY_keygen resumed> ) = 1 <0.000678>
[pid 335] 15:00:17.381331 libssl.so.3->EVP_PKEY_decapsulate_init(0xaaaadedd07c0, 0, 0, 0xaaaadedd0830) = 1 <0.000161>
[pid 335] 15:00:17.381559 libssl.so.3->EVP_PKEY_decapsulate(0xaaaadedd07c0, 0, 0xffffe8c0e170, 0xaaaadedd1fca) = 1 <0.000176>
[pid 335] 15:00:17.381781 libssl.so.3->EVP_PKEY_decapsulate(0xaaaadedd07c0, 0xaaaadedc7640, 0xffffe8c0e170, 0xaaaadedd1fca <unfinished ...>
[pid 335] 15:00:17.381960 oqsprovider.so->OQS_KEM_decaps(0xaaaadedcfe30, 0xaaaadedc7640, 0xaaaadedd1fca, 0xaaaadedc56f0) = 0 <0.000195>
[pid 335] 15:00:17.382211 <... EVP_PKEY_decapsulate resumed> ) = 1 <0.000423>
[pid 335] 15:00:17.382905 libssl.so.3->X509_verify_cert(0xaaaadedc3660, 0, 0, 0xffffffff) = 1 <0.000390>
[pid 335] 15:00:17.383521 libssl.so.3->EVP_DigestVerifyInit_ex(0xaaaadedbe3a0, 0xffffe8c0e278, 0, 0) = 1 <0.000116>
[pid 335] 15:00:17.383701 libssl.so.3->EVP_DigestVerify(0xaaaadedbe3a0, 0xaaaadedd1f78, 4627, 0xffffe8c0e280) = 1 <0.000308>
[pid 335] 15:00:17.384195 libssl.so.3->X509_verify_cert(0xaaaadedc3660, 1, 0, 0) = 1 <0.000276>
[pid 335] 15:00:17.384842 libssl.so.3->EVP_DigestSignInit_ex(0xaaaadecf0700, 0xffffe8c0e260, 0, 0) = 1 <0.000127>
[pid 335] 15:00:17.385029 libssl.so.3->EVP_DigestSign(0xaaaadecf0700, 0, 0xffffe8c0e270, 0xffffe8c0e280) = 1 <0.000130>
[pid 335] 15:00:17.385212 libssl.so.3->EVP_DigestSign(0xaaaadecf0700, 0xaaaadedd84e0, 0xffffe8c0e270, 0xffffe8c0e280) = 1 <0.000436>
[pid 335] 15:00:17.385982 <... SSL_connect resumed> ) = 1 <0.007176>
[pid 335] 15:00:17.386297 oqsprovider.so->OQS_KEM_free(0xaaaadedcfe30, 1, 7, 0xaaaadecd3010) = 0xaaaadecd3030 <0.000103>
Handshake duration: 7.36 ms
[pid 335] 15:00:17.387657 +++ exited (status 0) +++
Execution 69 - TLS Mutual
s_connection: verify depth is 1
[pid 337] 15:00:17.415931 openssl->SSL_connect(0xaaab10e44410, 0xaaab10e16998, 0xffff862140e0, 0 <unfinished ...>
[pid 337] 15:00:17.416277 libssl.so.3->EVP_PKEY_keygen_init(0xaaab10e497c0, 0, 0, 0xaaab10e49830) = 1 <0.000109>
[pid 337] 15:00:17.416430 libssl.so.3->EVP_PKEY_keygen(0xaaab10e497c0, 0xfffffd7f6960, 0, 0 <unfinished ...>
[pid 337] 15:00:17.416606 oqsprovider.so->OQS_KEM_new(0xaaab10e49590, 0xaaab10e48df0, 1792, 0) = 0xaaab10e48e30 <0.000113>
[pid 337] 15:00:17.416777 oqsprovider.so->OQS_KEM_keypair(0xaaab10e48e30, 0xaaab10e48eb0, 0xaaab10e3e6f0, 0xaaab10e3f300) = 0 <0.000340>
[pid 337] 15:00:17.417177 <... EVP_PKEY_keygen resumed> ) = 1 <0.000741>
[pid 337] 15:00:17.418538 libssl.so.3->EVP_PKEY_decapsulate_init(0xaaab10e497c0, 0, 0, 0xaaab10e49830) = 1 <0.000177>
[pid 337] 15:00:17.418762 libssl.so.3->EVP_PKEY_decapsulate(0xaaab10e497c0, 0, 0xfffffd7f68e0, 0xaaab10e4afca) = 1 <0.000155>
[pid 337] 15:00:17.418973 libssl.so.3->EVP_PKEY_decapsulate(0xaaab10e497c0, 0xaaab10e40640, 0xfffffd7f68e0, 0xaaab10e4afca <unfinished ...>
[pid 337] 15:00:17.420349 oqsprovider.so->OQS_KEM_decaps(0xaaab10e48e30, 0xaaab10e40640, 0xaaab10e4afca, 0xaaab10e3e6f0) = 0 <0.000194>
[pid 337] 15:00:17.420609 <... EVP_PKEY_decapsulate resumed> ) = 1 <0.001623>
[pid 337] 15:00:17.421274 libssl.so.3->X509_verify_cert(0xaaab10e3c660, 0, 0, 0xffffffff) = 1 <0.000418>
[pid 337] 15:00:17.421927 libssl.so.3->EVP_DigestVerifyInit_ex(0xaaab10e373a0, 0xfffffd7f69e8, 0, 0) = 1 <0.000230>
[pid 337] 15:00:17.422207 libssl.so.3->EVP_DigestVerify(0xaaab10e373a0, 0xaaab10e4af78, 4627, 0xfffffd7f69f0) = 1 <0.000328>
[pid 337] 15:00:17.422730 libssl.so.3->X509_verify_cert(0xaaab10e3c660, 1, 0, 0) = 1 <0.000309>
[pid 337] 15:00:17.423391 libssl.so.3->EVP_DigestSignInit_ex(0xaaab10d69700, 0xfffffd7f69d0, 0, 0) = 1 <0.000119>
[pid 337] 15:00:17.423554 libssl.so.3->EVP_DigestSign(0xaaab10d69700, 0, 0xfffffd7f69e0, 0xfffffd7f69f0) = 1 <0.000141>
[pid 337] 15:00:17.423740 libssl.so.3->EVP_DigestSign(0xaaab10d69700, 0xaaab10e514e0, 0xfffffd7f69e0, 0xfffffd7f69f0) = 1 <0.000447>
[pid 337] 15:00:17.424498 <... SSL_connect resumed> ) = 1 <0.008564>
[pid 337] 15:00:17.424831 oqsprovider.so->OQS_KEM_free(0xaaab10e48e30, 1, 7, 0xaaab10d4c010) = 0xaaab10d4c030 <0.000111>
Handshake duration: 8.73 ms
[pid 337] 15:00:17.426175 +++ exited (status 0) +++
Execution 70 - TLS Mutual
s_connection: verify depth is 1
[pid 339] 15:00:17.454727 openssl->SSL_connect(0xaaab0f78e410, 0xaaab0f760998, 0xffff8a9540e0, 0 <unfinished ...>
[pid 339] 15:00:17.455024 libssl.so.3->EVP_PKEY_keygen_init(0xaaab0f7937c0, 0, 0, 0xaaab0f793830) = 1 <0.000117>
[pid 339] 15:00:17.455203 libssl.so.3->EVP_PKEY_keygen(0xaaab0f7937c0, 0xffffcae87800, 0, 0 <unfinished ...>
[pid 339] 15:00:17.455401 oqsprovider.so->OQS_KEM_new(0xaaab0f793590, 0xaaab0f792df0, 1792, 0) = 0xaaab0f792e30 <0.000090>
[pid 339] 15:00:17.455546 oqsprovider.so->OQS_KEM_keypair(0xaaab0f792e30, 0xaaab0f792eb0, 0xaaab0f7886f0, 0xaaab0f789300) = 0 <0.000293>
[pid 339] 15:00:17.455901 <... EVP_PKEY_keygen resumed> ) = 1 <0.000690>
[pid 339] 15:00:17.457262 libssl.so.3->EVP_PKEY_decapsulate_init(0xaaab0f7937c0, 0, 0, 0xaaab0f793830) = 1 <0.000210>
[pid 339] 15:00:17.457523 libssl.so.3->EVP_PKEY_decapsulate(0xaaab0f7937c0, 0, 0xffffcae87780, 0xaaab0f794fca) = 1 <0.000200>
[pid 339] 15:00:17.457803 libssl.so.3->EVP_PKEY_decapsulate(0xaaab0f7937c0, 0xaaab0f78a640, 0xffffcae87780, 0xaaab0f794fca <unfinished ...>
[pid 339] 15:00:17.457905 oqsprovider.so->OQS_KEM_decaps(0xaaab0f792e30, 0xaaab0f78a640, 0xaaab0f794fca, 0xaaab0f7886f0) = 0 <0.000228>
[pid 339] 15:00:17.458201 <... EVP_PKEY_decapsulate resumed> ) = 1 <0.000385>
[pid 339] 15:00:17.458953 libssl.so.3->X509_verify_cert(0xaaab0f786660, 0, 0, 0xffffffff) = 1 <0.000423>
[pid 339] 15:00:17.459640 libssl.so.3->EVP_DigestVerifyInit_ex(0xaaab0f7813a0, 0xffffcae87888, 0, 0) = 1 <0.000120>
[pid 339] 15:00:17.459809 libssl.so.3->EVP_DigestVerify(0xaaab0f7813a0, 0xaaab0f794f78, 4627, 0xffffcae87890) = 1 <0.000313>
[pid 339] 15:00:17.460356 libssl.so.3->X509_verify_cert(0xaaab0f786660, 1, 0, 0) = 1 <0.000336>
[pid 339] 15:00:17.461021 libssl.so.3->EVP_DigestSignInit_ex(0xaaab0f6b3700, 0xffffcae87870, 0, 0) = 1 <0.000106>
[pid 339] 15:00:17.461251 libssl.so.3->EVP_DigestSign(0xaaab0f6b3700, 0, 0xffffcae87880, 0xffffcae87890) = 1 <0.000134>
[pid 339] 15:00:17.461509 libssl.so.3->EVP_DigestSign(0xaaab0f6b3700, 0xaaab0f79b4e0, 0xffffcae87880, 0xffffcae87890) = 1 <0.001283>
[pid 339] 15:00:17.463155 <... SSL_connect resumed> ) = 1 <0.008424>
[pid 339] 15:00:17.463418 oqsprovider.so->OQS_KEM_free(0xaaab0f792e30, 1, 7, 0xaaab0f696010) = 0xaaab0f696030 <0.000096>
Handshake duration: 8.55 ms
[pid 339] 15:00:17.464758 +++ exited (status 0) +++
Execution 71 - TLS Mutual
s_connection: verify depth is 1
[pid 341] 15:00:17.494458 openssl->SSL_connect(0xaaaad302e410, 0xaaaad3000998, 0xffff9dcb40e0, 0 <unfinished ...>
[pid 341] 15:00:17.494801 libssl.so.3->EVP_PKEY_keygen_init(0xaaaad30337c0, 0, 0, 0xaaaad3033830) = 1 <0.000117>
[pid 341] 15:00:17.494976 libssl.so.3->EVP_PKEY_keygen(0xaaaad30337c0, 0xffffe88c31c0, 0, 0 <unfinished ...>
[pid 341] 15:00:17.495123 oqsprovider.so->OQS_KEM_new(0xaaaad3033590, 0xaaaad3032df0, 1792, 0) = 0xaaaad3032e30 <0.000108>
[pid 341] 15:00:17.495290 oqsprovider.so->OQS_KEM_keypair(0xaaaad3032e30, 0xaaaad3032eb0, 0xaaaad30286f0, 0xaaaad3029300) = 0 <0.000400>
[pid 341] 15:00:17.495755 <... EVP_PKEY_keygen resumed> ) = 1 <0.000771>
[pid 341] 15:00:17.497066 libssl.so.3->EVP_PKEY_decapsulate_init(0xaaaad30337c0, 0, 0, 0xaaaad3033830) = 1 <0.000151>
[pid 341] 15:00:17.497299 libssl.so.3->EVP_PKEY_decapsulate(0xaaaad30337c0, 0, 0xffffe88c3140, 0xaaaad3034fca) = 1 <0.000121>
[pid 341] 15:00:17.497501 libssl.so.3->EVP_PKEY_decapsulate(0xaaaad30337c0, 0xaaaad302a640, 0xffffe88c3140, 0xaaaad3034fca <unfinished ...>
[pid 341] 15:00:17.497655 oqsprovider.so->OQS_KEM_decaps(0xaaaad3032e30, 0xaaaad302a640, 0xaaaad3034fca, 0xaaaad30286f0) = 0 <0.000228>
[pid 341] 15:00:17.497911 <... EVP_PKEY_decapsulate resumed> ) = 1 <0.000405>
[pid 341] 15:00:17.498615 libssl.so.3->X509_verify_cert(0xaaaad3026660, 0, 0, 0xffffffff) = 1 <0.000449>
[pid 341] 15:00:17.499292 libssl.so.3->EVP_DigestVerifyInit_ex(0xaaaad30213a0, 0xffffe88c3248, 0, 0) = 1 <0.000145>
[pid 341] 15:00:17.499491 libssl.so.3->EVP_DigestVerify(0xaaaad30213a0, 0xaaaad3034f78, 4627, 0xffffe88c3250) = 1 <0.000342>
[pid 341] 15:00:17.500037 libssl.so.3->X509_verify_cert(0xaaaad3026660, 1, 0, 0) = 1 <0.000300>
[pid 341] 15:00:17.500684 libssl.so.3->EVP_DigestSignInit_ex(0xaaaad2f53700, 0xffffe88c3230, 0, 0) = 1 <0.000098>
[pid 341] 15:00:17.500842 libssl.so.3->EVP_DigestSign(0xaaaad2f53700, 0, 0xffffe88c3240, 0xffffe88c3250) = 1 <0.000101>
[pid 341] 15:00:17.501078 libssl.so.3->EVP_DigestSign(0xaaaad2f53700, 0xaaaad303b4e0, 0xffffe88c3240, 0xffffe88c3250) = 1 <0.000624>
[pid 341] 15:00:17.502042 <... SSL_connect resumed> ) = 1 <0.007580>
[pid 341] 15:00:17.502291 oqsprovider.so->OQS_KEM_free(0xaaaad3032e30, 1, 7, 0xaaaad2f36010) = 0xaaaad2f36030 <0.000120>
Handshake duration: 7.71 ms
[pid 341] 15:00:17.503605 +++ exited (status 0) +++
Execution 72 - TLS Mutual
s_connection: verify depth is 1
[pid 343] 15:00:17.531538 openssl->SSL_connect(0xaaaaf4506410, 0xaaaaf44d8998, 0xffff987140e0, 0 <unfinished ...>
[pid 343] 15:00:17.531891 libssl.so.3->EVP_PKEY_keygen_init(0xaaaaf450b7c0, 0, 0, 0xaaaaf450b830) = 1 <0.000122>
[pid 343] 15:00:17.532089 libssl.so.3->EVP_PKEY_keygen(0xaaaaf450b7c0, 0xffffcf0f9fa0, 0, 0 <unfinished ...>
[pid 343] 15:00:17.532202 oqsprovider.so->OQS_KEM_new(0xaaaaf450b590, 0xaaaaf450adf0, 1792, 0) = 0xaaaaf450ae30 <0.000114>
[pid 343] 15:00:17.532393 oqsprovider.so->OQS_KEM_keypair(0xaaaaf450ae30, 0xaaaaf450aeb0, 0xaaaaf45006f0, 0xaaaaf4501300) = 0 <0.000352>
[pid 343] 15:00:17.532804 <... EVP_PKEY_keygen resumed> ) = 1 <0.000711>
[pid 343] 15:00:17.534113 libssl.so.3->EVP_PKEY_decapsulate_init(0xaaaaf450b7c0, 0, 0, 0xaaaaf450b830) = 1 <0.000230>
[pid 343] 15:00:17.534381 libssl.so.3->EVP_PKEY_decapsulate(0xaaaaf450b7c0, 0, 0xffffcf0f9f20, 0xaaaaf450cfca) = 1 <0.000106>
[pid 343] 15:00:17.534604 libssl.so.3->EVP_PKEY_decapsulate(0xaaaaf450b7c0, 0xaaaaf4502640, 0xffffcf0f9f20, 0xaaaaf450cfca <unfinished ...>
[pid 343] 15:00:17.534739 oqsprovider.so->OQS_KEM_decaps(0xaaaaf450ae30, 0xaaaaf4502640, 0xaaaaf450cfca, 0xaaaaf45006f0) = 0 <0.000264>
[pid 343] 15:00:17.535063 <... EVP_PKEY_decapsulate resumed> ) = 1 <0.000463>
[pid 343] 15:00:17.535753 libssl.so.3->X509_verify_cert(0xaaaaf44fe660, 0, 0, 0xffffffff) = 1 <0.000397>
[pid 343] 15:00:17.536415 libssl.so.3->EVP_DigestVerifyInit_ex(0xaaaaf44f93a0, 0xffffcf0fa028, 0, 0) = 1 <0.000110>
[pid 343] 15:00:17.536568 libssl.so.3->EVP_DigestVerify(0xaaaaf44f93a0, 0xaaaaf450cf78, 4627, 0xffffcf0fa030) = 1 <0.000300>
[pid 343] 15:00:17.537057 libssl.so.3->X509_verify_cert(0xaaaaf44fe660, 1, 0, 0) = 1 <0.000299>
[pid 343] 15:00:17.537681 libssl.so.3->EVP_DigestSignInit_ex(0xaaaaf442b700, 0xffffcf0fa010, 0, 0) = 1 <0.000119>
[pid 343] 15:00:17.537848 libssl.so.3->EVP_DigestSign(0xaaaaf442b700, 0, 0xffffcf0fa020, 0xffffcf0fa030) = 1 <0.000120>
[pid 343] 15:00:17.538019 libssl.so.3->EVP_DigestSign(0xaaaaf442b700, 0xaaaaf45134e0, 0xffffcf0fa020, 0xffffcf0fa030) = 1 <0.000987>
[pid 343] 15:00:17.539312 <... SSL_connect resumed> ) = 1 <0.007768>
[pid 343] 15:00:17.539586 oqsprovider.so->OQS_KEM_free(0xaaaaf450ae30, 1, 7, 0xaaaaf440e010) = 0xaaaaf440e030 <0.000133>
Handshake duration: 7.91 ms
[pid 343] 15:00:17.540905 +++ exited (status 0) +++
Execution 73 - TLS Mutual
s_connection: verify depth is 1
[pid 345] 15:00:17.568786 openssl->SSL_connect(0xaaaae8ec2410, 0xaaaae8e94998, 0xffffab6640e0, 0 <unfinished ...>
[pid 345] 15:00:17.569093 libssl.so.3->EVP_PKEY_keygen_init(0xaaaae8ec77c0, 0, 0, 0xaaaae8ec7830) = 1 <0.000113>
[pid 345] 15:00:17.569272 libssl.so.3->EVP_PKEY_keygen(0xaaaae8ec77c0, 0xfffff30d8e60, 0, 0 <unfinished ...>
[pid 345] 15:00:17.569407 oqsprovider.so->OQS_KEM_new(0xaaaae8ec7590, 0xaaaae8ec6df0, 1792, 0) = 0xaaaae8ec6e30 <0.000107>
[pid 345] 15:00:17.569566 oqsprovider.so->OQS_KEM_keypair(0xaaaae8ec6e30, 0xaaaae8ec6eb0, 0xaaaae8ebc6f0, 0xaaaae8ebd300) = 0 <0.000342>
[pid 345] 15:00:17.569981 <... EVP_PKEY_keygen resumed> ) = 1 <0.000694>
[pid 345] 15:00:17.571266 libssl.so.3->EVP_PKEY_decapsulate_init(0xaaaae8ec77c0, 0, 0, 0xaaaae8ec7830) = 1 <0.000157>
[pid 345] 15:00:17.571481 libssl.so.3->EVP_PKEY_decapsulate(0xaaaae8ec77c0, 0, 0xfffff30d8de0, 0xaaaae8ec8fca) = 1 <0.000134>
[pid 345] 15:00:17.571660 libssl.so.3->EVP_PKEY_decapsulate(0xaaaae8ec77c0, 0xaaaae8ebe640, 0xfffff30d8de0, 0xaaaae8ec8fca <unfinished ...>
[pid 345] 15:00:17.571787 oqsprovider.so->OQS_KEM_decaps(0xaaaae8ec6e30, 0xaaaae8ebe640, 0xaaaae8ec8fca, 0xaaaae8ebc6f0) = 0 <0.000177>
[pid 345] 15:00:17.572027 <... EVP_PKEY_decapsulate resumed> ) = 1 <0.000360>
[pid 345] 15:00:17.572723 libssl.so.3->X509_verify_cert(0xaaaae8eba660, 0, 0, 0xffffffff) = 1 <0.000397>
[pid 345] 15:00:17.573346 libssl.so.3->EVP_DigestVerifyInit_ex(0xaaaae8eb53a0, 0xfffff30d8ee8, 0, 0) = 1 <0.000277>
[pid 345] 15:00:17.573746 libssl.so.3->EVP_DigestVerify(0xaaaae8eb53a0, 0xaaaae8ec8f78, 4627, 0xfffff30d8ef0) = 1 <0.000355>
[pid 345] 15:00:17.574319 libssl.so.3->X509_verify_cert(0xaaaae8eba660, 1, 0, 0) = 1 <0.000353>
[pid 345] 15:00:17.575015 libssl.so.3->EVP_DigestSignInit_ex(0xaaaae8de7700, 0xfffff30d8ed0, 0, 0) = 1 <0.000160>
[pid 345] 15:00:17.575234 libssl.so.3->EVP_DigestSign(0xaaaae8de7700, 0, 0xfffff30d8ee0, 0xfffff30d8ef0) = 1 <0.000105>
[pid 345] 15:00:17.575388 libssl.so.3->EVP_DigestSign(0xaaaae8de7700, 0xaaaae8ecf4e0, 0xfffff30d8ee0, 0xfffff30d8ef0) = 1 <0.000684>
[pid 345] 15:00:17.576422 <... SSL_connect resumed> ) = 1 <0.007632>
[pid 345] 15:00:17.576703 oqsprovider.so->OQS_KEM_free(0xaaaae8ec6e30, 1, 7, 0xaaaae8dca010) = 0xaaaae8dca030 <0.000100>
Handshake duration: 7.77 ms
[pid 345] 15:00:17.578051 +++ exited (status 0) +++
Execution 74 - TLS Mutual
s_connection: verify depth is 1
[pid 347] 15:00:17.605946 openssl->SSL_connect(0xaaaacf0d9410, 0xaaaacf0ab998, 0xffffa40e40e0, 0 <unfinished ...>
[pid 347] 15:00:17.606284 libssl.so.3->EVP_PKEY_keygen_init(0xaaaacf0de7c0, 0, 0, 0xaaaacf0de830) = 1 <0.000103>
[pid 347] 15:00:17.606522 libssl.so.3->EVP_PKEY_keygen(0xaaaacf0de7c0, 0xffffc6ef0720, 0, 0 <unfinished ...>
[pid 347] 15:00:17.606690 oqsprovider.so->OQS_KEM_new(0xaaaacf0de590, 0xaaaacf0dddf0, 1792, 0) = 0xaaaacf0dde30 <0.000178>
[pid 347] 15:00:17.606914 oqsprovider.so->OQS_KEM_keypair(0xaaaacf0dde30, 0xaaaacf0ddeb0, 0xaaaacf0d36f0, 0xaaaacf0d4300) = 0 <0.000317>
[pid 347] 15:00:17.607299 <... EVP_PKEY_keygen resumed> ) = 1 <0.000761>
[pid 347] 15:00:17.608685 libssl.so.3->EVP_PKEY_decapsulate_init(0xaaaacf0de7c0, 0, 0, 0xaaaacf0de830) = 1 <0.000151>
[pid 347] 15:00:17.608892 libssl.so.3->EVP_PKEY_decapsulate(0xaaaacf0de7c0, 0, 0xffffc6ef06a0, 0xaaaacf0dffca) = 1 <0.000127>
[pid 347] 15:00:17.609068 libssl.so.3->EVP_PKEY_decapsulate(0xaaaacf0de7c0, 0xaaaacf0d5640, 0xffffc6ef06a0, 0xaaaacf0dffca <unfinished ...>
[pid 347] 15:00:17.609175 oqsprovider.so->OQS_KEM_decaps(0xaaaacf0dde30, 0xaaaacf0d5640, 0xaaaacf0dffca, 0xaaaacf0d36f0) = 0 <0.000171>
[pid 347] 15:00:17.609408 <... EVP_PKEY_decapsulate resumed> ) = 1 <0.000334>
[pid 347] 15:00:17.610112 libssl.so.3->X509_verify_cert(0xaaaacf0d1660, 0, 0, 0xffffffff) = 1 <0.000457>
[pid 347] 15:00:17.610803 libssl.so.3->EVP_DigestVerifyInit_ex(0xaaaacf0cc3a0, 0xffffc6ef07a8, 0, 0) = 1 <0.000098>
[pid 347] 15:00:17.610950 libssl.so.3->EVP_DigestVerify(0xaaaacf0cc3a0, 0xaaaacf0dff78, 4627, 0xffffc6ef07b0) = 1 <0.000277>
[pid 347] 15:00:17.611464 libssl.so.3->X509_verify_cert(0xaaaacf0d1660, 1, 0, 0) = 1 <0.000314>
[pid 347] 15:00:17.612101 libssl.so.3->EVP_DigestSignInit_ex(0xaaaaceffe700, 0xffffc6ef0790, 0, 0) = 1 <0.000121>
[pid 347] 15:00:17.612277 libssl.so.3->EVP_DigestSign(0xaaaaceffe700, 0, 0xffffc6ef07a0, 0xffffc6ef07b0) = 1 <0.000101>
[pid 347] 15:00:17.612426 libssl.so.3->EVP_DigestSign(0xaaaaceffe700, 0xaaaacf0e64e0, 0xffffc6ef07a0, 0xffffc6ef07b0) = 1 <0.001435>
[pid 347] 15:00:17.614214 <... SSL_connect resumed> ) = 1 <0.008261>
[pid 347] 15:00:17.614500 oqsprovider.so->OQS_KEM_free(0xaaaacf0dde30, 1, 7, 0xaaaacefe1010) = 0xaaaacefe1030 <0.000100>
Handshake duration: 8.40 ms
[pid 347] 15:00:17.615808 +++ exited (status 0) +++
Execution 75 - TLS Mutual
s_connection: verify depth is 1
[pid 349] 15:00:17.643964 openssl->SSL_connect(0xaaaaf0178410, 0xaaaaf014a998, 0xffff90bd40e0, 0 <unfinished ...>
[pid 349] 15:00:17.644264 libssl.so.3->EVP_PKEY_keygen_init(0xaaaaf017d7c0, 0, 0, 0xaaaaf017d830) = 1 <0.000107>
[pid 349] 15:00:17.644418 libssl.so.3->EVP_PKEY_keygen(0xaaaaf017d7c0, 0xfffff8d7cae0, 0, 0 <unfinished ...>
[pid 349] 15:00:17.644549 oqsprovider.so->OQS_KEM_new(0xaaaaf017d590, 0xaaaaf017cdf0, 1792, 0) = 0xaaaaf017ce30 <0.000097>
[pid 349] 15:00:17.644694 oqsprovider.so->OQS_KEM_keypair(0xaaaaf017ce30, 0xaaaaf017ceb0, 0xaaaaf01726f0, 0xaaaaf0173300) = 0 <0.000295>
[pid 349] 15:00:17.645055 <... EVP_PKEY_keygen resumed> ) = 1 <0.000630>
[pid 349] 15:00:17.646446 libssl.so.3->EVP_PKEY_decapsulate_init(0xaaaaf017d7c0, 0, 0, 0xaaaaf017d830) = 1 <0.000153>
[pid 349] 15:00:17.646647 libssl.so.3->EVP_PKEY_decapsulate(0xaaaaf017d7c0, 0, 0xfffff8d7ca60, 0xaaaaf017efca) = 1 <0.000113>
[pid 349] 15:00:17.646814 libssl.so.3->EVP_PKEY_decapsulate(0xaaaaf017d7c0, 0xaaaaf0174640, 0xfffff8d7ca60, 0xaaaaf017efca <unfinished ...>
[pid 349] 15:00:17.646970 oqsprovider.so->OQS_KEM_decaps(0xaaaaf017ce30, 0xaaaaf0174640, 0xaaaaf017efca, 0xaaaaf01726f0) = 0 <0.000226>
[pid 349] 15:00:17.647191 <... EVP_PKEY_decapsulate resumed> ) = 1 <0.000375>
[pid 349] 15:00:17.647879 libssl.so.3->X509_verify_cert(0xaaaaf0170660, 0, 0, 0xffffffff) = 1 <0.000407>
[pid 349] 15:00:17.648512 libssl.so.3->EVP_DigestVerifyInit_ex(0xaaaaf016b3a0, 0xfffff8d7cb68, 0, 0) = 1 <0.000135>
[pid 349] 15:00:17.648696 libssl.so.3->EVP_DigestVerify(0xaaaaf016b3a0, 0xaaaaf017ef78, 4627, 0xfffff8d7cb70) = 1 <0.000310>
[pid 349] 15:00:17.649238 libssl.so.3->X509_verify_cert(0xaaaaf0170660, 1, 0, 0) = 1 <0.000304>
[pid 349] 15:00:17.649861 libssl.so.3->EVP_DigestSignInit_ex(0xaaaaf009d700, 0xfffff8d7cb50, 0, 0) = 1 <0.000188>
[pid 349] 15:00:17.650091 libssl.so.3->EVP_DigestSign(0xaaaaf009d700, 0, 0xfffff8d7cb60, 0xfffff8d7cb70) = 1 <0.000120>
[pid 349] 15:00:17.650273 libssl.so.3->EVP_DigestSign(0xaaaaf009d700, 0xaaaaf01854e0, 0xfffff8d7cb60, 0xfffff8d7cb70) = 1 <0.001419>
[pid 349] 15:00:17.652064 <... SSL_connect resumed> ) = 1 <0.008097>
[pid 349] 15:00:17.652333 oqsprovider.so->OQS_KEM_free(0xaaaaf017ce30, 1, 7, 0xaaaaf0080010) = 0xaaaaf0080030 <0.000128>
Handshake duration: 8.24 ms
[pid 349] 15:00:17.653649 +++ exited (status 0) +++
Execution 76 - TLS Mutual
s_connection: verify depth is 1
[pid 351] 15:00:17.681504 openssl->SSL_connect(0xaaaae7982410, 0xaaaae7954998, 0xffffb49f40e0, 0 <unfinished ...>
[pid 351] 15:00:17.681801 libssl.so.3->EVP_PKEY_keygen_init(0xaaaae79877c0, 0, 0, 0xaaaae7987830) = 1 <0.000119>
[pid 351] 15:00:17.681966 libssl.so.3->EVP_PKEY_keygen(0xaaaae79877c0, 0xffffdd339370, 0, 0 <unfinished ...>
[pid 351] 15:00:17.682083 oqsprovider.so->OQS_KEM_new(0xaaaae7987590, 0xaaaae7986df0, 1792, 0) = 0xaaaae7986e30 <0.000126>
[pid 351] 15:00:17.682266 oqsprovider.so->OQS_KEM_keypair(0xaaaae7986e30, 0xaaaae7986eb0, 0xaaaae797c6f0, 0xaaaae797d300) = 0 <0.000285>
[pid 351] 15:00:17.682638 <... EVP_PKEY_keygen resumed> ) = 1 <0.000664>
[pid 351] 15:00:17.684018 libssl.so.3->EVP_PKEY_decapsulate_init(0xaaaae79877c0, 0, 0, 0xaaaae7987830) = 1 <0.000203>
[pid 351] 15:00:17.684261 libssl.so.3->EVP_PKEY_decapsulate(0xaaaae79877c0, 0, 0xffffdd3392f0, 0xaaaae7988fca) = 1 <0.000109>
[pid 351] 15:00:17.684445 libssl.so.3->EVP_PKEY_decapsulate(0xaaaae79877c0, 0xaaaae797e640, 0xffffdd3392f0, 0xaaaae7988fca <unfinished ...>
[pid 351] 15:00:17.684580 oqsprovider.so->OQS_KEM_decaps(0xaaaae7986e30, 0xaaaae797e640, 0xaaaae7988fca, 0xaaaae797c6f0) = 0 <0.000238>
[pid 351] 15:00:17.684872 <... EVP_PKEY_decapsulate resumed> ) = 1 <0.000423>
[pid 351] 15:00:17.685554 libssl.so.3->X509_verify_cert(0xaaaae797a660, 0, 0, 0xffffffff) = 1 <0.000419>
[pid 351] 15:00:17.686238 libssl.so.3->EVP_DigestVerifyInit_ex(0xaaaae79753a0, 0xffffdd3393f8, 0, 0) = 1 <0.000120>
[pid 351] 15:00:17.686411 libssl.so.3->EVP_DigestVerify(0xaaaae79753a0, 0xaaaae7988f78, 4627, 0xffffdd339400) = 1 <0.000311>
[pid 351] 15:00:17.686947 libssl.so.3->X509_verify_cert(0xaaaae797a660, 1, 0, 0) = 1 <0.000311>
[pid 351] 15:00:17.687618 libssl.so.3->EVP_DigestSignInit_ex(0xaaaae78a7700, 0xffffdd3393e0, 0, 0) = 1 <0.000222>
[pid 351] 15:00:17.687890 libssl.so.3->EVP_DigestSign(0xaaaae78a7700, 0, 0xffffdd3393f0, 0xffffdd339400) = 1 <0.000107>
[pid 351] 15:00:17.688087 libssl.so.3->EVP_DigestSign(0xaaaae78a7700, 0xaaaae798f4e0, 0xffffdd3393f0, 0xffffdd339400) = 1 <0.000939>
[pid 351] 15:00:17.689328 <... SSL_connect resumed> ) = 1 <0.007820>
[pid 351] 15:00:17.689630 oqsprovider.so->OQS_KEM_free(0xaaaae7986e30, 1, 7, 0xaaaae788a010) = 0xaaaae788a030 <0.000101>
Handshake duration: 7.97 ms
[pid 351] 15:00:17.690967 +++ exited (status 0) +++
Execution 77 - TLS Mutual
s_connection: verify depth is 1
[pid 353] 15:00:17.718728 openssl->SSL_connect(0xaaaadcc36410, 0xaaaadcc08998, 0xffff87b840e0, 0 <unfinished ...>
[pid 353] 15:00:17.719030 libssl.so.3->EVP_PKEY_keygen_init(0xaaaadcc3b7c0, 0, 0, 0xaaaadcc3b830) = 1 <0.000107>
[pid 353] 15:00:17.719229 libssl.so.3->EVP_PKEY_keygen(0xaaaadcc3b7c0, 0xffffc77490f0, 0, 0 <unfinished ...>
[pid 353] 15:00:17.719342 oqsprovider.so->OQS_KEM_new(0xaaaadcc3b590, 0xaaaadcc3adf0, 1792, 0) = 0xaaaadcc3ae30 <0.000108>
[pid 353] 15:00:17.719504 oqsprovider.so->OQS_KEM_keypair(0xaaaadcc3ae30, 0xaaaadcc3aeb0, 0xaaaadcc306f0, 0xaaaadcc31300) = 0 <0.000300>
[pid 353] 15:00:17.719868 <... EVP_PKEY_keygen resumed> ) = 1 <0.000631>
[pid 353] 15:00:17.721248 libssl.so.3->EVP_PKEY_decapsulate_init(0xaaaadcc3b7c0, 0, 0, 0xaaaadcc3b830) = 1 <0.000145>
[pid 353] 15:00:17.721459 libssl.so.3->EVP_PKEY_decapsulate(0xaaaadcc3b7c0, 0, 0xffffc7749070, 0xaaaadcc3cfca) = 1 <0.000203>
[pid 353] 15:00:17.721711 libssl.so.3->EVP_PKEY_decapsulate(0xaaaadcc3b7c0, 0xaaaadcc32640, 0xffffc7749070, 0xaaaadcc3cfca <unfinished ...>
[pid 353] 15:00:17.721818 oqsprovider.so->OQS_KEM_decaps(0xaaaadcc3ae30, 0xaaaadcc32640, 0xaaaadcc3cfca, 0xaaaadcc306f0) = 0 <0.000233>
[pid 353] 15:00:17.722109 <... EVP_PKEY_decapsulate resumed> ) = 1 <0.000389>
[pid 353] 15:00:17.722940 libssl.so.3->X509_verify_cert(0xaaaadcc2e660, 0, 0, 0xffffffff) = 1 <0.000437>
[pid 353] 15:00:17.723590 libssl.so.3->EVP_DigestVerifyInit_ex(0xaaaadcc293a0, 0xffffc7749178, 0, 0) = 1 <0.000097>
[pid 353] 15:00:17.723786 libssl.so.3->EVP_DigestVerify(0xaaaadcc293a0, 0xaaaadcc3cf78, 4627, 0xffffc7749180) = 1 <0.000278>
[pid 353] 15:00:17.724288 libssl.so.3->X509_verify_cert(0xaaaadcc2e660, 1, 0, 0) = 1 <0.000345>
[pid 353] 15:00:17.724951 libssl.so.3->EVP_DigestSignInit_ex(0xaaaadcb5b700, 0xffffc7749160, 0, 0) = 1 <0.000169>
[pid 353] 15:00:17.725178 libssl.so.3->EVP_DigestSign(0xaaaadcb5b700, 0, 0xffffc7749170, 0xffffc7749180) = 1 <0.000117>
[pid 353] 15:00:17.725347 libssl.so.3->EVP_DigestSign(0xaaaadcb5b700, 0xaaaadcc434e0, 0xffffc7749170, 0xffffc7749180) = 1 <0.000470>
[pid 353] 15:00:17.726168 <... SSL_connect resumed> ) = 1 <0.007438>
[pid 353] 15:00:17.726428 oqsprovider.so->OQS_KEM_free(0xaaaadcc3ae30, 1, 7, 0xaaaadcb3e010) = 0xaaaadcb3e030 <0.000101>
Handshake duration: 7.57 ms
[pid 353] 15:00:17.727698 +++ exited (status 0) +++
Execution 78 - TLS Mutual
s_connection: verify depth is 1
[pid 355] 15:00:17.755511 openssl->SSL_connect(0xaaaaeff4d410, 0xaaaaeff1f998, 0xffffb91e40e0, 0 <unfinished ...>
[pid 355] 15:00:17.755811 libssl.so.3->EVP_PKEY_keygen_init(0xaaaaeff527c0, 0, 0, 0xaaaaeff52830) = 1 <0.000127>
[pid 355] 15:00:17.756059 libssl.so.3->EVP_PKEY_keygen(0xaaaaeff527c0, 0xfffff067a680, 0, 0 <unfinished ...>
[pid 355] 15:00:17.756183 oqsprovider.so->OQS_KEM_new(0xaaaaeff52590, 0xaaaaeff51df0, 1792, 0) = 0xaaaaeff51e30 <0.000132>
[pid 355] 15:00:17.756372 oqsprovider.so->OQS_KEM_keypair(0xaaaaeff51e30, 0xaaaaeff51eb0, 0xaaaaeff476f0, 0xaaaaeff48300) = 0 <0.000297>
[pid 355] 15:00:17.756731 <... EVP_PKEY_keygen resumed> ) = 1 <0.000667>
[pid 355] 15:00:17.758116 libssl.so.3->EVP_PKEY_decapsulate_init(0xaaaaeff527c0, 0, 0, 0xaaaaeff52830) = 1 <0.000241>
[pid 355] 15:00:17.758413 libssl.so.3->EVP_PKEY_decapsulate(0xaaaaeff527c0, 0, 0xfffff067a600, 0xaaaaeff53fca) = 1 <0.000180>
[pid 355] 15:00:17.758647 libssl.so.3->EVP_PKEY_decapsulate(0xaaaaeff527c0, 0xaaaaeff49640, 0xfffff067a600, 0xaaaaeff53fca <unfinished ...>
[pid 355] 15:00:17.758839 oqsprovider.so->OQS_KEM_decaps(0xaaaaeff51e30, 0xaaaaeff49640, 0xaaaaeff53fca, 0xaaaaeff476f0) = 0 <0.000192>
[pid 355] 15:00:17.759093 <... EVP_PKEY_decapsulate resumed> ) = 1 <0.000439>
[pid 355] 15:00:17.759841 libssl.so.3->X509_verify_cert(0xaaaaeff45660, 0, 0, 0xffffffff) = 1 <0.000400>
[pid 355] 15:00:17.760468 libssl.so.3->EVP_DigestVerifyInit_ex(0xaaaaeff403a0, 0xfffff067a708, 0, 0) = 1 <0.000150>
[pid 355] 15:00:17.760667 libssl.so.3->EVP_DigestVerify(0xaaaaeff403a0, 0xaaaaeff53f78, 4627, 0xfffff067a710) = 1 <0.000281>
[pid 355] 15:00:17.761194 libssl.so.3->X509_verify_cert(0xaaaaeff45660, 1, 0, 0) = 1 <0.000314>
[pid 355] 15:00:17.761860 libssl.so.3->EVP_DigestSignInit_ex(0xaaaaefe72700, 0xfffff067a6f0, 0, 0) = 1 <0.000092>
[pid 355] 15:00:17.762003 libssl.so.3->EVP_DigestSign(0xaaaaefe72700, 0, 0xfffff067a700, 0xfffff067a710) = 1 <0.000193>
[pid 355] 15:00:17.762253 libssl.so.3->EVP_DigestSign(0xaaaaefe72700, 0xaaaaeff5a4e0, 0xfffff067a700, 0xfffff067a710) = 1 <0.000656>
[pid 355] 15:00:17.763225 <... SSL_connect resumed> ) = 1 <0.007709>
[pid 355] 15:00:17.763488 oqsprovider.so->OQS_KEM_free(0xaaaaeff51e30, 1, 7, 0xaaaaefe55010) = 0xaaaaefe55030 <0.000107>
Handshake duration: 7.84 ms
[pid 355] 15:00:17.764858 +++ exited (status 0) +++
Execution 79 - TLS Mutual
s_connection: verify depth is 1
[pid 357] 15:00:17.792787 openssl->SSL_connect(0xaaab00c64410, 0xaaab00c36998, 0xffffa43a40e0, 0 <unfinished ...>
[pid 357] 15:00:17.793076 libssl.so.3->EVP_PKEY_keygen_init(0xaaab00c697c0, 0, 0, 0xaaab00c69830) = 1 <0.000107>
[pid 357] 15:00:17.793285 libssl.so.3->EVP_PKEY_keygen(0xaaab00c697c0, 0xfffff3cac780, 0, 0 <unfinished ...>
[pid 357] 15:00:17.793424 oqsprovider.so->OQS_KEM_new(0xaaab00c69590, 0xaaab00c68df0, 1792, 0) = 0xaaab00c68e30 <0.000104>
[pid 357] 15:00:17.793586 oqsprovider.so->OQS_KEM_keypair(0xaaab00c68e30, 0xaaab00c68eb0, 0xaaab00c5e6f0, 0xaaab00c5f300) = 0 <0.000300>
[pid 357] 15:00:17.793954 <... EVP_PKEY_keygen resumed> ) = 1 <0.000672>
[pid 357] 15:00:17.795281 libssl.so.3->EVP_PKEY_decapsulate_init(0xaaab00c697c0, 0, 0, 0xaaab00c69830) = 1 <0.000182>
[pid 357] 15:00:17.795538 libssl.so.3->EVP_PKEY_decapsulate(0xaaab00c697c0, 0, 0xfffff3cac700, 0xaaab00c6afca) = 1 <0.000161>
[pid 357] 15:00:17.795758 libssl.so.3->EVP_PKEY_decapsulate(0xaaab00c697c0, 0xaaab00c60640, 0xfffff3cac700, 0xaaab00c6afca <unfinished ...>
[pid 357] 15:00:17.795879 oqsprovider.so->OQS_KEM_decaps(0xaaab00c68e30, 0xaaab00c60640, 0xaaab00c6afca, 0xaaab00c5e6f0) = 0 <0.000231>
[pid 357] 15:00:17.796177 <... EVP_PKEY_decapsulate resumed> ) = 1 <0.000406>
[pid 357] 15:00:17.796922 libssl.so.3->X509_verify_cert(0xaaab00c5c660, 0, 0, 0xffffffff) = 1 <0.000423>
[pid 357] 15:00:17.797568 libssl.so.3->EVP_DigestVerifyInit_ex(0xaaab00c573a0, 0xfffff3cac808, 0, 0) = 1 <0.000105>
[pid 357] 15:00:17.797727 libssl.so.3->EVP_DigestVerify(0xaaab00c573a0, 0xaaab00c6af78, 4627, 0xfffff3cac810) = 1 <0.000316>
[pid 357] 15:00:17.798242 libssl.so.3->X509_verify_cert(0xaaab00c5c660, 1, 0, 0) = 1 <0.000301>
[pid 357] 15:00:17.798892 libssl.so.3->EVP_DigestSignInit_ex(0xaaab00b89700, 0xfffff3cac7f0, 0, 0) = 1 <0.000122>
[pid 357] 15:00:17.799081 libssl.so.3->EVP_DigestSign(0xaaab00b89700, 0, 0xfffff3cac800, 0xfffff3cac810) = 1 <0.000071>
[pid 357] 15:00:17.799206 libssl.so.3->EVP_DigestSign(0xaaab00b89700, 0xaaab00c714e0, 0xfffff3cac800, 0xfffff3cac810) = 1 <0.000508>
[pid 357] 15:00:17.800020 <... SSL_connect resumed> ) = 1 <0.007228>
[pid 357] 15:00:17.800306 oqsprovider.so->OQS_KEM_free(0xaaab00c68e30, 1, 7, 0xaaab00b6c010) = 0xaaab00b6c030 <0.000144>
Handshake duration: 7.36 ms
[pid 357] 15:00:17.801603 +++ exited (status 0) +++
Execution 80 - TLS Mutual
s_connection: verify depth is 1
[pid 359] 15:00:17.829492 openssl->SSL_connect(0xaaaaceffa410, 0xaaaacefcc998, 0xffffb75b40e0, 0 <unfinished ...>
[pid 359] 15:00:17.829818 libssl.so.3->EVP_PKEY_keygen_init(0xaaaacefff7c0, 0, 0, 0xaaaacefff830) = 1 <0.000126>
[pid 359] 15:00:17.830005 libssl.so.3->EVP_PKEY_keygen(0xaaaacefff7c0, 0xffffec0bedf0, 0, 0 <unfinished ...>
[pid 359] 15:00:17.830097 oqsprovider.so->OQS_KEM_new(0xaaaacefff590, 0xaaaaceffedf0, 1792, 0) = 0xaaaaceffee30 <0.000142>
[pid 359] 15:00:17.830307 oqsprovider.so->OQS_KEM_keypair(0xaaaaceffee30, 0xaaaaceffeeb0, 0xaaaaceff46f0, 0xaaaaceff5300) = 0 <0.000346>
[pid 359] 15:00:17.830717 <... EVP_PKEY_keygen resumed> ) = 1 <0.000704>
[pid 359] 15:00:17.832098 libssl.so.3->EVP_PKEY_decapsulate_init(0xaaaacefff7c0, 0, 0, 0xaaaacefff830) = 1 <0.000201>
[pid 359] 15:00:17.832350 libssl.so.3->EVP_PKEY_decapsulate(0xaaaacefff7c0, 0, 0xffffec0bed70, 0xaaaacf000fca) = 1 <0.000098>
[pid 359] 15:00:17.832501 libssl.so.3->EVP_PKEY_decapsulate(0xaaaacefff7c0, 0xaaaaceff6640, 0xffffec0bed70, 0xaaaacf000fca <unfinished ...>
[pid 359] 15:00:17.832705 oqsprovider.so->OQS_KEM_decaps(0xaaaaceffee30, 0xaaaaceff6640, 0xaaaacf000fca, 0xaaaaceff46f0) = 0 <0.000245>
[pid 359] 15:00:17.832961 <... EVP_PKEY_decapsulate resumed> ) = 1 <0.000453>
[pid 359] 15:00:17.833619 libssl.so.3->X509_verify_cert(0xaaaaceff2660, 0, 0, 0xffffffff) = 1 <0.000397>
[pid 359] 15:00:17.834219 libssl.so.3->EVP_DigestVerifyInit_ex(0xaaaacefed3a0, 0xffffec0bee78, 0, 0) = 1 <0.000129>
[pid 359] 15:00:17.834409 libssl.so.3->EVP_DigestVerify(0xaaaacefed3a0, 0xaaaacf000f78, 4627, 0xffffec0bee80) = 1 <0.000368>
[pid 359] 15:00:17.835002 libssl.so.3->X509_verify_cert(0xaaaaceff2660, 1, 0, 0) = 1 <0.000329>
[pid 359] 15:00:17.835657 libssl.so.3->EVP_DigestSignInit_ex(0xaaaacef1f700, 0xffffec0bee60, 0, 0) = 1 <0.000088>
[pid 359] 15:00:17.835771 libssl.so.3->EVP_DigestSign(0xaaaacef1f700, 0, 0xffffec0bee70, 0xffffec0bee80) = 1 <0.000153>
[pid 359] 15:00:17.835984 libssl.so.3->EVP_DigestSign(0xaaaacef1f700, 0xaaaacf0074e0, 0xffffec0bee70, 0xffffec0bee80) = 1 <0.000766>
[pid 359] 15:00:17.837063 <... SSL_connect resumed> ) = 1 <0.007567>
[pid 359] 15:00:17.837326 oqsprovider.so->OQS_KEM_free(0xaaaaceffee30, 1, 7, 0xaaaacef02010) = 0xaaaacef02030 <0.000096>
Handshake duration: 7.69 ms
[pid 359] 15:00:17.838583 +++ exited (status 0) +++
Execution 81 - TLS Mutual
s_connection: verify depth is 1
[pid 361] 15:00:17.866838 openssl->SSL_connect(0xaaaaf97fa410, 0xaaaaf97cc998, 0xffff97c740e0, 0 <unfinished ...>
[pid 361] 15:00:17.867131 libssl.so.3->EVP_PKEY_keygen_init(0xaaaaf97ff7c0, 0, 0, 0xaaaaf97ff830) = 1 <0.000129>
[pid 361] 15:00:17.867353 libssl.so.3->EVP_PKEY_keygen(0xaaaaf97ff7c0, 0xffffcd991a90, 0, 0 <unfinished ...>
[pid 361] 15:00:17.867551 oqsprovider.so->OQS_KEM_new(0xaaaaf97ff590, 0xaaaaf97fedf0, 1792, 0) = 0xaaaaf97fee30 <0.000124>
[pid 361] 15:00:17.867742 oqsprovider.so->OQS_KEM_keypair(0xaaaaf97fee30, 0xaaaaf97feeb0, 0xaaaaf97f46f0, 0xaaaaf97f5300) = 0 <0.000307>
[pid 361] 15:00:17.868108 <... EVP_PKEY_keygen resumed> ) = 1 <0.000750>
[pid 361] 15:00:17.869448 libssl.so.3->EVP_PKEY_decapsulate_init(0xaaaaf97ff7c0, 0, 0, 0xaaaaf97ff830) = 1 <0.000247>
[pid 361] 15:00:17.869743 libssl.so.3->EVP_PKEY_decapsulate(0xaaaaf97ff7c0, 0, 0xffffcd991a10, 0xaaaaf9800fca) = 1 <0.000102>
[pid 361] 15:00:17.869923 libssl.so.3->EVP_PKEY_decapsulate(0xaaaaf97ff7c0, 0xaaaaf97f6640, 0xffffcd991a10, 0xaaaaf9800fca <unfinished ...>
[pid 361] 15:00:17.870030 oqsprovider.so->OQS_KEM_decaps(0xaaaaf97fee30, 0xaaaaf97f6640, 0xaaaaf9800fca, 0xaaaaf97f46f0) = 0 <0.000208>
[pid 361] 15:00:17.870296 <... EVP_PKEY_decapsulate resumed> ) = 1 <0.000369>
[pid 361] 15:00:17.870992 libssl.so.3->X509_verify_cert(0xaaaaf97f2660, 0, 0, 0xffffffff) = 1 <0.000386>
[pid 361] 15:00:17.871646 libssl.so.3->EVP_DigestVerifyInit_ex(0xaaaaf97ed3a0, 0xffffcd991b18, 0, 0) = 1 <0.000120>
[pid 361] 15:00:17.871812 libssl.so.3->EVP_DigestVerify(0xaaaaf97ed3a0, 0xaaaaf9800f78, 4627, 0xffffcd991b20) = 1 <0.000266>
[pid 361] 15:00:17.872308 libssl.so.3->X509_verify_cert(0xaaaaf97f2660, 1, 0, 0) = 1 <0.000293>
[pid 361] 15:00:17.872919 libssl.so.3->EVP_DigestSignInit_ex(0xaaaaf971f700, 0xffffcd991b00, 0, 0) = 1 <0.000135>
[pid 361] 15:00:17.873103 libssl.so.3->EVP_DigestSign(0xaaaaf971f700, 0, 0xffffcd991b10, 0xffffcd991b20) = 1 <0.000103>
[pid 361] 15:00:17.873256 libssl.so.3->EVP_DigestSign(0xaaaaf971f700, 0xaaaaf98074e0, 0xffffcd991b10, 0xffffcd991b20) = 1 <0.000621>
[pid 361] 15:00:17.874180 <... SSL_connect resumed> ) = 1 <0.007336>
[pid 361] 15:00:17.874407 oqsprovider.so->OQS_KEM_free(0xaaaaf97fee30, 1, 7, 0xaaaaf9702010) = 0xaaaaf9702030 <0.000114>
Handshake duration: 7.46 ms
[pid 361] 15:00:17.875815 +++ exited (status 0) +++
Execution 82 - TLS Mutual
s_connection: verify depth is 1
[pid 363] 15:00:17.903731 openssl->SSL_connect(0xaaaad7440410, 0xaaaad7412998, 0xffff9c3940e0, 0 <unfinished ...>
[pid 363] 15:00:17.904044 libssl.so.3->EVP_PKEY_keygen_init(0xaaaad74457c0, 0, 0, 0xaaaad7445830) = 1 <0.000119>
[pid 363] 15:00:17.904221 libssl.so.3->EVP_PKEY_keygen(0xaaaad74457c0, 0xffffe674e9b0, 0, 0 <unfinished ...>
[pid 363] 15:00:17.904376 oqsprovider.so->OQS_KEM_new(0xaaaad7445590, 0xaaaad7444df0, 1792, 0) = 0xaaaad7444e30 <0.000110>
[pid 363] 15:00:17.904588 oqsprovider.so->OQS_KEM_keypair(0xaaaad7444e30, 0xaaaad7444eb0, 0xaaaad743a6f0, 0xaaaad743b300) = 0 <0.000357>
[pid 363] 15:00:17.905005 <... EVP_PKEY_keygen resumed> ) = 1 <0.000779>
[pid 363] 15:00:17.906354 libssl.so.3->EVP_PKEY_decapsulate_init(0xaaaad74457c0, 0, 0, 0xaaaad7445830) = 1 <0.000215>
[pid 363] 15:00:17.906618 libssl.so.3->EVP_PKEY_decapsulate(0xaaaad74457c0, 0, 0xffffe674e930, 0xaaaad7446fca) = 1 <0.000081>
[pid 363] 15:00:17.906770 libssl.so.3->EVP_PKEY_decapsulate(0xaaaad74457c0, 0xaaaad743c640, 0xffffe674e930, 0xaaaad7446fca <unfinished ...>
[pid 363] 15:00:17.906867 oqsprovider.so->OQS_KEM_decaps(0xaaaad7444e30, 0xaaaad743c640, 0xaaaad7446fca, 0xaaaad743a6f0) = 0 <0.000190>
[pid 363] 15:00:17.907111 <... EVP_PKEY_decapsulate resumed> ) = 1 <0.000334>
[pid 363] 15:00:17.907790 libssl.so.3->X509_verify_cert(0xaaaad7438660, 0, 0, 0xffffffff) = 1 <0.000398>
[pid 363] 15:00:17.908410 libssl.so.3->EVP_DigestVerifyInit_ex(0xaaaad74333a0, 0xffffe674ea38, 0, 0) = 1 <0.000154>
[pid 363] 15:00:17.908607 libssl.so.3->EVP_DigestVerify(0xaaaad74333a0, 0xaaaad7446f78, 4627, 0xffffe674ea40) = 1 <0.000289>
[pid 363] 15:00:17.909127 libssl.so.3->X509_verify_cert(0xaaaad7438660, 1, 0, 0) = 1 <0.000340>
[pid 363] 15:00:17.909810 libssl.so.3->EVP_DigestSignInit_ex(0xaaaad7365700, 0xffffe674ea20, 0, 0) = 1 <0.000119>
[pid 363] 15:00:17.910023 libssl.so.3->EVP_DigestSign(0xaaaad7365700, 0, 0xffffe674ea30, 0xffffe674ea40) = 1 <0.000163>
[pid 363] 15:00:17.910235 libssl.so.3->EVP_DigestSign(0xaaaad7365700, 0xaaaad744d4e0, 0xffffe674ea30, 0xffffe674ea40) = 1 <0.000735>
[pid 363] 15:00:17.911307 <... SSL_connect resumed> ) = 1 <0.007573>
[pid 363] 15:00:17.911580 oqsprovider.so->OQS_KEM_free(0xaaaad7444e30, 1, 7, 0xaaaad7348010) = 0xaaaad7348030 <0.000132>
Handshake duration: 7.69 ms
[pid 363] 15:00:17.912992 +++ exited (status 0) +++
Execution 83 - TLS Mutual
s_connection: verify depth is 1
[pid 365] 15:00:17.940618 openssl->SSL_connect(0xaaaaed717410, 0xaaaaed6e9998, 0xffff7f8f40e0, 0 <unfinished ...>
[pid 365] 15:00:17.940971 libssl.so.3->EVP_PKEY_keygen_init(0xaaaaed71c7c0, 0, 0, 0xaaaaed71c830) = 1 <0.000098>
[pid 365] 15:00:17.941158 libssl.so.3->EVP_PKEY_keygen(0xaaaaed71c7c0, 0xffffe83cac30, 0, 0 <unfinished ...>
[pid 365] 15:00:17.941248 oqsprovider.so->OQS_KEM_new(0xaaaaed71c590, 0xaaaaed71bdf0, 1792, 0) = 0xaaaaed71be30 <0.000109>
[pid 365] 15:00:17.941449 oqsprovider.so->OQS_KEM_keypair(0xaaaaed71be30, 0xaaaaed71beb0, 0xaaaaed7116f0, 0xaaaaed712300) = 0 <0.000297>
[pid 365] 15:00:17.941818 <... EVP_PKEY_keygen resumed> ) = 1 <0.000661>
[pid 365] 15:00:17.943200 libssl.so.3->EVP_PKEY_decapsulate_init(0xaaaaed71c7c0, 0, 0, 0xaaaaed71c830) = 1 <0.000220>
[pid 365] 15:00:17.943472 libssl.so.3->EVP_PKEY_decapsulate(0xaaaaed71c7c0, 0, 0xffffe83cabb0, 0xaaaaed71dfca) = 1 <0.000146>
[pid 365] 15:00:17.943730 libssl.so.3->EVP_PKEY_decapsulate(0xaaaaed71c7c0, 0xaaaaed713640, 0xffffe83cabb0, 0xaaaaed71dfca <unfinished ...>
[pid 365] 15:00:17.943880 oqsprovider.so->OQS_KEM_decaps(0xaaaaed71be30, 0xaaaaed713640, 0xaaaaed71dfca, 0xaaaaed7116f0) = 0 <0.000175>
[pid 365] 15:00:17.944117 <... EVP_PKEY_decapsulate resumed> ) = 1 <0.000381>
[pid 365] 15:00:17.944799 libssl.so.3->X509_verify_cert(0xaaaaed70f660, 0, 0, 0xffffffff) = 1 <0.000402>
[pid 365] 15:00:17.945473 libssl.so.3->EVP_DigestVerifyInit_ex(0xaaaaed70a3a0, 0xffffe83cacb8, 0, 0) = 1 <0.000105>
[pid 365] 15:00:17.945625 libssl.so.3->EVP_DigestVerify(0xaaaaed70a3a0, 0xaaaaed71df78, 4627, 0xffffe83cacc0) = 1 <0.000341>
[pid 365] 15:00:17.946217 libssl.so.3->X509_verify_cert(0xaaaaed70f660, 1, 0, 0) = 1 <0.000303>
[pid 365] 15:00:17.946890 libssl.so.3->EVP_DigestSignInit_ex(0xaaaaed63c700, 0xffffe83caca0, 0, 0) = 1 <0.000278>
[pid 365] 15:00:17.947201 libssl.so.3->EVP_DigestSign(0xaaaaed63c700, 0, 0xffffe83cacb0, 0xffffe83cacc0) = 1 <0.000118>
[pid 365] 15:00:17.947395 libssl.so.3->EVP_DigestSign(0xaaaaed63c700, 0xaaaaed7244e0, 0xffffe83cacb0, 0xffffe83cacc0) = 1 <0.000457>
[pid 365] 15:00:17.948156 <... SSL_connect resumed> ) = 1 <0.007529>
[pid 365] 15:00:17.948437 oqsprovider.so->OQS_KEM_free(0xaaaaed71be30, 1, 7, 0xaaaaed61f010) = 0xaaaaed61f030 <0.000145>
Handshake duration: 7.67 ms
[pid 365] 15:00:17.949868 +++ exited (status 0) +++
Execution 84 - TLS Mutual
s_connection: verify depth is 1
[pid 367] 15:00:17.977789 openssl->SSL_connect(0xaaab153b1410, 0xaaab15383998, 0xffff8f8240e0, 0 <unfinished ...>
[pid 367] 15:00:17.978126 libssl.so.3->EVP_PKEY_keygen_init(0xaaab153b67c0, 0, 0, 0xaaab153b6830) = 1 <0.000120>
[pid 367] 15:00:17.978361 libssl.so.3->EVP_PKEY_keygen(0xaaab153b67c0, 0xffffe3a0afb0, 0, 0 <unfinished ...>
[pid 367] 15:00:17.978597 oqsprovider.so->OQS_KEM_new(0xaaab153b6590, 0xaaab153b5df0, 1792, 0) = 0xaaab153b5e30 <0.000100>
[pid 367] 15:00:17.978741 oqsprovider.so->OQS_KEM_keypair(0xaaab153b5e30, 0xaaab153b5eb0, 0xaaab153ab6f0, 0xaaab153ac300) = 0 <0.000302>
[pid 367] 15:00:17.979106 <... EVP_PKEY_keygen resumed> ) = 1 <0.000800>
[pid 367] 15:00:17.980469 libssl.so.3->EVP_PKEY_decapsulate_init(0xaaab153b67c0, 0, 0, 0xaaab153b6830) = 1 <0.000255>
[pid 367] 15:00:17.980778 libssl.so.3->EVP_PKEY_decapsulate(0xaaab153b67c0, 0, 0xffffe3a0af30, 0xaaab153b7fca) = 1 <0.000130>
[pid 367] 15:00:17.980956 libssl.so.3->EVP_PKEY_decapsulate(0xaaab153b67c0, 0xaaab153ad640, 0xffffe3a0af30, 0xaaab153b7fca <unfinished ...>
[pid 367] 15:00:17.981083 oqsprovider.so->OQS_KEM_decaps(0xaaab153b5e30, 0xaaab153ad640, 0xaaab153b7fca, 0xaaab153ab6f0) = 0 <0.000164>
[pid 367] 15:00:17.981297 <... EVP_PKEY_decapsulate resumed> ) = 1 <0.000333>
[pid 367] 15:00:17.981984 libssl.so.3->X509_verify_cert(0xaaab153a9660, 0, 0, 0xffffffff) = 1 <0.000408>
[pid 367] 15:00:17.982612 libssl.so.3->EVP_DigestVerifyInit_ex(0xaaab153a43a0, 0xffffe3a0b038, 0, 0) = 1 <0.000121>
[pid 367] 15:00:17.982799 libssl.so.3->EVP_DigestVerify(0xaaab153a43a0, 0xaaab153b7f78, 4627, 0xffffe3a0b040) = 1 <0.000327>
[pid 367] 15:00:17.983360 libssl.so.3->X509_verify_cert(0xaaab153a9660, 1, 0, 0) = 1 <0.000302>
[pid 367] 15:00:17.983998 libssl.so.3->EVP_DigestSignInit_ex(0xaaab152d6700, 0xffffe3a0b020, 0, 0) = 1 <0.000243>
[pid 367] 15:00:17.984315 libssl.so.3->EVP_DigestSign(0xaaab152d6700, 0, 0xffffe3a0b030, 0xffffe3a0b040) = 1 <0.000117>
[pid 367] 15:00:17.984523 libssl.so.3->EVP_DigestSign(0xaaab152d6700, 0xaaab153be4e0, 0xffffe3a0b030, 0xffffe3a0b040) = 1 <0.000458>
[pid 367] 15:00:17.985319 <... SSL_connect resumed> ) = 1 <0.007523>
[pid 367] 15:00:17.985611 oqsprovider.so->OQS_KEM_free(0xaaab153b5e30, 1, 7, 0xaaab152b9010) = 0xaaab152b9030 <0.000122>
Handshake duration: 7.66 ms
[pid 367] 15:00:17.986922 +++ exited (status 0) +++
Execution 85 - TLS Mutual
s_connection: verify depth is 1
[pid 369] 15:00:18.014892 openssl->SSL_connect(0xaaaaf5974410, 0xaaaaf5946998, 0xffff83d840e0, 0 <unfinished ...>
[pid 369] 15:00:18.015220 libssl.so.3->EVP_PKEY_keygen_init(0xaaaaf59797c0, 0, 0, 0xaaaaf5979830) = 1 <0.000095>
[pid 369] 15:00:18.015375 libssl.so.3->EVP_PKEY_keygen(0xaaaaf59797c0, 0xffffccb1afc0, 0, 0 <unfinished ...>
[pid 369] 15:00:18.015532 oqsprovider.so->OQS_KEM_new(0xaaaaf5979590, 0xaaaaf5978df0, 1792, 0) = 0xaaaaf5978e30 <0.000112>
[pid 369] 15:00:18.015688 oqsprovider.so->OQS_KEM_keypair(0xaaaaf5978e30, 0xaaaaf5978eb0, 0xaaaaf596e6f0, 0xaaaaf596f300) = 0 <0.000367>
[pid 369] 15:00:18.016117 <... EVP_PKEY_keygen resumed> ) = 1 <0.000739>
[pid 369] 15:00:18.017467 libssl.so.3->EVP_PKEY_decapsulate_init(0xaaaaf59797c0, 0, 0, 0xaaaaf5979830) = 1 <0.000201>
[pid 369] 15:00:18.017717 libssl.so.3->EVP_PKEY_decapsulate(0xaaaaf59797c0, 0, 0xffffccb1af40, 0xaaaaf597afca) = 1 <0.000157>
[pid 369] 15:00:18.017937 libssl.so.3->EVP_PKEY_decapsulate(0xaaaaf59797c0, 0xaaaaf5970640, 0xffffccb1af40, 0xaaaaf597afca <unfinished ...>
[pid 369] 15:00:18.018082 oqsprovider.so->OQS_KEM_decaps(0xaaaaf5978e30, 0xaaaaf5970640, 0xaaaaf597afca, 0xaaaaf596e6f0) = 0 <0.000186>
[pid 369] 15:00:18.018318 <... EVP_PKEY_decapsulate resumed> ) = 1 <0.000375>
[pid 369] 15:00:18.019036 libssl.so.3->X509_verify_cert(0xaaaaf596c660, 0, 0, 0xffffffff) = 1 <0.000389>
[pid 369] 15:00:18.019653 libssl.so.3->EVP_DigestVerifyInit_ex(0xaaaaf59673a0, 0xffffccb1b048, 0, 0) = 1 <0.000113>
[pid 369] 15:00:18.019815 libssl.so.3->EVP_DigestVerify(0xaaaaf59673a0, 0xaaaaf597af78, 4627, 0xffffccb1b050) = 1 <0.000276>
[pid 369] 15:00:18.020295 libssl.so.3->X509_verify_cert(0xaaaaf596c660, 1, 0, 0) = 1 <0.000308>
[pid 369] 15:00:18.020943 libssl.so.3->EVP_DigestSignInit_ex(0xaaaaf5899700, 0xffffccb1b030, 0, 0) = 1 <0.000101>
[pid 369] 15:00:18.021086 libssl.so.3->EVP_DigestSign(0xaaaaf5899700, 0, 0xffffccb1b040, 0xffffccb1b050) = 1 <0.000150>
[pid 369] 15:00:18.021282 libssl.so.3->EVP_DigestSign(0xaaaaf5899700, 0xaaaaf59814e0, 0xffffccb1b040, 0xffffccb1b050) = 1 <0.000706>
[pid 369] 15:00:18.022339 <... SSL_connect resumed> ) = 1 <0.007442>
[pid 369] 15:00:18.022622 oqsprovider.so->OQS_KEM_free(0xaaaaf5978e30, 1, 7, 0xaaaaf587c010) = 0xaaaaf587c030 <0.000095>
Handshake duration: 7.59 ms
[pid 369] 15:00:18.023906 +++ exited (status 0) +++
Execution 86 - TLS Mutual
s_connection: verify depth is 1
[pid 371] 15:00:18.051887 openssl->SSL_connect(0xaaaad772d410, 0xaaaad76ff998, 0xffffa43040e0, 0 <unfinished ...>
[pid 371] 15:00:18.052211 libssl.so.3->EVP_PKEY_keygen_init(0xaaaad77327c0, 0, 0, 0xaaaad7732830) = 1 <0.000129>
[pid 371] 15:00:18.052415 libssl.so.3->EVP_PKEY_keygen(0xaaaad77327c0, 0xffffeaf73b70, 0, 0 <unfinished ...>
[pid 371] 15:00:18.052637 oqsprovider.so->OQS_KEM_new(0xaaaad7732590, 0xaaaad7731df0, 1792, 0) = 0xaaaad7731e30 <0.000106>
[pid 371] 15:00:18.052801 oqsprovider.so->OQS_KEM_keypair(0xaaaad7731e30, 0xaaaad7731eb0, 0xaaaad77276f0, 0xaaaad7728300) = 0 <0.000307>
[pid 371] 15:00:18.053171 <... EVP_PKEY_keygen resumed> ) = 1 <0.000749>
[pid 371] 15:00:18.054471 libssl.so.3->EVP_PKEY_decapsulate_init(0xaaaad77327c0, 0, 0, 0xaaaad7732830) = 1 <0.000266>
[pid 371] 15:00:18.054788 libssl.so.3->EVP_PKEY_decapsulate(0xaaaad77327c0, 0, 0xffffeaf73af0, 0xaaaad7733fca) = 1 <0.000141>
[pid 371] 15:00:18.055006 libssl.so.3->EVP_PKEY_decapsulate(0xaaaad77327c0, 0xaaaad7729640, 0xffffeaf73af0, 0xaaaad7733fca <unfinished ...>
[pid 371] 15:00:18.055143 oqsprovider.so->OQS_KEM_decaps(0xaaaad7731e30, 0xaaaad7729640, 0xaaaad7733fca, 0xaaaad77276f0) = 0 <0.000245>
[pid 371] 15:00:18.055447 <... EVP_PKEY_decapsulate resumed> ) = 1 <0.000435>
[pid 371] 15:00:18.056122 libssl.so.3->X509_verify_cert(0xaaaad7725660, 0, 0, 0xffffffff) = 1 <0.000413>
[pid 371] 15:00:18.056785 libssl.so.3->EVP_DigestVerifyInit_ex(0xaaaad77203a0, 0xffffeaf73bf8, 0, 0) = 1 <0.000117>
[pid 371] 15:00:18.056965 libssl.so.3->EVP_DigestVerify(0xaaaad77203a0, 0xaaaad7733f78, 4627, 0xffffeaf73c00) = 1 <0.000293>
[pid 371] 15:00:18.057469 libssl.so.3->X509_verify_cert(0xaaaad7725660, 1, 0, 0) = 1 <0.000327>
[pid 371] 15:00:18.058124 libssl.so.3->EVP_DigestSignInit_ex(0xaaaad7652700, 0xffffeaf73be0, 0, 0) = 1 <0.000155>
[pid 371] 15:00:18.058334 libssl.so.3->EVP_DigestSign(0xaaaad7652700, 0, 0xffffeaf73bf0, 0xffffeaf73c00) = 1 <0.000084>
[pid 371] 15:00:18.058471 libssl.so.3->EVP_DigestSign(0xaaaad7652700, 0xaaaad773a4e0, 0xffffeaf73bf0, 0xffffeaf73c00) = 1 <0.000426>
[pid 371] 15:00:18.059200 <... SSL_connect resumed> ) = 1 <0.007307>
[pid 371] 15:00:18.059475 oqsprovider.so->OQS_KEM_free(0xaaaad7731e30, 1, 7, 0xaaaad7635010) = 0xaaaad7635030 <0.000185>
Handshake duration: 7.48 ms
[pid 371] 15:00:18.060867 +++ exited (status 0) +++
Execution 87 - TLS Mutual
s_connection: verify depth is 1
[pid 373] 15:00:18.088831 openssl->SSL_connect(0xaaaae0fd2410, 0xaaaae0fa4998, 0xffff916640e0, 0 <unfinished ...>
[pid 373] 15:00:18.089155 libssl.so.3->EVP_PKEY_keygen_init(0xaaaae0fd77c0, 0, 0, 0xaaaae0fd7830) = 1 <0.000109>
[pid 373] 15:00:18.089313 libssl.so.3->EVP_PKEY_keygen(0xaaaae0fd77c0, 0xfffff5e81ae0, 0, 0 <unfinished ...>
[pid 373] 15:00:18.089444 oqsprovider.so->OQS_KEM_new(0xaaaae0fd7590, 0xaaaae0fd6df0, 1792, 0) = 0xaaaae0fd6e30 <0.000120>
[pid 373] 15:00:18.089632 oqsprovider.so->OQS_KEM_keypair(0xaaaae0fd6e30, 0xaaaae0fd6eb0, 0xaaaae0fcc6f0, 0xaaaae0fcd300) = 0 <0.000333>
[pid 373] 15:00:18.090024 <... EVP_PKEY_keygen resumed> ) = 1 <0.000705>
[pid 373] 15:00:18.091357 libssl.so.3->EVP_PKEY_decapsulate_init(0xaaaae0fd77c0, 0, 0, 0xaaaae0fd7830) = 1 <0.000162>
[pid 373] 15:00:18.091558 libssl.so.3->EVP_PKEY_decapsulate(0xaaaae0fd77c0, 0, 0xfffff5e81a60, 0xaaaae0fd8fca) = 1 <0.000267>
[pid 373] 15:00:18.091882 libssl.so.3->EVP_PKEY_decapsulate(0xaaaae0fd77c0, 0xaaaae0fce640, 0xfffff5e81a60, 0xaaaae0fd8fca <unfinished ...>
[pid 373] 15:00:18.091981 oqsprovider.so->OQS_KEM_decaps(0xaaaae0fd6e30, 0xaaaae0fce640, 0xaaaae0fd8fca, 0xaaaae0fcc6f0) = 0 <0.000202>
[pid 373] 15:00:18.092241 <... EVP_PKEY_decapsulate resumed> ) = 1 <0.000355>
[pid 373] 15:00:18.092934 libssl.so.3->X509_verify_cert(0xaaaae0fca660, 0, 0, 0xffffffff) = 1 <0.000357>
[pid 373] 15:00:18.093490 libssl.so.3->EVP_DigestVerifyInit_ex(0xaaaae0fc53a0, 0xfffff5e81b68, 0, 0) = 1 <0.000135>
[pid 373] 15:00:18.093669 libssl.so.3->EVP_DigestVerify(0xaaaae0fc53a0, 0xaaaae0fd8f78, 4627, 0xfffff5e81b70) = 1 <0.000297>
[pid 373] 15:00:18.094164 libssl.so.3->X509_verify_cert(0xaaaae0fca660, 1, 0, 0) = 1 <0.000277>
[pid 373] 15:00:18.094789 libssl.so.3->EVP_DigestSignInit_ex(0xaaaae0ef7700, 0xfffff5e81b50, 0, 0) = 1 <0.000387>
[pid 373] 15:00:18.095244 libssl.so.3->EVP_DigestSign(0xaaaae0ef7700, 0, 0xfffff5e81b60, 0xfffff5e81b70) = 1 <0.000188>
[pid 373] 15:00:18.095464 libssl.so.3->EVP_DigestSign(0xaaaae0ef7700, 0xaaaae0fdf4e0, 0xfffff5e81b60, 0xfffff5e81b70) = 1 <0.000659>
[pid 373] 15:00:18.096477 <... SSL_connect resumed> ) = 1 <0.007644>
[pid 373] 15:00:18.096843 oqsprovider.so->OQS_KEM_free(0xaaaae0fd6e30, 1, 7, 0xaaaae0eda010) = 0xaaaae0eda030 <0.000102>
Handshake duration: 7.76 ms
[pid 373] 15:00:18.098200 +++ exited (status 0) +++
Execution 88 - TLS Mutual
s_connection: verify depth is 1
[pid 375] 15:00:18.125990 openssl->SSL_connect(0xaaaaf05e2410, 0xaaaaf05b4998, 0xffff9c1d40e0, 0 <unfinished ...>
[pid 375] 15:00:18.126297 libssl.so.3->EVP_PKEY_keygen_init(0xaaaaf05e77c0, 0, 0, 0xaaaaf05e7830) = 1 <0.000103>
[pid 375] 15:00:18.126498 libssl.so.3->EVP_PKEY_keygen(0xaaaaf05e77c0, 0xffffd6d6abf0, 0, 0 <unfinished ...>
[pid 375] 15:00:18.126618 oqsprovider.so->OQS_KEM_new(0xaaaaf05e7590, 0xaaaaf05e6df0, 1792, 0) = 0xaaaaf05e6e30 <0.000111>
[pid 375] 15:00:18.126796 oqsprovider.so->OQS_KEM_keypair(0xaaaaf05e6e30, 0xaaaaf05e6eb0, 0xaaaaf05dc6f0, 0xaaaaf05dd300) = 0 <0.000279>
[pid 375] 15:00:18.127134 <... EVP_PKEY_keygen resumed> ) = 1 <0.000629>
[pid 375] 15:00:18.128529 libssl.so.3->EVP_PKEY_decapsulate_init(0xaaaaf05e77c0, 0, 0, 0xaaaaf05e7830) = 1 <0.000210>
[pid 375] 15:00:18.128796 libssl.so.3->EVP_PKEY_decapsulate(0xaaaaf05e77c0, 0, 0xffffd6d6ab70, 0xaaaaf05e8fca) = 1 <0.000093>
[pid 375] 15:00:18.128980 libssl.so.3->EVP_PKEY_decapsulate(0xaaaaf05e77c0, 0xaaaaf05de640, 0xffffd6d6ab70, 0xaaaaf05e8fca <unfinished ...>
[pid 375] 15:00:18.129079 oqsprovider.so->OQS_KEM_decaps(0xaaaaf05e6e30, 0xaaaaf05de640, 0xaaaaf05e8fca, 0xaaaaf05dc6f0) = 0 <0.000189>
[pid 375] 15:00:18.129323 <... EVP_PKEY_decapsulate resumed> ) = 1 <0.000337>
[pid 375] 15:00:18.130052 libssl.so.3->X509_verify_cert(0xaaaaf05da660, 0, 0, 0xffffffff) = 1 <0.000412>
[pid 375] 15:00:18.130728 libssl.so.3->EVP_DigestVerifyInit_ex(0xaaaaf05d53a0, 0xffffd6d6ac78, 0, 0) = 1 <0.000148>
[pid 375] 15:00:18.130935 libssl.so.3->EVP_DigestVerify(0xaaaaf05d53a0, 0xaaaaf05e8f78, 4627, 0xffffd6d6ac80) = 1 <0.000329>
[pid 375] 15:00:18.131524 libssl.so.3->X509_verify_cert(0xaaaaf05da660, 1, 0, 0) = 1 <0.000291>
[pid 375] 15:00:18.132135 libssl.so.3->EVP_DigestSignInit_ex(0xaaaaf0507700, 0xffffd6d6ac60, 0, 0) = 1 <0.000162>
[pid 375] 15:00:18.132343 libssl.so.3->EVP_DigestSign(0xaaaaf0507700, 0, 0xffffd6d6ac70, 0xffffd6d6ac80) = 1 <0.000173>
[pid 375] 15:00:18.132569 libssl.so.3->EVP_DigestSign(0xaaaaf0507700, 0xaaaaf05ef4e0, 0xffffd6d6ac70, 0xffffd6d6ac80) = 1 <0.000453>
[pid 375] 15:00:18.133337 <... SSL_connect resumed> ) = 1 <0.007342>
[pid 375] 15:00:18.133663 oqsprovider.so->OQS_KEM_free(0xaaaaf05e6e30, 1, 7, 0xaaaaf04ea010) = 0xaaaaf04ea030 <0.000121>
Handshake duration: 7.48 ms
[pid 375] 15:00:18.135010 +++ exited (status 0) +++
Execution 89 - TLS Mutual
s_connection: verify depth is 1
[pid 377] 15:00:18.163090 openssl->SSL_connect(0xaaaaf8890410, 0xaaaaf8862998, 0xffffab1f40e0, 0 <unfinished ...>
[pid 377] 15:00:18.163378 libssl.so.3->EVP_PKEY_keygen_init(0xaaaaf88957c0, 0, 0, 0xaaaaf8895830) = 1 <0.000132>
[pid 377] 15:00:18.163555 libssl.so.3->EVP_PKEY_keygen(0xaaaaf88957c0, 0xffffe6ec1130, 0, 0 <unfinished ...>
[pid 377] 15:00:18.163728 oqsprovider.so->OQS_KEM_new(0xaaaaf8895590, 0xaaaaf8894df0, 1792, 0) = 0xaaaaf8894e30 <0.000147>
[pid 377] 15:00:18.163902 oqsprovider.so->OQS_KEM_keypair(0xaaaaf8894e30, 0xaaaaf8894eb0, 0xaaaaf888a6f0, 0xaaaaf888b300) = 0 <0.000299>
[pid 377] 15:00:18.164266 <... EVP_PKEY_keygen resumed> ) = 1 <0.000702>
[pid 377] 15:00:18.165598 libssl.so.3->EVP_PKEY_decapsulate_init(0xaaaaf88957c0, 0, 0, 0xaaaaf8895830) = 1 <0.000209>
[pid 377] 15:00:18.165851 libssl.so.3->EVP_PKEY_decapsulate(0xaaaaf88957c0, 0, 0xffffe6ec10b0, 0xaaaaf8896fca) = 1 <0.000127>
[pid 377] 15:00:18.166018 libssl.so.3->EVP_PKEY_decapsulate(0xaaaaf88957c0, 0xaaaaf888c640, 0xffffe6ec10b0, 0xaaaaf8896fca <unfinished ...>
[pid 377] 15:00:18.166133 oqsprovider.so->OQS_KEM_decaps(0xaaaaf8894e30, 0xaaaaf888c640, 0xaaaaf8896fca, 0xaaaaf888a6f0) = 0 <0.000212>
[pid 377] 15:00:18.166410 <... EVP_PKEY_decapsulate resumed> ) = 1 <0.000383>
[pid 377] 15:00:18.167092 libssl.so.3->X509_verify_cert(0xaaaaf8888660, 0, 0, 0xffffffff) = 1 <0.000403>
[pid 377] 15:00:18.167755 libssl.so.3->EVP_DigestVerifyInit_ex(0xaaaaf88833a0, 0xffffe6ec11b8, 0, 0) = 1 <0.000182>
[pid 377] 15:00:18.167992 libssl.so.3->EVP_DigestVerify(0xaaaaf88833a0, 0xaaaaf8896f78, 4627, 0xffffe6ec11c0) = 1 <0.000299>
[pid 377] 15:00:18.168510 libssl.so.3->X509_verify_cert(0xaaaaf8888660, 1, 0, 0) = 1 <0.000364>
[pid 377] 15:00:18.169222 libssl.so.3->EVP_DigestSignInit_ex(0xaaaaf87b5700, 0xffffe6ec11a0, 0, 0) = 1 <0.000182>
[pid 377] 15:00:18.169455 libssl.so.3->EVP_DigestSign(0xaaaaf87b5700, 0, 0xffffe6ec11b0, 0xffffe6ec11c0) = 1 <0.000150>
[pid 377] 15:00:18.169667 libssl.so.3->EVP_DigestSign(0xaaaaf87b5700, 0xaaaaf889d4e0, 0xffffe6ec11b0, 0xffffe6ec11c0) = 1 <0.000674>
[pid 377] 15:00:18.170633 <... SSL_connect resumed> ) = 1 <0.007539>
[pid 377] 15:00:18.170966 oqsprovider.so->OQS_KEM_free(0xaaaaf8894e30, 1, 7, 0xaaaaf8798010) = 0xaaaaf8798030 <0.000103>
Handshake duration: 7.68 ms
[pid 377] 15:00:18.172297 +++ exited (status 0) +++
Execution 90 - TLS Mutual
s_connection: verify depth is 1
[pid 379] 15:00:18.199992 openssl->SSL_connect(0xaaab025ea410, 0xaaab025bc998, 0xffffb17140e0, 0 <unfinished ...>
[pid 379] 15:00:18.200298 libssl.so.3->EVP_PKEY_keygen_init(0xaaab025ef7c0, 0, 0, 0xaaab025ef830) = 1 <0.000118>
[pid 379] 15:00:18.200496 libssl.so.3->EVP_PKEY_keygen(0xaaab025ef7c0, 0xffffd03c5880, 0, 0 <unfinished ...>
[pid 379] 15:00:18.200609 oqsprovider.so->OQS_KEM_new(0xaaab025ef590, 0xaaab025eedf0, 1792, 0) = 0xaaab025eee30 <0.000090>
[pid 379] 15:00:18.200751 oqsprovider.so->OQS_KEM_keypair(0xaaab025eee30, 0xaaab025eeeb0, 0xaaab025e46f0, 0xaaab025e5300) = 0 <0.000349>
[pid 379] 15:00:18.201160 <... EVP_PKEY_keygen resumed> ) = 1 <0.000666>
[pid 379] 15:00:18.202499 libssl.so.3->EVP_PKEY_decapsulate_init(0xaaab025ef7c0, 0, 0, 0xaaab025ef830) = 1 <0.000194>
[pid 379] 15:00:18.202779 libssl.so.3->EVP_PKEY_decapsulate(0xaaab025ef7c0, 0, 0xffffd03c5800, 0xaaab025f0fca) = 1 <0.000120>
[pid 379] 15:00:18.202964 libssl.so.3->EVP_PKEY_decapsulate(0xaaab025ef7c0, 0xaaab025e6640, 0xffffd03c5800, 0xaaab025f0fca <unfinished ...>
[pid 379] 15:00:18.203105 oqsprovider.so->OQS_KEM_decaps(0xaaab025eee30, 0xaaab025e6640, 0xaaab025f0fca, 0xaaab025e46f0) = 0 <0.000194>
[pid 379] 15:00:18.203362 <... EVP_PKEY_decapsulate resumed> ) = 1 <0.000381>
[pid 379] 15:00:18.204005 libssl.so.3->X509_verify_cert(0xaaab025e2660, 0, 0, 0xffffffff) = 1 <0.000390>
[pid 379] 15:00:18.204644 libssl.so.3->EVP_DigestVerifyInit_ex(0xaaab025dd3a0, 0xffffd03c5908, 0, 0) = 1 <0.000122>
[pid 379] 15:00:18.204809 libssl.so.3->EVP_DigestVerify(0xaaab025dd3a0, 0xaaab025f0f78, 4627, 0xffffd03c5910) = 1 <0.000287>
[pid 379] 15:00:18.205309 libssl.so.3->X509_verify_cert(0xaaab025e2660, 1, 0, 0) = 1 <0.000322>
[pid 379] 15:00:18.205970 libssl.so.3->EVP_DigestSignInit_ex(0xaaab0250f700, 0xffffd03c58f0, 0, 0) = 1 <0.000132>
[pid 379] 15:00:18.206153 libssl.so.3->EVP_DigestSign(0xaaab0250f700, 0, 0xffffd03c5900, 0xffffd03c5910) = 1 <0.000084>
[pid 379] 15:00:18.206308 libssl.so.3->EVP_DigestSign(0xaaab0250f700, 0xaaab025f74e0, 0xffffd03c5900, 0xffffd03c5910) = 1 <0.000864>
[pid 379] 15:00:18.207495 <... SSL_connect resumed> ) = 1 <0.007498>
[pid 379] 15:00:18.207817 oqsprovider.so->OQS_KEM_free(0xaaab025eee30, 1, 7, 0xaaab024f2010) = 0xaaab024f2030 <0.000092>
Handshake duration: 7.67 ms
[pid 379] 15:00:18.209131 +++ exited (status 0) +++
Execution 91 - TLS Mutual
s_connection: verify depth is 1
[pid 381] 15:00:18.236842 openssl->SSL_connect(0xaaaad5737410, 0xaaaad5709998, 0xffffb47840e0, 0 <unfinished ...>
[pid 381] 15:00:18.237133 libssl.so.3->EVP_PKEY_keygen_init(0xaaaad573c7c0, 0, 0, 0xaaaad573c830) = 1 <0.000125>
[pid 381] 15:00:18.237345 libssl.so.3->EVP_PKEY_keygen(0xaaaad573c7c0, 0xffffef09f890, 0, 0 <unfinished ...>
[pid 381] 15:00:18.237470 oqsprovider.so->OQS_KEM_new(0xaaaad573c590, 0xaaaad573bdf0, 1792, 0) = 0xaaaad573be30 <0.000114>
[pid 381] 15:00:18.237649 oqsprovider.so->OQS_KEM_keypair(0xaaaad573be30, 0xaaaad573beb0, 0xaaaad57316f0, 0xaaaad5732300) = 0 <0.000349>
[pid 381] 15:00:18.238048 <... EVP_PKEY_keygen resumed> ) = 1 <0.000699>
[pid 381] 15:00:18.239374 libssl.so.3->EVP_PKEY_decapsulate_init(0xaaaad573c7c0, 0, 0, 0xaaaad573c830) = 1 <0.000175>
[pid 381] 15:00:18.239591 libssl.so.3->EVP_PKEY_decapsulate(0xaaaad573c7c0, 0, 0xffffef09f810, 0xaaaad573dfca) = 1 <0.000114>
[pid 381] 15:00:18.239745 libssl.so.3->EVP_PKEY_decapsulate(0xaaaad573c7c0, 0xaaaad5733640, 0xffffef09f810, 0xaaaad573dfca <unfinished ...>
[pid 381] 15:00:18.239951 oqsprovider.so->OQS_KEM_decaps(0xaaaad573be30, 0xaaaad5733640, 0xaaaad573dfca, 0xaaaad57316f0) = 0 <0.000208>
[pid 381] 15:00:18.240231 <... EVP_PKEY_decapsulate resumed> ) = 1 <0.000479>
[pid 381] 15:00:18.240953 libssl.so.3->X509_verify_cert(0xaaaad572f660, 0, 0, 0xffffffff) = 1 <0.000383>
[pid 381] 15:00:18.241565 libssl.so.3->EVP_DigestVerifyInit_ex(0xaaaad572a3a0, 0xffffef09f918, 0, 0) = 1 <0.000120>
[pid 381] 15:00:18.241768 libssl.so.3->EVP_DigestVerify(0xaaaad572a3a0, 0xaaaad573df78, 4627, 0xffffef09f920) = 1 <0.000287>
[pid 381] 15:00:18.242265 libssl.so.3->X509_verify_cert(0xaaaad572f660, 1, 0, 0) = 1 <0.000304>
[pid 381] 15:00:18.242943 libssl.so.3->EVP_DigestSignInit_ex(0xaaaad565c700, 0xffffef09f900, 0, 0) = 1 <0.000142>
[pid 381] 15:00:18.243134 libssl.so.3->EVP_DigestSign(0xaaaad565c700, 0, 0xffffef09f910, 0xffffef09f920) = 1 <0.000201>
[pid 381] 15:00:18.243388 libssl.so.3->EVP_DigestSign(0xaaaad565c700, 0xaaaad57444e0, 0xffffef09f910, 0xffffef09f920) = 1 <0.000684>
[pid 381] 15:00:18.244438 <... SSL_connect resumed> ) = 1 <0.007592>
[pid 381] 15:00:18.244774 oqsprovider.so->OQS_KEM_free(0xaaaad573be30, 1, 7, 0xaaaad563f010) = 0xaaaad563f030 <0.000128>
Handshake duration: 7.74 ms
[pid 381] 15:00:18.246092 +++ exited (status 0) +++
Execution 92 - TLS Mutual
s_connection: verify depth is 1
[pid 383] 15:00:18.273730 openssl->SSL_connect(0xaaaad9f7f410, 0xaaaad9f51998, 0xffff839340e0, 0 <unfinished ...>
[pid 383] 15:00:18.274082 libssl.so.3->EVP_PKEY_keygen_init(0xaaaad9f847c0, 0, 0, 0xaaaad9f84830) = 1 <0.000136>
[pid 383] 15:00:18.274297 libssl.so.3->EVP_PKEY_keygen(0xaaaad9f847c0, 0xffffcf373c90, 0, 0 <unfinished ...>
[pid 383] 15:00:18.274465 oqsprovider.so->OQS_KEM_new(0xaaaad9f84590, 0xaaaad9f83df0, 1792, 0) = 0xaaaad9f83e30 <0.000104>
[pid 383] 15:00:18.274625 oqsprovider.so->OQS_KEM_keypair(0xaaaad9f83e30, 0xaaaad9f83eb0, 0xaaaad9f796f0, 0xaaaad9f7a300) = 0 <0.000339>
[pid 383] 15:00:18.275028 <... EVP_PKEY_keygen resumed> ) = 1 <0.000736>
[pid 383] 15:00:18.276361 libssl.so.3->EVP_PKEY_decapsulate_init(0xaaaad9f847c0, 0, 0, 0xaaaad9f84830) = 1 <0.000192>
[pid 383] 15:00:18.276606 libssl.so.3->EVP_PKEY_decapsulate(0xaaaad9f847c0, 0, 0xffffcf373c10, 0xaaaad9f85fca) = 1 <0.000049>
[pid 383] 15:00:18.276705 libssl.so.3->EVP_PKEY_decapsulate(0xaaaad9f847c0, 0xaaaad9f7b640, 0xffffcf373c10, 0xaaaad9f85fca <unfinished ...>
[pid 383] 15:00:18.276821 oqsprovider.so->OQS_KEM_decaps(0xaaaad9f83e30, 0xaaaad9f7b640, 0xaaaad9f85fca, 0xaaaad9f796f0) = 0 <0.000225>
[pid 383] 15:00:18.277101 <... EVP_PKEY_decapsulate resumed> ) = 1 <0.000388>
[pid 383] 15:00:18.277814 libssl.so.3->X509_verify_cert(0xaaaad9f77660, 0, 0, 0xffffffff) = 1 <0.000452>
[pid 383] 15:00:18.278508 libssl.so.3->EVP_DigestVerifyInit_ex(0xaaaad9f723a0, 0xffffcf373d18, 0, 0) = 1 <0.000168>
[pid 383] 15:00:18.278723 libssl.so.3->EVP_DigestVerify(0xaaaad9f723a0, 0xaaaad9f85f78, 4627, 0xffffcf373d20) = 1 <0.000300>
[pid 383] 15:00:18.279252 libssl.so.3->X509_verify_cert(0xaaaad9f77660, 1, 0, 0) = 1 <0.000315>
[pid 383] 15:00:18.279887 libssl.so.3->EVP_DigestSignInit_ex(0xaaaad9ea4700, 0xffffcf373d00, 0, 0) = 1 <0.000106>
[pid 383] 15:00:18.280063 libssl.so.3->EVP_DigestSign(0xaaaad9ea4700, 0, 0xffffcf373d10, 0xffffcf373d20) = 1 <0.000093>
[pid 383] 15:00:18.280237 libssl.so.3->EVP_DigestSign(0xaaaad9ea4700, 0xaaaad9f8c4e0, 0xffffcf373d10, 0xffffcf373d20) = 1 <0.000702>
[pid 383] 15:00:18.281291 <... SSL_connect resumed> ) = 1 <0.007557>
[pid 383] 15:00:18.281558 oqsprovider.so->OQS_KEM_free(0xaaaad9f83e30, 1, 7, 0xaaaad9e87010) = 0xaaaad9e87030 <0.000094>
Handshake duration: 7.68 ms
[pid 383] 15:00:18.282857 +++ exited (status 0) +++
Execution 93 - TLS Mutual
s_connection: verify depth is 1
[pid 385] 15:00:18.310688 openssl->SSL_connect(0xaaaafe0cf410, 0xaaaafe0a1998, 0xffff89fa40e0, 0 <unfinished ...>
[pid 385] 15:00:18.310989 libssl.so.3->EVP_PKEY_keygen_init(0xaaaafe0d47c0, 0, 0, 0xaaaafe0d4830) = 1 <0.000116>
[pid 385] 15:00:18.311153 libssl.so.3->EVP_PKEY_keygen(0xaaaafe0d47c0, 0xffffff98b220, 0, 0 <unfinished ...>
[pid 385] 15:00:18.311258 oqsprovider.so->OQS_KEM_new(0xaaaafe0d4590, 0xaaaafe0d3df0, 1792, 0) = 0xaaaafe0d3e30 <0.000097>
[pid 385] 15:00:18.311400 oqsprovider.so->OQS_KEM_keypair(0xaaaafe0d3e30, 0xaaaafe0d3eb0, 0xaaaafe0c96f0, 0xaaaafe0ca300) = 0 <0.000294>
[pid 385] 15:00:18.311755 <... EVP_PKEY_keygen resumed> ) = 1 <0.000595>
[pid 385] 15:00:18.313050 libssl.so.3->EVP_PKEY_decapsulate_init(0xaaaafe0d47c0, 0, 0, 0xaaaafe0d4830) = 1 <0.000163>
[pid 385] 15:00:18.313256 libssl.so.3->EVP_PKEY_decapsulate(0xaaaafe0d47c0, 0, 0xffffff98b1a0, 0xaaaafe0d5fca) = 1 <0.000111>
[pid 385] 15:00:18.313413 libssl.so.3->EVP_PKEY_decapsulate(0xaaaafe0d47c0, 0xaaaafe0cb640, 0xffffff98b1a0, 0xaaaafe0d5fca <unfinished ...>
[pid 385] 15:00:18.313521 oqsprovider.so->OQS_KEM_decaps(0xaaaafe0d3e30, 0xaaaafe0cb640, 0xaaaafe0d5fca, 0xaaaafe0c96f0) = 0 <0.000207>
[pid 385] 15:00:18.313992 <... EVP_PKEY_decapsulate resumed> ) = 1 <0.000574>
[pid 385] 15:00:18.314674 libssl.so.3->X509_verify_cert(0xaaaafe0c7660, 0, 0, 0xffffffff) = 1 <0.000411>
[pid 385] 15:00:18.315310 libssl.so.3->EVP_DigestVerifyInit_ex(0xaaaafe0c23a0, 0xffffff98b2a8, 0, 0) = 1 <0.000110>
[pid 385] 15:00:18.315494 libssl.so.3->EVP_DigestVerify(0xaaaafe0c23a0, 0xaaaafe0d5f78, 4627, 0xffffff98b2b0) = 1 <0.000380>
[pid 385] 15:00:18.316107 libssl.so.3->X509_verify_cert(0xaaaafe0c7660, 1, 0, 0) = 1 <0.000305>
[pid 385] 15:00:18.316752 libssl.so.3->EVP_DigestSignInit_ex(0xaaaafdff4700, 0xffffff98b290, 0, 0) = 1 <0.000134>
[pid 385] 15:00:18.316934 libssl.so.3->EVP_DigestSign(0xaaaafdff4700, 0, 0xffffff98b2a0, 0xffffff98b2b0) = 1 <0.000128>
[pid 385] 15:00:18.317118 libssl.so.3->EVP_DigestSign(0xaaaafdff4700, 0xaaaafe0dc4e0, 0xffffff98b2a0, 0xffffff98b2b0) = 1 <0.000589>
[pid 385] 15:00:18.317992 <... SSL_connect resumed> ) = 1 <0.007300>
[pid 385] 15:00:18.318262 oqsprovider.so->OQS_KEM_free(0xaaaafe0d3e30, 1, 7, 0xaaaafdfd7010) = 0xaaaafdfd7030 <0.000109>
Handshake duration: 7.44 ms
[pid 385] 15:00:18.319556 +++ exited (status 0) +++
Execution 94 - TLS Mutual
s_connection: verify depth is 1
[pid 387] 15:00:18.347270 openssl->SSL_connect(0xaaaacccab410, 0xaaaaccc7d998, 0xffffb9e540e0, 0 <unfinished ...>
[pid 387] 15:00:18.347605 libssl.so.3->EVP_PKEY_keygen_init(0xaaaacccb07c0, 0, 0, 0xaaaacccb0830) = 1 <0.000125>
[pid 387] 15:00:18.347790 libssl.so.3->EVP_PKEY_keygen(0xaaaacccb07c0, 0xffffc8837e20, 0, 0 <unfinished ...>
[pid 387] 15:00:18.347923 oqsprovider.so->OQS_KEM_new(0xaaaacccb0590, 0xaaaacccafdf0, 1792, 0) = 0xaaaacccafe30 <0.000154>
[pid 387] 15:00:18.348189 oqsprovider.so->OQS_KEM_keypair(0xaaaacccafe30, 0xaaaacccafeb0, 0xaaaaccca56f0, 0xaaaaccca6300) = 0 <0.000355>
[pid 387] 15:00:18.348570 <... EVP_PKEY_keygen resumed> ) = 1 <0.000756>
[pid 387] 15:00:18.349941 libssl.so.3->EVP_PKEY_decapsulate_init(0xaaaacccb07c0, 0, 0, 0xaaaacccb0830) = 1 <0.000165>
[pid 387] 15:00:18.350183 libssl.so.3->EVP_PKEY_decapsulate(0xaaaacccb07c0, 0, 0xffffc8837da0, 0xaaaacccb1fca) = 1 <0.000134>
[pid 387] 15:00:18.350403 libssl.so.3->EVP_PKEY_decapsulate(0xaaaacccb07c0, 0xaaaaccca7640, 0xffffc8837da0, 0xaaaacccb1fca <unfinished ...>
[pid 387] 15:00:18.350558 oqsprovider.so->OQS_KEM_decaps(0xaaaacccafe30, 0xaaaaccca7640, 0xaaaacccb1fca, 0xaaaaccca56f0) = 0 <0.000196>
[pid 387] 15:00:18.350817 <... EVP_PKEY_decapsulate resumed> ) = 1 <0.000409>
[pid 387] 15:00:18.351488 libssl.so.3->X509_verify_cert(0xaaaaccca3660, 0, 0, 0xffffffff) = 1 <0.000413>
[pid 387] 15:00:18.352135 libssl.so.3->EVP_DigestVerifyInit_ex(0xaaaaccc9e3a0, 0xffffc8837ea8, 0, 0) = 1 <0.000112>
[pid 387] 15:00:18.352296 libssl.so.3->EVP_DigestVerify(0xaaaaccc9e3a0, 0xaaaacccb1f78, 4627, 0xffffc8837eb0) = 1 <0.000330>
[pid 387] 15:00:18.352846 libssl.so.3->X509_verify_cert(0xaaaaccca3660, 1, 0, 0) = 1 <0.000315>
[pid 387] 15:00:18.353480 libssl.so.3->EVP_DigestSignInit_ex(0xaaaaccbd0700, 0xffffc8837e90, 0, 0) = 1 <0.000135>
[pid 387] 15:00:18.353664 libssl.so.3->EVP_DigestSign(0xaaaaccbd0700, 0, 0xffffc8837ea0, 0xffffc8837eb0) = 1 <0.000124>
[pid 387] 15:00:18.353830 libssl.so.3->EVP_DigestSign(0xaaaaccbd0700, 0xaaaacccb84e0, 0xffffc8837ea0, 0xffffc8837eb0) = 1 <0.000481>
[pid 387] 15:00:18.354605 <... SSL_connect resumed> ) = 1 <0.007330>
[pid 387] 15:00:18.354914 oqsprovider.so->OQS_KEM_free(0xaaaacccafe30, 1, 7, 0xaaaaccbb3010) = 0xaaaaccbb3030 <0.000098>
Handshake duration: 7.49 ms
[pid 387] 15:00:18.356227 +++ exited (status 0) +++
Execution 95 - TLS Mutual
s_connection: verify depth is 1
[pid 389] 15:00:18.384015 openssl->SSL_connect(0xaaaae2b52410, 0xaaaae2b24998, 0xffff84a640e0, 0 <unfinished ...>
[pid 389] 15:00:18.384332 libssl.so.3->EVP_PKEY_keygen_init(0xaaaae2b577c0, 0, 0, 0xaaaae2b57830) = 1 <0.000125>
[pid 389] 15:00:18.384531 libssl.so.3->EVP_PKEY_keygen(0xaaaae2b577c0, 0xfffff4e54f80, 0, 0 <unfinished ...>
[pid 389] 15:00:18.384663 oqsprovider.so->OQS_KEM_new(0xaaaae2b57590, 0xaaaae2b56df0, 1792, 0) = 0xaaaae2b56e30 <0.000154>
[pid 389] 15:00:18.384847 oqsprovider.so->OQS_KEM_keypair(0xaaaae2b56e30, 0xaaaae2b56eb0, 0xaaaae2b4c6f0, 0xaaaae2b4d300) = 0 <0.000301>
[pid 389] 15:00:18.385211 <... EVP_PKEY_keygen resumed> ) = 1 <0.000674>
[pid 389] 15:00:18.386530 libssl.so.3->EVP_PKEY_decapsulate_init(0xaaaae2b577c0, 0, 0, 0xaaaae2b57830) = 1 <0.000190>
[pid 389] 15:00:18.386772 libssl.so.3->EVP_PKEY_decapsulate(0xaaaae2b577c0, 0, 0xfffff4e54f00, 0xaaaae2b58fca) = 1 <0.000163>
[pid 389] 15:00:18.386982 libssl.so.3->EVP_PKEY_decapsulate(0xaaaae2b577c0, 0xaaaae2b4e640, 0xfffff4e54f00, 0xaaaae2b58fca <unfinished ...>
[pid 389] 15:00:18.387187 oqsprovider.so->OQS_KEM_decaps(0xaaaae2b56e30, 0xaaaae2b4e640, 0xaaaae2b58fca, 0xaaaae2b4c6f0) = 0 <0.000215>
[pid 389] 15:00:18.387464 <... EVP_PKEY_decapsulate resumed> ) = 1 <0.000475>
[pid 389] 15:00:18.388171 libssl.so.3->X509_verify_cert(0xaaaae2b4a660, 0, 0, 0xffffffff) = 1 <0.000384>
[pid 389] 15:00:18.388777 libssl.so.3->EVP_DigestVerifyInit_ex(0xaaaae2b453a0, 0xfffff4e55008, 0, 0) = 1 <0.000106>
[pid 389] 15:00:18.388934 libssl.so.3->EVP_DigestVerify(0xaaaae2b453a0, 0xaaaae2b58f78, 4627, 0xfffff4e55010) = 1 <0.000279>
[pid 389] 15:00:18.389411 libssl.so.3->X509_verify_cert(0xaaaae2b4a660, 1, 0, 0) = 1 <0.000305>
[pid 389] 15:00:18.390085 libssl.so.3->EVP_DigestSignInit_ex(0xaaaae2a77700, 0xfffff4e54ff0, 0, 0) = 1 <0.000123>
[pid 389] 15:00:18.390268 libssl.so.3->EVP_DigestSign(0xaaaae2a77700, 0, 0xfffff4e55000, 0xfffff4e55010) = 1 <0.000113>
[pid 389] 15:00:18.390432 libssl.so.3->EVP_DigestSign(0xaaaae2a77700, 0xaaaae2b5f4e0, 0xfffff4e55000, 0xfffff4e55010) = 1 <0.000663>
[pid 389] 15:00:18.391434 <... SSL_connect resumed> ) = 1 <0.007411>
[pid 389] 15:00:18.391746 oqsprovider.so->OQS_KEM_free(0xaaaae2b56e30, 1, 7, 0xaaaae2a5a010) = 0xaaaae2a5a030 <0.000101>
Handshake duration: 7.55 ms
[pid 389] 15:00:18.393050 +++ exited (status 0) +++
Execution 96 - TLS Mutual
s_connection: verify depth is 1
[pid 391] 15:00:18.420956 openssl->SSL_connect(0xaaaab2c4c410, 0xaaaab2c1e998, 0xffff918c40e0, 0 <unfinished ...>
[pid 391] 15:00:18.421287 libssl.so.3->EVP_PKEY_keygen_init(0xaaaab2c517c0, 0, 0, 0xaaaab2c51830) = 1 <0.000127>
[pid 391] 15:00:18.421501 libssl.so.3->EVP_PKEY_keygen(0xaaaab2c517c0, 0xffffc5287580, 0, 0 <unfinished ...>
[pid 391] 15:00:18.421628 oqsprovider.so->OQS_KEM_new(0xaaaab2c51590, 0xaaaab2c50df0, 1792, 0) = 0xaaaab2c50e30 <0.000139>
[pid 391] 15:00:18.421852 oqsprovider.so->OQS_KEM_keypair(0xaaaab2c50e30, 0xaaaab2c50eb0, 0xaaaab2c466f0, 0xaaaab2c47300) = 0 <0.000309>
[pid 391] 15:00:18.422219 <... EVP_PKEY_keygen resumed> ) = 1 <0.000715>
[pid 391] 15:00:18.423610 libssl.so.3->EVP_PKEY_decapsulate_init(0xaaaab2c517c0, 0, 0, 0xaaaab2c51830) = 1 <0.000194>
[pid 391] 15:00:18.423854 libssl.so.3->EVP_PKEY_decapsulate(0xaaaab2c517c0, 0, 0xffffc5287500, 0xaaaab2c52fca) = 1 <0.000106>
[pid 391] 15:00:18.424036 libssl.so.3->EVP_PKEY_decapsulate(0xaaaab2c517c0, 0xaaaab2c48640, 0xffffc5287500, 0xaaaab2c52fca <unfinished ...>
[pid 391] 15:00:18.424183 oqsprovider.so->OQS_KEM_decaps(0xaaaab2c50e30, 0xaaaab2c48640, 0xaaaab2c52fca, 0xaaaab2c466f0) = 0 <0.000221>
[pid 391] 15:00:18.424455 <... EVP_PKEY_decapsulate resumed> ) = 1 <0.000413>
[pid 391] 15:00:18.425149 libssl.so.3->X509_verify_cert(0xaaaab2c44660, 0, 0, 0xffffffff) = 1 <0.000413>
[pid 391] 15:00:18.425775 libssl.so.3->EVP_DigestVerifyInit_ex(0xaaaab2c3f3a0, 0xffffc5287608, 0, 0) = 1 <0.000108>
[pid 391] 15:00:18.425938 libssl.so.3->EVP_DigestVerify(0xaaaab2c3f3a0, 0xaaaab2c52f78, 4627, 0xffffc5287610) = 1 <0.000337>
[pid 391] 15:00:18.426513 libssl.so.3->X509_verify_cert(0xaaaab2c44660, 1, 0, 0) = 1 <0.000302>
[pid 391] 15:00:18.427136 libssl.so.3->EVP_DigestSignInit_ex(0xaaaab2b71700, 0xffffc52875f0, 0, 0) = 1 <0.000136>
[pid 391] 15:00:18.427316 libssl.so.3->EVP_DigestSign(0xaaaab2b71700, 0, 0xffffc5287600, 0xffffc5287610) = 1 <0.000122>
[pid 391] 15:00:18.427510 libssl.so.3->EVP_DigestSign(0xaaaab2b71700, 0xaaaab2c594e0, 0xffffc5287600, 0xffffc5287610) = 1 <0.000607>
[pid 391] 15:00:18.428416 <... SSL_connect resumed> ) = 1 <0.007455>
[pid 391] 15:00:18.428718 oqsprovider.so->OQS_KEM_free(0xaaaab2c50e30, 1, 7, 0xaaaab2b54010) = 0xaaaab2b54030 <0.000129>
Handshake duration: 7.59 ms
[pid 391] 15:00:18.430086 +++ exited (status 0) +++
Execution 97 - TLS Mutual
s_connection: verify depth is 1
[pid 393] 15:00:18.457856 openssl->SSL_connect(0xaaab034d8410, 0xaaab034aa998, 0xffffaf7040e0, 0 <unfinished ...>
[pid 393] 15:00:18.458232 libssl.so.3->EVP_PKEY_keygen_init(0xaaab034dd7c0, 0, 0, 0xaaab034dd830) = 1 <0.000110>
[pid 393] 15:00:18.458447 libssl.so.3->EVP_PKEY_keygen(0xaaab034dd7c0, 0xffffd0756b70, 0, 0 <unfinished ...>
[pid 393] 15:00:18.458599 oqsprovider.so->OQS_KEM_new(0xaaab034dd590, 0xaaab034dcdf0, 1792, 0) = 0xaaab034dce30 <0.000141>
[pid 393] 15:00:18.458810 oqsprovider.so->OQS_KEM_keypair(0xaaab034dce30, 0xaaab034dceb0, 0xaaab034d26f0, 0xaaab034d3300) = 0 <0.000281>
[pid 393] 15:00:18.459152 <... EVP_PKEY_keygen resumed> ) = 1 <0.000698>
[pid 393] 15:00:18.460533 libssl.so.3->EVP_PKEY_decapsulate_init(0xaaab034dd7c0, 0, 0, 0xaaab034dd830) = 1 <0.000266>
[pid 393] 15:00:18.460866 libssl.so.3->EVP_PKEY_decapsulate(0xaaab034dd7c0, 0, 0xffffd0756af0, 0xaaab034defca) = 1 <0.000097>
[pid 393] 15:00:18.461012 libssl.so.3->EVP_PKEY_decapsulate(0xaaab034dd7c0, 0xaaab034d4640, 0xffffd0756af0, 0xaaab034defca <unfinished ...>
[pid 393] 15:00:18.461270 oqsprovider.so->OQS_KEM_decaps(0xaaab034dce30, 0xaaab034d4640, 0xaaab034defca, 0xaaab034d26f0) = 0 <0.000187>
[pid 393] 15:00:18.461510 <... EVP_PKEY_decapsulate resumed> ) = 1 <0.000490>
[pid 393] 15:00:18.462170 libssl.so.3->X509_verify_cert(0xaaab034d0660, 0, 0, 0xffffffff) = 1 <0.000388>
[pid 393] 15:00:18.462788 libssl.so.3->EVP_DigestVerifyInit_ex(0xaaab034cb3a0, 0xffffd0756bf8, 0, 0) = 1 <0.000119>
[pid 393] 15:00:18.462956 libssl.so.3->EVP_DigestVerify(0xaaab034cb3a0, 0xaaab034def78, 4627, 0xffffd0756c00) = 1 <0.000316>
[pid 393] 15:00:18.463489 libssl.so.3->X509_verify_cert(0xaaab034d0660, 1, 0, 0) = 1 <0.000381>
[pid 393] 15:00:18.464208 libssl.so.3->EVP_DigestSignInit_ex(0xaaab033fd700, 0xffffd0756be0, 0, 0) = 1 <0.000127>
[pid 393] 15:00:18.464382 libssl.so.3->EVP_DigestSign(0xaaab033fd700, 0, 0xffffd0756bf0, 0xffffd0756c00) = 1 <0.000098>
[pid 393] 15:00:18.464538 libssl.so.3->EVP_DigestSign(0xaaab033fd700, 0xaaab034e54e0, 0xffffd0756bf0, 0xffffd0756c00) = 1 <0.000415>
[pid 393] 15:00:18.465263 <... SSL_connect resumed> ) = 1 <0.007403>
[pid 393] 15:00:18.465549 oqsprovider.so->OQS_KEM_free(0xaaab034dce30, 1, 7, 0xaaab033e0010) = 0xaaab033e0030 <0.000111>
Handshake duration: 7.55 ms
[pid 393] 15:00:18.466983 +++ exited (status 0) +++
Execution 98 - TLS Mutual
s_connection: verify depth is 1
[pid 395] 15:00:18.494993 openssl->SSL_connect(0xaaab05f30410, 0xaaab05f02998, 0xffffb72840e0, 0 <unfinished ...>
[pid 395] 15:00:18.495322 libssl.so.3->EVP_PKEY_keygen_init(0xaaab05f357c0, 0, 0, 0xaaab05f35830) = 1 <0.000126>
[pid 395] 15:00:18.495503 libssl.so.3->EVP_PKEY_keygen(0xaaab05f357c0, 0xfffff2c34040, 0, 0 <unfinished ...>
[pid 395] 15:00:18.495623 oqsprovider.so->OQS_KEM_new(0xaaab05f35590, 0xaaab05f34df0, 1792, 0) = 0xaaab05f34e30 <0.000102>
[pid 395] 15:00:18.495773 oqsprovider.so->OQS_KEM_keypair(0xaaab05f34e30, 0xaaab05f34eb0, 0xaaab05f2a6f0, 0xaaab05f2b300) = 0 <0.000302>
[pid 395] 15:00:18.496136 <... EVP_PKEY_keygen resumed> ) = 1 <0.000624>
[pid 395] 15:00:18.497510 libssl.so.3->EVP_PKEY_decapsulate_init(0xaaab05f357c0, 0, 0, 0xaaab05f35830) = 1 <0.000169>
[pid 395] 15:00:18.497717 libssl.so.3->EVP_PKEY_decapsulate(0xaaab05f357c0, 0, 0xfffff2c33fc0, 0xaaab05f36fca) = 1 <0.000114>
[pid 395] 15:00:18.497938 libssl.so.3->EVP_PKEY_decapsulate(0xaaab05f357c0, 0xaaab05f2c640, 0xfffff2c33fc0, 0xaaab05f36fca <unfinished ...>
[pid 395] 15:00:18.498057 oqsprovider.so->OQS_KEM_decaps(0xaaab05f34e30, 0xaaab05f2c640, 0xaaab05f36fca, 0xaaab05f2a6f0) = 0 <0.000189>
[pid 395] 15:00:18.498299 <... EVP_PKEY_decapsulate resumed> ) = 1 <0.000357>
[pid 395] 15:00:18.498983 libssl.so.3->X509_verify_cert(0xaaab05f28660, 0, 0, 0xffffffff) = 1 <0.000445>
[pid 395] 15:00:18.499642 libssl.so.3->EVP_DigestVerifyInit_ex(0xaaab05f233a0, 0xfffff2c340c8, 0, 0) = 1 <0.000147>
[pid 395] 15:00:18.499828 libssl.so.3->EVP_DigestVerify(0xaaab05f233a0, 0xaaab05f36f78, 4627, 0xfffff2c340d0) = 1 <0.000265>
[pid 395] 15:00:18.500321 libssl.so.3->X509_verify_cert(0xaaab05f28660, 1, 0, 0) = 1 <0.000281>
[pid 395] 15:00:18.500999 libssl.so.3->EVP_DigestSignInit_ex(0xaaab05e55700, 0xfffff2c340b0, 0, 0) = 1 <0.000296>
[pid 395] 15:00:18.501269 libssl.so.3->EVP_DigestSign(0xaaab05e55700, 0, 0xfffff2c340c0, 0xfffff2c340d0) = 1 <0.000104>
[pid 395] 15:00:18.501414 libssl.so.3->EVP_DigestSign(0xaaab05e55700, 0xaaab05f3d4e0, 0xfffff2c340c0, 0xfffff2c340d0) = 1 <0.000544>
[pid 395] 15:00:18.502313 <... SSL_connect resumed> ) = 1 <0.007314>
[pid 395] 15:00:18.502618 oqsprovider.so->OQS_KEM_free(0xaaab05f34e30, 1, 7, 0xaaab05e38010) = 0xaaab05e38030 <0.000096>
Handshake duration: 7.49 ms
[pid 395] 15:00:18.503916 +++ exited (status 0) +++
Execution 99 - TLS Mutual
s_connection: verify depth is 1
[pid 397] 15:00:18.533126 openssl->SSL_connect(0xaaaabcb01410, 0xaaaabcad3998, 0xffffaa2f40e0, 0 <unfinished ...>
[pid 397] 15:00:18.533456 libssl.so.3->EVP_PKEY_keygen_init(0xaaaabcb067c0, 0, 0, 0xaaaabcb06830) = 1 <0.000140>
[pid 397] 15:00:18.533673 libssl.so.3->EVP_PKEY_keygen(0xaaaabcb067c0, 0xffffc9855040, 0, 0 <unfinished ...>
[pid 397] 15:00:18.533851 oqsprovider.so->OQS_KEM_new(0xaaaabcb06590, 0xaaaabcb05df0, 1792, 0) = 0xaaaabcb05e30 <0.000106>
[pid 397] 15:00:18.534028 oqsprovider.so->OQS_KEM_keypair(0xaaaabcb05e30, 0xaaaabcb05eb0, 0xaaaabcafb6f0, 0xaaaabcafc300) = 0 <0.000334>
[pid 397] 15:00:18.534414 <... EVP_PKEY_keygen resumed> ) = 1 <0.000738>
[pid 397] 15:00:18.535750 libssl.so.3->EVP_PKEY_decapsulate_init(0xaaaabcb067c0, 0, 0, 0xaaaabcb06830) = 1 <0.000178>
[pid 397] 15:00:18.535981 libssl.so.3->EVP_PKEY_decapsulate(0xaaaabcb067c0, 0, 0xffffc9854fc0, 0xaaaabcb07fca) = 1 <0.000204>
[pid 397] 15:00:18.536240 libssl.so.3->EVP_PKEY_decapsulate(0xaaaabcb067c0, 0xaaaabcafd640, 0xffffc9854fc0, 0xaaaabcb07fca <unfinished ...>
[pid 397] 15:00:18.536387 oqsprovider.so->OQS_KEM_decaps(0xaaaabcb05e30, 0xaaaabcafd640, 0xaaaabcb07fca, 0xaaaabcafb6f0) = 0 <0.000235>
[pid 397] 15:00:18.536662 <... EVP_PKEY_decapsulate resumed> ) = 1 <0.000419>
[pid 397] 15:00:18.537333 libssl.so.3->X509_verify_cert(0xaaaabcaf9660, 0, 0, 0xffffffff) = 1 <0.000438>
[pid 397] 15:00:18.538035 libssl.so.3->EVP_DigestVerifyInit_ex(0xaaaabcaf43a0, 0xffffc98550c8, 0, 0) = 1 <0.000139>
[pid 397] 15:00:18.538237 libssl.so.3->EVP_DigestVerify(0xaaaabcaf43a0, 0xaaaabcb07f78, 4627, 0xffffc98550d0) = 1 <0.000350>
[pid 397] 15:00:18.538830 libssl.so.3->X509_verify_cert(0xaaaabcaf9660, 1, 0, 0) = 1 <0.000304>
[pid 397] 15:00:18.539474 libssl.so.3->EVP_DigestSignInit_ex(0xaaaabca26700, 0xffffc98550b0, 0, 0) = 1 <0.000237>
[pid 397] 15:00:18.539763 libssl.so.3->EVP_DigestSign(0xaaaabca26700, 0, 0xffffc98550c0, 0xffffc98550d0) = 1 <0.000100>
[pid 397] 15:00:18.539934 libssl.so.3->EVP_DigestSign(0xaaaabca26700, 0xaaaabcb0e4e0, 0xffffc98550c0, 0xffffc98550d0) = 1 <0.000572>
[pid 397] 15:00:18.540883 <... SSL_connect resumed> ) = 1 <0.007753>
[pid 397] 15:00:18.541136 oqsprovider.so->OQS_KEM_free(0xaaaabcb05e30, 1, 7, 0xaaaabca09010) = 0xaaaabca09030 <0.000119>
Handshake duration: 7.87 ms
[pid 397] 15:00:18.542481 +++ exited (status 0) +++
Execution 100 - TLS Mutual
s_connection: verify depth is 1
[pid 399] 15:00:18.570333 openssl->SSL_connect(0xaaaad457b410, 0xaaaad454d998, 0xffffaaa440e0, 0 <unfinished ...>
[pid 399] 15:00:18.570667 libssl.so.3->EVP_PKEY_keygen_init(0xaaaad45807c0, 0, 0, 0xaaaad4580830) = 1 <0.000111>
[pid 399] 15:00:18.570831 libssl.so.3->EVP_PKEY_keygen(0xaaaad45807c0, 0xffffeec32370, 0, 0 <unfinished ...>
[pid 399] 15:00:18.570999 oqsprovider.so->OQS_KEM_new(0xaaaad4580590, 0xaaaad457fdf0, 1792, 0) = 0xaaaad457fe30 <0.000093>
[pid 399] 15:00:18.571167 oqsprovider.so->OQS_KEM_keypair(0xaaaad457fe30, 0xaaaad457feb0, 0xaaaad45756f0, 0xaaaad4576300) = 0 <0.000322>
[pid 399] 15:00:18.571550 <... EVP_PKEY_keygen resumed> ) = 1 <0.000713>
[pid 399] 15:00:18.572955 libssl.so.3->EVP_PKEY_decapsulate_init(0xaaaad45807c0, 0, 0, 0xaaaad4580830) = 1 <0.000163>
[pid 399] 15:00:18.573164 libssl.so.3->EVP_PKEY_decapsulate(0xaaaad45807c0, 0, 0xffffeec322f0, 0xaaaad4581fca) = 1 <0.000110>
[pid 399] 15:00:18.573327 libssl.so.3->EVP_PKEY_decapsulate(0xaaaad45807c0, 0xaaaad4577640, 0xffffeec322f0, 0xaaaad4581fca <unfinished ...>
[pid 399] 15:00:18.573477 oqsprovider.so->OQS_KEM_decaps(0xaaaad457fe30, 0xaaaad4577640, 0xaaaad4581fca, 0xaaaad45756f0) = 0 <0.000206>
[pid 399] 15:00:18.573760 <... EVP_PKEY_decapsulate resumed> ) = 1 <0.000408>
[pid 399] 15:00:18.574451 libssl.so.3->X509_verify_cert(0xaaaad4573660, 0, 0, 0xffffffff) = 1 <0.000426>
[pid 399] 15:00:18.575095 libssl.so.3->EVP_DigestVerifyInit_ex(0xaaaad456e3a0, 0xffffeec323f8, 0, 0) = 1 <0.000108>
[pid 399] 15:00:18.575284 libssl.so.3->EVP_DigestVerify(0xaaaad456e3a0, 0xaaaad4581f78, 4627, 0xffffeec32400) = 1 <0.000282>
[pid 399] 15:00:18.575817 libssl.so.3->X509_verify_cert(0xaaaad4573660, 1, 0, 0) = 1 <0.000302>
[pid 399] 15:00:18.576467 libssl.so.3->EVP_DigestSignInit_ex(0xaaaad44a0700, 0xffffeec323e0, 0, 0) = 1 <0.000174>
[pid 399] 15:00:18.576696 libssl.so.3->EVP_DigestSign(0xaaaad44a0700, 0, 0xffffeec323f0, 0xffffeec32400) = 1 <0.000118>
[pid 399] 15:00:18.576879 libssl.so.3->EVP_DigestSign(0xaaaad44a0700, 0xaaaad45884e0, 0xffffeec323f0, 0xffffeec32400) = 1 <0.001865>
[pid 399] 15:00:18.579100 <... SSL_connect resumed> ) = 1 <0.008760>
[pid 399] 15:00:18.579367 oqsprovider.so->OQS_KEM_free(0xaaaad457fe30, 1, 7, 0xaaaad4483010) = 0xaaaad4483030 <0.000107>
Handshake duration: 8.89 ms
[pid 399] 15:00:18.580665 +++ exited (status 0) +++
Applying netem rules to lo...
Showing qdisc status for the interface: lo
qdisc netem 8023: root refcnt 2 limit 1000 seed 17587105098818702416
 Sent 0 bytes 0 pkt (dropped 0, overlimits 0 requeues 0) 
 backlog 0b 0p requeues 0
Running /opt/oqssa/perftestClientTlsQuic_ltrace.sh with SIG_ALG=mldsa87 and KEM_ALG=hqc256
Execution 1 - TLS Mutual
s_connection: verify depth is 1
[pid 201] 15:00:40.024439 openssl->SSL_connect(0xaaaadcd7e410, 0xaaaadcd50998, 0xffff862b40e0, 0 <unfinished ...>
[pid 201] 15:00:40.024829 libssl.so.3->EVP_PKEY_keygen_init(0xaaaadcd837c0, 0, 0, 0xaaaadcd83830) = 1 <0.000125>
[pid 201] 15:00:40.025044 libssl.so.3->EVP_PKEY_keygen(0xaaaadcd837c0, 0xffffd2225ca0, 0, 0 <unfinished ...>
[pid 201] 15:00:40.025139 oqsprovider.so->OQS_KEM_new(0xaaaadcd83590, 0xaaaadcd82df0, 1792, 0) = 0xaaaadcd82e30 <0.000143>
[pid 201] 15:00:40.025435 oqsprovider.so->OQS_KEM_keypair(0xaaaadcd82e30, 0xaaaadcd8b4e0, 0xaaaadcd8d140, 0xaaaadcd8ed80) = 0 <0.005329>
[pid 201] 15:00:40.030828 <... EVP_PKEY_keygen resumed> ) = 1 <0.005784>
[pid 201] 15:00:40.046688 libssl.so.3->EVP_PKEY_decapsulate_init(0xaaaadcd837c0, 0, 0, 0xaaaadcd83830) = 1 <0.000162>
[pid 201] 15:00:40.046900 libssl.so.3->EVP_PKEY_decapsulate(0xaaaadcd837c0, 0, 0xffffd2225c20, 0xaaaadcd84fca) = 1 <0.000259>
[pid 201] 15:00:40.047364 libssl.so.3->EVP_PKEY_decapsulate(0xaaaadcd837c0, 0xaaaadcd79620, 0xffffd2225c20, 0xaaaadcd84fca <unfinished ...>
[pid 201] 15:00:40.047548 oqsprovider.so->OQS_KEM_decaps(0xaaaadcd82e30, 0xaaaadcd79620, 0xaaaadcd84fca, 0xaaaadcd8d140) = 0 <0.015763>
[pid 201] 15:00:40.063368 <... EVP_PKEY_decapsulate resumed> ) = 1 <0.016001>
[pid 201] 15:00:40.064179 libssl.so.3->X509_verify_cert(0xaaaadcd76660, 0, 0, 0xffffffff) = 1 <0.000405>
[pid 201] 15:00:40.064840 libssl.so.3->EVP_DigestVerifyInit_ex(0xaaaadcca3700, 0xffffd2225d28, 0, 0) = 1 <0.000132>
[pid 201] 15:00:40.065056 libssl.so.3->EVP_DigestVerify(0xaaaadcca3700, 0xaaaadcd84f78, 4627, 0xffffd2225d30) = 1 <0.000337>
[pid 201] 15:00:40.065597 libssl.so.3->X509_verify_cert(0xaaaadcd76660, 1, 0, 0) = 1 <0.000353>
[pid 201] 15:00:40.066279 libssl.so.3->EVP_DigestSignInit_ex(0xaaaadcd713a0, 0xffffd2225d10, 0, 0) = 1 <0.000143>
[pid 201] 15:00:40.066466 libssl.so.3->EVP_DigestSign(0xaaaadcd713a0, 0, 0xffffd2225d20, 0xffffd2225d30) = 1 <0.000160>
[pid 201] 15:00:40.066777 libssl.so.3->EVP_DigestSign(0xaaaadcd713a0, 0xaaaadcd8edf0, 0xffffd2225d20, 0xffffd2225d30) = 1 <0.000589>
[pid 201] 15:00:40.067618 <... SSL_connect resumed> ) = 1 <0.043173>
[pid 201] 15:00:40.067934 oqsprovider.so->OQS_KEM_free(0xaaaadcd82e30, 1, 7, 0xaaaadcc86010) = 0xaaaadcc86030 <0.000130>
Handshake duration: 43.37 ms
[pid 201] 15:00:40.069283 +++ exited (status 0) +++
Execution 2 - TLS Mutual
s_connection: verify depth is 1
[pid 203] 15:00:40.097732 openssl->SSL_connect(0xaaaae86e8410, 0xaaaae86ba998, 0xffffb8c340e0, 0 <unfinished ...>
[pid 203] 15:00:40.098077 libssl.so.3->EVP_PKEY_keygen_init(0xaaaae86ed7c0, 0, 0, 0xaaaae86ed830) = 1 <0.000112>
[pid 203] 15:00:40.098290 libssl.so.3->EVP_PKEY_keygen(0xaaaae86ed7c0, 0xffffd0ff5bb0, 0, 0 <unfinished ...>
[pid 203] 15:00:40.098393 oqsprovider.so->OQS_KEM_new(0xaaaae86ed590, 0xaaaae86ecdf0, 1792, 0) = 0xaaaae86ece30 <0.000100>
[pid 203] 15:00:40.098695 oqsprovider.so->OQS_KEM_keypair(0xaaaae86ece30, 0xaaaae86f54e0, 0xaaaae86f7140, 0xaaaae86f8d80) = 0 <0.005082>
[pid 203] 15:00:40.103838 <... EVP_PKEY_keygen resumed> ) = 1 <0.005543>
[pid 203] 15:00:40.119268 libssl.so.3->EVP_PKEY_decapsulate_init(0xaaaae86ed7c0, 0, 0, 0xaaaae86ed830) = 1 <0.000264>
[pid 203] 15:00:40.119589 libssl.so.3->EVP_PKEY_decapsulate(0xaaaae86ed7c0, 0, 0xffffd0ff5b30, 0xaaaae86eefca) = 1 <0.000143>
[pid 203] 15:00:40.119783 libssl.so.3->EVP_PKEY_decapsulate(0xaaaae86ed7c0, 0xaaaae86e3620, 0xffffd0ff5b30, 0xaaaae86eefca <unfinished ...>
[pid 203] 15:00:40.119900 oqsprovider.so->OQS_KEM_decaps(0xaaaae86ece30, 0xaaaae86e3620, 0xaaaae86eefca, 0xaaaae86f7140) = 0 <0.015572>
[pid 203] 15:00:40.135526 <... EVP_PKEY_decapsulate resumed> ) = 1 <0.015740>
[pid 203] 15:00:40.136359 libssl.so.3->X509_verify_cert(0xaaaae86e0660, 0, 0, 0xffffffff) = 1 <0.000420>
[pid 203] 15:00:40.137026 libssl.so.3->EVP_DigestVerifyInit_ex(0xaaaae860d700, 0xffffd0ff5c38, 0, 0) = 1 <0.000130>
[pid 203] 15:00:40.137224 libssl.so.3->EVP_DigestVerify(0xaaaae860d700, 0xaaaae86eef78, 4627, 0xffffd0ff5c40) = 1 <0.000442>
[pid 203] 15:00:40.137875 libssl.so.3->X509_verify_cert(0xaaaae86e0660, 1, 0, 0) = 1 <0.000357>
[pid 203] 15:00:40.138484 libssl.so.3->EVP_DigestSignInit_ex(0xaaaae86db3a0, 0xffffd0ff5c20, 0, 0) = 1 <0.000164>
[pid 203] 15:00:40.138824 libssl.so.3->EVP_DigestSign(0xaaaae86db3a0, 0, 0xffffd0ff5c30, 0xffffd0ff5c40) = 1 <0.000191>
[pid 203] 15:00:40.139075 libssl.so.3->EVP_DigestSign(0xaaaae86db3a0, 0xaaaae86f8df0, 0xffffd0ff5c30, 0xffffd0ff5c40) = 1 <0.000801>
[pid 203] 15:00:40.140140 <... SSL_connect resumed> ) = 1 <0.042404>
[pid 203] 15:00:40.140436 oqsprovider.so->OQS_KEM_free(0xaaaae86ece30, 1, 7, 0xaaaae85f0010) = 0xaaaae85f0030 <0.000109>
Handshake duration: 42.57 ms
[pid 203] 15:00:40.141808 +++ exited (status 0) +++
Execution 3 - TLS Mutual
s_connection: verify depth is 1
[pid 205] 15:00:40.169643 openssl->SSL_connect(0xaaaad1e47410, 0xaaaad1e19998, 0xffffbc7040e0, 0 <unfinished ...>
[pid 205] 15:00:40.169998 libssl.so.3->EVP_PKEY_keygen_init(0xaaaad1e4c7c0, 0, 0, 0xaaaad1e4c830) = 1 <0.000123>
[pid 205] 15:00:40.170189 libssl.so.3->EVP_PKEY_keygen(0xaaaad1e4c7c0, 0xfffff8b89980, 0, 0 <unfinished ...>
[pid 205] 15:00:40.170355 oqsprovider.so->OQS_KEM_new(0xaaaad1e4c590, 0xaaaad1e4bdf0, 1792, 0) = 0xaaaad1e4be30 <0.000137>
[pid 205] 15:00:40.170625 oqsprovider.so->OQS_KEM_keypair(0xaaaad1e4be30, 0xaaaad1e544e0, 0xaaaad1e56140, 0xaaaad1e57d80) = 0 <0.005046>
[pid 205] 15:00:40.175731 <... EVP_PKEY_keygen resumed> ) = 1 <0.005538>
[pid 205] 15:00:40.191247 libssl.so.3->EVP_PKEY_decapsulate_init(0xaaaad1e4c7c0, 0, 0, 0xaaaad1e4c830) = 1 <0.000167>
[pid 205] 15:00:40.191487 libssl.so.3->EVP_PKEY_decapsulate(0xaaaad1e4c7c0, 0, 0xfffff8b89900, 0xaaaad1e4dfca) = 1 <0.000222>
[pid 205] 15:00:40.191774 libssl.so.3->EVP_PKEY_decapsulate(0xaaaad1e4c7c0, 0xaaaad1e42620, 0xfffff8b89900, 0xaaaad1e4dfca <unfinished ...>
[pid 205] 15:00:40.191934 oqsprovider.so->OQS_KEM_decaps(0xaaaad1e4be30, 0xaaaad1e42620, 0xaaaad1e4dfca, 0xaaaad1e56140) = 0 <0.015344>
[pid 205] 15:00:40.207355 <... EVP_PKEY_decapsulate resumed> ) = 1 <0.015558>
[pid 205] 15:00:40.208190 libssl.so.3->X509_verify_cert(0xaaaad1e3f660, 0, 0, 0xffffffff) = 1 <0.000424>
[pid 205] 15:00:40.208865 libssl.so.3->EVP_DigestVerifyInit_ex(0xaaaad1d6c700, 0xfffff8b89a08, 0, 0) = 1 <0.000139>
[pid 205] 15:00:40.209062 libssl.so.3->EVP_DigestVerify(0xaaaad1d6c700, 0xaaaad1e4df78, 4627, 0xfffff8b89a10) = 1 <0.000338>
[pid 205] 15:00:40.209616 libssl.so.3->X509_verify_cert(0xaaaad1e3f660, 1, 0, 0) = 1 <0.000336>
[pid 205] 15:00:40.210224 libssl.so.3->EVP_DigestSignInit_ex(0xaaaad1e3a3a0, 0xfffff8b899f0, 0, 0) = 1 <0.000149>
[pid 205] 15:00:40.210492 libssl.so.3->EVP_DigestSign(0xaaaad1e3a3a0, 0, 0xfffff8b89a00, 0xfffff8b89a10) = 1 <0.000146>
[pid 205] 15:00:40.210709 libssl.so.3->EVP_DigestSign(0xaaaad1e3a3a0, 0xaaaad1e57df0, 0xfffff8b89a00, 0xfffff8b89a10) = 1 <0.000625>
[pid 205] 15:00:40.211579 <... SSL_connect resumed> ) = 1 <0.041932>
[pid 205] 15:00:40.211870 oqsprovider.so->OQS_KEM_free(0xaaaad1e4be30, 1, 7, 0xaaaad1d4f010) = 0xaaaad1d4f030 <0.000130>
Handshake duration: 42.15 ms
[pid 205] 15:00:40.213285 +++ exited (status 0) +++
Execution 4 - TLS Mutual
s_connection: verify depth is 1
[pid 207] 15:00:40.241007 openssl->SSL_connect(0xaaaada4a0410, 0xaaaada472998, 0xffff965940e0, 0 <unfinished ...>
[pid 207] 15:00:40.241344 libssl.so.3->EVP_PKEY_keygen_init(0xaaaada4a57c0, 0, 0, 0xaaaada4a5830) = 1 <0.000114>
[pid 207] 15:00:40.241561 libssl.so.3->EVP_PKEY_keygen(0xaaaada4a57c0, 0xffffd7825960, 0, 0 <unfinished ...>
[pid 207] 15:00:40.241756 oqsprovider.so->OQS_KEM_new(0xaaaada4a5590, 0xaaaada4a4df0, 1792, 0) = 0xaaaada4a4e30 <0.000231>
[pid 207] 15:00:40.242198 oqsprovider.so->OQS_KEM_keypair(0xaaaada4a4e30, 0xaaaada4ad4e0, 0xaaaada4af140, 0xaaaada4b0d80) = 0 <0.005041>
[pid 207] 15:00:40.247304 <... EVP_PKEY_keygen resumed> ) = 1 <0.005733>
[pid 207] 15:00:40.262547 libssl.so.3->EVP_PKEY_decapsulate_init(0xaaaada4a57c0, 0, 0, 0xaaaada4a5830) = 1 <0.000250>
[pid 207] 15:00:40.262854 libssl.so.3->EVP_PKEY_decapsulate(0xaaaada4a57c0, 0, 0xffffd78258e0, 0xaaaada4a6fca) = 1 <0.000125>
[pid 207] 15:00:40.263076 libssl.so.3->EVP_PKEY_decapsulate(0xaaaada4a57c0, 0xaaaada49b620, 0xffffd78258e0, 0xaaaada4a6fca <unfinished ...>
[pid 207] 15:00:40.263183 oqsprovider.so->OQS_KEM_decaps(0xaaaada4a4e30, 0xaaaada49b620, 0xaaaada4a6fca, 0xaaaada4af140) = 0 <0.015571>
[pid 207] 15:00:40.278811 <... EVP_PKEY_decapsulate resumed> ) = 1 <0.015743>
[pid 207] 15:00:40.279597 libssl.so.3->X509_verify_cert(0xaaaada498660, 0, 0, 0xffffffff) = 1 <0.000438>
[pid 207] 15:00:40.280255 libssl.so.3->EVP_DigestVerifyInit_ex(0xaaaada3c5700, 0xffffd78259e8, 0, 0) = 1 <0.000109>
[pid 207] 15:00:40.280412 libssl.so.3->EVP_DigestVerify(0xaaaada3c5700, 0xaaaada4a6f78, 4627, 0xffffd78259f0) = 1 <0.000279>
[pid 207] 15:00:40.280904 libssl.so.3->X509_verify_cert(0xaaaada498660, 1, 0, 0) = 1 <0.000307>
[pid 207] 15:00:40.281484 libssl.so.3->EVP_DigestSignInit_ex(0xaaaada4933a0, 0xffffd78259d0, 0, 0) = 1 <0.000236>
[pid 207] 15:00:40.281780 libssl.so.3->EVP_DigestSign(0xaaaada4933a0, 0, 0xffffd78259e0, 0xffffd78259f0) = 1 <0.000140>
[pid 207] 15:00:40.282012 libssl.so.3->EVP_DigestSign(0xaaaada4933a0, 0xaaaada4b0df0, 0xffffd78259e0, 0xffffd78259f0) = 1 <0.000448>
[pid 207] 15:00:40.282700 <... SSL_connect resumed> ) = 1 <0.041689>
[pid 207] 15:00:40.282895 oqsprovider.so->OQS_KEM_free(0xaaaada4a4e30, 1, 7, 0xaaaada3a8010) = 0xaaaada3a8030 <0.000132>
Handshake duration: 41.80 ms
[pid 207] 15:00:40.284228 +++ exited (status 0) +++
Execution 5 - TLS Mutual
s_connection: verify depth is 1
[pid 209] 15:00:40.312177 openssl->SSL_connect(0xaaab25502410, 0xaaab254d4998, 0xffff9e5140e0, 0 <unfinished ...>
[pid 209] 15:00:40.312517 libssl.so.3->EVP_PKEY_keygen_init(0xaaab255077c0, 0, 0, 0xaaab25507830) = 1 <0.000124>
[pid 209] 15:00:40.312709 libssl.so.3->EVP_PKEY_keygen(0xaaab255077c0, 0xffffe67c10e0, 0, 0 <unfinished ...>
[pid 209] 15:00:40.312926 oqsprovider.so->OQS_KEM_new(0xaaab25507590, 0xaaab25506df0, 1792, 0) = 0xaaab25506e30 <0.000090>
[pid 209] 15:00:40.313161 oqsprovider.so->OQS_KEM_keypair(0xaaab25506e30, 0xaaab2550f4e0, 0xaaab25511140, 0xaaab25512d80) = 0 <0.005083>
[pid 209] 15:00:40.318308 <... EVP_PKEY_keygen resumed> ) = 1 <0.005596>
[pid 209] 15:00:40.333838 libssl.so.3->EVP_PKEY_decapsulate_init(0xaaab255077c0, 0, 0, 0xaaab25507830) = 1 <0.000251>
[pid 209] 15:00:40.334138 libssl.so.3->EVP_PKEY_decapsulate(0xaaab255077c0, 0, 0xffffe67c1060, 0xaaab25508fca) = 1 <0.000098>
[pid 209] 15:00:40.334393 libssl.so.3->EVP_PKEY_decapsulate(0xaaab255077c0, 0xaaab254fd620, 0xffffe67c1060, 0xaaab25508fca <unfinished ...>
[pid 209] 15:00:40.334593 oqsprovider.so->OQS_KEM_decaps(0xaaab25506e30, 0xaaab254fd620, 0xaaab25508fca, 0xaaab25511140) = 0 <0.015193>
[pid 209] 15:00:40.349845 <... EVP_PKEY_decapsulate resumed> ) = 1 <0.015445>
[pid 209] 15:00:40.350612 libssl.so.3->X509_verify_cert(0xaaab254fa660, 0, 0, 0xffffffff) = 1 <0.000420>
[pid 209] 15:00:40.351294 libssl.so.3->EVP_DigestVerifyInit_ex(0xaaab25427700, 0xffffe67c1168, 0, 0) = 1 <0.000230>
[pid 209] 15:00:40.351577 libssl.so.3->EVP_DigestVerify(0xaaab25427700, 0xaaab25508f78, 4627, 0xffffe67c1170) = 1 <0.000331>
[pid 209] 15:00:40.352142 libssl.so.3->X509_verify_cert(0xaaab254fa660, 1, 0, 0) = 1 <0.000314>
[pid 209] 15:00:40.352731 libssl.so.3->EVP_DigestSignInit_ex(0xaaab254f53a0, 0xffffe67c1150, 0, 0) = 1 <0.000187>
[pid 209] 15:00:40.352977 libssl.so.3->EVP_DigestSign(0xaaab254f53a0, 0, 0xffffe67c1160, 0xffffe67c1170) = 1 <0.000124>
[pid 209] 15:00:40.353163 libssl.so.3->EVP_DigestSign(0xaaab254f53a0, 0xaaab25512df0, 0xffffe67c1160, 0xffffe67c1170) = 1 <0.000726>
[pid 209] 15:00:40.354179 <... SSL_connect resumed> ) = 1 <0.041996>
[pid 209] 15:00:40.354453 oqsprovider.so->OQS_KEM_free(0xaaab25506e30, 1, 7, 0xaaab2540a010) = 0xaaab2540a030 <0.000117>
Handshake duration: 42.14 ms
[pid 209] 15:00:40.355799 +++ exited (status 0) +++
Execution 6 - TLS Mutual
s_connection: verify depth is 1
[pid 211] 15:00:40.384168 openssl->SSL_connect(0xaaaae3b69410, 0xaaaae3b3b998, 0xffff990440e0, 0 <unfinished ...>
[pid 211] 15:00:40.384505 libssl.so.3->EVP_PKEY_keygen_init(0xaaaae3b6e7c0, 0, 0, 0xaaaae3b6e830) = 1 <0.000104>
[pid 211] 15:00:40.384674 libssl.so.3->EVP_PKEY_keygen(0xaaaae3b6e7c0, 0xffffdd33a1d0, 0, 0 <unfinished ...>
[pid 211] 15:00:40.384777 oqsprovider.so->OQS_KEM_new(0xaaaae3b6e590, 0xaaaae3b6ddf0, 1792, 0) = 0xaaaae3b6de30 <0.000158>
[pid 211] 15:00:40.385108 oqsprovider.so->OQS_KEM_keypair(0xaaaae3b6de30, 0xaaaae3b764e0, 0xaaaae3b78140, 0xaaaae3b79d80) = 0 <0.005133>
[pid 211] 15:00:40.390345 <... EVP_PKEY_keygen resumed> ) = 1 <0.005620>
[pid 211] 15:00:40.405711 libssl.so.3->EVP_PKEY_decapsulate_init(0xaaaae3b6e7c0, 0, 0, 0xaaaae3b6e830) = 1 <0.000154>
[pid 211] 15:00:40.405971 libssl.so.3->EVP_PKEY_decapsulate(0xaaaae3b6e7c0, 0, 0xffffdd33a150, 0xaaaae3b6ffca) = 1 <0.000183>
[pid 211] 15:00:40.406208 libssl.so.3->EVP_PKEY_decapsulate(0xaaaae3b6e7c0, 0xaaaae3b64620, 0xffffdd33a150, 0xaaaae3b6ffca <unfinished ...>
[pid 211] 15:00:40.406342 oqsprovider.so->OQS_KEM_decaps(0xaaaae3b6de30, 0xaaaae3b64620, 0xaaaae3b6ffca, 0xaaaae3b78140) = 0 <0.015664>
[pid 211] 15:00:40.422063 <... EVP_PKEY_decapsulate resumed> ) = 1 <0.015851>
[pid 211] 15:00:40.422879 libssl.so.3->X509_verify_cert(0xaaaae3b61660, 0, 0, 0xffffffff) = 1 <0.000407>
[pid 211] 15:00:40.423521 libssl.so.3->EVP_DigestVerifyInit_ex(0xaaaae3a8e700, 0xffffdd33a258, 0, 0) = 1 <0.000109>
[pid 211] 15:00:40.423701 libssl.so.3->EVP_DigestVerify(0xaaaae3a8e700, 0xaaaae3b6ff78, 4627, 0xffffdd33a260) = 1 <0.000367>
[pid 211] 15:00:40.424297 libssl.so.3->X509_verify_cert(0xaaaae3b61660, 1, 0, 0) = 1 <0.000322>
[pid 211] 15:00:40.424905 libssl.so.3->EVP_DigestSignInit_ex(0xaaaae3b5c3a0, 0xffffdd33a240, 0, 0) = 1 <0.000159>
[pid 211] 15:00:40.425117 libssl.so.3->EVP_DigestSign(0xaaaae3b5c3a0, 0, 0xffffdd33a250, 0xffffdd33a260) = 1 <0.000115>
[pid 211] 15:00:40.425289 libssl.so.3->EVP_DigestSign(0xaaaae3b5c3a0, 0xaaaae3b79df0, 0xffffdd33a250, 0xffffdd33a260) = 1 <0.000453>
[pid 211] 15:00:40.426025 <... SSL_connect resumed> ) = 1 <0.041851>
[pid 211] 15:00:40.426260 oqsprovider.so->OQS_KEM_free(0xaaaae3b6de30, 1, 7, 0xaaaae3a71010) = 0xaaaae3a71030 <0.000120>
Handshake duration: 42.00 ms
[pid 211] 15:00:40.427564 +++ exited (status 0) +++
Execution 7 - TLS Mutual
s_connection: verify depth is 1
[pid 213] 15:00:40.455563 openssl->SSL_connect(0xaaaae0932410, 0xaaaae0904998, 0xffffb53f40e0, 0 <unfinished ...>
[pid 213] 15:00:40.455918 libssl.so.3->EVP_PKEY_keygen_init(0xaaaae09377c0, 0, 0, 0xaaaae0937830) = 1 <0.000111>
[pid 213] 15:00:40.456083 libssl.so.3->EVP_PKEY_keygen(0xaaaae09377c0, 0xffffcfdfa0d0, 0, 0 <unfinished ...>
[pid 213] 15:00:40.456195 oqsprovider.so->OQS_KEM_new(0xaaaae0937590, 0xaaaae0936df0, 1792, 0) = 0xaaaae0936e30 <0.000154>
[pid 213] 15:00:40.456515 oqsprovider.so->OQS_KEM_keypair(0xaaaae0936e30, 0xaaaae093f4e0, 0xaaaae0941140, 0xaaaae0942d80) = 0 <0.005005>
[pid 213] 15:00:40.461576 <... EVP_PKEY_keygen resumed> ) = 1 <0.005483>
[pid 213] 15:00:40.477003 libssl.so.3->EVP_PKEY_decapsulate_init(0xaaaae09377c0, 0, 0, 0xaaaae0937830) = 1 <0.000229>
[pid 213] 15:00:40.477283 libssl.so.3->EVP_PKEY_decapsulate(0xaaaae09377c0, 0, 0xffffcfdfa050, 0xaaaae0938fca) = 1 <0.000157>
[pid 213] 15:00:40.477489 libssl.so.3->EVP_PKEY_decapsulate(0xaaaae09377c0, 0xaaaae092d620, 0xffffcfdfa050, 0xaaaae0938fca <unfinished ...>
[pid 213] 15:00:40.477640 oqsprovider.so->OQS_KEM_decaps(0xaaaae0936e30, 0xaaaae092d620, 0xaaaae0938fca, 0xaaaae0941140) = 0 <0.015156>
[pid 213] 15:00:40.492857 <... EVP_PKEY_decapsulate resumed> ) = 1 <0.015363>
[pid 213] 15:00:40.493646 libssl.so.3->X509_verify_cert(0xaaaae092a660, 0, 0, 0xffffffff) = 1 <0.000396>
[pid 213] 15:00:40.494291 libssl.so.3->EVP_DigestVerifyInit_ex(0xaaaae0857700, 0xffffcfdfa158, 0, 0) = 1 <0.000150>
[pid 213] 15:00:40.494492 libssl.so.3->EVP_DigestVerify(0xaaaae0857700, 0xaaaae0938f78, 4627, 0xffffcfdfa160) = 1 <0.000315>
[pid 213] 15:00:40.495021 libssl.so.3->X509_verify_cert(0xaaaae092a660, 1, 0, 0) = 1 <0.000328>
[pid 213] 15:00:40.495628 libssl.so.3->EVP_DigestSignInit_ex(0xaaaae09253a0, 0xffffcfdfa140, 0, 0) = 1 <0.000147>
[pid 213] 15:00:40.495920 libssl.so.3->EVP_DigestSign(0xaaaae09253a0, 0, 0xffffcfdfa150, 0xffffcfdfa160) = 1 <0.000206>
[pid 213] 15:00:40.496161 libssl.so.3->EVP_DigestSign(0xaaaae09253a0, 0xaaaae0942df0, 0xffffcfdfa150, 0xffffcfdfa160) = 1 <0.000595>
[pid 213] 15:00:40.497068 <... SSL_connect resumed> ) = 1 <0.041498>
[pid 213] 15:00:40.497336 oqsprovider.so->OQS_KEM_free(0xaaaae0936e30, 1, 7, 0xaaaae083a010) = 0xaaaae083a030 <0.000109>
Handshake duration: 41.65 ms
[pid 213] 15:00:40.498737 +++ exited (status 0) +++
Execution 8 - TLS Mutual
s_connection: verify depth is 1
[pid 215] 15:00:40.526769 openssl->SSL_connect(0xaaaafcd8f410, 0xaaaafcd61998, 0xffff8d8240e0, 0 <unfinished ...>
[pid 215] 15:00:40.527094 libssl.so.3->EVP_PKEY_keygen_init(0xaaaafcd947c0, 0, 0, 0xaaaafcd94830) = 1 <0.000125>
[pid 215] 15:00:40.527267 libssl.so.3->EVP_PKEY_keygen(0xaaaafcd947c0, 0xffffcf4a5950, 0, 0 <unfinished ...>
[pid 215] 15:00:40.527443 oqsprovider.so->OQS_KEM_new(0xaaaafcd94590, 0xaaaafcd93df0, 1792, 0) = 0xaaaafcd93e30 <0.000108>
[pid 215] 15:00:40.527762 oqsprovider.so->OQS_KEM_keypair(0xaaaafcd93e30, 0xaaaafcd9c4e0, 0xaaaafcd9e140, 0xaaaafcd9fd80) = 0 <0.005334>
[pid 215] 15:00:40.533161 <... EVP_PKEY_keygen resumed> ) = 1 <0.005890>
[pid 215] 15:00:40.548440 libssl.so.3->EVP_PKEY_decapsulate_init(0xaaaafcd947c0, 0, 0, 0xaaaafcd94830) = 1 <0.000210>
[pid 215] 15:00:40.548726 libssl.so.3->EVP_PKEY_decapsulate(0xaaaafcd947c0, 0, 0xffffcf4a58d0, 0xaaaafcd95fca) = 1 <0.000121>
[pid 215] 15:00:40.548972 libssl.so.3->EVP_PKEY_decapsulate(0xaaaafcd947c0, 0xaaaafcd8a620, 0xffffcf4a58d0, 0xaaaafcd95fca <unfinished ...>
[pid 215] 15:00:40.549071 oqsprovider.so->OQS_KEM_decaps(0xaaaafcd93e30, 0xaaaafcd8a620, 0xaaaafcd95fca, 0xaaaafcd9e140) = 0 <0.015468>
[pid 215] 15:00:40.564596 <... EVP_PKEY_decapsulate resumed> ) = 1 <0.015619>
[pid 215] 15:00:40.565422 libssl.so.3->X509_verify_cert(0xaaaafcd87660, 0, 0, 0xffffffff) = 1 <0.000425>
[pid 215] 15:00:40.566094 libssl.so.3->EVP_DigestVerifyInit_ex(0xaaaafccb4700, 0xffffcf4a59d8, 0, 0) = 1 <0.000133>
[pid 215] 15:00:40.566273 libssl.so.3->EVP_DigestVerify(0xaaaafccb4700, 0xaaaafcd95f78, 4627, 0xffffcf4a59e0) = 1 <0.000341>
[pid 215] 15:00:40.566854 libssl.so.3->X509_verify_cert(0xaaaafcd87660, 1, 0, 0) = 1 <0.000281>
[pid 215] 15:00:40.567385 libssl.so.3->EVP_DigestSignInit_ex(0xaaaafcd823a0, 0xffffcf4a59c0, 0, 0) = 1 <0.000095>
[pid 215] 15:00:40.567533 libssl.so.3->EVP_DigestSign(0xaaaafcd823a0, 0, 0xffffcf4a59d0, 0xffffcf4a59e0) = 1 <0.000101>
[pid 215] 15:00:40.567780 libssl.so.3->EVP_DigestSign(0xaaaafcd823a0, 0xaaaafcd9fdf0, 0xffffcf4a59d0, 0xffffcf4a59e0) = 1 <0.001709>
[pid 215] 15:00:40.569791 <... SSL_connect resumed> ) = 1 <0.043018>
[pid 215] 15:00:40.570040 oqsprovider.so->OQS_KEM_free(0xaaaafcd93e30, 1, 7, 0xaaaafcc97010) = 0xaaaafcc97030 <0.000112>
Handshake duration: 43.20 ms
[pid 215] 15:00:40.571371 +++ exited (status 0) +++
Execution 9 - TLS Mutual
s_connection: verify depth is 1
[pid 217] 15:00:40.599345 openssl->SSL_connect(0xaaaaebfff410, 0xaaaaebfd1998, 0xffff9e2040e0, 0 <unfinished ...>
[pid 217] 15:00:40.599675 libssl.so.3->EVP_PKEY_keygen_init(0xaaaaec0047c0, 0, 0, 0xaaaaec004830) = 1 <0.000177>
[pid 217] 15:00:40.599931 libssl.so.3->EVP_PKEY_keygen(0xaaaaec0047c0, 0xfffff217cb10, 0, 0 <unfinished ...>
[pid 217] 15:00:40.600045 oqsprovider.so->OQS_KEM_new(0xaaaaec004590, 0xaaaaec003df0, 1792, 0) = 0xaaaaec003e30 <0.000125>
[pid 217] 15:00:40.600285 oqsprovider.so->OQS_KEM_keypair(0xaaaaec003e30, 0xaaaaec00c4e0, 0xaaaaec00e140, 0xaaaaec00fd80) = 0 <0.005137>
[pid 217] 15:00:40.605480 <... EVP_PKEY_keygen resumed> ) = 1 <0.005546>
[pid 217] 15:00:40.620641 libssl.so.3->EVP_PKEY_decapsulate_init(0xaaaaec0047c0, 0, 0, 0xaaaaec004830) = 1 <0.000169>
[pid 217] 15:00:40.620980 libssl.so.3->EVP_PKEY_decapsulate(0xaaaaec0047c0, 0, 0xfffff217ca90, 0xaaaaec005fca) = 1 <0.000113>
[pid 217] 15:00:40.621182 libssl.so.3->EVP_PKEY_decapsulate(0xaaaaec0047c0, 0xaaaaebffa620, 0xfffff217ca90, 0xaaaaec005fca <unfinished ...>
[pid 217] 15:00:40.621322 oqsprovider.so->OQS_KEM_decaps(0xaaaaec003e30, 0xaaaaebffa620, 0xaaaaec005fca, 0xaaaaec00e140) = 0 <0.015299>
[pid 217] 15:00:40.636677 <... EVP_PKEY_decapsulate resumed> ) = 1 <0.015492>
[pid 217] 15:00:40.637451 libssl.so.3->X509_verify_cert(0xaaaaebff7660, 0, 0, 0xffffffff) = 1 <0.000420>
[pid 217] 15:00:40.638105 libssl.so.3->EVP_DigestVerifyInit_ex(0xaaaaebf24700, 0xfffff217cb98, 0, 0) = 1 <0.000111>
[pid 217] 15:00:40.638272 libssl.so.3->EVP_DigestVerify(0xaaaaebf24700, 0xaaaaec005f78, 4627, 0xfffff217cba0) = 1 <0.000308>
[pid 217] 15:00:40.638836 libssl.so.3->X509_verify_cert(0xaaaaebff7660, 1, 0, 0) = 1 <0.000286>
[pid 217] 15:00:40.639406 libssl.so.3->EVP_DigestSignInit_ex(0xaaaaebff23a0, 0xfffff217cb80, 0, 0) = 1 <0.000149>
[pid 217] 15:00:40.639600 libssl.so.3->EVP_DigestSign(0xaaaaebff23a0, 0, 0xfffff217cb90, 0xfffff217cba0) = 1 <0.000190>
[pid 217] 15:00:40.639880 libssl.so.3->EVP_DigestSign(0xaaaaebff23a0, 0xaaaaec00fdf0, 0xfffff217cb90, 0xfffff217cba0) = 1 <0.000406>
[pid 217] 15:00:40.640532 <... SSL_connect resumed> ) = 1 <0.041181>
[pid 217] 15:00:40.640836 oqsprovider.so->OQS_KEM_free(0xaaaaec003e30, 1, 7, 0xaaaaebf07010) = 0xaaaaebf07030 <0.000097>
Handshake duration: 41.30 ms
[pid 217] 15:00:40.642166 +++ exited (status 0) +++
Execution 10 - TLS Mutual
s_connection: verify depth is 1
[pid 219] 15:00:40.670118 openssl->SSL_connect(0xaaaafed37410, 0xaaaafed09998, 0xffffba1140e0, 0 <unfinished ...>
[pid 219] 15:00:40.670470 libssl.so.3->EVP_PKEY_keygen_init(0xaaaafed3c7c0, 0, 0, 0xaaaafed3c830) = 1 <0.000143>
[pid 219] 15:00:40.670661 libssl.so.3->EVP_PKEY_keygen(0xaaaafed3c7c0, 0xffffdaef3f10, 0, 0 <unfinished ...>
[pid 219] 15:00:40.670844 oqsprovider.so->OQS_KEM_new(0xaaaafed3c590, 0xaaaafed3bdf0, 1792, 0) = 0xaaaafed3be30 <0.000111>
[pid 219] 15:00:40.671104 oqsprovider.so->OQS_KEM_keypair(0xaaaafed3be30, 0xaaaafed444e0, 0xaaaafed46140, 0xaaaafed47d80) = 0 <0.005219>
[pid 219] 15:00:40.676384 <... EVP_PKEY_keygen resumed> ) = 1 <0.005715>
[pid 219] 15:00:40.691786 libssl.so.3->EVP_PKEY_decapsulate_init(0xaaaafed3c7c0, 0, 0, 0xaaaafed3c830) = 1 <0.000203>
[pid 219] 15:00:40.692049 libssl.so.3->EVP_PKEY_decapsulate(0xaaaafed3c7c0, 0, 0xffffdaef3e90, 0xaaaafed3dfca) = 1 <0.000166>
[pid 219] 15:00:40.692350 libssl.so.3->EVP_PKEY_decapsulate(0xaaaafed3c7c0, 0xaaaafed32620, 0xffffdaef3e90, 0xaaaafed3dfca <unfinished ...>
[pid 219] 15:00:40.692503 oqsprovider.so->OQS_KEM_decaps(0xaaaafed3be30, 0xaaaafed32620, 0xaaaafed3dfca, 0xaaaafed46140) = 0 <0.015553>
[pid 219] 15:00:40.708114 <... EVP_PKEY_decapsulate resumed> ) = 1 <0.015758>
[pid 219] 15:00:40.708906 libssl.so.3->X509_verify_cert(0xaaaafed2f660, 0, 0, 0xffffffff) = 1 <0.000408>
[pid 219] 15:00:40.709535 libssl.so.3->EVP_DigestVerifyInit_ex(0xaaaafec5c700, 0xffffdaef3f98, 0, 0) = 1 <0.000114>
[pid 219] 15:00:40.709728 libssl.so.3->EVP_DigestVerify(0xaaaafec5c700, 0xaaaafed3df78, 4627, 0xffffdaef3fa0) = 1 <0.000308>
[pid 219] 15:00:40.710243 libssl.so.3->X509_verify_cert(0xaaaafed2f660, 1, 0, 0) = 1 <0.000298>
[pid 219] 15:00:40.710844 libssl.so.3->EVP_DigestSignInit_ex(0xaaaafed2a3a0, 0xffffdaef3f80, 0, 0) = 1 <0.000197>
[pid 219] 15:00:40.711120 libssl.so.3->EVP_DigestSign(0xaaaafed2a3a0, 0, 0xffffdaef3f90, 0xffffdaef3fa0) = 1 <0.000134>
[pid 219] 15:00:40.711312 libssl.so.3->EVP_DigestSign(0xaaaafed2a3a0, 0xaaaafed47df0, 0xffffdaef3f90, 0xffffdaef3fa0) = 1 <0.000641>
[pid 219] 15:00:40.712235 <... SSL_connect resumed> ) = 1 <0.042111>
[pid 219] 15:00:40.712470 oqsprovider.so->OQS_KEM_free(0xaaaafed3be30, 1, 7, 0xaaaafec3f010) = 0xaaaafec3f030 <0.000121>
Handshake duration: 42.24 ms
[pid 219] 15:00:40.713780 +++ exited (status 0) +++
Execution 11 - TLS Mutual
s_connection: verify depth is 1
[pid 221] 15:00:40.741622 openssl->SSL_connect(0xaaaaccc3f410, 0xaaaaccc11998, 0xffffac5040e0, 0 <unfinished ...>
[pid 221] 15:00:40.741952 libssl.so.3->EVP_PKEY_keygen_init(0xaaaaccc447c0, 0, 0, 0xaaaaccc44830) = 1 <0.000130>
[pid 221] 15:00:40.742156 libssl.so.3->EVP_PKEY_keygen(0xaaaaccc447c0, 0xffffc9bbf240, 0, 0 <unfinished ...>
[pid 221] 15:00:40.742299 oqsprovider.so->OQS_KEM_new(0xaaaaccc44590, 0xaaaaccc43df0, 1792, 0) = 0xaaaaccc43e30 <0.000095>
[pid 221] 15:00:40.742678 oqsprovider.so->OQS_KEM_keypair(0xaaaaccc43e30, 0xaaaaccc4c4e0, 0xaaaaccc4e140, 0xaaaaccc4fd80) = 0 <0.005080>
[pid 221] 15:00:40.747820 <... EVP_PKEY_keygen resumed> ) = 1 <0.005661>
[pid 221] 15:00:40.763026 libssl.so.3->EVP_PKEY_decapsulate_init(0xaaaaccc447c0, 0, 0, 0xaaaaccc44830) = 1 <0.000175>
[pid 221] 15:00:40.763252 libssl.so.3->EVP_PKEY_decapsulate(0xaaaaccc447c0, 0, 0xffffc9bbf1c0, 0xaaaaccc45fca) = 1 <0.000163>
[pid 221] 15:00:40.763517 libssl.so.3->EVP_PKEY_decapsulate(0xaaaaccc447c0, 0xaaaaccc3a620, 0xffffc9bbf1c0, 0xaaaaccc45fca <unfinished ...>
[pid 221] 15:00:40.763684 oqsprovider.so->OQS_KEM_decaps(0xaaaaccc43e30, 0xaaaaccc3a620, 0xaaaaccc45fca, 0xaaaaccc4e140) = 0 <0.015628>
[pid 221] 15:00:40.779377 <... EVP_PKEY_decapsulate resumed> ) = 1 <0.015855>
[pid 221] 15:00:40.780170 libssl.so.3->X509_verify_cert(0xaaaaccc37660, 0, 0, 0xffffffff) = 1 <0.000368>
[pid 221] 15:00:40.780783 libssl.so.3->EVP_DigestVerifyInit_ex(0xaaaaccb64700, 0xffffc9bbf2c8, 0, 0) = 1 <0.000151>
[pid 221] 15:00:40.780992 libssl.so.3->EVP_DigestVerify(0xaaaaccb64700, 0xaaaaccc45f78, 4627, 0xffffc9bbf2d0) = 1 <0.000392>
[pid 221] 15:00:40.781605 libssl.so.3->X509_verify_cert(0xaaaaccc37660, 1, 0, 0) = 1 <0.000316>
[pid 221] 15:00:40.782205 libssl.so.3->EVP_DigestSignInit_ex(0xaaaaccc323a0, 0xffffc9bbf2b0, 0, 0) = 1 <0.000186>
[pid 221] 15:00:40.782447 libssl.so.3->EVP_DigestSign(0xaaaaccc323a0, 0, 0xffffc9bbf2c0, 0xffffc9bbf2d0) = 1 <0.000153>
[pid 221] 15:00:40.782659 libssl.so.3->EVP_DigestSign(0xaaaaccc323a0, 0xaaaaccc4fdf0, 0xffffc9bbf2c0, 0xffffc9bbf2d0) = 1 <0.000580>
[pid 221] 15:00:40.783511 <... SSL_connect resumed> ) = 1 <0.041883>
[pid 221] 15:00:40.783759 oqsprovider.so->OQS_KEM_free(0xaaaaccc43e30, 1, 7, 0xaaaaccb47010) = 0xaaaaccb47030 <0.000097>
Handshake duration: 42.04 ms
[pid 221] 15:00:40.785090 +++ exited (status 0) +++
Execution 12 - TLS Mutual
s_connection: verify depth is 1
[pid 223] 15:00:40.813037 openssl->SSL_connect(0xaaaad3110410, 0xaaaad30e2998, 0xffff9ae240e0, 0 <unfinished ...>
[pid 223] 15:00:40.813351 libssl.so.3->EVP_PKEY_keygen_init(0xaaaad31157c0, 0, 0, 0xaaaad3115830) = 1 <0.000132>
[pid 223] 15:00:40.813564 libssl.so.3->EVP_PKEY_keygen(0xaaaad31157c0, 0xffffe72521a0, 0, 0 <unfinished ...>
[pid 223] 15:00:40.813717 oqsprovider.so->OQS_KEM_new(0xaaaad3115590, 0xaaaad3114df0, 1792, 0) = 0xaaaad3114e30 <0.000102>
[pid 223] 15:00:40.813989 oqsprovider.so->OQS_KEM_keypair(0xaaaad3114e30, 0xaaaad311d4e0, 0xaaaad311f140, 0xaaaad3120d80) = 0 <0.005073>
[pid 223] 15:00:40.819127 <... EVP_PKEY_keygen resumed> ) = 1 <0.005557>
[pid 223] 15:00:40.834450 libssl.so.3->EVP_PKEY_decapsulate_init(0xaaaad31157c0, 0, 0, 0xaaaad3115830) = 1 <0.000201>
[pid 223] 15:00:40.834706 libssl.so.3->EVP_PKEY_decapsulate(0xaaaad31157c0, 0, 0xffffe7252120, 0xaaaad3116fca) = 1 <0.000134>
[pid 223] 15:00:40.834913 libssl.so.3->EVP_PKEY_decapsulate(0xaaaad31157c0, 0xaaaad310b620, 0xffffe7252120, 0xaaaad3116fca <unfinished ...>
[pid 223] 15:00:40.835023 oqsprovider.so->OQS_KEM_decaps(0xaaaad3114e30, 0xaaaad310b620, 0xaaaad3116fca, 0xaaaad311f140) = 0 <0.015357>
[pid 223] 15:00:40.850439 <... EVP_PKEY_decapsulate resumed> ) = 1 <0.015524>
[pid 223] 15:00:40.851201 libssl.so.3->X509_verify_cert(0xaaaad3108660, 0, 0, 0xffffffff) = 1 <0.000372>
[pid 223] 15:00:40.851815 libssl.so.3->EVP_DigestVerifyInit_ex(0xaaaad3035700, 0xffffe7252228, 0, 0) = 1 <0.000120>
[pid 223] 15:00:40.851988 libssl.so.3->EVP_DigestVerify(0xaaaad3035700, 0xaaaad3116f78, 4627, 0xffffe7252230) = 1 <0.000321>
[pid 223] 15:00:40.852538 libssl.so.3->X509_verify_cert(0xaaaad3108660, 1, 0, 0) = 1 <0.000330>
[pid 223] 15:00:40.853160 libssl.so.3->EVP_DigestSignInit_ex(0xaaaad31033a0, 0xffffe7252210, 0, 0) = 1 <0.000135>
[pid 223] 15:00:40.853433 libssl.so.3->EVP_DigestSign(0xaaaad31033a0, 0, 0xffffe7252220, 0xffffe7252230) = 1 <0.000184>
[pid 223] 15:00:40.853731 libssl.so.3->EVP_DigestSign(0xaaaad31033a0, 0xaaaad3120df0, 0xffffe7252220, 0xffffe7252230) = 1 <0.001814>
[pid 223] 15:00:40.855863 <... SSL_connect resumed> ) = 1 <0.042819>
[pid 223] 15:00:40.856091 oqsprovider.so->OQS_KEM_free(0xaaaad3114e30, 1, 7, 0xaaaad3018010) = 0xaaaad3018030 <0.000156>
Handshake duration: 42.95 ms
[pid 223] 15:00:40.857430 +++ exited (status 0) +++
Execution 13 - TLS Mutual
s_connection: verify depth is 1
[pid 225] 15:00:40.886076 openssl->SSL_connect(0xaaaaebf0f410, 0xaaaaebee1998, 0xffff9bfd40e0, 0 <unfinished ...>
[pid 225] 15:00:40.886542 libssl.so.3->EVP_PKEY_keygen_init(0xaaaaebf147c0, 0, 0, 0xaaaaebf14830) = 1 <0.000179>
[pid 225] 15:00:40.886778 libssl.so.3->EVP_PKEY_keygen(0xaaaaebf147c0, 0xffffe9d3f870, 0, 0 <unfinished ...>
[pid 225] 15:00:40.887055 oqsprovider.so->OQS_KEM_new(0xaaaaebf14590, 0xaaaaebf13df0, 1792, 0) = 0xaaaaebf13e30 <0.000144>
[pid 225] 15:00:40.887329 oqsprovider.so->OQS_KEM_keypair(0xaaaaebf13e30, 0xaaaaebf1c4e0, 0xaaaaebf1e140, 0xaaaaebf1fd80) = 0 <0.005073>
[pid 225] 15:00:40.892463 <... EVP_PKEY_keygen resumed> ) = 1 <0.005680>
[pid 225] 15:00:40.907986 libssl.so.3->EVP_PKEY_decapsulate_init(0xaaaaebf147c0, 0, 0, 0xaaaaebf14830) = 1 <0.000253>
[pid 225] 15:00:40.908313 libssl.so.3->EVP_PKEY_decapsulate(0xaaaaebf147c0, 0, 0xffffe9d3f7f0, 0xaaaaebf15fca) = 1 <0.000165>
[pid 225] 15:00:40.908519 libssl.so.3->EVP_PKEY_decapsulate(0xaaaaebf147c0, 0xaaaaebf0a620, 0xffffe9d3f7f0, 0xaaaaebf15fca <unfinished ...>
[pid 225] 15:00:40.908633 oqsprovider.so->OQS_KEM_decaps(0xaaaaebf13e30, 0xaaaaebf0a620, 0xaaaaebf15fca, 0xaaaaebf1e140) = 0 <0.015567>
[pid 225] 15:00:40.924257 <... EVP_PKEY_decapsulate resumed> ) = 1 <0.015731>
[pid 225] 15:00:40.925066 libssl.so.3->X509_verify_cert(0xaaaaebf07660, 0, 0, 0xffffffff) = 1 <0.000421>
[pid 225] 15:00:40.925760 libssl.so.3->EVP_DigestVerifyInit_ex(0xaaaaebe34700, 0xffffe9d3f8f8, 0, 0) = 1 <0.000123>
[pid 225] 15:00:40.925931 libssl.so.3->EVP_DigestVerify(0xaaaaebe34700, 0xaaaaebf15f78, 4627, 0xffffe9d3f900) = 1 <0.000321>
[pid 225] 15:00:40.926493 libssl.so.3->X509_verify_cert(0xaaaaebf07660, 1, 0, 0) = 1 <0.000318>
[pid 225] 15:00:40.927090 libssl.so.3->EVP_DigestSignInit_ex(0xaaaaebf023a0, 0xffffe9d3f8e0, 0, 0) = 1 <0.000164>
[pid 225] 15:00:40.927326 libssl.so.3->EVP_DigestSign(0xaaaaebf023a0, 0, 0xffffe9d3f8f0, 0xffffe9d3f900) = 1 <0.000101>
[pid 225] 15:00:40.927483 libssl.so.3->EVP_DigestSign(0xaaaaebf023a0, 0xaaaaebf1fdf0, 0xffffe9d3f8f0, 0xffffe9d3f900) = 1 <0.000546>
[pid 225] 15:00:40.928300 <... SSL_connect resumed> ) = 1 <0.042219>
[pid 225] 15:00:40.928559 oqsprovider.so->OQS_KEM_free(0xaaaaebf13e30, 1, 7, 0xaaaaebe17010) = 0xaaaaebe17030 <0.000111>
Handshake duration: 42.36 ms
[pid 225] 15:00:40.929986 +++ exited (status 0) +++
Execution 14 - TLS Mutual
s_connection: verify depth is 1
[pid 227] 15:00:40.958394 openssl->SSL_connect(0xaaaadb9b3410, 0xaaaadb985998, 0xffffa2c540e0, 0 <unfinished ...>
[pid 227] 15:00:40.958760 libssl.so.3->EVP_PKEY_keygen_init(0xaaaadb9b87c0, 0, 0, 0xaaaadb9b8830) = 1 <0.000126>
[pid 227] 15:00:40.958936 libssl.so.3->EVP_PKEY_keygen(0xaaaadb9b87c0, 0xfffffd9b2560, 0, 0 <unfinished ...>
[pid 227] 15:00:40.959039 oqsprovider.so->OQS_KEM_new(0xaaaadb9b8590, 0xaaaadb9b7df0, 1792, 0) = 0xaaaadb9b7e30 <0.000183>
[pid 227] 15:00:40.959355 oqsprovider.so->OQS_KEM_keypair(0xaaaadb9b7e30, 0xaaaadb9c04e0, 0xaaaadb9c2140, 0xaaaadb9c3d80) = 0 <0.005146>
[pid 227] 15:00:40.964565 <... EVP_PKEY_keygen resumed> ) = 1 <0.005621>
[pid 227] 15:00:40.979955 libssl.so.3->EVP_PKEY_decapsulate_init(0xaaaadb9b87c0, 0, 0, 0xaaaadb9b8830) = 1 <0.000213>
[pid 227] 15:00:40.980237 libssl.so.3->EVP_PKEY_decapsulate(0xaaaadb9b87c0, 0, 0xfffffd9b24e0, 0xaaaadb9b9fca) = 1 <0.000118>
[pid 227] 15:00:40.980400 libssl.so.3->EVP_PKEY_decapsulate(0xaaaadb9b87c0, 0xaaaadb9ae620, 0xfffffd9b24e0, 0xaaaadb9b9fca <unfinished ...>
[pid 227] 15:00:40.980626 oqsprovider.so->OQS_KEM_decaps(0xaaaadb9b7e30, 0xaaaadb9ae620, 0xaaaadb9b9fca, 0xaaaadb9c2140) = 0 <0.015701>
[pid 227] 15:00:40.996385 <... EVP_PKEY_decapsulate resumed> ) = 1 <0.015975>
[pid 227] 15:00:40.997179 libssl.so.3->X509_verify_cert(0xaaaadb9ab660, 0, 0, 0xffffffff) = 1 <0.000394>
[pid 227] 15:00:40.997854 libssl.so.3->EVP_DigestVerifyInit_ex(0xaaaadb8d8700, 0xfffffd9b25e8, 0, 0) = 1 <0.000126>
[pid 227] 15:00:40.998064 libssl.so.3->EVP_DigestVerify(0xaaaadb8d8700, 0xaaaadb9b9f78, 4627, 0xfffffd9b25f0) = 1 <0.000294>
[pid 227] 15:00:40.998590 libssl.so.3->X509_verify_cert(0xaaaadb9ab660, 1, 0, 0) = 1 <0.000359>
[pid 227] 15:00:40.999235 libssl.so.3->EVP_DigestSignInit_ex(0xaaaadb9a63a0, 0xfffffd9b25d0, 0, 0) = 1 <0.000207>
[pid 227] 15:00:40.999502 libssl.so.3->EVP_DigestSign(0xaaaadb9a63a0, 0, 0xfffffd9b25e0, 0xfffffd9b25f0) = 1 <0.000102>
[pid 227] 15:00:40.999721 libssl.so.3->EVP_DigestSign(0xaaaadb9a63a0, 0xaaaadb9c3df0, 0xfffffd9b25e0, 0xfffffd9b25f0) = 1 <0.000518>
[pid 227] 15:00:41.000505 <... SSL_connect resumed> ) = 1 <0.042108>
[pid 227] 15:00:41.000792 oqsprovider.so->OQS_KEM_free(0xaaaadb9b7e30, 1, 7, 0xaaaadb8bb010) = 0xaaaadb8bb030 <0.000154>
Handshake duration: 42.25 ms
[pid 227] 15:00:41.002247 +++ exited (status 0) +++
Execution 15 - TLS Mutual
s_connection: verify depth is 1
[pid 229] 15:00:41.030494 openssl->SSL_connect(0xaaaadff37410, 0xaaaadff09998, 0xffffa8d040e0, 0 <unfinished ...>
[pid 229] 15:00:41.030815 libssl.so.3->EVP_PKEY_keygen_init(0xaaaadff3c7c0, 0, 0, 0xaaaadff3c830) = 1 <0.000119>
[pid 229] 15:00:41.031020 libssl.so.3->EVP_PKEY_keygen(0xaaaadff3c7c0, 0xffffee003c60, 0, 0 <unfinished ...>
[pid 229] 15:00:41.031225 oqsprovider.so->OQS_KEM_new(0xaaaadff3c590, 0xaaaadff3bdf0, 1792, 0) = 0xaaaadff3be30 <0.000126>
[pid 229] 15:00:41.031531 oqsprovider.so->OQS_KEM_keypair(0xaaaadff3be30, 0xaaaadff444e0, 0xaaaadff46140, 0xaaaadff47d80) = 0 <0.005123>
[pid 229] 15:00:41.036730 <... EVP_PKEY_keygen resumed> ) = 1 <0.005706>
[pid 229] 15:00:41.052150 libssl.so.3->EVP_PKEY_decapsulate_init(0xaaaadff3c7c0, 0, 0, 0xaaaadff3c830) = 1 <0.000222>
[pid 229] 15:00:41.052411 libssl.so.3->EVP_PKEY_decapsulate(0xaaaadff3c7c0, 0, 0xffffee003be0, 0xaaaadff3dfca) = 1 <0.000101>
[pid 229] 15:00:41.052581 libssl.so.3->EVP_PKEY_decapsulate(0xaaaadff3c7c0, 0xaaaadff32620, 0xffffee003be0, 0xaaaadff3dfca <unfinished ...>
[pid 229] 15:00:41.052702 oqsprovider.so->OQS_KEM_decaps(0xaaaadff3be30, 0xaaaadff32620, 0xaaaadff3dfca, 0xaaaadff46140) = 0 <0.015608>
[pid 229] 15:00:41.068369 <... EVP_PKEY_decapsulate resumed> ) = 1 <0.015788>
[pid 229] 15:00:41.069183 libssl.so.3->X509_verify_cert(0xaaaadff2f660, 0, 0, 0xffffffff) = 1 <0.000375>
[pid 229] 15:00:41.069825 libssl.so.3->EVP_DigestVerifyInit_ex(0xaaaadfe5c700, 0xffffee003ce8, 0, 0) = 1 <0.000126>
[pid 229] 15:00:41.070002 libssl.so.3->EVP_DigestVerify(0xaaaadfe5c700, 0xaaaadff3df78, 4627, 0xffffee003cf0) = 1 <0.000317>
[pid 229] 15:00:41.070557 libssl.so.3->X509_verify_cert(0xaaaadff2f660, 1, 0, 0) = 1 <0.000340>
[pid 229] 15:00:41.071173 libssl.so.3->EVP_DigestSignInit_ex(0xaaaadff2a3a0, 0xffffee003cd0, 0, 0) = 1 <0.000173>
[pid 229] 15:00:41.071417 libssl.so.3->EVP_DigestSign(0xaaaadff2a3a0, 0, 0xffffee003ce0, 0xffffee003cf0) = 1 <0.000093>
[pid 229] 15:00:41.071577 libssl.so.3->EVP_DigestSign(0xaaaadff2a3a0, 0xaaaadff47df0, 0xffffee003ce0, 0xffffee003cf0) = 1 <0.000728>
[pid 229] 15:00:41.072548 <... SSL_connect resumed> ) = 1 <0.042052>
[pid 229] 15:00:41.072755 oqsprovider.so->OQS_KEM_free(0xaaaadff3be30, 1, 7, 0xaaaadfe3f010) = 0xaaaadfe3f030 <0.000106>
Handshake duration: 42.19 ms
[pid 229] 15:00:41.074220 +++ exited (status 0) +++
Execution 16 - TLS Mutual
s_connection: verify depth is 1
[pid 231] 15:00:41.102271 openssl->SSL_connect(0xaaaaf4038410, 0xaaaaf400a998, 0xffff8a6140e0, 0 <unfinished ...>
[pid 231] 15:00:41.102701 libssl.so.3->EVP_PKEY_keygen_init(0xaaaaf403d7c0, 0, 0, 0xaaaaf403d830) = 1 <0.000156>
[pid 231] 15:00:41.102959 libssl.so.3->EVP_PKEY_keygen(0xaaaaf403d7c0, 0xffffceb1ba10, 0, 0 <unfinished ...>
[pid 231] 15:00:41.103103 oqsprovider.so->OQS_KEM_new(0xaaaaf403d590, 0xaaaaf403cdf0, 1792, 0) = 0xaaaaf403ce30 <0.000120>
[pid 231] 15:00:41.103369 oqsprovider.so->OQS_KEM_keypair(0xaaaaf403ce30, 0xaaaaf40454e0, 0xaaaaf4047140, 0xaaaaf4048d80) = 0 <0.005143>
[pid 231] 15:00:41.108575 <... EVP_PKEY_keygen resumed> ) = 1 <0.005616>
[pid 231] 15:00:41.124264 libssl.so.3->EVP_PKEY_decapsulate_init(0xaaaaf403d7c0, 0, 0, 0xaaaaf403d830) = 1 <0.000193>
[pid 231] 15:00:41.124499 libssl.so.3->EVP_PKEY_decapsulate(0xaaaaf403d7c0, 0, 0xffffceb1b990, 0xaaaaf403efca) = 1 <0.000126>
[pid 231] 15:00:41.124693 libssl.so.3->EVP_PKEY_decapsulate(0xaaaaf403d7c0, 0xaaaaf4033620, 0xffffceb1b990, 0xaaaaf403efca <unfinished ...>
[pid 231] 15:00:41.124823 oqsprovider.so->OQS_KEM_decaps(0xaaaaf403ce30, 0xaaaaf4033620, 0xaaaaf403efca, 0xaaaaf4047140) = 0 <0.015669>
[pid 231] 15:00:41.140548 <... EVP_PKEY_decapsulate resumed> ) = 1 <0.015847>
[pid 231] 15:00:41.141307 libssl.so.3->X509_verify_cert(0xaaaaf4030660, 0, 0, 0xffffffff) = 1 <0.000561>
[pid 231] 15:00:41.142102 libssl.so.3->EVP_DigestVerifyInit_ex(0xaaaaf3f5d700, 0xffffceb1ba98, 0, 0) = 1 <0.000153>
[pid 231] 15:00:41.142307 libssl.so.3->EVP_DigestVerify(0xaaaaf3f5d700, 0xaaaaf403ef78, 4627, 0xffffceb1baa0) = 1 <0.000392>
[pid 231] 15:00:41.142938 libssl.so.3->X509_verify_cert(0xaaaaf4030660, 1, 0, 0) = 1 <0.000337>
[pid 231] 15:00:41.143571 libssl.so.3->EVP_DigestSignInit_ex(0xaaaaf402b3a0, 0xffffceb1ba80, 0, 0) = 1 <0.000245>
[pid 231] 15:00:41.143903 libssl.so.3->EVP_DigestSign(0xaaaaf402b3a0, 0, 0xffffceb1ba90, 0xffffceb1baa0) = 1 <0.000186>
[pid 231] 15:00:41.144146 libssl.so.3->EVP_DigestSign(0xaaaaf402b3a0, 0xaaaaf4048df0, 0xffffceb1ba90, 0xffffceb1baa0) = 1 <0.000579>
[pid 231] 15:00:41.144958 <... SSL_connect resumed> ) = 1 <0.042683>
[pid 231] 15:00:41.145203 oqsprovider.so->OQS_KEM_free(0xaaaaf403ce30, 1, 7, 0xaaaaf3f40010) = 0xaaaaf3f40030 <0.000097>
Handshake duration: 42.81 ms
[pid 231] 15:00:41.146672 +++ exited (status 0) +++
Execution 17 - TLS Mutual
s_connection: verify depth is 1
[pid 233] 15:00:41.174919 openssl->SSL_connect(0xaaaaff8c9410, 0xaaaaff89b998, 0xffff9b3340e0, 0 <unfinished ...>
[pid 233] 15:00:41.175344 libssl.so.3->EVP_PKEY_keygen_init(0xaaaaff8ce7c0, 0, 0, 0xaaaaff8ce830) = 1 <0.000119>
[pid 233] 15:00:41.175518 libssl.so.3->EVP_PKEY_keygen(0xaaaaff8ce7c0, 0xfffff980ea70, 0, 0 <unfinished ...>
[pid 233] 15:00:41.175643 oqsprovider.so->OQS_KEM_new(0xaaaaff8ce590, 0xaaaaff8cddf0, 1792, 0) = 0xaaaaff8cde30 <0.000164>
[pid 233] 15:00:41.175956 oqsprovider.so->OQS_KEM_keypair(0xaaaaff8cde30, 0xaaaaff8d64e0, 0xaaaaff8d8140, 0xaaaaff8d9d80) = 0 <0.005041>
[pid 233] 15:00:41.181069 <... EVP_PKEY_keygen resumed> ) = 1 <0.005535>
[pid 233] 15:00:41.196547 libssl.so.3->EVP_PKEY_decapsulate_init(0xaaaaff8ce7c0, 0, 0, 0xaaaaff8ce830) = 1 <0.000210>
[pid 233] 15:00:41.196808 libssl.so.3->EVP_PKEY_decapsulate(0xaaaaff8ce7c0, 0, 0xfffff980e9f0, 0xaaaaff8cffca) = 1 <0.000129>
[pid 233] 15:00:41.197014 libssl.so.3->EVP_PKEY_decapsulate(0xaaaaff8ce7c0, 0xaaaaff8c4620, 0xfffff980e9f0, 0xaaaaff8cffca <unfinished ...>
[pid 233] 15:00:41.197142 oqsprovider.so->OQS_KEM_decaps(0xaaaaff8cde30, 0xaaaaff8c4620, 0xaaaaff8cffca, 0xaaaaff8d8140) = 0 <0.015915>
[pid 233] 15:00:41.213078 <... EVP_PKEY_decapsulate resumed> ) = 1 <0.016058>
[pid 233] 15:00:41.213935 libssl.so.3->X509_verify_cert(0xaaaaff8c1660, 0, 0, 0xffffffff) = 1 <0.000384>
[pid 233] 15:00:41.214554 libssl.so.3->EVP_DigestVerifyInit_ex(0xaaaaff7ee700, 0xfffff980eaf8, 0, 0) = 1 <0.000123>
[pid 233] 15:00:41.214775 libssl.so.3->EVP_DigestVerify(0xaaaaff7ee700, 0xaaaaff8cff78, 4627, 0xfffff980eb00) = 1 <0.000302>
[pid 233] 15:00:41.215290 libssl.so.3->X509_verify_cert(0xaaaaff8c1660, 1, 0, 0) = 1 <0.000315>
[pid 233] 15:00:41.215899 libssl.so.3->EVP_DigestSignInit_ex(0xaaaaff8bc3a0, 0xfffff980eae0, 0, 0) = 1 <0.000207>
[pid 233] 15:00:41.216167 libssl.so.3->EVP_DigestSign(0xaaaaff8bc3a0, 0, 0xfffff980eaf0, 0xfffff980eb00) = 1 <0.000110>
[pid 233] 15:00:41.216345 libssl.so.3->EVP_DigestSign(0xaaaaff8bc3a0, 0xaaaaff8d9df0, 0xfffff980eaf0, 0xfffff980eb00) = 1 <0.000432>
[pid 233] 15:00:41.217021 <... SSL_connect resumed> ) = 1 <0.042098>
[pid 233] 15:00:41.217341 oqsprovider.so->OQS_KEM_free(0xaaaaff8cde30, 1, 7, 0xaaaaff7d1010) = 0xaaaaff7d1030 <0.000125>
Handshake duration: 42.33 ms
[pid 233] 15:00:41.218684 +++ exited (status 0) +++
Execution 18 - TLS Mutual
s_connection: verify depth is 1
[pid 235] 15:00:41.246841 openssl->SSL_connect(0xaaaaffdcc410, 0xaaaaffd9e998, 0xffff919540e0, 0 <unfinished ...>
[pid 235] 15:00:41.247160 libssl.so.3->EVP_PKEY_keygen_init(0xaaaaffdd17c0, 0, 0, 0xaaaaffdd1830) = 1 <0.000145>
[pid 235] 15:00:41.247362 libssl.so.3->EVP_PKEY_keygen(0xaaaaffdd17c0, 0xffffc8ccc820, 0, 0 <unfinished ...>
[pid 235] 15:00:41.247592 oqsprovider.so->OQS_KEM_new(0xaaaaffdd1590, 0xaaaaffdd0df0, 1792, 0) = 0xaaaaffdd0e30 <0.000147>
[pid 235] 15:00:41.247920 oqsprovider.so->OQS_KEM_keypair(0xaaaaffdd0e30, 0xaaaaffdd94e0, 0xaaaaffddb140, 0xaaaaffddcd80) = 0 <0.005066>
[pid 235] 15:00:41.253049 <... EVP_PKEY_keygen resumed> ) = 1 <0.005680>
[pid 235] 15:00:41.268439 libssl.so.3->EVP_PKEY_decapsulate_init(0xaaaaffdd17c0, 0, 0, 0xaaaaffdd1830) = 1 <0.000155>
[pid 235] 15:00:41.268642 libssl.so.3->EVP_PKEY_decapsulate(0xaaaaffdd17c0, 0, 0xffffc8ccc7a0, 0xaaaaffdd2fca) = 1 <0.000201>
[pid 235] 15:00:41.268901 libssl.so.3->EVP_PKEY_decapsulate(0xaaaaffdd17c0, 0xaaaaffdc7620, 0xffffc8ccc7a0, 0xaaaaffdd2fca <unfinished ...>
[pid 235] 15:00:41.269020 oqsprovider.so->OQS_KEM_decaps(0xaaaaffdd0e30, 0xaaaaffdc7620, 0xaaaaffdd2fca, 0xaaaaffddb140) = 0 <0.015493>
[pid 235] 15:00:41.284568 <... EVP_PKEY_decapsulate resumed> ) = 1 <0.015658>
[pid 235] 15:00:41.285347 libssl.so.3->X509_verify_cert(0xaaaaffdc4660, 0, 0, 0xffffffff) = 1 <0.000421>
[pid 235] 15:00:41.285982 libssl.so.3->EVP_DigestVerifyInit_ex(0xaaaaffcf1700, 0xffffc8ccc8a8, 0, 0) = 1 <0.000141>
[pid 235] 15:00:41.286177 libssl.so.3->EVP_DigestVerify(0xaaaaffcf1700, 0xaaaaffdd2f78, 4627, 0xffffc8ccc8b0) = 1 <0.000298>
[pid 235] 15:00:41.286721 libssl.so.3->X509_verify_cert(0xaaaaffdc4660, 1, 0, 0) = 1 <0.000316>
[pid 235] 15:00:41.287311 libssl.so.3->EVP_DigestSignInit_ex(0xaaaaffdbf3a0, 0xffffc8ccc890, 0, 0) = 1 <0.000169>
[pid 235] 15:00:41.287578 libssl.so.3->EVP_DigestSign(0xaaaaffdbf3a0, 0, 0xffffc8ccc8a0, 0xffffc8ccc8b0) = 1 <0.000218>
[pid 235] 15:00:41.287847 libssl.so.3->EVP_DigestSign(0xaaaaffdbf3a0, 0xaaaaffddcdf0, 0xffffc8ccc8a0, 0xffffc8ccc8b0) = 1 <0.000639>
[pid 235] 15:00:41.288800 <... SSL_connect resumed> ) = 1 <0.041952>
[pid 235] 15:00:41.289067 oqsprovider.so->OQS_KEM_free(0xaaaaffdd0e30, 1, 7, 0xaaaaffcd4010) = 0xaaaaffcd4030 <0.000103>
Handshake duration: 42.10 ms
[pid 235] 15:00:41.290400 +++ exited (status 0) +++
Execution 19 - TLS Mutual
s_connection: verify depth is 1
[pid 237] 15:00:41.318256 openssl->SSL_connect(0xaaaae9cde410, 0xaaaae9cb0998, 0xffff975040e0, 0 <unfinished ...>
[pid 237] 15:00:41.318559 libssl.so.3->EVP_PKEY_keygen_init(0xaaaae9ce37c0, 0, 0, 0xaaaae9ce3830) = 1 <0.000113>
[pid 237] 15:00:41.318762 libssl.so.3->EVP_PKEY_keygen(0xaaaae9ce37c0, 0xffffe40f3250, 0, 0 <unfinished ...>
[pid 237] 15:00:41.318918 oqsprovider.so->OQS_KEM_new(0xaaaae9ce3590, 0xaaaae9ce2df0, 1792, 0) = 0xaaaae9ce2e30 <0.000155>
[pid 237] 15:00:41.319231 oqsprovider.so->OQS_KEM_keypair(0xaaaae9ce2e30, 0xaaaae9ceb4e0, 0xaaaae9ced140, 0xaaaae9ceed80) = 0 <0.005115>
[pid 237] 15:00:41.324410 <... EVP_PKEY_keygen resumed> ) = 1 <0.005660>
[pid 237] 15:00:41.339711 libssl.so.3->EVP_PKEY_decapsulate_init(0xaaaae9ce37c0, 0, 0, 0xaaaae9ce3830) = 1 <0.000187>
[pid 237] 15:00:41.339995 libssl.so.3->EVP_PKEY_decapsulate(0xaaaae9ce37c0, 0, 0xffffe40f31d0, 0xaaaae9ce4fca) = 1 <0.000342>
[pid 237] 15:00:41.340393 libssl.so.3->EVP_PKEY_decapsulate(0xaaaae9ce37c0, 0xaaaae9cd9620, 0xffffe40f31d0, 0xaaaae9ce4fca <unfinished ...>
[pid 237] 15:00:41.340564 oqsprovider.so->OQS_KEM_decaps(0xaaaae9ce2e30, 0xaaaae9cd9620, 0xaaaae9ce4fca, 0xaaaae9ced140) = 0 <0.015587>
[pid 237] 15:00:41.356196 <... EVP_PKEY_decapsulate resumed> ) = 1 <0.015799>
[pid 237] 15:00:41.356951 libssl.so.3->X509_verify_cert(0xaaaae9cd6660, 0, 0, 0xffffffff) = 1 <0.000414>
[pid 237] 15:00:41.357593 libssl.so.3->EVP_DigestVerifyInit_ex(0xaaaae9c03700, 0xffffe40f32d8, 0, 0) = 1 <0.000173>
[pid 237] 15:00:41.357813 libssl.so.3->EVP_DigestVerify(0xaaaae9c03700, 0xaaaae9ce4f78, 4627, 0xffffe40f32e0) = 1 <0.000276>
[pid 237] 15:00:41.358321 libssl.so.3->X509_verify_cert(0xaaaae9cd6660, 1, 0, 0) = 1 <0.000317>
[pid 237] 15:00:41.358903 libssl.so.3->EVP_DigestSignInit_ex(0xaaaae9cd13a0, 0xffffe40f32c0, 0, 0) = 1 <0.000146>
[pid 237] 15:00:41.359186 libssl.so.3->EVP_DigestSign(0xaaaae9cd13a0, 0, 0xffffe40f32d0, 0xffffe40f32e0) = 1 <0.000120>
[pid 237] 15:00:41.359364 libssl.so.3->EVP_DigestSign(0xaaaae9cd13a0, 0xaaaae9ceedf0, 0xffffe40f32d0, 0xffffe40f32e0) = 1 <0.000510>
[pid 237] 15:00:41.360135 <... SSL_connect resumed> ) = 1 <0.041872>
[pid 237] 15:00:41.360340 oqsprovider.so->OQS_KEM_free(0xaaaae9ce2e30, 1, 7, 0xaaaae9be6010) = 0xaaaae9be6030 <0.000094>
Handshake duration: 42.01 ms
[pid 237] 15:00:41.361634 +++ exited (status 0) +++
Execution 20 - TLS Mutual
s_connection: verify depth is 1
[pid 239] 15:00:41.389385 openssl->SSL_connect(0xaaaad11f3410, 0xaaaad11c5998, 0xffff877940e0, 0 <unfinished ...>
[pid 239] 15:00:41.389729 libssl.so.3->EVP_PKEY_keygen_init(0xaaaad11f87c0, 0, 0, 0xaaaad11f8830) = 1 <0.000117>
[pid 239] 15:00:41.389905 libssl.so.3->EVP_PKEY_keygen(0xaaaad11f87c0, 0xffffc88b37d0, 0, 0 <unfinished ...>
[pid 239] 15:00:41.390074 oqsprovider.so->OQS_KEM_new(0xaaaad11f8590, 0xaaaad11f7df0, 1792, 0) = 0xaaaad11f7e30 <0.000131>
[pid 239] 15:00:41.390343 oqsprovider.so->OQS_KEM_keypair(0xaaaad11f7e30, 0xaaaad12004e0, 0xaaaad1202140, 0xaaaad1203d80) = 0 <0.005157>
[pid 239] 15:00:41.395565 <... EVP_PKEY_keygen resumed> ) = 1 <0.005649>
[pid 239] 15:00:41.411091 libssl.so.3->EVP_PKEY_decapsulate_init(0xaaaad11f87c0, 0, 0, 0xaaaad11f8830) = 1 <0.000168>
[pid 239] 15:00:41.411364 libssl.so.3->EVP_PKEY_decapsulate(0xaaaad11f87c0, 0, 0xffffc88b3750, 0xaaaad11f9fca) = 1 <0.000211>
[pid 239] 15:00:41.411625 libssl.so.3->EVP_PKEY_decapsulate(0xaaaad11f87c0, 0xaaaad11ee620, 0xffffc88b3750, 0xaaaad11f9fca <unfinished ...>
[pid 239] 15:00:41.411988 oqsprovider.so->OQS_KEM_decaps(0xaaaad11f7e30, 0xaaaad11ee620, 0xaaaad11f9fca, 0xaaaad1202140) = 0 <0.015810>
[pid 239] 15:00:41.427837 <... EVP_PKEY_decapsulate resumed> ) = 1 <0.016207>
[pid 239] 15:00:41.428602 libssl.so.3->X509_verify_cert(0xaaaad11eb660, 0, 0, 0xffffffff) = 1 <0.000413>
[pid 239] 15:00:41.429248 libssl.so.3->EVP_DigestVerifyInit_ex(0xaaaad1118700, 0xffffc88b3858, 0, 0) = 1 <0.000160>
[pid 239] 15:00:41.429472 libssl.so.3->EVP_DigestVerify(0xaaaad1118700, 0xaaaad11f9f78, 4627, 0xffffc88b3860) = 1 <0.000335>
[pid 239] 15:00:41.430052 libssl.so.3->X509_verify_cert(0xaaaad11eb660, 1, 0, 0) = 1 <0.000307>
[pid 239] 15:00:41.430637 libssl.so.3->EVP_DigestSignInit_ex(0xaaaad11e63a0, 0xffffc88b3840, 0, 0) = 1 <0.000254>
[pid 239] 15:00:41.430942 libssl.so.3->EVP_DigestSign(0xaaaad11e63a0, 0, 0xffffc88b3850, 0xffffc88b3860) = 1 <0.000171>
[pid 239] 15:00:41.431187 libssl.so.3->EVP_DigestSign(0xaaaad11e63a0, 0xaaaad1203df0, 0xffffc88b3850, 0xffffc88b3860) = 1 <0.001233>
[pid 239] 15:00:41.432666 <... SSL_connect resumed> ) = 1 <0.043268>
[pid 239] 15:00:41.432960 oqsprovider.so->OQS_KEM_free(0xaaaad11f7e30, 1, 7, 0xaaaad10fb010) = 0xaaaad10fb030 <0.000117>
Handshake duration: 43.42 ms
[pid 239] 15:00:41.434255 +++ exited (status 0) +++
Execution 21 - TLS Mutual
s_connection: verify depth is 1
[pid 241] 15:00:41.462625 openssl->SSL_connect(0xaaaae5118410, 0xaaaae50ea998, 0xffffa65740e0, 0 <unfinished ...>
[pid 241] 15:00:41.462992 libssl.so.3->EVP_PKEY_keygen_init(0xaaaae511d7c0, 0, 0, 0xaaaae511d830) = 1 <0.000106>
[pid 241] 15:00:41.463189 libssl.so.3->EVP_PKEY_keygen(0xaaaae511d7c0, 0xffffc337c320, 0, 0 <unfinished ...>
[pid 241] 15:00:41.463367 oqsprovider.so->OQS_KEM_new(0xaaaae511d590, 0xaaaae511cdf0, 1792, 0) = 0xaaaae511ce30 <0.000268>
[pid 241] 15:00:41.463839 oqsprovider.so->OQS_KEM_keypair(0xaaaae511ce30, 0xaaaae51254e0, 0xaaaae5127140, 0xaaaae5128d80) = 0 <0.005211>
[pid 241] 15:00:41.469112 <... EVP_PKEY_keygen resumed> ) = 1 <0.005915>
[pid 241] 15:00:41.484566 libssl.so.3->EVP_PKEY_decapsulate_init(0xaaaae511d7c0, 0, 0, 0xaaaae511d830) = 1 <0.000247>
[pid 241] 15:00:41.484862 libssl.so.3->EVP_PKEY_decapsulate(0xaaaae511d7c0, 0, 0xffffc337c2a0, 0xaaaae511efca) = 1 <0.000121>
[pid 241] 15:00:41.485039 libssl.so.3->EVP_PKEY_decapsulate(0xaaaae511d7c0, 0xaaaae5113620, 0xffffc337c2a0, 0xaaaae511efca <unfinished ...>
[pid 241] 15:00:41.485163 oqsprovider.so->OQS_KEM_decaps(0xaaaae511ce30, 0xaaaae5113620, 0xaaaae511efca, 0xaaaae5127140) = 0 <0.015866>
[pid 241] 15:00:41.501087 <... EVP_PKEY_decapsulate resumed> ) = 1 <0.016040>
[pid 241] 15:00:41.501875 libssl.so.3->X509_verify_cert(0xaaaae5110660, 0, 0, 0xffffffff) = 1 <0.000426>
[pid 241] 15:00:41.502529 libssl.so.3->EVP_DigestVerifyInit_ex(0xaaaae503d700, 0xffffc337c3a8, 0, 0) = 1 <0.000132>
[pid 241] 15:00:41.502758 libssl.so.3->EVP_DigestVerify(0xaaaae503d700, 0xaaaae511ef78, 4627, 0xffffc337c3b0) = 1 <0.000306>
[pid 241] 15:00:41.503311 libssl.so.3->X509_verify_cert(0xaaaae5110660, 1, 0, 0) = 1 <0.000324>
[pid 241] 15:00:41.503963 libssl.so.3->EVP_DigestSignInit_ex(0xaaaae510b3a0, 0xffffc337c390, 0, 0) = 1 <0.000283>
[pid 241] 15:00:41.504291 libssl.so.3->EVP_DigestSign(0xaaaae510b3a0, 0, 0xffffc337c3a0, 0xffffc337c3b0) = 1 <0.000134>
[pid 241] 15:00:41.504516 libssl.so.3->EVP_DigestSign(0xaaaae510b3a0, 0xaaaae5128df0, 0xffffc337c3a0, 0xffffc337c3b0) = 1 <0.000866>
[pid 241] 15:00:41.505621 <... SSL_connect resumed> ) = 1 <0.042993>
[pid 241] 15:00:41.505839 oqsprovider.so->OQS_KEM_free(0xaaaae511ce30, 1, 7, 0xaaaae5020010) = 0xaaaae5020030 <0.000107>
Handshake duration: 43.10 ms
[pid 241] 15:00:41.507227 +++ exited (status 0) +++
Execution 22 - TLS Mutual
s_connection: verify depth is 1
[pid 243] 15:00:41.535337 openssl->SSL_connect(0xaaaafc5aa410, 0xaaaafc57c998, 0xffff9d2f40e0, 0 <unfinished ...>
[pid 243] 15:00:41.535644 libssl.so.3->EVP_PKEY_keygen_init(0xaaaafc5af7c0, 0, 0, 0xaaaafc5af830) = 1 <0.000138>
[pid 243] 15:00:41.535906 libssl.so.3->EVP_PKEY_keygen(0xaaaafc5af7c0, 0xffffe60111a0, 0, 0 <unfinished ...>
[pid 243] 15:00:41.536024 oqsprovider.so->OQS_KEM_new(0xaaaafc5af590, 0xaaaafc5aedf0, 1792, 0) = 0xaaaafc5aee30 <0.000149>
[pid 243] 15:00:41.536289 oqsprovider.so->OQS_KEM_keypair(0xaaaafc5aee30, 0xaaaafc5b74e0, 0xaaaafc5b9140, 0xaaaafc5bad80) = 0 <0.005112>
[pid 243] 15:00:41.541467 <... EVP_PKEY_keygen resumed> ) = 1 <0.005553>
[pid 243] 15:00:41.557106 libssl.so.3->EVP_PKEY_decapsulate_init(0xaaaafc5af7c0, 0, 0, 0xaaaafc5af830) = 1 <0.000233>
[pid 243] 15:00:41.557388 libssl.so.3->EVP_PKEY_decapsulate(0xaaaafc5af7c0, 0, 0xffffe6011120, 0xaaaafc5b0fca) = 1 <0.000202>
[pid 243] 15:00:41.557632 libssl.so.3->EVP_PKEY_decapsulate(0xaaaafc5af7c0, 0xaaaafc5a5620, 0xffffe6011120, 0xaaaafc5b0fca <unfinished ...>
[pid 243] 15:00:41.557827 oqsprovider.so->OQS_KEM_decaps(0xaaaafc5aee30, 0xaaaafc5a5620, 0xaaaafc5b0fca, 0xaaaafc5b9140) = 0 <0.015716>
[pid 243] 15:00:41.573585 <... EVP_PKEY_decapsulate resumed> ) = 1 <0.015947>
[pid 243] 15:00:41.574336 libssl.so.3->X509_verify_cert(0xaaaafc5a2660, 0, 0, 0xffffffff) = 1 <0.000401>
[pid 243] 15:00:41.574988 libssl.so.3->EVP_DigestVerifyInit_ex(0xaaaafc4cf700, 0xffffe6011228, 0, 0) = 1 <0.000125>
[pid 243] 15:00:41.575180 libssl.so.3->EVP_DigestVerify(0xaaaafc4cf700, 0xaaaafc5b0f78, 4627, 0xffffe6011230) = 1 <0.000344>
[pid 243] 15:00:41.575758 libssl.so.3->X509_verify_cert(0xaaaafc5a2660, 1, 0, 0) = 1 <0.000337>
[pid 243] 15:00:41.576356 libssl.so.3->EVP_DigestSignInit_ex(0xaaaafc59d3a0, 0xffffe6011210, 0, 0) = 1 <0.000139>
[pid 243] 15:00:41.576563 libssl.so.3->EVP_DigestSign(0xaaaafc59d3a0, 0, 0xffffe6011220, 0xffffe6011230) = 1 <0.000129>
[pid 243] 15:00:41.576750 libssl.so.3->EVP_DigestSign(0xaaaafc59d3a0, 0xaaaafc5badf0, 0xffffe6011220, 0xffffe6011230) = 1 <0.000430>
[pid 243] 15:00:41.577434 <... SSL_connect resumed> ) = 1 <0.042092>
[pid 243] 15:00:41.577637 oqsprovider.so->OQS_KEM_free(0xaaaafc5aee30, 1, 7, 0xaaaafc4b2010) = 0xaaaafc4b2030 <0.000110>
Handshake duration: 42.22 ms
[pid 243] 15:00:41.578984 +++ exited (status 0) +++
Execution 23 - TLS Mutual
s_connection: verify depth is 1
[pid 245] 15:00:41.606958 openssl->SSL_connect(0xaaaad5dca410, 0xaaaad5d9c998, 0xffffa13b40e0, 0 <unfinished ...>
[pid 245] 15:00:41.607276 libssl.so.3->EVP_PKEY_keygen_init(0xaaaad5dcf7c0, 0, 0, 0xaaaad5dcf830) = 1 <0.000116>
[pid 245] 15:00:41.607436 libssl.so.3->EVP_PKEY_keygen(0xaaaad5dcf7c0, 0xffffd45b0700, 0, 0 <unfinished ...>
[pid 245] 15:00:41.607574 oqsprovider.so->OQS_KEM_new(0xaaaad5dcf590, 0xaaaad5dcedf0, 1792, 0) = 0xaaaad5dcee30 <0.000193>
[pid 245] 15:00:41.607943 oqsprovider.so->OQS_KEM_keypair(0xaaaad5dcee30, 0xaaaad5dd74e0, 0xaaaad5dd9140, 0xaaaad5ddad80) = 0 <0.005146>
[pid 245] 15:00:41.613132 <... EVP_PKEY_keygen resumed> ) = 1 <0.005691>
[pid 245] 15:00:41.628514 libssl.so.3->EVP_PKEY_decapsulate_init(0xaaaad5dcf7c0, 0, 0, 0xaaaad5dcf830) = 1 <0.000158>
[pid 245] 15:00:41.628773 libssl.so.3->EVP_PKEY_decapsulate(0xaaaad5dcf7c0, 0, 0xffffd45b0680, 0xaaaad5dd0fca) = 1 <0.000190>
[pid 245] 15:00:41.629052 libssl.so.3->EVP_PKEY_decapsulate(0xaaaad5dcf7c0, 0xaaaad5dc5620, 0xffffd45b0680, 0xaaaad5dd0fca <unfinished ...>
[pid 245] 15:00:41.629242 oqsprovider.so->OQS_KEM_decaps(0xaaaad5dcee30, 0xaaaad5dc5620, 0xaaaad5dd0fca, 0xaaaad5dd9140) = 0 <0.015822>
[pid 245] 15:00:41.645144 <... EVP_PKEY_decapsulate resumed> ) = 1 <0.016071>
[pid 245] 15:00:41.645960 libssl.so.3->X509_verify_cert(0xaaaad5dc2660, 0, 0, 0xffffffff) = 1 <0.000403>
[pid 245] 15:00:41.646601 libssl.so.3->EVP_DigestVerifyInit_ex(0xaaaad5cef700, 0xffffd45b0788, 0, 0) = 1 <0.000154>
[pid 245] 15:00:41.646814 libssl.so.3->EVP_DigestVerify(0xaaaad5cef700, 0xaaaad5dd0f78, 4627, 0xffffd45b0790) = 1 <0.000281>
[pid 245] 15:00:41.647324 libssl.so.3->X509_verify_cert(0xaaaad5dc2660, 1, 0, 0) = 1 <0.000352>
[pid 245] 15:00:41.647917 libssl.so.3->EVP_DigestSignInit_ex(0xaaaad5dbd3a0, 0xffffd45b0770, 0, 0) = 1 <0.000181>
[pid 245] 15:00:41.648144 libssl.so.3->EVP_DigestSign(0xaaaad5dbd3a0, 0, 0xffffd45b0780, 0xffffd45b0790) = 1 <0.000157>
[pid 245] 15:00:41.648370 libssl.so.3->EVP_DigestSign(0xaaaad5dbd3a0, 0xaaaad5ddadf0, 0xffffd45b0780, 0xffffd45b0790) = 1 <0.000709>
[pid 245] 15:00:41.649391 <... SSL_connect resumed> ) = 1 <0.042430>
[pid 245] 15:00:41.649677 oqsprovider.so->OQS_KEM_free(0xaaaad5dcee30, 1, 7, 0xaaaad5cd2010) = 0xaaaad5cd2030 <0.000094>
Handshake duration: 42.59 ms
[pid 245] 15:00:41.651072 +++ exited (status 0) +++
Execution 24 - TLS Mutual
s_connection: verify depth is 1
[pid 247] 15:00:41.679087 openssl->SSL_connect(0xaaaaff409410, 0xaaaaff3db998, 0xffff81b740e0, 0 <unfinished ...>
[pid 247] 15:00:41.679441 libssl.so.3->EVP_PKEY_keygen_init(0xaaaaff40e7c0, 0, 0, 0xaaaaff40e830) = 1 <0.000117>
[pid 247] 15:00:41.679631 libssl.so.3->EVP_PKEY_keygen(0xaaaaff40e7c0, 0xffffcfc46820, 0, 0 <unfinished ...>
[pid 247] 15:00:41.679781 oqsprovider.so->OQS_KEM_new(0xaaaaff40e590, 0xaaaaff40ddf0, 1792, 0) = 0xaaaaff40de30 <0.000108>
[pid 247] 15:00:41.680010 oqsprovider.so->OQS_KEM_keypair(0xaaaaff40de30, 0xaaaaff4164e0, 0xaaaaff418140, 0xaaaaff419d80) = 0 <0.005066>
[pid 247] 15:00:41.685142 <... EVP_PKEY_keygen resumed> ) = 1 <0.005503>
[pid 247] 15:00:41.700481 libssl.so.3->EVP_PKEY_decapsulate_init(0xaaaaff40e7c0, 0, 0, 0xaaaaff40e830) = 1 <0.000390>
[pid 247] 15:00:41.700955 libssl.so.3->EVP_PKEY_decapsulate(0xaaaaff40e7c0, 0, 0xffffcfc467a0, 0xaaaaff40ffca) = 1 <0.000102>
[pid 247] 15:00:41.701114 libssl.so.3->EVP_PKEY_decapsulate(0xaaaaff40e7c0, 0xaaaaff404620, 0xffffcfc467a0, 0xaaaaff40ffca <unfinished ...>
[pid 247] 15:00:41.701229 oqsprovider.so->OQS_KEM_decaps(0xaaaaff40de30, 0xaaaaff404620, 0xaaaaff40ffca, 0xaaaaff418140) = 0 <0.015537>
[pid 247] 15:00:41.716833 <... EVP_PKEY_decapsulate resumed> ) = 1 <0.015708>
[pid 247] 15:00:41.717702 libssl.so.3->X509_verify_cert(0xaaaaff401660, 0, 0, 0xffffffff) = 1 <0.000425>
[pid 247] 15:00:41.718378 libssl.so.3->EVP_DigestVerifyInit_ex(0xaaaaff32e700, 0xffffcfc468a8, 0, 0) = 1 <0.000128>
[pid 247] 15:00:41.718590 libssl.so.3->EVP_DigestVerify(0xaaaaff32e700, 0xaaaaff40ff78, 4627, 0xffffcfc468b0) = 1 <0.000295>
[pid 247] 15:00:41.719119 libssl.so.3->X509_verify_cert(0xaaaaff401660, 1, 0, 0) = 1 <0.000311>
[pid 247] 15:00:41.719734 libssl.so.3->EVP_DigestSignInit_ex(0xaaaaff3fc3a0, 0xffffcfc46890, 0, 0) = 1 <0.000125>
[pid 247] 15:00:41.719905 libssl.so.3->EVP_DigestSign(0xaaaaff3fc3a0, 0, 0xffffcfc468a0, 0xffffcfc468b0) = 1 <0.000106>
[pid 247] 15:00:41.720057 libssl.so.3->EVP_DigestSign(0xaaaaff3fc3a0, 0xaaaaff419df0, 0xffffcfc468a0, 0xffffcfc468b0) = 1 <0.001195>
[pid 247] 15:00:41.721489 <... SSL_connect resumed> ) = 1 <0.042399>
[pid 247] 15:00:41.721727 oqsprovider.so->OQS_KEM_free(0xaaaaff40de30, 1, 7, 0xaaaaff311010) = 0xaaaaff311030 <0.000114>
Handshake duration: 42.54 ms
[pid 247] 15:00:41.723089 +++ exited (status 0) +++
Execution 25 - TLS Mutual
s_connection: verify depth is 1
[pid 249] 15:00:41.750944 openssl->SSL_connect(0xaaaae2906410, 0xaaaae28d8998, 0xffff96a240e0, 0 <unfinished ...>
[pid 249] 15:00:41.751267 libssl.so.3->EVP_PKEY_keygen_init(0xaaaae290b7c0, 0, 0, 0xaaaae290b830) = 1 <0.000104>
[pid 249] 15:00:41.751446 libssl.so.3->EVP_PKEY_keygen(0xaaaae290b7c0, 0xffffc6ba7290, 0, 0 <unfinished ...>
[pid 249] 15:00:41.751739 oqsprovider.so->OQS_KEM_new(0xaaaae290b590, 0xaaaae290adf0, 1792, 0) = 0xaaaae290ae30 <0.000099>
[pid 249] 15:00:41.751980 oqsprovider.so->OQS_KEM_keypair(0xaaaae290ae30, 0xaaaae29134e0, 0xaaaae2915140, 0xaaaae2916d80) = 0 <0.005065>
[pid 249] 15:00:41.757110 <... EVP_PKEY_keygen resumed> ) = 1 <0.005657>
[pid 249] 15:00:41.772373 libssl.so.3->EVP_PKEY_decapsulate_init(0xaaaae290b7c0, 0, 0, 0xaaaae290b830) = 1 <0.000178>
[pid 249] 15:00:41.772605 libssl.so.3->EVP_PKEY_decapsulate(0xaaaae290b7c0, 0, 0xffffc6ba7210, 0xaaaae290cfca) = 1 <0.000095>
[pid 249] 15:00:41.772839 libssl.so.3->EVP_PKEY_decapsulate(0xaaaae290b7c0, 0xaaaae2901620, 0xffffc6ba7210, 0xaaaae290cfca <unfinished ...>
[pid 249] 15:00:41.772955 oqsprovider.so->OQS_KEM_decaps(0xaaaae290ae30, 0xaaaae2901620, 0xaaaae290cfca, 0xaaaae2915140) = 0 <0.015998>
[pid 249] 15:00:41.789017 <... EVP_PKEY_decapsulate resumed> ) = 1 <0.016166>
[pid 249] 15:00:41.789860 libssl.so.3->X509_verify_cert(0xaaaae28fe660, 0, 0, 0xffffffff) = 1 <0.000425>
[pid 249] 15:00:41.790523 libssl.so.3->EVP_DigestVerifyInit_ex(0xaaaae282b700, 0xffffc6ba7318, 0, 0) = 1 <0.000113>
[pid 249] 15:00:41.790696 libssl.so.3->EVP_DigestVerify(0xaaaae282b700, 0xaaaae290cf78, 4627, 0xffffc6ba7320) = 1 <0.000378>
[pid 249] 15:00:41.791311 libssl.so.3->X509_verify_cert(0xaaaae28fe660, 1, 0, 0) = 1 <0.000311>
[pid 249] 15:00:41.791961 libssl.so.3->EVP_DigestSignInit_ex(0xaaaae28f93a0, 0xffffc6ba7300, 0, 0) = 1 <0.000188>
[pid 249] 15:00:41.792197 libssl.so.3->EVP_DigestSign(0xaaaae28f93a0, 0, 0xffffc6ba7310, 0xffffc6ba7320) = 1 <0.000091>
[pid 249] 15:00:41.792394 libssl.so.3->EVP_DigestSign(0xaaaae28f93a0, 0xaaaae2916df0, 0xffffc6ba7310, 0xffffc6ba7320) = 1 <0.000456>
[pid 249] 15:00:41.793132 <... SSL_connect resumed> ) = 1 <0.042182>
[pid 249] 15:00:41.793394 oqsprovider.so->OQS_KEM_free(0xaaaae290ae30, 1, 7, 0xaaaae280e010) = 0xaaaae280e030 <0.000100>
Handshake duration: 42.32 ms
[pid 249] 15:00:41.794695 +++ exited (status 0) +++
Execution 26 - TLS Mutual
s_connection: verify depth is 1
[pid 251] 15:00:41.822668 openssl->SSL_connect(0xaaaaef87c410, 0xaaaaef84e998, 0xffff917840e0, 0 <unfinished ...>
[pid 251] 15:00:41.822992 libssl.so.3->EVP_PKEY_keygen_init(0xaaaaef8817c0, 0, 0, 0xaaaaef881830) = 1 <0.000104>
[pid 251] 15:00:41.823180 libssl.so.3->EVP_PKEY_keygen(0xaaaaef8817c0, 0xffffcf6d8f30, 0, 0 <unfinished ...>
[pid 251] 15:00:41.823281 oqsprovider.so->OQS_KEM_new(0xaaaaef881590, 0xaaaaef880df0, 1792, 0) = 0xaaaaef880e30 <0.000130>
[pid 251] 15:00:41.823534 oqsprovider.so->OQS_KEM_keypair(0xaaaaef880e30, 0xaaaaef8894e0, 0xaaaaef88b140, 0xaaaaef88cd80) = 0 <0.005112>
[pid 251] 15:00:41.828712 <... EVP_PKEY_keygen resumed> ) = 1 <0.005550>
[pid 251] 15:00:41.844163 libssl.so.3->EVP_PKEY_decapsulate_init(0xaaaaef8817c0, 0, 0, 0xaaaaef881830) = 1 <0.000208>
[pid 251] 15:00:41.844413 libssl.so.3->EVP_PKEY_decapsulate(0xaaaaef8817c0, 0, 0xffffcf6d8eb0, 0xaaaaef882fca) = 1 <0.000114>
[pid 251] 15:00:41.844598 libssl.so.3->EVP_PKEY_decapsulate(0xaaaaef8817c0, 0xaaaaef877620, 0xffffcf6d8eb0, 0xaaaaef882fca <unfinished ...>
[pid 251] 15:00:41.844787 oqsprovider.so->OQS_KEM_decaps(0xaaaaef880e30, 0xaaaaef877620, 0xaaaaef882fca, 0xaaaaef88b140) = 0 <0.015597>
[pid 251] 15:00:41.860440 <... EVP_PKEY_decapsulate resumed> ) = 1 <0.015838>
[pid 251] 15:00:41.861191 libssl.so.3->X509_verify_cert(0xaaaaef874660, 0, 0, 0xffffffff) = 1 <0.000424>
[pid 251] 15:00:41.861866 libssl.so.3->EVP_DigestVerifyInit_ex(0xaaaaef7a1700, 0xffffcf6d8fb8, 0, 0) = 1 <0.000125>
[pid 251] 15:00:41.862043 libssl.so.3->EVP_DigestVerify(0xaaaaef7a1700, 0xaaaaef882f78, 4627, 0xffffcf6d8fc0) = 1 <0.000378>
[pid 251] 15:00:41.862650 libssl.so.3->X509_verify_cert(0xaaaaef874660, 1, 0, 0) = 1 <0.000314>
[pid 251] 15:00:41.863220 libssl.so.3->EVP_DigestSignInit_ex(0xaaaaef86f3a0, 0xffffcf6d8fa0, 0, 0) = 1 <0.000206>
[pid 251] 15:00:41.863669 libssl.so.3->EVP_DigestSign(0xaaaaef86f3a0, 0, 0xffffcf6d8fb0, 0xffffcf6d8fc0) = 1 <0.000140>
[pid 251] 15:00:41.863834 libssl.so.3->EVP_DigestSign(0xaaaaef86f3a0, 0xaaaaef88cdf0, 0xffffcf6d8fb0, 0xffffcf6d8fc0) = 1 <0.000820>
[pid 251] 15:00:41.864953 <... SSL_connect resumed> ) = 1 <0.042279>
[pid 251] 15:00:41.865195 oqsprovider.so->OQS_KEM_free(0xaaaaef880e30, 1, 7, 0xaaaaef784010) = 0xaaaaef784030 <0.000107>
Handshake duration: 42.45 ms
[pid 251] 15:00:41.866515 +++ exited (status 0) +++
Execution 27 - TLS Mutual
s_connection: verify depth is 1
[pid 253] 15:00:41.894454 openssl->SSL_connect(0xaaaad87d3410, 0xaaaad87a5998, 0xffff993e40e0, 0 <unfinished ...>
[pid 253] 15:00:41.894746 libssl.so.3->EVP_PKEY_keygen_init(0xaaaad87d87c0, 0, 0, 0xaaaad87d8830) = 1 <0.000113>
[pid 253] 15:00:41.894961 libssl.so.3->EVP_PKEY_keygen(0xaaaad87d87c0, 0xfffffb395e20, 0, 0 <unfinished ...>
[pid 253] 15:00:41.895091 oqsprovider.so->OQS_KEM_new(0xaaaad87d8590, 0xaaaad87d7df0, 1792, 0) = 0xaaaad87d7e30 <0.000124>
[pid 253] 15:00:41.895325 oqsprovider.so->OQS_KEM_keypair(0xaaaad87d7e30, 0xaaaad87e04e0, 0xaaaad87e2140, 0xaaaad87e3d80) = 0 <0.005087>
[pid 253] 15:00:41.900477 <... EVP_PKEY_keygen resumed> ) = 1 <0.005510>
[pid 253] 15:00:41.916133 libssl.so.3->EVP_PKEY_decapsulate_init(0xaaaad87d87c0, 0, 0, 0xaaaad87d8830) = 1 <0.000201>
[pid 253] 15:00:41.916391 libssl.so.3->EVP_PKEY_decapsulate(0xaaaad87d87c0, 0, 0xfffffb395da0, 0xaaaad87d9fca) = 1 <0.000107>
[pid 253] 15:00:41.916540 libssl.so.3->EVP_PKEY_decapsulate(0xaaaad87d87c0, 0xaaaad87ce620, 0xfffffb395da0, 0xaaaad87d9fca <unfinished ...>
[pid 253] 15:00:41.916674 oqsprovider.so->OQS_KEM_decaps(0xaaaad87d7e30, 0xaaaad87ce620, 0xaaaad87d9fca, 0xaaaad87e2140) = 0 <0.015965>
[pid 253] 15:00:41.932694 <... EVP_PKEY_decapsulate resumed> ) = 1 <0.016147>
[pid 253] 15:00:41.933425 libssl.so.3->X509_verify_cert(0xaaaad87cb660, 0, 0, 0xffffffff) = 1 <0.000421>
[pid 253] 15:00:41.934087 libssl.so.3->EVP_DigestVerifyInit_ex(0xaaaad86f8700, 0xfffffb395ea8, 0, 0) = 1 <0.000164>
[pid 253] 15:00:41.934347 libssl.so.3->EVP_DigestVerify(0xaaaad86f8700, 0xaaaad87d9f78, 4627, 0xfffffb395eb0) = 1 <0.000258>
[pid 253] 15:00:41.934819 libssl.so.3->X509_verify_cert(0xaaaad87cb660, 1, 0, 0) = 1 <0.000346>
[pid 253] 15:00:41.935452 libssl.so.3->EVP_DigestSignInit_ex(0xaaaad87c63a0, 0xfffffb395e90, 0, 0) = 1 <0.000146>
[pid 253] 15:00:41.935709 libssl.so.3->EVP_DigestSign(0xaaaad87c63a0, 0, 0xfffffb395ea0, 0xfffffb395eb0) = 1 <0.000148>
[pid 253] 15:00:41.935919 libssl.so.3->EVP_DigestSign(0xaaaad87c63a0, 0xaaaad87e3df0, 0xfffffb395ea0, 0xfffffb395eb0) = 1 <0.000578>
[pid 253] 15:00:41.936747 <... SSL_connect resumed> ) = 1 <0.042289>
[pid 253] 15:00:41.937067 oqsprovider.so->OQS_KEM_free(0xaaaad87d7e30, 1, 7, 0xaaaad86db010) = 0xaaaad86db030 <0.000110>
Handshake duration: 42.45 ms
[pid 253] 15:00:41.938470 +++ exited (status 0) +++
Execution 28 - TLS Mutual
s_connection: verify depth is 1
[pid 255] 15:00:41.966219 openssl->SSL_connect(0xaaab04b52410, 0xaaab04b24998, 0xffff90c940e0, 0 <unfinished ...>
[pid 255] 15:00:41.966516 libssl.so.3->EVP_PKEY_keygen_init(0xaaab04b577c0, 0, 0, 0xaaab04b57830) = 1 <0.000117>
[pid 255] 15:00:41.966682 libssl.so.3->EVP_PKEY_keygen(0xaaab04b577c0, 0xffffeb5c0f40, 0, 0 <unfinished ...>
[pid 255] 15:00:41.966865 oqsprovider.so->OQS_KEM_new(0xaaab04b57590, 0xaaab04b56df0, 1792, 0) = 0xaaab04b56e30 <0.000150>
[pid 255] 15:00:41.967142 oqsprovider.so->OQS_KEM_keypair(0xaaab04b56e30, 0xaaab04b5f4e0, 0xaaab04b61140, 0xaaab04b62d80) = 0 <0.005070>
[pid 255] 15:00:41.972276 <... EVP_PKEY_keygen resumed> ) = 1 <0.005583>
[pid 255] 15:00:41.987735 libssl.so.3->EVP_PKEY_decapsulate_init(0xaaab04b577c0, 0, 0, 0xaaab04b57830) = 1 <0.000174>
[pid 255] 15:00:41.987954 libssl.so.3->EVP_PKEY_decapsulate(0xaaab04b577c0, 0, 0xffffeb5c0ec0, 0xaaab04b58fca) = 1 <0.000113>
[pid 255] 15:00:41.988127 libssl.so.3->EVP_PKEY_decapsulate(0xaaab04b577c0, 0xaaab04b4d620, 0xffffeb5c0ec0, 0xaaab04b58fca <unfinished ...>
[pid 255] 15:00:41.988243 oqsprovider.so->OQS_KEM_decaps(0xaaab04b56e30, 0xaaab04b4d620, 0xaaab04b58fca, 0xaaab04b61140) = 0 <0.015527>
[pid 255] 15:00:42.003826 <... EVP_PKEY_decapsulate resumed> ) = 1 <0.015694>
[pid 255] 15:00:42.004568 libssl.so.3->X509_verify_cert(0xaaab04b4a660, 0, 0, 0xffffffff) = 1 <0.000425>
[pid 255] 15:00:42.005228 libssl.so.3->EVP_DigestVerifyInit_ex(0xaaab04a77700, 0xffffeb5c0fc8, 0, 0) = 1 <0.000136>
[pid 255] 15:00:42.005431 libssl.so.3->EVP_DigestVerify(0xaaab04a77700, 0xaaab04b58f78, 4627, 0xffffeb5c0fd0) = 1 <0.000374>
[pid 255] 15:00:42.006040 libssl.so.3->X509_verify_cert(0xaaab04b4a660, 1, 0, 0) = 1 <0.000315>
[pid 255] 15:00:42.006619 libssl.so.3->EVP_DigestSignInit_ex(0xaaab04b453a0, 0xffffeb5c0fb0, 0, 0) = 1 <0.000170>
[pid 255] 15:00:42.006828 libssl.so.3->EVP_DigestSign(0xaaab04b453a0, 0, 0xffffeb5c0fc0, 0xffffeb5c0fd0) = 1 <0.000149>
[pid 255] 15:00:42.007059 libssl.so.3->EVP_DigestSign(0xaaab04b453a0, 0xaaab04b62df0, 0xffffeb5c0fc0, 0xffffeb5c0fd0) = 1 <0.000423>
[pid 255] 15:00:42.007770 <... SSL_connect resumed> ) = 1 <0.041548>
[pid 255] 15:00:42.008026 oqsprovider.so->OQS_KEM_free(0xaaab04b56e30, 1, 7, 0xaaab04a5a010) = 0xaaab04a5a030 <0.000130>
Handshake duration: 41.72 ms
[pid 255] 15:00:42.009361 +++ exited (status 0) +++
Execution 29 - TLS Mutual
s_connection: verify depth is 1
[pid 257] 15:00:42.037210 openssl->SSL_connect(0xaaaaf575b410, 0xaaaaf572d998, 0xffff955840e0, 0 <unfinished ...>
[pid 257] 15:00:42.037548 libssl.so.3->EVP_PKEY_keygen_init(0xaaaaf57607c0, 0, 0, 0xaaaaf5760830) = 1 <0.000105>
[pid 257] 15:00:42.037753 libssl.so.3->EVP_PKEY_keygen(0xaaaaf57607c0, 0xffffd1005070, 0, 0 <unfinished ...>
[pid 257] 15:00:42.037962 oqsprovider.so->OQS_KEM_new(0xaaaaf5760590, 0xaaaaf575fdf0, 1792, 0) = 0xaaaaf575fe30 <0.000102>
[pid 257] 15:00:42.038194 oqsprovider.so->OQS_KEM_keypair(0xaaaaf575fe30, 0xaaaaf57684e0, 0xaaaaf576a140, 0xaaaaf576bd80) = 0 <0.005109>
[pid 257] 15:00:42.043368 <... EVP_PKEY_keygen resumed> ) = 1 <0.005612>
[pid 257] 15:00:42.058721 libssl.so.3->EVP_PKEY_decapsulate_init(0xaaaaf57607c0, 0, 0, 0xaaaaf5760830) = 1 <0.000202>
[pid 257] 15:00:42.058999 libssl.so.3->EVP_PKEY_decapsulate(0xaaaaf57607c0, 0, 0xffffd1004ff0, 0xaaaaf5761fca) = 1 <0.000131>
[pid 257] 15:00:42.059183 libssl.so.3->EVP_PKEY_decapsulate(0xaaaaf57607c0, 0xaaaaf5756620, 0xffffd1004ff0, 0xaaaaf5761fca <unfinished ...>
[pid 257] 15:00:42.059375 oqsprovider.so->OQS_KEM_decaps(0xaaaaf575fe30, 0xaaaaf5756620, 0xaaaaf5761fca, 0xaaaaf576a140) = 0 <0.015489>
[pid 257] 15:00:42.074922 <... EVP_PKEY_decapsulate resumed> ) = 1 <0.015735>
[pid 257] 15:00:42.075764 libssl.so.3->X509_verify_cert(0xaaaaf5753660, 0, 0, 0xffffffff) = 1 <0.000406>
[pid 257] 15:00:42.076401 libssl.so.3->EVP_DigestVerifyInit_ex(0xaaaaf5680700, 0xffffd10050f8, 0, 0) = 1 <0.000109>
[pid 257] 15:00:42.076562 libssl.so.3->EVP_DigestVerify(0xaaaaf5680700, 0xaaaaf5761f78, 4627, 0xffffd1005100) = 1 <0.000311>
[pid 257] 15:00:42.077094 libssl.so.3->X509_verify_cert(0xaaaaf5753660, 1, 0, 0) = 1 <0.000325>
[pid 257] 15:00:42.077766 libssl.so.3->EVP_DigestSignInit_ex(0xaaaaf574e3a0, 0xffffd10050e0, 0, 0) = 1 <0.000148>
[pid 257] 15:00:42.077984 libssl.so.3->EVP_DigestSign(0xaaaaf574e3a0, 0, 0xffffd10050f0, 0xffffd1005100) = 1 <0.000161>
[pid 257] 15:00:42.078217 libssl.so.3->EVP_DigestSign(0xaaaaf574e3a0, 0xaaaaf576bdf0, 0xffffd10050f0, 0xffffd1005100) = 1 <0.000764>
[pid 257] 15:00:42.079234 <... SSL_connect resumed> ) = 1 <0.042019>
[pid 257] 15:00:42.079484 oqsprovider.so->OQS_KEM_free(0xaaaaf575fe30, 1, 7, 0xaaaaf5663010) = 0xaaaaf5663030 <0.000104>
Handshake duration: 42.15 ms
[pid 257] 15:00:42.080859 +++ exited (status 0) +++
Execution 30 - TLS Mutual
s_connection: verify depth is 1
[pid 259] 15:00:42.108635 openssl->SSL_connect(0xaaaaef7d0410, 0xaaaaef7a2998, 0xffffb72440e0, 0 <unfinished ...>
[pid 259] 15:00:42.108984 libssl.so.3->EVP_PKEY_keygen_init(0xaaaaef7d57c0, 0, 0, 0xaaaaef7d5830) = 1 <0.000100>
[pid 259] 15:00:42.109143 libssl.so.3->EVP_PKEY_keygen(0xaaaaef7d57c0, 0xffffe44711f0, 0, 0 <unfinished ...>
[pid 259] 15:00:42.109329 oqsprovider.so->OQS_KEM_new(0xaaaaef7d5590, 0xaaaaef7d4df0, 1792, 0) = 0xaaaaef7d4e30 <0.000116>
[pid 259] 15:00:42.109559 oqsprovider.so->OQS_KEM_keypair(0xaaaaef7d4e30, 0xaaaaef7dd4e0, 0xaaaaef7df140, 0xaaaaef7e0d80) = 0 <0.005043>
[pid 259] 15:00:42.114667 <... EVP_PKEY_keygen resumed> ) = 1 <0.005516>
[pid 259] 15:00:42.130056 libssl.so.3->EVP_PKEY_decapsulate_init(0xaaaaef7d57c0, 0, 0, 0xaaaaef7d5830) = 1 <0.000190>
[pid 259] 15:00:42.130304 libssl.so.3->EVP_PKEY_decapsulate(0xaaaaef7d57c0, 0, 0xffffe4471170, 0xaaaaef7d6fca) = 1 <0.000102>
[pid 259] 15:00:42.130449 libssl.so.3->EVP_PKEY_decapsulate(0xaaaaef7d57c0, 0xaaaaef7cb620, 0xffffe4471170, 0xaaaaef7d6fca <unfinished ...>
[pid 259] 15:00:42.130557 oqsprovider.so->OQS_KEM_decaps(0xaaaaef7d4e30, 0xaaaaef7cb620, 0xaaaaef7d6fca, 0xaaaaef7df140) = 0 <0.015459>
[pid 259] 15:00:42.146072 <... EVP_PKEY_decapsulate resumed> ) = 1 <0.015618>
[pid 259] 15:00:42.146802 libssl.so.3->X509_verify_cert(0xaaaaef7c8660, 0, 0, 0xffffffff) = 1 <0.000428>
[pid 259] 15:00:42.147471 libssl.so.3->EVP_DigestVerifyInit_ex(0xaaaaef6f5700, 0xffffe4471278, 0, 0) = 1 <0.000108>
[pid 259] 15:00:42.147797 libssl.so.3->EVP_DigestVerify(0xaaaaef6f5700, 0xaaaaef7d6f78, 4627, 0xffffe4471280) = 1 <0.000456>
[pid 259] 15:00:42.148322 libssl.so.3->X509_verify_cert(0xaaaaef7c8660, 1, 0, 0) = 1 <0.000330>
[pid 259] 15:00:42.148951 libssl.so.3->EVP_DigestSignInit_ex(0xaaaaef7c33a0, 0xffffe4471260, 0, 0) = 1 <0.000185>
[pid 259] 15:00:42.149174 libssl.so.3->EVP_DigestSign(0xaaaaef7c33a0, 0, 0xffffe4471270, 0xffffe4471280) = 1 <0.000091>
[pid 259] 15:00:42.149316 libssl.so.3->EVP_DigestSign(0xaaaaef7c33a0, 0xaaaaef7e0df0, 0xffffe4471270, 0xffffe4471280) = 1 <0.000539>
[pid 259] 15:00:42.150122 <... SSL_connect resumed> ) = 1 <0.041484>
[pid 259] 15:00:42.150366 oqsprovider.so->OQS_KEM_free(0xaaaaef7d4e30, 1, 7, 0xaaaaef6d8010) = 0xaaaaef6d8030 <0.000126>
Handshake duration: 41.63 ms
[pid 259] 15:00:42.151748 +++ exited (status 0) +++
Execution 31 - TLS Mutual
s_connection: verify depth is 1
[pid 261] 15:00:42.179908 openssl->SSL_connect(0xaaab089e3410, 0xaaab089b5998, 0xffff9eea40e0, 0 <unfinished ...>
[pid 261] 15:00:42.180247 libssl.so.3->EVP_PKEY_keygen_init(0xaaab089e87c0, 0, 0, 0xaaab089e8830) = 1 <0.000174>
[pid 261] 15:00:42.180487 libssl.so.3->EVP_PKEY_keygen(0xaaab089e87c0, 0xffffd44b22b0, 0, 0 <unfinished ...>
[pid 261] 15:00:42.180684 oqsprovider.so->OQS_KEM_new(0xaaab089e8590, 0xaaab089e7df0, 1792, 0) = 0xaaab089e7e30 <0.000130>
[pid 261] 15:00:42.180933 oqsprovider.so->OQS_KEM_keypair(0xaaab089e7e30, 0xaaab089f04e0, 0xaaab089f2140, 0xaaab089f3d80) = 0 <0.005121>
[pid 261] 15:00:42.186099 <... EVP_PKEY_keygen resumed> ) = 1 <0.005618>
[pid 261] 15:00:42.201541 libssl.so.3->EVP_PKEY_decapsulate_init(0xaaab089e87c0, 0, 0, 0xaaab089e8830) = 1 <0.000244>
[pid 261] 15:00:42.201825 libssl.so.3->EVP_PKEY_decapsulate(0xaaab089e87c0, 0, 0xffffd44b2230, 0xaaab089e9fca) = 1 <0.000153>
[pid 261] 15:00:42.202038 libssl.so.3->EVP_PKEY_decapsulate(0xaaab089e87c0, 0xaaab089de620, 0xffffd44b2230, 0xaaab089e9fca <unfinished ...>
[pid 261] 15:00:42.202196 oqsprovider.so->OQS_KEM_decaps(0xaaab089e7e30, 0xaaab089de620, 0xaaab089e9fca, 0xaaab089f2140) = 0 <0.016108>
[pid 261] 15:00:42.218355 <... EVP_PKEY_decapsulate resumed> ) = 1 <0.016322>
[pid 261] 15:00:42.219153 libssl.so.3->X509_verify_cert(0xaaab089db660, 0, 0, 0xffffffff) = 1 <0.000408>
[pid 261] 15:00:42.219812 libssl.so.3->EVP_DigestVerifyInit_ex(0xaaab08908700, 0xffffd44b2338, 0, 0) = 1 <0.000121>
[pid 261] 15:00:42.220012 libssl.so.3->EVP_DigestVerify(0xaaab08908700, 0xaaab089e9f78, 4627, 0xffffd44b2340) = 1 <0.000315>
[pid 261] 15:00:42.220565 libssl.so.3->X509_verify_cert(0xaaab089db660, 1, 0, 0) = 1 <0.000344>
[pid 261] 15:00:42.221183 libssl.so.3->EVP_DigestSignInit_ex(0xaaab089d63a0, 0xffffd44b2320, 0, 0) = 1 <0.000160>
[pid 261] 15:00:42.221389 libssl.so.3->EVP_DigestSign(0xaaab089d63a0, 0, 0xffffd44b2330, 0xffffd44b2340) = 1 <0.000114>
[pid 261] 15:00:42.221608 libssl.so.3->EVP_DigestSign(0xaaab089d63a0, 0xaaab089f3df0, 0xffffd44b2330, 0xffffd44b2340) = 1 <0.000837>
[pid 261] 15:00:42.222770 <... SSL_connect resumed> ) = 1 <0.042765>
[pid 261] 15:00:42.223022 oqsprovider.so->OQS_KEM_free(0xaaab089e7e30, 1, 7, 0xaaab088eb010) = 0xaaab088eb030 <0.000126>
Handshake duration: 43.05 ms
[pid 261] 15:00:42.224408 +++ exited (status 0) +++
Execution 32 - TLS Mutual
s_connection: verify depth is 1
[pid 263] 15:00:42.252203 openssl->SSL_connect(0xaaaadb16c410, 0xaaaadb13e998, 0xffffb77940e0, 0 <unfinished ...>
[pid 263] 15:00:42.252550 libssl.so.3->EVP_PKEY_keygen_init(0xaaaadb1717c0, 0, 0, 0xaaaadb171830) = 1 <0.000109>
[pid 263] 15:00:42.252721 libssl.so.3->EVP_PKEY_keygen(0xaaaadb1717c0, 0xffffc1bafdd0, 0, 0 <unfinished ...>
[pid 263] 15:00:42.252930 oqsprovider.so->OQS_KEM_new(0xaaaadb171590, 0xaaaadb170df0, 1792, 0) = 0xaaaadb170e30 <0.000124>
[pid 263] 15:00:42.253201 oqsprovider.so->OQS_KEM_keypair(0xaaaadb170e30, 0xaaaadb1794e0, 0xaaaadb17b140, 0xaaaadb17cd80) = 0 <0.005035>
[pid 263] 15:00:42.258295 <... EVP_PKEY_keygen resumed> ) = 1 <0.005570>
[pid 263] 15:00:42.273621 libssl.so.3->EVP_PKEY_decapsulate_init(0xaaaadb1717c0, 0, 0, 0xaaaadb171830) = 1 <0.000144>
[pid 263] 15:00:42.273855 libssl.so.3->EVP_PKEY_decapsulate(0xaaaadb1717c0, 0, 0xffffc1bafd50, 0xaaaadb172fca) = 1 <0.000147>
[pid 263] 15:00:42.274067 libssl.so.3->EVP_PKEY_decapsulate(0xaaaadb1717c0, 0xaaaadb167620, 0xffffc1bafd50, 0xaaaadb172fca <unfinished ...>
[pid 263] 15:00:42.274195 oqsprovider.so->OQS_KEM_decaps(0xaaaadb170e30, 0xaaaadb167620, 0xaaaadb172fca, 0xaaaadb17b140) = 0 <0.015705>
[pid 263] 15:00:42.289963 <... EVP_PKEY_decapsulate resumed> ) = 1 <0.015898>
[pid 263] 15:00:42.290717 libssl.so.3->X509_verify_cert(0xaaaadb164660, 0, 0, 0xffffffff) = 1 <0.000458>
[pid 263] 15:00:42.291405 libssl.so.3->EVP_DigestVerifyInit_ex(0xaaaadb091700, 0xffffc1bafe58, 0, 0) = 1 <0.000116>
[pid 263] 15:00:42.291598 libssl.so.3->EVP_DigestVerify(0xaaaadb091700, 0xaaaadb172f78, 4627, 0xffffc1bafe60) = 1 <0.000301>
[pid 263] 15:00:42.292142 libssl.so.3->X509_verify_cert(0xaaaadb164660, 1, 0, 0) = 1 <0.000325>
[pid 263] 15:00:42.292751 libssl.so.3->EVP_DigestSignInit_ex(0xaaaadb15f3a0, 0xffffc1bafe40, 0, 0) = 1 <0.000135>
[pid 263] 15:00:42.292934 libssl.so.3->EVP_DigestSign(0xaaaadb15f3a0, 0, 0xffffc1bafe50, 0xffffc1bafe60) = 1 <0.000140>
[pid 263] 15:00:42.293156 libssl.so.3->EVP_DigestSign(0xaaaadb15f3a0, 0xaaaadb17cdf0, 0xffffc1bafe50, 0xffffc1bafe60) = 1 <0.000751>
[pid 263] 15:00:42.294188 <... SSL_connect resumed> ) = 1 <0.041979>
[pid 263] 15:00:42.294447 oqsprovider.so->OQS_KEM_free(0xaaaadb170e30, 1, 7, 0xaaaadb074010) = 0xaaaadb074030 <0.000128>
Handshake duration: 42.14 ms
[pid 263] 15:00:42.295878 +++ exited (status 0) +++
Execution 33 - TLS Mutual
s_connection: verify depth is 1
[pid 265] 15:00:42.323628 openssl->SSL_connect(0xaaab00460410, 0xaaab00432998, 0xffff90f240e0, 0 <unfinished ...>
[pid 265] 15:00:42.324080 libssl.so.3->EVP_PKEY_keygen_init(0xaaab004657c0, 0, 0, 0xaaab00465830) = 1 <0.000138>
[pid 265] 15:00:42.324263 libssl.so.3->EVP_PKEY_keygen(0xaaab004657c0, 0xffffd7d29930, 0, 0 <unfinished ...>
[pid 265] 15:00:42.324413 oqsprovider.so->OQS_KEM_new(0xaaab00465590, 0xaaab00464df0, 1792, 0) = 0xaaab00464e30 <0.000158>
[pid 265] 15:00:42.324746 oqsprovider.so->OQS_KEM_keypair(0xaaab00464e30, 0xaaab0046d4e0, 0xaaab0046f140, 0xaaab00470d80) = 0 <0.005267>
[pid 265] 15:00:42.330074 <... EVP_PKEY_keygen resumed> ) = 1 <0.005805>
[pid 265] 15:00:42.345508 libssl.so.3->EVP_PKEY_decapsulate_init(0xaaab004657c0, 0, 0, 0xaaab00465830) = 1 <0.000175>
[pid 265] 15:00:42.345786 libssl.so.3->EVP_PKEY_decapsulate(0xaaab004657c0, 0, 0xffffd7d298b0, 0xaaab00466fca) = 1 <0.000146>
[pid 265] 15:00:42.346011 libssl.so.3->EVP_PKEY_decapsulate(0xaaab004657c0, 0xaaab0045b620, 0xffffd7d298b0, 0xaaab00466fca <unfinished ...>
[pid 265] 15:00:42.346123 oqsprovider.so->OQS_KEM_decaps(0xaaab00464e30, 0xaaab0045b620, 0xaaab00466fca, 0xaaab0046f140) = 0 <0.015548>
[pid 265] 15:00:42.361734 <... EVP_PKEY_decapsulate resumed> ) = 1 <0.015713>
[pid 265] 15:00:42.362549 libssl.so.3->X509_verify_cert(0xaaab00458660, 0, 0, 0xffffffff) = 1 <0.000377>
[pid 265] 15:00:42.363168 libssl.so.3->EVP_DigestVerifyInit_ex(0xaaab00385700, 0xffffd7d299b8, 0, 0) = 1 <0.000148>
[pid 265] 15:00:42.363374 libssl.so.3->EVP_DigestVerify(0xaaab00385700, 0xaaab00466f78, 4627, 0xffffd7d299c0) = 1 <0.000436>
[pid 265] 15:00:42.364031 libssl.so.3->X509_verify_cert(0xaaab00458660, 1, 0, 0) = 1 <0.000313>
[pid 265] 15:00:42.364605 libssl.so.3->EVP_DigestSignInit_ex(0xaaab004533a0, 0xffffd7d299a0, 0, 0) = 1 <0.000169>
[pid 265] 15:00:42.364886 libssl.so.3->EVP_DigestSign(0xaaab004533a0, 0, 0xffffd7d299b0, 0xffffd7d299c0) = 1 <0.000150>
[pid 265] 15:00:42.365083 libssl.so.3->EVP_DigestSign(0xaaab004533a0, 0xaaab00470df0, 0xffffd7d299b0, 0xffffd7d299c0) = 1 <0.000921>
[pid 265] 15:00:42.366268 <... SSL_connect resumed> ) = 1 <0.042634>
[pid 265] 15:00:42.366528 oqsprovider.so->OQS_KEM_free(0xaaab00464e30, 1, 7, 0xaaab00368010) = 0xaaab00368030 <0.000123>
Handshake duration: 42.78 ms
[pid 265] 15:00:42.367924 +++ exited (status 0) +++
Execution 34 - TLS Mutual
s_connection: verify depth is 1
[pid 267] 15:00:42.395974 openssl->SSL_connect(0xaaaaed1cf410, 0xaaaaed1a1998, 0xffff915340e0, 0 <unfinished ...>
[pid 267] 15:00:42.396337 libssl.so.3->EVP_PKEY_keygen_init(0xaaaaed1d47c0, 0, 0, 0xaaaaed1d4830) = 1 <0.000114>
[pid 267] 15:00:42.396504 libssl.so.3->EVP_PKEY_keygen(0xaaaaed1d47c0, 0xffffe72ec720, 0, 0 <unfinished ...>
[pid 267] 15:00:42.396619 oqsprovider.so->OQS_KEM_new(0xaaaaed1d4590, 0xaaaaed1d3df0, 1792, 0) = 0xaaaaed1d3e30 <0.000167>
[pid 267] 15:00:42.396937 oqsprovider.so->OQS_KEM_keypair(0xaaaaed1d3e30, 0xaaaaed1dc4e0, 0xaaaaed1de140, 0xaaaaed1dfd80) = 0 <0.005209>
[pid 267] 15:00:42.402212 <... EVP_PKEY_keygen resumed> ) = 1 <0.005698>
[pid 267] 15:00:42.417708 libssl.so.3->EVP_PKEY_decapsulate_init(0xaaaaed1d47c0, 0, 0, 0xaaaaed1d4830) = 1 <0.000161>
[pid 267] 15:00:42.417923 libssl.so.3->EVP_PKEY_decapsulate(0xaaaaed1d47c0, 0, 0xffffe72ec6a0, 0xaaaaed1d5fca) = 1 <0.000111>
[pid 267] 15:00:42.418086 libssl.so.3->EVP_PKEY_decapsulate(0xaaaaed1d47c0, 0xaaaaed1ca620, 0xffffe72ec6a0, 0xaaaaed1d5fca <unfinished ...>
[pid 267] 15:00:42.418210 oqsprovider.so->OQS_KEM_decaps(0xaaaaed1d3e30, 0xaaaaed1ca620, 0xaaaaed1d5fca, 0xaaaaed1de140) = 0 <0.015517>
[pid 267] 15:00:42.433783 <... EVP_PKEY_decapsulate resumed> ) = 1 <0.015693>
[pid 267] 15:00:42.434723 libssl.so.3->X509_verify_cert(0xaaaaed1c7660, 0, 0, 0xffffffff) = 1 <0.000436>
[pid 267] 15:00:42.435366 libssl.so.3->EVP_DigestVerifyInit_ex(0xaaaaed0f4700, 0xffffe72ec7a8, 0, 0) = 1 <0.000116>
[pid 267] 15:00:42.435528 libssl.so.3->EVP_DigestVerify(0xaaaaed0f4700, 0xaaaaed1d5f78, 4627, 0xffffe72ec7b0) = 1 <0.000323>
[pid 267] 15:00:42.436096 libssl.so.3->X509_verify_cert(0xaaaaed1c7660, 1, 0, 0) = 1 <0.000292>
[pid 267] 15:00:42.436671 libssl.so.3->EVP_DigestSignInit_ex(0xaaaaed1c23a0, 0xffffe72ec790, 0, 0) = 1 <0.000136>
[pid 267] 15:00:42.436905 libssl.so.3->EVP_DigestSign(0xaaaaed1c23a0, 0, 0xffffe72ec7a0, 0xffffe72ec7b0) = 1 <0.000238>
[pid 267] 15:00:42.437208 libssl.so.3->EVP_DigestSign(0xaaaaed1c23a0, 0xaaaaed1dfdf0, 0xffffe72ec7a0, 0xffffe72ec7b0) = 1 <0.000892>
[pid 267] 15:00:42.438336 <... SSL_connect resumed> ) = 1 <0.042358>
[pid 267] 15:00:42.438550 oqsprovider.so->OQS_KEM_free(0xaaaaed1d3e30, 1, 7, 0xaaaaed0d7010) = 0xaaaaed0d7030 <0.000187>
Handshake duration: 42.51 ms
[pid 267] 15:00:42.439952 +++ exited (status 0) +++
Execution 35 - TLS Mutual
s_connection: verify depth is 1
[pid 269] 15:00:42.467850 openssl->SSL_connect(0xaaaacafe4410, 0xaaaacafb6998, 0xffffacd340e0, 0 <unfinished ...>
[pid 269] 15:00:42.468151 libssl.so.3->EVP_PKEY_keygen_init(0xaaaacafe97c0, 0, 0, 0xaaaacafe9830) = 1 <0.000131>
[pid 269] 15:00:42.468342 libssl.so.3->EVP_PKEY_keygen(0xaaaacafe97c0, 0xffffddd97ec0, 0, 0 <unfinished ...>
[pid 269] 15:00:42.468499 oqsprovider.so->OQS_KEM_new(0xaaaacafe9590, 0xaaaacafe8df0, 1792, 0) = 0xaaaacafe8e30 <0.000124>
[pid 269] 15:00:42.468850 oqsprovider.so->OQS_KEM_keypair(0xaaaacafe8e30, 0xaaaacaff14e0, 0xaaaacaff3140, 0xaaaacaff4d80) = 0 <0.005021>
[pid 269] 15:00:42.473932 <... EVP_PKEY_keygen resumed> ) = 1 <0.005587>
[pid 269] 15:00:42.489061 libssl.so.3->EVP_PKEY_decapsulate_init(0xaaaacafe97c0, 0, 0, 0xaaaacafe9830) = 1 <0.000255>
[pid 269] 15:00:42.489395 libssl.so.3->EVP_PKEY_decapsulate(0xaaaacafe97c0, 0, 0xffffddd97e40, 0xaaaacafeafca) = 1 <0.000211>
[pid 269] 15:00:42.489710 libssl.so.3->EVP_PKEY_decapsulate(0xaaaacafe97c0, 0xaaaacafdf620, 0xffffddd97e40, 0xaaaacafeafca <unfinished ...>
[pid 269] 15:00:42.489826 oqsprovider.so->OQS_KEM_decaps(0xaaaacafe8e30, 0xaaaacafdf620, 0xaaaacafeafca, 0xaaaacaff3140) = 0 <0.015486>
[pid 269] 15:00:42.505382 <... EVP_PKEY_decapsulate resumed> ) = 1 <0.015715>
[pid 269] 15:00:42.506224 libssl.so.3->X509_verify_cert(0xaaaacafdc660, 0, 0, 0xffffffff) = 1 <0.000423>
[pid 269] 15:00:42.506882 libssl.so.3->EVP_DigestVerifyInit_ex(0xaaaacaf09700, 0xffffddd97f48, 0, 0) = 1 <0.000137>
[pid 269] 15:00:42.507064 libssl.so.3->EVP_DigestVerify(0xaaaacaf09700, 0xaaaacafeaf78, 4627, 0xffffddd97f50) = 1 <0.000272>
[pid 269] 15:00:42.507577 libssl.so.3->X509_verify_cert(0xaaaacafdc660, 1, 0, 0) = 1 <0.000321>
[pid 269] 15:00:42.508164 libssl.so.3->EVP_DigestSignInit_ex(0xaaaacafd73a0, 0xffffddd97f30, 0, 0) = 1 <0.000243>
[pid 269] 15:00:42.508474 libssl.so.3->EVP_DigestSign(0xaaaacafd73a0, 0, 0xffffddd97f40, 0xffffddd97f50) = 1 <0.000138>
[pid 269] 15:00:42.508682 libssl.so.3->EVP_DigestSign(0xaaaacafd73a0, 0xaaaacaff4df0, 0xffffddd97f40, 0xffffddd97f50) = 1 <0.001223>
[pid 269] 15:00:42.510230 <... SSL_connect resumed> ) = 1 <0.042370>
[pid 269] 15:00:42.510488 oqsprovider.so->OQS_KEM_free(0xaaaacafe8e30, 1, 7, 0xaaaacaeec010) = 0xaaaacaeec030 <0.000130>
Handshake duration: 42.53 ms
[pid 269] 15:00:42.511904 +++ exited (status 0) +++
Execution 36 - TLS Mutual
s_connection: verify depth is 1
[pid 271] 15:00:42.539972 openssl->SSL_connect(0xaaaaf77ef410, 0xaaaaf77c1998, 0xffffb66840e0, 0 <unfinished ...>
[pid 271] 15:00:42.540270 libssl.so.3->EVP_PKEY_keygen_init(0xaaaaf77f47c0, 0, 0, 0xaaaaf77f4830) = 1 <0.000134>
[pid 271] 15:00:42.540474 libssl.so.3->EVP_PKEY_keygen(0xaaaaf77f47c0, 0xffffc42800c0, 0, 0 <unfinished ...>
[pid 271] 15:00:42.540763 oqsprovider.so->OQS_KEM_new(0xaaaaf77f4590, 0xaaaaf77f3df0, 1792, 0) = 0xaaaaf77f3e30 <0.000086>
[pid 271] 15:00:42.541015 oqsprovider.so->OQS_KEM_keypair(0xaaaaf77f3e30, 0xaaaaf77fc4e0, 0xaaaaf77fe140, 0xaaaaf77ffd80) = 0 <0.005085>
[pid 271] 15:00:42.546161 <... EVP_PKEY_keygen resumed> ) = 1 <0.005681>
[pid 271] 15:00:42.561585 libssl.so.3->EVP_PKEY_decapsulate_init(0xaaaaf77f47c0, 0, 0, 0xaaaaf77f4830) = 1 <0.000150>
[pid 271] 15:00:42.561792 libssl.so.3->EVP_PKEY_decapsulate(0xaaaaf77f47c0, 0, 0xffffc4280040, 0xaaaaf77f5fca) = 1 <0.000103>
[pid 271] 15:00:42.561942 libssl.so.3->EVP_PKEY_decapsulate(0xaaaaf77f47c0, 0xaaaaf77ea620, 0xffffc4280040, 0xaaaaf77f5fca <unfinished ...>
[pid 271] 15:00:42.562051 oqsprovider.so->OQS_KEM_decaps(0xaaaaf77f3e30, 0xaaaaf77ea620, 0xaaaaf77f5fca, 0xaaaaf77fe140) = 0 <0.015533>
[pid 271] 15:00:42.577670 <... EVP_PKEY_decapsulate resumed> ) = 1 <0.015696>
[pid 271] 15:00:42.578480 libssl.so.3->X509_verify_cert(0xaaaaf77e7660, 0, 0, 0xffffffff) = 1 <0.000391>
[pid 271] 15:00:42.579137 libssl.so.3->EVP_DigestVerifyInit_ex(0xaaaaf7714700, 0xffffc4280148, 0, 0) = 1 <0.000138>
[pid 271] 15:00:42.579318 libssl.so.3->EVP_DigestVerify(0xaaaaf7714700, 0xaaaaf77f5f78, 4627, 0xffffc4280150) = 1 <0.000270>
[pid 271] 15:00:42.579839 libssl.so.3->X509_verify_cert(0xaaaaf77e7660, 1, 0, 0) = 1 <0.000310>
[pid 271] 15:00:42.580442 libssl.so.3->EVP_DigestSignInit_ex(0xaaaaf77e23a0, 0xffffc4280130, 0, 0) = 1 <0.000195>
[pid 271] 15:00:42.580793 libssl.so.3->EVP_DigestSign(0xaaaaf77e23a0, 0, 0xffffc4280140, 0xffffc4280150) = 1 <0.000214>
[pid 271] 15:00:42.581083 libssl.so.3->EVP_DigestSign(0xaaaaf77e23a0, 0xaaaaf77ffdf0, 0xffffc4280140, 0xffffc4280150) = 1 <0.001240>
[pid 271] 15:00:42.582569 <... SSL_connect resumed> ) = 1 <0.042593>
[pid 271] 15:00:42.582852 oqsprovider.so->OQS_KEM_free(0xaaaaf77f3e30, 1, 7, 0xaaaaf76f7010) = 0xaaaaf76f7030 <0.000136>
Handshake duration: 42.72 ms
[pid 271] 15:00:42.584181 +++ exited (status 0) +++
Execution 37 - TLS Mutual
s_connection: verify depth is 1
[pid 273] 15:00:42.612313 openssl->SSL_connect(0xaaaadb130410, 0xaaaadb102998, 0xffffaa0640e0, 0 <unfinished ...>
[pid 273] 15:00:42.612674 libssl.so.3->EVP_PKEY_keygen_init(0xaaaadb1357c0, 0, 0, 0xaaaadb135830) = 1 <0.000088>
[pid 273] 15:00:42.612830 libssl.so.3->EVP_PKEY_keygen(0xaaaadb1357c0, 0xffffd4ec6720, 0, 0 <unfinished ...>
[pid 273] 15:00:42.612961 oqsprovider.so->OQS_KEM_new(0xaaaadb135590, 0xaaaadb134df0, 1792, 0) = 0xaaaadb134e30 <0.000105>
[pid 273] 15:00:42.613228 oqsprovider.so->OQS_KEM_keypair(0xaaaadb134e30, 0xaaaadb13d4e0, 0xaaaadb13f140, 0xaaaadb140d80) = 0 <0.005071>
[pid 273] 15:00:42.618365 <... EVP_PKEY_keygen resumed> ) = 1 <0.005526>
[pid 273] 15:00:42.633629 libssl.so.3->EVP_PKEY_decapsulate_init(0xaaaadb1357c0, 0, 0, 0xaaaadb135830) = 1 <0.000198>
[pid 273] 15:00:42.633864 libssl.so.3->EVP_PKEY_decapsulate(0xaaaadb1357c0, 0, 0xffffd4ec66a0, 0xaaaadb136fca) = 1 <0.000105>
[pid 273] 15:00:42.634146 libssl.so.3->EVP_PKEY_decapsulate(0xaaaadb1357c0, 0xaaaadb12b620, 0xffffd4ec66a0, 0xaaaadb136fca <unfinished ...>
[pid 273] 15:00:42.634250 oqsprovider.so->OQS_KEM_decaps(0xaaaadb134e30, 0xaaaadb12b620, 0xaaaadb136fca, 0xaaaadb13f140) = 0 <0.015438>
[pid 273] 15:00:42.649756 <... EVP_PKEY_decapsulate resumed> ) = 1 <0.015597>
[pid 273] 15:00:42.650515 libssl.so.3->X509_verify_cert(0xaaaadb128660, 0, 0, 0xffffffff) = 1 <0.000405>
[pid 273] 15:00:42.651144 libssl.so.3->EVP_DigestVerifyInit_ex(0xaaaadb055700, 0xffffd4ec67a8, 0, 0) = 1 <0.000135>
[pid 273] 15:00:42.651349 libssl.so.3->EVP_DigestVerify(0xaaaadb055700, 0xaaaadb136f78, 4627, 0xffffd4ec67b0) = 1 <0.000345>
[pid 273] 15:00:42.651935 libssl.so.3->X509_verify_cert(0xaaaadb128660, 1, 0, 0) = 1 <0.000305>
[pid 273] 15:00:42.652520 libssl.so.3->EVP_DigestSignInit_ex(0xaaaadb1233a0, 0xffffd4ec6790, 0, 0) = 1 <0.000206>
[pid 273] 15:00:42.652781 libssl.so.3->EVP_DigestSign(0xaaaadb1233a0, 0, 0xffffd4ec67a0, 0xffffd4ec67b0) = 1 <0.000135>
[pid 273] 15:00:42.652973 libssl.so.3->EVP_DigestSign(0xaaaadb1233a0, 0xaaaadb140df0, 0xffffd4ec67a0, 0xffffd4ec67b0) = 1 <0.000553>
[pid 273] 15:00:42.653831 <... SSL_connect resumed> ) = 1 <0.041514>
[pid 273] 15:00:42.654070 oqsprovider.so->OQS_KEM_free(0xaaaadb134e30, 1, 7, 0xaaaadb038010) = 0xaaaadb038030 <0.000098>
Handshake duration: 41.66 ms
[pid 273] 15:00:42.655402 +++ exited (status 0) +++
Execution 38 - TLS Mutual
s_connection: verify depth is 1
[pid 275] 15:00:42.683231 openssl->SSL_connect(0xaaaabb101410, 0xaaaabb0d3998, 0xffffbe4640e0, 0 <unfinished ...>
[pid 275] 15:00:42.683544 libssl.so.3->EVP_PKEY_keygen_init(0xaaaabb1067c0, 0, 0, 0xaaaabb106830) = 1 <0.000104>
[pid 275] 15:00:42.683794 libssl.so.3->EVP_PKEY_keygen(0xaaaabb1067c0, 0xffffdfb69060, 0, 0 <unfinished ...>
[pid 275] 15:00:42.683953 oqsprovider.so->OQS_KEM_new(0xaaaabb106590, 0xaaaabb105df0, 1792, 0) = 0xaaaabb105e30 <0.000150>
[pid 275] 15:00:42.684225 oqsprovider.so->OQS_KEM_keypair(0xaaaabb105e30, 0xaaaabb10e4e0, 0xaaaabb110140, 0xaaaabb111d80) = 0 <0.005050>
[pid 275] 15:00:42.689354 <... EVP_PKEY_keygen resumed> ) = 1 <0.005604>
[pid 275] 15:00:42.704797 libssl.so.3->EVP_PKEY_decapsulate_init(0xaaaabb1067c0, 0, 0, 0xaaaabb106830) = 1 <0.000166>
[pid 275] 15:00:42.705007 libssl.so.3->EVP_PKEY_decapsulate(0xaaaabb1067c0, 0, 0xffffdfb68fe0, 0xaaaabb107fca) = 1 <0.000131>
[pid 275] 15:00:42.705186 libssl.so.3->EVP_PKEY_decapsulate(0xaaaabb1067c0, 0xaaaabb0fc620, 0xffffdfb68fe0, 0xaaaabb107fca <unfinished ...>
[pid 275] 15:00:42.705288 oqsprovider.so->OQS_KEM_decaps(0xaaaabb105e30, 0xaaaabb0fc620, 0xaaaabb107fca, 0xaaaabb110140) = 0 <0.015633>
[pid 275] 15:00:42.720974 <... EVP_PKEY_decapsulate resumed> ) = 1 <0.015785>
[pid 275] 15:00:42.721730 libssl.so.3->X509_verify_cert(0xaaaabb0f9660, 0, 0, 0xffffffff) = 1 <0.000398>
[pid 275] 15:00:42.722347 libssl.so.3->EVP_DigestVerifyInit_ex(0xaaaabb026700, 0xffffdfb690e8, 0, 0) = 1 <0.000129>
[pid 275] 15:00:42.722563 libssl.so.3->EVP_DigestVerify(0xaaaabb026700, 0xaaaabb107f78, 4627, 0xffffdfb690f0) = 1 <0.000369>
[pid 275] 15:00:42.723162 libssl.so.3->X509_verify_cert(0xaaaabb0f9660, 1, 0, 0) = 1 <0.000314>
[pid 275] 15:00:42.723722 libssl.so.3->EVP_DigestSignInit_ex(0xaaaabb0f43a0, 0xffffdfb690d0, 0, 0) = 1 <0.000144>
[pid 275] 15:00:42.723911 libssl.so.3->EVP_DigestSign(0xaaaabb0f43a0, 0, 0xffffdfb690e0, 0xffffdfb690f0) = 1 <0.000098>
[pid 275] 15:00:42.724070 libssl.so.3->EVP_DigestSign(0xaaaabb0f43a0, 0xaaaabb111df0, 0xffffdfb690e0, 0xffffdfb690f0) = 1 <0.000596>
[pid 275] 15:00:42.724913 <... SSL_connect resumed> ) = 1 <0.041677>
[pid 275] 15:00:42.725142 oqsprovider.so->OQS_KEM_free(0xaaaabb105e30, 1, 7, 0xaaaabb009010) = 0xaaaabb009030 <0.000093>
Handshake duration: 41.81 ms
[pid 275] 15:00:42.726498 +++ exited (status 0) +++
Execution 39 - TLS Mutual
s_connection: verify depth is 1
[pid 277] 15:00:42.754247 openssl->SSL_connect(0xaaaae93a4410, 0xaaaae9376998, 0xffff9e5140e0, 0 <unfinished ...>
[pid 277] 15:00:42.754576 libssl.so.3->EVP_PKEY_keygen_init(0xaaaae93a97c0, 0, 0, 0xaaaae93a9830) = 1 <0.000128>
[pid 277] 15:00:42.754771 libssl.so.3->EVP_PKEY_keygen(0xaaaae93a97c0, 0xffffcfa64610, 0, 0 <unfinished ...>
[pid 277] 15:00:42.754931 oqsprovider.so->OQS_KEM_new(0xaaaae93a9590, 0xaaaae93a8df0, 1792, 0) = 0xaaaae93a8e30 <0.000121>
[pid 277] 15:00:42.755200 oqsprovider.so->OQS_KEM_keypair(0xaaaae93a8e30, 0xaaaae93b14e0, 0xaaaae93b3140, 0xaaaae93b4d80) = 0 <0.005090>
[pid 277] 15:00:42.760356 <... EVP_PKEY_keygen resumed> ) = 1 <0.005576>
[pid 277] 15:00:42.775765 libssl.so.3->EVP_PKEY_decapsulate_init(0xaaaae93a97c0, 0, 0, 0xaaaae93a9830) = 1 <0.000174>
[pid 277] 15:00:42.775985 libssl.so.3->EVP_PKEY_decapsulate(0xaaaae93a97c0, 0, 0xffffcfa64590, 0xaaaae93aafca) = 1 <0.000125>
[pid 277] 15:00:42.776186 libssl.so.3->EVP_PKEY_decapsulate(0xaaaae93a97c0, 0xaaaae939f620, 0xffffcfa64590, 0xaaaae93aafca <unfinished ...>
[pid 277] 15:00:42.776353 oqsprovider.so->OQS_KEM_decaps(0xaaaae93a8e30, 0xaaaae939f620, 0xaaaae93aafca, 0xaaaae93b3140) = 0 <0.015554>
[pid 277] 15:00:42.791963 <... EVP_PKEY_decapsulate resumed> ) = 1 <0.015774>
[pid 277] 15:00:42.792729 libssl.so.3->X509_verify_cert(0xaaaae939c660, 0, 0, 0xffffffff) = 1 <0.000376>
[pid 277] 15:00:42.793325 libssl.so.3->EVP_DigestVerifyInit_ex(0xaaaae92c9700, 0xffffcfa64698, 0, 0) = 1 <0.000145>
[pid 277] 15:00:42.793527 libssl.so.3->EVP_DigestVerify(0xaaaae92c9700, 0xaaaae93aaf78, 4627, 0xffffcfa646a0) = 1 <0.000302>
[pid 277] 15:00:42.794050 libssl.so.3->X509_verify_cert(0xaaaae939c660, 1, 0, 0) = 1 <0.000328>
[pid 277] 15:00:42.794644 libssl.so.3->EVP_DigestSignInit_ex(0xaaaae93973a0, 0xffffcfa64680, 0, 0) = 1 <0.000175>
[pid 277] 15:00:42.794890 libssl.so.3->EVP_DigestSign(0xaaaae93973a0, 0, 0xffffcfa64690, 0xffffcfa646a0) = 1 <0.000103>
[pid 277] 15:00:42.795048 libssl.so.3->EVP_DigestSign(0xaaaae93973a0, 0xaaaae93b4df0, 0xffffcfa64690, 0xffffcfa646a0) = 1 <0.000408>
[pid 277] 15:00:42.795708 <... SSL_connect resumed> ) = 1 <0.041451>
[pid 277] 15:00:42.796038 oqsprovider.so->OQS_KEM_free(0xaaaae93a8e30, 1, 7, 0xaaaae92ac010) = 0xaaaae92ac030 <0.000111>
Handshake duration: 41.70 ms
[pid 277] 15:00:42.797369 +++ exited (status 0) +++
Execution 40 - TLS Mutual
s_connection: verify depth is 1
[pid 279] 15:00:42.825286 openssl->SSL_connect(0xaaaaec90e410, 0xaaaaec8e0998, 0xffffb95040e0, 0 <unfinished ...>
[pid 279] 15:00:42.825593 libssl.so.3->EVP_PKEY_keygen_init(0xaaaaec9137c0, 0, 0, 0xaaaaec913830) = 1 <0.000196>
[pid 279] 15:00:42.825842 libssl.so.3->EVP_PKEY_keygen(0xaaaaec9137c0, 0xffffdfcd5620, 0, 0 <unfinished ...>
[pid 279] 15:00:42.826043 oqsprovider.so->OQS_KEM_new(0xaaaaec913590, 0xaaaaec912df0, 1792, 0) = 0xaaaaec912e30 <0.000144>
[pid 279] 15:00:42.826311 oqsprovider.so->OQS_KEM_keypair(0xaaaaec912e30, 0xaaaaec91b4e0, 0xaaaaec91d140, 0xaaaaec91ed80) = 0 <0.005187>
[pid 279] 15:00:42.831560 <... EVP_PKEY_keygen resumed> ) = 1 <0.005711>
[pid 279] 15:00:42.847066 libssl.so.3->EVP_PKEY_decapsulate_init(0xaaaaec9137c0, 0, 0, 0xaaaaec913830) = 1 <0.000183>
[pid 279] 15:00:42.847329 libssl.so.3->EVP_PKEY_decapsulate(0xaaaaec9137c0, 0, 0xffffdfcd55a0, 0xaaaaec914fca) = 1 <0.000164>
[pid 279] 15:00:42.847541 libssl.so.3->EVP_PKEY_decapsulate(0xaaaaec9137c0, 0xaaaaec909620, 0xffffdfcd55a0, 0xaaaaec914fca <unfinished ...>
[pid 279] 15:00:42.847669 oqsprovider.so->OQS_KEM_decaps(0xaaaaec912e30, 0xaaaaec909620, 0xaaaaec914fca, 0xaaaaec91d140) = 0 <0.015559>
[pid 279] 15:00:42.863283 <... EVP_PKEY_decapsulate resumed> ) = 1 <0.015771>
[pid 279] 15:00:42.864081 libssl.so.3->X509_verify_cert(0xaaaaec906660, 0, 0, 0xffffffff) = 1 <0.000432>
[pid 279] 15:00:42.864768 libssl.so.3->EVP_DigestVerifyInit_ex(0xaaaaec833700, 0xffffdfcd56a8, 0, 0) = 1 <0.000118>
[pid 279] 15:00:42.864938 libssl.so.3->EVP_DigestVerify(0xaaaaec833700, 0xaaaaec914f78, 4627, 0xffffdfcd56b0) = 1 <0.000298>
[pid 279] 15:00:42.865471 libssl.so.3->X509_verify_cert(0xaaaaec906660, 1, 0, 0) = 1 <0.000315>
[pid 279] 15:00:42.866053 libssl.so.3->EVP_DigestSignInit_ex(0xaaaaec9013a0, 0xffffdfcd5690, 0, 0) = 1 <0.000112>
[pid 279] 15:00:42.866292 libssl.so.3->EVP_DigestSign(0xaaaaec9013a0, 0, 0xffffdfcd56a0, 0xffffdfcd56b0) = 1 <0.000246>
[pid 279] 15:00:42.866594 libssl.so.3->EVP_DigestSign(0xaaaaec9013a0, 0xaaaaec91edf0, 0xffffdfcd56a0, 0xffffdfcd56b0) = 1 <0.000528>
[pid 279] 15:00:42.867364 <... SSL_connect resumed> ) = 1 <0.042071>
[pid 279] 15:00:42.867596 oqsprovider.so->OQS_KEM_free(0xaaaaec912e30, 1, 7, 0xaaaaec816010) = 0xaaaaec816030 <0.000159>
Handshake duration: 42.20 ms
[pid 279] 15:00:42.868955 +++ exited (status 0) +++
Execution 41 - TLS Mutual
s_connection: verify depth is 1
[pid 281] 15:00:42.896785 openssl->SSL_connect(0xaaab04425410, 0xaaab043f7998, 0xffff9aee40e0, 0 <unfinished ...>
[pid 281] 15:00:42.897128 libssl.so.3->EVP_PKEY_keygen_init(0xaaab0442a7c0, 0, 0, 0xaaab0442a830) = 1 <0.000119>
[pid 281] 15:00:42.897351 libssl.so.3->EVP_PKEY_keygen(0xaaab0442a7c0, 0xffffd2c6ab20, 0, 0 <unfinished ...>
[pid 281] 15:00:42.897535 oqsprovider.so->OQS_KEM_new(0xaaab0442a590, 0xaaab04429df0, 1792, 0) = 0xaaab04429e30 <0.000118>
[pid 281] 15:00:42.897835 oqsprovider.so->OQS_KEM_keypair(0xaaab04429e30, 0xaaab044324e0, 0xaaab04434140, 0xaaab04435d80) = 0 <0.005062>
[pid 281] 15:00:42.902960 <... EVP_PKEY_keygen resumed> ) = 1 <0.005620>
[pid 281] 15:00:42.918255 libssl.so.3->EVP_PKEY_decapsulate_init(0xaaab0442a7c0, 0, 0, 0xaaab0442a830) = 1 <0.000164>
[pid 281] 15:00:42.918514 libssl.so.3->EVP_PKEY_decapsulate(0xaaab0442a7c0, 0, 0xffffd2c6aaa0, 0xaaab0442bfca) = 1 <0.000100>
[pid 281] 15:00:42.918668 libssl.so.3->EVP_PKEY_decapsulate(0xaaab0442a7c0, 0xaaab04420620, 0xffffd2c6aaa0, 0xaaab0442bfca <unfinished ...>
[pid 281] 15:00:42.918822 oqsprovider.so->OQS_KEM_decaps(0xaaab04429e30, 0xaaab04420620, 0xaaab0442bfca, 0xaaab04434140) = 0 <0.015744>
[pid 281] 15:00:42.934572 <... EVP_PKEY_decapsulate resumed> ) = 1 <0.015903>
[pid 281] 15:00:42.935367 libssl.so.3->X509_verify_cert(0xaaab0441d660, 0, 0, 0xffffffff) = 1 <0.000422>
[pid 281] 15:00:42.936052 libssl.so.3->EVP_DigestVerifyInit_ex(0xaaab0434a700, 0xffffd2c6aba8, 0, 0) = 1 <0.000112>
[pid 281] 15:00:42.936255 libssl.so.3->EVP_DigestVerify(0xaaab0434a700, 0xaaab0442bf78, 4627, 0xffffd2c6abb0) = 1 <0.000374>
[pid 281] 15:00:42.936858 libssl.so.3->X509_verify_cert(0xaaab0441d660, 1, 0, 0) = 1 <0.000315>
[pid 281] 15:00:42.937424 libssl.so.3->EVP_DigestSignInit_ex(0xaaab044183a0, 0xffffd2c6ab90, 0, 0) = 1 <0.000121>
[pid 281] 15:00:42.937609 libssl.so.3->EVP_DigestSign(0xaaab044183a0, 0, 0xffffd2c6aba0, 0xffffd2c6abb0) = 1 <0.000114>
[pid 281] 15:00:42.937892 libssl.so.3->EVP_DigestSign(0xaaab044183a0, 0xaaab04435df0, 0xffffd2c6aba0, 0xffffd2c6abb0) = 1 <0.000501>
[pid 281] 15:00:42.938669 <... SSL_connect resumed> ) = 1 <0.041880>
[pid 281] 15:00:42.938958 oqsprovider.so->OQS_KEM_free(0xaaab04429e30, 1, 7, 0xaaab0432d010) = 0xaaab0432d030 <0.000133>
Handshake duration: 42.04 ms
[pid 281] 15:00:42.940269 +++ exited (status 0) +++
Execution 42 - TLS Mutual
s_connection: verify depth is 1
[pid 283] 15:00:42.969363 openssl->SSL_connect(0xaaaaf4273410, 0xaaaaf4245998, 0xffff930540e0, 0 <unfinished ...>
[pid 283] 15:00:42.969738 libssl.so.3->EVP_PKEY_keygen_init(0xaaaaf42787c0, 0, 0, 0xaaaaf4278830) = 1 <0.000111>
[pid 283] 15:00:42.969936 libssl.so.3->EVP_PKEY_keygen(0xaaaaf42787c0, 0xffffde4707b0, 0, 0 <unfinished ...>
[pid 283] 15:00:42.970050 oqsprovider.so->OQS_KEM_new(0xaaaaf4278590, 0xaaaaf4277df0, 1792, 0) = 0xaaaaf4277e30 <0.000123>
[pid 283] 15:00:42.970303 oqsprovider.so->OQS_KEM_keypair(0xaaaaf4277e30, 0xaaaaf42804e0, 0xaaaaf4282140, 0xaaaaf4283d80) = 0 <0.005110>
[pid 283] 15:00:42.975473 <... EVP_PKEY_keygen resumed> ) = 1 <0.005532>
[pid 283] 15:00:42.991081 libssl.so.3->EVP_PKEY_decapsulate_init(0xaaaaf42787c0, 0, 0, 0xaaaaf4278830) = 1 <0.000169>
[pid 283] 15:00:42.991336 libssl.so.3->EVP_PKEY_decapsulate(0xaaaaf42787c0, 0, 0xffffde470730, 0xaaaaf4279fca) = 1 <0.000155>
[pid 283] 15:00:42.991558 libssl.so.3->EVP_PKEY_decapsulate(0xaaaaf42787c0, 0xaaaaf426e620, 0xffffde470730, 0xaaaaf4279fca <unfinished ...>
[pid 283] 15:00:42.991697 oqsprovider.so->OQS_KEM_decaps(0xaaaaf4277e30, 0xaaaaf426e620, 0xaaaaf4279fca, 0xaaaaf4282140) = 0 <0.015778>
[pid 283] 15:00:43.007539 <... EVP_PKEY_decapsulate resumed> ) = 1 <0.015975>
[pid 283] 15:00:43.008330 libssl.so.3->X509_verify_cert(0xaaaaf426b660, 0, 0, 0xffffffff) = 1 <0.000479>
[pid 283] 15:00:43.009066 libssl.so.3->EVP_DigestVerifyInit_ex(0xaaaaf4198700, 0xffffde470838, 0, 0) = 1 <0.000126>
[pid 283] 15:00:43.009297 libssl.so.3->EVP_DigestVerify(0xaaaaf4198700, 0xaaaaf4279f78, 4627, 0xffffde470840) = 1 <0.000339>
[pid 283] 15:00:43.009898 libssl.so.3->X509_verify_cert(0xaaaaf426b660, 1, 0, 0) = 1 <0.000318>
[pid 283] 15:00:43.010499 libssl.so.3->EVP_DigestSignInit_ex(0xaaaaf42663a0, 0xffffde470820, 0, 0) = 1 <0.000156>
[pid 283] 15:00:43.010755 libssl.so.3->EVP_DigestSign(0xaaaaf42663a0, 0, 0xffffde470830, 0xffffde470840) = 1 <0.000196>
[pid 283] 15:00:43.010994 libssl.so.3->EVP_DigestSign(0xaaaaf42663a0, 0xaaaaf4283df0, 0xffffde470830, 0xffffde470840) = 1 <0.000653>
[pid 283] 15:00:43.011876 <... SSL_connect resumed> ) = 1 <0.042509>
[pid 283] 15:00:43.012132 oqsprovider.so->OQS_KEM_free(0xaaaaf4277e30, 1, 7, 0xaaaaf417b010) = 0xaaaaf417b030 <0.000103>
Handshake duration: 42.68 ms
[pid 283] 15:00:43.013450 +++ exited (status 0) +++
Execution 43 - TLS Mutual
s_connection: verify depth is 1
[pid 285] 15:00:43.041515 openssl->SSL_connect(0xaaaacb190410, 0xaaaacb162998, 0xffff8a5740e0, 0 <unfinished ...>
[pid 285] 15:00:43.041822 libssl.so.3->EVP_PKEY_keygen_init(0xaaaacb1957c0, 0, 0, 0xaaaacb195830) = 1 <0.000113>
[pid 285] 15:00:43.042018 libssl.so.3->EVP_PKEY_keygen(0xaaaacb1957c0, 0xffffcb80aaf0, 0, 0 <unfinished ...>
[pid 285] 15:00:43.042134 oqsprovider.so->OQS_KEM_new(0xaaaacb195590, 0xaaaacb194df0, 1792, 0) = 0xaaaacb194e30 <0.000118>
[pid 285] 15:00:43.042406 oqsprovider.so->OQS_KEM_keypair(0xaaaacb194e30, 0xaaaacb19d4e0, 0xaaaacb19f140, 0xaaaacb1a0d80) = 0 <0.004998>
[pid 285] 15:00:43.047468 <... EVP_PKEY_keygen resumed> ) = 1 <0.005443>
[pid 285] 15:00:43.062995 libssl.so.3->EVP_PKEY_decapsulate_init(0xaaaacb1957c0, 0, 0, 0xaaaacb195830) = 1 <0.000256>
[pid 285] 15:00:43.063304 libssl.so.3->EVP_PKEY_decapsulate(0xaaaacb1957c0, 0, 0xffffcb80aa70, 0xaaaacb196fca) = 1 <0.000116>
[pid 285] 15:00:43.063507 libssl.so.3->EVP_PKEY_decapsulate(0xaaaacb1957c0, 0xaaaacb18b620, 0xffffcb80aa70, 0xaaaacb196fca <unfinished ...>
[pid 285] 15:00:43.063729 oqsprovider.so->OQS_KEM_decaps(0xaaaacb194e30, 0xaaaacb18b620, 0xaaaacb196fca, 0xaaaacb19f140) = 0 <0.015762>
[pid 285] 15:00:43.079551 <... EVP_PKEY_decapsulate resumed> ) = 1 <0.016054>
[pid 285] 15:00:43.080312 libssl.so.3->X509_verify_cert(0xaaaacb188660, 0, 0, 0xffffffff) = 1 <0.000431>
[pid 285] 15:00:43.081003 libssl.so.3->EVP_DigestVerifyInit_ex(0xaaaacb0b5700, 0xffffcb80ab78, 0, 0) = 1 <0.000137>
[pid 285] 15:00:43.081213 libssl.so.3->EVP_DigestVerify(0xaaaacb0b5700, 0xaaaacb196f78, 4627, 0xffffcb80ab80) = 1 <0.000322>
[pid 285] 15:00:43.081823 libssl.so.3->X509_verify_cert(0xaaaacb188660, 1, 0, 0) = 1 <0.000301>
[pid 285] 15:00:43.082390 libssl.so.3->EVP_DigestSignInit_ex(0xaaaacb1833a0, 0xffffcb80ab60, 0, 0) = 1 <0.000131>
[pid 285] 15:00:43.082626 libssl.so.3->EVP_DigestSign(0xaaaacb1833a0, 0, 0xffffcb80ab70, 0xffffcb80ab80) = 1 <0.000179>
[pid 285] 15:00:43.082858 libssl.so.3->EVP_DigestSign(0xaaaacb1833a0, 0xaaaacb1a0df0, 0xffffcb80ab70, 0xffffcb80ab80) = 1 <0.000548>
[pid 285] 15:00:43.083722 <... SSL_connect resumed> ) = 1 <0.042204>
[pid 285] 15:00:43.084008 oqsprovider.so->OQS_KEM_free(0xaaaacb194e30, 1, 7, 0xaaaacb098010) = 0xaaaacb098030 <0.000122>
Handshake duration: 42.41 ms
[pid 285] 15:00:43.085366 +++ exited (status 0) +++
Execution 44 - TLS Mutual
s_connection: verify depth is 1
[pid 287] 15:00:43.113330 openssl->SSL_connect(0xaaaadca67410, 0xaaaadca39998, 0xffffa1e840e0, 0 <unfinished ...>
[pid 287] 15:00:43.113628 libssl.so.3->EVP_PKEY_keygen_init(0xaaaadca6c7c0, 0, 0, 0xaaaadca6c830) = 1 <0.000155>
[pid 287] 15:00:43.113828 libssl.so.3->EVP_PKEY_keygen(0xaaaadca6c7c0, 0xffffe4c1e7c0, 0, 0 <unfinished ...>
[pid 287] 15:00:43.113981 oqsprovider.so->OQS_KEM_new(0xaaaadca6c590, 0xaaaadca6bdf0, 1792, 0) = 0xaaaadca6be30 <0.000137>
[pid 287] 15:00:43.114272 oqsprovider.so->OQS_KEM_keypair(0xaaaadca6be30, 0xaaaadca744e0, 0xaaaadca76140, 0xaaaadca77d80) = 0 <0.005018>
[pid 287] 15:00:43.119347 <... EVP_PKEY_keygen resumed> ) = 1 <0.005511>
[pid 287] 15:00:43.134721 libssl.so.3->EVP_PKEY_decapsulate_init(0xaaaadca6c7c0, 0, 0, 0xaaaadca6c830) = 1 <0.000139>
[pid 287] 15:00:43.134973 libssl.so.3->EVP_PKEY_decapsulate(0xaaaadca6c7c0, 0, 0xffffe4c1e740, 0xaaaadca6dfca) = 1 <0.000100>
[pid 287] 15:00:43.135175 libssl.so.3->EVP_PKEY_decapsulate(0xaaaadca6c7c0, 0xaaaadca62620, 0xffffe4c1e740, 0xaaaadca6dfca <unfinished ...>
[pid 287] 15:00:43.135312 oqsprovider.so->OQS_KEM_decaps(0xaaaadca6be30, 0xaaaadca62620, 0xaaaadca6dfca, 0xaaaadca76140) = 0 <0.015851>
[pid 287] 15:00:43.151227 <... EVP_PKEY_decapsulate resumed> ) = 1 <0.016042>
[pid 287] 15:00:43.152086 libssl.so.3->X509_verify_cert(0xaaaadca5f660, 0, 0, 0xffffffff) = 1 <0.000392>
[pid 287] 15:00:43.152687 libssl.so.3->EVP_DigestVerifyInit_ex(0xaaaadc98c700, 0xffffe4c1e848, 0, 0) = 1 <0.000117>
[pid 287] 15:00:43.152847 libssl.so.3->EVP_DigestVerify(0xaaaadc98c700, 0xaaaadca6df78, 4627, 0xffffe4c1e850) = 1 <0.000287>
[pid 287] 15:00:43.153341 libssl.so.3->X509_verify_cert(0xaaaadca5f660, 1, 0, 0) = 1 <0.000304>
[pid 287] 15:00:43.153915 libssl.so.3->EVP_DigestSignInit_ex(0xaaaadca5a3a0, 0xffffe4c1e830, 0, 0) = 1 <0.000153>
[pid 287] 15:00:43.154155 libssl.so.3->EVP_DigestSign(0xaaaadca5a3a0, 0, 0xffffe4c1e840, 0xffffe4c1e850) = 1 <0.000131>
[pid 287] 15:00:43.154333 libssl.so.3->EVP_DigestSign(0xaaaadca5a3a0, 0xaaaadca77df0, 0xffffe4c1e840, 0xffffe4c1e850) = 1 <0.000850>
[pid 287] 15:00:43.155522 <... SSL_connect resumed> ) = 1 <0.042185>
[pid 287] 15:00:43.155770 oqsprovider.so->OQS_KEM_free(0xaaaadca6be30, 1, 7, 0xaaaadc96f010) = 0xaaaadc96f030 <0.000131>
Handshake duration: 42.34 ms
[pid 287] 15:00:43.157143 +++ exited (status 0) +++
Execution 45 - TLS Mutual
s_connection: verify depth is 1
[pid 289] 15:00:43.185025 openssl->SSL_connect(0xaaaaf1d2c410, 0xaaaaf1cfe998, 0xffffb98640e0, 0 <unfinished ...>
[pid 289] 15:00:43.185346 libssl.so.3->EVP_PKEY_keygen_init(0xaaaaf1d317c0, 0, 0, 0xaaaaf1d31830) = 1 <0.000135>
[pid 289] 15:00:43.185536 libssl.so.3->EVP_PKEY_keygen(0xaaaaf1d317c0, 0xfffff62cfe00, 0, 0 <unfinished ...>
[pid 289] 15:00:43.185668 oqsprovider.so->OQS_KEM_new(0xaaaaf1d31590, 0xaaaaf1d30df0, 1792, 0) = 0xaaaaf1d30e30 <0.000135>
[pid 289] 15:00:43.185986 oqsprovider.so->OQS_KEM_keypair(0xaaaaf1d30e30, 0xaaaaf1d394e0, 0xaaaaf1d3b140, 0xaaaaf1d3cd80) = 0 <0.005086>
[pid 289] 15:00:43.191134 <... EVP_PKEY_keygen resumed> ) = 1 <0.005591>
[pid 289] 15:00:43.206568 libssl.so.3->EVP_PKEY_decapsulate_init(0xaaaaf1d317c0, 0, 0, 0xaaaaf1d31830) = 1 <0.000211>
[pid 289] 15:00:43.206874 libssl.so.3->EVP_PKEY_decapsulate(0xaaaaf1d317c0, 0, 0xfffff62cfd80, 0xaaaaf1d32fca) = 1 <0.000153>
[pid 289] 15:00:43.207094 libssl.so.3->EVP_PKEY_decapsulate(0xaaaaf1d317c0, 0xaaaaf1d27620, 0xfffff62cfd80, 0xaaaaf1d32fca <unfinished ...>
[pid 289] 15:00:43.207370 oqsprovider.so->OQS_KEM_decaps(0xaaaaf1d30e30, 0xaaaaf1d27620, 0xaaaaf1d32fca, 0xaaaaf1d3b140) = 0 <0.015357>
[pid 289] 15:00:43.222786 <... EVP_PKEY_decapsulate resumed> ) = 1 <0.015688>
[pid 289] 15:00:43.223569 libssl.so.3->X509_verify_cert(0xaaaaf1d24660, 0, 0, 0xffffffff) = 1 <0.000420>
[pid 289] 15:00:43.224220 libssl.so.3->EVP_DigestVerifyInit_ex(0xaaaaf1c51700, 0xfffff62cfe88, 0, 0) = 1 <0.000112>
[pid 289] 15:00:43.224409 libssl.so.3->EVP_DigestVerify(0xaaaaf1c51700, 0xaaaaf1d32f78, 4627, 0xfffff62cfe90) = 1 <0.000326>
[pid 289] 15:00:43.224960 libssl.so.3->X509_verify_cert(0xaaaaf1d24660, 1, 0, 0) = 1 <0.000315>
[pid 289] 15:00:43.225537 libssl.so.3->EVP_DigestSignInit_ex(0xaaaaf1d1f3a0, 0xfffff62cfe70, 0, 0) = 1 <0.000181>
[pid 289] 15:00:43.225847 libssl.so.3->EVP_DigestSign(0xaaaaf1d1f3a0, 0, 0xfffff62cfe80, 0xfffff62cfe90) = 1 <0.000114>
[pid 289] 15:00:43.226022 libssl.so.3->EVP_DigestSign(0xaaaaf1d1f3a0, 0xaaaaf1d3cdf0, 0xfffff62cfe80, 0xfffff62cfe90) = 1 <0.001454>
[pid 289] 15:00:43.227781 <... SSL_connect resumed> ) = 1 <0.042749>
[pid 289] 15:00:43.228037 oqsprovider.so->OQS_KEM_free(0xaaaaf1d30e30, 1, 7, 0xaaaaf1c34010) = 0xaaaaf1c34030 <0.000110>
Handshake duration: 42.93 ms
[pid 289] 15:00:43.229359 +++ exited (status 0) +++
Execution 46 - TLS Mutual
s_connection: verify depth is 1
[pid 291] 15:00:43.257867 openssl->SSL_connect(0xaaaadcfab410, 0xaaaadcf7d998, 0xffff891240e0, 0 <unfinished ...>
[pid 291] 15:00:43.258196 libssl.so.3->EVP_PKEY_keygen_init(0xaaaadcfb07c0, 0, 0, 0xaaaadcfb0830) = 1 <0.000108>
[pid 291] 15:00:43.258426 libssl.so.3->EVP_PKEY_keygen(0xaaaadcfb07c0, 0xffffe2a489e0, 0, 0 <unfinished ...>
[pid 291] 15:00:43.258601 oqsprovider.so->OQS_KEM_new(0xaaaadcfb0590, 0xaaaadcfafdf0, 1792, 0) = 0xaaaadcfafe30 <0.000190>
[pid 291] 15:00:43.258940 oqsprovider.so->OQS_KEM_keypair(0xaaaadcfafe30, 0xaaaadcfb84e0, 0xaaaadcfba140, 0xaaaadcfbbd80) = 0 <0.005056>
[pid 291] 15:00:43.264104 <... EVP_PKEY_keygen resumed> ) = 1 <0.005685>
[pid 291] 15:00:43.279627 libssl.so.3->EVP_PKEY_decapsulate_init(0xaaaadcfb07c0, 0, 0, 0xaaaadcfb0830) = 1 <0.000197>
[pid 291] 15:00:43.279879 libssl.so.3->EVP_PKEY_decapsulate(0xaaaadcfb07c0, 0, 0xffffe2a48960, 0xaaaadcfb1fca) = 1 <0.000120>
[pid 291] 15:00:43.280038 libssl.so.3->EVP_PKEY_decapsulate(0xaaaadcfb07c0, 0xaaaadcfa6620, 0xffffe2a48960, 0xaaaadcfb1fca <unfinished ...>
[pid 291] 15:00:43.280159 oqsprovider.so->OQS_KEM_decaps(0xaaaadcfafe30, 0xaaaadcfa6620, 0xaaaadcfb1fca, 0xaaaadcfba140) = 0 <0.015833>
[pid 291] 15:00:43.296042 <... EVP_PKEY_decapsulate resumed> ) = 1 <0.015997>
[pid 291] 15:00:43.296893 libssl.so.3->X509_verify_cert(0xaaaadcfa3660, 0, 0, 0xffffffff) = 1 <0.000399>
[pid 291] 15:00:43.297515 libssl.so.3->EVP_DigestVerifyInit_ex(0xaaaadced0700, 0xffffe2a48a68, 0, 0) = 1 <0.000131>
[pid 291] 15:00:43.297765 libssl.so.3->EVP_DigestVerify(0xaaaadced0700, 0xaaaadcfb1f78, 4627, 0xffffe2a48a70) = 1 <0.000280>
[pid 291] 15:00:43.298256 libssl.so.3->X509_verify_cert(0xaaaadcfa3660, 1, 0, 0) = 1 <0.000288>
[pid 291] 15:00:43.298813 libssl.so.3->EVP_DigestSignInit_ex(0xaaaadcf9e3a0, 0xffffe2a48a50, 0, 0) = 1 <0.000190>
[pid 291] 15:00:43.299089 libssl.so.3->EVP_DigestSign(0xaaaadcf9e3a0, 0, 0xffffe2a48a60, 0xffffe2a48a70) = 1 <0.000103>
[pid 291] 15:00:43.299273 libssl.so.3->EVP_DigestSign(0xaaaadcf9e3a0, 0xaaaadcfbbdf0, 0xffffe2a48a60, 0xffffe2a48a70) = 1 <0.000584>
[pid 291] 15:00:43.300136 <... SSL_connect resumed> ) = 1 <0.042265>
[pid 291] 15:00:43.300385 oqsprovider.so->OQS_KEM_free(0xaaaadcfafe30, 1, 7, 0xaaaadceb3010) = 0xaaaadceb3030 <0.000106>
Handshake duration: 42.39 ms
[pid 291] 15:00:43.301800 +++ exited (status 0) +++
Execution 47 - TLS Mutual
s_connection: verify depth is 1
[pid 293] 15:00:43.329672 openssl->SSL_connect(0xaaaac7652410, 0xaaaac7624998, 0xffff846540e0, 0 <unfinished ...>
[pid 293] 15:00:43.329991 libssl.so.3->EVP_PKEY_keygen_init(0xaaaac76577c0, 0, 0, 0xaaaac7657830) = 1 <0.000136>
[pid 293] 15:00:43.330171 libssl.so.3->EVP_PKEY_keygen(0xaaaac76577c0, 0xffffd8c27de0, 0, 0 <unfinished ...>
[pid 293] 15:00:43.330291 oqsprovider.so->OQS_KEM_new(0xaaaac7657590, 0xaaaac7656df0, 1792, 0) = 0xaaaac7656e30 <0.000163>
[pid 293] 15:00:43.330628 oqsprovider.so->OQS_KEM_keypair(0xaaaac7656e30, 0xaaaac765f4e0, 0xaaaac7661140, 0xaaaac7662d80) = 0 <0.005088>
[pid 293] 15:00:43.335801 <... EVP_PKEY_keygen resumed> ) = 1 <0.005601>
[pid 293] 15:00:43.351332 libssl.so.3->EVP_PKEY_decapsulate_init(0xaaaac76577c0, 0, 0, 0xaaaac7657830) = 1 <0.000237>
[pid 293] 15:00:43.351621 libssl.so.3->EVP_PKEY_decapsulate(0xaaaac76577c0, 0, 0xffffd8c27d60, 0xaaaac7658fca) = 1 <0.000206>
[pid 293] 15:00:43.351889 libssl.so.3->EVP_PKEY_decapsulate(0xaaaac76577c0, 0xaaaac764d620, 0xffffd8c27d60, 0xaaaac7658fca <unfinished ...>
[pid 293] 15:00:43.352045 oqsprovider.so->OQS_KEM_decaps(0xaaaac7656e30, 0xaaaac764d620, 0xaaaac7658fca, 0xaaaac7661140) = 0 <0.015979>
[pid 293] 15:00:43.368073 <... EVP_PKEY_decapsulate resumed> ) = 1 <0.016178>
[pid 293] 15:00:43.368856 libssl.so.3->X509_verify_cert(0xaaaac764a660, 0, 0, 0xffffffff) = 1 <0.000415>
[pid 293] 15:00:43.369532 libssl.so.3->EVP_DigestVerifyInit_ex(0xaaaac7577700, 0xffffd8c27e68, 0, 0) = 1 <0.000120>
[pid 293] 15:00:43.369730 libssl.so.3->EVP_DigestVerify(0xaaaac7577700, 0xaaaac7658f78, 4627, 0xffffd8c27e70) = 1 <0.000404>
[pid 293] 15:00:43.370363 libssl.so.3->X509_verify_cert(0xaaaac764a660, 1, 0, 0) = 1 <0.000308>
[pid 293] 15:00:43.370986 libssl.so.3->EVP_DigestSignInit_ex(0xaaaac76453a0, 0xffffd8c27e50, 0, 0) = 1 <0.000133>
[pid 293] 15:00:43.371207 libssl.so.3->EVP_DigestSign(0xaaaac76453a0, 0, 0xffffd8c27e60, 0xffffd8c27e70) = 1 <0.000157>
[pid 293] 15:00:43.371433 libssl.so.3->EVP_DigestSign(0xaaaac76453a0, 0xaaaac7662df0, 0xffffd8c27e60, 0xffffd8c27e70) = 1 <0.000580>
[pid 293] 15:00:43.372304 <... SSL_connect resumed> ) = 1 <0.042625>
[pid 293] 15:00:43.372567 oqsprovider.so->OQS_KEM_free(0xaaaac7656e30, 1, 7, 0xaaaac755a010) = 0xaaaac755a030 <0.000094>
Handshake duration: 42.76 ms
[pid 293] 15:00:43.374009 +++ exited (status 0) +++
Execution 48 - TLS Mutual
s_connection: verify depth is 1
[pid 295] 15:00:43.401886 openssl->SSL_connect(0xaaaace74c410, 0xaaaace71e998, 0xffffb43940e0, 0 <unfinished ...>
[pid 295] 15:00:43.402153 libssl.so.3->EVP_PKEY_keygen_init(0xaaaace7517c0, 0, 0, 0xaaaace751830) = 1 <0.000112>
[pid 295] 15:00:43.402338 libssl.so.3->EVP_PKEY_keygen(0xaaaace7517c0, 0xffffef50b230, 0, 0 <unfinished ...>
[pid 295] 15:00:43.402451 oqsprovider.so->OQS_KEM_new(0xaaaace751590, 0xaaaace750df0, 1792, 0) = 0xaaaace750e30 <0.000099>
[pid 295] 15:00:43.402782 oqsprovider.so->OQS_KEM_keypair(0xaaaace750e30, 0xaaaace7594e0, 0xaaaace75b140, 0xaaaace75cd80) = 0 <0.005048>
[pid 295] 15:00:43.407900 <... EVP_PKEY_keygen resumed> ) = 1 <0.005558>
[pid 295] 15:00:43.423402 libssl.so.3->EVP_PKEY_decapsulate_init(0xaaaace7517c0, 0, 0, 0xaaaace751830) = 1 <0.000268>
[pid 295] 15:00:43.423714 libssl.so.3->EVP_PKEY_decapsulate(0xaaaace7517c0, 0, 0xffffef50b1b0, 0xaaaace752fca) = 1 <0.000192>
[pid 295] 15:00:43.423953 libssl.so.3->EVP_PKEY_decapsulate(0xaaaace7517c0, 0xaaaace747620, 0xffffef50b1b0, 0xaaaace752fca <unfinished ...>
[pid 295] 15:00:43.424075 oqsprovider.so->OQS_KEM_decaps(0xaaaace750e30, 0xaaaace747620, 0xaaaace752fca, 0xaaaace75b140) = 0 <0.015868>
[pid 295] 15:00:43.439996 <... EVP_PKEY_decapsulate resumed> ) = 1 <0.016036>
[pid 295] 15:00:43.440769 libssl.so.3->X509_verify_cert(0xaaaace744660, 0, 0, 0xffffffff) = 1 <0.000402>
[pid 295] 15:00:43.441402 libssl.so.3->EVP_DigestVerifyInit_ex(0xaaaace671700, 0xffffef50b2b8, 0, 0) = 1 <0.000148>
[pid 295] 15:00:43.441594 libssl.so.3->EVP_DigestVerify(0xaaaace671700, 0xaaaace752f78, 4627, 0xffffef50b2c0) = 1 <0.000294>
[pid 295] 15:00:43.442093 libssl.so.3->X509_verify_cert(0xaaaace744660, 1, 0, 0) = 1 <0.000289>
[pid 295] 15:00:43.442648 libssl.so.3->EVP_DigestSignInit_ex(0xaaaace73f3a0, 0xffffef50b2a0, 0, 0) = 1 <0.000173>
[pid 295] 15:00:43.442909 libssl.so.3->EVP_DigestSign(0xaaaace73f3a0, 0, 0xffffef50b2b0, 0xffffef50b2c0) = 1 <0.000118>
[pid 295] 15:00:43.443132 libssl.so.3->EVP_DigestSign(0xaaaace73f3a0, 0xaaaace75cdf0, 0xffffef50b2b0, 0xffffef50b2c0) = 1 <0.000434>
[pid 295] 15:00:43.443872 <... SSL_connect resumed> ) = 1 <0.041981>
[pid 295] 15:00:43.444126 oqsprovider.so->OQS_KEM_free(0xaaaace750e30, 1, 7, 0xaaaace654010) = 0xaaaace654030 <0.000131>
Handshake duration: 42.11 ms
[pid 295] 15:00:43.445483 +++ exited (status 0) +++
Execution 49 - TLS Mutual
s_connection: verify depth is 1
[pid 297] 15:00:43.473545 openssl->SSL_connect(0xaaaae4b56410, 0xaaaae4b28998, 0xffff84e140e0, 0 <unfinished ...>
[pid 297] 15:00:43.473875 libssl.so.3->EVP_PKEY_keygen_init(0xaaaae4b5b7c0, 0, 0, 0xaaaae4b5b830) = 1 <0.000130>
[pid 297] 15:00:43.474122 libssl.so.3->EVP_PKEY_keygen(0xaaaae4b5b7c0, 0xfffff0800900, 0, 0 <unfinished ...>
[pid 297] 15:00:43.474236 oqsprovider.so->OQS_KEM_new(0xaaaae4b5b590, 0xaaaae4b5adf0, 1792, 0) = 0xaaaae4b5ae30 <0.000172>
[pid 297] 15:00:43.474535 oqsprovider.so->OQS_KEM_keypair(0xaaaae4b5ae30, 0xaaaae4b634e0, 0xaaaae4b65140, 0xaaaae4b66d80) = 0 <0.005531>
[pid 297] 15:00:43.480128 <... EVP_PKEY_keygen resumed> ) = 1 <0.005999>
[pid 297] 15:00:43.495660 libssl.so.3->EVP_PKEY_decapsulate_init(0xaaaae4b5b7c0, 0, 0, 0xaaaae4b5b830) = 1 <0.000223>
[pid 297] 15:00:43.495945 libssl.so.3->EVP_PKEY_decapsulate(0xaaaae4b5b7c0, 0, 0xfffff0800880, 0xaaaae4b5cfca) = 1 <0.000103>
[pid 297] 15:00:43.496163 libssl.so.3->EVP_PKEY_decapsulate(0xaaaae4b5b7c0, 0xaaaae4b51620, 0xfffff0800880, 0xaaaae4b5cfca <unfinished ...>
[pid 297] 15:00:43.496360 oqsprovider.so->OQS_KEM_decaps(0xaaaae4b5ae30, 0xaaaae4b51620, 0xaaaae4b5cfca, 0xaaaae4b65140) = 0 <0.015662>
[pid 297] 15:00:43.512078 <... EVP_PKEY_decapsulate resumed> ) = 1 <0.015912>
[pid 297] 15:00:43.512847 libssl.so.3->X509_verify_cert(0xaaaae4b4e660, 0, 0, 0xffffffff) = 1 <0.000451>
[pid 297] 15:00:43.513509 libssl.so.3->EVP_DigestVerifyInit_ex(0xaaaae4a7b700, 0xfffff0800988, 0, 0) = 1 <0.000125>
[pid 297] 15:00:43.513774 libssl.so.3->EVP_DigestVerify(0xaaaae4a7b700, 0xaaaae4b5cf78, 4627, 0xfffff0800990) = 1 <0.000365>
[pid 297] 15:00:43.514399 libssl.so.3->X509_verify_cert(0xaaaae4b4e660, 1, 0, 0) = 1 <0.000352>
[pid 297] 15:00:43.515002 libssl.so.3->EVP_DigestSignInit_ex(0xaaaae4b493a0, 0xfffff0800970, 0, 0) = 1 <0.000122>
[pid 297] 15:00:43.515215 libssl.so.3->EVP_DigestSign(0xaaaae4b493a0, 0, 0xfffff0800980, 0xfffff0800990) = 1 <0.000053>
[pid 297] 15:00:43.515334 libssl.so.3->EVP_DigestSign(0xaaaae4b493a0, 0xaaaae4b66df0, 0xfffff0800980, 0xfffff0800990) = 1 <0.001066>
[pid 297] 15:00:43.516641 <... SSL_connect resumed> ) = 1 <0.043092>
[pid 297] 15:00:43.516953 oqsprovider.so->OQS_KEM_free(0xaaaae4b5ae30, 1, 7, 0xaaaae4a5e010) = 0xaaaae4a5e030 <0.000111>
Handshake duration: 43.33 ms
[pid 297] 15:00:43.518289 +++ exited (status 0) +++
Execution 50 - TLS Mutual
s_connection: verify depth is 1
[pid 299] 15:00:43.546712 openssl->SSL_connect(0xaaaabffe5410, 0xaaaabffb7998, 0xffffaa9d40e0, 0 <unfinished ...>
[pid 299] 15:00:43.547056 libssl.so.3->EVP_PKEY_keygen_init(0xaaaabffea7c0, 0, 0, 0xaaaabffea830) = 1 <0.000116>
[pid 299] 15:00:43.547269 libssl.so.3->EVP_PKEY_keygen(0xaaaabffea7c0, 0xfffffe28a780, 0, 0 <unfinished ...>
[pid 299] 15:00:43.547393 oqsprovider.so->OQS_KEM_new(0xaaaabffea590, 0xaaaabffe9df0, 1792, 0) = 0xaaaabffe9e30 <0.000122>
[pid 299] 15:00:43.547636 oqsprovider.so->OQS_KEM_keypair(0xaaaabffe9e30, 0xaaaabfff24e0, 0xaaaabfff4140, 0xaaaabfff5d80) = 0 <0.005149>
[pid 299] 15:00:43.552853 <... EVP_PKEY_keygen resumed> ) = 1 <0.005589>
[pid 299] 15:00:43.568292 libssl.so.3->EVP_PKEY_decapsulate_init(0xaaaabffea7c0, 0, 0, 0xaaaabffea830) = 1 <0.000142>
[pid 299] 15:00:43.568524 libssl.so.3->EVP_PKEY_decapsulate(0xaaaabffea7c0, 0, 0xfffffe28a700, 0xaaaabffebfca) = 1 <0.000107>
[pid 299] 15:00:43.568755 libssl.so.3->EVP_PKEY_decapsulate(0xaaaabffea7c0, 0xaaaabffe0620, 0xfffffe28a700, 0xaaaabffebfca <unfinished ...>
[pid 299] 15:00:43.568973 oqsprovider.so->OQS_KEM_decaps(0xaaaabffe9e30, 0xaaaabffe0620, 0xaaaabffebfca, 0xaaaabfff4140) = 0 <0.015617>
[pid 299] 15:00:43.584647 <... EVP_PKEY_decapsulate resumed> ) = 1 <0.015889>
[pid 299] 15:00:43.585412 libssl.so.3->X509_verify_cert(0xaaaabffdd660, 0, 0, 0xffffffff) = 1 <0.000449>
[pid 299] 15:00:43.586085 libssl.so.3->EVP_DigestVerifyInit_ex(0xaaaabff0a700, 0xfffffe28a808, 0, 0) = 1 <0.000127>
[pid 299] 15:00:43.586259 libssl.so.3->EVP_DigestVerify(0xaaaabff0a700, 0xaaaabffebf78, 4627, 0xfffffe28a810) = 1 <0.000283>
[pid 299] 15:00:43.586810 libssl.so.3->X509_verify_cert(0xaaaabffdd660, 1, 0, 0) = 1 <0.000292>
[pid 299] 15:00:43.587364 libssl.so.3->EVP_DigestSignInit_ex(0xaaaabffd83a0, 0xfffffe28a7f0, 0, 0) = 1 <0.000088>
[pid 299] 15:00:43.587557 libssl.so.3->EVP_DigestSign(0xaaaabffd83a0, 0, 0xfffffe28a800, 0xfffffe28a810) = 1 <0.000087>
[pid 299] 15:00:43.587806 libssl.so.3->EVP_DigestSign(0xaaaabffd83a0, 0xaaaabfff5df0, 0xfffffe28a800, 0xfffffe28a810) = 1 <0.000737>
[pid 299] 15:00:43.588824 <... SSL_connect resumed> ) = 1 <0.042108>
[pid 299] 15:00:43.589098 oqsprovider.so->OQS_KEM_free(0xaaaabffe9e30, 1, 7, 0xaaaabfeed010) = 0xaaaabfeed030 <0.000131>
Handshake duration: 42.28 ms
[pid 299] 15:00:43.590429 +++ exited (status 0) +++
Execution 51 - TLS Mutual
s_connection: verify depth is 1
[pid 301] 15:00:43.618227 openssl->SSL_connect(0xaaaae9328410, 0xaaaae92fa998, 0xffffa7bd40e0, 0 <unfinished ...>
[pid 301] 15:00:43.618618 libssl.so.3->EVP_PKEY_keygen_init(0xaaaae932d7c0, 0, 0, 0xaaaae932d830) = 1 <0.000168>
[pid 301] 15:00:43.618859 libssl.so.3->EVP_PKEY_keygen(0xaaaae932d7c0, 0xffffdeba7b20, 0, 0 <unfinished ...>
[pid 301] 15:00:43.619037 oqsprovider.so->OQS_KEM_new(0xaaaae932d590, 0xaaaae932cdf0, 1792, 0) = 0xaaaae932ce30 <0.000121>
[pid 301] 15:00:43.619323 oqsprovider.so->OQS_KEM_keypair(0xaaaae932ce30, 0xaaaae93354e0, 0xaaaae9337140, 0xaaaae9338d80) = 0 <0.005145>
[pid 301] 15:00:43.624534 <... EVP_PKEY_keygen resumed> ) = 1 <0.005673>
[pid 301] 15:00:43.640285 libssl.so.3->EVP_PKEY_decapsulate_init(0xaaaae932d7c0, 0, 0, 0xaaaae932d830) = 1 <0.000165>
[pid 301] 15:00:43.640505 libssl.so.3->EVP_PKEY_decapsulate(0xaaaae932d7c0, 0, 0xffffdeba7aa0, 0xaaaae932efca) = 1 <0.000369>
[pid 301] 15:00:43.640955 libssl.so.3->EVP_PKEY_decapsulate(0xaaaae932d7c0, 0xaaaae9323620, 0xffffdeba7aa0, 0xaaaae932efca <unfinished ...>
[pid 301] 15:00:43.641097 oqsprovider.so->OQS_KEM_decaps(0xaaaae932ce30, 0xaaaae9323620, 0xaaaae932efca, 0xaaaae9337140) = 0 <0.015770>
[pid 301] 15:00:43.656930 <... EVP_PKEY_decapsulate resumed> ) = 1 <0.015967>
[pid 301] 15:00:43.657722 libssl.so.3->X509_verify_cert(0xaaaae9320660, 0, 0, 0xffffffff) = 1 <0.000424>
[pid 301] 15:00:43.658400 libssl.so.3->EVP_DigestVerifyInit_ex(0xaaaae924d700, 0xffffdeba7ba8, 0, 0) = 1 <0.000121>
[pid 301] 15:00:43.658583 libssl.so.3->EVP_DigestVerify(0xaaaae924d700, 0xaaaae932ef78, 4627, 0xffffdeba7bb0) = 1 <0.000385>
[pid 301] 15:00:43.659174 libssl.so.3->X509_verify_cert(0xaaaae9320660, 1, 0, 0) = 1 <0.000283>
[pid 301] 15:00:43.659722 libssl.so.3->EVP_DigestSignInit_ex(0xaaaae931b3a0, 0xffffdeba7b90, 0, 0) = 1 <0.000189>
[pid 301] 15:00:43.659954 libssl.so.3->EVP_DigestSign(0xaaaae931b3a0, 0, 0xffffdeba7ba0, 0xffffdeba7bb0) = 1 <0.000117>
[pid 301] 15:00:43.660130 libssl.so.3->EVP_DigestSign(0xaaaae931b3a0, 0xaaaae9338df0, 0xffffdeba7ba0, 0xffffdeba7bb0) = 1 <0.000936>
[pid 301] 15:00:43.661334 <... SSL_connect resumed> ) = 1 <0.043103>
[pid 301] 15:00:43.661565 oqsprovider.so->OQS_KEM_free(0xaaaae932ce30, 1, 7, 0xaaaae9230010) = 0xaaaae9230030 <0.000118>
Handshake duration: 43.24 ms
[pid 301] 15:00:43.662905 +++ exited (status 0) +++
Execution 52 - TLS Mutual
s_connection: verify depth is 1
[pid 303] 15:00:43.690993 openssl->SSL_connect(0xaaaade336410, 0xaaaade308998, 0xffff9a2640e0, 0 <unfinished ...>
[pid 303] 15:00:43.691302 libssl.so.3->EVP_PKEY_keygen_init(0xaaaade33b7c0, 0, 0, 0xaaaade33b830) = 1 <0.000111>
[pid 303] 15:00:43.691493 libssl.so.3->EVP_PKEY_keygen(0xaaaade33b7c0, 0xfffffbec7730, 0, 0 <unfinished ...>
[pid 303] 15:00:43.691614 oqsprovider.so->OQS_KEM_new(0xaaaade33b590, 0xaaaade33adf0, 1792, 0) = 0xaaaade33ae30 <0.000130>
[pid 303] 15:00:43.691920 oqsprovider.so->OQS_KEM_keypair(0xaaaade33ae30, 0xaaaade3434e0, 0xaaaade345140, 0xaaaade346d80) = 0 <0.005164>
[pid 303] 15:00:43.697143 <... EVP_PKEY_keygen resumed> ) = 1 <0.005643>
[pid 303] 15:00:43.712410 libssl.so.3->EVP_PKEY_decapsulate_init(0xaaaade33b7c0, 0, 0, 0xaaaade33b830) = 1 <0.000142>
[pid 303] 15:00:43.712597 libssl.so.3->EVP_PKEY_decapsulate(0xaaaade33b7c0, 0, 0xfffffbec76b0, 0xaaaade33cfca) = 1 <0.000178>
[pid 303] 15:00:43.712837 libssl.so.3->EVP_PKEY_decapsulate(0xaaaade33b7c0, 0xaaaade331620, 0xfffffbec76b0, 0xaaaade33cfca <unfinished ...>
[pid 303] 15:00:43.712959 oqsprovider.so->OQS_KEM_decaps(0xaaaade33ae30, 0xaaaade331620, 0xaaaade33cfca, 0xaaaade345140) = 0 <0.015289>
[pid 303] 15:00:43.728325 <... EVP_PKEY_decapsulate resumed> ) = 1 <0.015483>
[pid 303] 15:00:43.729106 libssl.so.3->X509_verify_cert(0xaaaade32e660, 0, 0, 0xffffffff) = 1 <0.000398>
[pid 303] 15:00:43.729794 libssl.so.3->EVP_DigestVerifyInit_ex(0xaaaade25b700, 0xfffffbec77b8, 0, 0) = 1 <0.000161>
[pid 303] 15:00:43.730032 libssl.so.3->EVP_DigestVerify(0xaaaade25b700, 0xaaaade33cf78, 4627, 0xfffffbec77c0) = 1 <0.000277>
[pid 303] 15:00:43.730521 libssl.so.3->X509_verify_cert(0xaaaade32e660, 1, 0, 0) = 1 <0.000311>
[pid 303] 15:00:43.731083 libssl.so.3->EVP_DigestSignInit_ex(0xaaaade3293a0, 0xfffffbec77a0, 0, 0) = 1 <0.000137>
[pid 303] 15:00:43.731272 libssl.so.3->EVP_DigestSign(0xaaaade3293a0, 0, 0xfffffbec77b0, 0xfffffbec77c0) = 1 <0.000163>
[pid 303] 15:00:43.731523 libssl.so.3->EVP_DigestSign(0xaaaade3293a0, 0xaaaade346df0, 0xfffffbec77b0, 0xfffffbec77c0) = 1 <0.000562>
[pid 303] 15:00:43.732331 <... SSL_connect resumed> ) = 1 <0.041332>
[pid 303] 15:00:43.732587 oqsprovider.so->OQS_KEM_free(0xaaaade33ae30, 1, 7, 0xaaaade23e010) = 0xaaaade23e030 <0.000141>
Handshake duration: 41.51 ms
[pid 303] 15:00:43.733955 +++ exited (status 0) +++
Execution 53 - TLS Mutual
s_connection: verify depth is 1
[pid 305] 15:00:43.761992 openssl->SSL_connect(0xaaaae6f25410, 0xaaaae6ef7998, 0xffff9d4240e0, 0 <unfinished ...>
[pid 305] 15:00:43.762287 libssl.so.3->EVP_PKEY_keygen_init(0xaaaae6f2a7c0, 0, 0, 0xaaaae6f2a830) = 1 <0.000131>
[pid 305] 15:00:43.762480 libssl.so.3->EVP_PKEY_keygen(0xaaaae6f2a7c0, 0xfffffba42f00, 0, 0 <unfinished ...>
[pid 305] 15:00:43.762622 oqsprovider.so->OQS_KEM_new(0xaaaae6f2a590, 0xaaaae6f29df0, 1792, 0) = 0xaaaae6f29e30 <0.000129>
[pid 305] 15:00:43.762884 oqsprovider.so->OQS_KEM_keypair(0xaaaae6f29e30, 0xaaaae6f324e0, 0xaaaae6f34140, 0xaaaae6f35d80) = 0 <0.005142>
[pid 305] 15:00:43.768086 <... EVP_PKEY_keygen resumed> ) = 1 <0.005599>
[pid 305] 15:00:43.783795 libssl.so.3->EVP_PKEY_decapsulate_init(0xaaaae6f2a7c0, 0, 0, 0xaaaae6f2a830) = 1 <0.000449>
[pid 305] 15:00:43.784296 libssl.so.3->EVP_PKEY_decapsulate(0xaaaae6f2a7c0, 0, 0xfffffba42e80, 0xaaaae6f2bfca) = 1 <0.000099>
[pid 305] 15:00:43.784470 libssl.so.3->EVP_PKEY_decapsulate(0xaaaae6f2a7c0, 0xaaaae6f20620, 0xfffffba42e80, 0xaaaae6f2bfca <unfinished ...>
[pid 305] 15:00:43.784593 oqsprovider.so->OQS_KEM_decaps(0xaaaae6f29e30, 0xaaaae6f20620, 0xaaaae6f2bfca, 0xaaaae6f34140) = 0 <0.015929>
[pid 305] 15:00:43.800582 <... EVP_PKEY_decapsulate resumed> ) = 1 <0.016105>
[pid 305] 15:00:43.801392 libssl.so.3->X509_verify_cert(0xaaaae6f1d660, 0, 0, 0xffffffff) = 1 <0.000480>
[pid 305] 15:00:43.802115 libssl.so.3->EVP_DigestVerifyInit_ex(0xaaaae6e4a700, 0xfffffba42f88, 0, 0) = 1 <0.000157>
[pid 305] 15:00:43.802344 libssl.so.3->EVP_DigestVerify(0xaaaae6e4a700, 0xaaaae6f2bf78, 4627, 0xfffffba42f90) = 1 <0.000371>
[pid 305] 15:00:43.802944 libssl.so.3->X509_verify_cert(0xaaaae6f1d660, 1, 0, 0) = 1 <0.000319>
[pid 305] 15:00:43.803512 libssl.so.3->EVP_DigestSignInit_ex(0xaaaae6f183a0, 0xfffffba42f70, 0, 0) = 1 <0.000255>
[pid 305] 15:00:43.803874 libssl.so.3->EVP_DigestSign(0xaaaae6f183a0, 0, 0xfffffba42f80, 0xfffffba42f90) = 1 <0.000136>
[pid 305] 15:00:43.804120 libssl.so.3->EVP_DigestSign(0xaaaae6f183a0, 0xaaaae6f35df0, 0xfffffba42f80, 0xfffffba42f90) = 1 <0.000910>
[pid 305] 15:00:43.805274 <... SSL_connect resumed> ) = 1 <0.043276>
[pid 305] 15:00:43.805562 oqsprovider.so->OQS_KEM_free(0xaaaae6f29e30, 1, 7, 0xaaaae6e2d010) = 0xaaaae6e2d030 <0.000176>
Handshake duration: 43.44 ms
[pid 305] 15:00:43.806995 +++ exited (status 0) +++
Execution 54 - TLS Mutual
s_connection: verify depth is 1
[pid 307] 15:00:43.834854 openssl->SSL_connect(0xaaaaf3321410, 0xaaaaf32f3998, 0xffff810c40e0, 0 <unfinished ...>
[pid 307] 15:00:43.835198 libssl.so.3->EVP_PKEY_keygen_init(0xaaaaf33267c0, 0, 0, 0xaaaaf3326830) = 1 <0.000107>
[pid 307] 15:00:43.835379 libssl.so.3->EVP_PKEY_keygen(0xaaaaf33267c0, 0xffffec07b510, 0, 0 <unfinished ...>
[pid 307] 15:00:43.835506 oqsprovider.so->OQS_KEM_new(0xaaaaf3326590, 0xaaaaf3325df0, 1792, 0) = 0xaaaaf3325e30 <0.000125>
[pid 307] 15:00:43.835754 oqsprovider.so->OQS_KEM_keypair(0xaaaaf3325e30, 0xaaaaf332e4e0, 0xaaaaf3330140, 0xaaaaf3331d80) = 0 <0.005197>
[pid 307] 15:00:43.841008 <... EVP_PKEY_keygen resumed> ) = 1 <0.005624>
[pid 307] 15:00:43.856627 libssl.so.3->EVP_PKEY_decapsulate_init(0xaaaaf33267c0, 0, 0, 0xaaaaf3326830) = 1 <0.000193>
[pid 307] 15:00:43.856875 libssl.so.3->EVP_PKEY_decapsulate(0xaaaaf33267c0, 0, 0xffffec07b490, 0xaaaaf3327fca) = 1 <0.000146>
[pid 307] 15:00:43.857077 libssl.so.3->EVP_PKEY_decapsulate(0xaaaaf33267c0, 0xaaaaf331c620, 0xffffec07b490, 0xaaaaf3327fca <unfinished ...>
[pid 307] 15:00:43.857225 oqsprovider.so->OQS_KEM_decaps(0xaaaaf3325e30, 0xaaaaf331c620, 0xaaaaf3327fca, 0xaaaaf3330140) = 0 <0.015463>
[pid 307] 15:00:43.872756 <... EVP_PKEY_decapsulate resumed> ) = 1 <0.015664>
[pid 307] 15:00:43.873504 libssl.so.3->X509_verify_cert(0xaaaaf3319660, 0, 0, 0xffffffff) = 1 <0.000425>
[pid 307] 15:00:43.874173 libssl.so.3->EVP_DigestVerifyInit_ex(0xaaaaf3246700, 0xffffec07b598, 0, 0) = 1 <0.000137>
[pid 307] 15:00:43.874388 libssl.so.3->EVP_DigestVerify(0xaaaaf3246700, 0xaaaaf3327f78, 4627, 0xffffec07b5a0) = 1 <0.000396>
[pid 307] 15:00:43.875007 libssl.so.3->X509_verify_cert(0xaaaaf3319660, 1, 0, 0) = 1 <0.000310>
[pid 307] 15:00:43.875609 libssl.so.3->EVP_DigestSignInit_ex(0xaaaaf33143a0, 0xffffec07b580, 0, 0) = 1 <0.000191>
[pid 307] 15:00:43.875839 libssl.so.3->EVP_DigestSign(0xaaaaf33143a0, 0, 0xffffec07b590, 0xffffec07b5a0) = 1 <0.000128>
[pid 307] 15:00:43.876028 libssl.so.3->EVP_DigestSign(0xaaaaf33143a0, 0xaaaaf3331df0, 0xffffec07b590, 0xffffec07b5a0) = 1 <0.000757>
[pid 307] 15:00:43.877005 <... SSL_connect resumed> ) = 1 <0.042147>
[pid 307] 15:00:43.877215 oqsprovider.so->OQS_KEM_free(0xaaaaf3325e30, 1, 7, 0xaaaaf3229010) = 0xaaaaf3229030 <0.000110>
Handshake duration: 42.28 ms
[pid 307] 15:00:43.878592 +++ exited (status 0) +++
Execution 55 - TLS Mutual
s_connection: verify depth is 1
[pid 309] 15:00:43.906409 openssl->SSL_connect(0xaaaaf3afc410, 0xaaaaf3ace998, 0xffff97a640e0, 0 <unfinished ...>
[pid 309] 15:00:43.906722 libssl.so.3->EVP_PKEY_keygen_init(0xaaaaf3b017c0, 0, 0, 0xaaaaf3b01830) = 1 <0.000121>
[pid 309] 15:00:43.906990 libssl.so.3->EVP_PKEY_keygen(0xaaaaf3b017c0, 0xfffff68270a0, 0, 0 <unfinished ...>
[pid 309] 15:00:43.907131 oqsprovider.so->OQS_KEM_new(0xaaaaf3b01590, 0xaaaaf3b00df0, 1792, 0) = 0xaaaaf3b00e30 <0.000136>
[pid 309] 15:00:43.907433 oqsprovider.so->OQS_KEM_keypair(0xaaaaf3b00e30, 0xaaaaf3b094e0, 0xaaaaf3b0b140, 0xaaaaf3b0cd80) = 0 <0.005071>
[pid 309] 15:00:43.912564 <... EVP_PKEY_keygen resumed> ) = 1 <0.005556>
[pid 309] 15:00:43.928238 libssl.so.3->EVP_PKEY_decapsulate_init(0xaaaaf3b017c0, 0, 0, 0xaaaaf3b01830) = 1 <0.000211>
[pid 309] 15:00:43.928492 libssl.so.3->EVP_PKEY_decapsulate(0xaaaaf3b017c0, 0, 0xfffff6827020, 0xaaaaf3b02fca) = 1 <0.000127>
[pid 309] 15:00:43.928750 libssl.so.3->EVP_PKEY_decapsulate(0xaaaaf3b017c0, 0xaaaaf3af7620, 0xfffff6827020, 0xaaaaf3b02fca <unfinished ...>
[pid 309] 15:00:43.928872 oqsprovider.so->OQS_KEM_decaps(0xaaaaf3b00e30, 0xaaaaf3af7620, 0xaaaaf3b02fca, 0xaaaaf3b0b140) = 0 <0.015716>
[pid 309] 15:00:43.944650 <... EVP_PKEY_decapsulate resumed> ) = 1 <0.015887>
[pid 309] 15:00:43.945435 libssl.so.3->X509_verify_cert(0xaaaaf3af4660, 0, 0, 0xffffffff) = 1 <0.000406>
[pid 309] 15:00:43.946056 libssl.so.3->EVP_DigestVerifyInit_ex(0xaaaaf3a21700, 0xfffff6827128, 0, 0) = 1 <0.000123>
[pid 309] 15:00:43.946254 libssl.so.3->EVP_DigestVerify(0xaaaaf3a21700, 0xaaaaf3b02f78, 4627, 0xfffff6827130) = 1 <0.000378>
[pid 309] 15:00:43.946849 libssl.so.3->X509_verify_cert(0xaaaaf3af4660, 1, 0, 0) = 1 <0.000339>
[pid 309] 15:00:43.947444 libssl.so.3->EVP_DigestSignInit_ex(0xaaaaf3aef3a0, 0xfffff6827110, 0, 0) = 1 <0.000150>
[pid 309] 15:00:43.947688 libssl.so.3->EVP_DigestSign(0xaaaaf3aef3a0, 0, 0xfffff6827120, 0xfffff6827130) = 1 <0.000141>
[pid 309] 15:00:43.947895 libssl.so.3->EVP_DigestSign(0xaaaaf3aef3a0, 0xaaaaf3b0cdf0, 0xfffff6827120, 0xfffff6827130) = 1 <0.000929>
[pid 309] 15:00:43.949084 <... SSL_connect resumed> ) = 1 <0.042670>
[pid 309] 15:00:43.949316 oqsprovider.so->OQS_KEM_free(0xaaaaf3b00e30, 1, 7, 0xaaaaf3a04010) = 0xaaaaf3a04030 <0.000162>
Handshake duration: 42.81 ms
[pid 309] 15:00:43.950736 +++ exited (status 0) +++
Execution 56 - TLS Mutual
s_connection: verify depth is 1
[pid 311] 15:00:43.978453 openssl->SSL_connect(0xaaaae47c3410, 0xaaaae4795998, 0xffffbbbf40e0, 0 <unfinished ...>
[pid 311] 15:00:43.978794 libssl.so.3->EVP_PKEY_keygen_init(0xaaaae47c87c0, 0, 0, 0xaaaae47c8830) = 1 <0.000100>
[pid 311] 15:00:43.978941 libssl.so.3->EVP_PKEY_keygen(0xaaaae47c87c0, 0xffffd5ae5440, 0, 0 <unfinished ...>
[pid 311] 15:00:43.979112 oqsprovider.so->OQS_KEM_new(0xaaaae47c8590, 0xaaaae47c7df0, 1792, 0) = 0xaaaae47c7e30 <0.000139>
[pid 311] 15:00:43.979403 oqsprovider.so->OQS_KEM_keypair(0xaaaae47c7e30, 0xaaaae47d04e0, 0xaaaae47d2140, 0xaaaae47d3d80) = 0 <0.005120>
[pid 311] 15:00:43.984582 <... EVP_PKEY_keygen resumed> ) = 1 <0.005635>
[pid 311] 15:00:44.000201 libssl.so.3->EVP_PKEY_decapsulate_init(0xaaaae47c87c0, 0, 0, 0xaaaae47c8830) = 1 <0.000197>
[pid 311] 15:00:44.000515 libssl.so.3->EVP_PKEY_decapsulate(0xaaaae47c87c0, 0, 0xffffd5ae53c0, 0xaaaae47c9fca) = 1 <0.000272>
[pid 311] 15:00:44.000842 libssl.so.3->EVP_PKEY_decapsulate(0xaaaae47c87c0, 0xaaaae47be620, 0xffffd5ae53c0, 0xaaaae47c9fca <unfinished ...>
[pid 311] 15:00:44.001012 oqsprovider.so->OQS_KEM_decaps(0xaaaae47c7e30, 0xaaaae47be620, 0xaaaae47c9fca, 0xaaaae47d2140) = 0 <0.016026>
[pid 311] 15:00:44.017096 <... EVP_PKEY_decapsulate resumed> ) = 1 <0.016248>
[pid 311] 15:00:44.017860 libssl.so.3->X509_verify_cert(0xaaaae47bb660, 0, 0, 0xffffffff) = 1 <0.000370>
[pid 311] 15:00:44.018486 libssl.so.3->EVP_DigestVerifyInit_ex(0xaaaae46e8700, 0xffffd5ae54c8, 0, 0) = 1 <0.000155>
[pid 311] 15:00:44.018739 libssl.so.3->EVP_DigestVerify(0xaaaae46e8700, 0xaaaae47c9f78, 4627, 0xffffd5ae54d0) = 1 <0.000302>
[pid 311] 15:00:44.019278 libssl.so.3->X509_verify_cert(0xaaaae47bb660, 1, 0, 0) = 1 <0.000311>
[pid 311] 15:00:44.019903 libssl.so.3->EVP_DigestSignInit_ex(0xaaaae47b63a0, 0xffffd5ae54b0, 0, 0) = 1 <0.000172>
[pid 311] 15:00:44.020127 libssl.so.3->EVP_DigestSign(0xaaaae47b63a0, 0, 0xffffd5ae54c0, 0xffffd5ae54d0) = 1 <0.000164>
[pid 311] 15:00:44.020333 libssl.so.3->EVP_DigestSign(0xaaaae47b63a0, 0xaaaae47d3df0, 0xffffd5ae54c0, 0xffffd5ae54d0) = 1 <0.000659>
[pid 311] 15:00:44.021248 <... SSL_connect resumed> ) = 1 <0.042790>
[pid 311] 15:00:44.021478 oqsprovider.so->OQS_KEM_free(0xaaaae47c7e30, 1, 7, 0xaaaae46cb010) = 0xaaaae46cb030 <0.000094>
Handshake duration: 42.92 ms
[pid 311] 15:00:44.022727 +++ exited (status 0) +++
Execution 57 - TLS Mutual
s_connection: verify depth is 1
[pid 313] 15:00:44.050566 openssl->SSL_connect(0xaaaaf068a410, 0xaaaaf065c998, 0xffffbd7740e0, 0 <unfinished ...>
[pid 313] 15:00:44.050891 libssl.so.3->EVP_PKEY_keygen_init(0xaaaaf068f7c0, 0, 0, 0xaaaaf068f830) = 1 <0.000114>
[pid 313] 15:00:44.051062 libssl.so.3->EVP_PKEY_keygen(0xaaaaf068f7c0, 0xffffea4bd410, 0, 0 <unfinished ...>
[pid 313] 15:00:44.051213 oqsprovider.so->OQS_KEM_new(0xaaaaf068f590, 0xaaaaf068edf0, 1792, 0) = 0xaaaaf068ee30 <0.000106>
[pid 313] 15:00:44.051490 oqsprovider.so->OQS_KEM_keypair(0xaaaaf068ee30, 0xaaaaf06974e0, 0xaaaaf0699140, 0xaaaaf069ad80) = 0 <0.004989>
[pid 313] 15:00:44.056543 <... EVP_PKEY_keygen resumed> ) = 1 <0.005475>
[pid 313] 15:00:44.072034 libssl.so.3->EVP_PKEY_decapsulate_init(0xaaaaf068f7c0, 0, 0, 0xaaaaf068f830) = 1 <0.000224>
[pid 313] 15:00:44.072321 libssl.so.3->EVP_PKEY_decapsulate(0xaaaaf068f7c0, 0, 0xffffea4bd390, 0xaaaaf0690fca) = 1 <0.000129>
[pid 313] 15:00:44.072493 libssl.so.3->EVP_PKEY_decapsulate(0xaaaaf068f7c0, 0xaaaaf0685620, 0xffffea4bd390, 0xaaaaf0690fca <unfinished ...>
[pid 313] 15:00:44.072670 oqsprovider.so->OQS_KEM_decaps(0xaaaaf068ee30, 0xaaaaf0685620, 0xaaaaf0690fca, 0xaaaaf0699140) = 0 <0.015560>
[pid 313] 15:00:44.088287 <... EVP_PKEY_decapsulate resumed> ) = 1 <0.015786>
[pid 313] 15:00:44.089091 libssl.so.3->X509_verify_cert(0xaaaaf0682660, 0, 0, 0xffffffff) = 1 <0.000411>
[pid 313] 15:00:44.089735 libssl.so.3->EVP_DigestVerifyInit_ex(0xaaaaf05af700, 0xffffea4bd498, 0, 0) = 1 <0.000112>
[pid 313] 15:00:44.089939 libssl.so.3->EVP_DigestVerify(0xaaaaf05af700, 0xaaaaf0690f78, 4627, 0xffffea4bd4a0) = 1 <0.000395>
[pid 313] 15:00:44.090577 libssl.so.3->X509_verify_cert(0xaaaaf0682660, 1, 0, 0) = 1 <0.000364>
[pid 313] 15:00:44.091202 libssl.so.3->EVP_DigestSignInit_ex(0xaaaaf067d3a0, 0xffffea4bd480, 0, 0) = 1 <0.000112>
[pid 313] 15:00:44.091398 libssl.so.3->EVP_DigestSign(0xaaaaf067d3a0, 0, 0xffffea4bd490, 0xffffea4bd4a0) = 1 <0.000146>
[pid 313] 15:00:44.091590 libssl.so.3->EVP_DigestSign(0xaaaaf067d3a0, 0xaaaaf069adf0, 0xffffea4bd490, 0xffffea4bd4a0) = 1 <0.000654>
[pid 313] 15:00:44.092531 <... SSL_connect resumed> ) = 1 <0.041959>
[pid 313] 15:00:44.092780 oqsprovider.so->OQS_KEM_free(0xaaaaf068ee30, 1, 7, 0xaaaaf0592010) = 0xaaaaf0592030 <0.000116>
Handshake duration: 42.12 ms
[pid 313] 15:00:44.094149 +++ exited (status 0) +++
Execution 58 - TLS Mutual
s_connection: verify depth is 1
[pid 315] 15:00:44.122120 openssl->SSL_connect(0xaaaaecbed410, 0xaaaaecbbf998, 0xffff95ba40e0, 0 <unfinished ...>
[pid 315] 15:00:44.122443 libssl.so.3->EVP_PKEY_keygen_init(0xaaaaecbf27c0, 0, 0, 0xaaaaecbf2830) = 1 <0.000110>
[pid 315] 15:00:44.122642 libssl.so.3->EVP_PKEY_keygen(0xaaaaecbf27c0, 0xffffcdca34e0, 0, 0 <unfinished ...>
[pid 315] 15:00:44.122840 oqsprovider.so->OQS_KEM_new(0xaaaaecbf2590, 0xaaaaecbf1df0, 1792, 0) = 0xaaaaecbf1e30 <0.000177>
[pid 315] 15:00:44.123199 oqsprovider.so->OQS_KEM_keypair(0xaaaaecbf1e30, 0xaaaaecbfa4e0, 0xaaaaecbfc140, 0xaaaaecbfdd80) = 0 <0.005164>
[pid 315] 15:00:44.128396 <... EVP_PKEY_keygen resumed> ) = 1 <0.005745>
[pid 315] 15:00:44.143924 libssl.so.3->EVP_PKEY_decapsulate_init(0xaaaaecbf27c0, 0, 0, 0xaaaaecbf2830) = 1 <0.000142>
[pid 315] 15:00:44.144196 libssl.so.3->EVP_PKEY_decapsulate(0xaaaaecbf27c0, 0, 0xffffcdca3460, 0xaaaaecbf3fca) = 1 <0.000267>
[pid 315] 15:00:44.144417 libssl.so.3->EVP_PKEY_decapsulate(0xaaaaecbf27c0, 0xaaaaecbe8620, 0xffffcdca3460, 0xaaaaecbf3fca <unfinished ...>
[pid 315] 15:00:44.144541 oqsprovider.so->OQS_KEM_decaps(0xaaaaecbf1e30, 0xaaaaecbe8620, 0xaaaaecbf3fca, 0xaaaaecbfc140) = 0 <0.015275>
[pid 315] 15:00:44.159875 <... EVP_PKEY_decapsulate resumed> ) = 1 <0.015453>
[pid 315] 15:00:44.160643 libssl.so.3->X509_verify_cert(0xaaaaecbe5660, 0, 0, 0xffffffff) = 1 <0.000452>
[pid 315] 15:00:44.161308 libssl.so.3->EVP_DigestVerifyInit_ex(0xaaaaecb12700, 0xffffcdca3568, 0, 0) = 1 <0.000139>
[pid 315] 15:00:44.161503 libssl.so.3->EVP_DigestVerify(0xaaaaecb12700, 0xaaaaecbf3f78, 4627, 0xffffcdca3570) = 1 <0.000341>
[pid 315] 15:00:44.162081 libssl.so.3->X509_verify_cert(0xaaaaecbe5660, 1, 0, 0) = 1 <0.000298>
[pid 315] 15:00:44.162645 libssl.so.3->EVP_DigestSignInit_ex(0xaaaaecbe03a0, 0xffffcdca3550, 0, 0) = 1 <0.000161>
[pid 315] 15:00:44.162853 libssl.so.3->EVP_DigestSign(0xaaaaecbe03a0, 0, 0xffffcdca3560, 0xffffcdca3570) = 1 <0.000170>
[pid 315] 15:00:44.163088 libssl.so.3->EVP_DigestSign(0xaaaaecbe03a0, 0xaaaaecbfddf0, 0xffffcdca3560, 0xffffcdca3570) = 1 <0.000429>
[pid 315] 15:00:44.163784 <... SSL_connect resumed> ) = 1 <0.041660>
[pid 315] 15:00:44.164029 oqsprovider.so->OQS_KEM_free(0xaaaaecbf1e30, 1, 7, 0xaaaaecaf5010) = 0xaaaaecaf5030 <0.000116>
Handshake duration: 41.78 ms
[pid 315] 15:00:44.165345 +++ exited (status 0) +++
Execution 59 - TLS Mutual
s_connection: verify depth is 1
[pid 317] 15:00:44.193232 openssl->SSL_connect(0xaaab22df9410, 0xaaab22dcb998, 0xffff88d540e0, 0 <unfinished ...>
[pid 317] 15:00:44.193565 libssl.so.3->EVP_PKEY_keygen_init(0xaaab22dfe7c0, 0, 0, 0xaaab22dfe830) = 1 <0.000160>
[pid 317] 15:00:44.193772 libssl.so.3->EVP_PKEY_keygen(0xaaab22dfe7c0, 0xfffff2a66420, 0, 0 <unfinished ...>
[pid 317] 15:00:44.193919 oqsprovider.so->OQS_KEM_new(0xaaab22dfe590, 0xaaab22dfddf0, 1792, 0) = 0xaaab22dfde30 <0.000119>
[pid 317] 15:00:44.194172 oqsprovider.so->OQS_KEM_keypair(0xaaab22dfde30, 0xaaab22e064e0, 0xaaab22e08140, 0xaaab22e09d80) = 0 <0.005097>
[pid 317] 15:00:44.199331 <... EVP_PKEY_keygen resumed> ) = 1 <0.005553>
[pid 317] 15:00:44.214720 libssl.so.3->EVP_PKEY_decapsulate_init(0xaaab22dfe7c0, 0, 0, 0xaaab22dfe830) = 1 <0.000231>
[pid 317] 15:00:44.214996 libssl.so.3->EVP_PKEY_decapsulate(0xaaab22dfe7c0, 0, 0xfffff2a663a0, 0xaaab22dfffca) = 1 <0.000099>
[pid 317] 15:00:44.215142 libssl.so.3->EVP_PKEY_decapsulate(0xaaab22dfe7c0, 0xaaab22df4620, 0xfffff2a663a0, 0xaaab22dfffca <unfinished ...>
[pid 317] 15:00:44.215324 oqsprovider.so->OQS_KEM_decaps(0xaaab22dfde30, 0xaaab22df4620, 0xaaab22dfffca, 0xaaab22e08140) = 0 <0.015708>
[pid 317] 15:00:44.231093 <... EVP_PKEY_decapsulate resumed> ) = 1 <0.015945>
[pid 317] 15:00:44.231880 libssl.so.3->X509_verify_cert(0xaaab22df1660, 0, 0, 0xffffffff) = 1 <0.000415>
[pid 317] 15:00:44.232536 libssl.so.3->EVP_DigestVerifyInit_ex(0xaaab22d1e700, 0xfffff2a664a8, 0, 0) = 1 <0.000115>
[pid 317] 15:00:44.232768 libssl.so.3->EVP_DigestVerify(0xaaab22d1e700, 0xaaab22dfff78, 4627, 0xfffff2a664b0) = 1 <0.000344>
[pid 317] 15:00:44.233307 libssl.so.3->X509_verify_cert(0xaaab22df1660, 1, 0, 0) = 1 <0.000263>
[pid 317] 15:00:44.233863 libssl.so.3->EVP_DigestSignInit_ex(0xaaab22dec3a0, 0xfffff2a66490, 0, 0) = 1 <0.000202>
[pid 317] 15:00:44.234126 libssl.so.3->EVP_DigestSign(0xaaab22dec3a0, 0, 0xfffff2a664a0, 0xfffff2a664b0) = 1 <0.000140>
[pid 317] 15:00:44.234311 libssl.so.3->EVP_DigestSign(0xaaab22dec3a0, 0xaaab22e09df0, 0xfffff2a664a0, 0xfffff2a664b0) = 1 <0.000825>
[pid 317] 15:00:44.235416 <... SSL_connect resumed> ) = 1 <0.042180>
[pid 317] 15:00:44.235666 oqsprovider.so->OQS_KEM_free(0xaaab22dfde30, 1, 7, 0xaaab22d01010) = 0xaaab22d01030 <0.000100>
Handshake duration: 42.32 ms
[pid 317] 15:00:44.237026 +++ exited (status 0) +++
Execution 60 - TLS Mutual
s_connection: verify depth is 1
[pid 319] 15:00:44.264938 openssl->SSL_connect(0xaaaadac0c410, 0xaaaadabde998, 0xffffa96840e0, 0 <unfinished ...>
[pid 319] 15:00:44.265258 libssl.so.3->EVP_PKEY_keygen_init(0xaaaadac117c0, 0, 0, 0xaaaadac11830) = 1 <0.000144>
[pid 319] 15:00:44.265457 libssl.so.3->EVP_PKEY_keygen(0xaaaadac117c0, 0xffffc45dbd30, 0, 0 <unfinished ...>
[pid 319] 15:00:44.265813 oqsprovider.so->OQS_KEM_new(0xaaaadac11590, 0xaaaadac10df0, 1792, 0) = 0xaaaadac10e30 <0.000106>
[pid 319] 15:00:44.266085 oqsprovider.so->OQS_KEM_keypair(0xaaaadac10e30, 0xaaaadac194e0, 0xaaaadac1b140, 0xaaaadac1cd80) = 0 <0.005035>
[pid 319] 15:00:44.271168 <... EVP_PKEY_keygen resumed> ) = 1 <0.005706>
[pid 319] 15:00:44.286610 libssl.so.3->EVP_PKEY_decapsulate_init(0xaaaadac117c0, 0, 0, 0xaaaadac11830) = 1 <0.000165>
[pid 319] 15:00:44.286823 libssl.so.3->EVP_PKEY_decapsulate(0xaaaadac117c0, 0, 0xffffc45dbcb0, 0xaaaadac12fca) = 1 <0.000111>
[pid 319] 15:00:44.286984 libssl.so.3->EVP_PKEY_decapsulate(0xaaaadac117c0, 0xaaaadac07620, 0xffffc45dbcb0, 0xaaaadac12fca <unfinished ...>
[pid 319] 15:00:44.287086 oqsprovider.so->OQS_KEM_decaps(0xaaaadac10e30, 0xaaaadac07620, 0xaaaadac12fca, 0xaaaadac1b140) = 0 <0.015485>
[pid 319] 15:00:44.302631 <... EVP_PKEY_decapsulate resumed> ) = 1 <0.015642>
[pid 319] 15:00:44.303531 libssl.so.3->X509_verify_cert(0xaaaadac04660, 0, 0, 0xffffffff) = 1 <0.000419>
[pid 319] 15:00:44.304212 libssl.so.3->EVP_DigestVerifyInit_ex(0xaaaadab31700, 0xffffc45dbdb8, 0, 0) = 1 <0.000103>
[pid 319] 15:00:44.304388 libssl.so.3->EVP_DigestVerify(0xaaaadab31700, 0xaaaadac12f78, 4627, 0xffffc45dbdc0) = 1 <0.000307>
[pid 319] 15:00:44.304928 libssl.so.3->X509_verify_cert(0xaaaadac04660, 1, 0, 0) = 1 <0.000304>
[pid 319] 15:00:44.305507 libssl.so.3->EVP_DigestSignInit_ex(0xaaaadabff3a0, 0xffffc45dbda0, 0, 0) = 1 <0.000246>
[pid 319] 15:00:44.305797 libssl.so.3->EVP_DigestSign(0xaaaadabff3a0, 0, 0xffffc45dbdb0, 0xffffc45dbdc0) = 1 <0.000107>
[pid 319] 15:00:44.305976 libssl.so.3->EVP_DigestSign(0xaaaadabff3a0, 0xaaaadac1cdf0, 0xffffc45dbdb0, 0xffffc45dbdc0) = 1 <0.000817>
[pid 319] 15:00:44.307069 <... SSL_connect resumed> ) = 1 <0.042125>
[pid 319] 15:00:44.307315 oqsprovider.so->OQS_KEM_free(0xaaaadac10e30, 1, 7, 0xaaaadab14010) = 0xaaaadab14030 <0.000133>
Handshake duration: 42.30 ms
[pid 319] 15:00:44.308790 +++ exited (status 0) +++
Execution 61 - TLS Mutual
s_connection: verify depth is 1
[pid 321] 15:00:44.337000 openssl->SSL_connect(0xaaaad49ff410, 0xaaaad49d1998, 0xffff8a6740e0, 0 <unfinished ...>
[pid 321] 15:00:44.337311 libssl.so.3->EVP_PKEY_keygen_init(0xaaaad4a047c0, 0, 0, 0xaaaad4a04830) = 1 <0.000128>
[pid 321] 15:00:44.337487 libssl.so.3->EVP_PKEY_keygen(0xaaaad4a047c0, 0xffffc4ea9a00, 0, 0 <unfinished ...>
[pid 321] 15:00:44.337716 oqsprovider.so->OQS_KEM_new(0xaaaad4a04590, 0xaaaad4a03df0, 1792, 0) = 0xaaaad4a03e30 <0.000174>
[pid 321] 15:00:44.338042 oqsprovider.so->OQS_KEM_keypair(0xaaaad4a03e30, 0xaaaad4a0c4e0, 0xaaaad4a0e140, 0xaaaad4a0fd80) = 0 <0.005088>
[pid 321] 15:00:44.343196 <... EVP_PKEY_keygen resumed> ) = 1 <0.005697>
[pid 321] 15:00:44.358662 libssl.so.3->EVP_PKEY_decapsulate_init(0xaaaad4a047c0, 0, 0, 0xaaaad4a04830) = 1 <0.000181>
[pid 321] 15:00:44.358918 libssl.so.3->EVP_PKEY_decapsulate(0xaaaad4a047c0, 0, 0xffffc4ea9980, 0xaaaad4a05fca) = 1 <0.000119>
[pid 321] 15:00:44.359160 libssl.so.3->EVP_PKEY_decapsulate(0xaaaad4a047c0, 0xaaaad49fa620, 0xffffc4ea9980, 0xaaaad4a05fca <unfinished ...>
[pid 321] 15:00:44.359303 oqsprovider.so->OQS_KEM_decaps(0xaaaad4a03e30, 0xaaaad49fa620, 0xaaaad4a05fca, 0xaaaad4a0e140) = 0 <0.015698>
[pid 321] 15:00:44.375036 <... EVP_PKEY_decapsulate resumed> ) = 1 <0.015866>
[pid 321] 15:00:44.375835 libssl.so.3->X509_verify_cert(0xaaaad49f7660, 0, 0, 0xffffffff) = 1 <0.000401>
[pid 321] 15:00:44.376438 libssl.so.3->EVP_DigestVerifyInit_ex(0xaaaad4924700, 0xffffc4ea9a88, 0, 0) = 1 <0.000127>
[pid 321] 15:00:44.376628 libssl.so.3->EVP_DigestVerify(0xaaaad4924700, 0xaaaad4a05f78, 4627, 0xffffc4ea9a90) = 1 <0.000270>
[pid 321] 15:00:44.377125 libssl.so.3->X509_verify_cert(0xaaaad49f7660, 1, 0, 0) = 1 <0.000331>
[pid 321] 15:00:44.377754 libssl.so.3->EVP_DigestSignInit_ex(0xaaaad49f23a0, 0xffffc4ea9a70, 0, 0) = 1 <0.000271>
[pid 321] 15:00:44.378067 libssl.so.3->EVP_DigestSign(0xaaaad49f23a0, 0, 0xffffc4ea9a80, 0xffffc4ea9a90) = 1 <0.000175>
[pid 321] 15:00:44.378281 libssl.so.3->EVP_DigestSign(0xaaaad49f23a0, 0xaaaad4a0fdf0, 0xffffc4ea9a80, 0xffffc4ea9a90) = 1 <0.000535>
[pid 321] 15:00:44.379113 <... SSL_connect resumed> ) = 1 <0.042107>
[pid 321] 15:00:44.379371 oqsprovider.so->OQS_KEM_free(0xaaaad4a03e30, 1, 7, 0xaaaad4907010) = 0xaaaad4907030 <0.000130>
Handshake duration: 42.30 ms
[pid 321] 15:00:44.380709 +++ exited (status 0) +++
Execution 62 - TLS Mutual
s_connection: verify depth is 1
[pid 323] 15:00:44.409754 openssl->SSL_connect(0xaaab1013e410, 0xaaab10110998, 0xffffab3840e0, 0 <unfinished ...>
[pid 323] 15:00:44.410254 libssl.so.3->EVP_PKEY_keygen_init(0xaaab101437c0, 0, 0, 0xaaab10143830) = 1 <0.000147>
[pid 323] 15:00:44.410460 libssl.so.3->EVP_PKEY_keygen(0xaaab101437c0, 0xffffdc002ad0, 0, 0 <unfinished ...>
[pid 323] 15:00:44.410601 oqsprovider.so->OQS_KEM_new(0xaaab10143590, 0xaaab10142df0, 1792, 0) = 0xaaab10142e30 <0.000129>
[pid 323] 15:00:44.410908 oqsprovider.so->OQS_KEM_keypair(0xaaab10142e30, 0xaaab1014b4e0, 0xaaab1014d140, 0xaaab1014ed80) = 0 <0.005307>
[pid 323] 15:00:44.416278 <... EVP_PKEY_keygen resumed> ) = 1 <0.005812>
[pid 323] 15:00:44.432100 libssl.so.3->EVP_PKEY_decapsulate_init(0xaaab101437c0, 0, 0, 0xaaab10143830) = 1 <0.000209>
[pid 323] 15:00:44.432361 libssl.so.3->EVP_PKEY_decapsulate(0xaaab101437c0, 0, 0xffffdc002a50, 0xaaab10144fca) = 1 <0.000118>
[pid 323] 15:00:44.432540 libssl.so.3->EVP_PKEY_decapsulate(0xaaab101437c0, 0xaaab10139620, 0xffffdc002a50, 0xaaab10144fca <unfinished ...>
[pid 323] 15:00:44.432763 oqsprovider.so->OQS_KEM_decaps(0xaaab10142e30, 0xaaab10139620, 0xaaab10144fca, 0xaaab1014d140) = 0 <0.015312>
[pid 323] 15:00:44.448135 <... EVP_PKEY_decapsulate resumed> ) = 1 <0.015589>
[pid 323] 15:00:44.449063 libssl.so.3->X509_verify_cert(0xaaab10136660, 0, 0, 0xffffffff) = 1 <0.000470>
[pid 323] 15:00:44.449783 libssl.so.3->EVP_DigestVerifyInit_ex(0xaaab10063700, 0xffffdc002b58, 0, 0) = 1 <0.000124>
[pid 323] 15:00:44.449998 libssl.so.3->EVP_DigestVerify(0xaaab10063700, 0xaaab10144f78, 4627, 0xffffdc002b60) = 1 <0.000307>
[pid 323] 15:00:44.450566 libssl.so.3->X509_verify_cert(0xaaab10136660, 1, 0, 0) = 1 <0.000317>
[pid 323] 15:00:44.451192 libssl.so.3->EVP_DigestSignInit_ex(0xaaab101313a0, 0xffffdc002b40, 0, 0) = 1 <0.000134>
[pid 323] 15:00:44.451376 libssl.so.3->EVP_DigestSign(0xaaab101313a0, 0, 0xffffdc002b50, 0xffffdc002b60) = 1 <0.000112>
[pid 323] 15:00:44.451608 libssl.so.3->EVP_DigestSign(0xaaab101313a0, 0xaaab1014edf0, 0xffffdc002b50, 0xffffdc002b60) = 1 <0.000958>
[pid 323] 15:00:44.452880 <... SSL_connect resumed> ) = 1 <0.043124>
[pid 323] 15:00:44.453128 oqsprovider.so->OQS_KEM_free(0xaaab10142e30, 1, 7, 0xaaab10046010) = 0xaaab10046030 <0.000118>
Handshake duration: 43.27 ms
[pid 323] 15:00:44.454512 +++ exited (status 0) +++
Execution 63 - TLS Mutual
s_connection: verify depth is 1
[pid 325] 15:00:44.482593 openssl->SSL_connect(0xaaaaf28a7410, 0xaaaaf2879998, 0xffff9eb540e0, 0 <unfinished ...>
[pid 325] 15:00:44.482945 libssl.so.3->EVP_PKEY_keygen_init(0xaaaaf28ac7c0, 0, 0, 0xaaaaf28ac830) = 1 <0.000109>
[pid 325] 15:00:44.483157 libssl.so.3->EVP_PKEY_keygen(0xaaaaf28ac7c0, 0xffffe99e04a0, 0, 0 <unfinished ...>
[pid 325] 15:00:44.483315 oqsprovider.so->OQS_KEM_new(0xaaaaf28ac590, 0xaaaaf28abdf0, 1792, 0) = 0xaaaaf28abe30 <0.000125>
[pid 325] 15:00:44.483610 oqsprovider.so->OQS_KEM_keypair(0xaaaaf28abe30, 0xaaaaf28b44e0, 0xaaaaf28b6140, 0xaaaaf28b7d80) = 0 <0.005115>
[pid 325] 15:00:44.488784 <... EVP_PKEY_keygen resumed> ) = 1 <0.005628>
[pid 325] 15:00:44.504457 libssl.so.3->EVP_PKEY_decapsulate_init(0xaaaaf28ac7c0, 0, 0, 0xaaaaf28ac830) = 1 <0.000191>
[pid 325] 15:00:44.504718 libssl.so.3->EVP_PKEY_decapsulate(0xaaaaf28ac7c0, 0, 0xffffe99e0420, 0xaaaaf28adfca) = 1 <0.000126>
[pid 325] 15:00:44.504907 libssl.so.3->EVP_PKEY_decapsulate(0xaaaaf28ac7c0, 0xaaaaf28a2620, 0xffffe99e0420, 0xaaaaf28adfca <unfinished ...>
[pid 325] 15:00:44.505015 oqsprovider.so->OQS_KEM_decaps(0xaaaaf28abe30, 0xaaaaf28a2620, 0xaaaaf28adfca, 0xaaaaf28b6140) = 0 <0.015742>
[pid 325] 15:00:44.520814 <... EVP_PKEY_decapsulate resumed> ) = 1 <0.015903>
[pid 325] 15:00:44.521576 libssl.so.3->X509_verify_cert(0xaaaaf289f660, 0, 0, 0xffffffff) = 1 <0.000410>
[pid 325] 15:00:44.522234 libssl.so.3->EVP_DigestVerifyInit_ex(0xaaaaf27cc700, 0xffffe99e0528, 0, 0) = 1 <0.000148>
[pid 325] 15:00:44.522455 libssl.so.3->EVP_DigestVerify(0xaaaaf27cc700, 0xaaaaf28adf78, 4627, 0xffffe99e0530) = 1 <0.000289>
[pid 325] 15:00:44.523031 libssl.so.3->X509_verify_cert(0xaaaaf289f660, 1, 0, 0) = 1 <0.000330>
[pid 325] 15:00:44.523668 libssl.so.3->EVP_DigestSignInit_ex(0xaaaaf289a3a0, 0xffffe99e0510, 0, 0) = 1 <0.000197>
[pid 325] 15:00:44.523911 libssl.so.3->EVP_DigestSign(0xaaaaf289a3a0, 0, 0xffffe99e0520, 0xffffe99e0530) = 1 <0.000182>
[pid 325] 15:00:44.524143 libssl.so.3->EVP_DigestSign(0xaaaaf289a3a0, 0xaaaaf28b7df0, 0xffffe99e0520, 0xffffe99e0530) = 1 <0.000464>
[pid 325] 15:00:44.524961 <... SSL_connect resumed> ) = 1 <0.042364>
[pid 325] 15:00:44.525213 oqsprovider.so->OQS_KEM_free(0xaaaaf28abe30, 1, 7, 0xaaaaf27af010) = 0xaaaaf27af030 <0.000119>
Handshake duration: 42.52 ms
[pid 325] 15:00:44.526516 +++ exited (status 0) +++
Execution 64 - TLS Mutual
s_connection: verify depth is 1
[pid 327] 15:00:44.554771 openssl->SSL_connect(0xaaab16c0a410, 0xaaab16bdc998, 0xffff9fd240e0, 0 <unfinished ...>
[pid 327] 15:00:44.555182 libssl.so.3->EVP_PKEY_keygen_init(0xaaab16c0f7c0, 0, 0, 0xaaab16c0f830) = 1 <0.000142>
[pid 327] 15:00:44.555381 libssl.so.3->EVP_PKEY_keygen(0xaaab16c0f7c0, 0xffffd2d48f00, 0, 0 <unfinished ...>
[pid 327] 15:00:44.555508 oqsprovider.so->OQS_KEM_new(0xaaab16c0f590, 0xaaab16c0edf0, 1792, 0) = 0xaaab16c0ee30 <0.000133>
[pid 327] 15:00:44.555876 oqsprovider.so->OQS_KEM_keypair(0xaaab16c0ee30, 0xaaab16c174e0, 0xaaab16c19140, 0xaaab16c1ad80) = 0 <0.005076>
[pid 327] 15:00:44.561011 <... EVP_PKEY_keygen resumed> ) = 1 <0.005626>
[pid 327] 15:00:44.576704 libssl.so.3->EVP_PKEY_decapsulate_init(0xaaab16c0f7c0, 0, 0, 0xaaab16c0f830) = 1 <0.000170>
[pid 327] 15:00:44.576943 libssl.so.3->EVP_PKEY_decapsulate(0xaaab16c0f7c0, 0, 0xffffd2d48e80, 0xaaab16c10fca) = 1 <0.000103>
[pid 327] 15:00:44.577100 libssl.so.3->EVP_PKEY_decapsulate(0xaaab16c0f7c0, 0xaaab16c05620, 0xffffd2d48e80, 0xaaab16c10fca <unfinished ...>
[pid 327] 15:00:44.577196 oqsprovider.so->OQS_KEM_decaps(0xaaab16c0ee30, 0xaaab16c05620, 0xaaab16c10fca, 0xaaab16c19140) = 0 <0.015600>
[pid 327] 15:00:44.592868 <... EVP_PKEY_decapsulate resumed> ) = 1 <0.015751>
[pid 327] 15:00:44.593662 libssl.so.3->X509_verify_cert(0xaaab16c02660, 0, 0, 0xffffffff) = 1 <0.000438>
[pid 327] 15:00:44.594312 libssl.so.3->EVP_DigestVerifyInit_ex(0xaaab16b2f700, 0xffffd2d48f88, 0, 0) = 1 <0.000120>
[pid 327] 15:00:44.594483 libssl.so.3->EVP_DigestVerify(0xaaab16b2f700, 0xaaab16c10f78, 4627, 0xffffd2d48f90) = 1 <0.000306>
[pid 327] 15:00:44.595032 libssl.so.3->X509_verify_cert(0xaaab16c02660, 1, 0, 0) = 1 <0.000314>
[pid 327] 15:00:44.595616 libssl.so.3->EVP_DigestSignInit_ex(0xaaab16bfd3a0, 0xffffd2d48f70, 0, 0) = 1 <0.000276>
[pid 327] 15:00:44.595938 libssl.so.3->EVP_DigestSign(0xaaab16bfd3a0, 0, 0xffffd2d48f80, 0xffffd2d48f90) = 1 <0.000144>
[pid 327] 15:00:44.596136 libssl.so.3->EVP_DigestSign(0xaaab16bfd3a0, 0xaaab16c1adf0, 0xffffd2d48f80, 0xffffd2d48f90) = 1 <0.001611>
[pid 327] 15:00:44.598076 <... SSL_connect resumed> ) = 1 <0.043298>
[pid 327] 15:00:44.598329 oqsprovider.so->OQS_KEM_free(0xaaab16c0ee30, 1, 7, 0xaaab16b12010) = 0xaaab16b12030 <0.000101>
Handshake duration: 43.46 ms
[pid 327] 15:00:44.599752 +++ exited (status 0) +++
Execution 65 - TLS Mutual
s_connection: verify depth is 1
[pid 329] 15:00:44.627856 openssl->SSL_connect(0xaaaac4ffb410, 0xaaaac4fcd998, 0xffff968240e0, 0 <unfinished ...>
[pid 329] 15:00:44.628195 libssl.so.3->EVP_PKEY_keygen_init(0xaaaac50007c0, 0, 0, 0xaaaac5000830) = 1 <0.000120>
[pid 329] 15:00:44.628387 libssl.so.3->EVP_PKEY_keygen(0xaaaac50007c0, 0xfffffd4dacd0, 0, 0 <unfinished ...>
[pid 329] 15:00:44.628566 oqsprovider.so->OQS_KEM_new(0xaaaac5000590, 0xaaaac4fffdf0, 1792, 0) = 0xaaaac4fffe30 <0.000130>
[pid 329] 15:00:44.628833 oqsprovider.so->OQS_KEM_keypair(0xaaaac4fffe30, 0xaaaac50084e0, 0xaaaac500a140, 0xaaaac500bd80) = 0 <0.005085>
[pid 329] 15:00:44.633981 <... EVP_PKEY_keygen resumed> ) = 1 <0.005588>
[pid 329] 15:00:44.649384 libssl.so.3->EVP_PKEY_decapsulate_init(0xaaaac50007c0, 0, 0, 0xaaaac5000830) = 1 <0.000160>
[pid 329] 15:00:44.649626 libssl.so.3->EVP_PKEY_decapsulate(0xaaaac50007c0, 0, 0xfffffd4dac50, 0xaaaac5001fca) = 1 <0.000122>
[pid 329] 15:00:44.649816 libssl.so.3->EVP_PKEY_decapsulate(0xaaaac50007c0, 0xaaaac4ff6620, 0xfffffd4dac50, 0xaaaac5001fca <unfinished ...>
[pid 329] 15:00:44.649912 oqsprovider.so->OQS_KEM_decaps(0xaaaac4fffe30, 0xaaaac4ff6620, 0xaaaac5001fca, 0xaaaac500a140) = 0 <0.015623>
[pid 329] 15:00:44.665588 <... EVP_PKEY_decapsulate resumed> ) = 1 <0.015769>
[pid 329] 15:00:44.666445 libssl.so.3->X509_verify_cert(0xaaaac4ff3660, 0, 0, 0xffffffff) = 1 <0.000450>
[pid 329] 15:00:44.667159 libssl.so.3->EVP_DigestVerifyInit_ex(0xaaaac4f20700, 0xfffffd4dad58, 0, 0) = 1 <0.000117>
[pid 329] 15:00:44.667357 libssl.so.3->EVP_DigestVerify(0xaaaac4f20700, 0xaaaac5001f78, 4627, 0xfffffd4dad60) = 1 <0.000483>
[pid 329] 15:00:44.668095 libssl.so.3->X509_verify_cert(0xaaaac4ff3660, 1, 0, 0) = 1 <0.000329>
[pid 329] 15:00:44.668690 libssl.so.3->EVP_DigestSignInit_ex(0xaaaac4fee3a0, 0xfffffd4dad40, 0, 0) = 1 <0.000131>
[pid 329] 15:00:44.668859 libssl.so.3->EVP_DigestSign(0xaaaac4fee3a0, 0, 0xfffffd4dad50, 0xfffffd4dad60) = 1 <0.000139>
[pid 329] 15:00:44.669079 libssl.so.3->EVP_DigestSign(0xaaaac4fee3a0, 0xaaaac500bdf0, 0xfffffd4dad50, 0xfffffd4dad60) = 1 <0.000685>
[pid 329] 15:00:44.670030 <... SSL_connect resumed> ) = 1 <0.042168>
[pid 329] 15:00:44.670269 oqsprovider.so->OQS_KEM_free(0xaaaac4fffe30, 1, 7, 0xaaaac4f03010) = 0xaaaac4f03030 <0.000115>
Handshake duration: 42.34 ms
[pid 329] 15:00:44.671618 +++ exited (status 0) +++
Execution 66 - TLS Mutual
s_connection: verify depth is 1
[pid 331] 15:00:44.699616 openssl->SSL_connect(0xaaaabb4e7410, 0xaaaabb4b9998, 0xffff875f40e0, 0 <unfinished ...>
[pid 331] 15:00:44.699927 libssl.so.3->EVP_PKEY_keygen_init(0xaaaabb4ec7c0, 0, 0, 0xaaaabb4ec830) = 1 <0.000099>
[pid 331] 15:00:44.700072 libssl.so.3->EVP_PKEY_keygen(0xaaaabb4ec7c0, 0xfffff9070380, 0, 0 <unfinished ...>
[pid 331] 15:00:44.700219 oqsprovider.so->OQS_KEM_new(0xaaaabb4ec590, 0xaaaabb4ebdf0, 1792, 0) = 0xaaaabb4ebe30 <0.000113>
[pid 331] 15:00:44.700462 oqsprovider.so->OQS_KEM_keypair(0xaaaabb4ebe30, 0xaaaabb4f44e0, 0xaaaabb4f6140, 0xaaaabb4f7d80) = 0 <0.005004>
[pid 331] 15:00:44.705530 <... EVP_PKEY_keygen resumed> ) = 1 <0.005450>
[pid 331] 15:00:44.721007 libssl.so.3->EVP_PKEY_decapsulate_init(0xaaaabb4ec7c0, 0, 0, 0xaaaabb4ec830) = 1 <0.000158>
[pid 331] 15:00:44.721228 libssl.so.3->EVP_PKEY_decapsulate(0xaaaabb4ec7c0, 0, 0xfffff9070300, 0xaaaabb4edfca) = 1 <0.000122>
[pid 331] 15:00:44.721394 libssl.so.3->EVP_PKEY_decapsulate(0xaaaabb4ec7c0, 0xaaaabb4e2620, 0xfffff9070300, 0xaaaabb4edfca <unfinished ...>
[pid 331] 15:00:44.721572 oqsprovider.so->OQS_KEM_decaps(0xaaaabb4ebe30, 0xaaaabb4e2620, 0xaaaabb4edfca, 0xaaaabb4f6140) = 0 <0.015543>
[pid 331] 15:00:44.737183 <... EVP_PKEY_decapsulate resumed> ) = 1 <0.015771>
[pid 331] 15:00:44.737972 libssl.so.3->X509_verify_cert(0xaaaabb4df660, 0, 0, 0xffffffff) = 1 <0.000401>
[pid 331] 15:00:44.738618 libssl.so.3->EVP_DigestVerifyInit_ex(0xaaaabb40c700, 0xfffff9070408, 0, 0) = 1 <0.000207>
[pid 331] 15:00:44.738875 libssl.so.3->EVP_DigestVerify(0xaaaabb40c700, 0xaaaabb4edf78, 4627, 0xfffff9070410) = 1 <0.000390>
[pid 331] 15:00:44.739493 libssl.so.3->X509_verify_cert(0xaaaabb4df660, 1, 0, 0) = 1 <0.000345>
[pid 331] 15:00:44.740140 libssl.so.3->EVP_DigestSignInit_ex(0xaaaabb4da3a0, 0xfffff90703f0, 0, 0) = 1 <0.000186>
[pid 331] 15:00:44.740384 libssl.so.3->EVP_DigestSign(0xaaaabb4da3a0, 0, 0xfffff9070400, 0xfffff9070410) = 1 <0.000099>
[pid 331] 15:00:44.740564 libssl.so.3->EVP_DigestSign(0xaaaabb4da3a0, 0xaaaabb4f7df0, 0xfffff9070400, 0xfffff9070410) = 1 <0.000512>
[pid 331] 15:00:44.741362 <... SSL_connect resumed> ) = 1 <0.041740>
[pid 331] 15:00:44.741579 oqsprovider.so->OQS_KEM_free(0xaaaabb4ebe30, 1, 7, 0xaaaabb3ef010) = 0xaaaabb3ef030 <0.000082>
Handshake duration: 41.89 ms
[pid 331] 15:00:44.742963 +++ exited (status 0) +++
Execution 67 - TLS Mutual
s_connection: verify depth is 1
[pid 333] 15:00:44.771021 openssl->SSL_connect(0xaaaaf9c46410, 0xaaaaf9c18998, 0xffff86b140e0, 0 <unfinished ...>
[pid 333] 15:00:44.771373 libssl.so.3->EVP_PKEY_keygen_init(0xaaaaf9c4b7c0, 0, 0, 0xaaaaf9c4b830) = 1 <0.000115>
[pid 333] 15:00:44.771603 libssl.so.3->EVP_PKEY_keygen(0xaaaaf9c4b7c0, 0xffffee599510, 0, 0 <unfinished ...>
[pid 333] 15:00:44.771795 oqsprovider.so->OQS_KEM_new(0xaaaaf9c4b590, 0xaaaaf9c4adf0, 1792, 0) = 0xaaaaf9c4ae30 <0.000095>
[pid 333] 15:00:44.772061 oqsprovider.so->OQS_KEM_keypair(0xaaaaf9c4ae30, 0xaaaaf9c534e0, 0xaaaaf9c55140, 0xaaaaf9c56d80) = 0 <0.005066>
[pid 333] 15:00:44.777192 <... EVP_PKEY_keygen resumed> ) = 1 <0.005601>
[pid 333] 15:00:44.792693 libssl.so.3->EVP_PKEY_decapsulate_init(0xaaaaf9c4b7c0, 0, 0, 0xaaaaf9c4b830) = 1 <0.000133>
[pid 333] 15:00:44.792905 libssl.so.3->EVP_PKEY_decapsulate(0xaaaaf9c4b7c0, 0, 0xffffee599490, 0xaaaaf9c4cfca) = 1 <0.000185>
[pid 333] 15:00:44.793187 libssl.so.3->EVP_PKEY_decapsulate(0xaaaaf9c4b7c0, 0xaaaaf9c41620, 0xffffee599490, 0xaaaaf9c4cfca <unfinished ...>
[pid 333] 15:00:44.793425 oqsprovider.so->OQS_KEM_decaps(0xaaaaf9c4ae30, 0xaaaaf9c41620, 0xaaaaf9c4cfca, 0xaaaaf9c55140) = 0 <0.015587>
[pid 333] 15:00:44.809070 <... EVP_PKEY_decapsulate resumed> ) = 1 <0.015906>
[pid 333] 15:00:44.809931 libssl.so.3->X509_verify_cert(0xaaaaf9c3e660, 0, 0, 0xffffffff) = 1 <0.000376>
[pid 333] 15:00:44.810526 libssl.so.3->EVP_DigestVerifyInit_ex(0xaaaaf9b6b700, 0xffffee599598, 0, 0) = 1 <0.000109>
[pid 333] 15:00:44.810669 libssl.so.3->EVP_DigestVerify(0xaaaaf9b6b700, 0xaaaaf9c4cf78, 4627, 0xffffee5995a0) = 1 <0.000361>
[pid 333] 15:00:44.811269 libssl.so.3->X509_verify_cert(0xaaaaf9c3e660, 1, 0, 0) = 1 <0.000315>
[pid 333] 15:00:44.811903 libssl.so.3->EVP_DigestSignInit_ex(0xaaaaf9c393a0, 0xffffee599580, 0, 0) = 1 <0.000217>
[pid 333] 15:00:44.812214 libssl.so.3->EVP_DigestSign(0xaaaaf9c393a0, 0, 0xffffee599590, 0xffffee5995a0) = 1 <0.000105>
[pid 333] 15:00:44.812385 libssl.so.3->EVP_DigestSign(0xaaaaf9c393a0, 0xaaaaf9c56df0, 0xffffee599590, 0xffffee5995a0) = 1 <0.000698>
[pid 333] 15:00:44.813337 <... SSL_connect resumed> ) = 1 <0.042313>
[pid 333] 15:00:44.813554 oqsprovider.so->OQS_KEM_free(0xaaaaf9c4ae30, 1, 7, 0xaaaaf9b4e010) = 0xaaaaf9b4e030 <0.000186>
Handshake duration: 42.42 ms
[pid 333] 15:00:44.814980 +++ exited (status 0) +++
Execution 68 - TLS Mutual
s_connection: verify depth is 1
[pid 335] 15:00:44.842885 openssl->SSL_connect(0xaaaae783c410, 0xaaaae780e998, 0xffff801340e0, 0 <unfinished ...>
[pid 335] 15:00:44.843173 libssl.so.3->EVP_PKEY_keygen_init(0xaaaae78417c0, 0, 0, 0xaaaae7841830) = 1 <0.000130>
[pid 335] 15:00:44.843358 libssl.so.3->EVP_PKEY_keygen(0xaaaae78417c0, 0xfffff2b56940, 0, 0 <unfinished ...>
[pid 335] 15:00:44.843516 oqsprovider.so->OQS_KEM_new(0xaaaae7841590, 0xaaaae7840df0, 1792, 0) = 0xaaaae7840e30 <0.000106>
[pid 335] 15:00:44.843817 oqsprovider.so->OQS_KEM_keypair(0xaaaae7840e30, 0xaaaae78494e0, 0xaaaae784b140, 0xaaaae784cd80) = 0 <0.005296>
[pid 335] 15:00:44.849177 <... EVP_PKEY_keygen resumed> ) = 1 <0.005809>
[pid 335] 15:00:44.864547 libssl.so.3->EVP_PKEY_decapsulate_init(0xaaaae78417c0, 0, 0, 0xaaaae7841830) = 1 <0.000195>
[pid 335] 15:00:44.864811 libssl.so.3->EVP_PKEY_decapsulate(0xaaaae78417c0, 0, 0xfffff2b568c0, 0xaaaae7842fca) = 1 <0.000146>
[pid 335] 15:00:44.865053 libssl.so.3->EVP_PKEY_decapsulate(0xaaaae78417c0, 0xaaaae7837620, 0xfffff2b568c0, 0xaaaae7842fca <unfinished ...>
[pid 335] 15:00:44.865259 oqsprovider.so->OQS_KEM_decaps(0xaaaae7840e30, 0xaaaae7837620, 0xaaaae7842fca, 0xaaaae784b140) = 0 <0.015548>
[pid 335] 15:00:44.880868 <... EVP_PKEY_decapsulate resumed> ) = 1 <0.015808>
[pid 335] 15:00:44.881700 libssl.so.3->X509_verify_cert(0xaaaae7834660, 0, 0, 0xffffffff) = 1 <0.000456>
[pid 335] 15:00:44.882373 libssl.so.3->EVP_DigestVerifyInit_ex(0xaaaae7761700, 0xfffff2b569c8, 0, 0) = 1 <0.000140>
[pid 335] 15:00:44.882565 libssl.so.3->EVP_DigestVerify(0xaaaae7761700, 0xaaaae7842f78, 4627, 0xfffff2b569d0) = 1 <0.000293>
[pid 335] 15:00:44.883095 libssl.so.3->X509_verify_cert(0xaaaae7834660, 1, 0, 0) = 1 <0.000329>
[pid 335] 15:00:44.883697 libssl.so.3->EVP_DigestSignInit_ex(0xaaaae782f3a0, 0xfffff2b569b0, 0, 0) = 1 <0.000117>
[pid 335] 15:00:44.883902 libssl.so.3->EVP_DigestSign(0xaaaae782f3a0, 0, 0xfffff2b569c0, 0xfffff2b569d0) = 1 <0.000143>
[pid 335] 15:00:44.884116 libssl.so.3->EVP_DigestSign(0xaaaae782f3a0, 0xaaaae784cdf0, 0xfffff2b569c0, 0xfffff2b569d0) = 1 <0.000482>
[pid 335] 15:00:44.884938 <... SSL_connect resumed> ) = 1 <0.042048>
[pid 335] 15:00:44.885186 oqsprovider.so->OQS_KEM_free(0xaaaae7840e30, 1, 7, 0xaaaae7744010) = 0xaaaae7744030 <0.000091>
Handshake duration: 42.21 ms
[pid 335] 15:00:44.886442 +++ exited (status 0) +++
Execution 69 - TLS Mutual
s_connection: verify depth is 1
[pid 337] 15:00:44.914900 openssl->SSL_connect(0xaaaae4e14410, 0xaaaae4de6998, 0xffffb0fe40e0, 0 <unfinished ...>
[pid 337] 15:00:44.915202 libssl.so.3->EVP_PKEY_keygen_init(0xaaaae4e197c0, 0, 0, 0xaaaae4e19830) = 1 <0.000108>
[pid 337] 15:00:44.915378 libssl.so.3->EVP_PKEY_keygen(0xaaaae4e197c0, 0xffffcbb30570, 0, 0 <unfinished ...>
[pid 337] 15:00:44.915483 oqsprovider.so->OQS_KEM_new(0xaaaae4e19590, 0xaaaae4e18df0, 1792, 0) = 0xaaaae4e18e30 <0.000103>
[pid 337] 15:00:44.915725 oqsprovider.so->OQS_KEM_keypair(0xaaaae4e18e30, 0xaaaae4e214e0, 0xaaaae4e23140, 0xaaaae4e24d80) = 0 <0.005056>
[pid 337] 15:00:44.920841 <... EVP_PKEY_keygen resumed> ) = 1 <0.005461>
[pid 337] 15:00:44.936291 libssl.so.3->EVP_PKEY_decapsulate_init(0xaaaae4e197c0, 0, 0, 0xaaaae4e19830) = 1 <0.000151>
[pid 337] 15:00:44.936553 libssl.so.3->EVP_PKEY_decapsulate(0xaaaae4e197c0, 0, 0xffffcbb304f0, 0xaaaae4e1afca) = 1 <0.000062>
[pid 337] 15:00:44.936777 libssl.so.3->EVP_PKEY_decapsulate(0xaaaae4e197c0, 0xaaaae4e0f620, 0xffffcbb304f0, 0xaaaae4e1afca <unfinished ...>
[pid 337] 15:00:44.936935 oqsprovider.so->OQS_KEM_decaps(0xaaaae4e18e30, 0xaaaae4e0f620, 0xaaaae4e1afca, 0xaaaae4e23140) = 0 <0.015671>
[pid 337] 15:00:44.952671 <... EVP_PKEY_decapsulate resumed> ) = 1 <0.015886>
[pid 337] 15:00:44.953446 libssl.so.3->X509_verify_cert(0xaaaae4e0c660, 0, 0, 0xffffffff) = 1 <0.000439>
[pid 337] 15:00:44.954151 libssl.so.3->EVP_DigestVerifyInit_ex(0xaaaae4d39700, 0xffffcbb305f8, 0, 0) = 1 <0.000135>
[pid 337] 15:00:44.954328 libssl.so.3->EVP_DigestVerify(0xaaaae4d39700, 0xaaaae4e1af78, 4627, 0xffffcbb30600) = 1 <0.000278>
[pid 337] 15:00:44.954873 libssl.so.3->X509_verify_cert(0xaaaae4e0c660, 1, 0, 0) = 1 <0.000284>
[pid 337] 15:00:44.955429 libssl.so.3->EVP_DigestSignInit_ex(0xaaaae4e073a0, 0xffffcbb305e0, 0, 0) = 1 <0.000136>
[pid 337] 15:00:44.955689 libssl.so.3->EVP_DigestSign(0xaaaae4e073a0, 0, 0xffffcbb305f0, 0xffffcbb30600) = 1 <0.000152>
[pid 337] 15:00:44.955893 libssl.so.3->EVP_DigestSign(0xaaaae4e073a0, 0xaaaae4e24df0, 0xffffcbb305f0, 0xffffcbb30600) = 1 <0.000587>
[pid 337] 15:00:44.956800 <... SSL_connect resumed> ) = 1 <0.041893>
[pid 337] 15:00:44.957077 oqsprovider.so->OQS_KEM_free(0xaaaae4e18e30, 1, 7, 0xaaaae4d1c010) = 0xaaaae4d1c030 <0.000117>
Handshake duration: 42.02 ms
[pid 337] 15:00:44.958485 +++ exited (status 0) +++
Execution 70 - TLS Mutual
s_connection: verify depth is 1
[pid 339] 15:00:44.985399 openssl->SSL_connect(0xaaaad75e7410, 0xaaaad75b9998, 0xffffaf7340e0, 0 <unfinished ...>
[pid 339] 15:00:44.985756 libssl.so.3->EVP_PKEY_keygen_init(0xaaaad75ec7c0, 0, 0, 0xaaaad75ec830) = 1 <0.000094>
[pid 339] 15:00:44.985904 libssl.so.3->EVP_PKEY_keygen(0xaaaad75ec7c0, 0xffffdde876c0, 0, 0 <unfinished ...>
[pid 339] 15:00:44.986024 oqsprovider.so->OQS_KEM_new(0xaaaad75ec590, 0xaaaad75ebdf0, 1792, 0) = 0xaaaad75ebe30 <0.000149>
[pid 339] 15:00:44.986284 oqsprovider.so->OQS_KEM_keypair(0xaaaad75ebe30, 0xaaaad75f44e0, 0xaaaad75f6140, 0xaaaad75f7d80) = 0 <0.005023>
[pid 339] 15:00:44.991371 <... EVP_PKEY_keygen resumed> ) = 1 <0.005459>
[pid 339] 15:00:45.006926 libssl.so.3->EVP_PKEY_decapsulate_init(0xaaaad75ec7c0, 0, 0, 0xaaaad75ec830) = 1 <0.000245>
[pid 339] 15:00:45.007220 libssl.so.3->EVP_PKEY_decapsulate(0xaaaad75ec7c0, 0, 0xffffdde87640, 0xaaaad75edfca) = 1 <0.000152>
[pid 339] 15:00:45.007440 libssl.so.3->EVP_PKEY_decapsulate(0xaaaad75ec7c0, 0xaaaad75e2620, 0xffffdde87640, 0xaaaad75edfca <unfinished ...>
[pid 339] 15:00:45.007579 oqsprovider.so->OQS_KEM_decaps(0xaaaad75ebe30, 0xaaaad75e2620, 0xaaaad75edfca, 0xaaaad75f6140) = 0 <0.015426>
[pid 339] 15:00:45.023066 <... EVP_PKEY_decapsulate resumed> ) = 1 <0.015619>
[pid 339] 15:00:45.023863 libssl.so.3->X509_verify_cert(0xaaaad75df660, 0, 0, 0xffffffff) = 1 <0.000391>
[pid 339] 15:00:45.024489 libssl.so.3->EVP_DigestVerifyInit_ex(0xaaaad750c700, 0xffffdde87748, 0, 0) = 1 <0.000099>
[pid 339] 15:00:45.024685 libssl.so.3->EVP_DigestVerify(0xaaaad750c700, 0xaaaad75edf78, 4627, 0xffffdde87750) = 1 <0.000375>
[pid 339] 15:00:45.025279 libssl.so.3->X509_verify_cert(0xaaaad75df660, 1, 0, 0) = 1 <0.000332>
[pid 339] 15:00:45.025923 libssl.so.3->EVP_DigestSignInit_ex(0xaaaad75da3a0, 0xffffdde87730, 0, 0) = 1 <0.000214>
[pid 339] 15:00:45.026187 libssl.so.3->EVP_DigestSign(0xaaaad75da3a0, 0, 0xffffdde87740, 0xffffdde87750) = 1 <0.000110>
[pid 339] 15:00:45.026351 libssl.so.3->EVP_DigestSign(0xaaaad75da3a0, 0xaaaad75f7df0, 0xffffdde87740, 0xffffdde87750) = 1 <0.000449>
[pid 339] 15:00:45.027055 <... SSL_connect resumed> ) = 1 <0.041649>
[pid 339] 15:00:45.027317 oqsprovider.so->OQS_KEM_free(0xaaaad75ebe30, 1, 7, 0xaaaad74ef010) = 0xaaaad74ef030 <0.000149>
Handshake duration: 41.80 ms
[pid 339] 15:00:45.028649 +++ exited (status 0) +++
Execution 71 - TLS Mutual
s_connection: verify depth is 1
[pid 341] 15:00:45.056636 openssl->SSL_connect(0xaaab190f7410, 0xaaab190c9998, 0xffffbab240e0, 0 <unfinished ...>
[pid 341] 15:00:45.056974 libssl.so.3->EVP_PKEY_keygen_init(0xaaab190fc7c0, 0, 0, 0xaaab190fc830) = 1 <0.000129>
[pid 341] 15:00:45.057181 libssl.so.3->EVP_PKEY_keygen(0xaaab190fc7c0, 0xffffde6c03e0, 0, 0 <unfinished ...>
[pid 341] 15:00:45.057372 oqsprovider.so->OQS_KEM_new(0xaaab190fc590, 0xaaab190fbdf0, 1792, 0) = 0xaaab190fbe30 <0.000124>
[pid 341] 15:00:45.057666 oqsprovider.so->OQS_KEM_keypair(0xaaab190fbe30, 0xaaab191044e0, 0xaaab19106140, 0xaaab19107d80) = 0 <0.005098>
[pid 341] 15:00:45.062823 <... EVP_PKEY_keygen resumed> ) = 1 <0.005654>
[pid 341] 15:00:45.078274 libssl.so.3->EVP_PKEY_decapsulate_init(0xaaab190fc7c0, 0, 0, 0xaaab190fc830) = 1 <0.000205>
[pid 341] 15:00:45.078527 libssl.so.3->EVP_PKEY_decapsulate(0xaaab190fc7c0, 0, 0xffffde6c0360, 0xaaab190fdfca) = 1 <0.000222>
[pid 341] 15:00:45.078813 libssl.so.3->EVP_PKEY_decapsulate(0xaaab190fc7c0, 0xaaab190f2620, 0xffffde6c0360, 0xaaab190fdfca <unfinished ...>
[pid 341] 15:00:45.078961 oqsprovider.so->OQS_KEM_decaps(0xaaab190fbe30, 0xaaab190f2620, 0xaaab190fdfca, 0xaaab19106140) = 0 <0.015524>
[pid 341] 15:00:45.094548 <... EVP_PKEY_decapsulate resumed> ) = 1 <0.015733>
[pid 341] 15:00:45.095306 libssl.so.3->X509_verify_cert(0xaaab190ef660, 0, 0, 0xffffffff) = 1 <0.000405>
[pid 341] 15:00:45.095960 libssl.so.3->EVP_DigestVerifyInit_ex(0xaaab1901c700, 0xffffde6c0468, 0, 0) = 1 <0.000117>
[pid 341] 15:00:45.096174 libssl.so.3->EVP_DigestVerify(0xaaab1901c700, 0xaaab190fdf78, 4627, 0xffffde6c0470) = 1 <0.000298>
[pid 341] 15:00:45.096705 libssl.so.3->X509_verify_cert(0xaaab190ef660, 1, 0, 0) = 1 <0.000315>
[pid 341] 15:00:45.097297 libssl.so.3->EVP_DigestSignInit_ex(0xaaab190ea3a0, 0xffffde6c0450, 0, 0) = 1 <0.000181>
[pid 341] 15:00:45.097556 libssl.so.3->EVP_DigestSign(0xaaab190ea3a0, 0, 0xffffde6c0460, 0xffffde6c0470) = 1 <0.000144>
[pid 341] 15:00:45.097770 libssl.so.3->EVP_DigestSign(0xaaab190ea3a0, 0xaaab19107df0, 0xffffde6c0460, 0xffffde6c0470) = 1 <0.000778>
[pid 341] 15:00:45.098839 <... SSL_connect resumed> ) = 1 <0.042197>
[pid 341] 15:00:45.099095 oqsprovider.so->OQS_KEM_free(0xaaab190fbe30, 1, 7, 0xaaab18fff010) = 0xaaab18fff030 <0.000090>
Handshake duration: 42.36 ms
[pid 341] 15:00:45.100392 +++ exited (status 0) +++
Execution 72 - TLS Mutual
s_connection: verify depth is 1
[pid 343] 15:00:45.128238 openssl->SSL_connect(0xaaaaf29b1410, 0xaaaaf2983998, 0xffffafc840e0, 0 <unfinished ...>
[pid 343] 15:00:45.128550 libssl.so.3->EVP_PKEY_keygen_init(0xaaaaf29b67c0, 0, 0, 0xaaaaf29b6830) = 1 <0.000096>
[pid 343] 15:00:45.128732 libssl.so.3->EVP_PKEY_keygen(0xaaaaf29b67c0, 0xffffd2c4a2f0, 0, 0 <unfinished ...>
[pid 343] 15:00:45.128870 oqsprovider.so->OQS_KEM_new(0xaaaaf29b6590, 0xaaaaf29b5df0, 1792, 0) = 0xaaaaf29b5e30 <0.000162>
[pid 343] 15:00:45.129198 oqsprovider.so->OQS_KEM_keypair(0xaaaaf29b5e30, 0xaaaaf29be4e0, 0xaaaaf29c0140, 0xaaaaf29c1d80) = 0 <0.005173>
[pid 343] 15:00:45.134434 <... EVP_PKEY_keygen resumed> ) = 1 <0.005712>
[pid 343] 15:00:45.149731 libssl.so.3->EVP_PKEY_decapsulate_init(0xaaaaf29b67c0, 0, 0, 0xaaaaf29b6830) = 1 <0.000195>
[pid 343] 15:00:45.149995 libssl.so.3->EVP_PKEY_decapsulate(0xaaaaf29b67c0, 0, 0xffffd2c4a270, 0xaaaaf29b7fca) = 1 <0.000129>
[pid 343] 15:00:45.150181 libssl.so.3->EVP_PKEY_decapsulate(0xaaaaf29b67c0, 0xaaaaf29ac620, 0xffffd2c4a270, 0xaaaaf29b7fca <unfinished ...>
[pid 343] 15:00:45.150373 oqsprovider.so->OQS_KEM_decaps(0xaaaaf29b5e30, 0xaaaaf29ac620, 0xaaaaf29b7fca, 0xaaaaf29c0140) = 0 <0.015998>
[pid 343] 15:00:45.166431 <... EVP_PKEY_decapsulate resumed> ) = 1 <0.016247>
[pid 343] 15:00:45.167221 libssl.so.3->X509_verify_cert(0xaaaaf29a9660, 0, 0, 0xffffffff) = 1 <0.000396>
[pid 343] 15:00:45.167864 libssl.so.3->EVP_DigestVerifyInit_ex(0xaaaaf28d6700, 0xffffd2c4a378, 0, 0) = 1 <0.000143>
[pid 343] 15:00:45.168064 libssl.so.3->EVP_DigestVerify(0xaaaaf28d6700, 0xaaaaf29b7f78, 4627, 0xffffd2c4a380) = 1 <0.000259>
[pid 343] 15:00:45.168559 libssl.so.3->X509_verify_cert(0xaaaaf29a9660, 1, 0, 0) = 1 <0.000342>
[pid 343] 15:00:45.169194 libssl.so.3->EVP_DigestSignInit_ex(0xaaaaf29a43a0, 0xffffd2c4a360, 0, 0) = 1 <0.000128>
[pid 343] 15:00:45.169408 libssl.so.3->EVP_DigestSign(0xaaaaf29a43a0, 0, 0xffffd2c4a370, 0xffffd2c4a380) = 1 <0.000226>
[pid 343] 15:00:45.169688 libssl.so.3->EVP_DigestSign(0xaaaaf29a43a0, 0xaaaaf29c1df0, 0xffffd2c4a370, 0xffffd2c4a380) = 1 <0.000518>
[pid 343] 15:00:45.170514 <... SSL_connect resumed> ) = 1 <0.042270>
[pid 343] 15:00:45.170785 oqsprovider.so->OQS_KEM_free(0xaaaaf29b5e30, 1, 7, 0xaaaaf28b9010) = 0xaaaaf28b9030 <0.000122>
Handshake duration: 42.40 ms
[pid 343] 15:00:45.172185 +++ exited (status 0) +++
Execution 73 - TLS Mutual
s_connection: verify depth is 1
[pid 345] 15:00:45.200861 openssl->SSL_connect(0xaaaaedafa410, 0xaaaaedacc998, 0xffffa98140e0, 0 <unfinished ...>
[pid 345] 15:00:45.201173 libssl.so.3->EVP_PKEY_keygen_init(0xaaaaedaff7c0, 0, 0, 0xaaaaedaff830) = 1 <0.000102>
[pid 345] 15:00:45.201331 libssl.so.3->EVP_PKEY_keygen(0xaaaaedaff7c0, 0xffffd6376990, 0, 0 <unfinished ...>
[pid 345] 15:00:45.201506 oqsprovider.so->OQS_KEM_new(0xaaaaedaff590, 0xaaaaedafedf0, 1792, 0) = 0xaaaaedafee30 <0.000187>
[pid 345] 15:00:45.201899 oqsprovider.so->OQS_KEM_keypair(0xaaaaedafee30, 0xaaaaedb074e0, 0xaaaaedb09140, 0xaaaaedb0ad80) = 0 <0.005130>
[pid 345] 15:00:45.207085 <... EVP_PKEY_keygen resumed> ) = 1 <0.005748>
[pid 345] 15:00:45.222598 libssl.so.3->EVP_PKEY_decapsulate_init(0xaaaaedaff7c0, 0, 0, 0xaaaaedaff830) = 1 <0.000166>
[pid 345] 15:00:45.222859 libssl.so.3->EVP_PKEY_decapsulate(0xaaaaedaff7c0, 0, 0xffffd6376910, 0xaaaaedb00fca) = 1 <0.000107>
[pid 345] 15:00:45.223015 libssl.so.3->EVP_PKEY_decapsulate(0xaaaaedaff7c0, 0xaaaaedaf5620, 0xffffd6376910, 0xaaaaedb00fca <unfinished ...>
[pid 345] 15:00:45.223121 oqsprovider.so->OQS_KEM_decaps(0xaaaaedafee30, 0xaaaaedaf5620, 0xaaaaedb00fca, 0xaaaaedb09140) = 0 <0.015646>
[pid 345] 15:00:45.238826 <... EVP_PKEY_decapsulate resumed> ) = 1 <0.015804>
[pid 345] 15:00:45.239587 libssl.so.3->X509_verify_cert(0xaaaaedaf2660, 0, 0, 0xffffffff) = 1 <0.000381>
[pid 345] 15:00:45.240198 libssl.so.3->EVP_DigestVerifyInit_ex(0xaaaaeda1f700, 0xffffd6376a18, 0, 0) = 1 <0.000114>
[pid 345] 15:00:45.240364 libssl.so.3->EVP_DigestVerify(0xaaaaeda1f700, 0xaaaaedb00f78, 4627, 0xffffd6376a20) = 1 <0.000327>
[pid 345] 15:00:45.240926 libssl.so.3->X509_verify_cert(0xaaaaedaf2660, 1, 0, 0) = 1 <0.000314>
[pid 345] 15:00:45.241505 libssl.so.3->EVP_DigestSignInit_ex(0xaaaaedaed3a0, 0xffffd6376a00, 0, 0) = 1 <0.000293>
[pid 345] 15:00:45.241879 libssl.so.3->EVP_DigestSign(0xaaaaedaed3a0, 0, 0xffffd6376a10, 0xffffd6376a20) = 1 <0.000115>
[pid 345] 15:00:45.242087 libssl.so.3->EVP_DigestSign(0xaaaaedaed3a0, 0xaaaaedb0adf0, 0xffffd6376a10, 0xffffd6376a20) = 1 <0.000657>
[pid 345] 15:00:45.243066 <... SSL_connect resumed> ) = 1 <0.042198>
[pid 345] 15:00:45.243295 oqsprovider.so->OQS_KEM_free(0xaaaaedafee30, 1, 7, 0xaaaaeda02010) = 0xaaaaeda02030 <0.000123>
Handshake duration: 42.33 ms
[pid 345] 15:00:45.244636 +++ exited (status 0) +++
Execution 74 - TLS Mutual
s_connection: verify depth is 1
[pid 347] 15:00:45.272580 openssl->SSL_connect(0xaaaad7182410, 0xaaaad7154998, 0xffffa26b40e0, 0 <unfinished ...>
[pid 347] 15:00:45.272905 libssl.so.3->EVP_PKEY_keygen_init(0xaaaad71877c0, 0, 0, 0xaaaad7187830) = 1 <0.000114>
[pid 347] 15:00:45.273064 libssl.so.3->EVP_PKEY_keygen(0xaaaad71877c0, 0xffffeb0f2690, 0, 0 <unfinished ...>
[pid 347] 15:00:45.273171 oqsprovider.so->OQS_KEM_new(0xaaaad7187590, 0xaaaad7186df0, 1792, 0) = 0xaaaad7186e30 <0.000124>
[pid 347] 15:00:45.273475 oqsprovider.so->OQS_KEM_keypair(0xaaaad7186e30, 0xaaaad718f4e0, 0xaaaad7191140, 0xaaaad7192d80) = 0 <0.004978>
[pid 347] 15:00:45.278536 <... EVP_PKEY_keygen resumed> ) = 1 <0.005466>
[pid 347] 15:00:45.294027 libssl.so.3->EVP_PKEY_decapsulate_init(0xaaaad71877c0, 0, 0, 0xaaaad7187830) = 1 <0.000151>
[pid 347] 15:00:45.294252 libssl.so.3->EVP_PKEY_decapsulate(0xaaaad71877c0, 0, 0xffffeb0f2610, 0xaaaad7188fca) = 1 <0.000175>
[pid 347] 15:00:45.294477 libssl.so.3->EVP_PKEY_decapsulate(0xaaaad71877c0, 0xaaaad717d620, 0xffffeb0f2610, 0xaaaad7188fca <unfinished ...>
[pid 347] 15:00:45.294712 oqsprovider.so->OQS_KEM_decaps(0xaaaad7186e30, 0xaaaad717d620, 0xaaaad7188fca, 0xaaaad7191140) = 0 <0.015589>
[pid 347] 15:00:45.310355 <... EVP_PKEY_decapsulate resumed> ) = 1 <0.015872>
[pid 347] 15:00:45.311182 libssl.so.3->X509_verify_cert(0xaaaad717a660, 0, 0, 0xffffffff) = 1 <0.000437>
[pid 347] 15:00:45.311864 libssl.so.3->EVP_DigestVerifyInit_ex(0xaaaad70a7700, 0xffffeb0f2718, 0, 0) = 1 <0.000135>
[pid 347] 15:00:45.312077 libssl.so.3->EVP_DigestVerify(0xaaaad70a7700, 0xaaaad7188f78, 4627, 0xffffeb0f2720) = 1 <0.000299>
[pid 347] 15:00:45.312619 libssl.so.3->X509_verify_cert(0xaaaad717a660, 1, 0, 0) = 1 <0.000459>
[pid 347] 15:00:45.313334 libssl.so.3->EVP_DigestSignInit_ex(0xaaaad71753a0, 0xffffeb0f2700, 0, 0) = 1 <0.000111>
[pid 347] 15:00:45.313527 libssl.so.3->EVP_DigestSign(0xaaaad71753a0, 0, 0xffffeb0f2710, 0xffffeb0f2720) = 1 <0.000213>
[pid 347] 15:00:45.313842 libssl.so.3->EVP_DigestSign(0xaaaad71753a0, 0xaaaad7192df0, 0xffffeb0f2710, 0xffffeb0f2720) = 1 <0.000487>
[pid 347] 15:00:45.314579 <... SSL_connect resumed> ) = 1 <0.041993>
[pid 347] 15:00:45.314854 oqsprovider.so->OQS_KEM_free(0xaaaad7186e30, 1, 7, 0xaaaad708a010) = 0xaaaad708a030 <0.000119>
Handshake duration: 42.15 ms
[pid 347] 15:00:45.316269 +++ exited (status 0) +++
Execution 75 - TLS Mutual
s_connection: verify depth is 1
[pid 349] 15:00:45.344211 openssl->SSL_connect(0xaaaaef677410, 0xaaaaef649998, 0xffff877040e0, 0 <unfinished ...>
[pid 349] 15:00:45.344541 libssl.so.3->EVP_PKEY_keygen_init(0xaaaaef67c7c0, 0, 0, 0xaaaaef67c830) = 1 <0.000103>
[pid 349] 15:00:45.344721 libssl.so.3->EVP_PKEY_keygen(0xaaaaef67c7c0, 0xffffc37a62f0, 0, 0 <unfinished ...>
[pid 349] 15:00:45.344908 oqsprovider.so->OQS_KEM_new(0xaaaaef67c590, 0xaaaaef67bdf0, 1792, 0) = 0xaaaaef67be30 <0.000219>
[pid 349] 15:00:45.345223 oqsprovider.so->OQS_KEM_keypair(0xaaaaef67be30, 0xaaaaef6844e0, 0xaaaaef686140, 0xaaaaef687d80) = 0 <0.005083>
[pid 349] 15:00:45.350364 <... EVP_PKEY_keygen resumed> ) = 1 <0.005630>
[pid 349] 15:00:45.365903 libssl.so.3->EVP_PKEY_decapsulate_init(0xaaaaef67c7c0, 0, 0, 0xaaaaef67c830) = 1 <0.000184>
[pid 349] 15:00:45.366144 libssl.so.3->EVP_PKEY_decapsulate(0xaaaaef67c7c0, 0, 0xffffc37a6270, 0xaaaaef67dfca) = 1 <0.000091>
[pid 349] 15:00:45.366280 libssl.so.3->EVP_PKEY_decapsulate(0xaaaaef67c7c0, 0xaaaaef672620, 0xffffc37a6270, 0xaaaaef67dfca <unfinished ...>
[pid 349] 15:00:45.366398 oqsprovider.so->OQS_KEM_decaps(0xaaaaef67be30, 0xaaaaef672620, 0xaaaaef67dfca, 0xaaaaef686140) = 0 <0.016189>
[pid 349] 15:00:45.382647 <... EVP_PKEY_decapsulate resumed> ) = 1 <0.016360>
[pid 349] 15:00:45.383435 libssl.so.3->X509_verify_cert(0xaaaaef66f660, 0, 0, 0xffffffff) = 1 <0.000411>
[pid 349] 15:00:45.384097 libssl.so.3->EVP_DigestVerifyInit_ex(0xaaaaef59c700, 0xffffc37a6378, 0, 0) = 1 <0.000142>
[pid 349] 15:00:45.384290 libssl.so.3->EVP_DigestVerify(0xaaaaef59c700, 0xaaaaef67df78, 4627, 0xffffc37a6380) = 1 <0.000302>
[pid 349] 15:00:45.384857 libssl.so.3->X509_verify_cert(0xaaaaef66f660, 1, 0, 0) = 1 <0.000312>
[pid 349] 15:00:45.385465 libssl.so.3->EVP_DigestSignInit_ex(0xaaaaef66a3a0, 0xffffc37a6360, 0, 0) = 1 <0.000270>
[pid 349] 15:00:45.385780 libssl.so.3->EVP_DigestSign(0xaaaaef66a3a0, 0, 0xffffc37a6370, 0xffffc37a6380) = 1 <0.000133>
[pid 349] 15:00:45.385992 libssl.so.3->EVP_DigestSign(0xaaaaef66a3a0, 0xaaaaef687df0, 0xffffc37a6370, 0xffffc37a6380) = 1 <0.000820>
[pid 349] 15:00:45.387097 <... SSL_connect resumed> ) = 1 <0.042879>
[pid 349] 15:00:45.387346 oqsprovider.so->OQS_KEM_free(0xaaaaef67be30, 1, 7, 0xaaaaef57f010) = 0xaaaaef57f030 <0.000097>
Handshake duration: 43.01 ms
[pid 349] 15:00:45.388663 +++ exited (status 0) +++
Execution 76 - TLS Mutual
s_connection: verify depth is 1
[pid 351] 15:00:45.416556 openssl->SSL_connect(0xaaaaead4a410, 0xaaaaead1c998, 0xffff848840e0, 0 <unfinished ...>
[pid 351] 15:00:45.416894 libssl.so.3->EVP_PKEY_keygen_init(0xaaaaead4f7c0, 0, 0, 0xaaaaead4f830) = 1 <0.000138>
[pid 351] 15:00:45.417114 libssl.so.3->EVP_PKEY_keygen(0xaaaaead4f7c0, 0xfffffb39aff0, 0, 0 <unfinished ...>
[pid 351] 15:00:45.417265 oqsprovider.so->OQS_KEM_new(0xaaaaead4f590, 0xaaaaead4edf0, 1792, 0) = 0xaaaaead4ee30 <0.000141>
[pid 351] 15:00:45.417520 oqsprovider.so->OQS_KEM_keypair(0xaaaaead4ee30, 0xaaaaead574e0, 0xaaaaead59140, 0xaaaaead5ad80) = 0 <0.005151>
[pid 351] 15:00:45.422733 <... EVP_PKEY_keygen resumed> ) = 1 <0.005614>
[pid 351] 15:00:45.438100 libssl.so.3->EVP_PKEY_decapsulate_init(0xaaaaead4f7c0, 0, 0, 0xaaaaead4f830) = 1 <0.000164>
[pid 351] 15:00:45.438353 libssl.so.3->EVP_PKEY_decapsulate(0xaaaaead4f7c0, 0, 0xfffffb39af70, 0xaaaaead50fca) = 1 <0.000124>
[pid 351] 15:00:45.438527 libssl.so.3->EVP_PKEY_decapsulate(0xaaaaead4f7c0, 0xaaaaead45620, 0xfffffb39af70, 0xaaaaead50fca <unfinished ...>
[pid 351] 15:00:45.438630 oqsprovider.so->OQS_KEM_decaps(0xaaaaead4ee30, 0xaaaaead45620, 0xaaaaead50fca, 0xaaaaead59140) = 0 <0.016037>
[pid 351] 15:00:45.454725 <... EVP_PKEY_decapsulate resumed> ) = 1 <0.016192>
[pid 351] 15:00:45.455486 libssl.so.3->X509_verify_cert(0xaaaaead42660, 0, 0, 0xffffffff) = 1 <0.000401>
[pid 351] 15:00:45.456136 libssl.so.3->EVP_DigestVerifyInit_ex(0xaaaaeac6f700, 0xfffffb39b078, 0, 0) = 1 <0.000112>
[pid 351] 15:00:45.456315 libssl.so.3->EVP_DigestVerify(0xaaaaeac6f700, 0xaaaaead50f78, 4627, 0xfffffb39b080) = 1 <0.000287>
[pid 351] 15:00:45.456847 libssl.so.3->X509_verify_cert(0xaaaaead42660, 1, 0, 0) = 1 <0.000325>
[pid 351] 15:00:45.457458 libssl.so.3->EVP_DigestSignInit_ex(0xaaaaead3d3a0, 0xfffffb39b060, 0, 0) = 1 <0.000150>
[pid 351] 15:00:45.457725 libssl.so.3->EVP_DigestSign(0xaaaaead3d3a0, 0, 0xfffffb39b070, 0xfffffb39b080) = 1 <0.000243>
[pid 351] 15:00:45.457981 libssl.so.3->EVP_DigestSign(0xaaaaead3d3a0, 0xaaaaead5adf0, 0xfffffb39b070, 0xfffffb39b080) = 1 <0.000630>
[pid 351] 15:00:45.458923 <... SSL_connect resumed> ) = 1 <0.042361>
[pid 351] 15:00:45.459162 oqsprovider.so->OQS_KEM_free(0xaaaaead4ee30, 1, 7, 0xaaaaeac52010) = 0xaaaaeac52030 <0.000105>
Handshake duration: 42.49 ms
[pid 351] 15:00:45.460563 +++ exited (status 0) +++
Execution 77 - TLS Mutual
s_connection: verify depth is 1
[pid 353] 15:00:45.488563 openssl->SSL_connect(0xaaaad1c04410, 0xaaaad1bd6998, 0xffff82de40e0, 0 <unfinished ...>
[pid 353] 15:00:45.488892 libssl.so.3->EVP_PKEY_keygen_init(0xaaaad1c097c0, 0, 0, 0xaaaad1c09830) = 1 <0.000118>
[pid 353] 15:00:45.489057 libssl.so.3->EVP_PKEY_keygen(0xaaaad1c097c0, 0xffffc4b3aa10, 0, 0 <unfinished ...>
[pid 353] 15:00:45.489233 oqsprovider.so->OQS_KEM_new(0xaaaad1c09590, 0xaaaad1c08df0, 1792, 0) = 0xaaaad1c08e30 <0.000095>
[pid 353] 15:00:45.489542 oqsprovider.so->OQS_KEM_keypair(0xaaaad1c08e30, 0xaaaad1c114e0, 0xaaaad1c13140, 0xaaaad1c14d80) = 0 <0.005140>
[pid 353] 15:00:45.494742 <... EVP_PKEY_keygen resumed> ) = 1 <0.005679>
[pid 353] 15:00:45.510148 libssl.so.3->EVP_PKEY_decapsulate_init(0xaaaad1c097c0, 0, 0, 0xaaaad1c09830) = 1 <0.000175>
[pid 353] 15:00:45.510381 libssl.so.3->EVP_PKEY_decapsulate(0xaaaad1c097c0, 0, 0xffffc4b3a990, 0xaaaad1c0afca) = 1 <0.000139>
[pid 353] 15:00:45.510555 libssl.so.3->EVP_PKEY_decapsulate(0xaaaad1c097c0, 0xaaaad1bff620, 0xffffc4b3a990, 0xaaaad1c0afca <unfinished ...>
[pid 353] 15:00:45.510737 oqsprovider.so->OQS_KEM_decaps(0xaaaad1c08e30, 0xaaaad1bff620, 0xaaaad1c0afca, 0xaaaad1c13140) = 0 <0.015684>
[pid 353] 15:00:45.526504 <... EVP_PKEY_decapsulate resumed> ) = 1 <0.015924>
[pid 353] 15:00:45.527303 libssl.so.3->X509_verify_cert(0xaaaad1bfc660, 0, 0, 0xffffffff) = 1 <0.000416>
[pid 353] 15:00:45.527956 libssl.so.3->EVP_DigestVerifyInit_ex(0xaaaad1b29700, 0xffffc4b3aa98, 0, 0) = 1 <0.000155>
[pid 353] 15:00:45.528170 libssl.so.3->EVP_DigestVerify(0xaaaad1b29700, 0xaaaad1c0af78, 4627, 0xffffc4b3aaa0) = 1 <0.000330>
[pid 353] 15:00:45.528759 libssl.so.3->X509_verify_cert(0xaaaad1bfc660, 1, 0, 0) = 1 <0.000356>
[pid 353] 15:00:45.529400 libssl.so.3->EVP_DigestSignInit_ex(0xaaaad1bf73a0, 0xffffc4b3aa80, 0, 0) = 1 <0.000140>
[pid 353] 15:00:45.529626 libssl.so.3->EVP_DigestSign(0xaaaad1bf73a0, 0, 0xffffc4b3aa90, 0xffffc4b3aaa0) = 1 <0.000155>
[pid 353] 15:00:45.529851 libssl.so.3->EVP_DigestSign(0xaaaad1bf73a0, 0xaaaad1c14df0, 0xffffc4b3aa90, 0xffffc4b3aaa0) = 1 <0.000593>
[pid 353] 15:00:45.530706 <... SSL_connect resumed> ) = 1 <0.042140>
[pid 353] 15:00:45.530920 oqsprovider.so->OQS_KEM_free(0xaaaad1c08e30, 1, 7, 0xaaaad1b0c010) = 0xaaaad1b0c030 <0.000120>
Handshake duration: 42.28 ms
[pid 353] 15:00:45.532342 +++ exited (status 0) +++
Execution 78 - TLS Mutual
s_connection: verify depth is 1
[pid 355] 15:00:45.561019 openssl->SSL_connect(0xaaaaefe72410, 0xaaaaefe44998, 0xffffaabe40e0, 0 <unfinished ...>
[pid 355] 15:00:45.561360 libssl.so.3->EVP_PKEY_keygen_init(0xaaaaefe777c0, 0, 0, 0xaaaaefe77830) = 1 <0.000117>
[pid 355] 15:00:45.561545 libssl.so.3->EVP_PKEY_keygen(0xaaaaefe777c0, 0xffffefd992e0, 0, 0 <unfinished ...>
[pid 355] 15:00:45.561766 oqsprovider.so->OQS_KEM_new(0xaaaaefe77590, 0xaaaaefe76df0, 1792, 0) = 0xaaaaefe76e30 <0.000108>
[pid 355] 15:00:45.562039 oqsprovider.so->OQS_KEM_keypair(0xaaaaefe76e30, 0xaaaaefe7f4e0, 0xaaaaefe81140, 0xaaaaefe82d80) = 0 <0.005173>
[pid 355] 15:00:45.567272 <... EVP_PKEY_keygen resumed> ) = 1 <0.005737>
[pid 355] 15:00:45.582862 libssl.so.3->EVP_PKEY_decapsulate_init(0xaaaaefe777c0, 0, 0, 0xaaaaefe77830) = 1 <0.000169>
[pid 355] 15:00:45.583086 libssl.so.3->EVP_PKEY_decapsulate(0xaaaaefe777c0, 0, 0xffffefd99260, 0xaaaaefe78fca) = 1 <0.000143>
[pid 355] 15:00:45.583280 libssl.so.3->EVP_PKEY_decapsulate(0xaaaaefe777c0, 0xaaaaefe6d620, 0xffffefd99260, 0xaaaaefe78fca <unfinished ...>
[pid 355] 15:00:45.583393 oqsprovider.so->OQS_KEM_decaps(0xaaaaefe76e30, 0xaaaaefe6d620, 0xaaaaefe78fca, 0xaaaaefe81140) = 0 <0.015804>
[pid 355] 15:00:45.599253 <... EVP_PKEY_decapsulate resumed> ) = 1 <0.015969>
[pid 355] 15:00:45.600022 libssl.so.3->X509_verify_cert(0xaaaaefe6a660, 0, 0, 0xffffffff) = 1 <0.000415>
[pid 355] 15:00:45.600729 libssl.so.3->EVP_DigestVerifyInit_ex(0xaaaaefd97700, 0xffffefd99368, 0, 0) = 1 <0.000133>
[pid 355] 15:00:45.600922 libssl.so.3->EVP_DigestVerify(0xaaaaefd97700, 0xaaaaefe78f78, 4627, 0xffffefd99370) = 1 <0.000284>
[pid 355] 15:00:45.601451 libssl.so.3->X509_verify_cert(0xaaaaefe6a660, 1, 0, 0) = 1 <0.000317>
[pid 355] 15:00:45.602034 libssl.so.3->EVP_DigestSignInit_ex(0xaaaaefe653a0, 0xffffefd99350, 0, 0) = 1 <0.000162>
[pid 355] 15:00:45.602240 libssl.so.3->EVP_DigestSign(0xaaaaefe653a0, 0, 0xffffefd99360, 0xffffefd99370) = 1 <0.000129>
[pid 355] 15:00:45.602442 libssl.so.3->EVP_DigestSign(0xaaaaefe653a0, 0xaaaaefe82df0, 0xffffefd99360, 0xffffefd99370) = 1 <0.000492>
[pid 355] 15:00:45.603247 <... SSL_connect resumed> ) = 1 <0.042221>
[pid 355] 15:00:45.603486 oqsprovider.so->OQS_KEM_free(0xaaaaefe76e30, 1, 7, 0xaaaaefd7a010) = 0xaaaaefd7a030 <0.000113>
Handshake duration: 42.35 ms
[pid 355] 15:00:45.604911 +++ exited (status 0) +++
Execution 79 - TLS Mutual
s_connection: verify depth is 1
[pid 357] 15:00:45.632529 openssl->SSL_connect(0xaaaaf9e88410, 0xaaaaf9e5a998, 0xffff8d7a40e0, 0 <unfinished ...>
[pid 357] 15:00:45.632823 libssl.so.3->EVP_PKEY_keygen_init(0xaaaaf9e8d7c0, 0, 0, 0xaaaaf9e8d830) = 1 <0.000102>
[pid 357] 15:00:45.632970 libssl.so.3->EVP_PKEY_keygen(0xaaaaf9e8d7c0, 0xfffffef82020, 0, 0 <unfinished ...>
[pid 357] 15:00:45.633060 oqsprovider.so->OQS_KEM_new(0xaaaaf9e8d590, 0xaaaaf9e8cdf0, 1792, 0) = 0xaaaaf9e8ce30 <0.000142>
[pid 357] 15:00:45.633379 oqsprovider.so->OQS_KEM_keypair(0xaaaaf9e8ce30, 0xaaaaf9e954e0, 0xaaaaf9e97140, 0xaaaaf9e98d80) = 0 <0.005068>
[pid 357] 15:00:45.638589 <... EVP_PKEY_keygen resumed> ) = 1 <0.005533>
[pid 357] 15:00:45.654086 libssl.so.3->EVP_PKEY_decapsulate_init(0xaaaaf9e8d7c0, 0, 0, 0xaaaaf9e8d830) = 1 <0.000147>
[pid 357] 15:00:45.654300 libssl.so.3->EVP_PKEY_decapsulate(0xaaaaf9e8d7c0, 0, 0xfffffef81fa0, 0xaaaaf9e8efca) = 1 <0.000167>
[pid 357] 15:00:45.654515 libssl.so.3->EVP_PKEY_decapsulate(0xaaaaf9e8d7c0, 0xaaaaf9e83620, 0xfffffef81fa0, 0xaaaaf9e8efca <unfinished ...>
[pid 357] 15:00:45.654690 oqsprovider.so->OQS_KEM_decaps(0xaaaaf9e8ce30, 0xaaaaf9e83620, 0xaaaaf9e8efca, 0xaaaaf9e97140) = 0 <0.015782>
[pid 357] 15:00:45.670675 <... EVP_PKEY_decapsulate resumed> ) = 1 <0.016008>
[pid 357] 15:00:45.671469 libssl.so.3->X509_verify_cert(0xaaaaf9e80660, 0, 0, 0xffffffff) = 1 <0.000397>
[pid 357] 15:00:45.672087 libssl.so.3->EVP_DigestVerifyInit_ex(0xaaaaf9dad700, 0xfffffef820a8, 0, 0) = 1 <0.000141>
[pid 357] 15:00:45.672288 libssl.so.3->EVP_DigestVerify(0xaaaaf9dad700, 0xaaaaf9e8ef78, 4627, 0xfffffef820b0) = 1 <0.000315>
[pid 357] 15:00:45.672910 libssl.so.3->X509_verify_cert(0xaaaaf9e80660, 1, 0, 0) = 1 <0.000304>
[pid 357] 15:00:45.673489 libssl.so.3->EVP_DigestSignInit_ex(0xaaaaf9e7b3a0, 0xfffffef82090, 0, 0) = 1 <0.000159>
[pid 357] 15:00:45.673721 libssl.so.3->EVP_DigestSign(0xaaaaf9e7b3a0, 0, 0xfffffef820a0, 0xfffffef820b0) = 1 <0.000144>
[pid 357] 15:00:45.673937 libssl.so.3->EVP_DigestSign(0xaaaaf9e7b3a0, 0xaaaaf9e98df0, 0xfffffef820a0, 0xfffffef820b0) = 1 <0.000416>
[pid 357] 15:00:45.674630 <... SSL_connect resumed> ) = 1 <0.042094>
[pid 357] 15:00:45.674853 oqsprovider.so->OQS_KEM_free(0xaaaaf9e8ce30, 1, 7, 0xaaaaf9d90010) = 0xaaaaf9d90030 <0.000092>
Handshake duration: 42.23 ms
[pid 357] 15:00:45.676123 +++ exited (status 0) +++
Execution 80 - TLS Mutual
s_connection: verify depth is 1
[pid 359] 15:00:45.704276 openssl->SSL_connect(0xaaaac3ff9410, 0xaaaac3fcb998, 0xffff8ff340e0, 0 <unfinished ...>
[pid 359] 15:00:45.704598 libssl.so.3->EVP_PKEY_keygen_init(0xaaaac3ffe7c0, 0, 0, 0xaaaac3ffe830) = 1 <0.000166>
[pid 359] 15:00:45.704844 libssl.so.3->EVP_PKEY_keygen(0xaaaac3ffe7c0, 0xffffd46ef110, 0, 0 <unfinished ...>
[pid 359] 15:00:45.704989 oqsprovider.so->OQS_KEM_new(0xaaaac3ffe590, 0xaaaac3ffddf0, 1792, 0) = 0xaaaac3ffde30 <0.000117>
[pid 359] 15:00:45.705256 oqsprovider.so->OQS_KEM_keypair(0xaaaac3ffde30, 0xaaaac40064e0, 0xaaaac4008140, 0xaaaac4009d80) = 0 <0.005043>
[pid 359] 15:00:45.710369 <... EVP_PKEY_keygen resumed> ) = 1 <0.005510>
[pid 359] 15:00:45.725888 libssl.so.3->EVP_PKEY_decapsulate_init(0xaaaac3ffe7c0, 0, 0, 0xaaaac3ffe830) = 1 <0.000186>
[pid 359] 15:00:45.726125 libssl.so.3->EVP_PKEY_decapsulate(0xaaaac3ffe7c0, 0, 0xffffd46ef090, 0xaaaac3ffffca) = 1 <0.000153>
[pid 359] 15:00:45.726372 libssl.so.3->EVP_PKEY_decapsulate(0xaaaac3ffe7c0, 0xaaaac3ff4620, 0xffffd46ef090, 0xaaaac3ffffca <unfinished ...>
[pid 359] 15:00:45.726582 oqsprovider.so->OQS_KEM_decaps(0xaaaac3ffde30, 0xaaaac3ff4620, 0xaaaac3ffffca, 0xaaaac4008140) = 0 <0.015744>
[pid 359] 15:00:45.742382 <... EVP_PKEY_decapsulate resumed> ) = 1 <0.016036>
[pid 359] 15:00:45.743151 libssl.so.3->X509_verify_cert(0xaaaac3ff1660, 0, 0, 0xffffffff) = 1 <0.000407>
[pid 359] 15:00:45.743818 libssl.so.3->EVP_DigestVerifyInit_ex(0xaaaac3f1e700, 0xffffd46ef198, 0, 0) = 1 <0.000135>
[pid 359] 15:00:45.744013 libssl.so.3->EVP_DigestVerify(0xaaaac3f1e700, 0xaaaac3ffff78, 4627, 0xffffd46ef1a0) = 1 <0.000288>
[pid 359] 15:00:45.744529 libssl.so.3->X509_verify_cert(0xaaaac3ff1660, 1, 0, 0) = 1 <0.000291>
[pid 359] 15:00:45.745080 libssl.so.3->EVP_DigestSignInit_ex(0xaaaac3fec3a0, 0xffffd46ef180, 0, 0) = 1 <0.000164>
[pid 359] 15:00:45.745347 libssl.so.3->EVP_DigestSign(0xaaaac3fec3a0, 0, 0xffffd46ef190, 0xffffd46ef1a0) = 1 <0.000194>
[pid 359] 15:00:45.745592 libssl.so.3->EVP_DigestSign(0xaaaac3fec3a0, 0xaaaac4009df0, 0xffffd46ef190, 0xffffd46ef1a0) = 1 <0.000714>
[pid 359] 15:00:45.746526 <... SSL_connect resumed> ) = 1 <0.042246>
[pid 359] 15:00:45.746785 oqsprovider.so->OQS_KEM_free(0xaaaac3ffde30, 1, 7, 0xaaaac3f01010) = 0xaaaac3f01030 <0.000113>
Handshake duration: 42.41 ms
[pid 359] 15:00:45.748126 +++ exited (status 0) +++
Execution 81 - TLS Mutual
s_connection: verify depth is 1
[pid 361] 15:00:45.775670 openssl->SSL_connect(0xaaaad79c8410, 0xaaaad799a998, 0xffffbc2f40e0, 0 <unfinished ...>
[pid 361] 15:00:45.776012 libssl.so.3->EVP_PKEY_keygen_init(0xaaaad79cd7c0, 0, 0, 0xaaaad79cd830) = 1 <0.000134>
[pid 361] 15:00:45.776227 libssl.so.3->EVP_PKEY_keygen(0xaaaad79cd7c0, 0xfffff80034c0, 0, 0 <unfinished ...>
[pid 361] 15:00:45.776404 oqsprovider.so->OQS_KEM_new(0xaaaad79cd590, 0xaaaad79ccdf0, 1792, 0) = 0xaaaad79cce30 <0.000123>
[pid 361] 15:00:45.776703 oqsprovider.so->OQS_KEM_keypair(0xaaaad79cce30, 0xaaaad79d54e0, 0xaaaad79d7140, 0xaaaad79d8d80) = 0 <0.005059>
[pid 361] 15:00:45.781822 <... EVP_PKEY_keygen resumed> ) = 1 <0.005591>
[pid 361] 15:00:45.797263 libssl.so.3->EVP_PKEY_decapsulate_init(0xaaaad79cd7c0, 0, 0, 0xaaaad79cd830) = 1 <0.000184>
[pid 361] 15:00:45.797485 libssl.so.3->EVP_PKEY_decapsulate(0xaaaad79cd7c0, 0, 0xfffff8003440, 0xaaaad79cefca) = 1 <0.000159>
[pid 361] 15:00:45.797755 libssl.so.3->EVP_PKEY_decapsulate(0xaaaad79cd7c0, 0xaaaad79c3620, 0xfffff8003440, 0xaaaad79cefca <unfinished ...>
[pid 361] 15:00:45.797947 oqsprovider.so->OQS_KEM_decaps(0xaaaad79cce30, 0xaaaad79c3620, 0xaaaad79cefca, 0xaaaad79d7140) = 0 <0.015509>
[pid 361] 15:00:45.813498 <... EVP_PKEY_decapsulate resumed> ) = 1 <0.015738>
[pid 361] 15:00:45.814291 libssl.so.3->X509_verify_cert(0xaaaad79c0660, 0, 0, 0xffffffff) = 1 <0.000402>
[pid 361] 15:00:45.814928 libssl.so.3->EVP_DigestVerifyInit_ex(0xaaaad78ed700, 0xfffff8003548, 0, 0) = 1 <0.000112>
[pid 361] 15:00:45.815116 libssl.so.3->EVP_DigestVerify(0xaaaad78ed700, 0xaaaad79cef78, 4627, 0xfffff8003550) = 1 <0.000286>
[pid 361] 15:00:45.815665 libssl.so.3->X509_verify_cert(0xaaaad79c0660, 1, 0, 0) = 1 <0.000345>
[pid 361] 15:00:45.816268 libssl.so.3->EVP_DigestSignInit_ex(0xaaaad79bb3a0, 0xfffff8003530, 0, 0) = 1 <0.000175>
[pid 361] 15:00:45.816603 libssl.so.3->EVP_DigestSign(0xaaaad79bb3a0, 0, 0xfffff8003540, 0xfffff8003550) = 1 <0.000258>
[pid 361] 15:00:45.816879 libssl.so.3->EVP_DigestSign(0xaaaad79bb3a0, 0xaaaad79d8df0, 0xfffff8003540, 0xfffff8003550) = 1 <0.000537>
[pid 361] 15:00:45.817672 <... SSL_connect resumed> ) = 1 <0.041996>
[pid 361] 15:00:45.817894 oqsprovider.so->OQS_KEM_free(0xaaaad79cce30, 1, 7, 0xaaaad78d0010) = 0xaaaad78d0030 <0.000147>
Handshake duration: 42.15 ms
[pid 361] 15:00:45.819288 +++ exited (status 0) +++
Execution 82 - TLS Mutual
s_connection: verify depth is 1
[pid 363] 15:00:45.847115 openssl->SSL_connect(0xaaaaf43f0410, 0xaaaaf43c2998, 0xffff947540e0, 0 <unfinished ...>
[pid 363] 15:00:45.847438 libssl.so.3->EVP_PKEY_keygen_init(0xaaaaf43f57c0, 0, 0, 0xaaaaf43f5830) = 1 <0.000124>
[pid 363] 15:00:45.847631 libssl.so.3->EVP_PKEY_keygen(0xaaaaf43f57c0, 0xffffd631d210, 0, 0 <unfinished ...>
[pid 363] 15:00:45.847795 oqsprovider.so->OQS_KEM_new(0xaaaaf43f5590, 0xaaaaf43f4df0, 1792, 0) = 0xaaaaf43f4e30 <0.000154>
[pid 363] 15:00:45.848114 oqsprovider.so->OQS_KEM_keypair(0xaaaaf43f4e30, 0xaaaaf43fd4e0, 0xaaaaf43ff140, 0xaaaaf4400d80) = 0 <0.005136>
[pid 363] 15:00:45.853313 <... EVP_PKEY_keygen resumed> ) = 1 <0.005681>
[pid 363] 15:00:45.868715 libssl.so.3->EVP_PKEY_decapsulate_init(0xaaaaf43f57c0, 0, 0, 0xaaaaf43f5830) = 1 <0.000180>
[pid 363] 15:00:45.868963 libssl.so.3->EVP_PKEY_decapsulate(0xaaaaf43f57c0, 0, 0xffffd631d190, 0xaaaaf43f6fca) = 1 <0.000210>
[pid 363] 15:00:45.869227 libssl.so.3->EVP_PKEY_decapsulate(0xaaaaf43f57c0, 0xaaaaf43eb620, 0xffffd631d190, 0xaaaaf43f6fca <unfinished ...>
[pid 363] 15:00:45.869355 oqsprovider.so->OQS_KEM_decaps(0xaaaaf43f4e30, 0xaaaaf43eb620, 0xaaaaf43f6fca, 0xaaaaf43ff140) = 0 <0.015607>
[pid 363] 15:00:45.885020 <... EVP_PKEY_decapsulate resumed> ) = 1 <0.015789>
[pid 363] 15:00:45.885785 libssl.so.3->X509_verify_cert(0xaaaaf43e8660, 0, 0, 0xffffffff) = 1 <0.000378>
[pid 363] 15:00:45.886399 libssl.so.3->EVP_DigestVerifyInit_ex(0xaaaaf4315700, 0xffffd631d298, 0, 0) = 1 <0.000114>
[pid 363] 15:00:45.886559 libssl.so.3->EVP_DigestVerify(0xaaaaf4315700, 0xaaaaf43f6f78, 4627, 0xffffd631d2a0) = 1 <0.000311>
[pid 363] 15:00:45.887085 libssl.so.3->X509_verify_cert(0xaaaaf43e8660, 1, 0, 0) = 1 <0.000310>
[pid 363] 15:00:45.887658 libssl.so.3->EVP_DigestSignInit_ex(0xaaaaf43e33a0, 0xffffd631d280, 0, 0) = 1 <0.000163>
[pid 363] 15:00:45.887889 libssl.so.3->EVP_DigestSign(0xaaaaf43e33a0, 0, 0xffffd631d290, 0xffffd631d2a0) = 1 <0.000133>
[pid 363] 15:00:45.888097 libssl.so.3->EVP_DigestSign(0xaaaaf43e33a0, 0xaaaaf4400df0, 0xffffd631d290, 0xffffd631d2a0) = 1 <0.000453>
[pid 363] 15:00:45.888818 <... SSL_connect resumed> ) = 1 <0.041699>
[pid 363] 15:00:45.889076 oqsprovider.so->OQS_KEM_free(0xaaaaf43f4e30, 1, 7, 0xaaaaf42f8010) = 0xaaaaf42f8030 <0.000122>
Handshake duration: 41.83 ms
[pid 363] 15:00:45.890419 +++ exited (status 0) +++
Execution 83 - TLS Mutual
s_connection: verify depth is 1
[pid 365] 15:00:45.918391 openssl->SSL_connect(0xaaaab7da6410, 0xaaaab7d78998, 0xffff944a40e0, 0 <unfinished ...>
[pid 365] 15:00:45.918671 libssl.so.3->EVP_PKEY_keygen_init(0xaaaab7dab7c0, 0, 0, 0xaaaab7dab830) = 1 <0.000123>
[pid 365] 15:00:45.918843 libssl.so.3->EVP_PKEY_keygen(0xaaaab7dab7c0, 0xffffede903d0, 0, 0 <unfinished ...>
[pid 365] 15:00:45.918963 oqsprovider.so->OQS_KEM_new(0xaaaab7dab590, 0xaaaab7daadf0, 1792, 0) = 0xaaaab7daae30 <0.000133>
[pid 365] 15:00:45.919241 oqsprovider.so->OQS_KEM_keypair(0xaaaab7daae30, 0xaaaab7db34e0, 0xaaaab7db5140, 0xaaaab7db6d80) = 0 <0.005044>
[pid 365] 15:00:45.924349 <... EVP_PKEY_keygen resumed> ) = 1 <0.005500>
[pid 365] 15:00:45.939867 libssl.so.3->EVP_PKEY_decapsulate_init(0xaaaab7dab7c0, 0, 0, 0xaaaab7dab830) = 1 <0.000230>
[pid 365] 15:00:45.940143 libssl.so.3->EVP_PKEY_decapsulate(0xaaaab7dab7c0, 0, 0xffffede90350, 0xaaaab7dacfca) = 1 <0.000143>
[pid 365] 15:00:45.940388 libssl.so.3->EVP_PKEY_decapsulate(0xaaaab7dab7c0, 0xaaaab7da1620, 0xffffede90350, 0xaaaab7dacfca <unfinished ...>
[pid 365] 15:00:45.940555 oqsprovider.so->OQS_KEM_decaps(0xaaaab7daae30, 0xaaaab7da1620, 0xaaaab7dacfca, 0xaaaab7db5140) = 0 <0.015734>
[pid 365] 15:00:45.956350 <... EVP_PKEY_decapsulate resumed> ) = 1 <0.015955>
[pid 365] 15:00:45.957144 libssl.so.3->X509_verify_cert(0xaaaab7d9e660, 0, 0, 0xffffffff) = 1 <0.000410>
[pid 365] 15:00:45.957822 libssl.so.3->EVP_DigestVerifyInit_ex(0xaaaab7ccb700, 0xffffede90458, 0, 0) = 1 <0.000127>
[pid 365] 15:00:45.958026 libssl.so.3->EVP_DigestVerify(0xaaaab7ccb700, 0xaaaab7dacf78, 4627, 0xffffede90460) = 1 <0.000409>
[pid 365] 15:00:45.958629 libssl.so.3->X509_verify_cert(0xaaaab7d9e660, 1, 0, 0) = 1 <0.000370>
[pid 365] 15:00:45.959285 libssl.so.3->EVP_DigestSignInit_ex(0xaaaab7d993a0, 0xffffede90440, 0, 0) = 1 <0.000162>
[pid 365] 15:00:45.959517 libssl.so.3->EVP_DigestSign(0xaaaab7d993a0, 0, 0xffffede90450, 0xffffede90460) = 1 <0.000113>
[pid 365] 15:00:45.959706 libssl.so.3->EVP_DigestSign(0xaaaab7d993a0, 0xaaaab7db6df0, 0xffffede90450, 0xffffede90460) = 1 <0.001627>
[pid 365] 15:00:45.961577 <... SSL_connect resumed> ) = 1 <0.043182>
[pid 365] 15:00:45.961879 oqsprovider.so->OQS_KEM_free(0xaaaab7daae30, 1, 7, 0xaaaab7cae010) = 0xaaaab7cae030 <0.000117>
Handshake duration: 43.42 ms
[pid 365] 15:00:45.963267 +++ exited (status 0) +++
Execution 84 - TLS Mutual
s_connection: verify depth is 1
[pid 367] 15:00:45.991018 openssl->SSL_connect(0xaaab0e79b410, 0xaaab0e76d998, 0xffffa0cd40e0, 0 <unfinished ...>
[pid 367] 15:00:45.991365 libssl.so.3->EVP_PKEY_keygen_init(0xaaab0e7a07c0, 0, 0, 0xaaab0e7a0830) = 1 <0.000109>
[pid 367] 15:00:45.991604 libssl.so.3->EVP_PKEY_keygen(0xaaab0e7a07c0, 0xffffec87a7b0, 0, 0 <unfinished ...>
[pid 367] 15:00:45.991844 oqsprovider.so->OQS_KEM_new(0xaaab0e7a0590, 0xaaab0e79fdf0, 1792, 0) = 0xaaab0e79fe30 <0.000140>
[pid 367] 15:00:45.992133 oqsprovider.so->OQS_KEM_keypair(0xaaab0e79fe30, 0xaaab0e7a84e0, 0xaaab0e7aa140, 0xaaab0e7abd80) = 0 <0.005164>
[pid 367] 15:00:45.997359 <... EVP_PKEY_keygen resumed> ) = 1 <0.005748>
[pid 367] 15:00:46.012906 libssl.so.3->EVP_PKEY_decapsulate_init(0xaaab0e7a07c0, 0, 0, 0xaaab0e7a0830) = 1 <0.000209>
[pid 367] 15:00:46.013159 libssl.so.3->EVP_PKEY_decapsulate(0xaaab0e7a07c0, 0, 0xffffec87a730, 0xaaab0e7a1fca) = 1 <0.000099>
[pid 367] 15:00:46.013333 libssl.so.3->EVP_PKEY_decapsulate(0xaaab0e7a07c0, 0xaaab0e796620, 0xffffec87a730, 0xaaab0e7a1fca <unfinished ...>
[pid 367] 15:00:46.013451 oqsprovider.so->OQS_KEM_decaps(0xaaab0e79fe30, 0xaaab0e796620, 0xaaab0e7a1fca, 0xaaab0e7aa140) = 0 <0.015515>
[pid 367] 15:00:46.029028 <... EVP_PKEY_decapsulate resumed> ) = 1 <0.015691>
[pid 367] 15:00:46.029772 libssl.so.3->X509_verify_cert(0xaaab0e793660, 0, 0, 0xffffffff) = 1 <0.000414>
[pid 367] 15:00:46.030388 libssl.so.3->EVP_DigestVerifyInit_ex(0xaaab0e6c0700, 0xffffec87a838, 0, 0) = 1 <0.000092>
[pid 367] 15:00:46.030556 libssl.so.3->EVP_DigestVerify(0xaaab0e6c0700, 0xaaab0e7a1f78, 4627, 0xffffec87a840) = 1 <0.000298>
[pid 367] 15:00:46.031111 libssl.so.3->X509_verify_cert(0xaaab0e793660, 1, 0, 0) = 1 <0.000307>
[pid 367] 15:00:46.031708 libssl.so.3->EVP_DigestSignInit_ex(0xaaab0e78e3a0, 0xffffec87a820, 0, 0) = 1 <0.000159>
[pid 367] 15:00:46.032016 libssl.so.3->EVP_DigestSign(0xaaab0e78e3a0, 0, 0xffffec87a830, 0xffffec87a840) = 1 <0.000153>
[pid 367] 15:00:46.032258 libssl.so.3->EVP_DigestSign(0xaaab0e78e3a0, 0xaaab0e7abdf0, 0xffffec87a830, 0xffffec87a840) = 1 <0.001051>
[pid 367] 15:00:46.033534 <... SSL_connect resumed> ) = 1 <0.042512>
[pid 367] 15:00:46.033836 oqsprovider.so->OQS_KEM_free(0xaaab0e79fe30, 1, 7, 0xaaab0e6a3010) = 0xaaab0e6a3030 <0.000104>
Handshake duration: 42.74 ms
[pid 367] 15:00:46.035207 +++ exited (status 0) +++
Execution 85 - TLS Mutual
s_connection: verify depth is 1
[pid 369] 15:00:46.063404 openssl->SSL_connect(0xaaaaca9b6410, 0xaaaaca988998, 0xffff957340e0, 0 <unfinished ...>
[pid 369] 15:00:46.063779 libssl.so.3->EVP_PKEY_keygen_init(0xaaaaca9bb7c0, 0, 0, 0xaaaaca9bb830) = 1 <0.000106>
[pid 369] 15:00:46.063933 libssl.so.3->EVP_PKEY_keygen(0xaaaaca9bb7c0, 0xffffced3a6d0, 0, 0 <unfinished ...>
[pid 369] 15:00:46.064038 oqsprovider.so->OQS_KEM_new(0xaaaaca9bb590, 0xaaaaca9badf0, 1792, 0) = 0xaaaaca9bae30 <0.000149>
[pid 369] 15:00:46.064357 oqsprovider.so->OQS_KEM_keypair(0xaaaaca9bae30, 0xaaaaca9c34e0, 0xaaaaca9c5140, 0xaaaaca9c6d80) = 0 <0.005039>
[pid 369] 15:00:46.069463 <... EVP_PKEY_keygen resumed> ) = 1 <0.005523>
[pid 369] 15:00:46.085050 libssl.so.3->EVP_PKEY_decapsulate_init(0xaaaaca9bb7c0, 0, 0, 0xaaaaca9bb830) = 1 <0.000164>
[pid 369] 15:00:46.085287 libssl.so.3->EVP_PKEY_decapsulate(0xaaaaca9bb7c0, 0, 0xffffced3a650, 0xaaaaca9bcfca) = 1 <0.000145>
[pid 369] 15:00:46.085535 libssl.so.3->EVP_PKEY_decapsulate(0xaaaaca9bb7c0, 0xaaaaca9b1620, 0xffffced3a650, 0xaaaaca9bcfca <unfinished ...>
[pid 369] 15:00:46.085772 oqsprovider.so->OQS_KEM_decaps(0xaaaaca9bae30, 0xaaaaca9b1620, 0xaaaaca9bcfca, 0xaaaaca9c5140) = 0 <0.015808>
[pid 369] 15:00:46.101638 <... EVP_PKEY_decapsulate resumed> ) = 1 <0.016098>
[pid 369] 15:00:46.102520 libssl.so.3->X509_verify_cert(0xaaaaca9ae660, 0, 0, 0xffffffff) = 1 <0.000426>
[pid 369] 15:00:46.103213 libssl.so.3->EVP_DigestVerifyInit_ex(0xaaaaca8db700, 0xffffced3a758, 0, 0) = 1 <0.000133>
[pid 369] 15:00:46.103388 libssl.so.3->EVP_DigestVerify(0xaaaaca8db700, 0xaaaaca9bcf78, 4627, 0xffffced3a760) = 1 <0.000336>
[pid 369] 15:00:46.103932 libssl.so.3->X509_verify_cert(0xaaaaca9ae660, 1, 0, 0) = 1 <0.000314>
[pid 369] 15:00:46.104546 libssl.so.3->EVP_DigestSignInit_ex(0xaaaaca9a93a0, 0xffffced3a740, 0, 0) = 1 <0.000108>
[pid 369] 15:00:46.104708 libssl.so.3->EVP_DigestSign(0xaaaaca9a93a0, 0, 0xffffced3a750, 0xffffced3a760) = 1 <0.000150>
[pid 369] 15:00:46.104919 libssl.so.3->EVP_DigestSign(0xaaaaca9a93a0, 0xaaaaca9c6df0, 0xffffced3a750, 0xffffced3a760) = 1 <0.000706>
[pid 369] 15:00:46.105924 <... SSL_connect resumed> ) = 1 <0.042514>
[pid 369] 15:00:46.106159 oqsprovider.so->OQS_KEM_free(0xaaaaca9bae30, 1, 7, 0xaaaaca8be010) = 0xaaaaca8be030 <0.000175>
Handshake duration: 42.67 ms
[pid 369] 15:00:46.107544 +++ exited (status 0) +++
Execution 86 - TLS Mutual
s_connection: verify depth is 1
[pid 371] 15:00:46.135592 openssl->SSL_connect(0xaaaad77b8410, 0xaaaad778a998, 0xffffbecf40e0, 0 <unfinished ...>
[pid 371] 15:00:46.135902 libssl.so.3->EVP_PKEY_keygen_init(0xaaaad77bd7c0, 0, 0, 0xaaaad77bd830) = 1 <0.000121>
[pid 371] 15:00:46.136084 libssl.so.3->EVP_PKEY_keygen(0xaaaad77bd7c0, 0xffffdae809b0, 0, 0 <unfinished ...>
[pid 371] 15:00:46.136282 oqsprovider.so->OQS_KEM_new(0xaaaad77bd590, 0xaaaad77bcdf0, 1792, 0) = 0xaaaad77bce30 <0.000166>
[pid 371] 15:00:46.136581 oqsprovider.so->OQS_KEM_keypair(0xaaaad77bce30, 0xaaaad77c54e0, 0xaaaad77c7140, 0xaaaad77c8d80) = 0 <0.005426>
[pid 371] 15:00:46.142077 <... EVP_PKEY_keygen resumed> ) = 1 <0.005981>
[pid 371] 15:00:46.157843 libssl.so.3->EVP_PKEY_decapsulate_init(0xaaaad77bd7c0, 0, 0, 0xaaaad77bd830) = 1 <0.000159>
[pid 371] 15:00:46.158087 libssl.so.3->EVP_PKEY_decapsulate(0xaaaad77bd7c0, 0, 0xffffdae80930, 0xaaaad77befca) = 1 <0.000183>
[pid 371] 15:00:46.158358 libssl.so.3->EVP_PKEY_decapsulate(0xaaaad77bd7c0, 0xaaaad77b3620, 0xffffdae80930, 0xaaaad77befca <unfinished ...>
[pid 371] 15:00:46.158455 oqsprovider.so->OQS_KEM_decaps(0xaaaad77bce30, 0xaaaad77b3620, 0xaaaad77befca, 0xaaaad77c7140) = 0 <0.015904>
[pid 371] 15:00:46.174416 <... EVP_PKEY_decapsulate resumed> ) = 1 <0.016052>
[pid 371] 15:00:46.175199 libssl.so.3->X509_verify_cert(0xaaaad77b0660, 0, 0, 0xffffffff) = 1 <0.000382>
[pid 371] 15:00:46.175857 libssl.so.3->EVP_DigestVerifyInit_ex(0xaaaad76dd700, 0xffffdae80a38, 0, 0) = 1 <0.000125>
[pid 371] 15:00:46.176029 libssl.so.3->EVP_DigestVerify(0xaaaad76dd700, 0xaaaad77bef78, 4627, 0xffffdae80a40) = 1 <0.000350>
[pid 371] 15:00:46.176615 libssl.so.3->X509_verify_cert(0xaaaad77b0660, 1, 0, 0) = 1 <0.000336>
[pid 371] 15:00:46.177203 libssl.so.3->EVP_DigestSignInit_ex(0xaaaad77ab3a0, 0xffffdae80a20, 0, 0) = 1 <0.000153>
[pid 371] 15:00:46.177409 libssl.so.3->EVP_DigestSign(0xaaaad77ab3a0, 0, 0xffffdae80a30, 0xffffdae80a40) = 1 <0.000105>
[pid 371] 15:00:46.177569 libssl.so.3->EVP_DigestSign(0xaaaad77ab3a0, 0xaaaad77c8df0, 0xffffdae80a30, 0xffffdae80a40) = 1 <0.000419>
[pid 371] 15:00:46.178260 <... SSL_connect resumed> ) = 1 <0.042662>
[pid 371] 15:00:46.178519 oqsprovider.so->OQS_KEM_free(0xaaaad77bce30, 1, 7, 0xaaaad76c0010) = 0xaaaad76c0030 <0.000158>
Handshake duration: 42.84 ms
[pid 371] 15:00:46.179917 +++ exited (status 0) +++
Execution 87 - TLS Mutual
s_connection: verify depth is 1
[pid 373] 15:00:46.207893 openssl->SSL_connect(0xaaaad505c410, 0xaaaad502e998, 0xffffa42c40e0, 0 <unfinished ...>
[pid 373] 15:00:46.208225 libssl.so.3->EVP_PKEY_keygen_init(0xaaaad50617c0, 0, 0, 0xaaaad5061830) = 1 <0.000109>
[pid 373] 15:00:46.208402 libssl.so.3->EVP_PKEY_keygen(0xaaaad50617c0, 0xffffed9b8550, 0, 0 <unfinished ...>
[pid 373] 15:00:46.208601 oqsprovider.so->OQS_KEM_new(0xaaaad5061590, 0xaaaad5060df0, 1792, 0) = 0xaaaad5060e30 <0.000162>
[pid 373] 15:00:46.208902 oqsprovider.so->OQS_KEM_keypair(0xaaaad5060e30, 0xaaaad50694e0, 0xaaaad506b140, 0xaaaad506cd80) = 0 <0.005133>
[pid 373] 15:00:46.214094 <... EVP_PKEY_keygen resumed> ) = 1 <0.005685>
[pid 373] 15:00:46.229768 libssl.so.3->EVP_PKEY_decapsulate_init(0xaaaad50617c0, 0, 0, 0xaaaad5061830) = 1 <0.000179>
[pid 373] 15:00:46.230001 libssl.so.3->EVP_PKEY_decapsulate(0xaaaad50617c0, 0, 0xffffed9b84d0, 0xaaaad5062fca) = 1 <0.000114>
[pid 373] 15:00:46.230165 libssl.so.3->EVP_PKEY_decapsulate(0xaaaad50617c0, 0xaaaad5057620, 0xffffed9b84d0, 0xaaaad5062fca <unfinished ...>
[pid 373] 15:00:46.230277 oqsprovider.so->OQS_KEM_decaps(0xaaaad5060e30, 0xaaaad5057620, 0xaaaad5062fca, 0xaaaad506b140) = 0 <0.015621>
[pid 373] 15:00:46.245960 <... EVP_PKEY_decapsulate resumed> ) = 1 <0.015789>
[pid 373] 15:00:46.246726 libssl.so.3->X509_verify_cert(0xaaaad5054660, 0, 0, 0xffffffff) = 1 <0.000407>
[pid 373] 15:00:46.247342 libssl.so.3->EVP_DigestVerifyInit_ex(0xaaaad4f81700, 0xffffed9b85d8, 0, 0) = 1 <0.000112>
[pid 373] 15:00:46.247521 libssl.so.3->EVP_DigestVerify(0xaaaad4f81700, 0xaaaad5062f78, 4627, 0xffffed9b85e0) = 1 <0.000329>
[pid 373] 15:00:46.248079 libssl.so.3->X509_verify_cert(0xaaaad5054660, 1, 0, 0) = 1 <0.000347>
[pid 373] 15:00:46.248749 libssl.so.3->EVP_DigestSignInit_ex(0xaaaad504f3a0, 0xffffed9b85c0, 0, 0) = 1 <0.000154>
[pid 373] 15:00:46.248994 libssl.so.3->EVP_DigestSign(0xaaaad504f3a0, 0, 0xffffed9b85d0, 0xffffed9b85e0) = 1 <0.000232>
[pid 373] 15:00:46.249274 libssl.so.3->EVP_DigestSign(0xaaaad504f3a0, 0xaaaad506cdf0, 0xffffed9b85d0, 0xffffed9b85e0) = 1 <0.000477>
[pid 373] 15:00:46.250091 <... SSL_connect resumed> ) = 1 <0.042191>
[pid 373] 15:00:46.250316 oqsprovider.so->OQS_KEM_free(0xaaaad5060e30, 1, 7, 0xaaaad4f64010) = 0xaaaad4f64030 <0.000123>
Handshake duration: 42.32 ms
[pid 373] 15:00:46.251640 +++ exited (status 0) +++
Execution 88 - TLS Mutual
s_connection: verify depth is 1
[pid 375] 15:00:46.279393 openssl->SSL_connect(0xaaaac9d41410, 0xaaaac9d13998, 0xffffaee840e0, 0 <unfinished ...>
[pid 375] 15:00:46.279690 libssl.so.3->EVP_PKEY_keygen_init(0xaaaac9d467c0, 0, 0, 0xaaaac9d46830) = 1 <0.000103>
[pid 375] 15:00:46.279914 libssl.so.3->EVP_PKEY_keygen(0xaaaac9d467c0, 0xffffd59ca050, 0, 0 <unfinished ...>
[pid 375] 15:00:46.280035 oqsprovider.so->OQS_KEM_new(0xaaaac9d46590, 0xaaaac9d45df0, 1792, 0) = 0xaaaac9d45e30 <0.000166>
[pid 375] 15:00:46.280315 oqsprovider.so->OQS_KEM_keypair(0xaaaac9d45e30, 0xaaaac9d4e4e0, 0xaaaac9d50140, 0xaaaac9d51d80) = 0 <0.005159>
[pid 375] 15:00:46.285534 <... EVP_PKEY_keygen resumed> ) = 1 <0.005641>
[pid 375] 15:00:46.300931 libssl.so.3->EVP_PKEY_decapsulate_init(0xaaaac9d467c0, 0, 0, 0xaaaac9d46830) = 1 <0.000163>
[pid 375] 15:00:46.301187 libssl.so.3->EVP_PKEY_decapsulate(0xaaaac9d467c0, 0, 0xffffd59c9fd0, 0xaaaac9d47fca) = 1 <0.000171>
[pid 375] 15:00:46.301410 libssl.so.3->EVP_PKEY_decapsulate(0xaaaac9d467c0, 0xaaaac9d3c620, 0xffffd59c9fd0, 0xaaaac9d47fca <unfinished ...>
[pid 375] 15:00:46.301533 oqsprovider.so->OQS_KEM_decaps(0xaaaac9d45e30, 0xaaaac9d3c620, 0xaaaac9d47fca, 0xaaaac9d50140) = 0 <0.015692>
[pid 375] 15:00:46.317283 <... EVP_PKEY_decapsulate resumed> ) = 1 <0.015867>
[pid 375] 15:00:46.318090 libssl.so.3->X509_verify_cert(0xaaaac9d39660, 0, 0, 0xffffffff) = 1 <0.000383>
[pid 375] 15:00:46.318724 libssl.so.3->EVP_DigestVerifyInit_ex(0xaaaac9c66700, 0xffffd59ca0d8, 0, 0) = 1 <0.000142>
[pid 375] 15:00:46.318949 libssl.so.3->EVP_DigestVerify(0xaaaac9c66700, 0xaaaac9d47f78, 4627, 0xffffd59ca0e0) = 1 <0.000304>
[pid 375] 15:00:46.319443 libssl.so.3->X509_verify_cert(0xaaaac9d39660, 1, 0, 0) = 1 <0.000334>
[pid 375] 15:00:46.320046 libssl.so.3->EVP_DigestSignInit_ex(0xaaaac9d343a0, 0xffffd59ca0c0, 0, 0) = 1 <0.000200>
[pid 375] 15:00:46.320329 libssl.so.3->EVP_DigestSign(0xaaaac9d343a0, 0, 0xffffd59ca0d0, 0xffffd59ca0e0) = 1 <0.000151>
[pid 375] 15:00:46.320498 libssl.so.3->EVP_DigestSign(0xaaaac9d343a0, 0xaaaac9d51df0, 0xffffd59ca0d0, 0xffffd59ca0e0) = 1 <0.000625>
[pid 375] 15:00:46.321387 <... SSL_connect resumed> ) = 1 <0.041990>
[pid 375] 15:00:46.321611 oqsprovider.so->OQS_KEM_free(0xaaaac9d45e30, 1, 7, 0xaaaac9c49010) = 0xaaaac9c49030 <0.000148>
Handshake duration: 42.14 ms
[pid 375] 15:00:46.322920 +++ exited (status 0) +++
Execution 89 - TLS Mutual
s_connection: verify depth is 1
[pid 377] 15:00:46.350530 openssl->SSL_connect(0xaaaad93b2410, 0xaaaad9384998, 0xffffb81140e0, 0 <unfinished ...>
[pid 377] 15:00:46.350831 libssl.so.3->EVP_PKEY_keygen_init(0xaaaad93b77c0, 0, 0, 0xaaaad93b7830) = 1 <0.000129>
[pid 377] 15:00:46.351021 libssl.so.3->EVP_PKEY_keygen(0xaaaad93b77c0, 0xffffd7a76740, 0, 0 <unfinished ...>
[pid 377] 15:00:46.351180 oqsprovider.so->OQS_KEM_new(0xaaaad93b7590, 0xaaaad93b6df0, 1792, 0) = 0xaaaad93b6e30 <0.000093>
[pid 377] 15:00:46.351434 oqsprovider.so->OQS_KEM_keypair(0xaaaad93b6e30, 0xaaaad93bf4e0, 0xaaaad93c1140, 0xaaaad93c2d80) = 0 <0.005053>
[pid 377] 15:00:46.356554 <... EVP_PKEY_keygen resumed> ) = 1 <0.005520>
[pid 377] 15:00:46.372275 libssl.so.3->EVP_PKEY_decapsulate_init(0xaaaad93b77c0, 0, 0, 0xaaaad93b7830) = 1 <0.000177>
[pid 377] 15:00:46.372510 libssl.so.3->EVP_PKEY_decapsulate(0xaaaad93b77c0, 0, 0xffffd7a766c0, 0xaaaad93b8fca) = 1 <0.000102>
[pid 377] 15:00:46.372667 libssl.so.3->EVP_PKEY_decapsulate(0xaaaad93b77c0, 0xaaaad93ad620, 0xffffd7a766c0, 0xaaaad93b8fca <unfinished ...>
[pid 377] 15:00:46.372800 oqsprovider.so->OQS_KEM_decaps(0xaaaad93b6e30, 0xaaaad93ad620, 0xaaaad93b8fca, 0xaaaad93c1140) = 0 <0.015380>
[pid 377] 15:00:46.388251 <... EVP_PKEY_decapsulate resumed> ) = 1 <0.015564>
[pid 377] 15:00:46.389083 libssl.so.3->X509_verify_cert(0xaaaad93aa660, 0, 0, 0xffffffff) = 1 <0.000380>
[pid 377] 15:00:46.389693 libssl.so.3->EVP_DigestVerifyInit_ex(0xaaaad92d7700, 0xffffd7a767c8, 0, 0) = 1 <0.000119>
[pid 377] 15:00:46.389858 libssl.so.3->EVP_DigestVerify(0xaaaad92d7700, 0xaaaad93b8f78, 4627, 0xffffd7a767d0) = 1 <0.000260>
[pid 377] 15:00:46.390323 libssl.so.3->X509_verify_cert(0xaaaad93aa660, 1, 0, 0) = 1 <0.000271>
[pid 377] 15:00:46.390910 libssl.so.3->EVP_DigestSignInit_ex(0xaaaad93a53a0, 0xffffd7a767b0, 0, 0) = 1 <0.000088>
[pid 377] 15:00:46.391058 libssl.so.3->EVP_DigestSign(0xaaaad93a53a0, 0, 0xffffd7a767c0, 0xffffd7a767d0) = 1 <0.000186>
[pid 377] 15:00:46.391292 libssl.so.3->EVP_DigestSign(0xaaaad93a53a0, 0xaaaad93c2df0, 0xffffd7a767c0, 0xffffd7a767d0) = 1 <0.000604>
[pid 377] 15:00:46.392138 <... SSL_connect resumed> ) = 1 <0.041604>
[pid 377] 15:00:46.392396 oqsprovider.so->OQS_KEM_free(0xaaaad93b6e30, 1, 7, 0xaaaad92ba010) = 0xaaaad92ba030 <0.000108>
Handshake duration: 41.75 ms
[pid 377] 15:00:46.393748 +++ exited (status 0) +++
Execution 90 - TLS Mutual
s_connection: verify depth is 1
[pid 379] 15:00:46.421391 openssl->SSL_connect(0xaaaacc2e9410, 0xaaaacc2bb998, 0xffffb6a340e0, 0 <unfinished ...>
[pid 379] 15:00:46.421720 libssl.so.3->EVP_PKEY_keygen_init(0xaaaacc2ee7c0, 0, 0, 0xaaaacc2ee830) = 1 <0.000138>
[pid 379] 15:00:46.421941 libssl.so.3->EVP_PKEY_keygen(0xaaaacc2ee7c0, 0xffffc6c23ab0, 0, 0 <unfinished ...>
[pid 379] 15:00:46.422058 oqsprovider.so->OQS_KEM_new(0xaaaacc2ee590, 0xaaaacc2eddf0, 1792, 0) = 0xaaaacc2ede30 <0.000177>
[pid 379] 15:00:46.422425 oqsprovider.so->OQS_KEM_keypair(0xaaaacc2ede30, 0xaaaacc2f64e0, 0xaaaacc2f8140, 0xaaaacc2f9d80) = 0 <0.005091>
[pid 379] 15:00:46.427675 <... EVP_PKEY_keygen resumed> ) = 1 <0.005633>
[pid 379] 15:00:46.443004 libssl.so.3->EVP_PKEY_decapsulate_init(0xaaaacc2ee7c0, 0, 0, 0xaaaacc2ee830) = 1 <0.000174>
[pid 379] 15:00:46.443364 libssl.so.3->EVP_PKEY_decapsulate(0xaaaacc2ee7c0, 0, 0xffffc6c23a30, 0xaaaacc2effca) = 1 <0.000150>
[pid 379] 15:00:46.443552 libssl.so.3->EVP_PKEY_decapsulate(0xaaaacc2ee7c0, 0xaaaacc2e4620, 0xffffc6c23a30, 0xaaaacc2effca <unfinished ...>
[pid 379] 15:00:46.443681 oqsprovider.so->OQS_KEM_decaps(0xaaaacc2ede30, 0xaaaacc2e4620, 0xaaaacc2effca, 0xaaaacc2f8140) = 0 <0.015687>
[pid 379] 15:00:46.459428 <... EVP_PKEY_decapsulate resumed> ) = 1 <0.015870>
[pid 379] 15:00:46.460206 libssl.so.3->X509_verify_cert(0xaaaacc2e1660, 0, 0, 0xffffffff) = 1 <0.000390>
[pid 379] 15:00:46.460855 libssl.so.3->EVP_DigestVerifyInit_ex(0xaaaacc20e700, 0xffffc6c23b38, 0, 0) = 1 <0.000112>
[pid 379] 15:00:46.461013 libssl.so.3->EVP_DigestVerify(0xaaaacc20e700, 0xaaaacc2eff78, 4627, 0xffffc6c23b40) = 1 <0.000313>
[pid 379] 15:00:46.461567 libssl.so.3->X509_verify_cert(0xaaaacc2e1660, 1, 0, 0) = 1 <0.000346>
[pid 379] 15:00:46.462203 libssl.so.3->EVP_DigestSignInit_ex(0xaaaacc2dc3a0, 0xffffc6c23b20, 0, 0) = 1 <0.000186>
[pid 379] 15:00:46.462436 libssl.so.3->EVP_DigestSign(0xaaaacc2dc3a0, 0, 0xffffc6c23b30, 0xffffc6c23b40) = 1 <0.000201>
[pid 379] 15:00:46.462745 libssl.so.3->EVP_DigestSign(0xaaaacc2dc3a0, 0xaaaacc2f9df0, 0xffffc6c23b30, 0xffffc6c23b40) = 1 <0.000449>
[pid 379] 15:00:46.463408 <... SSL_connect resumed> ) = 1 <0.042008>
[pid 379] 15:00:46.463618 oqsprovider.so->OQS_KEM_free(0xaaaacc2ede30, 1, 7, 0xaaaacc1f1010) = 0xaaaacc1f1030 <0.000138>
Handshake duration: 42.15 ms
[pid 379] 15:00:46.464981 +++ exited (status 0) +++
Execution 91 - TLS Mutual
s_connection: verify depth is 1
[pid 381] 15:00:46.492875 openssl->SSL_connect(0xaaaae4a17410, 0xaaaae49e9998, 0xffffaa8740e0, 0 <unfinished ...>
[pid 381] 15:00:46.493205 libssl.so.3->EVP_PKEY_keygen_init(0xaaaae4a1c7c0, 0, 0, 0xaaaae4a1c830) = 1 <0.000103>
[pid 381] 15:00:46.493399 libssl.so.3->EVP_PKEY_keygen(0xaaaae4a1c7c0, 0xfffff5f4f060, 0, 0 <unfinished ...>
[pid 381] 15:00:46.493510 oqsprovider.so->OQS_KEM_new(0xaaaae4a1c590, 0xaaaae4a1bdf0, 1792, 0) = 0xaaaae4a1be30 <0.000147>
[pid 381] 15:00:46.493853 oqsprovider.so->OQS_KEM_keypair(0xaaaae4a1be30, 0xaaaae4a244e0, 0xaaaae4a26140, 0xaaaae4a27d80) = 0 <0.005032>
[pid 381] 15:00:46.498940 <... EVP_PKEY_keygen resumed> ) = 1 <0.005537>
[pid 381] 15:00:46.514465 libssl.so.3->EVP_PKEY_decapsulate_init(0xaaaae4a1c7c0, 0, 0, 0xaaaae4a1c830) = 1 <0.000195>
[pid 381] 15:00:46.514719 libssl.so.3->EVP_PKEY_decapsulate(0xaaaae4a1c7c0, 0, 0xfffff5f4efe0, 0xaaaae4a1dfca) = 1 <0.000124>
[pid 381] 15:00:46.514901 libssl.so.3->EVP_PKEY_decapsulate(0xaaaae4a1c7c0, 0xaaaae4a12620, 0xfffff5f4efe0, 0xaaaae4a1dfca <unfinished ...>
[pid 381] 15:00:46.515010 oqsprovider.so->OQS_KEM_decaps(0xaaaae4a1be30, 0xaaaae4a12620, 0xaaaae4a1dfca, 0xaaaae4a26140) = 0 <0.015517>
[pid 381] 15:00:46.530581 <... EVP_PKEY_decapsulate resumed> ) = 1 <0.015674>
[pid 381] 15:00:46.531338 libssl.so.3->X509_verify_cert(0xaaaae4a0f660, 0, 0, 0xffffffff) = 1 <0.000453>
[pid 381] 15:00:46.532024 libssl.so.3->EVP_DigestVerifyInit_ex(0xaaaae493c700, 0xfffff5f4f0e8, 0, 0) = 1 <0.000112>
[pid 381] 15:00:46.532203 libssl.so.3->EVP_DigestVerify(0xaaaae493c700, 0xaaaae4a1df78, 4627, 0xfffff5f4f0f0) = 1 <0.000412>
[pid 381] 15:00:46.532845 libssl.so.3->X509_verify_cert(0xaaaae4a0f660, 1, 0, 0) = 1 <0.000275>
[pid 381] 15:00:46.533388 libssl.so.3->EVP_DigestSignInit_ex(0xaaaae4a0a3a0, 0xfffff5f4f0d0, 0, 0) = 1 <0.000202>
[pid 381] 15:00:46.533639 libssl.so.3->EVP_DigestSign(0xaaaae4a0a3a0, 0, 0xfffff5f4f0e0, 0xfffff5f4f0f0) = 1 <0.000170>
[pid 381] 15:00:46.533873 libssl.so.3->EVP_DigestSign(0xaaaae4a0a3a0, 0xaaaae4a27df0, 0xfffff5f4f0e0, 0xfffff5f4f0f0) = 1 <0.000512>
[pid 381] 15:00:46.534640 <... SSL_connect resumed> ) = 1 <0.041761>
[pid 381] 15:00:46.534924 oqsprovider.so->OQS_KEM_free(0xaaaae4a1be30, 1, 7, 0xaaaae491f010) = 0xaaaae491f030 <0.000110>
Handshake duration: 41.91 ms
[pid 381] 15:00:46.536218 +++ exited (status 0) +++
Execution 92 - TLS Mutual
s_connection: verify depth is 1
[pid 383] 15:00:46.564285 openssl->SSL_connect(0xaaaaea396410, 0xaaaaea368998, 0xffffa04140e0, 0 <unfinished ...>
[pid 383] 15:00:46.564615 libssl.so.3->EVP_PKEY_keygen_init(0xaaaaea39b7c0, 0, 0, 0xaaaaea39b830) = 1 <0.000106>
[pid 383] 15:00:46.564769 libssl.so.3->EVP_PKEY_keygen(0xaaaaea39b7c0, 0xffffd92f6f40, 0, 0 <unfinished ...>
[pid 383] 15:00:46.564909 oqsprovider.so->OQS_KEM_new(0xaaaaea39b590, 0xaaaaea39adf0, 1792, 0) = 0xaaaaea39ae30 <0.000113>
[pid 383] 15:00:46.565176 oqsprovider.so->OQS_KEM_keypair(0xaaaaea39ae30, 0xaaaaea3a34e0, 0xaaaaea3a5140, 0xaaaaea3a6d80) = 0 <0.005066>
[pid 383] 15:00:46.570291 <... EVP_PKEY_keygen resumed> ) = 1 <0.005518>
[pid 383] 15:00:46.585713 libssl.so.3->EVP_PKEY_decapsulate_init(0xaaaaea39b7c0, 0, 0, 0xaaaaea39b830) = 1 <0.000249>
[pid 383] 15:00:46.586011 libssl.so.3->EVP_PKEY_decapsulate(0xaaaaea39b7c0, 0, 0xffffd92f6ec0, 0xaaaaea39cfca) = 1 <0.000196>
[pid 383] 15:00:46.586285 libssl.so.3->EVP_PKEY_decapsulate(0xaaaaea39b7c0, 0xaaaaea391620, 0xffffd92f6ec0, 0xaaaaea39cfca <unfinished ...>
[pid 383] 15:00:46.586466 oqsprovider.so->OQS_KEM_decaps(0xaaaaea39ae30, 0xaaaaea391620, 0xaaaaea39cfca, 0xaaaaea3a5140) = 0 <0.015363>
[pid 383] 15:00:46.601887 <... EVP_PKEY_decapsulate resumed> ) = 1 <0.015595>
[pid 383] 15:00:46.602646 libssl.so.3->X509_verify_cert(0xaaaaea38e660, 0, 0, 0xffffffff) = 1 <0.000443>
[pid 383] 15:00:46.603332 libssl.so.3->EVP_DigestVerifyInit_ex(0xaaaaea2bb700, 0xffffd92f6fc8, 0, 0) = 1 <0.000146>
[pid 383] 15:00:46.603521 libssl.so.3->EVP_DigestVerify(0xaaaaea2bb700, 0xaaaaea39cf78, 4627, 0xffffd92f6fd0) = 1 <0.000317>
[pid 383] 15:00:46.604055 libssl.so.3->X509_verify_cert(0xaaaaea38e660, 1, 0, 0) = 1 <0.000325>
[pid 383] 15:00:46.604689 libssl.so.3->EVP_DigestSignInit_ex(0xaaaaea3893a0, 0xffffd92f6fb0, 0, 0) = 1 <0.000145>
[pid 383] 15:00:46.604886 libssl.so.3->EVP_DigestSign(0xaaaaea3893a0, 0, 0xffffd92f6fc0, 0xffffd92f6fd0) = 1 <0.000121>
[pid 383] 15:00:46.605069 libssl.so.3->EVP_DigestSign(0xaaaaea3893a0, 0xaaaaea3a6df0, 0xffffd92f6fc0, 0xffffd92f6fd0) = 1 <0.000665>
[pid 383] 15:00:46.606048 <... SSL_connect resumed> ) = 1 <0.041756>
[pid 383] 15:00:46.606301 oqsprovider.so->OQS_KEM_free(0xaaaaea39ae30, 1, 7, 0xaaaaea29e010) = 0xaaaaea29e030 <0.000117>
Handshake duration: 41.89 ms
[pid 383] 15:00:46.607742 +++ exited (status 0) +++
Execution 93 - TLS Mutual
s_connection: verify depth is 1
[pid 385] 15:00:46.635662 openssl->SSL_connect(0xaaaac992a410, 0xaaaac98fc998, 0xffff9c8b40e0, 0 <unfinished ...>
[pid 385] 15:00:46.636014 libssl.so.3->EVP_PKEY_keygen_init(0xaaaac992f7c0, 0, 0, 0xaaaac992f830) = 1 <0.000129>
[pid 385] 15:00:46.636210 libssl.so.3->EVP_PKEY_keygen(0xaaaac992f7c0, 0xffffc5f307e0, 0, 0 <unfinished ...>
[pid 385] 15:00:46.636395 oqsprovider.so->OQS_KEM_new(0xaaaac992f590, 0xaaaac992edf0, 1792, 0) = 0xaaaac992ee30 <0.000116>
[pid 385] 15:00:46.636674 oqsprovider.so->OQS_KEM_keypair(0xaaaac992ee30, 0xaaaac99374e0, 0xaaaac9939140, 0xaaaac993ad80) = 0 <0.005070>
[pid 385] 15:00:46.641830 <... EVP_PKEY_keygen resumed> ) = 1 <0.005589>
[pid 385] 15:00:46.657196 libssl.so.3->EVP_PKEY_decapsulate_init(0xaaaac992f7c0, 0, 0, 0xaaaac992f830) = 1 <0.000188>
[pid 385] 15:00:46.657454 libssl.so.3->EVP_PKEY_decapsulate(0xaaaac992f7c0, 0, 0xffffc5f30760, 0xaaaac9930fca) = 1 <0.000144>
[pid 385] 15:00:46.657663 libssl.so.3->EVP_PKEY_decapsulate(0xaaaac992f7c0, 0xaaaac9925620, 0xffffc5f30760, 0xaaaac9930fca <unfinished ...>
[pid 385] 15:00:46.657768 oqsprovider.so->OQS_KEM_decaps(0xaaaac992ee30, 0xaaaac9925620, 0xaaaac9930fca, 0xaaaac9939140) = 0 <0.015419>
[pid 385] 15:00:46.673261 <... EVP_PKEY_decapsulate resumed> ) = 1 <0.015578>
[pid 385] 15:00:46.674028 libssl.so.3->X509_verify_cert(0xaaaac9922660, 0, 0, 0xffffffff) = 1 <0.000419>
[pid 385] 15:00:46.674702 libssl.so.3->EVP_DigestVerifyInit_ex(0xaaaac984f700, 0xffffc5f30868, 0, 0) = 1 <0.000128>
[pid 385] 15:00:46.674876 libssl.so.3->EVP_DigestVerify(0xaaaac984f700, 0xaaaac9930f78, 4627, 0xffffc5f30870) = 1 <0.000468>
[pid 385] 15:00:46.675567 libssl.so.3->X509_verify_cert(0xaaaac9922660, 1, 0, 0) = 1 <0.000299>
[pid 385] 15:00:46.676106 libssl.so.3->EVP_DigestSignInit_ex(0xaaaac991d3a0, 0xffffc5f30850, 0, 0) = 1 <0.000156>
[pid 385] 15:00:46.676411 libssl.so.3->EVP_DigestSign(0xaaaac991d3a0, 0, 0xffffc5f30860, 0xffffc5f30870) = 1 <0.000109>
[pid 385] 15:00:46.676569 libssl.so.3->EVP_DigestSign(0xaaaac991d3a0, 0xaaaac993adf0, 0xffffc5f30860, 0xffffc5f30870) = 1 <0.000577>
[pid 385] 15:00:46.677426 <... SSL_connect resumed> ) = 1 <0.041768>
[pid 385] 15:00:46.677673 oqsprovider.so->OQS_KEM_free(0xaaaac992ee30, 1, 7, 0xaaaac9832010) = 0xaaaac9832030 <0.000147>
Handshake duration: 41.90 ms
[pid 385] 15:00:46.679064 +++ exited (status 0) +++
Execution 94 - TLS Mutual
s_connection: verify depth is 1
[pid 387] 15:00:46.706757 openssl->SSL_connect(0xaaaafa031410, 0xaaaafa003998, 0xffff9a5940e0, 0 <unfinished ...>
[pid 387] 15:00:46.707079 libssl.so.3->EVP_PKEY_keygen_init(0xaaaafa0367c0, 0, 0, 0xaaaafa036830) = 1 <0.000133>
[pid 387] 15:00:46.707258 libssl.so.3->EVP_PKEY_keygen(0xaaaafa0367c0, 0xffffc8abbda0, 0, 0 <unfinished ...>
[pid 387] 15:00:46.707382 oqsprovider.so->OQS_KEM_new(0xaaaafa036590, 0xaaaafa035df0, 1792, 0) = 0xaaaafa035e30 <0.000134>
[pid 387] 15:00:46.707645 oqsprovider.so->OQS_KEM_keypair(0xaaaafa035e30, 0xaaaafa03e4e0, 0xaaaafa040140, 0xaaaafa041d80) = 0 <0.005086>
[pid 387] 15:00:46.712802 <... EVP_PKEY_keygen resumed> ) = 1 <0.005537>
[pid 387] 15:00:46.728016 libssl.so.3->EVP_PKEY_decapsulate_init(0xaaaafa0367c0, 0, 0, 0xaaaafa036830) = 1 <0.000181>
[pid 387] 15:00:46.728250 libssl.so.3->EVP_PKEY_decapsulate(0xaaaafa0367c0, 0, 0xffffc8abbd20, 0xaaaafa037fca) = 1 <0.000098>
[pid 387] 15:00:46.728426 libssl.so.3->EVP_PKEY_decapsulate(0xaaaafa0367c0, 0xaaaafa02c620, 0xffffc8abbd20, 0xaaaafa037fca <unfinished ...>
[pid 387] 15:00:46.728525 oqsprovider.so->OQS_KEM_decaps(0xaaaafa035e30, 0xaaaafa02c620, 0xaaaafa037fca, 0xaaaafa040140) = 0 <0.015363>
[pid 387] 15:00:46.743950 <... EVP_PKEY_decapsulate resumed> ) = 1 <0.015536>
[pid 387] 15:00:46.744729 libssl.so.3->X509_verify_cert(0xaaaafa029660, 0, 0, 0xffffffff) = 1 <0.000451>
[pid 387] 15:00:46.745432 libssl.so.3->EVP_DigestVerifyInit_ex(0xaaaaf9f56700, 0xffffc8abbe28, 0, 0) = 1 <0.000123>
[pid 387] 15:00:46.745631 libssl.so.3->EVP_DigestVerify(0xaaaaf9f56700, 0xaaaafa037f78, 4627, 0xffffc8abbe30) = 1 <0.000398>
[pid 387] 15:00:46.746250 libssl.so.3->X509_verify_cert(0xaaaafa029660, 1, 0, 0) = 1 <0.000367>
[pid 387] 15:00:46.746910 libssl.so.3->EVP_DigestSignInit_ex(0xaaaafa0243a0, 0xffffc8abbe10, 0, 0) = 1 <0.000333>
[pid 387] 15:00:46.747345 libssl.so.3->EVP_DigestSign(0xaaaafa0243a0, 0, 0xffffc8abbe20, 0xffffc8abbe30) = 1 <0.000198>
[pid 387] 15:00:46.747589 libssl.so.3->EVP_DigestSign(0xaaaafa0243a0, 0xaaaafa041df0, 0xffffc8abbe20, 0xffffc8abbe30) = 1 <0.000822>
[pid 387] 15:00:46.748648 <... SSL_connect resumed> ) = 1 <0.041888>
[pid 387] 15:00:46.748905 oqsprovider.so->OQS_KEM_free(0xaaaafa035e30, 1, 7, 0xaaaaf9f39010) = 0xaaaaf9f39030 <0.000112>
Handshake duration: 42.03 ms
[pid 387] 15:00:46.750231 +++ exited (status 0) +++
Execution 95 - TLS Mutual
s_connection: verify depth is 1
[pid 389] 15:00:46.779115 openssl->SSL_connect(0xaaaafcadc410, 0xaaaafcaae998, 0xffffacb240e0, 0 <unfinished ...>
[pid 389] 15:00:46.779483 libssl.so.3->EVP_PKEY_keygen_init(0xaaaafcae17c0, 0, 0, 0xaaaafcae1830) = 1 <0.000111>
[pid 389] 15:00:46.779730 libssl.so.3->EVP_PKEY_keygen(0xaaaafcae17c0, 0xfffffcef89b0, 0, 0 <unfinished ...>
[pid 389] 15:00:46.779918 oqsprovider.so->OQS_KEM_new(0xaaaafcae1590, 0xaaaafcae0df0, 1792, 0) = 0xaaaafcae0e30 <0.000138>
[pid 389] 15:00:46.780179 oqsprovider.so->OQS_KEM_keypair(0xaaaafcae0e30, 0xaaaafcae94e0, 0xaaaafcaeb140, 0xaaaafcaecd80) = 0 <0.005391>
[pid 389] 15:00:46.785637 <... EVP_PKEY_keygen resumed> ) = 1 <0.005899>
[pid 389] 15:00:46.801247 libssl.so.3->EVP_PKEY_decapsulate_init(0xaaaafcae17c0, 0, 0, 0xaaaafcae1830) = 1 <0.000162>
[pid 389] 15:00:46.801479 libssl.so.3->EVP_PKEY_decapsulate(0xaaaafcae17c0, 0, 0xfffffcef8930, 0xaaaafcae2fca) = 1 <0.000113>
[pid 389] 15:00:46.801704 libssl.so.3->EVP_PKEY_decapsulate(0xaaaafcae17c0, 0xaaaafcad7620, 0xfffffcef8930, 0xaaaafcae2fca <unfinished ...>
[pid 389] 15:00:46.801852 oqsprovider.so->OQS_KEM_decaps(0xaaaafcae0e30, 0xaaaafcad7620, 0xaaaafcae2fca, 0xaaaafcaeb140) = 0 <0.015844>
[pid 389] 15:00:46.817754 <... EVP_PKEY_decapsulate resumed> ) = 1 <0.016045>
[pid 389] 15:00:46.818524 libssl.so.3->X509_verify_cert(0xaaaafcad4660, 0, 0, 0xffffffff) = 1 <0.000414>
[pid 389] 15:00:46.819190 libssl.so.3->EVP_DigestVerifyInit_ex(0xaaaafca01700, 0xfffffcef8a38, 0, 0) = 1 <0.000136>
[pid 389] 15:00:46.819375 libssl.so.3->EVP_DigestVerify(0xaaaafca01700, 0xaaaafcae2f78, 4627, 0xfffffcef8a40) = 1 <0.000287>
[pid 389] 15:00:46.819941 libssl.so.3->X509_verify_cert(0xaaaafcad4660, 1, 0, 0) = 1 <0.000317>
[pid 389] 15:00:46.820518 libssl.so.3->EVP_DigestSignInit_ex(0xaaaafcacf3a0, 0xfffffcef8a20, 0, 0) = 1 <0.000128>
[pid 389] 15:00:46.820751 libssl.so.3->EVP_DigestSign(0xaaaafcacf3a0, 0, 0xfffffcef8a30, 0xfffffcef8a40) = 1 <0.000133>
[pid 389] 15:00:46.820929 libssl.so.3->EVP_DigestSign(0xaaaafcacf3a0, 0xaaaafcaecdf0, 0xfffffcef8a30, 0xfffffcef8a40) = 1 <0.000545>
[pid 389] 15:00:46.821759 <... SSL_connect resumed> ) = 1 <0.042640>
[pid 389] 15:00:46.822007 oqsprovider.so->OQS_KEM_free(0xaaaafcae0e30, 1, 7, 0xaaaafc9e4010) = 0xaaaafc9e4030 <0.000131>
Handshake duration: 42.80 ms
[pid 389] 15:00:46.823391 +++ exited (status 0) +++
Execution 96 - TLS Mutual
s_connection: verify depth is 1
[pid 391] 15:00:46.851441 openssl->SSL_connect(0xaaaaf367f410, 0xaaaaf3651998, 0xffff86f140e0, 0 <unfinished ...>
[pid 391] 15:00:46.851794 libssl.so.3->EVP_PKEY_keygen_init(0xaaaaf36847c0, 0, 0, 0xaaaaf3684830) = 1 <0.000131>
[pid 391] 15:00:46.851967 libssl.so.3->EVP_PKEY_keygen(0xaaaaf36847c0, 0xfffff5164320, 0, 0 <unfinished ...>
[pid 391] 15:00:46.852156 oqsprovider.so->OQS_KEM_new(0xaaaaf3684590, 0xaaaaf3683df0, 1792, 0) = 0xaaaaf3683e30 <0.000123>
[pid 391] 15:00:46.852445 oqsprovider.so->OQS_KEM_keypair(0xaaaaf3683e30, 0xaaaaf368c4e0, 0xaaaaf368e140, 0xaaaaf368fd80) = 0 <0.004993>
[pid 391] 15:00:46.857498 <... EVP_PKEY_keygen resumed> ) = 1 <0.005525>
[pid 391] 15:00:46.873031 libssl.so.3->EVP_PKEY_decapsulate_init(0xaaaaf36847c0, 0, 0, 0xaaaaf3684830) = 1 <0.000143>
[pid 391] 15:00:46.873286 libssl.so.3->EVP_PKEY_decapsulate(0xaaaaf36847c0, 0, 0xfffff51642a0, 0xaaaaf3685fca) = 1 <0.000106>
[pid 391] 15:00:46.873435 libssl.so.3->EVP_PKEY_decapsulate(0xaaaaf36847c0, 0xaaaaf367a620, 0xfffff51642a0, 0xaaaaf3685fca <unfinished ...>
[pid 391] 15:00:46.873669 oqsprovider.so->OQS_KEM_decaps(0xaaaaf3683e30, 0xaaaaf367a620, 0xaaaaf3685fca, 0xaaaaf368e140) = 0 <0.015602>
[pid 391] 15:00:46.889326 <... EVP_PKEY_decapsulate resumed> ) = 1 <0.015886>
[pid 391] 15:00:46.890098 libssl.so.3->X509_verify_cert(0xaaaaf3677660, 0, 0, 0xffffffff) = 1 <0.000401>
[pid 391] 15:00:46.890721 libssl.so.3->EVP_DigestVerifyInit_ex(0xaaaaf35a4700, 0xfffff51643a8, 0, 0) = 1 <0.000134>
[pid 391] 15:00:46.890971 libssl.so.3->EVP_DigestVerify(0xaaaaf35a4700, 0xaaaaf3685f78, 4627, 0xfffff51643b0) = 1 <0.000359>
[pid 391] 15:00:46.891580 libssl.so.3->X509_verify_cert(0xaaaaf3677660, 1, 0, 0) = 1 <0.000339>
[pid 391] 15:00:46.892201 libssl.so.3->EVP_DigestSignInit_ex(0xaaaaf36723a0, 0xfffff5164390, 0, 0) = 1 <0.000192>
[pid 391] 15:00:46.892435 libssl.so.3->EVP_DigestSign(0xaaaaf36723a0, 0, 0xfffff51643a0, 0xfffff51643b0) = 1 <0.000138>
[pid 391] 15:00:46.892621 libssl.so.3->EVP_DigestSign(0xaaaaf36723a0, 0xaaaaf368fdf0, 0xfffff51643a0, 0xfffff51643b0) = 1 <0.000495>
[pid 391] 15:00:46.893334 <... SSL_connect resumed> ) = 1 <0.041887>
[pid 391] 15:00:46.893561 oqsprovider.so->OQS_KEM_free(0xaaaaf3683e30, 1, 7, 0xaaaaf3587010) = 0xaaaaf3587030 <0.000105>
Handshake duration: 42.01 ms
[pid 391] 15:00:46.894908 +++ exited (status 0) +++
Execution 97 - TLS Mutual
s_connection: verify depth is 1
[pid 393] 15:00:46.922860 openssl->SSL_connect(0xaaab187aa410, 0xaaab1877c998, 0xffff891b40e0, 0 <unfinished ...>
[pid 393] 15:00:46.923179 libssl.so.3->EVP_PKEY_keygen_init(0xaaab187af7c0, 0, 0, 0xaaab187af830) = 1 <0.000117>
[pid 393] 15:00:46.923388 libssl.so.3->EVP_PKEY_keygen(0xaaab187af7c0, 0xfffff2ee95b0, 0, 0 <unfinished ...>
[pid 393] 15:00:46.923520 oqsprovider.so->OQS_KEM_new(0xaaab187af590, 0xaaab187aedf0, 1792, 0) = 0xaaab187aee30 <0.000100>
[pid 393] 15:00:46.923749 oqsprovider.so->OQS_KEM_keypair(0xaaab187aee30, 0xaaab187b74e0, 0xaaab187b9140, 0xaaab187bad80) = 0 <0.005095>
[pid 393] 15:00:46.928911 <... EVP_PKEY_keygen resumed> ) = 1 <0.005513>
[pid 393] 15:00:46.944440 libssl.so.3->EVP_PKEY_decapsulate_init(0xaaab187af7c0, 0, 0, 0xaaab187af830) = 1 <0.000264>
[pid 393] 15:00:46.944775 libssl.so.3->EVP_PKEY_decapsulate(0xaaab187af7c0, 0, 0xfffff2ee9530, 0xaaab187b0fca) = 1 <0.000149>
[pid 393] 15:00:46.945052 libssl.so.3->EVP_PKEY_decapsulate(0xaaab187af7c0, 0xaaab187a5620, 0xfffff2ee9530, 0xaaab187b0fca <unfinished ...>
[pid 393] 15:00:46.945246 oqsprovider.so->OQS_KEM_decaps(0xaaab187aee30, 0xaaab187a5620, 0xaaab187b0fca, 0xaaab187b9140) = 0 <0.015750>
[pid 393] 15:00:46.961057 <... EVP_PKEY_decapsulate resumed> ) = 1 <0.016002>
[pid 393] 15:00:46.961909 libssl.so.3->X509_verify_cert(0xaaab187a2660, 0, 0, 0xffffffff) = 1 <0.000407>
[pid 393] 15:00:46.962551 libssl.so.3->EVP_DigestVerifyInit_ex(0xaaab186cf700, 0xfffff2ee9638, 0, 0) = 1 <0.000158>
[pid 393] 15:00:46.962759 libssl.so.3->EVP_DigestVerify(0xaaab186cf700, 0xaaab187b0f78, 4627, 0xfffff2ee9640) = 1 <0.000287>
[pid 393] 15:00:46.963276 libssl.so.3->X509_verify_cert(0xaaab187a2660, 1, 0, 0) = 1 <0.000306>
[pid 393] 15:00:46.963907 libssl.so.3->EVP_DigestSignInit_ex(0xaaab1879d3a0, 0xfffff2ee9620, 0, 0) = 1 <0.000145>
[pid 393] 15:00:46.964133 libssl.so.3->EVP_DigestSign(0xaaab1879d3a0, 0, 0xfffff2ee9630, 0xfffff2ee9640) = 1 <0.000106>
[pid 393] 15:00:46.964293 libssl.so.3->EVP_DigestSign(0xaaab1879d3a0, 0xaaab187badf0, 0xfffff2ee9630, 0xfffff2ee9640) = 1 <0.000580>
[pid 393] 15:00:46.965173 <... SSL_connect resumed> ) = 1 <0.042303>
[pid 393] 15:00:46.965404 oqsprovider.so->OQS_KEM_free(0xaaab187aee30, 1, 7, 0xaaab186b2010) = 0xaaab186b2030 <0.000109>
Handshake duration: 42.45 ms
[pid 393] 15:00:46.966778 +++ exited (status 0) +++
Execution 98 - TLS Mutual
s_connection: verify depth is 1
[pid 395] 15:00:46.994585 openssl->SSL_connect(0xaaaafe92e410, 0xaaaafe900998, 0xffff927940e0, 0 <unfinished ...>
[pid 395] 15:00:46.994908 libssl.so.3->EVP_PKEY_keygen_init(0xaaaafe9337c0, 0, 0, 0xaaaafe933830) = 1 <0.000107>
[pid 395] 15:00:46.995075 libssl.so.3->EVP_PKEY_keygen(0xaaaafe9337c0, 0xfffffe0d8040, 0, 0 <unfinished ...>
[pid 395] 15:00:46.995218 oqsprovider.so->OQS_KEM_new(0xaaaafe933590, 0xaaaafe932df0, 1792, 0) = 0xaaaafe932e30 <0.000116>
[pid 395] 15:00:46.995474 oqsprovider.so->OQS_KEM_keypair(0xaaaafe932e30, 0xaaaafe93b4e0, 0xaaaafe93d140, 0xaaaafe93ed80) = 0 <0.005086>
[pid 395] 15:00:47.000625 <... EVP_PKEY_keygen resumed> ) = 1 <0.005541>
[pid 395] 15:00:47.016153 libssl.so.3->EVP_PKEY_decapsulate_init(0xaaaafe9337c0, 0, 0, 0xaaaafe933830) = 1 <0.000205>
[pid 395] 15:00:47.016401 libssl.so.3->EVP_PKEY_decapsulate(0xaaaafe9337c0, 0, 0xfffffe0d7fc0, 0xaaaafe934fca) = 1 <0.000106>
[pid 395] 15:00:47.016554 libssl.so.3->EVP_PKEY_decapsulate(0xaaaafe9337c0, 0xaaaafe929620, 0xfffffe0d7fc0, 0xaaaafe934fca <unfinished ...>
[pid 395] 15:00:47.016781 oqsprovider.so->OQS_KEM_decaps(0xaaaafe932e30, 0xaaaafe929620, 0xaaaafe934fca, 0xaaaafe93d140) = 0 <0.015299>
[pid 395] 15:00:47.032135 <... EVP_PKEY_decapsulate resumed> ) = 1 <0.015577>
[pid 395] 15:00:47.032893 libssl.so.3->X509_verify_cert(0xaaaafe926660, 0, 0, 0xffffffff) = 1 <0.000405>
[pid 395] 15:00:47.033522 libssl.so.3->EVP_DigestVerifyInit_ex(0xaaaafe853700, 0xfffffe0d80c8, 0, 0) = 1 <0.000111>
[pid 395] 15:00:47.033728 libssl.so.3->EVP_DigestVerify(0xaaaafe853700, 0xaaaafe934f78, 4627, 0xfffffe0d80d0) = 1 <0.000314>
[pid 395] 15:00:47.034288 libssl.so.3->X509_verify_cert(0xaaaafe926660, 1, 0, 0) = 1 <0.000331>
[pid 395] 15:00:47.034932 libssl.so.3->EVP_DigestSignInit_ex(0xaaaafe9213a0, 0xfffffe0d80b0, 0, 0) = 1 <0.000143>
[pid 395] 15:00:47.035164 libssl.so.3->EVP_DigestSign(0xaaaafe9213a0, 0, 0xfffffe0d80c0, 0xfffffe0d80d0) = 1 <0.000121>
[pid 395] 15:00:47.035324 libssl.so.3->EVP_DigestSign(0xaaaafe9213a0, 0xaaaafe93edf0, 0xfffffe0d80c0, 0xfffffe0d80d0) = 1 <0.000769>
[pid 395] 15:00:47.036406 <... SSL_connect resumed> ) = 1 <0.041814>
[pid 395] 15:00:47.036703 oqsprovider.so->OQS_KEM_free(0xaaaafe932e30, 1, 7, 0xaaaafe836010) = 0xaaaafe836030 <0.000141>
Handshake duration: 42.01 ms
[pid 395] 15:00:47.038056 +++ exited (status 0) +++
Execution 99 - TLS Mutual
s_connection: verify depth is 1
[pid 397] 15:00:47.065868 openssl->SSL_connect(0xaaaafb0b1410, 0xaaaafb083998, 0xffff92a040e0, 0 <unfinished ...>
[pid 397] 15:00:47.066172 libssl.so.3->EVP_PKEY_keygen_init(0xaaaafb0b67c0, 0, 0, 0xaaaafb0b6830) = 1 <0.000141>
[pid 397] 15:00:47.066366 libssl.so.3->EVP_PKEY_keygen(0xaaaafb0b67c0, 0xffffce720a70, 0, 0 <unfinished ...>
[pid 397] 15:00:47.066489 oqsprovider.so->OQS_KEM_new(0xaaaafb0b6590, 0xaaaafb0b5df0, 1792, 0) = 0xaaaafb0b5e30 <0.000136>
[pid 397] 15:00:47.066816 oqsprovider.so->OQS_KEM_keypair(0xaaaafb0b5e30, 0xaaaafb0be4e0, 0xaaaafb0c0140, 0xaaaafb0c1d80) = 0 <0.005055>
[pid 397] 15:00:47.071935 <... EVP_PKEY_keygen resumed> ) = 1 <0.005565>
[pid 397] 15:00:47.087305 libssl.so.3->EVP_PKEY_decapsulate_init(0xaaaafb0b67c0, 0, 0, 0xaaaafb0b6830) = 1 <0.000195>
[pid 397] 15:00:47.087559 libssl.so.3->EVP_PKEY_decapsulate(0xaaaafb0b67c0, 0, 0xffffce7209f0, 0xaaaafb0b7fca) = 1 <0.000219>
[pid 397] 15:00:47.087829 libssl.so.3->EVP_PKEY_decapsulate(0xaaaafb0b67c0, 0xaaaafb0ac620, 0xffffce7209f0, 0xaaaafb0b7fca <unfinished ...>
[pid 397] 15:00:47.088026 oqsprovider.so->OQS_KEM_decaps(0xaaaafb0b5e30, 0xaaaafb0ac620, 0xaaaafb0b7fca, 0xaaaafb0c0140) = 0 <0.015610>
[pid 397] 15:00:47.103696 <... EVP_PKEY_decapsulate resumed> ) = 1 <0.015861>
[pid 397] 15:00:47.104514 libssl.so.3->X509_verify_cert(0xaaaafb0a9660, 0, 0, 0xffffffff) = 1 <0.000387>
[pid 397] 15:00:47.105139 libssl.so.3->EVP_DigestVerifyInit_ex(0xaaaafafd6700, 0xffffce720af8, 0, 0) = 1 <0.000144>
[pid 397] 15:00:47.105350 libssl.so.3->EVP_DigestVerify(0xaaaafafd6700, 0xaaaafb0b7f78, 4627, 0xffffce720b00) = 1 <0.000390>
[pid 397] 15:00:47.105970 libssl.so.3->X509_verify_cert(0xaaaafb0a9660, 1, 0, 0) = 1 <0.000303>
[pid 397] 15:00:47.106548 libssl.so.3->EVP_DigestSignInit_ex(0xaaaafb0a43a0, 0xffffce720ae0, 0, 0) = 1 <0.000166>
[pid 397] 15:00:47.106781 libssl.so.3->EVP_DigestSign(0xaaaafb0a43a0, 0, 0xffffce720af0, 0xffffce720b00) = 1 <0.000130>
[pid 397] 15:00:47.107014 libssl.so.3->EVP_DigestSign(0xaaaafb0a43a0, 0xaaaafb0c1df0, 0xffffce720af0, 0xffffce720b00) = 1 <0.000973>
[pid 397] 15:00:47.108234 <... SSL_connect resumed> ) = 1 <0.042362>
[pid 397] 15:00:47.108497 oqsprovider.so->OQS_KEM_free(0xaaaafb0b5e30, 1, 7, 0xaaaafafb9010) = 0xaaaafafb9030 <0.000136>
Handshake duration: 42.52 ms
[pid 397] 15:00:47.109776 +++ exited (status 0) +++
Execution 100 - TLS Mutual
s_connection: verify depth is 1
[pid 399] 15:00:47.138056 openssl->SSL_connect(0xaaaadc8a4410, 0xaaaadc876998, 0xffff80d640e0, 0 <unfinished ...>
[pid 399] 15:00:47.138375 libssl.so.3->EVP_PKEY_keygen_init(0xaaaadc8a97c0, 0, 0, 0xaaaadc8a9830) = 1 <0.000104>
[pid 399] 15:00:47.138529 libssl.so.3->EVP_PKEY_keygen(0xaaaadc8a97c0, 0xfffff66a43d0, 0, 0 <unfinished ...>
[pid 399] 15:00:47.138662 oqsprovider.so->OQS_KEM_new(0xaaaadc8a9590, 0xaaaadc8a8df0, 1792, 0) = 0xaaaadc8a8e30 <0.000140>
[pid 399] 15:00:47.138989 oqsprovider.so->OQS_KEM_keypair(0xaaaadc8a8e30, 0xaaaadc8b14e0, 0xaaaadc8b3140, 0xaaaadc8b4d80) = 0 <0.005146>
[pid 399] 15:00:47.144194 <... EVP_PKEY_keygen resumed> ) = 1 <0.005659>
[pid 399] 15:00:47.159647 libssl.so.3->EVP_PKEY_decapsulate_init(0xaaaadc8a97c0, 0, 0, 0xaaaadc8a9830) = 1 <0.000273>
[pid 399] 15:00:47.159965 libssl.so.3->EVP_PKEY_decapsulate(0xaaaadc8a97c0, 0, 0xfffff66a4350, 0xaaaadc8aafca) = 1 <0.000190>
[pid 399] 15:00:47.160207 libssl.so.3->EVP_PKEY_decapsulate(0xaaaadc8a97c0, 0xaaaadc89f620, 0xfffff66a4350, 0xaaaadc8aafca <unfinished ...>
[pid 399] 15:00:47.160347 oqsprovider.so->OQS_KEM_decaps(0xaaaadc8a8e30, 0xaaaadc89f620, 0xaaaadc8aafca, 0xaaaadc8b3140) = 0 <0.015532>
[pid 399] 15:00:47.175940 <... EVP_PKEY_decapsulate resumed> ) = 1 <0.015725>
[pid 399] 15:00:47.176729 libssl.so.3->X509_verify_cert(0xaaaadc89c660, 0, 0, 0xffffffff) = 1 <0.000464>
[pid 399] 15:00:47.177429 libssl.so.3->EVP_DigestVerifyInit_ex(0xaaaadc7c9700, 0xfffff66a4458, 0, 0) = 1 <0.000120>
[pid 399] 15:00:47.177602 libssl.so.3->EVP_DigestVerify(0xaaaadc7c9700, 0xaaaadc8aaf78, 4627, 0xfffff66a4460) = 1 <0.000416>
[pid 399] 15:00:47.178276 libssl.so.3->X509_verify_cert(0xaaaadc89c660, 1, 0, 0) = 1 <0.000322>
[pid 399] 15:00:47.178903 libssl.so.3->EVP_DigestSignInit_ex(0xaaaadc8973a0, 0xfffff66a4440, 0, 0) = 1 <0.000144>
[pid 399] 15:00:47.179111 libssl.so.3->EVP_DigestSign(0xaaaadc8973a0, 0, 0xfffff66a4450, 0xfffff66a4460) = 1 <0.000152>
[pid 399] 15:00:47.179307 libssl.so.3->EVP_DigestSign(0xaaaadc8973a0, 0xaaaadc8b4df0, 0xfffff66a4450, 0xfffff66a4460) = 1 <0.000543>
[pid 399] 15:00:47.180125 <... SSL_connect resumed> ) = 1 <0.042063>
[pid 399] 15:00:47.180377 oqsprovider.so->OQS_KEM_free(0xaaaadc8a8e30, 1, 7, 0xaaaadc7ac010) = 0xaaaadc7ac030 <0.000111>
Handshake duration: 42.22 ms
[pid 399] 15:00:47.181721 +++ exited (status 0) +++
