Applying netem rules to lo...
Showing qdisc status for the interface: lo
qdisc netem 83c8: root refcnt 2 limit 1000 seed 1759290697720253733
 Sent 0 bytes 0 pkt (dropped 0, overlimits 0 requeues 0) 
 backlog 0b 0p requeues 0
Running /opt/oqssa/perftestClientTlsQuic_ltrace.sh with SIG_ALG=mldsa44 and KEM_ALG=x25519
Execution 1 - TLS Mutual
s_connection: verify depth is 1
[pid 201] 14:55:41.583231 openssl->SSL_connect(0x56c5b7d69530, 0x56c5b7d44e50, 0x56c5b7d44e50, 0x706745025360 <unfinished ...>
[pid 201] 14:55:41.583594 libssl.so.3->EVP_PKEY_keygen_init(0x56c5b7d720b0, 0, 176, 0x56c5b7d720b0) = 1 <0.000252>
[pid 201] 14:55:41.583920 libssl.so.3->EVP_PKEY_keygen(0x56c5b7d720b0, 0x7fffd53bf6e0, 0, 103) = 1 <0.000365>
[pid 201] 14:55:41.586969 libssl.so.3->EVP_PKEY_derive_init(0x56c5b7d720b0, 0, 176, 0x56c5b7d720b0) = 1 <0.000239>
[pid 201] 14:55:41.587280 libssl.so.3->EVP_PKEY_derive_set_peer(0x56c5b7d720b0, 0x56c5b7d6ecb0, 0, 0x56c5b7d70e40) = 1 <0.000303>
[pid 201] 14:55:41.587663 libssl.so.3->EVP_PKEY_derive(0x56c5b7d720b0, 0, 0x7fffd53bf6a0, 0) = 1 <0.000140>
[pid 201] 14:55:41.587852 libssl.so.3->EVP_PKEY_derive(0x56c5b7d720b0, 0x56c5b7d70af0, 0x7fffd53bf6a0, 5) = 1 <0.000168>
[pid 201] 14:55:41.588918 libssl.so.3->X509_verify_cert(0x56c5b7d69410, 0, 0x8000, 0xffffffff) = 1 <0.000573>
[pid 201] 14:55:41.589778 libssl.so.3->EVP_DigestVerifyInit_ex(0x56c5b7c96810, 0x7fffd53bf748, 0, 0) = 1 <0.000188>
[pid 201] 14:55:41.590011 libssl.so.3->EVP_DigestVerify(0x56c5b7c96810, 0x56c5b7d74278, 2420, 0x7fffd53bf750) = 1 <0.000192>
[pid 201] 14:55:41.590458 libssl.so.3->X509_verify_cert(0x56c5b7d69410, 1, 1, 0) = 1 <0.000244>
[pid 201] 14:55:41.591027 libssl.so.3->EVP_DigestSignInit_ex(0x56c5b7d88260, 0x7fffd53bf730, 0, 0) = 1 <0.000154>
[pid 201] 14:55:41.591219 libssl.so.3->EVP_DigestSign(0x56c5b7d88260, 0, 0x7fffd53bf740, 0x7fffd53bf750) = 1 <0.000119>
[pid 201] 14:55:41.591386 libssl.so.3->EVP_DigestSign(0x56c5b7d88260, 0x56c5b7d883f0, 0x7fffd53bf740, 0x7fffd53bf750) = 1 <0.000292>
[pid 201] 14:55:41.591976 <... SSL_connect resumed> ) = 1 <0.008752>
Handshake duration: 8.96 ms
[pid 201] 14:55:41.595071 +++ exited (status 0) +++
Execution 2 - TLS Mutual
s_connection: verify depth is 1
[pid 203] 14:55:41.655681 openssl->SSL_connect(0x570309c7f530, 0x570309c5ae50, 0x570309c5ae50, 0x73d8b0601360 <unfinished ...>
[pid 203] 14:55:41.656203 libssl.so.3->EVP_PKEY_keygen_init(0x570309c880b0, 0, 176, 0x570309c880b0) = 1 <0.000239>
[pid 203] 14:55:41.656526 libssl.so.3->EVP_PKEY_keygen(0x570309c880b0, 0x7ffe6f02ee00, 0, 103) = 1 <0.000309>
[pid 203] 14:55:41.658422 libssl.so.3->EVP_PKEY_derive_init(0x570309c880b0, 0, 176, 0x570309c880b0) = 1 <0.000254>
[pid 203] 14:55:41.658743 libssl.so.3->EVP_PKEY_derive_set_peer(0x570309c880b0, 0x570309c84cb0, 0, 0x570309c86e40) = 1 <0.000194>
[pid 203] 14:55:41.658984 libssl.so.3->EVP_PKEY_derive(0x570309c880b0, 0, 0x7ffe6f02edc0, 0) = 1 <0.000149>
[pid 203] 14:55:41.659197 libssl.so.3->EVP_PKEY_derive(0x570309c880b0, 0x570309c86af0, 0x7ffe6f02edc0, 5) = 1 <0.000221>
[pid 203] 14:55:41.660226 libssl.so.3->X509_verify_cert(0x570309c7f410, 0, 0x8000, 0xffffffff) = 1 <0.000575>
[pid 203] 14:55:41.661028 libssl.so.3->EVP_DigestVerifyInit_ex(0x570309bac810, 0x7ffe6f02ee68, 0, 0) = 1 <0.000148>
[pid 203] 14:55:41.661225 libssl.so.3->EVP_DigestVerify(0x570309bac810, 0x570309c8a278, 2420, 0x7ffe6f02ee70) = 1 <0.000179>
[pid 203] 14:55:41.661690 libssl.so.3->X509_verify_cert(0x570309c7f410, 1, 1, 0) = 1 <0.000216>
[pid 203] 14:55:41.662160 libssl.so.3->EVP_DigestSignInit_ex(0x570309c9e260, 0x7ffe6f02ee50, 0, 0) = 1 <0.000156>
[pid 203] 14:55:41.662366 libssl.so.3->EVP_DigestSign(0x570309c9e260, 0, 0x7ffe6f02ee60, 0x7ffe6f02ee70) = 1 <0.000131>
[pid 203] 14:55:41.662583 libssl.so.3->EVP_DigestSign(0x570309c9e260, 0x570309c9e3f0, 0x7ffe6f02ee60, 0x7ffe6f02ee70) = 1 <0.000300>
[pid 203] 14:55:41.663177 <... SSL_connect resumed> ) = 1 <0.007513>
Handshake duration: 7.74 ms
[pid 203] 14:55:41.666102 +++ exited (status 0) +++
Execution 3 - TLS Mutual
s_connection: verify depth is 1
[pid 205] 14:55:41.724545 openssl->SSL_connect(0x586bf1262530, 0x586bf123de50, 0x586bf123de50, 0x7f1dfc750360 <unfinished ...>
[pid 205] 14:55:41.725039 libssl.so.3->EVP_PKEY_keygen_init(0x586bf126b0b0, 0, 176, 0x586bf126b0b0) = 1 <0.000227>
[pid 205] 14:55:41.725340 libssl.so.3->EVP_PKEY_keygen(0x586bf126b0b0, 0x7fffa03f10f0, 0, 103) = 1 <0.000227>
[pid 205] 14:55:41.727101 libssl.so.3->EVP_PKEY_derive_init(0x586bf126b0b0, 0, 176, 0x586bf126b0b0) = 1 <0.000246>
[pid 205] 14:55:41.727369 libssl.so.3->EVP_PKEY_derive_set_peer(0x586bf126b0b0, 0x586bf1267cb0, 0, 0x586bf1269e40) = 1 <0.000136>
[pid 205] 14:55:41.727556 libssl.so.3->EVP_PKEY_derive(0x586bf126b0b0, 0, 0x7fffa03f10b0, 0) = 1 <0.000136>
[pid 205] 14:55:41.727737 libssl.so.3->EVP_PKEY_derive(0x586bf126b0b0, 0x586bf1269af0, 0x7fffa03f10b0, 5) = 1 <0.000161>
[pid 205] 14:55:41.728699 libssl.so.3->X509_verify_cert(0x586bf1262410, 0, 0x8000, 0xffffffff) = 1 <0.000584>
[pid 205] 14:55:41.729487 libssl.so.3->EVP_DigestVerifyInit_ex(0x586bf118f810, 0x7fffa03f1158, 0, 0) = 1 <0.000225>
[pid 205] 14:55:41.729768 libssl.so.3->EVP_DigestVerify(0x586bf118f810, 0x586bf126d278, 2420, 0x7fffa03f1160) = 1 <0.000223>
[pid 205] 14:55:41.730292 libssl.so.3->X509_verify_cert(0x586bf1262410, 1, 1, 0) = 1 <0.000364>
[pid 205] 14:55:41.731040 libssl.so.3->EVP_DigestSignInit_ex(0x586bf1281260, 0x7fffa03f1140, 0, 0) = 1 <0.000202>
[pid 205] 14:55:41.731522 libssl.so.3->EVP_DigestSign(0x586bf1281260, 0, 0x7fffa03f1150, 0x7fffa03f1160) = 1 <0.000176>
[pid 205] 14:55:41.731746 libssl.so.3->EVP_DigestSign(0x586bf1281260, 0x586bf12813f0, 0x7fffa03f1150, 0x7fffa03f1160) = 1 <0.000495>
[pid 205] 14:55:41.732786 <... SSL_connect resumed> ) = 1 <0.008232>
Handshake duration: 8.64 ms
[pid 205] 14:55:41.735960 +++ exited (status 0) +++
Execution 4 - TLS Mutual
s_connection: verify depth is 1
[pid 207] 14:55:41.795796 openssl->SSL_connect(0x61dc44284530, 0x61dc4425fe50, 0x61dc4425fe50, 0x7f8daee53360 <unfinished ...>
[pid 207] 14:55:41.796348 libssl.so.3->EVP_PKEY_keygen_init(0x61dc4428d0b0, 0, 176, 0x61dc4428d0b0) = 1 <0.000322>
[pid 207] 14:55:41.796740 libssl.so.3->EVP_PKEY_keygen(0x61dc4428d0b0, 0x7ffc7db7c5d0, 0, 103) = 1 <0.000390>
[pid 207] 14:55:41.798817 libssl.so.3->EVP_PKEY_derive_init(0x61dc4428d0b0, 0, 176, 0x61dc4428d0b0) = 1 <0.000267>
[pid 207] 14:55:41.799159 libssl.so.3->EVP_PKEY_derive_set_peer(0x61dc4428d0b0, 0x61dc44289cb0, 0, 0x61dc4428be40) = 1 <0.000161>
[pid 207] 14:55:41.799420 libssl.so.3->EVP_PKEY_derive(0x61dc4428d0b0, 0, 0x7ffc7db7c590, 0) = 1 <0.000223>
[pid 207] 14:55:41.799702 libssl.so.3->EVP_PKEY_derive(0x61dc4428d0b0, 0x61dc4428baf0, 0x7ffc7db7c590, 5) = 1 <0.000224>
[pid 207] 14:55:41.800695 libssl.so.3->X509_verify_cert(0x61dc44284410, 0, 0x8000, 0xffffffff) = 1 <0.000555>
[pid 207] 14:55:41.801520 libssl.so.3->EVP_DigestVerifyInit_ex(0x61dc441b1810, 0x7ffc7db7c638, 0, 0) = 1 <0.000218>
[pid 207] 14:55:41.801800 libssl.so.3->EVP_DigestVerify(0x61dc441b1810, 0x61dc4428f278, 2420, 0x7ffc7db7c640) = 1 <0.000245>
[pid 207] 14:55:41.802349 libssl.so.3->X509_verify_cert(0x61dc44284410, 1, 1, 0) = 1 <0.000273>
[pid 207] 14:55:41.802895 libssl.so.3->EVP_DigestSignInit_ex(0x61dc442a3260, 0x7ffc7db7c620, 0, 0) = 1 <0.000164>
[pid 207] 14:55:41.803118 libssl.so.3->EVP_DigestSign(0x61dc442a3260, 0, 0x7ffc7db7c630, 0x7ffc7db7c640) = 1 <0.000199>
[pid 207] 14:55:41.803371 libssl.so.3->EVP_DigestSign(0x61dc442a3260, 0x61dc442a33f0, 0x7ffc7db7c630, 0x7ffc7db7c640) = 1 <0.000327>
[pid 207] 14:55:41.803983 <... SSL_connect resumed> ) = 1 <0.008193>
Handshake duration: 8.45 ms
[pid 207] 14:55:41.806345 +++ exited (status 0) +++
Execution 5 - TLS Mutual
s_connection: verify depth is 1
[pid 209] 14:55:41.874729 openssl->SSL_connect(0x58b64efe7530, 0x58b64efc2e50, 0x58b64efc2e50, 0x79da14c9e360 <unfinished ...>
[pid 209] 14:55:41.875225 libssl.so.3->EVP_PKEY_keygen_init(0x58b64eff00b0, 0, 176, 0x58b64eff00b0) = 1 <0.000204>
[pid 209] 14:55:41.875482 libssl.so.3->EVP_PKEY_keygen(0x58b64eff00b0, 0x7ffd43324b70, 0, 103) = 1 <0.000239>
[pid 209] 14:55:41.877157 libssl.so.3->EVP_PKEY_derive_init(0x58b64eff00b0, 0, 176, 0x58b64eff00b0) = 1 <0.000165>
[pid 209] 14:55:41.877359 libssl.so.3->EVP_PKEY_derive_set_peer(0x58b64eff00b0, 0x58b64efeccb0, 0, 0x58b64efeee40) = 1 <0.000131>
[pid 209] 14:55:41.877536 libssl.so.3->EVP_PKEY_derive(0x58b64eff00b0, 0, 0x7ffd43324b30, 0) = 1 <0.000127>
[pid 209] 14:55:41.877709 libssl.so.3->EVP_PKEY_derive(0x58b64eff00b0, 0x58b64efeeaf0, 0x7ffd43324b30, 5) = 1 <0.000151>
[pid 209] 14:55:41.878647 libssl.so.3->X509_verify_cert(0x58b64efe7410, 0, 0x8000, 0xffffffff) = 1 <0.000614>
[pid 209] 14:55:41.879500 libssl.so.3->EVP_DigestVerifyInit_ex(0x58b64ef14810, 0x7ffd43324bd8, 0, 0) = 1 <0.000189>
[pid 209] 14:55:41.879737 libssl.so.3->EVP_DigestVerify(0x58b64ef14810, 0x58b64eff2278, 2420, 0x7ffd43324be0) = 1 <0.000192>
[pid 209] 14:55:41.880165 libssl.so.3->X509_verify_cert(0x58b64efe7410, 1, 1, 0) = 1 <0.000208>
[pid 209] 14:55:41.880616 libssl.so.3->EVP_DigestSignInit_ex(0x58b64f006260, 0x7ffd43324bc0, 0, 0) = 1 <0.000140>
[pid 209] 14:55:41.880803 libssl.so.3->EVP_DigestSign(0x58b64f006260, 0, 0x7ffd43324bd0, 0x7ffd43324be0) = 1 <0.000129>
[pid 209] 14:55:41.880988 libssl.so.3->EVP_DigestSign(0x58b64f006260, 0x58b64f0063f0, 0x7ffd43324bd0, 0x7ffd43324be0) = 1 <0.000369>
[pid 209] 14:55:41.881628 <... SSL_connect resumed> ) = 1 <0.006913>
Handshake duration: 7.10 ms
[pid 209] 14:55:41.883940 +++ exited (status 0) +++
Execution 6 - TLS Mutual
s_connection: verify depth is 1
[pid 211] 14:55:41.945356 openssl->SSL_connect(0x65105dbd9530, 0x65105dbb4e50, 0x65105dbb4e50, 0x70a88cda4360 <unfinished ...>
[pid 211] 14:55:41.945844 libssl.so.3->EVP_PKEY_keygen_init(0x65105dbe20b0, 0, 176, 0x65105dbe20b0) = 1 <0.000150>
[pid 211] 14:55:41.946051 libssl.so.3->EVP_PKEY_keygen(0x65105dbe20b0, 0x7ffdd64f3cf0, 0, 103) = 1 <0.000269>
[pid 211] 14:55:41.947873 libssl.so.3->EVP_PKEY_derive_init(0x65105dbe20b0, 0, 176, 0x65105dbe20b0) = 1 <0.000267>
[pid 211] 14:55:41.948209 libssl.so.3->EVP_PKEY_derive_set_peer(0x65105dbe20b0, 0x65105dbdecb0, 0, 0x65105dbe0e40) = 1 <0.000173>
[pid 211] 14:55:41.948440 libssl.so.3->EVP_PKEY_derive(0x65105dbe20b0, 0, 0x7ffdd64f3cb0, 0) = 1 <0.000152>
[pid 211] 14:55:41.948649 libssl.so.3->EVP_PKEY_derive(0x65105dbe20b0, 0x65105dbe0af0, 0x7ffdd64f3cb0, 5) = 1 <0.000171>
[pid 211] 14:55:41.949538 libssl.so.3->X509_verify_cert(0x65105dbd9410, 0, 0x8000, 0xffffffff) = 1 <0.000505>
[pid 211] 14:55:41.950265 libssl.so.3->EVP_DigestVerifyInit_ex(0x65105db06810, 0x7ffdd64f3d58, 0, 0) = 1 <0.000144>
[pid 211] 14:55:41.950470 libssl.so.3->EVP_DigestVerify(0x65105db06810, 0x65105dbe4278, 2420, 0x7ffdd64f3d60) = 1 <0.000189>
[pid 211] 14:55:41.950892 libssl.so.3->X509_verify_cert(0x65105dbd9410, 1, 1, 0) = 1 <0.000193>
[pid 211] 14:55:41.951329 libssl.so.3->EVP_DigestSignInit_ex(0x65105dbf8260, 0x7ffdd64f3d40, 0, 0) = 1 <0.000141>
[pid 211] 14:55:41.951538 libssl.so.3->EVP_DigestSign(0x65105dbf8260, 0, 0x7ffdd64f3d50, 0x7ffdd64f3d60) = 1 <0.000183>
[pid 211] 14:55:41.951766 libssl.so.3->EVP_DigestSign(0x65105dbf8260, 0x65105dbf83f0, 0x7ffdd64f3d50, 0x7ffdd64f3d60) = 1 <0.000308>
[pid 211] 14:55:41.952368 <... SSL_connect resumed> ) = 1 <0.007023>
Handshake duration: 7.23 ms
[pid 211] 14:55:41.954701 +++ exited (status 0) +++
Execution 7 - TLS Mutual
s_connection: verify depth is 1
[pid 213] 14:55:42.016972 openssl->SSL_connect(0x593cb5cc2530, 0x593cb5c9de50, 0x593cb5c9de50, 0x730a409a3360 <unfinished ...>
[pid 213] 14:55:42.017480 libssl.so.3->EVP_PKEY_keygen_init(0x593cb5ccb0b0, 0, 176, 0x593cb5ccb0b0) = 1 <0.000237>
[pid 213] 14:55:42.017836 libssl.so.3->EVP_PKEY_keygen(0x593cb5ccb0b0, 0x7fff39459880, 0, 103) = 1 <0.000312>
[pid 213] 14:55:42.019979 libssl.so.3->EVP_PKEY_derive_init(0x593cb5ccb0b0, 0, 176, 0x593cb5ccb0b0) = 1 <0.000271>
[pid 213] 14:55:42.020286 libssl.so.3->EVP_PKEY_derive_set_peer(0x593cb5ccb0b0, 0x593cb5cc7cb0, 0, 0x593cb5cc9e40) = 1 <0.000638>
[pid 213] 14:55:42.021002 libssl.so.3->EVP_PKEY_derive(0x593cb5ccb0b0, 0, 0x7fff39459840, 0) = 1 <0.000230>
[pid 213] 14:55:42.021375 libssl.so.3->EVP_PKEY_derive(0x593cb5ccb0b0, 0x593cb5cc9af0, 0x7fff39459840, 5) = 1 <0.000427>
[pid 213] 14:55:42.023089 libssl.so.3->X509_verify_cert(0x593cb5cc2410, 0, 0x8000, 0xffffffff) = 1 <0.000803>
[pid 213] 14:55:42.024263 libssl.so.3->EVP_DigestVerifyInit_ex(0x593cb5bef810, 0x7fff394598e8, 0, 0) = 1 <0.000258>
[pid 213] 14:55:42.024588 libssl.so.3->EVP_DigestVerify(0x593cb5bef810, 0x593cb5ccd278, 2420, 0x7fff394598f0) = 1 <0.000229>
[pid 213] 14:55:42.025148 libssl.so.3->X509_verify_cert(0x593cb5cc2410, 1, 1, 0) = 1 <0.000272>
[pid 213] 14:55:42.025765 libssl.so.3->EVP_DigestSignInit_ex(0x593cb5ce1260, 0x7fff394598d0, 0, 0) = 1 <0.000171>
[pid 213] 14:55:42.026030 libssl.so.3->EVP_DigestSign(0x593cb5ce1260, 0, 0x7fff394598e0, 0x7fff394598f0) = 1 <0.000245>
[pid 213] 14:55:42.026341 libssl.so.3->EVP_DigestSign(0x593cb5ce1260, 0x593cb5ce13f0, 0x7fff394598e0, 0x7fff394598f0) = 1 <0.000377>
[pid 213] 14:55:42.027014 <... SSL_connect resumed> ) = 1 <0.010057>
Handshake duration: 10.31 ms
[pid 213] 14:55:42.029501 +++ exited (status 0) +++
Execution 8 - TLS Mutual
s_connection: verify depth is 1
[pid 215] 14:55:42.092670 openssl->SSL_connect(0x62c654510530, 0x62c6544ebe50, 0x62c6544ebe50, 0x7ca4bf40e360 <unfinished ...>
[pid 215] 14:55:42.093261 libssl.so.3->EVP_PKEY_keygen_init(0x62c6545190b0, 0, 176, 0x62c6545190b0) = 1 <0.000268>
[pid 215] 14:55:42.093624 libssl.so.3->EVP_PKEY_keygen(0x62c6545190b0, 0x7fff09043080, 0, 103) = 1 <0.000313>
[pid 215] 14:55:42.095787 libssl.so.3->EVP_PKEY_derive_init(0x62c6545190b0, 0, 176, 0x62c6545190b0) = 1 <0.000189>
[pid 215] 14:55:42.096029 libssl.so.3->EVP_PKEY_derive_set_peer(0x62c6545190b0, 0x62c654515cb0, 0, 0x62c654517e40) = 1 <0.000177>
[pid 215] 14:55:42.096306 libssl.so.3->EVP_PKEY_derive(0x62c6545190b0, 0, 0x7fff09043040, 0) = 1 <0.000184>
[pid 215] 14:55:42.096580 libssl.so.3->EVP_PKEY_derive(0x62c6545190b0, 0x62c654517af0, 0x7fff09043040, 5) = 1 <0.000219>
[pid 215] 14:55:42.097615 libssl.so.3->X509_verify_cert(0x62c654510410, 0, 0x8000, 0xffffffff) = 1 <0.000564>
[pid 215] 14:55:42.098388 libssl.so.3->EVP_DigestVerifyInit_ex(0x62c65443d810, 0x7fff090430e8, 0, 0) = 1 <0.000195>
[pid 215] 14:55:42.098664 libssl.so.3->EVP_DigestVerify(0x62c65443d810, 0x62c65451b278, 2420, 0x7fff090430f0) = 1 <0.000257>
[pid 215] 14:55:42.099220 libssl.so.3->X509_verify_cert(0x62c654510410, 1, 1, 0) = 1 <0.000291>
[pid 215] 14:55:42.101309 libssl.so.3->EVP_DigestSignInit_ex(0x62c65452f260, 0x7fff090430d0, 0, 0) = 1 <0.000216>
[pid 215] 14:55:42.101625 libssl.so.3->EVP_DigestSign(0x62c65452f260, 0, 0x7fff090430e0, 0x7fff090430f0) = 1 <0.000167>
[pid 215] 14:55:42.101832 libssl.so.3->EVP_DigestSign(0x62c65452f260, 0x62c65452f3f0, 0x7fff090430e0, 0x7fff090430f0) = 1 <0.000291>
[pid 215] 14:55:42.102410 <... SSL_connect resumed> ) = 1 <0.009756>
Handshake duration: 10.03 ms
[pid 215] 14:55:42.104810 +++ exited (status 0) +++
Execution 9 - TLS Mutual
s_connection: verify depth is 1
[pid 217] 14:55:42.173516 openssl->SSL_connect(0x5966e9cb4530, 0x5966e9c8fe50, 0x5966e9c8fe50, 0x7c59f8e02360 <unfinished ...>
[pid 217] 14:55:42.174236 libssl.so.3->EVP_PKEY_keygen_init(0x5966e9cbd0b0, 0, 176, 0x5966e9cbd0b0) = 1 <0.000230>
[pid 217] 14:55:42.174541 libssl.so.3->EVP_PKEY_keygen(0x5966e9cbd0b0, 0x7fffe01dc7c0, 0, 103) = 1 <0.000335>
[pid 217] 14:55:42.176980 libssl.so.3->EVP_PKEY_derive_init(0x5966e9cbd0b0, 0, 176, 0x5966e9cbd0b0) = 1 <0.000232>
[pid 217] 14:55:42.177261 libssl.so.3->EVP_PKEY_derive_set_peer(0x5966e9cbd0b0, 0x5966e9cb9cb0, 0, 0x5966e9cbbe40) = 1 <0.000128>
[pid 217] 14:55:42.177440 libssl.so.3->EVP_PKEY_derive(0x5966e9cbd0b0, 0, 0x7fffe01dc780, 0) = 1 <0.000163>
[pid 217] 14:55:42.177693 libssl.so.3->EVP_PKEY_derive(0x5966e9cbd0b0, 0x5966e9cbbaf0, 0x7fffe01dc780, 5) = 1 <0.000245>
[pid 217] 14:55:42.178822 libssl.so.3->X509_verify_cert(0x5966e9cb4410, 0, 0x8000, 0xffffffff) = 1 <0.000551>
[pid 217] 14:55:42.179612 libssl.so.3->EVP_DigestVerifyInit_ex(0x5966e9be1810, 0x7fffe01dc828, 0, 0) = 1 <0.000163>
[pid 217] 14:55:42.179824 libssl.so.3->EVP_DigestVerify(0x5966e9be1810, 0x5966e9cbf278, 2420, 0x7fffe01dc830) = 1 <0.000202>
[pid 217] 14:55:42.180312 libssl.so.3->X509_verify_cert(0x5966e9cb4410, 1, 1, 0) = 1 <0.000247>
[pid 217] 14:55:42.180812 libssl.so.3->EVP_DigestSignInit_ex(0x5966e9cd3260, 0x7fffe01dc810, 0, 0) = 1 <0.000135>
[pid 217] 14:55:42.180993 libssl.so.3->EVP_DigestSign(0x5966e9cd3260, 0, 0x7fffe01dc820, 0x7fffe01dc830) = 1 <0.000149>
[pid 217] 14:55:42.181189 libssl.so.3->EVP_DigestSign(0x5966e9cd3260, 0x5966e9cd33f0, 0x7fffe01dc820, 0x7fffe01dc830) = 1 <0.000460>
[pid 217] 14:55:42.181953 <... SSL_connect resumed> ) = 1 <0.008449>
Handshake duration: 8.71 ms
[pid 217] 14:55:42.184369 +++ exited (status 0) +++
Execution 10 - TLS Mutual
s_connection: verify depth is 1
[pid 219] 14:55:42.248387 openssl->SSL_connect(0x5e38d675e530, 0x5e38d6739e50, 0x5e38d6739e50, 0x75d691a7c360 <unfinished ...>
[pid 219] 14:55:42.248868 libssl.so.3->EVP_PKEY_keygen_init(0x5e38d67670b0, 0, 176, 0x5e38d67670b0) = 1 <0.000159>
[pid 219] 14:55:42.249116 libssl.so.3->EVP_PKEY_keygen(0x5e38d67670b0, 0x7ffdbd311100, 0, 103) = 1 <0.000283>
[pid 219] 14:55:42.250955 libssl.so.3->EVP_PKEY_derive_init(0x5e38d67670b0, 0, 176, 0x5e38d67670b0) = 1 <0.000182>
[pid 219] 14:55:42.251183 libssl.so.3->EVP_PKEY_derive_set_peer(0x5e38d67670b0, 0x5e38d6763cb0, 0, 0x5e38d6765e40) = 1 <0.000141>
[pid 219] 14:55:42.251380 libssl.so.3->EVP_PKEY_derive(0x5e38d67670b0, 0, 0x7ffdbd3110c0, 0) = 1 <0.000135>
[pid 219] 14:55:42.251579 libssl.so.3->EVP_PKEY_derive(0x5e38d67670b0, 0x5e38d6765af0, 0x7ffdbd3110c0, 5) = 1 <0.000156>
[pid 219] 14:55:42.252621 libssl.so.3->X509_verify_cert(0x5e38d675e410, 0, 0x8000, 0xffffffff) = 1 <0.000610>
[pid 219] 14:55:42.253450 libssl.so.3->EVP_DigestVerifyInit_ex(0x5e38d668b810, 0x7ffdbd311168, 0, 0) = 1 <0.000227>
[pid 219] 14:55:42.253737 libssl.so.3->EVP_DigestVerify(0x5e38d668b810, 0x5e38d6769278, 2420, 0x7ffdbd311170) = 1 <0.000229>
[pid 219] 14:55:42.254224 libssl.so.3->X509_verify_cert(0x5e38d675e410, 1, 1, 0) = 1 <0.000237>
[pid 219] 14:55:42.254729 libssl.so.3->EVP_DigestSignInit_ex(0x5e38d677d260, 0x7ffdbd311150, 0, 0) = 1 <0.000156>
[pid 219] 14:55:42.254948 libssl.so.3->EVP_DigestSign(0x5e38d677d260, 0, 0x7ffdbd311160, 0x7ffdbd311170) = 1 <0.000162>
[pid 219] 14:55:42.255163 libssl.so.3->EVP_DigestSign(0x5e38d677d260, 0x5e38d677d3f0, 0x7ffdbd311160, 0x7ffdbd311170) = 1 <0.000459>
[pid 219] 14:55:42.255946 <... SSL_connect resumed> ) = 1 <0.007572>
Handshake duration: 7.82 ms
[pid 219] 14:55:42.258950 +++ exited (status 0) +++
Execution 11 - TLS Mutual
s_connection: verify depth is 1
[pid 221] 14:55:42.324607 openssl->SSL_connect(0x59a7da78b530, 0x59a7da766e50, 0x59a7da766e50, 0x7010b93ab360 <unfinished ...>
[pid 221] 14:55:42.325160 libssl.so.3->EVP_PKEY_keygen_init(0x59a7da7940b0, 0, 176, 0x59a7da7940b0) = 1 <0.000201>
[pid 221] 14:55:42.325422 libssl.so.3->EVP_PKEY_keygen(0x59a7da7940b0, 0x7fffe6694df0, 0, 103) = 1 <0.000328>
[pid 221] 14:55:42.327677 libssl.so.3->EVP_PKEY_derive_init(0x59a7da7940b0, 0, 176, 0x59a7da7940b0) = 1 <0.000386>
[pid 221] 14:55:42.328129 libssl.so.3->EVP_PKEY_derive_set_peer(0x59a7da7940b0, 0x59a7da790cb0, 0, 0x59a7da792e40) = 1 <0.000136>
[pid 221] 14:55:42.328424 libssl.so.3->EVP_PKEY_derive(0x59a7da7940b0, 0, 0x7fffe6694db0, 0) = 1 <0.000160>
[pid 221] 14:55:42.329187 libssl.so.3->EVP_PKEY_derive(0x59a7da7940b0, 0x59a7da792af0, 0x7fffe6694db0, 5) = 1 <0.000572>
[pid 221] 14:55:42.331064 libssl.so.3->X509_verify_cert(0x59a7da78b410, 0, 0x8000, 0xffffffff) = 1 <0.000670>
[pid 221] 14:55:42.332027 libssl.so.3->EVP_DigestVerifyInit_ex(0x59a7da6b8810, 0x7fffe6694e58, 0, 0) = 1 <0.000252>
[pid 221] 14:55:42.332378 libssl.so.3->EVP_DigestVerify(0x59a7da6b8810, 0x59a7da796278, 2420, 0x7fffe6694e60) = 1 <0.000410>
[pid 221] 14:55:42.333132 libssl.so.3->X509_verify_cert(0x59a7da78b410, 1, 1, 0) = 1 <0.000353>
[pid 221] 14:55:42.333868 libssl.so.3->EVP_DigestSignInit_ex(0x59a7da7aa260, 0x7fffe6694e40, 0, 0) = 1 <0.000229>
[pid 221] 14:55:42.334160 libssl.so.3->EVP_DigestSign(0x59a7da7aa260, 0, 0x7fffe6694e50, 0x7fffe6694e60) = 1 <0.000166>
[pid 221] 14:55:42.334386 libssl.so.3->EVP_DigestSign(0x59a7da7aa260, 0x59a7da7aa3f0, 0x7fffe6694e50, 0x7fffe6694e60) = 1 <0.000448>
[pid 221] 14:55:42.335266 <... SSL_connect resumed> ) = 1 <0.010662>
Handshake duration: 10.94 ms
[pid 221] 14:55:42.338834 +++ exited (status 0) +++
Execution 12 - TLS Mutual
s_connection: verify depth is 1
[pid 223] 14:55:42.411138 openssl->SSL_connect(0x5b6a9a578530, 0x5b6a9a553e50, 0x5b6a9a553e50, 0x74b53b752360 <unfinished ...>
[pid 223] 14:55:42.411666 libssl.so.3->EVP_PKEY_keygen_init(0x5b6a9a5810b0, 0, 176, 0x5b6a9a5810b0) = 1 <0.000166>
[pid 223] 14:55:42.411859 libssl.so.3->EVP_PKEY_keygen(0x5b6a9a5810b0, 0x7ffe153bf3b0, 0, 103) = 1 <0.000182>
[pid 223] 14:55:42.414166 libssl.so.3->EVP_PKEY_derive_init(0x5b6a9a5810b0, 0, 176, 0x5b6a9a5810b0) = 1 <0.000241>
[pid 223] 14:55:42.414449 libssl.so.3->EVP_PKEY_derive_set_peer(0x5b6a9a5810b0, 0x5b6a9a57dcb0, 0, 0x5b6a9a57fe40) = 1 <0.000142>
[pid 223] 14:55:42.414639 libssl.so.3->EVP_PKEY_derive(0x5b6a9a5810b0, 0, 0x7ffe153bf370, 0) = 1 <0.000182>
[pid 223] 14:55:42.414923 libssl.so.3->EVP_PKEY_derive(0x5b6a9a5810b0, 0x5b6a9a57faf0, 0x7ffe153bf370, 5) = 1 <0.000229>
[pid 223] 14:55:42.415940 libssl.so.3->X509_verify_cert(0x5b6a9a578410, 0, 0x8000, 0xffffffff) = 1 <0.000549>
[pid 223] 14:55:42.416716 libssl.so.3->EVP_DigestVerifyInit_ex(0x5b6a9a4a5810, 0x7ffe153bf418, 0, 0) = 1 <0.000162>
[pid 223] 14:55:42.416932 libssl.so.3->EVP_DigestVerify(0x5b6a9a4a5810, 0x5b6a9a583278, 2420, 0x7ffe153bf420) = 1 <0.000223>
[pid 223] 14:55:42.417407 libssl.so.3->X509_verify_cert(0x5b6a9a578410, 1, 1, 0) = 1 <0.000261>
[pid 223] 14:55:42.418001 libssl.so.3->EVP_DigestSignInit_ex(0x5b6a9a597260, 0x7ffe153bf400, 0, 0) = 1 <0.000141>
[pid 223] 14:55:42.418187 libssl.so.3->EVP_DigestSign(0x5b6a9a597260, 0, 0x7ffe153bf410, 0x7ffe153bf420) = 1 <0.000135>
[pid 223] 14:55:42.418364 libssl.so.3->EVP_DigestSign(0x5b6a9a597260, 0x5b6a9a5973f0, 0x7ffe153bf410, 0x7ffe153bf420) = 1 <0.000365>
[pid 223] 14:55:42.419017 <... SSL_connect resumed> ) = 1 <0.007899>
Handshake duration: 8.11 ms
[pid 223] 14:55:42.422072 +++ exited (status 0) +++
Execution 13 - TLS Mutual
s_connection: verify depth is 1
[pid 225] 14:55:42.482986 openssl->SSL_connect(0x605601d6d530, 0x605601d48e50, 0x605601d48e50, 0x72d4f7542360 <unfinished ...>
[pid 225] 14:55:42.483434 libssl.so.3->EVP_PKEY_keygen_init(0x605601d760b0, 0, 176, 0x605601d760b0) = 1 <0.000172>
[pid 225] 14:55:42.483664 libssl.so.3->EVP_PKEY_keygen(0x605601d760b0, 0x7ffdf013d720, 0, 103) = 1 <0.000237>
[pid 225] 14:55:42.485327 libssl.so.3->EVP_PKEY_derive_init(0x605601d760b0, 0, 176, 0x605601d760b0) = 1 <0.000168>
[pid 225] 14:55:42.485541 libssl.so.3->EVP_PKEY_derive_set_peer(0x605601d760b0, 0x605601d72cb0, 0, 0x605601d74e40) = 1 <0.000145>
[pid 225] 14:55:42.485731 libssl.so.3->EVP_PKEY_derive(0x605601d760b0, 0, 0x7ffdf013d6e0, 0) = 1 <0.000127>
[pid 225] 14:55:42.485918 libssl.so.3->EVP_PKEY_derive(0x605601d760b0, 0x605601d74af0, 0x7ffdf013d6e0, 5) = 1 <0.000210>
[pid 225] 14:55:42.486850 libssl.so.3->X509_verify_cert(0x605601d6d410, 0, 0x8000, 0xffffffff) = 1 <0.000492>
[pid 225] 14:55:42.487587 libssl.so.3->EVP_DigestVerifyInit_ex(0x605601c9a810, 0x7ffdf013d788, 0, 0) = 1 <0.000135>
[pid 225] 14:55:42.487768 libssl.so.3->EVP_DigestVerify(0x605601c9a810, 0x605601d78278, 2420, 0x7ffdf013d790) = 1 <0.000153>
[pid 225] 14:55:42.488130 libssl.so.3->X509_verify_cert(0x605601d6d410, 1, 1, 0) = 1 <0.000189>
[pid 225] 14:55:42.488576 libssl.so.3->EVP_DigestSignInit_ex(0x605601d8c260, 0x7ffdf013d770, 0, 0) = 1 <0.000152>
[pid 225] 14:55:42.488754 libssl.so.3->EVP_DigestSign(0x605601d8c260, 0, 0x7ffdf013d780, 0x7ffdf013d790) = 1 <0.000112>
[pid 225] 14:55:42.488913 libssl.so.3->EVP_DigestSign(0x605601d8c260, 0x605601d8c3f0, 0x7ffdf013d780, 0x7ffdf013d790) = 1 <0.000294>
[pid 225] 14:55:42.489470 <... SSL_connect resumed> ) = 1 <0.006492>
Handshake duration: 6.73 ms
[pid 225] 14:55:42.491830 +++ exited (status 0) +++
Execution 14 - TLS Mutual
s_connection: verify depth is 1
[pid 227] 14:55:42.559030 openssl->SSL_connect(0x653c5bddb530, 0x653c5bdb6e50, 0x653c5bdb6e50, 0x703fb20ae360 <unfinished ...>
[pid 227] 14:55:42.559548 libssl.so.3->EVP_PKEY_keygen_init(0x653c5bde40b0, 0, 176, 0x653c5bde40b0) = 1 <0.000236>
[pid 227] 14:55:42.559852 libssl.so.3->EVP_PKEY_keygen(0x653c5bde40b0, 0x7ffe8e7898b0, 0, 103) = 1 <0.000254>
[pid 227] 14:55:42.561562 libssl.so.3->EVP_PKEY_derive_init(0x653c5bde40b0, 0, 176, 0x653c5bde40b0) = 1 <0.000265>
[pid 227] 14:55:42.561935 libssl.so.3->EVP_PKEY_derive_set_peer(0x653c5bde40b0, 0x653c5bde0cb0, 0, 0x653c5bde2e40) = 1 <0.000201>
[pid 227] 14:55:42.562198 libssl.so.3->EVP_PKEY_derive(0x653c5bde40b0, 0, 0x7ffe8e789870, 0) = 1 <0.000186>
[pid 227] 14:55:42.562436 libssl.so.3->EVP_PKEY_derive(0x653c5bde40b0, 0x653c5bde2af0, 0x7ffe8e789870, 5) = 1 <0.000191>
[pid 227] 14:55:42.563400 libssl.so.3->X509_verify_cert(0x653c5bddb410, 0, 0x8000, 0xffffffff) = 1 <0.000556>
[pid 227] 14:55:42.564200 libssl.so.3->EVP_DigestVerifyInit_ex(0x653c5bd08810, 0x7ffe8e789918, 0, 0) = 1 <0.000165>
[pid 227] 14:55:42.564437 libssl.so.3->EVP_DigestVerify(0x653c5bd08810, 0x653c5bde6278, 2420, 0x7ffe8e789920) = 1 <0.000222>
[pid 227] 14:55:42.564888 libssl.so.3->X509_verify_cert(0x653c5bddb410, 1, 1, 0) = 1 <0.000231>
[pid 227] 14:55:42.565379 libssl.so.3->EVP_DigestSignInit_ex(0x653c5bdfa260, 0x7ffe8e789900, 0, 0) = 1 <0.000157>
[pid 227] 14:55:42.565607 libssl.so.3->EVP_DigestSign(0x653c5bdfa260, 0, 0x7ffe8e789910, 0x7ffe8e789920) = 1 <0.000157>
[pid 227] 14:55:42.565811 libssl.so.3->EVP_DigestSign(0x653c5bdfa260, 0x653c5bdfa3f0, 0x7ffe8e789910, 0x7ffe8e789920) = 1 <0.000306>
[pid 227] 14:55:42.566486 <... SSL_connect resumed> ) = 1 <0.007465>
Handshake duration: 7.70 ms
[pid 227] 14:55:42.568819 +++ exited (status 0) +++
Execution 15 - TLS Mutual
s_connection: verify depth is 1
[pid 229] 14:55:42.627491 openssl->SSL_connect(0x647e0e6cf530, 0x647e0e6aae50, 0x647e0e6aae50, 0x7e2270893360 <unfinished ...>
[pid 229] 14:55:42.628058 libssl.so.3->EVP_PKEY_keygen_init(0x647e0e6d80b0, 0, 176, 0x647e0e6d80b0) = 1 <0.000218>
[pid 229] 14:55:42.628355 libssl.so.3->EVP_PKEY_keygen(0x647e0e6d80b0, 0x7fffb823df10, 0, 103) = 1 <0.000327>
[pid 229] 14:55:42.630510 libssl.so.3->EVP_PKEY_derive_init(0x647e0e6d80b0, 0, 176, 0x647e0e6d80b0) = 1 <0.000246>
[pid 229] 14:55:42.630805 libssl.so.3->EVP_PKEY_derive_set_peer(0x647e0e6d80b0, 0x647e0e6d4cb0, 0, 0x647e0e6d6e40) = 1 <0.000150>
[pid 229] 14:55:42.631003 libssl.so.3->EVP_PKEY_derive(0x647e0e6d80b0, 0, 0x7fffb823ded0, 0) = 1 <0.000163>
[pid 229] 14:55:42.631247 libssl.so.3->EVP_PKEY_derive(0x647e0e6d80b0, 0x647e0e6d6af0, 0x7fffb823ded0, 5) = 1 <0.000249>
[pid 229] 14:55:42.632348 libssl.so.3->X509_verify_cert(0x647e0e6cf410, 0, 0x8000, 0xffffffff) = 1 <0.000550>
[pid 229] 14:55:42.633103 libssl.so.3->EVP_DigestVerifyInit_ex(0x647e0e5fc810, 0x7fffb823df78, 0, 0) = 1 <0.000163>
[pid 229] 14:55:42.633318 libssl.so.3->EVP_DigestVerify(0x647e0e5fc810, 0x647e0e6da278, 2420, 0x7fffb823df80) = 1 <0.000245>
[pid 229] 14:55:42.633940 libssl.so.3->X509_verify_cert(0x647e0e6cf410, 1, 1, 0) = 1 <0.000319>
[pid 229] 14:55:42.634525 libssl.so.3->EVP_DigestSignInit_ex(0x647e0e6ee260, 0x7fffb823df60, 0, 0) = 1 <0.000184>
[pid 229] 14:55:42.634756 libssl.so.3->EVP_DigestSign(0x647e0e6ee260, 0, 0x7fffb823df70, 0x7fffb823df80) = 1 <0.000130>
[pid 229] 14:55:42.634926 libssl.so.3->EVP_DigestSign(0x647e0e6ee260, 0x647e0e6ee3f0, 0x7fffb823df70, 0x7fffb823df80) = 1 <0.000369>
[pid 229] 14:55:42.635681 <... SSL_connect resumed> ) = 1 <0.008214>
Handshake duration: 8.45 ms
[pid 229] 14:55:42.638163 +++ exited (status 0) +++
Execution 16 - TLS Mutual
s_connection: verify depth is 1
[pid 231] 14:55:42.697451 openssl->SSL_connect(0x5c7cd7302530, 0x5c7cd72dde50, 0x5c7cd72dde50, 0x7c00c79f6360 <unfinished ...>
[pid 231] 14:55:42.697960 libssl.so.3->EVP_PKEY_keygen_init(0x5c7cd730b0b0, 0, 176, 0x5c7cd730b0b0) = 1 <0.000162>
[pid 231] 14:55:42.698172 libssl.so.3->EVP_PKEY_keygen(0x5c7cd730b0b0, 0x7ffc65bb1500, 0, 103) = 1 <0.000243>
[pid 231] 14:55:42.700049 libssl.so.3->EVP_PKEY_derive_init(0x5c7cd730b0b0, 0, 176, 0x5c7cd730b0b0) = 1 <0.000229>
[pid 231] 14:55:42.700331 libssl.so.3->EVP_PKEY_derive_set_peer(0x5c7cd730b0b0, 0x5c7cd7307cb0, 0, 0x5c7cd7309e40) = 1 <0.000152>
[pid 231] 14:55:42.700578 libssl.so.3->EVP_PKEY_derive(0x5c7cd730b0b0, 0, 0x7ffc65bb14c0, 0) = 1 <0.000233>
[pid 231] 14:55:42.700889 libssl.so.3->EVP_PKEY_derive(0x5c7cd730b0b0, 0x5c7cd7309af0, 0x7ffc65bb14c0, 5) = 1 <0.000227>
[pid 231] 14:55:42.701918 libssl.so.3->X509_verify_cert(0x5c7cd7302410, 0, 0x8000, 0xffffffff) = 1 <0.000580>
[pid 231] 14:55:42.702722 libssl.so.3->EVP_DigestVerifyInit_ex(0x5c7cd722f810, 0x7ffc65bb1568, 0, 0) = 1 <0.000158>
[pid 231] 14:55:42.702927 libssl.so.3->EVP_DigestVerify(0x5c7cd722f810, 0x5c7cd730d278, 2420, 0x7ffc65bb1570) = 1 <0.000193>
[pid 231] 14:55:42.703349 libssl.so.3->X509_verify_cert(0x5c7cd7302410, 1, 1, 0) = 1 <0.000194>
[pid 231] 14:55:42.703836 libssl.so.3->EVP_DigestSignInit_ex(0x5c7cd7321260, 0x7ffc65bb1550, 0, 0) = 1 <0.000179>
[pid 231] 14:55:42.704059 libssl.so.3->EVP_DigestSign(0x5c7cd7321260, 0, 0x7ffc65bb1560, 0x7ffc65bb1570) = 1 <0.000115>
[pid 231] 14:55:42.704212 libssl.so.3->EVP_DigestSign(0x5c7cd7321260, 0x5c7cd73213f0, 0x7ffc65bb1560, 0x7ffc65bb1570) = 1 <0.000231>
[pid 231] 14:55:42.704826 <... SSL_connect resumed> ) = 1 <0.007385>
Handshake duration: 7.75 ms
[pid 231] 14:55:42.707226 +++ exited (status 0) +++
Execution 17 - TLS Mutual
s_connection: verify depth is 1
[pid 233] 14:55:42.765820 openssl->SSL_connect(0x61a4f86a8530, 0x61a4f8683e50, 0x61a4f8683e50, 0x7d20416d3360 <unfinished ...>
[pid 233] 14:55:42.766330 libssl.so.3->EVP_PKEY_keygen_init(0x61a4f86b10b0, 0, 176, 0x61a4f86b10b0) = 1 <0.000196>
[pid 233] 14:55:42.766622 libssl.so.3->EVP_PKEY_keygen(0x61a4f86b10b0, 0x7ffec9023da0, 0, 103) = 1 <0.000272>
[pid 233] 14:55:42.768688 libssl.so.3->EVP_PKEY_derive_init(0x61a4f86b10b0, 0, 176, 0x61a4f86b10b0) = 1 <0.000207>
[pid 233] 14:55:42.768946 libssl.so.3->EVP_PKEY_derive_set_peer(0x61a4f86b10b0, 0x61a4f86adcb0, 0, 0x61a4f86afe40) = 1 <0.000159>
[pid 233] 14:55:42.769181 libssl.so.3->EVP_PKEY_derive(0x61a4f86b10b0, 0, 0x7ffec9023d60, 0) = 1 <0.000150>
[pid 233] 14:55:42.769382 libssl.so.3->EVP_PKEY_derive(0x61a4f86b10b0, 0x61a4f86afaf0, 0x7ffec9023d60, 5) = 1 <0.000197>
[pid 233] 14:55:42.770405 libssl.so.3->X509_verify_cert(0x61a4f86a8410, 0, 0x8000, 0xffffffff) = 1 <0.000544>
[pid 233] 14:55:42.771168 libssl.so.3->EVP_DigestVerifyInit_ex(0x61a4f85d5810, 0x7ffec9023e08, 0, 0) = 1 <0.000147>
[pid 233] 14:55:42.771367 libssl.so.3->EVP_DigestVerify(0x61a4f85d5810, 0x61a4f86b3278, 2420, 0x7ffec9023e10) = 1 <0.000208>
[pid 233] 14:55:42.771830 libssl.so.3->X509_verify_cert(0x61a4f86a8410, 1, 1, 0) = 1 <0.000245>
[pid 233] 14:55:42.772354 libssl.so.3->EVP_DigestSignInit_ex(0x61a4f86c7260, 0x7ffec9023df0, 0, 0) = 1 <0.000159>
[pid 233] 14:55:42.772573 libssl.so.3->EVP_DigestSign(0x61a4f86c7260, 0, 0x7ffec9023e00, 0x7ffec9023e10) = 1 <0.000129>
[pid 233] 14:55:42.772751 libssl.so.3->EVP_DigestSign(0x61a4f86c7260, 0x61a4f86c73f0, 0x7ffec9023e00, 0x7ffec9023e10) = 1 <0.000436>
[pid 233] 14:55:42.773511 <... SSL_connect resumed> ) = 1 <0.007701>
Handshake duration: 7.93 ms
[pid 233] 14:55:42.775824 +++ exited (status 0) +++
Execution 18 - TLS Mutual
s_connection: verify depth is 1
[pid 235] 14:55:42.834361 openssl->SSL_connect(0x635dc2b78530, 0x635dc2b53e50, 0x635dc2b53e50, 0x78bf21900360 <unfinished ...>
[pid 235] 14:55:42.834983 libssl.so.3->EVP_PKEY_keygen_init(0x635dc2b810b0, 0, 176, 0x635dc2b810b0) = 1 <0.000332>
[pid 235] 14:55:42.835419 libssl.so.3->EVP_PKEY_keygen(0x635dc2b810b0, 0x7fff7d811f70, 0, 103) = 1 <0.000342>
[pid 235] 14:55:42.837648 libssl.so.3->EVP_PKEY_derive_init(0x635dc2b810b0, 0, 176, 0x635dc2b810b0) = 1 <0.000226>
[pid 235] 14:55:42.837935 libssl.so.3->EVP_PKEY_derive_set_peer(0x635dc2b810b0, 0x635dc2b7dcb0, 0, 0x635dc2b7fe40) = 1 <0.000140>
[pid 235] 14:55:42.838123 libssl.so.3->EVP_PKEY_derive(0x635dc2b810b0, 0, 0x7fff7d811f30, 0) = 1 <0.000145>
[pid 235] 14:55:42.838365 libssl.so.3->EVP_PKEY_derive(0x635dc2b810b0, 0x635dc2b7faf0, 0x7fff7d811f30, 5) = 1 <0.000242>
[pid 235] 14:55:42.839486 libssl.so.3->X509_verify_cert(0x635dc2b78410, 0, 0x8000, 0xffffffff) = 1 <0.000589>
[pid 235] 14:55:42.840331 libssl.so.3->EVP_DigestVerifyInit_ex(0x635dc2aa5810, 0x7fff7d811fd8, 0, 0) = 1 <0.000161>
[pid 235] 14:55:42.840543 libssl.so.3->EVP_DigestVerify(0x635dc2aa5810, 0x635dc2b83278, 2420, 0x7fff7d811fe0) = 1 <0.000231>
[pid 235] 14:55:42.841056 libssl.so.3->X509_verify_cert(0x635dc2b78410, 1, 1, 0) = 1 <0.000278>
[pid 235] 14:55:42.841711 libssl.so.3->EVP_DigestSignInit_ex(0x635dc2b97260, 0x7fff7d811fc0, 0, 0) = 1 <0.000204>
[pid 235] 14:55:42.841973 libssl.so.3->EVP_DigestSign(0x635dc2b97260, 0, 0x7fff7d811fd0, 0x7fff7d811fe0) = 1 <0.000158>
[pid 235] 14:55:42.842180 libssl.so.3->EVP_DigestSign(0x635dc2b97260, 0x635dc2b973f0, 0x7fff7d811fd0, 0x7fff7d811fe0) = 1 <0.000293>
[pid 235] 14:55:42.842878 <... SSL_connect resumed> ) = 1 <0.008515>
Handshake duration: 8.75 ms
[pid 235] 14:55:42.845813 +++ exited (status 0) +++
Execution 19 - TLS Mutual
s_connection: verify depth is 1
[pid 237] 14:55:42.907728 openssl->SSL_connect(0x595f264d0530, 0x595f264abe50, 0x595f264abe50, 0x71daf1536360 <unfinished ...>
[pid 237] 14:55:42.908402 libssl.so.3->EVP_PKEY_keygen_init(0x595f264d90b0, 0, 176, 0x595f264d90b0) = 1 <0.000256>
[pid 237] 14:55:42.908750 libssl.so.3->EVP_PKEY_keygen(0x595f264d90b0, 0x7ffc304bb550, 0, 103) = 1 <0.000465>
[pid 237] 14:55:42.910901 libssl.so.3->EVP_PKEY_derive_init(0x595f264d90b0, 0, 176, 0x595f264d90b0) = 1 <0.000201>
[pid 237] 14:55:42.911150 libssl.so.3->EVP_PKEY_derive_set_peer(0x595f264d90b0, 0x595f264d5cb0, 0, 0x595f264d7e40) = 1 <0.000112>
[pid 237] 14:55:42.911306 libssl.so.3->EVP_PKEY_derive(0x595f264d90b0, 0, 0x7ffc304bb510, 0) = 1 <0.000136>
[pid 237] 14:55:42.911538 libssl.so.3->EVP_PKEY_derive(0x595f264d90b0, 0x595f264d7af0, 0x7ffc304bb510, 5) = 1 <0.000272>
[pid 237] 14:55:42.912551 libssl.so.3->X509_verify_cert(0x595f264d0410, 0, 0x8000, 0xffffffff) = 1 <0.000722>
[pid 237] 14:55:42.913530 libssl.so.3->EVP_DigestVerifyInit_ex(0x595f263fd810, 0x7ffc304bb5b8, 0, 0) = 1 <0.000191>
[pid 237] 14:55:42.913768 libssl.so.3->EVP_DigestVerify(0x595f263fd810, 0x595f264db278, 2420, 0x7ffc304bb5c0) = 1 <0.000220>
[pid 237] 14:55:42.914240 libssl.so.3->X509_verify_cert(0x595f264d0410, 1, 1, 0) = 1 <0.000190>
[pid 237] 14:55:42.914684 libssl.so.3->EVP_DigestSignInit_ex(0x595f264ef260, 0x7ffc304bb5a0, 0, 0) = 1 <0.000135>
[pid 237] 14:55:42.914860 libssl.so.3->EVP_DigestSign(0x595f264ef260, 0, 0x7ffc304bb5b0, 0x7ffc304bb5c0) = 1 <0.000158>
[pid 237] 14:55:42.915069 libssl.so.3->EVP_DigestSign(0x595f264ef260, 0x595f264ef3f0, 0x7ffc304bb5b0, 0x7ffc304bb5c0) = 1 <0.000253>
[pid 237] 14:55:42.915644 <... SSL_connect resumed> ) = 1 <0.007928>
Handshake duration: 8.19 ms
[pid 237] 14:55:42.918304 +++ exited (status 0) +++
Execution 20 - TLS Mutual
s_connection: verify depth is 1
[pid 239] 14:55:42.978477 openssl->SSL_connect(0x567593a5f530, 0x567593a3ae50, 0x567593a3ae50, 0x779a0c4f0360 <unfinished ...>
[pid 239] 14:55:42.979019 libssl.so.3->EVP_PKEY_keygen_init(0x567593a680b0, 0, 176, 0x567593a680b0) = 1 <0.000234>
[pid 239] 14:55:42.979308 libssl.so.3->EVP_PKEY_keygen(0x567593a680b0, 0x7ffd76165c10, 0, 103) = 1 <0.000347>
[pid 239] 14:55:42.981344 libssl.so.3->EVP_PKEY_derive_init(0x567593a680b0, 0, 176, 0x567593a680b0) = 1 <0.000216>
[pid 239] 14:55:42.981639 libssl.so.3->EVP_PKEY_derive_set_peer(0x567593a680b0, 0x567593a64cb0, 0, 0x567593a66e40) = 1 <0.000155>
[pid 239] 14:55:42.981840 libssl.so.3->EVP_PKEY_derive(0x567593a680b0, 0, 0x7ffd76165bd0, 0) = 1 <0.000139>
[pid 239] 14:55:42.982023 libssl.so.3->EVP_PKEY_derive(0x567593a680b0, 0x567593a66af0, 0x7ffd76165bd0, 5) = 1 <0.000177>
[pid 239] 14:55:42.982990 libssl.so.3->X509_verify_cert(0x567593a5f410, 0, 0x8000, 0xffffffff) = 1 <0.000792>
[pid 239] 14:55:42.984316 libssl.so.3->EVP_DigestVerifyInit_ex(0x56759398c810, 0x7ffd76165c78, 0, 0) = 1 <0.000243>
[pid 239] 14:55:42.984633 libssl.so.3->EVP_DigestVerify(0x56759398c810, 0x567593a6a278, 2420, 0x7ffd76165c80) = 1 <0.000219>
[pid 239] 14:55:42.985111 libssl.so.3->X509_verify_cert(0x567593a5f410, 1, 1, 0) = 1 <0.000233>
[pid 239] 14:55:42.985645 libssl.so.3->EVP_DigestSignInit_ex(0x567593a7e260, 0x7ffd76165c60, 0, 0) = 1 <0.000225>
[pid 239] 14:55:42.985920 libssl.so.3->EVP_DigestSign(0x567593a7e260, 0, 0x7ffd76165c70, 0x7ffd76165c80) = 1 <0.000157>
[pid 239] 14:55:42.986127 libssl.so.3->EVP_DigestSign(0x567593a7e260, 0x567593a7e3f0, 0x7ffd76165c70, 0x7ffd76165c80) = 1 <0.000393>
[pid 239] 14:55:42.986825 <... SSL_connect resumed> ) = 1 <0.008358>
Handshake duration: 8.52 ms
[pid 239] 14:55:42.988900 +++ exited (status 0) +++
Execution 21 - TLS Mutual
s_connection: verify depth is 1
[pid 241] 14:55:43.047505 openssl->SSL_connect(0x599ec9df1530, 0x599ec9dcce50, 0x599ec9dcce50, 0x7a6cea65c360 <unfinished ...>
[pid 241] 14:55:43.047965 libssl.so.3->EVP_PKEY_keygen_init(0x599ec9dfa0b0, 0, 176, 0x599ec9dfa0b0) = 1 <0.000200>
[pid 241] 14:55:43.048274 libssl.so.3->EVP_PKEY_keygen(0x599ec9dfa0b0, 0x7ffec5246300, 0, 103) = 1 <0.000252>
[pid 241] 14:55:43.050051 libssl.so.3->EVP_PKEY_derive_init(0x599ec9dfa0b0, 0, 176, 0x599ec9dfa0b0) = 1 <0.000155>
[pid 241] 14:55:43.050255 libssl.so.3->EVP_PKEY_derive_set_peer(0x599ec9dfa0b0, 0x599ec9df6cb0, 0, 0x599ec9df8e40) = 1 <0.000119>
[pid 241] 14:55:43.050416 libssl.so.3->EVP_PKEY_derive(0x599ec9dfa0b0, 0, 0x7ffec52462c0, 0) = 1 <0.000124>
[pid 241] 14:55:43.050591 libssl.so.3->EVP_PKEY_derive(0x599ec9dfa0b0, 0x599ec9df8af0, 0x7ffec52462c0, 5) = 1 <0.000153>
[pid 241] 14:55:43.051387 libssl.so.3->X509_verify_cert(0x599ec9df1410, 0, 0x8000, 0xffffffff) = 1 <0.000493>
[pid 241] 14:55:43.052072 libssl.so.3->EVP_DigestVerifyInit_ex(0x599ec9d1e810, 0x7ffec5246368, 0, 0) = 1 <0.000147>
[pid 241] 14:55:43.052266 libssl.so.3->EVP_DigestVerify(0x599ec9d1e810, 0x599ec9dfc278, 2420, 0x7ffec5246370) = 1 <0.000157>
[pid 241] 14:55:43.052684 libssl.so.3->X509_verify_cert(0x599ec9df1410, 1, 1, 0) = 1 <0.000206>
[pid 241] 14:55:43.053128 libssl.so.3->EVP_DigestSignInit_ex(0x599ec9e10260, 0x7ffec5246350, 0, 0) = 1 <0.000153>
[pid 241] 14:55:43.053337 libssl.so.3->EVP_DigestSign(0x599ec9e10260, 0, 0x7ffec5246360, 0x7ffec5246370) = 1 <0.000117>
[pid 241] 14:55:43.053505 libssl.so.3->EVP_DigestSign(0x599ec9e10260, 0x599ec9e103f0, 0x7ffec5246360, 0x7ffec5246370) = 1 <0.000295>
[pid 241] 14:55:43.054069 <... SSL_connect resumed> ) = 1 <0.006571>
Handshake duration: 6.75 ms
[pid 241] 14:55:43.056206 +++ exited (status 0) +++
Execution 22 - TLS Mutual
s_connection: verify depth is 1
[pid 243] 14:55:43.116394 openssl->SSL_connect(0x6505e71e4530, 0x6505e71bfe50, 0x6505e71bfe50, 0x77b329a52360 <unfinished ...>
[pid 243] 14:55:43.116944 libssl.so.3->EVP_PKEY_keygen_init(0x6505e71ed0b0, 0, 176, 0x6505e71ed0b0) = 1 <0.000288>
[pid 243] 14:55:43.117312 libssl.so.3->EVP_PKEY_keygen(0x6505e71ed0b0, 0x7ffd2e3e76d0, 0, 103) = 1 <0.000294>
[pid 243] 14:55:43.119067 libssl.so.3->EVP_PKEY_derive_init(0x6505e71ed0b0, 0, 176, 0x6505e71ed0b0) = 1 <0.000141>
[pid 243] 14:55:43.119252 libssl.so.3->EVP_PKEY_derive_set_peer(0x6505e71ed0b0, 0x6505e71e9cb0, 0, 0x6505e71ebe40) = 1 <0.000138>
[pid 243] 14:55:43.119446 libssl.so.3->EVP_PKEY_derive(0x6505e71ed0b0, 0, 0x7ffd2e3e7690, 0) = 1 <0.000150>
[pid 243] 14:55:43.119644 libssl.so.3->EVP_PKEY_derive(0x6505e71ed0b0, 0x6505e71ebaf0, 0x7ffd2e3e7690, 5) = 1 <0.000198>
[pid 243] 14:55:43.120642 libssl.so.3->X509_verify_cert(0x6505e71e4410, 0, 0x8000, 0xffffffff) = 1 <0.000643>
[pid 243] 14:55:43.121522 libssl.so.3->EVP_DigestVerifyInit_ex(0x6505e7111810, 0x7ffd2e3e7738, 0, 0) = 1 <0.000190>
[pid 243] 14:55:43.121763 libssl.so.3->EVP_DigestVerify(0x6505e7111810, 0x6505e71ef278, 2420, 0x7ffd2e3e7740) = 1 <0.000248>
[pid 243] 14:55:43.122249 libssl.so.3->X509_verify_cert(0x6505e71e4410, 1, 1, 0) = 1 <0.000269>
[pid 243] 14:55:43.122797 libssl.so.3->EVP_DigestSignInit_ex(0x6505e7203260, 0x7ffd2e3e7720, 0, 0) = 1 <0.000162>
[pid 243] 14:55:43.123011 libssl.so.3->EVP_DigestSign(0x6505e7203260, 0, 0x7ffd2e3e7730, 0x7ffd2e3e7740) = 1 <0.000130>
[pid 243] 14:55:43.123183 libssl.so.3->EVP_DigestSign(0x6505e7203260, 0x6505e72033f0, 0x7ffd2e3e7730, 0x7ffd2e3e7740) = 1 <0.000253>
[pid 243] 14:55:43.123779 <... SSL_connect resumed> ) = 1 <0.007392>
Handshake duration: 7.63 ms
[pid 243] 14:55:43.126278 +++ exited (status 0) +++
Execution 23 - TLS Mutual
s_connection: verify depth is 1
[pid 245] 14:55:43.193144 openssl->SSL_connect(0x5a53fd9da530, 0x5a53fd9b5e50, 0x5a53fd9b5e50, 0x79d310c90360 <unfinished ...>
[pid 245] 14:55:43.193596 libssl.so.3->EVP_PKEY_keygen_init(0x5a53fd9e30b0, 0, 176, 0x5a53fd9e30b0) = 1 <0.000154>
[pid 245] 14:55:43.193800 libssl.so.3->EVP_PKEY_keygen(0x5a53fd9e30b0, 0x7ffe2281b720, 0, 103) = 1 <0.000202>
[pid 245] 14:55:43.195552 libssl.so.3->EVP_PKEY_derive_init(0x5a53fd9e30b0, 0, 176, 0x5a53fd9e30b0) = 1 <0.000196>
[pid 245] 14:55:43.195838 libssl.so.3->EVP_PKEY_derive_set_peer(0x5a53fd9e30b0, 0x5a53fd9dfcb0, 0, 0x5a53fd9e1e40) = 1 <0.000118>
[pid 245] 14:55:43.196007 libssl.so.3->EVP_PKEY_derive(0x5a53fd9e30b0, 0, 0x7ffe2281b6e0, 0) = 1 <0.000111>
[pid 245] 14:55:43.196162 libssl.so.3->EVP_PKEY_derive(0x5a53fd9e30b0, 0x5a53fd9e1af0, 0x7ffe2281b6e0, 5) = 1 <0.000178>
[pid 245] 14:55:43.197170 libssl.so.3->X509_verify_cert(0x5a53fd9da410, 0, 0x8000, 0xffffffff) = 1 <0.000497>
[pid 245] 14:55:43.197855 libssl.so.3->EVP_DigestVerifyInit_ex(0x5a53fd907810, 0x7ffe2281b788, 0, 0) = 1 <0.000134>
[pid 245] 14:55:43.198034 libssl.so.3->EVP_DigestVerify(0x5a53fd907810, 0x5a53fd9e5278, 2420, 0x7ffe2281b790) = 1 <0.000156>
[pid 245] 14:55:43.198520 libssl.so.3->X509_verify_cert(0x5a53fd9da410, 1, 1, 0) = 1 <0.000304>
[pid 245] 14:55:43.199047 libssl.so.3->EVP_DigestSignInit_ex(0x5a53fd9f9260, 0x7ffe2281b770, 0, 0) = 1 <0.000128>
[pid 245] 14:55:43.199221 libssl.so.3->EVP_DigestSign(0x5a53fd9f9260, 0, 0x7ffe2281b780, 0x7ffe2281b790) = 1 <0.000127>
[pid 245] 14:55:43.199444 libssl.so.3->EVP_DigestSign(0x5a53fd9f9260, 0x5a53fd9f93f0, 0x7ffe2281b780, 0x7ffe2281b790) = 1 <0.000415>
[pid 245] 14:55:43.200174 <... SSL_connect resumed> ) = 1 <0.007040>
Handshake duration: 7.24 ms
[pid 245] 14:55:43.202442 +++ exited (status 0) +++
Execution 24 - TLS Mutual
s_connection: verify depth is 1
[pid 247] 14:55:43.258545 openssl->SSL_connect(0x5725e3c72530, 0x5725e3c4de50, 0x5725e3c4de50, 0x761e97853360 <unfinished ...>
[pid 247] 14:55:43.259240 libssl.so.3->EVP_PKEY_keygen_init(0x5725e3c7b0b0, 0, 176, 0x5725e3c7b0b0) = 1 <0.000207>
[pid 247] 14:55:43.259508 libssl.so.3->EVP_PKEY_keygen(0x5725e3c7b0b0, 0x7ffe8994a850, 0, 103) = 1 <0.000283>
[pid 247] 14:55:43.261361 libssl.so.3->EVP_PKEY_derive_init(0x5725e3c7b0b0, 0, 176, 0x5725e3c7b0b0) = 1 <0.000210>
[pid 247] 14:55:43.261647 libssl.so.3->EVP_PKEY_derive_set_peer(0x5725e3c7b0b0, 0x5725e3c77cb0, 0, 0x5725e3c79e40) = 1 <0.000122>
[pid 247] 14:55:43.261842 libssl.so.3->EVP_PKEY_derive(0x5725e3c7b0b0, 0, 0x7ffe8994a810, 0) = 1 <0.000123>
[pid 247] 14:55:43.262005 libssl.so.3->EVP_PKEY_derive(0x5725e3c7b0b0, 0x5725e3c79af0, 0x7ffe8994a810, 5) = 1 <0.000157>
[pid 247] 14:55:43.262905 libssl.so.3->X509_verify_cert(0x5725e3c72410, 0, 0x8000, 0xffffffff) = 1 <0.000555>
[pid 247] 14:55:43.263695 libssl.so.3->EVP_DigestVerifyInit_ex(0x5725e3b9f810, 0x7ffe8994a8b8, 0, 0) = 1 <0.000129>
[pid 247] 14:55:43.263870 libssl.so.3->EVP_DigestVerify(0x5725e3b9f810, 0x5725e3c7d278, 2420, 0x7ffe8994a8c0) = 1 <0.000233>
[pid 247] 14:55:43.264354 libssl.so.3->X509_verify_cert(0x5725e3c72410, 1, 1, 0) = 1 <0.000261>
[pid 247] 14:55:43.264852 libssl.so.3->EVP_DigestSignInit_ex(0x5725e3c91260, 0x7ffe8994a8a0, 0, 0) = 1 <0.000148>
[pid 247] 14:55:43.265051 libssl.so.3->EVP_DigestSign(0x5725e3c91260, 0, 0x7ffe8994a8b0, 0x7ffe8994a8c0) = 1 <0.000123>
[pid 247] 14:55:43.265221 libssl.so.3->EVP_DigestSign(0x5725e3c91260, 0x5725e3c913f0, 0x7ffe8994a8b0, 0x7ffe8994a8c0) = 1 <0.000374>
[pid 247] 14:55:43.265927 <... SSL_connect resumed> ) = 1 <0.007395>
Handshake duration: 7.60 ms
[pid 247] 14:55:43.268455 +++ exited (status 0) +++
Execution 25 - TLS Mutual
s_connection: verify depth is 1
[pid 249] 14:55:43.324928 openssl->SSL_connect(0x61d719814530, 0x61d7197efe50, 0x61d7197efe50, 0x7961bedfd360 <unfinished ...>
[pid 249] 14:55:43.325417 libssl.so.3->EVP_PKEY_keygen_init(0x61d71981d0b0, 0, 176, 0x61d71981d0b0) = 1 <0.000234>
[pid 249] 14:55:43.325710 libssl.so.3->EVP_PKEY_keygen(0x61d71981d0b0, 0x7ffe1c9117c0, 0, 103) = 1 <0.000284>
[pid 249] 14:55:43.327492 libssl.so.3->EVP_PKEY_derive_init(0x61d71981d0b0, 0, 176, 0x61d71981d0b0) = 1 <0.000238>
[pid 249] 14:55:43.327794 libssl.so.3->EVP_PKEY_derive_set_peer(0x61d71981d0b0, 0x61d719819cb0, 0, 0x61d71981be40) = 1 <0.000137>
[pid 249] 14:55:43.327990 libssl.so.3->EVP_PKEY_derive(0x61d71981d0b0, 0, 0x7ffe1c911780, 0) = 1 <0.000150>
[pid 249] 14:55:43.328188 libssl.so.3->EVP_PKEY_derive(0x61d71981d0b0, 0x61d71981baf0, 0x7ffe1c911780, 5) = 1 <0.000165>
[pid 249] 14:55:43.329187 libssl.so.3->X509_verify_cert(0x61d719814410, 0, 0x8000, 0xffffffff) = 1 <0.001565>
[pid 249] 14:55:43.330986 libssl.so.3->EVP_DigestVerifyInit_ex(0x61d719741810, 0x7ffe1c911828, 0, 0) = 1 <0.000163>
[pid 249] 14:55:43.331194 libssl.so.3->EVP_DigestVerify(0x61d719741810, 0x61d71981f278, 2420, 0x7ffe1c911830) = 1 <0.000223>
[pid 249] 14:55:43.331721 libssl.so.3->X509_verify_cert(0x61d719814410, 1, 1, 0) = 1 <0.000277>
[pid 249] 14:55:43.332282 libssl.so.3->EVP_DigestSignInit_ex(0x61d719833260, 0x7ffe1c911810, 0, 0) = 1 <0.000194>
[pid 249] 14:55:43.332541 libssl.so.3->EVP_DigestSign(0x61d719833260, 0, 0x7ffe1c911820, 0x7ffe1c911830) = 1 <0.000188>
[pid 249] 14:55:43.332793 libssl.so.3->EVP_DigestSign(0x61d719833260, 0x61d7198333f0, 0x7ffe1c911820, 0x7ffe1c911830) = 1 <0.000390>
[pid 249] 14:55:43.333472 <... SSL_connect resumed> ) = 1 <0.008563>
Handshake duration: 8.84 ms
[pid 249] 14:55:43.335922 +++ exited (status 0) +++
Execution 26 - TLS Mutual
s_connection: verify depth is 1
[pid 251] 14:55:43.398632 openssl->SSL_connect(0x5d79b0ddc530, 0x5d79b0db7e50, 0x5d79b0db7e50, 0x75fee3e13360 <unfinished ...>
[pid 251] 14:55:43.399059 libssl.so.3->EVP_PKEY_keygen_init(0x5d79b0de50b0, 0, 176, 0x5d79b0de50b0) = 1 <0.000140>
[pid 251] 14:55:43.399253 libssl.so.3->EVP_PKEY_keygen(0x5d79b0de50b0, 0x7fff3b1b5e00, 0, 103) = 1 <0.000269>
[pid 251] 14:55:43.401086 libssl.so.3->EVP_PKEY_derive_init(0x5d79b0de50b0, 0, 176, 0x5d79b0de50b0) = 1 <0.000139>
[pid 251] 14:55:43.401281 libssl.so.3->EVP_PKEY_derive_set_peer(0x5d79b0de50b0, 0x5d79b0de1cb0, 0, 0x5d79b0de3e40) = 1 <0.000125>
[pid 251] 14:55:43.401453 libssl.so.3->EVP_PKEY_derive(0x5d79b0de50b0, 0, 0x7fff3b1b5dc0, 0) = 1 <0.000132>
[pid 251] 14:55:43.401634 libssl.so.3->EVP_PKEY_derive(0x5d79b0de50b0, 0x5d79b0de3af0, 0x7fff3b1b5dc0, 5) = 1 <0.000204>
[pid 251] 14:55:43.402733 libssl.so.3->X509_verify_cert(0x5d79b0ddc410, 0, 0x8000, 0xffffffff) = 1 <0.000554>
[pid 251] 14:55:43.403517 libssl.so.3->EVP_DigestVerifyInit_ex(0x5d79b0d09810, 0x7fff3b1b5e68, 0, 0) = 1 <0.000163>
[pid 251] 14:55:43.403728 libssl.so.3->EVP_DigestVerify(0x5d79b0d09810, 0x5d79b0de7278, 2420, 0x7fff3b1b5e70) = 1 <0.000210>
[pid 251] 14:55:43.404256 libssl.so.3->X509_verify_cert(0x5d79b0ddc410, 1, 1, 0) = 1 <0.000296>
[pid 251] 14:55:43.404826 libssl.so.3->EVP_DigestSignInit_ex(0x5d79b0dfb260, 0x7fff3b1b5e50, 0, 0) = 1 <0.000141>
[pid 251] 14:55:43.405017 libssl.so.3->EVP_DigestSign(0x5d79b0dfb260, 0, 0x7fff3b1b5e60, 0x7fff3b1b5e70) = 1 <0.000120>
[pid 251] 14:55:43.405182 libssl.so.3->EVP_DigestSign(0x5d79b0dfb260, 0x5d79b0dfb3f0, 0x7fff3b1b5e60, 0x7fff3b1b5e70) = 1 <0.000681>
[pid 251] 14:55:43.406245 <... SSL_connect resumed> ) = 1 <0.007623>
Handshake duration: 7.82 ms
[pid 251] 14:55:43.408965 +++ exited (status 0) +++
Execution 27 - TLS Mutual
s_connection: verify depth is 1
[pid 253] 14:55:43.471483 openssl->SSL_connect(0x5f6766fe3530, 0x5f6766fbee50, 0x5f6766fbee50, 0x76fc7bb18360 <unfinished ...>
[pid 253] 14:55:43.472030 libssl.so.3->EVP_PKEY_keygen_init(0x5f6766fec0b0, 0, 176, 0x5f6766fec0b0) = 1 <0.000228>
[pid 253] 14:55:43.472327 libssl.so.3->EVP_PKEY_keygen(0x5f6766fec0b0, 0x7ffdfa6e6f60, 0, 103) = 1 <0.000329>
[pid 253] 14:55:43.474326 libssl.so.3->EVP_PKEY_derive_init(0x5f6766fec0b0, 0, 176, 0x5f6766fec0b0) = 1 <0.000191>
[pid 253] 14:55:43.474560 libssl.so.3->EVP_PKEY_derive_set_peer(0x5f6766fec0b0, 0x5f6766fe8cb0, 0, 0x5f6766feae40) = 1 <0.000176>
[pid 253] 14:55:43.474821 libssl.so.3->EVP_PKEY_derive(0x5f6766fec0b0, 0, 0x7ffdfa6e6f20, 0) = 1 <0.000161>
[pid 253] 14:55:43.475027 libssl.so.3->EVP_PKEY_derive(0x5f6766fec0b0, 0x5f6766feaaf0, 0x7ffdfa6e6f20, 5) = 1 <0.000165>
[pid 253] 14:55:43.475882 libssl.so.3->X509_verify_cert(0x5f6766fe3410, 0, 0x8000, 0xffffffff) = 1 <0.000502>
[pid 253] 14:55:43.476586 libssl.so.3->EVP_DigestVerifyInit_ex(0x5f6766f10810, 0x7ffdfa6e6fc8, 0, 0) = 1 <0.000144>
[pid 253] 14:55:43.476780 libssl.so.3->EVP_DigestVerify(0x5f6766f10810, 0x5f6766fee278, 2420, 0x7ffdfa6e6fd0) = 1 <0.000171>
[pid 253] 14:55:43.477184 libssl.so.3->X509_verify_cert(0x5f6766fe3410, 1, 1, 0) = 1 <0.000217>
[pid 253] 14:55:43.477662 libssl.so.3->EVP_DigestSignInit_ex(0x5f6767002260, 0x7ffdfa6e6fb0, 0, 0) = 1 <0.000143>
[pid 253] 14:55:43.477846 libssl.so.3->EVP_DigestSign(0x5f6767002260, 0, 0x7ffdfa6e6fc0, 0x7ffdfa6e6fd0) = 1 <0.000145>
[pid 253] 14:55:43.478029 libssl.so.3->EVP_DigestSign(0x5f6767002260, 0x5f67670023f0, 0x7ffdfa6e6fc0, 0x7ffdfa6e6fd0) = 1 <0.000305>
[pid 253] 14:55:43.478657 <... SSL_connect resumed> ) = 1 <0.007184>
Handshake duration: 7.42 ms
[pid 253] 14:55:43.480923 +++ exited (status 0) +++
Execution 28 - TLS Mutual
s_connection: verify depth is 1
[pid 255] 14:55:43.540706 openssl->SSL_connect(0x5b35185ff530, 0x5b35185dae50, 0x5b35185dae50, 0x7495d0633360 <unfinished ...>
[pid 255] 14:55:43.541327 libssl.so.3->EVP_PKEY_keygen_init(0x5b35186080b0, 0, 176, 0x5b35186080b0) = 1 <0.000182>
[pid 255] 14:55:43.541576 libssl.so.3->EVP_PKEY_keygen(0x5b35186080b0, 0x7ffc2f8ca6c0, 0, 103) = 1 <0.000233>
[pid 255] 14:55:43.543457 libssl.so.3->EVP_PKEY_derive_init(0x5b35186080b0, 0, 176, 0x5b35186080b0) = 1 <0.000258>
[pid 255] 14:55:43.543759 libssl.so.3->EVP_PKEY_derive_set_peer(0x5b35186080b0, 0x5b3518604cb0, 0, 0x5b3518606e40) = 1 <0.000120>
[pid 255] 14:55:43.543921 libssl.so.3->EVP_PKEY_derive(0x5b35186080b0, 0, 0x7ffc2f8ca680, 0) = 1 <0.000116>
[pid 255] 14:55:43.544077 libssl.so.3->EVP_PKEY_derive(0x5b35186080b0, 0x5b3518606af0, 0x7ffc2f8ca680, 5) = 1 <0.000159>
[pid 255] 14:55:43.545107 libssl.so.3->X509_verify_cert(0x5b35185ff410, 0, 0x8000, 0xffffffff) = 1 <0.000630>
[pid 255] 14:55:43.545964 libssl.so.3->EVP_DigestVerifyInit_ex(0x5b351852c810, 0x7ffc2f8ca728, 0, 0) = 1 <0.000126>
[pid 255] 14:55:43.546137 libssl.so.3->EVP_DigestVerify(0x5b351852c810, 0x5b351860a278, 2420, 0x7ffc2f8ca730) = 1 <0.000154>
[pid 255] 14:55:43.546670 libssl.so.3->X509_verify_cert(0x5b35185ff410, 1, 1, 0) = 1 <0.000225>
[pid 255] 14:55:43.547104 libssl.so.3->EVP_DigestSignInit_ex(0x5b351861e260, 0x7ffc2f8ca710, 0, 0) = 1 <0.000122>
[pid 255] 14:55:43.547270 libssl.so.3->EVP_DigestSign(0x5b351861e260, 0, 0x7ffc2f8ca720, 0x7ffc2f8ca730) = 1 <0.000128>
[pid 255] 14:55:43.547440 libssl.so.3->EVP_DigestSign(0x5b351861e260, 0x5b351861e3f0, 0x7ffc2f8ca720, 0x7ffc2f8ca730) = 1 <0.000535>
[pid 255] 14:55:43.548265 <... SSL_connect resumed> ) = 1 <0.007576>
Handshake duration: 7.84 ms
[pid 255] 14:55:43.550537 +++ exited (status 0) +++
Execution 29 - TLS Mutual
s_connection: verify depth is 1
[pid 257] 14:55:43.609222 openssl->SSL_connect(0x590f32b66530, 0x590f32b41e50, 0x590f32b41e50, 0x720171b22360 <unfinished ...>
[pid 257] 14:55:43.609689 libssl.so.3->EVP_PKEY_keygen_init(0x590f32b6f0b0, 0, 176, 0x590f32b6f0b0) = 1 <0.000193>
[pid 257] 14:55:43.609937 libssl.so.3->EVP_PKEY_keygen(0x590f32b6f0b0, 0x7ffe8b570e40, 0, 103) = 1 <0.000247>
[pid 257] 14:55:43.611569 libssl.so.3->EVP_PKEY_derive_init(0x590f32b6f0b0, 0, 176, 0x590f32b6f0b0) = 1 <0.000219>
[pid 257] 14:55:43.611831 libssl.so.3->EVP_PKEY_derive_set_peer(0x590f32b6f0b0, 0x590f32b6bcb0, 0, 0x590f32b6de40) = 1 <0.000127>
[pid 257] 14:55:43.612001 libssl.so.3->EVP_PKEY_derive(0x590f32b6f0b0, 0, 0x7ffe8b570e00, 0) = 1 <0.000127>
[pid 257] 14:55:43.612178 libssl.so.3->EVP_PKEY_derive(0x590f32b6f0b0, 0x590f32b6daf0, 0x7ffe8b570e00, 5) = 1 <0.000178>
[pid 257] 14:55:43.613031 libssl.so.3->X509_verify_cert(0x590f32b66410, 0, 0x8000, 0xffffffff) = 1 <0.000438>
[pid 257] 14:55:43.613658 libssl.so.3->EVP_DigestVerifyInit_ex(0x590f32a93810, 0x7ffe8b570ea8, 0, 0) = 1 <0.000130>
[pid 257] 14:55:43.613836 libssl.so.3->EVP_DigestVerify(0x590f32a93810, 0x590f32b71278, 2420, 0x7ffe8b570eb0) = 1 <0.000181>
[pid 257] 14:55:43.614250 libssl.so.3->X509_verify_cert(0x590f32b66410, 1, 1, 0) = 1 <0.000256>
[pid 257] 14:55:43.614777 libssl.so.3->EVP_DigestSignInit_ex(0x590f32b85260, 0x7ffe8b570e90, 0, 0) = 1 <0.000143>
[pid 257] 14:55:43.614966 libssl.so.3->EVP_DigestSign(0x590f32b85260, 0, 0x7ffe8b570ea0, 0x7ffe8b570eb0) = 1 <0.000111>
[pid 257] 14:55:43.615128 libssl.so.3->EVP_DigestSign(0x590f32b85260, 0x590f32b853f0, 0x7ffe8b570ea0, 0x7ffe8b570eb0) = 1 <0.000348>
[pid 257] 14:55:43.615759 <... SSL_connect resumed> ) = 1 <0.006548>
Handshake duration: 6.73 ms
[pid 257] 14:55:43.617877 +++ exited (status 0) +++
Execution 30 - TLS Mutual
s_connection: verify depth is 1
[pid 259] 14:55:43.688431 openssl->SSL_connect(0x5d0dd8bf2530, 0x5d0dd8bcde50, 0x5d0dd8bcde50, 0x7c9b0ba34360 <unfinished ...>
[pid 259] 14:55:43.689241 libssl.so.3->EVP_PKEY_keygen_init(0x5d0dd8bfb0b0, 0, 176, 0x5d0dd8bfb0b0) = 1 <0.000495>
[pid 259] 14:55:43.689883 libssl.so.3->EVP_PKEY_keygen(0x5d0dd8bfb0b0, 0x7fffe4fb2ea0, 0, 103) = 1 <0.000464>
[pid 259] 14:55:43.693313 libssl.so.3->EVP_PKEY_derive_init(0x5d0dd8bfb0b0, 0, 176, 0x5d0dd8bfb0b0) = 1 <0.000549>
[pid 259] 14:55:43.694033 libssl.so.3->EVP_PKEY_derive_set_peer(0x5d0dd8bfb0b0, 0x5d0dd8bf7cb0, 0, 0x5d0dd8bf9e40) = 1 <0.000341>
[pid 259] 14:55:43.694444 libssl.so.3->EVP_PKEY_derive(0x5d0dd8bfb0b0, 0, 0x7fffe4fb2e60, 0) = 1 <0.000189>
[pid 259] 14:55:43.694693 libssl.so.3->EVP_PKEY_derive(0x5d0dd8bfb0b0, 0x5d0dd8bf9af0, 0x7fffe4fb2e60, 5) = 1 <0.000261>
[pid 259] 14:55:43.696226 libssl.so.3->X509_verify_cert(0x5d0dd8bf2410, 0, 0x8000, 0xffffffff) = 1 <0.000910>
[pid 259] 14:55:43.697595 libssl.so.3->EVP_DigestVerifyInit_ex(0x5d0dd8b1f810, 0x7fffe4fb2f08, 0, 0) = 1 <0.000330>
[pid 259] 14:55:43.698065 libssl.so.3->EVP_DigestVerify(0x5d0dd8b1f810, 0x5d0dd8bfd278, 2420, 0x7fffe4fb2f10) = 1 <0.000304>
[pid 259] 14:55:43.698867 libssl.so.3->X509_verify_cert(0x5d0dd8bf2410, 1, 1, 0) = 1 <0.000361>
[pid 259] 14:55:43.699811 libssl.so.3->EVP_DigestSignInit_ex(0x5d0dd8c11260, 0x7fffe4fb2ef0, 0, 0) = 1 <0.000244>
[pid 259] 14:55:43.700118 libssl.so.3->EVP_DigestSign(0x5d0dd8c11260, 0, 0x7fffe4fb2f00, 0x7fffe4fb2f10) = 1 <0.000184>
[pid 259] 14:55:43.700420 libssl.so.3->EVP_DigestSign(0x5d0dd8c11260, 0x5d0dd8c113f0, 0x7fffe4fb2f00, 0x7fffe4fb2f10) = 1 <0.000603>
[pid 259] 14:55:43.701747 <... SSL_connect resumed> ) = 1 <0.013305>
Handshake duration: 13.71 ms
[pid 259] 14:55:43.705911 +++ exited (status 0) +++
Execution 31 - TLS Mutual
s_connection: verify depth is 1
[pid 261] 14:55:43.772727 openssl->SSL_connect(0x575580f3f530, 0x575580f1ae50, 0x575580f1ae50, 0x7fa36da5d360 <unfinished ...>
[pid 261] 14:55:43.773255 libssl.so.3->EVP_PKEY_keygen_init(0x575580f480b0, 0, 176, 0x575580f480b0) = 1 <0.000266>
[pid 261] 14:55:43.773599 libssl.so.3->EVP_PKEY_keygen(0x575580f480b0, 0x7ffca85b9a60, 0, 103) = 1 <0.000335>
[pid 261] 14:55:43.775433 libssl.so.3->EVP_PKEY_derive_init(0x575580f480b0, 0, 176, 0x575580f480b0) = 1 <0.000172>
[pid 261] 14:55:43.775653 libssl.so.3->EVP_PKEY_derive_set_peer(0x575580f480b0, 0x575580f44cb0, 0, 0x575580f46e40) = 1 <0.000138>
[pid 261] 14:55:43.775835 libssl.so.3->EVP_PKEY_derive(0x575580f480b0, 0, 0x7ffca85b9a20, 0) = 1 <0.000103>
[pid 261] 14:55:43.776017 libssl.so.3->EVP_PKEY_derive(0x575580f480b0, 0x575580f46af0, 0x7ffca85b9a20, 5) = 1 <0.000153>
[pid 261] 14:55:43.776916 libssl.so.3->X509_verify_cert(0x575580f3f410, 0, 0x8000, 0xffffffff) = 1 <0.000496>
[pid 261] 14:55:43.777615 libssl.so.3->EVP_DigestVerifyInit_ex(0x575580e6c810, 0x7ffca85b9ac8, 0, 0) = 1 <0.000133>
[pid 261] 14:55:43.777790 libssl.so.3->EVP_DigestVerify(0x575580e6c810, 0x575580f4a278, 2420, 0x7ffca85b9ad0) = 1 <0.000158>
[pid 261] 14:55:43.778168 libssl.so.3->X509_verify_cert(0x575580f3f410, 1, 1, 0) = 1 <0.000271>
[pid 261] 14:55:43.778882 libssl.so.3->EVP_DigestSignInit_ex(0x575580f5e260, 0x7ffca85b9ab0, 0, 0) = 1 <0.000190>
[pid 261] 14:55:43.779116 libssl.so.3->EVP_DigestSign(0x575580f5e260, 0, 0x7ffca85b9ac0, 0x7ffca85b9ad0) = 1 <0.000123>
[pid 261] 14:55:43.779277 libssl.so.3->EVP_DigestSign(0x575580f5e260, 0x575580f5e3f0, 0x7ffca85b9ac0, 0x7ffca85b9ad0) = 1 <0.000297>
[pid 261] 14:55:43.779870 <... SSL_connect resumed> ) = 1 <0.007140>
Handshake duration: 7.38 ms
[pid 261] 14:55:43.781952 +++ exited (status 0) +++
Execution 32 - TLS Mutual
s_connection: verify depth is 1
[pid 263] 14:55:43.837039 openssl->SSL_connect(0x5cbdb53c0530, 0x5cbdb539be50, 0x5cbdb539be50, 0x7d2a9f502360 <unfinished ...>
[pid 263] 14:55:43.837476 libssl.so.3->EVP_PKEY_keygen_init(0x5cbdb53c90b0, 0, 176, 0x5cbdb53c90b0) = 1 <0.000149>
[pid 263] 14:55:43.837676 libssl.so.3->EVP_PKEY_keygen(0x5cbdb53c90b0, 0x7fff1825abd0, 0, 103) = 1 <0.000208>
[pid 263] 14:55:43.839238 libssl.so.3->EVP_PKEY_derive_init(0x5cbdb53c90b0, 0, 176, 0x5cbdb53c90b0) = 1 <0.000138>
[pid 263] 14:55:43.839420 libssl.so.3->EVP_PKEY_derive_set_peer(0x5cbdb53c90b0, 0x5cbdb53c5cb0, 0, 0x5cbdb53c7e40) = 1 <0.000122>
[pid 263] 14:55:43.839588 libssl.so.3->EVP_PKEY_derive(0x5cbdb53c90b0, 0, 0x7fff1825ab90, 0) = 1 <0.000134>
[pid 263] 14:55:43.839771 libssl.so.3->EVP_PKEY_derive(0x5cbdb53c90b0, 0x5cbdb53c7af0, 0x7fff1825ab90, 5) = 1 <0.000169>
[pid 263] 14:55:43.840647 libssl.so.3->X509_verify_cert(0x5cbdb53c0410, 0, 0x8000, 0xffffffff) = 1 <0.000460>
[pid 263] 14:55:43.841298 libssl.so.3->EVP_DigestVerifyInit_ex(0x5cbdb52ed810, 0x7fff1825ac38, 0, 0) = 1 <0.000126>
[pid 263] 14:55:43.841475 libssl.so.3->EVP_DigestVerify(0x5cbdb52ed810, 0x5cbdb53cb278, 2420, 0x7fff1825ac40) = 1 <0.000194>
[pid 263] 14:55:43.841981 libssl.so.3->X509_verify_cert(0x5cbdb53c0410, 1, 1, 0) = 1 <0.000336>
[pid 263] 14:55:43.842618 libssl.so.3->EVP_DigestSignInit_ex(0x5cbdb53df260, 0x7fff1825ac20, 0, 0) = 1 <0.000226>
[pid 263] 14:55:43.842936 libssl.so.3->EVP_DigestSign(0x5cbdb53df260, 0, 0x7fff1825ac30, 0x7fff1825ac40) = 1 <0.000156>
[pid 263] 14:55:43.843163 libssl.so.3->EVP_DigestSign(0x5cbdb53df260, 0x5cbdb53df3f0, 0x7fff1825ac30, 0x7fff1825ac40) = 1 <0.000350>
[pid 263] 14:55:43.843813 <... SSL_connect resumed> ) = 1 <0.006779>
Handshake duration: 6.98 ms
[pid 263] 14:55:43.846075 +++ exited (status 0) +++
Execution 33 - TLS Mutual
s_connection: verify depth is 1
[pid 265] 14:55:43.901988 openssl->SSL_connect(0x5ac7b8db0530, 0x5ac7b8d8be50, 0x5ac7b8d8be50, 0x79a9379fb360 <unfinished ...>
[pid 265] 14:55:43.902469 libssl.so.3->EVP_PKEY_keygen_init(0x5ac7b8db90b0, 0, 176, 0x5ac7b8db90b0) = 1 <0.000188>
[pid 265] 14:55:43.902714 libssl.so.3->EVP_PKEY_keygen(0x5ac7b8db90b0, 0x7ffc5eaee1f0, 0, 103) = 1 <0.000248>
[pid 265] 14:55:43.904428 libssl.so.3->EVP_PKEY_derive_init(0x5ac7b8db90b0, 0, 176, 0x5ac7b8db90b0) = 1 <0.000223>
[pid 265] 14:55:43.904701 libssl.so.3->EVP_PKEY_derive_set_peer(0x5ac7b8db90b0, 0x5ac7b8db5cb0, 0, 0x5ac7b8db7e40) = 1 <0.000144>
[pid 265] 14:55:43.904887 libssl.so.3->EVP_PKEY_derive(0x5ac7b8db90b0, 0, 0x7ffc5eaee1b0, 0) = 1 <0.000130>
[pid 265] 14:55:43.905069 libssl.so.3->EVP_PKEY_derive(0x5ac7b8db90b0, 0x5ac7b8db7af0, 0x7ffc5eaee1b0, 5) = 1 <0.000174>
[pid 265] 14:55:43.905961 libssl.so.3->X509_verify_cert(0x5ac7b8db0410, 0, 0x8000, 0xffffffff) = 1 <0.000508>
[pid 265] 14:55:43.906710 libssl.so.3->EVP_DigestVerifyInit_ex(0x5ac7b8cdd810, 0x7ffc5eaee258, 0, 0) = 1 <0.000169>
[pid 265] 14:55:43.906940 libssl.so.3->EVP_DigestVerify(0x5ac7b8cdd810, 0x5ac7b8dbb278, 2420, 0x7ffc5eaee260) = 1 <0.000218>
[pid 265] 14:55:43.907388 libssl.so.3->X509_verify_cert(0x5ac7b8db0410, 1, 1, 0) = 1 <0.000241>
[pid 265] 14:55:43.907860 libssl.so.3->EVP_DigestSignInit_ex(0x5ac7b8dcf260, 0x7ffc5eaee240, 0, 0) = 1 <0.000156>
[pid 265] 14:55:43.908066 libssl.so.3->EVP_DigestSign(0x5ac7b8dcf260, 0, 0x7ffc5eaee250, 0x7ffc5eaee260) = 1 <0.000130>
[pid 265] 14:55:43.908247 libssl.so.3->EVP_DigestSign(0x5ac7b8dcf260, 0x5ac7b8dcf3f0, 0x7ffc5eaee250, 0x7ffc5eaee260) = 1 <0.000254>
[pid 265] 14:55:43.908751 <... SSL_connect resumed> ) = 1 <0.006772>
Handshake duration: 6.95 ms
[pid 265] 14:55:43.910853 +++ exited (status 0) +++
Execution 34 - TLS Mutual
s_connection: verify depth is 1
[pid 267] 14:55:43.967053 openssl->SSL_connect(0x5b8b7630f530, 0x5b8b762eae50, 0x5b8b762eae50, 0x75376d41a360 <unfinished ...>
[pid 267] 14:55:43.967530 libssl.so.3->EVP_PKEY_keygen_init(0x5b8b763180b0, 0, 176, 0x5b8b763180b0) = 1 <0.000202>
[pid 267] 14:55:43.967802 libssl.so.3->EVP_PKEY_keygen(0x5b8b763180b0, 0x7ffc6ae8e9c0, 0, 103) = 1 <0.000275>
[pid 267] 14:55:43.969493 libssl.so.3->EVP_PKEY_derive_init(0x5b8b763180b0, 0, 176, 0x5b8b763180b0) = 1 <0.000171>
[pid 267] 14:55:43.969708 libssl.so.3->EVP_PKEY_derive_set_peer(0x5b8b763180b0, 0x5b8b76314cb0, 0, 0x5b8b76316e40) = 1 <0.000112>
[pid 267] 14:55:43.969873 libssl.so.3->EVP_PKEY_derive(0x5b8b763180b0, 0, 0x7ffc6ae8e980, 0) = 1 <0.000163>
[pid 267] 14:55:43.970105 libssl.so.3->EVP_PKEY_derive(0x5b8b763180b0, 0x5b8b76316af0, 0x7ffc6ae8e980, 5) = 1 <0.000224>
[pid 267] 14:55:43.971023 libssl.so.3->X509_verify_cert(0x5b8b7630f410, 0, 0x8000, 0xffffffff) = 1 <0.000478>
[pid 267] 14:55:43.971699 libssl.so.3->EVP_DigestVerifyInit_ex(0x5b8b7623c810, 0x7ffc6ae8ea28, 0, 0) = 1 <0.000135>
[pid 267] 14:55:43.971900 libssl.so.3->EVP_DigestVerify(0x5b8b7623c810, 0x5b8b7631a278, 2420, 0x7ffc6ae8ea30) = 1 <0.000198>
[pid 267] 14:55:43.972344 libssl.so.3->X509_verify_cert(0x5b8b7630f410, 1, 1, 0) = 1 <0.000214>
[pid 267] 14:55:43.972806 libssl.so.3->EVP_DigestSignInit_ex(0x5b8b7632e260, 0x7ffc6ae8ea10, 0, 0) = 1 <0.000129>
[pid 267] 14:55:43.972981 libssl.so.3->EVP_DigestSign(0x5b8b7632e260, 0, 0x7ffc6ae8ea20, 0x7ffc6ae8ea30) = 1 <0.000125>
[pid 267] 14:55:43.973151 libssl.so.3->EVP_DigestSign(0x5b8b7632e260, 0x5b8b7632e3f0, 0x7ffc6ae8ea20, 0x7ffc6ae8ea30) = 1 <0.000324>
[pid 267] 14:55:43.973755 <... SSL_connect resumed> ) = 1 <0.006713>
Handshake duration: 6.89 ms
[pid 267] 14:55:43.975832 +++ exited (status 0) +++
Execution 35 - TLS Mutual
s_connection: verify depth is 1
[pid 269] 14:55:44.031003 openssl->SSL_connect(0x5ee99cdf2530, 0x5ee99cdcde50, 0x5ee99cdcde50, 0x7469c7cf0360 <unfinished ...>
[pid 269] 14:55:44.031408 libssl.so.3->EVP_PKEY_keygen_init(0x5ee99cdfb0b0, 0, 176, 0x5ee99cdfb0b0) = 1 <0.000187>
[pid 269] 14:55:44.031684 libssl.so.3->EVP_PKEY_keygen(0x5ee99cdfb0b0, 0x7ffd1a7da260, 0, 103) = 1 <0.000256>
[pid 269] 14:55:44.033289 libssl.so.3->EVP_PKEY_derive_init(0x5ee99cdfb0b0, 0, 176, 0x5ee99cdfb0b0) = 1 <0.000150>
[pid 269] 14:55:44.033484 libssl.so.3->EVP_PKEY_derive_set_peer(0x5ee99cdfb0b0, 0x5ee99cdf7cb0, 0, 0x5ee99cdf9e40) = 1 <0.000149>
[pid 269] 14:55:44.033684 libssl.so.3->EVP_PKEY_derive(0x5ee99cdfb0b0, 0, 0x7ffd1a7da220, 0) = 1 <0.000151>
[pid 269] 14:55:44.033896 libssl.so.3->EVP_PKEY_derive(0x5ee99cdfb0b0, 0x5ee99cdf9af0, 0x7ffd1a7da220, 5) = 1 <0.000207>
[pid 269] 14:55:44.034793 libssl.so.3->X509_verify_cert(0x5ee99cdf2410, 0, 0x8000, 0xffffffff) = 1 <0.000503>
[pid 269] 14:55:44.035498 libssl.so.3->EVP_DigestVerifyInit_ex(0x5ee99cd1f810, 0x7ffd1a7da2c8, 0, 0) = 1 <0.000145>
[pid 269] 14:55:44.035690 libssl.so.3->EVP_DigestVerify(0x5ee99cd1f810, 0x5ee99cdfd278, 2420, 0x7ffd1a7da2d0) = 1 <0.000156>
[pid 269] 14:55:44.036068 libssl.so.3->X509_verify_cert(0x5ee99cdf2410, 1, 1, 0) = 1 <0.000193>
[pid 269] 14:55:44.036476 libssl.so.3->EVP_DigestSignInit_ex(0x5ee99ce11260, 0x7ffd1a7da2b0, 0, 0) = 1 <0.000145>
[pid 269] 14:55:44.036661 libssl.so.3->EVP_DigestSign(0x5ee99ce11260, 0, 0x7ffd1a7da2c0, 0x7ffd1a7da2d0) = 1 <0.000119>
[pid 269] 14:55:44.036827 libssl.so.3->EVP_DigestSign(0x5ee99ce11260, 0x5ee99ce113f0, 0x7ffd1a7da2c0, 0x7ffd1a7da2d0) = 1 <0.000348>
[pid 269] 14:55:44.037403 <... SSL_connect resumed> ) = 1 <0.006407>
Handshake duration: 6.59 ms
[pid 269] 14:55:44.039541 +++ exited (status 0) +++
Execution 36 - TLS Mutual
s_connection: verify depth is 1
[pid 271] 14:55:44.095837 openssl->SSL_connect(0x56fa73d96530, 0x56fa73d71e50, 0x56fa73d71e50, 0x7356345b6360 <unfinished ...>
[pid 271] 14:55:44.096323 libssl.so.3->EVP_PKEY_keygen_init(0x56fa73d9f0b0, 0, 176, 0x56fa73d9f0b0) = 1 <0.000263>
[pid 271] 14:55:44.096660 libssl.so.3->EVP_PKEY_keygen(0x56fa73d9f0b0, 0x7fff012345a0, 0, 103) = 1 <0.000233>
[pid 271] 14:55:44.098331 libssl.so.3->EVP_PKEY_derive_init(0x56fa73d9f0b0, 0, 176, 0x56fa73d9f0b0) = 1 <0.000217>
[pid 271] 14:55:44.098624 libssl.so.3->EVP_PKEY_derive_set_peer(0x56fa73d9f0b0, 0x56fa73d9bcb0, 0, 0x56fa73d9de40) = 1 <0.000162>
[pid 271] 14:55:44.098835 libssl.so.3->EVP_PKEY_derive(0x56fa73d9f0b0, 0, 0x7fff01234560, 0) = 1 <0.000132>
[pid 271] 14:55:44.099019 libssl.so.3->EVP_PKEY_derive(0x56fa73d9f0b0, 0x56fa73d9daf0, 0x7fff01234560, 5) = 1 <0.000177>
[pid 271] 14:55:44.099894 libssl.so.3->X509_verify_cert(0x56fa73d96410, 0, 0x8000, 0xffffffff) = 1 <0.000481>
[pid 271] 14:55:44.100596 libssl.so.3->EVP_DigestVerifyInit_ex(0x56fa73cc3810, 0x7fff01234608, 0, 0) = 1 <0.000161>
[pid 271] 14:55:44.100810 libssl.so.3->EVP_DigestVerify(0x56fa73cc3810, 0x56fa73da1278, 2420, 0x7fff01234610) = 1 <0.000194>
[pid 271] 14:55:44.101216 libssl.so.3->X509_verify_cert(0x56fa73d96410, 1, 1, 0) = 1 <0.000207>
[pid 271] 14:55:44.101638 libssl.so.3->EVP_DigestSignInit_ex(0x56fa73db5260, 0x7fff012345f0, 0, 0) = 1 <0.000139>
[pid 271] 14:55:44.101828 libssl.so.3->EVP_DigestSign(0x56fa73db5260, 0, 0x7fff01234600, 0x7fff01234610) = 1 <0.000130>
[pid 271] 14:55:44.102015 libssl.so.3->EVP_DigestSign(0x56fa73db5260, 0x56fa73db53f0, 0x7fff01234600, 0x7fff01234610) = 1 <0.000298>
[pid 271] 14:55:44.102603 <... SSL_connect resumed> ) = 1 <0.006774>
Handshake duration: 6.97 ms
[pid 271] 14:55:44.104729 +++ exited (status 0) +++
Execution 37 - TLS Mutual
s_connection: verify depth is 1
[pid 273] 14:55:44.163740 openssl->SSL_connect(0x5dd4154e6530, 0x5dd4154c1e50, 0x5dd4154c1e50, 0x758778c7b360 <unfinished ...>
[pid 273] 14:55:44.164196 libssl.so.3->EVP_PKEY_keygen_init(0x5dd4154ef0b0, 0, 176, 0x5dd4154ef0b0) = 1 <0.000184>
[pid 273] 14:55:44.164451 libssl.so.3->EVP_PKEY_keygen(0x5dd4154ef0b0, 0x7ffc9fc67350, 0, 103) = 1 <0.000273>
[pid 273] 14:55:44.166383 libssl.so.3->EVP_PKEY_derive_init(0x5dd4154ef0b0, 0, 176, 0x5dd4154ef0b0) = 1 <0.000242>
[pid 273] 14:55:44.166682 libssl.so.3->EVP_PKEY_derive_set_peer(0x5dd4154ef0b0, 0x5dd4154ebcb0, 0, 0x5dd4154ede40) = 1 <0.000124>
[pid 273] 14:55:44.166849 libssl.so.3->EVP_PKEY_derive(0x5dd4154ef0b0, 0, 0x7ffc9fc67310, 0) = 1 <0.000125>
[pid 273] 14:55:44.167040 libssl.so.3->EVP_PKEY_derive(0x5dd4154ef0b0, 0x5dd4154edaf0, 0x7ffc9fc67310, 5) = 1 <0.000157>
[pid 273] 14:55:44.167895 libssl.so.3->X509_verify_cert(0x5dd4154e6410, 0, 0x8000, 0xffffffff) = 1 <0.000452>
[pid 273] 14:55:44.168577 libssl.so.3->EVP_DigestVerifyInit_ex(0x5dd415413810, 0x7ffc9fc673b8, 0, 0) = 1 <0.000155>
[pid 273] 14:55:44.168783 libssl.so.3->EVP_DigestVerify(0x5dd415413810, 0x5dd4154f1278, 2420, 0x7ffc9fc673c0) = 1 <0.000217>
[pid 273] 14:55:44.169263 libssl.so.3->X509_verify_cert(0x5dd4154e6410, 1, 1, 0) = 1 <0.000216>
[pid 273] 14:55:44.169706 libssl.so.3->EVP_DigestSignInit_ex(0x5dd415505260, 0x7ffc9fc673a0, 0, 0) = 1 <0.000172>
[pid 273] 14:55:44.169939 libssl.so.3->EVP_DigestSign(0x5dd415505260, 0, 0x7ffc9fc673b0, 0x7ffc9fc673c0) = 1 <0.000184>
[pid 273] 14:55:44.170189 libssl.so.3->EVP_DigestSign(0x5dd415505260, 0x5dd4155053f0, 0x7ffc9fc673b0, 0x7ffc9fc673c0) = 1 <0.000307>
[pid 273] 14:55:44.170778 <... SSL_connect resumed> ) = 1 <0.007056>
Handshake duration: 7.25 ms
[pid 273] 14:55:44.173041 +++ exited (status 0) +++
Execution 38 - TLS Mutual
s_connection: verify depth is 1
[pid 275] 14:55:44.232065 openssl->SSL_connect(0x5627b66bf530, 0x5627b669ae50, 0x5627b669ae50, 0x701ca474f360 <unfinished ...>
[pid 275] 14:55:44.232545 libssl.so.3->EVP_PKEY_keygen_init(0x5627b66c80b0, 0, 176, 0x5627b66c80b0) = 1 <0.000251>
[pid 275] 14:55:44.232860 libssl.so.3->EVP_PKEY_keygen(0x5627b66c80b0, 0x7ffd783bc320, 0, 103) = 1 <0.000222>
[pid 275] 14:55:44.234595 libssl.so.3->EVP_PKEY_derive_init(0x5627b66c80b0, 0, 176, 0x5627b66c80b0) = 1 <0.000174>
[pid 275] 14:55:44.234843 libssl.so.3->EVP_PKEY_derive_set_peer(0x5627b66c80b0, 0x5627b66c4cb0, 0, 0x5627b66c6e40) = 1 <0.000173>
[pid 275] 14:55:44.235068 libssl.so.3->EVP_PKEY_derive(0x5627b66c80b0, 0, 0x7ffd783bc2e0, 0) = 1 <0.000130>
[pid 275] 14:55:44.235241 libssl.so.3->EVP_PKEY_derive(0x5627b66c80b0, 0x5627b66c6af0, 0x7ffd783bc2e0, 5) = 1 <0.000167>
[pid 275] 14:55:44.236279 libssl.so.3->X509_verify_cert(0x5627b66bf410, 0, 0x8000, 0xffffffff) = 1 <0.000547>
[pid 275] 14:55:44.237035 libssl.so.3->EVP_DigestVerifyInit_ex(0x5627b65ec810, 0x7ffd783bc388, 0, 0) = 1 <0.000128>
[pid 275] 14:55:44.237212 libssl.so.3->EVP_DigestVerify(0x5627b65ec810, 0x5627b66ca278, 2420, 0x7ffd783bc390) = 1 <0.000158>
[pid 275] 14:55:44.237621 libssl.so.3->X509_verify_cert(0x5627b66bf410, 1, 1, 0) = 1 <0.000228>
[pid 275] 14:55:44.238070 libssl.so.3->EVP_DigestSignInit_ex(0x5627b66de260, 0x7ffd783bc370, 0, 0) = 1 <0.000141>
[pid 275] 14:55:44.238257 libssl.so.3->EVP_DigestSign(0x5627b66de260, 0, 0x7ffd783bc380, 0x7ffd783bc390) = 1 <0.000125>
[pid 275] 14:55:44.238436 libssl.so.3->EVP_DigestSign(0x5627b66de260, 0x5627b66de3f0, 0x7ffd783bc380, 0x7ffd783bc390) = 1 <0.000350>
[pid 275] 14:55:44.239037 <... SSL_connect resumed> ) = 1 <0.006989>
Handshake duration: 7.16 ms
[pid 275] 14:55:44.241419 +++ exited (status 0) +++
Execution 39 - TLS Mutual
s_connection: verify depth is 1
[pid 277] 14:55:44.299006 openssl->SSL_connect(0x62ed8a6ed530, 0x62ed8a6c8e50, 0x62ed8a6c8e50, 0x7730787f7360 <unfinished ...>
[pid 277] 14:55:44.299474 libssl.so.3->EVP_PKEY_keygen_init(0x62ed8a6f60b0, 0, 176, 0x62ed8a6f60b0) = 1 <0.000216>
[pid 277] 14:55:44.299747 libssl.so.3->EVP_PKEY_keygen(0x62ed8a6f60b0, 0x7ffdc0c3a4c0, 0, 103) = 1 <0.000242>
[pid 277] 14:55:44.301441 libssl.so.3->EVP_PKEY_derive_init(0x62ed8a6f60b0, 0, 176, 0x62ed8a6f60b0) = 1 <0.000187>
[pid 277] 14:55:44.301687 libssl.so.3->EVP_PKEY_derive_set_peer(0x62ed8a6f60b0, 0x62ed8a6f2cb0, 0, 0x62ed8a6f4e40) = 1 <0.000139>
[pid 277] 14:55:44.301871 libssl.so.3->EVP_PKEY_derive(0x62ed8a6f60b0, 0, 0x7ffdc0c3a480, 0) = 1 <0.000115>
[pid 277] 14:55:44.302030 libssl.so.3->EVP_PKEY_derive(0x62ed8a6f60b0, 0x62ed8a6f4af0, 0x7ffdc0c3a480, 5) = 1 <0.000180>
[pid 277] 14:55:44.302927 libssl.so.3->X509_verify_cert(0x62ed8a6ed410, 0, 0x8000, 0xffffffff) = 1 <0.000450>
[pid 277] 14:55:44.303561 libssl.so.3->EVP_DigestVerifyInit_ex(0x62ed8a61a810, 0x7ffdc0c3a528, 0, 0) = 1 <0.000155>
[pid 277] 14:55:44.303757 libssl.so.3->EVP_DigestVerify(0x62ed8a61a810, 0x62ed8a6f8278, 2420, 0x7ffdc0c3a530) = 1 <0.000161>
[pid 277] 14:55:44.304142 libssl.so.3->X509_verify_cert(0x62ed8a6ed410, 1, 1, 0) = 1 <0.000193>
[pid 277] 14:55:44.304525 libssl.so.3->EVP_DigestSignInit_ex(0x62ed8a70c260, 0x7ffdc0c3a510, 0, 0) = 1 <0.000137>
[pid 277] 14:55:44.304714 libssl.so.3->EVP_DigestSign(0x62ed8a70c260, 0, 0x7ffdc0c3a520, 0x7ffdc0c3a530) = 1 <0.000117>
[pid 277] 14:55:44.304874 libssl.so.3->EVP_DigestSign(0x62ed8a70c260, 0x62ed8a70c3f0, 0x7ffdc0c3a520, 0x7ffdc0c3a530) = 1 <0.000290>
[pid 277] 14:55:44.305399 <... SSL_connect resumed> ) = 1 <0.006399>
Handshake duration: 6.61 ms
[pid 277] 14:55:44.307483 +++ exited (status 0) +++
Execution 40 - TLS Mutual
s_connection: verify depth is 1
[pid 279] 14:55:44.389431 openssl->SSL_connect(0x60fd70cc0530, 0x60fd70c9be50, 0x60fd70c9be50, 0x77dccea1d360 <unfinished ...>
[pid 279] 14:55:44.390024 libssl.so.3->EVP_PKEY_keygen_init(0x60fd70cc90b0, 0, 176, 0x60fd70cc90b0) = 1 <0.000248>
[pid 279] 14:55:44.390340 libssl.so.3->EVP_PKEY_keygen(0x60fd70cc90b0, 0x7ffc512e5230, 0, 103) = 1 <0.000272>
[pid 279] 14:55:44.392370 libssl.so.3->EVP_PKEY_derive_init(0x60fd70cc90b0, 0, 176, 0x60fd70cc90b0) = 1 <0.000185>
[pid 279] 14:55:44.392623 libssl.so.3->EVP_PKEY_derive_set_peer(0x60fd70cc90b0, 0x60fd70cc5cb0, 0, 0x60fd70cc7e40) = 1 <0.000125>
[pid 279] 14:55:44.392833 libssl.so.3->EVP_PKEY_derive(0x60fd70cc90b0, 0, 0x7ffc512e51f0, 0) = 1 <0.000177>
[pid 279] 14:55:44.393080 libssl.so.3->EVP_PKEY_derive(0x60fd70cc90b0, 0x60fd70cc7af0, 0x7ffc512e51f0, 5) = 1 <0.000198>
[pid 279] 14:55:44.394147 libssl.so.3->X509_verify_cert(0x60fd70cc0410, 0, 0x8000, 0xffffffff) = 1 <0.000553>
[pid 279] 14:55:44.395029 libssl.so.3->EVP_DigestVerifyInit_ex(0x60fd70bed810, 0x7ffc512e5298, 0, 0) = 1 <0.000199>
[pid 279] 14:55:44.395291 libssl.so.3->EVP_DigestVerify(0x60fd70bed810, 0x60fd70ccb278, 2420, 0x7ffc512e52a0) = 1 <0.000248>
[pid 279] 14:55:44.395799 libssl.so.3->X509_verify_cert(0x60fd70cc0410, 1, 1, 0) = 1 <0.000284>
[pid 279] 14:55:44.396346 libssl.so.3->EVP_DigestSignInit_ex(0x60fd70cdf260, 0x7ffc512e5280, 0, 0) = 1 <0.000157>
[pid 279] 14:55:44.396553 libssl.so.3->EVP_DigestSign(0x60fd70cdf260, 0, 0x7ffc512e5290, 0x7ffc512e52a0) = 1 <0.000131>
[pid 279] 14:55:44.396749 libssl.so.3->EVP_DigestSign(0x60fd70cdf260, 0x60fd70cdf3f0, 0x7ffc512e5290, 0x7ffc512e52a0) = 1 <0.000312>
[pid 279] 14:55:44.397318 <... SSL_connect resumed> ) = 1 <0.007900>
Handshake duration: 8.10 ms
[pid 279] 14:55:44.399798 +++ exited (status 0) +++
Execution 41 - TLS Mutual
s_connection: verify depth is 1
[pid 281] 14:55:44.457308 openssl->SSL_connect(0x561aaa4bf530, 0x561aaa49ae50, 0x561aaa49ae50, 0x704ef6fa2360 <unfinished ...>
[pid 281] 14:55:44.457864 libssl.so.3->EVP_PKEY_keygen_init(0x561aaa4c80b0, 0, 176, 0x561aaa4c80b0) = 1 <0.000163>
[pid 281] 14:55:44.458081 libssl.so.3->EVP_PKEY_keygen(0x561aaa4c80b0, 0x7ffc0f6cb430, 0, 103) = 1 <0.000216>
[pid 281] 14:55:44.459860 libssl.so.3->EVP_PKEY_derive_init(0x561aaa4c80b0, 0, 176, 0x561aaa4c80b0) = 1 <0.000210>
[pid 281] 14:55:44.460141 libssl.so.3->EVP_PKEY_derive_set_peer(0x561aaa4c80b0, 0x561aaa4c4cb0, 0, 0x561aaa4c6e40) = 1 <0.000120>
[pid 281] 14:55:44.460336 libssl.so.3->EVP_PKEY_derive(0x561aaa4c80b0, 0, 0x7ffc0f6cb3f0, 0) = 1 <0.000181>
[pid 281] 14:55:44.460575 libssl.so.3->EVP_PKEY_derive(0x561aaa4c80b0, 0x561aaa4c6af0, 0x7ffc0f6cb3f0, 5) = 1 <0.000168>
[pid 281] 14:55:44.461441 libssl.so.3->X509_verify_cert(0x561aaa4bf410, 0, 0x8000, 0xffffffff) = 1 <0.000456>
[pid 281] 14:55:44.462093 libssl.so.3->EVP_DigestVerifyInit_ex(0x561aaa3ec810, 0x7ffc0f6cb498, 0, 0) = 1 <0.000137>
[pid 281] 14:55:44.462281 libssl.so.3->EVP_DigestVerify(0x561aaa3ec810, 0x561aaa4ca278, 2420, 0x7ffc0f6cb4a0) = 1 <0.000167>
[pid 281] 14:55:44.462680 libssl.so.3->X509_verify_cert(0x561aaa4bf410, 1, 1, 0) = 1 <0.000197>
[pid 281] 14:55:44.463094 libssl.so.3->EVP_DigestSignInit_ex(0x561aaa4de260, 0x7ffc0f6cb480, 0, 0) = 1 <0.000122>
[pid 281] 14:55:44.463261 libssl.so.3->EVP_DigestSign(0x561aaa4de260, 0, 0x7ffc0f6cb490, 0x7ffc0f6cb4a0) = 1 <0.000120>
[pid 281] 14:55:44.463440 libssl.so.3->EVP_DigestSign(0x561aaa4de260, 0x561aaa4de3f0, 0x7ffc0f6cb490, 0x7ffc0f6cb4a0) = 1 <0.000397>
[pid 281] 14:55:44.464129 <... SSL_connect resumed> ) = 1 <0.006826>
Handshake duration: 7.02 ms
[pid 281] 14:55:44.466409 +++ exited (status 0) +++
Execution 42 - TLS Mutual
s_connection: verify depth is 1
[pid 283] 14:55:44.523746 openssl->SSL_connect(0x61a3507cb530, 0x61a3507a6e50, 0x61a3507a6e50, 0x7190dbe0c360 <unfinished ...>
[pid 283] 14:55:44.524410 libssl.so.3->EVP_PKEY_keygen_init(0x61a3507d40b0, 0, 176, 0x61a3507d40b0) = 1 <0.000223>
[pid 283] 14:55:44.524684 libssl.so.3->EVP_PKEY_keygen(0x61a3507d40b0, 0x7ffebc88da70, 0, 103) = 1 <0.000234>
[pid 283] 14:55:44.526369 libssl.so.3->EVP_PKEY_derive_init(0x61a3507d40b0, 0, 176, 0x61a3507d40b0) = 1 <0.000185>
[pid 283] 14:55:44.526607 libssl.so.3->EVP_PKEY_derive_set_peer(0x61a3507d40b0, 0x61a3507d0cb0, 0, 0x61a3507d2e40) = 1 <0.000118>
[pid 283] 14:55:44.526767 libssl.so.3->EVP_PKEY_derive(0x61a3507d40b0, 0, 0x7ffebc88da30, 0) = 1 <0.000113>
[pid 283] 14:55:44.526936 libssl.so.3->EVP_PKEY_derive(0x61a3507d40b0, 0x61a3507d2af0, 0x7ffebc88da30, 5) = 1 <0.000160>
[pid 283] 14:55:44.527829 libssl.so.3->X509_verify_cert(0x61a3507cb410, 0, 0x8000, 0xffffffff) = 1 <0.000503>
[pid 283] 14:55:44.528528 libssl.so.3->EVP_DigestVerifyInit_ex(0x61a3506f8810, 0x7ffebc88dad8, 0, 0) = 1 <0.000160>
[pid 283] 14:55:44.528736 libssl.so.3->EVP_DigestVerify(0x61a3506f8810, 0x61a3507d6278, 2420, 0x7ffebc88dae0) = 1 <0.000179>
[pid 283] 14:55:44.529179 libssl.so.3->X509_verify_cert(0x61a3507cb410, 1, 1, 0) = 1 <0.000220>
[pid 283] 14:55:44.529650 libssl.so.3->EVP_DigestSignInit_ex(0x61a3507ea260, 0x7ffebc88dac0, 0, 0) = 1 <0.000138>
[pid 283] 14:55:44.529834 libssl.so.3->EVP_DigestSign(0x61a3507ea260, 0, 0x7ffebc88dad0, 0x7ffebc88dae0) = 1 <0.000115>
[pid 283] 14:55:44.530004 libssl.so.3->EVP_DigestSign(0x61a3507ea260, 0x61a3507ea3f0, 0x7ffebc88dad0, 0x7ffebc88dae0) = 1 <0.000362>
[pid 283] 14:55:44.530637 <... SSL_connect resumed> ) = 1 <0.006903>
Handshake duration: 7.08 ms
[pid 283] 14:55:44.532770 +++ exited (status 0) +++
Execution 43 - TLS Mutual
s_connection: verify depth is 1
[pid 285] 14:55:44.588090 openssl->SSL_connect(0x5b11eb407530, 0x5b11eb3e2e50, 0x5b11eb3e2e50, 0x71e334d77360 <unfinished ...>
[pid 285] 14:55:44.588615 libssl.so.3->EVP_PKEY_keygen_init(0x5b11eb4100b0, 0, 176, 0x5b11eb4100b0) = 1 <0.000196>
[pid 285] 14:55:44.588858 libssl.so.3->EVP_PKEY_keygen(0x5b11eb4100b0, 0x7ffe05e6d380, 0, 103) = 1 <0.000235>
[pid 285] 14:55:44.590481 libssl.so.3->EVP_PKEY_derive_init(0x5b11eb4100b0, 0, 176, 0x5b11eb4100b0) = 1 <0.000185>
[pid 285] 14:55:44.590712 libssl.so.3->EVP_PKEY_derive_set_peer(0x5b11eb4100b0, 0x5b11eb40ccb0, 0, 0x5b11eb40ee40) = 1 <0.000129>
[pid 285] 14:55:44.590888 libssl.so.3->EVP_PKEY_derive(0x5b11eb4100b0, 0, 0x7ffe05e6d340, 0) = 1 <0.000134>
[pid 285] 14:55:44.591068 libssl.so.3->EVP_PKEY_derive(0x5b11eb4100b0, 0x5b11eb40eaf0, 0x7ffe05e6d340, 5) = 1 <0.000160>
[pid 285] 14:55:44.591881 libssl.so.3->X509_verify_cert(0x5b11eb407410, 0, 0x8000, 0xffffffff) = 1 <0.000451>
[pid 285] 14:55:44.592532 libssl.so.3->EVP_DigestVerifyInit_ex(0x5b11eb334810, 0x7ffe05e6d3e8, 0, 0) = 1 <0.000176>
[pid 285] 14:55:44.592763 libssl.so.3->EVP_DigestVerify(0x5b11eb334810, 0x5b11eb412278, 2420, 0x7ffe05e6d3f0) = 1 <0.000205>
[pid 285] 14:55:44.593179 libssl.so.3->X509_verify_cert(0x5b11eb407410, 1, 1, 0) = 1 <0.000214>
[pid 285] 14:55:44.593610 libssl.so.3->EVP_DigestSignInit_ex(0x5b11eb426260, 0x7ffe05e6d3d0, 0, 0) = 1 <0.000151>
[pid 285] 14:55:44.593806 libssl.so.3->EVP_DigestSign(0x5b11eb426260, 0, 0x7ffe05e6d3e0, 0x7ffe05e6d3f0) = 1 <0.000123>
[pid 285] 14:55:44.593985 libssl.so.3->EVP_DigestSign(0x5b11eb426260, 0x5b11eb4263f0, 0x7ffe05e6d3e0, 0x7ffe05e6d3f0) = 1 <0.000344>
[pid 285] 14:55:44.594653 <... SSL_connect resumed> ) = 1 <0.006544>
Handshake duration: 6.90 ms
[pid 285] 14:55:44.597163 +++ exited (status 0) +++
Execution 44 - TLS Mutual
s_connection: verify depth is 1
[pid 287] 14:55:44.657992 openssl->SSL_connect(0x57bdd4257530, 0x57bdd4232e50, 0x57bdd4232e50, 0x7c12b62e6360 <unfinished ...>
[pid 287] 14:55:44.658579 libssl.so.3->EVP_PKEY_keygen_init(0x57bdd42600b0, 0, 176, 0x57bdd42600b0) = 1 <0.000279>
[pid 287] 14:55:44.658908 libssl.so.3->EVP_PKEY_keygen(0x57bdd42600b0, 0x7ffd35bc3d30, 0, 103) = 1 <0.000282>
[pid 287] 14:55:44.660742 libssl.so.3->EVP_PKEY_derive_init(0x57bdd42600b0, 0, 176, 0x57bdd42600b0) = 1 <0.000160>
[pid 287] 14:55:44.660968 libssl.so.3->EVP_PKEY_derive_set_peer(0x57bdd42600b0, 0x57bdd425ccb0, 0, 0x57bdd425ee40) = 1 <0.000150>
[pid 287] 14:55:44.661171 libssl.so.3->EVP_PKEY_derive(0x57bdd42600b0, 0, 0x7ffd35bc3cf0, 0) = 1 <0.000139>
[pid 287] 14:55:44.661361 libssl.so.3->EVP_PKEY_derive(0x57bdd42600b0, 0x57bdd425eaf0, 0x7ffd35bc3cf0, 5) = 1 <0.000183>
[pid 287] 14:55:44.662408 libssl.so.3->X509_verify_cert(0x57bdd4257410, 0, 0x8000, 0xffffffff) = 1 <0.000523>
[pid 287] 14:55:44.663373 libssl.so.3->EVP_DigestVerifyInit_ex(0x57bdd4184810, 0x7ffd35bc3d98, 0, 0) = 1 <0.000207>
[pid 287] 14:55:44.663630 libssl.so.3->EVP_DigestVerify(0x57bdd4184810, 0x57bdd4262278, 2420, 0x7ffd35bc3da0) = 1 <0.000182>
[pid 287] 14:55:44.664044 libssl.so.3->X509_verify_cert(0x57bdd4257410, 1, 1, 0) = 1 <0.000238>
[pid 287] 14:55:44.664537 libssl.so.3->EVP_DigestSignInit_ex(0x57bdd4276260, 0x7ffd35bc3d80, 0, 0) = 1 <0.000191>
[pid 287] 14:55:44.664783 libssl.so.3->EVP_DigestSign(0x57bdd4276260, 0, 0x7ffd35bc3d90, 0x7ffd35bc3da0) = 1 <0.000148>
[pid 287] 14:55:44.664986 libssl.so.3->EVP_DigestSign(0x57bdd4276260, 0x57bdd42763f0, 0x7ffd35bc3d90, 0x7ffd35bc3da0) = 1 <0.000317>
[pid 287] 14:55:44.665577 <... SSL_connect resumed> ) = 1 <0.007592>
Handshake duration: 7.80 ms
[pid 287] 14:55:44.667670 +++ exited (status 0) +++
Execution 45 - TLS Mutual
s_connection: verify depth is 1
[pid 289] 14:55:44.729418 openssl->SSL_connect(0x56d6c2063530, 0x56d6c203ee50, 0x56d6c203ee50, 0x73b67050d360 <unfinished ...>
[pid 289] 14:55:44.729994 libssl.so.3->EVP_PKEY_keygen_init(0x56d6c206c0b0, 0, 176, 0x56d6c206c0b0) = 1 <0.000142>
[pid 289] 14:55:44.730188 libssl.so.3->EVP_PKEY_keygen(0x56d6c206c0b0, 0x7ffeb3f87270, 0, 103) = 1 <0.000198>
[pid 289] 14:55:44.731909 libssl.so.3->EVP_PKEY_derive_init(0x56d6c206c0b0, 0, 176, 0x56d6c206c0b0) = 1 <0.000234>
[pid 289] 14:55:44.732197 libssl.so.3->EVP_PKEY_derive_set_peer(0x56d6c206c0b0, 0x56d6c2068cb0, 0, 0x56d6c206ae40) = 1 <0.000163>
[pid 289] 14:55:44.732407 libssl.so.3->EVP_PKEY_derive(0x56d6c206c0b0, 0, 0x7ffeb3f87230, 0) = 1 <0.000223>
[pid 289] 14:55:44.732712 libssl.so.3->EVP_PKEY_derive(0x56d6c206c0b0, 0x56d6c206aaf0, 0x7ffeb3f87230, 5) = 1 <0.000185>
[pid 289] 14:55:44.733609 libssl.so.3->X509_verify_cert(0x56d6c2063410, 0, 0x8000, 0xffffffff) = 1 <0.000525>
[pid 289] 14:55:44.734438 libssl.so.3->EVP_DigestVerifyInit_ex(0x56d6c1f90810, 0x7ffeb3f872d8, 0, 0) = 1 <0.000163>
[pid 289] 14:55:44.734642 libssl.so.3->EVP_DigestVerify(0x56d6c1f90810, 0x56d6c206e278, 2420, 0x7ffeb3f872e0) = 1 <0.000181>
[pid 289] 14:55:44.735034 libssl.so.3->X509_verify_cert(0x56d6c2063410, 1, 1, 0) = 1 <0.000201>
[pid 289] 14:55:44.735474 libssl.so.3->EVP_DigestSignInit_ex(0x56d6c2082260, 0x7ffeb3f872c0, 0, 0) = 1 <0.000192>
[pid 289] 14:55:44.735711 libssl.so.3->EVP_DigestSign(0x56d6c2082260, 0, 0x7ffeb3f872d0, 0x7ffeb3f872e0) = 1 <0.000125>
[pid 289] 14:55:44.735870 libssl.so.3->EVP_DigestSign(0x56d6c2082260, 0x56d6c20823f0, 0x7ffeb3f872d0, 0x7ffeb3f872e0) = 1 <0.000270>
[pid 289] 14:55:44.736392 <... SSL_connect resumed> ) = 1 <0.006989>
Handshake duration: 7.18 ms
[pid 289] 14:55:44.738551 +++ exited (status 0) +++
Execution 46 - TLS Mutual
s_connection: verify depth is 1
[pid 291] 14:55:44.796491 openssl->SSL_connect(0x62e89537e530, 0x62e895359e50, 0x62e895359e50, 0x75e706bc5360 <unfinished ...>
[pid 291] 14:55:44.796981 libssl.so.3->EVP_PKEY_keygen_init(0x62e8953870b0, 0, 176, 0x62e8953870b0) = 1 <0.000207>
[pid 291] 14:55:44.797268 libssl.so.3->EVP_PKEY_keygen(0x62e8953870b0, 0x7ffc6c3d3140, 0, 103) = 1 <0.000237>
[pid 291] 14:55:44.799134 libssl.so.3->EVP_PKEY_derive_init(0x62e8953870b0, 0, 176, 0x62e8953870b0) = 1 <0.000234>
[pid 291] 14:55:44.799439 libssl.so.3->EVP_PKEY_derive_set_peer(0x62e8953870b0, 0x62e895383cb0, 0, 0x62e895385e40) = 1 <0.000275>
[pid 291] 14:55:44.799855 libssl.so.3->EVP_PKEY_derive(0x62e8953870b0, 0, 0x7ffc6c3d3100, 0) = 1 <0.000210>
[pid 291] 14:55:44.800185 libssl.so.3->EVP_PKEY_derive(0x62e8953870b0, 0x62e895385af0, 0x7ffc6c3d3100, 5) = 1 <0.000229>
[pid 291] 14:55:44.801274 libssl.so.3->X509_verify_cert(0x62e89537e410, 0, 0x8000, 0xffffffff) = 1 <0.000556>
[pid 291] 14:55:44.802045 libssl.so.3->EVP_DigestVerifyInit_ex(0x62e8952ab810, 0x7ffc6c3d31a8, 0, 0) = 1 <0.000182>
[pid 291] 14:55:44.802288 libssl.so.3->EVP_DigestVerify(0x62e8952ab810, 0x62e895389278, 2420, 0x7ffc6c3d31b0) = 1 <0.000220>
[pid 291] 14:55:44.802815 libssl.so.3->X509_verify_cert(0x62e89537e410, 1, 1, 0) = 1 <0.000245>
[pid 291] 14:55:44.803336 libssl.so.3->EVP_DigestSignInit_ex(0x62e89539d260, 0x7ffc6c3d3190, 0, 0) = 1 <0.000152>
[pid 291] 14:55:44.803533 libssl.so.3->EVP_DigestSign(0x62e89539d260, 0, 0x7ffc6c3d31a0, 0x7ffc6c3d31b0) = 1 <0.000156>
[pid 291] 14:55:44.803734 libssl.so.3->EVP_DigestSign(0x62e89539d260, 0x62e89539d3f0, 0x7ffc6c3d31a0, 0x7ffc6c3d31b0) = 1 <0.000351>
[pid 291] 14:55:44.804408 <... SSL_connect resumed> ) = 1 <0.007923>
Handshake duration: 8.15 ms
[pid 291] 14:55:44.807155 +++ exited (status 0) +++
Execution 47 - TLS Mutual
s_connection: verify depth is 1
[pid 293] 14:55:44.864334 openssl->SSL_connect(0x570818395530, 0x570818370e50, 0x570818370e50, 0x714ce9808360 <unfinished ...>
[pid 293] 14:55:44.864891 libssl.so.3->EVP_PKEY_keygen_init(0x57081839e0b0, 0, 176, 0x57081839e0b0) = 1 <0.000199>
[pid 293] 14:55:44.865139 libssl.so.3->EVP_PKEY_keygen(0x57081839e0b0, 0x7ffe681b0270, 0, 103) = 1 <0.000245>
[pid 293] 14:55:44.866768 libssl.so.3->EVP_PKEY_derive_init(0x57081839e0b0, 0, 176, 0x57081839e0b0) = 1 <0.000143>
[pid 293] 14:55:44.866958 libssl.so.3->EVP_PKEY_derive_set_peer(0x57081839e0b0, 0x57081839acb0, 0, 0x57081839ce40) = 1 <0.000136>
[pid 293] 14:55:44.867137 libssl.so.3->EVP_PKEY_derive(0x57081839e0b0, 0, 0x7ffe681b0230, 0) = 1 <0.000112>
[pid 293] 14:55:44.867299 libssl.so.3->EVP_PKEY_derive(0x57081839e0b0, 0x57081839caf0, 0x7ffe681b0230, 5) = 1 <0.000149>
[pid 293] 14:55:44.868179 libssl.so.3->X509_verify_cert(0x570818395410, 0, 0x8000, 0xffffffff) = 1 <0.000541>
[pid 293] 14:55:44.868923 libssl.so.3->EVP_DigestVerifyInit_ex(0x5708182c2810, 0x7ffe681b02d8, 0, 0) = 1 <0.000149>
[pid 293] 14:55:44.869131 libssl.so.3->EVP_DigestVerify(0x5708182c2810, 0x5708183a0278, 2420, 0x7ffe681b02e0) = 1 <0.000186>
[pid 293] 14:55:44.869539 libssl.so.3->X509_verify_cert(0x570818395410, 1, 1, 0) = 1 <0.000202>
[pid 293] 14:55:44.869942 libssl.so.3->EVP_DigestSignInit_ex(0x5708183b4260, 0x7ffe681b02c0, 0, 0) = 1 <0.000125>
[pid 293] 14:55:44.870111 libssl.so.3->EVP_DigestSign(0x5708183b4260, 0, 0x7ffe681b02d0, 0x7ffe681b02e0) = 1 <0.000108>
[pid 293] 14:55:44.870260 libssl.so.3->EVP_DigestSign(0x5708183b4260, 0x5708183b43f0, 0x7ffe681b02d0, 0x7ffe681b02e0) = 1 <0.000254>
[pid 293] 14:55:44.870765 <... SSL_connect resumed> ) = 1 <0.006440>
Handshake duration: 6.62 ms
[pid 293] 14:55:44.872966 +++ exited (status 0) +++
Execution 48 - TLS Mutual
s_connection: verify depth is 1
[pid 295] 14:55:44.929762 openssl->SSL_connect(0x618c2c8a1530, 0x618c2c87ce50, 0x618c2c87ce50, 0x7a8826990360 <unfinished ...>
[pid 295] 14:55:44.930242 libssl.so.3->EVP_PKEY_keygen_init(0x618c2c8aa0b0, 0, 176, 0x618c2c8aa0b0) = 1 <0.000177>
[pid 295] 14:55:44.930495 libssl.so.3->EVP_PKEY_keygen(0x618c2c8aa0b0, 0x7ffc63e524e0, 0, 103) = 1 <0.000225>
[pid 295] 14:55:44.932196 libssl.so.3->EVP_PKEY_derive_init(0x618c2c8aa0b0, 0, 176, 0x618c2c8aa0b0) = 1 <0.000143>
[pid 295] 14:55:44.932384 libssl.so.3->EVP_PKEY_derive_set_peer(0x618c2c8aa0b0, 0x618c2c8a6cb0, 0, 0x618c2c8a8e40) = 1 <0.000142>
[pid 295] 14:55:44.932583 libssl.so.3->EVP_PKEY_derive(0x618c2c8aa0b0, 0, 0x7ffc63e524a0, 0) = 1 <0.000105>
[pid 295] 14:55:44.932731 libssl.so.3->EVP_PKEY_derive(0x618c2c8aa0b0, 0x618c2c8a8af0, 0x7ffc63e524a0, 5) = 1 <0.000155>
[pid 295] 14:55:44.933702 libssl.so.3->X509_verify_cert(0x618c2c8a1410, 0, 0x8000, 0xffffffff) = 1 <0.000546>
[pid 295] 14:55:44.934489 libssl.so.3->EVP_DigestVerifyInit_ex(0x618c2c7ce810, 0x7ffc63e52548, 0, 0) = 1 <0.000169>
[pid 295] 14:55:44.934694 libssl.so.3->EVP_DigestVerify(0x618c2c7ce810, 0x618c2c8ac278, 2420, 0x7ffc63e52550) = 1 <0.000193>
[pid 295] 14:55:44.935113 libssl.so.3->X509_verify_cert(0x618c2c8a1410, 1, 1, 0) = 1 <0.000184>
[pid 295] 14:55:44.935507 libssl.so.3->EVP_DigestSignInit_ex(0x618c2c8c0260, 0x7ffc63e52530, 0, 0) = 1 <0.000173>
[pid 295] 14:55:44.935728 libssl.so.3->EVP_DigestSign(0x618c2c8c0260, 0, 0x7ffc63e52540, 0x7ffc63e52550) = 1 <0.000128>
[pid 295] 14:55:44.935905 libssl.so.3->EVP_DigestSign(0x618c2c8c0260, 0x618c2c8c03f0, 0x7ffc63e52540, 0x7ffc63e52550) = 1 <0.000261>
[pid 295] 14:55:44.936434 <... SSL_connect resumed> ) = 1 <0.006676>
Handshake duration: 6.85 ms
[pid 295] 14:55:44.938628 +++ exited (status 0) +++
Execution 49 - TLS Mutual
s_connection: verify depth is 1
[pid 297] 14:55:44.995635 openssl->SSL_connect(0x5d9f74b70530, 0x5d9f74b4be50, 0x5d9f74b4be50, 0x71de63049360 <unfinished ...>
[pid 297] 14:55:44.996076 libssl.so.3->EVP_PKEY_keygen_init(0x5d9f74b790b0, 0, 176, 0x5d9f74b790b0) = 1 <0.000191>
[pid 297] 14:55:44.996314 libssl.so.3->EVP_PKEY_keygen(0x5d9f74b790b0, 0x7ffd280c24c0, 0, 103) = 1 <0.000291>
[pid 297] 14:55:44.998014 libssl.so.3->EVP_PKEY_derive_init(0x5d9f74b790b0, 0, 176, 0x5d9f74b790b0) = 1 <0.000194>
[pid 297] 14:55:44.998254 libssl.so.3->EVP_PKEY_derive_set_peer(0x5d9f74b790b0, 0x5d9f74b75cb0, 0, 0x5d9f74b77e40) = 1 <0.000113>
[pid 297] 14:55:44.998416 libssl.so.3->EVP_PKEY_derive(0x5d9f74b790b0, 0, 0x7ffd280c2480, 0) = 1 <0.000119>
[pid 297] 14:55:44.998608 libssl.so.3->EVP_PKEY_derive(0x5d9f74b790b0, 0x5d9f74b77af0, 0x7ffd280c2480, 5) = 1 <0.000149>
[pid 297] 14:55:44.999419 libssl.so.3->X509_verify_cert(0x5d9f74b70410, 0, 0x8000, 0xffffffff) = 1 <0.000479>
[pid 297] 14:55:45.000083 libssl.so.3->EVP_DigestVerifyInit_ex(0x5d9f74a9d810, 0x7ffd280c2528, 0, 0) = 1 <0.000142>
[pid 297] 14:55:45.000277 libssl.so.3->EVP_DigestVerify(0x5d9f74a9d810, 0x5d9f74b7b278, 2420, 0x7ffd280c2530) = 1 <0.000165>
[pid 297] 14:55:45.000658 libssl.so.3->X509_verify_cert(0x5d9f74b70410, 1, 1, 0) = 1 <0.000185>
[pid 297] 14:55:45.001038 libssl.so.3->EVP_DigestSignInit_ex(0x5d9f74b8f260, 0x7ffd280c2510, 0, 0) = 1 <0.000163>
[pid 297] 14:55:45.001252 libssl.so.3->EVP_DigestSign(0x5d9f74b8f260, 0, 0x7ffd280c2520, 0x7ffd280c2530) = 1 <0.000121>
[pid 297] 14:55:45.001419 libssl.so.3->EVP_DigestSign(0x5d9f74b8f260, 0x5d9f74b8f3f0, 0x7ffd280c2520, 0x7ffd280c2530) = 1 <0.000379>
[pid 297] 14:55:45.002046 <... SSL_connect resumed> ) = 1 <0.006423>
Handshake duration: 6.61 ms
[pid 297] 14:55:45.004112 +++ exited (status 0) +++
Execution 50 - TLS Mutual
s_connection: verify depth is 1
[pid 299] 14:55:45.081310 openssl->SSL_connect(0x63772c015530, 0x63772bff0e50, 0x63772bff0e50, 0x795af95da360 <unfinished ...>
[pid 299] 14:55:45.082050 libssl.so.3->EVP_PKEY_keygen_init(0x63772c01e0b0, 0, 176, 0x63772c01e0b0) = 1 <0.000347>
[pid 299] 14:55:45.082540 libssl.so.3->EVP_PKEY_keygen(0x63772c01e0b0, 0x7ffdb79fcc90, 0, 103) = 1 <0.000380>
[pid 299] 14:55:45.084548 libssl.so.3->EVP_PKEY_derive_init(0x63772c01e0b0, 0, 176, 0x63772c01e0b0) = 1 <0.000238>
[pid 299] 14:55:45.084838 libssl.so.3->EVP_PKEY_derive_set_peer(0x63772c01e0b0, 0x63772c01acb0, 0, 0x63772c01ce40) = 1 <0.000189>
[pid 299] 14:55:45.085089 libssl.so.3->EVP_PKEY_derive(0x63772c01e0b0, 0, 0x7ffdb79fcc50, 0) = 1 <0.000201>
[pid 299] 14:55:45.085390 libssl.so.3->EVP_PKEY_derive(0x63772c01e0b0, 0x63772c01caf0, 0x7ffdb79fcc50, 5) = 1 <0.000283>
[pid 299] 14:55:45.086978 libssl.so.3->X509_verify_cert(0x63772c015410, 0, 0x8000, 0xffffffff) = 1 <0.000856>
[pid 299] 14:55:45.088129 libssl.so.3->EVP_DigestVerifyInit_ex(0x63772bf42810, 0x7ffdb79fccf8, 0, 0) = 1 <0.000195>
[pid 299] 14:55:45.088384 libssl.so.3->EVP_DigestVerify(0x63772bf42810, 0x63772c020278, 2420, 0x7ffdb79fcd00) = 1 <0.000279>
[pid 299] 14:55:45.089045 libssl.so.3->X509_verify_cert(0x63772c015410, 1, 1, 0) = 1 <0.000331>
[pid 299] 14:55:45.090642 libssl.so.3->EVP_DigestSignInit_ex(0x63772c034260, 0x7ffdb79fcce0, 0, 0) = 1 <0.000258>
[pid 299] 14:55:45.090963 libssl.so.3->EVP_DigestSign(0x63772c034260, 0, 0x7ffdb79fccf0, 0x7ffdb79fcd00) = 1 <0.000173>
[pid 299] 14:55:45.091193 libssl.so.3->EVP_DigestSign(0x63772c034260, 0x63772c0343f0, 0x7ffdb79fccf0, 0x7ffdb79fcd00) = 1 <0.000412>
[pid 299] 14:55:45.092043 <... SSL_connect resumed> ) = 1 <0.010751>
Handshake duration: 10.99 ms
[pid 299] 14:55:45.095132 +++ exited (status 0) +++
Execution 51 - TLS Mutual
s_connection: verify depth is 1
[pid 301] 14:55:45.158671 openssl->SSL_connect(0x604a00946530, 0x604a00921e50, 0x604a00921e50, 0x7a29714b3360 <unfinished ...>
[pid 301] 14:55:45.159131 libssl.so.3->EVP_PKEY_keygen_init(0x604a0094f0b0, 0, 176, 0x604a0094f0b0) = 1 <0.000185>
[pid 301] 14:55:45.159381 libssl.so.3->EVP_PKEY_keygen(0x604a0094f0b0, 0x7ffef1a848a0, 0, 103) = 1 <0.000231>
[pid 301] 14:55:45.161104 libssl.so.3->EVP_PKEY_derive_init(0x604a0094f0b0, 0, 176, 0x604a0094f0b0) = 1 <0.000213>
[pid 301] 14:55:45.161374 libssl.so.3->EVP_PKEY_derive_set_peer(0x604a0094f0b0, 0x604a0094bcb0, 0, 0x604a0094de40) = 1 <0.000125>
[pid 301] 14:55:45.161581 libssl.so.3->EVP_PKEY_derive(0x604a0094f0b0, 0, 0x7ffef1a84860, 0) = 1 <0.000153>
[pid 301] 14:55:45.161787 libssl.so.3->EVP_PKEY_derive(0x604a0094f0b0, 0x604a0094daf0, 0x7ffef1a84860, 5) = 1 <0.000175>
[pid 301] 14:55:45.162664 libssl.so.3->X509_verify_cert(0x604a00946410, 0, 0x8000, 0xffffffff) = 1 <0.000473>
[pid 301] 14:55:45.163320 libssl.so.3->EVP_DigestVerifyInit_ex(0x604a00873810, 0x7ffef1a84908, 0, 0) = 1 <0.000165>
[pid 301] 14:55:45.163537 libssl.so.3->EVP_DigestVerify(0x604a00873810, 0x604a00951278, 2420, 0x7ffef1a84910) = 1 <0.000234>
[pid 301] 14:55:45.163994 libssl.so.3->X509_verify_cert(0x604a00946410, 1, 1, 0) = 1 <0.000205>
[pid 301] 14:55:45.164422 libssl.so.3->EVP_DigestSignInit_ex(0x604a00965260, 0x7ffef1a848f0, 0, 0) = 1 <0.000219>
[pid 301] 14:55:45.164708 libssl.so.3->EVP_DigestSign(0x604a00965260, 0, 0x7ffef1a84900, 0x7ffef1a84910) = 1 <0.000125>
[pid 301] 14:55:45.164887 libssl.so.3->EVP_DigestSign(0x604a00965260, 0x604a009653f0, 0x7ffef1a84900, 0x7ffef1a84910) = 1 <0.000385>
[pid 301] 14:55:45.165598 <... SSL_connect resumed> ) = 1 <0.006939>
Handshake duration: 7.15 ms
[pid 301] 14:55:45.167781 +++ exited (status 0) +++
Execution 52 - TLS Mutual
s_connection: verify depth is 1
[pid 303] 14:55:45.225304 openssl->SSL_connect(0x57ea68320530, 0x57ea682fbe50, 0x57ea682fbe50, 0x7c0ff01a5360 <unfinished ...>
[pid 303] 14:55:45.225750 libssl.so.3->EVP_PKEY_keygen_init(0x57ea683290b0, 0, 176, 0x57ea683290b0) = 1 <0.000141>
[pid 303] 14:55:45.225942 libssl.so.3->EVP_PKEY_keygen(0x57ea683290b0, 0x7fffd48a38b0, 0, 103) = 1 <0.000201>
[pid 303] 14:55:45.227684 libssl.so.3->EVP_PKEY_derive_init(0x57ea683290b0, 0, 176, 0x57ea683290b0) = 1 <0.000186>
[pid 303] 14:55:45.227919 libssl.so.3->EVP_PKEY_derive_set_peer(0x57ea683290b0, 0x57ea68325cb0, 0, 0x57ea68327e40) = 1 <0.000126>
[pid 303] 14:55:45.228090 libssl.so.3->EVP_PKEY_derive(0x57ea683290b0, 0, 0x7fffd48a3870, 0) = 1 <0.000123>
[pid 303] 14:55:45.228265 libssl.so.3->EVP_PKEY_derive(0x57ea683290b0, 0x57ea68327af0, 0x7fffd48a3870, 5) = 1 <0.000163>
[pid 303] 14:55:45.229099 libssl.so.3->X509_verify_cert(0x57ea68320410, 0, 0x8000, 0xffffffff) = 1 <0.000466>
[pid 303] 14:55:45.229759 libssl.so.3->EVP_DigestVerifyInit_ex(0x57ea6824d810, 0x7fffd48a3918, 0, 0) = 1 <0.000156>
[pid 303] 14:55:45.229967 libssl.so.3->EVP_DigestVerify(0x57ea6824d810, 0x57ea6832b278, 2420, 0x7fffd48a3920) = 1 <0.000186>
[pid 303] 14:55:45.230359 libssl.so.3->X509_verify_cert(0x57ea68320410, 1, 1, 0) = 1 <0.000192>
[pid 303] 14:55:45.230777 libssl.so.3->EVP_DigestSignInit_ex(0x57ea6833f260, 0x7fffd48a3900, 0, 0) = 1 <0.000128>
[pid 303] 14:55:45.230941 libssl.so.3->EVP_DigestSign(0x57ea6833f260, 0, 0x7fffd48a3910, 0x7fffd48a3920) = 1 <0.000099>
[pid 303] 14:55:45.231090 libssl.so.3->EVP_DigestSign(0x57ea6833f260, 0x57ea6833f3f0, 0x7fffd48a3910, 0x7fffd48a3920) = 1 <0.000289>
[pid 303] 14:55:45.231668 <... SSL_connect resumed> ) = 1 <0.006352>
Handshake duration: 6.58 ms
[pid 303] 14:55:45.233729 +++ exited (status 0) +++
Execution 53 - TLS Mutual
s_connection: verify depth is 1
[pid 305] 14:55:45.290785 openssl->SSL_connect(0x5b7aa6ff9530, 0x5b7aa6fd4e50, 0x5b7aa6fd4e50, 0x745fd60c2360 <unfinished ...>
[pid 305] 14:55:45.291293 libssl.so.3->EVP_PKEY_keygen_init(0x5b7aa70020b0, 0, 176, 0x5b7aa70020b0) = 1 <0.000224>
[pid 305] 14:55:45.291606 libssl.so.3->EVP_PKEY_keygen(0x5b7aa70020b0, 0x7fff30b31000, 0, 103) = 1 <0.000261>
[pid 305] 14:55:45.293381 libssl.so.3->EVP_PKEY_derive_init(0x5b7aa70020b0, 0, 176, 0x5b7aa70020b0) = 1 <0.000146>
[pid 305] 14:55:45.293786 libssl.so.3->EVP_PKEY_derive_set_peer(0x5b7aa70020b0, 0x5b7aa6ffecb0, 0, 0x5b7aa7000e40) = 1 <0.000174>
[pid 305] 14:55:45.294002 libssl.so.3->EVP_PKEY_derive(0x5b7aa70020b0, 0, 0x7fff30b30fc0, 0) = 1 <0.000141>
[pid 305] 14:55:45.294189 libssl.so.3->EVP_PKEY_derive(0x5b7aa70020b0, 0x5b7aa7000af0, 0x7fff30b30fc0, 5) = 1 <0.000153>
[pid 305] 14:55:45.295098 libssl.so.3->X509_verify_cert(0x5b7aa6ff9410, 0, 0x8000, 0xffffffff) = 1 <0.000555>
[pid 305] 14:55:45.295852 libssl.so.3->EVP_DigestVerifyInit_ex(0x5b7aa6f26810, 0x7fff30b31068, 0, 0) = 1 <0.000123>
[pid 305] 14:55:45.296022 libssl.so.3->EVP_DigestVerify(0x5b7aa6f26810, 0x5b7aa7004278, 2420, 0x7fff30b31070) = 1 <0.000201>
[pid 305] 14:55:45.296448 libssl.so.3->X509_verify_cert(0x5b7aa6ff9410, 1, 1, 0) = 1 <0.000230>
[pid 305] 14:55:45.296962 libssl.so.3->EVP_DigestSignInit_ex(0x5b7aa7018260, 0x7fff30b31050, 0, 0) = 1 <0.000255>
[pid 305] 14:55:45.297284 libssl.so.3->EVP_DigestSign(0x5b7aa7018260, 0, 0x7fff30b31060, 0x7fff30b31070) = 1 <0.000130>
[pid 305] 14:55:45.297450 libssl.so.3->EVP_DigestSign(0x5b7aa7018260, 0x5b7aa70183f0, 0x7fff30b31060, 0x7fff30b31070) = 1 <0.000355>
[pid 305] 14:55:45.298137 <... SSL_connect resumed> ) = 1 <0.007361>
Handshake duration: 7.55 ms
[pid 305] 14:55:45.300535 +++ exited (status 0) +++
Execution 54 - TLS Mutual
s_connection: verify depth is 1
[pid 307] 14:55:45.366360 openssl->SSL_connect(0x626a94c51530, 0x626a94c2ce50, 0x626a94c2ce50, 0x7fec4d9cf360 <unfinished ...>
[pid 307] 14:55:45.366879 libssl.so.3->EVP_PKEY_keygen_init(0x626a94c5a0b0, 0, 176, 0x626a94c5a0b0) = 1 <0.000187>
[pid 307] 14:55:45.367139 libssl.so.3->EVP_PKEY_keygen(0x626a94c5a0b0, 0x7ffd0928e120, 0, 103) = 1 <0.000266>
[pid 307] 14:55:45.368949 libssl.so.3->EVP_PKEY_derive_init(0x626a94c5a0b0, 0, 176, 0x626a94c5a0b0) = 1 <0.000136>
[pid 307] 14:55:45.369128 libssl.so.3->EVP_PKEY_derive_set_peer(0x626a94c5a0b0, 0x626a94c56cb0, 0, 0x626a94c58e40) = 1 <0.000114>
[pid 307] 14:55:45.369289 libssl.so.3->EVP_PKEY_derive(0x626a94c5a0b0, 0, 0x7ffd0928e0e0, 0) = 1 <0.000119>
[pid 307] 14:55:45.369455 libssl.so.3->EVP_PKEY_derive(0x626a94c5a0b0, 0x626a94c58af0, 0x7ffd0928e0e0, 5) = 1 <0.000202>
[pid 307] 14:55:45.370474 libssl.so.3->X509_verify_cert(0x626a94c51410, 0, 0x8000, 0xffffffff) = 1 <0.000562>
[pid 307] 14:55:45.371280 libssl.so.3->EVP_DigestVerifyInit_ex(0x626a94b7e810, 0x7ffd0928e188, 0, 0) = 1 <0.000148>
[pid 307] 14:55:45.371472 libssl.so.3->EVP_DigestVerify(0x626a94b7e810, 0x626a94c5c278, 2420, 0x7ffd0928e190) = 1 <0.000216>
[pid 307] 14:55:45.371937 libssl.so.3->X509_verify_cert(0x626a94c51410, 1, 1, 0) = 1 <0.000229>
[pid 307] 14:55:45.372449 libssl.so.3->EVP_DigestSignInit_ex(0x626a94c70260, 0x7ffd0928e170, 0, 0) = 1 <0.000157>
[pid 307] 14:55:45.372658 libssl.so.3->EVP_DigestSign(0x626a94c70260, 0, 0x7ffd0928e180, 0x7ffd0928e190) = 1 <0.000134>
[pid 307] 14:55:45.372847 libssl.so.3->EVP_DigestSign(0x626a94c70260, 0x626a94c703f0, 0x7ffd0928e180, 0x7ffd0928e190) = 1 <0.000303>
[pid 307] 14:55:45.373447 <... SSL_connect resumed> ) = 1 <0.007102>
Handshake duration: 7.32 ms
[pid 307] 14:55:45.376289 +++ exited (status 0) +++
Execution 55 - TLS Mutual
s_connection: verify depth is 1
[pid 309] 14:55:45.434856 openssl->SSL_connect(0x5ecb29e76530, 0x5ecb29e51e50, 0x5ecb29e51e50, 0x78f5c9991360 <unfinished ...>
[pid 309] 14:55:45.435308 libssl.so.3->EVP_PKEY_keygen_init(0x5ecb29e7f0b0, 0, 176, 0x5ecb29e7f0b0) = 1 <0.000141>
[pid 309] 14:55:45.435506 libssl.so.3->EVP_PKEY_keygen(0x5ecb29e7f0b0, 0x7ffd869648b0, 0, 103) = 1 <0.000221>
[pid 309] 14:55:45.437219 libssl.so.3->EVP_PKEY_derive_init(0x5ecb29e7f0b0, 0, 176, 0x5ecb29e7f0b0) = 1 <0.000169>
[pid 309] 14:55:45.437429 libssl.so.3->EVP_PKEY_derive_set_peer(0x5ecb29e7f0b0, 0x5ecb29e7bcb0, 0, 0x5ecb29e7de40) = 1 <0.000122>
[pid 309] 14:55:45.437609 libssl.so.3->EVP_PKEY_derive(0x5ecb29e7f0b0, 0, 0x7ffd86964870, 0) = 1 <0.000120>
[pid 309] 14:55:45.437768 libssl.so.3->EVP_PKEY_derive(0x5ecb29e7f0b0, 0x5ecb29e7daf0, 0x7ffd86964870, 5) = 1 <0.000147>
[pid 309] 14:55:45.438611 libssl.so.3->X509_verify_cert(0x5ecb29e76410, 0, 0x8000, 0xffffffff) = 1 <0.000437>
[pid 309] 14:55:45.439225 libssl.so.3->EVP_DigestVerifyInit_ex(0x5ecb29da3810, 0x7ffd86964918, 0, 0) = 1 <0.000119>
[pid 309] 14:55:45.439392 libssl.so.3->EVP_DigestVerify(0x5ecb29da3810, 0x5ecb29e81278, 2420, 0x7ffd86964920) = 1 <0.000204>
[pid 309] 14:55:45.439838 libssl.so.3->X509_verify_cert(0x5ecb29e76410, 1, 1, 0) = 1 <0.000211>
[pid 309] 14:55:45.440282 libssl.so.3->EVP_DigestSignInit_ex(0x5ecb29e95260, 0x7ffd86964900, 0, 0) = 1 <0.000134>
[pid 309] 14:55:45.440461 libssl.so.3->EVP_DigestSign(0x5ecb29e95260, 0, 0x7ffd86964910, 0x7ffd86964920) = 1 <0.000126>
[pid 309] 14:55:45.440632 libssl.so.3->EVP_DigestSign(0x5ecb29e95260, 0x5ecb29e953f0, 0x7ffd86964910, 0x7ffd86964920) = 1 <0.000275>
[pid 309] 14:55:45.441155 <... SSL_connect resumed> ) = 1 <0.006313>
Handshake duration: 6.52 ms
[pid 309] 14:55:45.443457 +++ exited (status 0) +++
Execution 56 - TLS Mutual
s_connection: verify depth is 1
[pid 311] 14:55:45.500468 openssl->SSL_connect(0x602118453530, 0x60211842ee50, 0x60211842ee50, 0x7fa2dade0360 <unfinished ...>
[pid 311] 14:55:45.500920 libssl.so.3->EVP_PKEY_keygen_init(0x60211845c0b0, 0, 176, 0x60211845c0b0) = 1 <0.000196>
[pid 311] 14:55:45.501201 libssl.so.3->EVP_PKEY_keygen(0x60211845c0b0, 0x7ffea4c1b910, 0, 103) = 1 <0.000243>
[pid 311] 14:55:45.502877 libssl.so.3->EVP_PKEY_derive_init(0x60211845c0b0, 0, 176, 0x60211845c0b0) = 1 <0.000155>
[pid 311] 14:55:45.503071 libssl.so.3->EVP_PKEY_derive_set_peer(0x60211845c0b0, 0x602118458cb0, 0, 0x60211845ae40) = 1 <0.000115>
[pid 311] 14:55:45.503232 libssl.so.3->EVP_PKEY_derive(0x60211845c0b0, 0, 0x7ffea4c1b8d0, 0) = 1 <0.000114>
[pid 311] 14:55:45.503405 libssl.so.3->EVP_PKEY_derive(0x60211845c0b0, 0x60211845aaf0, 0x7ffea4c1b8d0, 5) = 1 <0.000172>
[pid 311] 14:55:45.504260 libssl.so.3->X509_verify_cert(0x602118453410, 0, 0x8000, 0xffffffff) = 1 <0.000603>
[pid 311] 14:55:45.505062 libssl.so.3->EVP_DigestVerifyInit_ex(0x602118380810, 0x7ffea4c1b978, 0, 0) = 1 <0.000137>
[pid 311] 14:55:45.505241 libssl.so.3->EVP_DigestVerify(0x602118380810, 0x60211845e278, 2420, 0x7ffea4c1b980) = 1 <0.000143>
[pid 311] 14:55:45.505618 libssl.so.3->X509_verify_cert(0x602118453410, 1, 1, 0) = 1 <0.000179>
[pid 311] 14:55:45.506006 libssl.so.3->EVP_DigestSignInit_ex(0x602118472260, 0x7ffea4c1b960, 0, 0) = 1 <0.000133>
[pid 311] 14:55:45.506178 libssl.so.3->EVP_DigestSign(0x602118472260, 0, 0x7ffea4c1b970, 0x7ffea4c1b980) = 1 <0.000115>
[pid 311] 14:55:45.506336 libssl.so.3->EVP_DigestSign(0x602118472260, 0x6021184723f0, 0x7ffea4c1b970, 0x7ffea4c1b980) = 1 <0.000258>
[pid 311] 14:55:45.506865 <... SSL_connect resumed> ) = 1 <0.006412>
Handshake duration: 6.59 ms
[pid 311] 14:55:45.509135 +++ exited (status 0) +++
Execution 57 - TLS Mutual
s_connection: verify depth is 1
[pid 313] 14:55:45.566939 openssl->SSL_connect(0x5a30d5268530, 0x5a30d5243e50, 0x5a30d5243e50, 0x737967434360 <unfinished ...>
[pid 313] 14:55:45.567416 libssl.so.3->EVP_PKEY_keygen_init(0x5a30d52710b0, 0, 176, 0x5a30d52710b0) = 1 <0.000234>
[pid 313] 14:55:45.567734 libssl.so.3->EVP_PKEY_keygen(0x5a30d52710b0, 0x7ffd851950c0, 0, 103) = 1 <0.000264>
[pid 313] 14:55:45.569441 libssl.so.3->EVP_PKEY_derive_init(0x5a30d52710b0, 0, 176, 0x5a30d52710b0) = 1 <0.000201>
[pid 313] 14:55:45.569684 libssl.so.3->EVP_PKEY_derive_set_peer(0x5a30d52710b0, 0x5a30d526dcb0, 0, 0x5a30d526fe40) = 1 <0.000141>
[pid 313] 14:55:45.569877 libssl.so.3->EVP_PKEY_derive(0x5a30d52710b0, 0, 0x7ffd85195080, 0) = 1 <0.000126>
[pid 313] 14:55:45.570059 libssl.so.3->EVP_PKEY_derive(0x5a30d52710b0, 0x5a30d526faf0, 0x7ffd85195080, 5) = 1 <0.000161>
[pid 313] 14:55:45.570944 libssl.so.3->X509_verify_cert(0x5a30d5268410, 0, 0x8000, 0xffffffff) = 1 <0.000496>
[pid 313] 14:55:45.571638 libssl.so.3->EVP_DigestVerifyInit_ex(0x5a30d5195810, 0x7ffd85195128, 0, 0) = 1 <0.000213>
[pid 313] 14:55:45.571903 libssl.so.3->EVP_DigestVerify(0x5a30d5195810, 0x5a30d5273278, 2420, 0x7ffd85195130) = 1 <0.000224>
[pid 313] 14:55:45.572371 libssl.so.3->X509_verify_cert(0x5a30d5268410, 1, 1, 0) = 1 <0.000234>
[pid 313] 14:55:45.572843 libssl.so.3->EVP_DigestSignInit_ex(0x5a30d5287260, 0x7ffd85195110, 0, 0) = 1 <0.000136>
[pid 313] 14:55:45.573030 libssl.so.3->EVP_DigestSign(0x5a30d5287260, 0, 0x7ffd85195120, 0x7ffd85195130) = 1 <0.000134>
[pid 313] 14:55:45.573218 libssl.so.3->EVP_DigestSign(0x5a30d5287260, 0x5a30d52873f0, 0x7ffd85195120, 0x7ffd85195130) = 1 <0.000414>
[pid 313] 14:55:45.573904 <... SSL_connect resumed> ) = 1 <0.006967>
Handshake duration: 7.18 ms
[pid 313] 14:55:45.576182 +++ exited (status 0) +++
Execution 58 - TLS Mutual
s_connection: verify depth is 1
[pid 315] 14:55:45.632364 openssl->SSL_connect(0x581bb1217530, 0x581bb11f2e50, 0x581bb11f2e50, 0x7ef78a1da360 <unfinished ...>
[pid 315] 14:55:45.632785 libssl.so.3->EVP_PKEY_keygen_init(0x581bb12200b0, 0, 176, 0x581bb12200b0) = 1 <0.000186>
[pid 315] 14:55:45.633022 libssl.so.3->EVP_PKEY_keygen(0x581bb12200b0, 0x7ffe4c2222c0, 0, 103) = 1 <0.000226>
[pid 315] 14:55:45.634608 libssl.so.3->EVP_PKEY_derive_init(0x581bb12200b0, 0, 176, 0x581bb12200b0) = 1 <0.000123>
[pid 315] 14:55:45.634773 libssl.so.3->EVP_PKEY_derive_set_peer(0x581bb12200b0, 0x581bb121ccb0, 0, 0x581bb121ee40) = 1 <0.000118>
[pid 315] 14:55:45.634942 libssl.so.3->EVP_PKEY_derive(0x581bb12200b0, 0, 0x7ffe4c222280, 0) = 1 <0.000106>
[pid 315] 14:55:45.635095 libssl.so.3->EVP_PKEY_derive(0x581bb12200b0, 0x581bb121eaf0, 0x7ffe4c222280, 5) = 1 <0.000157>
[pid 315] 14:55:45.635927 libssl.so.3->X509_verify_cert(0x581bb1217410, 0, 0x8000, 0xffffffff) = 1 <0.000472>
[pid 315] 14:55:45.636617 libssl.so.3->EVP_DigestVerifyInit_ex(0x581bb1144810, 0x7ffe4c222328, 0, 0) = 1 <0.000127>
[pid 315] 14:55:45.636788 libssl.so.3->EVP_DigestVerify(0x581bb1144810, 0x581bb1222278, 2420, 0x7ffe4c222330) = 1 <0.000144>
[pid 315] 14:55:45.637169 libssl.so.3->X509_verify_cert(0x581bb1217410, 1, 1, 0) = 1 <0.000212>
[pid 315] 14:55:45.637613 libssl.so.3->EVP_DigestSignInit_ex(0x581bb1236260, 0x7ffe4c222310, 0, 0) = 1 <0.000132>
[pid 315] 14:55:45.637788 libssl.so.3->EVP_DigestSign(0x581bb1236260, 0, 0x7ffe4c222320, 0x7ffe4c222330) = 1 <0.000110>
[pid 315] 14:55:45.637941 libssl.so.3->EVP_DigestSign(0x581bb1236260, 0x581bb12363f0, 0x7ffe4c222320, 0x7ffe4c222330) = 1 <0.000263>
[pid 315] 14:55:45.638470 <... SSL_connect resumed> ) = 1 <0.006112>
Handshake duration: 6.29 ms
[pid 315] 14:55:45.640500 +++ exited (status 0) +++
Execution 59 - TLS Mutual
s_connection: verify depth is 1
[pid 317] 14:55:45.704010 openssl->SSL_connect(0x62a0e97ff530, 0x62a0e97dae50, 0x62a0e97dae50, 0x743644806360 <unfinished ...>
[pid 317] 14:55:45.704454 libssl.so.3->EVP_PKEY_keygen_init(0x62a0e98080b0, 0, 176, 0x62a0e98080b0) = 1 <0.000175>
[pid 317] 14:55:45.704682 libssl.so.3->EVP_PKEY_keygen(0x62a0e98080b0, 0x7ffcf623dee0, 0, 103) = 1 <0.000207>
[pid 317] 14:55:45.706340 libssl.so.3->EVP_PKEY_derive_init(0x62a0e98080b0, 0, 176, 0x62a0e98080b0) = 1 <0.000226>
[pid 317] 14:55:45.706649 libssl.so.3->EVP_PKEY_derive_set_peer(0x62a0e98080b0, 0x62a0e9804cb0, 0, 0x62a0e9806e40) = 1 <0.000168>
[pid 317] 14:55:45.706871 libssl.so.3->EVP_PKEY_derive(0x62a0e98080b0, 0, 0x7ffcf623dea0, 0) = 1 <0.000132>
[pid 317] 14:55:45.707059 libssl.so.3->EVP_PKEY_derive(0x62a0e98080b0, 0x62a0e9806af0, 0x7ffcf623dea0, 5) = 1 <0.000175>
[pid 317] 14:55:45.707963 libssl.so.3->X509_verify_cert(0x62a0e97ff410, 0, 0x8000, 0xffffffff) = 1 <0.000499>
[pid 317] 14:55:45.708705 libssl.so.3->EVP_DigestVerifyInit_ex(0x62a0e972c810, 0x7ffcf623df48, 0, 0) = 1 <0.000150>
[pid 317] 14:55:45.708910 libssl.so.3->EVP_DigestVerify(0x62a0e972c810, 0x62a0e980a278, 2420, 0x7ffcf623df50) = 1 <0.000206>
[pid 317] 14:55:45.709363 libssl.so.3->X509_verify_cert(0x62a0e97ff410, 1, 1, 0) = 1 <0.000263>
[pid 317] 14:55:45.709847 libssl.so.3->EVP_DigestSignInit_ex(0x62a0e981e260, 0x7ffcf623df30, 0, 0) = 1 <0.000144>
[pid 317] 14:55:45.710043 libssl.so.3->EVP_DigestSign(0x62a0e981e260, 0, 0x7ffcf623df40, 0x7ffcf623df50) = 1 <0.000128>
[pid 317] 14:55:45.710228 libssl.so.3->EVP_DigestSign(0x62a0e981e260, 0x62a0e981e3f0, 0x7ffcf623df40, 0x7ffcf623df50) = 1 <0.000267>
[pid 317] 14:55:45.710800 <... SSL_connect resumed> ) = 1 <0.006794>
Handshake duration: 6.99 ms
[pid 317] 14:55:45.712932 +++ exited (status 0) +++
Execution 60 - TLS Mutual
s_connection: verify depth is 1
[pid 319] 14:55:45.769927 openssl->SSL_connect(0x5a246e4cf530, 0x5a246e4aae50, 0x5a246e4aae50, 0x7cc304769360 <unfinished ...>
[pid 319] 14:55:45.770401 libssl.so.3->EVP_PKEY_keygen_init(0x5a246e4d80b0, 0, 176, 0x5a246e4d80b0) = 1 <0.000143>
[pid 319] 14:55:45.770599 libssl.so.3->EVP_PKEY_keygen(0x5a246e4d80b0, 0x7ffe5389e550, 0, 103) = 1 <0.000221>
[pid 319] 14:55:45.772256 libssl.so.3->EVP_PKEY_derive_init(0x5a246e4d80b0, 0, 176, 0x5a246e4d80b0) = 1 <0.000222>
[pid 319] 14:55:45.772543 libssl.so.3->EVP_PKEY_derive_set_peer(0x5a246e4d80b0, 0x5a246e4d4cb0, 0, 0x5a246e4d6e40) = 1 <0.000147>
[pid 319] 14:55:45.772731 libssl.so.3->EVP_PKEY_derive(0x5a246e4d80b0, 0, 0x7ffe5389e510, 0) = 1 <0.000117>
[pid 319] 14:55:45.772911 libssl.so.3->EVP_PKEY_derive(0x5a246e4d80b0, 0x5a246e4d6af0, 0x7ffe5389e510, 5) = 1 <0.000194>
[pid 319] 14:55:45.773776 libssl.so.3->X509_verify_cert(0x5a246e4cf410, 0, 0x8000, 0xffffffff) = 1 <0.000449>
[pid 319] 14:55:45.774410 libssl.so.3->EVP_DigestVerifyInit_ex(0x5a246e3fc810, 0x7ffe5389e5b8, 0, 0) = 1 <0.000136>
[pid 319] 14:55:45.774607 libssl.so.3->EVP_DigestVerify(0x5a246e3fc810, 0x5a246e4da278, 2420, 0x7ffe5389e5c0) = 1 <0.000166>
[pid 319] 14:55:45.774989 libssl.so.3->X509_verify_cert(0x5a246e4cf410, 1, 1, 0) = 1 <0.000189>
[pid 319] 14:55:45.775383 libssl.so.3->EVP_DigestSignInit_ex(0x5a246e4ee260, 0x7ffe5389e5a0, 0, 0) = 1 <0.000131>
[pid 319] 14:55:45.775572 libssl.so.3->EVP_DigestSign(0x5a246e4ee260, 0, 0x7ffe5389e5b0, 0x7ffe5389e5c0) = 1 <0.000123>
[pid 319] 14:55:45.775730 libssl.so.3->EVP_DigestSign(0x5a246e4ee260, 0x5a246e4ee3f0, 0x7ffe5389e5b0, 0x7ffe5389e5c0) = 1 <0.000250>
[pid 319] 14:55:45.776237 <... SSL_connect resumed> ) = 1 <0.006320>
Handshake duration: 6.51 ms
[pid 319] 14:55:45.778284 +++ exited (status 0) +++
Execution 61 - TLS Mutual
s_connection: verify depth is 1
[pid 321] 14:55:45.836261 openssl->SSL_connect(0x5ad4329d3530, 0x5ad4329aee50, 0x5ad4329aee50, 0x74d71532e360 <unfinished ...>
[pid 321] 14:55:45.836708 libssl.so.3->EVP_PKEY_keygen_init(0x5ad4329dc0b0, 0, 176, 0x5ad4329dc0b0) = 1 <0.000157>
[pid 321] 14:55:45.836915 libssl.so.3->EVP_PKEY_keygen(0x5ad4329dc0b0, 0x7fff3020f500, 0, 103) = 1 <0.000211>
[pid 321] 14:55:45.838611 libssl.so.3->EVP_PKEY_derive_init(0x5ad4329dc0b0, 0, 176, 0x5ad4329dc0b0) = 1 <0.000144>
[pid 321] 14:55:45.838796 libssl.so.3->EVP_PKEY_derive_set_peer(0x5ad4329dc0b0, 0x5ad4329d8cb0, 0, 0x5ad4329dae40) = 1 <0.000114>
[pid 321] 14:55:45.838951 libssl.so.3->EVP_PKEY_derive(0x5ad4329dc0b0, 0, 0x7fff3020f4c0, 0) = 1 <0.000113>
[pid 321] 14:55:45.839108 libssl.so.3->EVP_PKEY_derive(0x5ad4329dc0b0, 0x5ad4329daaf0, 0x7fff3020f4c0, 5) = 1 <0.000281>
[pid 321] 14:55:45.840169 libssl.so.3->X509_verify_cert(0x5ad4329d3410, 0, 0x8000, 0xffffffff) = 1 <0.000478>
[pid 321] 14:55:45.840824 libssl.so.3->EVP_DigestVerifyInit_ex(0x5ad432900810, 0x7fff3020f568, 0, 0) = 1 <0.000136>
[pid 321] 14:55:45.841004 libssl.so.3->EVP_DigestVerify(0x5ad432900810, 0x5ad4329de278, 2420, 0x7fff3020f570) = 1 <0.000160>
[pid 321] 14:55:45.841372 libssl.so.3->X509_verify_cert(0x5ad4329d3410, 1, 1, 0) = 1 <0.000181>
[pid 321] 14:55:45.841765 libssl.so.3->EVP_DigestSignInit_ex(0x5ad4329f2260, 0x7fff3020f550, 0, 0) = 1 <0.000127>
[pid 321] 14:55:45.841934 libssl.so.3->EVP_DigestSign(0x5ad4329f2260, 0, 0x7fff3020f560, 0x7fff3020f570) = 1 <0.000111>
[pid 321] 14:55:45.842089 libssl.so.3->EVP_DigestSign(0x5ad4329f2260, 0x5ad4329f23f0, 0x7fff3020f560, 0x7fff3020f570) = 1 <0.000320>
[pid 321] 14:55:45.842707 <... SSL_connect resumed> ) = 1 <0.006451>
Handshake duration: 6.65 ms
[pid 321] 14:55:45.844878 +++ exited (status 0) +++
Execution 62 - TLS Mutual
s_connection: verify depth is 1
[pid 323] 14:55:45.900538 openssl->SSL_connect(0x60442e4f3530, 0x60442e4cee50, 0x60442e4cee50, 0x72c5bedd3360 <unfinished ...>
[pid 323] 14:55:45.901014 libssl.so.3->EVP_PKEY_keygen_init(0x60442e4fc0b0, 0, 176, 0x60442e4fc0b0) = 1 <0.000149>
[pid 323] 14:55:45.901232 libssl.so.3->EVP_PKEY_keygen(0x60442e4fc0b0, 0x7ffe89d3e3b0, 0, 103) = 1 <0.000236>
[pid 323] 14:55:45.902914 libssl.so.3->EVP_PKEY_derive_init(0x60442e4fc0b0, 0, 176, 0x60442e4fc0b0) = 1 <0.000173>
[pid 323] 14:55:45.903179 libssl.so.3->EVP_PKEY_derive_set_peer(0x60442e4fc0b0, 0x60442e4f8cb0, 0, 0x60442e4fae40) = 1 <0.000161>
[pid 323] 14:55:45.903385 libssl.so.3->EVP_PKEY_derive(0x60442e4fc0b0, 0, 0x7ffe89d3e370, 0) = 1 <0.000121>
[pid 323] 14:55:45.903551 libssl.so.3->EVP_PKEY_derive(0x60442e4fc0b0, 0x60442e4faaf0, 0x7ffe89d3e370, 5) = 1 <0.000169>
[pid 323] 14:55:45.904423 libssl.so.3->X509_verify_cert(0x60442e4f3410, 0, 0x8000, 0xffffffff) = 1 <0.000450>
[pid 323] 14:55:45.905062 libssl.so.3->EVP_DigestVerifyInit_ex(0x60442e420810, 0x7ffe89d3e418, 0, 0) = 1 <0.000117>
[pid 323] 14:55:45.905225 libssl.so.3->EVP_DigestVerify(0x60442e420810, 0x60442e4fe278, 2420, 0x7ffe89d3e420) = 1 <0.000154>
[pid 323] 14:55:45.905615 libssl.so.3->X509_verify_cert(0x60442e4f3410, 1, 1, 0) = 1 <0.000206>
[pid 323] 14:55:45.906031 libssl.so.3->EVP_DigestSignInit_ex(0x60442e512260, 0x7ffe89d3e400, 0, 0) = 1 <0.000199>
[pid 323] 14:55:45.906281 libssl.so.3->EVP_DigestSign(0x60442e512260, 0, 0x7ffe89d3e410, 0x7ffe89d3e420) = 1 <0.000126>
[pid 323] 14:55:45.906449 libssl.so.3->EVP_DigestSign(0x60442e512260, 0x60442e5123f0, 0x7ffe89d3e410, 0x7ffe89d3e420) = 1 <0.000360>
[pid 323] 14:55:45.907147 <... SSL_connect resumed> ) = 1 <0.006613>
Handshake duration: 6.81 ms
[pid 323] 14:55:45.909110 +++ exited (status 0) +++
Execution 63 - TLS Mutual
s_connection: verify depth is 1
[pid 325] 14:55:45.966786 openssl->SSL_connect(0x65149a139530, 0x65149a114e50, 0x65149a114e50, 0x7e2ebf815360 <unfinished ...>
[pid 325] 14:55:45.967178 libssl.so.3->EVP_PKEY_keygen_init(0x65149a1420b0, 0, 176, 0x65149a1420b0) = 1 <0.000134>
[pid 325] 14:55:45.967364 libssl.so.3->EVP_PKEY_keygen(0x65149a1420b0, 0x7fffe4dcc3a0, 0, 103) = 1 <0.000237>
[pid 325] 14:55:45.968993 libssl.so.3->EVP_PKEY_derive_init(0x65149a1420b0, 0, 176, 0x65149a1420b0) = 1 <0.000167>
[pid 325] 14:55:45.969212 libssl.so.3->EVP_PKEY_derive_set_peer(0x65149a1420b0, 0x65149a13ecb0, 0, 0x65149a140e40) = 1 <0.000131>
[pid 325] 14:55:45.969385 libssl.so.3->EVP_PKEY_derive(0x65149a1420b0, 0, 0x7fffe4dcc360, 0) = 1 <0.000129>
[pid 325] 14:55:45.969572 libssl.so.3->EVP_PKEY_derive(0x65149a1420b0, 0x65149a140af0, 0x7fffe4dcc360, 5) = 1 <0.000164>
[pid 325] 14:55:45.970388 libssl.so.3->X509_verify_cert(0x65149a139410, 0, 0x8000, 0xffffffff) = 1 <0.000471>
[pid 325] 14:55:45.971053 libssl.so.3->EVP_DigestVerifyInit_ex(0x65149a066810, 0x7fffe4dcc408, 0, 0) = 1 <0.000134>
[pid 325] 14:55:45.971232 libssl.so.3->EVP_DigestVerify(0x65149a066810, 0x65149a144278, 2420, 0x7fffe4dcc410) = 1 <0.000186>
[pid 325] 14:55:45.971670 libssl.so.3->X509_verify_cert(0x65149a139410, 1, 1, 0) = 1 <0.000203>
[pid 325] 14:55:45.972095 libssl.so.3->EVP_DigestSignInit_ex(0x65149a158260, 0x7fffe4dcc3f0, 0, 0) = 1 <0.000130>
[pid 325] 14:55:45.972268 libssl.so.3->EVP_DigestSign(0x65149a158260, 0, 0x7fffe4dcc400, 0x7fffe4dcc410) = 1 <0.000127>
[pid 325] 14:55:45.972439 libssl.so.3->EVP_DigestSign(0x65149a158260, 0x65149a1583f0, 0x7fffe4dcc400, 0x7fffe4dcc410) = 1 <0.000257>
[pid 325] 14:55:45.972951 <... SSL_connect resumed> ) = 1 <0.006171>
Handshake duration: 6.38 ms
[pid 325] 14:55:45.975221 +++ exited (status 0) +++
Execution 64 - TLS Mutual
s_connection: verify depth is 1
[pid 327] 14:55:46.033322 openssl->SSL_connect(0x649feec47530, 0x649feec22e50, 0x649feec22e50, 0x7aa13b5c1360 <unfinished ...>
[pid 327] 14:55:46.033779 libssl.so.3->EVP_PKEY_keygen_init(0x649feec500b0, 0, 176, 0x649feec500b0) = 1 <0.000151>
[pid 327] 14:55:46.033976 libssl.so.3->EVP_PKEY_keygen(0x649feec500b0, 0x7ffefb9a96c0, 0, 103) = 1 <0.000212>
[pid 327] 14:55:46.035627 libssl.so.3->EVP_PKEY_derive_init(0x649feec500b0, 0, 176, 0x649feec500b0) = 1 <0.000176>
[pid 327] 14:55:46.035843 libssl.so.3->EVP_PKEY_derive_set_peer(0x649feec500b0, 0x649feec4ccb0, 0, 0x649feec4ee40) = 1 <0.000106>
[pid 327] 14:55:46.035994 libssl.so.3->EVP_PKEY_derive(0x649feec500b0, 0, 0x7ffefb9a9680, 0) = 1 <0.000110>
[pid 327] 14:55:46.036154 libssl.so.3->EVP_PKEY_derive(0x649feec500b0, 0x649feec4eaf0, 0x7ffefb9a9680, 5) = 1 <0.000168>
[pid 327] 14:55:46.036981 libssl.so.3->X509_verify_cert(0x649feec47410, 0, 0x8000, 0xffffffff) = 1 <0.000441>
[pid 327] 14:55:46.037641 libssl.so.3->EVP_DigestVerifyInit_ex(0x649feeb74810, 0x7ffefb9a9728, 0, 0) = 1 <0.000139>
[pid 327] 14:55:46.037827 libssl.so.3->EVP_DigestVerify(0x649feeb74810, 0x649feec52278, 2420, 0x7ffefb9a9730) = 1 <0.000163>
[pid 327] 14:55:46.038207 libssl.so.3->X509_verify_cert(0x649feec47410, 1, 1, 0) = 1 <0.000188>
[pid 327] 14:55:46.038618 libssl.so.3->EVP_DigestSignInit_ex(0x649feec66260, 0x7ffefb9a9710, 0, 0) = 1 <0.000132>
[pid 327] 14:55:46.038794 libssl.so.3->EVP_DigestSign(0x649feec66260, 0, 0x7ffefb9a9720, 0x7ffefb9a9730) = 1 <0.000122>
[pid 327] 14:55:46.038965 libssl.so.3->EVP_DigestSign(0x649feec66260, 0x649feec663f0, 0x7ffefb9a9720, 0x7ffefb9a9730) = 1 <0.000441>
[pid 327] 14:55:46.039659 <... SSL_connect resumed> ) = 1 <0.006350>
Handshake duration: 6.51 ms
[pid 327] 14:55:46.041686 +++ exited (status 0) +++
Execution 65 - TLS Mutual
s_connection: verify depth is 1
[pid 329] 14:55:46.099781 openssl->SSL_connect(0x564b383eb530, 0x564b383c6e50, 0x564b383c6e50, 0x79e71e8af360 <unfinished ...>
[pid 329] 14:55:46.100294 libssl.so.3->EVP_PKEY_keygen_init(0x564b383f40b0, 0, 176, 0x564b383f40b0) = 1 <0.000181>
[pid 329] 14:55:46.100554 libssl.so.3->EVP_PKEY_keygen(0x564b383f40b0, 0x7ffc14983000, 0, 103) = 1 <0.000237>
[pid 329] 14:55:46.102173 libssl.so.3->EVP_PKEY_derive_init(0x564b383f40b0, 0, 176, 0x564b383f40b0) = 1 <0.000190>
[pid 329] 14:55:46.102408 libssl.so.3->EVP_PKEY_derive_set_peer(0x564b383f40b0, 0x564b383f0cb0, 0, 0x564b383f2e40) = 1 <0.000114>
[pid 329] 14:55:46.102572 libssl.so.3->EVP_PKEY_derive(0x564b383f40b0, 0, 0x7ffc14982fc0, 0) = 1 <0.000129>
[pid 329] 14:55:46.102747 libssl.so.3->EVP_PKEY_derive(0x564b383f40b0, 0x564b383f2af0, 0x7ffc14982fc0, 5) = 1 <0.000185>
[pid 329] 14:55:46.103619 libssl.so.3->X509_verify_cert(0x564b383eb410, 0, 0x8000, 0xffffffff) = 1 <0.000454>
[pid 329] 14:55:46.104265 libssl.so.3->EVP_DigestVerifyInit_ex(0x564b38318810, 0x7ffc14983068, 0, 0) = 1 <0.000133>
[pid 329] 14:55:46.104448 libssl.so.3->EVP_DigestVerify(0x564b38318810, 0x564b383f6278, 2420, 0x7ffc14983070) = 1 <0.000198>
[pid 329] 14:55:46.104863 libssl.so.3->X509_verify_cert(0x564b383eb410, 1, 1, 0) = 1 <0.000208>
[pid 329] 14:55:46.105261 libssl.so.3->EVP_DigestSignInit_ex(0x564b3840a260, 0x7ffc14983050, 0, 0) = 1 <0.000124>
[pid 329] 14:55:46.105427 libssl.so.3->EVP_DigestSign(0x564b3840a260, 0, 0x7ffc14983060, 0x7ffc14983070) = 1 <0.000109>
[pid 329] 14:55:46.105595 libssl.so.3->EVP_DigestSign(0x564b3840a260, 0x564b3840a3f0, 0x7ffc14983060, 0x7ffc14983070) = 1 <0.000252>
[pid 329] 14:55:46.106085 <... SSL_connect resumed> ) = 1 <0.006324>
Handshake duration: 6.52 ms
[pid 329] 14:55:46.108290 +++ exited (status 0) +++
Execution 66 - TLS Mutual
s_connection: verify depth is 1
[pid 331] 14:55:46.163327 openssl->SSL_connect(0x5713859d8530, 0x5713859b3e50, 0x5713859b3e50, 0x7c304e234360 <unfinished ...>
[pid 331] 14:55:46.163754 libssl.so.3->EVP_PKEY_keygen_init(0x5713859e10b0, 0, 176, 0x5713859e10b0) = 1 <0.000140>
[pid 331] 14:55:46.163931 libssl.so.3->EVP_PKEY_keygen(0x5713859e10b0, 0x7ffefc95c880, 0, 103) = 1 <0.000230>
[pid 331] 14:55:46.165643 libssl.so.3->EVP_PKEY_derive_init(0x5713859e10b0, 0, 176, 0x5713859e10b0) = 1 <0.000203>
[pid 331] 14:55:46.165936 libssl.so.3->EVP_PKEY_derive_set_peer(0x5713859e10b0, 0x5713859ddcb0, 0, 0x5713859dfe40) = 1 <0.000166>
[pid 331] 14:55:46.166145 libssl.so.3->EVP_PKEY_derive(0x5713859e10b0, 0, 0x7ffefc95c840, 0) = 1 <0.000119>
[pid 331] 14:55:46.166304 libssl.so.3->EVP_PKEY_derive(0x5713859e10b0, 0x5713859dfaf0, 0x7ffefc95c840, 5) = 1 <0.000157>
[pid 331] 14:55:46.167221 libssl.so.3->X509_verify_cert(0x5713859d8410, 0, 0x8000, 0xffffffff) = 1 <0.000509>
[pid 331] 14:55:46.167920 libssl.so.3->EVP_DigestVerifyInit_ex(0x571385905810, 0x7ffefc95c8e8, 0, 0) = 1 <0.000147>
[pid 331] 14:55:46.168119 libssl.so.3->EVP_DigestVerify(0x571385905810, 0x5713859e3278, 2420, 0x7ffefc95c8f0) = 1 <0.000181>
[pid 331] 14:55:46.168542 libssl.so.3->X509_verify_cert(0x5713859d8410, 1, 1, 0) = 1 <0.000224>
[pid 331] 14:55:46.168978 libssl.so.3->EVP_DigestSignInit_ex(0x5713859f7260, 0x7ffefc95c8d0, 0, 0) = 1 <0.000160>
[pid 331] 14:55:46.169194 libssl.so.3->EVP_DigestSign(0x5713859f7260, 0, 0x7ffefc95c8e0, 0x7ffefc95c8f0) = 1 <0.000142>
[pid 331] 14:55:46.169386 libssl.so.3->EVP_DigestSign(0x5713859f7260, 0x5713859f73f0, 0x7ffefc95c8e0, 0x7ffefc95c8f0) = 1 <0.000301>
[pid 331] 14:55:46.169920 <... SSL_connect resumed> ) = 1 <0.006603>
Handshake duration: 6.78 ms
[pid 331] 14:55:46.171986 +++ exited (status 0) +++
Execution 67 - TLS Mutual
s_connection: verify depth is 1
[pid 333] 14:55:46.226687 openssl->SSL_connect(0x64c1e6d07530, 0x64c1e6ce2e50, 0x64c1e6ce2e50, 0x7f1c999be360 <unfinished ...>
[pid 333] 14:55:46.227144 libssl.so.3->EVP_PKEY_keygen_init(0x64c1e6d100b0, 0, 176, 0x64c1e6d100b0) = 1 <0.000211>
[pid 333] 14:55:46.227404 libssl.so.3->EVP_PKEY_keygen(0x64c1e6d100b0, 0x7fffea7f3550, 0, 103) = 1 <0.000252>
[pid 333] 14:55:46.229057 libssl.so.3->EVP_PKEY_derive_init(0x64c1e6d100b0, 0, 176, 0x64c1e6d100b0) = 1 <0.000201>
[pid 333] 14:55:46.229309 libssl.so.3->EVP_PKEY_derive_set_peer(0x64c1e6d100b0, 0x64c1e6d0ccb0, 0, 0x64c1e6d0ee40) = 1 <0.000118>
[pid 333] 14:55:46.229481 libssl.so.3->EVP_PKEY_derive(0x64c1e6d100b0, 0, 0x7fffea7f3510, 0) = 1 <0.000121>
[pid 333] 14:55:46.229650 libssl.so.3->EVP_PKEY_derive(0x64c1e6d100b0, 0x64c1e6d0eaf0, 0x7fffea7f3510, 5) = 1 <0.000171>
[pid 333] 14:55:46.230510 libssl.so.3->X509_verify_cert(0x64c1e6d07410, 0, 0x8000, 0xffffffff) = 1 <0.000507>
[pid 333] 14:55:46.231214 libssl.so.3->EVP_DigestVerifyInit_ex(0x64c1e6c34810, 0x7fffea7f35b8, 0, 0) = 1 <0.000157>
[pid 333] 14:55:46.231422 libssl.so.3->EVP_DigestVerify(0x64c1e6c34810, 0x64c1e6d12278, 2420, 0x7fffea7f35c0) = 1 <0.000187>
[pid 333] 14:55:46.231834 libssl.so.3->X509_verify_cert(0x64c1e6d07410, 1, 1, 0) = 1 <0.000200>
[pid 333] 14:55:46.232239 libssl.so.3->EVP_DigestSignInit_ex(0x64c1e6d26260, 0x7fffea7f35a0, 0, 0) = 1 <0.000132>
[pid 333] 14:55:46.232485 libssl.so.3->EVP_DigestSign(0x64c1e6d26260, 0, 0x7fffea7f35b0, 0x7fffea7f35c0) = 1 <0.000160>
[pid 333] 14:55:46.232692 libssl.so.3->EVP_DigestSign(0x64c1e6d26260, 0x64c1e6d263f0, 0x7fffea7f35b0, 0x7fffea7f35c0) = 1 <0.000255>
[pid 333] 14:55:46.233250 <... SSL_connect resumed> ) = 1 <0.006566>
Handshake duration: 6.75 ms
[pid 333] 14:55:46.235310 +++ exited (status 0) +++
Execution 68 - TLS Mutual
s_connection: verify depth is 1
[pid 335] 14:55:46.290913 openssl->SSL_connect(0x61aae3434530, 0x61aae340fe50, 0x61aae340fe50, 0x794ddcf1e360 <unfinished ...>
[pid 335] 14:55:46.291453 libssl.so.3->EVP_PKEY_keygen_init(0x61aae343d0b0, 0, 176, 0x61aae343d0b0) = 1 <0.000222>
[pid 335] 14:55:46.291722 libssl.so.3->EVP_PKEY_keygen(0x61aae343d0b0, 0x7fffe5eb8060, 0, 103) = 1 <0.000237>
[pid 335] 14:55:46.293313 libssl.so.3->EVP_PKEY_derive_init(0x61aae343d0b0, 0, 176, 0x61aae343d0b0) = 1 <0.000133>
[pid 335] 14:55:46.293500 libssl.so.3->EVP_PKEY_derive_set_peer(0x61aae343d0b0, 0x61aae3439cb0, 0, 0x61aae343be40) = 1 <0.000127>
[pid 335] 14:55:46.293697 libssl.so.3->EVP_PKEY_derive(0x61aae343d0b0, 0, 0x7fffe5eb8020, 0) = 1 <0.000186>
[pid 335] 14:55:46.294017 libssl.so.3->EVP_PKEY_derive(0x61aae343d0b0, 0x61aae343baf0, 0x7fffe5eb8020, 5) = 1 <0.000201>
[pid 335] 14:55:46.294866 libssl.so.3->X509_verify_cert(0x61aae3434410, 0, 0x8000, 0xffffffff) = 1 <0.000423>
[pid 335] 14:55:46.295479 libssl.so.3->EVP_DigestVerifyInit_ex(0x61aae3361810, 0x7fffe5eb80c8, 0, 0) = 1 <0.000152>
[pid 335] 14:55:46.295674 libssl.so.3->EVP_DigestVerify(0x61aae3361810, 0x61aae343f278, 2420, 0x7fffe5eb80d0) = 1 <0.000158>
[pid 335] 14:55:46.296032 libssl.so.3->X509_verify_cert(0x61aae3434410, 1, 1, 0) = 1 <0.000179>
[pid 335] 14:55:46.296404 libssl.so.3->EVP_DigestSignInit_ex(0x61aae3453260, 0x7fffe5eb80b0, 0, 0) = 1 <0.000128>
[pid 335] 14:55:46.296581 libssl.so.3->EVP_DigestSign(0x61aae3453260, 0, 0x7fffe5eb80c0, 0x7fffe5eb80d0) = 1 <0.000100>
[pid 335] 14:55:46.296729 libssl.so.3->EVP_DigestSign(0x61aae3453260, 0x61aae34533f0, 0x7fffe5eb80c0, 0x7fffe5eb80d0) = 1 <0.000352>
[pid 335] 14:55:46.297318 <... SSL_connect resumed> ) = 1 <0.006414>
Handshake duration: 6.58 ms
[pid 335] 14:55:46.299322 +++ exited (status 0) +++
Execution 69 - TLS Mutual
s_connection: verify depth is 1
[pid 337] 14:55:46.357128 openssl->SSL_connect(0x603800749530, 0x603800724e50, 0x603800724e50, 0x7201aace1360 <unfinished ...>
[pid 337] 14:55:46.357602 libssl.so.3->EVP_PKEY_keygen_init(0x6038007520b0, 0, 176, 0x6038007520b0) = 1 <0.000228>
[pid 337] 14:55:46.357906 libssl.so.3->EVP_PKEY_keygen(0x6038007520b0, 0x7ffc57d39740, 0, 103) = 1 <0.000280>
[pid 337] 14:55:46.359674 libssl.so.3->EVP_PKEY_derive_init(0x6038007520b0, 0, 176, 0x6038007520b0) = 1 <0.000142>
[pid 337] 14:55:46.359859 libssl.so.3->EVP_PKEY_derive_set_peer(0x6038007520b0, 0x60380074ecb0, 0, 0x603800750e40) = 1 <0.000137>
[pid 337] 14:55:46.360047 libssl.so.3->EVP_PKEY_derive(0x6038007520b0, 0, 0x7ffc57d39700, 0) = 1 <0.000136>
[pid 337] 14:55:46.360234 libssl.so.3->EVP_PKEY_derive(0x6038007520b0, 0x603800750af0, 0x7ffc57d39700, 5) = 1 <0.000165>
[pid 337] 14:55:46.361256 libssl.so.3->X509_verify_cert(0x603800749410, 0, 0x8000, 0xffffffff) = 1 <0.000494>
[pid 337] 14:55:46.361930 libssl.so.3->EVP_DigestVerifyInit_ex(0x603800676810, 0x7ffc57d397a8, 0, 0) = 1 <0.000135>
[pid 337] 14:55:46.362112 libssl.so.3->EVP_DigestVerify(0x603800676810, 0x603800754278, 2420, 0x7ffc57d397b0) = 1 <0.000141>
[pid 337] 14:55:46.362454 libssl.so.3->X509_verify_cert(0x603800749410, 1, 1, 0) = 1 <0.000198>
[pid 337] 14:55:46.362857 libssl.so.3->EVP_DigestSignInit_ex(0x603800768260, 0x7ffc57d39790, 0, 0) = 1 <0.000119>
[pid 337] 14:55:46.363016 libssl.so.3->EVP_DigestSign(0x603800768260, 0, 0x7ffc57d397a0, 0x7ffc57d397b0) = 1 <0.000122>
[pid 337] 14:55:46.363184 libssl.so.3->EVP_DigestSign(0x603800768260, 0x6038007683f0, 0x7ffc57d397a0, 0x7ffc57d397b0) = 1 <0.000317>
[pid 337] 14:55:46.363821 <... SSL_connect resumed> ) = 1 <0.006701>
Handshake duration: 6.88 ms
[pid 337] 14:55:46.366168 +++ exited (status 0) +++
Execution 70 - TLS Mutual
s_connection: verify depth is 1
[pid 339] 14:55:46.425605 openssl->SSL_connect(0x6081c13ed530, 0x6081c13c8e50, 0x6081c13c8e50, 0x707b0dd44360 <unfinished ...>
[pid 339] 14:55:46.426135 libssl.so.3->EVP_PKEY_keygen_init(0x6081c13f60b0, 0, 176, 0x6081c13f60b0) = 1 <0.000228>
[pid 339] 14:55:46.426424 libssl.so.3->EVP_PKEY_keygen(0x6081c13f60b0, 0x7fffb910c6e0, 0, 103) = 1 <0.000301>
[pid 339] 14:55:46.428209 libssl.so.3->EVP_PKEY_derive_init(0x6081c13f60b0, 0, 176, 0x6081c13f60b0) = 1 <0.000162>
[pid 339] 14:55:46.428428 libssl.so.3->EVP_PKEY_derive_set_peer(0x6081c13f60b0, 0x6081c13f2cb0, 0, 0x6081c13f4e40) = 1 <0.000168>
[pid 339] 14:55:46.428643 libssl.so.3->EVP_PKEY_derive(0x6081c13f60b0, 0, 0x7fffb910c6a0, 0) = 1 <0.000124>
[pid 339] 14:55:46.428811 libssl.so.3->EVP_PKEY_derive(0x6081c13f60b0, 0x6081c13f4af0, 0x7fffb910c6a0, 5) = 1 <0.000171>
[pid 339] 14:55:46.429715 libssl.so.3->X509_verify_cert(0x6081c13ed410, 0, 0x8000, 0xffffffff) = 1 <0.000499>
[pid 339] 14:55:46.430419 libssl.so.3->EVP_DigestVerifyInit_ex(0x6081c131a810, 0x7fffb910c748, 0, 0) = 1 <0.000146>
[pid 339] 14:55:46.430622 libssl.so.3->EVP_DigestVerify(0x6081c131a810, 0x6081c13f8278, 2420, 0x7fffb910c750) = 1 <0.000168>
[pid 339] 14:55:46.431007 libssl.so.3->X509_verify_cert(0x6081c13ed410, 1, 1, 0) = 1 <0.000197>
[pid 339] 14:55:46.431410 libssl.so.3->EVP_DigestSignInit_ex(0x6081c140c260, 0x7fffb910c730, 0, 0) = 1 <0.000138>
[pid 339] 14:55:46.431626 libssl.so.3->EVP_DigestSign(0x6081c140c260, 0, 0x7fffb910c740, 0x7fffb910c750) = 1 <0.000120>
[pid 339] 14:55:46.431803 libssl.so.3->EVP_DigestSign(0x6081c140c260, 0x6081c140c3f0, 0x7fffb910c740, 0x7fffb910c750) = 1 <0.000308>
[pid 339] 14:55:46.432387 <... SSL_connect resumed> ) = 1 <0.006815>
Handshake duration: 7.03 ms
[pid 339] 14:55:46.434588 +++ exited (status 0) +++
Execution 71 - TLS Mutual
s_connection: verify depth is 1
[pid 341] 14:55:46.492287 openssl->SSL_connect(0x59795985d530, 0x597959838e50, 0x597959838e50, 0x7fcb5275e360 <unfinished ...>
[pid 341] 14:55:46.492729 libssl.so.3->EVP_PKEY_keygen_init(0x5979598660b0, 0, 176, 0x5979598660b0) = 1 <0.000184>
[pid 341] 14:55:46.492981 libssl.so.3->EVP_PKEY_keygen(0x5979598660b0, 0x7ffc52b823e0, 0, 103) = 1 <0.000220>
[pid 341] 14:55:46.494597 libssl.so.3->EVP_PKEY_derive_init(0x5979598660b0, 0, 176, 0x5979598660b0) = 1 <0.000188>
[pid 341] 14:55:46.494834 libssl.so.3->EVP_PKEY_derive_set_peer(0x5979598660b0, 0x597959862cb0, 0, 0x597959864e40) = 1 <0.000122>
[pid 341] 14:55:46.495014 libssl.so.3->EVP_PKEY_derive(0x5979598660b0, 0, 0x7ffc52b823a0, 0) = 1 <0.000138>
[pid 341] 14:55:46.495212 libssl.so.3->EVP_PKEY_derive(0x5979598660b0, 0x597959864af0, 0x7ffc52b823a0, 5) = 1 <0.000153>
[pid 341] 14:55:46.496036 libssl.so.3->X509_verify_cert(0x59795985d410, 0, 0x8000, 0xffffffff) = 1 <0.000446>
[pid 341] 14:55:46.496699 libssl.so.3->EVP_DigestVerifyInit_ex(0x59795978a810, 0x7ffc52b82448, 0, 0) = 1 <0.000145>
[pid 341] 14:55:46.496889 libssl.so.3->EVP_DigestVerify(0x59795978a810, 0x597959868278, 2420, 0x7ffc52b82450) = 1 <0.000170>
[pid 341] 14:55:46.497272 libssl.so.3->X509_verify_cert(0x59795985d410, 1, 1, 0) = 1 <0.000194>
[pid 341] 14:55:46.497708 libssl.so.3->EVP_DigestSignInit_ex(0x59795987c260, 0x7ffc52b82430, 0, 0) = 1 <0.000152>
[pid 341] 14:55:46.497914 libssl.so.3->EVP_DigestSign(0x59795987c260, 0, 0x7ffc52b82440, 0x7ffc52b82450) = 1 <0.000113>
[pid 341] 14:55:46.498103 libssl.so.3->EVP_DigestSign(0x59795987c260, 0x59795987c3f0, 0x7ffc52b82440, 0x7ffc52b82450) = 1 <0.000299>
[pid 341] 14:55:46.498671 <... SSL_connect resumed> ) = 1 <0.006390>
Handshake duration: 6.58 ms
[pid 341] 14:55:46.500954 +++ exited (status 0) +++
Execution 72 - TLS Mutual
s_connection: verify depth is 1
[pid 343] 14:55:46.556741 openssl->SSL_connect(0x603885c9c530, 0x603885c77e50, 0x603885c77e50, 0x7c97e1898360 <unfinished ...>
[pid 343] 14:55:46.557251 libssl.so.3->EVP_PKEY_keygen_init(0x603885ca50b0, 0, 176, 0x603885ca50b0) = 1 <0.000256>
[pid 343] 14:55:46.557602 libssl.so.3->EVP_PKEY_keygen(0x603885ca50b0, 0x7fffc3776dd0, 0, 103) = 1 <0.000289>
[pid 343] 14:55:46.559448 libssl.so.3->EVP_PKEY_derive_init(0x603885ca50b0, 0, 176, 0x603885ca50b0) = 1 <0.000204>
[pid 343] 14:55:46.559707 libssl.so.3->EVP_PKEY_derive_set_peer(0x603885ca50b0, 0x603885ca1cb0, 0, 0x603885ca3e40) = 1 <0.000140>
[pid 343] 14:55:46.559898 libssl.so.3->EVP_PKEY_derive(0x603885ca50b0, 0, 0x7fffc3776d90, 0) = 1 <0.000114>
[pid 343] 14:55:46.560066 libssl.so.3->EVP_PKEY_derive(0x603885ca50b0, 0x603885ca3af0, 0x7fffc3776d90, 5) = 1 <0.000173>
[pid 343] 14:55:46.561032 libssl.so.3->X509_verify_cert(0x603885c9c410, 0, 0x8000, 0xffffffff) = 1 <0.000518>
[pid 343] 14:55:46.561739 libssl.so.3->EVP_DigestVerifyInit_ex(0x603885bc9810, 0x7fffc3776e38, 0, 0) = 1 <0.000158>
[pid 343] 14:55:46.561940 libssl.so.3->EVP_DigestVerify(0x603885bc9810, 0x603885ca7278, 2420, 0x7fffc3776e40) = 1 <0.000151>
[pid 343] 14:55:46.562290 libssl.so.3->X509_verify_cert(0x603885c9c410, 1, 1, 0) = 1 <0.000175>
[pid 343] 14:55:46.562717 libssl.so.3->EVP_DigestSignInit_ex(0x603885cbb260, 0x7fffc3776e20, 0, 0) = 1 <0.000141>
[pid 343] 14:55:46.562902 libssl.so.3->EVP_DigestSign(0x603885cbb260, 0, 0x7fffc3776e30, 0x7fffc3776e40) = 1 <0.000121>
[pid 343] 14:55:46.563122 libssl.so.3->EVP_DigestSign(0x603885cbb260, 0x603885cbb3f0, 0x7fffc3776e30, 0x7fffc3776e40) = 1 <0.000307>
[pid 343] 14:55:46.563735 <... SSL_connect resumed> ) = 1 <0.006990>
Handshake duration: 7.22 ms
[pid 343] 14:55:46.565966 +++ exited (status 0) +++
Execution 73 - TLS Mutual
s_connection: verify depth is 1
[pid 345] 14:55:46.623283 openssl->SSL_connect(0x650128d60530, 0x650128d3be50, 0x650128d3be50, 0x7be7a74e2360 <unfinished ...>
[pid 345] 14:55:46.623735 libssl.so.3->EVP_PKEY_keygen_init(0x650128d690b0, 0, 176, 0x650128d690b0) = 1 <0.000148>
[pid 345] 14:55:46.623949 libssl.so.3->EVP_PKEY_keygen(0x650128d690b0, 0x7ffc4f453160, 0, 103) = 1 <0.000229>
[pid 345] 14:55:46.625496 libssl.so.3->EVP_PKEY_derive_init(0x650128d690b0, 0, 176, 0x650128d690b0) = 1 <0.000148>
[pid 345] 14:55:46.625692 libssl.so.3->EVP_PKEY_derive_set_peer(0x650128d690b0, 0x650128d65cb0, 0, 0x650128d67e40) = 1 <0.000112>
[pid 345] 14:55:46.625848 libssl.so.3->EVP_PKEY_derive(0x650128d690b0, 0, 0x7ffc4f453120, 0) = 1 <0.000116>
[pid 345] 14:55:46.626009 libssl.so.3->EVP_PKEY_derive(0x650128d690b0, 0x650128d67af0, 0x7ffc4f453120, 5) = 1 <0.000190>
[pid 345] 14:55:46.626969 libssl.so.3->X509_verify_cert(0x650128d60410, 0, 0x8000, 0xffffffff) = 1 <0.000487>
[pid 345] 14:55:46.627672 libssl.so.3->EVP_DigestVerifyInit_ex(0x650128c8d810, 0x7ffc4f4531c8, 0, 0) = 1 <0.000168>
[pid 345] 14:55:46.627889 libssl.so.3->EVP_DigestVerify(0x650128c8d810, 0x650128d6b278, 2420, 0x7ffc4f4531d0) = 1 <0.000175>
[pid 345] 14:55:46.628277 libssl.so.3->X509_verify_cert(0x650128d60410, 1, 1, 0) = 1 <0.000202>
[pid 345] 14:55:46.628703 libssl.so.3->EVP_DigestSignInit_ex(0x650128d7f260, 0x7ffc4f4531b0, 0, 0) = 1 <0.000159>
[pid 345] 14:55:46.628939 libssl.so.3->EVP_DigestSign(0x650128d7f260, 0, 0x7ffc4f4531c0, 0x7ffc4f4531d0) = 1 <0.000153>
[pid 345] 14:55:46.629136 libssl.so.3->EVP_DigestSign(0x650128d7f260, 0x650128d7f3f0, 0x7ffc4f4531c0, 0x7ffc4f4531d0) = 1 <0.000286>
[pid 345] 14:55:46.629671 <... SSL_connect resumed> ) = 1 <0.006399>
Handshake duration: 6.57 ms
[pid 345] 14:55:46.631791 +++ exited (status 0) +++
Execution 74 - TLS Mutual
s_connection: verify depth is 1
[pid 347] 14:55:46.689980 openssl->SSL_connect(0x6184886e2530, 0x6184886bde50, 0x6184886bde50, 0x75ef1cfc0360 <unfinished ...>
[pid 347] 14:55:46.690391 libssl.so.3->EVP_PKEY_keygen_init(0x6184886eb0b0, 0, 176, 0x6184886eb0b0) = 1 <0.000162>
[pid 347] 14:55:46.690625 libssl.so.3->EVP_PKEY_keygen(0x6184886eb0b0, 0x7ffdef9631b0, 0, 103) = 1 <0.000272>
[pid 347] 14:55:46.692373 libssl.so.3->EVP_PKEY_derive_init(0x6184886eb0b0, 0, 176, 0x6184886eb0b0) = 1 <0.000186>
[pid 347] 14:55:46.692614 libssl.so.3->EVP_PKEY_derive_set_peer(0x6184886eb0b0, 0x6184886e7cb0, 0, 0x6184886e9e40) = 1 <0.000112>
[pid 347] 14:55:46.692772 libssl.so.3->EVP_PKEY_derive(0x6184886eb0b0, 0, 0x7ffdef963170, 0) = 1 <0.000129>
[pid 347] 14:55:46.692948 libssl.so.3->EVP_PKEY_derive(0x6184886eb0b0, 0x6184886e9af0, 0x7ffdef963170, 5) = 1 <0.000166>
[pid 347] 14:55:46.693809 libssl.so.3->X509_verify_cert(0x6184886e2410, 0, 0x8000, 0xffffffff) = 1 <0.000444>
[pid 347] 14:55:46.694456 libssl.so.3->EVP_DigestVerifyInit_ex(0x61848860f810, 0x7ffdef963218, 0, 0) = 1 <0.000287>
[pid 347] 14:55:46.694786 libssl.so.3->EVP_DigestVerify(0x61848860f810, 0x6184886ed278, 2420, 0x7ffdef963220) = 1 <0.000166>
[pid 347] 14:55:46.695238 libssl.so.3->X509_verify_cert(0x6184886e2410, 1, 1, 0) = 1 <0.000265>
[pid 347] 14:55:46.695933 libssl.so.3->EVP_DigestSignInit_ex(0x618488701260, 0x7ffdef963200, 0, 0) = 1 <0.000168>
[pid 347] 14:55:46.696145 libssl.so.3->EVP_DigestSign(0x618488701260, 0, 0x7ffdef963210, 0x7ffdef963220) = 1 <0.000124>
[pid 347] 14:55:46.696324 libssl.so.3->EVP_DigestSign(0x618488701260, 0x6184887013f0, 0x7ffdef963210, 0x7ffdef963220) = 1 <0.000317>
[pid 347] 14:55:46.696904 <... SSL_connect resumed> ) = 1 <0.006931>
Handshake duration: 7.19 ms
[pid 347] 14:55:46.699266 +++ exited (status 0) +++
Execution 75 - TLS Mutual
s_connection: verify depth is 1
[pid 349] 14:55:46.756269 openssl->SSL_connect(0x60e94c52a530, 0x60e94c505e50, 0x60e94c505e50, 0x7f5228299360 <unfinished ...>
[pid 349] 14:55:46.756700 libssl.so.3->EVP_PKEY_keygen_init(0x60e94c5330b0, 0, 176, 0x60e94c5330b0) = 1 <0.000146>
[pid 349] 14:55:46.756899 libssl.so.3->EVP_PKEY_keygen(0x60e94c5330b0, 0x7ffd1248a650, 0, 103) = 1 <0.000270>
[pid 349] 14:55:46.758548 libssl.so.3->EVP_PKEY_derive_init(0x60e94c5330b0, 0, 176, 0x60e94c5330b0) = 1 <0.000160>
[pid 349] 14:55:46.758752 libssl.so.3->EVP_PKEY_derive_set_peer(0x60e94c5330b0, 0x60e94c52fcb0, 0, 0x60e94c531e40) = 1 <0.000106>
[pid 349] 14:55:46.758901 libssl.so.3->EVP_PKEY_derive(0x60e94c5330b0, 0, 0x7ffd1248a610, 0) = 1 <0.000115>
[pid 349] 14:55:46.759058 libssl.so.3->EVP_PKEY_derive(0x60e94c5330b0, 0x60e94c531af0, 0x7ffd1248a610, 5) = 1 <0.000164>
[pid 349] 14:55:46.759874 libssl.so.3->X509_verify_cert(0x60e94c52a410, 0, 0x8000, 0xffffffff) = 1 <0.000561>
[pid 349] 14:55:46.760694 libssl.so.3->EVP_DigestVerifyInit_ex(0x60e94c457810, 0x7ffd1248a6b8, 0, 0) = 1 <0.000182>
[pid 349] 14:55:46.760923 libssl.so.3->EVP_DigestVerify(0x60e94c457810, 0x60e94c535278, 2420, 0x7ffd1248a6c0) = 1 <0.000219>
[pid 349] 14:55:46.761379 libssl.so.3->X509_verify_cert(0x60e94c52a410, 1, 1, 0) = 1 <0.000237>
[pid 349] 14:55:46.761874 libssl.so.3->EVP_DigestSignInit_ex(0x60e94c549260, 0x7ffd1248a6a0, 0, 0) = 1 <0.000187>
[pid 349] 14:55:46.762105 libssl.so.3->EVP_DigestSign(0x60e94c549260, 0, 0x7ffd1248a6b0, 0x7ffd1248a6c0) = 1 <0.000128>
[pid 349] 14:55:46.762278 libssl.so.3->EVP_DigestSign(0x60e94c549260, 0x60e94c5493f0, 0x7ffd1248a6b0, 0x7ffd1248a6c0) = 1 <0.000349>
[pid 349] 14:55:46.762887 <... SSL_connect resumed> ) = 1 <0.006625>
Handshake duration: 6.81 ms
[pid 349] 14:55:46.764915 +++ exited (status 0) +++
Execution 76 - TLS Mutual
s_connection: verify depth is 1
[pid 351] 14:55:46.820545 openssl->SSL_connect(0x5ac47dfa6530, 0x5ac47df81e50, 0x5ac47df81e50, 0x7bf2de2e6360 <unfinished ...>
[pid 351] 14:55:46.821060 libssl.so.3->EVP_PKEY_keygen_init(0x5ac47dfaf0b0, 0, 176, 0x5ac47dfaf0b0) = 1 <0.000171>
[pid 351] 14:55:46.821277 libssl.so.3->EVP_PKEY_keygen(0x5ac47dfaf0b0, 0x7fffd51ed3f0, 0, 103) = 1 <0.000351>
[pid 351] 14:55:46.823039 libssl.so.3->EVP_PKEY_derive_init(0x5ac47dfaf0b0, 0, 176, 0x5ac47dfaf0b0) = 1 <0.000153>
[pid 351] 14:55:46.823245 libssl.so.3->EVP_PKEY_derive_set_peer(0x5ac47dfaf0b0, 0x5ac47dfabcb0, 0, 0x5ac47dfade40) = 1 <0.000119>
[pid 351] 14:55:46.823410 libssl.so.3->EVP_PKEY_derive(0x5ac47dfaf0b0, 0, 0x7fffd51ed3b0, 0) = 1 <0.000136>
[pid 351] 14:55:46.823624 libssl.so.3->EVP_PKEY_derive(0x5ac47dfaf0b0, 0x5ac47dfadaf0, 0x7fffd51ed3b0, 5) = 1 <0.000190>
[pid 351] 14:55:46.824589 libssl.so.3->X509_verify_cert(0x5ac47dfa6410, 0, 0x8000, 0xffffffff) = 1 <0.000491>
[pid 351] 14:55:46.825270 libssl.so.3->EVP_DigestVerifyInit_ex(0x5ac47ded3810, 0x7fffd51ed458, 0, 0) = 1 <0.000142>
[pid 351] 14:55:46.825461 libssl.so.3->EVP_DigestVerify(0x5ac47ded3810, 0x5ac47dfb1278, 2420, 0x7fffd51ed460) = 1 <0.000192>
[pid 351] 14:55:46.825876 libssl.so.3->X509_verify_cert(0x5ac47dfa6410, 1, 1, 0) = 1 <0.000251>
[pid 351] 14:55:46.826333 libssl.so.3->EVP_DigestSignInit_ex(0x5ac47dfc5260, 0x7fffd51ed440, 0, 0) = 1 <0.000145>
[pid 351] 14:55:46.826527 libssl.so.3->EVP_DigestSign(0x5ac47dfc5260, 0, 0x7fffd51ed450, 0x7fffd51ed460) = 1 <0.000156>
[pid 351] 14:55:46.826740 libssl.so.3->EVP_DigestSign(0x5ac47dfc5260, 0x5ac47dfc53f0, 0x7fffd51ed450, 0x7fffd51ed460) = 1 <0.000277>
[pid 351] 14:55:46.827257 <... SSL_connect resumed> ) = 1 <0.006721>
Handshake duration: 6.92 ms
[pid 351] 14:55:46.829395 +++ exited (status 0) +++
Execution 77 - TLS Mutual
s_connection: verify depth is 1
[pid 353] 14:55:46.889528 openssl->SSL_connect(0x61d2a6a9e530, 0x61d2a6a79e50, 0x61d2a6a79e50, 0x759e8d5f2360 <unfinished ...>
[pid 353] 14:55:46.889994 libssl.so.3->EVP_PKEY_keygen_init(0x61d2a6aa70b0, 0, 176, 0x61d2a6aa70b0) = 1 <0.000149>
[pid 353] 14:55:46.890214 libssl.so.3->EVP_PKEY_keygen(0x61d2a6aa70b0, 0x7ffcc3cb5ae0, 0, 103) = 1 <0.000306>
[pid 353] 14:55:46.891999 libssl.so.3->EVP_PKEY_derive_init(0x61d2a6aa70b0, 0, 176, 0x61d2a6aa70b0) = 1 <0.000158>
[pid 353] 14:55:46.892263 libssl.so.3->EVP_PKEY_derive_set_peer(0x61d2a6aa70b0, 0x61d2a6aa3cb0, 0, 0x61d2a6aa5e40) = 1 <0.000143>
[pid 353] 14:55:46.892449 libssl.so.3->EVP_PKEY_derive(0x61d2a6aa70b0, 0, 0x7ffcc3cb5aa0, 0) = 1 <0.000130>
[pid 353] 14:55:46.892624 libssl.so.3->EVP_PKEY_derive(0x61d2a6aa70b0, 0x61d2a6aa5af0, 0x7ffcc3cb5aa0, 5) = 1 <0.000163>
[pid 353] 14:55:46.893538 libssl.so.3->X509_verify_cert(0x61d2a6a9e410, 0, 0x8000, 0xffffffff) = 1 <0.000576>
[pid 353] 14:55:46.894369 libssl.so.3->EVP_DigestVerifyInit_ex(0x61d2a69cb810, 0x7ffcc3cb5b48, 0, 0) = 1 <0.000172>
[pid 353] 14:55:46.894601 libssl.so.3->EVP_DigestVerify(0x61d2a69cb810, 0x61d2a6aa9278, 2420, 0x7ffcc3cb5b50) = 1 <0.000213>
[pid 353] 14:55:46.895035 libssl.so.3->X509_verify_cert(0x61d2a6a9e410, 1, 1, 0) = 1 <0.000210>
[pid 353] 14:55:46.895484 libssl.so.3->EVP_DigestSignInit_ex(0x61d2a6abd260, 0x7ffcc3cb5b30, 0, 0) = 1 <0.000176>
[pid 353] 14:55:46.895717 libssl.so.3->EVP_DigestSign(0x61d2a6abd260, 0, 0x7ffcc3cb5b40, 0x7ffcc3cb5b50) = 1 <0.000126>
[pid 353] 14:55:46.895886 libssl.so.3->EVP_DigestSign(0x61d2a6abd260, 0x61d2a6abd3f0, 0x7ffcc3cb5b40, 0x7ffcc3cb5b50) = 1 <0.000548>
[pid 353] 14:55:46.896765 <... SSL_connect resumed> ) = 1 <0.007247>
Handshake duration: 7.46 ms
[pid 353] 14:55:46.899053 +++ exited (status 0) +++
Execution 78 - TLS Mutual
s_connection: verify depth is 1
[pid 355] 14:55:46.955185 openssl->SSL_connect(0x5d160e382530, 0x5d160e35de50, 0x5d160e35de50, 0x7d50dc9cf360 <unfinished ...>
[pid 355] 14:55:46.955657 libssl.so.3->EVP_PKEY_keygen_init(0x5d160e38b0b0, 0, 176, 0x5d160e38b0b0) = 1 <0.000198>
[pid 355] 14:55:46.955909 libssl.so.3->EVP_PKEY_keygen(0x5d160e38b0b0, 0x7ffdf223dca0, 0, 103) = 1 <0.000213>
[pid 355] 14:55:46.957472 libssl.so.3->EVP_PKEY_derive_init(0x5d160e38b0b0, 0, 176, 0x5d160e38b0b0) = 1 <0.000164>
[pid 355] 14:55:46.957678 libssl.so.3->EVP_PKEY_derive_set_peer(0x5d160e38b0b0, 0x5d160e387cb0, 0, 0x5d160e389e40) = 1 <0.000119>
[pid 355] 14:55:46.957841 libssl.so.3->EVP_PKEY_derive(0x5d160e38b0b0, 0, 0x7ffdf223dc60, 0) = 1 <0.000101>
[pid 355] 14:55:46.957990 libssl.so.3->EVP_PKEY_derive(0x5d160e38b0b0, 0x5d160e389af0, 0x7ffdf223dc60, 5) = 1 <0.000158>
[pid 355] 14:55:46.958870 libssl.so.3->X509_verify_cert(0x5d160e382410, 0, 0x8000, 0xffffffff) = 1 <0.000507>
[pid 355] 14:55:46.959583 libssl.so.3->EVP_DigestVerifyInit_ex(0x5d160e2af810, 0x7ffdf223dd08, 0, 0) = 1 <0.000127>
[pid 355] 14:55:46.959760 libssl.so.3->EVP_DigestVerify(0x5d160e2af810, 0x5d160e38d278, 2420, 0x7ffdf223dd10) = 1 <0.000158>
[pid 355] 14:55:46.960117 libssl.so.3->X509_verify_cert(0x5d160e382410, 1, 1, 0) = 1 <0.000183>
[pid 355] 14:55:46.960489 libssl.so.3->EVP_DigestSignInit_ex(0x5d160e3a1260, 0x7ffdf223dcf0, 0, 0) = 1 <0.000138>
[pid 355] 14:55:46.960664 libssl.so.3->EVP_DigestSign(0x5d160e3a1260, 0, 0x7ffdf223dd00, 0x7ffdf223dd10) = 1 <0.000100>
[pid 355] 14:55:46.960814 libssl.so.3->EVP_DigestSign(0x5d160e3a1260, 0x5d160e3a13f0, 0x7ffdf223dd00, 0x7ffdf223dd10) = 1 <0.000272>
[pid 355] 14:55:46.961302 <... SSL_connect resumed> ) = 1 <0.006125>
Handshake duration: 6.29 ms
[pid 355] 14:55:46.963399 +++ exited (status 0) +++
Execution 79 - TLS Mutual
s_connection: verify depth is 1
[pid 357] 14:55:47.018545 openssl->SSL_connect(0x55994f53e530, 0x55994f519e50, 0x55994f519e50, 0x75ee52449360 <unfinished ...>
[pid 357] 14:55:47.018986 libssl.so.3->EVP_PKEY_keygen_init(0x55994f5470b0, 0, 176, 0x55994f5470b0) = 1 <0.000162>
[pid 357] 14:55:47.019197 libssl.so.3->EVP_PKEY_keygen(0x55994f5470b0, 0x7ffeb4c8c1d0, 0, 103) = 1 <0.000221>
[pid 357] 14:55:47.020870 libssl.so.3->EVP_PKEY_derive_init(0x55994f5470b0, 0, 176, 0x55994f5470b0) = 1 <0.000127>
[pid 357] 14:55:47.021037 libssl.so.3->EVP_PKEY_derive_set_peer(0x55994f5470b0, 0x55994f543cb0, 0, 0x55994f545e40) = 1 <0.000108>
[pid 357] 14:55:47.021186 libssl.so.3->EVP_PKEY_derive(0x55994f5470b0, 0, 0x7ffeb4c8c190, 0) = 1 <0.000096>
[pid 357] 14:55:47.021332 libssl.so.3->EVP_PKEY_derive(0x55994f5470b0, 0x55994f545af0, 0x7ffeb4c8c190, 5) = 1 <0.000155>
[pid 357] 14:55:47.022166 libssl.so.3->X509_verify_cert(0x55994f53e410, 0, 0x8000, 0xffffffff) = 1 <0.000495>
[pid 357] 14:55:47.022844 libssl.so.3->EVP_DigestVerifyInit_ex(0x55994f46b810, 0x7ffeb4c8c238, 0, 0) = 1 <0.000129>
[pid 357] 14:55:47.023018 libssl.so.3->EVP_DigestVerify(0x55994f46b810, 0x55994f549278, 2420, 0x7ffeb4c8c240) = 1 <0.000162>
[pid 357] 14:55:47.023395 libssl.so.3->X509_verify_cert(0x55994f53e410, 1, 1, 0) = 1 <0.000230>
[pid 357] 14:55:47.023838 libssl.so.3->EVP_DigestSignInit_ex(0x55994f55d260, 0x7ffeb4c8c220, 0, 0) = 1 <0.000132>
[pid 357] 14:55:47.024016 libssl.so.3->EVP_DigestSign(0x55994f55d260, 0, 0x7ffeb4c8c230, 0x7ffeb4c8c240) = 1 <0.000118>
[pid 357] 14:55:47.024177 libssl.so.3->EVP_DigestSign(0x55994f55d260, 0x55994f55d3f0, 0x7ffeb4c8c230, 0x7ffeb4c8c240) = 1 <0.000265>
[pid 357] 14:55:47.024702 <... SSL_connect resumed> ) = 1 <0.006167>
Handshake duration: 6.34 ms
[pid 357] 14:55:47.026707 +++ exited (status 0) +++
Execution 80 - TLS Mutual
s_connection: verify depth is 1
[pid 359] 14:55:47.082280 openssl->SSL_connect(0x5faa6164e530, 0x5faa61629e50, 0x5faa61629e50, 0x79320ba88360 <unfinished ...>
[pid 359] 14:55:47.082782 libssl.so.3->EVP_PKEY_keygen_init(0x5faa616570b0, 0, 176, 0x5faa616570b0) = 1 <0.000219>
[pid 359] 14:55:47.083095 libssl.so.3->EVP_PKEY_keygen(0x5faa616570b0, 0x7ffc56f99f20, 0, 103) = 1 <0.000309>
[pid 359] 14:55:47.085017 libssl.so.3->EVP_PKEY_derive_init(0x5faa616570b0, 0, 176, 0x5faa616570b0) = 1 <0.000185>
[pid 359] 14:55:47.085286 libssl.so.3->EVP_PKEY_derive_set_peer(0x5faa616570b0, 0x5faa61653cb0, 0, 0x5faa61655e40) = 1 <0.000176>
[pid 359] 14:55:47.085523 libssl.so.3->EVP_PKEY_derive(0x5faa616570b0, 0, 0x7ffc56f99ee0, 0) = 1 <0.000157>
[pid 359] 14:55:47.085727 libssl.so.3->EVP_PKEY_derive(0x5faa616570b0, 0x5faa61655af0, 0x7ffc56f99ee0, 5) = 1 <0.000161>
[pid 359] 14:55:47.086637 libssl.so.3->X509_verify_cert(0x5faa6164e410, 0, 0x8000, 0xffffffff) = 1 <0.000467>
[pid 359] 14:55:47.087323 libssl.so.3->EVP_DigestVerifyInit_ex(0x5faa6157b810, 0x7ffc56f99f88, 0, 0) = 1 <0.000185>
[pid 359] 14:55:47.087543 libssl.so.3->EVP_DigestVerify(0x5faa6157b810, 0x5faa61659278, 2420, 0x7ffc56f99f90) = 1 <0.000175>
[pid 359] 14:55:47.088007 libssl.so.3->X509_verify_cert(0x5faa6164e410, 1, 1, 0) = 1 <0.000242>
[pid 359] 14:55:47.088495 libssl.so.3->EVP_DigestSignInit_ex(0x5faa6166d260, 0x7ffc56f99f70, 0, 0) = 1 <0.000188>
[pid 359] 14:55:47.088726 libssl.so.3->EVP_DigestSign(0x5faa6166d260, 0, 0x7ffc56f99f80, 0x7ffc56f99f90) = 1 <0.000136>
[pid 359] 14:55:47.088916 libssl.so.3->EVP_DigestSign(0x5faa6166d260, 0x5faa6166d3f0, 0x7ffc56f99f80, 0x7ffc56f99f90) = 1 <0.000261>
[pid 359] 14:55:47.089435 <... SSL_connect resumed> ) = 1 <0.007164>
Handshake duration: 7.34 ms
[pid 359] 14:55:47.091499 +++ exited (status 0) +++
Execution 81 - TLS Mutual
s_connection: verify depth is 1
[pid 361] 14:55:47.148936 openssl->SSL_connect(0x64fa6c57e530, 0x64fa6c559e50, 0x64fa6c559e50, 0x718619f48360 <unfinished ...>
[pid 361] 14:55:47.149379 libssl.so.3->EVP_PKEY_keygen_init(0x64fa6c5870b0, 0, 176, 0x64fa6c5870b0) = 1 <0.000160>
[pid 361] 14:55:47.149601 libssl.so.3->EVP_PKEY_keygen(0x64fa6c5870b0, 0x7ffc4bdb6df0, 0, 103) = 1 <0.000371>
[pid 361] 14:55:47.151391 libssl.so.3->EVP_PKEY_derive_init(0x64fa6c5870b0, 0, 176, 0x64fa6c5870b0) = 1 <0.000192>
[pid 361] 14:55:47.151633 libssl.so.3->EVP_PKEY_derive_set_peer(0x64fa6c5870b0, 0x64fa6c583cb0, 0, 0x64fa6c585e40) = 1 <0.000121>
[pid 361] 14:55:47.151837 libssl.so.3->EVP_PKEY_derive(0x64fa6c5870b0, 0, 0x7ffc4bdb6db0, 0) = 1 <0.000227>
[pid 361] 14:55:47.152114 libssl.so.3->EVP_PKEY_derive(0x64fa6c5870b0, 0x64fa6c585af0, 0x7ffc4bdb6db0, 5) = 1 <0.000169>
[pid 361] 14:55:47.153081 libssl.so.3->X509_verify_cert(0x64fa6c57e410, 0, 0x8000, 0xffffffff) = 1 <0.000560>
[pid 361] 14:55:47.153908 libssl.so.3->EVP_DigestVerifyInit_ex(0x64fa6c4ab810, 0x7ffc4bdb6e58, 0, 0) = 1 <0.000142>
[pid 361] 14:55:47.154119 libssl.so.3->EVP_DigestVerify(0x64fa6c4ab810, 0x64fa6c589278, 2420, 0x7ffc4bdb6e60) = 1 <0.000226>
[pid 361] 14:55:47.154687 libssl.so.3->X509_verify_cert(0x64fa6c57e410, 1, 1, 0) = 1 <0.000227>
[pid 361] 14:55:47.155135 libssl.so.3->EVP_DigestSignInit_ex(0x64fa6c59d260, 0x7ffc4bdb6e40, 0, 0) = 1 <0.000115>
[pid 361] 14:55:47.155300 libssl.so.3->EVP_DigestSign(0x64fa6c59d260, 0, 0x7ffc4bdb6e50, 0x7ffc4bdb6e60) = 1 <0.000103>
[pid 361] 14:55:47.155452 libssl.so.3->EVP_DigestSign(0x64fa6c59d260, 0x64fa6c59d3f0, 0x7ffc4bdb6e50, 0x7ffc4bdb6e60) = 1 <0.000312>
[pid 361] 14:55:47.156021 <... SSL_connect resumed> ) = 1 <0.007098>
Handshake duration: 7.30 ms
[pid 361] 14:55:47.158482 +++ exited (status 0) +++
Execution 82 - TLS Mutual
s_connection: verify depth is 1
[pid 363] 14:55:47.214861 openssl->SSL_connect(0x64f1b6fb4530, 0x64f1b6f8fe50, 0x64f1b6f8fe50, 0x78aaafd9d360 <unfinished ...>
[pid 363] 14:55:47.215292 libssl.so.3->EVP_PKEY_keygen_init(0x64f1b6fbd0b0, 0, 176, 0x64f1b6fbd0b0) = 1 <0.000164>
[pid 363] 14:55:47.215515 libssl.so.3->EVP_PKEY_keygen(0x64f1b6fbd0b0, 0x7ffdff460fd0, 0, 103) = 1 <0.000263>
[pid 363] 14:55:47.217105 libssl.so.3->EVP_PKEY_derive_init(0x64f1b6fbd0b0, 0, 176, 0x64f1b6fbd0b0) = 1 <0.000146>
[pid 363] 14:55:47.217296 libssl.so.3->EVP_PKEY_derive_set_peer(0x64f1b6fbd0b0, 0x64f1b6fb9cb0, 0, 0x64f1b6fbbe40) = 1 <0.000118>
[pid 363] 14:55:47.217462 libssl.so.3->EVP_PKEY_derive(0x64f1b6fbd0b0, 0, 0x7ffdff460f90, 0) = 1 <0.000141>
[pid 363] 14:55:47.217649 libssl.so.3->EVP_PKEY_derive(0x64f1b6fbd0b0, 0x64f1b6fbbaf0, 0x7ffdff460f90, 5) = 1 <0.000157>
[pid 363] 14:55:47.218480 libssl.so.3->X509_verify_cert(0x64f1b6fb4410, 0, 0x8000, 0xffffffff) = 1 <0.000487>
[pid 363] 14:55:47.219158 libssl.so.3->EVP_DigestVerifyInit_ex(0x64f1b6ee1810, 0x7ffdff461038, 0, 0) = 1 <0.000149>
[pid 363] 14:55:47.219354 libssl.so.3->EVP_DigestVerify(0x64f1b6ee1810, 0x64f1b6fbf278, 2420, 0x7ffdff461040) = 1 <0.000183>
[pid 363] 14:55:47.219762 libssl.so.3->X509_verify_cert(0x64f1b6fb4410, 1, 1, 0) = 1 <0.000232>
[pid 363] 14:55:47.220214 libssl.so.3->EVP_DigestSignInit_ex(0x64f1b6fd3260, 0x7ffdff461020, 0, 0) = 1 <0.000160>
[pid 363] 14:55:47.220424 libssl.so.3->EVP_DigestSign(0x64f1b6fd3260, 0, 0x7ffdff461030, 0x7ffdff461040) = 1 <0.000137>
[pid 363] 14:55:47.220637 libssl.so.3->EVP_DigestSign(0x64f1b6fd3260, 0x64f1b6fd33f0, 0x7ffdff461030, 0x7ffdff461040) = 1 <0.000402>
[pid 363] 14:55:47.221289 <... SSL_connect resumed> ) = 1 <0.006434>
Handshake duration: 6.61 ms
[pid 363] 14:55:47.223595 +++ exited (status 0) +++
Execution 83 - TLS Mutual
s_connection: verify depth is 1
[pid 365] 14:55:47.280356 openssl->SSL_connect(0x5b76ca315530, 0x5b76ca2f0e50, 0x5b76ca2f0e50, 0x71627197f360 <unfinished ...>
[pid 365] 14:55:47.280809 libssl.so.3->EVP_PKEY_keygen_init(0x5b76ca31e0b0, 0, 176, 0x5b76ca31e0b0) = 1 <0.000167>
[pid 365] 14:55:47.281043 libssl.so.3->EVP_PKEY_keygen(0x5b76ca31e0b0, 0x7ffee64c72c0, 0, 103) = 1 <0.000256>
[pid 365] 14:55:47.282790 libssl.so.3->EVP_PKEY_derive_init(0x5b76ca31e0b0, 0, 176, 0x5b76ca31e0b0) = 1 <0.000164>
[pid 365] 14:55:47.282997 libssl.so.3->EVP_PKEY_derive_set_peer(0x5b76ca31e0b0, 0x5b76ca31acb0, 0, 0x5b76ca31ce40) = 1 <0.000142>
[pid 365] 14:55:47.283228 libssl.so.3->EVP_PKEY_derive(0x5b76ca31e0b0, 0, 0x7ffee64c7280, 0) = 1 <0.000181>
[pid 365] 14:55:47.283446 libssl.so.3->EVP_PKEY_derive(0x5b76ca31e0b0, 0x5b76ca31caf0, 0x7ffee64c7280, 5) = 1 <0.000211>
[pid 365] 14:55:47.284485 libssl.so.3->X509_verify_cert(0x5b76ca315410, 0, 0x8000, 0xffffffff) = 1 <0.000601>
[pid 365] 14:55:47.285327 libssl.so.3->EVP_DigestVerifyInit_ex(0x5b76ca242810, 0x7ffee64c7328, 0, 0) = 1 <0.000171>
[pid 365] 14:55:47.285541 libssl.so.3->EVP_DigestVerify(0x5b76ca242810, 0x5b76ca320278, 2420, 0x7ffee64c7330) = 1 <0.000204>
[pid 365] 14:55:47.285978 libssl.so.3->X509_verify_cert(0x5b76ca315410, 1, 1, 0) = 1 <0.000202>
[pid 365] 14:55:47.286393 libssl.so.3->EVP_DigestSignInit_ex(0x5b76ca334260, 0x7ffee64c7310, 0, 0) = 1 <0.000134>
[pid 365] 14:55:47.286584 libssl.so.3->EVP_DigestSign(0x5b76ca334260, 0, 0x7ffee64c7320, 0x7ffee64c7330) = 1 <0.000127>
[pid 365] 14:55:47.286757 libssl.so.3->EVP_DigestSign(0x5b76ca334260, 0x5b76ca3343f0, 0x7ffee64c7320, 0x7ffee64c7330) = 1 <0.000269>
[pid 365] 14:55:47.287285 <... SSL_connect resumed> ) = 1 <0.006940>
Handshake duration: 7.12 ms
[pid 365] 14:55:47.289342 +++ exited (status 0) +++
Execution 84 - TLS Mutual
s_connection: verify depth is 1
[pid 367] 14:55:47.350006 openssl->SSL_connect(0x654906b90530, 0x654906b6be50, 0x654906b6be50, 0x7e867cab0360 <unfinished ...>
[pid 367] 14:55:47.350623 libssl.so.3->EVP_PKEY_keygen_init(0x654906b990b0, 0, 176, 0x654906b990b0) = 1 <0.000187>
[pid 367] 14:55:47.350883 libssl.so.3->EVP_PKEY_keygen(0x654906b990b0, 0x7ffcde2bd3e0, 0, 103) = 1 <0.000242>
[pid 367] 14:55:47.352692 libssl.so.3->EVP_PKEY_derive_init(0x654906b990b0, 0, 176, 0x654906b990b0) = 1 <0.000230>
[pid 367] 14:55:47.352959 libssl.so.3->EVP_PKEY_derive_set_peer(0x654906b990b0, 0x654906b95cb0, 0, 0x654906b97e40) = 1 <0.000118>
[pid 367] 14:55:47.353120 libssl.so.3->EVP_PKEY_derive(0x654906b990b0, 0, 0x7ffcde2bd3a0, 0) = 1 <0.000128>
[pid 367] 14:55:47.353295 libssl.so.3->EVP_PKEY_derive(0x654906b990b0, 0x654906b97af0, 0x7ffcde2bd3a0, 5) = 1 <0.000150>
[pid 367] 14:55:47.354223 libssl.so.3->X509_verify_cert(0x654906b90410, 0, 0x8000, 0xffffffff) = 1 <0.000521>
[pid 367] 14:55:47.354942 libssl.so.3->EVP_DigestVerifyInit_ex(0x654906abd810, 0x7ffcde2bd448, 0, 0) = 1 <0.000153>
[pid 367] 14:55:47.355147 libssl.so.3->EVP_DigestVerify(0x654906abd810, 0x654906b9b278, 2420, 0x7ffcde2bd450) = 1 <0.000157>
[pid 367] 14:55:47.355513 libssl.so.3->X509_verify_cert(0x654906b90410, 1, 1, 0) = 1 <0.000202>
[pid 367] 14:55:47.355915 libssl.so.3->EVP_DigestSignInit_ex(0x654906baf260, 0x7ffcde2bd430, 0, 0) = 1 <0.000122>
[pid 367] 14:55:47.356081 libssl.so.3->EVP_DigestSign(0x654906baf260, 0, 0x7ffcde2bd440, 0x7ffcde2bd450) = 1 <0.000120>
[pid 367] 14:55:47.356243 libssl.so.3->EVP_DigestSign(0x654906baf260, 0x654906baf3f0, 0x7ffcde2bd440, 0x7ffcde2bd450) = 1 <0.000263>
[pid 367] 14:55:47.356746 <... SSL_connect resumed> ) = 1 <0.006758>
Handshake duration: 6.94 ms
[pid 367] 14:55:47.358984 +++ exited (status 0) +++
Execution 85 - TLS Mutual
s_connection: verify depth is 1
[pid 369] 14:55:47.416252 openssl->SSL_connect(0x60c2b90de530, 0x60c2b90b9e50, 0x60c2b90b9e50, 0x7cc861ccc360 <unfinished ...>
[pid 369] 14:55:47.416729 libssl.so.3->EVP_PKEY_keygen_init(0x60c2b90e70b0, 0, 176, 0x60c2b90e70b0) = 1 <0.000202>
[pid 369] 14:55:47.416998 libssl.so.3->EVP_PKEY_keygen(0x60c2b90e70b0, 0x7ffd7cfc9a50, 0, 103) = 1 <0.000305>
[pid 369] 14:55:47.418862 libssl.so.3->EVP_PKEY_derive_init(0x60c2b90e70b0, 0, 176, 0x60c2b90e70b0) = 1 <0.000174>
[pid 369] 14:55:47.419079 libssl.so.3->EVP_PKEY_derive_set_peer(0x60c2b90e70b0, 0x60c2b90e3cb0, 0, 0x60c2b90e5e40) = 1 <0.000175>
[pid 369] 14:55:47.419301 libssl.so.3->EVP_PKEY_derive(0x60c2b90e70b0, 0, 0x7ffd7cfc9a10, 0) = 1 <0.000160>
[pid 369] 14:55:47.419506 libssl.so.3->EVP_PKEY_derive(0x60c2b90e70b0, 0x60c2b90e5af0, 0x7ffd7cfc9a10, 5) = 1 <0.000202>
[pid 369] 14:55:47.420387 libssl.so.3->X509_verify_cert(0x60c2b90de410, 0, 0x8000, 0xffffffff) = 1 <0.000488>
[pid 369] 14:55:47.421067 libssl.so.3->EVP_DigestVerifyInit_ex(0x60c2b900b810, 0x7ffd7cfc9ab8, 0, 0) = 1 <0.000142>
[pid 369] 14:55:47.421266 libssl.so.3->EVP_DigestVerify(0x60c2b900b810, 0x60c2b90e9278, 2420, 0x7ffd7cfc9ac0) = 1 <0.000198>
[pid 369] 14:55:47.421710 libssl.so.3->X509_verify_cert(0x60c2b90de410, 1, 1, 0) = 1 <0.000228>
[pid 369] 14:55:47.422192 libssl.so.3->EVP_DigestSignInit_ex(0x60c2b90fd260, 0x7ffd7cfc9aa0, 0, 0) = 1 <0.000147>
[pid 369] 14:55:47.422381 libssl.so.3->EVP_DigestSign(0x60c2b90fd260, 0, 0x7ffd7cfc9ab0, 0x7ffd7cfc9ac0) = 1 <0.000109>
[pid 369] 14:55:47.422553 libssl.so.3->EVP_DigestSign(0x60c2b90fd260, 0x60c2b90fd3f0, 0x7ffd7cfc9ab0, 0x7ffd7cfc9ac0) = 1 <0.000256>
[pid 369] 14:55:47.423091 <... SSL_connect resumed> ) = 1 <0.006852>
Handshake duration: 7.03 ms
[pid 369] 14:55:47.425355 +++ exited (status 0) +++
Execution 86 - TLS Mutual
s_connection: verify depth is 1
[pid 371] 14:55:47.481740 openssl->SSL_connect(0x61f5016f0530, 0x61f5016cbe50, 0x61f5016cbe50, 0x7f7dd4e67360 <unfinished ...>
[pid 371] 14:55:47.482280 libssl.so.3->EVP_PKEY_keygen_init(0x61f5016f90b0, 0, 176, 0x61f5016f90b0) = 1 <0.000248>
[pid 371] 14:55:47.482642 libssl.so.3->EVP_PKEY_keygen(0x61f5016f90b0, 0x7ffd39375000, 0, 103) = 1 <0.000260>
[pid 371] 14:55:47.484284 libssl.so.3->EVP_PKEY_derive_init(0x61f5016f90b0, 0, 176, 0x61f5016f90b0) = 1 <0.000152>
[pid 371] 14:55:47.484483 libssl.so.3->EVP_PKEY_derive_set_peer(0x61f5016f90b0, 0x61f5016f5cb0, 0, 0x61f5016f7e40) = 1 <0.000145>
[pid 371] 14:55:47.484676 libssl.so.3->EVP_PKEY_derive(0x61f5016f90b0, 0, 0x7ffd39374fc0, 0) = 1 <0.000116>
[pid 371] 14:55:47.484833 libssl.so.3->EVP_PKEY_derive(0x61f5016f90b0, 0x61f5016f7af0, 0x7ffd39374fc0, 5) = 1 <0.000140>
[pid 371] 14:55:47.485644 libssl.so.3->X509_verify_cert(0x61f5016f0410, 0, 0x8000, 0xffffffff) = 1 <0.000460>
[pid 371] 14:55:47.486355 libssl.so.3->EVP_DigestVerifyInit_ex(0x61f50161d810, 0x7ffd39375068, 0, 0) = 1 <0.000142>
[pid 371] 14:55:47.486556 libssl.so.3->EVP_DigestVerify(0x61f50161d810, 0x61f5016fb278, 2420, 0x7ffd39375070) = 1 <0.000229>
[pid 371] 14:55:47.487062 libssl.so.3->X509_verify_cert(0x61f5016f0410, 1, 1, 0) = 1 <0.000211>
[pid 371] 14:55:47.487537 libssl.so.3->EVP_DigestSignInit_ex(0x61f50170f260, 0x7ffd39375050, 0, 0) = 1 <0.000180>
[pid 371] 14:55:47.487766 libssl.so.3->EVP_DigestSign(0x61f50170f260, 0, 0x7ffd39375060, 0x7ffd39375070) = 1 <0.000141>
[pid 371] 14:55:47.487950 libssl.so.3->EVP_DigestSign(0x61f50170f260, 0x61f50170f3f0, 0x7ffd39375060, 0x7ffd39375070) = 1 <0.000267>
[pid 371] 14:55:47.488517 <... SSL_connect resumed> ) = 1 <0.006778>
Handshake duration: 7.00 ms
[pid 371] 14:55:47.490899 +++ exited (status 0) +++
Execution 87 - TLS Mutual
s_connection: verify depth is 1
[pid 373] 14:55:47.553765 openssl->SSL_connect(0x5b332bce3530, 0x5b332bcbee50, 0x5b332bcbee50, 0x75a671860360 <unfinished ...>
[pid 373] 14:55:47.554340 libssl.so.3->EVP_PKEY_keygen_init(0x5b332bcec0b0, 0, 176, 0x5b332bcec0b0) = 1 <0.000271>
[pid 373] 14:55:47.554687 libssl.so.3->EVP_PKEY_keygen(0x5b332bcec0b0, 0x7fff11d3b510, 0, 103) = 1 <0.000258>
[pid 373] 14:55:47.556472 libssl.so.3->EVP_PKEY_derive_init(0x5b332bcec0b0, 0, 176, 0x5b332bcec0b0) = 1 <0.000253>
[pid 373] 14:55:47.556774 libssl.so.3->EVP_PKEY_derive_set_peer(0x5b332bcec0b0, 0x5b332bce8cb0, 0, 0x5b332bceae40) = 1 <0.000157>
[pid 373] 14:55:47.556980 libssl.so.3->EVP_PKEY_derive(0x5b332bcec0b0, 0, 0x7fff11d3b4d0, 0) = 1 <0.000142>
[pid 373] 14:55:47.557176 libssl.so.3->EVP_PKEY_derive(0x5b332bcec0b0, 0x5b332bceaaf0, 0x7fff11d3b4d0, 5) = 1 <0.000187>
[pid 373] 14:55:47.558225 libssl.so.3->X509_verify_cert(0x5b332bce3410, 0, 0x8000, 0xffffffff) = 1 <0.000547>
[pid 373] 14:55:47.559133 libssl.so.3->EVP_DigestVerifyInit_ex(0x5b332bc10810, 0x7fff11d3b578, 0, 0) = 1 <0.000213>
[pid 373] 14:55:47.559401 libssl.so.3->EVP_DigestVerify(0x5b332bc10810, 0x5b332bcee278, 2420, 0x7fff11d3b580) = 1 <0.000254>
[pid 373] 14:55:47.559939 libssl.so.3->X509_verify_cert(0x5b332bce3410, 1, 1, 0) = 1 <0.000249>
[pid 373] 14:55:47.560488 libssl.so.3->EVP_DigestSignInit_ex(0x5b332bd02260, 0x7fff11d3b560, 0, 0) = 1 <0.000162>
[pid 373] 14:55:47.560699 libssl.so.3->EVP_DigestSign(0x5b332bd02260, 0, 0x7fff11d3b570, 0x7fff11d3b580) = 1 <0.000134>
[pid 373] 14:55:47.560878 libssl.so.3->EVP_DigestSign(0x5b332bd02260, 0x5b332bd023f0, 0x7fff11d3b570, 0x7fff11d3b580) = 1 <0.000604>
[pid 373] 14:55:47.561858 <... SSL_connect resumed> ) = 1 <0.008104>
Handshake duration: 8.50 ms
[pid 373] 14:55:47.565180 +++ exited (status 0) +++
Execution 88 - TLS Mutual
s_connection: verify depth is 1
[pid 375] 14:55:47.623352 openssl->SSL_connect(0x60d0bf947530, 0x60d0bf922e50, 0x60d0bf922e50, 0x73a21507c360 <unfinished ...>
[pid 375] 14:55:47.623854 libssl.so.3->EVP_PKEY_keygen_init(0x60d0bf9500b0, 0, 176, 0x60d0bf9500b0) = 1 <0.000200>
[pid 375] 14:55:47.624104 libssl.so.3->EVP_PKEY_keygen(0x60d0bf9500b0, 0x7ffd6ddde660, 0, 103) = 1 <0.000230>
[pid 375] 14:55:47.625768 libssl.so.3->EVP_PKEY_derive_init(0x60d0bf9500b0, 0, 176, 0x60d0bf9500b0) = 1 <0.000146>
[pid 375] 14:55:47.625961 libssl.so.3->EVP_PKEY_derive_set_peer(0x60d0bf9500b0, 0x60d0bf94ccb0, 0, 0x60d0bf94ee40) = 1 <0.000143>
[pid 375] 14:55:47.626150 libssl.so.3->EVP_PKEY_derive(0x60d0bf9500b0, 0, 0x7ffd6ddde620, 0) = 1 <0.000114>
[pid 375] 14:55:47.626311 libssl.so.3->EVP_PKEY_derive(0x60d0bf9500b0, 0x60d0bf94eaf0, 0x7ffd6ddde620, 5) = 1 <0.000176>
[pid 375] 14:55:47.627232 libssl.so.3->X509_verify_cert(0x60d0bf947410, 0, 0x8000, 0xffffffff) = 1 <0.000496>
[pid 375] 14:55:47.627911 libssl.so.3->EVP_DigestVerifyInit_ex(0x60d0bf874810, 0x7ffd6ddde6c8, 0, 0) = 1 <0.000139>
[pid 375] 14:55:47.628100 libssl.so.3->EVP_DigestVerify(0x60d0bf874810, 0x60d0bf952278, 2420, 0x7ffd6ddde6d0) = 1 <0.000167>
[pid 375] 14:55:47.628486 libssl.so.3->X509_verify_cert(0x60d0bf947410, 1, 1, 0) = 1 <0.000185>
[pid 375] 14:55:47.628892 libssl.so.3->EVP_DigestSignInit_ex(0x60d0bf966260, 0x7ffd6ddde6b0, 0, 0) = 1 <0.000135>
[pid 375] 14:55:47.629076 libssl.so.3->EVP_DigestSign(0x60d0bf966260, 0, 0x7ffd6ddde6c0, 0x7ffd6ddde6d0) = 1 <0.000107>
[pid 375] 14:55:47.629231 libssl.so.3->EVP_DigestSign(0x60d0bf966260, 0x60d0bf9663f0, 0x7ffd6ddde6c0, 0x7ffd6ddde6d0) = 1 <0.000263>
[pid 375] 14:55:47.629730 <... SSL_connect resumed> ) = 1 <0.006387>
Handshake duration: 6.56 ms
[pid 375] 14:55:47.631866 +++ exited (status 0) +++
Execution 89 - TLS Mutual
s_connection: verify depth is 1
[pid 377] 14:55:47.689387 openssl->SSL_connect(0x637bd2660530, 0x637bd263be50, 0x637bd263be50, 0x779bb3fb0360 <unfinished ...>
[pid 377] 14:55:47.689865 libssl.so.3->EVP_PKEY_keygen_init(0x637bd26690b0, 0, 176, 0x637bd26690b0) = 1 <0.000192>
[pid 377] 14:55:47.690110 libssl.so.3->EVP_PKEY_keygen(0x637bd26690b0, 0x7ffcd0328e60, 0, 103) = 1 <0.000235>
[pid 377] 14:55:47.691728 libssl.so.3->EVP_PKEY_derive_init(0x637bd26690b0, 0, 176, 0x637bd26690b0) = 1 <0.000180>
[pid 377] 14:55:47.691953 libssl.so.3->EVP_PKEY_derive_set_peer(0x637bd26690b0, 0x637bd2665cb0, 0, 0x637bd2667e40) = 1 <0.000132>
[pid 377] 14:55:47.692132 libssl.so.3->EVP_PKEY_derive(0x637bd26690b0, 0, 0x7ffcd0328e20, 0) = 1 <0.000137>
[pid 377] 14:55:47.692318 libssl.so.3->EVP_PKEY_derive(0x637bd26690b0, 0x637bd2667af0, 0x7ffcd0328e20, 5) = 1 <0.000170>
[pid 377] 14:55:47.693173 libssl.so.3->X509_verify_cert(0x637bd2660410, 0, 0x8000, 0xffffffff) = 1 <0.000472>
[pid 377] 14:55:47.693828 libssl.so.3->EVP_DigestVerifyInit_ex(0x637bd258d810, 0x7ffcd0328ec8, 0, 0) = 1 <0.000136>
[pid 377] 14:55:47.694012 libssl.so.3->EVP_DigestVerify(0x637bd258d810, 0x637bd266b278, 2420, 0x7ffcd0328ed0) = 1 <0.000166>
[pid 377] 14:55:47.694393 libssl.so.3->X509_verify_cert(0x637bd2660410, 1, 1, 0) = 1 <0.000211>
[pid 377] 14:55:47.694810 libssl.so.3->EVP_DigestSignInit_ex(0x637bd267f260, 0x7ffcd0328eb0, 0, 0) = 1 <0.000140>
[pid 377] 14:55:47.694999 libssl.so.3->EVP_DigestSign(0x637bd267f260, 0, 0x7ffcd0328ec0, 0x7ffcd0328ed0) = 1 <0.000129>
[pid 377] 14:55:47.695174 libssl.so.3->EVP_DigestSign(0x637bd267f260, 0x637bd267f3f0, 0x7ffcd0328ec0, 0x7ffcd0328ed0) = 1 <0.000293>
[pid 377] 14:55:47.695740 <... SSL_connect resumed> ) = 1 <0.006369>
Handshake duration: 6.56 ms
[pid 377] 14:55:47.697832 +++ exited (status 0) +++
Execution 90 - TLS Mutual
s_connection: verify depth is 1
[pid 379] 14:55:47.755846 openssl->SSL_connect(0x62265d957530, 0x62265d932e50, 0x62265d932e50, 0x78b2f06c4360 <unfinished ...>
[pid 379] 14:55:47.756335 libssl.so.3->EVP_PKEY_keygen_init(0x62265d9600b0, 0, 176, 0x62265d9600b0) = 1 <0.000224>
[pid 379] 14:55:47.756643 libssl.so.3->EVP_PKEY_keygen(0x62265d9600b0, 0x7ffc9e623670, 0, 103) = 1 <0.000253>
[pid 379] 14:55:47.758347 libssl.so.3->EVP_PKEY_derive_init(0x62265d9600b0, 0, 176, 0x62265d9600b0) = 1 <0.000252>
[pid 379] 14:55:47.758659 libssl.so.3->EVP_PKEY_derive_set_peer(0x62265d9600b0, 0x62265d95ccb0, 0, 0x62265d95ee40) = 1 <0.000147>
[pid 379] 14:55:47.758853 libssl.so.3->EVP_PKEY_derive(0x62265d9600b0, 0, 0x7ffc9e623630, 0) = 1 <0.000129>
[pid 379] 14:55:47.759036 libssl.so.3->EVP_PKEY_derive(0x62265d9600b0, 0x62265d95eaf0, 0x7ffc9e623630, 5) = 1 <0.000152>
[pid 379] 14:55:47.759859 libssl.so.3->X509_verify_cert(0x62265d957410, 0, 0x8000, 0xffffffff) = 1 <0.000495>
[pid 379] 14:55:47.760616 libssl.so.3->EVP_DigestVerifyInit_ex(0x62265d884810, 0x7ffc9e6236d8, 0, 0) = 1 <0.000173>
[pid 379] 14:55:47.760832 libssl.so.3->EVP_DigestVerify(0x62265d884810, 0x62265d962278, 2420, 0x7ffc9e6236e0) = 1 <0.000185>
[pid 379] 14:55:47.761220 libssl.so.3->X509_verify_cert(0x62265d957410, 1, 1, 0) = 1 <0.000198>
[pid 379] 14:55:47.761637 libssl.so.3->EVP_DigestSignInit_ex(0x62265d976260, 0x7ffc9e6236c0, 0, 0) = 1 <0.000137>
[pid 379] 14:55:47.761822 libssl.so.3->EVP_DigestSign(0x62265d976260, 0, 0x7ffc9e6236d0, 0x7ffc9e6236e0) = 1 <0.000134>
[pid 379] 14:55:47.762006 libssl.so.3->EVP_DigestSign(0x62265d976260, 0x62265d9763f0, 0x7ffc9e6236d0, 0x7ffc9e6236e0) = 1 <0.000264>
[pid 379] 14:55:47.762518 <... SSL_connect resumed> ) = 1 <0.006681>
Handshake duration: 6.90 ms
[pid 379] 14:55:47.764655 +++ exited (status 0) +++
Execution 91 - TLS Mutual
s_connection: verify depth is 1
[pid 381] 14:55:47.821102 openssl->SSL_connect(0x64eecd042530, 0x64eecd01de50, 0x64eecd01de50, 0x733ed93ee360 <unfinished ...>
[pid 381] 14:55:47.821536 libssl.so.3->EVP_PKEY_keygen_init(0x64eecd04b0b0, 0, 176, 0x64eecd04b0b0) = 1 <0.000186>
[pid 381] 14:55:47.821772 libssl.so.3->EVP_PKEY_keygen(0x64eecd04b0b0, 0x7fffcdd925a0, 0, 103) = 1 <0.000224>
[pid 381] 14:55:47.823459 libssl.so.3->EVP_PKEY_derive_init(0x64eecd04b0b0, 0, 176, 0x64eecd04b0b0) = 1 <0.000196>
[pid 381] 14:55:47.823706 libssl.so.3->EVP_PKEY_derive_set_peer(0x64eecd04b0b0, 0x64eecd047cb0, 0, 0x64eecd049e40) = 1 <0.000138>
[pid 381] 14:55:47.823886 libssl.so.3->EVP_PKEY_derive(0x64eecd04b0b0, 0, 0x7fffcdd92560, 0) = 1 <0.000115>
[pid 381] 14:55:47.824045 libssl.so.3->EVP_PKEY_derive(0x64eecd04b0b0, 0x64eecd049af0, 0x7fffcdd92560, 5) = 1 <0.000144>
[pid 381] 14:55:47.824827 libssl.so.3->X509_verify_cert(0x64eecd042410, 0, 0x8000, 0xffffffff) = 1 <0.000485>
[pid 381] 14:55:47.826309 libssl.so.3->EVP_DigestVerifyInit_ex(0x64eeccf6f810, 0x7fffcdd92608, 0, 0) = 1 <0.000138>
[pid 381] 14:55:47.826488 libssl.so.3->EVP_DigestVerify(0x64eeccf6f810, 0x64eecd04d278, 2420, 0x7fffcdd92610) = 1 <0.000173>
[pid 381] 14:55:47.826864 libssl.so.3->X509_verify_cert(0x64eecd042410, 1, 1, 0) = 1 <0.000289>
[pid 381] 14:55:47.827406 libssl.so.3->EVP_DigestSignInit_ex(0x64eecd061260, 0x7fffcdd925f0, 0, 0) = 1 <0.000206>
[pid 381] 14:55:47.827670 libssl.so.3->EVP_DigestSign(0x64eecd061260, 0, 0x7fffcdd92600, 0x7fffcdd92610) = 1 <0.000128>
[pid 381] 14:55:47.827859 libssl.so.3->EVP_DigestSign(0x64eecd061260, 0x64eecd0613f0, 0x7fffcdd92600, 0x7fffcdd92610) = 1 <0.000782>
[pid 381] 14:55:47.828954 <... SSL_connect resumed> ) = 1 <0.007859>
Handshake duration: 8.05 ms
[pid 381] 14:55:47.831451 +++ exited (status 0) +++
Execution 92 - TLS Mutual
s_connection: verify depth is 1
[pid 383] 14:55:47.887630 openssl->SSL_connect(0x5a38bc541530, 0x5a38bc51ce50, 0x5a38bc51ce50, 0x7a0b47c2f360 <unfinished ...>
[pid 383] 14:55:47.888038 libssl.so.3->EVP_PKEY_keygen_init(0x5a38bc54a0b0, 0, 176, 0x5a38bc54a0b0) = 1 <0.000143>
[pid 383] 14:55:47.888233 libssl.so.3->EVP_PKEY_keygen(0x5a38bc54a0b0, 0x7ffd45e4ede0, 0, 103) = 1 <0.000211>
[pid 383] 14:55:47.889794 libssl.so.3->EVP_PKEY_derive_init(0x5a38bc54a0b0, 0, 176, 0x5a38bc54a0b0) = 1 <0.000208>
[pid 383] 14:55:47.890044 libssl.so.3->EVP_PKEY_derive_set_peer(0x5a38bc54a0b0, 0x5a38bc546cb0, 0, 0x5a38bc548e40) = 1 <0.000148>
[pid 383] 14:55:47.890257 libssl.so.3->EVP_PKEY_derive(0x5a38bc54a0b0, 0, 0x7ffd45e4eda0, 0) = 1 <0.000136>
[pid 383] 14:55:47.890446 libssl.so.3->EVP_PKEY_derive(0x5a38bc54a0b0, 0x5a38bc548af0, 0x7ffd45e4eda0, 5) = 1 <0.000206>
[pid 383] 14:55:47.891304 libssl.so.3->X509_verify_cert(0x5a38bc541410, 0, 0x8000, 0xffffffff) = 1 <0.000532>
[pid 383] 14:55:47.892086 libssl.so.3->EVP_DigestVerifyInit_ex(0x5a38bc46e810, 0x7ffd45e4ee48, 0, 0) = 1 <0.000184>
[pid 383] 14:55:47.892329 libssl.so.3->EVP_DigestVerify(0x5a38bc46e810, 0x5a38bc54c278, 2420, 0x7ffd45e4ee50) = 1 <0.000214>
[pid 383] 14:55:47.892854 libssl.so.3->X509_verify_cert(0x5a38bc541410, 1, 1, 0) = 1 <0.000247>
[pid 383] 14:55:47.893359 libssl.so.3->EVP_DigestSignInit_ex(0x5a38bc560260, 0x7ffd45e4ee30, 0, 0) = 1 <0.000196>
[pid 383] 14:55:47.893627 libssl.so.3->EVP_DigestSign(0x5a38bc560260, 0, 0x7ffd45e4ee40, 0x7ffd45e4ee50) = 1 <0.000145>
[pid 383] 14:55:47.893826 libssl.so.3->EVP_DigestSign(0x5a38bc560260, 0x5a38bc5603f0, 0x7ffd45e4ee40, 0x7ffd45e4ee50) = 1 <0.000336>
[pid 383] 14:55:47.894457 <... SSL_connect resumed> ) = 1 <0.006829>
Handshake duration: 7.07 ms
[pid 383] 14:55:47.896844 +++ exited (status 0) +++
Execution 93 - TLS Mutual
s_connection: verify depth is 1
[pid 385] 14:55:47.953368 openssl->SSL_connect(0x581ecee7e530, 0x581ecee59e50, 0x581ecee59e50, 0x7a4448df7360 <unfinished ...>
[pid 385] 14:55:47.953810 libssl.so.3->EVP_PKEY_keygen_init(0x581ecee870b0, 0, 176, 0x581ecee870b0) = 1 <0.000176>
[pid 385] 14:55:47.954035 libssl.so.3->EVP_PKEY_keygen(0x581ecee870b0, 0x7fffdce719c0, 0, 103) = 1 <0.000234>
[pid 385] 14:55:47.955636 libssl.so.3->EVP_PKEY_derive_init(0x581ecee870b0, 0, 176, 0x581ecee870b0) = 1 <0.000146>
[pid 385] 14:55:47.955819 libssl.so.3->EVP_PKEY_derive_set_peer(0x581ecee870b0, 0x581ecee83cb0, 0, 0x581ecee85e40) = 1 <0.000134>
[pid 385] 14:55:47.955998 libssl.so.3->EVP_PKEY_derive(0x581ecee870b0, 0, 0x7fffdce71980, 0) = 1 <0.000130>
[pid 385] 14:55:47.956171 libssl.so.3->EVP_PKEY_derive(0x581ecee870b0, 0x581ecee85af0, 0x7fffdce71980, 5) = 1 <0.000186>
[pid 385] 14:55:47.957052 libssl.so.3->X509_verify_cert(0x581ecee7e410, 0, 0x8000, 0xffffffff) = 1 <0.000460>
[pid 385] 14:55:47.957712 libssl.so.3->EVP_DigestVerifyInit_ex(0x581ecedab810, 0x7fffdce71a28, 0, 0) = 1 <0.000146>
[pid 385] 14:55:47.957905 libssl.so.3->EVP_DigestVerify(0x581ecedab810, 0x581ecee89278, 2420, 0x7fffdce71a30) = 1 <0.000175>
[pid 385] 14:55:47.958298 libssl.so.3->X509_verify_cert(0x581ecee7e410, 1, 1, 0) = 1 <0.000235>
[pid 385] 14:55:47.958788 libssl.so.3->EVP_DigestSignInit_ex(0x581ecee9d260, 0x7fffdce71a10, 0, 0) = 1 <0.000148>
[pid 385] 14:55:47.958988 libssl.so.3->EVP_DigestSign(0x581ecee9d260, 0, 0x7fffdce71a20, 0x7fffdce71a30) = 1 <0.000145>
[pid 385] 14:55:47.959175 libssl.so.3->EVP_DigestSign(0x581ecee9d260, 0x581ecee9d3f0, 0x7fffdce71a20, 0x7fffdce71a30) = 1 <0.000359>
[pid 385] 14:55:47.959793 <... SSL_connect resumed> ) = 1 <0.006433>
Handshake duration: 6.63 ms
[pid 385] 14:55:47.961918 +++ exited (status 0) +++
Execution 94 - TLS Mutual
s_connection: verify depth is 1
[pid 387] 14:55:48.017449 openssl->SSL_connect(0x608f41d59530, 0x608f41d34e50, 0x608f41d34e50, 0x74e2fdfc6360 <unfinished ...>
[pid 387] 14:55:48.017911 libssl.so.3->EVP_PKEY_keygen_init(0x608f41d620b0, 0, 176, 0x608f41d620b0) = 1 <0.000213>
[pid 387] 14:55:48.018170 libssl.so.3->EVP_PKEY_keygen(0x608f41d620b0, 0x7ffc621ebde0, 0, 103) = 1 <0.000215>
[pid 387] 14:55:48.019745 libssl.so.3->EVP_PKEY_derive_init(0x608f41d620b0, 0, 176, 0x608f41d620b0) = 1 <0.000158>
[pid 387] 14:55:48.019944 libssl.so.3->EVP_PKEY_derive_set_peer(0x608f41d620b0, 0x608f41d5ecb0, 0, 0x608f41d60e40) = 1 <0.000129>
[pid 387] 14:55:48.020117 libssl.so.3->EVP_PKEY_derive(0x608f41d620b0, 0, 0x7ffc621ebda0, 0) = 1 <0.000112>
[pid 387] 14:55:48.020276 libssl.so.3->EVP_PKEY_derive(0x608f41d620b0, 0x608f41d60af0, 0x7ffc621ebda0, 5) = 1 <0.000154>
[pid 387] 14:55:48.021072 libssl.so.3->X509_verify_cert(0x608f41d59410, 0, 0x8000, 0xffffffff) = 1 <0.000451>
[pid 387] 14:55:48.021732 libssl.so.3->EVP_DigestVerifyInit_ex(0x608f41c86810, 0x7ffc621ebe48, 0, 0) = 1 <0.000133>
[pid 387] 14:55:48.021915 libssl.so.3->EVP_DigestVerify(0x608f41c86810, 0x608f41d64278, 2420, 0x7ffc621ebe50) = 1 <0.000161>
[pid 387] 14:55:48.022273 libssl.so.3->X509_verify_cert(0x608f41d59410, 1, 1, 0) = 1 <0.000180>
[pid 387] 14:55:48.022681 libssl.so.3->EVP_DigestSignInit_ex(0x608f41d78260, 0x7ffc621ebe30, 0, 0) = 1 <0.000140>
[pid 387] 14:55:48.022871 libssl.so.3->EVP_DigestSign(0x608f41d78260, 0, 0x7ffc621ebe40, 0x7ffc621ebe50) = 1 <0.000115>
[pid 387] 14:55:48.023030 libssl.so.3->EVP_DigestSign(0x608f41d78260, 0x608f41d783f0, 0x7ffc621ebe40, 0x7ffc621ebe50) = 1 <0.000266>
[pid 387] 14:55:48.023526 <... SSL_connect resumed> ) = 1 <0.006083>
Handshake duration: 6.26 ms
[pid 387] 14:55:48.025662 +++ exited (status 0) +++
Execution 95 - TLS Mutual
s_connection: verify depth is 1
[pid 389] 14:55:48.082410 openssl->SSL_connect(0x57d0532c1530, 0x57d05329ce50, 0x57d05329ce50, 0x761182f5b360 <unfinished ...>
[pid 389] 14:55:48.082914 libssl.so.3->EVP_PKEY_keygen_init(0x57d0532ca0b0, 0, 176, 0x57d0532ca0b0) = 1 <0.000242>
[pid 389] 14:55:48.083213 libssl.so.3->EVP_PKEY_keygen(0x57d0532ca0b0, 0x7ffda4d414b0, 0, 103) = 1 <0.000257>
[pid 389] 14:55:48.085293 libssl.so.3->EVP_PKEY_derive_init(0x57d0532ca0b0, 0, 176, 0x57d0532ca0b0) = 1 <0.000170>
[pid 389] 14:55:48.085515 libssl.so.3->EVP_PKEY_derive_set_peer(0x57d0532ca0b0, 0x57d0532c6cb0, 0, 0x57d0532c8e40) = 1 <0.000145>
[pid 389] 14:55:48.085702 libssl.so.3->EVP_PKEY_derive(0x57d0532ca0b0, 0, 0x7ffda4d41470, 0) = 1 <0.000120>
[pid 389] 14:55:48.085866 libssl.so.3->EVP_PKEY_derive(0x57d0532ca0b0, 0x57d0532c8af0, 0x7ffda4d41470, 5) = 1 <0.000175>
[pid 389] 14:55:48.086966 libssl.so.3->X509_verify_cert(0x57d0532c1410, 0, 0x8000, 0xffffffff) = 1 <0.000484>
[pid 389] 14:55:48.087640 libssl.so.3->EVP_DigestVerifyInit_ex(0x57d0531ee810, 0x7ffda4d41518, 0, 0) = 1 <0.000136>
[pid 389] 14:55:48.087822 libssl.so.3->EVP_DigestVerify(0x57d0531ee810, 0x57d0532cc278, 2420, 0x7ffda4d41520) = 1 <0.000208>
[pid 389] 14:55:48.088318 libssl.so.3->X509_verify_cert(0x57d0532c1410, 1, 1, 0) = 1 <0.000341>
[pid 389] 14:55:48.088917 libssl.so.3->EVP_DigestSignInit_ex(0x57d0532e0260, 0x7ffda4d41500, 0, 0) = 1 <0.000175>
[pid 389] 14:55:48.089140 libssl.so.3->EVP_DigestSign(0x57d0532e0260, 0, 0x7ffda4d41510, 0x7ffda4d41520) = 1 <0.000135>
[pid 389] 14:55:48.089317 libssl.so.3->EVP_DigestSign(0x57d0532e0260, 0x57d0532e03f0, 0x7ffda4d41510, 0x7ffda4d41520) = 1 <0.000266>
[pid 389] 14:55:48.089836 <... SSL_connect resumed> ) = 1 <0.007437>
Handshake duration: 7.61 ms
[pid 389] 14:55:48.091975 +++ exited (status 0) +++
Execution 96 - TLS Mutual
s_connection: verify depth is 1
[pid 391] 14:55:48.149827 openssl->SSL_connect(0x5bd57a7db530, 0x5bd57a7b6e50, 0x5bd57a7b6e50, 0x73a51725a360 <unfinished ...>
[pid 391] 14:55:48.150341 libssl.so.3->EVP_PKEY_keygen_init(0x5bd57a7e40b0, 0, 176, 0x5bd57a7e40b0) = 1 <0.000211>
[pid 391] 14:55:48.150608 libssl.so.3->EVP_PKEY_keygen(0x5bd57a7e40b0, 0x7ffcdad5d990, 0, 103) = 1 <0.000249>
[pid 391] 14:55:48.152447 libssl.so.3->EVP_PKEY_derive_init(0x5bd57a7e40b0, 0, 176, 0x5bd57a7e40b0) = 1 <0.000241>
[pid 391] 14:55:48.152756 libssl.so.3->EVP_PKEY_derive_set_peer(0x5bd57a7e40b0, 0x5bd57a7e0cb0, 0, 0x5bd57a7e2e40) = 1 <0.000168>
[pid 391] 14:55:48.152969 libssl.so.3->EVP_PKEY_derive(0x5bd57a7e40b0, 0, 0x7ffcdad5d950, 0) = 1 <0.000128>
[pid 391] 14:55:48.153155 libssl.so.3->EVP_PKEY_derive(0x5bd57a7e40b0, 0x5bd57a7e2af0, 0x7ffcdad5d950, 5) = 1 <0.000167>
[pid 391] 14:55:48.154008 libssl.so.3->X509_verify_cert(0x5bd57a7db410, 0, 0x8000, 0xffffffff) = 1 <0.000547>
[pid 391] 14:55:48.154757 libssl.so.3->EVP_DigestVerifyInit_ex(0x5bd57a708810, 0x7ffcdad5d9f8, 0, 0) = 1 <0.000135>
[pid 391] 14:55:48.154949 libssl.so.3->EVP_DigestVerify(0x5bd57a708810, 0x5bd57a7e6278, 2420, 0x7ffcdad5da00) = 1 <0.000186>
[pid 391] 14:55:48.155348 libssl.so.3->X509_verify_cert(0x5bd57a7db410, 1, 1, 0) = 1 <0.000193>
[pid 391] 14:55:48.155744 libssl.so.3->EVP_DigestSignInit_ex(0x5bd57a7fa260, 0x7ffcdad5d9e0, 0, 0) = 1 <0.000134>
[pid 391] 14:55:48.155925 libssl.so.3->EVP_DigestSign(0x5bd57a7fa260, 0, 0x7ffcdad5d9f0, 0x7ffcdad5da00) = 1 <0.000119>
[pid 391] 14:55:48.156118 libssl.so.3->EVP_DigestSign(0x5bd57a7fa260, 0x5bd57a7fa3f0, 0x7ffcdad5d9f0, 0x7ffcdad5da00) = 1 <0.000384>
[pid 391] 14:55:48.156776 <... SSL_connect resumed> ) = 1 <0.006959>
Handshake duration: 7.16 ms
[pid 391] 14:55:48.158982 +++ exited (status 0) +++
Execution 97 - TLS Mutual
s_connection: verify depth is 1
[pid 393] 14:55:48.213045 openssl->SSL_connect(0x625f3aeb2530, 0x625f3ae8de50, 0x625f3ae8de50, 0x7df361f25360 <unfinished ...>
[pid 393] 14:55:48.213583 libssl.so.3->EVP_PKEY_keygen_init(0x625f3aebb0b0, 0, 176, 0x625f3aebb0b0) = 1 <0.000203>
[pid 393] 14:55:48.213842 libssl.so.3->EVP_PKEY_keygen(0x625f3aebb0b0, 0x7ffca4b783f0, 0, 103) = 1 <0.000254>
[pid 393] 14:55:48.215780 libssl.so.3->EVP_PKEY_derive_init(0x625f3aebb0b0, 0, 176, 0x625f3aebb0b0) = 1 <0.000170>
[pid 393] 14:55:48.215998 libssl.so.3->EVP_PKEY_derive_set_peer(0x625f3aebb0b0, 0x625f3aeb7cb0, 0, 0x625f3aeb9e40) = 1 <0.000179>
[pid 393] 14:55:48.216244 libssl.so.3->EVP_PKEY_derive(0x625f3aebb0b0, 0, 0x7ffca4b783b0, 0) = 1 <0.000151>
[pid 393] 14:55:48.216492 libssl.so.3->EVP_PKEY_derive(0x625f3aebb0b0, 0x625f3aeb9af0, 0x7ffca4b783b0, 5) = 1 <0.000268>
[pid 393] 14:55:48.217499 libssl.so.3->X509_verify_cert(0x625f3aeb2410, 0, 0x8000, 0xffffffff) = 1 <0.000558>
[pid 393] 14:55:48.218283 libssl.so.3->EVP_DigestVerifyInit_ex(0x625f3addf810, 0x7ffca4b78458, 0, 0) = 1 <0.000167>
[pid 393] 14:55:48.218516 libssl.so.3->EVP_DigestVerify(0x625f3addf810, 0x625f3aebd278, 2420, 0x7ffca4b78460) = 1 <0.000213>
[pid 393] 14:55:48.218942 libssl.so.3->X509_verify_cert(0x625f3aeb2410, 1, 1, 0) = 1 <0.000277>
[pid 393] 14:55:48.219478 libssl.so.3->EVP_DigestSignInit_ex(0x625f3aed1260, 0x7ffca4b78440, 0, 0) = 1 <0.000191>
[pid 393] 14:55:48.219718 libssl.so.3->EVP_DigestSign(0x625f3aed1260, 0, 0x7ffca4b78450, 0x7ffca4b78460) = 1 <0.000179>
[pid 393] 14:55:48.219958 libssl.so.3->EVP_DigestSign(0x625f3aed1260, 0x625f3aed13f0, 0x7ffca4b78450, 0x7ffca4b78460) = 1 <0.000271>
[pid 393] 14:55:48.220506 <... SSL_connect resumed> ) = 1 <0.007470>
Handshake duration: 7.66 ms
[pid 393] 14:55:48.222584 +++ exited (status 0) +++
Execution 98 - TLS Mutual
s_connection: verify depth is 1
[pid 395] 14:55:48.278341 openssl->SSL_connect(0x6071f3b93530, 0x6071f3b6ee50, 0x6071f3b6ee50, 0x779f25ed8360 <unfinished ...>
[pid 395] 14:55:48.278855 libssl.so.3->EVP_PKEY_keygen_init(0x6071f3b9c0b0, 0, 176, 0x6071f3b9c0b0) = 1 <0.000246>
[pid 395] 14:55:48.279174 libssl.so.3->EVP_PKEY_keygen(0x6071f3b9c0b0, 0x7ffce4fac7b0, 0, 103) = 1 <0.000268>
[pid 395] 14:55:48.280859 libssl.so.3->EVP_PKEY_derive_init(0x6071f3b9c0b0, 0, 176, 0x6071f3b9c0b0) = 1 <0.000170>
[pid 395] 14:55:48.281093 libssl.so.3->EVP_PKEY_derive_set_peer(0x6071f3b9c0b0, 0x6071f3b98cb0, 0, 0x6071f3b9ae40) = 1 <0.000149>
[pid 395] 14:55:48.281353 libssl.so.3->EVP_PKEY_derive(0x6071f3b9c0b0, 0, 0x7ffce4fac770, 0) = 1 <0.000149>
[pid 395] 14:55:48.281574 libssl.so.3->EVP_PKEY_derive(0x6071f3b9c0b0, 0x6071f3b9aaf0, 0x7ffce4fac770, 5) = 1 <0.000206>
[pid 395] 14:55:48.282486 libssl.so.3->X509_verify_cert(0x6071f3b93410, 0, 0x8000, 0xffffffff) = 1 <0.000474>
[pid 395] 14:55:48.283140 libssl.so.3->EVP_DigestVerifyInit_ex(0x6071f3ac0810, 0x7ffce4fac818, 0, 0) = 1 <0.000125>
[pid 395] 14:55:48.283322 libssl.so.3->EVP_DigestVerify(0x6071f3ac0810, 0x6071f3b9e278, 2420, 0x7ffce4fac820) = 1 <0.000264>
[pid 395] 14:55:48.283820 libssl.so.3->X509_verify_cert(0x6071f3b93410, 1, 1, 0) = 1 <0.000203>
[pid 395] 14:55:48.284235 libssl.so.3->EVP_DigestSignInit_ex(0x6071f3bb2260, 0x7ffce4fac800, 0, 0) = 1 <0.000163>
[pid 395] 14:55:48.284449 libssl.so.3->EVP_DigestSign(0x6071f3bb2260, 0, 0x7ffce4fac810, 0x7ffce4fac820) = 1 <0.000171>
[pid 395] 14:55:48.284668 libssl.so.3->EVP_DigestSign(0x6071f3bb2260, 0x6071f3bb23f0, 0x7ffce4fac810, 0x7ffce4fac820) = 1 <0.000282>
[pid 395] 14:55:48.285236 <... SSL_connect resumed> ) = 1 <0.006893>
Handshake duration: 7.09 ms
[pid 395] 14:55:48.287337 +++ exited (status 0) +++
Execution 99 - TLS Mutual
s_connection: verify depth is 1
[pid 397] 14:55:48.343293 openssl->SSL_connect(0x629ef1f7c530, 0x629ef1f57e50, 0x629ef1f57e50, 0x786bd45c0360 <unfinished ...>
[pid 397] 14:55:48.343840 libssl.so.3->EVP_PKEY_keygen_init(0x629ef1f850b0, 0, 176, 0x629ef1f850b0) = 1 <0.000221>
[pid 397] 14:55:48.344123 libssl.so.3->EVP_PKEY_keygen(0x629ef1f850b0, 0x7ffc0a7401a0, 0, 103) = 1 <0.000271>
[pid 397] 14:55:48.345805 libssl.so.3->EVP_PKEY_derive_init(0x629ef1f850b0, 0, 176, 0x629ef1f850b0) = 1 <0.000147>
[pid 397] 14:55:48.346019 libssl.so.3->EVP_PKEY_derive_set_peer(0x629ef1f850b0, 0x629ef1f81cb0, 0, 0x629ef1f83e40) = 1 <0.000170>
[pid 397] 14:55:48.346233 libssl.so.3->EVP_PKEY_derive(0x629ef1f850b0, 0, 0x7ffc0a740160, 0) = 1 <0.000151>
[pid 397] 14:55:48.346444 libssl.so.3->EVP_PKEY_derive(0x629ef1f850b0, 0x629ef1f83af0, 0x7ffc0a740160, 5) = 1 <0.000229>
[pid 397] 14:55:48.347323 libssl.so.3->X509_verify_cert(0x629ef1f7c410, 0, 0x8000, 0xffffffff) = 1 <0.000507>
[pid 397] 14:55:48.348060 libssl.so.3->EVP_DigestVerifyInit_ex(0x629ef1ea9810, 0x7ffc0a740208, 0, 0) = 1 <0.000149>
[pid 397] 14:55:48.348261 libssl.so.3->EVP_DigestVerify(0x629ef1ea9810, 0x629ef1f87278, 2420, 0x7ffc0a740210) = 1 <0.000228>
[pid 397] 14:55:48.348743 libssl.so.3->X509_verify_cert(0x629ef1f7c410, 1, 1, 0) = 1 <0.000234>
[pid 397] 14:55:48.349189 libssl.so.3->EVP_DigestSignInit_ex(0x629ef1f9b260, 0x7ffc0a7401f0, 0, 0) = 1 <0.000161>
[pid 397] 14:55:48.349395 libssl.so.3->EVP_DigestSign(0x629ef1f9b260, 0, 0x7ffc0a740200, 0x7ffc0a740210) = 1 <0.000184>
[pid 397] 14:55:48.349637 libssl.so.3->EVP_DigestSign(0x629ef1f9b260, 0x629ef1f9b3f0, 0x7ffc0a740200, 0x7ffc0a740210) = 1 <0.000267>
[pid 397] 14:55:48.350147 <... SSL_connect resumed> ) = 1 <0.006862>
Handshake duration: 7.03 ms
[pid 397] 14:55:48.352186 +++ exited (status 0) +++
Execution 100 - TLS Mutual
s_connection: verify depth is 1
[pid 399] 14:55:48.409542 openssl->SSL_connect(0x57d487f70530, 0x57d487f4be50, 0x57d487f4be50, 0x76ff8e5cb360 <unfinished ...>
[pid 399] 14:55:48.410025 libssl.so.3->EVP_PKEY_keygen_init(0x57d487f790b0, 0, 176, 0x57d487f790b0) = 1 <0.000260>
[pid 399] 14:55:48.410367 libssl.so.3->EVP_PKEY_keygen(0x57d487f790b0, 0x7ffd78d08070, 0, 103) = 1 <0.000284>
[pid 399] 14:55:48.412235 libssl.so.3->EVP_PKEY_derive_init(0x57d487f790b0, 0, 176, 0x57d487f790b0) = 1 <0.000177>
[pid 399] 14:55:48.412458 libssl.so.3->EVP_PKEY_derive_set_peer(0x57d487f790b0, 0x57d487f75cb0, 0, 0x57d487f77e40) = 1 <0.000133>
[pid 399] 14:55:48.412638 libssl.so.3->EVP_PKEY_derive(0x57d487f790b0, 0, 0x7ffd78d08030, 0) = 1 <0.000101>
[pid 399] 14:55:48.412776 libssl.so.3->EVP_PKEY_derive(0x57d487f790b0, 0x57d487f77af0, 0x7ffd78d08030, 5) = 1 <0.000141>
[pid 399] 14:55:48.413613 libssl.so.3->X509_verify_cert(0x57d487f70410, 0, 0x8000, 0xffffffff) = 1 <0.000440>
[pid 399] 14:55:48.414239 libssl.so.3->EVP_DigestVerifyInit_ex(0x57d487e9d810, 0x7ffd78d080d8, 0, 0) = 1 <0.000147>
[pid 399] 14:55:48.414434 libssl.so.3->EVP_DigestVerify(0x57d487e9d810, 0x57d487f7b278, 2420, 0x7ffd78d080e0) = 1 <0.000174>
[pid 399] 14:55:48.414991 libssl.so.3->X509_verify_cert(0x57d487f70410, 1, 1, 0) = 1 <0.000232>
[pid 399] 14:55:48.415444 libssl.so.3->EVP_DigestSignInit_ex(0x57d487f8f260, 0x7ffd78d080c0, 0, 0) = 1 <0.000149>
[pid 399] 14:55:48.415638 libssl.so.3->EVP_DigestSign(0x57d487f8f260, 0, 0x7ffd78d080d0, 0x7ffd78d080e0) = 1 <0.000115>
[pid 399] 14:55:48.415796 libssl.so.3->EVP_DigestSign(0x57d487f8f260, 0x57d487f8f3f0, 0x7ffd78d080d0, 0x7ffd78d080e0) = 1 <0.000237>
[pid 399] 14:55:48.416284 <... SSL_connect resumed> ) = 1 <0.006748>
Handshake duration: 6.91 ms
[pid 399] 14:55:48.418364 +++ exited (status 0) +++
Applying netem rules to lo...
Showing qdisc status for the interface: lo
qdisc netem 83ca: root refcnt 2 limit 1000 seed 11547155379535015705
 Sent 0 bytes 0 pkt (dropped 0, overlimits 0 requeues 0) 
 backlog 0b 0p requeues 0
Running /opt/oqssa/perftestClientTlsQuic_ltrace.sh with SIG_ALG=mldsa44 and KEM_ALG=mlkem512
Execution 1 - TLS Mutual
s_connection: verify depth is 1
[pid 202] 14:56:09.895489 openssl->SSL_connect(0x5d3c366f4530, 0x5d3c366cfe50, 0x5d3c366cfe50, 0x784c3a184360 <unfinished ...>
[pid 202] 14:56:09.896010 libssl.so.3->EVP_PKEY_keygen_init(0x5d3c366fd0b0, 0, 176, 0x5d3c366fd0b0) = 1 <0.000188>
[pid 202] 14:56:09.896261 libssl.so.3->EVP_PKEY_keygen(0x5d3c366fd0b0, 0x7ffe933fc6f0, 0, 103 <unfinished ...>
[pid 202] 14:56:09.896416 oqsprovider.so->OQS_KEM_new(0x5d3c366fb450, 8, 0, 0x5d3c366fbe70) = 0x5d3c366fbe90 <0.000116>
[pid 202] 14:56:09.896573 oqsprovider.so->OQS_KEM_keypair(0x5d3c366fbe90, 0x5d3c366eeea0, 0x5d3c366f6bc0, 0x5d3c366fbe70) = 0 <0.000352>
[pid 202] 14:56:09.896988 <... EVP_PKEY_keygen resumed> ) = 1 <0.000722>
[pid 202] 14:56:09.898992 libssl.so.3->EVP_PKEY_decapsulate_init(0x5d3c366fd0b0, 0, 176, 0x5d3c366fd0b0) = 1 <0.000276>
[pid 202] 14:56:09.899313 libssl.so.3->EVP_PKEY_decapsulate(0x5d3c366fd0b0, 0, 0x7ffe933fc6b0, 0x5d3c366ff2ca) = 1 <0.000121>
[pid 202] 14:56:09.899493 libssl.so.3->EVP_PKEY_decapsulate(0x5d3c366fd0b0, 0x5d3c366fbaf0, 0x7ffe933fc6b0, 0x5d3c366ff2ca <unfinished ...>
[pid 202] 14:56:09.899710 oqsprovider.so->OQS_KEM_decaps(0x5d3c366fbe90, 0x5d3c366fbaf0, 0x5d3c366ff2ca, 0x5d3c366f6bc0) = 0 <0.000144>
[pid 202] 14:56:09.899891 <... EVP_PKEY_decapsulate resumed> ) = 1 <0.000393>
[pid 202] 14:56:09.900625 libssl.so.3->X509_verify_cert(0x5d3c366f4410, 0, 0x8000, 0xffffffff) = 1 <0.000356>
[pid 202] 14:56:09.901166 libssl.so.3->EVP_DigestVerifyInit_ex(0x5d3c36621810, 0x7ffe933fc758, 0, 0) = 1 <0.000129>
[pid 202] 14:56:09.901343 libssl.so.3->EVP_DigestVerify(0x5d3c36621810, 0x5d3c366ff278, 2420, 0x7ffe933fc760) = 1 <0.000163>
[pid 202] 14:56:09.901799 libssl.so.3->X509_verify_cert(0x5d3c366f4410, 1, 1, 0) = 1 <0.000207>
[pid 202] 14:56:09.902222 libssl.so.3->EVP_DigestSignInit_ex(0x5d3c3671d140, 0x7ffe933fc740, 0, 0) = 1 <0.000166>
[pid 202] 14:56:09.902436 libssl.so.3->EVP_DigestSign(0x5d3c3671d140, 0, 0x7ffe933fc750, 0x7ffe933fc760) = 1 <0.000124>
[pid 202] 14:56:09.902615 libssl.so.3->EVP_DigestSign(0x5d3c3671d140, 0x5d3c366fe110, 0x7ffe933fc750, 0x7ffe933fc760) = 1 <0.000265>
[pid 202] 14:56:09.903117 <... SSL_connect resumed> ) = 1 <0.007637>
[pid 202] 14:56:09.903315 oqsprovider.so->OQS_KEM_free(0x5d3c366fbe90, 0x5d3c366fbe40, 2, 0x5d3c366fbe60) = 4 <0.000102>
Handshake duration: 7.81 ms
[pid 202] 14:56:09.905454 +++ exited (status 0) +++
Execution 2 - TLS Mutual
s_connection: verify depth is 1
[pid 204] 14:56:09.962935 openssl->SSL_connect(0x5b48b1c53530, 0x5b48b1c2ee50, 0x5b48b1c2ee50, 0x742af6016360 <unfinished ...>
[pid 204] 14:56:09.963383 libssl.so.3->EVP_PKEY_keygen_init(0x5b48b1c5c0b0, 0, 176, 0x5b48b1c5c0b0) = 1 <0.000160>
[pid 204] 14:56:09.963593 libssl.so.3->EVP_PKEY_keygen(0x5b48b1c5c0b0, 0x7ffd65bf4e50, 0, 103 <unfinished ...>
[pid 204] 14:56:09.963742 oqsprovider.so->OQS_KEM_new(0x5b48b1c5a450, 8, 0, 0x5b48b1c5ae70) = 0x5b48b1c5ae90 <0.000112>
[pid 204] 14:56:09.963902 oqsprovider.so->OQS_KEM_keypair(0x5b48b1c5ae90, 0x5b48b1c4dea0, 0x5b48b1c55bc0, 0x5b48b1c5ae70) = 0 <0.000419>
[pid 204] 14:56:09.964387 <... EVP_PKEY_keygen resumed> ) = 1 <0.000790>
[pid 204] 14:56:09.965883 libssl.so.3->EVP_PKEY_decapsulate_init(0x5b48b1c5c0b0, 0, 176, 0x5b48b1c5c0b0) = 1 <0.000259>
[pid 204] 14:56:09.966192 libssl.so.3->EVP_PKEY_decapsulate(0x5b48b1c5c0b0, 0, 0x7ffd65bf4e10, 0x5b48b1c5e2ca) = 1 <0.000122>
[pid 204] 14:56:09.966359 libssl.so.3->EVP_PKEY_decapsulate(0x5b48b1c5c0b0, 0x5b48b1c5aaf0, 0x7ffd65bf4e10, 0x5b48b1c5e2ca <unfinished ...>
[pid 204] 14:56:09.966479 oqsprovider.so->OQS_KEM_decaps(0x5b48b1c5ae90, 0x5b48b1c5aaf0, 0x5b48b1c5e2ca, 0x5b48b1c55bc0) = 0 <0.000155>
[pid 204] 14:56:09.966686 <... EVP_PKEY_decapsulate resumed> ) = 1 <0.000322>
[pid 204] 14:56:09.967400 libssl.so.3->X509_verify_cert(0x5b48b1c53410, 0, 0x8000, 0xffffffff) = 1 <0.000338>
[pid 204] 14:56:09.967919 libssl.so.3->EVP_DigestVerifyInit_ex(0x5b48b1b80810, 0x7ffd65bf4eb8, 0, 0) = 1 <0.000123>
[pid 204] 14:56:09.968084 libssl.so.3->EVP_DigestVerify(0x5b48b1b80810, 0x5b48b1c5e278, 2420, 0x7ffd65bf4ec0) = 1 <0.000154>
[pid 204] 14:56:09.968438 libssl.so.3->X509_verify_cert(0x5b48b1c53410, 1, 1, 0) = 1 <0.000171>
[pid 204] 14:56:09.968826 libssl.so.3->EVP_DigestSignInit_ex(0x5b48b1c7c140, 0x7ffd65bf4ea0, 0, 0) = 1 <0.000127>
[pid 204] 14:56:09.968994 libssl.so.3->EVP_DigestSign(0x5b48b1c7c140, 0, 0x7ffd65bf4eb0, 0x7ffd65bf4ec0) = 1 <0.000105>
[pid 204] 14:56:09.969146 libssl.so.3->EVP_DigestSign(0x5b48b1c7c140, 0x5b48b1c5d110, 0x7ffd65bf4eb0, 0x7ffd65bf4ec0) = 1 <0.000243>
[pid 204] 14:56:09.969678 <... SSL_connect resumed> ) = 1 <0.006733>
[pid 204] 14:56:09.969936 oqsprovider.so->OQS_KEM_free(0x5b48b1c5ae90, 0x5b48b1c5ae40, 2, 0x5b48b1c5ae60) = 4 <0.000144>
Handshake duration: 6.99 ms
[pid 204] 14:56:09.972092 +++ exited (status 0) +++
Execution 3 - TLS Mutual
s_connection: verify depth is 1
[pid 206] 14:56:10.032466 openssl->SSL_connect(0x592c7daf3530, 0x592c7dacee50, 0x592c7dacee50, 0x7c7ab6a26360 <unfinished ...>
[pid 206] 14:56:10.032948 libssl.so.3->EVP_PKEY_keygen_init(0x592c7dafc0b0, 0, 176, 0x592c7dafc0b0) = 1 <0.000185>
[pid 206] 14:56:10.033181 libssl.so.3->EVP_PKEY_keygen(0x592c7dafc0b0, 0x7ffce5fc7f20, 0, 103 <unfinished ...>
[pid 206] 14:56:10.033321 oqsprovider.so->OQS_KEM_new(0x592c7dafa450, 8, 0, 0x592c7dafae70) = 0x592c7dafae90 <0.000132>
[pid 206] 14:56:10.033514 oqsprovider.so->OQS_KEM_keypair(0x592c7dafae90, 0x592c7daedea0, 0x592c7daf5bc0, 0x592c7dafae70) = 0 <0.000389>
[pid 206] 14:56:10.033966 <... EVP_PKEY_keygen resumed> ) = 1 <0.000773>
[pid 206] 14:56:10.035566 libssl.so.3->EVP_PKEY_decapsulate_init(0x592c7dafc0b0, 0, 176, 0x592c7dafc0b0) = 1 <0.000335>
[pid 206] 14:56:10.035954 libssl.so.3->EVP_PKEY_decapsulate(0x592c7dafc0b0, 0, 0x7ffce5fc7ee0, 0x592c7dafe2ca) = 1 <0.000127>
[pid 206] 14:56:10.036130 libssl.so.3->EVP_PKEY_decapsulate(0x592c7dafc0b0, 0x592c7dafaaf0, 0x7ffce5fc7ee0, 0x592c7dafe2ca <unfinished ...>
[pid 206] 14:56:10.036253 oqsprovider.so->OQS_KEM_decaps(0x592c7dafae90, 0x592c7dafaaf0, 0x592c7dafe2ca, 0x592c7daf5bc0) = 0 <0.000178>
[pid 206] 14:56:10.036520 <... EVP_PKEY_decapsulate resumed> ) = 1 <0.000380>
[pid 206] 14:56:10.037322 libssl.so.3->X509_verify_cert(0x592c7daf3410, 0, 0x8000, 0xffffffff) = 1 <0.000385>
[pid 206] 14:56:10.037904 libssl.so.3->EVP_DigestVerifyInit_ex(0x592c7da20810, 0x7ffce5fc7f88, 0, 0) = 1 <0.000147>
[pid 206] 14:56:10.038115 libssl.so.3->EVP_DigestVerify(0x592c7da20810, 0x592c7dafe278, 2420, 0x7ffce5fc7f90) = 1 <0.000181>
[pid 206] 14:56:10.038517 libssl.so.3->X509_verify_cert(0x592c7daf3410, 1, 1, 0) = 1 <0.000255>
[pid 206] 14:56:10.039005 libssl.so.3->EVP_DigestSignInit_ex(0x592c7db1c140, 0x7ffce5fc7f70, 0, 0) = 1 <0.000157>
[pid 206] 14:56:10.039208 libssl.so.3->EVP_DigestSign(0x592c7db1c140, 0, 0x7ffce5fc7f80, 0x7ffce5fc7f90) = 1 <0.000122>
[pid 206] 14:56:10.039383 libssl.so.3->EVP_DigestSign(0x592c7db1c140, 0x592c7dafd110, 0x7ffce5fc7f80, 0x7ffce5fc7f90) = 1 <0.000283>
[pid 206] 14:56:10.039935 <... SSL_connect resumed> ) = 1 <0.007477>
[pid 206] 14:56:10.040129 oqsprovider.so->OQS_KEM_free(0x592c7dafae90, 0x592c7dafae40, 2, 0x592c7dafae60) = 4 <0.000117>
Handshake duration: 7.66 ms
[pid 206] 14:56:10.042279 +++ exited (status 0) +++
Execution 4 - TLS Mutual
s_connection: verify depth is 1
[pid 208] 14:56:10.097552 openssl->SSL_connect(0x574eeb56c530, 0x574eeb547e50, 0x574eeb547e50, 0x7140025e6360 <unfinished ...>
[pid 208] 14:56:10.097998 libssl.so.3->EVP_PKEY_keygen_init(0x574eeb5750b0, 0, 176, 0x574eeb5750b0) = 1 <0.000140>
[pid 208] 14:56:10.098185 libssl.so.3->EVP_PKEY_keygen(0x574eeb5750b0, 0x7fff0a4a9fc0, 0, 103 <unfinished ...>
[pid 208] 14:56:10.098310 oqsprovider.so->OQS_KEM_new(0x574eeb573450, 8, 0, 0x574eeb573e70) = 0x574eeb573e90 <0.000130>
[pid 208] 14:56:10.098491 oqsprovider.so->OQS_KEM_keypair(0x574eeb573e90, 0x574eeb566ea0, 0x574eeb56ebc0, 0x574eeb573e70) = 0 <0.000331>
[pid 208] 14:56:10.098872 <... EVP_PKEY_keygen resumed> ) = 1 <0.000680>
[pid 208] 14:56:10.100298 libssl.so.3->EVP_PKEY_decapsulate_init(0x574eeb5750b0, 0, 176, 0x574eeb5750b0) = 1 <0.000231>
[pid 208] 14:56:10.100570 libssl.so.3->EVP_PKEY_decapsulate(0x574eeb5750b0, 0, 0x7fff0a4a9f80, 0x574eeb5772ca) = 1 <0.000123>
[pid 208] 14:56:10.100754 libssl.so.3->EVP_PKEY_decapsulate(0x574eeb5750b0, 0x574eeb573af0, 0x7fff0a4a9f80, 0x574eeb5772ca <unfinished ...>
[pid 208] 14:56:10.100875 oqsprovider.so->OQS_KEM_decaps(0x574eeb573e90, 0x574eeb573af0, 0x574eeb5772ca, 0x574eeb56ebc0) = 0 <0.000154>
[pid 208] 14:56:10.101072 <... EVP_PKEY_decapsulate resumed> ) = 1 <0.000313>
[pid 208] 14:56:10.101789 libssl.so.3->X509_verify_cert(0x574eeb56c410, 0, 0x8000, 0xffffffff) = 1 <0.000317>
[pid 208] 14:56:10.102277 libssl.so.3->EVP_DigestVerifyInit_ex(0x574eeb499810, 0x7fff0a4aa028, 0, 0) = 1 <0.000110>
[pid 208] 14:56:10.102431 libssl.so.3->EVP_DigestVerify(0x574eeb499810, 0x574eeb577278, 2420, 0x7fff0a4aa030) = 1 <0.000146>
[pid 208] 14:56:10.102789 libssl.so.3->X509_verify_cert(0x574eeb56c410, 1, 1, 0) = 1 <0.000196>
[pid 208] 14:56:10.103200 libssl.so.3->EVP_DigestSignInit_ex(0x574eeb595140, 0x7fff0a4aa010, 0, 0) = 1 <0.000130>
[pid 208] 14:56:10.103370 libssl.so.3->EVP_DigestSign(0x574eeb595140, 0, 0x7fff0a4aa020, 0x7fff0a4aa030) = 1 <0.000104>
[pid 208] 14:56:10.103518 libssl.so.3->EVP_DigestSign(0x574eeb595140, 0x574eeb576110, 0x7fff0a4aa020, 0x7fff0a4aa030) = 1 <0.000265>
[pid 208] 14:56:10.104037 <... SSL_connect resumed> ) = 1 <0.006477>
[pid 208] 14:56:10.104240 oqsprovider.so->OQS_KEM_free(0x574eeb573e90, 0x574eeb573e40, 2, 0x574eeb573e60) = 4 <0.000122>
Handshake duration: 6.69 ms
[pid 208] 14:56:10.106226 +++ exited (status 0) +++
Execution 5 - TLS Mutual
s_connection: verify depth is 1
[pid 210] 14:56:10.192653 openssl->SSL_connect(0x60a64d128530, 0x60a64d103e50, 0x60a64d103e50, 0x75bb5494f360 <unfinished ...>
[pid 210] 14:56:10.193222 libssl.so.3->EVP_PKEY_keygen_init(0x60a64d1310b0, 0, 176, 0x60a64d1310b0) = 1 <0.000208>
[pid 210] 14:56:10.193498 libssl.so.3->EVP_PKEY_keygen(0x60a64d1310b0, 0x7ffc3591bdb0, 0, 103 <unfinished ...>
[pid 210] 14:56:10.193684 oqsprovider.so->OQS_KEM_new(0x60a64d12f450, 8, 0, 0x60a64d12fe70) = 0x60a64d12fe90 <0.000192>
[pid 210] 14:56:10.193939 oqsprovider.so->OQS_KEM_keypair(0x60a64d12fe90, 0x60a64d122ea0, 0x60a64d12abc0, 0x60a64d12fe70) = 0 <0.000370>
[pid 210] 14:56:10.194372 <... EVP_PKEY_keygen resumed> ) = 1 <0.000868>
[pid 210] 14:56:10.195910 libssl.so.3->EVP_PKEY_decapsulate_init(0x60a64d1310b0, 0, 176, 0x60a64d1310b0) = 1 <0.000292>
[pid 210] 14:56:10.196255 libssl.so.3->EVP_PKEY_decapsulate(0x60a64d1310b0, 0, 0x7ffc3591bd70, 0x60a64d1332ca) = 1 <0.000168>
[pid 210] 14:56:10.196483 libssl.so.3->EVP_PKEY_decapsulate(0x60a64d1310b0, 0x60a64d12faf0, 0x7ffc3591bd70, 0x60a64d1332ca <unfinished ...>
[pid 210] 14:56:10.196666 oqsprovider.so->OQS_KEM_decaps(0x60a64d12fe90, 0x60a64d12faf0, 0x60a64d1332ca, 0x60a64d12abc0) = 0 <0.000216>
[pid 210] 14:56:10.196933 <... EVP_PKEY_decapsulate resumed> ) = 1 <0.000448>
[pid 210] 14:56:10.197692 libssl.so.3->X509_verify_cert(0x60a64d128410, 0, 0x8000, 0xffffffff) = 1 <0.000365>
[pid 210] 14:56:10.198266 libssl.so.3->EVP_DigestVerifyInit_ex(0x60a64d055810, 0x7ffc3591be18, 0, 0) = 1 <0.000169>
[pid 210] 14:56:10.198490 libssl.so.3->EVP_DigestVerify(0x60a64d055810, 0x60a64d133278, 2420, 0x7ffc3591be20) = 1 <0.000218>
[pid 210] 14:56:10.198959 libssl.so.3->X509_verify_cert(0x60a64d128410, 1, 1, 0) = 1 <0.000238>
[pid 210] 14:56:10.199475 libssl.so.3->EVP_DigestSignInit_ex(0x60a64d151140, 0x7ffc3591be00, 0, 0) = 1 <0.000225>
[pid 210] 14:56:10.199771 libssl.so.3->EVP_DigestSign(0x60a64d151140, 0, 0x7ffc3591be10, 0x7ffc3591be20) = 1 <0.000141>
[pid 210] 14:56:10.199962 libssl.so.3->EVP_DigestSign(0x60a64d151140, 0x60a64d132110, 0x7ffc3591be10, 0x7ffc3591be20) = 1 <0.000348>
[pid 210] 14:56:10.200564 <... SSL_connect resumed> ) = 1 <0.007927>
[pid 210] 14:56:10.200781 oqsprovider.so->OQS_KEM_free(0x60a64d12fe90, 0x60a64d12fe40, 2, 0x60a64d12fe60) = 4 <0.000108>
Handshake duration: 8.12 ms
[pid 210] 14:56:10.202859 +++ exited (status 0) +++
Execution 6 - TLS Mutual
s_connection: verify depth is 1
[pid 212] 14:56:10.258747 openssl->SSL_connect(0x62c396b44530, 0x62c396b1fe50, 0x62c396b1fe50, 0x7dcacc23b360 <unfinished ...>
[pid 212] 14:56:10.259177 libssl.so.3->EVP_PKEY_keygen_init(0x62c396b4d0b0, 0, 176, 0x62c396b4d0b0) = 1 <0.000162>
[pid 212] 14:56:10.259385 libssl.so.3->EVP_PKEY_keygen(0x62c396b4d0b0, 0x7ffccb558df0, 0, 103 <unfinished ...>
[pid 212] 14:56:10.259516 oqsprovider.so->OQS_KEM_new(0x62c396b4b450, 8, 0, 0x62c396b4be70) = 0x62c396b4be90 <0.000130>
[pid 212] 14:56:10.259688 oqsprovider.so->OQS_KEM_keypair(0x62c396b4be90, 0x62c396b3eea0, 0x62c396b46bc0, 0x62c396b4be70) = 0 <0.000367>
[pid 212] 14:56:10.260140 <... EVP_PKEY_keygen resumed> ) = 1 <0.000749>
[pid 212] 14:56:10.261511 libssl.so.3->EVP_PKEY_decapsulate_init(0x62c396b4d0b0, 0, 176, 0x62c396b4d0b0) = 1 <0.000282>
[pid 212] 14:56:10.261842 libssl.so.3->EVP_PKEY_decapsulate(0x62c396b4d0b0, 0, 0x7ffccb558db0, 0x62c396b4f2ca) = 1 <0.000121>
[pid 212] 14:56:10.262019 libssl.so.3->EVP_PKEY_decapsulate(0x62c396b4d0b0, 0x62c396b4baf0, 0x7ffccb558db0, 0x62c396b4f2ca <unfinished ...>
[pid 212] 14:56:10.262140 oqsprovider.so->OQS_KEM_decaps(0x62c396b4be90, 0x62c396b4baf0, 0x62c396b4f2ca, 0x62c396b46bc0) = 0 <0.000146>
[pid 212] 14:56:10.262339 <... EVP_PKEY_decapsulate resumed> ) = 1 <0.000311>
[pid 212] 14:56:10.263045 libssl.so.3->X509_verify_cert(0x62c396b44410, 0, 0x8000, 0xffffffff) = 1 <0.000293>
[pid 212] 14:56:10.263506 libssl.so.3->EVP_DigestVerifyInit_ex(0x62c396a71810, 0x7ffccb558e58, 0, 0) = 1 <0.000132>
[pid 212] 14:56:10.263691 libssl.so.3->EVP_DigestVerify(0x62c396a71810, 0x62c396b4f278, 2420, 0x7ffccb558e60) = 1 <0.000186>
[pid 212] 14:56:10.264081 libssl.so.3->X509_verify_cert(0x62c396b44410, 1, 1, 0) = 1 <0.000183>
[pid 212] 14:56:10.264474 libssl.so.3->EVP_DigestSignInit_ex(0x62c396b6d140, 0x7ffccb558e40, 0, 0) = 1 <0.000128>
[pid 212] 14:56:10.264647 libssl.so.3->EVP_DigestSign(0x62c396b6d140, 0, 0x7ffccb558e50, 0x7ffccb558e60) = 1 <0.000129>
[pid 212] 14:56:10.264822 libssl.so.3->EVP_DigestSign(0x62c396b6d140, 0x62c396b4e110, 0x7ffccb558e50, 0x7ffccb558e60) = 1 <0.000369>
[pid 212] 14:56:10.265504 <... SSL_connect resumed> ) = 1 <0.006751>
[pid 212] 14:56:10.265752 oqsprovider.so->OQS_KEM_free(0x62c396b4be90, 0x62c396b4be40, 2, 0x62c396b4be60) = 4 <0.000170>
Handshake duration: 6.98 ms
[pid 212] 14:56:10.267944 +++ exited (status 0) +++
Execution 7 - TLS Mutual
s_connection: verify depth is 1
[pid 214] 14:56:10.325268 openssl->SSL_connect(0x638fd96e3530, 0x638fd96bee50, 0x638fd96bee50, 0x73f9598ba360 <unfinished ...>
[pid 214] 14:56:10.325770 libssl.so.3->EVP_PKEY_keygen_init(0x638fd96ec0b0, 0, 176, 0x638fd96ec0b0) = 1 <0.000210>
[pid 214] 14:56:10.326037 libssl.so.3->EVP_PKEY_keygen(0x638fd96ec0b0, 0x7ffe54b73030, 0, 103 <unfinished ...>
[pid 214] 14:56:10.326170 oqsprovider.so->OQS_KEM_new(0x638fd96ea450, 8, 0, 0x638fd96eae70) = 0x638fd96eae90 <0.000124>
[pid 214] 14:56:10.326393 oqsprovider.so->OQS_KEM_keypair(0x638fd96eae90, 0x638fd96ddea0, 0x638fd96e5bc0, 0x638fd96eae70) = 0 <0.000352>
[pid 214] 14:56:10.326832 <... EVP_PKEY_keygen resumed> ) = 1 <0.000790>
[pid 214] 14:56:10.328176 libssl.so.3->EVP_PKEY_decapsulate_init(0x638fd96ec0b0, 0, 176, 0x638fd96ec0b0) = 1 <0.000261>
[pid 214] 14:56:10.328484 libssl.so.3->EVP_PKEY_decapsulate(0x638fd96ec0b0, 0, 0x7ffe54b72ff0, 0x638fd96ee2ca) = 1 <0.000119>
[pid 214] 14:56:10.328651 libssl.so.3->EVP_PKEY_decapsulate(0x638fd96ec0b0, 0x638fd96eaaf0, 0x7ffe54b72ff0, 0x638fd96ee2ca <unfinished ...>
[pid 214] 14:56:10.328811 oqsprovider.so->OQS_KEM_decaps(0x638fd96eae90, 0x638fd96eaaf0, 0x638fd96ee2ca, 0x638fd96e5bc0) = 0 <0.000153>
[pid 214] 14:56:10.329006 <... EVP_PKEY_decapsulate resumed> ) = 1 <0.000350>
[pid 214] 14:56:10.329746 libssl.so.3->X509_verify_cert(0x638fd96e3410, 0, 0x8000, 0xffffffff) = 1 <0.000327>
[pid 214] 14:56:10.330258 libssl.so.3->EVP_DigestVerifyInit_ex(0x638fd9610810, 0x7ffe54b73098, 0, 0) = 1 <0.000131>
[pid 214] 14:56:10.330430 libssl.so.3->EVP_DigestVerify(0x638fd9610810, 0x638fd96ee278, 2420, 0x7ffe54b730a0) = 1 <0.000165>
[pid 214] 14:56:10.330813 libssl.so.3->X509_verify_cert(0x638fd96e3410, 1, 1, 0) = 1 <0.000189>
[pid 214] 14:56:10.331206 libssl.so.3->EVP_DigestSignInit_ex(0x638fd970c140, 0x7ffe54b73080, 0, 0) = 1 <0.000132>
[pid 214] 14:56:10.331391 libssl.so.3->EVP_DigestSign(0x638fd970c140, 0, 0x7ffe54b73090, 0x7ffe54b730a0) = 1 <0.000124>
[pid 214] 14:56:10.331548 libssl.so.3->EVP_DigestSign(0x638fd970c140, 0x638fd96ed110, 0x7ffe54b73090, 0x7ffe54b730a0) = 1 <0.000269>
[pid 214] 14:56:10.332062 <... SSL_connect resumed> ) = 1 <0.006807>
[pid 214] 14:56:10.332279 oqsprovider.so->OQS_KEM_free(0x638fd96eae90, 0x638fd96eae40, 2, 0x638fd96eae60) = 4 <0.000120>
Handshake duration: 6.99 ms
[pid 214] 14:56:10.334170 +++ exited (status 0) +++
Execution 8 - TLS Mutual
s_connection: verify depth is 1
[pid 216] 14:56:10.391448 openssl->SSL_connect(0x5a1d55c4e530, 0x5a1d55c29e50, 0x5a1d55c29e50, 0x7e6b7ef21360 <unfinished ...>
[pid 216] 14:56:10.391897 libssl.so.3->EVP_PKEY_keygen_init(0x5a1d55c570b0, 0, 176, 0x5a1d55c570b0) = 1 <0.000144>
[pid 216] 14:56:10.392091 libssl.so.3->EVP_PKEY_keygen(0x5a1d55c570b0, 0x7ffe5902cb90, 0, 103 <unfinished ...>
[pid 216] 14:56:10.392205 oqsprovider.so->OQS_KEM_new(0x5a1d55c55450, 8, 0, 0x5a1d55c55e70) = 0x5a1d55c55e90 <0.000110>
[pid 216] 14:56:10.392363 oqsprovider.so->OQS_KEM_keypair(0x5a1d55c55e90, 0x5a1d55c48ea0, 0x5a1d55c50bc0, 0x5a1d55c55e70) = 0 <0.000284>
[pid 216] 14:56:10.392716 <... EVP_PKEY_keygen resumed> ) = 1 <0.000608>
[pid 216] 14:56:10.394013 libssl.so.3->EVP_PKEY_decapsulate_init(0x5a1d55c570b0, 0, 176, 0x5a1d55c570b0) = 1 <0.000219>
[pid 216] 14:56:10.394274 libssl.so.3->EVP_PKEY_decapsulate(0x5a1d55c570b0, 0, 0x7ffe5902cb50, 0x5a1d55c592ca) = 1 <0.000113>
[pid 216] 14:56:10.394430 libssl.so.3->EVP_PKEY_decapsulate(0x5a1d55c570b0, 0x5a1d55c55af0, 0x7ffe5902cb50, 0x5a1d55c592ca <unfinished ...>
[pid 216] 14:56:10.394549 oqsprovider.so->OQS_KEM_decaps(0x5a1d55c55e90, 0x5a1d55c55af0, 0x5a1d55c592ca, 0x5a1d55c50bc0) = 0 <0.000139>
[pid 216] 14:56:10.394770 <... EVP_PKEY_decapsulate resumed> ) = 1 <0.000335>
[pid 216] 14:56:10.395474 libssl.so.3->X509_verify_cert(0x5a1d55c4e410, 0, 0x8000, 0xffffffff) = 1 <0.000324>
[pid 216] 14:56:10.396038 libssl.so.3->EVP_DigestVerifyInit_ex(0x5a1d55b7b810, 0x7ffe5902cbf8, 0, 0) = 1 <0.000131>
[pid 216] 14:56:10.396209 libssl.so.3->EVP_DigestVerify(0x5a1d55b7b810, 0x5a1d55c59278, 2420, 0x7ffe5902cc00) = 1 <0.000151>
[pid 216] 14:56:10.396584 libssl.so.3->X509_verify_cert(0x5a1d55c4e410, 1, 1, 0) = 1 <0.000228>
[pid 216] 14:56:10.397016 libssl.so.3->EVP_DigestSignInit_ex(0x5a1d55c77140, 0x7ffe5902cbe0, 0, 0) = 1 <0.000120>
[pid 216] 14:56:10.397171 libssl.so.3->EVP_DigestSign(0x5a1d55c77140, 0, 0x7ffe5902cbf0, 0x7ffe5902cc00) = 1 <0.000110>
[pid 216] 14:56:10.397327 libssl.so.3->EVP_DigestSign(0x5a1d55c77140, 0x5a1d55c58110, 0x7ffe5902cbf0, 0x7ffe5902cc00) = 1 <0.000449>
[pid 216] 14:56:10.398039 <... SSL_connect resumed> ) = 1 <0.006601>
[pid 216] 14:56:10.398238 oqsprovider.so->OQS_KEM_free(0x5a1d55c55e90, 0x5a1d55c55e40, 2, 0x5a1d55c55e60) = 4 <0.000124>
Handshake duration: 6.78 ms
[pid 216] 14:56:10.400321 +++ exited (status 0) +++
Execution 9 - TLS Mutual
s_connection: verify depth is 1
[pid 218] 14:56:10.458381 openssl->SSL_connect(0x6369a33bc530, 0x6369a3397e50, 0x6369a3397e50, 0x7e791e458360 <unfinished ...>
[pid 218] 14:56:10.458912 libssl.so.3->EVP_PKEY_keygen_init(0x6369a33c50b0, 0, 176, 0x6369a33c50b0) = 1 <0.000184>
[pid 218] 14:56:10.459161 libssl.so.3->EVP_PKEY_keygen(0x6369a33c50b0, 0x7ffecd90b420, 0, 103 <unfinished ...>
[pid 218] 14:56:10.459325 oqsprovider.so->OQS_KEM_new(0x6369a33c3450, 8, 0, 0x6369a33c3e70) = 0x6369a33c3e90 <0.000193>
[pid 218] 14:56:10.459626 oqsprovider.so->OQS_KEM_keypair(0x6369a33c3e90, 0x6369a33b6ea0, 0x6369a33bebc0, 0x6369a33c3e70) = 0 <0.000479>
[pid 218] 14:56:10.460180 <... EVP_PKEY_keygen resumed> ) = 1 <0.001011>
[pid 218] 14:56:10.461964 libssl.so.3->EVP_PKEY_decapsulate_init(0x6369a33c50b0, 0, 176, 0x6369a33c50b0) = 1 <0.000342>
[pid 218] 14:56:10.462376 libssl.so.3->EVP_PKEY_decapsulate(0x6369a33c50b0, 0, 0x7ffecd90b3e0, 0x6369a33c72ca) = 1 <0.000205>
[pid 218] 14:56:10.462680 libssl.so.3->EVP_PKEY_decapsulate(0x6369a33c50b0, 0x6369a33c3af0, 0x7ffecd90b3e0, 0x6369a33c72ca <unfinished ...>
[pid 218] 14:56:10.462875 oqsprovider.so->OQS_KEM_decaps(0x6369a33c3e90, 0x6369a33c3af0, 0x6369a33c72ca, 0x6369a33bebc0) = 0 <0.000202>
[pid 218] 14:56:10.463142 <... EVP_PKEY_decapsulate resumed> ) = 1 <0.000455>
[pid 218] 14:56:10.463956 libssl.so.3->X509_verify_cert(0x6369a33bc410, 0, 0x8000, 0xffffffff) = 1 <0.000416>
[pid 218] 14:56:10.464617 libssl.so.3->EVP_DigestVerifyInit_ex(0x6369a32e9810, 0x7ffecd90b488, 0, 0) = 1 <0.000225>
[pid 218] 14:56:10.464898 libssl.so.3->EVP_DigestVerify(0x6369a32e9810, 0x6369a33c7278, 2420, 0x7ffecd90b490) = 1 <0.000234>
[pid 218] 14:56:10.465380 libssl.so.3->X509_verify_cert(0x6369a33bc410, 1, 1, 0) = 1 <0.000297>
[pid 218] 14:56:10.465984 libssl.so.3->EVP_DigestSignInit_ex(0x6369a33e5140, 0x7ffecd90b470, 0, 0) = 1 <0.000193>
[pid 218] 14:56:10.466242 libssl.so.3->EVP_DigestSign(0x6369a33e5140, 0, 0x7ffecd90b480, 0x7ffecd90b490) = 1 <0.000163>
[pid 218] 14:56:10.466461 libssl.so.3->EVP_DigestSign(0x6369a33e5140, 0x6369a33c6110, 0x7ffecd90b480, 0x7ffecd90b490) = 1 <0.000325>
[pid 218] 14:56:10.467078 <... SSL_connect resumed> ) = 1 <0.008706>
[pid 218] 14:56:10.467339 oqsprovider.so->OQS_KEM_free(0x6369a33c3e90, 0x6369a33c3e40, 2, 0x6369a33c3e60) = 4 <0.000181>
Handshake duration: 8.96 ms
[pid 218] 14:56:10.469883 +++ exited (status 0) +++
Execution 10 - TLS Mutual
s_connection: verify depth is 1
[pid 220] 14:56:10.531795 openssl->SSL_connect(0x601ef60c7530, 0x601ef60a2e50, 0x601ef60a2e50, 0x7163d988b360 <unfinished ...>
[pid 220] 14:56:10.532469 libssl.so.3->EVP_PKEY_keygen_init(0x601ef60d00b0, 0, 176, 0x601ef60d00b0) = 1 <0.000231>
[pid 220] 14:56:10.532799 libssl.so.3->EVP_PKEY_keygen(0x601ef60d00b0, 0x7fff7ebed910, 0, 103 <unfinished ...>
[pid 220] 14:56:10.533001 oqsprovider.so->OQS_KEM_new(0x601ef60ce450, 8, 0, 0x601ef60cee70) = 0x601ef60cee90 <0.000194>
[pid 220] 14:56:10.533279 oqsprovider.so->OQS_KEM_keypair(0x601ef60cee90, 0x601ef60c1ea0, 0x601ef60c9bc0, 0x601ef60cee70) = 0 <0.000449>
[pid 220] 14:56:10.533802 <... EVP_PKEY_keygen resumed> ) = 1 <0.000994>
[pid 220] 14:56:10.535335 libssl.so.3->EVP_PKEY_decapsulate_init(0x601ef60d00b0, 0, 176, 0x601ef60d00b0) = 1 <0.000376>
[pid 220] 14:56:10.535793 libssl.so.3->EVP_PKEY_decapsulate(0x601ef60d00b0, 0, 0x7fff7ebed8d0, 0x601ef60d22ca) = 1 <0.000173>
[pid 220] 14:56:10.536023 libssl.so.3->EVP_PKEY_decapsulate(0x601ef60d00b0, 0x601ef60ceaf0, 0x7fff7ebed8d0, 0x601ef60d22ca <unfinished ...>
[pid 220] 14:56:10.536227 oqsprovider.so->OQS_KEM_decaps(0x601ef60cee90, 0x601ef60ceaf0, 0x601ef60d22ca, 0x601ef60c9bc0) = 0 <0.000204>
[pid 220] 14:56:10.536492 <... EVP_PKEY_decapsulate resumed> ) = 1 <0.000459>
[pid 220] 14:56:10.537299 libssl.so.3->X509_verify_cert(0x601ef60c7410, 0, 0x8000, 0xffffffff) = 1 <0.000396>
[pid 220] 14:56:10.537935 libssl.so.3->EVP_DigestVerifyInit_ex(0x601ef5ff4810, 0x7fff7ebed978, 0, 0) = 1 <0.000197>
[pid 220] 14:56:10.538192 libssl.so.3->EVP_DigestVerify(0x601ef5ff4810, 0x601ef60d2278, 2420, 0x7fff7ebed980) = 1 <0.000231>
[pid 220] 14:56:10.538672 libssl.so.3->X509_verify_cert(0x601ef60c7410, 1, 1, 0) = 1 <0.000254>
[pid 220] 14:56:10.539185 libssl.so.3->EVP_DigestSignInit_ex(0x601ef60f0140, 0x7fff7ebed960, 0, 0) = 1 <0.000202>
[pid 220] 14:56:10.539441 libssl.so.3->EVP_DigestSign(0x601ef60f0140, 0, 0x7fff7ebed970, 0x7fff7ebed980) = 1 <0.000176>
[pid 220] 14:56:10.539675 libssl.so.3->EVP_DigestSign(0x601ef60f0140, 0x601ef60d1110, 0x7fff7ebed970, 0x7fff7ebed980) = 1 <0.000422>
[pid 220] 14:56:10.540393 <... SSL_connect resumed> ) = 1 <0.008614>
[pid 220] 14:56:10.540648 oqsprovider.so->OQS_KEM_free(0x601ef60cee90, 0x601ef60cee40, 2, 0x601ef60cee60) = 4 <0.000204>
Handshake duration: 8.91 ms
[pid 220] 14:56:10.543079 +++ exited (status 0) +++
Execution 11 - TLS Mutual
s_connection: verify depth is 1
[pid 222] 14:56:10.603599 openssl->SSL_connect(0x56ef91bcc530, 0x56ef91ba7e50, 0x56ef91ba7e50, 0x7efb0b5cb360 <unfinished ...>
[pid 222] 14:56:10.604052 libssl.so.3->EVP_PKEY_keygen_init(0x56ef91bd50b0, 0, 176, 0x56ef91bd50b0) = 1 <0.000178>
[pid 222] 14:56:10.604305 libssl.so.3->EVP_PKEY_keygen(0x56ef91bd50b0, 0x7ffcf413de60, 0, 103 <unfinished ...>
[pid 222] 14:56:10.604444 oqsprovider.so->OQS_KEM_new(0x56ef91bd3450, 8, 0, 0x56ef91bd3e70) = 0x56ef91bd3e90 <0.000112>
[pid 222] 14:56:10.604601 oqsprovider.so->OQS_KEM_keypair(0x56ef91bd3e90, 0x56ef91bc6ea0, 0x56ef91bcebc0, 0x56ef91bd3e70) = 0 <0.000407>
[pid 222] 14:56:10.605066 <... EVP_PKEY_keygen resumed> ) = 1 <0.000756>
[pid 222] 14:56:10.606499 libssl.so.3->EVP_PKEY_decapsulate_init(0x56ef91bd50b0, 0, 176, 0x56ef91bd50b0) = 1 <0.000301>
[pid 222] 14:56:10.606850 libssl.so.3->EVP_PKEY_decapsulate(0x56ef91bd50b0, 0, 0x7ffcf413de20, 0x56ef91bd72ca) = 1 <0.000126>
[pid 222] 14:56:10.607020 libssl.so.3->EVP_PKEY_decapsulate(0x56ef91bd50b0, 0x56ef91bd3af0, 0x7ffcf413de20, 0x56ef91bd72ca <unfinished ...>
[pid 222] 14:56:10.607137 oqsprovider.so->OQS_KEM_decaps(0x56ef91bd3e90, 0x56ef91bd3af0, 0x56ef91bd72ca, 0x56ef91bcebc0) = 0 <0.000143>
[pid 222] 14:56:10.607322 <... EVP_PKEY_decapsulate resumed> ) = 1 <0.000298>
[pid 222] 14:56:10.608071 libssl.so.3->X509_verify_cert(0x56ef91bcc410, 0, 0x8000, 0xffffffff) = 1 <0.000367>
[pid 222] 14:56:10.608651 libssl.so.3->EVP_DigestVerifyInit_ex(0x56ef91af9810, 0x7ffcf413dec8, 0, 0) = 1 <0.000162>
[pid 222] 14:56:10.608860 libssl.so.3->EVP_DigestVerify(0x56ef91af9810, 0x56ef91bd7278, 2420, 0x7ffcf413ded0) = 1 <0.000159>
[pid 222] 14:56:10.609217 libssl.so.3->X509_verify_cert(0x56ef91bcc410, 1, 1, 0) = 1 <0.000171>
[pid 222] 14:56:10.609601 libssl.so.3->EVP_DigestSignInit_ex(0x56ef91bf5140, 0x7ffcf413deb0, 0, 0) = 1 <0.000142>
[pid 222] 14:56:10.609784 libssl.so.3->EVP_DigestSign(0x56ef91bf5140, 0, 0x7ffcf413dec0, 0x7ffcf413ded0) = 1 <0.000139>
[pid 222] 14:56:10.609968 libssl.so.3->EVP_DigestSign(0x56ef91bf5140, 0x56ef91bd6110, 0x7ffcf413dec0, 0x7ffcf413ded0) = 1 <0.000252>
[pid 222] 14:56:10.610463 <... SSL_connect resumed> ) = 1 <0.006885>
[pid 222] 14:56:10.610668 oqsprovider.so->OQS_KEM_free(0x56ef91bd3e90, 0x56ef91bd3e40, 2, 0x56ef91bd3e60) = 4 <0.000149>
Handshake duration: 7.07 ms
[pid 222] 14:56:10.612833 +++ exited (status 0) +++
Execution 12 - TLS Mutual
s_connection: verify depth is 1
[pid 224] 14:56:10.687679 openssl->SSL_connect(0x5c0e7eaf2530, 0x5c0e7eacde50, 0x5c0e7eacde50, 0x7010e4a02360 <unfinished ...>
[pid 224] 14:56:10.688273 libssl.so.3->EVP_PKEY_keygen_init(0x5c0e7eafb0b0, 0, 176, 0x5c0e7eafb0b0) = 1 <0.000247>
[pid 224] 14:56:10.688604 libssl.so.3->EVP_PKEY_keygen(0x5c0e7eafb0b0, 0x7ffe629d4d70, 0, 103 <unfinished ...>
[pid 224] 14:56:10.688811 oqsprovider.so->OQS_KEM_new(0x5c0e7eaf9450, 8, 0, 0x5c0e7eaf9e70) = 0x5c0e7eaf9e90 <0.000176>
[pid 224] 14:56:10.689058 oqsprovider.so->OQS_KEM_keypair(0x5c0e7eaf9e90, 0x5c0e7eaecea0, 0x5c0e7eaf4bc0, 0x5c0e7eaf9e70) = 0 <0.000423>
[pid 224] 14:56:10.689566 <... EVP_PKEY_keygen resumed> ) = 1 <0.000954>
[pid 224] 14:56:10.691311 libssl.so.3->EVP_PKEY_decapsulate_init(0x5c0e7eafb0b0, 0, 176, 0x5c0e7eafb0b0) = 1 <0.000311>
[pid 224] 14:56:10.691663 libssl.so.3->EVP_PKEY_decapsulate(0x5c0e7eafb0b0, 0, 0x7ffe629d4d30, 0x5c0e7eafd2ca) = 1 <0.000136>
[pid 224] 14:56:10.691873 libssl.so.3->EVP_PKEY_decapsulate(0x5c0e7eafb0b0, 0x5c0e7eaf9af0, 0x7ffe629d4d30, 0x5c0e7eafd2ca <unfinished ...>
[pid 224] 14:56:10.692067 oqsprovider.so->OQS_KEM_decaps(0x5c0e7eaf9e90, 0x5c0e7eaf9af0, 0x5c0e7eafd2ca, 0x5c0e7eaf4bc0) = 0 <0.000191>
[pid 224] 14:56:10.692313 <... EVP_PKEY_decapsulate resumed> ) = 1 <0.000437>
[pid 224] 14:56:10.693511 libssl.so.3->X509_verify_cert(0x5c0e7eaf2410, 0, 0x8000, 0xffffffff) = 1 <0.000420>
[pid 224] 14:56:10.694140 libssl.so.3->EVP_DigestVerifyInit_ex(0x5c0e7ea1f810, 0x7ffe629d4dd8, 0, 0) = 1 <0.000218>
[pid 224] 14:56:10.694416 libssl.so.3->EVP_DigestVerify(0x5c0e7ea1f810, 0x5c0e7eafd278, 2420, 0x7ffe629d4de0) = 1 <0.000194>
[pid 224] 14:56:10.694880 libssl.so.3->X509_verify_cert(0x5c0e7eaf2410, 1, 1, 0) = 1 <0.000228>
[pid 224] 14:56:10.695361 libssl.so.3->EVP_DigestSignInit_ex(0x5c0e7eb1b140, 0x7ffe629d4dc0, 0, 0) = 1 <0.000139>
[pid 224] 14:56:10.695546 libssl.so.3->EVP_DigestSign(0x5c0e7eb1b140, 0, 0x7ffe629d4dd0, 0x7ffe629d4de0) = 1 <0.000120>
[pid 224] 14:56:10.695753 libssl.so.3->EVP_DigestSign(0x5c0e7eb1b140, 0x5c0e7eafc110, 0x7ffe629d4dd0, 0x7ffe629d4de0) = 1 <0.000341>
[pid 224] 14:56:10.696335 <... SSL_connect resumed> ) = 1 <0.008677>
[pid 224] 14:56:10.696546 oqsprovider.so->OQS_KEM_free(0x5c0e7eaf9e90, 0x5c0e7eaf9e40, 2, 0x5c0e7eaf9e60) = 4 <0.000119>
Handshake duration: 8.90 ms
[pid 224] 14:56:10.698780 +++ exited (status 0) +++
Execution 13 - TLS Mutual
s_connection: verify depth is 1
[pid 226] 14:56:10.764202 openssl->SSL_connect(0x5b1159ccc530, 0x5b1159ca7e50, 0x5b1159ca7e50, 0x7b9888ae6360 <unfinished ...>
[pid 226] 14:56:10.764799 libssl.so.3->EVP_PKEY_keygen_init(0x5b1159cd50b0, 0, 176, 0x5b1159cd50b0) = 1 <0.000236>
[pid 226] 14:56:10.765094 libssl.so.3->EVP_PKEY_keygen(0x5b1159cd50b0, 0x7ffe9025c990, 0, 103 <unfinished ...>
[pid 226] 14:56:10.765228 oqsprovider.so->OQS_KEM_new(0x5b1159cd3450, 8, 0, 0x5b1159cd3e70) = 0x5b1159cd3e90 <0.000107>
[pid 226] 14:56:10.765383 oqsprovider.so->OQS_KEM_keypair(0x5b1159cd3e90, 0x5b1159cc6ea0, 0x5b1159ccebc0, 0x5b1159cd3e70) = 0 <0.000303>
[pid 226] 14:56:10.765759 <... EVP_PKEY_keygen resumed> ) = 1 <0.000659>
[pid 226] 14:56:10.767367 libssl.so.3->EVP_PKEY_decapsulate_init(0x5b1159cd50b0, 0, 176, 0x5b1159cd50b0) = 1 <0.000321>
[pid 226] 14:56:10.767764 libssl.so.3->EVP_PKEY_decapsulate(0x5b1159cd50b0, 0, 0x7ffe9025c950, 0x5b1159cd72ca) = 1 <0.000155>
[pid 226] 14:56:10.767995 libssl.so.3->EVP_PKEY_decapsulate(0x5b1159cd50b0, 0x5b1159cd3af0, 0x7ffe9025c950, 0x5b1159cd72ca <unfinished ...>
[pid 226] 14:56:10.768167 oqsprovider.so->OQS_KEM_decaps(0x5b1159cd3e90, 0x5b1159cd3af0, 0x5b1159cd72ca, 0x5b1159ccebc0) = 0 <0.000162>
[pid 226] 14:56:10.768378 <... EVP_PKEY_decapsulate resumed> ) = 1 <0.000378>
[pid 226] 14:56:10.769105 libssl.so.3->X509_verify_cert(0x5b1159ccc410, 0, 0x8000, 0xffffffff) = 1 <0.000348>
[pid 226] 14:56:10.769659 libssl.so.3->EVP_DigestVerifyInit_ex(0x5b1159bf9810, 0x7ffe9025c9f8, 0, 0) = 1 <0.000155>
[pid 226] 14:56:10.769859 libssl.so.3->EVP_DigestVerify(0x5b1159bf9810, 0x5b1159cd7278, 2420, 0x7ffe9025ca00) = 1 <0.000187>
[pid 226] 14:56:10.770280 libssl.so.3->X509_verify_cert(0x5b1159ccc410, 1, 1, 0) = 1 <0.000214>
[pid 226] 14:56:10.770767 libssl.so.3->EVP_DigestSignInit_ex(0x5b1159cf5140, 0x7ffe9025c9e0, 0, 0) = 1 <0.000199>
[pid 226] 14:56:10.771036 libssl.so.3->EVP_DigestSign(0x5b1159cf5140, 0, 0x7ffe9025c9f0, 0x7ffe9025ca00) = 1 <0.000162>
[pid 226] 14:56:10.771258 libssl.so.3->EVP_DigestSign(0x5b1159cf5140, 0x5b1159cd6110, 0x7ffe9025c9f0, 0x7ffe9025ca00) = 1 <0.000338>
[pid 226] 14:56:10.771892 <... SSL_connect resumed> ) = 1 <0.007701>
[pid 226] 14:56:10.772114 oqsprovider.so->OQS_KEM_free(0x5b1159cd3e90, 0x5b1159cd3e40, 2, 0x5b1159cd3e60) = 4 <0.000125>
Handshake duration: 7.91 ms
[pid 226] 14:56:10.774386 +++ exited (status 0) +++
Execution 14 - TLS Mutual
s_connection: verify depth is 1
[pid 228] 14:56:10.831773 openssl->SSL_connect(0x598aae02f530, 0x598aae00ae50, 0x598aae00ae50, 0x7b2e13169360 <unfinished ...>
[pid 228] 14:56:10.832126 libssl.so.3->EVP_PKEY_keygen_init(0x598aae0380b0, 0, 176, 0x598aae0380b0) = 1 <0.000132>
[pid 228] 14:56:10.832360 libssl.so.3->EVP_PKEY_keygen(0x598aae0380b0, 0x7ffd8a7a6590, 0, 103 <unfinished ...>
[pid 228] 14:56:10.832560 oqsprovider.so->OQS_KEM_new(0x598aae036450, 8, 0, 0x598aae036e70) = 0x598aae036e90 <0.000177>
[pid 228] 14:56:10.832803 oqsprovider.so->OQS_KEM_keypair(0x598aae036e90, 0x598aae029ea0, 0x598aae031bc0, 0x598aae036e70) = 0 <0.000355>
[pid 228] 14:56:10.833218 <... EVP_PKEY_keygen resumed> ) = 1 <0.000854>
[pid 228] 14:56:10.834597 libssl.so.3->EVP_PKEY_decapsulate_init(0x598aae0380b0, 0, 176, 0x598aae0380b0) = 1 <0.000382>
[pid 228] 14:56:10.835027 libssl.so.3->EVP_PKEY_decapsulate(0x598aae0380b0, 0, 0x7ffd8a7a6550, 0x598aae03a2ca) = 1 <0.000153>
[pid 228] 14:56:10.835234 libssl.so.3->EVP_PKEY_decapsulate(0x598aae0380b0, 0x598aae036af0, 0x7ffd8a7a6550, 0x598aae03a2ca <unfinished ...>
[pid 228] 14:56:10.835394 oqsprovider.so->OQS_KEM_decaps(0x598aae036e90, 0x598aae036af0, 0x598aae03a2ca, 0x598aae031bc0) = 0 <0.000178>
[pid 228] 14:56:10.835637 <... EVP_PKEY_decapsulate resumed> ) = 1 <0.000397>
[pid 228] 14:56:10.836459 libssl.so.3->X509_verify_cert(0x598aae02f410, 0, 0x8000, 0xffffffff) = 1 <0.000408>
[pid 228] 14:56:10.837087 libssl.so.3->EVP_DigestVerifyInit_ex(0x598aadf5c810, 0x7ffd8a7a65f8, 0, 0) = 1 <0.000183>
[pid 228] 14:56:10.837327 libssl.so.3->EVP_DigestVerify(0x598aadf5c810, 0x598aae03a278, 2420, 0x7ffd8a7a6600) = 1 <0.000219>
[pid 228] 14:56:10.837797 libssl.so.3->X509_verify_cert(0x598aae02f410, 1, 1, 0) = 1 <0.000244>
[pid 228] 14:56:10.838322 libssl.so.3->EVP_DigestSignInit_ex(0x598aae058140, 0x7ffd8a7a65e0, 0, 0) = 1 <0.000178>
[pid 228] 14:56:10.838573 libssl.so.3->EVP_DigestSign(0x598aae058140, 0, 0x7ffd8a7a65f0, 0x7ffd8a7a6600) = 1 <0.000177>
[pid 228] 14:56:10.838810 libssl.so.3->EVP_DigestSign(0x598aae058140, 0x598aae039110, 0x7ffd8a7a65f0, 0x7ffd8a7a6600) = 1 <0.000378>
[pid 228] 14:56:10.839514 <... SSL_connect resumed> ) = 1 <0.007747>
[pid 228] 14:56:10.839769 oqsprovider.so->OQS_KEM_free(0x598aae036e90, 0x598aae036e40, 2, 0x598aae036e60) = 4 <0.000167>
Handshake duration: 7.95 ms
[pid 228] 14:56:10.842280 +++ exited (status 0) +++
Execution 15 - TLS Mutual
s_connection: verify depth is 1
[pid 230] 14:56:10.928251 openssl->SSL_connect(0x57da16dfe530, 0x57da16dd9e50, 0x57da16dd9e50, 0x70eae1f46360 <unfinished ...>
[pid 230] 14:56:10.928736 libssl.so.3->EVP_PKEY_keygen_init(0x57da16e070b0, 0, 176, 0x57da16e070b0) = 1 <0.000196>
[pid 230] 14:56:10.928990 libssl.so.3->EVP_PKEY_keygen(0x57da16e070b0, 0x7ffe23a42830, 0, 103 <unfinished ...>
[pid 230] 14:56:10.929121 oqsprovider.so->OQS_KEM_new(0x57da16e05450, 8, 0, 0x57da16e05e70) = 0x57da16e05e90 <0.000132>
[pid 230] 14:56:10.929310 oqsprovider.so->OQS_KEM_keypair(0x57da16e05e90, 0x57da16df8ea0, 0x57da16e00bc0, 0x57da16e05e70) = 0 <0.000344>
[pid 230] 14:56:10.929727 <... EVP_PKEY_keygen resumed> ) = 1 <0.000712>
[pid 230] 14:56:10.931319 libssl.so.3->EVP_PKEY_decapsulate_init(0x57da16e070b0, 0, 176, 0x57da16e070b0) = 1 <0.000274>
[pid 230] 14:56:10.931636 libssl.so.3->EVP_PKEY_decapsulate(0x57da16e070b0, 0, 0x7ffe23a427f0, 0x57da16e092ca) = 1 <0.000171>
[pid 230] 14:56:10.931905 libssl.so.3->EVP_PKEY_decapsulate(0x57da16e070b0, 0x57da16e05af0, 0x7ffe23a427f0, 0x57da16e092ca <unfinished ...>
[pid 230] 14:56:10.932089 oqsprovider.so->OQS_KEM_decaps(0x57da16e05e90, 0x57da16e05af0, 0x57da16e092ca, 0x57da16e00bc0) = 0 <0.000169>
[pid 230] 14:56:10.932305 <... EVP_PKEY_decapsulate resumed> ) = 1 <0.000395>
[pid 230] 14:56:10.933182 libssl.so.3->X509_verify_cert(0x57da16dfe410, 0, 0x8000, 0xffffffff) = 1 <0.000366>
[pid 230] 14:56:10.933787 libssl.so.3->EVP_DigestVerifyInit_ex(0x57da16d2b810, 0x7ffe23a42898, 0, 0) = 1 <0.000148>
[pid 230] 14:56:10.933981 libssl.so.3->EVP_DigestVerify(0x57da16d2b810, 0x57da16e09278, 2420, 0x7ffe23a428a0) = 1 <0.000217>
[pid 230] 14:56:10.934405 libssl.so.3->X509_verify_cert(0x57da16dfe410, 1, 1, 0) = 1 <0.000200>
[pid 230] 14:56:10.934875 libssl.so.3->EVP_DigestSignInit_ex(0x57da16e27140, 0x7ffe23a42880, 0, 0) = 1 <0.000128>
[pid 230] 14:56:10.935052 libssl.so.3->EVP_DigestSign(0x57da16e27140, 0, 0x7ffe23a42890, 0x7ffe23a428a0) = 1 <0.000124>
[pid 230] 14:56:10.935227 libssl.so.3->EVP_DigestSign(0x57da16e27140, 0x57da16e08110, 0x7ffe23a42890, 0x7ffe23a428a0) = 1 <0.000287>
[pid 230] 14:56:10.935823 <... SSL_connect resumed> ) = 1 <0.007587>
[pid 230] 14:56:10.936020 oqsprovider.so->OQS_KEM_free(0x57da16e05e90, 0x57da16e05e40, 2, 0x57da16e05e60) = 4 <0.000175>
Handshake duration: 7.77 ms
[pid 230] 14:56:10.938278 +++ exited (status 0) +++
Execution 16 - TLS Mutual
s_connection: verify depth is 1
[pid 232] 14:56:10.994870 openssl->SSL_connect(0x5b0bde686530, 0x5b0bde661e50, 0x5b0bde661e50, 0x7f944ac67360 <unfinished ...>
[pid 232] 14:56:10.995323 libssl.so.3->EVP_PKEY_keygen_init(0x5b0bde68f0b0, 0, 176, 0x5b0bde68f0b0) = 1 <0.000139>
[pid 232] 14:56:10.995511 libssl.so.3->EVP_PKEY_keygen(0x5b0bde68f0b0, 0x7ffcde8cdd90, 0, 103 <unfinished ...>
[pid 232] 14:56:10.995643 oqsprovider.so->OQS_KEM_new(0x5b0bde68d450, 8, 0, 0x5b0bde68de70) = 0x5b0bde68de90 <0.000130>
[pid 232] 14:56:10.995832 oqsprovider.so->OQS_KEM_keypair(0x5b0bde68de90, 0x5b0bde680ea0, 0x5b0bde688bc0, 0x5b0bde68de70) = 0 <0.000310>
[pid 232] 14:56:10.996197 <... EVP_PKEY_keygen resumed> ) = 1 <0.000681>
[pid 232] 14:56:10.997518 libssl.so.3->EVP_PKEY_decapsulate_init(0x5b0bde68f0b0, 0, 176, 0x5b0bde68f0b0) = 1 <0.000323>
[pid 232] 14:56:10.997919 libssl.so.3->EVP_PKEY_decapsulate(0x5b0bde68f0b0, 0, 0x7ffcde8cdd50, 0x5b0bde6912ca) = 1 <0.000163>
[pid 232] 14:56:10.998131 libssl.so.3->EVP_PKEY_decapsulate(0x5b0bde68f0b0, 0x5b0bde68daf0, 0x7ffcde8cdd50, 0x5b0bde6912ca <unfinished ...>
[pid 232] 14:56:10.998264 oqsprovider.so->OQS_KEM_decaps(0x5b0bde68de90, 0x5b0bde68daf0, 0x5b0bde6912ca, 0x5b0bde688bc0) = 0 <0.000151>
[pid 232] 14:56:10.998463 <... EVP_PKEY_decapsulate resumed> ) = 1 <0.000328>
[pid 232] 14:56:10.999163 libssl.so.3->X509_verify_cert(0x5b0bde686410, 0, 0x8000, 0xffffffff) = 1 <0.000303>
[pid 232] 14:56:10.999645 libssl.so.3->EVP_DigestVerifyInit_ex(0x5b0bde5b3810, 0x7ffcde8cddf8, 0, 0) = 1 <0.000117>
[pid 232] 14:56:10.999810 libssl.so.3->EVP_DigestVerify(0x5b0bde5b3810, 0x5b0bde691278, 2420, 0x7ffcde8cde00) = 1 <0.000154>
[pid 232] 14:56:11.000156 libssl.so.3->X509_verify_cert(0x5b0bde686410, 1, 1, 0) = 1 <0.000213>
[pid 232] 14:56:11.000573 libssl.so.3->EVP_DigestSignInit_ex(0x5b0bde6af140, 0x7ffcde8cdde0, 0, 0) = 1 <0.000156>
[pid 232] 14:56:11.000770 libssl.so.3->EVP_DigestSign(0x5b0bde6af140, 0, 0x7ffcde8cddf0, 0x7ffcde8cde00) = 1 <0.000118>
[pid 232] 14:56:11.000934 libssl.so.3->EVP_DigestSign(0x5b0bde6af140, 0x5b0bde690110, 0x7ffcde8cddf0, 0x7ffcde8cde00) = 1 <0.000446>
[pid 232] 14:56:11.001644 <... SSL_connect resumed> ) = 1 <0.006782>
[pid 232] 14:56:11.001865 oqsprovider.so->OQS_KEM_free(0x5b0bde68de90, 0x5b0bde68de40, 2, 0x5b0bde68de60) = 4 <0.000129>
Handshake duration: 6.98 ms
[pid 232] 14:56:11.003864 +++ exited (status 0) +++
Execution 17 - TLS Mutual
s_connection: verify depth is 1
[pid 234] 14:56:11.060648 openssl->SSL_connect(0x622857e10530, 0x622857debe50, 0x622857debe50, 0x75b0c1f19360 <unfinished ...>
[pid 234] 14:56:11.061163 libssl.so.3->EVP_PKEY_keygen_init(0x622857e190b0, 0, 176, 0x622857e190b0) = 1 <0.000262>
[pid 234] 14:56:11.061497 libssl.so.3->EVP_PKEY_keygen(0x622857e190b0, 0x7ffc92c42050, 0, 103 <unfinished ...>
[pid 234] 14:56:11.061690 oqsprovider.so->OQS_KEM_new(0x622857e17450, 8, 0, 0x622857e17e70) = 0x622857e17e90 <0.000220>
[pid 234] 14:56:11.061983 oqsprovider.so->OQS_KEM_keypair(0x622857e17e90, 0x622857e0aea0, 0x622857e12bc0, 0x622857e17e70) = 0 <0.000569>
[pid 234] 14:56:11.062656 <... EVP_PKEY_keygen resumed> ) = 1 <0.001153>
[pid 234] 14:56:11.064423 libssl.so.3->EVP_PKEY_decapsulate_init(0x622857e190b0, 0, 176, 0x622857e190b0) = 1 <0.000410>
[pid 234] 14:56:11.064937 libssl.so.3->EVP_PKEY_decapsulate(0x622857e190b0, 0, 0x7ffc92c42010, 0x622857e1b2ca) = 1 <0.000177>
[pid 234] 14:56:11.065177 libssl.so.3->EVP_PKEY_decapsulate(0x622857e190b0, 0x622857e17af0, 0x7ffc92c42010, 0x622857e1b2ca <unfinished ...>
[pid 234] 14:56:11.065327 oqsprovider.so->OQS_KEM_decaps(0x622857e17e90, 0x622857e17af0, 0x622857e1b2ca, 0x622857e12bc0) = 0 <0.000173>
[pid 234] 14:56:11.065552 <... EVP_PKEY_decapsulate resumed> ) = 1 <0.000367>
[pid 234] 14:56:11.066406 libssl.so.3->X509_verify_cert(0x622857e10410, 0, 0x8000, 0xffffffff) = 1 <0.000411>
[pid 234] 14:56:11.067015 libssl.so.3->EVP_DigestVerifyInit_ex(0x622857d3d810, 0x7ffc92c420b8, 0, 0) = 1 <0.000179>
[pid 234] 14:56:11.067242 libssl.so.3->EVP_DigestVerify(0x622857d3d810, 0x622857e1b278, 2420, 0x7ffc92c420c0) = 1 <0.000155>
[pid 234] 14:56:11.067601 libssl.so.3->X509_verify_cert(0x622857e10410, 1, 1, 0) = 1 <0.000207>
[pid 234] 14:56:11.068050 libssl.so.3->EVP_DigestSignInit_ex(0x622857e39140, 0x7ffc92c420a0, 0, 0) = 1 <0.000149>
[pid 234] 14:56:11.068250 libssl.so.3->EVP_DigestSign(0x622857e39140, 0, 0x7ffc92c420b0, 0x7ffc92c420c0) = 1 <0.000117>
[pid 234] 14:56:11.068421 libssl.so.3->EVP_DigestSign(0x622857e39140, 0x622857e1a110, 0x7ffc92c420b0, 0x7ffc92c420c0) = 1 <0.000474>
[pid 234] 14:56:11.069119 <... SSL_connect resumed> ) = 1 <0.008485>
[pid 234] 14:56:11.069346 oqsprovider.so->OQS_KEM_free(0x622857e17e90, 0x622857e17e40, 2, 0x622857e17e60) = 4 <0.000126>
Handshake duration: 8.69 ms
[pid 234] 14:56:11.071645 +++ exited (status 0) +++
Execution 18 - TLS Mutual
s_connection: verify depth is 1
[pid 236] 14:56:11.131050 openssl->SSL_connect(0x5e2da2989530, 0x5e2da2964e50, 0x5e2da2964e50, 0x70f737eb8360 <unfinished ...>
[pid 236] 14:56:11.131616 libssl.so.3->EVP_PKEY_keygen_init(0x5e2da29920b0, 0, 176, 0x5e2da29920b0) = 1 <0.000286>
[pid 236] 14:56:11.131996 libssl.so.3->EVP_PKEY_keygen(0x5e2da29920b0, 0x7ffea88c2bd0, 0, 103 <unfinished ...>
[pid 236] 14:56:11.132177 oqsprovider.so->OQS_KEM_new(0x5e2da2990450, 8, 0, 0x5e2da2990e70) = 0x5e2da2990e90 <0.000179>
[pid 236] 14:56:11.132416 oqsprovider.so->OQS_KEM_keypair(0x5e2da2990e90, 0x5e2da2983ea0, 0x5e2da298bbc0, 0x5e2da2990e70) = 0 <0.000403>
[pid 236] 14:56:11.132905 <... EVP_PKEY_keygen resumed> ) = 1 <0.000903>
[pid 236] 14:56:11.134430 libssl.so.3->EVP_PKEY_decapsulate_init(0x5e2da29920b0, 0, 176, 0x5e2da29920b0) = 1 <0.000406>
[pid 236] 14:56:11.134918 libssl.so.3->EVP_PKEY_decapsulate(0x5e2da29920b0, 0, 0x7ffea88c2b90, 0x5e2da29942ca) = 1 <0.000162>
[pid 236] 14:56:11.135134 libssl.so.3->EVP_PKEY_decapsulate(0x5e2da29920b0, 0x5e2da2990af0, 0x7ffea88c2b90, 0x5e2da29942ca <unfinished ...>
[pid 236] 14:56:11.135323 oqsprovider.so->OQS_KEM_decaps(0x5e2da2990e90, 0x5e2da2990af0, 0x5e2da29942ca, 0x5e2da298bbc0) = 0 <0.000139>
[pid 236] 14:56:11.135516 <... EVP_PKEY_decapsulate resumed> ) = 1 <0.000376>
[pid 236] 14:56:11.136278 libssl.so.3->X509_verify_cert(0x5e2da2989410, 0, 0x8000, 0xffffffff) = 1 <0.000353>
[pid 236] 14:56:11.136860 libssl.so.3->EVP_DigestVerifyInit_ex(0x5e2da28b6810, 0x7ffea88c2c38, 0, 0) = 1 <0.000170>
[pid 236] 14:56:11.137166 libssl.so.3->EVP_DigestVerify(0x5e2da28b6810, 0x5e2da2994278, 2420, 0x7ffea88c2c40) = 1 <0.000220>
[pid 236] 14:56:11.137660 libssl.so.3->X509_verify_cert(0x5e2da2989410, 1, 1, 0) = 1 <0.000247>
[pid 236] 14:56:11.138145 libssl.so.3->EVP_DigestSignInit_ex(0x5e2da29b2140, 0x7ffea88c2c20, 0, 0) = 1 <0.000164>
[pid 236] 14:56:11.138362 libssl.so.3->EVP_DigestSign(0x5e2da29b2140, 0, 0x7ffea88c2c30, 0x7ffea88c2c40) = 1 <0.000192>
[pid 236] 14:56:11.138629 libssl.so.3->EVP_DigestSign(0x5e2da29b2140, 0x5e2da2993110, 0x7ffea88c2c30, 0x7ffea88c2c40) = 1 <0.000339>
[pid 236] 14:56:11.139312 <... SSL_connect resumed> ) = 1 <0.008264>
[pid 236] 14:56:11.139539 oqsprovider.so->OQS_KEM_free(0x5e2da2990e90, 0x5e2da2990e40, 2, 0x5e2da2990e60) = 4 <0.000148>
Handshake duration: 8.51 ms
[pid 236] 14:56:11.142415 +++ exited (status 0) +++
Execution 19 - TLS Mutual
s_connection: verify depth is 1
[pid 238] 14:56:11.198313 openssl->SSL_connect(0x556a780d3530, 0x556a780aee50, 0x556a780aee50, 0x708ec37d4360 <unfinished ...>
[pid 238] 14:56:11.198767 libssl.so.3->EVP_PKEY_keygen_init(0x556a780dc0b0, 0, 176, 0x556a780dc0b0) = 1 <0.000150>
[pid 238] 14:56:11.198965 libssl.so.3->EVP_PKEY_keygen(0x556a780dc0b0, 0x7ffe58d6ca00, 0, 103 <unfinished ...>
[pid 238] 14:56:11.199083 oqsprovider.so->OQS_KEM_new(0x556a780da450, 8, 0, 0x556a780dae70) = 0x556a780dae90 <0.000121>
[pid 238] 14:56:11.199256 oqsprovider.so->OQS_KEM_keypair(0x556a780dae90, 0x556a780cdea0, 0x556a780d5bc0, 0x556a780dae70) = 0 <0.000371>
[pid 238] 14:56:11.199701 <... EVP_PKEY_keygen resumed> ) = 1 <0.000725>
[pid 238] 14:56:11.201234 libssl.so.3->EVP_PKEY_decapsulate_init(0x556a780dc0b0, 0, 176, 0x556a780dc0b0) = 1 <0.000258>
[pid 238] 14:56:11.201533 libssl.so.3->EVP_PKEY_decapsulate(0x556a780dc0b0, 0, 0x7ffe58d6c9c0, 0x556a780de2ca) = 1 <0.000119>
[pid 238] 14:56:11.201719 libssl.so.3->EVP_PKEY_decapsulate(0x556a780dc0b0, 0x556a780daaf0, 0x7ffe58d6c9c0, 0x556a780de2ca <unfinished ...>
[pid 238] 14:56:11.201864 oqsprovider.so->OQS_KEM_decaps(0x556a780dae90, 0x556a780daaf0, 0x556a780de2ca, 0x556a780d5bc0) = 0 <0.000146>
[pid 238] 14:56:11.202091 <... EVP_PKEY_decapsulate resumed> ) = 1 <0.000363>
[pid 238] 14:56:11.202850 libssl.so.3->X509_verify_cert(0x556a780d3410, 0, 0x8000, 0xffffffff) = 1 <0.000385>
[pid 238] 14:56:11.203432 libssl.so.3->EVP_DigestVerifyInit_ex(0x556a78000810, 0x7ffe58d6ca68, 0, 0) = 1 <0.000148>
[pid 238] 14:56:11.203640 libssl.so.3->EVP_DigestVerify(0x556a78000810, 0x556a780de278, 2420, 0x7ffe58d6ca70) = 1 <0.000247>
[pid 238] 14:56:11.204094 libssl.so.3->X509_verify_cert(0x556a780d3410, 1, 1, 0) = 1 <0.000193>
[pid 238] 14:56:11.204609 libssl.so.3->EVP_DigestSignInit_ex(0x556a780fc140, 0x7ffe58d6ca50, 0, 0) = 1 <0.000166>
[pid 238] 14:56:11.204810 libssl.so.3->EVP_DigestSign(0x556a780fc140, 0, 0x7ffe58d6ca60, 0x7ffe58d6ca70) = 1 <0.000142>
[pid 238] 14:56:11.204996 libssl.so.3->EVP_DigestSign(0x556a780fc140, 0x556a780dd110, 0x7ffe58d6ca60, 0x7ffe58d6ca70) = 1 <0.000286>
[pid 238] 14:56:11.205519 <... SSL_connect resumed> ) = 1 <0.007218>
[pid 238] 14:56:11.205760 oqsprovider.so->OQS_KEM_free(0x556a780dae90, 0x556a780dae40, 2, 0x556a780dae60) = 4 <0.000143>
Handshake duration: 7.41 ms
[pid 238] 14:56:11.208207 +++ exited (status 0) +++
Execution 20 - TLS Mutual
s_connection: verify depth is 1
[pid 240] 14:56:11.265936 openssl->SSL_connect(0x60bfb1d46530, 0x60bfb1d21e50, 0x60bfb1d21e50, 0x7078fe7fa360 <unfinished ...>
[pid 240] 14:56:11.266375 libssl.so.3->EVP_PKEY_keygen_init(0x60bfb1d4f0b0, 0, 176, 0x60bfb1d4f0b0) = 1 <0.000155>
[pid 240] 14:56:11.266597 libssl.so.3->EVP_PKEY_keygen(0x60bfb1d4f0b0, 0x7ffeb7e6f5f0, 0, 103 <unfinished ...>
[pid 240] 14:56:11.266864 oqsprovider.so->OQS_KEM_new(0x60bfb1d4d450, 8, 0, 0x60bfb1d4de70) = 0x60bfb1d4de90 <0.000212>
[pid 240] 14:56:11.267137 oqsprovider.so->OQS_KEM_keypair(0x60bfb1d4de90, 0x60bfb1d40ea0, 0x60bfb1d48bc0, 0x60bfb1d4de70) = 0 <0.000356>
[pid 240] 14:56:11.267556 <... EVP_PKEY_keygen resumed> ) = 1 <0.000954>
[pid 240] 14:56:11.268983 libssl.so.3->EVP_PKEY_decapsulate_init(0x60bfb1d4f0b0, 0, 176, 0x60bfb1d4f0b0) = 1 <0.000277>
[pid 240] 14:56:11.269310 libssl.so.3->EVP_PKEY_decapsulate(0x60bfb1d4f0b0, 0, 0x7ffeb7e6f5b0, 0x60bfb1d512ca) = 1 <0.000143>
[pid 240] 14:56:11.269510 libssl.so.3->EVP_PKEY_decapsulate(0x60bfb1d4f0b0, 0x60bfb1d4daf0, 0x7ffeb7e6f5b0, 0x60bfb1d512ca <unfinished ...>
[pid 240] 14:56:11.269770 oqsprovider.so->OQS_KEM_decaps(0x60bfb1d4de90, 0x60bfb1d4daf0, 0x60bfb1d512ca, 0x60bfb1d48bc0) = 0 <0.000182>
[pid 240] 14:56:11.270006 <... EVP_PKEY_decapsulate resumed> ) = 1 <0.000487>
[pid 240] 14:56:11.270881 libssl.so.3->X509_verify_cert(0x60bfb1d46410, 0, 0x8000, 0xffffffff) = 1 <0.000400>
[pid 240] 14:56:11.271619 libssl.so.3->EVP_DigestVerifyInit_ex(0x60bfb1c73810, 0x7ffeb7e6f658, 0, 0) = 1 <0.000309>
[pid 240] 14:56:11.271977 libssl.so.3->EVP_DigestVerify(0x60bfb1c73810, 0x60bfb1d51278, 2420, 0x7ffeb7e6f660) = 1 <0.000188>
[pid 240] 14:56:11.272427 libssl.so.3->X509_verify_cert(0x60bfb1d46410, 1, 1, 0) = 1 <0.000242>
[pid 240] 14:56:11.272940 libssl.so.3->EVP_DigestSignInit_ex(0x60bfb1d6f140, 0x7ffeb7e6f640, 0, 0) = 1 <0.000156>
[pid 240] 14:56:11.273206 libssl.so.3->EVP_DigestSign(0x60bfb1d6f140, 0, 0x7ffeb7e6f650, 0x7ffeb7e6f660) = 1 <0.000122>
[pid 240] 14:56:11.273377 libssl.so.3->EVP_DigestSign(0x60bfb1d6f140, 0x60bfb1d50110, 0x7ffeb7e6f650, 0x7ffeb7e6f660) = 1 <0.000383>
[pid 240] 14:56:11.274033 <... SSL_connect resumed> ) = 1 <0.008109>
[pid 240] 14:56:11.274247 oqsprovider.so->OQS_KEM_free(0x60bfb1d4de90, 0x60bfb1d4de40, 2, 0x60bfb1d4de60) = 4 <0.000135>
Handshake duration: 8.28 ms
[pid 240] 14:56:11.276432 +++ exited (status 0) +++
Execution 21 - TLS Mutual
s_connection: verify depth is 1
[pid 242] 14:56:11.333791 openssl->SSL_connect(0x611684efc530, 0x611684ed7e50, 0x611684ed7e50, 0x78119cd71360 <unfinished ...>
[pid 242] 14:56:11.334257 libssl.so.3->EVP_PKEY_keygen_init(0x611684f050b0, 0, 176, 0x611684f050b0) = 1 <0.000203>
[pid 242] 14:56:11.334513 libssl.so.3->EVP_PKEY_keygen(0x611684f050b0, 0x7ffc73389c10, 0, 103 <unfinished ...>
[pid 242] 14:56:11.334647 oqsprovider.so->OQS_KEM_new(0x611684f03450, 8, 0, 0x611684f03e70) = 0x611684f03e90 <0.000167>
[pid 242] 14:56:11.334863 oqsprovider.so->OQS_KEM_keypair(0x611684f03e90, 0x611684ef6ea0, 0x611684efebc0, 0x611684f03e70) = 0 <0.000330>
[pid 242] 14:56:11.335349 <... EVP_PKEY_keygen resumed> ) = 1 <0.000822>
[pid 242] 14:56:11.336795 libssl.so.3->EVP_PKEY_decapsulate_init(0x611684f050b0, 0, 176, 0x611684f050b0) = 1 <0.000319>
[pid 242] 14:56:11.337160 libssl.so.3->EVP_PKEY_decapsulate(0x611684f050b0, 0, 0x7ffc73389bd0, 0x611684f072ca) = 1 <0.000113>
[pid 242] 14:56:11.337315 libssl.so.3->EVP_PKEY_decapsulate(0x611684f050b0, 0x611684f03af0, 0x7ffc73389bd0, 0x611684f072ca <unfinished ...>
[pid 242] 14:56:11.337426 oqsprovider.so->OQS_KEM_decaps(0x611684f03e90, 0x611684f03af0, 0x611684f072ca, 0x611684efebc0) = 0 <0.000158>
[pid 242] 14:56:11.337633 <... EVP_PKEY_decapsulate resumed> ) = 1 <0.000313>
[pid 242] 14:56:11.338376 libssl.so.3->X509_verify_cert(0x611684efc410, 0, 0x8000, 0xffffffff) = 1 <0.000456>
[pid 242] 14:56:11.339017 libssl.so.3->EVP_DigestVerifyInit_ex(0x611684e29810, 0x7ffc73389c78, 0, 0) = 1 <0.000138>
[pid 242] 14:56:11.339200 libssl.so.3->EVP_DigestVerify(0x611684e29810, 0x611684f07278, 2420, 0x7ffc73389c80) = 1 <0.000157>
[pid 242] 14:56:11.339560 libssl.so.3->X509_verify_cert(0x611684efc410, 1, 1, 0) = 1 <0.000208>
[pid 242] 14:56:11.339971 libssl.so.3->EVP_DigestSignInit_ex(0x611684f25140, 0x7ffc73389c60, 0, 0) = 1 <0.000124>
[pid 242] 14:56:11.340137 libssl.so.3->EVP_DigestSign(0x611684f25140, 0, 0x7ffc73389c70, 0x7ffc73389c80) = 1 <0.000109>
[pid 242] 14:56:11.340285 libssl.so.3->EVP_DigestSign(0x611684f25140, 0x611684f06110, 0x7ffc73389c70, 0x7ffc73389c80) = 1 <0.000277>
[pid 242] 14:56:11.340814 <... SSL_connect resumed> ) = 1 <0.007032>
[pid 242] 14:56:11.341008 oqsprovider.so->OQS_KEM_free(0x611684f03e90, 0x611684f03e40, 2, 0x611684f03e60) = 4 <0.000102>
Handshake duration: 7.23 ms
[pid 242] 14:56:11.343434 +++ exited (status 0) +++
Execution 22 - TLS Mutual
s_connection: verify depth is 1
[pid 244] 14:56:11.402106 openssl->SSL_connect(0x6068464d1530, 0x6068464ace50, 0x6068464ace50, 0x7b55127f3360 <unfinished ...>
[pid 244] 14:56:11.402555 libssl.so.3->EVP_PKEY_keygen_init(0x6068464da0b0, 0, 176, 0x6068464da0b0) = 1 <0.000243>
[pid 244] 14:56:11.402858 libssl.so.3->EVP_PKEY_keygen(0x6068464da0b0, 0x7fff353a0f00, 0, 103 <unfinished ...>
[pid 244] 14:56:11.402994 oqsprovider.so->OQS_KEM_new(0x6068464d8450, 8, 0, 0x6068464d8e70) = 0x6068464d8e90 <0.000116>
[pid 244] 14:56:11.403159 oqsprovider.so->OQS_KEM_keypair(0x6068464d8e90, 0x6068464cbea0, 0x6068464d3bc0, 0x6068464d8e70) = 0 <0.000331>
[pid 244] 14:56:11.403555 <... EVP_PKEY_keygen resumed> ) = 1 <0.000694>
[pid 244] 14:56:11.405288 libssl.so.3->EVP_PKEY_decapsulate_init(0x6068464da0b0, 0, 176, 0x6068464da0b0) = 1 <0.000282>
[pid 244] 14:56:11.405620 libssl.so.3->EVP_PKEY_decapsulate(0x6068464da0b0, 0, 0x7fff353a0ec0, 0x6068464dc2ca) = 1 <0.000131>
[pid 244] 14:56:11.405791 libssl.so.3->EVP_PKEY_decapsulate(0x6068464da0b0, 0x6068464d8af0, 0x7fff353a0ec0, 0x6068464dc2ca <unfinished ...>
[pid 244] 14:56:11.405909 oqsprovider.so->OQS_KEM_decaps(0x6068464d8e90, 0x6068464d8af0, 0x6068464dc2ca, 0x6068464d3bc0) = 0 <0.000137>
[pid 244] 14:56:11.406093 <... EVP_PKEY_decapsulate resumed> ) = 1 <0.000296>
[pid 244] 14:56:11.406956 libssl.so.3->X509_verify_cert(0x6068464d1410, 0, 0x8000, 0xffffffff) = 1 <0.000417>
[pid 244] 14:56:11.407609 libssl.so.3->EVP_DigestVerifyInit_ex(0x6068463fe810, 0x7fff353a0f68, 0, 0) = 1 <0.000650>
[pid 244] 14:56:11.408332 libssl.so.3->EVP_DigestVerify(0x6068463fe810, 0x6068464dc278, 2420, 0x7fff353a0f70) = 1 <0.000179>
[pid 244] 14:56:11.408788 libssl.so.3->X509_verify_cert(0x6068464d1410, 1, 1, 0) = 1 <0.000198>
[pid 244] 14:56:11.409254 libssl.so.3->EVP_DigestSignInit_ex(0x6068464fa140, 0x7fff353a0f50, 0, 0) = 1 <0.000140>
[pid 244] 14:56:11.409433 libssl.so.3->EVP_DigestSign(0x6068464fa140, 0, 0x7fff353a0f60, 0x7fff353a0f70) = 1 <0.000121>
[pid 244] 14:56:11.409600 libssl.so.3->EVP_DigestSign(0x6068464fa140, 0x6068464db110, 0x7fff353a0f60, 0x7fff353a0f70) = 1 <0.000334>
[pid 244] 14:56:11.410209 <... SSL_connect resumed> ) = 1 <0.008113>
[pid 244] 14:56:11.410421 oqsprovider.so->OQS_KEM_free(0x6068464d8e90, 0x6068464d8e40, 2, 0x6068464d8e60) = 4 <0.000130>
Handshake duration: 8.30 ms
[pid 244] 14:56:11.412554 +++ exited (status 0) +++
Execution 23 - TLS Mutual
s_connection: verify depth is 1
[pid 246] 14:56:11.470182 openssl->SSL_connect(0x577a9241a530, 0x577a923f5e50, 0x577a923f5e50, 0x7fb56c4ad360 <unfinished ...>
[pid 246] 14:56:11.470667 libssl.so.3->EVP_PKEY_keygen_init(0x577a924230b0, 0, 176, 0x577a924230b0) = 1 <0.000155>
[pid 246] 14:56:11.470871 libssl.so.3->EVP_PKEY_keygen(0x577a924230b0, 0x7ffcf2d27c40, 0, 103 <unfinished ...>
[pid 246] 14:56:11.470990 oqsprovider.so->OQS_KEM_new(0x577a92421450, 8, 0, 0x577a92421e70) = 0x577a92421e90 <0.000136>
[pid 246] 14:56:11.471228 oqsprovider.so->OQS_KEM_keypair(0x577a92421e90, 0x577a92414ea0, 0x577a9241cbc0, 0x577a92421e70) = 0 <0.000370>
[pid 246] 14:56:11.471663 <... EVP_PKEY_keygen resumed> ) = 1 <0.000786>
[pid 246] 14:56:11.473089 libssl.so.3->EVP_PKEY_decapsulate_init(0x577a924230b0, 0, 176, 0x577a924230b0) = 1 <0.000318>
[pid 246] 14:56:11.473469 libssl.so.3->EVP_PKEY_decapsulate(0x577a924230b0, 0, 0x7ffcf2d27c00, 0x577a924252ca) = 1 <0.000132>
[pid 246] 14:56:11.473656 libssl.so.3->EVP_PKEY_decapsulate(0x577a924230b0, 0x577a92421af0, 0x7ffcf2d27c00, 0x577a924252ca <unfinished ...>
[pid 246] 14:56:11.473811 oqsprovider.so->OQS_KEM_decaps(0x577a92421e90, 0x577a92421af0, 0x577a924252ca, 0x577a9241cbc0) = 0 <0.000166>
[pid 246] 14:56:11.474049 <... EVP_PKEY_decapsulate resumed> ) = 1 <0.000384>
[pid 246] 14:56:11.474818 libssl.so.3->X509_verify_cert(0x577a9241a410, 0, 0x8000, 0xffffffff) = 1 <0.000356>
[pid 246] 14:56:11.475373 libssl.so.3->EVP_DigestVerifyInit_ex(0x577a92347810, 0x7ffcf2d27ca8, 0, 0) = 1 <0.000144>
[pid 246] 14:56:11.475571 libssl.so.3->EVP_DigestVerify(0x577a92347810, 0x577a92425278, 2420, 0x7ffcf2d27cb0) = 1 <0.000185>
[pid 246] 14:56:11.475963 libssl.so.3->X509_verify_cert(0x577a9241a410, 1, 1, 0) = 1 <0.000197>
[pid 246] 14:56:11.476398 libssl.so.3->EVP_DigestSignInit_ex(0x577a92443140, 0x7ffcf2d27c90, 0, 0) = 1 <0.000141>
[pid 246] 14:56:11.476585 libssl.so.3->EVP_DigestSign(0x577a92443140, 0, 0x7ffcf2d27ca0, 0x7ffcf2d27cb0) = 1 <0.000109>
[pid 246] 14:56:11.476770 libssl.so.3->EVP_DigestSign(0x577a92443140, 0x577a92424110, 0x7ffcf2d27ca0, 0x7ffcf2d27cb0) = 1 <0.000283>
[pid 246] 14:56:11.477312 <... SSL_connect resumed> ) = 1 <0.007140>
[pid 246] 14:56:11.477514 oqsprovider.so->OQS_KEM_free(0x577a92421e90, 0x577a92421e40, 2, 0x577a92421e60) = 4 <0.000161>
Handshake duration: 7.34 ms
[pid 246] 14:56:11.479898 +++ exited (status 0) +++
Execution 24 - TLS Mutual
s_connection: verify depth is 1
[pid 248] 14:56:11.537332 openssl->SSL_connect(0x58feac49e530, 0x58feac479e50, 0x58feac479e50, 0x70c3a4c6d360 <unfinished ...>
[pid 248] 14:56:11.537992 libssl.so.3->EVP_PKEY_keygen_init(0x58feac4a70b0, 0, 176, 0x58feac4a70b0) = 1 <0.000271>
[pid 248] 14:56:11.538348 libssl.so.3->EVP_PKEY_keygen(0x58feac4a70b0, 0x7fff32b0d180, 0, 103 <unfinished ...>
[pid 248] 14:56:11.538630 oqsprovider.so->OQS_KEM_new(0x58feac4a5450, 8, 0, 0x58feac4a5e70) = 0x58feac4a5e90 <0.000245>
[pid 248] 14:56:11.538962 oqsprovider.so->OQS_KEM_keypair(0x58feac4a5e90, 0x58feac498ea0, 0x58feac4a0bc0, 0x58feac4a5e70) = 0 <0.000461>
[pid 248] 14:56:11.539501 <... EVP_PKEY_keygen resumed> ) = 1 <0.001144>
[pid 248] 14:56:11.541033 libssl.so.3->EVP_PKEY_decapsulate_init(0x58feac4a70b0, 0, 176, 0x58feac4a70b0) = 1 <0.000357>
[pid 248] 14:56:11.541457 libssl.so.3->EVP_PKEY_decapsulate(0x58feac4a70b0, 0, 0x7fff32b0d140, 0x58feac4a92ca) = 1 <0.000167>
[pid 248] 14:56:11.541675 libssl.so.3->EVP_PKEY_decapsulate(0x58feac4a70b0, 0x58feac4a5af0, 0x7fff32b0d140, 0x58feac4a92ca <unfinished ...>
[pid 248] 14:56:11.541878 oqsprovider.so->OQS_KEM_decaps(0x58feac4a5e90, 0x58feac4a5af0, 0x58feac4a92ca, 0x58feac4a0bc0) = 0 <0.000166>
[pid 248] 14:56:11.542092 <... EVP_PKEY_decapsulate resumed> ) = 1 <0.000411>
[pid 248] 14:56:11.542810 libssl.so.3->X509_verify_cert(0x58feac49e410, 0, 0x8000, 0xffffffff) = 1 <0.000335>
[pid 248] 14:56:11.543377 libssl.so.3->EVP_DigestVerifyInit_ex(0x58feac3cb810, 0x7fff32b0d1e8, 0, 0) = 1 <0.000151>
[pid 248] 14:56:11.543577 libssl.so.3->EVP_DigestVerify(0x58feac3cb810, 0x58feac4a9278, 2420, 0x7fff32b0d1f0) = 1 <0.000232>
[pid 248] 14:56:11.544048 libssl.so.3->X509_verify_cert(0x58feac49e410, 1, 1, 0) = 1 <0.000215>
[pid 248] 14:56:11.544493 libssl.so.3->EVP_DigestSignInit_ex(0x58feac4c7140, 0x7fff32b0d1d0, 0, 0) = 1 <0.000120>
[pid 248] 14:56:11.544654 libssl.so.3->EVP_DigestSign(0x58feac4c7140, 0, 0x7fff32b0d1e0, 0x7fff32b0d1f0) = 1 <0.000127>
[pid 248] 14:56:11.544830 libssl.so.3->EVP_DigestSign(0x58feac4c7140, 0x58feac4a8110, 0x7fff32b0d1e0, 0x7fff32b0d1f0) = 1 <0.000396>
[pid 248] 14:56:11.545484 <... SSL_connect resumed> ) = 1 <0.008161>
[pid 248] 14:56:11.545700 oqsprovider.so->OQS_KEM_free(0x58feac4a5e90, 0x58feac4a5e40, 2, 0x58feac4a5e60) = 4 <0.000140>
Handshake duration: 8.36 ms
[pid 248] 14:56:11.548011 +++ exited (status 0) +++
Execution 25 - TLS Mutual
s_connection: verify depth is 1
[pid 250] 14:56:11.611645 openssl->SSL_connect(0x59e9c91fd530, 0x59e9c91d8e50, 0x59e9c91d8e50, 0x7d570404b360 <unfinished ...>
[pid 250] 14:56:11.612181 libssl.so.3->EVP_PKEY_keygen_init(0x59e9c92060b0, 0, 176, 0x59e9c92060b0) = 1 <0.000207>
[pid 250] 14:56:11.612478 libssl.so.3->EVP_PKEY_keygen(0x59e9c92060b0, 0x7ffe66aa2450, 0, 103 <unfinished ...>
[pid 250] 14:56:11.612665 oqsprovider.so->OQS_KEM_new(0x59e9c9204450, 8, 0, 0x59e9c9204e70) = 0x59e9c9204e90 <0.000174>
[pid 250] 14:56:11.612903 oqsprovider.so->OQS_KEM_keypair(0x59e9c9204e90, 0x59e9c91f7ea0, 0x59e9c91ffbc0, 0x59e9c9204e70) = 0 <0.000409>
[pid 250] 14:56:11.613376 <... EVP_PKEY_keygen resumed> ) = 1 <0.000891>
[pid 250] 14:56:11.615064 libssl.so.3->EVP_PKEY_decapsulate_init(0x59e9c92060b0, 0, 176, 0x59e9c92060b0) = 1 <0.000365>
[pid 250] 14:56:11.615477 libssl.so.3->EVP_PKEY_decapsulate(0x59e9c92060b0, 0, 0x7ffe66aa2410, 0x59e9c92082ca) = 1 <0.000155>
[pid 250] 14:56:11.615688 libssl.so.3->EVP_PKEY_decapsulate(0x59e9c92060b0, 0x59e9c9204af0, 0x7ffe66aa2410, 0x59e9c92082ca <unfinished ...>
[pid 250] 14:56:11.615853 oqsprovider.so->OQS_KEM_decaps(0x59e9c9204e90, 0x59e9c9204af0, 0x59e9c92082ca, 0x59e9c91ffbc0) = 0 <0.000175>
[pid 250] 14:56:11.616077 <... EVP_PKEY_decapsulate resumed> ) = 1 <0.000383>
[pid 250] 14:56:11.617243 libssl.so.3->X509_verify_cert(0x59e9c91fd410, 0, 0x8000, 0xffffffff) = 1 <0.000754>
[pid 250] 14:56:11.618259 libssl.so.3->EVP_DigestVerifyInit_ex(0x59e9c912a810, 0x7ffe66aa24b8, 0, 0) = 1 <0.000218>
[pid 250] 14:56:11.618557 libssl.so.3->EVP_DigestVerify(0x59e9c912a810, 0x59e9c9208278, 2420, 0x7ffe66aa24c0) = 1 <0.000290>
[pid 250] 14:56:11.619170 libssl.so.3->X509_verify_cert(0x59e9c91fd410, 1, 1, 0) = 1 <0.000310>
[pid 250] 14:56:11.619875 libssl.so.3->EVP_DigestSignInit_ex(0x59e9c9226140, 0x7ffe66aa24a0, 0, 0) = 1 <0.000237>
[pid 250] 14:56:11.620190 libssl.so.3->EVP_DigestSign(0x59e9c9226140, 0, 0x7ffe66aa24b0, 0x7ffe66aa24c0) = 1 <0.000185>
[pid 250] 14:56:11.620443 libssl.so.3->EVP_DigestSign(0x59e9c9226140, 0x59e9c9207110, 0x7ffe66aa24b0, 0x7ffe66aa24c0) = 1 <0.000462>
[pid 250] 14:56:11.621318 <... SSL_connect resumed> ) = 1 <0.009670>
[pid 250] 14:56:11.621621 oqsprovider.so->OQS_KEM_free(0x59e9c9204e90, 0x59e9c9204e40, 2, 0x59e9c9204e60) = 4 <0.000231>
Handshake duration: 9.94 ms
[pid 250] 14:56:11.624857 +++ exited (status 0) +++
Execution 26 - TLS Mutual
s_connection: verify depth is 1
[pid 252] 14:56:11.685367 openssl->SSL_connect(0x648930660530, 0x64893063be50, 0x64893063be50, 0x77a6016ba360 <unfinished ...>
[pid 252] 14:56:11.685921 libssl.so.3->EVP_PKEY_keygen_init(0x6489306690b0, 0, 176, 0x6489306690b0) = 1 <0.000339>
[pid 252] 14:56:11.686333 libssl.so.3->EVP_PKEY_keygen(0x6489306690b0, 0x7ffca3bd2640, 0, 103 <unfinished ...>
[pid 252] 14:56:11.686512 oqsprovider.so->OQS_KEM_new(0x648930667450, 8, 0, 0x648930667e70) = 0x648930667e90 <0.000198>
[pid 252] 14:56:11.686783 oqsprovider.so->OQS_KEM_keypair(0x648930667e90, 0x64893065aea0, 0x648930662bc0, 0x648930667e70) = 0 <0.000405>
[pid 252] 14:56:11.687266 <... EVP_PKEY_keygen resumed> ) = 1 <0.000926>
[pid 252] 14:56:11.689272 libssl.so.3->EVP_PKEY_decapsulate_init(0x6489306690b0, 0, 176, 0x6489306690b0) = 1 <0.000463>
[pid 252] 14:56:11.689811 libssl.so.3->EVP_PKEY_decapsulate(0x6489306690b0, 0, 0x7ffca3bd2600, 0x64893066b2ca) = 1 <0.000210>
[pid 252] 14:56:11.690114 libssl.so.3->EVP_PKEY_decapsulate(0x6489306690b0, 0x648930667af0, 0x7ffca3bd2600, 0x64893066b2ca <unfinished ...>
[pid 252] 14:56:11.690294 oqsprovider.so->OQS_KEM_decaps(0x648930667e90, 0x648930667af0, 0x64893066b2ca, 0x648930662bc0) = 0 <0.000208>
[pid 252] 14:56:11.690577 <... EVP_PKEY_decapsulate resumed> ) = 1 <0.000481>
[pid 252] 14:56:11.691627 libssl.so.3->X509_verify_cert(0x648930660410, 0, 0x8000, 0xffffffff) = 1 <0.000448>
[pid 252] 14:56:11.692321 libssl.so.3->EVP_DigestVerifyInit_ex(0x64893058d810, 0x7ffca3bd26a8, 0, 0) = 1 <0.000191>
[pid 252] 14:56:11.692566 libssl.so.3->EVP_DigestVerify(0x64893058d810, 0x64893066b278, 2420, 0x7ffca3bd26b0) = 1 <0.000221>
[pid 252] 14:56:11.693041 libssl.so.3->X509_verify_cert(0x648930660410, 1, 1, 0) = 1 <0.000251>
[pid 252] 14:56:11.693645 libssl.so.3->EVP_DigestSignInit_ex(0x648930689140, 0x7ffca3bd2690, 0, 0) = 1 <0.000173>
[pid 252] 14:56:11.693879 libssl.so.3->EVP_DigestSign(0x648930689140, 0, 0x7ffca3bd26a0, 0x7ffca3bd26b0) = 1 <0.000164>
[pid 252] 14:56:11.694094 libssl.so.3->EVP_DigestSign(0x648930689140, 0x64893066a110, 0x7ffca3bd26a0, 0x7ffca3bd26b0) = 1 <0.000950>
[pid 252] 14:56:11.695362 <... SSL_connect resumed> ) = 1 <0.010010>
[pid 252] 14:56:11.695604 oqsprovider.so->OQS_KEM_free(0x648930667e90, 0x648930667e40, 2, 0x648930667e60) = 4 <0.000149>
Handshake duration: 10.22 ms
[pid 252] 14:56:11.698177 +++ exited (status 0) +++
Execution 27 - TLS Mutual
s_connection: verify depth is 1
[pid 254] 14:56:11.758054 openssl->SSL_connect(0x631590bd3530, 0x631590baee50, 0x631590baee50, 0x7afca242c360 <unfinished ...>
[pid 254] 14:56:11.758556 libssl.so.3->EVP_PKEY_keygen_init(0x631590bdc0b0, 0, 176, 0x631590bdc0b0) = 1 <0.000267>
[pid 254] 14:56:11.758942 libssl.so.3->EVP_PKEY_keygen(0x631590bdc0b0, 0x7fff72cd8f20, 0, 103 <unfinished ...>
[pid 254] 14:56:11.759139 oqsprovider.so->OQS_KEM_new(0x631590bda450, 8, 0, 0x631590bdae70) = 0x631590bdae90 <0.000179>
[pid 254] 14:56:11.759381 oqsprovider.so->OQS_KEM_keypair(0x631590bdae90, 0x631590bcdea0, 0x631590bd5bc0, 0x631590bdae70) = 0 <0.000460>
[pid 254] 14:56:11.759933 <... EVP_PKEY_keygen resumed> ) = 1 <0.000979>
[pid 254] 14:56:11.761496 libssl.so.3->EVP_PKEY_decapsulate_init(0x631590bdc0b0, 0, 176, 0x631590bdc0b0) = 1 <0.000377>
[pid 254] 14:56:11.761972 libssl.so.3->EVP_PKEY_decapsulate(0x631590bdc0b0, 0, 0x7fff72cd8ee0, 0x631590bde2ca) = 1 <0.000223>
[pid 254] 14:56:11.762253 libssl.so.3->EVP_PKEY_decapsulate(0x631590bdc0b0, 0x631590bdaaf0, 0x7fff72cd8ee0, 0x631590bde2ca <unfinished ...>
[pid 254] 14:56:11.762450 oqsprovider.so->OQS_KEM_decaps(0x631590bdae90, 0x631590bdaaf0, 0x631590bde2ca, 0x631590bd5bc0) = 0 <0.000208>
[pid 254] 14:56:11.762747 <... EVP_PKEY_decapsulate resumed> ) = 1 <0.000484>
[pid 254] 14:56:11.763672 libssl.so.3->X509_verify_cert(0x631590bd3410, 0, 0x8000, 0xffffffff) = 1 <0.000406>
[pid 254] 14:56:11.764302 libssl.so.3->EVP_DigestVerifyInit_ex(0x631590b00810, 0x7fff72cd8f88, 0, 0) = 1 <0.000162>
[pid 254] 14:56:11.764517 libssl.so.3->EVP_DigestVerify(0x631590b00810, 0x631590bde278, 2420, 0x7fff72cd8f90) = 1 <0.000233>
[pid 254] 14:56:11.764988 libssl.so.3->X509_verify_cert(0x631590bd3410, 1, 1, 0) = 1 <0.000242>
[pid 254] 14:56:11.765538 libssl.so.3->EVP_DigestSignInit_ex(0x631590bfc140, 0x7fff72cd8f70, 0, 0) = 1 <0.000198>
[pid 254] 14:56:11.765799 libssl.so.3->EVP_DigestSign(0x631590bfc140, 0, 0x7fff72cd8f80, 0x7fff72cd8f90) = 1 <0.000145>
[pid 254] 14:56:11.765990 libssl.so.3->EVP_DigestSign(0x631590bfc140, 0x631590bdd110, 0x7fff72cd8f80, 0x7fff72cd8f90) = 1 <0.000419>
[pid 254] 14:56:11.766765 <... SSL_connect resumed> ) = 1 <0.008724>
[pid 254] 14:56:11.767042 oqsprovider.so->OQS_KEM_free(0x631590bdae90, 0x631590bdae40, 2, 0x631590bdae60) = 4 <0.000141>
Handshake duration: 8.95 ms
[pid 254] 14:56:11.769868 +++ exited (status 0) +++
Execution 28 - TLS Mutual
s_connection: verify depth is 1
[pid 256] 14:56:11.828065 openssl->SSL_connect(0x560ef018c530, 0x560ef0167e50, 0x560ef0167e50, 0x75273dabf360 <unfinished ...>
[pid 256] 14:56:11.828578 libssl.so.3->EVP_PKEY_keygen_init(0x560ef01950b0, 0, 176, 0x560ef01950b0) = 1 <0.000174>
[pid 256] 14:56:11.828809 libssl.so.3->EVP_PKEY_keygen(0x560ef01950b0, 0x7ffc29518700, 0, 103 <unfinished ...>
[pid 256] 14:56:11.828943 oqsprovider.so->OQS_KEM_new(0x560ef0193450, 8, 0, 0x560ef0193e70) = 0x560ef0193e90 <0.000145>
[pid 256] 14:56:11.829135 oqsprovider.so->OQS_KEM_keypair(0x560ef0193e90, 0x560ef0186ea0, 0x560ef018ebc0, 0x560ef0193e70) = 0 <0.000328>
[pid 256] 14:56:11.829515 <... EVP_PKEY_keygen resumed> ) = 1 <0.000702>
[pid 256] 14:56:11.831233 libssl.so.3->EVP_PKEY_decapsulate_init(0x560ef01950b0, 0, 176, 0x560ef01950b0) = 1 <0.000366>
[pid 256] 14:56:11.831651 libssl.so.3->EVP_PKEY_decapsulate(0x560ef01950b0, 0, 0x7ffc295186c0, 0x560ef01972ca) = 1 <0.000163>
[pid 256] 14:56:11.831859 libssl.so.3->EVP_PKEY_decapsulate(0x560ef01950b0, 0x560ef0193af0, 0x7ffc295186c0, 0x560ef01972ca <unfinished ...>
[pid 256] 14:56:11.831999 oqsprovider.so->OQS_KEM_decaps(0x560ef0193e90, 0x560ef0193af0, 0x560ef01972ca, 0x560ef018ebc0) = 0 <0.000164>
[pid 256] 14:56:11.832216 <... EVP_PKEY_decapsulate resumed> ) = 1 <0.000348>
[pid 256] 14:56:11.833086 libssl.so.3->X509_verify_cert(0x560ef018c410, 0, 0x8000, 0xffffffff) = 1 <0.000443>
[pid 256] 14:56:11.833812 libssl.so.3->EVP_DigestVerifyInit_ex(0x560ef00b9810, 0x7ffc29518768, 0, 0) = 1 <0.000138>
[pid 256] 14:56:11.834016 libssl.so.3->EVP_DigestVerify(0x560ef00b9810, 0x560ef0197278, 2420, 0x7ffc29518770) = 1 <0.000182>
[pid 256] 14:56:11.834464 libssl.so.3->X509_verify_cert(0x560ef018c410, 1, 1, 0) = 1 <0.000203>
[pid 256] 14:56:11.834935 libssl.so.3->EVP_DigestSignInit_ex(0x560ef01b5140, 0x7ffc29518750, 0, 0) = 1 <0.000129>
[pid 256] 14:56:11.835107 libssl.so.3->EVP_DigestSign(0x560ef01b5140, 0, 0x7ffc29518760, 0x7ffc29518770) = 1 <0.000161>
[pid 256] 14:56:11.835343 libssl.so.3->EVP_DigestSign(0x560ef01b5140, 0x560ef0196110, 0x7ffc29518760, 0x7ffc29518770) = 1 <0.000504>
[pid 256] 14:56:11.836223 <... SSL_connect resumed> ) = 1 <0.008161>
[pid 256] 14:56:11.836488 oqsprovider.so->OQS_KEM_free(0x560ef0193e90, 0x560ef0193e40, 2, 0x560ef0193e60) = 4 <0.000181>
Handshake duration: 8.40 ms
[pid 256] 14:56:11.839478 +++ exited (status 0) +++
Execution 29 - TLS Mutual
s_connection: verify depth is 1
[pid 258] 14:56:11.897622 openssl->SSL_connect(0x5def2a7c7530, 0x5def2a7a2e50, 0x5def2a7a2e50, 0x7ab45a1cb360 <unfinished ...>
[pid 258] 14:56:11.898162 libssl.so.3->EVP_PKEY_keygen_init(0x5def2a7d00b0, 0, 176, 0x5def2a7d00b0) = 1 <0.000212>
[pid 258] 14:56:11.898418 libssl.so.3->EVP_PKEY_keygen(0x5def2a7d00b0, 0x7ffee4f00600, 0, 103 <unfinished ...>
[pid 258] 14:56:11.898561 oqsprovider.so->OQS_KEM_new(0x5def2a7ce450, 8, 0, 0x5def2a7cee70) = 0x5def2a7cee90 <0.000162>
[pid 258] 14:56:11.898773 oqsprovider.so->OQS_KEM_keypair(0x5def2a7cee90, 0x5def2a7c1ea0, 0x5def2a7c9bc0, 0x5def2a7cee70) = 0 <0.000375>
[pid 258] 14:56:11.899245 <... EVP_PKEY_keygen resumed> ) = 1 <0.000802>
[pid 258] 14:56:11.900822 libssl.so.3->EVP_PKEY_decapsulate_init(0x5def2a7d00b0, 0, 176, 0x5def2a7d00b0) = 1 <0.000308>
[pid 258] 14:56:11.901178 libssl.so.3->EVP_PKEY_decapsulate(0x5def2a7d00b0, 0, 0x7ffee4f005c0, 0x5def2a7d22ca) = 1 <0.000117>
[pid 258] 14:56:11.901340 libssl.so.3->EVP_PKEY_decapsulate(0x5def2a7d00b0, 0x5def2a7ceaf0, 0x7ffee4f005c0, 0x5def2a7d22ca <unfinished ...>
[pid 258] 14:56:11.901470 oqsprovider.so->OQS_KEM_decaps(0x5def2a7cee90, 0x5def2a7ceaf0, 0x5def2a7d22ca, 0x5def2a7c9bc0) = 0 <0.000143>
[pid 258] 14:56:11.901657 <... EVP_PKEY_decapsulate resumed> ) = 1 <0.000312>
[pid 258] 14:56:11.902397 libssl.so.3->X509_verify_cert(0x5def2a7c7410, 0, 0x8000, 0xffffffff) = 1 <0.000424>
[pid 258] 14:56:11.903088 libssl.so.3->EVP_DigestVerifyInit_ex(0x5def2a6f4810, 0x7ffee4f00668, 0, 0) = 1 <0.000206>
[pid 258] 14:56:11.903338 libssl.so.3->EVP_DigestVerify(0x5def2a6f4810, 0x5def2a7d2278, 2420, 0x7ffee4f00670) = 1 <0.000232>
[pid 258] 14:56:11.903853 libssl.so.3->X509_verify_cert(0x5def2a7c7410, 1, 1, 0) = 1 <0.000209>
[pid 258] 14:56:11.904325 libssl.so.3->EVP_DigestSignInit_ex(0x5def2a7f0140, 0x7ffee4f00650, 0, 0) = 1 <0.000160>
[pid 258] 14:56:11.904532 libssl.so.3->EVP_DigestSign(0x5def2a7f0140, 0, 0x7ffee4f00660, 0x7ffee4f00670) = 1 <0.000145>
[pid 258] 14:56:11.904730 libssl.so.3->EVP_DigestSign(0x5def2a7f0140, 0x5def2a7d1110, 0x7ffee4f00660, 0x7ffee4f00670) = 1 <0.000558>
[pid 258] 14:56:11.905566 <... SSL_connect resumed> ) = 1 <0.007956>
[pid 258] 14:56:11.905794 oqsprovider.so->OQS_KEM_free(0x5def2a7cee90, 0x5def2a7cee40, 2, 0x5def2a7cee60) = 4 <0.000141>
Handshake duration: 8.14 ms
[pid 258] 14:56:11.908186 +++ exited (status 0) +++
Execution 30 - TLS Mutual
s_connection: verify depth is 1
[pid 260] 14:56:11.968244 openssl->SSL_connect(0x60c25797d530, 0x60c257958e50, 0x60c257958e50, 0x770884d77360 <unfinished ...>
[pid 260] 14:56:11.968671 libssl.so.3->EVP_PKEY_keygen_init(0x60c2579860b0, 0, 176, 0x60c2579860b0) = 1 <0.000146>
[pid 260] 14:56:11.968866 libssl.so.3->EVP_PKEY_keygen(0x60c2579860b0, 0x7fff53b829c0, 0, 103 <unfinished ...>
[pid 260] 14:56:11.968991 oqsprovider.so->OQS_KEM_new(0x60c257984450, 8, 0, 0x60c257984e70) = 0x60c257984e90 <0.000110>
[pid 260] 14:56:11.969147 oqsprovider.so->OQS_KEM_keypair(0x60c257984e90, 0x60c257977ea0, 0x60c25797fbc0, 0x60c257984e70) = 0 <0.000301>
[pid 260] 14:56:11.969496 <... EVP_PKEY_keygen resumed> ) = 1 <0.000626>
[pid 260] 14:56:11.970964 libssl.so.3->EVP_PKEY_decapsulate_init(0x60c2579860b0, 0, 176, 0x60c2579860b0) = 1 <0.000359>
[pid 260] 14:56:11.971376 libssl.so.3->EVP_PKEY_decapsulate(0x60c2579860b0, 0, 0x7fff53b82980, 0x60c2579882ca) = 1 <0.000141>
[pid 260] 14:56:11.971565 libssl.so.3->EVP_PKEY_decapsulate(0x60c2579860b0, 0x60c257984af0, 0x7fff53b82980, 0x60c2579882ca <unfinished ...>
[pid 260] 14:56:11.971737 oqsprovider.so->OQS_KEM_decaps(0x60c257984e90, 0x60c257984af0, 0x60c2579882ca, 0x60c25797fbc0) = 0 <0.000149>
[pid 260] 14:56:11.971930 <... EVP_PKEY_decapsulate resumed> ) = 1 <0.000359>
[pid 260] 14:56:11.972627 libssl.so.3->X509_verify_cert(0x60c25797d410, 0, 0x8000, 0xffffffff) = 1 <0.000320>
[pid 260] 14:56:11.973135 libssl.so.3->EVP_DigestVerifyInit_ex(0x60c2578aa810, 0x7fff53b82a28, 0, 0) = 1 <0.000118>
[pid 260] 14:56:11.973295 libssl.so.3->EVP_DigestVerify(0x60c2578aa810, 0x60c257988278, 2420, 0x7fff53b82a30) = 1 <0.000148>
[pid 260] 14:56:11.973650 libssl.so.3->X509_verify_cert(0x60c25797d410, 1, 1, 0) = 1 <0.000201>
[pid 260] 14:56:11.974049 libssl.so.3->EVP_DigestSignInit_ex(0x60c2579a6140, 0x7fff53b82a10, 0, 0) = 1 <0.000128>
[pid 260] 14:56:11.974220 libssl.so.3->EVP_DigestSign(0x60c2579a6140, 0, 0x7fff53b82a20, 0x7fff53b82a30) = 1 <0.000112>
[pid 260] 14:56:11.974369 libssl.so.3->EVP_DigestSign(0x60c2579a6140, 0x60c257987110, 0x7fff53b82a20, 0x7fff53b82a30) = 1 <0.000279>
[pid 260] 14:56:11.974925 <... SSL_connect resumed> ) = 1 <0.006682>
[pid 260] 14:56:11.975156 oqsprovider.so->OQS_KEM_free(0x60c257984e90, 0x60c257984e40, 2, 0x60c257984e60) = 4 <0.000196>
Handshake duration: 6.89 ms
[pid 260] 14:56:11.977289 +++ exited (status 0) +++
Execution 31 - TLS Mutual
s_connection: verify depth is 1
[pid 262] 14:56:12.032515 openssl->SSL_connect(0x561f41081530, 0x561f4105ce50, 0x561f4105ce50, 0x731927d47360 <unfinished ...>
[pid 262] 14:56:12.032967 libssl.so.3->EVP_PKEY_keygen_init(0x561f4108a0b0, 0, 176, 0x561f4108a0b0) = 1 <0.000180>
[pid 262] 14:56:12.033197 libssl.so.3->EVP_PKEY_keygen(0x561f4108a0b0, 0x7ffd61c85b70, 0, 103 <unfinished ...>
[pid 262] 14:56:12.033351 oqsprovider.so->OQS_KEM_new(0x561f41088450, 8, 0, 0x561f41088e70) = 0x561f41088e90 <0.000116>
[pid 262] 14:56:12.033513 oqsprovider.so->OQS_KEM_keypair(0x561f41088e90, 0x561f4107bea0, 0x561f41083bc0, 0x561f41088e70) = 0 <0.000348>
[pid 262] 14:56:12.033916 <... EVP_PKEY_keygen resumed> ) = 1 <0.000713>
[pid 262] 14:56:12.035375 libssl.so.3->EVP_PKEY_decapsulate_init(0x561f4108a0b0, 0, 176, 0x561f4108a0b0) = 1 <0.000411>
[pid 262] 14:56:12.035850 libssl.so.3->EVP_PKEY_decapsulate(0x561f4108a0b0, 0, 0x7ffd61c85b30, 0x561f4108c2ca) = 1 <0.000195>
[pid 262] 14:56:12.036101 libssl.so.3->EVP_PKEY_decapsulate(0x561f4108a0b0, 0x561f41088af0, 0x7ffd61c85b30, 0x561f4108c2ca <unfinished ...>
[pid 262] 14:56:12.036264 oqsprovider.so->OQS_KEM_decaps(0x561f41088e90, 0x561f41088af0, 0x561f4108c2ca, 0x561f41083bc0) = 0 <0.000198>
[pid 262] 14:56:12.036512 <... EVP_PKEY_decapsulate resumed> ) = 1 <0.000405>
[pid 262] 14:56:12.037239 libssl.so.3->X509_verify_cert(0x561f41081410, 0, 0x8000, 0xffffffff) = 1 <0.000338>
[pid 262] 14:56:12.037780 libssl.so.3->EVP_DigestVerifyInit_ex(0x561f40fae810, 0x7ffd61c85bd8, 0, 0) = 1 <0.000152>
[pid 262] 14:56:12.037991 libssl.so.3->EVP_DigestVerify(0x561f40fae810, 0x561f4108c278, 2420, 0x7ffd61c85be0) = 1 <0.000189>
[pid 262] 14:56:12.038379 libssl.so.3->X509_verify_cert(0x561f41081410, 1, 1, 0) = 1 <0.000269>
[pid 262] 14:56:12.038945 libssl.so.3->EVP_DigestSignInit_ex(0x561f410aa140, 0x7ffd61c85bc0, 0, 0) = 1 <0.000145>
[pid 262] 14:56:12.039140 libssl.so.3->EVP_DigestSign(0x561f410aa140, 0, 0x7ffd61c85bd0, 0x7ffd61c85be0) = 1 <0.000126>
[pid 262] 14:56:12.039315 libssl.so.3->EVP_DigestSign(0x561f410aa140, 0x561f4108b110, 0x7ffd61c85bd0, 0x7ffd61c85be0) = 1 <0.000549>
[pid 262] 14:56:12.040174 <... SSL_connect resumed> ) = 1 <0.007664>
[pid 262] 14:56:12.040411 oqsprovider.so->OQS_KEM_free(0x561f41088e90, 0x561f41088e40, 2, 0x561f41088e60) = 4 <0.000163>
Handshake duration: 7.87 ms
[pid 262] 14:56:12.043128 +++ exited (status 0) +++
Execution 32 - TLS Mutual
s_connection: verify depth is 1
[pid 264] 14:56:12.101500 openssl->SSL_connect(0x63c3730e7530, 0x63c3730c2e50, 0x63c3730c2e50, 0x7562894b7360 <unfinished ...>
[pid 264] 14:56:12.102016 libssl.so.3->EVP_PKEY_keygen_init(0x63c3730f00b0, 0, 176, 0x63c3730f00b0) = 1 <0.000155>
[pid 264] 14:56:12.102220 libssl.so.3->EVP_PKEY_keygen(0x63c3730f00b0, 0x7fff8cf7b2d0, 0, 103 <unfinished ...>
[pid 264] 14:56:12.102342 oqsprovider.so->OQS_KEM_new(0x63c3730ee450, 8, 0, 0x63c3730eee70) = 0x63c3730eee90 <0.000134>
[pid 264] 14:56:12.102542 oqsprovider.so->OQS_KEM_keypair(0x63c3730eee90, 0x63c3730e1ea0, 0x63c3730e9bc0, 0x63c3730eee70) = 0 <0.000415>
[pid 264] 14:56:12.103019 <... EVP_PKEY_keygen resumed> ) = 1 <0.000795>
[pid 264] 14:56:12.104600 libssl.so.3->EVP_PKEY_decapsulate_init(0x63c3730f00b0, 0, 176, 0x63c3730f00b0) = 1 <0.000268>
[pid 264] 14:56:12.104912 libssl.so.3->EVP_PKEY_decapsulate(0x63c3730f00b0, 0, 0x7fff8cf7b290, 0x63c3730f22ca) = 1 <0.000115>
[pid 264] 14:56:12.105074 libssl.so.3->EVP_PKEY_decapsulate(0x63c3730f00b0, 0x63c3730eeaf0, 0x7fff8cf7b290, 0x63c3730f22ca <unfinished ...>
[pid 264] 14:56:12.105181 oqsprovider.so->OQS_KEM_decaps(0x63c3730eee90, 0x63c3730eeaf0, 0x63c3730f22ca, 0x63c3730e9bc0) = 0 <0.000146>
[pid 264] 14:56:12.106006 <... EVP_PKEY_decapsulate resumed> ) = 1 <0.000923>
[pid 264] 14:56:12.106698 libssl.so.3->X509_verify_cert(0x63c3730e7410, 0, 0x8000, 0xffffffff) = 1 <0.000380>
[pid 264] 14:56:12.107365 libssl.so.3->EVP_DigestVerifyInit_ex(0x63c373014810, 0x7fff8cf7b338, 0, 0) = 1 <0.000120>
[pid 264] 14:56:12.107528 libssl.so.3->EVP_DigestVerify(0x63c373014810, 0x63c3730f2278, 2420, 0x7fff8cf7b340) = 1 <0.000245>
[pid 264] 14:56:12.107983 libssl.so.3->X509_verify_cert(0x63c3730e7410, 1, 1, 0) = 1 <0.000191>
[pid 264] 14:56:12.108412 libssl.so.3->EVP_DigestSignInit_ex(0x63c373110140, 0x7fff8cf7b320, 0, 0) = 1 <0.000161>
[pid 264] 14:56:12.108619 libssl.so.3->EVP_DigestSign(0x63c373110140, 0, 0x7fff8cf7b330, 0x7fff8cf7b340) = 1 <0.000153>
[pid 264] 14:56:12.108819 libssl.so.3->EVP_DigestSign(0x63c373110140, 0x63c3730f1110, 0x7fff8cf7b330, 0x7fff8cf7b340) = 1 <0.000282>
[pid 264] 14:56:12.109377 <... SSL_connect resumed> ) = 1 <0.007883>
[pid 264] 14:56:12.109572 oqsprovider.so->OQS_KEM_free(0x63c3730eee90, 0x63c3730eee40, 2, 0x63c3730eee60) = 4 <0.000147>
Handshake duration: 8.06 ms
[pid 264] 14:56:12.111897 +++ exited (status 0) +++
Execution 33 - TLS Mutual
s_connection: verify depth is 1
[pid 266] 14:56:12.175744 openssl->SSL_connect(0x644b90db9530, 0x644b90d94e50, 0x644b90d94e50, 0x73eeef04b360 <unfinished ...>
[pid 266] 14:56:12.176196 libssl.so.3->EVP_PKEY_keygen_init(0x644b90dc20b0, 0, 176, 0x644b90dc20b0) = 1 <0.000164>
[pid 266] 14:56:12.176413 libssl.so.3->EVP_PKEY_keygen(0x644b90dc20b0, 0x7ffdc5b081d0, 0, 103 <unfinished ...>
[pid 266] 14:56:12.176571 oqsprovider.so->OQS_KEM_new(0x644b90dc0450, 8, 0, 0x644b90dc0e70) = 0x644b90dc0e90 <0.000138>
[pid 266] 14:56:12.176767 oqsprovider.so->OQS_KEM_keypair(0x644b90dc0e90, 0x644b90db3ea0, 0x644b90dbbbc0, 0x644b90dc0e70) = 0 <0.000359>
[pid 266] 14:56:12.177180 <... EVP_PKEY_keygen resumed> ) = 1 <0.000762>
[pid 266] 14:56:12.178616 libssl.so.3->EVP_PKEY_decapsulate_init(0x644b90dc20b0, 0, 176, 0x644b90dc20b0) = 1 <0.000339>
[pid 266] 14:56:12.178997 libssl.so.3->EVP_PKEY_decapsulate(0x644b90dc20b0, 0, 0x7ffdc5b08190, 0x644b90dc42ca) = 1 <0.000124>
[pid 266] 14:56:12.179166 libssl.so.3->EVP_PKEY_decapsulate(0x644b90dc20b0, 0x644b90dc0af0, 0x7ffdc5b08190, 0x644b90dc42ca <unfinished ...>
[pid 266] 14:56:12.179302 oqsprovider.so->OQS_KEM_decaps(0x644b90dc0e90, 0x644b90dc0af0, 0x644b90dc42ca, 0x644b90dbbbc0) = 0 <0.000141>
[pid 266] 14:56:12.179489 <... EVP_PKEY_decapsulate resumed> ) = 1 <0.000317>
[pid 266] 14:56:12.180266 libssl.so.3->X509_verify_cert(0x644b90db9410, 0, 0x8000, 0xffffffff) = 1 <0.000391>
[pid 266] 14:56:12.180888 libssl.so.3->EVP_DigestVerifyInit_ex(0x644b90ce6810, 0x7ffdc5b08238, 0, 0) = 1 <0.000147>
[pid 266] 14:56:12.181078 libssl.so.3->EVP_DigestVerify(0x644b90ce6810, 0x644b90dc4278, 2420, 0x7ffdc5b08240) = 1 <0.000159>
[pid 266] 14:56:12.181445 libssl.so.3->X509_verify_cert(0x644b90db9410, 1, 1, 0) = 1 <0.000204>
[pid 266] 14:56:12.181881 libssl.so.3->EVP_DigestSignInit_ex(0x644b90de2140, 0x7ffdc5b08220, 0, 0) = 1 <0.000152>
[pid 266] 14:56:12.182107 libssl.so.3->EVP_DigestSign(0x644b90de2140, 0, 0x7ffdc5b08230, 0x7ffdc5b08240) = 1 <0.000179>
[pid 266] 14:56:12.182322 libssl.so.3->EVP_DigestSign(0x644b90de2140, 0x644b90dc3110, 0x7ffdc5b08230, 0x7ffdc5b08240) = 1 <0.000401>
[pid 266] 14:56:12.183025 <... SSL_connect resumed> ) = 1 <0.007290>
[pid 266] 14:56:12.183228 oqsprovider.so->OQS_KEM_free(0x644b90dc0e90, 0x644b90dc0e40, 2, 0x644b90dc0e60) = 4 <0.000119>
Handshake duration: 7.51 ms
[pid 266] 14:56:12.185521 +++ exited (status 0) +++
Execution 34 - TLS Mutual
s_connection: verify depth is 1
[pid 268] 14:56:12.244011 openssl->SSL_connect(0x62da5fd5a530, 0x62da5fd35e50, 0x62da5fd35e50, 0x7a75b8621360 <unfinished ...>
[pid 268] 14:56:12.244818 libssl.so.3->EVP_PKEY_keygen_init(0x62da5fd630b0, 0, 176, 0x62da5fd630b0) = 1 <0.000310>
[pid 268] 14:56:12.245225 libssl.so.3->EVP_PKEY_keygen(0x62da5fd630b0, 0x7ffeed1fd310, 0, 103 <unfinished ...>
[pid 268] 14:56:12.245498 oqsprovider.so->OQS_KEM_new(0x62da5fd61450, 8, 0, 0x62da5fd61e70) = 0x62da5fd61e90 <0.000253>
[pid 268] 14:56:12.245819 oqsprovider.so->OQS_KEM_keypair(0x62da5fd61e90, 0x62da5fd54ea0, 0x62da5fd5cbc0, 0x62da5fd61e70) = 0 <0.000409>
[pid 268] 14:56:12.246298 <... EVP_PKEY_keygen resumed> ) = 1 <0.001066>
[pid 268] 14:56:12.247994 libssl.so.3->EVP_PKEY_decapsulate_init(0x62da5fd630b0, 0, 176, 0x62da5fd630b0) = 1 <0.000389>
[pid 268] 14:56:12.248461 libssl.so.3->EVP_PKEY_decapsulate(0x62da5fd630b0, 0, 0x7ffeed1fd2d0, 0x62da5fd652ca) = 1 <0.000179>
[pid 268] 14:56:12.248718 libssl.so.3->EVP_PKEY_decapsulate(0x62da5fd630b0, 0x62da5fd61af0, 0x7ffeed1fd2d0, 0x62da5fd652ca <unfinished ...>
[pid 268] 14:56:12.248883 oqsprovider.so->OQS_KEM_decaps(0x62da5fd61e90, 0x62da5fd61af0, 0x62da5fd652ca, 0x62da5fd5cbc0) = 0 <0.000189>
[pid 268] 14:56:12.249140 <... EVP_PKEY_decapsulate resumed> ) = 1 <0.000416>
[pid 268] 14:56:12.250081 libssl.so.3->X509_verify_cert(0x62da5fd5a410, 0, 0x8000, 0xffffffff) = 1 <0.000450>
[pid 268] 14:56:12.250806 libssl.so.3->EVP_DigestVerifyInit_ex(0x62da5fc87810, 0x7ffeed1fd378, 0, 0) = 1 <0.000198>
[pid 268] 14:56:12.251062 libssl.so.3->EVP_DigestVerify(0x62da5fc87810, 0x62da5fd65278, 2420, 0x7ffeed1fd380) = 1 <0.000261>
[pid 268] 14:56:12.251567 libssl.so.3->X509_verify_cert(0x62da5fd5a410, 1, 1, 0) = 1 <0.000240>
[pid 268] 14:56:12.252077 libssl.so.3->EVP_DigestSignInit_ex(0x62da5fd83140, 0x7ffeed1fd360, 0, 0) = 1 <0.000170>
[pid 268] 14:56:12.252304 libssl.so.3->EVP_DigestSign(0x62da5fd83140, 0, 0x7ffeed1fd370, 0x7ffeed1fd380) = 1 <0.000152>
[pid 268] 14:56:12.252502 libssl.so.3->EVP_DigestSign(0x62da5fd83140, 0x62da5fd64110, 0x7ffeed1fd370, 0x7ffeed1fd380) = 1 <0.000320>
[pid 268] 14:56:12.253142 <... SSL_connect resumed> ) = 1 <0.009140>
[pid 268] 14:56:12.253352 oqsprovider.so->OQS_KEM_free(0x62da5fd61e90, 0x62da5fd61e40, 2, 0x62da5fd61e60) = 4 <0.000175>
Handshake duration: 9.35 ms
[pid 268] 14:56:12.255897 +++ exited (status 0) +++
Execution 35 - TLS Mutual
s_connection: verify depth is 1
[pid 270] 14:56:12.320078 openssl->SSL_connect(0x5dc2e77a2530, 0x5dc2e777de50, 0x5dc2e777de50, 0x7bdf30847360 <unfinished ...>
[pid 270] 14:56:12.320690 libssl.so.3->EVP_PKEY_keygen_init(0x5dc2e77ab0b0, 0, 176, 0x5dc2e77ab0b0) = 1 <0.000227>
[pid 270] 14:56:12.320964 libssl.so.3->EVP_PKEY_keygen(0x5dc2e77ab0b0, 0x7ffc567ddcc0, 0, 103 <unfinished ...>
[pid 270] 14:56:12.321102 oqsprovider.so->OQS_KEM_new(0x5dc2e77a9450, 8, 0, 0x5dc2e77a9e70) = 0x5dc2e77a9e90 <0.000124>
[pid 270] 14:56:12.321280 oqsprovider.so->OQS_KEM_keypair(0x5dc2e77a9e90, 0x5dc2e779cea0, 0x5dc2e77a4bc0, 0x5dc2e77a9e70) = 0 <0.000411>
[pid 270] 14:56:12.321762 <... EVP_PKEY_keygen resumed> ) = 1 <0.000792>
[pid 270] 14:56:12.323490 libssl.so.3->EVP_PKEY_decapsulate_init(0x5dc2e77ab0b0, 0, 176, 0x5dc2e77ab0b0) = 1 <0.000429>
[pid 270] 14:56:12.323974 libssl.so.3->EVP_PKEY_decapsulate(0x5dc2e77ab0b0, 0, 0x7ffc567ddc80, 0x5dc2e77ad2ca) = 1 <0.000177>
[pid 270] 14:56:12.324211 libssl.so.3->EVP_PKEY_decapsulate(0x5dc2e77ab0b0, 0x5dc2e77a9af0, 0x7ffc567ddc80, 0x5dc2e77ad2ca <unfinished ...>
[pid 270] 14:56:12.324391 oqsprovider.so->OQS_KEM_decaps(0x5dc2e77a9e90, 0x5dc2e77a9af0, 0x5dc2e77ad2ca, 0x5dc2e77a4bc0) = 0 <0.000188>
[pid 270] 14:56:12.324626 <... EVP_PKEY_decapsulate resumed> ) = 1 <0.000407>
[pid 270] 14:56:12.325451 libssl.so.3->X509_verify_cert(0x5dc2e77a2410, 0, 0x8000, 0xffffffff) = 1 <0.000421>
[pid 270] 14:56:12.326082 libssl.so.3->EVP_DigestVerifyInit_ex(0x5dc2e76cf810, 0x7ffc567ddd28, 0, 0) = 1 <0.000146>
[pid 270] 14:56:12.326307 libssl.so.3->EVP_DigestVerify(0x5dc2e76cf810, 0x5dc2e77ad278, 2420, 0x7ffc567ddd30) = 1 <0.000262>
[pid 270] 14:56:12.326825 libssl.so.3->X509_verify_cert(0x5dc2e77a2410, 1, 1, 0) = 1 <0.000214>
[pid 270] 14:56:12.327290 libssl.so.3->EVP_DigestSignInit_ex(0x5dc2e77cb140, 0x7ffc567ddd10, 0, 0) = 1 <0.000159>
[pid 270] 14:56:12.327537 libssl.so.3->EVP_DigestSign(0x5dc2e77cb140, 0, 0x7ffc567ddd20, 0x7ffc567ddd30) = 1 <0.000153>
[pid 270] 14:56:12.327759 libssl.so.3->EVP_DigestSign(0x5dc2e77cb140, 0x5dc2e77ac110, 0x7ffc567ddd20, 0x7ffc567ddd30) = 1 <0.000328>
[pid 270] 14:56:12.328483 <... SSL_connect resumed> ) = 1 <0.008412>
[pid 270] 14:56:12.328825 oqsprovider.so->OQS_KEM_free(0x5dc2e77a9e90, 0x5dc2e77a9e40, 2, 0x5dc2e77a9e60) = 4 <0.000210>
Handshake duration: 8.68 ms
[pid 270] 14:56:12.331296 +++ exited (status 0) +++
Execution 36 - TLS Mutual
s_connection: verify depth is 1
[pid 272] 14:56:12.388365 openssl->SSL_connect(0x6422c03c3530, 0x6422c039ee50, 0x6422c039ee50, 0x702ca747f360 <unfinished ...>
[pid 272] 14:56:12.388852 libssl.so.3->EVP_PKEY_keygen_init(0x6422c03cc0b0, 0, 176, 0x6422c03cc0b0) = 1 <0.000215>
[pid 272] 14:56:12.389123 libssl.so.3->EVP_PKEY_keygen(0x6422c03cc0b0, 0x7ffde21cf220, 0, 103 <unfinished ...>
[pid 272] 14:56:12.389247 oqsprovider.so->OQS_KEM_new(0x6422c03ca450, 8, 0, 0x6422c03cae70) = 0x6422c03cae90 <0.000141>
[pid 272] 14:56:12.389456 oqsprovider.so->OQS_KEM_keypair(0x6422c03cae90, 0x6422c03bdea0, 0x6422c03c5bc0, 0x6422c03cae70) = 0 <0.000409>
[pid 272] 14:56:12.389947 <... EVP_PKEY_keygen resumed> ) = 1 <0.000815>
[pid 272] 14:56:12.391482 libssl.so.3->EVP_PKEY_decapsulate_init(0x6422c03cc0b0, 0, 176, 0x6422c03cc0b0) = 1 <0.000277>
[pid 272] 14:56:12.391811 libssl.so.3->EVP_PKEY_decapsulate(0x6422c03cc0b0, 0, 0x7ffde21cf1e0, 0x6422c03ce2ca) = 1 <0.000134>
[pid 272] 14:56:12.391990 libssl.so.3->EVP_PKEY_decapsulate(0x6422c03cc0b0, 0x6422c03caaf0, 0x7ffde21cf1e0, 0x6422c03ce2ca <unfinished ...>
[pid 272] 14:56:12.392125 oqsprovider.so->OQS_KEM_decaps(0x6422c03cae90, 0x6422c03caaf0, 0x6422c03ce2ca, 0x6422c03c5bc0) = 0 <0.000143>
[pid 272] 14:56:12.392313 <... EVP_PKEY_decapsulate resumed> ) = 1 <0.000318>
[pid 272] 14:56:12.393061 libssl.so.3->X509_verify_cert(0x6422c03c3410, 0, 0x8000, 0xffffffff) = 1 <0.000329>
[pid 272] 14:56:12.393572 libssl.so.3->EVP_DigestVerifyInit_ex(0x6422c02f0810, 0x7ffde21cf288, 0, 0) = 1 <0.000162>
[pid 272] 14:56:12.393783 libssl.so.3->EVP_DigestVerify(0x6422c02f0810, 0x6422c03ce278, 2420, 0x7ffde21cf290) = 1 <0.000176>
[pid 272] 14:56:12.394164 libssl.so.3->X509_verify_cert(0x6422c03c3410, 1, 1, 0) = 1 <0.000184>
[pid 272] 14:56:12.394550 libssl.so.3->EVP_DigestSignInit_ex(0x6422c03ec140, 0x7ffde21cf270, 0, 0) = 1 <0.000136>
[pid 272] 14:56:12.394760 libssl.so.3->EVP_DigestSign(0x6422c03ec140, 0, 0x7ffde21cf280, 0x7ffde21cf290) = 1 <0.000137>
[pid 272] 14:56:12.394947 libssl.so.3->EVP_DigestSign(0x6422c03ec140, 0x6422c03cd110, 0x7ffde21cf280, 0x7ffde21cf290) = 1 <0.000285>
[pid 272] 14:56:12.395511 <... SSL_connect resumed> ) = 1 <0.007154>
[pid 272] 14:56:12.395751 oqsprovider.so->OQS_KEM_free(0x6422c03cae90, 0x6422c03cae40, 2, 0x6422c03cae60) = 4 <0.000134>
Handshake duration: 7.35 ms
[pid 272] 14:56:12.397877 +++ exited (status 0) +++
Execution 37 - TLS Mutual
s_connection: verify depth is 1
[pid 274] 14:56:12.453368 openssl->SSL_connect(0x60d6055f9530, 0x60d6055d4e50, 0x60d6055d4e50, 0x7c105784b360 <unfinished ...>
[pid 274] 14:56:12.453831 libssl.so.3->EVP_PKEY_keygen_init(0x60d6056020b0, 0, 176, 0x60d6056020b0) = 1 <0.000156>
[pid 274] 14:56:12.454036 libssl.so.3->EVP_PKEY_keygen(0x60d6056020b0, 0x7ffedd262580, 0, 103 <unfinished ...>
[pid 274] 14:56:12.454158 oqsprovider.so->OQS_KEM_new(0x60d605600450, 8, 0, 0x60d605600e70) = 0x60d605600e90 <0.000153>
[pid 274] 14:56:12.454384 oqsprovider.so->OQS_KEM_keypair(0x60d605600e90, 0x60d6055f3ea0, 0x60d6055fbbc0, 0x60d605600e70) = 0 <0.000393>
[pid 274] 14:56:12.454831 <... EVP_PKEY_keygen resumed> ) = 1 <0.000790>
[pid 274] 14:56:12.456218 libssl.so.3->EVP_PKEY_decapsulate_init(0x60d6056020b0, 0, 176, 0x60d6056020b0) = 1 <0.000245>
[pid 274] 14:56:12.456507 libssl.so.3->EVP_PKEY_decapsulate(0x60d6056020b0, 0, 0x7ffedd262540, 0x60d6056042ca) = 1 <0.000115>
[pid 274] 14:56:12.456666 libssl.so.3->EVP_PKEY_decapsulate(0x60d6056020b0, 0x60d605600af0, 0x7ffedd262540, 0x60d6056042ca <unfinished ...>
[pid 274] 14:56:12.456805 oqsprovider.so->OQS_KEM_decaps(0x60d605600e90, 0x60d605600af0, 0x60d6056042ca, 0x60d6055fbbc0) = 0 <0.000146>
[pid 274] 14:56:12.456996 <... EVP_PKEY_decapsulate resumed> ) = 1 <0.000325>
[pid 274] 14:56:12.457691 libssl.so.3->X509_verify_cert(0x60d6055f9410, 0, 0x8000, 0xffffffff) = 1 <0.000336>
[pid 274] 14:56:12.458208 libssl.so.3->EVP_DigestVerifyInit_ex(0x60d605526810, 0x7ffedd2625e8, 0, 0) = 1 <0.000155>
[pid 274] 14:56:12.458411 libssl.so.3->EVP_DigestVerify(0x60d605526810, 0x60d605604278, 2420, 0x7ffedd2625f0) = 1 <0.000167>
[pid 274] 14:56:12.458832 libssl.so.3->X509_verify_cert(0x60d6055f9410, 1, 1, 0) = 1 <0.000219>
[pid 274] 14:56:12.459280 libssl.so.3->EVP_DigestSignInit_ex(0x60d605622140, 0x7ffedd2625d0, 0, 0) = 1 <0.000135>
[pid 274] 14:56:12.459458 libssl.so.3->EVP_DigestSign(0x60d605622140, 0, 0x7ffedd2625e0, 0x7ffedd2625f0) = 1 <0.000113>
[pid 274] 14:56:12.459618 libssl.so.3->EVP_DigestSign(0x60d605622140, 0x60d605603110, 0x7ffedd2625e0, 0x7ffedd2625f0) = 1 <0.000309>
[pid 274] 14:56:12.460154 <... SSL_connect resumed> ) = 1 <0.006796>
[pid 274] 14:56:12.460350 oqsprovider.so->OQS_KEM_free(0x60d605600e90, 0x60d605600e40, 2, 0x60d605600e60) = 4 <0.000111>
Handshake duration: 6.96 ms
[pid 274] 14:56:12.462263 +++ exited (status 0) +++
Execution 38 - TLS Mutual
s_connection: verify depth is 1
[pid 276] 14:56:12.517642 openssl->SSL_connect(0x5fdcbe928530, 0x5fdcbe903e50, 0x5fdcbe903e50, 0x79731c27d360 <unfinished ...>
[pid 276] 14:56:12.518091 libssl.so.3->EVP_PKEY_keygen_init(0x5fdcbe9310b0, 0, 176, 0x5fdcbe9310b0) = 1 <0.000162>
[pid 276] 14:56:12.518302 libssl.so.3->EVP_PKEY_keygen(0x5fdcbe9310b0, 0x7ffcded5a830, 0, 103 <unfinished ...>
[pid 276] 14:56:12.518420 oqsprovider.so->OQS_KEM_new(0x5fdcbe92f450, 8, 0, 0x5fdcbe92fe70) = 0x5fdcbe92fe90 <0.000114>
[pid 276] 14:56:12.518579 oqsprovider.so->OQS_KEM_keypair(0x5fdcbe92fe90, 0x5fdcbe922ea0, 0x5fdcbe92abc0, 0x5fdcbe92fe70) = 0 <0.000331>
[pid 276] 14:56:12.518976 <... EVP_PKEY_keygen resumed> ) = 1 <0.000668>
[pid 276] 14:56:12.520356 libssl.so.3->EVP_PKEY_decapsulate_init(0x5fdcbe9310b0, 0, 176, 0x5fdcbe9310b0) = 1 <0.000289>
[pid 276] 14:56:12.520687 libssl.so.3->EVP_PKEY_decapsulate(0x5fdcbe9310b0, 0, 0x7ffcded5a7f0, 0x5fdcbe9332ca) = 1 <0.000181>
[pid 276] 14:56:12.520916 libssl.so.3->EVP_PKEY_decapsulate(0x5fdcbe9310b0, 0x5fdcbe92faf0, 0x7ffcded5a7f0, 0x5fdcbe9332ca <unfinished ...>
[pid 276] 14:56:12.521043 oqsprovider.so->OQS_KEM_decaps(0x5fdcbe92fe90, 0x5fdcbe92faf0, 0x5fdcbe9332ca, 0x5fdcbe92abc0) = 0 <0.000144>
[pid 276] 14:56:12.521228 <... EVP_PKEY_decapsulate resumed> ) = 1 <0.000307>
[pid 276] 14:56:12.521931 libssl.so.3->X509_verify_cert(0x5fdcbe928410, 0, 0x8000, 0xffffffff) = 1 <0.000294>
[pid 276] 14:56:12.522389 libssl.so.3->EVP_DigestVerifyInit_ex(0x5fdcbe855810, 0x7ffcded5a898, 0, 0) = 1 <0.000137>
[pid 276] 14:56:12.522601 libssl.so.3->EVP_DigestVerify(0x5fdcbe855810, 0x5fdcbe933278, 2420, 0x7ffcded5a8a0) = 1 <0.000177>
[pid 276] 14:56:12.522983 libssl.so.3->X509_verify_cert(0x5fdcbe928410, 1, 1, 0) = 1 <0.000190>
[pid 276] 14:56:12.523372 libssl.so.3->EVP_DigestSignInit_ex(0x5fdcbe951140, 0x7ffcded5a880, 0, 0) = 1 <0.000133>
[pid 276] 14:56:12.523542 libssl.so.3->EVP_DigestSign(0x5fdcbe951140, 0, 0x7ffcded5a890, 0x7ffcded5a8a0) = 1 <0.000120>
[pid 276] 14:56:12.523717 libssl.so.3->EVP_DigestSign(0x5fdcbe951140, 0x5fdcbe932110, 0x7ffcded5a890, 0x7ffcded5a8a0) = 1 <0.000256>
[pid 276] 14:56:12.524186 <... SSL_connect resumed> ) = 1 <0.006552>
[pid 276] 14:56:12.524410 oqsprovider.so->OQS_KEM_free(0x5fdcbe92fe90, 0x5fdcbe92fe40, 2, 0x5fdcbe92fe60) = 4 <0.000123>
Handshake duration: 6.74 ms
[pid 276] 14:56:12.526346 +++ exited (status 0) +++
Execution 39 - TLS Mutual
s_connection: verify depth is 1
[pid 278] 14:56:12.583011 openssl->SSL_connect(0x5aaa4b2e2530, 0x5aaa4b2bde50, 0x5aaa4b2bde50, 0x7407a2898360 <unfinished ...>
[pid 278] 14:56:12.583520 libssl.so.3->EVP_PKEY_keygen_init(0x5aaa4b2eb0b0, 0, 176, 0x5aaa4b2eb0b0) = 1 <0.000261>
[pid 278] 14:56:12.583944 libssl.so.3->EVP_PKEY_keygen(0x5aaa4b2eb0b0, 0x7ffdf9468460, 0, 103 <unfinished ...>
[pid 278] 14:56:12.584177 oqsprovider.so->OQS_KEM_new(0x5aaa4b2e9450, 8, 0, 0x5aaa4b2e9e70) = 0x5aaa4b2e9e90 <0.000191>
[pid 278] 14:56:12.584471 oqsprovider.so->OQS_KEM_keypair(0x5aaa4b2e9e90, 0x5aaa4b2dcea0, 0x5aaa4b2e4bc0, 0x5aaa4b2e9e70) = 0 <0.000456>
[pid 278] 14:56:12.585029 <... EVP_PKEY_keygen resumed> ) = 1 <0.001080>
[pid 278] 14:56:12.586635 libssl.so.3->EVP_PKEY_decapsulate_init(0x5aaa4b2eb0b0, 0, 176, 0x5aaa4b2eb0b0) = 1 <0.000341>
[pid 278] 14:56:12.587029 libssl.so.3->EVP_PKEY_decapsulate(0x5aaa4b2eb0b0, 0, 0x7ffdf9468420, 0x5aaa4b2ed2ca) = 1 <0.000136>
[pid 278] 14:56:12.587328 libssl.so.3->EVP_PKEY_decapsulate(0x5aaa4b2eb0b0, 0x5aaa4b2e9af0, 0x7ffdf9468420, 0x5aaa4b2ed2ca <unfinished ...>
[pid 278] 14:56:12.587500 oqsprovider.so->OQS_KEM_decaps(0x5aaa4b2e9e90, 0x5aaa4b2e9af0, 0x5aaa4b2ed2ca, 0x5aaa4b2e4bc0) = 0 <0.000194>
[pid 278] 14:56:12.587765 <... EVP_PKEY_decapsulate resumed> ) = 1 <0.000432>
[pid 278] 14:56:12.588513 libssl.so.3->X509_verify_cert(0x5aaa4b2e2410, 0, 0x8000, 0xffffffff) = 1 <0.000554>
[pid 278] 14:56:12.589313 libssl.so.3->EVP_DigestVerifyInit_ex(0x5aaa4b20f810, 0x7ffdf94684c8, 0, 0) = 1 <0.000154>
[pid 278] 14:56:12.589516 libssl.so.3->EVP_DigestVerify(0x5aaa4b20f810, 0x5aaa4b2ed278, 2420, 0x7ffdf94684d0) = 1 <0.000228>
[pid 278] 14:56:12.590011 libssl.so.3->X509_verify_cert(0x5aaa4b2e2410, 1, 1, 0) = 1 <0.000243>
[pid 278] 14:56:12.590547 libssl.so.3->EVP_DigestSignInit_ex(0x5aaa4b30b140, 0x7ffdf94684b0, 0, 0) = 1 <0.000139>
[pid 278] 14:56:12.590754 libssl.so.3->EVP_DigestSign(0x5aaa4b30b140, 0, 0x7ffdf94684c0, 0x7ffdf94684d0) = 1 <0.000150>
[pid 278] 14:56:12.590955 libssl.so.3->EVP_DigestSign(0x5aaa4b30b140, 0x5aaa4b2ec110, 0x7ffdf94684c0, 0x7ffdf94684d0) = 1 <0.000484>
[pid 278] 14:56:12.591822 <... SSL_connect resumed> ) = 1 <0.008820>
[pid 278] 14:56:12.592179 oqsprovider.so->OQS_KEM_free(0x5aaa4b2e9e90, 0x5aaa4b2e9e40, 2, 0x5aaa4b2e9e60) = 4 <0.000208>
Handshake duration: 9.07 ms
[pid 278] 14:56:12.594862 +++ exited (status 0) +++
Execution 40 - TLS Mutual
s_connection: verify depth is 1
[pid 280] 14:56:12.651540 openssl->SSL_connect(0x5c3934069530, 0x5c3934044e50, 0x5c3934044e50, 0x75e731e3c360 <unfinished ...>
[pid 280] 14:56:12.652005 libssl.so.3->EVP_PKEY_keygen_init(0x5c39340720b0, 0, 176, 0x5c39340720b0) = 1 <0.000176>
[pid 280] 14:56:12.652236 libssl.so.3->EVP_PKEY_keygen(0x5c39340720b0, 0x7fff75582260, 0, 103 <unfinished ...>
[pid 280] 14:56:12.652362 oqsprovider.so->OQS_KEM_new(0x5c3934070450, 8, 0, 0x5c3934070e70) = 0x5c3934070e90 <0.000148>
[pid 280] 14:56:12.652571 oqsprovider.so->OQS_KEM_keypair(0x5c3934070e90, 0x5c3934063ea0, 0x5c393406bbc0, 0x5c3934070e70) = 0 <0.000394>
[pid 280] 14:56:12.653084 <... EVP_PKEY_keygen resumed> ) = 1 <0.000841>
[pid 280] 14:56:12.654645 libssl.so.3->EVP_PKEY_decapsulate_init(0x5c39340720b0, 0, 176, 0x5c39340720b0) = 1 <0.000366>
[pid 280] 14:56:12.655077 libssl.so.3->EVP_PKEY_decapsulate(0x5c39340720b0, 0, 0x7fff75582220, 0x5c39340742ca) = 1 <0.000152>
[pid 280] 14:56:12.655273 libssl.so.3->EVP_PKEY_decapsulate(0x5c39340720b0, 0x5c3934070af0, 0x7fff75582220, 0x5c39340742ca <unfinished ...>
[pid 280] 14:56:12.655423 oqsprovider.so->OQS_KEM_decaps(0x5c3934070e90, 0x5c3934070af0, 0x5c39340742ca, 0x5c393406bbc0) = 0 <0.000146>
[pid 280] 14:56:12.655635 <... EVP_PKEY_decapsulate resumed> ) = 1 <0.000354>
[pid 280] 14:56:12.656431 libssl.so.3->X509_verify_cert(0x5c3934069410, 0, 0x8000, 0xffffffff) = 1 <0.000450>
[pid 280] 14:56:12.657081 libssl.so.3->EVP_DigestVerifyInit_ex(0x5c3933f96810, 0x7fff755822c8, 0, 0) = 1 <0.000208>
[pid 280] 14:56:12.657356 libssl.so.3->EVP_DigestVerify(0x5c3933f96810, 0x5c3934074278, 2420, 0x7fff755822d0) = 1 <0.000220>
[pid 280] 14:56:12.657823 libssl.so.3->X509_verify_cert(0x5c3934069410, 1, 1, 0) = 1 <0.000221>
[pid 280] 14:56:12.658264 libssl.so.3->EVP_DigestSignInit_ex(0x5c3934092140, 0x7fff755822b0, 0, 0) = 1 <0.000139>
[pid 280] 14:56:12.658467 libssl.so.3->EVP_DigestSign(0x5c3934092140, 0, 0x7fff755822c0, 0x7fff755822d0) = 1 <0.000207>
[pid 280] 14:56:12.658761 libssl.so.3->EVP_DigestSign(0x5c3934092140, 0x5c3934073110, 0x7fff755822c0, 0x7fff755822d0) = 1 <0.000304>
[pid 280] 14:56:12.659336 <... SSL_connect resumed> ) = 1 <0.007803>
[pid 280] 14:56:12.659536 oqsprovider.so->OQS_KEM_free(0x5c3934070e90, 0x5c3934070e40, 2, 0x5c3934070e60) = 4 <0.000141>
Handshake duration: 7.99 ms
[pid 280] 14:56:12.661619 +++ exited (status 0) +++
Execution 41 - TLS Mutual
s_connection: verify depth is 1
[pid 282] 14:56:12.721895 openssl->SSL_connect(0x62197ffad530, 0x62197ff88e50, 0x62197ff88e50, 0x76e227fc0360 <unfinished ...>
[pid 282] 14:56:12.722386 libssl.so.3->EVP_PKEY_keygen_init(0x62197ffb60b0, 0, 176, 0x62197ffb60b0) = 1 <0.000802>
[pid 282] 14:56:12.723362 libssl.so.3->EVP_PKEY_keygen(0x62197ffb60b0, 0x7ffe0f3c9340, 0, 103 <unfinished ...>
[pid 282] 14:56:12.723621 oqsprovider.so->OQS_KEM_new(0x62197ffb4450, 8, 0, 0x62197ffb4e70) = 0x62197ffb4e90 <0.000253>
[pid 282] 14:56:12.723963 oqsprovider.so->OQS_KEM_keypair(0x62197ffb4e90, 0x62197ffa7ea0, 0x62197ffafbc0, 0x62197ffb4e70) = 0 <0.000341>
[pid 282] 14:56:12.724369 <... EVP_PKEY_keygen resumed> ) = 1 <0.001004>
[pid 282] 14:56:12.725868 libssl.so.3->EVP_PKEY_decapsulate_init(0x62197ffb60b0, 0, 176, 0x62197ffb60b0) = 1 <0.000304>
[pid 282] 14:56:12.726227 libssl.so.3->EVP_PKEY_decapsulate(0x62197ffb60b0, 0, 0x7ffe0f3c9300, 0x62197ffb82ca) = 1 <0.000140>
[pid 282] 14:56:12.726417 libssl.so.3->EVP_PKEY_decapsulate(0x62197ffb60b0, 0x62197ffb4af0, 0x7ffe0f3c9300, 0x62197ffb82ca <unfinished ...>
[pid 282] 14:56:12.726547 oqsprovider.so->OQS_KEM_decaps(0x62197ffb4e90, 0x62197ffb4af0, 0x62197ffb82ca, 0x62197ffafbc0) = 0 <0.000201>
[pid 282] 14:56:12.726814 <... EVP_PKEY_decapsulate resumed> ) = 1 <0.000395>
[pid 282] 14:56:12.727735 libssl.so.3->X509_verify_cert(0x62197ffad410, 0, 0x8000, 0xffffffff) = 1 <0.000584>
[pid 282] 14:56:12.728660 libssl.so.3->EVP_DigestVerifyInit_ex(0x62197feda810, 0x7ffe0f3c93a8, 0, 0) = 1 <0.000271>
[pid 282] 14:56:12.728991 libssl.so.3->EVP_DigestVerify(0x62197feda810, 0x62197ffb8278, 2420, 0x7ffe0f3c93b0) = 1 <0.000228>
[pid 282] 14:56:12.729472 libssl.so.3->X509_verify_cert(0x62197ffad410, 1, 1, 0) = 1 <0.000257>
[pid 282] 14:56:12.730056 libssl.so.3->EVP_DigestSignInit_ex(0x62197ffd6140, 0x7ffe0f3c9390, 0, 0) = 1 <0.000175>
[pid 282] 14:56:12.730278 libssl.so.3->EVP_DigestSign(0x62197ffd6140, 0, 0x7ffe0f3c93a0, 0x7ffe0f3c93b0) = 1 <0.000161>
[pid 282] 14:56:12.730506 libssl.so.3->EVP_DigestSign(0x62197ffd6140, 0x62197ffb7110, 0x7ffe0f3c93a0, 0x7ffe0f3c93b0) = 1 <0.000310>
[pid 282] 14:56:12.731138 <... SSL_connect resumed> ) = 1 <0.009254>
[pid 282] 14:56:12.731371 oqsprovider.so->OQS_KEM_free(0x62197ffb4e90, 0x62197ffb4e40, 2, 0x62197ffb4e60) = 4 <0.000133>
Handshake duration: 9.47 ms
[pid 282] 14:56:12.733693 +++ exited (status 0) +++
Execution 42 - TLS Mutual
s_connection: verify depth is 1
[pid 284] 14:56:12.791229 openssl->SSL_connect(0x5f2c6ae4d530, 0x5f2c6ae28e50, 0x5f2c6ae28e50, 0x778813cdf360 <unfinished ...>
[pid 284] 14:56:12.791702 libssl.so.3->EVP_PKEY_keygen_init(0x5f2c6ae560b0, 0, 176, 0x5f2c6ae560b0) = 1 <0.000167>
[pid 284] 14:56:12.791917 libssl.so.3->EVP_PKEY_keygen(0x5f2c6ae560b0, 0x7ffdc760a750, 0, 103 <unfinished ...>
[pid 284] 14:56:12.792059 oqsprovider.so->OQS_KEM_new(0x5f2c6ae54450, 8, 0, 0x5f2c6ae54e70) = 0x5f2c6ae54e90 <0.000115>
[pid 284] 14:56:12.792226 oqsprovider.so->OQS_KEM_keypair(0x5f2c6ae54e90, 0x5f2c6ae47ea0, 0x5f2c6ae4fbc0, 0x5f2c6ae54e70) = 0 <0.000303>
[pid 284] 14:56:12.792580 <... EVP_PKEY_keygen resumed> ) = 1 <0.000657>
[pid 284] 14:56:12.793973 libssl.so.3->EVP_PKEY_decapsulate_init(0x5f2c6ae560b0, 0, 176, 0x5f2c6ae560b0) = 1 <0.000355>
[pid 284] 14:56:12.794379 libssl.so.3->EVP_PKEY_decapsulate(0x5f2c6ae560b0, 0, 0x7ffdc760a710, 0x5f2c6ae582ca) = 1 <0.000176>
[pid 284] 14:56:12.794616 libssl.so.3->EVP_PKEY_decapsulate(0x5f2c6ae560b0, 0x5f2c6ae54af0, 0x7ffdc760a710, 0x5f2c6ae582ca <unfinished ...>
[pid 284] 14:56:12.794859 oqsprovider.so->OQS_KEM_decaps(0x5f2c6ae54e90, 0x5f2c6ae54af0, 0x5f2c6ae582ca, 0x5f2c6ae4fbc0) = 0 <0.000233>
[pid 284] 14:56:12.795145 <... EVP_PKEY_decapsulate resumed> ) = 1 <0.000523>
[pid 284] 14:56:12.796077 libssl.so.3->X509_verify_cert(0x5f2c6ae4d410, 0, 0x8000, 0xffffffff) = 1 <0.000495>
[pid 284] 14:56:12.796894 libssl.so.3->EVP_DigestVerifyInit_ex(0x5f2c6ad7a810, 0x7ffdc760a7b8, 0, 0) = 1 <0.000186>
[pid 284] 14:56:12.797133 libssl.so.3->EVP_DigestVerify(0x5f2c6ad7a810, 0x5f2c6ae58278, 2420, 0x7ffdc760a7c0) = 1 <0.000214>
[pid 284] 14:56:12.797612 libssl.so.3->X509_verify_cert(0x5f2c6ae4d410, 1, 1, 0) = 1 <0.000274>
[pid 284] 14:56:12.798165 libssl.so.3->EVP_DigestSignInit_ex(0x5f2c6ae76140, 0x7ffdc760a7a0, 0, 0) = 1 <0.000189>
[pid 284] 14:56:12.798414 libssl.so.3->EVP_DigestSign(0x5f2c6ae76140, 0, 0x7ffdc760a7b0, 0x7ffdc760a7c0) = 1 <0.000141>
[pid 284] 14:56:12.798602 libssl.so.3->EVP_DigestSign(0x5f2c6ae76140, 0x5f2c6ae57110, 0x7ffdc760a7b0, 0x7ffdc760a7c0) = 1 <0.000531>
[pid 284] 14:56:12.799450 <... SSL_connect resumed> ) = 1 <0.008230>
[pid 284] 14:56:12.799678 oqsprovider.so->OQS_KEM_free(0x5f2c6ae54e90, 0x5f2c6ae54e40, 2, 0x5f2c6ae54e60) = 4 <0.000143>
Handshake duration: 8.42 ms
[pid 284] 14:56:12.801995 +++ exited (status 0) +++
Execution 43 - TLS Mutual
s_connection: verify depth is 1
[pid 286] 14:56:12.858473 openssl->SSL_connect(0x61d476f60530, 0x61d476f3be50, 0x61d476f3be50, 0x7d841d81b360 <unfinished ...>
[pid 286] 14:56:12.858910 libssl.so.3->EVP_PKEY_keygen_init(0x61d476f690b0, 0, 176, 0x61d476f690b0) = 1 <0.000131>
[pid 286] 14:56:12.859094 libssl.so.3->EVP_PKEY_keygen(0x61d476f690b0, 0x7fffe3d330f0, 0, 103 <unfinished ...>
[pid 286] 14:56:12.859221 oqsprovider.so->OQS_KEM_new(0x61d476f67450, 8, 0, 0x61d476f67e70) = 0x61d476f67e90 <0.000124>
[pid 286] 14:56:12.859391 oqsprovider.so->OQS_KEM_keypair(0x61d476f67e90, 0x61d476f5aea0, 0x61d476f62bc0, 0x61d476f67e70) = 0 <0.000386>
[pid 286] 14:56:12.859831 <... EVP_PKEY_keygen resumed> ) = 1 <0.000733>
[pid 286] 14:56:12.861265 libssl.so.3->EVP_PKEY_decapsulate_init(0x61d476f690b0, 0, 176, 0x61d476f690b0) = 1 <0.000266>
[pid 286] 14:56:12.861577 libssl.so.3->EVP_PKEY_decapsulate(0x61d476f690b0, 0, 0x7fffe3d330b0, 0x61d476f6b2ca) = 1 <0.000145>
[pid 286] 14:56:12.861765 libssl.so.3->EVP_PKEY_decapsulate(0x61d476f690b0, 0x61d476f67af0, 0x7fffe3d330b0, 0x61d476f6b2ca <unfinished ...>
[pid 286] 14:56:12.861881 oqsprovider.so->OQS_KEM_decaps(0x61d476f67e90, 0x61d476f67af0, 0x61d476f6b2ca, 0x61d476f62bc0) = 0 <0.000159>
[pid 286] 14:56:12.862080 <... EVP_PKEY_decapsulate resumed> ) = 1 <0.000305>
[pid 286] 14:56:12.862837 libssl.so.3->X509_verify_cert(0x61d476f60410, 0, 0x8000, 0xffffffff) = 1 <0.000327>
[pid 286] 14:56:12.863382 libssl.so.3->EVP_DigestVerifyInit_ex(0x61d476e8d810, 0x7fffe3d33158, 0, 0) = 1 <0.000120>
[pid 286] 14:56:12.863548 libssl.so.3->EVP_DigestVerify(0x61d476e8d810, 0x61d476f6b278, 2420, 0x7fffe3d33160) = 1 <0.000165>
[pid 286] 14:56:12.863933 libssl.so.3->X509_verify_cert(0x61d476f60410, 1, 1, 0) = 1 <0.000185>
[pid 286] 14:56:12.864344 libssl.so.3->EVP_DigestSignInit_ex(0x61d476f89140, 0x7fffe3d33140, 0, 0) = 1 <0.000133>
[pid 286] 14:56:12.864523 libssl.so.3->EVP_DigestSign(0x61d476f89140, 0, 0x7fffe3d33150, 0x7fffe3d33160) = 1 <0.000123>
[pid 286] 14:56:12.864691 libssl.so.3->EVP_DigestSign(0x61d476f89140, 0x61d476f6a110, 0x7fffe3d33150, 0x7fffe3d33160) = 1 <0.000525>
[pid 286] 14:56:12.865469 <... SSL_connect resumed> ) = 1 <0.007003>
[pid 286] 14:56:12.865663 oqsprovider.so->OQS_KEM_free(0x61d476f67e90, 0x61d476f67e40, 2, 0x61d476f67e60) = 4 <0.000160>
Handshake duration: 7.17 ms
[pid 286] 14:56:12.867741 +++ exited (status 0) +++
Execution 44 - TLS Mutual
s_connection: verify depth is 1
[pid 288] 14:56:12.924333 openssl->SSL_connect(0x606d44dd8530, 0x606d44db3e50, 0x606d44db3e50, 0x7679ac4ac360 <unfinished ...>
[pid 288] 14:56:12.924795 libssl.so.3->EVP_PKEY_keygen_init(0x606d44de10b0, 0, 176, 0x606d44de10b0) = 1 <0.000192>
[pid 288] 14:56:12.925039 libssl.so.3->EVP_PKEY_keygen(0x606d44de10b0, 0x7fff91525790, 0, 103 <unfinished ...>
[pid 288] 14:56:12.925167 oqsprovider.so->OQS_KEM_new(0x606d44ddf450, 8, 0, 0x606d44ddfe70) = 0x606d44ddfe90 <0.000119>
[pid 288] 14:56:12.925341 oqsprovider.so->OQS_KEM_keypair(0x606d44ddfe90, 0x606d44dd2ea0, 0x606d44ddabc0, 0x606d44ddfe70) = 0 <0.000332>
[pid 288] 14:56:12.925742 <... EVP_PKEY_keygen resumed> ) = 1 <0.000696>
[pid 288] 14:56:12.927141 libssl.so.3->EVP_PKEY_decapsulate_init(0x606d44de10b0, 0, 176, 0x606d44de10b0) = 1 <0.000292>
[pid 288] 14:56:12.927482 libssl.so.3->EVP_PKEY_decapsulate(0x606d44de10b0, 0, 0x7fff91525750, 0x606d44de32ca) = 1 <0.000131>
[pid 288] 14:56:12.927655 libssl.so.3->EVP_PKEY_decapsulate(0x606d44de10b0, 0x606d44ddfaf0, 0x7fff91525750, 0x606d44de32ca <unfinished ...>
[pid 288] 14:56:12.927835 oqsprovider.so->OQS_KEM_decaps(0x606d44ddfe90, 0x606d44ddfaf0, 0x606d44de32ca, 0x606d44ddabc0) = 0 <0.000148>
[pid 288] 14:56:12.928031 <... EVP_PKEY_decapsulate resumed> ) = 1 <0.000369>
[pid 288] 14:56:12.928777 libssl.so.3->X509_verify_cert(0x606d44dd8410, 0, 0x8000, 0xffffffff) = 1 <0.000338>
[pid 288] 14:56:12.929298 libssl.so.3->EVP_DigestVerifyInit_ex(0x606d44d05810, 0x7fff915257f8, 0, 0) = 1 <0.000135>
[pid 288] 14:56:12.929487 libssl.so.3->EVP_DigestVerify(0x606d44d05810, 0x606d44de3278, 2420, 0x7fff91525800) = 1 <0.000195>
[pid 288] 14:56:12.929897 libssl.so.3->X509_verify_cert(0x606d44dd8410, 1, 1, 0) = 1 <0.000196>
[pid 288] 14:56:12.930300 libssl.so.3->EVP_DigestSignInit_ex(0x606d44e01140, 0x7fff915257e0, 0, 0) = 1 <0.000153>
[pid 288] 14:56:12.930506 libssl.so.3->EVP_DigestSign(0x606d44e01140, 0, 0x7fff915257f0, 0x7fff91525800) = 1 <0.000152>
[pid 288] 14:56:12.930724 libssl.so.3->EVP_DigestSign(0x606d44e01140, 0x606d44de2110, 0x7fff915257f0, 0x7fff91525800) = 1 <0.000284>
[pid 288] 14:56:12.931236 <... SSL_connect resumed> ) = 1 <0.006912>
[pid 288] 14:56:12.931505 oqsprovider.so->OQS_KEM_free(0x606d44ddfe90, 0x606d44ddfe40, 2, 0x606d44ddfe60) = 4 <0.000143>
Handshake duration: 7.11 ms
[pid 288] 14:56:12.933815 +++ exited (status 0) +++
Execution 45 - TLS Mutual
s_connection: verify depth is 1
[pid 290] 14:56:12.990161 openssl->SSL_connect(0x5895897e0530, 0x5895897bbe50, 0x5895897bbe50, 0x73f026de8360 <unfinished ...>
[pid 290] 14:56:12.990688 libssl.so.3->EVP_PKEY_keygen_init(0x5895897e90b0, 0, 176, 0x5895897e90b0) = 1 <0.000218>
[pid 290] 14:56:12.990954 libssl.so.3->EVP_PKEY_keygen(0x5895897e90b0, 0x7ffd467638f0, 0, 103 <unfinished ...>
[pid 290] 14:56:12.991078 oqsprovider.so->OQS_KEM_new(0x5895897e7450, 8, 0, 0x5895897e7e70) = 0x5895897e7e90 <0.000112>
[pid 290] 14:56:12.991250 oqsprovider.so->OQS_KEM_keypair(0x5895897e7e90, 0x5895897daea0, 0x5895897e2bc0, 0x5895897e7e70) = 0 <0.000349>
[pid 290] 14:56:12.991691 <... EVP_PKEY_keygen resumed> ) = 1 <0.000731>
[pid 290] 14:56:12.993210 libssl.so.3->EVP_PKEY_decapsulate_init(0x5895897e90b0, 0, 176, 0x5895897e90b0) = 1 <0.000275>
[pid 290] 14:56:12.993531 libssl.so.3->EVP_PKEY_decapsulate(0x5895897e90b0, 0, 0x7ffd467638b0, 0x5895897eb2ca) = 1 <0.000124>
[pid 290] 14:56:12.993723 libssl.so.3->EVP_PKEY_decapsulate(0x5895897e90b0, 0x5895897e7af0, 0x7ffd467638b0, 0x5895897eb2ca <unfinished ...>
[pid 290] 14:56:12.993928 oqsprovider.so->OQS_KEM_decaps(0x5895897e7e90, 0x5895897e7af0, 0x5895897eb2ca, 0x5895897e2bc0) = 0 <0.000155>
[pid 290] 14:56:12.994126 <... EVP_PKEY_decapsulate resumed> ) = 1 <0.000397>
[pid 290] 14:56:12.994922 libssl.so.3->X509_verify_cert(0x5895897e0410, 0, 0x8000, 0xffffffff) = 1 <0.000312>
[pid 290] 14:56:12.995422 libssl.so.3->EVP_DigestVerifyInit_ex(0x58958970d810, 0x7ffd46763958, 0, 0) = 1 <0.000134>
[pid 290] 14:56:12.995593 libssl.so.3->EVP_DigestVerify(0x58958970d810, 0x5895897eb278, 2420, 0x7ffd46763960) = 1 <0.000167>
[pid 290] 14:56:12.995962 libssl.so.3->X509_verify_cert(0x5895897e0410, 1, 1, 0) = 1 <0.000184>
[pid 290] 14:56:12.996365 libssl.so.3->EVP_DigestSignInit_ex(0x589589809140, 0x7ffd46763940, 0, 0) = 1 <0.000147>
[pid 290] 14:56:12.996552 libssl.so.3->EVP_DigestSign(0x589589809140, 0, 0x7ffd46763950, 0x7ffd46763960) = 1 <0.000100>
[pid 290] 14:56:12.996710 libssl.so.3->EVP_DigestSign(0x589589809140, 0x5895897ea110, 0x7ffd46763950, 0x7ffd46763960) = 1 <0.000290>
[pid 290] 14:56:12.997229 <... SSL_connect resumed> ) = 1 <0.007081>
[pid 290] 14:56:12.997426 oqsprovider.so->OQS_KEM_free(0x5895897e7e90, 0x5895897e7e40, 2, 0x5895897e7e60) = 4 <0.000111>
Handshake duration: 7.26 ms
[pid 290] 14:56:12.999647 +++ exited (status 0) +++
Execution 46 - TLS Mutual
s_connection: verify depth is 1
[pid 292] 14:56:13.058316 openssl->SSL_connect(0x642cc521d530, 0x642cc51f8e50, 0x642cc51f8e50, 0x70e6b9858360 <unfinished ...>
[pid 292] 14:56:13.058770 libssl.so.3->EVP_PKEY_keygen_init(0x642cc52260b0, 0, 176, 0x642cc52260b0) = 1 <0.000145>
[pid 292] 14:56:13.058971 libssl.so.3->EVP_PKEY_keygen(0x642cc52260b0, 0x7ffc3d4a76c0, 0, 103 <unfinished ...>
[pid 292] 14:56:13.059140 oqsprovider.so->OQS_KEM_new(0x642cc5224450, 8, 0, 0x642cc5224e70) = 0x642cc5224e90 <0.000140>
[pid 292] 14:56:13.059324 oqsprovider.so->OQS_KEM_keypair(0x642cc5224e90, 0x642cc5217ea0, 0x642cc521fbc0, 0x642cc5224e70) = 0 <0.000349>
[pid 292] 14:56:13.059737 <... EVP_PKEY_keygen resumed> ) = 1 <0.000761>
[pid 292] 14:56:13.061129 libssl.so.3->EVP_PKEY_decapsulate_init(0x642cc52260b0, 0, 176, 0x642cc52260b0) = 1 <0.000249>
[pid 292] 14:56:13.061421 libssl.so.3->EVP_PKEY_decapsulate(0x642cc52260b0, 0, 0x7ffc3d4a7680, 0x642cc52282ca) = 1 <0.000124>
[pid 292] 14:56:13.061588 libssl.so.3->EVP_PKEY_decapsulate(0x642cc52260b0, 0x642cc5224af0, 0x7ffc3d4a7680, 0x642cc52282ca <unfinished ...>
[pid 292] 14:56:13.061716 oqsprovider.so->OQS_KEM_decaps(0x642cc5224e90, 0x642cc5224af0, 0x642cc52282ca, 0x642cc521fbc0) = 0 <0.000142>
[pid 292] 14:56:13.061904 <... EVP_PKEY_decapsulate resumed> ) = 1 <0.000311>
[pid 292] 14:56:13.062661 libssl.so.3->X509_verify_cert(0x642cc521d410, 0, 0x8000, 0xffffffff) = 1 <0.000351>
[pid 292] 14:56:13.063189 libssl.so.3->EVP_DigestVerifyInit_ex(0x642cc514a810, 0x7ffc3d4a7728, 0, 0) = 1 <0.000151>
[pid 292] 14:56:13.063383 libssl.so.3->EVP_DigestVerify(0x642cc514a810, 0x642cc5228278, 2420, 0x7ffc3d4a7730) = 1 <0.000154>
[pid 292] 14:56:13.063780 libssl.so.3->X509_verify_cert(0x642cc521d410, 1, 1, 0) = 1 <0.000196>
[pid 292] 14:56:13.064176 libssl.so.3->EVP_DigestSignInit_ex(0x642cc5246140, 0x7ffc3d4a7710, 0, 0) = 1 <0.000132>
[pid 292] 14:56:13.064350 libssl.so.3->EVP_DigestSign(0x642cc5246140, 0, 0x7ffc3d4a7720, 0x7ffc3d4a7730) = 1 <0.000116>
[pid 292] 14:56:13.064510 libssl.so.3->EVP_DigestSign(0x642cc5246140, 0x642cc5227110, 0x7ffc3d4a7720, 0x7ffc3d4a7730) = 1 <0.000256>
[pid 292] 14:56:13.064989 <... SSL_connect resumed> ) = 1 <0.006684>
[pid 292] 14:56:13.065167 oqsprovider.so->OQS_KEM_free(0x642cc5224e90, 0x642cc5224e40, 2, 0x642cc5224e60) = 4 <0.000101>
Handshake duration: 6.86 ms
[pid 292] 14:56:13.067256 +++ exited (status 0) +++
Execution 47 - TLS Mutual
s_connection: verify depth is 1
[pid 294] 14:56:13.122224 openssl->SSL_connect(0x61c117544530, 0x61c11751fe50, 0x61c11751fe50, 0x780134ec8360 <unfinished ...>
[pid 294] 14:56:13.122654 libssl.so.3->EVP_PKEY_keygen_init(0x61c11754d0b0, 0, 176, 0x61c11754d0b0) = 1 <0.000170>
[pid 294] 14:56:13.122872 libssl.so.3->EVP_PKEY_keygen(0x61c11754d0b0, 0x7ffec7d9f1d0, 0, 103 <unfinished ...>
[pid 294] 14:56:13.122990 oqsprovider.so->OQS_KEM_new(0x61c11754b450, 8, 0, 0x61c11754be70) = 0x61c11754be90 <0.000121>
[pid 294] 14:56:13.123151 oqsprovider.so->OQS_KEM_keypair(0x61c11754be90, 0x61c11753eea0, 0x61c117546bc0, 0x61c11754be70) = 0 <0.000309>
[pid 294] 14:56:13.123518 <... EVP_PKEY_keygen resumed> ) = 1 <0.000640>
[pid 294] 14:56:13.124982 libssl.so.3->EVP_PKEY_decapsulate_init(0x61c11754d0b0, 0, 176, 0x61c11754d0b0) = 1 <0.000269>
[pid 294] 14:56:13.125293 libssl.so.3->EVP_PKEY_decapsulate(0x61c11754d0b0, 0, 0x7ffec7d9f190, 0x61c11754f2ca) = 1 <0.000127>
[pid 294] 14:56:13.125477 libssl.so.3->EVP_PKEY_decapsulate(0x61c11754d0b0, 0x61c11754baf0, 0x7ffec7d9f190, 0x61c11754f2ca <unfinished ...>
[pid 294] 14:56:13.125630 oqsprovider.so->OQS_KEM_decaps(0x61c11754be90, 0x61c11754baf0, 0x61c11754f2ca, 0x61c117546bc0) = 0 <0.000176>
[pid 294] 14:56:13.125846 <... EVP_PKEY_decapsulate resumed> ) = 1 <0.000361>
[pid 294] 14:56:13.126540 libssl.so.3->X509_verify_cert(0x61c117544410, 0, 0x8000, 0xffffffff) = 1 <0.000354>
[pid 294] 14:56:13.127092 libssl.so.3->EVP_DigestVerifyInit_ex(0x61c117471810, 0x7ffec7d9f238, 0, 0) = 1 <0.000133>
[pid 294] 14:56:13.127269 libssl.so.3->EVP_DigestVerify(0x61c117471810, 0x61c11754f278, 2420, 0x7ffec7d9f240) = 1 <0.000159>
[pid 294] 14:56:13.127675 libssl.so.3->X509_verify_cert(0x61c117544410, 1, 1, 0) = 1 <0.000250>
[pid 294] 14:56:13.128123 libssl.so.3->EVP_DigestSignInit_ex(0x61c11756d140, 0x7ffec7d9f220, 0, 0) = 1 <0.000129>
[pid 294] 14:56:13.128302 libssl.so.3->EVP_DigestSign(0x61c11756d140, 0, 0x7ffec7d9f230, 0x7ffec7d9f240) = 1 <0.000116>
[pid 294] 14:56:13.128458 libssl.so.3->EVP_DigestSign(0x61c11756d140, 0x61c11754e110, 0x7ffec7d9f230, 0x7ffec7d9f240) = 1 <0.000233>
[pid 294] 14:56:13.128949 <... SSL_connect resumed> ) = 1 <0.006735>
[pid 294] 14:56:13.129145 oqsprovider.so->OQS_KEM_free(0x61c11754be90, 0x61c11754be40, 2, 0x61c11754be60) = 4 <0.000116>
Handshake duration: 6.93 ms
[pid 294] 14:56:13.131274 +++ exited (status 0) +++
Execution 48 - TLS Mutual
s_connection: verify depth is 1
[pid 296] 14:56:13.188846 openssl->SSL_connect(0x6223ee88b530, 0x6223ee866e50, 0x6223ee866e50, 0x72c93df2e360 <unfinished ...>
[pid 296] 14:56:13.189409 libssl.so.3->EVP_PKEY_keygen_init(0x6223ee8940b0, 0, 176, 0x6223ee8940b0) = 1 <0.000216>
[pid 296] 14:56:13.189686 libssl.so.3->EVP_PKEY_keygen(0x6223ee8940b0, 0x7fff24472170, 0, 103 <unfinished ...>
[pid 296] 14:56:13.189854 oqsprovider.so->OQS_KEM_new(0x6223ee892450, 8, 0, 0x6223ee892e70) = 0x6223ee892e90 <0.000126>
[pid 296] 14:56:13.190028 oqsprovider.so->OQS_KEM_keypair(0x6223ee892e90, 0x6223ee885ea0, 0x6223ee88dbc0, 0x6223ee892e70) = 0 <0.000346>
[pid 296] 14:56:13.190431 <... EVP_PKEY_keygen resumed> ) = 1 <0.000739>
[pid 296] 14:56:13.191908 libssl.so.3->EVP_PKEY_decapsulate_init(0x6223ee8940b0, 0, 176, 0x6223ee8940b0) = 1 <0.000305>
[pid 296] 14:56:13.192293 libssl.so.3->EVP_PKEY_decapsulate(0x6223ee8940b0, 0, 0x7fff24472130, 0x6223ee8962ca) = 1 <0.000160>
[pid 296] 14:56:13.192504 libssl.so.3->EVP_PKEY_decapsulate(0x6223ee8940b0, 0x6223ee892af0, 0x7fff24472130, 0x6223ee8962ca <unfinished ...>
[pid 296] 14:56:13.192685 oqsprovider.so->OQS_KEM_decaps(0x6223ee892e90, 0x6223ee892af0, 0x6223ee8962ca, 0x6223ee88dbc0) = 0 <0.000171>
[pid 296] 14:56:13.192903 <... EVP_PKEY_decapsulate resumed> ) = 1 <0.000392>
[pid 296] 14:56:13.193691 libssl.so.3->X509_verify_cert(0x6223ee88b410, 0, 0x8000, 0xffffffff) = 1 <0.000430>
[pid 296] 14:56:13.194331 libssl.so.3->EVP_DigestVerifyInit_ex(0x6223ee7b8810, 0x7fff244721d8, 0, 0) = 1 <0.000176>
[pid 296] 14:56:13.194559 libssl.so.3->EVP_DigestVerify(0x6223ee7b8810, 0x6223ee896278, 2420, 0x7fff244721e0) = 1 <0.000238>
[pid 296] 14:56:13.195049 libssl.so.3->X509_verify_cert(0x6223ee88b410, 1, 1, 0) = 1 <0.000227>
[pid 296] 14:56:13.195504 libssl.so.3->EVP_DigestSignInit_ex(0x6223ee8b4140, 0x7fff244721c0, 0, 0) = 1 <0.000142>
[pid 296] 14:56:13.195691 libssl.so.3->EVP_DigestSign(0x6223ee8b4140, 0, 0x7fff244721d0, 0x7fff244721e0) = 1 <0.000130>
[pid 296] 14:56:13.195871 libssl.so.3->EVP_DigestSign(0x6223ee8b4140, 0x6223ee895110, 0x7fff244721d0, 0x7fff244721e0) = 1 <0.000250>
[pid 296] 14:56:13.196398 <... SSL_connect resumed> ) = 1 <0.007560>
[pid 296] 14:56:13.196635 oqsprovider.so->OQS_KEM_free(0x6223ee892e90, 0x6223ee892e40, 2, 0x6223ee892e60) = 4 <0.000130>
Handshake duration: 7.78 ms
[pid 296] 14:56:13.198979 +++ exited (status 0) +++
Execution 49 - TLS Mutual
s_connection: verify depth is 1
[pid 298] 14:56:13.259666 openssl->SSL_connect(0x63de2149b530, 0x63de21476e50, 0x63de21476e50, 0x778d90b03360 <unfinished ...>
[pid 298] 14:56:13.260190 libssl.so.3->EVP_PKEY_keygen_init(0x63de214a40b0, 0, 176, 0x63de214a40b0) = 1 <0.000232>
[pid 298] 14:56:13.260503 libssl.so.3->EVP_PKEY_keygen(0x63de214a40b0, 0x7ffe1b788700, 0, 103 <unfinished ...>
[pid 298] 14:56:13.260670 oqsprovider.so->OQS_KEM_new(0x63de214a2450, 8, 0, 0x63de214a2e70) = 0x63de214a2e90 <0.000171>
[pid 298] 14:56:13.260928 oqsprovider.so->OQS_KEM_keypair(0x63de214a2e90, 0x63de21495ea0, 0x63de2149dbc0, 0x63de214a2e70) = 0 <0.000403>
[pid 298] 14:56:13.261405 <... EVP_PKEY_keygen resumed> ) = 1 <0.000894>
[pid 298] 14:56:13.263016 libssl.so.3->EVP_PKEY_decapsulate_init(0x63de214a40b0, 0, 176, 0x63de214a40b0) = 1 <0.000303>
[pid 298] 14:56:13.263392 libssl.so.3->EVP_PKEY_decapsulate(0x63de214a40b0, 0, 0x7ffe1b7886c0, 0x63de214a62ca) = 1 <0.000165>
[pid 298] 14:56:13.263656 libssl.so.3->EVP_PKEY_decapsulate(0x63de214a40b0, 0x63de214a2af0, 0x7ffe1b7886c0, 0x63de214a62ca <unfinished ...>
[pid 298] 14:56:13.263859 oqsprovider.so->OQS_KEM_decaps(0x63de214a2e90, 0x63de214a2af0, 0x63de214a62ca, 0x63de2149dbc0) = 0 <0.000191>
[pid 298] 14:56:13.264104 <... EVP_PKEY_decapsulate resumed> ) = 1 <0.000449>
[pid 298] 14:56:13.265056 libssl.so.3->X509_verify_cert(0x63de2149b410, 0, 0x8000, 0xffffffff) = 1 <0.000370>
[pid 298] 14:56:13.265642 libssl.so.3->EVP_DigestVerifyInit_ex(0x63de213c8810, 0x7ffe1b788768, 0, 0) = 1 <0.000170>
[pid 298] 14:56:13.265872 libssl.so.3->EVP_DigestVerify(0x63de213c8810, 0x63de214a6278, 2420, 0x7ffe1b788770) = 1 <0.000186>
[pid 298] 14:56:13.266277 libssl.so.3->X509_verify_cert(0x63de2149b410, 1, 1, 0) = 1 <0.000204>
[pid 298] 14:56:13.266771 libssl.so.3->EVP_DigestSignInit_ex(0x63de214c4140, 0x7ffe1b788750, 0, 0) = 1 <0.000148>
[pid 298] 14:56:13.266967 libssl.so.3->EVP_DigestSign(0x63de214c4140, 0, 0x7ffe1b788760, 0x7ffe1b788770) = 1 <0.000125>
[pid 298] 14:56:13.267141 libssl.so.3->EVP_DigestSign(0x63de214c4140, 0x63de214a5110, 0x7ffe1b788760, 0x7ffe1b788770) = 1 <0.000340>
[pid 298] 14:56:13.267934 <... SSL_connect resumed> ) = 1 <0.008280>
[pid 298] 14:56:13.268193 oqsprovider.so->OQS_KEM_free(0x63de214a2e90, 0x63de214a2e40, 2, 0x63de214a2e60) = 4 <0.000174>
Handshake duration: 8.53 ms
[pid 298] 14:56:13.270691 +++ exited (status 0) +++
Execution 50 - TLS Mutual
s_connection: verify depth is 1
[pid 300] 14:56:13.328463 openssl->SSL_connect(0x5e6c17c45530, 0x5e6c17c20e50, 0x5e6c17c20e50, 0x7e33a24ac360 <unfinished ...>
[pid 300] 14:56:13.328940 libssl.so.3->EVP_PKEY_keygen_init(0x5e6c17c4e0b0, 0, 176, 0x5e6c17c4e0b0) = 1 <0.000148>
[pid 300] 14:56:13.329134 libssl.so.3->EVP_PKEY_keygen(0x5e6c17c4e0b0, 0x7fffce8f9d60, 0, 103 <unfinished ...>
[pid 300] 14:56:13.329253 oqsprovider.so->OQS_KEM_new(0x5e6c17c4c450, 8, 0, 0x5e6c17c4ce70) = 0x5e6c17c4ce90 <0.000115>
[pid 300] 14:56:13.329413 oqsprovider.so->OQS_KEM_keypair(0x5e6c17c4ce90, 0x5e6c17c3fea0, 0x5e6c17c47bc0, 0x5e6c17c4ce70) = 0 <0.000341>
[pid 300] 14:56:13.329814 <... EVP_PKEY_keygen resumed> ) = 1 <0.000672>
[pid 300] 14:56:13.331188 libssl.so.3->EVP_PKEY_decapsulate_init(0x5e6c17c4e0b0, 0, 176, 0x5e6c17c4e0b0) = 1 <0.000289>
[pid 300] 14:56:13.331532 libssl.so.3->EVP_PKEY_decapsulate(0x5e6c17c4e0b0, 0, 0x7fffce8f9d20, 0x5e6c17c502ca) = 1 <0.000126>
[pid 300] 14:56:13.331702 libssl.so.3->EVP_PKEY_decapsulate(0x5e6c17c4e0b0, 0x5e6c17c4caf0, 0x7fffce8f9d20, 0x5e6c17c502ca <unfinished ...>
[pid 300] 14:56:13.331850 oqsprovider.so->OQS_KEM_decaps(0x5e6c17c4ce90, 0x5e6c17c4caf0, 0x5e6c17c502ca, 0x5e6c17c47bc0) = 0 <0.000143>
[pid 300] 14:56:13.332035 <... EVP_PKEY_decapsulate resumed> ) = 1 <0.000336>
[pid 300] 14:56:13.332749 libssl.so.3->X509_verify_cert(0x5e6c17c45410, 0, 0x8000, 0xffffffff) = 1 <0.000300>
[pid 300] 14:56:13.333383 libssl.so.3->EVP_DigestVerifyInit_ex(0x5e6c17b72810, 0x7fffce8f9dc8, 0, 0) = 1 <0.000183>
[pid 300] 14:56:13.333622 libssl.so.3->EVP_DigestVerify(0x5e6c17b72810, 0x5e6c17c50278, 2420, 0x7fffce8f9dd0) = 1 <0.000223>
[pid 300] 14:56:13.334064 libssl.so.3->X509_verify_cert(0x5e6c17c45410, 1, 1, 0) = 1 <0.000189>
[pid 300] 14:56:13.334473 libssl.so.3->EVP_DigestSignInit_ex(0x5e6c17c6e140, 0x7fffce8f9db0, 0, 0) = 1 <0.000128>
[pid 300] 14:56:13.334653 libssl.so.3->EVP_DigestSign(0x5e6c17c6e140, 0, 0x7fffce8f9dc0, 0x7fffce8f9dd0) = 1 <0.000129>
[pid 300] 14:56:13.334825 libssl.so.3->EVP_DigestSign(0x5e6c17c6e140, 0x5e6c17c4f110, 0x7fffce8f9dc0, 0x7fffce8f9dd0) = 1 <0.000312>
[pid 300] 14:56:13.335411 <... SSL_connect resumed> ) = 1 <0.006955>
[pid 300] 14:56:13.335595 oqsprovider.so->OQS_KEM_free(0x5e6c17c4ce90, 0x5e6c17c4ce40, 2, 0x5e6c17c4ce60) = 4 <0.000122>
Handshake duration: 7.13 ms
[pid 300] 14:56:13.337663 +++ exited (status 0) +++
Execution 51 - TLS Mutual
s_connection: verify depth is 1
[pid 302] 14:56:13.396132 openssl->SSL_connect(0x58d0646a7530, 0x58d064682e50, 0x58d064682e50, 0x7c34adfa6360 <unfinished ...>
[pid 302] 14:56:13.396632 libssl.so.3->EVP_PKEY_keygen_init(0x58d0646b00b0, 0, 176, 0x58d0646b00b0) = 1 <0.000194>
[pid 302] 14:56:13.396871 libssl.so.3->EVP_PKEY_keygen(0x58d0646b00b0, 0x7ffdc0c4c810, 0, 103 <unfinished ...>
[pid 302] 14:56:13.397006 oqsprovider.so->OQS_KEM_new(0x58d0646ae450, 8, 0, 0x58d0646aee70) = 0x58d0646aee90 <0.000116>
[pid 302] 14:56:13.397170 oqsprovider.so->OQS_KEM_keypair(0x58d0646aee90, 0x58d0646a1ea0, 0x58d0646a9bc0, 0x58d0646aee70) = 0 <0.000393>
[pid 302] 14:56:13.397651 <... EVP_PKEY_keygen resumed> ) = 1 <0.000773>
[pid 302] 14:56:13.399207 libssl.so.3->EVP_PKEY_decapsulate_init(0x58d0646b00b0, 0, 176, 0x58d0646b00b0) = 1 <0.000313>
[pid 302] 14:56:13.399587 libssl.so.3->EVP_PKEY_decapsulate(0x58d0646b00b0, 0, 0x7ffdc0c4c7d0, 0x58d0646b22ca) = 1 <0.000137>
[pid 302] 14:56:13.399771 libssl.so.3->EVP_PKEY_decapsulate(0x58d0646b00b0, 0x58d0646aeaf0, 0x7ffdc0c4c7d0, 0x58d0646b22ca <unfinished ...>
[pid 302] 14:56:13.399908 oqsprovider.so->OQS_KEM_decaps(0x58d0646aee90, 0x58d0646aeaf0, 0x58d0646b22ca, 0x58d0646a9bc0) = 0 <0.000145>
[pid 302] 14:56:13.400105 <... EVP_PKEY_decapsulate resumed> ) = 1 <0.000327>
[pid 302] 14:56:13.400923 libssl.so.3->X509_verify_cert(0x58d0646a7410, 0, 0x8000, 0xffffffff) = 1 <0.000389>
[pid 302] 14:56:13.401572 libssl.so.3->EVP_DigestVerifyInit_ex(0x58d0645d4810, 0x7ffdc0c4c878, 0, 0) = 1 <0.000168>
[pid 302] 14:56:13.401802 libssl.so.3->EVP_DigestVerify(0x58d0645d4810, 0x58d0646b2278, 2420, 0x7ffdc0c4c880) = 1 <0.000208>
[pid 302] 14:56:13.402220 libssl.so.3->X509_verify_cert(0x58d0646a7410, 1, 1, 0) = 1 <0.000205>
[pid 302] 14:56:13.402803 libssl.so.3->EVP_DigestSignInit_ex(0x58d0646d0140, 0x7ffdc0c4c860, 0, 0) = 1 <0.000170>
[pid 302] 14:56:13.403029 libssl.so.3->EVP_DigestSign(0x58d0646d0140, 0, 0x7ffdc0c4c870, 0x7ffdc0c4c880) = 1 <0.000117>
[pid 302] 14:56:13.403191 libssl.so.3->EVP_DigestSign(0x58d0646d0140, 0x58d0646b1110, 0x7ffdc0c4c870, 0x7ffdc0c4c880) = 1 <0.000310>
[pid 302] 14:56:13.403783 <... SSL_connect resumed> ) = 1 <0.007662>
[pid 302] 14:56:13.404000 oqsprovider.so->OQS_KEM_free(0x58d0646aee90, 0x58d0646aee40, 2, 0x58d0646aee60) = 4 <0.000230>
Handshake duration: 7.86 ms
[pid 302] 14:56:13.406460 +++ exited (status 0) +++
Execution 52 - TLS Mutual
s_connection: verify depth is 1
[pid 304] 14:56:13.464311 openssl->SSL_connect(0x61b4b2b1b530, 0x61b4b2af6e50, 0x61b4b2af6e50, 0x74a3da464360 <unfinished ...>
[pid 304] 14:56:13.464764 libssl.so.3->EVP_PKEY_keygen_init(0x61b4b2b240b0, 0, 176, 0x61b4b2b240b0) = 1 <0.000152>
[pid 304] 14:56:13.464968 libssl.so.3->EVP_PKEY_keygen(0x61b4b2b240b0, 0x7fffdec886d0, 0, 103 <unfinished ...>
[pid 304] 14:56:13.465099 oqsprovider.so->OQS_KEM_new(0x61b4b2b22450, 8, 0, 0x61b4b2b22e70) = 0x61b4b2b22e90 <0.000115>
[pid 304] 14:56:13.465260 oqsprovider.so->OQS_KEM_keypair(0x61b4b2b22e90, 0x61b4b2b15ea0, 0x61b4b2b1dbc0, 0x61b4b2b22e70) = 0 <0.000304>
[pid 304] 14:56:13.465619 <... EVP_PKEY_keygen resumed> ) = 1 <0.000646>
[pid 304] 14:56:13.467000 libssl.so.3->EVP_PKEY_decapsulate_init(0x61b4b2b240b0, 0, 176, 0x61b4b2b240b0) = 1 <0.000291>
[pid 304] 14:56:13.467341 libssl.so.3->EVP_PKEY_decapsulate(0x61b4b2b240b0, 0, 0x7fffdec88690, 0x61b4b2b262ca) = 1 <0.000138>
[pid 304] 14:56:13.467527 libssl.so.3->EVP_PKEY_decapsulate(0x61b4b2b240b0, 0x61b4b2b22af0, 0x7fffdec88690, 0x61b4b2b262ca <unfinished ...>
[pid 304] 14:56:13.467660 oqsprovider.so->OQS_KEM_decaps(0x61b4b2b22e90, 0x61b4b2b22af0, 0x61b4b2b262ca, 0x61b4b2b1dbc0) = 0 <0.000192>
[pid 304] 14:56:13.467902 <... EVP_PKEY_decapsulate resumed> ) = 1 <0.000369>
[pid 304] 14:56:13.468641 libssl.so.3->X509_verify_cert(0x61b4b2b1b410, 0, 0x8000, 0xffffffff) = 1 <0.000356>
[pid 304] 14:56:13.469173 libssl.so.3->EVP_DigestVerifyInit_ex(0x61b4b2a48810, 0x7fffdec88738, 0, 0) = 1 <0.000144>
[pid 304] 14:56:13.469357 libssl.so.3->EVP_DigestVerify(0x61b4b2a48810, 0x61b4b2b26278, 2420, 0x7fffdec88740) = 1 <0.000148>
[pid 304] 14:56:13.469753 libssl.so.3->X509_verify_cert(0x61b4b2b1b410, 1, 1, 0) = 1 <0.000211>
[pid 304] 14:56:13.470202 libssl.so.3->EVP_DigestSignInit_ex(0x61b4b2b44140, 0x7fffdec88720, 0, 0) = 1 <0.000152>
[pid 304] 14:56:13.470395 libssl.so.3->EVP_DigestSign(0x61b4b2b44140, 0, 0x7fffdec88730, 0x7fffdec88740) = 1 <0.000126>
[pid 304] 14:56:13.470576 libssl.so.3->EVP_DigestSign(0x61b4b2b44140, 0x61b4b2b25110, 0x7fffdec88730, 0x7fffdec88740) = 1 <0.000277>
[pid 304] 14:56:13.471097 <... SSL_connect resumed> ) = 1 <0.006796>
[pid 304] 14:56:13.471288 oqsprovider.so->OQS_KEM_free(0x61b4b2b22e90, 0x61b4b2b22e40, 2, 0x61b4b2b22e60) = 4 <0.000124>
Handshake duration: 6.98 ms
[pid 304] 14:56:13.473470 +++ exited (status 0) +++
Execution 53 - TLS Mutual
s_connection: verify depth is 1
[pid 306] 14:56:13.529307 openssl->SSL_connect(0x5ffcc9c1d530, 0x5ffcc9bf8e50, 0x5ffcc9bf8e50, 0x7de844af5360 <unfinished ...>
[pid 306] 14:56:13.529810 libssl.so.3->EVP_PKEY_keygen_init(0x5ffcc9c260b0, 0, 176, 0x5ffcc9c260b0) = 1 <0.000169>
[pid 306] 14:56:13.530051 libssl.so.3->EVP_PKEY_keygen(0x5ffcc9c260b0, 0x7ffc81dea920, 0, 103 <unfinished ...>
[pid 306] 14:56:13.530194 oqsprovider.so->OQS_KEM_new(0x5ffcc9c24450, 8, 0, 0x5ffcc9c24e70) = 0x5ffcc9c24e90 <0.000121>
[pid 306] 14:56:13.530366 oqsprovider.so->OQS_KEM_keypair(0x5ffcc9c24e90, 0x5ffcc9c17ea0, 0x5ffcc9c1fbc0, 0x5ffcc9c24e70) = 0 <0.000419>
[pid 306] 14:56:13.530844 <... EVP_PKEY_keygen resumed> ) = 1 <0.000789>
[pid 306] 14:56:13.532359 libssl.so.3->EVP_PKEY_decapsulate_init(0x5ffcc9c260b0, 0, 176, 0x5ffcc9c260b0) = 1 <0.000301>
[pid 306] 14:56:13.532722 libssl.so.3->EVP_PKEY_decapsulate(0x5ffcc9c260b0, 0, 0x7ffc81dea8e0, 0x5ffcc9c282ca) = 1 <0.000118>
[pid 306] 14:56:13.532906 libssl.so.3->EVP_PKEY_decapsulate(0x5ffcc9c260b0, 0x5ffcc9c24af0, 0x7ffc81dea8e0, 0x5ffcc9c282ca <unfinished ...>
[pid 306] 14:56:13.533023 oqsprovider.so->OQS_KEM_decaps(0x5ffcc9c24e90, 0x5ffcc9c24af0, 0x5ffcc9c282ca, 0x5ffcc9c1fbc0) = 0 <0.000164>
[pid 306] 14:56:13.533284 <... EVP_PKEY_decapsulate resumed> ) = 1 <0.000366>
[pid 306] 14:56:13.534221 libssl.so.3->X509_verify_cert(0x5ffcc9c1d410, 0, 0x8000, 0xffffffff) = 1 <0.000423>
[pid 306] 14:56:13.534873 libssl.so.3->EVP_DigestVerifyInit_ex(0x5ffcc9b4a810, 0x7ffc81dea988, 0, 0) = 1 <0.000174>
[pid 306] 14:56:13.535099 libssl.so.3->EVP_DigestVerify(0x5ffcc9b4a810, 0x5ffcc9c28278, 2420, 0x7ffc81dea990) = 1 <0.000198>
[pid 306] 14:56:13.535527 libssl.so.3->X509_verify_cert(0x5ffcc9c1d410, 1, 1, 0) = 1 <0.000225>
[pid 306] 14:56:13.535984 libssl.so.3->EVP_DigestSignInit_ex(0x5ffcc9c46140, 0x7ffc81dea970, 0, 0) = 1 <0.000152>
[pid 306] 14:56:13.536201 libssl.so.3->EVP_DigestSign(0x5ffcc9c46140, 0, 0x7ffc81dea980, 0x7ffc81dea990) = 1 <0.000155>
[pid 306] 14:56:13.536403 libssl.so.3->EVP_DigestSign(0x5ffcc9c46140, 0x5ffcc9c27110, 0x7ffc81dea980, 0x7ffc81dea990) = 1 <0.000272>
[pid 306] 14:56:13.537010 <... SSL_connect resumed> ) = 1 <0.007715>
[pid 306] 14:56:13.537242 oqsprovider.so->OQS_KEM_free(0x5ffcc9c24e90, 0x5ffcc9c24e40, 2, 0x5ffcc9c24e60) = 4 <0.000123>
Handshake duration: 7.94 ms
[pid 306] 14:56:13.539597 +++ exited (status 0) +++
Execution 54 - TLS Mutual
s_connection: verify depth is 1
[pid 308] 14:56:13.595727 openssl->SSL_connect(0x63986d3c5530, 0x63986d3a0e50, 0x63986d3a0e50, 0x7b944e4e2360 <unfinished ...>
[pid 308] 14:56:13.596194 libssl.so.3->EVP_PKEY_keygen_init(0x63986d3ce0b0, 0, 176, 0x63986d3ce0b0) = 1 <0.000184>
[pid 308] 14:56:13.596444 libssl.so.3->EVP_PKEY_keygen(0x63986d3ce0b0, 0x7fff55664c20, 0, 103 <unfinished ...>
[pid 308] 14:56:13.596579 oqsprovider.so->OQS_KEM_new(0x63986d3cc450, 8, 0, 0x63986d3cce70) = 0x63986d3cce90 <0.000119>
[pid 308] 14:56:13.596756 oqsprovider.so->OQS_KEM_keypair(0x63986d3cce90, 0x63986d3bfea0, 0x63986d3c7bc0, 0x63986d3cce70) = 0 <0.000314>
[pid 308] 14:56:13.597123 <... EVP_PKEY_keygen resumed> ) = 1 <0.000687>
[pid 308] 14:56:13.598467 libssl.so.3->EVP_PKEY_decapsulate_init(0x63986d3ce0b0, 0, 176, 0x63986d3ce0b0) = 1 <0.000283>
[pid 308] 14:56:13.598807 libssl.so.3->EVP_PKEY_decapsulate(0x63986d3ce0b0, 0, 0x7fff55664be0, 0x63986d3d02ca) = 1 <0.000137>
[pid 308] 14:56:13.598992 libssl.so.3->EVP_PKEY_decapsulate(0x63986d3ce0b0, 0x63986d3ccaf0, 0x7fff55664be0, 0x63986d3d02ca <unfinished ...>
[pid 308] 14:56:13.599110 oqsprovider.so->OQS_KEM_decaps(0x63986d3cce90, 0x63986d3ccaf0, 0x63986d3d02ca, 0x63986d3c7bc0) = 0 <0.000144>
[pid 308] 14:56:13.599300 <... EVP_PKEY_decapsulate resumed> ) = 1 <0.000305>
[pid 308] 14:56:13.600077 libssl.so.3->X509_verify_cert(0x63986d3c5410, 0, 0x8000, 0xffffffff) = 1 <0.000340>
[pid 308] 14:56:13.600672 libssl.so.3->EVP_DigestVerifyInit_ex(0x63986d2f2810, 0x7fff55664c88, 0, 0) = 1 <0.000178>
[pid 308] 14:56:13.600899 libssl.so.3->EVP_DigestVerify(0x63986d2f2810, 0x63986d3d0278, 2420, 0x7fff55664c90) = 1 <0.000194>
[pid 308] 14:56:13.601319 libssl.so.3->X509_verify_cert(0x63986d3c5410, 1, 1, 0) = 1 <0.000186>
[pid 308] 14:56:13.601761 libssl.so.3->EVP_DigestSignInit_ex(0x63986d3ee140, 0x7fff55664c70, 0, 0) = 1 <0.000132>
[pid 308] 14:56:13.601936 libssl.so.3->EVP_DigestSign(0x63986d3ee140, 0, 0x7fff55664c80, 0x7fff55664c90) = 1 <0.000116>
[pid 308] 14:56:13.602100 libssl.so.3->EVP_DigestSign(0x63986d3ee140, 0x63986d3cf110, 0x7fff55664c80, 0x7fff55664c90) = 1 <0.000286>
[pid 308] 14:56:13.602631 <... SSL_connect resumed> ) = 1 <0.006927>
[pid 308] 14:56:13.602843 oqsprovider.so->OQS_KEM_free(0x63986d3cce90, 0x63986d3cce40, 2, 0x63986d3cce60) = 4 <0.000118>
Handshake duration: 7.12 ms
[pid 308] 14:56:13.604915 +++ exited (status 0) +++
Execution 55 - TLS Mutual
s_connection: verify depth is 1
[pid 310] 14:56:13.666127 openssl->SSL_connect(0x56690dcd1530, 0x56690dcace50, 0x56690dcace50, 0x7497b3c8a360 <unfinished ...>
[pid 310] 14:56:13.666636 libssl.so.3->EVP_PKEY_keygen_init(0x56690dcda0b0, 0, 176, 0x56690dcda0b0) = 1 <0.000175>
[pid 310] 14:56:13.666898 libssl.so.3->EVP_PKEY_keygen(0x56690dcda0b0, 0x7fff7a7dee10, 0, 103 <unfinished ...>
[pid 310] 14:56:13.667105 oqsprovider.so->OQS_KEM_new(0x56690dcd8450, 8, 0, 0x56690dcd8e70) = 0x56690dcd8e90 <0.000155>
[pid 310] 14:56:13.667308 oqsprovider.so->OQS_KEM_keypair(0x56690dcd8e90, 0x56690dccbea0, 0x56690dcd3bc0, 0x56690dcd8e70) = 0 <0.000385>
[pid 310] 14:56:13.667776 <... EVP_PKEY_keygen resumed> ) = 1 <0.000875>
[pid 310] 14:56:13.669700 libssl.so.3->EVP_PKEY_decapsulate_init(0x56690dcda0b0, 0, 176, 0x56690dcda0b0) = 1 <0.000451>
[pid 310] 14:56:13.670223 libssl.so.3->EVP_PKEY_decapsulate(0x56690dcda0b0, 0, 0x7fff7a7dedd0, 0x56690dcdc2ca) = 1 <0.000164>
[pid 310] 14:56:13.670444 libssl.so.3->EVP_PKEY_decapsulate(0x56690dcda0b0, 0x56690dcd8af0, 0x7fff7a7dedd0, 0x56690dcdc2ca <unfinished ...>
[pid 310] 14:56:13.670588 oqsprovider.so->OQS_KEM_decaps(0x56690dcd8e90, 0x56690dcd8af0, 0x56690dcdc2ca, 0x56690dcd3bc0) = 0 <0.000222>
[pid 310] 14:56:13.670866 <... EVP_PKEY_decapsulate resumed> ) = 1 <0.000416>
[pid 310] 14:56:13.672001 libssl.so.3->X509_verify_cert(0x56690dcd1410, 0, 0x8000, 0xffffffff) = 1 <0.000434>
[pid 310] 14:56:13.672654 libssl.so.3->EVP_DigestVerifyInit_ex(0x56690dbfe810, 0x7fff7a7dee78, 0, 0) = 1 <0.000178>
[pid 310] 14:56:13.672875 libssl.so.3->EVP_DigestVerify(0x56690dbfe810, 0x56690dcdc278, 2420, 0x7fff7a7dee80) = 1 <0.000145>
[pid 310] 14:56:13.673261 libssl.so.3->X509_verify_cert(0x56690dcd1410, 1, 1, 0) = 1 <0.000223>
[pid 310] 14:56:13.673892 libssl.so.3->EVP_DigestSignInit_ex(0x56690dcfa140, 0x7fff7a7dee60, 0, 0) = 1 <0.000141>
[pid 310] 14:56:13.674139 libssl.so.3->EVP_DigestSign(0x56690dcfa140, 0, 0x7fff7a7dee70, 0x7fff7a7dee80) = 1 <0.000172>
[pid 310] 14:56:13.674385 libssl.so.3->EVP_DigestSign(0x56690dcfa140, 0x56690dcdb110, 0x7fff7a7dee70, 0x7fff7a7dee80) = 1 <0.001355>
[pid 310] 14:56:13.676225 <... SSL_connect resumed> ) = 1 <0.010096>
[pid 310] 14:56:13.676466 oqsprovider.so->OQS_KEM_free(0x56690dcd8e90, 0x56690dcd8e40, 2, 0x56690dcd8e60) = 4 <0.000157>
Handshake duration: 10.37 ms
[pid 310] 14:56:13.678776 +++ exited (status 0) +++
Execution 56 - TLS Mutual
s_connection: verify depth is 1
[pid 312] 14:56:13.742634 openssl->SSL_connect(0x625b90eb6530, 0x625b90e91e50, 0x625b90e91e50, 0x751ba4b7a360 <unfinished ...>
[pid 312] 14:56:13.743106 libssl.so.3->EVP_PKEY_keygen_init(0x625b90ebf0b0, 0, 176, 0x625b90ebf0b0) = 1 <0.000239>
[pid 312] 14:56:13.743442 libssl.so.3->EVP_PKEY_keygen(0x625b90ebf0b0, 0x7fffdc9effc0, 0, 103 <unfinished ...>
[pid 312] 14:56:13.743598 oqsprovider.so->OQS_KEM_new(0x625b90ebd450, 8, 0, 0x625b90ebde70) = 0x625b90ebde90 <0.000205>
[pid 312] 14:56:13.743891 oqsprovider.so->OQS_KEM_keypair(0x625b90ebde90, 0x625b90eb0ea0, 0x625b90eb8bc0, 0x625b90ebde70) = 0 <0.000532>
[pid 312] 14:56:13.744528 <... EVP_PKEY_keygen resumed> ) = 1 <0.001076>
[pid 312] 14:56:13.745881 libssl.so.3->EVP_PKEY_decapsulate_init(0x625b90ebf0b0, 0, 176, 0x625b90ebf0b0) = 1 <0.000362>
[pid 312] 14:56:13.746302 libssl.so.3->EVP_PKEY_decapsulate(0x625b90ebf0b0, 0, 0x7fffdc9eff80, 0x625b90ec12ca) = 1 <0.000192>
[pid 312] 14:56:13.746553 libssl.so.3->EVP_PKEY_decapsulate(0x625b90ebf0b0, 0x625b90ebdaf0, 0x7fffdc9eff80, 0x625b90ec12ca <unfinished ...>
[pid 312] 14:56:13.746736 oqsprovider.so->OQS_KEM_decaps(0x625b90ebde90, 0x625b90ebdaf0, 0x625b90ec12ca, 0x625b90eb8bc0) = 0 <0.000377>
[pid 312] 14:56:13.747204 <... EVP_PKEY_decapsulate resumed> ) = 1 <0.000646>
[pid 312] 14:56:13.748047 libssl.so.3->X509_verify_cert(0x625b90eb6410, 0, 0x8000, 0xffffffff) = 1 <0.000431>
[pid 312] 14:56:13.748808 libssl.so.3->EVP_DigestVerifyInit_ex(0x625b90de3810, 0x7fffdc9f0028, 0, 0) = 1 <0.000175>
[pid 312] 14:56:13.749074 libssl.so.3->EVP_DigestVerify(0x625b90de3810, 0x625b90ec1278, 2420, 0x7fffdc9f0030) = 1 <0.000242>
[pid 312] 14:56:13.749582 libssl.so.3->X509_verify_cert(0x625b90eb6410, 1, 1, 0) = 1 <0.000260>
[pid 312] 14:56:13.750115 libssl.so.3->EVP_DigestSignInit_ex(0x625b90edf140, 0x7fffdc9f0010, 0, 0) = 1 <0.000151>
[pid 312] 14:56:13.750308 libssl.so.3->EVP_DigestSign(0x625b90edf140, 0, 0x7fffdc9f0020, 0x7fffdc9f0030) = 1 <0.000130>
[pid 312] 14:56:13.750492 libssl.so.3->EVP_DigestSign(0x625b90edf140, 0x625b90ec0110, 0x7fffdc9f0020, 0x7fffdc9f0030) = 1 <0.000298>
[pid 312] 14:56:13.751048 <... SSL_connect resumed> ) = 1 <0.008432>
[pid 312] 14:56:13.751268 oqsprovider.so->OQS_KEM_free(0x625b90ebde90, 0x625b90ebde40, 2, 0x625b90ebde60) = 4 <0.000137>
Handshake duration: 8.63 ms
[pid 312] 14:56:13.753811 +++ exited (status 0) +++
Execution 57 - TLS Mutual
s_connection: verify depth is 1
[pid 314] 14:56:13.816107 openssl->SSL_connect(0x592072738530, 0x592072713e50, 0x592072713e50, 0x7e92005a1360 <unfinished ...>
[pid 314] 14:56:13.816553 libssl.so.3->EVP_PKEY_keygen_init(0x5920727410b0, 0, 176, 0x5920727410b0) = 1 <0.000139>
[pid 314] 14:56:13.816762 libssl.so.3->EVP_PKEY_keygen(0x5920727410b0, 0x7fffae871610, 0, 103 <unfinished ...>
[pid 314] 14:56:13.816949 oqsprovider.so->OQS_KEM_new(0x59207273f450, 8, 0, 0x59207273fe70) = 0x59207273fe90 <0.000239>
[pid 314] 14:56:13.817246 oqsprovider.so->OQS_KEM_keypair(0x59207273fe90, 0x592072732ea0, 0x59207273abc0, 0x59207273fe70) = 0 <0.000433>
[pid 314] 14:56:13.817785 <... EVP_PKEY_keygen resumed> ) = 1 <0.001015>
[pid 314] 14:56:13.820056 libssl.so.3->EVP_PKEY_decapsulate_init(0x5920727410b0, 0, 176, 0x5920727410b0) = 1 <0.000309>
[pid 314] 14:56:13.820417 libssl.so.3->EVP_PKEY_decapsulate(0x5920727410b0, 0, 0x7fffae8715d0, 0x5920727432ca) = 1 <0.000155>
[pid 314] 14:56:13.820619 libssl.so.3->EVP_PKEY_decapsulate(0x5920727410b0, 0x59207273faf0, 0x7fffae8715d0, 0x5920727432ca <unfinished ...>
[pid 314] 14:56:13.820789 oqsprovider.so->OQS_KEM_decaps(0x59207273fe90, 0x59207273faf0, 0x5920727432ca, 0x59207273abc0) = 0 <0.000176>
[pid 314] 14:56:13.821025 <... EVP_PKEY_decapsulate resumed> ) = 1 <0.000401>
[pid 314] 14:56:13.821854 libssl.so.3->X509_verify_cert(0x592072738410, 0, 0x8000, 0xffffffff) = 1 <0.000514>
[pid 314] 14:56:13.822559 libssl.so.3->EVP_DigestVerifyInit_ex(0x592072665810, 0x7fffae871678, 0, 0) = 1 <0.000168>
[pid 314] 14:56:13.822780 libssl.so.3->EVP_DigestVerify(0x592072665810, 0x592072743278, 2420, 0x7fffae871680) = 1 <0.000162>
[pid 314] 14:56:13.823148 libssl.so.3->X509_verify_cert(0x592072738410, 1, 1, 0) = 1 <0.000184>
[pid 314] 14:56:13.823558 libssl.so.3->EVP_DigestSignInit_ex(0x592072761140, 0x7fffae871660, 0, 0) = 1 <0.000139>
[pid 314] 14:56:13.823763 libssl.so.3->EVP_DigestSign(0x592072761140, 0, 0x7fffae871670, 0x7fffae871680) = 1 <0.000123>
[pid 314] 14:56:13.823936 libssl.so.3->EVP_DigestSign(0x592072761140, 0x592072742110, 0x7fffae871670, 0x7fffae871680) = 1 <0.000231>
[pid 314] 14:56:13.824407 <... SSL_connect resumed> ) = 1 <0.008309>
[pid 314] 14:56:13.824628 oqsprovider.so->OQS_KEM_free(0x59207273fe90, 0x59207273fe40, 2, 0x59207273fe60) = 4 <0.000187>
Handshake duration: 8.52 ms
[pid 314] 14:56:13.827001 +++ exited (status 0) +++
Execution 58 - TLS Mutual
s_connection: verify depth is 1
[pid 316] 14:56:13.884424 openssl->SSL_connect(0x58965ccb2530, 0x58965cc8de50, 0x58965cc8de50, 0x7922a07bd360 <unfinished ...>
[pid 316] 14:56:13.884915 libssl.so.3->EVP_PKEY_keygen_init(0x58965ccbb0b0, 0, 176, 0x58965ccbb0b0) = 1 <0.000146>
[pid 316] 14:56:13.885113 libssl.so.3->EVP_PKEY_keygen(0x58965ccbb0b0, 0x7ffdfa65c7d0, 0, 103 <unfinished ...>
[pid 316] 14:56:13.885249 oqsprovider.so->OQS_KEM_new(0x58965ccb9450, 8, 0, 0x58965ccb9e70) = 0x58965ccb9e90 <0.000137>
[pid 316] 14:56:13.885419 oqsprovider.so->OQS_KEM_keypair(0x58965ccb9e90, 0x58965ccacea0, 0x58965ccb4bc0, 0x58965ccb9e70) = 0 <0.000334>
[pid 316] 14:56:13.885807 <... EVP_PKEY_keygen resumed> ) = 1 <0.000688>
[pid 316] 14:56:13.887150 libssl.so.3->EVP_PKEY_decapsulate_init(0x58965ccbb0b0, 0, 176, 0x58965ccbb0b0) = 1 <0.000345>
[pid 316] 14:56:13.887568 libssl.so.3->EVP_PKEY_decapsulate(0x58965ccbb0b0, 0, 0x7ffdfa65c790, 0x58965ccbd2ca) = 1 <0.000149>
[pid 316] 14:56:13.887763 libssl.so.3->EVP_PKEY_decapsulate(0x58965ccbb0b0, 0x58965ccb9af0, 0x7ffdfa65c790, 0x58965ccbd2ca <unfinished ...>
[pid 316] 14:56:13.887892 oqsprovider.so->OQS_KEM_decaps(0x58965ccb9e90, 0x58965ccb9af0, 0x58965ccbd2ca, 0x58965ccb4bc0) = 0 <0.000154>
[pid 316] 14:56:13.888093 <... EVP_PKEY_decapsulate resumed> ) = 1 <0.000326>
[pid 316] 14:56:13.888824 libssl.so.3->X509_verify_cert(0x58965ccb2410, 0, 0x8000, 0xffffffff) = 1 <0.000355>
[pid 316] 14:56:13.889401 libssl.so.3->EVP_DigestVerifyInit_ex(0x58965cbdf810, 0x7ffdfa65c838, 0, 0) = 1 <0.000133>
[pid 316] 14:56:13.889580 libssl.so.3->EVP_DigestVerify(0x58965cbdf810, 0x58965ccbd278, 2420, 0x7ffdfa65c840) = 1 <0.000184>
[pid 316] 14:56:13.889978 libssl.so.3->X509_verify_cert(0x58965ccb2410, 1, 1, 0) = 1 <0.000181>
[pid 316] 14:56:13.890383 libssl.so.3->EVP_DigestSignInit_ex(0x58965ccdb140, 0x7ffdfa65c820, 0, 0) = 1 <0.000118>
[pid 316] 14:56:13.890547 libssl.so.3->EVP_DigestSign(0x58965ccdb140, 0, 0x7ffdfa65c830, 0x7ffdfa65c840) = 1 <0.000116>
[pid 316] 14:56:13.890719 libssl.so.3->EVP_DigestSign(0x58965ccdb140, 0x58965ccbc110, 0x7ffdfa65c830, 0x7ffdfa65c840) = 1 <0.000260>
[pid 316] 14:56:13.891212 <... SSL_connect resumed> ) = 1 <0.006801>
[pid 316] 14:56:13.891406 oqsprovider.so->OQS_KEM_free(0x58965ccb9e90, 0x58965ccb9e40, 2, 0x58965ccb9e60) = 4 <0.000152>
Handshake duration: 6.97 ms
[pid 316] 14:56:13.893505 +++ exited (status 0) +++
Execution 59 - TLS Mutual
s_connection: verify depth is 1
[pid 318] 14:56:13.951562 openssl->SSL_connect(0x5c8f033ce530, 0x5c8f033a9e50, 0x5c8f033a9e50, 0x7afc9d36a360 <unfinished ...>
[pid 318] 14:56:13.952068 libssl.so.3->EVP_PKEY_keygen_init(0x5c8f033d70b0, 0, 176, 0x5c8f033d70b0) = 1 <0.000248>
[pid 318] 14:56:13.952371 libssl.so.3->EVP_PKEY_keygen(0x5c8f033d70b0, 0x7fff62bb3290, 0, 103 <unfinished ...>
[pid 318] 14:56:13.952520 oqsprovider.so->OQS_KEM_new(0x5c8f033d5450, 8, 0, 0x5c8f033d5e70) = 0x5c8f033d5e90 <0.000158>
[pid 318] 14:56:13.952743 oqsprovider.so->OQS_KEM_keypair(0x5c8f033d5e90, 0x5c8f033c8ea0, 0x5c8f033d0bc0, 0x5c8f033d5e70) = 0 <0.000373>
[pid 318] 14:56:13.953182 <... EVP_PKEY_keygen resumed> ) = 1 <0.000804>
[pid 318] 14:56:13.954803 libssl.so.3->EVP_PKEY_decapsulate_init(0x5c8f033d70b0, 0, 176, 0x5c8f033d70b0) = 1 <0.000381>
[pid 318] 14:56:13.955228 libssl.so.3->EVP_PKEY_decapsulate(0x5c8f033d70b0, 0, 0x7fff62bb3250, 0x5c8f033d92ca) = 1 <0.000132>
[pid 318] 14:56:13.955405 libssl.so.3->EVP_PKEY_decapsulate(0x5c8f033d70b0, 0x5c8f033d5af0, 0x7fff62bb3250, 0x5c8f033d92ca <unfinished ...>
[pid 318] 14:56:13.955545 oqsprovider.so->OQS_KEM_decaps(0x5c8f033d5e90, 0x5c8f033d5af0, 0x5c8f033d92ca, 0x5c8f033d0bc0) = 0 <0.000191>
[pid 318] 14:56:13.955782 <... EVP_PKEY_decapsulate resumed> ) = 1 <0.000372>
[pid 318] 14:56:13.956593 libssl.so.3->X509_verify_cert(0x5c8f033ce410, 0, 0x8000, 0xffffffff) = 1 <0.000358>
[pid 318] 14:56:13.957132 libssl.so.3->EVP_DigestVerifyInit_ex(0x5c8f032fb810, 0x7fff62bb32f8, 0, 0) = 1 <0.000153>
[pid 318] 14:56:13.957338 libssl.so.3->EVP_DigestVerify(0x5c8f032fb810, 0x5c8f033d9278, 2420, 0x7fff62bb3300) = 1 <0.000196>
[pid 318] 14:56:13.957851 libssl.so.3->X509_verify_cert(0x5c8f033ce410, 1, 1, 0) = 1 <0.000204>
[pid 318] 14:56:13.958302 libssl.so.3->EVP_DigestSignInit_ex(0x5c8f033f7140, 0x7fff62bb32e0, 0, 0) = 1 <0.000149>
[pid 318] 14:56:13.958519 libssl.so.3->EVP_DigestSign(0x5c8f033f7140, 0, 0x7fff62bb32f0, 0x7fff62bb3300) = 1 <0.000260>
[pid 318] 14:56:13.958845 libssl.so.3->EVP_DigestSign(0x5c8f033f7140, 0x5c8f033d8110, 0x7fff62bb32f0, 0x7fff62bb3300) = 1 <0.000390>
[pid 318] 14:56:13.959487 <... SSL_connect resumed> ) = 1 <0.007931>
[pid 318] 14:56:13.959721 oqsprovider.so->OQS_KEM_free(0x5c8f033d5e90, 0x5c8f033d5e40, 2, 0x5c8f033d5e60) = 4 <0.000124>
Handshake duration: 8.14 ms
[pid 318] 14:56:13.961951 +++ exited (status 0) +++
Execution 60 - TLS Mutual
s_connection: verify depth is 1
[pid 320] 14:56:14.024468 openssl->SSL_connect(0x59ed434c9530, 0x59ed434a4e50, 0x59ed434a4e50, 0x7115ff1e0360 <unfinished ...>
[pid 320] 14:56:14.024963 libssl.so.3->EVP_PKEY_keygen_init(0x59ed434d20b0, 0, 176, 0x59ed434d20b0) = 1 <0.000186>
[pid 320] 14:56:14.025205 libssl.so.3->EVP_PKEY_keygen(0x59ed434d20b0, 0x7fffd321a3d0, 0, 103 <unfinished ...>
[pid 320] 14:56:14.025365 oqsprovider.so->OQS_KEM_new(0x59ed434d0450, 8, 0, 0x59ed434d0e70) = 0x59ed434d0e90 <0.000163>
[pid 320] 14:56:14.025597 oqsprovider.so->OQS_KEM_keypair(0x59ed434d0e90, 0x59ed434c3ea0, 0x59ed434cbbc0, 0x59ed434d0e70) = 0 <0.000375>
[pid 320] 14:56:14.026030 <... EVP_PKEY_keygen resumed> ) = 1 <0.000820>
[pid 320] 14:56:14.027758 libssl.so.3->EVP_PKEY_decapsulate_init(0x59ed434d20b0, 0, 176, 0x59ed434d20b0) = 1 <0.000296>
[pid 320] 14:56:14.028111 libssl.so.3->EVP_PKEY_decapsulate(0x59ed434d20b0, 0, 0x7fffd321a390, 0x59ed434d42ca) = 1 <0.000119>
[pid 320] 14:56:14.028281 libssl.so.3->EVP_PKEY_decapsulate(0x59ed434d20b0, 0x59ed434d0af0, 0x7fffd321a390, 0x59ed434d42ca <unfinished ...>
[pid 320] 14:56:14.028423 oqsprovider.so->OQS_KEM_decaps(0x59ed434d0e90, 0x59ed434d0af0, 0x59ed434d42ca, 0x59ed434cbbc0) = 0 <0.000199>
[pid 320] 14:56:14.028676 <... EVP_PKEY_decapsulate resumed> ) = 1 <0.000387>
[pid 320] 14:56:14.029428 libssl.so.3->X509_verify_cert(0x59ed434c9410, 0, 0x8000, 0xffffffff) = 1 <0.000499>
[pid 320] 14:56:14.030180 libssl.so.3->EVP_DigestVerifyInit_ex(0x59ed433f6810, 0x7fffd321a438, 0, 0) = 1 <0.000164>
[pid 320] 14:56:14.030400 libssl.so.3->EVP_DigestVerify(0x59ed433f6810, 0x59ed434d4278, 2420, 0x7fffd321a440) = 1 <0.000233>
[pid 320] 14:56:14.030912 libssl.so.3->X509_verify_cert(0x59ed434c9410, 1, 1, 0) = 1 <0.000308>
[pid 320] 14:56:14.031577 libssl.so.3->EVP_DigestSignInit_ex(0x59ed434f2140, 0x7fffd321a420, 0, 0) = 1 <0.000229>
[pid 320] 14:56:14.031861 libssl.so.3->EVP_DigestSign(0x59ed434f2140, 0, 0x7fffd321a430, 0x7fffd321a440) = 1 <0.000128>
[pid 320] 14:56:14.032036 libssl.so.3->EVP_DigestSign(0x59ed434f2140, 0x59ed434d3110, 0x7fffd321a430, 0x7fffd321a440) = 1 <0.000392>
[pid 320] 14:56:14.032763 <... SSL_connect resumed> ) = 1 <0.008303>
[pid 320] 14:56:14.033227 oqsprovider.so->OQS_KEM_free(0x59ed434d0e90, 0x59ed434d0e40, 2, 0x59ed434d0e60) = 4 <0.000270>
Handshake duration: 8.73 ms
[pid 320] 14:56:14.035562 +++ exited (status 0) +++
Execution 61 - TLS Mutual
s_connection: verify depth is 1
[pid 322] 14:56:14.094952 openssl->SSL_connect(0x5c031bfc7530, 0x5c031bfa2e50, 0x5c031bfa2e50, 0x7b08a7b83360 <unfinished ...>
[pid 322] 14:56:14.095468 libssl.so.3->EVP_PKEY_keygen_init(0x5c031bfd00b0, 0, 176, 0x5c031bfd00b0) = 1 <0.000284>
[pid 322] 14:56:14.095848 libssl.so.3->EVP_PKEY_keygen(0x5c031bfd00b0, 0x7ffc87509880, 0, 103 <unfinished ...>
[pid 322] 14:56:14.096028 oqsprovider.so->OQS_KEM_new(0x5c031bfce450, 8, 0, 0x5c031bfcee70) = 0x5c031bfcee90 <0.000319>
[pid 322] 14:56:14.096447 oqsprovider.so->OQS_KEM_keypair(0x5c031bfcee90, 0x5c031bfc1ea0, 0x5c031bfc9bc0, 0x5c031bfcee70) = 0 <0.000454>
[pid 322] 14:56:14.096975 <... EVP_PKEY_keygen resumed> ) = 1 <0.001122>
[pid 322] 14:56:14.099052 libssl.so.3->EVP_PKEY_decapsulate_init(0x5c031bfd00b0, 0, 176, 0x5c031bfd00b0) = 1 <0.000344>
[pid 322] 14:56:14.099483 libssl.so.3->EVP_PKEY_decapsulate(0x5c031bfd00b0, 0, 0x7ffc87509840, 0x5c031bfd22ca) = 1 <0.000187>
[pid 322] 14:56:14.099747 libssl.so.3->EVP_PKEY_decapsulate(0x5c031bfd00b0, 0x5c031bfceaf0, 0x7ffc87509840, 0x5c031bfd22ca <unfinished ...>
[pid 322] 14:56:14.099927 oqsprovider.so->OQS_KEM_decaps(0x5c031bfcee90, 0x5c031bfceaf0, 0x5c031bfd22ca, 0x5c031bfc9bc0) = 0 <0.000218>
[pid 322] 14:56:14.100222 <... EVP_PKEY_decapsulate resumed> ) = 1 <0.000468>
[pid 322] 14:56:14.101216 libssl.so.3->X509_verify_cert(0x5c031bfc7410, 0, 0x8000, 0xffffffff) = 1 <0.000434>
[pid 322] 14:56:14.101946 libssl.so.3->EVP_DigestVerifyInit_ex(0x5c031bef4810, 0x7ffc875098e8, 0, 0) = 1 <0.000234>
[pid 322] 14:56:14.102249 libssl.so.3->EVP_DigestVerify(0x5c031bef4810, 0x5c031bfd2278, 2420, 0x7ffc875098f0) = 1 <0.000187>
[pid 322] 14:56:14.102666 libssl.so.3->X509_verify_cert(0x5c031bfc7410, 1, 1, 0) = 1 <0.000226>
[pid 322] 14:56:14.103122 libssl.so.3->EVP_DigestSignInit_ex(0x5c031bff0140, 0x7ffc875098d0, 0, 0) = 1 <0.000136>
[pid 322] 14:56:14.103304 libssl.so.3->EVP_DigestSign(0x5c031bff0140, 0, 0x7ffc875098e0, 0x7ffc875098f0) = 1 <0.000112>
[pid 322] 14:56:14.103471 libssl.so.3->EVP_DigestSign(0x5c031bff0140, 0x5c031bfd1110, 0x7ffc875098e0, 0x7ffc875098f0) = 1 <0.000329>
[pid 322] 14:56:14.104105 <... SSL_connect resumed> ) = 1 <0.009148>
[pid 322] 14:56:14.104352 oqsprovider.so->OQS_KEM_free(0x5c031bfcee90, 0x5c031bfcee40, 2, 0x5c031bfcee60) = 4 <0.000143>
Handshake duration: 9.40 ms
[pid 322] 14:56:14.106950 +++ exited (status 0) +++
Execution 62 - TLS Mutual
s_connection: verify depth is 1
[pid 324] 14:56:14.171488 openssl->SSL_connect(0x644feb74d530, 0x644feb728e50, 0x644feb728e50, 0x7975b657a360 <unfinished ...>
[pid 324] 14:56:14.172055 libssl.so.3->EVP_PKEY_keygen_init(0x644feb7560b0, 0, 176, 0x644feb7560b0) = 1 <0.000183>
[pid 324] 14:56:14.172301 libssl.so.3->EVP_PKEY_keygen(0x644feb7560b0, 0x7ffc8254ee30, 0, 103 <unfinished ...>
[pid 324] 14:56:14.172463 oqsprovider.so->OQS_KEM_new(0x644feb754450, 8, 0, 0x644feb754e70) = 0x644feb754e90 <0.000144>
[pid 324] 14:56:14.172686 oqsprovider.so->OQS_KEM_keypair(0x644feb754e90, 0x644feb747ea0, 0x644feb74fbc0, 0x644feb754e70) = 0 <0.000535>
[pid 324] 14:56:14.173304 <... EVP_PKEY_keygen resumed> ) = 1 <0.000994>
[pid 324] 14:56:14.175403 libssl.so.3->EVP_PKEY_decapsulate_init(0x644feb7560b0, 0, 176, 0x644feb7560b0) = 1 <0.000442>
[pid 324] 14:56:14.175913 libssl.so.3->EVP_PKEY_decapsulate(0x644feb7560b0, 0, 0x7ffc8254edf0, 0x644feb7582ca) = 1 <0.000181>
[pid 324] 14:56:14.176156 libssl.so.3->EVP_PKEY_decapsulate(0x644feb7560b0, 0x644feb754af0, 0x7ffc8254edf0, 0x644feb7582ca <unfinished ...>
[pid 324] 14:56:14.176306 oqsprovider.so->OQS_KEM_decaps(0x644feb754e90, 0x644feb754af0, 0x644feb7582ca, 0x644feb74fbc0) = 0 <0.000189>
[pid 324] 14:56:14.176557 <... EVP_PKEY_decapsulate resumed> ) = 1 <0.000393>
[pid 324] 14:56:14.177602 libssl.so.3->X509_verify_cert(0x644feb74d410, 0, 0x8000, 0xffffffff) = 1 <0.000498>
[pid 324] 14:56:14.178332 libssl.so.3->EVP_DigestVerifyInit_ex(0x644feb67a810, 0x7ffc8254ee98, 0, 0) = 1 <0.000253>
[pid 324] 14:56:14.178686 libssl.so.3->EVP_DigestVerify(0x644feb67a810, 0x644feb758278, 2420, 0x7ffc8254eea0) = 1 <0.000257>
[pid 324] 14:56:14.179167 libssl.so.3->X509_verify_cert(0x644feb74d410, 1, 1, 0) = 1 <0.001466>
[pid 324] 14:56:14.181031 libssl.so.3->EVP_DigestSignInit_ex(0x644feb776140, 0x7ffc8254ee80, 0, 0) = 1 <0.000199>
[pid 324] 14:56:14.181287 libssl.so.3->EVP_DigestSign(0x644feb776140, 0, 0x7ffc8254ee90, 0x7ffc8254eea0) = 1 <0.000139>
[pid 324] 14:56:14.181482 libssl.so.3->EVP_DigestSign(0x644feb776140, 0x644feb757110, 0x7ffc8254ee90, 0x7ffc8254eea0) = 1 <0.000338>
[pid 324] 14:56:14.182093 <... SSL_connect resumed> ) = 1 <0.010619>
[pid 324] 14:56:14.182521 oqsprovider.so->OQS_KEM_free(0x644feb754e90, 0x644feb754e40, 2, 0x644feb754e60) = 4 <0.000239>
Handshake duration: 10.86 ms
[pid 324] 14:56:14.184964 +++ exited (status 0) +++
Execution 63 - TLS Mutual
s_connection: verify depth is 1
[pid 326] 14:56:14.248726 openssl->SSL_connect(0x60283177a530, 0x602831755e50, 0x602831755e50, 0x7957463e1360 <unfinished ...>
[pid 326] 14:56:14.249356 libssl.so.3->EVP_PKEY_keygen_init(0x6028317830b0, 0, 176, 0x6028317830b0) = 1 <0.000289>
[pid 326] 14:56:14.249742 libssl.so.3->EVP_PKEY_keygen(0x6028317830b0, 0x7ffdcb4b8030, 0, 103 <unfinished ...>
[pid 326] 14:56:14.249983 oqsprovider.so->OQS_KEM_new(0x602831781450, 8, 0, 0x602831781e70) = 0x602831781e90 <0.000196>
[pid 326] 14:56:14.250274 oqsprovider.so->OQS_KEM_keypair(0x602831781e90, 0x602831774ea0, 0x60283177cbc0, 0x602831781e70) = 0 <0.000484>
[pid 326] 14:56:14.250831 <... EVP_PKEY_keygen resumed> ) = 1 <0.001093>
[pid 326] 14:56:14.252527 libssl.so.3->EVP_PKEY_decapsulate_init(0x6028317830b0, 0, 176, 0x6028317830b0) = 1 <0.000357>
[pid 326] 14:56:14.252933 libssl.so.3->EVP_PKEY_decapsulate(0x6028317830b0, 0, 0x7ffdcb4b7ff0, 0x6028317852ca) = 1 <0.000127>
[pid 326] 14:56:14.253106 libssl.so.3->EVP_PKEY_decapsulate(0x6028317830b0, 0x602831781af0, 0x7ffdcb4b7ff0, 0x6028317852ca <unfinished ...>
[pid 326] 14:56:14.253217 oqsprovider.so->OQS_KEM_decaps(0x602831781e90, 0x602831781af0, 0x6028317852ca, 0x60283177cbc0) = 0 <0.000158>
[pid 326] 14:56:14.253418 <... EVP_PKEY_decapsulate resumed> ) = 1 <0.000308>
[pid 326] 14:56:14.254200 libssl.so.3->X509_verify_cert(0x60283177a410, 0, 0x8000, 0xffffffff) = 1 <0.000393>
[pid 326] 14:56:14.254842 libssl.so.3->EVP_DigestVerifyInit_ex(0x6028316a7810, 0x7ffdcb4b8098, 0, 0) = 1 <0.000149>
[pid 326] 14:56:14.255037 libssl.so.3->EVP_DigestVerify(0x6028316a7810, 0x602831785278, 2420, 0x7ffdcb4b80a0) = 1 <0.000205>
[pid 326] 14:56:14.255508 libssl.so.3->X509_verify_cert(0x60283177a410, 1, 1, 0) = 1 <0.000218>
[pid 326] 14:56:14.255953 libssl.so.3->EVP_DigestSignInit_ex(0x6028317a3140, 0x7ffdcb4b8080, 0, 0) = 1 <0.000127>
[pid 326] 14:56:14.256128 libssl.so.3->EVP_DigestSign(0x6028317a3140, 0, 0x7ffdcb4b8090, 0x7ffdcb4b80a0) = 1 <0.000114>
[pid 326] 14:56:14.256286 libssl.so.3->EVP_DigestSign(0x6028317a3140, 0x602831784110, 0x7ffdcb4b8090, 0x7ffdcb4b80a0) = 1 <0.000266>
[pid 326] 14:56:14.256928 <... SSL_connect resumed> ) = 1 <0.008224>
[pid 326] 14:56:14.257211 oqsprovider.so->OQS_KEM_free(0x602831781e90, 0x602831781e40, 2, 0x602831781e60) = 4 <0.000150>
Handshake duration: 8.53 ms
[pid 326] 14:56:14.259970 +++ exited (status 0) +++
Execution 64 - TLS Mutual
s_connection: verify depth is 1
[pid 328] 14:56:14.322632 openssl->SSL_connect(0x5d6b20ac8530, 0x5d6b20aa3e50, 0x5d6b20aa3e50, 0x7b2ed2b4d360 <unfinished ...>
[pid 328] 14:56:14.323092 libssl.so.3->EVP_PKEY_keygen_init(0x5d6b20ad10b0, 0, 176, 0x5d6b20ad10b0) = 1 <0.000176>
[pid 328] 14:56:14.323363 libssl.so.3->EVP_PKEY_keygen(0x5d6b20ad10b0, 0x7ffd52b97720, 0, 103 <unfinished ...>
[pid 328] 14:56:14.323542 oqsprovider.so->OQS_KEM_new(0x5d6b20acf450, 8, 0, 0x5d6b20acfe70) = 0x5d6b20acfe90 <0.000206>
[pid 328] 14:56:14.323811 oqsprovider.so->OQS_KEM_keypair(0x5d6b20acfe90, 0x5d6b20ac2ea0, 0x5d6b20acabc0, 0x5d6b20acfe70) = 0 <0.000403>
[pid 328] 14:56:14.324275 <... EVP_PKEY_keygen resumed> ) = 1 <0.000908>
[pid 328] 14:56:14.326126 libssl.so.3->EVP_PKEY_decapsulate_init(0x5d6b20ad10b0, 0, 176, 0x5d6b20ad10b0) = 1 <0.000397>
[pid 328] 14:56:14.326588 libssl.so.3->EVP_PKEY_decapsulate(0x5d6b20ad10b0, 0, 0x7ffd52b976e0, 0x5d6b20ad32ca) = 1 <0.000221>
[pid 328] 14:56:14.326875 libssl.so.3->EVP_PKEY_decapsulate(0x5d6b20ad10b0, 0x5d6b20acfaf0, 0x7ffd52b976e0, 0x5d6b20ad32ca <unfinished ...>
[pid 328] 14:56:14.327022 oqsprovider.so->OQS_KEM_decaps(0x5d6b20acfe90, 0x5d6b20acfaf0, 0x5d6b20ad32ca, 0x5d6b20acabc0) = 0 <0.000226>
[pid 328] 14:56:14.327311 <... EVP_PKEY_decapsulate resumed> ) = 1 <0.000431>
[pid 328] 14:56:14.328240 libssl.so.3->X509_verify_cert(0x5d6b20ac8410, 0, 0x8000, 0xffffffff) = 1 <0.000431>
[pid 328] 14:56:14.328922 libssl.so.3->EVP_DigestVerifyInit_ex(0x5d6b209f5810, 0x7ffd52b97788, 0, 0) = 1 <0.000164>
[pid 328] 14:56:14.329148 libssl.so.3->EVP_DigestVerify(0x5d6b209f5810, 0x5d6b20ad3278, 2420, 0x7ffd52b97790) = 1 <0.000238>
[pid 328] 14:56:14.329661 libssl.so.3->X509_verify_cert(0x5d6b20ac8410, 1, 1, 0) = 1 <0.000287>
[pid 328] 14:56:14.330252 libssl.so.3->EVP_DigestSignInit_ex(0x5d6b20af1140, 0x7ffd52b97770, 0, 0) = 1 <0.000162>
[pid 328] 14:56:14.330467 libssl.so.3->EVP_DigestSign(0x5d6b20af1140, 0, 0x7ffd52b97780, 0x7ffd52b97790) = 1 <0.000137>
[pid 328] 14:56:14.330664 libssl.so.3->EVP_DigestSign(0x5d6b20af1140, 0x5d6b20ad2110, 0x7ffd52b97780, 0x7ffd52b97790) = 1 <0.000426>
[pid 328] 14:56:14.331467 <... SSL_connect resumed> ) = 1 <0.008842>
[pid 328] 14:56:14.331829 oqsprovider.so->OQS_KEM_free(0x5d6b20acfe90, 0x5d6b20acfe40, 2, 0x5d6b20acfe60) = 4 <0.000173>
Handshake duration: 9.08 ms
[pid 328] 14:56:14.334989 +++ exited (status 0) +++
Execution 65 - TLS Mutual
s_connection: verify depth is 1
[pid 330] 14:56:14.394100 openssl->SSL_connect(0x56e873184530, 0x56e87315fe50, 0x56e87315fe50, 0x71ffccbad360 <unfinished ...>
[pid 330] 14:56:14.394553 libssl.so.3->EVP_PKEY_keygen_init(0x56e87318d0b0, 0, 176, 0x56e87318d0b0) = 1 <0.000209>
[pid 330] 14:56:14.394829 libssl.so.3->EVP_PKEY_keygen(0x56e87318d0b0, 0x7ffd0a10b240, 0, 103 <unfinished ...>
[pid 330] 14:56:14.394968 oqsprovider.so->OQS_KEM_new(0x56e87318b450, 8, 0, 0x56e87318be70) = 0x56e87318be90 <0.000134>
[pid 330] 14:56:14.395215 oqsprovider.so->OQS_KEM_keypair(0x56e87318be90, 0x56e87317eea0, 0x56e873186bc0, 0x56e87318be70) = 0 <0.000432>
[pid 330] 14:56:14.395726 <... EVP_PKEY_keygen resumed> ) = 1 <0.000891>
[pid 330] 14:56:14.397595 libssl.so.3->EVP_PKEY_decapsulate_init(0x56e87318d0b0, 0, 176, 0x56e87318d0b0) = 1 <0.000340>
[pid 330] 14:56:14.397984 libssl.so.3->EVP_PKEY_decapsulate(0x56e87318d0b0, 0, 0x7ffd0a10b200, 0x56e87318f2ca) = 1 <0.000127>
[pid 330] 14:56:14.398158 libssl.so.3->EVP_PKEY_decapsulate(0x56e87318d0b0, 0x56e87318baf0, 0x7ffd0a10b200, 0x56e87318f2ca <unfinished ...>
[pid 330] 14:56:14.398444 oqsprovider.so->OQS_KEM_decaps(0x56e87318be90, 0x56e87318baf0, 0x56e87318f2ca, 0x56e873186bc0) = 0 <0.000257>
[pid 330] 14:56:14.398762 <... EVP_PKEY_decapsulate resumed> ) = 1 <0.000594>
[pid 330] 14:56:14.399564 libssl.so.3->X509_verify_cert(0x56e873184410, 0, 0x8000, 0xffffffff) = 1 <0.000409>
[pid 330] 14:56:14.400211 libssl.so.3->EVP_DigestVerifyInit_ex(0x56e8730b1810, 0x7ffd0a10b2a8, 0, 0) = 1 <0.000166>
[pid 330] 14:56:14.400436 libssl.so.3->EVP_DigestVerify(0x56e8730b1810, 0x56e87318f278, 2420, 0x7ffd0a10b2b0) = 1 <0.000226>
[pid 330] 14:56:14.400922 libssl.so.3->X509_verify_cert(0x56e873184410, 1, 1, 0) = 1 <0.000238>
[pid 330] 14:56:14.401414 libssl.so.3->EVP_DigestSignInit_ex(0x56e8731ad140, 0x7ffd0a10b290, 0, 0) = 1 <0.000184>
[pid 330] 14:56:14.401658 libssl.so.3->EVP_DigestSign(0x56e8731ad140, 0, 0x7ffd0a10b2a0, 0x7ffd0a10b2b0) = 1 <0.000180>
[pid 330] 14:56:14.401900 libssl.so.3->EVP_DigestSign(0x56e8731ad140, 0x56e87318e110, 0x7ffd0a10b2a0, 0x7ffd0a10b2b0) = 1 <0.000535>
[pid 330] 14:56:14.402859 <... SSL_connect resumed> ) = 1 <0.008759>
[pid 330] 14:56:14.403077 oqsprovider.so->OQS_KEM_free(0x56e87318be90, 0x56e87318be40, 2, 0x56e87318be60) = 4 <0.000162>
Handshake duration: 9.08 ms
[pid 330] 14:56:14.405561 +++ exited (status 0) +++
Execution 66 - TLS Mutual
s_connection: verify depth is 1
[pid 332] 14:56:14.462621 openssl->SSL_connect(0x596fa1430530, 0x596fa140be50, 0x596fa140be50, 0x7ea69728e360 <unfinished ...>
[pid 332] 14:56:14.463115 libssl.so.3->EVP_PKEY_keygen_init(0x596fa14390b0, 0, 176, 0x596fa14390b0) = 1 <0.000181>
[pid 332] 14:56:14.463346 libssl.so.3->EVP_PKEY_keygen(0x596fa14390b0, 0x7ffd4959bc70, 0, 103 <unfinished ...>
[pid 332] 14:56:14.463466 oqsprovider.so->OQS_KEM_new(0x596fa1437450, 8, 0, 0x596fa1437e70) = 0x596fa1437e90 <0.000119>
[pid 332] 14:56:14.463641 oqsprovider.so->OQS_KEM_keypair(0x596fa1437e90, 0x596fa142aea0, 0x596fa1432bc0, 0x596fa1437e70) = 0 <0.000323>
[pid 332] 14:56:14.464025 <... EVP_PKEY_keygen resumed> ) = 1 <0.000675>
[pid 332] 14:56:14.465482 libssl.so.3->EVP_PKEY_decapsulate_init(0x596fa14390b0, 0, 176, 0x596fa14390b0) = 1 <0.000310>
[pid 332] 14:56:14.465842 libssl.so.3->EVP_PKEY_decapsulate(0x596fa14390b0, 0, 0x7ffd4959bc30, 0x596fa143b2ca) = 1 <0.000128>
[pid 332] 14:56:14.466011 libssl.so.3->EVP_PKEY_decapsulate(0x596fa14390b0, 0x596fa1437af0, 0x7ffd4959bc30, 0x596fa143b2ca <unfinished ...>
[pid 332] 14:56:14.466119 oqsprovider.so->OQS_KEM_decaps(0x596fa1437e90, 0x596fa1437af0, 0x596fa143b2ca, 0x596fa1432bc0) = 0 <0.000138>
[pid 332] 14:56:14.466321 <... EVP_PKEY_decapsulate resumed> ) = 1 <0.000303>
[pid 332] 14:56:14.467050 libssl.so.3->X509_verify_cert(0x596fa1430410, 0, 0x8000, 0xffffffff) = 1 <0.000341>
[pid 332] 14:56:14.467568 libssl.so.3->EVP_DigestVerifyInit_ex(0x596fa135d810, 0x7ffd4959bcd8, 0, 0) = 1 <0.000132>
[pid 332] 14:56:14.467759 libssl.so.3->EVP_DigestVerify(0x596fa135d810, 0x596fa143b278, 2420, 0x7ffd4959bce0) = 1 <0.000156>
[pid 332] 14:56:14.468112 libssl.so.3->X509_verify_cert(0x596fa1430410, 1, 1, 0) = 1 <0.000183>
[pid 332] 14:56:14.468497 libssl.so.3->EVP_DigestSignInit_ex(0x596fa1459140, 0x7ffd4959bcc0, 0, 0) = 1 <0.000128>
[pid 332] 14:56:14.468682 libssl.so.3->EVP_DigestSign(0x596fa1459140, 0, 0x7ffd4959bcd0, 0x7ffd4959bce0) = 1 <0.000132>
[pid 332] 14:56:14.468857 libssl.so.3->EVP_DigestSign(0x596fa1459140, 0x596fa143a110, 0x7ffd4959bcd0, 0x7ffd4959bce0) = 1 <0.000274>
[pid 332] 14:56:14.469394 <... SSL_connect resumed> ) = 1 <0.006795>
[pid 332] 14:56:14.469580 oqsprovider.so->OQS_KEM_free(0x596fa1437e90, 0x596fa1437e40, 2, 0x596fa1437e60) = 4 <0.000159>
Handshake duration: 6.96 ms
[pid 332] 14:56:14.471763 +++ exited (status 0) +++
Execution 67 - TLS Mutual
s_connection: verify depth is 1
[pid 334] 14:56:14.533121 openssl->SSL_connect(0x56902c42a530, 0x56902c405e50, 0x56902c405e50, 0x7634e8e81360 <unfinished ...>
[pid 334] 14:56:14.533629 libssl.so.3->EVP_PKEY_keygen_init(0x56902c4330b0, 0, 176, 0x56902c4330b0) = 1 <0.000218>
[pid 334] 14:56:14.533901 libssl.so.3->EVP_PKEY_keygen(0x56902c4330b0, 0x7ffe1f98abf0, 0, 103 <unfinished ...>
[pid 334] 14:56:14.534066 oqsprovider.so->OQS_KEM_new(0x56902c431450, 8, 0, 0x56902c431e70) = 0x56902c431e90 <0.000154>
[pid 334] 14:56:14.534281 oqsprovider.so->OQS_KEM_keypair(0x56902c431e90, 0x56902c424ea0, 0x56902c42cbc0, 0x56902c431e70) = 0 <0.000409>
[pid 334] 14:56:14.534775 <... EVP_PKEY_keygen resumed> ) = 1 <0.000867>
[pid 334] 14:56:14.536294 libssl.so.3->EVP_PKEY_decapsulate_init(0x56902c4330b0, 0, 176, 0x56902c4330b0) = 1 <0.000310>
[pid 334] 14:56:14.536666 libssl.so.3->EVP_PKEY_decapsulate(0x56902c4330b0, 0, 0x7ffe1f98abb0, 0x56902c4352ca) = 1 <0.000160>
[pid 334] 14:56:14.536886 libssl.so.3->EVP_PKEY_decapsulate(0x56902c4330b0, 0x56902c431af0, 0x7ffe1f98abb0, 0x56902c4352ca <unfinished ...>
[pid 334] 14:56:14.537054 oqsprovider.so->OQS_KEM_decaps(0x56902c431e90, 0x56902c431af0, 0x56902c4352ca, 0x56902c42cbc0) = 0 <0.000258>
[pid 334] 14:56:14.537398 <... EVP_PKEY_decapsulate resumed> ) = 1 <0.000503>
[pid 334] 14:56:14.538170 libssl.so.3->X509_verify_cert(0x56902c42a410, 0, 0x8000, 0xffffffff) = 1 <0.000345>
[pid 334] 14:56:14.538712 libssl.so.3->EVP_DigestVerifyInit_ex(0x56902c357810, 0x7ffe1f98ac58, 0, 0) = 1 <0.000142>
[pid 334] 14:56:14.538905 libssl.so.3->EVP_DigestVerify(0x56902c357810, 0x56902c435278, 2420, 0x7ffe1f98ac60) = 1 <0.000163>
[pid 334] 14:56:14.539274 libssl.so.3->X509_verify_cert(0x56902c42a410, 1, 1, 0) = 1 <0.000173>
[pid 334] 14:56:14.539657 libssl.so.3->EVP_DigestSignInit_ex(0x56902c453140, 0x7ffe1f98ac40, 0, 0) = 1 <0.000145>
[pid 334] 14:56:14.539846 libssl.so.3->EVP_DigestSign(0x56902c453140, 0, 0x7ffe1f98ac50, 0x7ffe1f98ac60) = 1 <0.000126>
[pid 334] 14:56:14.540021 libssl.so.3->EVP_DigestSign(0x56902c453140, 0x56902c434110, 0x7ffe1f98ac50, 0x7ffe1f98ac60) = 1 <0.000268>
[pid 334] 14:56:14.540531 <... SSL_connect resumed> ) = 1 <0.007420>
[pid 334] 14:56:14.540754 oqsprovider.so->OQS_KEM_free(0x56902c431e90, 0x56902c431e40, 2, 0x56902c431e60) = 4 <0.000135>
Handshake duration: 7.61 ms
[pid 334] 14:56:14.542974 +++ exited (status 0) +++
Execution 68 - TLS Mutual
s_connection: verify depth is 1
[pid 336] 14:56:14.596630 openssl->SSL_connect(0x6252ed380530, 0x6252ed35be50, 0x6252ed35be50, 0x7256e6eca360 <unfinished ...>
[pid 336] 14:56:14.597119 libssl.so.3->EVP_PKEY_keygen_init(0x6252ed3890b0, 0, 176, 0x6252ed3890b0) = 1 <0.000167>
[pid 336] 14:56:14.597337 libssl.so.3->EVP_PKEY_keygen(0x6252ed3890b0, 0x7ffe76298b80, 0, 103 <unfinished ...>
[pid 336] 14:56:14.597453 oqsprovider.so->OQS_KEM_new(0x6252ed387450, 8, 0, 0x6252ed387e70) = 0x6252ed387e90 <0.000131>
[pid 336] 14:56:14.597643 oqsprovider.so->OQS_KEM_keypair(0x6252ed387e90, 0x6252ed37aea0, 0x6252ed382bc0, 0x6252ed387e70) = 0 <0.000375>
[pid 336] 14:56:14.598077 <... EVP_PKEY_keygen resumed> ) = 1 <0.000734>
[pid 336] 14:56:14.599638 libssl.so.3->EVP_PKEY_decapsulate_init(0x6252ed3890b0, 0, 176, 0x6252ed3890b0) = 1 <0.000318>
[pid 336] 14:56:14.600016 libssl.so.3->EVP_PKEY_decapsulate(0x6252ed3890b0, 0, 0x7ffe76298b40, 0x6252ed38b2ca) = 1 <0.000144>
[pid 336] 14:56:14.600235 libssl.so.3->EVP_PKEY_decapsulate(0x6252ed3890b0, 0x6252ed387af0, 0x7ffe76298b40, 0x6252ed38b2ca <unfinished ...>
[pid 336] 14:56:14.600412 oqsprovider.so->OQS_KEM_decaps(0x6252ed387e90, 0x6252ed387af0, 0x6252ed38b2ca, 0x6252ed382bc0) = 0 <0.000152>
[pid 336] 14:56:14.600651 <... EVP_PKEY_decapsulate resumed> ) = 1 <0.000395>
[pid 336] 14:56:14.601537 libssl.so.3->X509_verify_cert(0x6252ed380410, 0, 0x8000, 0xffffffff) = 1 <0.000391>
[pid 336] 14:56:14.602127 libssl.so.3->EVP_DigestVerifyInit_ex(0x6252ed2ad810, 0x7ffe76298be8, 0, 0) = 1 <0.000159>
[pid 336] 14:56:14.602336 libssl.so.3->EVP_DigestVerify(0x6252ed2ad810, 0x6252ed38b278, 2420, 0x7ffe76298bf0) = 1 <0.000246>
[pid 336] 14:56:14.602844 libssl.so.3->X509_verify_cert(0x6252ed380410, 1, 1, 0) = 1 <0.000221>
[pid 336] 14:56:14.603288 libssl.so.3->EVP_DigestSignInit_ex(0x6252ed3a9140, 0x7ffe76298bd0, 0, 0) = 1 <0.000156>
[pid 336] 14:56:14.603489 libssl.so.3->EVP_DigestSign(0x6252ed3a9140, 0, 0x7ffe76298be0, 0x7ffe76298bf0) = 1 <0.000123>
[pid 336] 14:56:14.603659 libssl.so.3->EVP_DigestSign(0x6252ed3a9140, 0x6252ed38a110, 0x7ffe76298be0, 0x7ffe76298bf0) = 1 <0.000297>
[pid 336] 14:56:14.604241 <... SSL_connect resumed> ) = 1 <0.007620>
[pid 336] 14:56:14.604507 oqsprovider.so->OQS_KEM_free(0x6252ed387e90, 0x6252ed387e40, 2, 0x6252ed387e60) = 4 <0.000188>
Handshake duration: 7.84 ms
[pid 336] 14:56:14.606745 +++ exited (status 0) +++
Execution 69 - TLS Mutual
s_connection: verify depth is 1
[pid 338] 14:56:14.661500 openssl->SSL_connect(0x5ddc504fe530, 0x5ddc504d9e50, 0x5ddc504d9e50, 0x74dc65b60360 <unfinished ...>
[pid 338] 14:56:14.662016 libssl.so.3->EVP_PKEY_keygen_init(0x5ddc505070b0, 0, 176, 0x5ddc505070b0) = 1 <0.000208>
[pid 338] 14:56:14.662276 libssl.so.3->EVP_PKEY_keygen(0x5ddc505070b0, 0x7fff903a0f70, 0, 103 <unfinished ...>
[pid 338] 14:56:14.662403 oqsprovider.so->OQS_KEM_new(0x5ddc50505450, 8, 0, 0x5ddc50505e70) = 0x5ddc50505e90 <0.000123>
[pid 338] 14:56:14.662571 oqsprovider.so->OQS_KEM_keypair(0x5ddc50505e90, 0x5ddc504f8ea0, 0x5ddc50500bc0, 0x5ddc50505e70) = 0 <0.000312>
[pid 338] 14:56:14.662948 <... EVP_PKEY_keygen resumed> ) = 1 <0.000666>
[pid 338] 14:56:14.664449 libssl.so.3->EVP_PKEY_decapsulate_init(0x5ddc505070b0, 0, 176, 0x5ddc505070b0) = 1 <0.000345>
[pid 338] 14:56:14.664843 libssl.so.3->EVP_PKEY_decapsulate(0x5ddc505070b0, 0, 0x7fff903a0f30, 0x5ddc505092ca) = 1 <0.000168>
[pid 338] 14:56:14.665104 libssl.so.3->EVP_PKEY_decapsulate(0x5ddc505070b0, 0x5ddc50505af0, 0x7fff903a0f30, 0x5ddc505092ca <unfinished ...>
[pid 338] 14:56:14.665243 oqsprovider.so->OQS_KEM_decaps(0x5ddc50505e90, 0x5ddc50505af0, 0x5ddc505092ca, 0x5ddc50500bc0) = 0 <0.000136>
[pid 338] 14:56:14.665436 <... EVP_PKEY_decapsulate resumed> ) = 1 <0.000320>
[pid 338] 14:56:14.666248 libssl.so.3->X509_verify_cert(0x5ddc504fe410, 0, 0x8000, 0xffffffff) = 1 <0.000381>
[pid 338] 14:56:14.666828 libssl.so.3->EVP_DigestVerifyInit_ex(0x5ddc5042b810, 0x7fff903a0fd8, 0, 0) = 1 <0.000127>
[pid 338] 14:56:14.667000 libssl.so.3->EVP_DigestVerify(0x5ddc5042b810, 0x5ddc50509278, 2420, 0x7fff903a0fe0) = 1 <0.000149>
[pid 338] 14:56:14.667349 libssl.so.3->X509_verify_cert(0x5ddc504fe410, 1, 1, 0) = 1 <0.000185>
[pid 338] 14:56:14.667765 libssl.so.3->EVP_DigestSignInit_ex(0x5ddc50527140, 0x7fff903a0fc0, 0, 0) = 1 <0.000122>
[pid 338] 14:56:14.667930 libssl.so.3->EVP_DigestSign(0x5ddc50527140, 0, 0x7fff903a0fd0, 0x7fff903a0fe0) = 1 <0.000104>
[pid 338] 14:56:14.668074 libssl.so.3->EVP_DigestSign(0x5ddc50527140, 0x5ddc50508110, 0x7fff903a0fd0, 0x7fff903a0fe0) = 1 <0.000549>
[pid 338] 14:56:14.669013 <... SSL_connect resumed> ) = 1 <0.007522>
[pid 338] 14:56:14.669257 oqsprovider.so->OQS_KEM_free(0x5ddc50505e90, 0x5ddc50505e40, 2, 0x5ddc50505e60) = 4 <0.000137>
Handshake duration: 7.71 ms
[pid 338] 14:56:14.672056 +++ exited (status 0) +++
Execution 70 - TLS Mutual
s_connection: verify depth is 1
[pid 340] 14:56:14.728431 openssl->SSL_connect(0x6192cd8a1530, 0x6192cd87ce50, 0x6192cd87ce50, 0x75565b745360 <unfinished ...>
[pid 340] 14:56:14.728941 libssl.so.3->EVP_PKEY_keygen_init(0x6192cd8aa0b0, 0, 176, 0x6192cd8aa0b0) = 1 <0.000167>
[pid 340] 14:56:14.729168 libssl.so.3->EVP_PKEY_keygen(0x6192cd8aa0b0, 0x7ffca900db60, 0, 103 <unfinished ...>
[pid 340] 14:56:14.729287 oqsprovider.so->OQS_KEM_new(0x6192cd8a8450, 8, 0, 0x6192cd8a8e70) = 0x6192cd8a8e90 <0.000112>
[pid 340] 14:56:14.729475 oqsprovider.so->OQS_KEM_keypair(0x6192cd8a8e90, 0x6192cd89bea0, 0x6192cd8a3bc0, 0x6192cd8a8e70) = 0 <0.000364>
[pid 340] 14:56:14.729891 <... EVP_PKEY_keygen resumed> ) = 1 <0.000715>
[pid 340] 14:56:14.731490 libssl.so.3->EVP_PKEY_decapsulate_init(0x6192cd8aa0b0, 0, 176, 0x6192cd8aa0b0) = 1 <0.000369>
[pid 340] 14:56:14.731909 libssl.so.3->EVP_PKEY_decapsulate(0x6192cd8aa0b0, 0, 0x7ffca900db20, 0x6192cd8ac2ca) = 1 <0.000128>
[pid 340] 14:56:14.732108 libssl.so.3->EVP_PKEY_decapsulate(0x6192cd8aa0b0, 0x6192cd8a8af0, 0x7ffca900db20, 0x6192cd8ac2ca <unfinished ...>
[pid 340] 14:56:14.732286 oqsprovider.so->OQS_KEM_decaps(0x6192cd8a8e90, 0x6192cd8a8af0, 0x6192cd8ac2ca, 0x6192cd8a3bc0) = 0 <0.000208>
[pid 340] 14:56:14.732550 <... EVP_PKEY_decapsulate resumed> ) = 1 <0.000440>
[pid 340] 14:56:14.733422 libssl.so.3->X509_verify_cert(0x6192cd8a1410, 0, 0x8000, 0xffffffff) = 1 <0.000396>
[pid 340] 14:56:14.734045 libssl.so.3->EVP_DigestVerifyInit_ex(0x6192cd7ce810, 0x7ffca900dbc8, 0, 0) = 1 <0.000129>
[pid 340] 14:56:14.734223 libssl.so.3->EVP_DigestVerify(0x6192cd7ce810, 0x6192cd8ac278, 2420, 0x7ffca900dbd0) = 1 <0.000261>
[pid 340] 14:56:14.734758 libssl.so.3->X509_verify_cert(0x6192cd8a1410, 1, 1, 0) = 1 <0.000221>
[pid 340] 14:56:14.735272 libssl.so.3->EVP_DigestSignInit_ex(0x6192cd8ca140, 0x7ffca900dbb0, 0, 0) = 1 <0.000153>
[pid 340] 14:56:14.735475 libssl.so.3->EVP_DigestSign(0x6192cd8ca140, 0, 0x7ffca900dbc0, 0x7ffca900dbd0) = 1 <0.000129>
[pid 340] 14:56:14.735663 libssl.so.3->EVP_DigestSign(0x6192cd8ca140, 0x6192cd8ab110, 0x7ffca900dbc0, 0x7ffca900dbd0) = 1 <0.000326>
[pid 340] 14:56:14.736295 <... SSL_connect resumed> ) = 1 <0.007878>
[pid 340] 14:56:14.736524 oqsprovider.so->OQS_KEM_free(0x6192cd8a8e90, 0x6192cd8a8e40, 2, 0x6192cd8a8e60) = 4 <0.000122>
Handshake duration: 8.07 ms
[pid 340] 14:56:14.739350 +++ exited (status 0) +++
Execution 71 - TLS Mutual
s_connection: verify depth is 1
[pid 342] 14:56:14.796889 openssl->SSL_connect(0x57afe626e530, 0x57afe6249e50, 0x57afe6249e50, 0x743284330360 <unfinished ...>
[pid 342] 14:56:14.797434 libssl.so.3->EVP_PKEY_keygen_init(0x57afe62770b0, 0, 176, 0x57afe62770b0) = 1 <0.000171>
[pid 342] 14:56:14.797662 libssl.so.3->EVP_PKEY_keygen(0x57afe62770b0, 0x7ffff62b1dc0, 0, 103 <unfinished ...>
[pid 342] 14:56:14.797803 oqsprovider.so->OQS_KEM_new(0x57afe6275450, 8, 0, 0x57afe6275e70) = 0x57afe6275e90 <0.000125>
[pid 342] 14:56:14.797980 oqsprovider.so->OQS_KEM_keypair(0x57afe6275e90, 0x57afe6268ea0, 0x57afe6270bc0, 0x57afe6275e70) = 0 <0.000321>
[pid 342] 14:56:14.798360 <... EVP_PKEY_keygen resumed> ) = 1 <0.000694>
[pid 342] 14:56:14.799782 libssl.so.3->EVP_PKEY_decapsulate_init(0x57afe62770b0, 0, 176, 0x57afe62770b0) = 1 <0.000378>
[pid 342] 14:56:14.800227 libssl.so.3->EVP_PKEY_decapsulate(0x57afe62770b0, 0, 0x7ffff62b1d80, 0x57afe62792ca) = 1 <0.000139>
[pid 342] 14:56:14.800413 libssl.so.3->EVP_PKEY_decapsulate(0x57afe62770b0, 0x57afe6275af0, 0x7ffff62b1d80, 0x57afe62792ca <unfinished ...>
[pid 342] 14:56:14.800585 oqsprovider.so->OQS_KEM_decaps(0x57afe6275e90, 0x57afe6275af0, 0x57afe62792ca, 0x57afe6270bc0) = 0 <0.000242>
[pid 342] 14:56:14.800887 <... EVP_PKEY_decapsulate resumed> ) = 1 <0.000462>
[pid 342] 14:56:14.801669 libssl.so.3->X509_verify_cert(0x57afe626e410, 0, 0x8000, 0xffffffff) = 1 <0.000358>
[pid 342] 14:56:14.802220 libssl.so.3->EVP_DigestVerifyInit_ex(0x57afe619b810, 0x7ffff62b1e28, 0, 0) = 1 <0.000149>
[pid 342] 14:56:14.802420 libssl.so.3->EVP_DigestVerify(0x57afe619b810, 0x57afe6279278, 2420, 0x7ffff62b1e30) = 1 <0.000187>
[pid 342] 14:56:14.802910 libssl.so.3->X509_verify_cert(0x57afe626e410, 1, 1, 0) = 1 <0.000239>
[pid 342] 14:56:14.803406 libssl.so.3->EVP_DigestSignInit_ex(0x57afe6297140, 0x7ffff62b1e10, 0, 0) = 1 <0.000160>
[pid 342] 14:56:14.803624 libssl.so.3->EVP_DigestSign(0x57afe6297140, 0, 0x7ffff62b1e20, 0x7ffff62b1e30) = 1 <0.000153>
[pid 342] 14:56:14.803822 libssl.so.3->EVP_DigestSign(0x57afe6297140, 0x57afe6278110, 0x7ffff62b1e20, 0x7ffff62b1e30) = 1 <0.000493>
[pid 342] 14:56:14.804610 <... SSL_connect resumed> ) = 1 <0.007723>
[pid 342] 14:56:14.804863 oqsprovider.so->OQS_KEM_free(0x57afe6275e90, 0x57afe6275e40, 2, 0x57afe6275e60) = 4 <0.000123>
Handshake duration: 7.93 ms
[pid 342] 14:56:14.807265 +++ exited (status 0) +++
Execution 72 - TLS Mutual
s_connection: verify depth is 1
[pid 344] 14:56:14.864394 openssl->SSL_connect(0x5d5b8d309530, 0x5d5b8d2e4e50, 0x5d5b8d2e4e50, 0x707e71e64360 <unfinished ...>
[pid 344] 14:56:14.864967 libssl.so.3->EVP_PKEY_keygen_init(0x5d5b8d3120b0, 0, 176, 0x5d5b8d3120b0) = 1 <0.000250>
[pid 344] 14:56:14.865282 libssl.so.3->EVP_PKEY_keygen(0x5d5b8d3120b0, 0x7ffe5a598ee0, 0, 103 <unfinished ...>
[pid 344] 14:56:14.865424 oqsprovider.so->OQS_KEM_new(0x5d5b8d310450, 8, 0, 0x5d5b8d310e70) = 0x5d5b8d310e90 <0.000135>
[pid 344] 14:56:14.865619 oqsprovider.so->OQS_KEM_keypair(0x5d5b8d310e90, 0x5d5b8d303ea0, 0x5d5b8d30bbc0, 0x5d5b8d310e70) = 0 <0.000370>
[pid 344] 14:56:14.866056 <... EVP_PKEY_keygen resumed> ) = 1 <0.000769>
[pid 344] 14:56:14.867676 libssl.so.3->EVP_PKEY_decapsulate_init(0x5d5b8d3120b0, 0, 176, 0x5d5b8d3120b0) = 1 <0.000308>
[pid 344] 14:56:14.868040 libssl.so.3->EVP_PKEY_decapsulate(0x5d5b8d3120b0, 0, 0x7ffe5a598ea0, 0x5d5b8d3142ca) = 1 <0.000120>
[pid 344] 14:56:14.868210 libssl.so.3->EVP_PKEY_decapsulate(0x5d5b8d3120b0, 0x5d5b8d310af0, 0x7ffe5a598ea0, 0x5d5b8d3142ca <unfinished ...>
[pid 344] 14:56:14.868323 oqsprovider.so->OQS_KEM_decaps(0x5d5b8d310e90, 0x5d5b8d310af0, 0x5d5b8d3142ca, 0x5d5b8d30bbc0) = 0 <0.000140>
[pid 344] 14:56:14.868508 <... EVP_PKEY_decapsulate resumed> ) = 1 <0.000295>
[pid 344] 14:56:14.869243 libssl.so.3->X509_verify_cert(0x5d5b8d309410, 0, 0x8000, 0xffffffff) = 1 <0.000398>
[pid 344] 14:56:14.869836 libssl.so.3->EVP_DigestVerifyInit_ex(0x5d5b8d236810, 0x7ffe5a598f48, 0, 0) = 1 <0.000136>
[pid 344] 14:56:14.870015 libssl.so.3->EVP_DigestVerify(0x5d5b8d236810, 0x5d5b8d314278, 2420, 0x7ffe5a598f50) = 1 <0.000152>
[pid 344] 14:56:14.870384 libssl.so.3->X509_verify_cert(0x5d5b8d309410, 1, 1, 0) = 1 <0.000193>
[pid 344] 14:56:14.870824 libssl.so.3->EVP_DigestSignInit_ex(0x5d5b8d332140, 0x7ffe5a598f30, 0, 0) = 1 <0.000130>
[pid 344] 14:56:14.870995 libssl.so.3->EVP_DigestSign(0x5d5b8d332140, 0, 0x7ffe5a598f40, 0x7ffe5a598f50) = 1 <0.000112>
[pid 344] 14:56:14.871152 libssl.so.3->EVP_DigestSign(0x5d5b8d332140, 0x5d5b8d313110, 0x7ffe5a598f40, 0x7ffe5a598f50) = 1 <0.000272>
[pid 344] 14:56:14.871674 <... SSL_connect resumed> ) = 1 <0.007286>
[pid 344] 14:56:14.871916 oqsprovider.so->OQS_KEM_free(0x5d5b8d310e90, 0x5d5b8d310e40, 2, 0x5d5b8d310e60) = 4 <0.000123>
Handshake duration: 7.45 ms
[pid 344] 14:56:14.874136 +++ exited (status 0) +++
Execution 73 - TLS Mutual
s_connection: verify depth is 1
[pid 346] 14:56:14.931702 openssl->SSL_connect(0x5a919b848530, 0x5a919b823e50, 0x5a919b823e50, 0x7f1c74607360 <unfinished ...>
[pid 346] 14:56:14.932269 libssl.so.3->EVP_PKEY_keygen_init(0x5a919b8510b0, 0, 176, 0x5a919b8510b0) = 1 <0.000150>
[pid 346] 14:56:14.932473 libssl.so.3->EVP_PKEY_keygen(0x5a919b8510b0, 0x7ffd1262a870, 0, 103 <unfinished ...>
[pid 346] 14:56:14.932634 oqsprovider.so->OQS_KEM_new(0x5a919b84f450, 8, 0, 0x5a919b84fe70) = 0x5a919b84fe90 <0.000240>
[pid 346] 14:56:14.932941 oqsprovider.so->OQS_KEM_keypair(0x5a919b84fe90, 0x5a919b842ea0, 0x5a919b84abc0, 0x5a919b84fe70) = 0 <0.000422>
[pid 346] 14:56:14.933419 <... EVP_PKEY_keygen resumed> ) = 1 <0.000941>
[pid 346] 14:56:14.934863 libssl.so.3->EVP_PKEY_decapsulate_init(0x5a919b8510b0, 0, 176, 0x5a919b8510b0) = 1 <0.000281>
[pid 346] 14:56:14.935192 libssl.so.3->EVP_PKEY_decapsulate(0x5a919b8510b0, 0, 0x7ffd1262a830, 0x5a919b8532ca) = 1 <0.000144>
[pid 346] 14:56:14.935388 libssl.so.3->EVP_PKEY_decapsulate(0x5a919b8510b0, 0x5a919b84faf0, 0x7ffd1262a830, 0x5a919b8532ca <unfinished ...>
[pid 346] 14:56:14.935533 oqsprovider.so->OQS_KEM_decaps(0x5a919b84fe90, 0x5a919b84faf0, 0x5a919b8532ca, 0x5a919b84abc0) = 0 <0.000164>
[pid 346] 14:56:14.935770 <... EVP_PKEY_decapsulate resumed> ) = 1 <0.000377>
[pid 346] 14:56:14.936561 libssl.so.3->X509_verify_cert(0x5a919b848410, 0, 0x8000, 0xffffffff) = 1 <0.000364>
[pid 346] 14:56:14.937113 libssl.so.3->EVP_DigestVerifyInit_ex(0x5a919b775810, 0x7ffd1262a8d8, 0, 0) = 1 <0.000166>
[pid 346] 14:56:14.937327 libssl.so.3->EVP_DigestVerify(0x5a919b775810, 0x5a919b853278, 2420, 0x7ffd1262a8e0) = 1 <0.000197>
[pid 346] 14:56:14.937826 libssl.so.3->X509_verify_cert(0x5a919b848410, 1, 1, 0) = 1 <0.000220>
[pid 346] 14:56:14.938340 libssl.so.3->EVP_DigestSignInit_ex(0x5a919b871140, 0x7ffd1262a8c0, 0, 0) = 1 <0.000195>
[pid 346] 14:56:14.938602 libssl.so.3->EVP_DigestSign(0x5a919b871140, 0, 0x7ffd1262a8d0, 0x7ffd1262a8e0) = 1 <0.001007>
[pid 346] 14:56:14.939682 libssl.so.3->EVP_DigestSign(0x5a919b871140, 0x5a919b852110, 0x7ffd1262a8d0, 0x7ffd1262a8e0) = 1 <0.000387>
[pid 346] 14:56:14.940385 <... SSL_connect resumed> ) = 1 <0.008698>
[pid 346] 14:56:14.940628 oqsprovider.so->OQS_KEM_free(0x5a919b84fe90, 0x5a919b84fe40, 2, 0x5a919b84fe60) = 4 <0.000222>
Handshake duration: 8.91 ms
[pid 346] 14:56:14.943262 +++ exited (status 0) +++
Execution 74 - TLS Mutual
s_connection: verify depth is 1
[pid 348] 14:56:15.001337 openssl->SSL_connect(0x653c55150530, 0x653c5512be50, 0x653c5512be50, 0x7ad41e6e8360 <unfinished ...>
[pid 348] 14:56:15.001802 libssl.so.3->EVP_PKEY_keygen_init(0x653c551590b0, 0, 176, 0x653c551590b0) = 1 <0.000158>
[pid 348] 14:56:15.002005 libssl.so.3->EVP_PKEY_keygen(0x653c551590b0, 0x7ffdfc8c7e50, 0, 103 <unfinished ...>
[pid 348] 14:56:15.002122 oqsprovider.so->OQS_KEM_new(0x653c55157450, 8, 0, 0x653c55157e70) = 0x653c55157e90 <0.000162>
[pid 348] 14:56:15.002362 oqsprovider.so->OQS_KEM_keypair(0x653c55157e90, 0x653c5514aea0, 0x653c55152bc0, 0x653c55157e70) = 0 <0.000384>
[pid 348] 14:56:15.002805 <... EVP_PKEY_keygen resumed> ) = 1 <0.000792>
[pid 348] 14:56:15.004165 libssl.so.3->EVP_PKEY_decapsulate_init(0x653c551590b0, 0, 176, 0x653c551590b0) = 1 <0.000293>
[pid 348] 14:56:15.004510 libssl.so.3->EVP_PKEY_decapsulate(0x653c551590b0, 0, 0x7ffdfc8c7e10, 0x653c5515b2ca) = 1 <0.000129>
[pid 348] 14:56:15.004690 libssl.so.3->EVP_PKEY_decapsulate(0x653c551590b0, 0x653c55157af0, 0x7ffdfc8c7e10, 0x653c5515b2ca <unfinished ...>
[pid 348] 14:56:15.004826 oqsprovider.so->OQS_KEM_decaps(0x653c55157e90, 0x653c55157af0, 0x653c5515b2ca, 0x653c55152bc0) = 0 <0.000167>
[pid 348] 14:56:15.005053 <... EVP_PKEY_decapsulate resumed> ) = 1 <0.000357>
[pid 348] 14:56:15.005823 libssl.so.3->X509_verify_cert(0x653c55150410, 0, 0x8000, 0xffffffff) = 1 <0.000335>
[pid 348] 14:56:15.006356 libssl.so.3->EVP_DigestVerifyInit_ex(0x653c5507d810, 0x7ffdfc8c7eb8, 0, 0) = 1 <0.000135>
[pid 348] 14:56:15.006546 libssl.so.3->EVP_DigestVerify(0x653c5507d810, 0x653c5515b278, 2420, 0x7ffdfc8c7ec0) = 1 <0.000196>
[pid 348] 14:56:15.006967 libssl.so.3->X509_verify_cert(0x653c55150410, 1, 1, 0) = 1 <0.000246>
[pid 348] 14:56:15.007474 libssl.so.3->EVP_DigestSignInit_ex(0x653c55179140, 0x7ffdfc8c7ea0, 0, 0) = 1 <0.000179>
[pid 348] 14:56:15.007713 libssl.so.3->EVP_DigestSign(0x653c55179140, 0, 0x7ffdfc8c7eb0, 0x7ffdfc8c7ec0) = 1 <0.000142>
[pid 348] 14:56:15.007882 libssl.so.3->EVP_DigestSign(0x653c55179140, 0x653c5515a110, 0x7ffdfc8c7eb0, 0x7ffdfc8c7ec0) = 1 <0.000247>
[pid 348] 14:56:15.008382 <... SSL_connect resumed> ) = 1 <0.007059>
[pid 348] 14:56:15.008603 oqsprovider.so->OQS_KEM_free(0x653c55157e90, 0x653c55157e40, 2, 0x653c55157e60) = 4 <0.000144>
Handshake duration: 7.24 ms
[pid 348] 14:56:15.010778 +++ exited (status 0) +++
Execution 75 - TLS Mutual
s_connection: verify depth is 1
[pid 350] 14:56:15.069071 openssl->SSL_connect(0x5cfa138f3530, 0x5cfa138cee50, 0x5cfa138cee50, 0x7a2c12a3f360 <unfinished ...>
[pid 350] 14:56:15.069597 libssl.so.3->EVP_PKEY_keygen_init(0x5cfa138fc0b0, 0, 176, 0x5cfa138fc0b0) = 1 <0.000220>
[pid 350] 14:56:15.069871 libssl.so.3->EVP_PKEY_keygen(0x5cfa138fc0b0, 0x7ffca0264080, 0, 103 <unfinished ...>
[pid 350] 14:56:15.070017 oqsprovider.so->OQS_KEM_new(0x5cfa138fa450, 8, 0, 0x5cfa138fae70) = 0x5cfa138fae90 <0.000129>
[pid 350] 14:56:15.070193 oqsprovider.so->OQS_KEM_keypair(0x5cfa138fae90, 0x5cfa138edea0, 0x5cfa138f5bc0, 0x5cfa138fae70) = 0 <0.000305>
[pid 350] 14:56:15.070574 <... EVP_PKEY_keygen resumed> ) = 1 <0.000693>
[pid 350] 14:56:15.072075 libssl.so.3->EVP_PKEY_decapsulate_init(0x5cfa138fc0b0, 0, 176, 0x5cfa138fc0b0) = 1 <0.000386>
[pid 350] 14:56:15.072517 libssl.so.3->EVP_PKEY_decapsulate(0x5cfa138fc0b0, 0, 0x7ffca0264040, 0x5cfa138fe2ca) = 1 <0.000150>
[pid 350] 14:56:15.072757 libssl.so.3->EVP_PKEY_decapsulate(0x5cfa138fc0b0, 0x5cfa138faaf0, 0x7ffca0264040, 0x5cfa138fe2ca <unfinished ...>
[pid 350] 14:56:15.072993 oqsprovider.so->OQS_KEM_decaps(0x5cfa138fae90, 0x5cfa138faaf0, 0x5cfa138fe2ca, 0x5cfa138f5bc0) = 0 <0.000186>
[pid 350] 14:56:15.073229 <... EVP_PKEY_decapsulate resumed> ) = 1 <0.000471>
[pid 350] 14:56:15.074138 libssl.so.3->X509_verify_cert(0x5cfa138f3410, 0, 0x8000, 0xffffffff) = 1 <0.000473>
[pid 350] 14:56:15.074953 libssl.so.3->EVP_DigestVerifyInit_ex(0x5cfa13820810, 0x7ffca02640e8, 0, 0) = 1 <0.000215>
[pid 350] 14:56:15.075247 libssl.so.3->EVP_DigestVerify(0x5cfa13820810, 0x5cfa138fe278, 2420, 0x7ffca02640f0) = 1 <0.000265>
[pid 350] 14:56:15.075816 libssl.so.3->X509_verify_cert(0x5cfa138f3410, 1, 1, 0) = 1 <0.000241>
[pid 350] 14:56:15.076298 libssl.so.3->EVP_DigestSignInit_ex(0x5cfa1391c140, 0x7ffca02640d0, 0, 0) = 1 <0.000139>
[pid 350] 14:56:15.076483 libssl.so.3->EVP_DigestSign(0x5cfa1391c140, 0, 0x7ffca02640e0, 0x7ffca02640f0) = 1 <0.000151>
[pid 350] 14:56:15.076687 libssl.so.3->EVP_DigestSign(0x5cfa1391c140, 0x5cfa138fd110, 0x7ffca02640e0, 0x7ffca02640f0) = 1 <0.000493>
[pid 350] 14:56:15.077462 <... SSL_connect resumed> ) = 1 <0.008399>
[pid 350] 14:56:15.077680 oqsprovider.so->OQS_KEM_free(0x5cfa138fae90, 0x5cfa138fae40, 2, 0x5cfa138fae60) = 4 <0.000166>
Handshake duration: 8.62 ms
[pid 350] 14:56:15.080029 +++ exited (status 0) +++
Execution 76 - TLS Mutual
s_connection: verify depth is 1
[pid 352] 14:56:15.136183 openssl->SSL_connect(0x647b888b6530, 0x647b88891e50, 0x647b88891e50, 0x78049f782360 <unfinished ...>
[pid 352] 14:56:15.136639 libssl.so.3->EVP_PKEY_keygen_init(0x647b888bf0b0, 0, 176, 0x647b888bf0b0) = 1 <0.000243>
[pid 352] 14:56:15.136960 libssl.so.3->EVP_PKEY_keygen(0x647b888bf0b0, 0x7ffd66522480, 0, 103 <unfinished ...>
[pid 352] 14:56:15.137124 oqsprovider.so->OQS_KEM_new(0x647b888bd450, 8, 0, 0x647b888bde70) = 0x647b888bde90 <0.000134>
[pid 352] 14:56:15.137329 oqsprovider.so->OQS_KEM_keypair(0x647b888bde90, 0x647b888b0ea0, 0x647b888b8bc0, 0x647b888bde70) = 0 <0.000329>
[pid 352] 14:56:15.137737 <... EVP_PKEY_keygen resumed> ) = 1 <0.000773>
[pid 352] 14:56:15.139126 libssl.so.3->EVP_PKEY_decapsulate_init(0x647b888bf0b0, 0, 176, 0x647b888bf0b0) = 1 <0.000304>
[pid 352] 14:56:15.139485 libssl.so.3->EVP_PKEY_decapsulate(0x647b888bf0b0, 0, 0x7ffd66522440, 0x647b888c12ca) = 1 <0.000130>
[pid 352] 14:56:15.139680 libssl.so.3->EVP_PKEY_decapsulate(0x647b888bf0b0, 0x647b888bdaf0, 0x7ffd66522440, 0x647b888c12ca <unfinished ...>
[pid 352] 14:56:15.139832 oqsprovider.so->OQS_KEM_decaps(0x647b888bde90, 0x647b888bdaf0, 0x647b888c12ca, 0x647b888b8bc0) = 0 <0.000172>
[pid 352] 14:56:15.140103 <... EVP_PKEY_decapsulate resumed> ) = 1 <0.000411>
[pid 352] 14:56:15.141013 libssl.so.3->X509_verify_cert(0x647b888b6410, 0, 0x8000, 0xffffffff) = 1 <0.000379>
[pid 352] 14:56:15.141589 libssl.so.3->EVP_DigestVerifyInit_ex(0x647b887e3810, 0x7ffd665224e8, 0, 0) = 1 <0.000202>
[pid 352] 14:56:15.141857 libssl.so.3->EVP_DigestVerify(0x647b887e3810, 0x647b888c1278, 2420, 0x7ffd665224f0) = 1 <0.000230>
[pid 352] 14:56:15.142312 libssl.so.3->X509_verify_cert(0x647b888b6410, 1, 1, 0) = 1 <0.000256>
[pid 352] 14:56:15.142850 libssl.so.3->EVP_DigestSignInit_ex(0x647b888df140, 0x7ffd665224d0, 0, 0) = 1 <0.000164>
[pid 352] 14:56:15.143079 libssl.so.3->EVP_DigestSign(0x647b888df140, 0, 0x7ffd665224e0, 0x7ffd665224f0) = 1 <0.000161>
[pid 352] 14:56:15.143288 libssl.so.3->EVP_DigestSign(0x647b888df140, 0x647b888c0110, 0x7ffd665224e0, 0x7ffd665224f0) = 1 <0.000347>
[pid 352] 14:56:15.143928 <... SSL_connect resumed> ) = 1 <0.007754>
[pid 352] 14:56:15.144168 oqsprovider.so->OQS_KEM_free(0x647b888bde90, 0x647b888bde40, 2, 0x647b888bde60) = 4 <0.000240>
Handshake duration: 7.93 ms
[pid 352] 14:56:15.146744 +++ exited (status 0) +++
Execution 77 - TLS Mutual
s_connection: verify depth is 1
[pid 354] 14:56:15.206924 openssl->SSL_connect(0x5e2a7737d530, 0x5e2a77358e50, 0x5e2a77358e50, 0x7b4a0ca15360 <unfinished ...>
[pid 354] 14:56:15.207451 libssl.so.3->EVP_PKEY_keygen_init(0x5e2a773860b0, 0, 176, 0x5e2a773860b0) = 1 <0.000205>
[pid 354] 14:56:15.207725 libssl.so.3->EVP_PKEY_keygen(0x5e2a773860b0, 0x7ffc0f30c8a0, 0, 103 <unfinished ...>
[pid 354] 14:56:15.207854 oqsprovider.so->OQS_KEM_new(0x5e2a77384450, 8, 0, 0x5e2a77384e70) = 0x5e2a77384e90 <0.000111>
[pid 354] 14:56:15.208018 oqsprovider.so->OQS_KEM_keypair(0x5e2a77384e90, 0x5e2a77377ea0, 0x5e2a7737fbc0, 0x5e2a77384e70) = 0 <0.000310>
[pid 354] 14:56:15.208381 <... EVP_PKEY_keygen resumed> ) = 1 <0.000651>
[pid 354] 14:56:15.209780 libssl.so.3->EVP_PKEY_decapsulate_init(0x5e2a773860b0, 0, 176, 0x5e2a773860b0) = 1 <0.000335>
[pid 354] 14:56:15.210159 libssl.so.3->EVP_PKEY_decapsulate(0x5e2a773860b0, 0, 0x7ffc0f30c860, 0x5e2a773882ca) = 1 <0.000147>
[pid 354] 14:56:15.210364 libssl.so.3->EVP_PKEY_decapsulate(0x5e2a773860b0, 0x5e2a77384af0, 0x7ffc0f30c860, 0x5e2a773882ca <unfinished ...>
[pid 354] 14:56:15.210511 oqsprovider.so->OQS_KEM_decaps(0x5e2a77384e90, 0x5e2a77384af0, 0x5e2a773882ca, 0x5e2a7737fbc0) = 0 <0.000174>
[pid 354] 14:56:15.210756 <... EVP_PKEY_decapsulate resumed> ) = 1 <0.000387>
[pid 354] 14:56:15.211525 libssl.so.3->X509_verify_cert(0x5e2a7737d410, 0, 0x8000, 0xffffffff) = 1 <0.000405>
[pid 354] 14:56:15.212129 libssl.so.3->EVP_DigestVerifyInit_ex(0x5e2a772aa810, 0x7ffc0f30c908, 0, 0) = 1 <0.000166>
[pid 354] 14:56:15.212358 libssl.so.3->EVP_DigestVerify(0x5e2a772aa810, 0x5e2a77388278, 2420, 0x7ffc0f30c910) = 1 <0.000217>
[pid 354] 14:56:15.212840 libssl.so.3->X509_verify_cert(0x5e2a7737d410, 1, 1, 0) = 1 <0.000224>
[pid 354] 14:56:15.213340 libssl.so.3->EVP_DigestSignInit_ex(0x5e2a773a6140, 0x7ffc0f30c8f0, 0, 0) = 1 <0.000145>
[pid 354] 14:56:15.213536 libssl.so.3->EVP_DigestSign(0x5e2a773a6140, 0, 0x7ffc0f30c900, 0x7ffc0f30c910) = 1 <0.000135>
[pid 354] 14:56:15.213725 libssl.so.3->EVP_DigestSign(0x5e2a773a6140, 0x5e2a77387110, 0x7ffc0f30c900, 0x7ffc0f30c910) = 1 <0.000244>
[pid 354] 14:56:15.214225 <... SSL_connect resumed> ) = 1 <0.007316>
[pid 354] 14:56:15.214445 oqsprovider.so->OQS_KEM_free(0x5e2a77384e90, 0x5e2a77384e40, 2, 0x5e2a77384e60) = 4 <0.000148>
Handshake duration: 7.51 ms
[pid 354] 14:56:15.216800 +++ exited (status 0) +++
Execution 78 - TLS Mutual
s_connection: verify depth is 1
[pid 356] 14:56:15.273464 openssl->SSL_connect(0x5dfddae5b530, 0x5dfddae36e50, 0x5dfddae36e50, 0x75374c21d360 <unfinished ...>
[pid 356] 14:56:15.273980 libssl.so.3->EVP_PKEY_keygen_init(0x5dfddae640b0, 0, 176, 0x5dfddae640b0) = 1 <0.000199>
[pid 356] 14:56:15.274232 libssl.so.3->EVP_PKEY_keygen(0x5dfddae640b0, 0x7ffddee8e200, 0, 103 <unfinished ...>
[pid 356] 14:56:15.274430 oqsprovider.so->OQS_KEM_new(0x5dfddae62450, 8, 0, 0x5dfddae62e70) = 0x5dfddae62e90 <0.000170>
[pid 356] 14:56:15.274644 oqsprovider.so->OQS_KEM_keypair(0x5dfddae62e90, 0x5dfddae55ea0, 0x5dfddae5dbc0, 0x5dfddae62e70) = 0 <0.000375>
[pid 356] 14:56:15.275092 <... EVP_PKEY_keygen resumed> ) = 1 <0.000854>
[pid 356] 14:56:15.276415 libssl.so.3->EVP_PKEY_decapsulate_init(0x5dfddae640b0, 0, 176, 0x5dfddae640b0) = 1 <0.000275>
[pid 356] 14:56:15.276757 libssl.so.3->EVP_PKEY_decapsulate(0x5dfddae640b0, 0, 0x7ffddee8e1c0, 0x5dfddae662ca) = 1 <0.000153>
[pid 356] 14:56:15.276992 libssl.so.3->EVP_PKEY_decapsulate(0x5dfddae640b0, 0x5dfddae62af0, 0x7ffddee8e1c0, 0x5dfddae662ca <unfinished ...>
[pid 356] 14:56:15.277168 oqsprovider.so->OQS_KEM_decaps(0x5dfddae62e90, 0x5dfddae62af0, 0x5dfddae662ca, 0x5dfddae5dbc0) = 0 <0.000178>
[pid 356] 14:56:15.277394 <... EVP_PKEY_decapsulate resumed> ) = 1 <0.000405>
[pid 356] 14:56:15.278106 libssl.so.3->X509_verify_cert(0x5dfddae5b410, 0, 0x8000, 0xffffffff) = 1 <0.000347>
[pid 356] 14:56:15.278644 libssl.so.3->EVP_DigestVerifyInit_ex(0x5dfddad88810, 0x7ffddee8e268, 0, 0) = 1 <0.000180>
[pid 356] 14:56:15.278876 libssl.so.3->EVP_DigestVerify(0x5dfddad88810, 0x5dfddae66278, 2420, 0x7ffddee8e270) = 1 <0.000186>
[pid 356] 14:56:15.279274 libssl.so.3->X509_verify_cert(0x5dfddae5b410, 1, 1, 0) = 1 <0.000193>
[pid 356] 14:56:15.279686 libssl.so.3->EVP_DigestSignInit_ex(0x5dfddae84140, 0x7ffddee8e250, 0, 0) = 1 <0.000169>
[pid 356] 14:56:15.279899 libssl.so.3->EVP_DigestSign(0x5dfddae84140, 0, 0x7ffddee8e260, 0x7ffddee8e270) = 1 <0.000152>
[pid 356] 14:56:15.280103 libssl.so.3->EVP_DigestSign(0x5dfddae84140, 0x5dfddae65110, 0x7ffddee8e260, 0x7ffddee8e270) = 1 <0.000290>
[pid 356] 14:56:15.280660 <... SSL_connect resumed> ) = 1 <0.007204>
[pid 356] 14:56:15.281110 oqsprovider.so->OQS_KEM_free(0x5dfddae62e90, 0x5dfddae62e40, 2, 0x5dfddae62e60) = 4 <0.000157>
Handshake duration: 7.48 ms
[pid 356] 14:56:15.283311 +++ exited (status 0) +++
Execution 79 - TLS Mutual
s_connection: verify depth is 1
[pid 358] 14:56:15.339199 openssl->SSL_connect(0x56f87b4e0530, 0x56f87b4bbe50, 0x56f87b4bbe50, 0x766bca539360 <unfinished ...>
[pid 358] 14:56:15.339698 libssl.so.3->EVP_PKEY_keygen_init(0x56f87b4e90b0, 0, 176, 0x56f87b4e90b0) = 1 <0.000241>
[pid 358] 14:56:15.340022 libssl.so.3->EVP_PKEY_keygen(0x56f87b4e90b0, 0x7ffde8d9f850, 0, 103 <unfinished ...>
[pid 358] 14:56:15.340194 oqsprovider.so->OQS_KEM_new(0x56f87b4e7450, 8, 0, 0x56f87b4e7e70) = 0x56f87b4e7e90 <0.000133>
[pid 358] 14:56:15.340379 oqsprovider.so->OQS_KEM_keypair(0x56f87b4e7e90, 0x56f87b4daea0, 0x56f87b4e2bc0, 0x56f87b4e7e70) = 0 <0.000386>
[pid 358] 14:56:15.340828 <... EVP_PKEY_keygen resumed> ) = 1 <0.000801>
[pid 358] 14:56:15.342293 libssl.so.3->EVP_PKEY_decapsulate_init(0x56f87b4e90b0, 0, 176, 0x56f87b4e90b0) = 1 <0.000341>
[pid 358] 14:56:15.342685 libssl.so.3->EVP_PKEY_decapsulate(0x56f87b4e90b0, 0, 0x7ffde8d9f810, 0x56f87b4eb2ca) = 1 <0.000186>
[pid 358] 14:56:15.342926 libssl.so.3->EVP_PKEY_decapsulate(0x56f87b4e90b0, 0x56f87b4e7af0, 0x7ffde8d9f810, 0x56f87b4eb2ca <unfinished ...>
[pid 358] 14:56:15.343067 oqsprovider.so->OQS_KEM_decaps(0x56f87b4e7e90, 0x56f87b4e7af0, 0x56f87b4eb2ca, 0x56f87b4e2bc0) = 0 <0.000147>
[pid 358] 14:56:15.343281 <... EVP_PKEY_decapsulate resumed> ) = 1 <0.000348>
[pid 358] 14:56:15.344042 libssl.so.3->X509_verify_cert(0x56f87b4e0410, 0, 0x8000, 0xffffffff) = 1 <0.000376>
[pid 358] 14:56:15.344609 libssl.so.3->EVP_DigestVerifyInit_ex(0x56f87b40d810, 0x7ffde8d9f8b8, 0, 0) = 1 <0.000160>
[pid 358] 14:56:15.344823 libssl.so.3->EVP_DigestVerify(0x56f87b40d810, 0x56f87b4eb278, 2420, 0x7ffde8d9f8c0) = 1 <0.000154>
[pid 358] 14:56:15.345199 libssl.so.3->X509_verify_cert(0x56f87b4e0410, 1, 1, 0) = 1 <0.000236>
[pid 358] 14:56:15.345921 libssl.so.3->EVP_DigestSignInit_ex(0x56f87b509140, 0x7ffde8d9f8a0, 0, 0) = 1 <0.000181>
[pid 358] 14:56:15.346142 libssl.so.3->EVP_DigestSign(0x56f87b509140, 0, 0x7ffde8d9f8b0, 0x7ffde8d9f8c0) = 1 <0.000121>
[pid 358] 14:56:15.346307 libssl.so.3->EVP_DigestSign(0x56f87b509140, 0x56f87b4ea110, 0x7ffde8d9f8b0, 0x7ffde8d9f8c0) = 1 <0.000314>
[pid 358] 14:56:15.346925 <... SSL_connect resumed> ) = 1 <0.007725>
[pid 358] 14:56:15.347217 oqsprovider.so->OQS_KEM_free(0x56f87b4e7e90, 0x56f87b4e7e40, 2, 0x56f87b4e7e60) = 4 <0.000201>
Handshake duration: 7.96 ms
[pid 358] 14:56:15.349437 +++ exited (status 0) +++
Execution 80 - TLS Mutual
s_connection: verify depth is 1
[pid 360] 14:56:15.403600 openssl->SSL_connect(0x5f0edf57c530, 0x5f0edf557e50, 0x5f0edf557e50, 0x77d9fe61f360 <unfinished ...>
[pid 360] 14:56:15.404028 libssl.so.3->EVP_PKEY_keygen_init(0x5f0edf5850b0, 0, 176, 0x5f0edf5850b0) = 1 <0.000164>
[pid 360] 14:56:15.404257 libssl.so.3->EVP_PKEY_keygen(0x5f0edf5850b0, 0x7ffc386239e0, 0, 103 <unfinished ...>
[pid 360] 14:56:15.404389 oqsprovider.so->OQS_KEM_new(0x5f0edf583450, 8, 0, 0x5f0edf583e70) = 0x5f0edf583e90 <0.000138>
[pid 360] 14:56:15.404575 oqsprovider.so->OQS_KEM_keypair(0x5f0edf583e90, 0x5f0edf576ea0, 0x5f0edf57ebc0, 0x5f0edf583e70) = 0 <0.000318>
[pid 360] 14:56:15.404953 <... EVP_PKEY_keygen resumed> ) = 1 <0.000691>
[pid 360] 14:56:15.406313 libssl.so.3->EVP_PKEY_decapsulate_init(0x5f0edf5850b0, 0, 176, 0x5f0edf5850b0) = 1 <0.000271>
[pid 360] 14:56:15.406636 libssl.so.3->EVP_PKEY_decapsulate(0x5f0edf5850b0, 0, 0x7ffc386239a0, 0x5f0edf5872ca) = 1 <0.000165>
[pid 360] 14:56:15.406841 libssl.so.3->EVP_PKEY_decapsulate(0x5f0edf5850b0, 0x5f0edf583af0, 0x7ffc386239a0, 0x5f0edf5872ca <unfinished ...>
[pid 360] 14:56:15.406980 oqsprovider.so->OQS_KEM_decaps(0x5f0edf583e90, 0x5f0edf583af0, 0x5f0edf5872ca, 0x5f0edf57ebc0) = 0 <0.000170>
[pid 360] 14:56:15.407201 <... EVP_PKEY_decapsulate resumed> ) = 1 <0.000355>
[pid 360] 14:56:15.408059 libssl.so.3->X509_verify_cert(0x5f0edf57c410, 0, 0x8000, 0xffffffff) = 1 <0.000338>
[pid 360] 14:56:15.408593 libssl.so.3->EVP_DigestVerifyInit_ex(0x5f0edf4a9810, 0x7ffc38623a48, 0, 0) = 1 <0.000159>
[pid 360] 14:56:15.408797 libssl.so.3->EVP_DigestVerify(0x5f0edf4a9810, 0x5f0edf587278, 2420, 0x7ffc38623a50) = 1 <0.000177>
[pid 360] 14:56:15.409207 libssl.so.3->X509_verify_cert(0x5f0edf57c410, 1, 1, 0) = 1 <0.000216>
[pid 360] 14:56:15.409672 libssl.so.3->EVP_DigestSignInit_ex(0x5f0edf5a5140, 0x7ffc38623a30, 0, 0) = 1 <0.000144>
[pid 360] 14:56:15.409863 libssl.so.3->EVP_DigestSign(0x5f0edf5a5140, 0, 0x7ffc38623a40, 0x7ffc38623a50) = 1 <0.000117>
[pid 360] 14:56:15.410034 libssl.so.3->EVP_DigestSign(0x5f0edf5a5140, 0x5f0edf586110, 0x7ffc38623a40, 0x7ffc38623a50) = 1 <0.000341>
[pid 360] 14:56:15.410684 <... SSL_connect resumed> ) = 1 <0.007089>
[pid 360] 14:56:15.411019 oqsprovider.so->OQS_KEM_free(0x5f0edf583e90, 0x5f0edf583e40, 2, 0x5f0edf583e60) = 4 <0.000168>
Handshake duration: 7.37 ms
[pid 360] 14:56:15.413047 +++ exited (status 0) +++
Execution 81 - TLS Mutual
s_connection: verify depth is 1
[pid 362] 14:56:15.467684 openssl->SSL_connect(0x61c19e7df530, 0x61c19e7bae50, 0x61c19e7bae50, 0x7bed2b488360 <unfinished ...>
[pid 362] 14:56:15.468098 libssl.so.3->EVP_PKEY_keygen_init(0x61c19e7e80b0, 0, 176, 0x61c19e7e80b0) = 1 <0.000134>
[pid 362] 14:56:15.468283 libssl.so.3->EVP_PKEY_keygen(0x61c19e7e80b0, 0x7ffc7f207a70, 0, 103 <unfinished ...>
[pid 362] 14:56:15.468407 oqsprovider.so->OQS_KEM_new(0x61c19e7e6450, 8, 0, 0x61c19e7e6e70) = 0x61c19e7e6e90 <0.000128>
[pid 362] 14:56:15.468625 oqsprovider.so->OQS_KEM_keypair(0x61c19e7e6e90, 0x61c19e7d9ea0, 0x61c19e7e1bc0, 0x61c19e7e6e70) = 0 <0.000362>
[pid 362] 14:56:15.469041 <... EVP_PKEY_keygen resumed> ) = 1 <0.000752>
[pid 362] 14:56:15.470587 libssl.so.3->EVP_PKEY_decapsulate_init(0x61c19e7e80b0, 0, 176, 0x61c19e7e80b0) = 1 <0.000391>
[pid 362] 14:56:15.471075 libssl.so.3->EVP_PKEY_decapsulate(0x61c19e7e80b0, 0, 0x7ffc7f207a30, 0x61c19e7ea2ca) = 1 <0.000189>
[pid 362] 14:56:15.471325 libssl.so.3->EVP_PKEY_decapsulate(0x61c19e7e80b0, 0x61c19e7e6af0, 0x7ffc7f207a30, 0x61c19e7ea2ca <unfinished ...>
[pid 362] 14:56:15.471501 oqsprovider.so->OQS_KEM_decaps(0x61c19e7e6e90, 0x61c19e7e6af0, 0x61c19e7ea2ca, 0x61c19e7e1bc0) = 0 <0.000201>
[pid 362] 14:56:15.471793 <... EVP_PKEY_decapsulate resumed> ) = 1 <0.000461>
[pid 362] 14:56:15.472556 libssl.so.3->X509_verify_cert(0x61c19e7df410, 0, 0x8000, 0xffffffff) = 1 <0.000431>
[pid 362] 14:56:15.473327 libssl.so.3->EVP_DigestVerifyInit_ex(0x61c19e70c810, 0x7ffc7f207ad8, 0, 0) = 1 <0.000171>
[pid 362] 14:56:15.473563 libssl.so.3->EVP_DigestVerify(0x61c19e70c810, 0x61c19e7ea278, 2420, 0x7ffc7f207ae0) = 1 <0.000248>
[pid 362] 14:56:15.474046 libssl.so.3->X509_verify_cert(0x61c19e7df410, 1, 1, 0) = 1 <0.000215>
[pid 362] 14:56:15.474591 libssl.so.3->EVP_DigestSignInit_ex(0x61c19e808140, 0x7ffc7f207ac0, 0, 0) = 1 <0.000161>
[pid 362] 14:56:15.474803 libssl.so.3->EVP_DigestSign(0x61c19e808140, 0, 0x7ffc7f207ad0, 0x7ffc7f207ae0) = 1 <0.000121>
[pid 362] 14:56:15.474962 libssl.so.3->EVP_DigestSign(0x61c19e808140, 0x61c19e7e9110, 0x7ffc7f207ad0, 0x7ffc7f207ae0) = 1 <0.000263>
[pid 362] 14:56:15.475537 <... SSL_connect resumed> ) = 1 <0.007858>
[pid 362] 14:56:15.475854 oqsprovider.so->OQS_KEM_free(0x61c19e7e6e90, 0x61c19e7e6e40, 2, 0x61c19e7e6e60) = 4 <0.000119>
Handshake duration: 8.04 ms
[pid 362] 14:56:15.478350 +++ exited (status 0) +++
Execution 82 - TLS Mutual
s_connection: verify depth is 1
[pid 364] 14:56:15.537048 openssl->SSL_connect(0x5a852fcf5530, 0x5a852fcd0e50, 0x5a852fcd0e50, 0x7395bab75360 <unfinished ...>
[pid 364] 14:56:15.537477 libssl.so.3->EVP_PKEY_keygen_init(0x5a852fcfe0b0, 0, 176, 0x5a852fcfe0b0) = 1 <0.000154>
[pid 364] 14:56:15.537683 libssl.so.3->EVP_PKEY_keygen(0x5a852fcfe0b0, 0x7fff0994a6f0, 0, 103 <unfinished ...>
[pid 364] 14:56:15.537862 oqsprovider.so->OQS_KEM_new(0x5a852fcfc450, 8, 0, 0x5a852fcfce70) = 0x5a852fcfce90 <0.000126>
[pid 364] 14:56:15.538036 oqsprovider.so->OQS_KEM_keypair(0x5a852fcfce90, 0x5a852fcefea0, 0x5a852fcf7bc0, 0x5a852fcfce70) = 0 <0.000341>
[pid 364] 14:56:15.538439 <... EVP_PKEY_keygen resumed> ) = 1 <0.000752>
[pid 364] 14:56:15.540029 libssl.so.3->EVP_PKEY_decapsulate_init(0x5a852fcfe0b0, 0, 176, 0x5a852fcfe0b0) = 1 <0.000254>
[pid 364] 14:56:15.540329 libssl.so.3->EVP_PKEY_decapsulate(0x5a852fcfe0b0, 0, 0x7fff0994a6b0, 0x5a852fd002ca) = 1 <0.000177>
[pid 364] 14:56:15.540599 libssl.so.3->EVP_PKEY_decapsulate(0x5a852fcfe0b0, 0x5a852fcfcaf0, 0x7fff0994a6b0, 0x5a852fd002ca <unfinished ...>
[pid 364] 14:56:15.540739 oqsprovider.so->OQS_KEM_decaps(0x5a852fcfce90, 0x5a852fcfcaf0, 0x5a852fd002ca, 0x5a852fcf7bc0) = 0 <0.000140>
[pid 364] 14:56:15.540942 <... EVP_PKEY_decapsulate resumed> ) = 1 <0.000316>
[pid 364] 14:56:15.541764 libssl.so.3->X509_verify_cert(0x5a852fcf5410, 0, 0x8000, 0xffffffff) = 1 <0.000367>
[pid 364] 14:56:15.542367 libssl.so.3->EVP_DigestVerifyInit_ex(0x5a852fc22810, 0x7fff0994a758, 0, 0) = 1 <0.000202>
[pid 364] 14:56:15.542639 libssl.so.3->EVP_DigestVerify(0x5a852fc22810, 0x5a852fd00278, 2420, 0x7fff0994a760) = 1 <0.000244>
[pid 364] 14:56:15.543122 libssl.so.3->X509_verify_cert(0x5a852fcf5410, 1, 1, 0) = 1 <0.000224>
[pid 364] 14:56:15.543548 libssl.so.3->EVP_DigestSignInit_ex(0x5a852fd1e140, 0x7fff0994a740, 0, 0) = 1 <0.000191>
[pid 364] 14:56:15.543804 libssl.so.3->EVP_DigestSign(0x5a852fd1e140, 0, 0x7fff0994a750, 0x7fff0994a760) = 1 <0.000183>
[pid 364] 14:56:15.544033 libssl.so.3->EVP_DigestSign(0x5a852fd1e140, 0x5a852fcff110, 0x7fff0994a750, 0x7fff0994a760) = 1 <0.000294>
[pid 364] 14:56:15.544653 <... SSL_connect resumed> ) = 1 <0.007612>
[pid 364] 14:56:15.545008 oqsprovider.so->OQS_KEM_free(0x5a852fcfce90, 0x5a852fcfce40, 2, 0x5a852fcfce60) = 4 <0.000178>
Handshake duration: 7.94 ms
[pid 364] 14:56:15.547570 +++ exited (status 0) +++
Execution 83 - TLS Mutual
s_connection: verify depth is 1
[pid 366] 14:56:15.604832 openssl->SSL_connect(0x61bd6c290530, 0x61bd6c26be50, 0x61bd6c26be50, 0x7f987ebfb360 <unfinished ...>
[pid 366] 14:56:15.605293 libssl.so.3->EVP_PKEY_keygen_init(0x61bd6c2990b0, 0, 176, 0x61bd6c2990b0) = 1 <0.000162>
[pid 366] 14:56:15.605546 libssl.so.3->EVP_PKEY_keygen(0x61bd6c2990b0, 0x7ffc245511b0, 0, 103 <unfinished ...>
[pid 366] 14:56:15.605854 oqsprovider.so->OQS_KEM_new(0x61bd6c297450, 8, 0, 0x61bd6c297e70) = 0x61bd6c297e90 <0.000144>
[pid 366] 14:56:15.606086 oqsprovider.so->OQS_KEM_keypair(0x61bd6c297e90, 0x61bd6c28aea0, 0x61bd6c292bc0, 0x61bd6c297e70) = 0 <0.000599>
[pid 366] 14:56:15.606796 <... EVP_PKEY_keygen resumed> ) = 1 <0.001245>
[pid 366] 14:56:15.608299 libssl.so.3->EVP_PKEY_decapsulate_init(0x61bd6c2990b0, 0, 176, 0x61bd6c2990b0) = 1 <0.000325>
[pid 366] 14:56:15.608668 libssl.so.3->EVP_PKEY_decapsulate(0x61bd6c2990b0, 0, 0x7ffc24551170, 0x61bd6c29b2ca) = 1 <0.000163>
[pid 366] 14:56:15.608883 libssl.so.3->EVP_PKEY_decapsulate(0x61bd6c2990b0, 0x61bd6c297af0, 0x7ffc24551170, 0x61bd6c29b2ca <unfinished ...>
[pid 366] 14:56:15.609025 oqsprovider.so->OQS_KEM_decaps(0x61bd6c297e90, 0x61bd6c297af0, 0x61bd6c29b2ca, 0x61bd6c292bc0) = 0 <0.000175>
[pid 366] 14:56:15.609262 <... EVP_PKEY_decapsulate resumed> ) = 1 <0.000372>
[pid 366] 14:56:15.610069 libssl.so.3->X509_verify_cert(0x61bd6c290410, 0, 0x8000, 0xffffffff) = 1 <0.000361>
[pid 366] 14:56:15.610650 libssl.so.3->EVP_DigestVerifyInit_ex(0x61bd6c1bd810, 0x7ffc24551218, 0, 0) = 1 <0.000159>
[pid 366] 14:56:15.610857 libssl.so.3->EVP_DigestVerify(0x61bd6c1bd810, 0x61bd6c29b278, 2420, 0x7ffc24551220) = 1 <0.000192>
[pid 366] 14:56:15.611263 libssl.so.3->X509_verify_cert(0x61bd6c290410, 1, 1, 0) = 1 <0.000200>
[pid 366] 14:56:15.611712 libssl.so.3->EVP_DigestSignInit_ex(0x61bd6c2b9140, 0x7ffc24551200, 0, 0) = 1 <0.000153>
[pid 366] 14:56:15.612024 libssl.so.3->EVP_DigestSign(0x61bd6c2b9140, 0, 0x7ffc24551210, 0x7ffc24551220) = 1 <0.000153>
[pid 366] 14:56:15.612224 libssl.so.3->EVP_DigestSign(0x61bd6c2b9140, 0x61bd6c29a110, 0x7ffc24551210, 0x7ffc24551220) = 1 <0.000305>
[pid 366] 14:56:15.612822 <... SSL_connect resumed> ) = 1 <0.008001>
[pid 366] 14:56:15.613049 oqsprovider.so->OQS_KEM_free(0x61bd6c297e90, 0x61bd6c297e40, 2, 0x61bd6c297e60) = 4 <0.000178>
Handshake duration: 8.22 ms
[pid 366] 14:56:15.615466 +++ exited (status 0) +++
Execution 84 - TLS Mutual
s_connection: verify depth is 1
[pid 368] 14:56:15.673798 openssl->SSL_connect(0x612c63db8530, 0x612c63d93e50, 0x612c63d93e50, 0x733a6bfd4360 <unfinished ...>
[pid 368] 14:56:15.674388 libssl.so.3->EVP_PKEY_keygen_init(0x612c63dc10b0, 0, 176, 0x612c63dc10b0) = 1 <0.000208>
[pid 368] 14:56:15.674654 libssl.so.3->EVP_PKEY_keygen(0x612c63dc10b0, 0x7ffe04faac90, 0, 103 <unfinished ...>
[pid 368] 14:56:15.674824 oqsprovider.so->OQS_KEM_new(0x612c63dbf450, 8, 0, 0x612c63dbfe70) = 0x612c63dbfe90 <0.000128>
[pid 368] 14:56:15.675124 oqsprovider.so->OQS_KEM_keypair(0x612c63dbfe90, 0x612c63db2ea0, 0x612c63dbabc0, 0x612c63dbfe70) = 0 <0.000432>
[pid 368] 14:56:15.675638 <... EVP_PKEY_keygen resumed> ) = 1 <0.000977>
[pid 368] 14:56:15.677241 libssl.so.3->EVP_PKEY_decapsulate_init(0x612c63dc10b0, 0, 176, 0x612c63dc10b0) = 1 <0.000306>
[pid 368] 14:56:15.677612 libssl.so.3->EVP_PKEY_decapsulate(0x612c63dc10b0, 0, 0x7ffe04faac50, 0x612c63dc32ca) = 1 <0.000158>
[pid 368] 14:56:15.677819 libssl.so.3->EVP_PKEY_decapsulate(0x612c63dc10b0, 0x612c63dbfaf0, 0x7ffe04faac50, 0x612c63dc32ca <unfinished ...>
[pid 368] 14:56:15.677980 oqsprovider.so->OQS_KEM_decaps(0x612c63dbfe90, 0x612c63dbfaf0, 0x612c63dc32ca, 0x612c63dbabc0) = 0 <0.000182>
[pid 368] 14:56:15.678212 <... EVP_PKEY_decapsulate resumed> ) = 1 <0.000390>
[pid 368] 14:56:15.679076 libssl.so.3->X509_verify_cert(0x612c63db8410, 0, 0x8000, 0xffffffff) = 1 <0.000419>
[pid 368] 14:56:15.679757 libssl.so.3->EVP_DigestVerifyInit_ex(0x612c63ce5810, 0x7ffe04faacf8, 0, 0) = 1 <0.000173>
[pid 368] 14:56:15.679982 libssl.so.3->EVP_DigestVerify(0x612c63ce5810, 0x612c63dc3278, 2420, 0x7ffe04faad00) = 1 <0.000214>
[pid 368] 14:56:15.680474 libssl.so.3->X509_verify_cert(0x612c63db8410, 1, 1, 0) = 1 <0.000302>
[pid 368] 14:56:15.681065 libssl.so.3->EVP_DigestSignInit_ex(0x612c63de1140, 0x7ffe04faace0, 0, 0) = 1 <0.000177>
[pid 368] 14:56:15.681288 libssl.so.3->EVP_DigestSign(0x612c63de1140, 0, 0x7ffe04faacf0, 0x7ffe04faad00) = 1 <0.000144>
[pid 368] 14:56:15.681483 libssl.so.3->EVP_DigestSign(0x612c63de1140, 0x612c63dc2110, 0x7ffe04faacf0, 0x7ffe04faad00) = 1 <0.000378>
[pid 368] 14:56:15.682149 <... SSL_connect resumed> ) = 1 <0.008362>
[pid 368] 14:56:15.682395 oqsprovider.so->OQS_KEM_free(0x612c63dbfe90, 0x612c63dbfe40, 2, 0x612c63dbfe60) = 4 <0.000146>
Handshake duration: 8.61 ms
[pid 368] 14:56:15.685571 +++ exited (status 0) +++
Execution 85 - TLS Mutual
s_connection: verify depth is 1
[pid 370] 14:56:15.744249 openssl->SSL_connect(0x561083e40530, 0x561083e1be50, 0x561083e1be50, 0x798eaca6c360 <unfinished ...>
[pid 370] 14:56:15.744809 libssl.so.3->EVP_PKEY_keygen_init(0x561083e490b0, 0, 176, 0x561083e490b0) = 1 <0.000237>
[pid 370] 14:56:15.745117 libssl.so.3->EVP_PKEY_keygen(0x561083e490b0, 0x7ffc2a3258e0, 0, 103 <unfinished ...>
[pid 370] 14:56:15.745326 oqsprovider.so->OQS_KEM_new(0x561083e47450, 8, 0, 0x561083e47e70) = 0x561083e47e90 <0.000166>
[pid 370] 14:56:15.745555 oqsprovider.so->OQS_KEM_keypair(0x561083e47e90, 0x561083e3aea0, 0x561083e42bc0, 0x561083e47e70) = 0 <0.000396>
[pid 370] 14:56:15.746013 <... EVP_PKEY_keygen resumed> ) = 1 <0.000888>
[pid 370] 14:56:15.747473 libssl.so.3->EVP_PKEY_decapsulate_init(0x561083e490b0, 0, 176, 0x561083e490b0) = 1 <0.000306>
[pid 370] 14:56:15.747866 libssl.so.3->EVP_PKEY_decapsulate(0x561083e490b0, 0, 0x7ffc2a3258a0, 0x561083e4b2ca) = 1 <0.000206>
[pid 370] 14:56:15.748117 libssl.so.3->EVP_PKEY_decapsulate(0x561083e490b0, 0x561083e47af0, 0x7ffc2a3258a0, 0x561083e4b2ca <unfinished ...>
[pid 370] 14:56:15.748265 oqsprovider.so->OQS_KEM_decaps(0x561083e47e90, 0x561083e47af0, 0x561083e4b2ca, 0x561083e42bc0) = 0 <0.000164>
[pid 370] 14:56:15.748481 <... EVP_PKEY_decapsulate resumed> ) = 1 <0.000357>
[pid 370] 14:56:15.749286 libssl.so.3->X509_verify_cert(0x561083e40410, 0, 0x8000, 0xffffffff) = 1 <0.000370>
[pid 370] 14:56:15.749870 libssl.so.3->EVP_DigestVerifyInit_ex(0x561083d6d810, 0x7ffc2a325948, 0, 0) = 1 <0.000143>
[pid 370] 14:56:15.750058 libssl.so.3->EVP_DigestVerify(0x561083d6d810, 0x561083e4b278, 2420, 0x7ffc2a325950) = 1 <0.000151>
[pid 370] 14:56:15.750425 libssl.so.3->X509_verify_cert(0x561083e40410, 1, 1, 0) = 1 <0.000254>
[pid 370] 14:56:15.750975 libssl.so.3->EVP_DigestSignInit_ex(0x561083e69140, 0x7ffc2a325930, 0, 0) = 1 <0.000190>
[pid 370] 14:56:15.751215 libssl.so.3->EVP_DigestSign(0x561083e69140, 0, 0x7ffc2a325940, 0x7ffc2a325950) = 1 <0.000135>
[pid 370] 14:56:15.751413 libssl.so.3->EVP_DigestSign(0x561083e69140, 0x561083e4a110, 0x7ffc2a325940, 0x7ffc2a325950) = 1 <0.000416>
[pid 370] 14:56:15.752084 <... SSL_connect resumed> ) = 1 <0.007843>
[pid 370] 14:56:15.752367 oqsprovider.so->OQS_KEM_free(0x561083e47e90, 0x561083e47e40, 2, 0x561083e47e60) = 4 <0.000133>
Handshake duration: 8.04 ms
[pid 370] 14:56:15.755144 +++ exited (status 0) +++
Execution 86 - TLS Mutual
s_connection: verify depth is 1
[pid 372] 14:56:15.813557 openssl->SSL_connect(0x56e9545d8530, 0x56e9545b3e50, 0x56e9545b3e50, 0x71241a7c9360 <unfinished ...>
[pid 372] 14:56:15.814032 libssl.so.3->EVP_PKEY_keygen_init(0x56e9545e10b0, 0, 176, 0x56e9545e10b0) = 1 <0.000168>
[pid 372] 14:56:15.814251 libssl.so.3->EVP_PKEY_keygen(0x56e9545e10b0, 0x7ffcac30d930, 0, 103 <unfinished ...>
[pid 372] 14:56:15.814393 oqsprovider.so->OQS_KEM_new(0x56e9545df450, 8, 0, 0x56e9545dfe70) = 0x56e9545dfe90 <0.000164>
[pid 372] 14:56:15.814613 oqsprovider.so->OQS_KEM_keypair(0x56e9545dfe90, 0x56e9545d2ea0, 0x56e9545dabc0, 0x56e9545dfe70) = 0 <0.000355>
[pid 372] 14:56:15.815031 <... EVP_PKEY_keygen resumed> ) = 1 <0.000773>
[pid 372] 14:56:15.816417 libssl.so.3->EVP_PKEY_decapsulate_init(0x56e9545e10b0, 0, 176, 0x56e9545e10b0) = 1 <0.000315>
[pid 372] 14:56:15.816775 libssl.so.3->EVP_PKEY_decapsulate(0x56e9545e10b0, 0, 0x7ffcac30d8f0, 0x56e9545e32ca) = 1 <0.000122>
[pid 372] 14:56:15.816942 libssl.so.3->EVP_PKEY_decapsulate(0x56e9545e10b0, 0x56e9545dfaf0, 0x7ffcac30d8f0, 0x56e9545e32ca <unfinished ...>
[pid 372] 14:56:15.817059 oqsprovider.so->OQS_KEM_decaps(0x56e9545dfe90, 0x56e9545dfaf0, 0x56e9545e32ca, 0x56e9545dabc0) = 0 <0.000150>
[pid 372] 14:56:15.817256 <... EVP_PKEY_decapsulate resumed> ) = 1 <0.000309>
[pid 372] 14:56:15.817980 libssl.so.3->X509_verify_cert(0x56e9545d8410, 0, 0x8000, 0xffffffff) = 1 <0.000307>
[pid 372] 14:56:15.818455 libssl.so.3->EVP_DigestVerifyInit_ex(0x56e954505810, 0x7ffcac30d998, 0, 0) = 1 <0.000112>
[pid 372] 14:56:15.818616 libssl.so.3->EVP_DigestVerify(0x56e954505810, 0x56e9545e3278, 2420, 0x7ffcac30d9a0) = 1 <0.000180>
[pid 372] 14:56:15.819006 libssl.so.3->X509_verify_cert(0x56e9545d8410, 1, 1, 0) = 1 <0.000189>
[pid 372] 14:56:15.819406 libssl.so.3->EVP_DigestSignInit_ex(0x56e954601140, 0x7ffcac30d980, 0, 0) = 1 <0.000128>
[pid 372] 14:56:15.819583 libssl.so.3->EVP_DigestSign(0x56e954601140, 0, 0x7ffcac30d990, 0x7ffcac30d9a0) = 1 <0.000124>
[pid 372] 14:56:15.819765 libssl.so.3->EVP_DigestSign(0x56e954601140, 0x56e9545e2110, 0x7ffcac30d990, 0x7ffcac30d9a0) = 1 <0.000267>
[pid 372] 14:56:15.820304 <... SSL_connect resumed> ) = 1 <0.006755>
[pid 372] 14:56:15.820514 oqsprovider.so->OQS_KEM_free(0x56e9545dfe90, 0x56e9545dfe40, 2, 0x56e9545dfe60) = 4 <0.000130>
Handshake duration: 6.92 ms
[pid 372] 14:56:15.822601 +++ exited (status 0) +++
Execution 87 - TLS Mutual
s_connection: verify depth is 1
[pid 374] 14:56:15.880543 openssl->SSL_connect(0x5af3b5748530, 0x5af3b5723e50, 0x5af3b5723e50, 0x758776247360 <unfinished ...>
[pid 374] 14:56:15.881143 libssl.so.3->EVP_PKEY_keygen_init(0x5af3b57510b0, 0, 176, 0x5af3b57510b0) = 1 <0.000138>
[pid 374] 14:56:15.881330 libssl.so.3->EVP_PKEY_keygen(0x5af3b57510b0, 0x7ffd9b265f50, 0, 103 <unfinished ...>
[pid 374] 14:56:15.881493 oqsprovider.so->OQS_KEM_new(0x5af3b574f450, 8, 0, 0x5af3b574fe70) = 0x5af3b574fe90 <0.000110>
[pid 374] 14:56:15.881652 oqsprovider.so->OQS_KEM_keypair(0x5af3b574fe90, 0x5af3b5742ea0, 0x5af3b574abc0, 0x5af3b574fe70) = 0 <0.000345>
[pid 374] 14:56:15.882051 <... EVP_PKEY_keygen resumed> ) = 1 <0.000715>
[pid 374] 14:56:15.883584 libssl.so.3->EVP_PKEY_decapsulate_init(0x5af3b57510b0, 0, 176, 0x5af3b57510b0) = 1 <0.000366>
[pid 374] 14:56:15.884005 libssl.so.3->EVP_PKEY_decapsulate(0x5af3b57510b0, 0, 0x7ffd9b265f10, 0x5af3b57532ca) = 1 <0.000285>
[pid 374] 14:56:15.884376 libssl.so.3->EVP_PKEY_decapsulate(0x5af3b57510b0, 0x5af3b574faf0, 0x7ffd9b265f10, 0x5af3b57532ca <unfinished ...>
[pid 374] 14:56:15.884517 oqsprovider.so->OQS_KEM_decaps(0x5af3b574fe90, 0x5af3b574faf0, 0x5af3b57532ca, 0x5af3b574abc0) = 0 <0.000161>
[pid 374] 14:56:15.884735 <... EVP_PKEY_decapsulate resumed> ) = 1 <0.000355>
[pid 374] 14:56:15.885491 libssl.so.3->X509_verify_cert(0x5af3b5748410, 0, 0x8000, 0xffffffff) = 1 <0.000376>
[pid 374] 14:56:15.886061 libssl.so.3->EVP_DigestVerifyInit_ex(0x5af3b5675810, 0x7ffd9b265fb8, 0, 0) = 1 <0.000148>
[pid 374] 14:56:15.886259 libssl.so.3->EVP_DigestVerify(0x5af3b5675810, 0x5af3b5753278, 2420, 0x7ffd9b265fc0) = 1 <0.000154>
[pid 374] 14:56:15.886650 libssl.so.3->X509_verify_cert(0x5af3b5748410, 1, 1, 0) = 1 <0.000225>
[pid 374] 14:56:15.887111 libssl.so.3->EVP_DigestSignInit_ex(0x5af3b5771140, 0x7ffd9b265fa0, 0, 0) = 1 <0.000219>
[pid 374] 14:56:15.887397 libssl.so.3->EVP_DigestSign(0x5af3b5771140, 0, 0x7ffd9b265fb0, 0x7ffd9b265fc0) = 1 <0.000154>
[pid 374] 14:56:15.887598 libssl.so.3->EVP_DigestSign(0x5af3b5771140, 0x5af3b5752110, 0x7ffd9b265fb0, 0x7ffd9b265fc0) = 1 <0.000290>
[pid 374] 14:56:15.888136 <... SSL_connect resumed> ) = 1 <0.007600>
[pid 374] 14:56:15.888379 oqsprovider.so->OQS_KEM_free(0x5af3b574fe90, 0x5af3b574fe40, 2, 0x5af3b574fe60) = 4 <0.000145>
Handshake duration: 7.82 ms
[pid 374] 14:56:15.890796 +++ exited (status 0) +++
Execution 88 - TLS Mutual
s_connection: verify depth is 1
[pid 376] 14:56:15.948153 openssl->SSL_connect(0x57e04c7d0530, 0x57e04c7abe50, 0x57e04c7abe50, 0x7bc57f5c1360 <unfinished ...>
[pid 376] 14:56:15.948599 libssl.so.3->EVP_PKEY_keygen_init(0x57e04c7d90b0, 0, 176, 0x57e04c7d90b0) = 1 <0.000179>
[pid 376] 14:56:15.948827 libssl.so.3->EVP_PKEY_keygen(0x57e04c7d90b0, 0x7ffe2b17d2e0, 0, 103 <unfinished ...>
[pid 376] 14:56:15.948969 oqsprovider.so->OQS_KEM_new(0x57e04c7d7450, 8, 0, 0x57e04c7d7e70) = 0x57e04c7d7e90 <0.000124>
[pid 376] 14:56:15.949147 oqsprovider.so->OQS_KEM_keypair(0x57e04c7d7e90, 0x57e04c7caea0, 0x57e04c7d2bc0, 0x57e04c7d7e70) = 0 <0.000331>
[pid 376] 14:56:15.949555 <... EVP_PKEY_keygen resumed> ) = 1 <0.000723>
[pid 376] 14:56:15.950998 libssl.so.3->EVP_PKEY_decapsulate_init(0x57e04c7d90b0, 0, 176, 0x57e04c7d90b0) = 1 <0.000270>
[pid 376] 14:56:15.951316 libssl.so.3->EVP_PKEY_decapsulate(0x57e04c7d90b0, 0, 0x7ffe2b17d2a0, 0x57e04c7db2ca) = 1 <0.000146>
[pid 376] 14:56:15.951557 libssl.so.3->EVP_PKEY_decapsulate(0x57e04c7d90b0, 0x57e04c7d7af0, 0x7ffe2b17d2a0, 0x57e04c7db2ca <unfinished ...>
[pid 376] 14:56:15.951752 oqsprovider.so->OQS_KEM_decaps(0x57e04c7d7e90, 0x57e04c7d7af0, 0x57e04c7db2ca, 0x57e04c7d2bc0) = 0 <0.000166>
[pid 376] 14:56:15.951976 <... EVP_PKEY_decapsulate resumed> ) = 1 <0.000414>
[pid 376] 14:56:15.952757 libssl.so.3->X509_verify_cert(0x57e04c7d0410, 0, 0x8000, 0xffffffff) = 1 <0.000351>
[pid 376] 14:56:15.953308 libssl.so.3->EVP_DigestVerifyInit_ex(0x57e04c6fd810, 0x7ffe2b17d348, 0, 0) = 1 <0.000158>
[pid 376] 14:56:15.953517 libssl.so.3->EVP_DigestVerify(0x57e04c6fd810, 0x57e04c7db278, 2420, 0x7ffe2b17d350) = 1 <0.000176>
[pid 376] 14:56:15.953941 libssl.so.3->X509_verify_cert(0x57e04c7d0410, 1, 1, 0) = 1 <0.000204>
[pid 376] 14:56:15.954377 libssl.so.3->EVP_DigestSignInit_ex(0x57e04c7f9140, 0x7ffe2b17d330, 0, 0) = 1 <0.000155>
[pid 376] 14:56:15.954583 libssl.so.3->EVP_DigestSign(0x57e04c7f9140, 0, 0x7ffe2b17d340, 0x7ffe2b17d350) = 1 <0.000155>
[pid 376] 14:56:15.954784 libssl.so.3->EVP_DigestSign(0x57e04c7f9140, 0x57e04c7da110, 0x7ffe2b17d340, 0x7ffe2b17d350) = 1 <0.000260>
[pid 376] 14:56:15.955303 <... SSL_connect resumed> ) = 1 <0.007162>
[pid 376] 14:56:15.955501 oqsprovider.so->OQS_KEM_free(0x57e04c7d7e90, 0x57e04c7d7e40, 2, 0x57e04c7d7e60) = 4 <0.000124>
Handshake duration: 7.33 ms
[pid 376] 14:56:15.957526 +++ exited (status 0) +++
Execution 89 - TLS Mutual
s_connection: verify depth is 1
[pid 378] 14:56:16.026498 openssl->SSL_connect(0x5703e9ff5530, 0x5703e9fd0e50, 0x5703e9fd0e50, 0x7d0224218360 <unfinished ...>
[pid 378] 14:56:16.026993 libssl.so.3->EVP_PKEY_keygen_init(0x5703e9ffe0b0, 0, 176, 0x5703e9ffe0b0) = 1 <0.000167>
[pid 378] 14:56:16.027211 libssl.so.3->EVP_PKEY_keygen(0x5703e9ffe0b0, 0x7ffedc50ba30, 0, 103 <unfinished ...>
[pid 378] 14:56:16.027344 oqsprovider.so->OQS_KEM_new(0x5703e9ffc450, 8, 0, 0x5703e9ffce70) = 0x5703e9ffce90 <0.000125>
[pid 378] 14:56:16.027527 oqsprovider.so->OQS_KEM_keypair(0x5703e9ffce90, 0x5703e9fefea0, 0x5703e9ff7bc0, 0x5703e9ffce70) = 0 <0.000372>
[pid 378] 14:56:16.028001 <... EVP_PKEY_keygen resumed> ) = 1 <0.000782>
[pid 378] 14:56:16.029462 libssl.so.3->EVP_PKEY_decapsulate_init(0x5703e9ffe0b0, 0, 176, 0x5703e9ffe0b0) = 1 <0.000401>
[pid 378] 14:56:16.029944 libssl.so.3->EVP_PKEY_decapsulate(0x5703e9ffe0b0, 0, 0x7ffedc50b9f0, 0x5703ea0002ca) = 1 <0.000143>
[pid 378] 14:56:16.030146 libssl.so.3->EVP_PKEY_decapsulate(0x5703e9ffe0b0, 0x5703e9ffcaf0, 0x7ffedc50b9f0, 0x5703ea0002ca <unfinished ...>
[pid 378] 14:56:16.030272 oqsprovider.so->OQS_KEM_decaps(0x5703e9ffce90, 0x5703e9ffcaf0, 0x5703ea0002ca, 0x5703e9ff7bc0) = 0 <0.000171>
[pid 378] 14:56:16.030510 <... EVP_PKEY_decapsulate resumed> ) = 1 <0.000356>
[pid 378] 14:56:16.031360 libssl.so.3->X509_verify_cert(0x5703e9ff5410, 0, 0x8000, 0xffffffff) = 1 <0.000420>
[pid 378] 14:56:16.032014 libssl.so.3->EVP_DigestVerifyInit_ex(0x5703e9f22810, 0x7ffedc50ba98, 0, 0) = 1 <0.000159>
[pid 378] 14:56:16.032234 libssl.so.3->EVP_DigestVerify(0x5703e9f22810, 0x5703ea000278, 2420, 0x7ffedc50baa0) = 1 <0.000210>
[pid 378] 14:56:16.032692 libssl.so.3->X509_verify_cert(0x5703e9ff5410, 1, 1, 0) = 1 <0.000248>
[pid 378] 14:56:16.033196 libssl.so.3->EVP_DigestSignInit_ex(0x5703ea01e140, 0x7ffedc50ba80, 0, 0) = 1 <0.000139>
[pid 378] 14:56:16.033380 libssl.so.3->EVP_DigestSign(0x5703ea01e140, 0, 0x7ffedc50ba90, 0x7ffedc50baa0) = 1 <0.000123>
[pid 378] 14:56:16.033555 libssl.so.3->EVP_DigestSign(0x5703ea01e140, 0x5703e9fff110, 0x7ffedc50ba90, 0x7ffedc50baa0) = 1 <0.000330>
[pid 378] 14:56:16.034184 <... SSL_connect resumed> ) = 1 <0.007691>
[pid 378] 14:56:16.034434 oqsprovider.so->OQS_KEM_free(0x5703e9ffce90, 0x5703e9ffce40, 2, 0x5703e9ffce60) = 4 <0.000135>
Handshake duration: 7.90 ms
[pid 378] 14:56:16.036853 +++ exited (status 0) +++
Execution 90 - TLS Mutual
s_connection: verify depth is 1
[pid 380] 14:56:16.094204 openssl->SSL_connect(0x6424895c6530, 0x6424895a1e50, 0x6424895a1e50, 0x79acc487d360 <unfinished ...>
[pid 380] 14:56:16.094755 libssl.so.3->EVP_PKEY_keygen_init(0x6424895cf0b0, 0, 176, 0x6424895cf0b0) = 1 <0.000216>
[pid 380] 14:56:16.095058 libssl.so.3->EVP_PKEY_keygen(0x6424895cf0b0, 0x7ffe24058c40, 0, 103 <unfinished ...>
[pid 380] 14:56:16.095250 oqsprovider.so->OQS_KEM_new(0x6424895cd450, 8, 0, 0x6424895cde70) = 0x6424895cde90 <0.000158>
[pid 380] 14:56:16.095453 oqsprovider.so->OQS_KEM_keypair(0x6424895cde90, 0x6424895c0ea0, 0x6424895c8bc0, 0x6424895cde70) = 0 <0.000362>
[pid 380] 14:56:16.095876 <... EVP_PKEY_keygen resumed> ) = 1 <0.000814>
[pid 380] 14:56:16.097293 libssl.so.3->EVP_PKEY_decapsulate_init(0x6424895cf0b0, 0, 176, 0x6424895cf0b0) = 1 <0.000276>
[pid 380] 14:56:16.097617 libssl.so.3->EVP_PKEY_decapsulate(0x6424895cf0b0, 0, 0x7ffe24058c00, 0x6424895d12ca) = 1 <0.000158>
[pid 380] 14:56:16.097831 libssl.so.3->EVP_PKEY_decapsulate(0x6424895cf0b0, 0x6424895cdaf0, 0x7ffe24058c00, 0x6424895d12ca <unfinished ...>
[pid 380] 14:56:16.098020 oqsprovider.so->OQS_KEM_decaps(0x6424895cde90, 0x6424895cdaf0, 0x6424895d12ca, 0x6424895c8bc0) = 0 <0.000180>
[pid 380] 14:56:16.098251 <... EVP_PKEY_decapsulate resumed> ) = 1 <0.000416>
[pid 380] 14:56:16.099007 libssl.so.3->X509_verify_cert(0x6424895c6410, 0, 0x8000, 0xffffffff) = 1 <0.000382>
[pid 380] 14:56:16.099668 libssl.so.3->EVP_DigestVerifyInit_ex(0x6424894f3810, 0x7ffe24058ca8, 0, 0) = 1 <0.000205>
[pid 380] 14:56:16.099924 libssl.so.3->EVP_DigestVerify(0x6424894f3810, 0x6424895d1278, 2420, 0x7ffe24058cb0) = 1 <0.000189>
[pid 380] 14:56:16.100347 libssl.so.3->X509_verify_cert(0x6424895c6410, 1, 1, 0) = 1 <0.000198>
[pid 380] 14:56:16.100934 libssl.so.3->EVP_DigestSignInit_ex(0x6424895ef140, 0x7ffe24058c90, 0, 0) = 1 <0.000239>
[pid 380] 14:56:16.101235 libssl.so.3->EVP_DigestSign(0x6424895ef140, 0, 0x7ffe24058ca0, 0x7ffe24058cb0) = 1 <0.000196>
[pid 380] 14:56:16.101521 libssl.so.3->EVP_DigestSign(0x6424895ef140, 0x6424895d0110, 0x7ffe24058ca0, 0x7ffe24058cb0) = 1 <0.000403>
[pid 380] 14:56:16.102237 <... SSL_connect resumed> ) = 1 <0.008039>
[pid 380] 14:56:16.102516 oqsprovider.so->OQS_KEM_free(0x6424895cde90, 0x6424895cde40, 2, 0x6424895cde60) = 4 <0.000233>
Handshake duration: 8.30 ms
[pid 380] 14:56:16.104947 +++ exited (status 0) +++
Execution 91 - TLS Mutual
s_connection: verify depth is 1
[pid 382] 14:56:16.162138 openssl->SSL_connect(0x5c047eb07530, 0x5c047eae2e50, 0x5c047eae2e50, 0x7a83cf773360 <unfinished ...>
[pid 382] 14:56:16.162663 libssl.so.3->EVP_PKEY_keygen_init(0x5c047eb100b0, 0, 176, 0x5c047eb100b0) = 1 <0.000236>
[pid 382] 14:56:16.162993 libssl.so.3->EVP_PKEY_keygen(0x5c047eb100b0, 0x7ffe993303c0, 0, 103 <unfinished ...>
[pid 382] 14:56:16.163183 oqsprovider.so->OQS_KEM_new(0x5c047eb0e450, 8, 0, 0x5c047eb0ee70) = 0x5c047eb0ee90 <0.000197>
[pid 382] 14:56:16.163461 oqsprovider.so->OQS_KEM_keypair(0x5c047eb0ee90, 0x5c047eb01ea0, 0x5c047eb09bc0, 0x5c047eb0ee70) = 0 <0.000418>
[pid 382] 14:56:16.163959 <... EVP_PKEY_keygen resumed> ) = 1 <0.000960>
[pid 382] 14:56:16.165587 libssl.so.3->EVP_PKEY_decapsulate_init(0x5c047eb100b0, 0, 176, 0x5c047eb100b0) = 1 <0.000407>
[pid 382] 14:56:16.166059 libssl.so.3->EVP_PKEY_decapsulate(0x5c047eb100b0, 0, 0x7ffe99330380, 0x5c047eb122ca) = 1 <0.000185>
[pid 382] 14:56:16.166306 libssl.so.3->EVP_PKEY_decapsulate(0x5c047eb100b0, 0x5c047eb0eaf0, 0x7ffe99330380, 0x5c047eb122ca <unfinished ...>
[pid 382] 14:56:16.166482 oqsprovider.so->OQS_KEM_decaps(0x5c047eb0ee90, 0x5c047eb0eaf0, 0x5c047eb122ca, 0x5c047eb09bc0) = 0 <0.000262>
[pid 382] 14:56:16.166819 <... EVP_PKEY_decapsulate resumed> ) = 1 <0.000505>
[pid 382] 14:56:16.167716 libssl.so.3->X509_verify_cert(0x5c047eb07410, 0, 0x8000, 0xffffffff) = 1 <0.000438>
[pid 382] 14:56:16.168352 libssl.so.3->EVP_DigestVerifyInit_ex(0x5c047ea34810, 0x7ffe99330428, 0, 0) = 1 <0.000201>
[pid 382] 14:56:16.168622 libssl.so.3->EVP_DigestVerify(0x5c047ea34810, 0x5c047eb12278, 2420, 0x7ffe99330430) = 1 <0.000243>
[pid 382] 14:56:16.169173 libssl.so.3->X509_verify_cert(0x5c047eb07410, 1, 1, 0) = 1 <0.000298>
[pid 382] 14:56:16.169760 libssl.so.3->EVP_DigestSignInit_ex(0x5c047eb30140, 0x7ffe99330410, 0, 0) = 1 <0.000196>
[pid 382] 14:56:16.170013 libssl.so.3->EVP_DigestSign(0x5c047eb30140, 0, 0x7ffe99330420, 0x7ffe99330430) = 1 <0.000151>
[pid 382] 14:56:16.170219 libssl.so.3->EVP_DigestSign(0x5c047eb30140, 0x5c047eb11110, 0x7ffe99330420, 0x7ffe99330430) = 1 <0.000371>
[pid 382] 14:56:16.170928 <... SSL_connect resumed> ) = 1 <0.008793>
[pid 382] 14:56:16.171313 oqsprovider.so->OQS_KEM_free(0x5c047eb0ee90, 0x5c047eb0ee40, 2, 0x5c047eb0ee60) = 4 <0.000155>
Handshake duration: 9.10 ms
[pid 382] 14:56:16.173560 +++ exited (status 0) +++
Execution 92 - TLS Mutual
s_connection: verify depth is 1
[pid 384] 14:56:16.231773 openssl->SSL_connect(0x5e3b6608e530, 0x5e3b66069e50, 0x5e3b66069e50, 0x730008715360 <unfinished ...>
[pid 384] 14:56:16.232184 libssl.so.3->EVP_PKEY_keygen_init(0x5e3b660970b0, 0, 176, 0x5e3b660970b0) = 1 <0.000136>
[pid 384] 14:56:16.232361 libssl.so.3->EVP_PKEY_keygen(0x5e3b660970b0, 0x7ffeeca902c0, 0, 103 <unfinished ...>
[pid 384] 14:56:16.232488 oqsprovider.so->OQS_KEM_new(0x5e3b66095450, 8, 0, 0x5e3b66095e70) = 0x5e3b66095e90 <0.000117>
[pid 384] 14:56:16.232655 oqsprovider.so->OQS_KEM_keypair(0x5e3b66095e90, 0x5e3b66088ea0, 0x5e3b66090bc0, 0x5e3b66095e70) = 0 <0.000315>
[pid 384] 14:56:16.233024 <... EVP_PKEY_keygen resumed> ) = 1 <0.000654>
[pid 384] 14:56:16.234403 libssl.so.3->EVP_PKEY_decapsulate_init(0x5e3b660970b0, 0, 176, 0x5e3b660970b0) = 1 <0.000252>
[pid 384] 14:56:16.234720 libssl.so.3->EVP_PKEY_decapsulate(0x5e3b660970b0, 0, 0x7ffeeca90280, 0x5e3b660992ca) = 1 <0.000167>
[pid 384] 14:56:16.234936 libssl.so.3->EVP_PKEY_decapsulate(0x5e3b660970b0, 0x5e3b66095af0, 0x7ffeeca90280, 0x5e3b660992ca <unfinished ...>
[pid 384] 14:56:16.235074 oqsprovider.so->OQS_KEM_decaps(0x5e3b66095e90, 0x5e3b66095af0, 0x5e3b660992ca, 0x5e3b66090bc0) = 0 <0.000151>
[pid 384] 14:56:16.235267 <... EVP_PKEY_decapsulate resumed> ) = 1 <0.000326>
[pid 384] 14:56:16.235955 libssl.so.3->X509_verify_cert(0x5e3b6608e410, 0, 0x8000, 0xffffffff) = 1 <0.000320>
[pid 384] 14:56:16.236446 libssl.so.3->EVP_DigestVerifyInit_ex(0x5e3b65fbb810, 0x7ffeeca90328, 0, 0) = 1 <0.000131>
[pid 384] 14:56:16.236625 libssl.so.3->EVP_DigestVerify(0x5e3b65fbb810, 0x5e3b66099278, 2420, 0x7ffeeca90330) = 1 <0.000173>
[pid 384] 14:56:16.237040 libssl.so.3->X509_verify_cert(0x5e3b6608e410, 1, 1, 0) = 1 <0.000246>
[pid 384] 14:56:16.237552 libssl.so.3->EVP_DigestSignInit_ex(0x5e3b660b7140, 0x7ffeeca90310, 0, 0) = 1 <0.000154>
[pid 384] 14:56:16.237777 libssl.so.3->EVP_DigestSign(0x5e3b660b7140, 0, 0x7ffeeca90320, 0x7ffeeca90330) = 1 <0.000149>
[pid 384] 14:56:16.237967 libssl.so.3->EVP_DigestSign(0x5e3b660b7140, 0x5e3b66098110, 0x7ffeeca90320, 0x7ffeeca90330) = 1 <0.000326>
[pid 384] 14:56:16.238612 <... SSL_connect resumed> ) = 1 <0.006841>
[pid 384] 14:56:16.238837 oqsprovider.so->OQS_KEM_free(0x5e3b66095e90, 0x5e3b66095e40, 2, 0x5e3b66095e60) = 4 <0.000131>
Handshake duration: 7.05 ms
[pid 384] 14:56:16.241110 +++ exited (status 0) +++
Execution 93 - TLS Mutual
s_connection: verify depth is 1
[pid 386] 14:56:16.307900 openssl->SSL_connect(0x64772ad6c530, 0x64772ad47e50, 0x64772ad47e50, 0x7d97acea7360 <unfinished ...>
[pid 386] 14:56:16.308424 libssl.so.3->EVP_PKEY_keygen_init(0x64772ad750b0, 0, 176, 0x64772ad750b0) = 1 <0.000179>
[pid 386] 14:56:16.308686 libssl.so.3->EVP_PKEY_keygen(0x64772ad750b0, 0x7ffc3acdbc10, 0, 103 <unfinished ...>
[pid 386] 14:56:16.308917 oqsprovider.so->OQS_KEM_new(0x64772ad73450, 8, 0, 0x64772ad73e70) = 0x64772ad73e90 <0.000184>
[pid 386] 14:56:16.309149 oqsprovider.so->OQS_KEM_keypair(0x64772ad73e90, 0x64772ad66ea0, 0x64772ad6ebc0, 0x64772ad73e70) = 0 <0.000337>
[pid 386] 14:56:16.309542 <... EVP_PKEY_keygen resumed> ) = 1 <0.000848>
[pid 386] 14:56:16.311047 libssl.so.3->EVP_PKEY_decapsulate_init(0x64772ad750b0, 0, 176, 0x64772ad750b0) = 1 <0.000349>
[pid 386] 14:56:16.311453 libssl.so.3->EVP_PKEY_decapsulate(0x64772ad750b0, 0, 0x7ffc3acdbbd0, 0x64772ad772ca) = 1 <0.000140>
[pid 386] 14:56:16.311644 libssl.so.3->EVP_PKEY_decapsulate(0x64772ad750b0, 0x64772ad73af0, 0x7ffc3acdbbd0, 0x64772ad772ca <unfinished ...>
[pid 386] 14:56:16.311784 oqsprovider.so->OQS_KEM_decaps(0x64772ad73e90, 0x64772ad73af0, 0x64772ad772ca, 0x64772ad6ebc0) = 0 <0.000170>
[pid 386] 14:56:16.312003 <... EVP_PKEY_decapsulate resumed> ) = 1 <0.000357>
[pid 386] 14:56:16.312908 libssl.so.3->X509_verify_cert(0x64772ad6c410, 0, 0x8000, 0xffffffff) = 1 <0.000406>
[pid 386] 14:56:16.313547 libssl.so.3->EVP_DigestVerifyInit_ex(0x64772ac99810, 0x7ffc3acdbc78, 0, 0) = 1 <0.000163>
[pid 386] 14:56:16.313775 libssl.so.3->EVP_DigestVerify(0x64772ac99810, 0x64772ad77278, 2420, 0x7ffc3acdbc80) = 1 <0.000206>
[pid 386] 14:56:16.314228 libssl.so.3->X509_verify_cert(0x64772ad6c410, 1, 1, 0) = 1 <0.000215>
[pid 386] 14:56:16.314783 libssl.so.3->EVP_DigestSignInit_ex(0x64772ad95140, 0x7ffc3acdbc60, 0, 0) = 1 <0.000159>
[pid 386] 14:56:16.314997 libssl.so.3->EVP_DigestSign(0x64772ad95140, 0, 0x7ffc3acdbc70, 0x7ffc3acdbc80) = 1 <0.000144>
[pid 386] 14:56:16.315191 libssl.so.3->EVP_DigestSign(0x64772ad95140, 0x64772ad76110, 0x7ffc3acdbc70, 0x7ffc3acdbc80) = 1 <0.000314>
[pid 386] 14:56:16.315834 <... SSL_connect resumed> ) = 1 <0.007951>
[pid 386] 14:56:16.316075 oqsprovider.so->OQS_KEM_free(0x64772ad73e90, 0x64772ad73e40, 2, 0x64772ad73e60) = 4 <0.000145>
Handshake duration: 8.17 ms
[pid 386] 14:56:16.319029 +++ exited (status 0) +++
Execution 94 - TLS Mutual
s_connection: verify depth is 1
[pid 388] 14:56:16.378127 openssl->SSL_connect(0x5bc16accc530, 0x5bc16aca7e50, 0x5bc16aca7e50, 0x7330a0ed2360 <unfinished ...>
[pid 388] 14:56:16.378552 libssl.so.3->EVP_PKEY_keygen_init(0x5bc16acd50b0, 0, 176, 0x5bc16acd50b0) = 1 <0.000138>
[pid 388] 14:56:16.378796 libssl.so.3->EVP_PKEY_keygen(0x5bc16acd50b0, 0x7ffc686ab920, 0, 103 <unfinished ...>
[pid 388] 14:56:16.378960 oqsprovider.so->OQS_KEM_new(0x5bc16acd3450, 8, 0, 0x5bc16acd3e70) = 0x5bc16acd3e90 <0.000205>
[pid 388] 14:56:16.379224 oqsprovider.so->OQS_KEM_keypair(0x5bc16acd3e90, 0x5bc16acc6ea0, 0x5bc16accebc0, 0x5bc16acd3e70) = 0 <0.000404>
[pid 388] 14:56:16.379683 <... EVP_PKEY_keygen resumed> ) = 1 <0.000882>
[pid 388] 14:56:16.381523 libssl.so.3->EVP_PKEY_decapsulate_init(0x5bc16acd50b0, 0, 176, 0x5bc16acd50b0) = 1 <0.000426>
[pid 388] 14:56:16.382025 libssl.so.3->EVP_PKEY_decapsulate(0x5bc16acd50b0, 0, 0x7ffc686ab8e0, 0x5bc16acd72ca) = 1 <0.000183>
[pid 388] 14:56:16.382267 libssl.so.3->EVP_PKEY_decapsulate(0x5bc16acd50b0, 0x5bc16acd3af0, 0x7ffc686ab8e0, 0x5bc16acd72ca <unfinished ...>
[pid 388] 14:56:16.382434 oqsprovider.so->OQS_KEM_decaps(0x5bc16acd3e90, 0x5bc16acd3af0, 0x5bc16acd72ca, 0x5bc16accebc0) = 0 <0.000162>
[pid 388] 14:56:16.382646 <... EVP_PKEY_decapsulate resumed> ) = 1 <0.000373>
[pid 388] 14:56:16.383676 libssl.so.3->X509_verify_cert(0x5bc16accc410, 0, 0x8000, 0xffffffff) = 1 <0.000374>
[pid 388] 14:56:16.384272 libssl.so.3->EVP_DigestVerifyInit_ex(0x5bc16abf9810, 0x7ffc686ab988, 0, 0) = 1 <0.000213>
[pid 388] 14:56:16.384536 libssl.so.3->EVP_DigestVerify(0x5bc16abf9810, 0x5bc16acd7278, 2420, 0x7ffc686ab990) = 1 <0.000186>
[pid 388] 14:56:16.384979 libssl.so.3->X509_verify_cert(0x5bc16accc410, 1, 1, 0) = 1 <0.000215>
[pid 388] 14:56:16.385490 libssl.so.3->EVP_DigestSignInit_ex(0x5bc16acf5140, 0x7ffc686ab970, 0, 0) = 1 <0.000154>
[pid 388] 14:56:16.385690 libssl.so.3->EVP_DigestSign(0x5bc16acf5140, 0, 0x7ffc686ab980, 0x7ffc686ab990) = 1 <0.000124>
[pid 388] 14:56:16.385855 libssl.so.3->EVP_DigestSign(0x5bc16acf5140, 0x5bc16acd6110, 0x7ffc686ab980, 0x7ffc686ab990) = 1 <0.000245>
[pid 388] 14:56:16.386370 <... SSL_connect resumed> ) = 1 <0.008257>
[pid 388] 14:56:16.386618 oqsprovider.so->OQS_KEM_free(0x5bc16acd3e90, 0x5bc16acd3e40, 2, 0x5bc16acd3e60) = 4 <0.000142>
Handshake duration: 8.47 ms
[pid 388] 14:56:16.388820 +++ exited (status 0) +++
Execution 95 - TLS Mutual
s_connection: verify depth is 1
[pid 390] 14:56:16.450225 openssl->SSL_connect(0x57e7a566b530, 0x57e7a5646e50, 0x57e7a5646e50, 0x7a28798d9360 <unfinished ...>
[pid 390] 14:56:16.450769 libssl.so.3->EVP_PKEY_keygen_init(0x57e7a56740b0, 0, 176, 0x57e7a56740b0) = 1 <0.000224>
[pid 390] 14:56:16.451080 libssl.so.3->EVP_PKEY_keygen(0x57e7a56740b0, 0x7ffe923da280, 0, 103 <unfinished ...>
[pid 390] 14:56:16.451301 oqsprovider.so->OQS_KEM_new(0x57e7a5672450, 8, 0, 0x57e7a5672e70) = 0x57e7a5672e90 <0.000217>
[pid 390] 14:56:16.451598 oqsprovider.so->OQS_KEM_keypair(0x57e7a5672e90, 0x57e7a5665ea0, 0x57e7a566dbc0, 0x57e7a5672e70) = 0 <0.000679>
[pid 390] 14:56:16.452362 <... EVP_PKEY_keygen resumed> ) = 1 <0.001275>
[pid 390] 14:56:16.454040 libssl.so.3->EVP_PKEY_decapsulate_init(0x57e7a56740b0, 0, 176, 0x57e7a56740b0) = 1 <0.000442>
[pid 390] 14:56:16.454554 libssl.so.3->EVP_PKEY_decapsulate(0x57e7a56740b0, 0, 0x7ffe923da240, 0x57e7a56762ca) = 1 <0.000191>
[pid 390] 14:56:16.454815 libssl.so.3->EVP_PKEY_decapsulate(0x57e7a56740b0, 0x57e7a5672af0, 0x7ffe923da240, 0x57e7a56762ca <unfinished ...>
[pid 390] 14:56:16.454941 oqsprovider.so->OQS_KEM_decaps(0x57e7a5672e90, 0x57e7a5672af0, 0x57e7a56762ca, 0x57e7a566dbc0) = 0 <0.000173>
[pid 390] 14:56:16.455168 <... EVP_PKEY_decapsulate resumed> ) = 1 <0.000344>
[pid 390] 14:56:16.456164 libssl.so.3->X509_verify_cert(0x57e7a566b410, 0, 0x8000, 0xffffffff) = 1 <0.000475>
[pid 390] 14:56:16.456884 libssl.so.3->EVP_DigestVerifyInit_ex(0x57e7a5598810, 0x7ffe923da2e8, 0, 0) = 1 <0.000148>
[pid 390] 14:56:16.457084 libssl.so.3->EVP_DigestVerify(0x57e7a5598810, 0x57e7a5676278, 2420, 0x7ffe923da2f0) = 1 <0.000210>
[pid 390] 14:56:16.457662 libssl.so.3->X509_verify_cert(0x57e7a566b410, 1, 1, 0) = 1 <0.000276>
[pid 390] 14:56:16.458273 libssl.so.3->EVP_DigestSignInit_ex(0x57e7a5694140, 0x7ffe923da2d0, 0, 0) = 1 <0.000155>
[pid 390] 14:56:16.458473 libssl.so.3->EVP_DigestSign(0x57e7a5694140, 0, 0x7ffe923da2e0, 0x7ffe923da2f0) = 1 <0.000123>
[pid 390] 14:56:16.458693 libssl.so.3->EVP_DigestSign(0x57e7a5694140, 0x57e7a5675110, 0x7ffe923da2e0, 0x7ffe923da2f0) = 1 <0.000394>
[pid 390] 14:56:16.459515 <... SSL_connect resumed> ) = 1 <0.009273>
[pid 390] 14:56:16.459825 oqsprovider.so->OQS_KEM_free(0x57e7a5672e90, 0x57e7a5672e40, 2, 0x57e7a5672e60) = 4 <0.000207>
Handshake duration: 9.55 ms
[pid 390] 14:56:16.462857 +++ exited (status 0) +++
Execution 96 - TLS Mutual
s_connection: verify depth is 1
[pid 392] 14:56:16.523004 openssl->SSL_connect(0x55898732e530, 0x558987309e50, 0x558987309e50, 0x7880a38cc360 <unfinished ...>
[pid 392] 14:56:16.523465 libssl.so.3->EVP_PKEY_keygen_init(0x5589873370b0, 0, 176, 0x5589873370b0) = 1 <0.000139>
[pid 392] 14:56:16.523659 libssl.so.3->EVP_PKEY_keygen(0x5589873370b0, 0x7ffe3f3085d0, 0, 103 <unfinished ...>
[pid 392] 14:56:16.523798 oqsprovider.so->OQS_KEM_new(0x558987335450, 8, 0, 0x558987335e70) = 0x558987335e90 <0.000127>
[pid 392] 14:56:16.523973 oqsprovider.so->OQS_KEM_keypair(0x558987335e90, 0x558987328ea0, 0x558987330bc0, 0x558987335e70) = 0 <0.000330>
[pid 392] 14:56:16.524361 <... EVP_PKEY_keygen resumed> ) = 1 <0.000696>
[pid 392] 14:56:16.526046 libssl.so.3->EVP_PKEY_decapsulate_init(0x5589873370b0, 0, 176, 0x5589873370b0) = 1 <0.000373>
[pid 392] 14:56:16.526515 libssl.so.3->EVP_PKEY_decapsulate(0x5589873370b0, 0, 0x7ffe3f308590, 0x5589873392ca) = 1 <0.000183>
[pid 392] 14:56:16.526783 libssl.so.3->EVP_PKEY_decapsulate(0x5589873370b0, 0x558987335af0, 0x7ffe3f308590, 0x5589873392ca <unfinished ...>
[pid 392] 14:56:16.527003 oqsprovider.so->OQS_KEM_decaps(0x558987335e90, 0x558987335af0, 0x5589873392ca, 0x558987330bc0) = 0 <0.000185>
[pid 392] 14:56:16.527235 <... EVP_PKEY_decapsulate resumed> ) = 1 <0.000450>
[pid 392] 14:56:16.528190 libssl.so.3->X509_verify_cert(0x55898732e410, 0, 0x8000, 0xffffffff) = 1 <0.000419>
[pid 392] 14:56:16.528855 libssl.so.3->EVP_DigestVerifyInit_ex(0x55898725b810, 0x7ffe3f308638, 0, 0) = 1 <0.000198>
[pid 392] 14:56:16.529102 libssl.so.3->EVP_DigestVerify(0x55898725b810, 0x558987339278, 2420, 0x7ffe3f308640) = 1 <0.000211>
[pid 392] 14:56:16.529546 libssl.so.3->X509_verify_cert(0x55898732e410, 1, 1, 0) = 1 <0.000261>
[pid 392] 14:56:16.530071 libssl.so.3->EVP_DigestSignInit_ex(0x558987357140, 0x7ffe3f308620, 0, 0) = 1 <0.000204>
[pid 392] 14:56:16.530340 libssl.so.3->EVP_DigestSign(0x558987357140, 0, 0x7ffe3f308630, 0x7ffe3f308640) = 1 <0.000120>
[pid 392] 14:56:16.530503 libssl.so.3->EVP_DigestSign(0x558987357140, 0x558987338110, 0x7ffe3f308630, 0x7ffe3f308640) = 1 <0.000329>
[pid 392] 14:56:16.531151 <... SSL_connect resumed> ) = 1 <0.008162>
[pid 392] 14:56:16.531378 oqsprovider.so->OQS_KEM_free(0x558987335e90, 0x558987335e40, 2, 0x558987335e60) = 4 <0.000118>
Handshake duration: 8.37 ms
[pid 392] 14:56:16.533636 +++ exited (status 0) +++
Execution 97 - TLS Mutual
s_connection: verify depth is 1
[pid 394] 14:56:16.594268 openssl->SSL_connect(0x628ae3619530, 0x628ae35f4e50, 0x628ae35f4e50, 0x76c11e466360 <unfinished ...>
[pid 394] 14:56:16.594731 libssl.so.3->EVP_PKEY_keygen_init(0x628ae36220b0, 0, 176, 0x628ae36220b0) = 1 <0.000170>
[pid 394] 14:56:16.594951 libssl.so.3->EVP_PKEY_keygen(0x628ae36220b0, 0x7fff58636860, 0, 103 <unfinished ...>
[pid 394] 14:56:16.595065 oqsprovider.so->OQS_KEM_new(0x628ae3620450, 8, 0, 0x628ae3620e70) = 0x628ae3620e90 <0.000112>
[pid 394] 14:56:16.595224 oqsprovider.so->OQS_KEM_keypair(0x628ae3620e90, 0x628ae3613ea0, 0x628ae361bbc0, 0x628ae3620e70) = 0 <0.000307>
[pid 394] 14:56:16.595595 <... EVP_PKEY_keygen resumed> ) = 1 <0.000639>
[pid 394] 14:56:16.597081 libssl.so.3->EVP_PKEY_decapsulate_init(0x628ae36220b0, 0, 176, 0x628ae36220b0) = 1 <0.000286>
[pid 394] 14:56:16.597402 libssl.so.3->EVP_PKEY_decapsulate(0x628ae36220b0, 0, 0x7fff58636820, 0x628ae36242ca) = 1 <0.000128>
[pid 394] 14:56:16.597579 libssl.so.3->EVP_PKEY_decapsulate(0x628ae36220b0, 0x628ae3620af0, 0x7fff58636820, 0x628ae36242ca <unfinished ...>
[pid 394] 14:56:16.597691 oqsprovider.so->OQS_KEM_decaps(0x628ae3620e90, 0x628ae3620af0, 0x628ae36242ca, 0x628ae361bbc0) = 0 <0.000157>
[pid 394] 14:56:16.597892 <... EVP_PKEY_decapsulate resumed> ) = 1 <0.000309>
[pid 394] 14:56:16.598583 libssl.so.3->X509_verify_cert(0x628ae3619410, 0, 0x8000, 0xffffffff) = 1 <0.000329>
[pid 394] 14:56:16.599088 libssl.so.3->EVP_DigestVerifyInit_ex(0x628ae3546810, 0x7fff586368c8, 0, 0) = 1 <0.000127>
[pid 394] 14:56:16.599258 libssl.so.3->EVP_DigestVerify(0x628ae3546810, 0x628ae3624278, 2420, 0x7fff586368d0) = 1 <0.000172>
[pid 394] 14:56:16.599654 libssl.so.3->X509_verify_cert(0x628ae3619410, 1, 1, 0) = 1 <0.000217>
[pid 394] 14:56:16.600084 libssl.so.3->EVP_DigestSignInit_ex(0x628ae3642140, 0x7fff586368b0, 0, 0) = 1 <0.000161>
[pid 394] 14:56:16.600317 libssl.so.3->EVP_DigestSign(0x628ae3642140, 0, 0x7fff586368c0, 0x7fff586368d0) = 1 <0.000138>
[pid 394] 14:56:16.600506 libssl.so.3->EVP_DigestSign(0x628ae3642140, 0x628ae3623110, 0x7fff586368c0, 0x7fff586368d0) = 1 <0.000319>
[pid 394] 14:56:16.601113 <... SSL_connect resumed> ) = 1 <0.006860>
[pid 394] 14:56:16.601327 oqsprovider.so->OQS_KEM_free(0x628ae3620e90, 0x628ae3620e40, 2, 0x628ae3620e60) = 4 <0.000150>
Handshake duration: 7.04 ms
[pid 394] 14:56:16.603383 +++ exited (status 0) +++
Execution 98 - TLS Mutual
s_connection: verify depth is 1
[pid 396] 14:56:16.661418 openssl->SSL_connect(0x60706d49d530, 0x60706d478e50, 0x60706d478e50, 0x7eb009fe3360 <unfinished ...>
[pid 396] 14:56:16.661993 libssl.so.3->EVP_PKEY_keygen_init(0x60706d4a60b0, 0, 176, 0x60706d4a60b0) = 1 <0.000228>
[pid 396] 14:56:16.662289 libssl.so.3->EVP_PKEY_keygen(0x60706d4a60b0, 0x7ffc2fea61c0, 0, 103 <unfinished ...>
[pid 396] 14:56:16.662446 oqsprovider.so->OQS_KEM_new(0x60706d4a4450, 8, 0, 0x60706d4a4e70) = 0x60706d4a4e90 <0.000128>
[pid 396] 14:56:16.662635 oqsprovider.so->OQS_KEM_keypair(0x60706d4a4e90, 0x60706d497ea0, 0x60706d49fbc0, 0x60706d4a4e70) = 0 <0.000376>
[pid 396] 14:56:16.663095 <... EVP_PKEY_keygen resumed> ) = 1 <0.000799>
[pid 396] 14:56:16.664799 libssl.so.3->EVP_PKEY_decapsulate_init(0x60706d4a60b0, 0, 176, 0x60706d4a60b0) = 1 <0.000306>
[pid 396] 14:56:16.665151 libssl.so.3->EVP_PKEY_decapsulate(0x60706d4a60b0, 0, 0x7ffc2fea6180, 0x60706d4a82ca) = 1 <0.000119>
[pid 396] 14:56:16.665316 libssl.so.3->EVP_PKEY_decapsulate(0x60706d4a60b0, 0x60706d4a4af0, 0x7ffc2fea6180, 0x60706d4a82ca <unfinished ...>
[pid 396] 14:56:16.665431 oqsprovider.so->OQS_KEM_decaps(0x60706d4a4e90, 0x60706d4a4af0, 0x60706d4a82ca, 0x60706d49fbc0) = 0 <0.000141>
[pid 396] 14:56:16.665623 <... EVP_PKEY_decapsulate resumed> ) = 1 <0.000302>
[pid 396] 14:56:16.666450 libssl.so.3->X509_verify_cert(0x60706d49d410, 0, 0x8000, 0xffffffff) = 1 <0.000351>
[pid 396] 14:56:16.666987 libssl.so.3->EVP_DigestVerifyInit_ex(0x60706d3ca810, 0x7ffc2fea6228, 0, 0) = 1 <0.000131>
[pid 396] 14:56:16.667159 libssl.so.3->EVP_DigestVerify(0x60706d3ca810, 0x60706d4a8278, 2420, 0x7ffc2fea6230) = 1 <0.000146>
[pid 396] 14:56:16.667512 libssl.so.3->X509_verify_cert(0x60706d49d410, 1, 1, 0) = 1 <0.000272>
[pid 396] 14:56:16.668023 libssl.so.3->EVP_DigestSignInit_ex(0x60706d4c6140, 0x7ffc2fea6210, 0, 0) = 1 <0.000161>
[pid 396] 14:56:16.668233 libssl.so.3->EVP_DigestSign(0x60706d4c6140, 0, 0x7ffc2fea6220, 0x7ffc2fea6230) = 1 <0.000184>
[pid 396] 14:56:16.668479 libssl.so.3->EVP_DigestSign(0x60706d4c6140, 0x60706d4a7110, 0x7ffc2fea6220, 0x7ffc2fea6230) = 1 <0.000340>
[pid 396] 14:56:16.669060 <... SSL_connect resumed> ) = 1 <0.007655>
[pid 396] 14:56:16.669264 oqsprovider.so->OQS_KEM_free(0x60706d4a4e90, 0x60706d4a4e40, 2, 0x60706d4a4e60) = 4 <0.000108>
Handshake duration: 7.85 ms
[pid 396] 14:56:16.671660 +++ exited (status 0) +++
Execution 99 - TLS Mutual
s_connection: verify depth is 1
[pid 398] 14:56:16.729052 openssl->SSL_connect(0x5634c3709530, 0x5634c36e4e50, 0x5634c36e4e50, 0x7e7caab99360 <unfinished ...>
[pid 398] 14:56:16.729565 libssl.so.3->EVP_PKEY_keygen_init(0x5634c37120b0, 0, 176, 0x5634c37120b0) = 1 <0.000196>
[pid 398] 14:56:16.729816 libssl.so.3->EVP_PKEY_keygen(0x5634c37120b0, 0x7ffd446cb6d0, 0, 103 <unfinished ...>
[pid 398] 14:56:16.730035 oqsprovider.so->OQS_KEM_new(0x5634c3710450, 8, 0, 0x5634c3710e70) = 0x5634c3710e90 <0.000176>
[pid 398] 14:56:16.730288 oqsprovider.so->OQS_KEM_keypair(0x5634c3710e90, 0x5634c3703ea0, 0x5634c370bbc0, 0x5634c3710e70) = 0 <0.000380>
[pid 398] 14:56:16.730729 <... EVP_PKEY_keygen resumed> ) = 1 <0.000905>
[pid 398] 14:56:16.732203 libssl.so.3->EVP_PKEY_decapsulate_init(0x5634c37120b0, 0, 176, 0x5634c37120b0) = 1 <0.000293>
[pid 398] 14:56:16.732546 libssl.so.3->EVP_PKEY_decapsulate(0x5634c37120b0, 0, 0x7ffd446cb690, 0x5634c37142ca) = 1 <0.000117>
[pid 398] 14:56:16.732726 libssl.so.3->EVP_PKEY_decapsulate(0x5634c37120b0, 0x5634c3710af0, 0x7ffd446cb690, 0x5634c37142ca <unfinished ...>
[pid 398] 14:56:16.732851 oqsprovider.so->OQS_KEM_decaps(0x5634c3710e90, 0x5634c3710af0, 0x5634c37142ca, 0x5634c370bbc0) = 0 <0.000174>
[pid 398] 14:56:16.733078 <... EVP_PKEY_decapsulate resumed> ) = 1 <0.000347>
[pid 398] 14:56:16.733931 libssl.so.3->X509_verify_cert(0x5634c3709410, 0, 0x8000, 0xffffffff) = 1 <0.000382>
[pid 398] 14:56:16.734529 libssl.so.3->EVP_DigestVerifyInit_ex(0x5634c3636810, 0x7ffd446cb738, 0, 0) = 1 <0.000175>
[pid 398] 14:56:16.734761 libssl.so.3->EVP_DigestVerify(0x5634c3636810, 0x5634c3714278, 2420, 0x7ffd446cb740) = 1 <0.000175>
[pid 398] 14:56:16.735240 libssl.so.3->X509_verify_cert(0x5634c3709410, 1, 1, 0) = 1 <0.000210>
[pid 398] 14:56:16.735728 libssl.so.3->EVP_DigestSignInit_ex(0x5634c3732140, 0x7ffd446cb720, 0, 0) = 1 <0.000147>
[pid 398] 14:56:16.735920 libssl.so.3->EVP_DigestSign(0x5634c3732140, 0, 0x7ffd446cb730, 0x7ffd446cb740) = 1 <0.000122>
[pid 398] 14:56:16.736085 libssl.so.3->EVP_DigestSign(0x5634c3732140, 0x5634c3713110, 0x7ffd446cb730, 0x7ffd446cb740) = 1 <0.000241>
[pid 398] 14:56:16.736621 <... SSL_connect resumed> ) = 1 <0.007571>
[pid 398] 14:56:16.736845 oqsprovider.so->OQS_KEM_free(0x5634c3710e90, 0x5634c3710e40, 2, 0x5634c3710e60) = 4 <0.000119>
Handshake duration: 7.82 ms
[pid 398] 14:56:16.739129 +++ exited (status 0) +++
Execution 100 - TLS Mutual
s_connection: verify depth is 1
[pid 400] 14:56:16.796610 openssl->SSL_connect(0x5f8750e94530, 0x5f8750e6fe50, 0x5f8750e6fe50, 0x7f71bc4ee360 <unfinished ...>
[pid 400] 14:56:16.797128 libssl.so.3->EVP_PKEY_keygen_init(0x5f8750e9d0b0, 0, 176, 0x5f8750e9d0b0) = 1 <0.000249>
[pid 400] 14:56:16.797461 libssl.so.3->EVP_PKEY_keygen(0x5f8750e9d0b0, 0x7ffd6606b590, 0, 103 <unfinished ...>
[pid 400] 14:56:16.797637 oqsprovider.so->OQS_KEM_new(0x5f8750e9b450, 8, 0, 0x5f8750e9be70) = 0x5f8750e9be90 <0.000149>
[pid 400] 14:56:16.797847 oqsprovider.so->OQS_KEM_keypair(0x5f8750e9be90, 0x5f8750e8eea0, 0x5f8750e96bc0, 0x5f8750e9be70) = 0 <0.000343>
[pid 400] 14:56:16.798253 <... EVP_PKEY_keygen resumed> ) = 1 <0.000787>
[pid 400] 14:56:16.799747 libssl.so.3->EVP_PKEY_decapsulate_init(0x5f8750e9d0b0, 0, 176, 0x5f8750e9d0b0) = 1 <0.000287>
[pid 400] 14:56:16.800088 libssl.so.3->EVP_PKEY_decapsulate(0x5f8750e9d0b0, 0, 0x7ffd6606b550, 0x5f8750e9f2ca) = 1 <0.000163>
[pid 400] 14:56:16.800306 libssl.so.3->EVP_PKEY_decapsulate(0x5f8750e9d0b0, 0x5f8750e9baf0, 0x7ffd6606b550, 0x5f8750e9f2ca <unfinished ...>
[pid 400] 14:56:16.800433 oqsprovider.so->OQS_KEM_decaps(0x5f8750e9be90, 0x5f8750e9baf0, 0x5f8750e9f2ca, 0x5f8750e96bc0) = 0 <0.000157>
[pid 400] 14:56:16.800653 <... EVP_PKEY_decapsulate resumed> ) = 1 <0.000343>
[pid 400] 14:56:16.801394 libssl.so.3->X509_verify_cert(0x5f8750e94410, 0, 0x8000, 0xffffffff) = 1 <0.000352>
[pid 400] 14:56:16.801928 libssl.so.3->EVP_DigestVerifyInit_ex(0x5f8750dc1810, 0x7ffd6606b5f8, 0, 0) = 1 <0.000150>
[pid 400] 14:56:16.802124 libssl.so.3->EVP_DigestVerify(0x5f8750dc1810, 0x5f8750e9f278, 2420, 0x7ffd6606b600) = 1 <0.000182>
[pid 400] 14:56:16.802522 libssl.so.3->X509_verify_cert(0x5f8750e94410, 1, 1, 0) = 1 <0.000221>
[pid 400] 14:56:16.802977 libssl.so.3->EVP_DigestSignInit_ex(0x5f8750ebd140, 0x7ffd6606b5e0, 0, 0) = 1 <0.000141>
[pid 400] 14:56:16.803164 libssl.so.3->EVP_DigestSign(0x5f8750ebd140, 0, 0x7ffd6606b5f0, 0x7ffd6606b600) = 1 <0.000128>
[pid 400] 14:56:16.803337 libssl.so.3->EVP_DigestSign(0x5f8750ebd140, 0x5f8750e9e110, 0x7ffd6606b5f0, 0x7ffd6606b600) = 1 <0.000259>
[pid 400] 14:56:16.803863 <... SSL_connect resumed> ) = 1 <0.007266>
[pid 400] 14:56:16.804114 oqsprovider.so->OQS_KEM_free(0x5f8750e9be90, 0x5f8750e9be40, 2, 0x5f8750e9be60) = 4 <0.000143>
Handshake duration: 7.46 ms
[pid 400] 14:56:16.806583 +++ exited (status 0) +++
Applying netem rules to lo...
Showing qdisc status for the interface: lo
qdisc netem 83cc: root refcnt 2 limit 1000 seed 9429443717247607332
 Sent 0 bytes 0 pkt (dropped 0, overlimits 0 requeues 0) 
 backlog 0b 0p requeues 0
Running /opt/oqssa/perftestClientTlsQuic_ltrace.sh with SIG_ALG=mldsa44 and KEM_ALG=hqc128
Execution 1 - TLS Mutual
s_connection: verify depth is 1
[pid 201] 14:56:38.046666 openssl->SSL_connect(0x57dfe113a530, 0x57dfe1115e50, 0x57dfe1115e50, 0x751c0af89360 <unfinished ...>
[pid 201] 14:56:38.047098 libssl.so.3->EVP_PKEY_keygen_init(0x57dfe11430b0, 0, 176, 0x57dfe11430b0) = 1 <0.000140>
[pid 201] 14:56:38.047284 libssl.so.3->EVP_PKEY_keygen(0x57dfe11430b0, 0x7fffd4a31f60, 0, 103 <unfinished ...>
[pid 201] 14:56:38.047411 oqsprovider.so->OQS_KEM_new(0x57dfe1141450, 8, 0, 0x57dfe1141e70) = 0x57dfe1141e90 <0.000108>
[pid 201] 14:56:38.047573 oqsprovider.so->OQS_KEM_keypair(0x57dfe1141e90, 0x57dfe114b7e0, 0x57dfe114c0c0, 0x57dfe1141e70) = 0 <0.002589>
[pid 201] 14:56:38.050236 <... EVP_PKEY_keygen resumed> ) = 1 <0.002944>
[pid 201] 14:56:38.058783 libssl.so.3->EVP_PKEY_decapsulate_init(0x57dfe11430b0, 0, 176, 0x57dfe11430b0) = 1 <0.000268>
[pid 201] 14:56:38.059097 libssl.so.3->EVP_PKEY_decapsulate(0x57dfe11430b0, 0, 0x7fffd4a31f20, 0x57dfe11452ca) = 1 <0.000109>
[pid 201] 14:56:38.059247 libssl.so.3->EVP_PKEY_decapsulate(0x57dfe11430b0, 0x57dfe1135600, 0x7fffd4a31f20, 0x57dfe11452ca <unfinished ...>
[pid 201] 14:56:38.059361 oqsprovider.so->OQS_KEM_decaps(0x57dfe1141e90, 0x57dfe1135600, 0x57dfe11452ca, 0x57dfe114c0c0) = 0 <0.007539>
[pid 201] 14:56:38.066949 <... EVP_PKEY_decapsulate resumed> ) = 1 <0.007697>
[pid 201] 14:56:38.067412 libssl.so.3->X509_verify_cert(0x57dfe113a410, 0, 0x8000, 0xffffffff) = 1 <0.000330>
[pid 201] 14:56:38.067861 libssl.so.3->EVP_DigestVerifyInit_ex(0x57dfe1165260, 0x7fffd4a31fc8, 0, 0) = 1 <0.000105>
[pid 201] 14:56:38.067997 libssl.so.3->EVP_DigestVerify(0x57dfe1165260, 0x57dfe1145278, 2420, 0x7fffd4a31fd0) = 1 <0.000120>
[pid 201] 14:56:38.068438 libssl.so.3->X509_verify_cert(0x57dfe113a410, 1, 1, 0) = 1 <0.000298>
[pid 201] 14:56:38.069006 libssl.so.3->EVP_DigestSignInit_ex(0x57dfe1067810, 0x7fffd4a31fb0, 0, 0) = 1 <0.000151>
[pid 201] 14:56:38.069232 libssl.so.3->EVP_DigestSign(0x57dfe1067810, 0, 0x7fffd4a31fc0, 0x7fffd4a31fd0) = 1 <0.000119>
[pid 201] 14:56:38.069396 libssl.so.3->EVP_DigestSign(0x57dfe1067810, 0x57dfe1157120, 0x7fffd4a31fc0, 0x7fffd4a31fd0) = 1 <0.000235>
[pid 201] 14:56:38.069893 <... SSL_connect resumed> ) = 1 <0.023234>
[pid 201] 14:56:38.070121 oqsprovider.so->OQS_KEM_free(0x57dfe1141e90, 0x57dfe1141e40, 2, 0x57dfe1141e60) = 4 <0.000215>
Handshake duration: 23.42 ms
[pid 201] 14:56:38.072690 +++ exited (status 0) +++
Execution 2 - TLS Mutual
s_connection: verify depth is 1
[pid 203] 14:56:38.131010 openssl->SSL_connect(0x62f0b4e9f530, 0x62f0b4e7ae50, 0x62f0b4e7ae50, 0x7cdb38d02360 <unfinished ...>
[pid 203] 14:56:38.131559 libssl.so.3->EVP_PKEY_keygen_init(0x62f0b4ea80b0, 0, 176, 0x62f0b4ea80b0) = 1 <0.000276>
[pid 203] 14:56:38.131929 libssl.so.3->EVP_PKEY_keygen(0x62f0b4ea80b0, 0x7ffd8767bab0, 0, 103 <unfinished ...>
[pid 203] 14:56:38.132104 oqsprovider.so->OQS_KEM_new(0x62f0b4ea6450, 8, 0, 0x62f0b4ea6e70) = 0x62f0b4ea6e90 <0.000229>
[pid 203] 14:56:38.132398 oqsprovider.so->OQS_KEM_keypair(0x62f0b4ea6e90, 0x62f0b4eb07e0, 0x62f0b4eb10c0, 0x62f0b4ea6e70) = 0 <0.002855>
[pid 203] 14:56:38.135347 <... EVP_PKEY_keygen resumed> ) = 1 <0.003412>
[pid 203] 14:56:38.143648 libssl.so.3->EVP_PKEY_decapsulate_init(0x62f0b4ea80b0, 0, 176, 0x62f0b4ea80b0) = 1 <0.000407>
[pid 203] 14:56:38.144113 libssl.so.3->EVP_PKEY_decapsulate(0x62f0b4ea80b0, 0, 0x7ffd8767ba70, 0x62f0b4eaa2ca) = 1 <0.000155>
[pid 203] 14:56:38.144315 libssl.so.3->EVP_PKEY_decapsulate(0x62f0b4ea80b0, 0x62f0b4e9a600, 0x7ffd8767ba70, 0x62f0b4eaa2ca <unfinished ...>
[pid 203] 14:56:38.144442 oqsprovider.so->OQS_KEM_decaps(0x62f0b4ea6e90, 0x62f0b4e9a600, 0x62f0b4eaa2ca, 0x62f0b4eb10c0) = 0 <0.007786>
[pid 203] 14:56:38.152328 <... EVP_PKEY_decapsulate resumed> ) = 1 <0.008005>
[pid 203] 14:56:38.153194 libssl.so.3->X509_verify_cert(0x62f0b4e9f410, 0, 0x8000, 0xffffffff) = 1 <0.000498>
[pid 203] 14:56:38.153947 libssl.so.3->EVP_DigestVerifyInit_ex(0x62f0b4eca260, 0x7ffd8767bb18, 0, 0) = 1 <0.000151>
[pid 203] 14:56:38.154167 libssl.so.3->EVP_DigestVerify(0x62f0b4eca260, 0x62f0b4eaa278, 2420, 0x7ffd8767bb20) = 1 <0.000194>
[pid 203] 14:56:38.154733 libssl.so.3->X509_verify_cert(0x62f0b4e9f410, 1, 1, 0) = 1 <0.000297>
[pid 203] 14:56:38.155312 libssl.so.3->EVP_DigestSignInit_ex(0x62f0b4dcc810, 0x7ffd8767bb00, 0, 0) = 1 <0.000146>
[pid 203] 14:56:38.155507 libssl.so.3->EVP_DigestSign(0x62f0b4dcc810, 0, 0x7ffd8767bb10, 0x7ffd8767bb20) = 1 <0.000124>
[pid 203] 14:56:38.155677 libssl.so.3->EVP_DigestSign(0x62f0b4dcc810, 0x62f0b4ebc120, 0x7ffd8767bb10, 0x7ffd8767bb20) = 1 <0.000406>
[pid 203] 14:56:38.156330 <... SSL_connect resumed> ) = 1 <0.025328>
[pid 203] 14:56:38.156540 oqsprovider.so->OQS_KEM_free(0x62f0b4ea6e90, 0x62f0b4ea6e40, 2, 0x62f0b4ea6e60) = 4 <0.000153>
Handshake duration: 25.52 ms
[pid 203] 14:56:38.158707 +++ exited (status 0) +++
Execution 3 - TLS Mutual
s_connection: verify depth is 1
[pid 205] 14:56:38.214510 openssl->SSL_connect(0x5af5c700a530, 0x5af5c6fe5e50, 0x5af5c6fe5e50, 0x7f8b42f29360 <unfinished ...>
[pid 205] 14:56:38.215014 libssl.so.3->EVP_PKEY_keygen_init(0x5af5c70130b0, 0, 176, 0x5af5c70130b0) = 1 <0.000231>
[pid 205] 14:56:38.215307 libssl.so.3->EVP_PKEY_keygen(0x5af5c70130b0, 0x7ffd672f8470, 0, 103 <unfinished ...>
[pid 205] 14:56:38.215464 oqsprovider.so->OQS_KEM_new(0x5af5c7011450, 8, 0, 0x5af5c7011e70) = 0x5af5c7011e90 <0.000153>
[pid 205] 14:56:38.215673 oqsprovider.so->OQS_KEM_keypair(0x5af5c7011e90, 0x5af5c701b7e0, 0x5af5c701c0c0, 0x5af5c7011e70) = 0 <0.002673>
[pid 205] 14:56:38.218451 <... EVP_PKEY_keygen resumed> ) = 1 <0.003138>
[pid 205] 14:56:38.226905 libssl.so.3->EVP_PKEY_decapsulate_init(0x5af5c70130b0, 0, 176, 0x5af5c70130b0) = 1 <0.000311>
[pid 205] 14:56:38.227258 libssl.so.3->EVP_PKEY_decapsulate(0x5af5c70130b0, 0, 0x7ffd672f8430, 0x5af5c70152ca) = 1 <0.000117>
[pid 205] 14:56:38.227418 libssl.so.3->EVP_PKEY_decapsulate(0x5af5c70130b0, 0x5af5c7005600, 0x7ffd672f8430, 0x5af5c70152ca <unfinished ...>
[pid 205] 14:56:38.227562 oqsprovider.so->OQS_KEM_decaps(0x5af5c7011e90, 0x5af5c7005600, 0x5af5c70152ca, 0x5af5c701c0c0) = 0 <0.007802>
[pid 205] 14:56:38.235440 <... EVP_PKEY_decapsulate resumed> ) = 1 <0.008018>
[pid 205] 14:56:38.236609 libssl.so.3->X509_verify_cert(0x5af5c700a410, 0, 0x8000, 0xffffffff) = 1 <0.000591>
[pid 205] 14:56:38.237386 libssl.so.3->EVP_DigestVerifyInit_ex(0x5af5c7035260, 0x7ffd672f84d8, 0, 0) = 1 <0.000139>
[pid 205] 14:56:38.237573 libssl.so.3->EVP_DigestVerify(0x5af5c7035260, 0x5af5c7015278, 2420, 0x7ffd672f84e0) = 1 <0.000179>
[pid 205] 14:56:38.237974 libssl.so.3->X509_verify_cert(0x5af5c700a410, 1, 1, 0) = 1 <0.000206>
[pid 205] 14:56:38.238446 libssl.so.3->EVP_DigestSignInit_ex(0x5af5c6f37810, 0x7ffd672f84c0, 0, 0) = 1 <0.000187>
[pid 205] 14:56:38.238682 libssl.so.3->EVP_DigestSign(0x5af5c6f37810, 0, 0x7ffd672f84d0, 0x7ffd672f84e0) = 1 <0.000135>
[pid 205] 14:56:38.238869 libssl.so.3->EVP_DigestSign(0x5af5c6f37810, 0x5af5c7027120, 0x7ffd672f84d0, 0x7ffd672f84e0) = 1 <0.000240>
[pid 205] 14:56:38.239424 <... SSL_connect resumed> ) = 1 <0.024932>
[pid 205] 14:56:38.239673 oqsprovider.so->OQS_KEM_free(0x5af5c7011e90, 0x5af5c7011e40, 2, 0x5af5c7011e60) = 4 <0.000121>
Handshake duration: 25.15 ms
[pid 205] 14:56:38.241895 +++ exited (status 0) +++
Execution 4 - TLS Mutual
s_connection: verify depth is 1
[pid 207] 14:56:38.299604 openssl->SSL_connect(0x59213eb68530, 0x59213eb43e50, 0x59213eb43e50, 0x7f00cb6d7360 <unfinished ...>
[pid 207] 14:56:38.300089 libssl.so.3->EVP_PKEY_keygen_init(0x59213eb710b0, 0, 176, 0x59213eb710b0) = 1 <0.000207>
[pid 207] 14:56:38.300380 libssl.so.3->EVP_PKEY_keygen(0x59213eb710b0, 0x7fff29d53fd0, 0, 103 <unfinished ...>
[pid 207] 14:56:38.300544 oqsprovider.so->OQS_KEM_new(0x59213eb6f450, 8, 0, 0x59213eb6fe70) = 0x59213eb6fe90 <0.000159>
[pid 207] 14:56:38.300809 oqsprovider.so->OQS_KEM_keypair(0x59213eb6fe90, 0x59213eb797e0, 0x59213eb7a0c0, 0x59213eb6fe70) = 0 <0.002720>
[pid 207] 14:56:38.303644 <... EVP_PKEY_keygen resumed> ) = 1 <0.003253>
[pid 207] 14:56:38.312220 libssl.so.3->EVP_PKEY_decapsulate_init(0x59213eb710b0, 0, 176, 0x59213eb710b0) = 1 <0.000430>
[pid 207] 14:56:38.312725 libssl.so.3->EVP_PKEY_decapsulate(0x59213eb710b0, 0, 0x7fff29d53f90, 0x59213eb732ca) = 1 <0.000171>
[pid 207] 14:56:38.312939 libssl.so.3->EVP_PKEY_decapsulate(0x59213eb710b0, 0x59213eb63600, 0x7fff29d53f90, 0x59213eb732ca <unfinished ...>
[pid 207] 14:56:38.313100 oqsprovider.so->OQS_KEM_decaps(0x59213eb6fe90, 0x59213eb63600, 0x59213eb732ca, 0x59213eb7a0c0) = 0 <0.007475>
[pid 207] 14:56:38.320682 <... EVP_PKEY_decapsulate resumed> ) = 1 <0.007733>
[pid 207] 14:56:38.321493 libssl.so.3->X509_verify_cert(0x59213eb68410, 0, 0x8000, 0xffffffff) = 1 <0.000558>
[pid 207] 14:56:38.322242 libssl.so.3->EVP_DigestVerifyInit_ex(0x59213eb93260, 0x7fff29d54038, 0, 0) = 1 <0.000245>
[pid 207] 14:56:38.322544 libssl.so.3->EVP_DigestVerify(0x59213eb93260, 0x59213eb73278, 2420, 0x7fff29d54040) = 1 <0.000181>
[pid 207] 14:56:38.322987 libssl.so.3->X509_verify_cert(0x59213eb68410, 1, 1, 0) = 1 <0.000213>
[pid 207] 14:56:38.323453 libssl.so.3->EVP_DigestSignInit_ex(0x59213ea95810, 0x7fff29d54020, 0, 0) = 1 <0.000175>
[pid 207] 14:56:38.323679 libssl.so.3->EVP_DigestSign(0x59213ea95810, 0, 0x7fff29d54030, 0x7fff29d54040) = 1 <0.000168>
[pid 207] 14:56:38.323905 libssl.so.3->EVP_DigestSign(0x59213ea95810, 0x59213eb85120, 0x7fff29d54030, 0x7fff29d54040) = 1 <0.000307>
[pid 207] 14:56:38.324494 <... SSL_connect resumed> ) = 1 <0.024904>
[pid 207] 14:56:38.324759 oqsprovider.so->OQS_KEM_free(0x59213eb6fe90, 0x59213eb6fe40, 2, 0x59213eb6fe60) = 4 <0.000158>
Handshake duration: 25.16 ms
[pid 207] 14:56:38.327238 +++ exited (status 0) +++
Execution 5 - TLS Mutual
s_connection: verify depth is 1
[pid 209] 14:56:38.395818 openssl->SSL_connect(0x5a9093254530, 0x5a909322fe50, 0x5a909322fe50, 0x7a423a06d360 <unfinished ...>
[pid 209] 14:56:38.396273 libssl.so.3->EVP_PKEY_keygen_init(0x5a909325d0b0, 0, 176, 0x5a909325d0b0) = 1 <0.000147>
[pid 209] 14:56:38.396480 libssl.so.3->EVP_PKEY_keygen(0x5a909325d0b0, 0x7fffc891f570, 0, 103 <unfinished ...>
[pid 209] 14:56:38.396645 oqsprovider.so->OQS_KEM_new(0x5a909325b450, 8, 0, 0x5a909325be70) = 0x5a909325be90 <0.000119>
[pid 209] 14:56:38.396816 oqsprovider.so->OQS_KEM_keypair(0x5a909325be90, 0x5a90932657e0, 0x5a90932660c0, 0x5a909325be70) = 0 <0.002638>
[pid 209] 14:56:38.399553 <... EVP_PKEY_keygen resumed> ) = 1 <0.003068>
[pid 209] 14:56:38.410276 libssl.so.3->EVP_PKEY_decapsulate_init(0x5a909325d0b0, 0, 176, 0x5a909325d0b0) = 1 <0.000410>
[pid 209] 14:56:38.410727 libssl.so.3->EVP_PKEY_decapsulate(0x5a909325d0b0, 0, 0x7fffc891f530, 0x5a909325f2ca) = 1 <0.000129>
[pid 209] 14:56:38.410927 libssl.so.3->EVP_PKEY_decapsulate(0x5a909325d0b0, 0x5a909324f600, 0x7fffc891f530, 0x5a909325f2ca <unfinished ...>
[pid 209] 14:56:38.411067 oqsprovider.so->OQS_KEM_decaps(0x5a909325be90, 0x5a909324f600, 0x5a909325f2ca, 0x5a90932660c0) = 0 <0.007558>
[pid 209] 14:56:38.418782 <... EVP_PKEY_decapsulate resumed> ) = 1 <0.007841>
[pid 209] 14:56:38.419617 libssl.so.3->X509_verify_cert(0x5a9093254410, 0, 0x8000, 0xffffffff) = 1 <0.000469>
[pid 209] 14:56:38.420369 libssl.so.3->EVP_DigestVerifyInit_ex(0x5a909327f260, 0x7fffc891f5d8, 0, 0) = 1 <0.000158>
[pid 209] 14:56:38.420567 libssl.so.3->EVP_DigestVerify(0x5a909327f260, 0x5a909325f278, 2420, 0x7fffc891f5e0) = 1 <0.000200>
[pid 209] 14:56:38.420978 libssl.so.3->X509_verify_cert(0x5a9093254410, 1, 1, 0) = 1 <0.000185>
[pid 209] 14:56:38.421381 libssl.so.3->EVP_DigestSignInit_ex(0x5a9093181810, 0x7fffc891f5c0, 0, 0) = 1 <0.000118>
[pid 209] 14:56:38.421543 libssl.so.3->EVP_DigestSign(0x5a9093181810, 0, 0x7fffc891f5d0, 0x7fffc891f5e0) = 1 <0.000108>
[pid 209] 14:56:38.421700 libssl.so.3->EVP_DigestSign(0x5a9093181810, 0x5a9093271120, 0x7fffc891f5d0, 0x7fffc891f5e0) = 1 <0.000385>
[pid 209] 14:56:38.422344 <... SSL_connect resumed> ) = 1 <0.026522>
[pid 209] 14:56:38.422595 oqsprovider.so->OQS_KEM_free(0x5a909325be90, 0x5a909325be40, 2, 0x5a909325be60) = 4 <0.000199>
Handshake duration: 26.75 ms
[pid 209] 14:56:38.425062 +++ exited (status 0) +++
Execution 6 - TLS Mutual
s_connection: verify depth is 1
[pid 211] 14:56:38.483092 openssl->SSL_connect(0x5a02bb2f1530, 0x5a02bb2cce50, 0x5a02bb2cce50, 0x7c4052a75360 <unfinished ...>
[pid 211] 14:56:38.483525 libssl.so.3->EVP_PKEY_keygen_init(0x5a02bb2fa0b0, 0, 176, 0x5a02bb2fa0b0) = 1 <0.000187>
[pid 211] 14:56:38.483766 libssl.so.3->EVP_PKEY_keygen(0x5a02bb2fa0b0, 0x7ffe76fd50e0, 0, 103 <unfinished ...>
[pid 211] 14:56:38.483910 oqsprovider.so->OQS_KEM_new(0x5a02bb2f8450, 8, 0, 0x5a02bb2f8e70) = 0x5a02bb2f8e90 <0.000166>
[pid 211] 14:56:38.484129 oqsprovider.so->OQS_KEM_keypair(0x5a02bb2f8e90, 0x5a02bb3027e0, 0x5a02bb3030c0, 0x5a02bb2f8e70) = 0 <0.002574>
[pid 211] 14:56:38.486800 <... EVP_PKEY_keygen resumed> ) = 1 <0.003020>
[pid 211] 14:56:38.495269 libssl.so.3->EVP_PKEY_decapsulate_init(0x5a02bb2fa0b0, 0, 176, 0x5a02bb2fa0b0) = 1 <0.000308>
[pid 211] 14:56:38.495673 libssl.so.3->EVP_PKEY_decapsulate(0x5a02bb2fa0b0, 0, 0x7ffe76fd50a0, 0x5a02bb2fc2ca) = 1 <0.000173>
[pid 211] 14:56:38.495912 libssl.so.3->EVP_PKEY_decapsulate(0x5a02bb2fa0b0, 0x5a02bb2ec600, 0x7ffe76fd50a0, 0x5a02bb2fc2ca <unfinished ...>
[pid 211] 14:56:38.496194 oqsprovider.so->OQS_KEM_decaps(0x5a02bb2f8e90, 0x5a02bb2ec600, 0x5a02bb2fc2ca, 0x5a02bb3030c0) = 0 <0.007410>
[pid 211] 14:56:38.503659 <... EVP_PKEY_decapsulate resumed> ) = 1 <0.007749>
[pid 211] 14:56:38.504417 libssl.so.3->X509_verify_cert(0x5a02bb2f1410, 0, 0x8000, 0xffffffff) = 1 <0.000447>
[pid 211] 14:56:38.505082 libssl.so.3->EVP_DigestVerifyInit_ex(0x5a02bb31c260, 0x7ffe76fd5148, 0, 0) = 1 <0.000184>
[pid 211] 14:56:38.505313 libssl.so.3->EVP_DigestVerify(0x5a02bb31c260, 0x5a02bb2fc278, 2420, 0x7ffe76fd5150) = 1 <0.000199>
[pid 211] 14:56:38.505755 libssl.so.3->X509_verify_cert(0x5a02bb2f1410, 1, 1, 0) = 1 <0.000220>
[pid 211] 14:56:38.506240 libssl.so.3->EVP_DigestSignInit_ex(0x5a02bb21e810, 0x7ffe76fd5130, 0, 0) = 1 <0.000171>
[pid 211] 14:56:38.506464 libssl.so.3->EVP_DigestSign(0x5a02bb21e810, 0, 0x7ffe76fd5140, 0x7ffe76fd5150) = 1 <0.000157>
[pid 211] 14:56:38.506674 libssl.so.3->EVP_DigestSign(0x5a02bb21e810, 0x5a02bb30e120, 0x7ffe76fd5140, 0x7ffe76fd5150) = 1 <0.000243>
[pid 211] 14:56:38.507146 <... SSL_connect resumed> ) = 1 <0.024071>
[pid 211] 14:56:38.507781 oqsprovider.so->OQS_KEM_free(0x5a02bb2f8e90, 0x5a02bb2f8e40, 2, 0x5a02bb2f8e60) = 4 <0.000418>
Handshake duration: 24.27 ms
[pid 211] 14:56:38.510580 +++ exited (status 0) +++
Execution 7 - TLS Mutual
s_connection: verify depth is 1
[pid 213] 14:56:38.565844 openssl->SSL_connect(0x630d5563c530, 0x630d55617e50, 0x630d55617e50, 0x75b5c881d360 <unfinished ...>
[pid 213] 14:56:38.566284 libssl.so.3->EVP_PKEY_keygen_init(0x630d556450b0, 0, 176, 0x630d556450b0) = 1 <0.000162>
[pid 213] 14:56:38.566497 libssl.so.3->EVP_PKEY_keygen(0x630d556450b0, 0x7fff7dca1310, 0, 103 <unfinished ...>
[pid 213] 14:56:38.566617 oqsprovider.so->OQS_KEM_new(0x630d55643450, 8, 0, 0x630d55643e70) = 0x630d55643e90 <0.000113>
[pid 213] 14:56:38.566785 oqsprovider.so->OQS_KEM_keypair(0x630d55643e90, 0x630d5564d7e0, 0x630d5564e0c0, 0x630d55643e70) = 0 <0.002552>
[pid 213] 14:56:38.569394 <... EVP_PKEY_keygen resumed> ) = 1 <0.002889>
[pid 213] 14:56:38.577466 libssl.so.3->EVP_PKEY_decapsulate_init(0x630d556450b0, 0, 176, 0x630d556450b0) = 1 <0.000352>
[pid 213] 14:56:38.577867 libssl.so.3->EVP_PKEY_decapsulate(0x630d556450b0, 0, 0x7fff7dca12d0, 0x630d556472ca) = 1 <0.000121>
[pid 213] 14:56:38.578030 libssl.so.3->EVP_PKEY_decapsulate(0x630d556450b0, 0x630d55637600, 0x7fff7dca12d0, 0x630d556472ca <unfinished ...>
[pid 213] 14:56:38.578153 oqsprovider.so->OQS_KEM_decaps(0x630d55643e90, 0x630d55637600, 0x630d556472ca, 0x630d5564e0c0) = 0 <0.007407>
[pid 213] 14:56:38.585655 <... EVP_PKEY_decapsulate resumed> ) = 1 <0.007621>
[pid 213] 14:56:38.586663 libssl.so.3->X509_verify_cert(0x630d5563c410, 0, 0x8000, 0xffffffff) = 1 <0.000611>
[pid 213] 14:56:38.587533 libssl.so.3->EVP_DigestVerifyInit_ex(0x630d55667260, 0x7fff7dca1378, 0, 0) = 1 <0.000182>
[pid 213] 14:56:38.587768 libssl.so.3->EVP_DigestVerify(0x630d55667260, 0x630d55647278, 2420, 0x7fff7dca1380) = 1 <0.000217>
[pid 213] 14:56:38.588261 libssl.so.3->X509_verify_cert(0x630d5563c410, 1, 1, 0) = 1 <0.000232>
[pid 213] 14:56:38.588786 libssl.so.3->EVP_DigestSignInit_ex(0x630d55569810, 0x7fff7dca1360, 0, 0) = 1 <0.000149>
[pid 213] 14:56:38.588982 libssl.so.3->EVP_DigestSign(0x630d55569810, 0, 0x7fff7dca1370, 0x7fff7dca1380) = 1 <0.000125>
[pid 213] 14:56:38.589152 libssl.so.3->EVP_DigestSign(0x630d55569810, 0x630d55659120, 0x7fff7dca1370, 0x7fff7dca1380) = 1 <0.000300>
[pid 213] 14:56:38.589797 <... SSL_connect resumed> ) = 1 <0.023948>
[pid 213] 14:56:38.590074 oqsprovider.so->OQS_KEM_free(0x630d55643e90, 0x630d55643e40, 2, 0x630d55643e60) = 4 <0.000143>
Handshake duration: 24.16 ms
[pid 213] 14:56:38.592349 +++ exited (status 0) +++
Execution 8 - TLS Mutual
s_connection: verify depth is 1
[pid 215] 14:56:38.647793 openssl->SSL_connect(0x5d6485f58530, 0x5d6485f33e50, 0x5d6485f33e50, 0x7f9131ed6360 <unfinished ...>
[pid 215] 14:56:38.648285 libssl.so.3->EVP_PKEY_keygen_init(0x5d6485f610b0, 0, 176, 0x5d6485f610b0) = 1 <0.000174>
[pid 215] 14:56:38.648521 libssl.so.3->EVP_PKEY_keygen(0x5d6485f610b0, 0x7ffe77b18f40, 0, 103 <unfinished ...>
[pid 215] 14:56:38.648676 oqsprovider.so->OQS_KEM_new(0x5d6485f5f450, 8, 0, 0x5d6485f5fe70) = 0x5d6485f5fe90 <0.000141>
[pid 215] 14:56:38.648876 oqsprovider.so->OQS_KEM_keypair(0x5d6485f5fe90, 0x5d6485f697e0, 0x5d6485f6a0c0, 0x5d6485f5fe70) = 0 <0.002602>
[pid 215] 14:56:38.651559 <... EVP_PKEY_keygen resumed> ) = 1 <0.003033>
[pid 215] 14:56:38.660635 libssl.so.3->EVP_PKEY_decapsulate_init(0x5d6485f610b0, 0, 176, 0x5d6485f610b0) = 1 <0.000363>
[pid 215] 14:56:38.661047 libssl.so.3->EVP_PKEY_decapsulate(0x5d6485f610b0, 0, 0x7ffe77b18f00, 0x5d6485f632ca) = 1 <0.000131>
[pid 215] 14:56:38.661224 libssl.so.3->EVP_PKEY_decapsulate(0x5d6485f610b0, 0x5d6485f53600, 0x7ffe77b18f00, 0x5d6485f632ca <unfinished ...>
[pid 215] 14:56:38.661352 oqsprovider.so->OQS_KEM_decaps(0x5d6485f5fe90, 0x5d6485f53600, 0x5d6485f632ca, 0x5d6485f6a0c0) = 0 <0.007451>
[pid 215] 14:56:38.668881 <... EVP_PKEY_decapsulate resumed> ) = 1 <0.007653>
[pid 215] 14:56:38.669365 libssl.so.3->X509_verify_cert(0x5d6485f58410, 0, 0x8000, 0xffffffff) = 1 <0.000541>
[pid 215] 14:56:38.670162 libssl.so.3->EVP_DigestVerifyInit_ex(0x5d6485f83260, 0x7ffe77b18fa8, 0, 0) = 1 <0.000141>
[pid 215] 14:56:38.670349 libssl.so.3->EVP_DigestVerify(0x5d6485f83260, 0x5d6485f63278, 2420, 0x7ffe77b18fb0) = 1 <0.000180>
[pid 215] 14:56:38.670777 libssl.so.3->X509_verify_cert(0x5d6485f58410, 1, 1, 0) = 1 <0.000204>
[pid 215] 14:56:38.671212 libssl.so.3->EVP_DigestSignInit_ex(0x5d6485e85810, 0x7ffe77b18f90, 0, 0) = 1 <0.000125>
[pid 215] 14:56:38.671383 libssl.so.3->EVP_DigestSign(0x5d6485e85810, 0, 0x7ffe77b18fa0, 0x7ffe77b18fb0) = 1 <0.000109>
[pid 215] 14:56:38.671536 libssl.so.3->EVP_DigestSign(0x5d6485e85810, 0x5d6485f75120, 0x7ffe77b18fa0, 0x7ffe77b18fb0) = 1 <0.000321>
[pid 215] 14:56:38.672110 <... SSL_connect resumed> ) = 1 <0.024329>
[pid 215] 14:56:38.672319 oqsprovider.so->OQS_KEM_free(0x5d6485f5fe90, 0x5d6485f5fe40, 2, 0x5d6485f5fe60) = 4 <0.000120>
Handshake duration: 24.50 ms
[pid 215] 14:56:38.674493 +++ exited (status 0) +++
Execution 9 - TLS Mutual
s_connection: verify depth is 1
[pid 217] 14:56:38.733084 openssl->SSL_connect(0x56f2dca17530, 0x56f2dc9f2e50, 0x56f2dc9f2e50, 0x75b47a4df360 <unfinished ...>
[pid 217] 14:56:38.733614 libssl.so.3->EVP_PKEY_keygen_init(0x56f2dca200b0, 0, 176, 0x56f2dca200b0) = 1 <0.000162>
[pid 217] 14:56:38.733819 libssl.so.3->EVP_PKEY_keygen(0x56f2dca200b0, 0x7fff70061d50, 0, 103 <unfinished ...>
[pid 217] 14:56:38.733964 oqsprovider.so->OQS_KEM_new(0x56f2dca1e450, 8, 0, 0x56f2dca1ee70) = 0x56f2dca1ee90 <0.000143>
[pid 217] 14:56:38.734162 oqsprovider.so->OQS_KEM_keypair(0x56f2dca1ee90, 0x56f2dca287e0, 0x56f2dca290c0, 0x56f2dca1ee70) = 0 <0.002737>
[pid 217] 14:56:38.736992 <... EVP_PKEY_keygen resumed> ) = 1 <0.003169>
[pid 217] 14:56:38.745741 libssl.so.3->EVP_PKEY_decapsulate_init(0x56f2dca200b0, 0, 176, 0x56f2dca200b0) = 1 <0.000456>
[pid 217] 14:56:38.746239 libssl.so.3->EVP_PKEY_decapsulate(0x56f2dca200b0, 0, 0x7fff70061d10, 0x56f2dca222ca) = 1 <0.000133>
[pid 217] 14:56:38.746417 libssl.so.3->EVP_PKEY_decapsulate(0x56f2dca200b0, 0x56f2dca12600, 0x7fff70061d10, 0x56f2dca222ca <unfinished ...>
[pid 217] 14:56:38.746535 oqsprovider.so->OQS_KEM_decaps(0x56f2dca1ee90, 0x56f2dca12600, 0x56f2dca222ca, 0x56f2dca290c0) = 0 <0.011224>
[pid 217] 14:56:38.757881 <... EVP_PKEY_decapsulate resumed> ) = 1 <0.011455>
[pid 217] 14:56:38.758944 libssl.so.3->X509_verify_cert(0x56f2dca17410, 0, 0x8000, 0xffffffff) = 1 <0.000609>
[pid 217] 14:56:38.759884 libssl.so.3->EVP_DigestVerifyInit_ex(0x56f2dca42260, 0x7fff70061db8, 0, 0) = 1 <0.000228>
[pid 217] 14:56:38.760165 libssl.so.3->EVP_DigestVerify(0x56f2dca42260, 0x56f2dca22278, 2420, 0x7fff70061dc0) = 1 <0.000222>
[pid 217] 14:56:38.760726 libssl.so.3->X509_verify_cert(0x56f2dca17410, 1, 1, 0) = 1 <0.000335>
[pid 217] 14:56:38.761378 libssl.so.3->EVP_DigestSignInit_ex(0x56f2dc944810, 0x7fff70061da0, 0, 0) = 1 <0.000210>
[pid 217] 14:56:38.761680 libssl.so.3->EVP_DigestSign(0x56f2dc944810, 0, 0x7fff70061db0, 0x7fff70061dc0) = 1 <0.000165>
[pid 217] 14:56:38.761925 libssl.so.3->EVP_DigestSign(0x56f2dc944810, 0x56f2dca34120, 0x7fff70061db0, 0x7fff70061dc0) = 1 <0.000306>
[pid 217] 14:56:38.762528 <... SSL_connect resumed> ) = 1 <0.029444>
[pid 217] 14:56:38.762788 oqsprovider.so->OQS_KEM_free(0x56f2dca1ee90, 0x56f2dca1ee40, 2, 0x56f2dca1ee60) = 4 <0.000224>
Handshake duration: 29.71 ms
[pid 217] 14:56:38.765284 +++ exited (status 0) +++
Execution 10 - TLS Mutual
s_connection: verify depth is 1
[pid 219] 14:56:38.823107 openssl->SSL_connect(0x5b5454983530, 0x5b545495ee50, 0x5b545495ee50, 0x7f471a20b360 <unfinished ...>
[pid 219] 14:56:38.823601 libssl.so.3->EVP_PKEY_keygen_init(0x5b545498c0b0, 0, 176, 0x5b545498c0b0) = 1 <0.000180>
[pid 219] 14:56:38.823818 libssl.so.3->EVP_PKEY_keygen(0x5b545498c0b0, 0x7ffd3019c7b0, 0, 103 <unfinished ...>
[pid 219] 14:56:38.823937 oqsprovider.so->OQS_KEM_new(0x5b545498a450, 8, 0, 0x5b545498ae70) = 0x5b545498ae90 <0.000142>
[pid 219] 14:56:38.824167 oqsprovider.so->OQS_KEM_keypair(0x5b545498ae90, 0x5b54549947e0, 0x5b54549950c0, 0x5b545498ae70) = 0 <0.002673>
[pid 219] 14:56:38.826939 <... EVP_PKEY_keygen resumed> ) = 1 <0.003115>
[pid 219] 14:56:38.835032 libssl.so.3->EVP_PKEY_decapsulate_init(0x5b545498c0b0, 0, 176, 0x5b545498c0b0) = 1 <0.000297>
[pid 219] 14:56:38.835376 libssl.so.3->EVP_PKEY_decapsulate(0x5b545498c0b0, 0, 0x7ffd3019c770, 0x5b545498e2ca) = 1 <0.000122>
[pid 219] 14:56:38.835543 libssl.so.3->EVP_PKEY_decapsulate(0x5b545498c0b0, 0x5b545497e600, 0x7ffd3019c770, 0x5b545498e2ca <unfinished ...>
[pid 219] 14:56:38.835680 oqsprovider.so->OQS_KEM_decaps(0x5b545498ae90, 0x5b545497e600, 0x5b545498e2ca, 0x5b54549950c0) = 0 <0.007605>
[pid 219] 14:56:38.844332 <... EVP_PKEY_decapsulate resumed> ) = 1 <0.008767>
[pid 219] 14:56:38.845219 libssl.so.3->X509_verify_cert(0x5b5454983410, 0, 0x8000, 0xffffffff) = 1 <0.000475>
[pid 219] 14:56:38.845895 libssl.so.3->EVP_DigestVerifyInit_ex(0x5b54549ae260, 0x7ffd3019c818, 0, 0) = 1 <0.000158>
[pid 219] 14:56:38.846133 libssl.so.3->EVP_DigestVerify(0x5b54549ae260, 0x5b545498e278, 2420, 0x7ffd3019c820) = 1 <0.000215>
[pid 219] 14:56:38.846614 libssl.so.3->X509_verify_cert(0x5b5454983410, 1, 1, 0) = 1 <0.000215>
[pid 219] 14:56:38.847053 libssl.so.3->EVP_DigestSignInit_ex(0x5b54548b0810, 0x7ffd3019c800, 0, 0) = 1 <0.000166>
[pid 219] 14:56:38.847307 libssl.so.3->EVP_DigestSign(0x5b54548b0810, 0, 0x7ffd3019c810, 0x7ffd3019c820) = 1 <0.000167>
[pid 219] 14:56:38.847530 libssl.so.3->EVP_DigestSign(0x5b54548b0810, 0x5b54549a0120, 0x7ffd3019c810, 0x7ffd3019c820) = 1 <0.000361>
[pid 219] 14:56:38.848136 <... SSL_connect resumed> ) = 1 <0.025046>
[pid 219] 14:56:38.848398 oqsprovider.so->OQS_KEM_free(0x5b545498ae90, 0x5b545498ae40, 2, 0x5b545498ae60) = 4 <0.000130>
Handshake duration: 25.26 ms
[pid 219] 14:56:38.850722 +++ exited (status 0) +++
Execution 11 - TLS Mutual
s_connection: verify depth is 1
[pid 221] 14:56:38.909395 openssl->SSL_connect(0x6389489e0530, 0x6389489bbe50, 0x6389489bbe50, 0x70d5281bf360 <unfinished ...>
[pid 221] 14:56:38.910199 libssl.so.3->EVP_PKEY_keygen_init(0x6389489e90b0, 0, 176, 0x6389489e90b0) = 1 <0.000202>
[pid 221] 14:56:38.910470 libssl.so.3->EVP_PKEY_keygen(0x6389489e90b0, 0x7ffe7a086f20, 0, 103 <unfinished ...>
[pid 221] 14:56:38.910661 oqsprovider.so->OQS_KEM_new(0x6389489e7450, 8, 0, 0x6389489e7e70) = 0x6389489e7e90 <0.000136>
[pid 221] 14:56:38.910852 oqsprovider.so->OQS_KEM_keypair(0x6389489e7e90, 0x6389489f17e0, 0x6389489f20c0, 0x6389489e7e70) = 0 <0.002570>
[pid 221] 14:56:38.913517 <... EVP_PKEY_keygen resumed> ) = 1 <0.003039>
[pid 221] 14:56:38.921985 libssl.so.3->EVP_PKEY_decapsulate_init(0x6389489e90b0, 0, 176, 0x6389489e90b0) = 1 <0.000359>
[pid 221] 14:56:38.922377 libssl.so.3->EVP_PKEY_decapsulate(0x6389489e90b0, 0, 0x7ffe7a086ee0, 0x6389489eb2ca) = 1 <0.000082>
[pid 221] 14:56:38.922485 libssl.so.3->EVP_PKEY_decapsulate(0x6389489e90b0, 0x6389489db600, 0x7ffe7a086ee0, 0x6389489eb2ca <unfinished ...>
[pid 221] 14:56:38.922819 oqsprovider.so->OQS_KEM_decaps(0x6389489e7e90, 0x6389489db600, 0x6389489eb2ca, 0x6389489f20c0) = 0 <0.008301>
[pid 221] 14:56:38.931204 <... EVP_PKEY_decapsulate resumed> ) = 1 <0.008708>
[pid 221] 14:56:38.932108 libssl.so.3->X509_verify_cert(0x6389489e0410, 0, 0x8000, 0xffffffff) = 1 <0.000462>
[pid 221] 14:56:38.932789 libssl.so.3->EVP_DigestVerifyInit_ex(0x638948a0b260, 0x7ffe7a086f88, 0, 0) = 1 <0.000138>
[pid 221] 14:56:38.932968 libssl.so.3->EVP_DigestVerify(0x638948a0b260, 0x6389489eb278, 2420, 0x7ffe7a086f90) = 1 <0.000165>
[pid 221] 14:56:38.933365 libssl.so.3->X509_verify_cert(0x6389489e0410, 1, 1, 0) = 1 <0.000205>
[pid 221] 14:56:38.933883 libssl.so.3->EVP_DigestSignInit_ex(0x63894890d810, 0x7ffe7a086f70, 0, 0) = 1 <0.000258>
[pid 221] 14:56:38.934211 libssl.so.3->EVP_DigestSign(0x63894890d810, 0, 0x7ffe7a086f80, 0x7ffe7a086f90) = 1 <0.000175>
[pid 221] 14:56:38.934438 libssl.so.3->EVP_DigestSign(0x63894890d810, 0x6389489fd120, 0x7ffe7a086f80, 0x7ffe7a086f90) = 1 <0.000289>
[pid 221] 14:56:38.935073 <... SSL_connect resumed> ) = 1 <0.025674>
[pid 221] 14:56:38.935341 oqsprovider.so->OQS_KEM_free(0x6389489e7e90, 0x6389489e7e40, 2, 0x6389489e7e60) = 4 <0.000145>
Handshake duration: 25.89 ms
[pid 221] 14:56:38.937782 +++ exited (status 0) +++
Execution 12 - TLS Mutual
s_connection: verify depth is 1
[pid 223] 14:56:38.995213 openssl->SSL_connect(0x5f2cdbfef530, 0x5f2cdbfcae50, 0x5f2cdbfcae50, 0x7b87190e4360 <unfinished ...>
[pid 223] 14:56:38.995788 libssl.so.3->EVP_PKEY_keygen_init(0x5f2cdbff80b0, 0, 176, 0x5f2cdbff80b0) = 1 <0.000276>
[pid 223] 14:56:38.996206 libssl.so.3->EVP_PKEY_keygen(0x5f2cdbff80b0, 0x7ffe79b8f780, 0, 103 <unfinished ...>
[pid 223] 14:56:38.996420 oqsprovider.so->OQS_KEM_new(0x5f2cdbff6450, 8, 0, 0x5f2cdbff6e70) = 0x5f2cdbff6e90 <0.000188>
[pid 223] 14:56:38.996671 oqsprovider.so->OQS_KEM_keypair(0x5f2cdbff6e90, 0x5f2cdc0007e0, 0x5f2cdc0010c0, 0x5f2cdbff6e70) = 0 <0.002665>
[pid 223] 14:56:38.999425 <... EVP_PKEY_keygen resumed> ) = 1 <0.003215>
[pid 223] 14:56:39.007921 libssl.so.3->EVP_PKEY_decapsulate_init(0x5f2cdbff80b0, 0, 176, 0x5f2cdbff80b0) = 1 <0.000295>
[pid 223] 14:56:39.008279 libssl.so.3->EVP_PKEY_decapsulate(0x5f2cdbff80b0, 0, 0x7ffe79b8f740, 0x5f2cdbffa2ca) = 1 <0.000170>
[pid 223] 14:56:39.008496 libssl.so.3->EVP_PKEY_decapsulate(0x5f2cdbff80b0, 0x5f2cdbfea600, 0x7ffe79b8f740, 0x5f2cdbffa2ca <unfinished ...>
[pid 223] 14:56:39.008637 oqsprovider.so->OQS_KEM_decaps(0x5f2cdbff6e90, 0x5f2cdbfea600, 0x5f2cdbffa2ca, 0x5f2cdc0010c0) = 0 <0.007412>
[pid 223] 14:56:39.016144 <... EVP_PKEY_decapsulate resumed> ) = 1 <0.007639>
[pid 223] 14:56:39.017160 libssl.so.3->X509_verify_cert(0x5f2cdbfef410, 0, 0x8000, 0xffffffff) = 1 <0.000528>
[pid 223] 14:56:39.017915 libssl.so.3->EVP_DigestVerifyInit_ex(0x5f2cdc01a260, 0x7ffe79b8f7e8, 0, 0) = 1 <0.000149>
[pid 223] 14:56:39.018114 libssl.so.3->EVP_DigestVerify(0x5f2cdc01a260, 0x5f2cdbffa278, 2420, 0x7ffe79b8f7f0) = 1 <0.000172>
[pid 223] 14:56:39.018518 libssl.so.3->X509_verify_cert(0x5f2cdbfef410, 1, 1, 0) = 1 <0.000224>
[pid 223] 14:56:39.018984 libssl.so.3->EVP_DigestSignInit_ex(0x5f2cdbf1c810, 0x7ffe79b8f7d0, 0, 0) = 1 <0.000128>
[pid 223] 14:56:39.019159 libssl.so.3->EVP_DigestSign(0x5f2cdbf1c810, 0, 0x7ffe79b8f7e0, 0x7ffe79b8f7f0) = 1 <0.000109>
[pid 223] 14:56:39.019311 libssl.so.3->EVP_DigestSign(0x5f2cdbf1c810, 0x5f2cdc00c120, 0x7ffe79b8f7e0, 0x7ffe79b8f7f0) = 1 <0.000330>
[pid 223] 14:56:39.019952 <... SSL_connect resumed> ) = 1 <0.024736>
[pid 223] 14:56:39.020233 oqsprovider.so->OQS_KEM_free(0x5f2cdbff6e90, 0x5f2cdbff6e40, 2, 0x5f2cdbff6e60) = 4 <0.000170>
Handshake duration: 24.97 ms
[pid 223] 14:56:39.022680 +++ exited (status 0) +++
Execution 13 - TLS Mutual
s_connection: verify depth is 1
[pid 225] 14:56:39.078358 openssl->SSL_connect(0x62fa1d72d530, 0x62fa1d708e50, 0x62fa1d708e50, 0x7c0e85e66360 <unfinished ...>
[pid 225] 14:56:39.078803 libssl.so.3->EVP_PKEY_keygen_init(0x62fa1d7360b0, 0, 176, 0x62fa1d7360b0) = 1 <0.000175>
[pid 225] 14:56:39.079027 libssl.so.3->EVP_PKEY_keygen(0x62fa1d7360b0, 0x7ffe83e87fb0, 0, 103 <unfinished ...>
[pid 225] 14:56:39.079171 oqsprovider.so->OQS_KEM_new(0x62fa1d734450, 8, 0, 0x62fa1d734e70) = 0x62fa1d734e90 <0.000147>
[pid 225] 14:56:39.079373 oqsprovider.so->OQS_KEM_keypair(0x62fa1d734e90, 0x62fa1d73e7e0, 0x62fa1d73f0c0, 0x62fa1d734e70) = 0 <0.002698>
[pid 225] 14:56:39.082156 <... EVP_PKEY_keygen resumed> ) = 1 <0.003122>
[pid 225] 14:56:39.090527 libssl.so.3->EVP_PKEY_decapsulate_init(0x62fa1d7360b0, 0, 176, 0x62fa1d7360b0) = 1 <0.000318>
[pid 225] 14:56:39.090896 libssl.so.3->EVP_PKEY_decapsulate(0x62fa1d7360b0, 0, 0x7ffe83e87f70, 0x62fa1d7382ca) = 1 <0.000132>
[pid 225] 14:56:39.091077 libssl.so.3->EVP_PKEY_decapsulate(0x62fa1d7360b0, 0x62fa1d728600, 0x7ffe83e87f70, 0x62fa1d7382ca <unfinished ...>
[pid 225] 14:56:39.091199 oqsprovider.so->OQS_KEM_decaps(0x62fa1d734e90, 0x62fa1d728600, 0x62fa1d7382ca, 0x62fa1d73f0c0) = 0 <0.007498>
[pid 225] 14:56:39.098753 <... EVP_PKEY_decapsulate resumed> ) = 1 <0.007673>
[pid 225] 14:56:39.099361 libssl.so.3->X509_verify_cert(0x62fa1d72d410, 0, 0x8000, 0xffffffff) = 1 <0.000548>
[pid 225] 14:56:39.100179 libssl.so.3->EVP_DigestVerifyInit_ex(0x62fa1d758260, 0x7ffe83e88018, 0, 0) = 1 <0.000155>
[pid 225] 14:56:39.100378 libssl.so.3->EVP_DigestVerify(0x62fa1d758260, 0x62fa1d738278, 2420, 0x7ffe83e88020) = 1 <0.000209>
[pid 225] 14:56:39.100847 libssl.so.3->X509_verify_cert(0x62fa1d72d410, 1, 1, 0) = 1 <0.000217>
[pid 225] 14:56:39.101342 libssl.so.3->EVP_DigestSignInit_ex(0x62fa1d65a810, 0x7ffe83e88000, 0, 0) = 1 <0.000204>
[pid 225] 14:56:39.101604 libssl.so.3->EVP_DigestSign(0x62fa1d65a810, 0, 0x7ffe83e88010, 0x7ffe83e88020) = 1 <0.000144>
[pid 225] 14:56:39.101799 libssl.so.3->EVP_DigestSign(0x62fa1d65a810, 0x62fa1d74a120, 0x7ffe83e88010, 0x7ffe83e88020) = 1 <0.000343>
[pid 225] 14:56:39.102402 <... SSL_connect resumed> ) = 1 <0.024052>
[pid 225] 14:56:39.102646 oqsprovider.so->OQS_KEM_free(0x62fa1d734e90, 0x62fa1d734e40, 2, 0x62fa1d734e60) = 4 <0.000145>
Handshake duration: 24.25 ms
[pid 225] 14:56:39.105183 +++ exited (status 0) +++
Execution 14 - TLS Mutual
s_connection: verify depth is 1
[pid 227] 14:56:39.164750 openssl->SSL_connect(0x5f3e3eb57530, 0x5f3e3eb32e50, 0x5f3e3eb32e50, 0x7ad0f8bd4360 <unfinished ...>
[pid 227] 14:56:39.165198 libssl.so.3->EVP_PKEY_keygen_init(0x5f3e3eb600b0, 0, 176, 0x5f3e3eb600b0) = 1 <0.000171>
[pid 227] 14:56:39.165428 libssl.so.3->EVP_PKEY_keygen(0x5f3e3eb600b0, 0x7ffd18112e50, 0, 103 <unfinished ...>
[pid 227] 14:56:39.165567 oqsprovider.so->OQS_KEM_new(0x5f3e3eb5e450, 8, 0, 0x5f3e3eb5ee70) = 0x5f3e3eb5ee90 <0.000157>
[pid 227] 14:56:39.165777 oqsprovider.so->OQS_KEM_keypair(0x5f3e3eb5ee90, 0x5f3e3eb687e0, 0x5f3e3eb690c0, 0x5f3e3eb5ee70) = 0 <0.002575>
[pid 227] 14:56:39.168428 <... EVP_PKEY_keygen resumed> ) = 1 <0.002994>
[pid 227] 14:56:39.176651 libssl.so.3->EVP_PKEY_decapsulate_init(0x5f3e3eb600b0, 0, 176, 0x5f3e3eb600b0) = 1 <0.000295>
[pid 227] 14:56:39.176992 libssl.so.3->EVP_PKEY_decapsulate(0x5f3e3eb600b0, 0, 0x7ffd18112e10, 0x5f3e3eb622ca) = 1 <0.000120>
[pid 227] 14:56:39.177161 libssl.so.3->EVP_PKEY_decapsulate(0x5f3e3eb600b0, 0x5f3e3eb52600, 0x7ffd18112e10, 0x5f3e3eb622ca <unfinished ...>
[pid 227] 14:56:39.177285 oqsprovider.so->OQS_KEM_decaps(0x5f3e3eb5ee90, 0x5f3e3eb52600, 0x5f3e3eb622ca, 0x5f3e3eb690c0) = 0 <0.007401>
[pid 227] 14:56:39.184757 <... EVP_PKEY_decapsulate resumed> ) = 1 <0.007588>
[pid 227] 14:56:39.185510 libssl.so.3->X509_verify_cert(0x5f3e3eb57410, 0, 0x8000, 0xffffffff) = 1 <0.000639>
[pid 227] 14:56:39.186365 libssl.so.3->EVP_DigestVerifyInit_ex(0x5f3e3eb82260, 0x7ffd18112eb8, 0, 0) = 1 <0.000191>
[pid 227] 14:56:39.186615 libssl.so.3->EVP_DigestVerify(0x5f3e3eb82260, 0x5f3e3eb62278, 2420, 0x7ffd18112ec0) = 1 <0.000197>
[pid 227] 14:56:39.187015 libssl.so.3->X509_verify_cert(0x5f3e3eb57410, 1, 1, 0) = 1 <0.000202>
[pid 227] 14:56:39.187455 libssl.so.3->EVP_DigestSignInit_ex(0x5f3e3ea84810, 0x7ffd18112ea0, 0, 0) = 1 <0.000134>
[pid 227] 14:56:39.187646 libssl.so.3->EVP_DigestSign(0x5f3e3ea84810, 0, 0x7ffd18112eb0, 0x7ffd18112ec0) = 1 <0.000121>
[pid 227] 14:56:39.187823 libssl.so.3->EVP_DigestSign(0x5f3e3ea84810, 0x5f3e3eb74120, 0x7ffd18112eb0, 0x7ffd18112ec0) = 1 <0.000589>
[pid 227] 14:56:39.188817 <... SSL_connect resumed> ) = 1 <0.024068>
[pid 227] 14:56:39.189082 oqsprovider.so->OQS_KEM_free(0x5f3e3eb5ee90, 0x5f3e3eb5ee40, 2, 0x5f3e3eb5ee60) = 4 <0.000170>
Handshake duration: 24.28 ms
[pid 227] 14:56:39.192145 +++ exited (status 0) +++
Execution 15 - TLS Mutual
s_connection: verify depth is 1
[pid 229] 14:56:39.250691 openssl->SSL_connect(0x5612a7a1c530, 0x5612a79f7e50, 0x5612a79f7e50, 0x7fee2f116360 <unfinished ...>
[pid 229] 14:56:39.251242 libssl.so.3->EVP_PKEY_keygen_init(0x5612a7a250b0, 0, 176, 0x5612a7a250b0) = 1 <0.000236>
[pid 229] 14:56:39.251573 libssl.so.3->EVP_PKEY_keygen(0x5612a7a250b0, 0x7fff023a8b10, 0, 103 <unfinished ...>
[pid 229] 14:56:39.251774 oqsprovider.so->OQS_KEM_new(0x5612a7a23450, 8, 0, 0x5612a7a23e70) = 0x5612a7a23e90 <0.000151>
[pid 229] 14:56:39.251986 oqsprovider.so->OQS_KEM_keypair(0x5612a7a23e90, 0x5612a7a2d7e0, 0x5612a7a2e0c0, 0x5612a7a23e70) = 0 <0.002678>
[pid 229] 14:56:39.254732 <... EVP_PKEY_keygen resumed> ) = 1 <0.003157>
[pid 229] 14:56:39.262851 libssl.so.3->EVP_PKEY_decapsulate_init(0x5612a7a250b0, 0, 176, 0x5612a7a250b0) = 1 <0.000344>
[pid 229] 14:56:39.263238 libssl.so.3->EVP_PKEY_decapsulate(0x5612a7a250b0, 0, 0x7fff023a8ad0, 0x5612a7a272ca) = 1 <0.000127>
[pid 229] 14:56:39.263401 libssl.so.3->EVP_PKEY_decapsulate(0x5612a7a250b0, 0x5612a7a17600, 0x7fff023a8ad0, 0x5612a7a272ca <unfinished ...>
[pid 229] 14:56:39.263526 oqsprovider.so->OQS_KEM_decaps(0x5612a7a23e90, 0x5612a7a17600, 0x5612a7a272ca, 0x5612a7a2e0c0) = 0 <0.007439>
[pid 229] 14:56:39.271070 <... EVP_PKEY_decapsulate resumed> ) = 1 <0.007653>
[pid 229] 14:56:39.271916 libssl.so.3->X509_verify_cert(0x5612a7a1c410, 0, 0x8000, 0xffffffff) = 1 <0.000501>
[pid 229] 14:56:39.272698 libssl.so.3->EVP_DigestVerifyInit_ex(0x5612a7a47260, 0x7fff023a8b78, 0, 0) = 1 <0.000161>
[pid 229] 14:56:39.272916 libssl.so.3->EVP_DigestVerify(0x5612a7a47260, 0x5612a7a27278, 2420, 0x7fff023a8b80) = 1 <0.000285>
[pid 229] 14:56:39.273431 libssl.so.3->X509_verify_cert(0x5612a7a1c410, 1, 1, 0) = 1 <0.000246>
[pid 229] 14:56:39.273960 libssl.so.3->EVP_DigestSignInit_ex(0x5612a7949810, 0x7fff023a8b60, 0, 0) = 1 <0.000156>
[pid 229] 14:56:39.274160 libssl.so.3->EVP_DigestSign(0x5612a7949810, 0, 0x7fff023a8b70, 0x7fff023a8b80) = 1 <0.000140>
[pid 229] 14:56:39.274344 libssl.so.3->EVP_DigestSign(0x5612a7949810, 0x5612a7a39120, 0x7fff023a8b70, 0x7fff023a8b80) = 1 <0.000275>
[pid 229] 14:56:39.274913 <... SSL_connect resumed> ) = 1 <0.024229>
[pid 229] 14:56:39.275185 oqsprovider.so->OQS_KEM_free(0x5612a7a23e90, 0x5612a7a23e40, 2, 0x5612a7a23e60) = 4 <0.000186>
Handshake duration: 24.46 ms
[pid 229] 14:56:39.278507 +++ exited (status 0) +++
Execution 16 - TLS Mutual
s_connection: verify depth is 1
[pid 231] 14:56:39.336515 openssl->SSL_connect(0x5e78808d1530, 0x5e78808ace50, 0x5e78808ace50, 0x71f9b3830360 <unfinished ...>
[pid 231] 14:56:39.337283 libssl.so.3->EVP_PKEY_keygen_init(0x5e78808da0b0, 0, 176, 0x5e78808da0b0) = 1 <0.000226>
[pid 231] 14:56:39.337569 libssl.so.3->EVP_PKEY_keygen(0x5e78808da0b0, 0x7ffe1559a3a0, 0, 103 <unfinished ...>
[pid 231] 14:56:39.337733 oqsprovider.so->OQS_KEM_new(0x5e78808d8450, 8, 0, 0x5e78808d8e70) = 0x5e78808d8e90 <0.000177>
[pid 231] 14:56:39.338258 oqsprovider.so->OQS_KEM_keypair(0x5e78808d8e90, 0x5e78808e27e0, 0x5e78808e30c0, 0x5e78808d8e70) = 0 <0.002917>
[pid 231] 14:56:39.341263 <... EVP_PKEY_keygen resumed> ) = 1 <0.003684>
[pid 231] 14:56:39.349999 libssl.so.3->EVP_PKEY_decapsulate_init(0x5e78808da0b0, 0, 176, 0x5e78808da0b0) = 1 <0.000362>
[pid 231] 14:56:39.350413 libssl.so.3->EVP_PKEY_decapsulate(0x5e78808da0b0, 0, 0x7ffe1559a360, 0x5e78808dc2ca) = 1 <0.000165>
[pid 231] 14:56:39.350646 libssl.so.3->EVP_PKEY_decapsulate(0x5e78808da0b0, 0x5e78808cc600, 0x7ffe1559a360, 0x5e78808dc2ca <unfinished ...>
[pid 231] 14:56:39.350808 oqsprovider.so->OQS_KEM_decaps(0x5e78808d8e90, 0x5e78808cc600, 0x5e78808dc2ca, 0x5e78808e30c0) = 0 <0.007778>
[pid 231] 14:56:39.358721 <... EVP_PKEY_decapsulate resumed> ) = 1 <0.008066>
[pid 231] 14:56:39.359554 libssl.so.3->X509_verify_cert(0x5e78808d1410, 0, 0x8000, 0xffffffff) = 1 <0.000483>
[pid 231] 14:56:39.360293 libssl.so.3->EVP_DigestVerifyInit_ex(0x5e78808fc260, 0x7ffe1559a408, 0, 0) = 1 <0.000188>
[pid 231] 14:56:39.360540 libssl.so.3->EVP_DigestVerify(0x5e78808fc260, 0x5e78808dc278, 2420, 0x7ffe1559a410) = 1 <0.000226>
[pid 231] 14:56:39.361023 libssl.so.3->X509_verify_cert(0x5e78808d1410, 1, 1, 0) = 1 <0.000202>
[pid 231] 14:56:39.361453 libssl.so.3->EVP_DigestSignInit_ex(0x5e78807fe810, 0x7ffe1559a3f0, 0, 0) = 1 <0.000155>
[pid 231] 14:56:39.361654 libssl.so.3->EVP_DigestSign(0x5e78807fe810, 0, 0x7ffe1559a400, 0x7ffe1559a410) = 1 <0.000128>
[pid 231] 14:56:39.361839 libssl.so.3->EVP_DigestSign(0x5e78807fe810, 0x5e78808ee120, 0x7ffe1559a400, 0x7ffe1559a410) = 1 <0.000260>
[pid 231] 14:56:39.362345 <... SSL_connect resumed> ) = 1 <0.025846>
[pid 231] 14:56:39.362629 oqsprovider.so->OQS_KEM_free(0x5e78808d8e90, 0x5e78808d8e40, 2, 0x5e78808d8e60) = 4 <0.000185>
Handshake duration: 26.04 ms
[pid 231] 14:56:39.365039 +++ exited (status 0) +++
Execution 17 - TLS Mutual
s_connection: verify depth is 1
[pid 233] 14:56:39.432696 openssl->SSL_connect(0x5c99b0418530, 0x5c99b03f3e50, 0x5c99b03f3e50, 0x7e0fa84e0360 <unfinished ...>
[pid 233] 14:56:39.433449 libssl.so.3->EVP_PKEY_keygen_init(0x5c99b04210b0, 0, 176, 0x5c99b04210b0) = 1 <0.000335>
[pid 233] 14:56:39.433908 libssl.so.3->EVP_PKEY_keygen(0x5c99b04210b0, 0x7ffef4bdac30, 0, 103 <unfinished ...>
[pid 233] 14:56:39.434129 oqsprovider.so->OQS_KEM_new(0x5c99b041f450, 8, 0, 0x5c99b041fe70) = 0x5c99b041fe90 <0.000176>
[pid 233] 14:56:39.434382 oqsprovider.so->OQS_KEM_keypair(0x5c99b041fe90, 0x5c99b04297e0, 0x5c99b042a0c0, 0x5c99b041fe70) = 0 <0.005260>
[pid 233] 14:56:39.439944 <... EVP_PKEY_keygen resumed> ) = 1 <0.005983>
[pid 233] 14:56:39.456732 libssl.so.3->EVP_PKEY_decapsulate_init(0x5c99b04210b0, 0, 176, 0x5c99b04210b0) = 1 <0.000685>
[pid 233] 14:56:39.457552 libssl.so.3->EVP_PKEY_decapsulate(0x5c99b04210b0, 0, 0x7ffef4bdabf0, 0x5c99b04232ca) = 1 <0.000289>
[pid 233] 14:56:39.457928 libssl.so.3->EVP_PKEY_decapsulate(0x5c99b04210b0, 0x5c99b0413600, 0x7ffef4bdabf0, 0x5c99b04232ca <unfinished ...>
[pid 233] 14:56:39.458138 oqsprovider.so->OQS_KEM_decaps(0x5c99b041fe90, 0x5c99b0413600, 0x5c99b04232ca, 0x5c99b042a0c0) = 0 <0.015568>
[pid 233] 14:56:39.474092 <... EVP_PKEY_decapsulate resumed> ) = 1 <0.016082>
[pid 233] 14:56:39.475431 libssl.so.3->X509_verify_cert(0x5c99b0418410, 0, 0x8000, 0xffffffff) = 1 <0.001222>
[pid 233] 14:56:39.477227 libssl.so.3->EVP_DigestVerifyInit_ex(0x5c99b0443260, 0x7ffef4bdac98, 0, 0) = 1 <0.000406>
[pid 233] 14:56:39.477742 libssl.so.3->EVP_DigestVerify(0x5c99b0443260, 0x5c99b0423278, 2420, 0x7ffef4bdaca0) = 1 <0.000268>
[pid 233] 14:56:39.478376 libssl.so.3->X509_verify_cert(0x5c99b0418410, 1, 1, 0) = 1 <0.000372>
[pid 233] 14:56:39.479195 libssl.so.3->EVP_DigestSignInit_ex(0x5c99b0345810, 0x7ffef4bdac80, 0, 0) = 1 <0.000442>
[pid 233] 14:56:39.479722 libssl.so.3->EVP_DigestSign(0x5c99b0345810, 0, 0x7ffef4bdac90, 0x7ffef4bdaca0) = 1 <0.000164>
[pid 233] 14:56:39.479943 libssl.so.3->EVP_DigestSign(0x5c99b0345810, 0x5c99b0435120, 0x7ffef4bdac90, 0x7ffef4bdaca0) = 1 <0.000619>
[pid 233] 14:56:39.481084 <... SSL_connect resumed> ) = 1 <0.048402>
[pid 233] 14:56:39.481544 oqsprovider.so->OQS_KEM_free(0x5c99b041fe90, 0x5c99b041fe40, 2, 0x5c99b041fe60) = 4 <0.000375>
Handshake duration: 48.81 ms
[pid 233] 14:56:39.487728 +++ exited (status 0) +++
Execution 18 - TLS Mutual
s_connection: verify depth is 1
[pid 235] 14:56:39.550015 openssl->SSL_connect(0x583d61a69530, 0x583d61a44e50, 0x583d61a44e50, 0x719c46cb1360 <unfinished ...>
[pid 235] 14:56:39.550458 libssl.so.3->EVP_PKEY_keygen_init(0x583d61a720b0, 0, 176, 0x583d61a720b0) = 1 <0.000155>
[pid 235] 14:56:39.550668 libssl.so.3->EVP_PKEY_keygen(0x583d61a720b0, 0x7ffea5ab0c00, 0, 103 <unfinished ...>
[pid 235] 14:56:39.550803 oqsprovider.so->OQS_KEM_new(0x583d61a70450, 8, 0, 0x583d61a70e70) = 0x583d61a70e90 <0.000134>
[pid 235] 14:56:39.550999 oqsprovider.so->OQS_KEM_keypair(0x583d61a70e90, 0x583d61a7a7e0, 0x583d61a7b0c0, 0x583d61a70e70) = 0 <0.003275>
[pid 235] 14:56:39.554400 <... EVP_PKEY_keygen resumed> ) = 1 <0.003724>
[pid 235] 14:56:39.562805 libssl.so.3->EVP_PKEY_decapsulate_init(0x583d61a720b0, 0, 176, 0x583d61a720b0) = 1 <0.000344>
[pid 235] 14:56:39.563184 libssl.so.3->EVP_PKEY_decapsulate(0x583d61a720b0, 0, 0x7ffea5ab0bc0, 0x583d61a742ca) = 1 <0.000140>
[pid 235] 14:56:39.563417 libssl.so.3->EVP_PKEY_decapsulate(0x583d61a720b0, 0x583d61a64600, 0x7ffea5ab0bc0, 0x583d61a742ca <unfinished ...>
[pid 235] 14:56:39.563617 oqsprovider.so->OQS_KEM_decaps(0x583d61a70e90, 0x583d61a64600, 0x583d61a742ca, 0x583d61a7b0c0) = 0 <0.009427>
[pid 235] 14:56:39.573224 <... EVP_PKEY_decapsulate resumed> ) = 1 <0.009793>
[pid 235] 14:56:39.574359 libssl.so.3->X509_verify_cert(0x583d61a69410, 0, 0x8000, 0xffffffff) = 1 <0.000594>
[pid 235] 14:56:39.575300 libssl.so.3->EVP_DigestVerifyInit_ex(0x583d61a94260, 0x7ffea5ab0c68, 0, 0) = 1 <0.000182>
[pid 235] 14:56:39.575528 libssl.so.3->EVP_DigestVerify(0x583d61a94260, 0x583d61a74278, 2420, 0x7ffea5ab0c70) = 1 <0.000251>
[pid 235] 14:56:39.576073 libssl.so.3->X509_verify_cert(0x583d61a69410, 1, 1, 0) = 1 <0.000272>
[pid 235] 14:56:39.576642 libssl.so.3->EVP_DigestSignInit_ex(0x583d61996810, 0x7ffea5ab0c50, 0, 0) = 1 <0.000174>
[pid 235] 14:56:39.576896 libssl.so.3->EVP_DigestSign(0x583d61996810, 0, 0x7ffea5ab0c60, 0x7ffea5ab0c70) = 1 <0.000144>
[pid 235] 14:56:39.577092 libssl.so.3->EVP_DigestSign(0x583d61996810, 0x583d61a86120, 0x7ffea5ab0c60, 0x7ffea5ab0c70) = 1 <0.000280>
[pid 235] 14:56:39.577707 <... SSL_connect resumed> ) = 1 <0.027700>
[pid 235] 14:56:39.577997 oqsprovider.so->OQS_KEM_free(0x583d61a70e90, 0x583d61a70e40, 2, 0x583d61a70e60) = 4 <0.000167>
Handshake duration: 27.91 ms
[pid 235] 14:56:39.580315 +++ exited (status 0) +++
Execution 19 - TLS Mutual
s_connection: verify depth is 1
[pid 237] 14:56:39.637675 openssl->SSL_connect(0x5ce08a67c530, 0x5ce08a657e50, 0x5ce08a657e50, 0x73946f6f8360 <unfinished ...>
[pid 237] 14:56:39.638142 libssl.so.3->EVP_PKEY_keygen_init(0x5ce08a6850b0, 0, 176, 0x5ce08a6850b0) = 1 <0.000216>
[pid 237] 14:56:39.638414 libssl.so.3->EVP_PKEY_keygen(0x5ce08a6850b0, 0x7ffe81f0d920, 0, 103 <unfinished ...>
[pid 237] 14:56:39.638635 oqsprovider.so->OQS_KEM_new(0x5ce08a683450, 8, 0, 0x5ce08a683e70) = 0x5ce08a683e90 <0.000188>
[pid 237] 14:56:39.638894 oqsprovider.so->OQS_KEM_keypair(0x5ce08a683e90, 0x5ce08a68d7e0, 0x5ce08a68e0c0, 0x5ce08a683e70) = 0 <0.002605>
[pid 237] 14:56:39.641568 <... EVP_PKEY_keygen resumed> ) = 1 <0.003152>
[pid 237] 14:56:39.649788 libssl.so.3->EVP_PKEY_decapsulate_init(0x5ce08a6850b0, 0, 176, 0x5ce08a6850b0) = 1 <0.000288>
[pid 237] 14:56:39.650111 libssl.so.3->EVP_PKEY_decapsulate(0x5ce08a6850b0, 0, 0x7ffe81f0d8e0, 0x5ce08a6872ca) = 1 <0.000107>
[pid 237] 14:56:39.650283 libssl.so.3->EVP_PKEY_decapsulate(0x5ce08a6850b0, 0x5ce08a677600, 0x7ffe81f0d8e0, 0x5ce08a6872ca <unfinished ...>
[pid 237] 14:56:39.650431 oqsprovider.so->OQS_KEM_decaps(0x5ce08a683e90, 0x5ce08a677600, 0x5ce08a6872ca, 0x5ce08a68e0c0) = 0 <0.007410>
[pid 237] 14:56:39.657891 <... EVP_PKEY_decapsulate resumed> ) = 1 <0.007604>
[pid 237] 14:56:39.658401 libssl.so.3->X509_verify_cert(0x5ce08a67c410, 0, 0x8000, 0xffffffff) = 1 <0.000358>
[pid 237] 14:56:39.658881 libssl.so.3->EVP_DigestVerifyInit_ex(0x5ce08a6a7260, 0x7ffe81f0d988, 0, 0) = 1 <0.000106>
[pid 237] 14:56:39.659022 libssl.so.3->EVP_DigestVerify(0x5ce08a6a7260, 0x5ce08a687278, 2420, 0x7ffe81f0d990) = 1 <0.000217>
[pid 237] 14:56:39.659546 libssl.so.3->X509_verify_cert(0x5ce08a67c410, 1, 1, 0) = 1 <0.000243>
[pid 237] 14:56:39.660009 libssl.so.3->EVP_DigestSignInit_ex(0x5ce08a5a9810, 0x7ffe81f0d970, 0, 0) = 1 <0.000125>
[pid 237] 14:56:39.660171 libssl.so.3->EVP_DigestSign(0x5ce08a5a9810, 0, 0x7ffe81f0d980, 0x7ffe81f0d990) = 1 <0.000102>
[pid 237] 14:56:39.660321 libssl.so.3->EVP_DigestSign(0x5ce08a5a9810, 0x5ce08a699120, 0x7ffe81f0d980, 0x7ffe81f0d990) = 1 <0.000349>
[pid 237] 14:56:39.660920 <... SSL_connect resumed> ) = 1 <0.023254>
[pid 237] 14:56:39.661129 oqsprovider.so->OQS_KEM_free(0x5ce08a683e90, 0x5ce08a683e40, 2, 0x5ce08a683e60) = 4 <0.000123>
Handshake duration: 23.44 ms
[pid 237] 14:56:39.663356 +++ exited (status 0) +++
Execution 20 - TLS Mutual
s_connection: verify depth is 1
[pid 239] 14:56:39.718770 openssl->SSL_connect(0x5dfab161e530, 0x5dfab15f9e50, 0x5dfab15f9e50, 0x706128a9e360 <unfinished ...>
[pid 239] 14:56:39.719225 libssl.so.3->EVP_PKEY_keygen_init(0x5dfab16270b0, 0, 176, 0x5dfab16270b0) = 1 <0.000181>
[pid 239] 14:56:39.719448 libssl.so.3->EVP_PKEY_keygen(0x5dfab16270b0, 0x7fff196cc400, 0, 103 <unfinished ...>
[pid 239] 14:56:39.719580 oqsprovider.so->OQS_KEM_new(0x5dfab1625450, 8, 0, 0x5dfab1625e70) = 0x5dfab1625e90 <0.000140>
[pid 239] 14:56:39.719776 oqsprovider.so->OQS_KEM_keypair(0x5dfab1625e90, 0x5dfab162f7e0, 0x5dfab16300c0, 0x5dfab1625e70) = 0 <0.002591>
[pid 239] 14:56:39.722479 <... EVP_PKEY_keygen resumed> ) = 1 <0.003019>
[pid 239] 14:56:39.731055 libssl.so.3->EVP_PKEY_decapsulate_init(0x5dfab16270b0, 0, 176, 0x5dfab16270b0) = 1 <0.000359>
[pid 239] 14:56:39.731491 libssl.so.3->EVP_PKEY_decapsulate(0x5dfab16270b0, 0, 0x7fff196cc3c0, 0x5dfab16292ca) = 1 <0.000177>
[pid 239] 14:56:39.731719 libssl.so.3->EVP_PKEY_decapsulate(0x5dfab16270b0, 0x5dfab1619600, 0x7fff196cc3c0, 0x5dfab16292ca <unfinished ...>
[pid 239] 14:56:39.731926 oqsprovider.so->OQS_KEM_decaps(0x5dfab1625e90, 0x5dfab1619600, 0x5dfab16292ca, 0x5dfab16300c0) = 0 <0.007520>
[pid 239] 14:56:39.739561 <... EVP_PKEY_decapsulate resumed> ) = 1 <0.007832>
[pid 239] 14:56:39.740400 libssl.so.3->X509_verify_cert(0x5dfab161e410, 0, 0x8000, 0xffffffff) = 1 <0.000469>
[pid 239] 14:56:39.741126 libssl.so.3->EVP_DigestVerifyInit_ex(0x5dfab1649260, 0x7fff196cc468, 0, 0) = 1 <0.000143>
[pid 239] 14:56:39.741314 libssl.so.3->EVP_DigestVerify(0x5dfab1649260, 0x5dfab1629278, 2420, 0x7fff196cc470) = 1 <0.000179>
[pid 239] 14:56:39.741724 libssl.so.3->X509_verify_cert(0x5dfab161e410, 1, 1, 0) = 1 <0.000259>
[pid 239] 14:56:39.742251 libssl.so.3->EVP_DigestSignInit_ex(0x5dfab154b810, 0x7fff196cc450, 0, 0) = 1 <0.000163>
[pid 239] 14:56:39.742465 libssl.so.3->EVP_DigestSign(0x5dfab154b810, 0, 0x7fff196cc460, 0x7fff196cc470) = 1 <0.000137>
[pid 239] 14:56:39.742648 libssl.so.3->EVP_DigestSign(0x5dfab154b810, 0x5dfab163b120, 0x7fff196cc460, 0x7fff196cc470) = 1 <0.000560>
[pid 239] 14:56:39.743641 <... SSL_connect resumed> ) = 1 <0.024833>
[pid 239] 14:56:39.743954 oqsprovider.so->OQS_KEM_free(0x5dfab1625e90, 0x5dfab1625e40, 2, 0x5dfab1625e60) = 4 <0.000196>
Handshake duration: 25.11 ms
[pid 239] 14:56:39.746563 +++ exited (status 0) +++
Execution 21 - TLS Mutual
s_connection: verify depth is 1
[pid 241] 14:56:39.803092 openssl->SSL_connect(0x594f7a1d3530, 0x594f7a1aee50, 0x594f7a1aee50, 0x749e556f5360 <unfinished ...>
[pid 241] 14:56:39.803546 libssl.so.3->EVP_PKEY_keygen_init(0x594f7a1dc0b0, 0, 176, 0x594f7a1dc0b0) = 1 <0.000166>
[pid 241] 14:56:39.803764 libssl.so.3->EVP_PKEY_keygen(0x594f7a1dc0b0, 0x7ffd4cbb60b0, 0, 103 <unfinished ...>
[pid 241] 14:56:39.803893 oqsprovider.so->OQS_KEM_new(0x594f7a1da450, 8, 0, 0x594f7a1dae70) = 0x594f7a1dae90 <0.000114>
[pid 241] 14:56:39.804059 oqsprovider.so->OQS_KEM_keypair(0x594f7a1dae90, 0x594f7a1e47e0, 0x594f7a1e50c0, 0x594f7a1dae70) = 0 <0.002544>
[pid 241] 14:56:39.806677 <... EVP_PKEY_keygen resumed> ) = 1 <0.002904>
[pid 241] 14:56:39.814927 libssl.so.3->EVP_PKEY_decapsulate_init(0x594f7a1dc0b0, 0, 176, 0x594f7a1dc0b0) = 1 <0.000360>
[pid 241] 14:56:39.815338 libssl.so.3->EVP_PKEY_decapsulate(0x594f7a1dc0b0, 0, 0x7ffd4cbb6070, 0x594f7a1de2ca) = 1 <0.000143>
[pid 241] 14:56:39.815561 libssl.so.3->EVP_PKEY_decapsulate(0x594f7a1dc0b0, 0x594f7a1ce600, 0x7ffd4cbb6070, 0x594f7a1de2ca <unfinished ...>
[pid 241] 14:56:39.815736 oqsprovider.so->OQS_KEM_decaps(0x594f7a1dae90, 0x594f7a1ce600, 0x594f7a1de2ca, 0x594f7a1e50c0) = 0 <0.007482>
[pid 241] 14:56:39.823310 <... EVP_PKEY_decapsulate resumed> ) = 1 <0.007741>
[pid 241] 14:56:39.824175 libssl.so.3->X509_verify_cert(0x594f7a1d3410, 0, 0x8000, 0xffffffff) = 1 <0.000724>
[pid 241] 14:56:39.825216 libssl.so.3->EVP_DigestVerifyInit_ex(0x594f7a1fe260, 0x7ffd4cbb6118, 0, 0) = 1 <0.000175>
[pid 241] 14:56:39.825435 libssl.so.3->EVP_DigestVerify(0x594f7a1fe260, 0x594f7a1de278, 2420, 0x7ffd4cbb6120) = 1 <0.000211>
[pid 241] 14:56:39.825897 libssl.so.3->X509_verify_cert(0x594f7a1d3410, 1, 1, 0) = 1 <0.000284>
[pid 241] 14:56:39.826478 libssl.so.3->EVP_DigestSignInit_ex(0x594f7a100810, 0x7ffd4cbb6100, 0, 0) = 1 <0.000177>
[pid 241] 14:56:39.826700 libssl.so.3->EVP_DigestSign(0x594f7a100810, 0, 0x7ffd4cbb6110, 0x7ffd4cbb6120) = 1 <0.000119>
[pid 241] 14:56:39.826976 libssl.so.3->EVP_DigestSign(0x594f7a100810, 0x594f7a1f0120, 0x7ffd4cbb6110, 0x7ffd4cbb6120) = 1 <0.000265>
[pid 241] 14:56:39.827486 <... SSL_connect resumed> ) = 1 <0.024412>
[pid 241] 14:56:39.827722 oqsprovider.so->OQS_KEM_free(0x594f7a1dae90, 0x594f7a1dae40, 2, 0x594f7a1dae60) = 4 <0.000176>
Handshake duration: 24.62 ms
[pid 241] 14:56:39.830306 +++ exited (status 0) +++
Execution 22 - TLS Mutual
s_connection: verify depth is 1
[pid 243] 14:56:39.891794 openssl->SSL_connect(0x56f98eb10530, 0x56f98eaebe50, 0x56f98eaebe50, 0x742a5f162360 <unfinished ...>
[pid 243] 14:56:39.892251 libssl.so.3->EVP_PKEY_keygen_init(0x56f98eb190b0, 0, 176, 0x56f98eb190b0) = 1 <0.000170>
[pid 243] 14:56:39.892477 libssl.so.3->EVP_PKEY_keygen(0x56f98eb190b0, 0x7ffdde3d1ce0, 0, 103 <unfinished ...>
[pid 243] 14:56:39.892634 oqsprovider.so->OQS_KEM_new(0x56f98eb17450, 8, 0, 0x56f98eb17e70) = 0x56f98eb17e90 <0.000139>
[pid 243] 14:56:39.892829 oqsprovider.so->OQS_KEM_keypair(0x56f98eb17e90, 0x56f98eb217e0, 0x56f98eb220c0, 0x56f98eb17e70) = 0 <0.003644>
[pid 243] 14:56:39.896567 <... EVP_PKEY_keygen resumed> ) = 1 <0.004083>
[pid 243] 14:56:39.905021 libssl.so.3->EVP_PKEY_decapsulate_init(0x56f98eb190b0, 0, 176, 0x56f98eb190b0) = 1 <0.000320>
[pid 243] 14:56:39.905398 libssl.so.3->EVP_PKEY_decapsulate(0x56f98eb190b0, 0, 0x7ffdde3d1ca0, 0x56f98eb1b2ca) = 1 <0.000146>
[pid 243] 14:56:39.905596 libssl.so.3->EVP_PKEY_decapsulate(0x56f98eb190b0, 0x56f98eb0b600, 0x7ffdde3d1ca0, 0x56f98eb1b2ca <unfinished ...>
[pid 243] 14:56:39.905737 oqsprovider.so->OQS_KEM_decaps(0x56f98eb17e90, 0x56f98eb0b600, 0x56f98eb1b2ca, 0x56f98eb220c0) = 0 <0.008037>
[pid 243] 14:56:39.913876 <... EVP_PKEY_decapsulate resumed> ) = 1 <0.008274>
[pid 243] 14:56:39.914863 libssl.so.3->X509_verify_cert(0x56f98eb10410, 0, 0x8000, 0xffffffff) = 1 <0.000519>
[pid 243] 14:56:39.915641 libssl.so.3->EVP_DigestVerifyInit_ex(0x56f98eb3b260, 0x7ffdde3d1d48, 0, 0) = 1 <0.000166>
[pid 243] 14:56:39.915866 libssl.so.3->EVP_DigestVerify(0x56f98eb3b260, 0x56f98eb1b278, 2420, 0x7ffdde3d1d50) = 1 <0.000217>
[pid 243] 14:56:39.916351 libssl.so.3->X509_verify_cert(0x56f98eb10410, 1, 1, 0) = 1 <0.000280>
[pid 243] 14:56:39.916930 libssl.so.3->EVP_DigestSignInit_ex(0x56f98ea3d810, 0x7ffdde3d1d30, 0, 0) = 1 <0.000166>
[pid 243] 14:56:39.917160 libssl.so.3->EVP_DigestSign(0x56f98ea3d810, 0, 0x7ffdde3d1d40, 0x7ffdde3d1d50) = 1 <0.000168>
[pid 243] 14:56:39.917378 libssl.so.3->EVP_DigestSign(0x56f98ea3d810, 0x56f98eb2d120, 0x7ffdde3d1d40, 0x7ffdde3d1d50) = 1 <0.000360>
[pid 243] 14:56:39.918070 <... SSL_connect resumed> ) = 1 <0.026284>
[pid 243] 14:56:39.918312 oqsprovider.so->OQS_KEM_free(0x56f98eb17e90, 0x56f98eb17e40, 2, 0x56f98eb17e60) = 4 <0.000131>
Handshake duration: 26.49 ms
[pid 243] 14:56:39.922408 +++ exited (status 0) +++
Execution 23 - TLS Mutual
s_connection: verify depth is 1
[pid 245] 14:56:39.978059 openssl->SSL_connect(0x570d9d392530, 0x570d9d36de50, 0x570d9d36de50, 0x77ce195ff360 <unfinished ...>
[pid 245] 14:56:39.978495 libssl.so.3->EVP_PKEY_keygen_init(0x570d9d39b0b0, 0, 176, 0x570d9d39b0b0) = 1 <0.000164>
[pid 245] 14:56:39.978707 libssl.so.3->EVP_PKEY_keygen(0x570d9d39b0b0, 0x7fff338fa5b0, 0, 103 <unfinished ...>
[pid 245] 14:56:39.978833 oqsprovider.so->OQS_KEM_new(0x570d9d399450, 8, 0, 0x570d9d399e70) = 0x570d9d399e90 <0.000130>
[pid 245] 14:56:39.979023 oqsprovider.so->OQS_KEM_keypair(0x570d9d399e90, 0x570d9d3a37e0, 0x570d9d3a40c0, 0x570d9d399e70) = 0 <0.002741>
[pid 245] 14:56:39.981897 <... EVP_PKEY_keygen resumed> ) = 1 <0.003184>
[pid 245] 14:56:39.990646 libssl.so.3->EVP_PKEY_decapsulate_init(0x570d9d39b0b0, 0, 176, 0x570d9d39b0b0) = 1 <0.000316>
[pid 245] 14:56:39.991003 libssl.so.3->EVP_PKEY_decapsulate(0x570d9d39b0b0, 0, 0x7fff338fa570, 0x570d9d39d2ca) = 1 <0.000238>
[pid 245] 14:56:39.991299 libssl.so.3->EVP_PKEY_decapsulate(0x570d9d39b0b0, 0x570d9d38d600, 0x7fff338fa570, 0x570d9d39d2ca <unfinished ...>
[pid 245] 14:56:39.991433 oqsprovider.so->OQS_KEM_decaps(0x570d9d399e90, 0x570d9d38d600, 0x570d9d39d2ca, 0x570d9d3a40c0) = 0 <0.008189>
[pid 245] 14:56:39.999739 <... EVP_PKEY_decapsulate resumed> ) = 1 <0.008436>
[pid 245] 14:56:40.000709 libssl.so.3->X509_verify_cert(0x570d9d392410, 0, 0x8000, 0xffffffff) = 1 <0.000501>
[pid 245] 14:56:40.001397 libssl.so.3->EVP_DigestVerifyInit_ex(0x570d9d3bd260, 0x7fff338fa618, 0, 0) = 1 <0.000160>
[pid 245] 14:56:40.001609 libssl.so.3->EVP_DigestVerify(0x570d9d3bd260, 0x570d9d39d278, 2420, 0x7fff338fa620) = 1 <0.000183>
[pid 245] 14:56:40.002095 libssl.so.3->X509_verify_cert(0x570d9d392410, 1, 1, 0) = 1 <0.000188>
[pid 245] 14:56:40.002530 libssl.so.3->EVP_DigestSignInit_ex(0x570d9d2bf810, 0x7fff338fa600, 0, 0) = 1 <0.000155>
[pid 245] 14:56:40.002732 libssl.so.3->EVP_DigestSign(0x570d9d2bf810, 0, 0x7fff338fa610, 0x7fff338fa620) = 1 <0.000115>
[pid 245] 14:56:40.002895 libssl.so.3->EVP_DigestSign(0x570d9d2bf810, 0x570d9d3af120, 0x7fff338fa610, 0x7fff338fa620) = 1 <0.000229>
[pid 245] 14:56:40.003442 <... SSL_connect resumed> ) = 1 <0.025392>
[pid 245] 14:56:40.003694 oqsprovider.so->OQS_KEM_free(0x570d9d399e90, 0x570d9d399e40, 2, 0x570d9d399e60) = 4 <0.000125>
Handshake duration: 25.58 ms
[pid 245] 14:56:40.006174 +++ exited (status 0) +++
Execution 24 - TLS Mutual
s_connection: verify depth is 1
[pid 247] 14:56:40.063318 openssl->SSL_connect(0x5ed5fccac530, 0x5ed5fcc87e50, 0x5ed5fcc87e50, 0x77318ed2a360 <unfinished ...>
[pid 247] 14:56:40.063791 libssl.so.3->EVP_PKEY_keygen_init(0x5ed5fccb50b0, 0, 176, 0x5ed5fccb50b0) = 1 <0.000146>
[pid 247] 14:56:40.063987 libssl.so.3->EVP_PKEY_keygen(0x5ed5fccb50b0, 0x7ffcb73d0a90, 0, 103 <unfinished ...>
[pid 247] 14:56:40.064117 oqsprovider.so->OQS_KEM_new(0x5ed5fccb3450, 8, 0, 0x5ed5fccb3e70) = 0x5ed5fccb3e90 <0.000112>
[pid 247] 14:56:40.064281 oqsprovider.so->OQS_KEM_keypair(0x5ed5fccb3e90, 0x5ed5fccbd7e0, 0x5ed5fccbe0c0, 0x5ed5fccb3e70) = 0 <0.002565>
[pid 247] 14:56:40.066945 <... EVP_PKEY_keygen resumed> ) = 1 <0.002953>
[pid 247] 14:56:40.075414 libssl.so.3->EVP_PKEY_decapsulate_init(0x5ed5fccb50b0, 0, 176, 0x5ed5fccb50b0) = 1 <0.000350>
[pid 247] 14:56:40.075823 libssl.so.3->EVP_PKEY_decapsulate(0x5ed5fccb50b0, 0, 0x7ffcb73d0a50, 0x5ed5fccb72ca) = 1 <0.000126>
[pid 247] 14:56:40.076028 libssl.so.3->EVP_PKEY_decapsulate(0x5ed5fccb50b0, 0x5ed5fcca7600, 0x7ffcb73d0a50, 0x5ed5fccb72ca <unfinished ...>
[pid 247] 14:56:40.076182 oqsprovider.so->OQS_KEM_decaps(0x5ed5fccb3e90, 0x5ed5fcca7600, 0x5ed5fccb72ca, 0x5ed5fccbe0c0) = 0 <0.008929>
[pid 247] 14:56:40.085195 <... EVP_PKEY_decapsulate resumed> ) = 1 <0.009161>
[pid 247] 14:56:40.086122 libssl.so.3->X509_verify_cert(0x5ed5fccac410, 0, 0x8000, 0xffffffff) = 1 <0.000454>
[pid 247] 14:56:40.086883 libssl.so.3->EVP_DigestVerifyInit_ex(0x5ed5fccd7260, 0x7ffcb73d0af8, 0, 0) = 1 <0.000193>
[pid 247] 14:56:40.087134 libssl.so.3->EVP_DigestVerify(0x5ed5fccd7260, 0x5ed5fccb7278, 2420, 0x7ffcb73d0b00) = 1 <0.000218>
[pid 247] 14:56:40.087729 libssl.so.3->X509_verify_cert(0x5ed5fccac410, 1, 1, 0) = 1 <0.000229>
[pid 247] 14:56:40.088252 libssl.so.3->EVP_DigestSignInit_ex(0x5ed5fcbd9810, 0x7ffcb73d0ae0, 0, 0) = 1 <0.000193>
[pid 247] 14:56:40.088510 libssl.so.3->EVP_DigestSign(0x5ed5fcbd9810, 0, 0x7ffcb73d0af0, 0x7ffcb73d0b00) = 1 <0.000210>
[pid 247] 14:56:40.088780 libssl.so.3->EVP_DigestSign(0x5ed5fcbd9810, 0x5ed5fccc9120, 0x7ffcb73d0af0, 0x7ffcb73d0b00) = 1 <0.000331>
[pid 247] 14:56:40.089474 <... SSL_connect resumed> ) = 1 <0.026151>
[pid 247] 14:56:40.089740 oqsprovider.so->OQS_KEM_free(0x5ed5fccb3e90, 0x5ed5fccb3e40, 2, 0x5ed5fccb3e60) = 4 <0.000151>
Handshake duration: 26.39 ms
[pid 247] 14:56:40.092007 +++ exited (status 0) +++
Execution 25 - TLS Mutual
s_connection: verify depth is 1
[pid 249] 14:56:40.149524 openssl->SSL_connect(0x6513cc10d530, 0x6513cc0e8e50, 0x6513cc0e8e50, 0x71025b188360 <unfinished ...>
[pid 249] 14:56:40.149977 libssl.so.3->EVP_PKEY_keygen_init(0x6513cc1160b0, 0, 176, 0x6513cc1160b0) = 1 <0.000172>
[pid 249] 14:56:40.150211 libssl.so.3->EVP_PKEY_keygen(0x6513cc1160b0, 0x7ffc06fdbab0, 0, 103 <unfinished ...>
[pid 249] 14:56:40.150354 oqsprovider.so->OQS_KEM_new(0x6513cc114450, 8, 0, 0x6513cc114e70) = 0x6513cc114e90 <0.000126>
[pid 249] 14:56:40.150554 oqsprovider.so->OQS_KEM_keypair(0x6513cc114e90, 0x6513cc11e7e0, 0x6513cc11f0c0, 0x6513cc114e70) = 0 <0.002648>
[pid 249] 14:56:40.153273 <... EVP_PKEY_keygen resumed> ) = 1 <0.003057>
[pid 249] 14:56:40.161563 libssl.so.3->EVP_PKEY_decapsulate_init(0x6513cc1160b0, 0, 176, 0x6513cc1160b0) = 1 <0.000297>
[pid 249] 14:56:40.161921 libssl.so.3->EVP_PKEY_decapsulate(0x6513cc1160b0, 0, 0x7ffc06fdba70, 0x6513cc1182ca) = 1 <0.000136>
[pid 249] 14:56:40.162107 libssl.so.3->EVP_PKEY_decapsulate(0x6513cc1160b0, 0x6513cc108600, 0x7ffc06fdba70, 0x6513cc1182ca <unfinished ...>
[pid 249] 14:56:40.162243 oqsprovider.so->OQS_KEM_decaps(0x6513cc114e90, 0x6513cc108600, 0x6513cc1182ca, 0x6513cc11f0c0) = 0 <0.007879>
[pid 249] 14:56:40.170248 <... EVP_PKEY_decapsulate resumed> ) = 1 <0.008111>
[pid 249] 14:56:40.170981 libssl.so.3->X509_verify_cert(0x6513cc10d410, 0, 0x8000, 0xffffffff) = 1 <0.000383>
[pid 249] 14:56:40.171544 libssl.so.3->EVP_DigestVerifyInit_ex(0x6513cc138260, 0x7ffc06fdbb18, 0, 0) = 1 <0.000158>
[pid 249] 14:56:40.171747 libssl.so.3->EVP_DigestVerify(0x6513cc138260, 0x6513cc118278, 2420, 0x7ffc06fdbb20) = 1 <0.000153>
[pid 249] 14:56:40.172110 libssl.so.3->X509_verify_cert(0x6513cc10d410, 1, 1, 0) = 1 <0.000179>
[pid 249] 14:56:40.172486 libssl.so.3->EVP_DigestSignInit_ex(0x6513cc03a810, 0x7ffc06fdbb00, 0, 0) = 1 <0.000139>
[pid 249] 14:56:40.172669 libssl.so.3->EVP_DigestSign(0x6513cc03a810, 0, 0x7ffc06fdbb10, 0x7ffc06fdbb20) = 1 <0.000119>
[pid 249] 14:56:40.172835 libssl.so.3->EVP_DigestSign(0x6513cc03a810, 0x6513cc12a120, 0x7ffc06fdbb10, 0x7ffc06fdbb20) = 1 <0.000338>
[pid 249] 14:56:40.173397 <... SSL_connect resumed> ) = 1 <0.023881>
[pid 249] 14:56:40.173662 oqsprovider.so->OQS_KEM_free(0x6513cc114e90, 0x6513cc114e40, 2, 0x6513cc114e60) = 4 <0.000142>
Handshake duration: 24.10 ms
[pid 249] 14:56:40.175603 +++ exited (status 0) +++
Execution 26 - TLS Mutual
s_connection: verify depth is 1
[pid 251] 14:56:40.252160 openssl->SSL_connect(0x5f79f64a8530, 0x5f79f6483e50, 0x5f79f6483e50, 0x793850594360 <unfinished ...>
[pid 251] 14:56:40.252654 libssl.so.3->EVP_PKEY_keygen_init(0x5f79f64b10b0, 0, 176, 0x5f79f64b10b0) = 1 <0.000148>
[pid 251] 14:56:40.252853 libssl.so.3->EVP_PKEY_keygen(0x5f79f64b10b0, 0x7ffd678a5980, 0, 103 <unfinished ...>
[pid 251] 14:56:40.253056 oqsprovider.so->OQS_KEM_new(0x5f79f64af450, 8, 0, 0x5f79f64afe70) = 0x5f79f64afe90 <0.000230>
[pid 251] 14:56:40.253367 oqsprovider.so->OQS_KEM_keypair(0x5f79f64afe90, 0x5f79f64b97e0, 0x5f79f64ba0c0, 0x5f79f64afe70) = 0 <0.003066>
[pid 251] 14:56:40.256534 <... EVP_PKEY_keygen resumed> ) = 1 <0.003673>
[pid 251] 14:56:40.266351 libssl.so.3->EVP_PKEY_decapsulate_init(0x5f79f64b10b0, 0, 176, 0x5f79f64b10b0) = 1 <0.000475>
[pid 251] 14:56:40.266908 libssl.so.3->EVP_PKEY_decapsulate(0x5f79f64b10b0, 0, 0x7ffd678a5940, 0x5f79f64b32ca) = 1 <0.000176>
[pid 251] 14:56:40.267141 libssl.so.3->EVP_PKEY_decapsulate(0x5f79f64b10b0, 0x5f79f64a3600, 0x7ffd678a5940, 0x5f79f64b32ca <unfinished ...>
[pid 251] 14:56:40.267292 oqsprovider.so->OQS_KEM_decaps(0x5f79f64afe90, 0x5f79f64a3600, 0x5f79f64b32ca, 0x5f79f64ba0c0) = 0 <0.008021>
[pid 251] 14:56:40.275434 <... EVP_PKEY_decapsulate resumed> ) = 1 <0.008283>
[pid 251] 14:56:40.277278 libssl.so.3->X509_verify_cert(0x5f79f64a8410, 0, 0x8000, 0xffffffff) = 1 <0.000678>
[pid 251] 14:56:40.278248 libssl.so.3->EVP_DigestVerifyInit_ex(0x5f79f64d3260, 0x7ffd678a59e8, 0, 0) = 1 <0.000162>
[pid 251] 14:56:40.278452 libssl.so.3->EVP_DigestVerify(0x5f79f64d3260, 0x5f79f64b3278, 2420, 0x7ffd678a59f0) = 1 <0.000279>
[pid 251] 14:56:40.279108 libssl.so.3->X509_verify_cert(0x5f79f64a8410, 1, 1, 0) = 1 <0.000299>
[pid 251] 14:56:40.279730 libssl.so.3->EVP_DigestSignInit_ex(0x5f79f63d5810, 0x7ffd678a59d0, 0, 0) = 1 <0.000187>
[pid 251] 14:56:40.279977 libssl.so.3->EVP_DigestSign(0x5f79f63d5810, 0, 0x7ffd678a59e0, 0x7ffd678a59f0) = 1 <0.000187>
[pid 251] 14:56:40.280254 libssl.so.3->EVP_DigestSign(0x5f79f63d5810, 0x5f79f64c5120, 0x7ffd678a59e0, 0x7ffd678a59f0) = 1 <0.000306>
[pid 251] 14:56:40.280929 <... SSL_connect resumed> ) = 1 <0.028771>
[pid 251] 14:56:40.281311 oqsprovider.so->OQS_KEM_free(0x5f79f64afe90, 0x5f79f64afe40, 2, 0x5f79f64afe60) = 4 <0.000455>
Handshake duration: 29.09 ms
[pid 251] 14:56:40.284324 +++ exited (status 0) +++
Execution 27 - TLS Mutual
s_connection: verify depth is 1
[pid 253] 14:56:40.339817 openssl->SSL_connect(0x5f44acc65530, 0x5f44acc40e50, 0x5f44acc40e50, 0x77f604950360 <unfinished ...>
[pid 253] 14:56:40.340348 libssl.so.3->EVP_PKEY_keygen_init(0x5f44acc6e0b0, 0, 176, 0x5f44acc6e0b0) = 1 <0.000267>
[pid 253] 14:56:40.340741 libssl.so.3->EVP_PKEY_keygen(0x5f44acc6e0b0, 0x7ffe4ab95810, 0, 103 <unfinished ...>
[pid 253] 14:56:40.340993 oqsprovider.so->OQS_KEM_new(0x5f44acc6c450, 8, 0, 0x5f44acc6ce70) = 0x5f44acc6ce90 <0.000242>
[pid 253] 14:56:40.341394 oqsprovider.so->OQS_KEM_keypair(0x5f44acc6ce90, 0x5f44acc767e0, 0x5f44acc770c0, 0x5f44acc6ce70) = 0 <0.002666>
[pid 253] 14:56:40.344139 <... EVP_PKEY_keygen resumed> ) = 1 <0.003394>
[pid 253] 14:56:40.352951 libssl.so.3->EVP_PKEY_decapsulate_init(0x5f44acc6e0b0, 0, 176, 0x5f44acc6e0b0) = 1 <0.000352>
[pid 253] 14:56:40.353360 libssl.so.3->EVP_PKEY_decapsulate(0x5f44acc6e0b0, 0, 0x7ffe4ab957d0, 0x5f44acc702ca) = 1 <0.000143>
[pid 253] 14:56:40.353558 libssl.so.3->EVP_PKEY_decapsulate(0x5f44acc6e0b0, 0x5f44acc60600, 0x7ffe4ab957d0, 0x5f44acc702ca <unfinished ...>
[pid 253] 14:56:40.353724 oqsprovider.so->OQS_KEM_decaps(0x5f44acc6ce90, 0x5f44acc60600, 0x5f44acc702ca, 0x5f44acc770c0) = 0 <0.007492>
[pid 253] 14:56:40.361321 <... EVP_PKEY_decapsulate resumed> ) = 1 <0.007755>
[pid 253] 14:56:40.362116 libssl.so.3->X509_verify_cert(0x5f44acc65410, 0, 0x8000, 0xffffffff) = 1 <0.000434>
[pid 253] 14:56:40.362750 libssl.so.3->EVP_DigestVerifyInit_ex(0x5f44acc90260, 0x7ffe4ab95878, 0, 0) = 1 <0.000144>
[pid 253] 14:56:40.362940 libssl.so.3->EVP_DigestVerify(0x5f44acc90260, 0x5f44acc70278, 2420, 0x7ffe4ab95880) = 1 <0.000171>
[pid 253] 14:56:40.363335 libssl.so.3->X509_verify_cert(0x5f44acc65410, 1, 1, 0) = 1 <0.000445>
[pid 253] 14:56:40.364115 libssl.so.3->EVP_DigestSignInit_ex(0x5f44acb92810, 0x7ffe4ab95860, 0, 0) = 1 <0.000187>
[pid 253] 14:56:40.364359 libssl.so.3->EVP_DigestSign(0x5f44acb92810, 0, 0x7ffe4ab95870, 0x7ffe4ab95880) = 1 <0.000114>
[pid 253] 14:56:40.364518 libssl.so.3->EVP_DigestSign(0x5f44acb92810, 0x5f44acc82120, 0x7ffe4ab95870, 0x7ffe4ab95880) = 1 <0.000246>
[pid 253] 14:56:40.365014 <... SSL_connect resumed> ) = 1 <0.025211>
[pid 253] 14:56:40.365210 oqsprovider.so->OQS_KEM_free(0x5f44acc6ce90, 0x5f44acc6ce40, 2, 0x5f44acc6ce60) = 4 <0.000110>
Handshake duration: 25.38 ms
[pid 253] 14:56:40.367434 +++ exited (status 0) +++
Execution 28 - TLS Mutual
s_connection: verify depth is 1
[pid 255] 14:56:40.436663 openssl->SSL_connect(0x56bdf1d0b530, 0x56bdf1ce6e50, 0x56bdf1ce6e50, 0x71feecb3a360 <unfinished ...>
[pid 255] 14:56:40.437210 libssl.so.3->EVP_PKEY_keygen_init(0x56bdf1d140b0, 0, 176, 0x56bdf1d140b0) = 1 <0.000162>
[pid 255] 14:56:40.437468 libssl.so.3->EVP_PKEY_keygen(0x56bdf1d140b0, 0x7ffddde2e610, 0, 103 <unfinished ...>
[pid 255] 14:56:40.437817 oqsprovider.so->OQS_KEM_new(0x56bdf1d12450, 8, 0, 0x56bdf1d12e70) = 0x56bdf1d12e90 <0.000190>
[pid 255] 14:56:40.438079 oqsprovider.so->OQS_KEM_keypair(0x56bdf1d12e90, 0x56bdf1d1c7e0, 0x56bdf1d1d0c0, 0x56bdf1d12e70) = 0 <0.002990>
[pid 255] 14:56:40.441369 <... EVP_PKEY_keygen resumed> ) = 1 <0.003898>
[pid 255] 14:56:40.449969 libssl.so.3->EVP_PKEY_decapsulate_init(0x56bdf1d140b0, 0, 176, 0x56bdf1d140b0) = 1 <0.000423>
[pid 255] 14:56:40.450440 libssl.so.3->EVP_PKEY_decapsulate(0x56bdf1d140b0, 0, 0x7ffddde2e5d0, 0x56bdf1d162ca) = 1 <0.000122>
[pid 255] 14:56:40.450649 libssl.so.3->EVP_PKEY_decapsulate(0x56bdf1d140b0, 0x56bdf1d06600, 0x7ffddde2e5d0, 0x56bdf1d162ca <unfinished ...>
[pid 255] 14:56:40.450832 oqsprovider.so->OQS_KEM_decaps(0x56bdf1d12e90, 0x56bdf1d06600, 0x56bdf1d162ca, 0x56bdf1d1d0c0) = 0 <0.007700>
[pid 255] 14:56:40.458675 <... EVP_PKEY_decapsulate resumed> ) = 1 <0.008012>
[pid 255] 14:56:40.459780 libssl.so.3->X509_verify_cert(0x56bdf1d0b410, 0, 0x8000, 0xffffffff) = 1 <0.000581>
[pid 255] 14:56:40.460690 libssl.so.3->EVP_DigestVerifyInit_ex(0x56bdf1d36260, 0x7ffddde2e678, 0, 0) = 1 <0.000299>
[pid 255] 14:56:40.461069 libssl.so.3->EVP_DigestVerify(0x56bdf1d36260, 0x56bdf1d16278, 2420, 0x7ffddde2e680) = 1 <0.000261>
[pid 255] 14:56:40.461646 libssl.so.3->X509_verify_cert(0x56bdf1d0b410, 1, 1, 0) = 1 <0.000333>
[pid 255] 14:56:40.462280 libssl.so.3->EVP_DigestSignInit_ex(0x56bdf1c38810, 0x7ffddde2e660, 0, 0) = 1 <0.000192>
[pid 255] 14:56:40.462546 libssl.so.3->EVP_DigestSign(0x56bdf1c38810, 0, 0x7ffddde2e670, 0x7ffddde2e680) = 1 <0.000198>
[pid 255] 14:56:40.462809 libssl.so.3->EVP_DigestSign(0x56bdf1c38810, 0x56bdf1d28120, 0x7ffddde2e670, 0x7ffddde2e680) = 1 <0.000343>
[pid 255] 14:56:40.463562 <... SSL_connect resumed> ) = 1 <0.026882>
[pid 255] 14:56:40.463866 oqsprovider.so->OQS_KEM_free(0x56bdf1d12e90, 0x56bdf1d12e40, 2, 0x56bdf1d12e60) = 4 <0.000224>
Handshake duration: 27.18 ms
[pid 255] 14:56:40.466619 +++ exited (status 0) +++
Execution 29 - TLS Mutual
s_connection: verify depth is 1
[pid 257] 14:56:40.524469 openssl->SSL_connect(0x64d683d98530, 0x64d683d73e50, 0x64d683d73e50, 0x7b3fc34b3360 <unfinished ...>
[pid 257] 14:56:40.524979 libssl.so.3->EVP_PKEY_keygen_init(0x64d683da10b0, 0, 176, 0x64d683da10b0) = 1 <0.000186>
[pid 257] 14:56:40.525216 libssl.so.3->EVP_PKEY_keygen(0x64d683da10b0, 0x7fffadb797e0, 0, 103 <unfinished ...>
[pid 257] 14:56:40.525408 oqsprovider.so->OQS_KEM_new(0x64d683d9f450, 8, 0, 0x64d683d9fe70) = 0x64d683d9fe90 <0.000149>
[pid 257] 14:56:40.525627 oqsprovider.so->OQS_KEM_keypair(0x64d683d9fe90, 0x64d683da97e0, 0x64d683daa0c0, 0x64d683d9fe70) = 0 <0.004430>
[pid 257] 14:56:40.530147 <... EVP_PKEY_keygen resumed> ) = 1 <0.004926>
[pid 257] 14:56:40.543053 libssl.so.3->EVP_PKEY_decapsulate_init(0x64d683da10b0, 0, 176, 0x64d683da10b0) = 1 <0.000397>
[pid 257] 14:56:40.543504 libssl.so.3->EVP_PKEY_decapsulate(0x64d683da10b0, 0, 0x7fffadb797a0, 0x64d683da32ca) = 1 <0.000145>
[pid 257] 14:56:40.543679 libssl.so.3->EVP_PKEY_decapsulate(0x64d683da10b0, 0x64d683d93600, 0x7fffadb797a0, 0x64d683da32ca <unfinished ...>
[pid 257] 14:56:40.543761 oqsprovider.so->OQS_KEM_decaps(0x64d683d9fe90, 0x64d683d93600, 0x64d683da32ca, 0x64d683daa0c0) = 0 <0.007537>
[pid 257] 14:56:40.551460 <... EVP_PKEY_decapsulate resumed> ) = 1 <0.007762>
[pid 257] 14:56:40.552406 libssl.so.3->X509_verify_cert(0x64d683d98410, 0, 0x8000, 0xffffffff) = 1 <0.000582>
[pid 257] 14:56:40.553222 libssl.so.3->EVP_DigestVerifyInit_ex(0x64d683dc3260, 0x7fffadb79848, 0, 0) = 1 <0.000162>
[pid 257] 14:56:40.553433 libssl.so.3->EVP_DigestVerify(0x64d683dc3260, 0x64d683da3278, 2420, 0x7fffadb79850) = 1 <0.000201>
[pid 257] 14:56:40.553877 libssl.so.3->X509_verify_cert(0x64d683d98410, 1, 1, 0) = 1 <0.000209>
[pid 257] 14:56:40.554353 libssl.so.3->EVP_DigestSignInit_ex(0x64d683cc5810, 0x7fffadb79830, 0, 0) = 1 <0.000128>
[pid 257] 14:56:40.554528 libssl.so.3->EVP_DigestSign(0x64d683cc5810, 0, 0x7fffadb79840, 0x7fffadb79850) = 1 <0.000205>
[pid 257] 14:56:40.554805 libssl.so.3->EVP_DigestSign(0x64d683cc5810, 0x64d683db5120, 0x7fffadb79840, 0x7fffadb79850) = 1 <0.000328>
[pid 257] 14:56:40.555457 <... SSL_connect resumed> ) = 1 <0.031000>
[pid 257] 14:56:40.555785 oqsprovider.so->OQS_KEM_free(0x64d683d9fe90, 0x64d683d9fe40, 2, 0x64d683d9fe60) = 4 <0.000165>
Handshake duration: 31.25 ms
[pid 257] 14:56:40.558496 +++ exited (status 0) +++
Execution 30 - TLS Mutual
s_connection: verify depth is 1
[pid 259] 14:56:40.618081 openssl->SSL_connect(0x56d6edc79530, 0x56d6edc54e50, 0x56d6edc54e50, 0x77de84d61360 <unfinished ...>
[pid 259] 14:56:40.618559 libssl.so.3->EVP_PKEY_keygen_init(0x56d6edc820b0, 0, 176, 0x56d6edc820b0) = 1 <0.000171>
[pid 259] 14:56:40.618776 libssl.so.3->EVP_PKEY_keygen(0x56d6edc820b0, 0x7fff8c7be6e0, 0, 103 <unfinished ...>
[pid 259] 14:56:40.618921 oqsprovider.so->OQS_KEM_new(0x56d6edc80450, 8, 0, 0x56d6edc80e70) = 0x56d6edc80e90 <0.000154>
[pid 259] 14:56:40.619138 oqsprovider.so->OQS_KEM_keypair(0x56d6edc80e90, 0x56d6edc8a7e0, 0x56d6edc8b0c0, 0x56d6edc80e70) = 0 <0.002682>
[pid 259] 14:56:40.621935 <... EVP_PKEY_keygen resumed> ) = 1 <0.003149>
[pid 259] 14:56:40.630608 libssl.so.3->EVP_PKEY_decapsulate_init(0x56d6edc820b0, 0, 176, 0x56d6edc820b0) = 1 <0.000382>
[pid 259] 14:56:40.631045 libssl.so.3->EVP_PKEY_decapsulate(0x56d6edc820b0, 0, 0x7fff8c7be6a0, 0x56d6edc842ca) = 1 <0.000135>
[pid 259] 14:56:40.631228 libssl.so.3->EVP_PKEY_decapsulate(0x56d6edc820b0, 0x56d6edc74600, 0x7fff8c7be6a0, 0x56d6edc842ca <unfinished ...>
[pid 259] 14:56:40.631383 oqsprovider.so->OQS_KEM_decaps(0x56d6edc80e90, 0x56d6edc74600, 0x56d6edc842ca, 0x56d6edc8b0c0) = 0 <0.007696>
[pid 259] 14:56:40.639193 <... EVP_PKEY_decapsulate resumed> ) = 1 <0.007956>
[pid 259] 14:56:40.640182 libssl.so.3->X509_verify_cert(0x56d6edc79410, 0, 0x8000, 0xffffffff) = 1 <0.000601>
[pid 259] 14:56:40.641030 libssl.so.3->EVP_DigestVerifyInit_ex(0x56d6edca4260, 0x7fff8c7be748, 0, 0) = 1 <0.000252>
[pid 259] 14:56:40.641344 libssl.so.3->EVP_DigestVerify(0x56d6edca4260, 0x56d6edc84278, 2420, 0x7fff8c7be750) = 1 <0.000263>
[pid 259] 14:56:40.641869 libssl.so.3->X509_verify_cert(0x56d6edc79410, 1, 1, 0) = 1 <0.000216>
[pid 259] 14:56:40.642345 libssl.so.3->EVP_DigestSignInit_ex(0x56d6edba6810, 0x7fff8c7be730, 0, 0) = 1 <0.000128>
[pid 259] 14:56:40.642534 libssl.so.3->EVP_DigestSign(0x56d6edba6810, 0, 0x7fff8c7be740, 0x7fff8c7be750) = 1 <0.000148>
[pid 259] 14:56:40.642725 libssl.so.3->EVP_DigestSign(0x56d6edba6810, 0x56d6edc96120, 0x7fff8c7be740, 0x7fff8c7be750) = 1 <0.000240>
[pid 259] 14:56:40.643230 <... SSL_connect resumed> ) = 1 <0.025152>
[pid 259] 14:56:40.643456 oqsprovider.so->OQS_KEM_free(0x56d6edc80e90, 0x56d6edc80e40, 2, 0x56d6edc80e60) = 4 <0.000167>
Handshake duration: 25.35 ms
[pid 259] 14:56:40.645766 +++ exited (status 0) +++
Execution 31 - TLS Mutual
s_connection: verify depth is 1
[pid 261] 14:56:40.708921 openssl->SSL_connect(0x5782b56e1530, 0x5782b56bce50, 0x5782b56bce50, 0x7fad0ff68360 <unfinished ...>
[pid 261] 14:56:40.709530 libssl.so.3->EVP_PKEY_keygen_init(0x5782b56ea0b0, 0, 176, 0x5782b56ea0b0) = 1 <0.000794>
[pid 261] 14:56:40.710488 libssl.so.3->EVP_PKEY_keygen(0x5782b56ea0b0, 0x7ffd7ee3fcb0, 0, 103 <unfinished ...>
[pid 261] 14:56:40.710855 oqsprovider.so->OQS_KEM_new(0x5782b56e8450, 8, 0, 0x5782b56e8e70) = 0x5782b56e8e90 <0.000361>
[pid 261] 14:56:40.711312 oqsprovider.so->OQS_KEM_keypair(0x5782b56e8e90, 0x5782b56f27e0, 0x5782b56f30c0, 0x5782b56e8e70) = 0 <0.002949>
[pid 261] 14:56:40.714481 <... EVP_PKEY_keygen resumed> ) = 1 <0.003976>
[pid 261] 14:56:40.724857 libssl.so.3->EVP_PKEY_decapsulate_init(0x5782b56ea0b0, 0, 176, 0x5782b56ea0b0) = 1 <0.000682>
[pid 261] 14:56:40.725759 libssl.so.3->EVP_PKEY_decapsulate(0x5782b56ea0b0, 0, 0x7ffd7ee3fc70, 0x5782b56ec2ca) = 1 <0.000330>
[pid 261] 14:56:40.726173 libssl.so.3->EVP_PKEY_decapsulate(0x5782b56ea0b0, 0x5782b56dc600, 0x7ffd7ee3fc70, 0x5782b56ec2ca <unfinished ...>
[pid 261] 14:56:40.726448 oqsprovider.so->OQS_KEM_decaps(0x5782b56e8e90, 0x5782b56dc600, 0x5782b56ec2ca, 0x5782b56f30c0) = 0 <0.008275>
[pid 261] 14:56:40.736417 <... EVP_PKEY_decapsulate resumed> ) = 1 <0.010153>
[pid 261] 14:56:40.737643 libssl.so.3->X509_verify_cert(0x5782b56e1410, 0, 0x8000, 0xffffffff) = 1 <0.000798>
[pid 261] 14:56:40.738933 libssl.so.3->EVP_DigestVerifyInit_ex(0x5782b570c260, 0x7ffd7ee3fd18, 0, 0) = 1 <0.000327>
[pid 261] 14:56:40.739422 libssl.so.3->EVP_DigestVerify(0x5782b570c260, 0x5782b56ec278, 2420, 0x7ffd7ee3fd20) = 1 <0.000321>
[pid 261] 14:56:40.740137 libssl.so.3->X509_verify_cert(0x5782b56e1410, 1, 1, 0) = 1 <0.000353>
[pid 261] 14:56:40.740834 libssl.so.3->EVP_DigestSignInit_ex(0x5782b560e810, 0x7ffd7ee3fd00, 0, 0) = 1 <0.000214>
[pid 261] 14:56:40.741112 libssl.so.3->EVP_DigestSign(0x5782b560e810, 0, 0x7ffd7ee3fd10, 0x7ffd7ee3fd20) = 1 <0.000178>
[pid 261] 14:56:40.741346 libssl.so.3->EVP_DigestSign(0x5782b560e810, 0x5782b56fe120, 0x7ffd7ee3fd10, 0x7ffd7ee3fd20) = 1 <0.000369>
[pid 261] 14:56:40.742195 <... SSL_connect resumed> ) = 1 <0.033259>
[pid 261] 14:56:40.742505 oqsprovider.so->OQS_KEM_free(0x5782b56e8e90, 0x5782b56e8e40, 2, 0x5782b56e8e60) = 4 <0.000229>
Handshake duration: 33.53 ms
[pid 261] 14:56:40.745565 +++ exited (status 0) +++
Execution 32 - TLS Mutual
s_connection: verify depth is 1
[pid 263] 14:56:40.814987 openssl->SSL_connect(0x6227c5c32530, 0x6227c5c0de50, 0x6227c5c0de50, 0x7096bd6ca360 <unfinished ...>
[pid 263] 14:56:40.815600 libssl.so.3->EVP_PKEY_keygen_init(0x6227c5c3b0b0, 0, 176, 0x6227c5c3b0b0) = 1 <0.000226>
[pid 263] 14:56:40.815880 libssl.so.3->EVP_PKEY_keygen(0x6227c5c3b0b0, 0x7ffed26333f0, 0, 103 <unfinished ...>
[pid 263] 14:56:40.816033 oqsprovider.so->OQS_KEM_new(0x6227c5c39450, 8, 0, 0x6227c5c39e70) = 0x6227c5c39e90 <0.000155>
[pid 263] 14:56:40.816255 oqsprovider.so->OQS_KEM_keypair(0x6227c5c39e90, 0x6227c5c437e0, 0x6227c5c440c0, 0x6227c5c39e70) = 0 <0.002803>
[pid 263] 14:56:40.819196 <... EVP_PKEY_keygen resumed> ) = 1 <0.003307>
[pid 263] 14:56:40.827645 libssl.so.3->EVP_PKEY_decapsulate_init(0x6227c5c3b0b0, 0, 176, 0x6227c5c3b0b0) = 1 <0.000410>
[pid 263] 14:56:40.828131 libssl.so.3->EVP_PKEY_decapsulate(0x6227c5c3b0b0, 0, 0x7ffed26333b0, 0x6227c5c3d2ca) = 1 <0.000308>
[pid 263] 14:56:40.828526 libssl.so.3->EVP_PKEY_decapsulate(0x6227c5c3b0b0, 0x6227c5c2d600, 0x7ffed26333b0, 0x6227c5c3d2ca <unfinished ...>
[pid 263] 14:56:40.828749 oqsprovider.so->OQS_KEM_decaps(0x6227c5c39e90, 0x6227c5c2d600, 0x6227c5c3d2ca, 0x6227c5c440c0) = 0 <0.007429>
[pid 263] 14:56:40.836285 <... EVP_PKEY_decapsulate resumed> ) = 1 <0.007747>
[pid 263] 14:56:40.837476 libssl.so.3->X509_verify_cert(0x6227c5c32410, 0, 0x8000, 0xffffffff) = 1 <0.000628>
[pid 263] 14:56:40.838389 libssl.so.3->EVP_DigestVerifyInit_ex(0x6227c5c5d260, 0x7ffed2633458, 0, 0) = 1 <0.000185>
[pid 263] 14:56:40.838640 libssl.so.3->EVP_DigestVerify(0x6227c5c5d260, 0x6227c5c3d278, 2420, 0x7ffed2633460) = 1 <0.000236>
[pid 263] 14:56:40.839125 libssl.so.3->X509_verify_cert(0x6227c5c32410, 1, 1, 0) = 1 <0.000220>
[pid 263] 14:56:40.839646 libssl.so.3->EVP_DigestSignInit_ex(0x6227c5b5f810, 0x7ffed2633440, 0, 0) = 1 <0.000144>
[pid 263] 14:56:40.839839 libssl.so.3->EVP_DigestSign(0x6227c5b5f810, 0, 0x7ffed2633450, 0x7ffed2633460) = 1 <0.000121>
[pid 263] 14:56:40.840040 libssl.so.3->EVP_DigestSign(0x6227c5b5f810, 0x6227c5c4f120, 0x7ffed2633450, 0x7ffed2633460) = 1 <0.000335>
[pid 263] 14:56:40.840788 <... SSL_connect resumed> ) = 1 <0.025804>
[pid 263] 14:56:40.840984 oqsprovider.so->OQS_KEM_free(0x6227c5c39e90, 0x6227c5c39e40, 2, 0x6227c5c39e60) = 4 <0.000148>
Handshake duration: 26.10 ms
[pid 263] 14:56:40.843547 +++ exited (status 0) +++
Execution 33 - TLS Mutual
s_connection: verify depth is 1
[pid 265] 14:56:40.901728 openssl->SSL_connect(0x56e34630b530, 0x56e3462e6e50, 0x56e3462e6e50, 0x780e33dc7360 <unfinished ...>
[pid 265] 14:56:40.902200 libssl.so.3->EVP_PKEY_keygen_init(0x56e3463140b0, 0, 176, 0x56e3463140b0) = 1 <0.000147>
[pid 265] 14:56:40.902420 libssl.so.3->EVP_PKEY_keygen(0x56e3463140b0, 0x7fff724d9b60, 0, 103 <unfinished ...>
[pid 265] 14:56:40.902557 oqsprovider.so->OQS_KEM_new(0x56e346312450, 8, 0, 0x56e346312e70) = 0x56e346312e90 <0.000174>
[pid 265] 14:56:40.902802 oqsprovider.so->OQS_KEM_keypair(0x56e346312e90, 0x56e34631c7e0, 0x56e34631d0c0, 0x56e346312e70) = 0 <0.002684>
[pid 265] 14:56:40.905544 <... EVP_PKEY_keygen resumed> ) = 1 <0.003119>
[pid 265] 14:56:40.913720 libssl.so.3->EVP_PKEY_decapsulate_init(0x56e3463140b0, 0, 176, 0x56e3463140b0) = 1 <0.000311>
[pid 265] 14:56:40.914081 libssl.so.3->EVP_PKEY_decapsulate(0x56e3463140b0, 0, 0x7fff724d9b20, 0x56e3463162ca) = 1 <0.000117>
[pid 265] 14:56:40.914243 libssl.so.3->EVP_PKEY_decapsulate(0x56e3463140b0, 0x56e346306600, 0x7fff724d9b20, 0x56e3463162ca <unfinished ...>
[pid 265] 14:56:40.914367 oqsprovider.so->OQS_KEM_decaps(0x56e346312e90, 0x56e346306600, 0x56e3463162ca, 0x56e34631d0c0) = 0 <0.007659>
[pid 265] 14:56:40.922102 <... EVP_PKEY_decapsulate resumed> ) = 1 <0.007855>
[pid 265] 14:56:40.923026 libssl.so.3->X509_verify_cert(0x56e34630b410, 0, 0x8000, 0xffffffff) = 1 <0.000602>
[pid 265] 14:56:40.923843 libssl.so.3->EVP_DigestVerifyInit_ex(0x56e346336260, 0x7fff724d9bc8, 0, 0) = 1 <0.000167>
[pid 265] 14:56:40.924059 libssl.so.3->EVP_DigestVerify(0x56e346336260, 0x56e346316278, 2420, 0x7fff724d9bd0) = 1 <0.000195>
[pid 265] 14:56:40.924483 libssl.so.3->X509_verify_cert(0x56e34630b410, 1, 1, 0) = 1 <0.000209>
[pid 265] 14:56:40.924941 libssl.so.3->EVP_DigestSignInit_ex(0x56e346238810, 0x7fff724d9bb0, 0, 0) = 1 <0.000148>
[pid 265] 14:56:40.925142 libssl.so.3->EVP_DigestSign(0x56e346238810, 0, 0x7fff724d9bc0, 0x7fff724d9bd0) = 1 <0.000132>
[pid 265] 14:56:40.925323 libssl.so.3->EVP_DigestSign(0x56e346238810, 0x56e346328120, 0x7fff724d9bc0, 0x7fff724d9bd0) = 1 <0.000337>
[pid 265] 14:56:40.925909 <... SSL_connect resumed> ) = 1 <0.024199>
[pid 265] 14:56:40.926130 oqsprovider.so->OQS_KEM_free(0x56e346312e90, 0x56e346312e40, 2, 0x56e346312e60) = 4 <0.000162>
Handshake duration: 24.40 ms
[pid 265] 14:56:40.928466 +++ exited (status 0) +++
Execution 34 - TLS Mutual
s_connection: verify depth is 1
[pid 267] 14:56:40.984977 openssl->SSL_connect(0x5783468d9530, 0x5783468b4e50, 0x5783468b4e50, 0x7bcdcfa75360 <unfinished ...>
[pid 267] 14:56:40.985465 libssl.so.3->EVP_PKEY_keygen_init(0x5783468e20b0, 0, 176, 0x5783468e20b0) = 1 <0.000177>
[pid 267] 14:56:40.985699 libssl.so.3->EVP_PKEY_keygen(0x5783468e20b0, 0x7ffd2d15d300, 0, 103 <unfinished ...>
[pid 267] 14:56:40.985839 oqsprovider.so->OQS_KEM_new(0x5783468e0450, 8, 0, 0x5783468e0e70) = 0x5783468e0e90 <0.000133>
[pid 267] 14:56:40.986031 oqsprovider.so->OQS_KEM_keypair(0x5783468e0e90, 0x5783468ea7e0, 0x5783468eb0c0, 0x5783468e0e70) = 0 <0.002642>
[pid 267] 14:56:40.988770 <... EVP_PKEY_keygen resumed> ) = 1 <0.003064>
[pid 267] 14:56:40.996927 libssl.so.3->EVP_PKEY_decapsulate_init(0x5783468e20b0, 0, 176, 0x5783468e20b0) = 1 <0.000332>
[pid 267] 14:56:40.997333 libssl.so.3->EVP_PKEY_decapsulate(0x5783468e20b0, 0, 0x7ffd2d15d2c0, 0x5783468e42ca) = 1 <0.000162>
[pid 267] 14:56:40.997726 libssl.so.3->EVP_PKEY_decapsulate(0x5783468e20b0, 0x5783468d4600, 0x7ffd2d15d2c0, 0x5783468e42ca <unfinished ...>
[pid 267] 14:56:40.997886 oqsprovider.so->OQS_KEM_decaps(0x5783468e0e90, 0x5783468d4600, 0x5783468e42ca, 0x5783468eb0c0) = 0 <0.007968>
[pid 267] 14:56:41.005942 <... EVP_PKEY_decapsulate resumed> ) = 1 <0.008215>
[pid 267] 14:56:41.006817 libssl.so.3->X509_verify_cert(0x5783468d9410, 0, 0x8000, 0xffffffff) = 1 <0.000692>
[pid 267] 14:56:41.007872 libssl.so.3->EVP_DigestVerifyInit_ex(0x578346904260, 0x7ffd2d15d368, 0, 0) = 1 <0.000211>
[pid 267] 14:56:41.008147 libssl.so.3->EVP_DigestVerify(0x578346904260, 0x5783468e4278, 2420, 0x7ffd2d15d370) = 1 <0.000246>
[pid 267] 14:56:41.008661 libssl.so.3->X509_verify_cert(0x5783468d9410, 1, 1, 0) = 1 <0.000210>
[pid 267] 14:56:41.009141 libssl.so.3->EVP_DigestSignInit_ex(0x578346806810, 0x7ffd2d15d350, 0, 0) = 1 <0.000142>
[pid 267] 14:56:41.009328 libssl.so.3->EVP_DigestSign(0x578346806810, 0, 0x7ffd2d15d360, 0x7ffd2d15d370) = 1 <0.000133>
[pid 267] 14:56:41.009516 libssl.so.3->EVP_DigestSign(0x578346806810, 0x5783468f6120, 0x7ffd2d15d360, 0x7ffd2d15d370) = 1 <0.000333>
[pid 267] 14:56:41.010119 <... SSL_connect resumed> ) = 1 <0.025147>
[pid 267] 14:56:41.010388 oqsprovider.so->OQS_KEM_free(0x5783468e0e90, 0x5783468e0e40, 2, 0x5783468e0e60) = 4 <0.000179>
Handshake duration: 25.34 ms
[pid 267] 14:56:41.012898 +++ exited (status 0) +++
Execution 35 - TLS Mutual
s_connection: verify depth is 1
[pid 269] 14:56:41.073393 openssl->SSL_connect(0x5e351efeb530, 0x5e351efc6e50, 0x5e351efc6e50, 0x78295c9dd360 <unfinished ...>
[pid 269] 14:56:41.073849 libssl.so.3->EVP_PKEY_keygen_init(0x5e351eff40b0, 0, 176, 0x5e351eff40b0) = 1 <0.000144>
[pid 269] 14:56:41.074044 libssl.so.3->EVP_PKEY_keygen(0x5e351eff40b0, 0x7ffd827d6eb0, 0, 103 <unfinished ...>
[pid 269] 14:56:41.074180 oqsprovider.so->OQS_KEM_new(0x5e351eff2450, 8, 0, 0x5e351eff2e70) = 0x5e351eff2e90 <0.000122>
[pid 269] 14:56:41.074352 oqsprovider.so->OQS_KEM_keypair(0x5e351eff2e90, 0x5e351effc7e0, 0x5e351effd0c0, 0x5e351eff2e70) = 0 <0.002717>
[pid 269] 14:56:41.077161 <... EVP_PKEY_keygen resumed> ) = 1 <0.003111>
[pid 269] 14:56:41.085440 libssl.so.3->EVP_PKEY_decapsulate_init(0x5e351eff40b0, 0, 176, 0x5e351eff40b0) = 1 <0.000351>
[pid 269] 14:56:41.085840 libssl.so.3->EVP_PKEY_decapsulate(0x5e351eff40b0, 0, 0x7ffd827d6e70, 0x5e351eff62ca) = 1 <0.000121>
[pid 269] 14:56:41.086004 libssl.so.3->EVP_PKEY_decapsulate(0x5e351eff40b0, 0x5e351efe6600, 0x7ffd827d6e70, 0x5e351eff62ca <unfinished ...>
[pid 269] 14:56:41.086126 oqsprovider.so->OQS_KEM_decaps(0x5e351eff2e90, 0x5e351efe6600, 0x5e351eff62ca, 0x5e351effd0c0) = 0 <0.007715>
[pid 269] 14:56:41.093931 <... EVP_PKEY_decapsulate resumed> ) = 1 <0.007919>
[pid 269] 14:56:41.094754 libssl.so.3->X509_verify_cert(0x5e351efeb410, 0, 0x8000, 0xffffffff) = 1 <0.000450>
[pid 269] 14:56:41.095398 libssl.so.3->EVP_DigestVerifyInit_ex(0x5e351f016260, 0x7ffd827d6f18, 0, 0) = 1 <0.000135>
[pid 269] 14:56:41.095583 libssl.so.3->EVP_DigestVerify(0x5e351f016260, 0x5e351eff6278, 2420, 0x7ffd827d6f20) = 1 <0.000191>
[pid 269] 14:56:41.096028 libssl.so.3->X509_verify_cert(0x5e351efeb410, 1, 1, 0) = 1 <0.000239>
[pid 269] 14:56:41.096568 libssl.so.3->EVP_DigestSignInit_ex(0x5e351ef18810, 0x7ffd827d6f00, 0, 0) = 1 <0.000194>
[pid 269] 14:56:41.096809 libssl.so.3->EVP_DigestSign(0x5e351ef18810, 0, 0x7ffd827d6f10, 0x7ffd827d6f20) = 1 <0.000118>
[pid 269] 14:56:41.096970 libssl.so.3->EVP_DigestSign(0x5e351ef18810, 0x5e351f008120, 0x7ffd827d6f10, 0x7ffd827d6f20) = 1 <0.000253>
[pid 269] 14:56:41.097481 <... SSL_connect resumed> ) = 1 <0.024095>
[pid 269] 14:56:41.098129 oqsprovider.so->OQS_KEM_free(0x5e351eff2e90, 0x5e351eff2e40, 2, 0x5e351eff2e60) = 4 <0.000260>
Handshake duration: 24.34 ms
[pid 269] 14:56:41.100745 +++ exited (status 0) +++
Execution 36 - TLS Mutual
s_connection: verify depth is 1
[pid 271] 14:56:41.160464 openssl->SSL_connect(0x5f7324e2c530, 0x5f7324e07e50, 0x5f7324e07e50, 0x7589432b0360 <unfinished ...>
[pid 271] 14:56:41.160957 libssl.so.3->EVP_PKEY_keygen_init(0x5f7324e350b0, 0, 176, 0x5f7324e350b0) = 1 <0.000170>
[pid 271] 14:56:41.161187 libssl.so.3->EVP_PKEY_keygen(0x5f7324e350b0, 0x7ffd3ead0840, 0, 103 <unfinished ...>
[pid 271] 14:56:41.161325 oqsprovider.so->OQS_KEM_new(0x5f7324e33450, 8, 0, 0x5f7324e33e70) = 0x5f7324e33e90 <0.000137>
[pid 271] 14:56:41.161520 oqsprovider.so->OQS_KEM_keypair(0x5f7324e33e90, 0x5f7324e3d7e0, 0x5f7324e3e0c0, 0x5f7324e33e70) = 0 <0.002666>
[pid 271] 14:56:41.164285 <... EVP_PKEY_keygen resumed> ) = 1 <0.003088>
[pid 271] 14:56:41.172870 libssl.so.3->EVP_PKEY_decapsulate_init(0x5f7324e350b0, 0, 176, 0x5f7324e350b0) = 1 <0.000364>
[pid 271] 14:56:41.173272 libssl.so.3->EVP_PKEY_decapsulate(0x5f7324e350b0, 0, 0x7ffd3ead0800, 0x5f7324e372ca) = 1 <0.000143>
[pid 271] 14:56:41.173471 libssl.so.3->EVP_PKEY_decapsulate(0x5f7324e350b0, 0x5f7324e27600, 0x7ffd3ead0800, 0x5f7324e372ca <unfinished ...>
[pid 271] 14:56:41.173623 oqsprovider.so->OQS_KEM_decaps(0x5f7324e33e90, 0x5f7324e27600, 0x5f7324e372ca, 0x5f7324e3e0c0) = 0 <0.007858>
[pid 271] 14:56:41.181600 <... EVP_PKEY_decapsulate resumed> ) = 1 <0.008108>
[pid 271] 14:56:41.182458 libssl.so.3->X509_verify_cert(0x5f7324e2c410, 0, 0x8000, 0xffffffff) = 1 <0.000549>
[pid 271] 14:56:41.183238 libssl.so.3->EVP_DigestVerifyInit_ex(0x5f7324e57260, 0x7ffd3ead08a8, 0, 0) = 1 <0.000154>
[pid 271] 14:56:41.183448 libssl.so.3->EVP_DigestVerify(0x5f7324e57260, 0x5f7324e37278, 2420, 0x7ffd3ead08b0) = 1 <0.000641>
[pid 271] 14:56:41.184369 libssl.so.3->X509_verify_cert(0x5f7324e2c410, 1, 1, 0) = 1 <0.000234>
[pid 271] 14:56:41.184882 libssl.so.3->EVP_DigestSignInit_ex(0x5f7324d59810, 0x7ffd3ead0890, 0, 0) = 1 <0.000148>
[pid 271] 14:56:41.185075 libssl.so.3->EVP_DigestSign(0x5f7324d59810, 0, 0x7ffd3ead08a0, 0x7ffd3ead08b0) = 1 <0.000126>
[pid 271] 14:56:41.185244 libssl.so.3->EVP_DigestSign(0x5f7324d59810, 0x5f7324e49120, 0x7ffd3ead08a0, 0x7ffd3ead08b0) = 1 <0.000262>
[pid 271] 14:56:41.185821 <... SSL_connect resumed> ) = 1 <0.025354>
[pid 271] 14:56:41.186246 oqsprovider.so->OQS_KEM_free(0x5f7324e33e90, 0x5f7324e33e40, 2, 0x5f7324e33e60) = 4 <0.000207>
Handshake duration: 25.65 ms
[pid 271] 14:56:41.188912 +++ exited (status 0) +++
Execution 37 - TLS Mutual
s_connection: verify depth is 1
[pid 273] 14:56:41.244732 openssl->SSL_connect(0x591b522fa530, 0x591b522d5e50, 0x591b522d5e50, 0x7206ac2bd360 <unfinished ...>
[pid 273] 14:56:41.245203 libssl.so.3->EVP_PKEY_keygen_init(0x591b523030b0, 0, 176, 0x591b523030b0) = 1 <0.000162>
[pid 273] 14:56:41.245422 libssl.so.3->EVP_PKEY_keygen(0x591b523030b0, 0x7ffe0a02eeb0, 0, 103 <unfinished ...>
[pid 273] 14:56:41.245607 oqsprovider.so->OQS_KEM_new(0x591b52301450, 8, 0, 0x591b52301e70) = 0x591b52301e90 <0.000140>
[pid 273] 14:56:41.245802 oqsprovider.so->OQS_KEM_keypair(0x591b52301e90, 0x591b5230b7e0, 0x591b5230c0c0, 0x591b52301e70) = 0 <0.002983>
[pid 273] 14:56:41.248871 <... EVP_PKEY_keygen resumed> ) = 1 <0.003444>
[pid 273] 14:56:41.257054 libssl.so.3->EVP_PKEY_decapsulate_init(0x591b523030b0, 0, 176, 0x591b523030b0) = 1 <0.000311>
[pid 273] 14:56:41.257412 libssl.so.3->EVP_PKEY_decapsulate(0x591b523030b0, 0, 0x7ffe0a02ee70, 0x591b523052ca) = 1 <0.000132>
[pid 273] 14:56:41.257599 libssl.so.3->EVP_PKEY_decapsulate(0x591b523030b0, 0x591b522f5600, 0x7ffe0a02ee70, 0x591b523052ca <unfinished ...>
[pid 273] 14:56:41.257715 oqsprovider.so->OQS_KEM_decaps(0x591b52301e90, 0x591b522f5600, 0x591b523052ca, 0x591b5230c0c0) = 0 <0.008561>
[pid 273] 14:56:41.266401 <... EVP_PKEY_decapsulate resumed> ) = 1 <0.008792>
[pid 273] 14:56:41.267390 libssl.so.3->X509_verify_cert(0x591b522fa410, 0, 0x8000, 0xffffffff) = 1 <0.000527>
[pid 273] 14:56:41.268289 libssl.so.3->EVP_DigestVerifyInit_ex(0x591b52325260, 0x7ffe0a02ef18, 0, 0) = 1 <0.000257>
[pid 273] 14:56:41.268609 libssl.so.3->EVP_DigestVerify(0x591b52325260, 0x591b52305278, 2420, 0x7ffe0a02ef20) = 1 <0.000179>
[pid 273] 14:56:41.269057 libssl.so.3->X509_verify_cert(0x591b522fa410, 1, 1, 0) = 1 <0.000206>
[pid 273] 14:56:41.269518 libssl.so.3->EVP_DigestSignInit_ex(0x591b52227810, 0x7ffe0a02ef00, 0, 0) = 1 <0.000176>
[pid 273] 14:56:41.269747 libssl.so.3->EVP_DigestSign(0x591b52227810, 0, 0x7ffe0a02ef10, 0x7ffe0a02ef20) = 1 <0.000148>
[pid 273] 14:56:41.269939 libssl.so.3->EVP_DigestSign(0x591b52227810, 0x591b52317120, 0x7ffe0a02ef10, 0x7ffe0a02ef20) = 1 <0.000275>
[pid 273] 14:56:41.270472 <... SSL_connect resumed> ) = 1 <0.025750>
[pid 273] 14:56:41.270712 oqsprovider.so->OQS_KEM_free(0x591b52301e90, 0x591b52301e40, 2, 0x591b52301e60) = 4 <0.000143>
Handshake duration: 25.94 ms
[pid 273] 14:56:41.272937 +++ exited (status 0) +++
Execution 38 - TLS Mutual
s_connection: verify depth is 1
[pid 275] 14:56:41.329783 openssl->SSL_connect(0x5a502c2d9530, 0x5a502c2b4e50, 0x5a502c2b4e50, 0x70d7de738360 <unfinished ...>
[pid 275] 14:56:41.330276 libssl.so.3->EVP_PKEY_keygen_init(0x5a502c2e20b0, 0, 176, 0x5a502c2e20b0) = 1 <0.000154>
[pid 275] 14:56:41.330481 libssl.so.3->EVP_PKEY_keygen(0x5a502c2e20b0, 0x7fff625e0230, 0, 103 <unfinished ...>
[pid 275] 14:56:41.330654 oqsprovider.so->OQS_KEM_new(0x5a502c2e0450, 8, 0, 0x5a502c2e0e70) = 0x5a502c2e0e90 <0.000165>
[pid 275] 14:56:41.330873 oqsprovider.so->OQS_KEM_keypair(0x5a502c2e0e90, 0x5a502c2ea7e0, 0x5a502c2eb0c0, 0x5a502c2e0e70) = 0 <0.002877>
[pid 275] 14:56:41.333817 <... EVP_PKEY_keygen resumed> ) = 1 <0.003331>
[pid 275] 14:56:41.342045 libssl.so.3->EVP_PKEY_decapsulate_init(0x5a502c2e20b0, 0, 176, 0x5a502c2e20b0) = 1 <0.000301>
[pid 275] 14:56:41.342393 libssl.so.3->EVP_PKEY_decapsulate(0x5a502c2e20b0, 0, 0x7fff625e01f0, 0x5a502c2e42ca) = 1 <0.000122>
[pid 275] 14:56:41.342559 libssl.so.3->EVP_PKEY_decapsulate(0x5a502c2e20b0, 0x5a502c2d4600, 0x7fff625e01f0, 0x5a502c2e42ca <unfinished ...>
[pid 275] 14:56:41.342712 oqsprovider.so->OQS_KEM_decaps(0x5a502c2e0e90, 0x5a502c2d4600, 0x5a502c2e42ca, 0x5a502c2eb0c0) = 0 <0.008451>
[pid 275] 14:56:41.351274 <... EVP_PKEY_decapsulate resumed> ) = 1 <0.008704>
[pid 275] 14:56:41.352276 libssl.so.3->X509_verify_cert(0x5a502c2d9410, 0, 0x8000, 0xffffffff) = 1 <0.000599>
[pid 275] 14:56:41.353113 libssl.so.3->EVP_DigestVerifyInit_ex(0x5a502c304260, 0x7fff625e0298, 0, 0) = 1 <0.000186>
[pid 275] 14:56:41.353349 libssl.so.3->EVP_DigestVerify(0x5a502c304260, 0x5a502c2e4278, 2420, 0x7fff625e02a0) = 1 <0.000207>
[pid 275] 14:56:41.353837 libssl.so.3->X509_verify_cert(0x5a502c2d9410, 1, 1, 0) = 1 <0.000304>
[pid 275] 14:56:41.354434 libssl.so.3->EVP_DigestSignInit_ex(0x5a502c206810, 0x7fff625e0280, 0, 0) = 1 <0.000145>
[pid 275] 14:56:41.354709 libssl.so.3->EVP_DigestSign(0x5a502c206810, 0, 0x7fff625e0290, 0x7fff625e02a0) = 1 <0.000179>
[pid 275] 14:56:41.354945 libssl.so.3->EVP_DigestSign(0x5a502c206810, 0x5a502c2f6120, 0x7fff625e0290, 0x7fff625e02a0) = 1 <0.000310>
[pid 275] 14:56:41.355544 <... SSL_connect resumed> ) = 1 <0.025768>
[pid 275] 14:56:41.355977 oqsprovider.so->OQS_KEM_free(0x5a502c2e0e90, 0x5a502c2e0e40, 2, 0x5a502c2e0e60) = 4 <0.000155>
Handshake duration: 26.17 ms
[pid 275] 14:56:41.358747 +++ exited (status 0) +++
Execution 39 - TLS Mutual
s_connection: verify depth is 1
[pid 277] 14:56:41.413192 openssl->SSL_connect(0x58cc2543f530, 0x58cc2541ae50, 0x58cc2541ae50, 0x7bee6a046360 <unfinished ...>
[pid 277] 14:56:41.413612 libssl.so.3->EVP_PKEY_keygen_init(0x58cc254480b0, 0, 176, 0x58cc254480b0) = 1 <0.000141>
[pid 277] 14:56:41.413837 libssl.so.3->EVP_PKEY_keygen(0x58cc254480b0, 0x7ffdca43db40, 0, 103 <unfinished ...>
[pid 277] 14:56:41.413978 oqsprovider.so->OQS_KEM_new(0x58cc25446450, 8, 0, 0x58cc25446e70) = 0x58cc25446e90 <0.000132>
[pid 277] 14:56:41.414162 oqsprovider.so->OQS_KEM_keypair(0x58cc25446e90, 0x58cc254507e0, 0x58cc254510c0, 0x58cc25446e70) = 0 <0.002595>
[pid 277] 14:56:41.416818 <... EVP_PKEY_keygen resumed> ) = 1 <0.002974>
[pid 277] 14:56:41.424949 libssl.so.3->EVP_PKEY_decapsulate_init(0x58cc254480b0, 0, 176, 0x58cc254480b0) = 1 <0.000294>
[pid 277] 14:56:41.425291 libssl.so.3->EVP_PKEY_decapsulate(0x58cc254480b0, 0, 0x7ffdca43db00, 0x58cc2544a2ca) = 1 <0.000110>
[pid 277] 14:56:41.425446 libssl.so.3->EVP_PKEY_decapsulate(0x58cc254480b0, 0x58cc2543a600, 0x7ffdca43db00, 0x58cc2544a2ca <unfinished ...>
[pid 277] 14:56:41.425569 oqsprovider.so->OQS_KEM_decaps(0x58cc25446e90, 0x58cc2543a600, 0x58cc2544a2ca, 0x58cc254510c0) = 0 <0.007398>
[pid 277] 14:56:41.433029 <... EVP_PKEY_decapsulate resumed> ) = 1 <0.007578>
[pid 277] 14:56:41.433810 libssl.so.3->X509_verify_cert(0x58cc2543f410, 0, 0x8000, 0xffffffff) = 1 <0.000583>
[pid 277] 14:56:41.434669 libssl.so.3->EVP_DigestVerifyInit_ex(0x58cc2546a260, 0x7ffdca43dba8, 0, 0) = 1 <0.000212>
[pid 277] 14:56:41.434942 libssl.so.3->EVP_DigestVerify(0x58cc2546a260, 0x58cc2544a278, 2420, 0x7ffdca43dbb0) = 1 <0.000275>
[pid 277] 14:56:41.435441 libssl.so.3->X509_verify_cert(0x58cc2543f410, 1, 1, 0) = 1 <0.000215>
[pid 277] 14:56:41.435890 libssl.so.3->EVP_DigestSignInit_ex(0x58cc2536c810, 0x7ffdca43db90, 0, 0) = 1 <0.000134>
[pid 277] 14:56:41.436066 libssl.so.3->EVP_DigestSign(0x58cc2536c810, 0, 0x7ffdca43dba0, 0x7ffdca43dbb0) = 1 <0.000114>
[pid 277] 14:56:41.436222 libssl.so.3->EVP_DigestSign(0x58cc2536c810, 0x58cc2545c120, 0x7ffdca43dba0, 0x7ffdca43dbb0) = 1 <0.000236>
[pid 277] 14:56:41.436707 <... SSL_connect resumed> ) = 1 <0.023522>
[pid 277] 14:56:41.436922 oqsprovider.so->OQS_KEM_free(0x58cc25446e90, 0x58cc25446e40, 2, 0x58cc25446e60) = 4 <0.000228>
Handshake duration: 23.70 ms
[pid 277] 14:56:41.439176 +++ exited (status 0) +++
Execution 40 - TLS Mutual
s_connection: verify depth is 1
[pid 279] 14:56:41.494807 openssl->SSL_connect(0x5b218bac3530, 0x5b218ba9ee50, 0x5b218ba9ee50, 0x710485986360 <unfinished ...>
[pid 279] 14:56:41.495421 libssl.so.3->EVP_PKEY_keygen_init(0x5b218bacc0b0, 0, 176, 0x5b218bacc0b0) = 1 <0.000303>
[pid 279] 14:56:41.495819 libssl.so.3->EVP_PKEY_keygen(0x5b218bacc0b0, 0x7ffece09e840, 0, 103 <unfinished ...>
[pid 279] 14:56:41.495983 oqsprovider.so->OQS_KEM_new(0x5b218baca450, 8, 0, 0x5b218bacae70) = 0x5b218bacae90 <0.000143>
[pid 279] 14:56:41.496187 oqsprovider.so->OQS_KEM_keypair(0x5b218bacae90, 0x5b218bad47e0, 0x5b218bad50c0, 0x5b218bacae70) = 0 <0.002906>
[pid 279] 14:56:41.499188 <... EVP_PKEY_keygen resumed> ) = 1 <0.003363>
[pid 279] 14:56:41.507334 libssl.so.3->EVP_PKEY_decapsulate_init(0x5b218bacc0b0, 0, 176, 0x5b218bacc0b0) = 1 <0.000341>
[pid 279] 14:56:41.507724 libssl.so.3->EVP_PKEY_decapsulate(0x5b218bacc0b0, 0, 0x7ffece09e800, 0x5b218bace2ca) = 1 <0.000125>
[pid 279] 14:56:41.507894 libssl.so.3->EVP_PKEY_decapsulate(0x5b218bacc0b0, 0x5b218babe600, 0x7ffece09e800, 0x5b218bace2ca <unfinished ...>
[pid 279] 14:56:41.508013 oqsprovider.so->OQS_KEM_decaps(0x5b218bacae90, 0x5b218babe600, 0x5b218bace2ca, 0x5b218bad50c0) = 0 <0.007782>
[pid 279] 14:56:41.515886 <... EVP_PKEY_decapsulate resumed> ) = 1 <0.007984>
[pid 279] 14:56:41.516733 libssl.so.3->X509_verify_cert(0x5b218bac3410, 0, 0x8000, 0xffffffff) = 1 <0.000420>
[pid 279] 14:56:41.517350 libssl.so.3->EVP_DigestVerifyInit_ex(0x5b218baee260, 0x7ffece09e8a8, 0, 0) = 1 <0.000133>
[pid 279] 14:56:41.517526 libssl.so.3->EVP_DigestVerify(0x5b218baee260, 0x5b218bace278, 2420, 0x7ffece09e8b0) = 1 <0.000222>
[pid 279] 14:56:41.517987 libssl.so.3->X509_verify_cert(0x5b218bac3410, 1, 1, 0) = 1 <0.000212>
[pid 279] 14:56:41.518443 libssl.so.3->EVP_DigestSignInit_ex(0x5b218b9f0810, 0x7ffece09e890, 0, 0) = 1 <0.000159>
[pid 279] 14:56:41.518648 libssl.so.3->EVP_DigestSign(0x5b218b9f0810, 0, 0x7ffece09e8a0, 0x7ffece09e8b0) = 1 <0.000125>
[pid 279] 14:56:41.518821 libssl.so.3->EVP_DigestSign(0x5b218b9f0810, 0x5b218bae0120, 0x7ffece09e8a0, 0x7ffece09e8b0) = 1 <0.000281>
[pid 279] 14:56:41.519340 <... SSL_connect resumed> ) = 1 <0.024545>
[pid 279] 14:56:41.519540 oqsprovider.so->OQS_KEM_free(0x5b218bacae90, 0x5b218bacae40, 2, 0x5b218bacae60) = 4 <0.000126>
Handshake duration: 24.73 ms
[pid 279] 14:56:41.521845 +++ exited (status 0) +++
Execution 41 - TLS Mutual
s_connection: verify depth is 1
[pid 281] 14:56:41.578482 openssl->SSL_connect(0x562ea32ab530, 0x562ea3286e50, 0x562ea3286e50, 0x78b682099360 <unfinished ...>
[pid 281] 14:56:41.578966 libssl.so.3->EVP_PKEY_keygen_init(0x562ea32b40b0, 0, 176, 0x562ea32b40b0) = 1 <0.000193>
[pid 281] 14:56:41.579211 libssl.so.3->EVP_PKEY_keygen(0x562ea32b40b0, 0x7ffee4323f70, 0, 103 <unfinished ...>
[pid 281] 14:56:41.579346 oqsprovider.so->OQS_KEM_new(0x562ea32b2450, 8, 0, 0x562ea32b2e70) = 0x562ea32b2e90 <0.000117>
[pid 281] 14:56:41.579514 oqsprovider.so->OQS_KEM_keypair(0x562ea32b2e90, 0x562ea32bc7e0, 0x562ea32bd0c0, 0x562ea32b2e70) = 0 <0.002572>
[pid 281] 14:56:41.582195 <... EVP_PKEY_keygen resumed> ) = 1 <0.002977>
[pid 281] 14:56:41.590290 libssl.so.3->EVP_PKEY_decapsulate_init(0x562ea32b40b0, 0, 176, 0x562ea32b40b0) = 1 <0.000349>
[pid 281] 14:56:41.590690 libssl.so.3->EVP_PKEY_decapsulate(0x562ea32b40b0, 0, 0x7ffee4323f30, 0x562ea32b62ca) = 1 <0.000163>
[pid 281] 14:56:41.590909 libssl.so.3->EVP_PKEY_decapsulate(0x562ea32b40b0, 0x562ea32a6600, 0x7ffee4323f30, 0x562ea32b62ca <unfinished ...>
[pid 281] 14:56:41.591049 oqsprovider.so->OQS_KEM_decaps(0x562ea32b2e90, 0x562ea32a6600, 0x562ea32b62ca, 0x562ea32bd0c0) = 0 <0.007385>
[pid 281] 14:56:41.598513 <... EVP_PKEY_decapsulate resumed> ) = 1 <0.007596>
[pid 281] 14:56:41.599230 libssl.so.3->X509_verify_cert(0x562ea32ab410, 0, 0x8000, 0xffffffff) = 1 <0.001434>
[pid 281] 14:56:41.600953 libssl.so.3->EVP_DigestVerifyInit_ex(0x562ea32d6260, 0x7ffee4323fd8, 0, 0) = 1 <0.000156>
[pid 281] 14:56:41.601154 libssl.so.3->EVP_DigestVerify(0x562ea32d6260, 0x562ea32b6278, 2420, 0x7ffee4323fe0) = 1 <0.000200>
[pid 281] 14:56:41.601615 libssl.so.3->X509_verify_cert(0x562ea32ab410, 1, 1, 0) = 1 <0.000234>
[pid 281] 14:56:41.602084 libssl.so.3->EVP_DigestSignInit_ex(0x562ea31d8810, 0x7ffee4323fc0, 0, 0) = 1 <0.000126>
[pid 281] 14:56:41.602252 libssl.so.3->EVP_DigestSign(0x562ea31d8810, 0, 0x7ffee4323fd0, 0x7ffee4323fe0) = 1 <0.000109>
[pid 281] 14:56:41.602404 libssl.so.3->EVP_DigestSign(0x562ea31d8810, 0x562ea32c8120, 0x7ffee4323fd0, 0x7ffee4323fe0) = 1 <0.000321>
[pid 281] 14:56:41.602997 <... SSL_connect resumed> ) = 1 <0.024523>
[pid 281] 14:56:41.603212 oqsprovider.so->OQS_KEM_free(0x562ea32b2e90, 0x562ea32b2e40, 2, 0x562ea32b2e60) = 4 <0.000153>
Handshake duration: 24.71 ms
[pid 281] 14:56:41.605880 +++ exited (status 0) +++
Execution 42 - TLS Mutual
s_connection: verify depth is 1
[pid 283] 14:56:41.678522 openssl->SSL_connect(0x62d0f52f8530, 0x62d0f52d3e50, 0x62d0f52d3e50, 0x76efa03e8360 <unfinished ...>
[pid 283] 14:56:41.679013 libssl.so.3->EVP_PKEY_keygen_init(0x62d0f53010b0, 0, 176, 0x62d0f53010b0) = 1 <0.000196>
[pid 283] 14:56:41.679264 libssl.so.3->EVP_PKEY_keygen(0x62d0f53010b0, 0x7ffe41a484c0, 0, 103 <unfinished ...>
[pid 283] 14:56:41.679432 oqsprovider.so->OQS_KEM_new(0x62d0f52ff450, 8, 0, 0x62d0f52ffe70) = 0x62d0f52ffe90 <0.000191>
[pid 283] 14:56:41.679685 oqsprovider.so->OQS_KEM_keypair(0x62d0f52ffe90, 0x62d0f53097e0, 0x62d0f530a0c0, 0x62d0f52ffe70) = 0 <0.002725>
[pid 283] 14:56:41.682495 <... EVP_PKEY_keygen resumed> ) = 1 <0.003224>
[pid 283] 14:56:41.690862 libssl.so.3->EVP_PKEY_decapsulate_init(0x62d0f53010b0, 0, 176, 0x62d0f53010b0) = 1 <0.000367>
[pid 283] 14:56:41.691283 libssl.so.3->EVP_PKEY_decapsulate(0x62d0f53010b0, 0, 0x7ffe41a48480, 0x62d0f53032ca) = 1 <0.000154>
[pid 283] 14:56:41.691492 libssl.so.3->EVP_PKEY_decapsulate(0x62d0f53010b0, 0x62d0f52f3600, 0x7ffe41a48480, 0x62d0f53032ca <unfinished ...>
[pid 283] 14:56:41.691683 oqsprovider.so->OQS_KEM_decaps(0x62d0f52ffe90, 0x62d0f52f3600, 0x62d0f53032ca, 0x62d0f530a0c0) = 0 <0.007734>
[pid 283] 14:56:41.699510 <... EVP_PKEY_decapsulate resumed> ) = 1 <0.008009>
[pid 283] 14:56:41.700876 libssl.so.3->X509_verify_cert(0x62d0f52f8410, 0, 0x8000, 0xffffffff) = 1 <0.000540>
[pid 283] 14:56:41.701655 libssl.so.3->EVP_DigestVerifyInit_ex(0x62d0f5323260, 0x7ffe41a48528, 0, 0) = 1 <0.000200>
[pid 283] 14:56:41.701966 libssl.so.3->EVP_DigestVerify(0x62d0f5323260, 0x62d0f5303278, 2420, 0x7ffe41a48530) = 1 <0.000268>
[pid 283] 14:56:41.702514 libssl.so.3->X509_verify_cert(0x62d0f52f8410, 1, 1, 0) = 1 <0.000279>
[pid 283] 14:56:41.703081 libssl.so.3->EVP_DigestSignInit_ex(0x62d0f5225810, 0x7ffe41a48510, 0, 0) = 1 <0.000194>
[pid 283] 14:56:41.703328 libssl.so.3->EVP_DigestSign(0x62d0f5225810, 0, 0x7ffe41a48520, 0x7ffe41a48530) = 1 <0.000148>
[pid 283] 14:56:41.703543 libssl.so.3->EVP_DigestSign(0x62d0f5225810, 0x62d0f5315120, 0x7ffe41a48520, 0x7ffe41a48530) = 1 <0.000295>
[pid 283] 14:56:41.704182 <... SSL_connect resumed> ) = 1 <0.025664>
[pid 283] 14:56:41.704510 oqsprovider.so->OQS_KEM_free(0x62d0f52ffe90, 0x62d0f52ffe40, 2, 0x62d0f52ffe60) = 4 <0.000256>
Handshake duration: 25.91 ms
[pid 283] 14:56:41.708476 +++ exited (status 0) +++
Execution 43 - TLS Mutual
s_connection: verify depth is 1
[pid 285] 14:56:41.765759 openssl->SSL_connect(0x6153c144d530, 0x6153c1428e50, 0x6153c1428e50, 0x72d812158360 <unfinished ...>
[pid 285] 14:56:41.766161 libssl.so.3->EVP_PKEY_keygen_init(0x6153c14560b0, 0, 176, 0x6153c14560b0) = 1 <0.000132>
[pid 285] 14:56:41.766352 libssl.so.3->EVP_PKEY_keygen(0x6153c14560b0, 0x7ffdf82e0470, 0, 103 <unfinished ...>
[pid 285] 14:56:41.766493 oqsprovider.so->OQS_KEM_new(0x6153c1454450, 8, 0, 0x6153c1454e70) = 0x6153c1454e90 <0.000144>
[pid 285] 14:56:41.766693 oqsprovider.so->OQS_KEM_keypair(0x6153c1454e90, 0x6153c145e7e0, 0x6153c145f0c0, 0x6153c1454e70) = 0 <0.002642>
[pid 285] 14:56:41.769408 <... EVP_PKEY_keygen resumed> ) = 1 <0.003053>
[pid 285] 14:56:41.777812 libssl.so.3->EVP_PKEY_decapsulate_init(0x6153c14560b0, 0, 176, 0x6153c14560b0) = 1 <0.000280>
[pid 285] 14:56:41.778133 libssl.so.3->EVP_PKEY_decapsulate(0x6153c14560b0, 0, 0x7ffdf82e0430, 0x6153c14582ca) = 1 <0.000140>
[pid 285] 14:56:41.778319 libssl.so.3->EVP_PKEY_decapsulate(0x6153c14560b0, 0x6153c1448600, 0x7ffdf82e0430, 0x6153c14582ca <unfinished ...>
[pid 285] 14:56:41.778441 oqsprovider.so->OQS_KEM_decaps(0x6153c1454e90, 0x6153c1448600, 0x6153c14582ca, 0x6153c145f0c0) = 0 <0.007681>
[pid 285] 14:56:41.786216 <... EVP_PKEY_decapsulate resumed> ) = 1 <0.007890>
[pid 285] 14:56:41.788439 libssl.so.3->X509_verify_cert(0x6153c144d410, 0, 0x8000, 0xffffffff) = 1 <0.000560>
[pid 285] 14:56:41.789231 libssl.so.3->EVP_DigestVerifyInit_ex(0x6153c1478260, 0x7ffdf82e04d8, 0, 0) = 1 <0.000165>
[pid 285] 14:56:41.789440 libssl.so.3->EVP_DigestVerify(0x6153c1478260, 0x6153c1458278, 2420, 0x7ffdf82e04e0) = 1 <0.000196>
[pid 285] 14:56:41.789847 libssl.so.3->X509_verify_cert(0x6153c144d410, 1, 1, 0) = 1 <0.000205>
[pid 285] 14:56:41.790321 libssl.so.3->EVP_DigestSignInit_ex(0x6153c137a810, 0x7ffdf82e04c0, 0, 0) = 1 <0.000146>
[pid 285] 14:56:41.790520 libssl.so.3->EVP_DigestSign(0x6153c137a810, 0, 0x7ffdf82e04d0, 0x7ffdf82e04e0) = 1 <0.000148>
[pid 285] 14:56:41.790708 libssl.so.3->EVP_DigestSign(0x6153c137a810, 0x6153c146a120, 0x7ffdf82e04d0, 0x7ffdf82e04e0) = 1 <0.000339>
[pid 285] 14:56:41.791302 <... SSL_connect resumed> ) = 1 <0.025551>
[pid 285] 14:56:41.791534 oqsprovider.so->OQS_KEM_free(0x6153c1454e90, 0x6153c1454e40, 2, 0x6153c1454e60) = 4 <0.000147>
Handshake duration: 25.73 ms
[pid 285] 14:56:41.793841 +++ exited (status 0) +++
Execution 44 - TLS Mutual
s_connection: verify depth is 1
[pid 287] 14:56:41.853630 openssl->SSL_connect(0x586a5f347530, 0x586a5f322e50, 0x586a5f322e50, 0x7b51eec0e360 <unfinished ...>
[pid 287] 14:56:41.854090 libssl.so.3->EVP_PKEY_keygen_init(0x586a5f3500b0, 0, 176, 0x586a5f3500b0) = 1 <0.000165>
[pid 287] 14:56:41.854311 libssl.so.3->EVP_PKEY_keygen(0x586a5f3500b0, 0x7fff7545ad00, 0, 103 <unfinished ...>
[pid 287] 14:56:41.854450 oqsprovider.so->OQS_KEM_new(0x586a5f34e450, 8, 0, 0x586a5f34ee70) = 0x586a5f34ee90 <0.000215>
[pid 287] 14:56:41.854729 oqsprovider.so->OQS_KEM_keypair(0x586a5f34ee90, 0x586a5f3587e0, 0x586a5f3590c0, 0x586a5f34ee70) = 0 <0.002701>
[pid 287] 14:56:41.857560 <... EVP_PKEY_keygen resumed> ) = 1 <0.003244>
[pid 287] 14:56:41.865836 libssl.so.3->EVP_PKEY_decapsulate_init(0x586a5f3500b0, 0, 176, 0x586a5f3500b0) = 1 <0.000309>
[pid 287] 14:56:41.866191 libssl.so.3->EVP_PKEY_decapsulate(0x586a5f3500b0, 0, 0x7fff7545acc0, 0x586a5f3522ca) = 1 <0.000115>
[pid 287] 14:56:41.866350 libssl.so.3->EVP_PKEY_decapsulate(0x586a5f3500b0, 0x586a5f342600, 0x7fff7545acc0, 0x586a5f3522ca <unfinished ...>
[pid 287] 14:56:41.866476 oqsprovider.so->OQS_KEM_decaps(0x586a5f34ee90, 0x586a5f342600, 0x586a5f3522ca, 0x586a5f3590c0) = 0 <0.007396>
[pid 287] 14:56:41.873945 <... EVP_PKEY_decapsulate resumed> ) = 1 <0.007589>
[pid 287] 14:56:41.874854 libssl.so.3->X509_verify_cert(0x586a5f347410, 0, 0x8000, 0xffffffff) = 1 <0.000480>
[pid 287] 14:56:41.875607 libssl.so.3->EVP_DigestVerifyInit_ex(0x586a5f372260, 0x7fff7545ad68, 0, 0) = 1 <0.000156>
[pid 287] 14:56:41.875844 libssl.so.3->EVP_DigestVerify(0x586a5f372260, 0x586a5f352278, 2420, 0x7fff7545ad70) = 1 <0.000201>
[pid 287] 14:56:41.876312 libssl.so.3->X509_verify_cert(0x586a5f347410, 1, 1, 0) = 1 <0.000238>
[pid 287] 14:56:41.876841 libssl.so.3->EVP_DigestSignInit_ex(0x586a5f274810, 0x7fff7545ad50, 0, 0) = 1 <0.000138>
[pid 287] 14:56:41.877018 libssl.so.3->EVP_DigestSign(0x586a5f274810, 0, 0x7fff7545ad60, 0x7fff7545ad70) = 1 <0.000119>
[pid 287] 14:56:41.877184 libssl.so.3->EVP_DigestSign(0x586a5f274810, 0x586a5f364120, 0x7fff7545ad60, 0x7fff7545ad70) = 1 <0.000379>
[pid 287] 14:56:41.877965 <... SSL_connect resumed> ) = 1 <0.024328>
[pid 287] 14:56:41.878271 oqsprovider.so->OQS_KEM_free(0x586a5f34ee90, 0x586a5f34ee40, 2, 0x586a5f34ee60) = 4 <0.000187>
Handshake duration: 24.61 ms
[pid 287] 14:56:41.880895 +++ exited (status 0) +++
Execution 45 - TLS Mutual
s_connection: verify depth is 1
[pid 289] 14:56:41.938776 openssl->SSL_connect(0x5809091c0530, 0x58090919be50, 0x58090919be50, 0x7f8478a16360 <unfinished ...>
[pid 289] 14:56:41.939230 libssl.so.3->EVP_PKEY_keygen_init(0x5809091c90b0, 0, 176, 0x5809091c90b0) = 1 <0.000185>
[pid 289] 14:56:41.939460 libssl.so.3->EVP_PKEY_keygen(0x5809091c90b0, 0x7ffc02e26100, 0, 103 <unfinished ...>
[pid 289] 14:56:41.939680 oqsprovider.so->OQS_KEM_new(0x5809091c7450, 8, 0, 0x5809091c7e70) = 0x5809091c7e90 <0.000177>
[pid 289] 14:56:41.939920 oqsprovider.so->OQS_KEM_keypair(0x5809091c7e90, 0x5809091d17e0, 0x5809091d20c0, 0x5809091c7e70) = 0 <0.002943>
[pid 289] 14:56:41.942941 <... EVP_PKEY_keygen resumed> ) = 1 <0.003480>
[pid 289] 14:56:41.951319 libssl.so.3->EVP_PKEY_decapsulate_init(0x5809091c90b0, 0, 176, 0x5809091c90b0) = 1 <0.000362>
[pid 289] 14:56:41.951755 libssl.so.3->EVP_PKEY_decapsulate(0x5809091c90b0, 0, 0x7ffc02e260c0, 0x5809091cb2ca) = 1 <0.000165>
[pid 289] 14:56:41.951965 libssl.so.3->EVP_PKEY_decapsulate(0x5809091c90b0, 0x5809091bb600, 0x7ffc02e260c0, 0x5809091cb2ca <unfinished ...>
[pid 289] 14:56:41.952112 oqsprovider.so->OQS_KEM_decaps(0x5809091c7e90, 0x5809091bb600, 0x5809091cb2ca, 0x5809091d20c0) = 0 <0.007984>
[pid 289] 14:56:41.960223 <... EVP_PKEY_decapsulate resumed> ) = 1 <0.008249>
[pid 289] 14:56:41.961633 libssl.so.3->X509_verify_cert(0x5809091c0410, 0, 0x8000, 0xffffffff) = 1 <0.000606>
[pid 289] 14:56:41.962465 libssl.so.3->EVP_DigestVerifyInit_ex(0x5809091eb260, 0x7ffc02e26168, 0, 0) = 1 <0.000193>
[pid 289] 14:56:41.962708 libssl.so.3->EVP_DigestVerify(0x5809091eb260, 0x5809091cb278, 2420, 0x7ffc02e26170) = 1 <0.000195>
[pid 289] 14:56:41.963159 libssl.so.3->X509_verify_cert(0x5809091c0410, 1, 1, 0) = 1 <0.000220>
[pid 289] 14:56:41.963678 libssl.so.3->EVP_DigestSignInit_ex(0x5809090ed810, 0x7ffc02e26150, 0, 0) = 1 <0.000191>
[pid 289] 14:56:41.963924 libssl.so.3->EVP_DigestSign(0x5809090ed810, 0, 0x7ffc02e26160, 0x7ffc02e26170) = 1 <0.000150>
[pid 289] 14:56:41.964132 libssl.so.3->EVP_DigestSign(0x5809090ed810, 0x5809091dd120, 0x7ffc02e26160, 0x7ffc02e26170) = 1 <0.000342>
[pid 289] 14:56:41.964816 <... SSL_connect resumed> ) = 1 <0.026042>
[pid 289] 14:56:41.965077 oqsprovider.so->OQS_KEM_free(0x5809091c7e90, 0x5809091c7e40, 2, 0x5809091c7e60) = 4 <0.000224>
Handshake duration: 26.28 ms
[pid 289] 14:56:41.967658 +++ exited (status 0) +++
Execution 46 - TLS Mutual
s_connection: verify depth is 1
[pid 291] 14:56:42.024422 openssl->SSL_connect(0x5744a6097530, 0x5744a6072e50, 0x5744a6072e50, 0x74bd7b840360 <unfinished ...>
[pid 291] 14:56:42.024952 libssl.so.3->EVP_PKEY_keygen_init(0x5744a60a00b0, 0, 176, 0x5744a60a00b0) = 1 <0.000248>
[pid 291] 14:56:42.025271 libssl.so.3->EVP_PKEY_keygen(0x5744a60a00b0, 0x7ffe16784050, 0, 103 <unfinished ...>
[pid 291] 14:56:42.025453 oqsprovider.so->OQS_KEM_new(0x5744a609e450, 8, 0, 0x5744a609ee70) = 0x5744a609ee90 <0.000198>
[pid 291] 14:56:42.025713 oqsprovider.so->OQS_KEM_keypair(0x5744a609ee90, 0x5744a60a87e0, 0x5744a60a90c0, 0x5744a609ee70) = 0 <0.002640>
[pid 291] 14:56:42.028436 <... EVP_PKEY_keygen resumed> ) = 1 <0.003162>
[pid 291] 14:56:42.037159 libssl.so.3->EVP_PKEY_decapsulate_init(0x5744a60a00b0, 0, 176, 0x5744a60a00b0) = 1 <0.000377>
[pid 291] 14:56:42.037596 libssl.so.3->EVP_PKEY_decapsulate(0x5744a60a00b0, 0, 0x7ffe16784010, 0x5744a60a22ca) = 1 <0.000158>
[pid 291] 14:56:42.037824 libssl.so.3->EVP_PKEY_decapsulate(0x5744a60a00b0, 0x5744a6092600, 0x7ffe16784010, 0x5744a60a22ca <unfinished ...>
[pid 291] 14:56:42.038006 oqsprovider.so->OQS_KEM_decaps(0x5744a609ee90, 0x5744a6092600, 0x5744a60a22ca, 0x5744a60a90c0) = 0 <0.007514>
[pid 291] 14:56:42.045638 <... EVP_PKEY_decapsulate resumed> ) = 1 <0.007809>
[pid 291] 14:56:42.046565 libssl.so.3->X509_verify_cert(0x5744a6097410, 0, 0x8000, 0xffffffff) = 1 <0.000520>
[pid 291] 14:56:42.047337 libssl.so.3->EVP_DigestVerifyInit_ex(0x5744a60c2260, 0x7ffe167840b8, 0, 0) = 1 <0.000169>
[pid 291] 14:56:42.047552 libssl.so.3->EVP_DigestVerify(0x5744a60c2260, 0x5744a60a2278, 2420, 0x7ffe167840c0) = 1 <0.000210>
[pid 291] 14:56:42.047992 libssl.so.3->X509_verify_cert(0x5744a6097410, 1, 1, 0) = 1 <0.000199>
[pid 291] 14:56:42.048439 libssl.so.3->EVP_DigestSignInit_ex(0x5744a5fc4810, 0x7ffe167840a0, 0, 0) = 1 <0.000153>
[pid 291] 14:56:42.048649 libssl.so.3->EVP_DigestSign(0x5744a5fc4810, 0, 0x7ffe167840b0, 0x7ffe167840c0) = 1 <0.000186>
[pid 291] 14:56:42.048873 libssl.so.3->EVP_DigestSign(0x5744a5fc4810, 0x5744a60b4120, 0x7ffe167840b0, 0x7ffe167840c0) = 1 <0.000435>
[pid 291] 14:56:42.049740 <... SSL_connect resumed> ) = 1 <0.025318>
[pid 291] 14:56:42.050106 oqsprovider.so->OQS_KEM_free(0x5744a609ee90, 0x5744a609ee40, 2, 0x5744a609ee60) = 4 <0.000191>
Handshake duration: 25.64 ms
[pid 291] 14:56:42.053196 +++ exited (status 0) +++
Execution 47 - TLS Mutual
s_connection: verify depth is 1
[pid 293] 14:56:42.111345 openssl->SSL_connect(0x6323913cc530, 0x6323913a7e50, 0x6323913a7e50, 0x7fe772e75360 <unfinished ...>
[pid 293] 14:56:42.111854 libssl.so.3->EVP_PKEY_keygen_init(0x6323913d50b0, 0, 176, 0x6323913d50b0) = 1 <0.000212>
[pid 293] 14:56:42.112137 libssl.so.3->EVP_PKEY_keygen(0x6323913d50b0, 0x7fff73322910, 0, 103 <unfinished ...>
[pid 293] 14:56:42.112293 oqsprovider.so->OQS_KEM_new(0x6323913d3450, 8, 0, 0x6323913d3e70) = 0x6323913d3e90 <0.000162>
[pid 293] 14:56:42.112519 oqsprovider.so->OQS_KEM_keypair(0x6323913d3e90, 0x6323913dd7e0, 0x6323913de0c0, 0x6323913d3e70) = 0 <0.002704>
[pid 293] 14:56:42.115300 <... EVP_PKEY_keygen resumed> ) = 1 <0.003159>
[pid 293] 14:56:42.124129 libssl.so.3->EVP_PKEY_decapsulate_init(0x6323913d50b0, 0, 176, 0x6323913d50b0) = 1 <0.000342>
[pid 293] 14:56:42.124521 libssl.so.3->EVP_PKEY_decapsulate(0x6323913d50b0, 0, 0x7fff733228d0, 0x6323913d72ca) = 1 <0.000188>
[pid 293] 14:56:42.124812 libssl.so.3->EVP_PKEY_decapsulate(0x6323913d50b0, 0x6323913c7600, 0x7fff733228d0, 0x6323913d72ca <unfinished ...>
[pid 293] 14:56:42.125016 oqsprovider.so->OQS_KEM_decaps(0x6323913d3e90, 0x6323913c7600, 0x6323913d72ca, 0x6323913de0c0) = 0 <0.007456>
[pid 293] 14:56:42.132545 <... EVP_PKEY_decapsulate resumed> ) = 1 <0.007734>
[pid 293] 14:56:42.133327 libssl.so.3->X509_verify_cert(0x6323913cc410, 0, 0x8000, 0xffffffff) = 1 <0.000494>
[pid 293] 14:56:42.134006 libssl.so.3->EVP_DigestVerifyInit_ex(0x6323913f7260, 0x7fff73322978, 0, 0) = 1 <0.000129>
[pid 293] 14:56:42.134177 libssl.so.3->EVP_DigestVerify(0x6323913f7260, 0x6323913d7278, 2420, 0x7fff73322980) = 1 <0.000162>
[pid 293] 14:56:42.134557 libssl.so.3->X509_verify_cert(0x6323913cc410, 1, 1, 0) = 1 <0.000196>
[pid 293] 14:56:42.134982 libssl.so.3->EVP_DigestSignInit_ex(0x6323912f9810, 0x7fff73322960, 0, 0) = 1 <0.000133>
[pid 293] 14:56:42.135164 libssl.so.3->EVP_DigestSign(0x6323912f9810, 0, 0x7fff73322970, 0x7fff73322980) = 1 <0.000110>
[pid 293] 14:56:42.135325 libssl.so.3->EVP_DigestSign(0x6323912f9810, 0x6323913e9120, 0x7fff73322970, 0x7fff73322980) = 1 <0.000321>
[pid 293] 14:56:42.136041 <... SSL_connect resumed> ) = 1 <0.024707>
[pid 293] 14:56:42.136258 oqsprovider.so->OQS_KEM_free(0x6323913d3e90, 0x6323913d3e40, 2, 0x6323913d3e60) = 4 <0.000125>
Handshake duration: 24.92 ms
[pid 293] 14:56:42.138426 +++ exited (status 0) +++
Execution 48 - TLS Mutual
s_connection: verify depth is 1
[pid 295] 14:56:42.195042 openssl->SSL_connect(0x5f658a0cf530, 0x5f658a0aae50, 0x5f658a0aae50, 0x72719e3fb360 <unfinished ...>
[pid 295] 14:56:42.195509 libssl.so.3->EVP_PKEY_keygen_init(0x5f658a0d80b0, 0, 176, 0x5f658a0d80b0) = 1 <0.000178>
[pid 295] 14:56:42.195740 libssl.so.3->EVP_PKEY_keygen(0x5f658a0d80b0, 0x7ffe6b189230, 0, 103 <unfinished ...>
[pid 295] 14:56:42.195897 oqsprovider.so->OQS_KEM_new(0x5f658a0d6450, 8, 0, 0x5f658a0d6e70) = 0x5f658a0d6e90 <0.000124>
[pid 295] 14:56:42.196074 oqsprovider.so->OQS_KEM_keypair(0x5f658a0d6e90, 0x5f658a0e07e0, 0x5f658a0e10c0, 0x5f658a0d6e70) = 0 <0.002794>
[pid 295] 14:56:42.198971 <... EVP_PKEY_keygen resumed> ) = 1 <0.003223>
[pid 295] 14:56:42.207342 libssl.so.3->EVP_PKEY_decapsulate_init(0x5f658a0d80b0, 0, 176, 0x5f658a0d80b0) = 1 <0.000402>
[pid 295] 14:56:42.207787 libssl.so.3->EVP_PKEY_decapsulate(0x5f658a0d80b0, 0, 0x7ffe6b1891f0, 0x5f658a0da2ca) = 1 <0.000143>
[pid 295] 14:56:42.207977 libssl.so.3->EVP_PKEY_decapsulate(0x5f658a0d80b0, 0x5f658a0ca600, 0x7ffe6b1891f0, 0x5f658a0da2ca <unfinished ...>
[pid 295] 14:56:42.208098 oqsprovider.so->OQS_KEM_decaps(0x5f658a0d6e90, 0x5f658a0ca600, 0x5f658a0da2ca, 0x5f658a0e10c0) = 0 <0.008054>
[pid 295] 14:56:42.216333 <... EVP_PKEY_decapsulate resumed> ) = 1 <0.008322>
[pid 295] 14:56:42.217270 libssl.so.3->X509_verify_cert(0x5f658a0cf410, 0, 0x8000, 0xffffffff) = 1 <0.000548>
[pid 295] 14:56:42.218059 libssl.so.3->EVP_DigestVerifyInit_ex(0x5f658a0fa260, 0x7ffe6b189298, 0, 0) = 1 <0.000185>
[pid 295] 14:56:42.218312 libssl.so.3->EVP_DigestVerify(0x5f658a0fa260, 0x5f658a0da278, 2420, 0x7ffe6b1892a0) = 1 <0.000245>
[pid 295] 14:56:42.218846 libssl.so.3->X509_verify_cert(0x5f658a0cf410, 1, 1, 0) = 1 <0.000262>
[pid 295] 14:56:42.219398 libssl.so.3->EVP_DigestSignInit_ex(0x5f6589ffc810, 0x7ffe6b189280, 0, 0) = 1 <0.000205>
[pid 295] 14:56:42.219658 libssl.so.3->EVP_DigestSign(0x5f6589ffc810, 0, 0x7ffe6b189290, 0x7ffe6b1892a0) = 1 <0.000166>
[pid 295] 14:56:42.219904 libssl.so.3->EVP_DigestSign(0x5f6589ffc810, 0x5f658a0ec120, 0x7ffe6b189290, 0x7ffe6b1892a0) = 1 <0.000458>
[pid 295] 14:56:42.220667 <... SSL_connect resumed> ) = 1 <0.025633>
[pid 295] 14:56:42.220904 oqsprovider.so->OQS_KEM_free(0x5f658a0d6e90, 0x5f658a0d6e40, 2, 0x5f658a0d6e60) = 4 <0.000173>
Handshake duration: 25.83 ms
[pid 295] 14:56:42.223390 +++ exited (status 0) +++
Execution 49 - TLS Mutual
s_connection: verify depth is 1
[pid 297] 14:56:42.281278 openssl->SSL_connect(0x608eecd22530, 0x608eeccfde50, 0x608eeccfde50, 0x7a9a4fe89360 <unfinished ...>
[pid 297] 14:56:42.281798 libssl.so.3->EVP_PKEY_keygen_init(0x608eecd2b0b0, 0, 176, 0x608eecd2b0b0) = 1 <0.000175>
[pid 297] 14:56:42.282019 libssl.so.3->EVP_PKEY_keygen(0x608eecd2b0b0, 0x7ffdd3e70760, 0, 103 <unfinished ...>
[pid 297] 14:56:42.282175 oqsprovider.so->OQS_KEM_new(0x608eecd29450, 8, 0, 0x608eecd29e70) = 0x608eecd29e90 <0.000140>
[pid 297] 14:56:42.282360 oqsprovider.so->OQS_KEM_keypair(0x608eecd29e90, 0x608eecd337e0, 0x608eecd340c0, 0x608eecd29e70) = 0 <0.002652>
[pid 297] 14:56:42.285088 <... EVP_PKEY_keygen resumed> ) = 1 <0.003064>
[pid 297] 14:56:42.293270 libssl.so.3->EVP_PKEY_decapsulate_init(0x608eecd2b0b0, 0, 176, 0x608eecd2b0b0) = 1 <0.000351>
[pid 297] 14:56:42.293666 libssl.so.3->EVP_PKEY_decapsulate(0x608eecd2b0b0, 0, 0x7ffdd3e70720, 0x608eecd2d2ca) = 1 <0.000120>
[pid 297] 14:56:42.293831 libssl.so.3->EVP_PKEY_decapsulate(0x608eecd2b0b0, 0x608eecd1d600, 0x7ffdd3e70720, 0x608eecd2d2ca <unfinished ...>
[pid 297] 14:56:42.293998 oqsprovider.so->OQS_KEM_decaps(0x608eecd29e90, 0x608eecd1d600, 0x608eecd2d2ca, 0x608eecd340c0) = 0 <0.007622>
[pid 297] 14:56:42.301710 <... EVP_PKEY_decapsulate resumed> ) = 1 <0.007872>
[pid 297] 14:56:42.302496 libssl.so.3->X509_verify_cert(0x608eecd22410, 0, 0x8000, 0xffffffff) = 1 <0.000804>
[pid 297] 14:56:42.303567 libssl.so.3->EVP_DigestVerifyInit_ex(0x608eecd4d260, 0x7ffdd3e707c8, 0, 0) = 1 <0.000219>
[pid 297] 14:56:42.303852 libssl.so.3->EVP_DigestVerify(0x608eecd4d260, 0x608eecd2d278, 2420, 0x7ffdd3e707d0) = 1 <0.000243>
[pid 297] 14:56:42.304327 libssl.so.3->X509_verify_cert(0x608eecd22410, 1, 1, 0) = 1 <0.000217>
[pid 297] 14:56:42.304810 libssl.so.3->EVP_DigestSignInit_ex(0x608eecc4f810, 0x7ffdd3e707b0, 0, 0) = 1 <0.000147>
[pid 297] 14:56:42.305005 libssl.so.3->EVP_DigestSign(0x608eecc4f810, 0, 0x7ffdd3e707c0, 0x7ffdd3e707d0) = 1 <0.000192>
[pid 297] 14:56:42.305255 libssl.so.3->EVP_DigestSign(0x608eecc4f810, 0x608eecd3f120, 0x7ffdd3e707c0, 0x7ffdd3e707d0) = 1 <0.000329>
[pid 297] 14:56:42.305904 <... SSL_connect resumed> ) = 1 <0.024634>
[pid 297] 14:56:42.306218 oqsprovider.so->OQS_KEM_free(0x608eecd29e90, 0x608eecd29e40, 2, 0x608eecd29e60) = 4 <0.000192>
Handshake duration: 24.86 ms
[pid 297] 14:56:42.308983 +++ exited (status 0) +++
Execution 50 - TLS Mutual
s_connection: verify depth is 1
[pid 299] 14:56:42.365976 openssl->SSL_connect(0x648a528fc530, 0x648a528d7e50, 0x648a528d7e50, 0x7a8b6d97a360 <unfinished ...>
[pid 299] 14:56:42.366524 libssl.so.3->EVP_PKEY_keygen_init(0x648a529050b0, 0, 176, 0x648a529050b0) = 1 <0.000214>
[pid 299] 14:56:42.366801 libssl.so.3->EVP_PKEY_keygen(0x648a529050b0, 0x7ffce1962830, 0, 103 <unfinished ...>
[pid 299] 14:56:42.366938 oqsprovider.so->OQS_KEM_new(0x648a52903450, 8, 0, 0x648a52903e70) = 0x648a52903e90 <0.000117>
[pid 299] 14:56:42.367117 oqsprovider.so->OQS_KEM_keypair(0x648a52903e90, 0x648a5290d7e0, 0x648a5290e0c0, 0x648a52903e70) = 0 <0.002822>
[pid 299] 14:56:42.370017 <... EVP_PKEY_keygen resumed> ) = 1 <0.003208>
[pid 299] 14:56:42.378039 libssl.so.3->EVP_PKEY_decapsulate_init(0x648a529050b0, 0, 176, 0x648a529050b0) = 1 <0.000273>
[pid 299] 14:56:42.378363 libssl.so.3->EVP_PKEY_decapsulate(0x648a529050b0, 0, 0x7ffce19627f0, 0x648a529072ca) = 1 <0.000126>
[pid 299] 14:56:42.378537 libssl.so.3->EVP_PKEY_decapsulate(0x648a529050b0, 0x648a528f7600, 0x7ffce19627f0, 0x648a529072ca <unfinished ...>
[pid 299] 14:56:42.378695 oqsprovider.so->OQS_KEM_decaps(0x648a52903e90, 0x648a528f7600, 0x648a529072ca, 0x648a5290e0c0) = 0 <0.007653>
[pid 299] 14:56:42.386438 <... EVP_PKEY_decapsulate resumed> ) = 1 <0.007897>
[pid 299] 14:56:42.387325 libssl.so.3->X509_verify_cert(0x648a528fc410, 0, 0x8000, 0xffffffff) = 1 <0.000467>
[pid 299] 14:56:42.388107 libssl.so.3->EVP_DigestVerifyInit_ex(0x648a52927260, 0x7ffce1962898, 0, 0) = 1 <0.000196>
[pid 299] 14:56:42.388396 libssl.so.3->EVP_DigestVerify(0x648a52927260, 0x648a52907278, 2420, 0x7ffce19628a0) = 1 <0.000224>
[pid 299] 14:56:42.388884 libssl.so.3->X509_verify_cert(0x648a528fc410, 1, 1, 0) = 1 <0.000228>
[pid 299] 14:56:42.389378 libssl.so.3->EVP_DigestSignInit_ex(0x648a52829810, 0x7ffce1962880, 0, 0) = 1 <0.000156>
[pid 299] 14:56:42.389597 libssl.so.3->EVP_DigestSign(0x648a52829810, 0, 0x7ffce1962890, 0x7ffce19628a0) = 1 <0.000141>
[pid 299] 14:56:42.389788 libssl.so.3->EVP_DigestSign(0x648a52829810, 0x648a52919120, 0x7ffce1962890, 0x7ffce19628a0) = 1 <0.000366>
[pid 299] 14:56:42.390419 <... SSL_connect resumed> ) = 1 <0.024450>
[pid 299] 14:56:42.390658 oqsprovider.so->OQS_KEM_free(0x648a52903e90, 0x648a52903e40, 2, 0x648a52903e60) = 4 <0.000162>
Handshake duration: 24.64 ms
[pid 299] 14:56:42.392916 +++ exited (status 0) +++
Execution 51 - TLS Mutual
s_connection: verify depth is 1
[pid 301] 14:56:42.449807 openssl->SSL_connect(0x623707196530, 0x623707171e50, 0x623707171e50, 0x768e240a3360 <unfinished ...>
[pid 301] 14:56:42.450231 libssl.so.3->EVP_PKEY_keygen_init(0x62370719f0b0, 0, 176, 0x62370719f0b0) = 1 <0.000147>
[pid 301] 14:56:42.450429 libssl.so.3->EVP_PKEY_keygen(0x62370719f0b0, 0x7ffe8964f240, 0, 103 <unfinished ...>
[pid 301] 14:56:42.450558 oqsprovider.so->OQS_KEM_new(0x62370719d450, 8, 0, 0x62370719de70) = 0x62370719de90 <0.000146>
[pid 301] 14:56:42.450755 oqsprovider.so->OQS_KEM_keypair(0x62370719de90, 0x6237071a77e0, 0x6237071a80c0, 0x62370719de70) = 0 <0.002854>
[pid 301] 14:56:42.453698 <... EVP_PKEY_keygen resumed> ) = 1 <0.003264>
[pid 301] 14:56:42.462090 libssl.so.3->EVP_PKEY_decapsulate_init(0x62370719f0b0, 0, 176, 0x62370719f0b0) = 1 <0.000280>
[pid 301] 14:56:42.462411 libssl.so.3->EVP_PKEY_decapsulate(0x62370719f0b0, 0, 0x7ffe8964f200, 0x6237071a12ca) = 1 <0.000128>
[pid 301] 14:56:42.462594 libssl.so.3->EVP_PKEY_decapsulate(0x62370719f0b0, 0x623707191600, 0x7ffe8964f200, 0x6237071a12ca <unfinished ...>
[pid 301] 14:56:42.462718 oqsprovider.so->OQS_KEM_decaps(0x62370719de90, 0x623707191600, 0x6237071a12ca, 0x6237071a80c0) = 0 <0.007944>
[pid 301] 14:56:42.470833 <... EVP_PKEY_decapsulate resumed> ) = 1 <0.008209>
[pid 301] 14:56:42.471742 libssl.so.3->X509_verify_cert(0x623707196410, 0, 0x8000, 0xffffffff) = 1 <0.000496>
[pid 301] 14:56:42.472454 libssl.so.3->EVP_DigestVerifyInit_ex(0x6237071c1260, 0x7ffe8964f2a8, 0, 0) = 1 <0.000161>
[pid 301] 14:56:42.472667 libssl.so.3->EVP_DigestVerify(0x6237071c1260, 0x6237071a1278, 2420, 0x7ffe8964f2b0) = 1 <0.000243>
[pid 301] 14:56:42.473230 libssl.so.3->X509_verify_cert(0x623707196410, 1, 1, 0) = 1 <0.000279>
[pid 301] 14:56:42.473786 libssl.so.3->EVP_DigestSignInit_ex(0x6237070c3810, 0x7ffe8964f290, 0, 0) = 1 <0.000141>
[pid 301] 14:56:42.474005 libssl.so.3->EVP_DigestSign(0x6237070c3810, 0, 0x7ffe8964f2a0, 0x7ffe8964f2b0) = 1 <0.000147>
[pid 301] 14:56:42.474232 libssl.so.3->EVP_DigestSign(0x6237070c3810, 0x6237071b3120, 0x7ffe8964f2a0, 0x7ffe8964f2b0) = 1 <0.000319>
[pid 301] 14:56:42.474847 <... SSL_connect resumed> ) = 1 <0.025050>
[pid 301] 14:56:42.475139 oqsprovider.so->OQS_KEM_free(0x62370719de90, 0x62370719de40, 2, 0x62370719de60) = 4 <0.000189>
Handshake duration: 25.26 ms
[pid 301] 14:56:42.477410 +++ exited (status 0) +++
Execution 52 - TLS Mutual
s_connection: verify depth is 1
[pid 303] 14:56:42.537867 openssl->SSL_connect(0x5653a4933530, 0x5653a490ee50, 0x5653a490ee50, 0x7f1304737360 <unfinished ...>
[pid 303] 14:56:42.538441 libssl.so.3->EVP_PKEY_keygen_init(0x5653a493c0b0, 0, 176, 0x5653a493c0b0) = 1 <0.000237>
[pid 303] 14:56:42.538751 libssl.so.3->EVP_PKEY_keygen(0x5653a493c0b0, 0x7ffeb4da1e60, 0, 103 <unfinished ...>
[pid 303] 14:56:42.538960 oqsprovider.so->OQS_KEM_new(0x5653a493a450, 8, 0, 0x5653a493ae70) = 0x5653a493ae90 <0.000181>
[pid 303] 14:56:42.539191 oqsprovider.so->OQS_KEM_keypair(0x5653a493ae90, 0x5653a49447e0, 0x5653a49450c0, 0x5653a493ae70) = 0 <0.002608>
[pid 303] 14:56:42.541878 <... EVP_PKEY_keygen resumed> ) = 1 <0.003121>
[pid 303] 14:56:42.550849 libssl.so.3->EVP_PKEY_decapsulate_init(0x5653a493c0b0, 0, 176, 0x5653a493c0b0) = 1 <0.000491>
[pid 303] 14:56:42.551443 libssl.so.3->EVP_PKEY_decapsulate(0x5653a493c0b0, 0, 0x7ffeb4da1e20, 0x5653a493e2ca) = 1 <0.000200>
[pid 303] 14:56:42.551708 libssl.so.3->EVP_PKEY_decapsulate(0x5653a493c0b0, 0x5653a492e600, 0x7ffeb4da1e20, 0x5653a493e2ca <unfinished ...>
[pid 303] 14:56:42.551876 oqsprovider.so->OQS_KEM_decaps(0x5653a493ae90, 0x5653a492e600, 0x5653a493e2ca, 0x5653a49450c0) = 0 <0.007601>
[pid 303] 14:56:42.559583 <... EVP_PKEY_decapsulate resumed> ) = 1 <0.007864>
[pid 303] 14:56:42.560431 libssl.so.3->X509_verify_cert(0x5653a4933410, 0, 0x8000, 0xffffffff) = 1 <0.000481>
[pid 303] 14:56:42.561117 libssl.so.3->EVP_DigestVerifyInit_ex(0x5653a495e260, 0x7ffeb4da1ec8, 0, 0) = 1 <0.000152>
[pid 303] 14:56:42.561677 libssl.so.3->EVP_DigestVerify(0x5653a495e260, 0x5653a493e278, 2420, 0x7ffeb4da1ed0) = 1 <0.000357>
[pid 303] 14:56:42.562307 libssl.so.3->X509_verify_cert(0x5653a4933410, 1, 1, 0) = 1 <0.000228>
[pid 303] 14:56:42.562781 libssl.so.3->EVP_DigestSignInit_ex(0x5653a4860810, 0x7ffeb4da1eb0, 0, 0) = 1 <0.000126>
[pid 303] 14:56:42.562952 libssl.so.3->EVP_DigestSign(0x5653a4860810, 0, 0x7ffeb4da1ec0, 0x7ffeb4da1ed0) = 1 <0.000129>
[pid 303] 14:56:42.563172 libssl.so.3->EVP_DigestSign(0x5653a4860810, 0x5653a4950120, 0x7ffeb4da1ec0, 0x7ffeb4da1ed0) = 1 <0.000334>
[pid 303] 14:56:42.563791 <... SSL_connect resumed> ) = 1 <0.025942>
[pid 303] 14:56:42.564011 oqsprovider.so->OQS_KEM_free(0x5653a493ae90, 0x5653a493ae40, 2, 0x5653a493ae60) = 4 <0.000131>
Handshake duration: 26.13 ms
[pid 303] 14:56:42.566366 +++ exited (status 0) +++
Execution 53 - TLS Mutual
s_connection: verify depth is 1
[pid 305] 14:56:42.622946 openssl->SSL_connect(0x5f97e53a5530, 0x5f97e5380e50, 0x5f97e5380e50, 0x727a91243360 <unfinished ...>
[pid 305] 14:56:42.623479 libssl.so.3->EVP_PKEY_keygen_init(0x5f97e53ae0b0, 0, 176, 0x5f97e53ae0b0) = 1 <0.000299>
[pid 305] 14:56:42.623886 libssl.so.3->EVP_PKEY_keygen(0x5f97e53ae0b0, 0x7ffda2581f00, 0, 103 <unfinished ...>
[pid 305] 14:56:42.624100 oqsprovider.so->OQS_KEM_new(0x5f97e53ac450, 8, 0, 0x5f97e53ace70) = 0x5f97e53ace90 <0.000215>
[pid 305] 14:56:42.624389 oqsprovider.so->OQS_KEM_keypair(0x5f97e53ace90, 0x5f97e53b67e0, 0x5f97e53b70c0, 0x5f97e53ace70) = 0 <0.002703>
[pid 305] 14:56:42.627166 <... EVP_PKEY_keygen resumed> ) = 1 <0.003279>
[pid 305] 14:56:42.635231 libssl.so.3->EVP_PKEY_decapsulate_init(0x5f97e53ae0b0, 0, 176, 0x5f97e53ae0b0) = 1 <0.000317>
[pid 305] 14:56:42.635613 libssl.so.3->EVP_PKEY_decapsulate(0x5f97e53ae0b0, 0, 0x7ffda2581ec0, 0x5f97e53b02ca) = 1 <0.000166>
[pid 305] 14:56:42.635836 libssl.so.3->EVP_PKEY_decapsulate(0x5f97e53ae0b0, 0x5f97e53a0600, 0x7ffda2581ec0, 0x5f97e53b02ca <unfinished ...>
[pid 305] 14:56:42.635986 oqsprovider.so->OQS_KEM_decaps(0x5f97e53ace90, 0x5f97e53a0600, 0x5f97e53b02ca, 0x5f97e53b70c0) = 0 <0.007565>
[pid 305] 14:56:42.643631 <... EVP_PKEY_decapsulate resumed> ) = 1 <0.007789>
[pid 305] 14:56:42.644365 libssl.so.3->X509_verify_cert(0x5f97e53a5410, 0, 0x8000, 0xffffffff) = 1 <0.000385>
[pid 305] 14:56:42.644993 libssl.so.3->EVP_DigestVerifyInit_ex(0x5f97e53d0260, 0x7ffda2581f68, 0, 0) = 1 <0.000186>
[pid 305] 14:56:42.645265 libssl.so.3->EVP_DigestVerify(0x5f97e53d0260, 0x5f97e53b0278, 2420, 0x7ffda2581f70) = 1 <0.000485>
[pid 305] 14:56:42.646099 libssl.so.3->X509_verify_cert(0x5f97e53a5410, 1, 1, 0) = 1 <0.000236>
[pid 305] 14:56:42.646614 libssl.so.3->EVP_DigestSignInit_ex(0x5f97e52d2810, 0x7ffda2581f50, 0, 0) = 1 <0.000158>
[pid 305] 14:56:42.646835 libssl.so.3->EVP_DigestSign(0x5f97e52d2810, 0, 0x7ffda2581f60, 0x7ffda2581f70) = 1 <0.000139>
[pid 305] 14:56:42.647025 libssl.so.3->EVP_DigestSign(0x5f97e52d2810, 0x5f97e53c2120, 0x7ffda2581f60, 0x7ffda2581f70) = 1 <0.000327>
[pid 305] 14:56:42.647715 <... SSL_connect resumed> ) = 1 <0.024788>
[pid 305] 14:56:42.647976 oqsprovider.so->OQS_KEM_free(0x5f97e53ace90, 0x5f97e53ace40, 2, 0x5f97e53ace60) = 4 <0.000209>
Handshake duration: 25.02 ms
[pid 305] 14:56:42.650739 +++ exited (status 0) +++
Execution 54 - TLS Mutual
s_connection: verify depth is 1
[pid 307] 14:56:42.707327 openssl->SSL_connect(0x5899adceb530, 0x5899adcc6e50, 0x5899adcc6e50, 0x7c7715ec7360 <unfinished ...>
[pid 307] 14:56:42.707791 libssl.so.3->EVP_PKEY_keygen_init(0x5899adcf40b0, 0, 176, 0x5899adcf40b0) = 1 <0.000143>
[pid 307] 14:56:42.707987 libssl.so.3->EVP_PKEY_keygen(0x5899adcf40b0, 0x7ffd54aa15b0, 0, 103 <unfinished ...>
[pid 307] 14:56:42.708110 oqsprovider.so->OQS_KEM_new(0x5899adcf2450, 8, 0, 0x5899adcf2e70) = 0x5899adcf2e90 <0.000175>
[pid 307] 14:56:42.708398 oqsprovider.so->OQS_KEM_keypair(0x5899adcf2e90, 0x5899adcfc7e0, 0x5899adcfd0c0, 0x5899adcf2e70) = 0 <0.002811>
[pid 307] 14:56:42.711294 <... EVP_PKEY_keygen resumed> ) = 1 <0.003298>
[pid 307] 14:56:42.720005 libssl.so.3->EVP_PKEY_decapsulate_init(0x5899adcf40b0, 0, 176, 0x5899adcf40b0) = 1 <0.000307>
[pid 307] 14:56:42.720371 libssl.so.3->EVP_PKEY_decapsulate(0x5899adcf40b0, 0, 0x7ffd54aa1570, 0x5899adcf62ca) = 1 <0.000149>
[pid 307] 14:56:42.720570 libssl.so.3->EVP_PKEY_decapsulate(0x5899adcf40b0, 0x5899adce6600, 0x7ffd54aa1570, 0x5899adcf62ca <unfinished ...>
[pid 307] 14:56:42.720718 oqsprovider.so->OQS_KEM_decaps(0x5899adcf2e90, 0x5899adce6600, 0x5899adcf62ca, 0x5899adcfd0c0) = 0 <0.007522>
[pid 307] 14:56:42.728325 <... EVP_PKEY_decapsulate resumed> ) = 1 <0.007749>
[pid 307] 14:56:42.729102 libssl.so.3->X509_verify_cert(0x5899adceb410, 0, 0x8000, 0xffffffff) = 1 <0.000443>
[pid 307] 14:56:42.729805 libssl.so.3->EVP_DigestVerifyInit_ex(0x5899add16260, 0x7ffd54aa1618, 0, 0) = 1 <0.000215>
[pid 307] 14:56:42.730081 libssl.so.3->EVP_DigestVerify(0x5899add16260, 0x5899adcf6278, 2420, 0x7ffd54aa1620) = 1 <0.000224>
[pid 307] 14:56:42.730535 libssl.so.3->X509_verify_cert(0x5899adceb410, 1, 1, 0) = 1 <0.000221>
[pid 307] 14:56:42.731015 libssl.so.3->EVP_DigestSignInit_ex(0x5899adc18810, 0x7ffd54aa1600, 0, 0) = 1 <0.000134>
[pid 307] 14:56:42.731194 libssl.so.3->EVP_DigestSign(0x5899adc18810, 0, 0x7ffd54aa1610, 0x7ffd54aa1620) = 1 <0.000116>
[pid 307] 14:56:42.731376 libssl.so.3->EVP_DigestSign(0x5899adc18810, 0x5899add08120, 0x7ffd54aa1610, 0x7ffd54aa1620) = 1 <0.000280>
[pid 307] 14:56:42.731945 <... SSL_connect resumed> ) = 1 <0.024625>
[pid 307] 14:56:42.732265 oqsprovider.so->OQS_KEM_free(0x5899adcf2e90, 0x5899adcf2e40, 2, 0x5899adcf2e60) = 4 <0.000133>
Handshake duration: 24.86 ms
[pid 307] 14:56:42.734752 +++ exited (status 0) +++
Execution 55 - TLS Mutual
s_connection: verify depth is 1
[pid 309] 14:56:42.792309 openssl->SSL_connect(0x5e3e32edd530, 0x5e3e32eb8e50, 0x5e3e32eb8e50, 0x79d662126360 <unfinished ...>
[pid 309] 14:56:42.792758 libssl.so.3->EVP_PKEY_keygen_init(0x5e3e32ee60b0, 0, 176, 0x5e3e32ee60b0) = 1 <0.000218>
[pid 309] 14:56:42.793033 libssl.so.3->EVP_PKEY_keygen(0x5e3e32ee60b0, 0x7ffcf7682d90, 0, 103 <unfinished ...>
[pid 309] 14:56:42.793200 oqsprovider.so->OQS_KEM_new(0x5e3e32ee4450, 8, 0, 0x5e3e32ee4e70) = 0x5e3e32ee4e90 <0.000131>
[pid 309] 14:56:42.793403 oqsprovider.so->OQS_KEM_keypair(0x5e3e32ee4e90, 0x5e3e32eee7e0, 0x5e3e32eef0c0, 0x5e3e32ee4e70) = 0 <0.002647>
[pid 309] 14:56:42.796124 <... EVP_PKEY_keygen resumed> ) = 1 <0.003085>
[pid 309] 14:56:42.804170 libssl.so.3->EVP_PKEY_decapsulate_init(0x5e3e32ee60b0, 0, 176, 0x5e3e32ee60b0) = 1 <0.000289>
[pid 309] 14:56:42.804531 libssl.so.3->EVP_PKEY_decapsulate(0x5e3e32ee60b0, 0, 0x7ffcf7682d50, 0x5e3e32ee82ca) = 1 <0.000178>
[pid 309] 14:56:42.804764 libssl.so.3->EVP_PKEY_decapsulate(0x5e3e32ee60b0, 0x5e3e32ed8600, 0x7ffcf7682d50, 0x5e3e32ee82ca <unfinished ...>
[pid 309] 14:56:42.804899 oqsprovider.so->OQS_KEM_decaps(0x5e3e32ee4e90, 0x5e3e32ed8600, 0x5e3e32ee82ca, 0x5e3e32eef0c0) = 0 <0.007560>
[pid 309] 14:56:42.812579 <... EVP_PKEY_decapsulate resumed> ) = 1 <0.007805>
[pid 309] 14:56:42.813461 libssl.so.3->X509_verify_cert(0x5e3e32edd410, 0, 0x8000, 0xffffffff) = 1 <0.000475>
[pid 309] 14:56:42.814283 libssl.so.3->EVP_DigestVerifyInit_ex(0x5e3e32f08260, 0x7ffcf7682df8, 0, 0) = 1 <0.000283>
[pid 309] 14:56:42.814650 libssl.so.3->EVP_DigestVerify(0x5e3e32f08260, 0x5e3e32ee8278, 2420, 0x7ffcf7682e00) = 1 <0.000300>
[pid 309] 14:56:42.815336 libssl.so.3->X509_verify_cert(0x5e3e32edd410, 1, 1, 0) = 1 <0.000341>
[pid 309] 14:56:42.816106 libssl.so.3->EVP_DigestSignInit_ex(0x5e3e32e0a810, 0x7ffcf7682de0, 0, 0) = 1 <0.000255>
[pid 309] 14:56:42.816427 libssl.so.3->EVP_DigestSign(0x5e3e32e0a810, 0, 0x7ffcf7682df0, 0x7ffcf7682e00) = 1 <0.000150>
[pid 309] 14:56:42.816642 libssl.so.3->EVP_DigestSign(0x5e3e32e0a810, 0x5e3e32efa120, 0x7ffcf7682df0, 0x7ffcf7682e00) = 1 <0.000270>
[pid 309] 14:56:42.817190 <... SSL_connect resumed> ) = 1 <0.024889>
[pid 309] 14:56:42.817429 oqsprovider.so->OQS_KEM_free(0x5e3e32ee4e90, 0x5e3e32ee4e40, 2, 0x5e3e32ee4e60) = 4 <0.000154>
Handshake duration: 25.07 ms
[pid 309] 14:56:42.820500 +++ exited (status 0) +++
Execution 56 - TLS Mutual
s_connection: verify depth is 1
[pid 311] 14:56:42.878449 openssl->SSL_connect(0x5c92f25d4530, 0x5c92f25afe50, 0x5c92f25afe50, 0x76094b264360 <unfinished ...>
[pid 311] 14:56:42.879181 libssl.so.3->EVP_PKEY_keygen_init(0x5c92f25dd0b0, 0, 176, 0x5c92f25dd0b0) = 1 <0.000228>
[pid 311] 14:56:42.879450 libssl.so.3->EVP_PKEY_keygen(0x5c92f25dd0b0, 0x7fff92c3e640, 0, 103 <unfinished ...>
[pid 311] 14:56:42.879596 oqsprovider.so->OQS_KEM_new(0x5c92f25db450, 8, 0, 0x5c92f25dbe70) = 0x5c92f25dbe90 <0.000166>
[pid 311] 14:56:42.879848 oqsprovider.so->OQS_KEM_keypair(0x5c92f25dbe90, 0x5c92f25e57e0, 0x5c92f25e60c0, 0x5c92f25dbe70) = 0 <0.002673>
[pid 311] 14:56:42.882634 <... EVP_PKEY_keygen resumed> ) = 1 <0.003176>
[pid 311] 14:56:42.891496 libssl.so.3->EVP_PKEY_decapsulate_init(0x5c92f25dd0b0, 0, 176, 0x5c92f25dd0b0) = 1 <0.000417>
[pid 311] 14:56:42.891971 libssl.so.3->EVP_PKEY_decapsulate(0x5c92f25dd0b0, 0, 0x7fff92c3e600, 0x5c92f25df2ca) = 1 <0.000159>
[pid 311] 14:56:42.892176 libssl.so.3->EVP_PKEY_decapsulate(0x5c92f25dd0b0, 0x5c92f25cf600, 0x7fff92c3e600, 0x5c92f25df2ca <unfinished ...>
[pid 311] 14:56:42.892296 oqsprovider.so->OQS_KEM_decaps(0x5c92f25dbe90, 0x5c92f25cf600, 0x5c92f25df2ca, 0x5c92f25e60c0) = 0 <0.008315>
[pid 311] 14:56:42.900772 <... EVP_PKEY_decapsulate resumed> ) = 1 <0.008587>
[pid 311] 14:56:42.901753 libssl.so.3->X509_verify_cert(0x5c92f25d4410, 0, 0x8000, 0xffffffff) = 1 <0.000545>
[pid 311] 14:56:42.902538 libssl.so.3->EVP_DigestVerifyInit_ex(0x5c92f25ff260, 0x7fff92c3e6a8, 0, 0) = 1 <0.000214>
[pid 311] 14:56:42.902827 libssl.so.3->EVP_DigestVerify(0x5c92f25ff260, 0x5c92f25df278, 2420, 0x7fff92c3e6b0) = 1 <0.000257>
[pid 311] 14:56:42.903547 libssl.so.3->X509_verify_cert(0x5c92f25d4410, 1, 1, 0) = 1 <0.000255>
[pid 311] 14:56:42.904068 libssl.so.3->EVP_DigestSignInit_ex(0x5c92f2501810, 0x7fff92c3e690, 0, 0) = 1 <0.000135>
[pid 311] 14:56:42.904249 libssl.so.3->EVP_DigestSign(0x5c92f2501810, 0, 0x7fff92c3e6a0, 0x7fff92c3e6b0) = 1 <0.000122>
[pid 311] 14:56:42.904414 libssl.so.3->EVP_DigestSign(0x5c92f2501810, 0x5c92f25f1120, 0x7fff92c3e6a0, 0x7fff92c3e6b0) = 1 <0.001128>
[pid 311] 14:56:42.905901 <... SSL_connect resumed> ) = 1 <0.027450>
[pid 311] 14:56:42.906175 oqsprovider.so->OQS_KEM_free(0x5c92f25dbe90, 0x5c92f25dbe40, 2, 0x5c92f25dbe60) = 4 <0.000151>
Handshake duration: 27.67 ms
[pid 311] 14:56:42.908535 +++ exited (status 0) +++
Execution 57 - TLS Mutual
s_connection: verify depth is 1
[pid 313] 14:56:42.966644 openssl->SSL_connect(0x5af4e9034530, 0x5af4e900fe50, 0x5af4e900fe50, 0x72b8bbbbf360 <unfinished ...>
[pid 313] 14:56:42.967184 libssl.so.3->EVP_PKEY_keygen_init(0x5af4e903d0b0, 0, 176, 0x5af4e903d0b0) = 1 <0.000162>
[pid 313] 14:56:42.967400 libssl.so.3->EVP_PKEY_keygen(0x5af4e903d0b0, 0x7ffc7fc549f0, 0, 103 <unfinished ...>
[pid 313] 14:56:42.967603 oqsprovider.so->OQS_KEM_new(0x5af4e903b450, 8, 0, 0x5af4e903be70) = 0x5af4e903be90 <0.000154>
[pid 313] 14:56:42.967793 oqsprovider.so->OQS_KEM_keypair(0x5af4e903be90, 0x5af4e90457e0, 0x5af4e90460c0, 0x5af4e903be70) = 0 <0.002587>
[pid 313] 14:56:42.970435 <... EVP_PKEY_keygen resumed> ) = 1 <0.003034>
[pid 313] 14:56:42.978877 libssl.so.3->EVP_PKEY_decapsulate_init(0x5af4e903d0b0, 0, 176, 0x5af4e903d0b0) = 1 <0.000328>
[pid 313] 14:56:42.979263 libssl.so.3->EVP_PKEY_decapsulate(0x5af4e903d0b0, 0, 0x7ffc7fc549b0, 0x5af4e903f2ca) = 1 <0.000122>
[pid 313] 14:56:42.979441 libssl.so.3->EVP_PKEY_decapsulate(0x5af4e903d0b0, 0x5af4e902f600, 0x7ffc7fc549b0, 0x5af4e903f2ca <unfinished ...>
[pid 313] 14:56:42.979609 oqsprovider.so->OQS_KEM_decaps(0x5af4e903be90, 0x5af4e902f600, 0x5af4e903f2ca, 0x5af4e90460c0) = 0 <0.010393>
[pid 313] 14:56:42.990178 <... EVP_PKEY_decapsulate resumed> ) = 1 <0.010711>
[pid 313] 14:56:42.991225 libssl.so.3->X509_verify_cert(0x5af4e9034410, 0, 0x8000, 0xffffffff) = 1 <0.000650>
[pid 313] 14:56:42.992125 libssl.so.3->EVP_DigestVerifyInit_ex(0x5af4e905f260, 0x7ffc7fc54a58, 0, 0) = 1 <0.000175>
[pid 313] 14:56:42.992355 libssl.so.3->EVP_DigestVerify(0x5af4e905f260, 0x5af4e903f278, 2420, 0x7ffc7fc54a60) = 1 <0.000209>
[pid 313] 14:56:42.992834 libssl.so.3->X509_verify_cert(0x5af4e9034410, 1, 1, 0) = 1 <0.000195>
[pid 313] 14:56:42.993311 libssl.so.3->EVP_DigestSignInit_ex(0x5af4e8f61810, 0x7ffc7fc54a40, 0, 0) = 1 <0.000162>
[pid 313] 14:56:42.993524 libssl.so.3->EVP_DigestSign(0x5af4e8f61810, 0, 0x7ffc7fc54a50, 0x7ffc7fc54a60) = 1 <0.000151>
[pid 313] 14:56:42.993718 libssl.so.3->EVP_DigestSign(0x5af4e8f61810, 0x5af4e9051120, 0x7ffc7fc54a50, 0x7ffc7fc54a60) = 1 <0.000235>
[pid 313] 14:56:42.994240 <... SSL_connect resumed> ) = 1 <0.027608>
[pid 313] 14:56:42.994499 oqsprovider.so->OQS_KEM_free(0x5af4e903be90, 0x5af4e903be40, 2, 0x5af4e903be60) = 4 <0.000204>
Handshake duration: 27.86 ms
[pid 313] 14:56:42.997202 +++ exited (status 0) +++
Execution 58 - TLS Mutual
s_connection: verify depth is 1
[pid 315] 14:56:43.052322 openssl->SSL_connect(0x5b23e3a65530, 0x5b23e3a40e50, 0x5b23e3a40e50, 0x759cfb44e360 <unfinished ...>
[pid 315] 14:56:43.052836 libssl.so.3->EVP_PKEY_keygen_init(0x5b23e3a6e0b0, 0, 176, 0x5b23e3a6e0b0) = 1 <0.000270>
[pid 315] 14:56:43.053188 libssl.so.3->EVP_PKEY_keygen(0x5b23e3a6e0b0, 0x7fff7114dc40, 0, 103 <unfinished ...>
[pid 315] 14:56:43.053419 oqsprovider.so->OQS_KEM_new(0x5b23e3a6c450, 8, 0, 0x5b23e3a6ce70) = 0x5b23e3a6ce90 <0.000153>
[pid 315] 14:56:43.053644 oqsprovider.so->OQS_KEM_keypair(0x5b23e3a6ce90, 0x5b23e3a767e0, 0x5b23e3a770c0, 0x5b23e3a6ce70) = 0 <0.002748>
[pid 315] 14:56:43.056473 <... EVP_PKEY_keygen resumed> ) = 1 <0.003279>
[pid 315] 14:56:43.065090 libssl.so.3->EVP_PKEY_decapsulate_init(0x5b23e3a6e0b0, 0, 176, 0x5b23e3a6e0b0) = 1 <0.000380>
[pid 315] 14:56:43.065567 libssl.so.3->EVP_PKEY_decapsulate(0x5b23e3a6e0b0, 0, 0x7fff7114dc00, 0x5b23e3a702ca) = 1 <0.000154>
[pid 315] 14:56:43.065800 libssl.so.3->EVP_PKEY_decapsulate(0x5b23e3a6e0b0, 0x5b23e3a60600, 0x7fff7114dc00, 0x5b23e3a702ca <unfinished ...>
[pid 315] 14:56:43.065976 oqsprovider.so->OQS_KEM_decaps(0x5b23e3a6ce90, 0x5b23e3a60600, 0x5b23e3a702ca, 0x5b23e3a770c0) = 0 <0.008127>
[pid 315] 14:56:43.074245 <... EVP_PKEY_decapsulate resumed> ) = 1 <0.008436>
[pid 315] 14:56:43.075110 libssl.so.3->X509_verify_cert(0x5b23e3a65410, 0, 0x8000, 0xffffffff) = 1 <0.000480>
[pid 315] 14:56:43.075800 libssl.so.3->EVP_DigestVerifyInit_ex(0x5b23e3a90260, 0x7fff7114dca8, 0, 0) = 1 <0.000135>
[pid 315] 14:56:43.075983 libssl.so.3->EVP_DigestVerify(0x5b23e3a90260, 0x5b23e3a70278, 2420, 0x7fff7114dcb0) = 1 <0.000169>
[pid 315] 14:56:43.076414 libssl.so.3->X509_verify_cert(0x5b23e3a65410, 1, 1, 0) = 1 <0.000229>
[pid 315] 14:56:43.076956 libssl.so.3->EVP_DigestSignInit_ex(0x5b23e3992810, 0x7fff7114dc90, 0, 0) = 1 <0.000153>
[pid 315] 14:56:43.077159 libssl.so.3->EVP_DigestSign(0x5b23e3992810, 0, 0x7fff7114dca0, 0x7fff7114dcb0) = 1 <0.000131>
[pid 315] 14:56:43.077326 libssl.so.3->EVP_DigestSign(0x5b23e3992810, 0x5b23e3a82120, 0x7fff7114dca0, 0x7fff7114dcb0) = 1 <0.000282>
[pid 315] 14:56:43.077914 <... SSL_connect resumed> ) = 1 <0.025604>
[pid 315] 14:56:43.078156 oqsprovider.so->OQS_KEM_free(0x5b23e3a6ce90, 0x5b23e3a6ce40, 2, 0x5b23e3a6ce60) = 4 <0.000128>
Handshake duration: 25.79 ms
[pid 315] 14:56:43.080427 +++ exited (status 0) +++
Execution 59 - TLS Mutual
s_connection: verify depth is 1
[pid 317] 14:56:43.138491 openssl->SSL_connect(0x59ecad172530, 0x59ecad14de50, 0x59ecad14de50, 0x75b84bd8a360 <unfinished ...>
[pid 317] 14:56:43.139035 libssl.so.3->EVP_PKEY_keygen_init(0x59ecad17b0b0, 0, 176, 0x59ecad17b0b0) = 1 <0.000238>
[pid 317] 14:56:43.139343 libssl.so.3->EVP_PKEY_keygen(0x59ecad17b0b0, 0x7ffc69bf3640, 0, 103 <unfinished ...>
[pid 317] 14:56:43.139495 oqsprovider.so->OQS_KEM_new(0x59ecad179450, 8, 0, 0x59ecad179e70) = 0x59ecad179e90 <0.000216>
[pid 317] 14:56:43.139785 oqsprovider.so->OQS_KEM_keypair(0x59ecad179e90, 0x59ecad1837e0, 0x59ecad1840c0, 0x59ecad179e70) = 0 <0.002825>
[pid 317] 14:56:43.142703 <... EVP_PKEY_keygen resumed> ) = 1 <0.003349>
[pid 317] 14:56:43.151505 libssl.so.3->EVP_PKEY_decapsulate_init(0x59ecad17b0b0, 0, 176, 0x59ecad17b0b0) = 1 <0.000367>
[pid 317] 14:56:43.151963 libssl.so.3->EVP_PKEY_decapsulate(0x59ecad17b0b0, 0, 0x7ffc69bf3600, 0x59ecad17d2ca) = 1 <0.000136>
[pid 317] 14:56:43.152137 libssl.so.3->EVP_PKEY_decapsulate(0x59ecad17b0b0, 0x59ecad16d600, 0x7ffc69bf3600, 0x59ecad17d2ca <unfinished ...>
[pid 317] 14:56:43.152281 oqsprovider.so->OQS_KEM_decaps(0x59ecad179e90, 0x59ecad16d600, 0x59ecad17d2ca, 0x59ecad1840c0) = 0 <0.008928>
[pid 317] 14:56:43.161358 <... EVP_PKEY_decapsulate resumed> ) = 1 <0.009205>
[pid 317] 14:56:43.162415 libssl.so.3->X509_verify_cert(0x59ecad172410, 0, 0x8000, 0xffffffff) = 1 <0.000619>
[pid 317] 14:56:43.163358 libssl.so.3->EVP_DigestVerifyInit_ex(0x59ecad19d260, 0x7ffc69bf36a8, 0, 0) = 1 <0.000185>
[pid 317] 14:56:43.163600 libssl.so.3->EVP_DigestVerify(0x59ecad19d260, 0x59ecad17d278, 2420, 0x7ffc69bf36b0) = 1 <0.000189>
[pid 317] 14:56:43.164039 libssl.so.3->X509_verify_cert(0x59ecad172410, 1, 1, 0) = 1 <0.000235>
[pid 317] 14:56:43.164537 libssl.so.3->EVP_DigestSignInit_ex(0x59ecad09f810, 0x7ffc69bf3690, 0, 0) = 1 <0.000177>
[pid 317] 14:56:43.164760 libssl.so.3->EVP_DigestSign(0x59ecad09f810, 0, 0x7ffc69bf36a0, 0x7ffc69bf36b0) = 1 <0.000128>
[pid 317] 14:56:43.164934 libssl.so.3->EVP_DigestSign(0x59ecad09f810, 0x59ecad18f120, 0x7ffc69bf36a0, 0x7ffc69bf36b0) = 1 <0.000502>
[pid 317] 14:56:43.165745 <... SSL_connect resumed> ) = 1 <0.027262>
[pid 317] 14:56:43.166053 oqsprovider.so->OQS_KEM_free(0x59ecad179e90, 0x59ecad179e40, 2, 0x59ecad179e60) = 4 <0.000223>
Handshake duration: 27.48 ms
[pid 317] 14:56:43.168825 +++ exited (status 0) +++
Execution 60 - TLS Mutual
s_connection: verify depth is 1
[pid 319] 14:56:43.228828 openssl->SSL_connect(0x596cf0051530, 0x596cf002ce50, 0x596cf002ce50, 0x793ea5aca360 <unfinished ...>
[pid 319] 14:56:43.229330 libssl.so.3->EVP_PKEY_keygen_init(0x596cf005a0b0, 0, 176, 0x596cf005a0b0) = 1 <0.000220>
[pid 319] 14:56:43.229620 libssl.so.3->EVP_PKEY_keygen(0x596cf005a0b0, 0x7ffd74a968f0, 0, 103 <unfinished ...>
[pid 319] 14:56:43.229859 oqsprovider.so->OQS_KEM_new(0x596cf0058450, 8, 0, 0x596cf0058e70) = 0x596cf0058e90 <0.000172>
[pid 319] 14:56:43.230151 oqsprovider.so->OQS_KEM_keypair(0x596cf0058e90, 0x596cf00627e0, 0x596cf00630c0, 0x596cf0058e70) = 0 <0.002986>
[pid 319] 14:56:43.233229 <... EVP_PKEY_keygen resumed> ) = 1 <0.003601>
[pid 319] 14:56:43.241395 libssl.so.3->EVP_PKEY_decapsulate_init(0x596cf005a0b0, 0, 176, 0x596cf005a0b0) = 1 <0.000344>
[pid 319] 14:56:43.241785 libssl.so.3->EVP_PKEY_decapsulate(0x596cf005a0b0, 0, 0x7ffd74a968b0, 0x596cf005c2ca) = 1 <0.000148>
[pid 319] 14:56:43.241978 libssl.so.3->EVP_PKEY_decapsulate(0x596cf005a0b0, 0x596cf004c600, 0x7ffd74a968b0, 0x596cf005c2ca <unfinished ...>
[pid 319] 14:56:43.242119 oqsprovider.so->OQS_KEM_decaps(0x596cf0058e90, 0x596cf004c600, 0x596cf005c2ca, 0x596cf00630c0) = 0 <0.007788>
[pid 319] 14:56:43.250082 <... EVP_PKEY_decapsulate resumed> ) = 1 <0.008073>
[pid 319] 14:56:43.250948 libssl.so.3->X509_verify_cert(0x596cf0051410, 0, 0x8000, 0xffffffff) = 1 <0.000502>
[pid 319] 14:56:43.251678 libssl.so.3->EVP_DigestVerifyInit_ex(0x596cf007c260, 0x7ffd74a96958, 0, 0) = 1 <0.000177>
[pid 319] 14:56:43.251914 libssl.so.3->EVP_DigestVerify(0x596cf007c260, 0x596cf005c278, 2420, 0x7ffd74a96960) = 1 <0.000216>
[pid 319] 14:56:43.252456 libssl.so.3->X509_verify_cert(0x596cf0051410, 1, 1, 0) = 1 <0.000288>
[pid 319] 14:56:43.253094 libssl.so.3->EVP_DigestSignInit_ex(0x596ceff7e810, 0x7ffd74a96940, 0, 0) = 1 <0.000194>
[pid 319] 14:56:43.253334 libssl.so.3->EVP_DigestSign(0x596ceff7e810, 0, 0x7ffd74a96950, 0x7ffd74a96960) = 1 <0.000141>
[pid 319] 14:56:43.253522 libssl.so.3->EVP_DigestSign(0x596ceff7e810, 0x596cf006e120, 0x7ffd74a96950, 0x7ffd74a96960) = 1 <0.000448>
[pid 319] 14:56:43.254507 <... SSL_connect resumed> ) = 1 <0.025678>
[pid 319] 14:56:43.254769 oqsprovider.so->OQS_KEM_free(0x596cf0058e90, 0x596cf0058e40, 2, 0x596cf0058e60) = 4 <0.000177>
Handshake duration: 25.90 ms
[pid 319] 14:56:43.257260 +++ exited (status 0) +++
Execution 61 - TLS Mutual
s_connection: verify depth is 1
[pid 321] 14:56:43.324901 openssl->SSL_connect(0x5befad4ba530, 0x5befad495e50, 0x5befad495e50, 0x7474a5999360 <unfinished ...>
[pid 321] 14:56:43.325616 libssl.so.3->EVP_PKEY_keygen_init(0x5befad4c30b0, 0, 176, 0x5befad4c30b0) = 1 <0.000260>
[pid 321] 14:56:43.325950 libssl.so.3->EVP_PKEY_keygen(0x5befad4c30b0, 0x7ffcd17e5490, 0, 103 <unfinished ...>
[pid 321] 14:56:43.326166 oqsprovider.so->OQS_KEM_new(0x5befad4c1450, 8, 0, 0x5befad4c1e70) = 0x5befad4c1e90 <0.000190>
[pid 321] 14:56:43.326542 oqsprovider.so->OQS_KEM_keypair(0x5befad4c1e90, 0x5befad4cb7e0, 0x5befad4cc0c0, 0x5befad4c1e70) = 0 <0.004661>
[pid 321] 14:56:43.331401 <... EVP_PKEY_keygen resumed> ) = 1 <0.005428>
[pid 321] 14:56:43.340491 libssl.so.3->EVP_PKEY_decapsulate_init(0x5befad4c30b0, 0, 176, 0x5befad4c30b0) = 1 <0.000572>
[pid 321] 14:56:43.341215 libssl.so.3->EVP_PKEY_decapsulate(0x5befad4c30b0, 0, 0x7ffcd17e5450, 0x5befad4c52ca) = 1 <0.000241>
[pid 321] 14:56:43.341541 libssl.so.3->EVP_PKEY_decapsulate(0x5befad4c30b0, 0x5befad4b5600, 0x7ffcd17e5450, 0x5befad4c52ca <unfinished ...>
[pid 321] 14:56:43.341746 oqsprovider.so->OQS_KEM_decaps(0x5befad4c1e90, 0x5befad4b5600, 0x5befad4c52ca, 0x5befad4cc0c0) = 0 <0.012079>
[pid 321] 14:56:43.354070 <... EVP_PKEY_decapsulate resumed> ) = 1 <0.012486>
[pid 321] 14:56:43.355309 libssl.so.3->X509_verify_cert(0x5befad4ba410, 0, 0x8000, 0xffffffff) = 1 <0.000697>
[pid 321] 14:56:43.356430 libssl.so.3->EVP_DigestVerifyInit_ex(0x5befad4e5260, 0x7ffcd17e54f8, 0, 0) = 1 <0.000313>
[pid 321] 14:56:43.356824 libssl.so.3->EVP_DigestVerify(0x5befad4e5260, 0x5befad4c5278, 2420, 0x7ffcd17e5500) = 1 <0.000291>
[pid 321] 14:56:43.357458 libssl.so.3->X509_verify_cert(0x5befad4ba410, 1, 1, 0) = 1 <0.000358>
[pid 321] 14:56:43.358195 libssl.so.3->EVP_DigestSignInit_ex(0x5befad3e7810, 0x7ffcd17e54e0, 0, 0) = 1 <0.000221>
[pid 321] 14:56:43.358546 libssl.so.3->EVP_DigestSign(0x5befad3e7810, 0, 0x7ffcd17e54f0, 0x7ffcd17e5500) = 1 <0.000216>
[pid 321] 14:56:43.358866 libssl.so.3->EVP_DigestSign(0x5befad3e7810, 0x5befad4d7120, 0x7ffcd17e54f0, 0x7ffcd17e5500) = 1 <0.000812>
[pid 321] 14:56:43.360144 <... SSL_connect resumed> ) = 1 <0.035250>
[pid 321] 14:56:43.360501 oqsprovider.so->OQS_KEM_free(0x5befad4c1e90, 0x5befad4c1e40, 2, 0x5befad4c1e60) = 4 <0.000242>
Handshake duration: 35.60 ms
[pid 321] 14:56:43.363256 +++ exited (status 0) +++
Execution 62 - TLS Mutual
s_connection: verify depth is 1
[pid 323] 14:56:43.420056 openssl->SSL_connect(0x6247d036a530, 0x6247d0345e50, 0x6247d0345e50, 0x7615e4a6e360 <unfinished ...>
[pid 323] 14:56:43.420436 libssl.so.3->EVP_PKEY_keygen_init(0x6247d03730b0, 0, 176, 0x6247d03730b0) = 1 <0.000175>
[pid 323] 14:56:43.420664 libssl.so.3->EVP_PKEY_keygen(0x6247d03730b0, 0x7ffd5aef9d60, 0, 103 <unfinished ...>
[pid 323] 14:56:43.420797 oqsprovider.so->OQS_KEM_new(0x6247d0371450, 8, 0, 0x6247d0371e70) = 0x6247d0371e90 <0.000137>
[pid 323] 14:56:43.420989 oqsprovider.so->OQS_KEM_keypair(0x6247d0371e90, 0x6247d037b7e0, 0x6247d037c0c0, 0x6247d0371e70) = 0 <0.002537>
[pid 323] 14:56:43.423618 <... EVP_PKEY_keygen resumed> ) = 1 <0.002948>
[pid 323] 14:56:43.431706 libssl.so.3->EVP_PKEY_decapsulate_init(0x6247d03730b0, 0, 176, 0x6247d03730b0) = 1 <0.000368>
[pid 323] 14:56:43.432145 libssl.so.3->EVP_PKEY_decapsulate(0x6247d03730b0, 0, 0x7ffd5aef9d20, 0x6247d03752ca) = 1 <0.000159>
[pid 323] 14:56:43.432353 libssl.so.3->EVP_PKEY_decapsulate(0x6247d03730b0, 0x6247d0365600, 0x7ffd5aef9d20, 0x6247d03752ca <unfinished ...>
[pid 323] 14:56:43.432484 oqsprovider.so->OQS_KEM_decaps(0x6247d0371e90, 0x6247d0365600, 0x6247d03752ca, 0x6247d037c0c0) = 0 <0.007405>
[pid 323] 14:56:43.439974 <... EVP_PKEY_decapsulate resumed> ) = 1 <0.007613>
[pid 323] 14:56:43.440698 libssl.so.3->X509_verify_cert(0x6247d036a410, 0, 0x8000, 0xffffffff) = 1 <0.000390>
[pid 323] 14:56:43.441286 libssl.so.3->EVP_DigestVerifyInit_ex(0x6247d0395260, 0x7ffd5aef9dc8, 0, 0) = 1 <0.000144>
[pid 323] 14:56:43.441477 libssl.so.3->EVP_DigestVerify(0x6247d0395260, 0x6247d0375278, 2420, 0x7ffd5aef9dd0) = 1 <0.000233>
[pid 323] 14:56:43.441995 libssl.so.3->X509_verify_cert(0x6247d036a410, 1, 1, 0) = 1 <0.000298>
[pid 323] 14:56:43.442572 libssl.so.3->EVP_DigestSignInit_ex(0x6247d0297810, 0x7ffd5aef9db0, 0, 0) = 1 <0.000148>
[pid 323] 14:56:43.442759 libssl.so.3->EVP_DigestSign(0x6247d0297810, 0, 0x7ffd5aef9dc0, 0x7ffd5aef9dd0) = 1 <0.000093>
[pid 323] 14:56:43.442886 libssl.so.3->EVP_DigestSign(0x6247d0297810, 0x6247d0387120, 0x7ffd5aef9dc0, 0x7ffd5aef9dd0) = 1 <0.000222>
[pid 323] 14:56:43.443744 <... SSL_connect resumed> ) = 1 <0.023691>
[pid 323] 14:56:43.443986 oqsprovider.so->OQS_KEM_free(0x6247d0371e90, 0x6247d0371e40, 2, 0x6247d0371e60) = 4 <0.000173>
Handshake duration: 23.90 ms
[pid 323] 14:56:43.447434 +++ exited (status 0) +++
Execution 63 - TLS Mutual
s_connection: verify depth is 1
[pid 325] 14:56:43.509107 openssl->SSL_connect(0x5a38c40f0530, 0x5a38c40cbe50, 0x5a38c40cbe50, 0x717de055d360 <unfinished ...>
[pid 325] 14:56:43.509632 libssl.so.3->EVP_PKEY_keygen_init(0x5a38c40f90b0, 0, 176, 0x5a38c40f90b0) = 1 <0.000206>
[pid 325] 14:56:43.509906 libssl.so.3->EVP_PKEY_keygen(0x5a38c40f90b0, 0x7fffad31e310, 0, 103 <unfinished ...>
[pid 325] 14:56:43.510064 oqsprovider.so->OQS_KEM_new(0x5a38c40f7450, 8, 0, 0x5a38c40f7e70) = 0x5a38c40f7e90 <0.000157>
[pid 325] 14:56:43.510270 oqsprovider.so->OQS_KEM_keypair(0x5a38c40f7e90, 0x5a38c41017e0, 0x5a38c41020c0, 0x5a38c40f7e70) = 0 <0.002886>
[pid 325] 14:56:43.513249 <... EVP_PKEY_keygen resumed> ) = 1 <0.003335>
[pid 325] 14:56:43.522152 libssl.so.3->EVP_PKEY_decapsulate_init(0x5a38c40f90b0, 0, 176, 0x5a38c40f90b0) = 1 <0.000443>
[pid 325] 14:56:43.522669 libssl.so.3->EVP_PKEY_decapsulate(0x5a38c40f90b0, 0, 0x7fffad31e2d0, 0x5a38c40fb2ca) = 1 <0.000138>
[pid 325] 14:56:43.522852 libssl.so.3->EVP_PKEY_decapsulate(0x5a38c40f90b0, 0x5a38c40eb600, 0x7fffad31e2d0, 0x5a38c40fb2ca <unfinished ...>
[pid 325] 14:56:43.523024 oqsprovider.so->OQS_KEM_decaps(0x5a38c40f7e90, 0x5a38c40eb600, 0x5a38c40fb2ca, 0x5a38c41020c0) = 0 <0.008985>
[pid 325] 14:56:43.532123 <... EVP_PKEY_decapsulate resumed> ) = 1 <0.009263>
[pid 325] 14:56:43.534543 libssl.so.3->X509_verify_cert(0x5a38c40f0410, 0, 0x8000, 0xffffffff) = 1 <0.000623>
[pid 325] 14:56:43.535434 libssl.so.3->EVP_DigestVerifyInit_ex(0x5a38c411b260, 0x7fffad31e378, 0, 0) = 1 <0.000163>
[pid 325] 14:56:43.535651 libssl.so.3->EVP_DigestVerify(0x5a38c411b260, 0x5a38c40fb278, 2420, 0x7fffad31e380) = 1 <0.000187>
[pid 325] 14:56:43.536088 libssl.so.3->X509_verify_cert(0x5a38c40f0410, 1, 1, 0) = 1 <0.000241>
[pid 325] 14:56:43.536605 libssl.so.3->EVP_DigestSignInit_ex(0x5a38c401d810, 0x7fffad31e360, 0, 0) = 1 <0.000149>
[pid 325] 14:56:43.536797 libssl.so.3->EVP_DigestSign(0x5a38c401d810, 0, 0x7fffad31e370, 0x7fffad31e380) = 1 <0.000107>
[pid 325] 14:56:43.536959 libssl.so.3->EVP_DigestSign(0x5a38c401d810, 0x5a38c410d120, 0x7fffad31e370, 0x7fffad31e380) = 1 <0.000355>
[pid 325] 14:56:43.538769 <... SSL_connect resumed> ) = 1 <0.029662>
[pid 325] 14:56:43.539067 oqsprovider.so->OQS_KEM_free(0x5a38c40f7e90, 0x5a38c40f7e40, 2, 0x5a38c40f7e60) = 4 <0.000227>
Handshake duration: 29.94 ms
[pid 325] 14:56:43.541445 +++ exited (status 0) +++
Execution 64 - TLS Mutual
s_connection: verify depth is 1
[pid 327] 14:56:43.598646 openssl->SSL_connect(0x5f29fea16530, 0x5f29fe9f1e50, 0x5f29fe9f1e50, 0x7f82bc96b360 <unfinished ...>
[pid 327] 14:56:43.599096 libssl.so.3->EVP_PKEY_keygen_init(0x5f29fea1f0b0, 0, 176, 0x5f29fea1f0b0) = 1 <0.000194>
[pid 327] 14:56:43.599345 libssl.so.3->EVP_PKEY_keygen(0x5f29fea1f0b0, 0x7ffe5d2e5380, 0, 103 <unfinished ...>
[pid 327] 14:56:43.599501 oqsprovider.so->OQS_KEM_new(0x5f29fea1d450, 8, 0, 0x5f29fea1de70) = 0x5f29fea1de90 <0.000173>
[pid 327] 14:56:43.599762 oqsprovider.so->OQS_KEM_keypair(0x5f29fea1de90, 0x5f29fea277e0, 0x5f29fea280c0, 0x5f29fea1de70) = 0 <0.002632>
[pid 327] 14:56:43.602454 <... EVP_PKEY_keygen resumed> ) = 1 <0.003105>
[pid 327] 14:56:43.610823 libssl.so.3->EVP_PKEY_decapsulate_init(0x5f29fea1f0b0, 0, 176, 0x5f29fea1f0b0) = 1 <0.000400>
[pid 327] 14:56:43.611282 libssl.so.3->EVP_PKEY_decapsulate(0x5f29fea1f0b0, 0, 0x7ffe5d2e5340, 0x5f29fea212ca) = 1 <0.000145>
[pid 327] 14:56:43.611478 libssl.so.3->EVP_PKEY_decapsulate(0x5f29fea1f0b0, 0x5f29fea11600, 0x7ffe5d2e5340, 0x5f29fea212ca <unfinished ...>
[pid 327] 14:56:43.611628 oqsprovider.so->OQS_KEM_decaps(0x5f29fea1de90, 0x5f29fea11600, 0x5f29fea212ca, 0x5f29fea280c0) = 0 <0.007671>
[pid 327] 14:56:43.619360 <... EVP_PKEY_decapsulate resumed> ) = 1 <0.007880>
[pid 327] 14:56:43.620179 libssl.so.3->X509_verify_cert(0x5f29fea16410, 0, 0x8000, 0xffffffff) = 1 <0.000478>
[pid 327] 14:56:43.620859 libssl.so.3->EVP_DigestVerifyInit_ex(0x5f29fea41260, 0x7ffe5d2e53e8, 0, 0) = 1 <0.000137>
[pid 327] 14:56:43.621041 libssl.so.3->EVP_DigestVerify(0x5f29fea41260, 0x5f29fea21278, 2420, 0x7ffe5d2e53f0) = 1 <0.000161>
[pid 327] 14:56:43.621411 libssl.so.3->X509_verify_cert(0x5f29fea16410, 1, 1, 0) = 1 <0.000229>
[pid 327] 14:56:43.621909 libssl.so.3->EVP_DigestSignInit_ex(0x5f29fe943810, 0x7ffe5d2e53d0, 0, 0) = 1 <0.000187>
[pid 327] 14:56:43.622140 libssl.so.3->EVP_DigestSign(0x5f29fe943810, 0, 0x7ffe5d2e53e0, 0x7ffe5d2e53f0) = 1 <0.000141>
[pid 327] 14:56:43.622326 libssl.so.3->EVP_DigestSign(0x5f29fe943810, 0x5f29fea33120, 0x7ffe5d2e53e0, 0x7ffe5d2e53f0) = 1 <0.000280>
[pid 327] 14:56:43.622863 <... SSL_connect resumed> ) = 1 <0.024230>
[pid 327] 14:56:43.623074 oqsprovider.so->OQS_KEM_free(0x5f29fea1de90, 0x5f29fea1de40, 2, 0x5f29fea1de60) = 4 <0.000129>
Handshake duration: 24.42 ms
[pid 327] 14:56:43.625516 +++ exited (status 0) +++
Execution 65 - TLS Mutual
s_connection: verify depth is 1
[pid 329] 14:56:43.700404 openssl->SSL_connect(0x56dd78f0d530, 0x56dd78ee8e50, 0x56dd78ee8e50, 0x749b47288360 <unfinished ...>
[pid 329] 14:56:43.701308 libssl.so.3->EVP_PKEY_keygen_init(0x56dd78f160b0, 0, 176, 0x56dd78f160b0) = 1 <0.000275>
[pid 329] 14:56:43.701693 libssl.so.3->EVP_PKEY_keygen(0x56dd78f160b0, 0x7ffc11835540, 0, 103 <unfinished ...>
[pid 329] 14:56:43.701881 oqsprovider.so->OQS_KEM_new(0x56dd78f14450, 8, 0, 0x56dd78f14e70) = 0x56dd78f14e90 <0.000174>
[pid 329] 14:56:43.702140 oqsprovider.so->OQS_KEM_keypair(0x56dd78f14e90, 0x56dd78f1e7e0, 0x56dd78f1f0c0, 0x56dd78f14e70) = 0 <0.002967>
[pid 329] 14:56:43.705196 <... EVP_PKEY_keygen resumed> ) = 1 <0.003499>
[pid 329] 14:56:43.713658 libssl.so.3->EVP_PKEY_decapsulate_init(0x56dd78f160b0, 0, 176, 0x56dd78f160b0) = 1 <0.000494>
[pid 329] 14:56:43.714243 libssl.so.3->EVP_PKEY_decapsulate(0x56dd78f160b0, 0, 0x7ffc11835500, 0x56dd78f182ca) = 1 <0.000194>
[pid 329] 14:56:43.714507 libssl.so.3->EVP_PKEY_decapsulate(0x56dd78f160b0, 0x56dd78f08600, 0x7ffc11835500, 0x56dd78f182ca <unfinished ...>
[pid 329] 14:56:43.714652 oqsprovider.so->OQS_KEM_decaps(0x56dd78f14e90, 0x56dd78f08600, 0x56dd78f182ca, 0x56dd78f1f0c0) = 0 <0.007648>
[pid 329] 14:56:43.722400 <... EVP_PKEY_decapsulate resumed> ) = 1 <0.007886>
[pid 329] 14:56:43.723292 libssl.so.3->X509_verify_cert(0x56dd78f0d410, 0, 0x8000, 0xffffffff) = 1 <0.000490>
[pid 329] 14:56:43.723988 libssl.so.3->EVP_DigestVerifyInit_ex(0x56dd78f38260, 0x7ffc118355a8, 0, 0) = 1 <0.000191>
[pid 329] 14:56:43.724261 libssl.so.3->EVP_DigestVerify(0x56dd78f38260, 0x56dd78f18278, 2420, 0x7ffc118355b0) = 1 <0.000212>
[pid 329] 14:56:43.724845 libssl.so.3->X509_verify_cert(0x56dd78f0d410, 1, 1, 0) = 1 <0.000227>
[pid 329] 14:56:43.725363 libssl.so.3->EVP_DigestSignInit_ex(0x56dd78e3a810, 0x7ffc11835590, 0, 0) = 1 <0.000219>
[pid 329] 14:56:43.725651 libssl.so.3->EVP_DigestSign(0x56dd78e3a810, 0, 0x7ffc118355a0, 0x7ffc118355b0) = 1 <0.000170>
[pid 329] 14:56:43.725867 libssl.so.3->EVP_DigestSign(0x56dd78e3a810, 0x56dd78f2a120, 0x7ffc118355a0, 0x7ffc118355b0) = 1 <0.000456>
[pid 329] 14:56:43.726633 <... SSL_connect resumed> ) = 1 <0.026241>
[pid 329] 14:56:43.727002 oqsprovider.so->OQS_KEM_free(0x56dd78f14e90, 0x56dd78f14e40, 2, 0x56dd78f14e60) = 4 <0.000181>
Handshake duration: 26.53 ms
[pid 329] 14:56:43.729515 +++ exited (status 0) +++
Execution 66 - TLS Mutual
s_connection: verify depth is 1
[pid 331] 14:56:43.787058 openssl->SSL_connect(0x5bc0f48f2530, 0x5bc0f48cde50, 0x5bc0f48cde50, 0x79e571322360 <unfinished ...>
[pid 331] 14:56:43.787550 libssl.so.3->EVP_PKEY_keygen_init(0x5bc0f48fb0b0, 0, 176, 0x5bc0f48fb0b0) = 1 <0.000261>
[pid 331] 14:56:43.787881 libssl.so.3->EVP_PKEY_keygen(0x5bc0f48fb0b0, 0x7fffd9d36160, 0, 103 <unfinished ...>
[pid 331] 14:56:43.788072 oqsprovider.so->OQS_KEM_new(0x5bc0f48f9450, 8, 0, 0x5bc0f48f9e70) = 0x5bc0f48f9e90 <0.000220>
[pid 331] 14:56:43.788416 oqsprovider.so->OQS_KEM_keypair(0x5bc0f48f9e90, 0x5bc0f49037e0, 0x5bc0f49040c0, 0x5bc0f48f9e70) = 0 <0.002706>
[pid 331] 14:56:43.791210 <... EVP_PKEY_keygen resumed> ) = 1 <0.003322>
[pid 331] 14:56:43.799576 libssl.so.3->EVP_PKEY_decapsulate_init(0x5bc0f48fb0b0, 0, 176, 0x5bc0f48fb0b0) = 1 <0.000332>
[pid 331] 14:56:43.799961 libssl.so.3->EVP_PKEY_decapsulate(0x5bc0f48fb0b0, 0, 0x7fffd9d36120, 0x5bc0f48fd2ca) = 1 <0.000127>
[pid 331] 14:56:43.800135 libssl.so.3->EVP_PKEY_decapsulate(0x5bc0f48fb0b0, 0x5bc0f48ed600, 0x7fffd9d36120, 0x5bc0f48fd2ca <unfinished ...>
[pid 331] 14:56:43.800261 oqsprovider.so->OQS_KEM_decaps(0x5bc0f48f9e90, 0x5bc0f48ed600, 0x5bc0f48fd2ca, 0x5bc0f49040c0) = 0 <0.007457>
[pid 331] 14:56:43.807838 <... EVP_PKEY_decapsulate resumed> ) = 1 <0.007694>
[pid 331] 14:56:43.808846 libssl.so.3->X509_verify_cert(0x5bc0f48f2410, 0, 0x8000, 0xffffffff) = 1 <0.000574>
[pid 331] 14:56:43.809704 libssl.so.3->EVP_DigestVerifyInit_ex(0x5bc0f491d260, 0x7fffd9d361c8, 0, 0) = 1 <0.000147>
[pid 331] 14:56:43.809985 libssl.so.3->EVP_DigestVerify(0x5bc0f491d260, 0x5bc0f48fd278, 2420, 0x7fffd9d361d0) = 1 <0.000165>
[pid 331] 14:56:43.810426 libssl.so.3->X509_verify_cert(0x5bc0f48f2410, 1, 1, 0) = 1 <0.000239>
[pid 331] 14:56:43.810963 libssl.so.3->EVP_DigestSignInit_ex(0x5bc0f481f810, 0x7fffd9d361b0, 0, 0) = 1 <0.000464>
[pid 331] 14:56:43.811476 libssl.so.3->EVP_DigestSign(0x5bc0f481f810, 0, 0x7fffd9d361c0, 0x7fffd9d361d0) = 1 <0.000109>
[pid 331] 14:56:43.811653 libssl.so.3->EVP_DigestSign(0x5bc0f481f810, 0x5bc0f490f120, 0x7fffd9d361c0, 0x7fffd9d361d0) = 1 <0.000284>
[pid 331] 14:56:43.812292 <... SSL_connect resumed> ) = 1 <0.025249>
[pid 331] 14:56:43.812629 oqsprovider.so->OQS_KEM_free(0x5bc0f48f9e90, 0x5bc0f48f9e40, 2, 0x5bc0f48f9e60) = 4 <0.000208>
Handshake duration: 25.48 ms
[pid 331] 14:56:43.816241 +++ exited (status 0) +++
Execution 67 - TLS Mutual
s_connection: verify depth is 1
[pid 333] 14:56:43.872926 openssl->SSL_connect(0x5b69aa55c530, 0x5b69aa537e50, 0x5b69aa537e50, 0x7fe579a1b360 <unfinished ...>
[pid 333] 14:56:43.873416 libssl.so.3->EVP_PKEY_keygen_init(0x5b69aa5650b0, 0, 176, 0x5b69aa5650b0) = 1 <0.000190>
[pid 333] 14:56:43.873661 libssl.so.3->EVP_PKEY_keygen(0x5b69aa5650b0, 0x7fff9a700160, 0, 103 <unfinished ...>
[pid 333] 14:56:43.873799 oqsprovider.so->OQS_KEM_new(0x5b69aa563450, 8, 0, 0x5b69aa563e70) = 0x5b69aa563e90 <0.000129>
[pid 333] 14:56:43.873979 oqsprovider.so->OQS_KEM_keypair(0x5b69aa563e90, 0x5b69aa56d7e0, 0x5b69aa56e0c0, 0x5b69aa563e70) = 0 <0.002604>
[pid 333] 14:56:43.876673 <... EVP_PKEY_keygen resumed> ) = 1 <0.003008>
[pid 333] 14:56:43.885110 libssl.so.3->EVP_PKEY_decapsulate_init(0x5b69aa5650b0, 0, 176, 0x5b69aa5650b0) = 1 <0.000395>
[pid 333] 14:56:43.885573 libssl.so.3->EVP_PKEY_decapsulate(0x5b69aa5650b0, 0, 0x7fff9a700120, 0x5b69aa5672ca) = 1 <0.000159>
[pid 333] 14:56:43.885778 libssl.so.3->EVP_PKEY_decapsulate(0x5b69aa5650b0, 0x5b69aa557600, 0x7fff9a700120, 0x5b69aa5672ca <unfinished ...>
[pid 333] 14:56:43.885915 oqsprovider.so->OQS_KEM_decaps(0x5b69aa563e90, 0x5b69aa557600, 0x5b69aa5672ca, 0x5b69aa56e0c0) = 0 <0.007413>
[pid 333] 14:56:43.893435 <... EVP_PKEY_decapsulate resumed> ) = 1 <0.007651>
[pid 333] 14:56:43.894252 libssl.so.3->X509_verify_cert(0x5b69aa55c410, 0, 0x8000, 0xffffffff) = 1 <0.000515>
[pid 333] 14:56:43.894979 libssl.so.3->EVP_DigestVerifyInit_ex(0x5b69aa587260, 0x7fff9a7001c8, 0, 0) = 1 <0.000155>
[pid 333] 14:56:43.895183 libssl.so.3->EVP_DigestVerify(0x5b69aa587260, 0x5b69aa567278, 2420, 0x7fff9a7001d0) = 1 <0.000154>
[pid 333] 14:56:43.895549 libssl.so.3->X509_verify_cert(0x5b69aa55c410, 1, 1, 0) = 1 <0.000198>
[pid 333] 14:56:43.895964 libssl.so.3->EVP_DigestSignInit_ex(0x5b69aa489810, 0x7fff9a7001b0, 0, 0) = 1 <0.000127>
[pid 333] 14:56:43.896134 libssl.so.3->EVP_DigestSign(0x5b69aa489810, 0, 0x7fff9a7001c0, 0x7fff9a7001d0) = 1 <0.000120>
[pid 333] 14:56:43.896299 libssl.so.3->EVP_DigestSign(0x5b69aa489810, 0x5b69aa579120, 0x7fff9a7001c0, 0x7fff9a7001d0) = 1 <0.000231>
[pid 333] 14:56:43.896776 <... SSL_connect resumed> ) = 1 <0.023867>
[pid 333] 14:56:43.896976 oqsprovider.so->OQS_KEM_free(0x5b69aa563e90, 0x5b69aa563e40, 2, 0x5b69aa563e60) = 4 <0.000119>
Handshake duration: 24.04 ms
[pid 333] 14:56:43.899285 +++ exited (status 0) +++
Execution 68 - TLS Mutual
s_connection: verify depth is 1
[pid 335] 14:56:43.957422 openssl->SSL_connect(0x630066762530, 0x63006673de50, 0x63006673de50, 0x6fff5caa8360 <unfinished ...>
[pid 335] 14:56:43.957943 libssl.so.3->EVP_PKEY_keygen_init(0x63006676b0b0, 0, 176, 0x63006676b0b0) = 1 <0.000175>
[pid 335] 14:56:43.958174 libssl.so.3->EVP_PKEY_keygen(0x63006676b0b0, 0x7ffc9556ec70, 0, 103 <unfinished ...>
[pid 335] 14:56:43.958315 oqsprovider.so->OQS_KEM_new(0x630066769450, 8, 0, 0x630066769e70) = 0x630066769e90 <0.000127>
[pid 335] 14:56:43.958537 oqsprovider.so->OQS_KEM_keypair(0x630066769e90, 0x6300667737e0, 0x6300667740c0, 0x630066769e70) = 0 <0.002748>
[pid 335] 14:56:43.961395 <... EVP_PKEY_keygen resumed> ) = 1 <0.003211>
[pid 335] 14:56:43.970511 libssl.so.3->EVP_PKEY_decapsulate_init(0x63006676b0b0, 0, 176, 0x63006676b0b0) = 1 <0.000443>
[pid 335] 14:56:43.971011 libssl.so.3->EVP_PKEY_decapsulate(0x63006676b0b0, 0, 0x7ffc9556ec30, 0x63006676d2ca) = 1 <0.000170>
[pid 335] 14:56:43.971239 libssl.so.3->EVP_PKEY_decapsulate(0x63006676b0b0, 0x63006675d600, 0x7ffc9556ec30, 0x63006676d2ca <unfinished ...>
[pid 335] 14:56:43.971456 oqsprovider.so->OQS_KEM_decaps(0x630066769e90, 0x63006675d600, 0x63006676d2ca, 0x6300667740c0) = 0 <0.009285>
[pid 335] 14:56:43.980889 <... EVP_PKEY_decapsulate resumed> ) = 1 <0.009639>
[pid 335] 14:56:43.982048 libssl.so.3->X509_verify_cert(0x630066762410, 0, 0x8000, 0xffffffff) = 1 <0.000619>
[pid 335] 14:56:43.982888 libssl.so.3->EVP_DigestVerifyInit_ex(0x63006678d260, 0x7ffc9556ecd8, 0, 0) = 1 <0.000155>
[pid 335] 14:56:43.983080 libssl.so.3->EVP_DigestVerify(0x63006678d260, 0x63006676d278, 2420, 0x7ffc9556ece0) = 1 <0.000178>
[pid 335] 14:56:43.983583 libssl.so.3->X509_verify_cert(0x630066762410, 1, 1, 0) = 1 <0.000291>
[pid 335] 14:56:43.984197 libssl.so.3->EVP_DigestSignInit_ex(0x63006668f810, 0x7ffc9556ecc0, 0, 0) = 1 <0.000186>
[pid 335] 14:56:43.984548 libssl.so.3->EVP_DigestSign(0x63006668f810, 0, 0x7ffc9556ecd0, 0x7ffc9556ece0) = 1 <0.000219>
[pid 335] 14:56:43.984851 libssl.so.3->EVP_DigestSign(0x63006668f810, 0x63006677f120, 0x7ffc9556ecd0, 0x7ffc9556ece0) = 1 <0.000435>
[pid 335] 14:56:43.985564 <... SSL_connect resumed> ) = 1 <0.028146>
[pid 335] 14:56:43.985808 oqsprovider.so->OQS_KEM_free(0x630066769e90, 0x630066769e40, 2, 0x630066769e60) = 4 <0.000204>
Handshake duration: 28.39 ms
[pid 335] 14:56:43.988191 +++ exited (status 0) +++
Execution 69 - TLS Mutual
s_connection: verify depth is 1
[pid 337] 14:56:44.046431 openssl->SSL_connect(0x63ad166dd530, 0x63ad166b8e50, 0x63ad166b8e50, 0x7e9aaa7c4360 <unfinished ...>
[pid 337] 14:56:44.046934 libssl.so.3->EVP_PKEY_keygen_init(0x63ad166e60b0, 0, 176, 0x63ad166e60b0) = 1 <0.000138>
[pid 337] 14:56:44.047120 libssl.so.3->EVP_PKEY_keygen(0x63ad166e60b0, 0x7ffeaf995db0, 0, 103 <unfinished ...>
[pid 337] 14:56:44.047244 oqsprovider.so->OQS_KEM_new(0x63ad166e4450, 8, 0, 0x63ad166e4e70) = 0x63ad166e4e90 <0.000123>
[pid 337] 14:56:44.047422 oqsprovider.so->OQS_KEM_keypair(0x63ad166e4e90, 0x63ad166ee7e0, 0x63ad166ef0c0, 0x63ad166e4e70) = 0 <0.002633>
[pid 337] 14:56:44.050139 <... EVP_PKEY_keygen resumed> ) = 1 <0.003013>
[pid 337] 14:56:44.058493 libssl.so.3->EVP_PKEY_decapsulate_init(0x63ad166e60b0, 0, 176, 0x63ad166e60b0) = 1 <0.000394>
[pid 337] 14:56:44.058931 libssl.so.3->EVP_PKEY_decapsulate(0x63ad166e60b0, 0, 0x7ffeaf995d70, 0x63ad166e82ca) = 1 <0.000141>
[pid 337] 14:56:44.059116 libssl.so.3->EVP_PKEY_decapsulate(0x63ad166e60b0, 0x63ad166d8600, 0x7ffeaf995d70, 0x63ad166e82ca <unfinished ...>
[pid 337] 14:56:44.059268 oqsprovider.so->OQS_KEM_decaps(0x63ad166e4e90, 0x63ad166d8600, 0x63ad166e82ca, 0x63ad166ef0c0) = 0 <0.007585>
[pid 337] 14:56:44.066929 <... EVP_PKEY_decapsulate resumed> ) = 1 <0.007810>
[pid 337] 14:56:44.067991 libssl.so.3->X509_verify_cert(0x63ad166dd410, 0, 0x8000, 0xffffffff) = 1 <0.000581>
[pid 337] 14:56:44.068834 libssl.so.3->EVP_DigestVerifyInit_ex(0x63ad16708260, 0x7ffeaf995e18, 0, 0) = 1 <0.000194>
[pid 337] 14:56:44.069085 libssl.so.3->EVP_DigestVerify(0x63ad16708260, 0x63ad166e8278, 2420, 0x7ffeaf995e20) = 1 <0.000207>
[pid 337] 14:56:44.069557 libssl.so.3->X509_verify_cert(0x63ad166dd410, 1, 1, 0) = 1 <0.000215>
[pid 337] 14:56:44.070037 libssl.so.3->EVP_DigestSignInit_ex(0x63ad1660a810, 0x7ffeaf995e00, 0, 0) = 1 <0.000164>
[pid 337] 14:56:44.070247 libssl.so.3->EVP_DigestSign(0x63ad1660a810, 0, 0x7ffeaf995e10, 0x7ffeaf995e20) = 1 <0.000150>
[pid 337] 14:56:44.070454 libssl.so.3->EVP_DigestSign(0x63ad1660a810, 0x63ad166fa120, 0x7ffeaf995e10, 0x7ffeaf995e20) = 1 <0.000312>
[pid 337] 14:56:44.071145 <... SSL_connect resumed> ) = 1 <0.024718>
[pid 337] 14:56:44.071496 oqsprovider.so->OQS_KEM_free(0x63ad166e4e90, 0x63ad166e4e40, 2, 0x63ad166e4e60) = 4 <0.000167>
Handshake duration: 24.99 ms
[pid 337] 14:56:44.073963 +++ exited (status 0) +++
Execution 70 - TLS Mutual
s_connection: verify depth is 1
[pid 339] 14:56:44.131667 openssl->SSL_connect(0x5e5e5ccc9530, 0x5e5e5cca4e50, 0x5e5e5cca4e50, 0x716f73613360 <unfinished ...>
[pid 339] 14:56:44.132090 libssl.so.3->EVP_PKEY_keygen_init(0x5e5e5ccd20b0, 0, 176, 0x5e5e5ccd20b0) = 1 <0.000154>
[pid 339] 14:56:44.132295 libssl.so.3->EVP_PKEY_keygen(0x5e5e5ccd20b0, 0x7fffdc558590, 0, 103 <unfinished ...>
[pid 339] 14:56:44.132457 oqsprovider.so->OQS_KEM_new(0x5e5e5ccd0450, 8, 0, 0x5e5e5ccd0e70) = 0x5e5e5ccd0e90 <0.000152>
[pid 339] 14:56:44.132687 oqsprovider.so->OQS_KEM_keypair(0x5e5e5ccd0e90, 0x5e5e5ccda7e0, 0x5e5e5ccdb0c0, 0x5e5e5ccd0e70) = 0 <0.002792>
[pid 339] 14:56:44.135552 <... EVP_PKEY_keygen resumed> ) = 1 <0.003251>
[pid 339] 14:56:44.143678 libssl.so.3->EVP_PKEY_decapsulate_init(0x5e5e5ccd20b0, 0, 176, 0x5e5e5ccd20b0) = 1 <0.000310>
[pid 339] 14:56:44.144027 libssl.so.3->EVP_PKEY_decapsulate(0x5e5e5ccd20b0, 0, 0x7fffdc558550, 0x5e5e5ccd42ca) = 1 <0.000117>
[pid 339] 14:56:44.144196 libssl.so.3->EVP_PKEY_decapsulate(0x5e5e5ccd20b0, 0x5e5e5ccc4600, 0x7fffdc558550, 0x5e5e5ccd42ca <unfinished ...>
[pid 339] 14:56:44.144321 oqsprovider.so->OQS_KEM_decaps(0x5e5e5ccd0e90, 0x5e5e5ccc4600, 0x5e5e5ccd42ca, 0x5e5e5ccdb0c0) = 0 <0.007800>
[pid 339] 14:56:44.152222 <... EVP_PKEY_decapsulate resumed> ) = 1 <0.008018>
[pid 339] 14:56:44.153196 libssl.so.3->X509_verify_cert(0x5e5e5ccc9410, 0, 0x8000, 0xffffffff) = 1 <0.000572>
[pid 339] 14:56:44.154011 libssl.so.3->EVP_DigestVerifyInit_ex(0x5e5e5ccf4260, 0x7fffdc5585f8, 0, 0) = 1 <0.000197>
[pid 339] 14:56:44.154259 libssl.so.3->EVP_DigestVerify(0x5e5e5ccf4260, 0x5e5e5ccd4278, 2420, 0x7fffdc558600) = 1 <0.000236>
[pid 339] 14:56:44.154747 libssl.so.3->X509_verify_cert(0x5e5e5ccc9410, 1, 1, 0) = 1 <0.000201>
[pid 339] 14:56:44.155279 libssl.so.3->EVP_DigestSignInit_ex(0x5e5e5cbf6810, 0x7fffdc5585e0, 0, 0) = 1 <0.000153>
[pid 339] 14:56:44.155484 libssl.so.3->EVP_DigestSign(0x5e5e5cbf6810, 0, 0x7fffdc5585f0, 0x7fffdc558600) = 1 <0.000174>
[pid 339] 14:56:44.155704 libssl.so.3->EVP_DigestSign(0x5e5e5cbf6810, 0x5e5e5cce6120, 0x7fffdc5585f0, 0x7fffdc558600) = 1 <0.000259>
[pid 339] 14:56:44.156267 <... SSL_connect resumed> ) = 1 <0.024613>
[pid 339] 14:56:44.156528 oqsprovider.so->OQS_KEM_free(0x5e5e5ccd0e90, 0x5e5e5ccd0e40, 2, 0x5e5e5ccd0e60) = 4 <0.000204>
Handshake duration: 24.83 ms
[pid 339] 14:56:44.160684 +++ exited (status 0) +++
Execution 71 - TLS Mutual
s_connection: verify depth is 1
[pid 341] 14:56:44.224790 openssl->SSL_connect(0x650031e35530, 0x650031e10e50, 0x650031e10e50, 0x77f87737f360 <unfinished ...>
[pid 341] 14:56:44.225332 libssl.so.3->EVP_PKEY_keygen_init(0x650031e3e0b0, 0, 176, 0x650031e3e0b0) = 1 <0.000179>
[pid 341] 14:56:44.225597 libssl.so.3->EVP_PKEY_keygen(0x650031e3e0b0, 0x7ffd46ec9db0, 0, 103 <unfinished ...>
[pid 341] 14:56:44.225783 oqsprovider.so->OQS_KEM_new(0x650031e3c450, 8, 0, 0x650031e3ce70) = 0x650031e3ce90 <0.000153>
[pid 341] 14:56:44.225997 oqsprovider.so->OQS_KEM_keypair(0x650031e3ce90, 0x650031e467e0, 0x650031e470c0, 0x650031e3ce70) = 0 <0.004960>
[pid 341] 14:56:44.231054 <... EVP_PKEY_keygen resumed> ) = 1 <0.005465>
[pid 341] 14:56:44.240661 libssl.so.3->EVP_PKEY_decapsulate_init(0x650031e3e0b0, 0, 176, 0x650031e3e0b0) = 1 <0.000605>
[pid 341] 14:56:44.241342 libssl.so.3->EVP_PKEY_decapsulate(0x650031e3e0b0, 0, 0x7ffd46ec9d70, 0x650031e402ca) = 1 <0.000165>
[pid 341] 14:56:44.241566 libssl.so.3->EVP_PKEY_decapsulate(0x650031e3e0b0, 0x650031e30600, 0x7ffd46ec9d70, 0x650031e402ca <unfinished ...>
[pid 341] 14:56:44.241728 oqsprovider.so->OQS_KEM_decaps(0x650031e3ce90, 0x650031e30600, 0x650031e402ca, 0x650031e470c0) = 0 <0.014800>
[pid 341] 14:56:44.256686 <... EVP_PKEY_decapsulate resumed> ) = 1 <0.015107>
[pid 341] 14:56:44.258046 libssl.so.3->X509_verify_cert(0x650031e35410, 0, 0x8000, 0xffffffff) = 1 <0.000718>
[pid 341] 14:56:44.259026 libssl.so.3->EVP_DigestVerifyInit_ex(0x650031e60260, 0x7ffd46ec9e18, 0, 0) = 1 <0.000166>
[pid 341] 14:56:44.259244 libssl.so.3->EVP_DigestVerify(0x650031e60260, 0x650031e40278, 2420, 0x7ffd46ec9e20) = 1 <0.000227>
[pid 341] 14:56:44.259798 libssl.so.3->X509_verify_cert(0x650031e35410, 1, 1, 0) = 1 <0.000295>
[pid 341] 14:56:44.260488 libssl.so.3->EVP_DigestSignInit_ex(0x650031d62810, 0x7ffd46ec9e00, 0, 0) = 1 <0.000181>
[pid 341] 14:56:44.260766 libssl.so.3->EVP_DigestSign(0x650031d62810, 0, 0x7ffd46ec9e10, 0x7ffd46ec9e20) = 1 <0.000152>
[pid 341] 14:56:44.260966 libssl.so.3->EVP_DigestSign(0x650031d62810, 0x650031e52120, 0x7ffd46ec9e10, 0x7ffd46ec9e20) = 1 <0.000375>
[pid 341] 14:56:44.261760 <... SSL_connect resumed> ) = 1 <0.036969>
[pid 341] 14:56:44.262455 oqsprovider.so->OQS_KEM_free(0x650031e3ce90, 0x650031e3ce40, 2, 0x650031e3ce60) = 4 <0.000232>
Handshake duration: 37.60 ms
[pid 341] 14:56:44.265698 +++ exited (status 0) +++
Execution 72 - TLS Mutual
s_connection: verify depth is 1
[pid 343] 14:56:44.323848 openssl->SSL_connect(0x5d9f77fcc530, 0x5d9f77fa7e50, 0x5d9f77fa7e50, 0x797188bd4360 <unfinished ...>
[pid 343] 14:56:44.324298 libssl.so.3->EVP_PKEY_keygen_init(0x5d9f77fd50b0, 0, 176, 0x5d9f77fd50b0) = 1 <0.000144>
[pid 343] 14:56:44.324508 libssl.so.3->EVP_PKEY_keygen(0x5d9f77fd50b0, 0x7ffd7cff19f0, 0, 103 <unfinished ...>
[pid 343] 14:56:44.324683 oqsprovider.so->OQS_KEM_new(0x5d9f77fd3450, 8, 0, 0x5d9f77fd3e70) = 0x5d9f77fd3e90 <0.000201>
[pid 343] 14:56:44.324935 oqsprovider.so->OQS_KEM_keypair(0x5d9f77fd3e90, 0x5d9f77fdd7e0, 0x5d9f77fde0c0, 0x5d9f77fd3e70) = 0 <0.002602>
[pid 343] 14:56:44.327624 <... EVP_PKEY_keygen resumed> ) = 1 <0.003110>
[pid 343] 14:56:44.336011 libssl.so.3->EVP_PKEY_decapsulate_init(0x5d9f77fd50b0, 0, 176, 0x5d9f77fd50b0) = 1 <0.000332>
[pid 343] 14:56:44.336394 libssl.so.3->EVP_PKEY_decapsulate(0x5d9f77fd50b0, 0, 0x7ffd7cff19b0, 0x5d9f77fd72ca) = 1 <0.000126>
[pid 343] 14:56:44.336568 libssl.so.3->EVP_PKEY_decapsulate(0x5d9f77fd50b0, 0x5d9f77fc7600, 0x7ffd7cff19b0, 0x5d9f77fd72ca <unfinished ...>
[pid 343] 14:56:44.336705 oqsprovider.so->OQS_KEM_decaps(0x5d9f77fd3e90, 0x5d9f77fc7600, 0x5d9f77fd72ca, 0x5d9f77fde0c0) = 0 <0.007451>
[pid 343] 14:56:44.344250 <... EVP_PKEY_decapsulate resumed> ) = 1 <0.007673>
[pid 343] 14:56:44.346848 libssl.so.3->X509_verify_cert(0x5d9f77fcc410, 0, 0x8000, 0xffffffff) = 1 <0.000496>
[pid 343] 14:56:44.347558 libssl.so.3->EVP_DigestVerifyInit_ex(0x5d9f77ff7260, 0x7ffd7cff1a58, 0, 0) = 1 <0.000193>
[pid 343] 14:56:44.347806 libssl.so.3->EVP_DigestVerify(0x5d9f77ff7260, 0x5d9f77fd7278, 2420, 0x7ffd7cff1a60) = 1 <0.000224>
[pid 343] 14:56:44.348301 libssl.so.3->X509_verify_cert(0x5d9f77fcc410, 1, 1, 0) = 1 <0.000229>
[pid 343] 14:56:44.348792 libssl.so.3->EVP_DigestSignInit_ex(0x5d9f77ef9810, 0x7ffd7cff1a40, 0, 0) = 1 <0.000245>
[pid 343] 14:56:44.349094 libssl.so.3->EVP_DigestSign(0x5d9f77ef9810, 0, 0x7ffd7cff1a50, 0x7ffd7cff1a60) = 1 <0.000131>
[pid 343] 14:56:44.349264 libssl.so.3->EVP_DigestSign(0x5d9f77ef9810, 0x5d9f77fe9120, 0x7ffd7cff1a50, 0x7ffd7cff1a60) = 1 <0.000265>
[pid 343] 14:56:44.349952 <... SSL_connect resumed> ) = 1 <0.026107>
[pid 343] 14:56:44.350181 oqsprovider.so->OQS_KEM_free(0x5d9f77fd3e90, 0x5d9f77fd3e40, 2, 0x5d9f77fd3e60) = 4 <0.000132>
Handshake duration: 26.30 ms
[pid 343] 14:56:44.352308 +++ exited (status 0) +++
Execution 73 - TLS Mutual
s_connection: verify depth is 1
[pid 345] 14:56:44.407016 openssl->SSL_connect(0x58b2dca62530, 0x58b2dca3de50, 0x58b2dca3de50, 0x70f28a57f360 <unfinished ...>
[pid 345] 14:56:44.407433 libssl.so.3->EVP_PKEY_keygen_init(0x58b2dca6b0b0, 0, 176, 0x58b2dca6b0b0) = 1 <0.000174>
[pid 345] 14:56:44.407658 libssl.so.3->EVP_PKEY_keygen(0x58b2dca6b0b0, 0x7ffda0810500, 0, 103 <unfinished ...>
[pid 345] 14:56:44.407788 oqsprovider.so->OQS_KEM_new(0x58b2dca69450, 8, 0, 0x58b2dca69e70) = 0x58b2dca69e90 <0.000118>
[pid 345] 14:56:44.407955 oqsprovider.so->OQS_KEM_keypair(0x58b2dca69e90, 0x58b2dca737e0, 0x58b2dca740c0, 0x58b2dca69e70) = 0 <0.002609>
[pid 345] 14:56:44.410690 <... EVP_PKEY_keygen resumed> ) = 1 <0.003026>
[pid 345] 14:56:44.418618 libssl.so.3->EVP_PKEY_decapsulate_init(0x58b2dca6b0b0, 0, 176, 0x58b2dca6b0b0) = 1 <0.000332>
[pid 345] 14:56:44.419003 libssl.so.3->EVP_PKEY_decapsulate(0x58b2dca6b0b0, 0, 0x7ffda08104c0, 0x58b2dca6d2ca) = 1 <0.000146>
[pid 345] 14:56:44.419206 libssl.so.3->EVP_PKEY_decapsulate(0x58b2dca6b0b0, 0x58b2dca5d600, 0x7ffda08104c0, 0x58b2dca6d2ca <unfinished ...>
[pid 345] 14:56:44.419352 oqsprovider.so->OQS_KEM_decaps(0x58b2dca69e90, 0x58b2dca5d600, 0x58b2dca6d2ca, 0x58b2dca740c0) = 0 <0.007407>
[pid 345] 14:56:44.426843 <... EVP_PKEY_decapsulate resumed> ) = 1 <0.007631>
[pid 345] 14:56:44.427686 libssl.so.3->X509_verify_cert(0x58b2dca62410, 0, 0x8000, 0xffffffff) = 1 <0.000522>
[pid 345] 14:56:44.428607 libssl.so.3->EVP_DigestVerifyInit_ex(0x58b2dca8d260, 0x7ffda0810568, 0, 0) = 1 <0.000235>
[pid 345] 14:56:44.428888 libssl.so.3->EVP_DigestVerify(0x58b2dca8d260, 0x58b2dca6d278, 2420, 0x7ffda0810570) = 1 <0.000207>
[pid 345] 14:56:44.429371 libssl.so.3->X509_verify_cert(0x58b2dca62410, 1, 1, 0) = 1 <0.000277>
[pid 345] 14:56:44.429999 libssl.so.3->EVP_DigestSignInit_ex(0x58b2dc98f810, 0x7ffda0810550, 0, 0) = 1 <0.000243>
[pid 345] 14:56:44.430326 libssl.so.3->EVP_DigestSign(0x58b2dc98f810, 0, 0x7ffda0810560, 0x7ffda0810570) = 1 <0.000193>
[pid 345] 14:56:44.430601 libssl.so.3->EVP_DigestSign(0x58b2dc98f810, 0x58b2dca7f120, 0x7ffda0810560, 0x7ffda0810570) = 1 <0.000388>
[pid 345] 14:56:44.431501 <... SSL_connect resumed> ) = 1 <0.024477>
[pid 345] 14:56:44.431803 oqsprovider.so->OQS_KEM_free(0x58b2dca69e90, 0x58b2dca69e40, 2, 0x58b2dca69e60) = 4 <0.000232>
Handshake duration: 24.74 ms
[pid 345] 14:56:44.434838 +++ exited (status 0) +++
Execution 74 - TLS Mutual
s_connection: verify depth is 1
[pid 347] 14:56:44.491814 openssl->SSL_connect(0x5d6284527530, 0x5d6284502e50, 0x5d6284502e50, 0x7fa448073360 <unfinished ...>
[pid 347] 14:56:44.492223 libssl.so.3->EVP_PKEY_keygen_init(0x5d62845300b0, 0, 176, 0x5d62845300b0) = 1 <0.000176>
[pid 347] 14:56:44.492455 libssl.so.3->EVP_PKEY_keygen(0x5d62845300b0, 0x7ffce5b7d9f0, 0, 103 <unfinished ...>
[pid 347] 14:56:44.492602 oqsprovider.so->OQS_KEM_new(0x5d628452e450, 8, 0, 0x5d628452ee70) = 0x5d628452ee90 <0.000116>
[pid 347] 14:56:44.492814 oqsprovider.so->OQS_KEM_keypair(0x5d628452ee90, 0x5d62845387e0, 0x5d62845390c0, 0x5d628452ee70) = 0 <0.002861>
[pid 347] 14:56:44.495786 <... EVP_PKEY_keygen resumed> ) = 1 <0.003320>
[pid 347] 14:56:44.504342 libssl.so.3->EVP_PKEY_decapsulate_init(0x5d62845300b0, 0, 176, 0x5d62845300b0) = 1 <0.000454>
[pid 347] 14:56:44.504855 libssl.so.3->EVP_PKEY_decapsulate(0x5d62845300b0, 0, 0x7ffce5b7d9b0, 0x5d62845322ca) = 1 <0.000139>
[pid 347] 14:56:44.505041 libssl.so.3->EVP_PKEY_decapsulate(0x5d62845300b0, 0x5d6284522600, 0x7ffce5b7d9b0, 0x5d62845322ca <unfinished ...>
[pid 347] 14:56:44.505167 oqsprovider.so->OQS_KEM_decaps(0x5d628452ee90, 0x5d6284522600, 0x5d62845322ca, 0x5d62845390c0) = 0 <0.008293>
[pid 347] 14:56:44.513597 <... EVP_PKEY_decapsulate resumed> ) = 1 <0.008534>
[pid 347] 14:56:44.514477 libssl.so.3->X509_verify_cert(0x5d6284527410, 0, 0x8000, 0xffffffff) = 1 <0.000546>
[pid 347] 14:56:44.515235 libssl.so.3->EVP_DigestVerifyInit_ex(0x5d6284552260, 0x7ffce5b7da58, 0, 0) = 1 <0.000146>
[pid 347] 14:56:44.515443 libssl.so.3->EVP_DigestVerify(0x5d6284552260, 0x5d6284532278, 2420, 0x7ffce5b7da60) = 1 <0.000193>
[pid 347] 14:56:44.515942 libssl.so.3->X509_verify_cert(0x5d6284527410, 1, 1, 0) = 1 <0.000229>
[pid 347] 14:56:44.516448 libssl.so.3->EVP_DigestSignInit_ex(0x5d6284454810, 0x7ffce5b7da40, 0, 0) = 1 <0.000181>
[pid 347] 14:56:44.516683 libssl.so.3->EVP_DigestSign(0x5d6284454810, 0, 0x7ffce5b7da50, 0x7ffce5b7da60) = 1 <0.000137>
[pid 347] 14:56:44.516869 libssl.so.3->EVP_DigestSign(0x5d6284454810, 0x5d6284544120, 0x7ffce5b7da50, 0x7ffce5b7da60) = 1 <0.000272>
[pid 347] 14:56:44.517468 <... SSL_connect resumed> ) = 1 <0.025660>
[pid 347] 14:56:44.517718 oqsprovider.so->OQS_KEM_free(0x5d628452ee90, 0x5d628452ee40, 2, 0x5d628452ee60) = 4 <0.000154>
Handshake duration: 25.89 ms
[pid 347] 14:56:44.520117 +++ exited (status 0) +++
Execution 75 - TLS Mutual
s_connection: verify depth is 1
[pid 349] 14:56:44.577244 openssl->SSL_connect(0x6178d185a530, 0x6178d1835e50, 0x6178d1835e50, 0x7990b827b360 <unfinished ...>
[pid 349] 14:56:44.577683 libssl.so.3->EVP_PKEY_keygen_init(0x6178d18630b0, 0, 176, 0x6178d18630b0) = 1 <0.000200>
[pid 349] 14:56:44.577969 libssl.so.3->EVP_PKEY_keygen(0x6178d18630b0, 0x7ffc108f4e50, 0, 103 <unfinished ...>
[pid 349] 14:56:44.578176 oqsprovider.so->OQS_KEM_new(0x6178d1861450, 8, 0, 0x6178d1861e70) = 0x6178d1861e90 <0.000143>
[pid 349] 14:56:44.578375 oqsprovider.so->OQS_KEM_keypair(0x6178d1861e90, 0x6178d186b7e0, 0x6178d186c0c0, 0x6178d1861e70) = 0 <0.002750>
[pid 349] 14:56:44.581216 <... EVP_PKEY_keygen resumed> ) = 1 <0.003242>
[pid 349] 14:56:44.589532 libssl.so.3->EVP_PKEY_decapsulate_init(0x6178d18630b0, 0, 176, 0x6178d18630b0) = 1 <0.000409>
[pid 349] 14:56:44.590045 libssl.so.3->EVP_PKEY_decapsulate(0x6178d18630b0, 0, 0x7ffc108f4e10, 0x6178d18652ca) = 1 <0.000148>
[pid 349] 14:56:44.590248 libssl.so.3->EVP_PKEY_decapsulate(0x6178d18630b0, 0x6178d1855600, 0x7ffc108f4e10, 0x6178d18652ca <unfinished ...>
[pid 349] 14:56:44.590376 oqsprovider.so->OQS_KEM_decaps(0x6178d1861e90, 0x6178d1855600, 0x6178d18652ca, 0x6178d186c0c0) = 0 <0.007803>
[pid 349] 14:56:44.598269 <... EVP_PKEY_decapsulate resumed> ) = 1 <0.008009>
[pid 349] 14:56:44.599089 libssl.so.3->X509_verify_cert(0x6178d185a410, 0, 0x8000, 0xffffffff) = 1 <0.000467>
[pid 349] 14:56:44.599866 libssl.so.3->EVP_DigestVerifyInit_ex(0x6178d1885260, 0x7ffc108f4eb8, 0, 0) = 1 <0.000247>
[pid 349] 14:56:44.600171 libssl.so.3->EVP_DigestVerify(0x6178d1885260, 0x6178d1865278, 2420, 0x7ffc108f4ec0) = 1 <0.000203>
[pid 349] 14:56:44.600657 libssl.so.3->X509_verify_cert(0x6178d185a410, 1, 1, 0) = 1 <0.000250>
[pid 349] 14:56:44.601191 libssl.so.3->EVP_DigestSignInit_ex(0x6178d1787810, 0x7ffc108f4ea0, 0, 0) = 1 <0.000171>
[pid 349] 14:56:44.601495 libssl.so.3->EVP_DigestSign(0x6178d1787810, 0, 0x7ffc108f4eb0, 0x7ffc108f4ec0) = 1 <0.000188>
[pid 349] 14:56:44.601727 libssl.so.3->EVP_DigestSign(0x6178d1787810, 0x6178d1877120, 0x7ffc108f4eb0, 0x7ffc108f4ec0) = 1 <0.000280>
[pid 349] 14:56:44.602282 <... SSL_connect resumed> ) = 1 <0.025044>
[pid 349] 14:56:44.602559 oqsprovider.so->OQS_KEM_free(0x6178d1861e90, 0x6178d1861e40, 2, 0x6178d1861e60) = 4 <0.000137>
Handshake duration: 25.25 ms
[pid 349] 14:56:44.605063 +++ exited (status 0) +++
Execution 76 - TLS Mutual
s_connection: verify depth is 1
[pid 351] 14:56:44.661919 openssl->SSL_connect(0x55e647abe530, 0x55e647a99e50, 0x55e647a99e50, 0x76b0fd90d360 <unfinished ...>
[pid 351] 14:56:44.662376 libssl.so.3->EVP_PKEY_keygen_init(0x55e647ac70b0, 0, 176, 0x55e647ac70b0) = 1 <0.000192>
[pid 351] 14:56:44.662666 libssl.so.3->EVP_PKEY_keygen(0x55e647ac70b0, 0x7ffce2534920, 0, 103 <unfinished ...>
[pid 351] 14:56:44.662835 oqsprovider.so->OQS_KEM_new(0x55e647ac5450, 8, 0, 0x55e647ac5e70) = 0x55e647ac5e90 <0.000117>
[pid 351] 14:56:44.663000 oqsprovider.so->OQS_KEM_keypair(0x55e647ac5e90, 0x55e647acf7e0, 0x55e647ad00c0, 0x55e647ac5e70) = 0 <0.002700>
[pid 351] 14:56:44.665778 <... EVP_PKEY_keygen resumed> ) = 1 <0.003107>
[pid 351] 14:56:44.674489 libssl.so.3->EVP_PKEY_decapsulate_init(0x55e647ac70b0, 0, 176, 0x55e647ac70b0) = 1 <0.000294>
[pid 351] 14:56:44.674830 libssl.so.3->EVP_PKEY_decapsulate(0x55e647ac70b0, 0, 0x7ffce25348e0, 0x55e647ac92ca) = 1 <0.000121>
[pid 351] 14:56:44.674999 libssl.so.3->EVP_PKEY_decapsulate(0x55e647ac70b0, 0x55e647ab9600, 0x7ffce25348e0, 0x55e647ac92ca <unfinished ...>
[pid 351] 14:56:44.675109 oqsprovider.so->OQS_KEM_decaps(0x55e647ac5e90, 0x55e647ab9600, 0x55e647ac92ca, 0x55e647ad00c0) = 0 <0.007533>
[pid 351] 14:56:44.682790 <... EVP_PKEY_decapsulate resumed> ) = 1 <0.007781>
[pid 351] 14:56:44.683900 libssl.so.3->X509_verify_cert(0x55e647abe410, 0, 0x8000, 0xffffffff) = 1 <0.000554>
[pid 351] 14:56:44.684736 libssl.so.3->EVP_DigestVerifyInit_ex(0x55e647ae9260, 0x7ffce2534988, 0, 0) = 1 <0.000209>
[pid 351] 14:56:44.685009 libssl.so.3->EVP_DigestVerify(0x55e647ae9260, 0x55e647ac9278, 2420, 0x7ffce2534990) = 1 <0.000227>
[pid 351] 14:56:44.685536 libssl.so.3->X509_verify_cert(0x55e647abe410, 1, 1, 0) = 1 <0.000286>
[pid 351] 14:56:44.686092 libssl.so.3->EVP_DigestSignInit_ex(0x55e6479eb810, 0x7ffce2534970, 0, 0) = 1 <0.000193>
[pid 351] 14:56:44.686341 libssl.so.3->EVP_DigestSign(0x55e6479eb810, 0, 0x7ffce2534980, 0x7ffce2534990) = 1 <0.000140>
[pid 351] 14:56:44.686559 libssl.so.3->EVP_DigestSign(0x55e6479eb810, 0x55e647adb120, 0x7ffce2534980, 0x7ffce2534990) = 1 <0.000393>
[pid 351] 14:56:44.687268 <... SSL_connect resumed> ) = 1 <0.025352>
[pid 351] 14:56:44.687537 oqsprovider.so->OQS_KEM_free(0x55e647ac5e90, 0x55e647ac5e40, 2, 0x55e647ac5e60) = 4 <0.000153>
Handshake duration: 25.56 ms
[pid 351] 14:56:44.690076 +++ exited (status 0) +++
Execution 77 - TLS Mutual
s_connection: verify depth is 1
[pid 353] 14:56:44.747925 openssl->SSL_connect(0x602940626530, 0x602940601e50, 0x602940601e50, 0x7779f9c57360 <unfinished ...>
[pid 353] 14:56:44.748840 libssl.so.3->EVP_PKEY_keygen_init(0x60294062f0b0, 0, 176, 0x60294062f0b0) = 1 <0.000234>
[pid 353] 14:56:44.749137 libssl.so.3->EVP_PKEY_keygen(0x60294062f0b0, 0x7ffea05d12b0, 0, 103 <unfinished ...>
[pid 353] 14:56:44.749358 oqsprovider.so->OQS_KEM_new(0x60294062d450, 8, 0, 0x60294062de70) = 0x60294062de90 <0.000247>
[pid 353] 14:56:44.749683 oqsprovider.so->OQS_KEM_keypair(0x60294062de90, 0x6029406377e0, 0x6029406380c0, 0x60294062de70) = 0 <0.002655>
[pid 353] 14:56:44.752428 <... EVP_PKEY_keygen resumed> ) = 1 <0.003284>
[pid 353] 14:56:44.760813 libssl.so.3->EVP_PKEY_decapsulate_init(0x60294062f0b0, 0, 176, 0x60294062f0b0) = 1 <0.000385>
[pid 353] 14:56:44.761246 libssl.so.3->EVP_PKEY_decapsulate(0x60294062f0b0, 0, 0x7ffea05d1270, 0x6029406312ca) = 1 <0.000163>
[pid 353] 14:56:44.761461 libssl.so.3->EVP_PKEY_decapsulate(0x60294062f0b0, 0x602940621600, 0x7ffea05d1270, 0x6029406312ca <unfinished ...>
[pid 353] 14:56:44.761612 oqsprovider.so->OQS_KEM_decaps(0x60294062de90, 0x602940621600, 0x6029406312ca, 0x6029406380c0) = 0 <0.007929>
[pid 353] 14:56:44.769633 <... EVP_PKEY_decapsulate resumed> ) = 1 <0.008163>
[pid 353] 14:56:44.770443 libssl.so.3->X509_verify_cert(0x602940626410, 0, 0x8000, 0xffffffff) = 1 <0.000467>
[pid 353] 14:56:44.771188 libssl.so.3->EVP_DigestVerifyInit_ex(0x602940651260, 0x7ffea05d1318, 0, 0) = 1 <0.000138>
[pid 353] 14:56:44.771370 libssl.so.3->EVP_DigestVerify(0x602940651260, 0x602940631278, 2420, 0x7ffea05d1320) = 1 <0.000184>
[pid 353] 14:56:44.771820 libssl.so.3->X509_verify_cert(0x602940626410, 1, 1, 0) = 1 <0.000219>
[pid 353] 14:56:44.772282 libssl.so.3->EVP_DigestSignInit_ex(0x602940553810, 0x7ffea05d1300, 0, 0) = 1 <0.000126>
[pid 353] 14:56:44.772455 libssl.so.3->EVP_DigestSign(0x602940553810, 0, 0x7ffea05d1310, 0x7ffea05d1320) = 1 <0.000115>
[pid 353] 14:56:44.772641 libssl.so.3->EVP_DigestSign(0x602940553810, 0x602940643120, 0x7ffea05d1310, 0x7ffea05d1320) = 1 <0.000296>
[pid 353] 14:56:44.773217 <... SSL_connect resumed> ) = 1 <0.025309>
[pid 353] 14:56:44.773442 oqsprovider.so->OQS_KEM_free(0x60294062de90, 0x60294062de40, 2, 0x60294062de60) = 4 <0.000145>
Handshake duration: 25.54 ms
[pid 353] 14:56:44.775889 +++ exited (status 0) +++
Execution 78 - TLS Mutual
s_connection: verify depth is 1
[pid 355] 14:56:44.837110 openssl->SSL_connect(0x5db82c064530, 0x5db82c03fe50, 0x5db82c03fe50, 0x7225fe54a360 <unfinished ...>
[pid 355] 14:56:44.837611 libssl.so.3->EVP_PKEY_keygen_init(0x5db82c06d0b0, 0, 176, 0x5db82c06d0b0) = 1 <0.000236>
[pid 355] 14:56:44.837982 libssl.so.3->EVP_PKEY_keygen(0x5db82c06d0b0, 0x7ffcbab4c2f0, 0, 103 <unfinished ...>
[pid 355] 14:56:44.838175 oqsprovider.so->OQS_KEM_new(0x5db82c06b450, 8, 0, 0x5db82c06be70) = 0x5db82c06be90 <0.000139>
[pid 355] 14:56:44.838368 oqsprovider.so->OQS_KEM_keypair(0x5db82c06be90, 0x5db82c0757e0, 0x5db82c0760c0, 0x5db82c06be70) = 0 <0.002606>
[pid 355] 14:56:44.841085 <... EVP_PKEY_keygen resumed> ) = 1 <0.003096>
[pid 355] 14:56:44.849076 libssl.so.3->EVP_PKEY_decapsulate_init(0x5db82c06d0b0, 0, 176, 0x5db82c06d0b0) = 1 <0.000312>
[pid 355] 14:56:44.849443 libssl.so.3->EVP_PKEY_decapsulate(0x5db82c06d0b0, 0, 0x7ffcbab4c2b0, 0x5db82c06f2ca) = 1 <0.000130>
[pid 355] 14:56:44.849642 libssl.so.3->EVP_PKEY_decapsulate(0x5db82c06d0b0, 0x5db82c05f600, 0x7ffcbab4c2b0, 0x5db82c06f2ca <unfinished ...>
[pid 355] 14:56:44.849786 oqsprovider.so->OQS_KEM_decaps(0x5db82c06be90, 0x5db82c05f600, 0x5db82c06f2ca, 0x5db82c0760c0) = 0 <0.007451>
[pid 355] 14:56:44.857327 <... EVP_PKEY_decapsulate resumed> ) = 1 <0.007677>
[pid 355] 14:56:44.858157 libssl.so.3->X509_verify_cert(0x5db82c064410, 0, 0x8000, 0xffffffff) = 1 <0.000524>
[pid 355] 14:56:44.858933 libssl.so.3->EVP_DigestVerifyInit_ex(0x5db82c08f260, 0x7ffcbab4c358, 0, 0) = 1 <0.000200>
[pid 355] 14:56:44.859208 libssl.so.3->EVP_DigestVerify(0x5db82c08f260, 0x5db82c06f278, 2420, 0x7ffcbab4c360) = 1 <0.000301>
[pid 355] 14:56:44.859819 libssl.so.3->X509_verify_cert(0x5db82c064410, 1, 1, 0) = 1 <0.000285>
[pid 355] 14:56:44.860454 libssl.so.3->EVP_DigestSignInit_ex(0x5db82bf91810, 0x7ffcbab4c340, 0, 0) = 1 <0.000195>
[pid 355] 14:56:44.860726 libssl.so.3->EVP_DigestSign(0x5db82bf91810, 0, 0x7ffcbab4c350, 0x7ffcbab4c360) = 1 <0.000167>
[pid 355] 14:56:44.860953 libssl.so.3->EVP_DigestSign(0x5db82bf91810, 0x5db82c081120, 0x7ffcbab4c350, 0x7ffcbab4c360) = 1 <0.000277>
[pid 355] 14:56:44.861548 <... SSL_connect resumed> ) = 1 <0.024446>
[pid 355] 14:56:44.861843 oqsprovider.so->OQS_KEM_free(0x5db82c06be90, 0x5db82c06be40, 2, 0x5db82c06be60) = 4 <0.000225>
Handshake duration: 24.65 ms
[pid 355] 14:56:44.864527 +++ exited (status 0) +++
Execution 79 - TLS Mutual
s_connection: verify depth is 1
[pid 357] 14:56:44.933712 openssl->SSL_connect(0x571f00090530, 0x571f0006be50, 0x571f0006be50, 0x74496d061360 <unfinished ...>
[pid 357] 14:56:44.934277 libssl.so.3->EVP_PKEY_keygen_init(0x571f000990b0, 0, 176, 0x571f000990b0) = 1 <0.000214>
[pid 357] 14:56:44.934559 libssl.so.3->EVP_PKEY_keygen(0x571f000990b0, 0x7fff5bc55370, 0, 103 <unfinished ...>
[pid 357] 14:56:44.934746 oqsprovider.so->OQS_KEM_new(0x571f00097450, 8, 0, 0x571f00097e70) = 0x571f00097e90 <0.000222>
[pid 357] 14:56:44.935048 oqsprovider.so->OQS_KEM_keypair(0x571f00097e90, 0x571f000a17e0, 0x571f000a20c0, 0x571f00097e70) = 0 <0.002669>
[pid 357] 14:56:44.937837 <... EVP_PKEY_keygen resumed> ) = 1 <0.003267>
[pid 357] 14:56:44.946190 libssl.so.3->EVP_PKEY_decapsulate_init(0x571f000990b0, 0, 176, 0x571f000990b0) = 1 <0.000348>
[pid 357] 14:56:44.946635 libssl.so.3->EVP_PKEY_decapsulate(0x571f000990b0, 0, 0x7fff5bc55330, 0x571f0009b2ca) = 1 <0.000156>
[pid 357] 14:56:44.946837 libssl.so.3->EVP_PKEY_decapsulate(0x571f000990b0, 0x571f0008b600, 0x7fff5bc55330, 0x571f0009b2ca <unfinished ...>
[pid 357] 14:56:44.946960 oqsprovider.so->OQS_KEM_decaps(0x571f00097e90, 0x571f0008b600, 0x571f0009b2ca, 0x571f000a20c0) = 0 <0.007923>
[pid 357] 14:56:44.954974 <... EVP_PKEY_decapsulate resumed> ) = 1 <0.008129>
[pid 357] 14:56:44.955774 libssl.so.3->X509_verify_cert(0x571f00090410, 0, 0x8000, 0xffffffff) = 1 <0.000451>
[pid 357] 14:56:44.956422 libssl.so.3->EVP_DigestVerifyInit_ex(0x571f000bb260, 0x7fff5bc553d8, 0, 0) = 1 <0.000137>
[pid 357] 14:56:44.956614 libssl.so.3->EVP_DigestVerify(0x571f000bb260, 0x571f0009b278, 2420, 0x7fff5bc553e0) = 1 <0.000168>
[pid 357] 14:56:44.956994 libssl.so.3->X509_verify_cert(0x571f00090410, 1, 1, 0) = 1 <0.000201>
[pid 357] 14:56:44.957442 libssl.so.3->EVP_DigestSignInit_ex(0x571efffbd810, 0x7fff5bc553c0, 0, 0) = 1 <0.000148>
[pid 357] 14:56:44.957667 libssl.so.3->EVP_DigestSign(0x571efffbd810, 0, 0x7fff5bc553d0, 0x7fff5bc553e0) = 1 <0.000153>
[pid 357] 14:56:44.957867 libssl.so.3->EVP_DigestSign(0x571efffbd810, 0x571f000ad120, 0x7fff5bc553d0, 0x7fff5bc553e0) = 1 <0.000265>
[pid 357] 14:56:44.958398 <... SSL_connect resumed> ) = 1 <0.024707>
[pid 357] 14:56:44.958729 oqsprovider.so->OQS_KEM_free(0x571f00097e90, 0x571f00097e40, 2, 0x571f00097e60) = 4 <0.000178>
Handshake duration: 24.99 ms
[pid 357] 14:56:44.960994 +++ exited (status 0) +++
Execution 80 - TLS Mutual
s_connection: verify depth is 1
[pid 359] 14:56:45.017526 openssl->SSL_connect(0x5a871f81e530, 0x5a871f7f9e50, 0x5a871f7f9e50, 0x742f70799360 <unfinished ...>
[pid 359] 14:56:45.018012 libssl.so.3->EVP_PKEY_keygen_init(0x5a871f8270b0, 0, 176, 0x5a871f8270b0) = 1 <0.000298>
[pid 359] 14:56:45.018363 libssl.so.3->EVP_PKEY_keygen(0x5a871f8270b0, 0x7ffd0a3abb10, 0, 103 <unfinished ...>
[pid 359] 14:56:45.018496 oqsprovider.so->OQS_KEM_new(0x5a871f825450, 8, 0, 0x5a871f825e70) = 0x5a871f825e90 <0.000181>
[pid 359] 14:56:45.018755 oqsprovider.so->OQS_KEM_keypair(0x5a871f825e90, 0x5a871f82f7e0, 0x5a871f8300c0, 0x5a871f825e70) = 0 <0.002723>
[pid 359] 14:56:45.021563 <... EVP_PKEY_keygen resumed> ) = 1 <0.003194>
[pid 359] 14:56:45.029498 libssl.so.3->EVP_PKEY_decapsulate_init(0x5a871f8270b0, 0, 176, 0x5a871f8270b0) = 1 <0.000276>
[pid 359] 14:56:45.029817 libssl.so.3->EVP_PKEY_decapsulate(0x5a871f8270b0, 0, 0x7ffd0a3abad0, 0x5a871f8292ca) = 1 <0.000105>
[pid 359] 14:56:45.029964 libssl.so.3->EVP_PKEY_decapsulate(0x5a871f8270b0, 0x5a871f819600, 0x7ffd0a3abad0, 0x5a871f8292ca <unfinished ...>
[pid 359] 14:56:45.030076 oqsprovider.so->OQS_KEM_decaps(0x5a871f825e90, 0x5a871f819600, 0x5a871f8292ca, 0x5a871f8300c0) = 0 <0.007526>
[pid 359] 14:56:45.037667 <... EVP_PKEY_decapsulate resumed> ) = 1 <0.007693>
[pid 359] 14:56:45.038416 libssl.so.3->X509_verify_cert(0x5a871f81e410, 0, 0x8000, 0xffffffff) = 1 <0.000509>
[pid 359] 14:56:45.039118 libssl.so.3->EVP_DigestVerifyInit_ex(0x5a871f849260, 0x7ffd0a3abb78, 0, 0) = 1 <0.000190>
[pid 359] 14:56:45.039361 libssl.so.3->EVP_DigestVerify(0x5a871f849260, 0x5a871f829278, 2420, 0x7ffd0a3abb80) = 1 <0.000191>
[pid 359] 14:56:45.039822 libssl.so.3->X509_verify_cert(0x5a871f81e410, 1, 1, 0) = 1 <0.000258>
[pid 359] 14:56:45.040427 libssl.so.3->EVP_DigestSignInit_ex(0x5a871f74b810, 0x7ffd0a3abb60, 0, 0) = 1 <0.000159>
[pid 359] 14:56:45.040652 libssl.so.3->EVP_DigestSign(0x5a871f74b810, 0, 0x7ffd0a3abb70, 0x7ffd0a3abb80) = 1 <0.000125>
[pid 359] 14:56:45.040824 libssl.so.3->EVP_DigestSign(0x5a871f74b810, 0x5a871f83b120, 0x7ffd0a3abb70, 0x7ffd0a3abb80) = 1 <0.000275>
[pid 359] 14:56:45.041391 <... SSL_connect resumed> ) = 1 <0.023848>
[pid 359] 14:56:45.041556 oqsprovider.so->OQS_KEM_free(0x5a871f825e90, 0x5a871f825e40, 2, 0x5a871f825e60) = 4 <0.000173>
Handshake duration: 24.04 ms
[pid 359] 14:56:45.043887 +++ exited (status 0) +++
Execution 81 - TLS Mutual
s_connection: verify depth is 1
[pid 361] 14:56:45.097816 openssl->SSL_connect(0x5ceb0d436530, 0x5ceb0d411e50, 0x5ceb0d411e50, 0x72aba47c7360 <unfinished ...>
[pid 361] 14:56:45.098251 libssl.so.3->EVP_PKEY_keygen_init(0x5ceb0d43f0b0, 0, 176, 0x5ceb0d43f0b0) = 1 <0.000135>
[pid 361] 14:56:45.098440 libssl.so.3->EVP_PKEY_keygen(0x5ceb0d43f0b0, 0x7ffff829f2f0, 0, 103 <unfinished ...>
[pid 361] 14:56:45.098634 oqsprovider.so->OQS_KEM_new(0x5ceb0d43d450, 8, 0, 0x5ceb0d43de70) = 0x5ceb0d43de90 <0.000146>
[pid 361] 14:56:45.098834 oqsprovider.so->OQS_KEM_keypair(0x5ceb0d43de90, 0x5ceb0d4477e0, 0x5ceb0d4480c0, 0x5ceb0d43de70) = 0 <0.002581>
[pid 361] 14:56:45.101484 <... EVP_PKEY_keygen resumed> ) = 1 <0.003039>
[pid 361] 14:56:45.109783 libssl.so.3->EVP_PKEY_decapsulate_init(0x5ceb0d43f0b0, 0, 176, 0x5ceb0d43f0b0) = 1 <0.000314>
[pid 361] 14:56:45.110136 libssl.so.3->EVP_PKEY_decapsulate(0x5ceb0d43f0b0, 0, 0x7ffff829f2b0, 0x5ceb0d4412ca) = 1 <0.000120>
[pid 361] 14:56:45.110301 libssl.so.3->EVP_PKEY_decapsulate(0x5ceb0d43f0b0, 0x5ceb0d431600, 0x7ffff829f2b0, 0x5ceb0d4412ca <unfinished ...>
[pid 361] 14:56:45.110419 oqsprovider.so->OQS_KEM_decaps(0x5ceb0d43de90, 0x5ceb0d431600, 0x5ceb0d4412ca, 0x5ceb0d4480c0) = 0 <0.007468>
[pid 361] 14:56:45.117958 <... EVP_PKEY_decapsulate resumed> ) = 1 <0.007650>
[pid 361] 14:56:45.118716 libssl.so.3->X509_verify_cert(0x5ceb0d436410, 0, 0x8000, 0xffffffff) = 1 <0.000397>
[pid 361] 14:56:45.119393 libssl.so.3->EVP_DigestVerifyInit_ex(0x5ceb0d461260, 0x7ffff829f358, 0, 0) = 1 <0.000264>
[pid 361] 14:56:45.119726 libssl.so.3->EVP_DigestVerify(0x5ceb0d461260, 0x5ceb0d441278, 2420, 0x7ffff829f360) = 1 <0.000224>
[pid 361] 14:56:45.120299 libssl.so.3->X509_verify_cert(0x5ceb0d436410, 1, 1, 0) = 1 <0.000320>
[pid 361] 14:56:45.120941 libssl.so.3->EVP_DigestSignInit_ex(0x5ceb0d363810, 0x7ffff829f340, 0, 0) = 1 <0.000143>
[pid 361] 14:56:45.121132 libssl.so.3->EVP_DigestSign(0x5ceb0d363810, 0, 0x7ffff829f350, 0x7ffff829f360) = 1 <0.000130>
[pid 361] 14:56:45.121334 libssl.so.3->EVP_DigestSign(0x5ceb0d363810, 0x5ceb0d453120, 0x7ffff829f350, 0x7ffff829f360) = 1 <0.000355>
[pid 361] 14:56:45.122064 <... SSL_connect resumed> ) = 1 <0.024255>
[pid 361] 14:56:45.122305 oqsprovider.so->OQS_KEM_free(0x5ceb0d43de90, 0x5ceb0d43de40, 2, 0x5ceb0d43de60) = 4 <0.000184>
Handshake duration: 24.44 ms
[pid 361] 14:56:45.125235 +++ exited (status 0) +++
Execution 82 - TLS Mutual
s_connection: verify depth is 1
[pid 363] 14:56:45.181257 openssl->SSL_connect(0x5b07a03e7530, 0x5b07a03c2e50, 0x5b07a03c2e50, 0x754269d50360 <unfinished ...>
[pid 363] 14:56:45.181753 libssl.so.3->EVP_PKEY_keygen_init(0x5b07a03f00b0, 0, 176, 0x5b07a03f00b0) = 1 <0.000189>
[pid 363] 14:56:45.182020 libssl.so.3->EVP_PKEY_keygen(0x5b07a03f00b0, 0x7ffcd99a5fa0, 0, 103 <unfinished ...>
[pid 363] 14:56:45.182158 oqsprovider.so->OQS_KEM_new(0x5b07a03ee450, 8, 0, 0x5b07a03eee70) = 0x5b07a03eee90 <0.000120>
[pid 363] 14:56:45.182339 oqsprovider.so->OQS_KEM_keypair(0x5b07a03eee90, 0x5b07a03f87e0, 0x5b07a03f90c0, 0x5b07a03eee70) = 0 <0.002643>
[pid 363] 14:56:45.185077 <... EVP_PKEY_keygen resumed> ) = 1 <0.003051>
[pid 363] 14:56:45.193354 libssl.so.3->EVP_PKEY_decapsulate_init(0x5b07a03f00b0, 0, 176, 0x5b07a03f00b0) = 1 <0.000344>
[pid 363] 14:56:45.193757 libssl.so.3->EVP_PKEY_decapsulate(0x5b07a03f00b0, 0, 0x7ffcd99a5f60, 0x5b07a03f22ca) = 1 <0.000132>
[pid 363] 14:56:45.193964 libssl.so.3->EVP_PKEY_decapsulate(0x5b07a03f00b0, 0x5b07a03e2600, 0x7ffcd99a5f60, 0x5b07a03f22ca <unfinished ...>
[pid 363] 14:56:45.194170 oqsprovider.so->OQS_KEM_decaps(0x5b07a03eee90, 0x5b07a03e2600, 0x5b07a03f22ca, 0x5b07a03f90c0) = 0 <0.007402>
[pid 363] 14:56:45.201631 <... EVP_PKEY_decapsulate resumed> ) = 1 <0.007664>
[pid 363] 14:56:45.202132 libssl.so.3->X509_verify_cert(0x5b07a03e7410, 0, 0x8000, 0xffffffff) = 1 <0.000417>
[pid 363] 14:56:45.202853 libssl.so.3->EVP_DigestVerifyInit_ex(0x5b07a0412260, 0x7ffcd99a6008, 0, 0) = 1 <0.000189>
[pid 363] 14:56:45.203130 libssl.so.3->EVP_DigestVerify(0x5b07a0412260, 0x5b07a03f2278, 2420, 0x7ffcd99a6010) = 1 <0.000307>
[pid 363] 14:56:45.203964 libssl.so.3->X509_verify_cert(0x5b07a03e7410, 1, 1, 0) = 1 <0.000434>
[pid 363] 14:56:45.204734 libssl.so.3->EVP_DigestSignInit_ex(0x5b07a0314810, 0x7ffcd99a5ff0, 0, 0) = 1 <0.000174>
[pid 363] 14:56:45.204970 libssl.so.3->EVP_DigestSign(0x5b07a0314810, 0, 0x7ffcd99a6000, 0x7ffcd99a6010) = 1 <0.000126>
[pid 363] 14:56:45.205141 libssl.so.3->EVP_DigestSign(0x5b07a0314810, 0x5b07a0404120, 0x7ffcd99a6000, 0x7ffcd99a6010) = 1 <0.000438>
[pid 363] 14:56:45.205940 <... SSL_connect resumed> ) = 1 <0.024692>
[pid 363] 14:56:45.206179 oqsprovider.so->OQS_KEM_free(0x5b07a03eee90, 0x5b07a03eee40, 2, 0x5b07a03eee60) = 4 <0.000130>
Handshake duration: 24.89 ms
[pid 363] 14:56:45.208557 +++ exited (status 0) +++
Execution 83 - TLS Mutual
s_connection: verify depth is 1
[pid 365] 14:56:45.264511 openssl->SSL_connect(0x59af708ab530, 0x59af70886e50, 0x59af70886e50, 0x7335b9543360 <unfinished ...>
[pid 365] 14:56:45.265010 libssl.so.3->EVP_PKEY_keygen_init(0x59af708b40b0, 0, 176, 0x59af708b40b0) = 1 <0.000151>
[pid 365] 14:56:45.265213 libssl.so.3->EVP_PKEY_keygen(0x59af708b40b0, 0x7ffc7fe4aa60, 0, 103 <unfinished ...>
[pid 365] 14:56:45.265356 oqsprovider.so->OQS_KEM_new(0x59af708b2450, 8, 0, 0x59af708b2e70) = 0x59af708b2e90 <0.000117>
[pid 365] 14:56:45.265532 oqsprovider.so->OQS_KEM_keypair(0x59af708b2e90, 0x59af708bc7e0, 0x59af708bd0c0, 0x59af708b2e70) = 0 <0.002607>
[pid 365] 14:56:45.268215 <... EVP_PKEY_keygen resumed> ) = 1 <0.002996>
[pid 365] 14:56:45.277610 libssl.so.3->EVP_PKEY_decapsulate_init(0x59af708b40b0, 0, 176, 0x59af708b40b0) = 1 <0.000354>
[pid 365] 14:56:45.278002 libssl.so.3->EVP_PKEY_decapsulate(0x59af708b40b0, 0, 0x7ffc7fe4aa20, 0x59af708b62ca) = 1 <0.000151>
[pid 365] 14:56:45.278234 libssl.so.3->EVP_PKEY_decapsulate(0x59af708b40b0, 0x59af708a6600, 0x7ffc7fe4aa20, 0x59af708b62ca <unfinished ...>
[pid 365] 14:56:45.278404 oqsprovider.so->OQS_KEM_decaps(0x59af708b2e90, 0x59af708a6600, 0x59af708b62ca, 0x59af708bd0c0) = 0 <0.007722>
[pid 365] 14:56:45.286252 <... EVP_PKEY_decapsulate resumed> ) = 1 <0.008001>
[pid 365] 14:56:45.287503 libssl.so.3->X509_verify_cert(0x59af708ab410, 0, 0x8000, 0xffffffff) = 1 <0.000472>
[pid 365] 14:56:45.288190 libssl.so.3->EVP_DigestVerifyInit_ex(0x59af708d6260, 0x7ffc7fe4aac8, 0, 0) = 1 <0.000214>
[pid 365] 14:56:45.288456 libssl.so.3->EVP_DigestVerify(0x59af708d6260, 0x59af708b6278, 2420, 0x7ffc7fe4aad0) = 1 <0.000231>
[pid 365] 14:56:45.288930 libssl.so.3->X509_verify_cert(0x59af708ab410, 1, 1, 0) = 1 <0.000220>
[pid 365] 14:56:45.289389 libssl.so.3->EVP_DigestSignInit_ex(0x59af707d8810, 0x7ffc7fe4aab0, 0, 0) = 1 <0.000167>
[pid 365] 14:56:45.289621 libssl.so.3->EVP_DigestSign(0x59af707d8810, 0, 0x7ffc7fe4aac0, 0x7ffc7fe4aad0) = 1 <0.000243>
[pid 365] 14:56:45.289920 libssl.so.3->EVP_DigestSign(0x59af707d8810, 0x59af708c8120, 0x7ffc7fe4aac0, 0x7ffc7fe4aad0) = 1 <0.000306>
[pid 365] 14:56:45.290482 <... SSL_connect resumed> ) = 1 <0.025990>
[pid 365] 14:56:45.290734 oqsprovider.so->OQS_KEM_free(0x59af708b2e90, 0x59af708b2e40, 2, 0x59af708b2e60) = 4 <0.000202>
Handshake duration: 26.18 ms
[pid 365] 14:56:45.293078 +++ exited (status 0) +++
Execution 84 - TLS Mutual
s_connection: verify depth is 1
[pid 367] 14:56:45.350535 openssl->SSL_connect(0x62c032ac4530, 0x62c032a9fe50, 0x62c032a9fe50, 0x70f6f48e8360 <unfinished ...>
[pid 367] 14:56:45.351017 libssl.so.3->EVP_PKEY_keygen_init(0x62c032acd0b0, 0, 176, 0x62c032acd0b0) = 1 <0.000220>
[pid 367] 14:56:45.351319 libssl.so.3->EVP_PKEY_keygen(0x62c032acd0b0, 0x7ffcfab81250, 0, 103 <unfinished ...>
[pid 367] 14:56:45.351502 oqsprovider.so->OQS_KEM_new(0x62c032acb450, 8, 0, 0x62c032acbe70) = 0x62c032acbe90 <0.000146>
[pid 367] 14:56:45.351704 oqsprovider.so->OQS_KEM_keypair(0x62c032acbe90, 0x62c032ad57e0, 0x62c032ad60c0, 0x62c032acbe70) = 0 <0.002588>
[pid 367] 14:56:45.354362 <... EVP_PKEY_keygen resumed> ) = 1 <0.003037>
[pid 367] 14:56:45.362536 libssl.so.3->EVP_PKEY_decapsulate_init(0x62c032acd0b0, 0, 176, 0x62c032acd0b0) = 1 <0.000322>
[pid 367] 14:56:45.362902 libssl.so.3->EVP_PKEY_decapsulate(0x62c032acd0b0, 0, 0x7ffcfab81210, 0x62c032acf2ca) = 1 <0.000133>
[pid 367] 14:56:45.363073 libssl.so.3->EVP_PKEY_decapsulate(0x62c032acd0b0, 0x62c032abf600, 0x7ffcfab81210, 0x62c032acf2ca <unfinished ...>
[pid 367] 14:56:45.363193 oqsprovider.so->OQS_KEM_decaps(0x62c032acbe90, 0x62c032abf600, 0x62c032acf2ca, 0x62c032ad60c0) = 0 <0.007808>
[pid 367] 14:56:45.371071 <... EVP_PKEY_decapsulate resumed> ) = 1 <0.007994>
[pid 367] 14:56:45.371635 libssl.so.3->X509_verify_cert(0x62c032ac4410, 0, 0x8000, 0xffffffff) = 1 <0.000513>
[pid 367] 14:56:45.372469 libssl.so.3->EVP_DigestVerifyInit_ex(0x62c032aef260, 0x7ffcfab812b8, 0, 0) = 1 <0.000264>
[pid 367] 14:56:45.372787 libssl.so.3->EVP_DigestVerify(0x62c032aef260, 0x62c032acf278, 2420, 0x7ffcfab812c0) = 1 <0.000241>
[pid 367] 14:56:45.373327 libssl.so.3->X509_verify_cert(0x62c032ac4410, 1, 1, 0) = 1 <0.000259>
[pid 367] 14:56:45.373917 libssl.so.3->EVP_DigestSignInit_ex(0x62c0329f1810, 0x7ffcfab812a0, 0, 0) = 1 <0.000137>
[pid 367] 14:56:45.374124 libssl.so.3->EVP_DigestSign(0x62c0329f1810, 0, 0x7ffcfab812b0, 0x7ffcfab812c0) = 1 <0.000157>
[pid 367] 14:56:45.374330 libssl.so.3->EVP_DigestSign(0x62c0329f1810, 0x62c032ae1120, 0x7ffcfab812b0, 0x7ffcfab812c0) = 1 <0.000325>
[pid 367] 14:56:45.375009 <... SSL_connect resumed> ) = 1 <0.024477>
[pid 367] 14:56:45.375256 oqsprovider.so->OQS_KEM_free(0x62c032acbe90, 0x62c032acbe40, 2, 0x62c032acbe60) = 4 <0.000163>
Handshake duration: 24.69 ms
[pid 367] 14:56:45.377580 +++ exited (status 0) +++
Execution 85 - TLS Mutual
s_connection: verify depth is 1
[pid 369] 14:56:45.435274 openssl->SSL_connect(0x63d0b9ede530, 0x63d0b9eb9e50, 0x63d0b9eb9e50, 0x7e06183be360 <unfinished ...>
[pid 369] 14:56:45.435732 libssl.so.3->EVP_PKEY_keygen_init(0x63d0b9ee70b0, 0, 176, 0x63d0b9ee70b0) = 1 <0.000171>
[pid 369] 14:56:45.435953 libssl.so.3->EVP_PKEY_keygen(0x63d0b9ee70b0, 0x7ffe61639130, 0, 103 <unfinished ...>
[pid 369] 14:56:45.436075 oqsprovider.so->OQS_KEM_new(0x63d0b9ee5450, 8, 0, 0x63d0b9ee5e70) = 0x63d0b9ee5e90 <0.000110>
[pid 369] 14:56:45.436236 oqsprovider.so->OQS_KEM_keypair(0x63d0b9ee5e90, 0x63d0b9eef7e0, 0x63d0b9ef00c0, 0x63d0b9ee5e70) = 0 <0.002588>
[pid 369] 14:56:45.438943 <... EVP_PKEY_keygen resumed> ) = 1 <0.002966>
[pid 369] 14:56:45.447432 libssl.so.3->EVP_PKEY_decapsulate_init(0x63d0b9ee70b0, 0, 176, 0x63d0b9ee70b0) = 1 <0.000325>
[pid 369] 14:56:45.447826 libssl.so.3->EVP_PKEY_decapsulate(0x63d0b9ee70b0, 0, 0x7ffe616390f0, 0x63d0b9ee92ca) = 1 <0.000155>
[pid 369] 14:56:45.448030 libssl.so.3->EVP_PKEY_decapsulate(0x63d0b9ee70b0, 0x63d0b9ed9600, 0x7ffe616390f0, 0x63d0b9ee92ca <unfinished ...>
[pid 369] 14:56:45.448158 oqsprovider.so->OQS_KEM_decaps(0x63d0b9ee5e90, 0x63d0b9ed9600, 0x63d0b9ee92ca, 0x63d0b9ef00c0) = 0 <0.007468>
[pid 369] 14:56:45.455722 <... EVP_PKEY_decapsulate resumed> ) = 1 <0.007679>
[pid 369] 14:56:45.456439 libssl.so.3->X509_verify_cert(0x63d0b9ede410, 0, 0x8000, 0xffffffff) = 1 <0.000427>
[pid 369] 14:56:45.457070 libssl.so.3->EVP_DigestVerifyInit_ex(0x63d0b9f09260, 0x7ffe61639198, 0, 0) = 1 <0.000145>
[pid 369] 14:56:45.457261 libssl.so.3->EVP_DigestVerify(0x63d0b9f09260, 0x63d0b9ee9278, 2420, 0x7ffe616391a0) = 1 <0.000247>
[pid 369] 14:56:45.457873 libssl.so.3->X509_verify_cert(0x63d0b9ede410, 1, 1, 0) = 1 <0.000266>
[pid 369] 14:56:45.458407 libssl.so.3->EVP_DigestSignInit_ex(0x63d0b9e0b810, 0x7ffe61639180, 0, 0) = 1 <0.000160>
[pid 369] 14:56:45.458637 libssl.so.3->EVP_DigestSign(0x63d0b9e0b810, 0, 0x7ffe61639190, 0x7ffe616391a0) = 1 <0.000133>
[pid 369] 14:56:45.458817 libssl.so.3->EVP_DigestSign(0x63d0b9e0b810, 0x63d0b9efb120, 0x7ffe61639190, 0x7ffe616391a0) = 1 <0.000301>
[pid 369] 14:56:45.459411 <... SSL_connect resumed> ) = 1 <0.024150>
[pid 369] 14:56:45.459683 oqsprovider.so->OQS_KEM_free(0x63d0b9ee5e90, 0x63d0b9ee5e40, 2, 0x63d0b9ee5e60) = 4 <0.000134>
Handshake duration: 24.33 ms
[pid 369] 14:56:45.462004 +++ exited (status 0) +++
Execution 86 - TLS Mutual
s_connection: verify depth is 1
[pid 371] 14:56:45.516857 openssl->SSL_connect(0x5da85b19e530, 0x5da85b179e50, 0x5da85b179e50, 0x715c43911360 <unfinished ...>
[pid 371] 14:56:45.517359 libssl.so.3->EVP_PKEY_keygen_init(0x5da85b1a70b0, 0, 176, 0x5da85b1a70b0) = 1 <0.000353>
[pid 371] 14:56:45.517780 libssl.so.3->EVP_PKEY_keygen(0x5da85b1a70b0, 0x7fffe786d980, 0, 103 <unfinished ...>
[pid 371] 14:56:45.517948 oqsprovider.so->OQS_KEM_new(0x5da85b1a5450, 8, 0, 0x5da85b1a5e70) = 0x5da85b1a5e90 <0.000186>
[pid 371] 14:56:45.518231 oqsprovider.so->OQS_KEM_keypair(0x5da85b1a5e90, 0x5da85b1af7e0, 0x5da85b1b00c0, 0x5da85b1a5e70) = 0 <0.003235>
[pid 371] 14:56:45.522582 <... EVP_PKEY_keygen resumed> ) = 1 <0.004776>
[pid 371] 14:56:45.531688 libssl.so.3->EVP_PKEY_decapsulate_init(0x5da85b1a70b0, 0, 176, 0x5da85b1a70b0) = 1 <0.000478>
[pid 371] 14:56:45.532233 libssl.so.3->EVP_PKEY_decapsulate(0x5da85b1a70b0, 0, 0x7fffe786d940, 0x5da85b1a92ca) = 1 <0.000119>
[pid 371] 14:56:45.532397 libssl.so.3->EVP_PKEY_decapsulate(0x5da85b1a70b0, 0x5da85b199600, 0x7fffe786d940, 0x5da85b1a92ca <unfinished ...>
[pid 371] 14:56:45.532551 oqsprovider.so->OQS_KEM_decaps(0x5da85b1a5e90, 0x5da85b199600, 0x5da85b1a92ca, 0x5da85b1b00c0) = 0 <0.008084>
[pid 371] 14:56:45.540829 <... EVP_PKEY_decapsulate resumed> ) = 1 <0.008416>
[pid 371] 14:56:45.542064 libssl.so.3->X509_verify_cert(0x5da85b19e410, 0, 0x8000, 0xffffffff) = 1 <0.000633>
[pid 371] 14:56:45.543022 libssl.so.3->EVP_DigestVerifyInit_ex(0x5da85b1c9260, 0x7fffe786d9e8, 0, 0) = 1 <0.000249>
[pid 371] 14:56:45.543357 libssl.so.3->EVP_DigestVerify(0x5da85b1c9260, 0x5da85b1a9278, 2420, 0x7fffe786d9f0) = 1 <0.000341>
[pid 371] 14:56:45.543977 libssl.so.3->X509_verify_cert(0x5da85b19e410, 1, 1, 0) = 1 <0.000322>
[pid 371] 14:56:45.544627 libssl.so.3->EVP_DigestSignInit_ex(0x5da85b0cb810, 0x7fffe786d9d0, 0, 0) = 1 <0.000156>
[pid 371] 14:56:45.544812 libssl.so.3->EVP_DigestSign(0x5da85b0cb810, 0, 0x7fffe786d9e0, 0x7fffe786d9f0) = 1 <0.000104>
[pid 371] 14:56:45.544950 libssl.so.3->EVP_DigestSign(0x5da85b0cb810, 0x5da85b1bb120, 0x7fffe786d9e0, 0x7fffe786d9f0) = 1 <0.000398>
[pid 371] 14:56:45.545860 <... SSL_connect resumed> ) = 1 <0.029000>
[pid 371] 14:56:45.546211 oqsprovider.so->OQS_KEM_free(0x5da85b1a5e90, 0x5da85b1a5e40, 2, 0x5da85b1a5e60) = 4 <0.000229>
Handshake duration: 29.29 ms
[pid 371] 14:56:45.549384 +++ exited (status 0) +++
Execution 87 - TLS Mutual
s_connection: verify depth is 1
[pid 373] 14:56:45.608385 openssl->SSL_connect(0x558ea44d0530, 0x558ea44abe50, 0x558ea44abe50, 0x7471c45ff360 <unfinished ...>
[pid 373] 14:56:45.608808 libssl.so.3->EVP_PKEY_keygen_init(0x558ea44d90b0, 0, 176, 0x558ea44d90b0) = 1 <0.000156>
[pid 373] 14:56:45.609014 libssl.so.3->EVP_PKEY_keygen(0x558ea44d90b0, 0x7ffd8886df00, 0, 103 <unfinished ...>
[pid 373] 14:56:45.609139 oqsprovider.so->OQS_KEM_new(0x558ea44d7450, 8, 0, 0x558ea44d7e70) = 0x558ea44d7e90 <0.000135>
[pid 373] 14:56:45.609324 oqsprovider.so->OQS_KEM_keypair(0x558ea44d7e90, 0x558ea44e17e0, 0x558ea44e20c0, 0x558ea44d7e70) = 0 <0.002655>
[pid 373] 14:56:45.612065 <... EVP_PKEY_keygen resumed> ) = 1 <0.003044>
[pid 373] 14:56:45.620174 libssl.so.3->EVP_PKEY_decapsulate_init(0x558ea44d90b0, 0, 176, 0x558ea44d90b0) = 1 <0.000315>
[pid 373] 14:56:45.620548 libssl.so.3->EVP_PKEY_decapsulate(0x558ea44d90b0, 0, 0x7ffd8886dec0, 0x558ea44db2ca) = 1 <0.000145>
[pid 373] 14:56:45.620738 libssl.so.3->EVP_PKEY_decapsulate(0x558ea44d90b0, 0x558ea44cb600, 0x7ffd8886dec0, 0x558ea44db2ca <unfinished ...>
[pid 373] 14:56:45.620855 oqsprovider.so->OQS_KEM_decaps(0x558ea44d7e90, 0x558ea44cb600, 0x558ea44db2ca, 0x558ea44e20c0) = 0 <0.007571>
[pid 373] 14:56:45.628496 <... EVP_PKEY_decapsulate resumed> ) = 1 <0.007751>
[pid 373] 14:56:45.629260 libssl.so.3->X509_verify_cert(0x558ea44d0410, 0, 0x8000, 0xffffffff) = 1 <0.000470>
[pid 373] 14:56:45.630246 libssl.so.3->EVP_DigestVerifyInit_ex(0x558ea44fb260, 0x7ffd8886df68, 0, 0) = 1 <0.000226>
[pid 373] 14:56:45.630529 libssl.so.3->EVP_DigestVerify(0x558ea44fb260, 0x558ea44db278, 2420, 0x7ffd8886df70) = 1 <0.000228>
[pid 373] 14:56:45.630983 libssl.so.3->X509_verify_cert(0x558ea44d0410, 1, 1, 0) = 1 <0.000188>
[pid 373] 14:56:45.631405 libssl.so.3->EVP_DigestSignInit_ex(0x558ea43fd810, 0x7ffd8886df50, 0, 0) = 1 <0.000123>
[pid 373] 14:56:45.631581 libssl.so.3->EVP_DigestSign(0x558ea43fd810, 0, 0x7ffd8886df60, 0x7ffd8886df70) = 1 <0.000141>
[pid 373] 14:56:45.631769 libssl.so.3->EVP_DigestSign(0x558ea43fd810, 0x558ea44ed120, 0x7ffd8886df60, 0x7ffd8886df70) = 1 <0.000352>
[pid 373] 14:56:45.632410 <... SSL_connect resumed> ) = 1 <0.024034>
[pid 373] 14:56:45.632678 oqsprovider.so->OQS_KEM_free(0x558ea44d7e90, 0x558ea44d7e40, 2, 0x558ea44d7e60) = 4 <0.000177>
Handshake duration: 24.22 ms
[pid 373] 14:56:45.635770 +++ exited (status 0) +++
Execution 88 - TLS Mutual
s_connection: verify depth is 1
[pid 375] 14:56:45.693933 openssl->SSL_connect(0x5b83ddeed530, 0x5b83ddec8e50, 0x5b83ddec8e50, 0x7446d820b360 <unfinished ...>
[pid 375] 14:56:45.694458 libssl.so.3->EVP_PKEY_keygen_init(0x5b83ddef60b0, 0, 176, 0x5b83ddef60b0) = 1 <0.000261>
[pid 375] 14:56:45.694777 libssl.so.3->EVP_PKEY_keygen(0x5b83ddef60b0, 0x7ffe07e2ad20, 0, 103 <unfinished ...>
[pid 375] 14:56:45.694940 oqsprovider.so->OQS_KEM_new(0x5b83ddef4450, 8, 0, 0x5b83ddef4e70) = 0x5b83ddef4e90 <0.000130>
[pid 375] 14:56:45.695119 oqsprovider.so->OQS_KEM_keypair(0x5b83ddef4e90, 0x5b83ddefe7e0, 0x5b83ddeff0c0, 0x5b83ddef4e70) = 0 <0.002647>
[pid 375] 14:56:45.697837 <... EVP_PKEY_keygen resumed> ) = 1 <0.003063>
[pid 375] 14:56:45.705919 libssl.so.3->EVP_PKEY_decapsulate_init(0x5b83ddef60b0, 0, 176, 0x5b83ddef60b0) = 1 <0.000272>
[pid 375] 14:56:45.706232 libssl.so.3->EVP_PKEY_decapsulate(0x5b83ddef60b0, 0, 0x7ffe07e2ace0, 0x5b83ddef82ca) = 1 <0.000128>
[pid 375] 14:56:45.706405 libssl.so.3->EVP_PKEY_decapsulate(0x5b83ddef60b0, 0x5b83ddee8600, 0x7ffe07e2ace0, 0x5b83ddef82ca <unfinished ...>
[pid 375] 14:56:45.706538 oqsprovider.so->OQS_KEM_decaps(0x5b83ddef4e90, 0x5b83ddee8600, 0x5b83ddef82ca, 0x5b83ddeff0c0) = 0 <0.007535>
[pid 375] 14:56:45.714130 <... EVP_PKEY_decapsulate resumed> ) = 1 <0.007721>
[pid 375] 14:56:45.714753 libssl.so.3->X509_verify_cert(0x5b83ddeed410, 0, 0x8000, 0xffffffff) = 1 <0.000500>
[pid 375] 14:56:45.715450 libssl.so.3->EVP_DigestVerifyInit_ex(0x5b83ddf18260, 0x7ffe07e2ad88, 0, 0) = 1 <0.000160>
[pid 375] 14:56:45.715704 libssl.so.3->EVP_DigestVerify(0x5b83ddf18260, 0x5b83ddef8278, 2420, 0x7ffe07e2ad90) = 1 <0.000236>
[pid 375] 14:56:45.716154 libssl.so.3->X509_verify_cert(0x5b83ddeed410, 1, 1, 0) = 1 <0.000184>
[pid 375] 14:56:45.716615 libssl.so.3->EVP_DigestSignInit_ex(0x5b83dde1a810, 0x7ffe07e2ad70, 0, 0) = 1 <0.000139>
[pid 375] 14:56:45.716796 libssl.so.3->EVP_DigestSign(0x5b83dde1a810, 0, 0x7ffe07e2ad80, 0x7ffe07e2ad90) = 1 <0.000122>
[pid 375] 14:56:45.716965 libssl.so.3->EVP_DigestSign(0x5b83dde1a810, 0x5b83ddf0a120, 0x7ffe07e2ad80, 0x7ffe07e2ad90) = 1 <0.000228>
[pid 375] 14:56:45.717529 <... SSL_connect resumed> ) = 1 <0.023616>
[pid 375] 14:56:45.717742 oqsprovider.so->OQS_KEM_free(0x5b83ddef4e90, 0x5b83ddef4e40, 2, 0x5b83ddef4e60) = 4 <0.000118>
Handshake duration: 24.09 ms
[pid 375] 14:56:45.719906 +++ exited (status 0) +++
Execution 89 - TLS Mutual
s_connection: verify depth is 1
[pid 377] 14:56:45.776345 openssl->SSL_connect(0x5f2a0fb10530, 0x5f2a0faebe50, 0x5f2a0faebe50, 0x766f315dd360 <unfinished ...>
[pid 377] 14:56:45.776813 libssl.so.3->EVP_PKEY_keygen_init(0x5f2a0fb190b0, 0, 176, 0x5f2a0fb190b0) = 1 <0.000132>
[pid 377] 14:56:45.776994 libssl.so.3->EVP_PKEY_keygen(0x5f2a0fb190b0, 0x7fffd08e9e30, 0, 103 <unfinished ...>
[pid 377] 14:56:45.777138 oqsprovider.so->OQS_KEM_new(0x5f2a0fb17450, 8, 0, 0x5f2a0fb17e70) = 0x5f2a0fb17e90 <0.000129>
[pid 377] 14:56:45.777325 oqsprovider.so->OQS_KEM_keypair(0x5f2a0fb17e90, 0x5f2a0fb217e0, 0x5f2a0fb220c0, 0x5f2a0fb17e70) = 0 <0.002597>
[pid 377] 14:56:45.779987 <... EVP_PKEY_keygen resumed> ) = 1 <0.002982>
[pid 377] 14:56:45.788191 libssl.so.3->EVP_PKEY_decapsulate_init(0x5f2a0fb190b0, 0, 176, 0x5f2a0fb190b0) = 1 <0.000253>
[pid 377] 14:56:45.788489 libssl.so.3->EVP_PKEY_decapsulate(0x5f2a0fb190b0, 0, 0x7fffd08e9df0, 0x5f2a0fb1b2ca) = 1 <0.000129>
[pid 377] 14:56:45.788666 libssl.so.3->EVP_PKEY_decapsulate(0x5f2a0fb190b0, 0x5f2a0fb0b600, 0x7fffd08e9df0, 0x5f2a0fb1b2ca <unfinished ...>
[pid 377] 14:56:45.788777 oqsprovider.so->OQS_KEM_decaps(0x5f2a0fb17e90, 0x5f2a0fb0b600, 0x5f2a0fb1b2ca, 0x5f2a0fb220c0) = 0 <0.007899>
[pid 377] 14:56:45.796729 <... EVP_PKEY_decapsulate resumed> ) = 1 <0.008054>
[pid 377] 14:56:45.797406 libssl.so.3->X509_verify_cert(0x5f2a0fb10410, 0, 0x8000, 0xffffffff) = 1 <0.000406>
[pid 377] 14:56:45.798096 libssl.so.3->EVP_DigestVerifyInit_ex(0x5f2a0fb3b260, 0x7fffd08e9e98, 0, 0) = 1 <0.000202>
[pid 377] 14:56:45.798351 libssl.so.3->EVP_DigestVerify(0x5f2a0fb3b260, 0x5f2a0fb1b278, 2420, 0x7fffd08e9ea0) = 1 <0.000203>
[pid 377] 14:56:45.798785 libssl.so.3->X509_verify_cert(0x5f2a0fb10410, 1, 1, 0) = 1 <0.000208>
[pid 377] 14:56:45.799219 libssl.so.3->EVP_DigestSignInit_ex(0x5f2a0fa3d810, 0x7fffd08e9e80, 0, 0) = 1 <0.000139>
[pid 377] 14:56:45.799406 libssl.so.3->EVP_DigestSign(0x5f2a0fa3d810, 0, 0x7fffd08e9e90, 0x7fffd08e9ea0) = 1 <0.000114>
[pid 377] 14:56:45.799573 libssl.so.3->EVP_DigestSign(0x5f2a0fa3d810, 0x5f2a0fb2d120, 0x7fffd08e9e90, 0x7fffd08e9ea0) = 1 <0.000346>
[pid 377] 14:56:45.800171 <... SSL_connect resumed> ) = 1 <0.023827>
[pid 377] 14:56:45.800562 oqsprovider.so->OQS_KEM_free(0x5f2a0fb17e90, 0x5f2a0fb17e40, 2, 0x5f2a0fb17e60) = 4 <0.000174>
Handshake duration: 24.18 ms
[pid 377] 14:56:45.804063 +++ exited (status 0) +++
Execution 90 - TLS Mutual
s_connection: verify depth is 1
[pid 379] 14:56:45.858574 openssl->SSL_connect(0x5559b0bc4530, 0x5559b0b9fe50, 0x5559b0b9fe50, 0x7e90aa741360 <unfinished ...>
[pid 379] 14:56:45.859068 libssl.so.3->EVP_PKEY_keygen_init(0x5559b0bcd0b0, 0, 176, 0x5559b0bcd0b0) = 1 <0.000169>
[pid 379] 14:56:45.859295 libssl.so.3->EVP_PKEY_keygen(0x5559b0bcd0b0, 0x7ffca5760270, 0, 103 <unfinished ...>
[pid 379] 14:56:45.859468 oqsprovider.so->OQS_KEM_new(0x5559b0bcb450, 8, 0, 0x5559b0bcbe70) = 0x5559b0bcbe90 <0.000184>
[pid 379] 14:56:45.859718 oqsprovider.so->OQS_KEM_keypair(0x5559b0bcbe90, 0x5559b0bd57e0, 0x5559b0bd60c0, 0x5559b0bcbe70) = 0 <0.002558>
[pid 379] 14:56:45.862348 <... EVP_PKEY_keygen resumed> ) = 1 <0.003047>
[pid 379] 14:56:45.871789 libssl.so.3->EVP_PKEY_decapsulate_init(0x5559b0bcd0b0, 0, 176, 0x5559b0bcd0b0) = 1 <0.000360>
[pid 379] 14:56:45.872208 libssl.so.3->EVP_PKEY_decapsulate(0x5559b0bcd0b0, 0, 0x7ffca5760230, 0x5559b0bcf2ca) = 1 <0.000238>
[pid 379] 14:56:45.872544 libssl.so.3->EVP_PKEY_decapsulate(0x5559b0bcd0b0, 0x5559b0bbf600, 0x7ffca5760230, 0x5559b0bcf2ca <unfinished ...>
[pid 379] 14:56:45.872832 oqsprovider.so->OQS_KEM_decaps(0x5559b0bcbe90, 0x5559b0bbf600, 0x5559b0bcf2ca, 0x5559b0bd60c0) = 0 <0.011046>
[pid 379] 14:56:45.884113 <... EVP_PKEY_decapsulate resumed> ) = 1 <0.011516>
[pid 379] 14:56:45.885406 libssl.so.3->X509_verify_cert(0x5559b0bc4410, 0, 0x8000, 0xffffffff) = 1 <0.000768>
[pid 379] 14:56:45.886434 libssl.so.3->EVP_DigestVerifyInit_ex(0x5559b0bef260, 0x7ffca57602d8, 0, 0) = 1 <0.000230>
[pid 379] 14:56:45.886758 libssl.so.3->EVP_DigestVerify(0x5559b0bef260, 0x5559b0bcf278, 2420, 0x7ffca57602e0) = 1 <0.000232>
[pid 379] 14:56:45.887363 libssl.so.3->X509_verify_cert(0x5559b0bc4410, 1, 1, 0) = 1 <0.000341>
[pid 379] 14:56:45.888075 libssl.so.3->EVP_DigestSignInit_ex(0x5559b0af1810, 0x7ffca57602c0, 0, 0) = 1 <0.000258>
[pid 379] 14:56:45.888392 libssl.so.3->EVP_DigestSign(0x5559b0af1810, 0, 0x7ffca57602d0, 0x7ffca57602e0) = 1 <0.000144>
[pid 379] 14:56:45.888603 libssl.so.3->EVP_DigestSign(0x5559b0af1810, 0x5559b0be1120, 0x7ffca57602d0, 0x7ffca57602e0) = 1 <0.000401>
[pid 379] 14:56:45.889315 <... SSL_connect resumed> ) = 1 <0.030751>
[pid 379] 14:56:45.889564 oqsprovider.so->OQS_KEM_free(0x5559b0bcbe90, 0x5559b0bcbe40, 2, 0x5559b0bcbe60) = 4 <0.000188>
Handshake duration: 30.96 ms
[pid 379] 14:56:45.891978 +++ exited (status 0) +++
Execution 91 - TLS Mutual
s_connection: verify depth is 1
[pid 381] 14:56:45.958532 openssl->SSL_connect(0x5c208ce77530, 0x5c208ce52e50, 0x5c208ce52e50, 0x712ab0d69360 <unfinished ...>
[pid 381] 14:56:45.959015 libssl.so.3->EVP_PKEY_keygen_init(0x5c208ce800b0, 0, 176, 0x5c208ce800b0) = 1 <0.000149>
[pid 381] 14:56:45.959214 libssl.so.3->EVP_PKEY_keygen(0x5c208ce800b0, 0x7ffdeead47c0, 0, 103 <unfinished ...>
[pid 381] 14:56:45.959343 oqsprovider.so->OQS_KEM_new(0x5c208ce7e450, 8, 0, 0x5c208ce7ee70) = 0x5c208ce7ee90 <0.000107>
[pid 381] 14:56:45.959513 oqsprovider.so->OQS_KEM_keypair(0x5c208ce7ee90, 0x5c208ce887e0, 0x5c208ce890c0, 0x5c208ce7ee70) = 0 <0.002584>
[pid 381] 14:56:45.962168 <... EVP_PKEY_keygen resumed> ) = 1 <0.002948>
[pid 381] 14:56:45.972776 libssl.so.3->EVP_PKEY_decapsulate_init(0x5c208ce800b0, 0, 176, 0x5c208ce800b0) = 1 <0.000502>
[pid 381] 14:56:45.973352 libssl.so.3->EVP_PKEY_decapsulate(0x5c208ce800b0, 0, 0x7ffdeead4780, 0x5c208ce822ca) = 1 <0.000147>
[pid 381] 14:56:45.973551 libssl.so.3->EVP_PKEY_decapsulate(0x5c208ce800b0, 0x5c208ce72600, 0x7ffdeead4780, 0x5c208ce822ca <unfinished ...>
[pid 381] 14:56:45.973701 oqsprovider.so->OQS_KEM_decaps(0x5c208ce7ee90, 0x5c208ce72600, 0x5c208ce822ca, 0x5c208ce890c0) = 0 <0.007415>
[pid 381] 14:56:45.981210 <... EVP_PKEY_decapsulate resumed> ) = 1 <0.007655>
[pid 381] 14:56:45.981809 libssl.so.3->X509_verify_cert(0x5c208ce77410, 0, 0x8000, 0xffffffff) = 1 <0.000549>
[pid 381] 14:56:45.982626 libssl.so.3->EVP_DigestVerifyInit_ex(0x5c208cea2260, 0x7ffdeead4828, 0, 0) = 1 <0.000173>
[pid 381] 14:56:45.982878 libssl.so.3->EVP_DigestVerify(0x5c208cea2260, 0x5c208ce82278, 2420, 0x7ffdeead4830) = 1 <0.000225>
[pid 381] 14:56:45.983370 libssl.so.3->X509_verify_cert(0x5c208ce77410, 1, 1, 0) = 1 <0.000251>
[pid 381] 14:56:45.983932 libssl.so.3->EVP_DigestSignInit_ex(0x5c208cda4810, 0x7ffdeead4810, 0, 0) = 1 <0.000160>
[pid 381] 14:56:45.984149 libssl.so.3->EVP_DigestSign(0x5c208cda4810, 0, 0x7ffdeead4820, 0x7ffdeead4830) = 1 <0.000143>
[pid 381] 14:56:45.984336 libssl.so.3->EVP_DigestSign(0x5c208cda4810, 0x5c208ce94120, 0x7ffdeead4820, 0x7ffdeead4830) = 1 <0.000253>
[pid 381] 14:56:45.984906 <... SSL_connect resumed> ) = 1 <0.026386>
[pid 381] 14:56:45.985124 oqsprovider.so->OQS_KEM_free(0x5c208ce7ee90, 0x5c208ce7ee40, 2, 0x5c208ce7ee60) = 4 <0.000125>
Handshake duration: 26.59 ms
[pid 381] 14:56:45.987567 +++ exited (status 0) +++
Execution 92 - TLS Mutual
s_connection: verify depth is 1
[pid 383] 14:56:46.042981 openssl->SSL_connect(0x5ac03f5de530, 0x5ac03f5b9e50, 0x5ac03f5b9e50, 0x78bac0aca360 <unfinished ...>
[pid 383] 14:56:46.043349 libssl.so.3->EVP_PKEY_keygen_init(0x5ac03f5e70b0, 0, 176, 0x5ac03f5e70b0) = 1 <0.000125>
[pid 383] 14:56:46.043524 libssl.so.3->EVP_PKEY_keygen(0x5ac03f5e70b0, 0x7fff9542ab00, 0, 103 <unfinished ...>
[pid 383] 14:56:46.043673 oqsprovider.so->OQS_KEM_new(0x5ac03f5e5450, 8, 0, 0x5ac03f5e5e70) = 0x5ac03f5e5e90 <0.000111>
[pid 383] 14:56:46.043832 oqsprovider.so->OQS_KEM_keypair(0x5ac03f5e5e90, 0x5ac03f5ef7e0, 0x5ac03f5f00c0, 0x5ac03f5e5e70) = 0 <0.002544>
[pid 383] 14:56:46.046429 <... EVP_PKEY_keygen resumed> ) = 1 <0.002900>
[pid 383] 14:56:46.054400 libssl.so.3->EVP_PKEY_decapsulate_init(0x5ac03f5e70b0, 0, 176, 0x5ac03f5e70b0) = 1 <0.000285>
[pid 383] 14:56:46.054730 libssl.so.3->EVP_PKEY_decapsulate(0x5ac03f5e70b0, 0, 0x7fff9542aac0, 0x5ac03f5e92ca) = 1 <0.000135>
[pid 383] 14:56:46.054916 libssl.so.3->EVP_PKEY_decapsulate(0x5ac03f5e70b0, 0x5ac03f5d9600, 0x7fff9542aac0, 0x5ac03f5e92ca <unfinished ...>
[pid 383] 14:56:46.055050 oqsprovider.so->OQS_KEM_decaps(0x5ac03f5e5e90, 0x5ac03f5d9600, 0x5ac03f5e92ca, 0x5ac03f5f00c0) = 0 <0.007407>
[pid 383] 14:56:46.062555 <... EVP_PKEY_decapsulate resumed> ) = 1 <0.007631>
[pid 383] 14:56:46.063343 libssl.so.3->X509_verify_cert(0x5ac03f5de410, 0, 0x8000, 0xffffffff) = 1 <0.000521>
[pid 383] 14:56:46.064082 libssl.so.3->EVP_DigestVerifyInit_ex(0x5ac03f609260, 0x7fff9542ab68, 0, 0) = 1 <0.000163>
[pid 383] 14:56:46.064296 libssl.so.3->EVP_DigestVerify(0x5ac03f609260, 0x5ac03f5e9278, 2420, 0x7fff9542ab70) = 1 <0.000236>
[pid 383] 14:56:46.065158 libssl.so.3->X509_verify_cert(0x5ac03f5de410, 1, 1, 0) = 1 <0.000295>
[pid 383] 14:56:46.065779 libssl.so.3->EVP_DigestSignInit_ex(0x5ac03f50b810, 0x7fff9542ab50, 0, 0) = 1 <0.000203>
[pid 383] 14:56:46.066039 libssl.so.3->EVP_DigestSign(0x5ac03f50b810, 0, 0x7fff9542ab60, 0x7fff9542ab70) = 1 <0.000140>
[pid 383] 14:56:46.066237 libssl.so.3->EVP_DigestSign(0x5ac03f50b810, 0x5ac03f5fb120, 0x7fff9542ab60, 0x7fff9542ab70) = 1 <0.000299>
[pid 383] 14:56:46.066841 <... SSL_connect resumed> ) = 1 <0.023874>
[pid 383] 14:56:46.067059 oqsprovider.so->OQS_KEM_free(0x5ac03f5e5e90, 0x5ac03f5e5e40, 2, 0x5ac03f5e5e60) = 4 <0.000150>
Handshake duration: 24.06 ms
[pid 383] 14:56:46.069412 +++ exited (status 0) +++
Execution 93 - TLS Mutual
s_connection: verify depth is 1
[pid 385] 14:56:46.126210 openssl->SSL_connect(0x56c7639b0530, 0x56c76398be50, 0x56c76398be50, 0x7c5be3cfd360 <unfinished ...>
[pid 385] 14:56:46.126674 libssl.so.3->EVP_PKEY_keygen_init(0x56c7639b90b0, 0, 176, 0x56c7639b90b0) = 1 <0.000183>
[pid 385] 14:56:46.126934 libssl.so.3->EVP_PKEY_keygen(0x56c7639b90b0, 0x7fff8ddf21b0, 0, 103 <unfinished ...>
[pid 385] 14:56:46.127098 oqsprovider.so->OQS_KEM_new(0x56c7639b7450, 8, 0, 0x56c7639b7e70) = 0x56c7639b7e90 <0.000145>
[pid 385] 14:56:46.127301 oqsprovider.so->OQS_KEM_keypair(0x56c7639b7e90, 0x56c7639c17e0, 0x56c7639c20c0, 0x56c7639b7e70) = 0 <0.002661>
[pid 385] 14:56:46.130086 <... EVP_PKEY_keygen resumed> ) = 1 <0.003143>
[pid 385] 14:56:46.138575 libssl.so.3->EVP_PKEY_decapsulate_init(0x56c7639b90b0, 0, 176, 0x56c7639b90b0) = 1 <0.000413>
[pid 385] 14:56:46.139059 libssl.so.3->EVP_PKEY_decapsulate(0x56c7639b90b0, 0, 0x7fff8ddf2170, 0x56c7639bb2ca) = 1 <0.000160>
[pid 385] 14:56:46.139321 libssl.so.3->EVP_PKEY_decapsulate(0x56c7639b90b0, 0x56c7639ab600, 0x7fff8ddf2170, 0x56c7639bb2ca <unfinished ...>
[pid 385] 14:56:46.139455 oqsprovider.so->OQS_KEM_decaps(0x56c7639b7e90, 0x56c7639ab600, 0x56c7639bb2ca, 0x56c7639c20c0) = 0 <0.007541>
[pid 385] 14:56:46.147086 <... EVP_PKEY_decapsulate resumed> ) = 1 <0.007761>
[pid 385] 14:56:46.148262 libssl.so.3->X509_verify_cert(0x56c7639b0410, 0, 0x8000, 0xffffffff) = 1 <0.000652>
[pid 385] 14:56:46.149155 libssl.so.3->EVP_DigestVerifyInit_ex(0x56c7639db260, 0x7fff8ddf2218, 0, 0) = 1 <0.000173>
[pid 385] 14:56:46.149373 libssl.so.3->EVP_DigestVerify(0x56c7639db260, 0x56c7639bb278, 2420, 0x7fff8ddf2220) = 1 <0.000207>
[pid 385] 14:56:46.149870 libssl.so.3->X509_verify_cert(0x56c7639b0410, 1, 1, 0) = 1 <0.000211>
[pid 385] 14:56:46.150302 libssl.so.3->EVP_DigestSignInit_ex(0x56c7638dd810, 0x7fff8ddf2200, 0, 0) = 1 <0.000119>
[pid 385] 14:56:46.150462 libssl.so.3->EVP_DigestSign(0x56c7638dd810, 0, 0x7fff8ddf2210, 0x7fff8ddf2220) = 1 <0.000140>
[pid 385] 14:56:46.150649 libssl.so.3->EVP_DigestSign(0x56c7638dd810, 0x56c7639cd120, 0x7fff8ddf2210, 0x7fff8ddf2220) = 1 <0.000340>
[pid 385] 14:56:46.151223 <... SSL_connect resumed> ) = 1 <0.025024>
[pid 385] 14:56:46.151439 oqsprovider.so->OQS_KEM_free(0x56c7639b7e90, 0x56c7639b7e40, 2, 0x56c7639b7e60) = 4 <0.001188>
Handshake duration: 25.21 ms
[pid 385] 14:56:46.154850 +++ exited (status 0) +++
Execution 94 - TLS Mutual
s_connection: verify depth is 1
[pid 387] 14:56:46.208697 openssl->SSL_connect(0x5f641aa85530, 0x5f641aa60e50, 0x5f641aa60e50, 0x7158ae018360 <unfinished ...>
[pid 387] 14:56:46.209224 libssl.so.3->EVP_PKEY_keygen_init(0x5f641aa8e0b0, 0, 176, 0x5f641aa8e0b0) = 1 <0.000136>
[pid 387] 14:56:46.209413 libssl.so.3->EVP_PKEY_keygen(0x5f641aa8e0b0, 0x7ffd96f2f630, 0, 103 <unfinished ...>
[pid 387] 14:56:46.209539 oqsprovider.so->OQS_KEM_new(0x5f641aa8c450, 8, 0, 0x5f641aa8ce70) = 0x5f641aa8ce90 <0.000136>
[pid 387] 14:56:46.209722 oqsprovider.so->OQS_KEM_keypair(0x5f641aa8ce90, 0x5f641aa967e0, 0x5f641aa970c0, 0x5f641aa8ce70) = 0 <0.002543>
[pid 387] 14:56:46.212321 <... EVP_PKEY_keygen resumed> ) = 1 <0.002903>
[pid 387] 14:56:46.220365 libssl.so.3->EVP_PKEY_decapsulate_init(0x5f641aa8e0b0, 0, 176, 0x5f641aa8e0b0) = 1 <0.000337>
[pid 387] 14:56:46.220737 libssl.so.3->EVP_PKEY_decapsulate(0x5f641aa8e0b0, 0, 0x7ffd96f2f5f0, 0x5f641aa902ca) = 1 <0.000122>
[pid 387] 14:56:46.220905 libssl.so.3->EVP_PKEY_decapsulate(0x5f641aa8e0b0, 0x5f641aa80600, 0x7ffd96f2f5f0, 0x5f641aa902ca <unfinished ...>
[pid 387] 14:56:46.221027 oqsprovider.so->OQS_KEM_decaps(0x5f641aa8ce90, 0x5f641aa80600, 0x5f641aa902ca, 0x5f641aa970c0) = 0 <0.007347>
[pid 387] 14:56:46.228476 <... EVP_PKEY_decapsulate resumed> ) = 1 <0.007561>
[pid 387] 14:56:46.229038 libssl.so.3->X509_verify_cert(0x5f641aa85410, 0, 0x8000, 0xffffffff) = 1 <0.000359>
[pid 387] 14:56:46.229524 libssl.so.3->EVP_DigestVerifyInit_ex(0x5f641aab0260, 0x7ffd96f2f698, 0, 0) = 1 <0.000125>
[pid 387] 14:56:46.229680 libssl.so.3->EVP_DigestVerify(0x5f641aab0260, 0x5f641aa90278, 2420, 0x7ffd96f2f6a0) = 1 <0.000124>
[pid 387] 14:56:46.229981 libssl.so.3->X509_verify_cert(0x5f641aa85410, 1, 1, 0) = 1 <0.000253>
[pid 387] 14:56:46.230481 libssl.so.3->EVP_DigestSignInit_ex(0x5f641a9b2810, 0x7ffd96f2f680, 0, 0) = 1 <0.000153>
[pid 387] 14:56:46.230677 libssl.so.3->EVP_DigestSign(0x5f641a9b2810, 0, 0x7ffd96f2f690, 0x7ffd96f2f6a0) = 1 <0.000127>
[pid 387] 14:56:46.230897 libssl.so.3->EVP_DigestSign(0x5f641a9b2810, 0x5f641aaa2120, 0x7ffd96f2f690, 0x7ffd96f2f6a0) = 1 <0.000301>
[pid 387] 14:56:46.231456 <... SSL_connect resumed> ) = 1 <0.022761>
[pid 387] 14:56:46.231695 oqsprovider.so->OQS_KEM_free(0x5f641aa8ce90, 0x5f641aa8ce40, 2, 0x5f641aa8ce60) = 4 <0.000134>
Handshake duration: 22.95 ms
[pid 387] 14:56:46.233903 +++ exited (status 0) +++
Execution 95 - TLS Mutual
s_connection: verify depth is 1
[pid 389] 14:56:46.288022 openssl->SSL_connect(0x5590bd4dd530, 0x5590bd4b8e50, 0x5590bd4b8e50, 0x73ca1b82a360 <unfinished ...>
[pid 389] 14:56:46.288431 libssl.so.3->EVP_PKEY_keygen_init(0x5590bd4e60b0, 0, 176, 0x5590bd4e60b0) = 1 <0.000153>
[pid 389] 14:56:46.288659 libssl.so.3->EVP_PKEY_keygen(0x5590bd4e60b0, 0x7ffcdd7735a0, 0, 103 <unfinished ...>
[pid 389] 14:56:46.288781 oqsprovider.so->OQS_KEM_new(0x5590bd4e4450, 8, 0, 0x5590bd4e4e70) = 0x5590bd4e4e90 <0.000125>
[pid 389] 14:56:46.288956 oqsprovider.so->OQS_KEM_keypair(0x5590bd4e4e90, 0x5590bd4ee7e0, 0x5590bd4ef0c0, 0x5590bd4e4e70) = 0 <0.002632>
[pid 389] 14:56:46.291690 <... EVP_PKEY_keygen resumed> ) = 1 <0.003026>
[pid 389] 14:56:46.300118 libssl.so.3->EVP_PKEY_decapsulate_init(0x5590bd4e60b0, 0, 176, 0x5590bd4e60b0) = 1 <0.000289>
[pid 389] 14:56:46.300451 libssl.so.3->EVP_PKEY_decapsulate(0x5590bd4e60b0, 0, 0x7ffcdd773560, 0x5590bd4e82ca) = 1 <0.000131>
[pid 389] 14:56:46.300638 libssl.so.3->EVP_PKEY_decapsulate(0x5590bd4e60b0, 0x5590bd4d8600, 0x7ffcdd773560, 0x5590bd4e82ca <unfinished ...>
[pid 389] 14:56:46.300759 oqsprovider.so->OQS_KEM_decaps(0x5590bd4e4e90, 0x5590bd4d8600, 0x5590bd4e82ca, 0x5590bd4ef0c0) = 0 <0.007385>
[pid 389] 14:56:46.308242 <... EVP_PKEY_decapsulate resumed> ) = 1 <0.007598>
[pid 389] 14:56:46.309044 libssl.so.3->X509_verify_cert(0x5590bd4dd410, 0, 0x8000, 0xffffffff) = 1 <0.000421>
[pid 389] 14:56:46.309650 libssl.so.3->EVP_DigestVerifyInit_ex(0x5590bd508260, 0x7ffcdd773608, 0, 0) = 1 <0.000225>
[pid 389] 14:56:46.309940 libssl.so.3->EVP_DigestVerify(0x5590bd508260, 0x5590bd4e8278, 2420, 0x7ffcdd773610) = 1 <0.000207>
[pid 389] 14:56:46.310394 libssl.so.3->X509_verify_cert(0x5590bd4dd410, 1, 1, 0) = 1 <0.000232>
[pid 389] 14:56:46.310872 libssl.so.3->EVP_DigestSignInit_ex(0x5590bd40a810, 0x7ffcdd7735f0, 0, 0) = 1 <0.000133>
[pid 389] 14:56:46.311062 libssl.so.3->EVP_DigestSign(0x5590bd40a810, 0, 0x7ffcdd773600, 0x7ffcdd773610) = 1 <0.000121>
[pid 389] 14:56:46.311237 libssl.so.3->EVP_DigestSign(0x5590bd40a810, 0x5590bd4fa120, 0x7ffcdd773600, 0x7ffcdd773610) = 1 <0.000259>
[pid 389] 14:56:46.311779 <... SSL_connect resumed> ) = 1 <0.023766>
[pid 389] 14:56:46.311975 oqsprovider.so->OQS_KEM_free(0x5590bd4e4e90, 0x5590bd4e4e40, 2, 0x5590bd4e4e60) = 4 <0.000129>
Handshake duration: 23.95 ms
[pid 389] 14:56:46.314274 +++ exited (status 0) +++
Execution 96 - TLS Mutual
s_connection: verify depth is 1
[pid 391] 14:56:46.373061 openssl->SSL_connect(0x5f26bc5c0530, 0x5f26bc59be50, 0x5f26bc59be50, 0x742fba524360 <unfinished ...>
[pid 391] 14:56:46.373506 libssl.so.3->EVP_PKEY_keygen_init(0x5f26bc5c90b0, 0, 176, 0x5f26bc5c90b0) = 1 <0.000186>
[pid 391] 14:56:46.373767 libssl.so.3->EVP_PKEY_keygen(0x5f26bc5c90b0, 0x7fff0ea64d10, 0, 103 <unfinished ...>
[pid 391] 14:56:46.373907 oqsprovider.so->OQS_KEM_new(0x5f26bc5c7450, 8, 0, 0x5f26bc5c7e70) = 0x5f26bc5c7e90 <0.000150>
[pid 391] 14:56:46.374113 oqsprovider.so->OQS_KEM_keypair(0x5f26bc5c7e90, 0x5f26bc5d17e0, 0x5f26bc5d20c0, 0x5f26bc5c7e70) = 0 <0.003487>
[pid 391] 14:56:46.377698 <... EVP_PKEY_keygen resumed> ) = 1 <0.003926>
[pid 391] 14:56:46.385924 libssl.so.3->EVP_PKEY_decapsulate_init(0x5f26bc5c90b0, 0, 176, 0x5f26bc5c90b0) = 1 <0.000309>
[pid 391] 14:56:46.386282 libssl.so.3->EVP_PKEY_decapsulate(0x5f26bc5c90b0, 0, 0x7fff0ea64cd0, 0x5f26bc5cb2ca) = 1 <0.000130>
[pid 391] 14:56:46.386458 libssl.so.3->EVP_PKEY_decapsulate(0x5f26bc5c90b0, 0x5f26bc5bb600, 0x7fff0ea64cd0, 0x5f26bc5cb2ca <unfinished ...>
[pid 391] 14:56:46.386609 oqsprovider.so->OQS_KEM_decaps(0x5f26bc5c7e90, 0x5f26bc5bb600, 0x5f26bc5cb2ca, 0x5f26bc5d20c0) = 0 <0.007672>
[pid 391] 14:56:46.394362 <... EVP_PKEY_decapsulate resumed> ) = 1 <0.007896>
[pid 391] 14:56:46.395219 libssl.so.3->X509_verify_cert(0x5f26bc5c0410, 0, 0x8000, 0xffffffff) = 1 <0.000456>
[pid 391] 14:56:46.395893 libssl.so.3->EVP_DigestVerifyInit_ex(0x5f26bc5eb260, 0x7fff0ea64d78, 0, 0) = 1 <0.000170>
[pid 391] 14:56:46.396104 libssl.so.3->EVP_DigestVerify(0x5f26bc5eb260, 0x5f26bc5cb278, 2420, 0x7fff0ea64d80) = 1 <0.000172>
[pid 391] 14:56:46.396484 libssl.so.3->X509_verify_cert(0x5f26bc5c0410, 1, 1, 0) = 1 <0.000216>
[pid 391] 14:56:46.396936 libssl.so.3->EVP_DigestSignInit_ex(0x5f26bc4ed810, 0x7fff0ea64d60, 0, 0) = 1 <0.000148>
[pid 391] 14:56:46.397135 libssl.so.3->EVP_DigestSign(0x5f26bc4ed810, 0, 0x7fff0ea64d70, 0x7fff0ea64d80) = 1 <0.000130>
[pid 391] 14:56:46.397317 libssl.so.3->EVP_DigestSign(0x5f26bc4ed810, 0x5f26bc5dd120, 0x7fff0ea64d70, 0x7fff0ea64d80) = 1 <0.000329>
[pid 391] 14:56:46.397887 <... SSL_connect resumed> ) = 1 <0.024834>
[pid 391] 14:56:46.398112 oqsprovider.so->OQS_KEM_free(0x5f26bc5c7e90, 0x5f26bc5c7e40, 2, 0x5f26bc5c7e60) = 4 <0.000172>
Handshake duration: 25.04 ms
[pid 391] 14:56:46.400359 +++ exited (status 0) +++
Execution 97 - TLS Mutual
s_connection: verify depth is 1
[pid 393] 14:56:46.457173 openssl->SSL_connect(0x5974a9592530, 0x5974a956de50, 0x5974a956de50, 0x762faf040360 <unfinished ...>
[pid 393] 14:56:46.457740 libssl.so.3->EVP_PKEY_keygen_init(0x5974a959b0b0, 0, 176, 0x5974a959b0b0) = 1 <0.000252>
[pid 393] 14:56:46.458090 libssl.so.3->EVP_PKEY_keygen(0x5974a959b0b0, 0x7fff78c4e440, 0, 103 <unfinished ...>
[pid 393] 14:56:46.458306 oqsprovider.so->OQS_KEM_new(0x5974a9599450, 8, 0, 0x5974a9599e70) = 0x5974a9599e90 <0.000143>
[pid 393] 14:56:46.458533 oqsprovider.so->OQS_KEM_keypair(0x5974a9599e90, 0x5974a95a37e0, 0x5974a95a40c0, 0x5974a9599e70) = 0 <0.002914>
[pid 393] 14:56:46.461559 <... EVP_PKEY_keygen resumed> ) = 1 <0.003459>
[pid 393] 14:56:46.470031 libssl.so.3->EVP_PKEY_decapsulate_init(0x5974a959b0b0, 0, 176, 0x5974a959b0b0) = 1 <0.000430>
[pid 393] 14:56:46.470558 libssl.so.3->EVP_PKEY_decapsulate(0x5974a959b0b0, 0, 0x7fff78c4e400, 0x5974a959d2ca) = 1 <0.000237>
[pid 393] 14:56:46.470842 libssl.so.3->EVP_PKEY_decapsulate(0x5974a959b0b0, 0x5974a958d600, 0x7fff78c4e400, 0x5974a959d2ca <unfinished ...>
[pid 393] 14:56:46.470999 oqsprovider.so->OQS_KEM_decaps(0x5974a9599e90, 0x5974a958d600, 0x5974a959d2ca, 0x5974a95a40c0) = 0 <0.008333>
[pid 393] 14:56:46.479448 <... EVP_PKEY_decapsulate resumed> ) = 1 <0.008604>
[pid 393] 14:56:46.480082 libssl.so.3->X509_verify_cert(0x5974a9592410, 0, 0x8000, 0xffffffff) = 1 <0.000592>
[pid 393] 14:56:46.480890 libssl.so.3->EVP_DigestVerifyInit_ex(0x5974a95bd260, 0x7fff78c4e4a8, 0, 0) = 1 <0.000179>
[pid 393] 14:56:46.481132 libssl.so.3->EVP_DigestVerify(0x5974a95bd260, 0x5974a959d278, 2420, 0x7fff78c4e4b0) = 1 <0.000248>
[pid 393] 14:56:46.481701 libssl.so.3->X509_verify_cert(0x5974a9592410, 1, 1, 0) = 1 <0.000269>
[pid 393] 14:56:46.482324 libssl.so.3->EVP_DigestSignInit_ex(0x5974a94bf810, 0x7fff78c4e490, 0, 0) = 1 <0.000215>
[pid 393] 14:56:46.482646 libssl.so.3->EVP_DigestSign(0x5974a94bf810, 0, 0x7fff78c4e4a0, 0x7fff78c4e4b0) = 1 <0.000188>
[pid 393] 14:56:46.482878 libssl.so.3->EVP_DigestSign(0x5974a94bf810, 0x5974a95af120, 0x7fff78c4e4a0, 0x7fff78c4e4b0) = 1 <0.000347>
[pid 393] 14:56:46.483534 <... SSL_connect resumed> ) = 1 <0.026386>
[pid 393] 14:56:46.483767 oqsprovider.so->OQS_KEM_free(0x5974a9599e90, 0x5974a9599e40, 2, 0x5974a9599e60) = 4 <0.000120>
Handshake duration: 26.59 ms
[pid 393] 14:56:46.486534 +++ exited (status 0) +++
Execution 98 - TLS Mutual
s_connection: verify depth is 1
[pid 395] 14:56:46.545665 openssl->SSL_connect(0x650397a5a530, 0x650397a35e50, 0x650397a35e50, 0x750e18024360 <unfinished ...>
[pid 395] 14:56:46.546161 libssl.so.3->EVP_PKEY_keygen_init(0x650397a630b0, 0, 176, 0x650397a630b0) = 1 <0.000161>
[pid 395] 14:56:46.546382 libssl.so.3->EVP_PKEY_keygen(0x650397a630b0, 0x7ffd705ebf40, 0, 103 <unfinished ...>
[pid 395] 14:56:46.546673 oqsprovider.so->OQS_KEM_new(0x650397a61450, 8, 0, 0x650397a61e70) = 0x650397a61e90 <0.000180>
[pid 395] 14:56:46.546911 oqsprovider.so->OQS_KEM_keypair(0x650397a61e90, 0x650397a6b7e0, 0x650397a6c0c0, 0x650397a61e70) = 0 <0.003347>
[pid 395] 14:56:46.550357 <... EVP_PKEY_keygen resumed> ) = 1 <0.003966>
[pid 395] 14:56:46.558986 libssl.so.3->EVP_PKEY_decapsulate_init(0x650397a630b0, 0, 176, 0x650397a630b0) = 1 <0.000409>
[pid 395] 14:56:46.559454 libssl.so.3->EVP_PKEY_decapsulate(0x650397a630b0, 0, 0x7ffd705ebf00, 0x650397a652ca) = 1 <0.000147>
[pid 395] 14:56:46.559651 libssl.so.3->EVP_PKEY_decapsulate(0x650397a630b0, 0x650397a55600, 0x7ffd705ebf00, 0x650397a652ca <unfinished ...>
[pid 395] 14:56:46.559778 oqsprovider.so->OQS_KEM_decaps(0x650397a61e90, 0x650397a55600, 0x650397a652ca, 0x650397a6c0c0) = 0 <0.007503>
[pid 395] 14:56:46.567381 <... EVP_PKEY_decapsulate resumed> ) = 1 <0.007721>
[pid 395] 14:56:46.568256 libssl.so.3->X509_verify_cert(0x650397a5a410, 0, 0x8000, 0xffffffff) = 1 <0.000478>
[pid 395] 14:56:46.568945 libssl.so.3->EVP_DigestVerifyInit_ex(0x650397a85260, 0x7ffd705ebfa8, 0, 0) = 1 <0.000146>
[pid 395] 14:56:46.569139 libssl.so.3->EVP_DigestVerify(0x650397a85260, 0x650397a65278, 2420, 0x7ffd705ebfb0) = 1 <0.000186>
[pid 395] 14:56:46.569546 libssl.so.3->X509_verify_cert(0x650397a5a410, 1, 1, 0) = 1 <0.000211>
[pid 395] 14:56:46.570024 libssl.so.3->EVP_DigestSignInit_ex(0x650397987810, 0x7ffd705ebf90, 0, 0) = 1 <0.000151>
[pid 395] 14:56:46.570225 libssl.so.3->EVP_DigestSign(0x650397987810, 0, 0x7ffd705ebfa0, 0x7ffd705ebfb0) = 1 <0.000130>
[pid 395] 14:56:46.570392 libssl.so.3->EVP_DigestSign(0x650397987810, 0x650397a77120, 0x7ffd705ebfa0, 0x7ffd705ebfb0) = 1 <0.000268>
[pid 395] 14:56:46.570915 <... SSL_connect resumed> ) = 1 <0.025260>
[pid 395] 14:56:46.571123 oqsprovider.so->OQS_KEM_free(0x650397a61e90, 0x650397a61e40, 2, 0x650397a61e60) = 4 <0.000147>
Handshake duration: 25.45 ms
[pid 395] 14:56:46.573373 +++ exited (status 0) +++
Execution 99 - TLS Mutual
s_connection: verify depth is 1
[pid 397] 14:56:46.630196 openssl->SSL_connect(0x5b6b8457e530, 0x5b6b84559e50, 0x5b6b84559e50, 0x74daca689360 <unfinished ...>
[pid 397] 14:56:46.630625 libssl.so.3->EVP_PKEY_keygen_init(0x5b6b845870b0, 0, 176, 0x5b6b845870b0) = 1 <0.000181>
[pid 397] 14:56:46.630844 libssl.so.3->EVP_PKEY_keygen(0x5b6b845870b0, 0x7ffd63c6d540, 0, 103 <unfinished ...>
[pid 397] 14:56:46.630962 oqsprovider.so->OQS_KEM_new(0x5b6b84585450, 8, 0, 0x5b6b84585e70) = 0x5b6b84585e90 <0.000121>
[pid 397] 14:56:46.631136 oqsprovider.so->OQS_KEM_keypair(0x5b6b84585e90, 0x5b6b8458f7e0, 0x5b6b845900c0, 0x5b6b84585e70) = 0 <0.002787>
[pid 397] 14:56:46.633986 <... EVP_PKEY_keygen resumed> ) = 1 <0.003133>
[pid 397] 14:56:46.642147 libssl.so.3->EVP_PKEY_decapsulate_init(0x5b6b845870b0, 0, 176, 0x5b6b845870b0) = 1 <0.000286>
[pid 397] 14:56:46.642474 libssl.so.3->EVP_PKEY_decapsulate(0x5b6b845870b0, 0, 0x7ffd63c6d500, 0x5b6b845892ca) = 1 <0.000131>
[pid 397] 14:56:46.642648 libssl.so.3->EVP_PKEY_decapsulate(0x5b6b845870b0, 0x5b6b84579600, 0x7ffd63c6d500, 0x5b6b845892ca <unfinished ...>
[pid 397] 14:56:46.642769 oqsprovider.so->OQS_KEM_decaps(0x5b6b84585e90, 0x5b6b84579600, 0x5b6b845892ca, 0x5b6b845900c0) = 0 <0.008176>
[pid 397] 14:56:46.651004 <... EVP_PKEY_decapsulate resumed> ) = 1 <0.008353>
[pid 397] 14:56:46.651775 libssl.so.3->X509_verify_cert(0x5b6b8457e410, 0, 0x8000, 0xffffffff) = 1 <0.000527>
[pid 397] 14:56:46.652502 libssl.so.3->EVP_DigestVerifyInit_ex(0x5b6b845a9260, 0x7ffd63c6d5a8, 0, 0) = 1 <0.000144>
[pid 397] 14:56:46.652696 libssl.so.3->EVP_DigestVerify(0x5b6b845a9260, 0x5b6b84589278, 2420, 0x7ffd63c6d5b0) = 1 <0.000178>
[pid 397] 14:56:46.653098 libssl.so.3->X509_verify_cert(0x5b6b8457e410, 1, 1, 0) = 1 <0.000199>
[pid 397] 14:56:46.653526 libssl.so.3->EVP_DigestSignInit_ex(0x5b6b844ab810, 0x7ffd63c6d590, 0, 0) = 1 <0.000146>
[pid 397] 14:56:46.653743 libssl.so.3->EVP_DigestSign(0x5b6b844ab810, 0, 0x7ffd63c6d5a0, 0x7ffd63c6d5b0) = 1 <0.000111>
[pid 397] 14:56:46.653905 libssl.so.3->EVP_DigestSign(0x5b6b844ab810, 0x5b6b8459b120, 0x7ffd63c6d5a0, 0x7ffd63c6d5b0) = 1 <0.000252>
[pid 397] 14:56:46.654402 <... SSL_connect resumed> ) = 1 <0.024210>
[pid 397] 14:56:46.654679 oqsprovider.so->OQS_KEM_free(0x5b6b84585e90, 0x5b6b84585e40, 2, 0x5b6b84585e60) = 4 <0.000120>
Handshake duration: 24.38 ms
[pid 397] 14:56:46.656746 +++ exited (status 0) +++
Execution 100 - TLS Mutual
s_connection: verify depth is 1
[pid 399] 14:56:46.711604 openssl->SSL_connect(0x57842b279530, 0x57842b254e50, 0x57842b254e50, 0x79ad71f64360 <unfinished ...>
[pid 399] 14:56:46.712047 libssl.so.3->EVP_PKEY_keygen_init(0x57842b2820b0, 0, 176, 0x57842b2820b0) = 1 <0.000189>
[pid 399] 14:56:46.712296 libssl.so.3->EVP_PKEY_keygen(0x57842b2820b0, 0x7ffffced3be0, 0, 103 <unfinished ...>
[pid 399] 14:56:46.712458 oqsprovider.so->OQS_KEM_new(0x57842b280450, 8, 0, 0x57842b280e70) = 0x57842b280e90 <0.000147>
[pid 399] 14:56:46.712661 oqsprovider.so->OQS_KEM_keypair(0x57842b280e90, 0x57842b28a7e0, 0x57842b28b0c0, 0x57842b280e70) = 0 <0.002571>
[pid 399] 14:56:46.715301 <... EVP_PKEY_keygen resumed> ) = 1 <0.003001>
[pid 399] 14:56:46.723709 libssl.so.3->EVP_PKEY_decapsulate_init(0x57842b2820b0, 0, 176, 0x57842b2820b0) = 1 <0.000283>
[pid 399] 14:56:46.724039 libssl.so.3->EVP_PKEY_decapsulate(0x57842b2820b0, 0, 0x7ffffced3ba0, 0x57842b2842ca) = 1 <0.000120>
[pid 399] 14:56:46.724206 libssl.so.3->EVP_PKEY_decapsulate(0x57842b2820b0, 0x57842b274600, 0x7ffffced3ba0, 0x57842b2842ca <unfinished ...>
[pid 399] 14:56:46.724355 oqsprovider.so->OQS_KEM_decaps(0x57842b280e90, 0x57842b274600, 0x57842b2842ca, 0x57842b28b0c0) = 0 <0.007341>
[pid 399] 14:56:46.731775 <... EVP_PKEY_decapsulate resumed> ) = 1 <0.007561>
[pid 399] 14:56:46.732518 libssl.so.3->X509_verify_cert(0x57842b279410, 0, 0x8000, 0xffffffff) = 1 <0.000438>
[pid 399] 14:56:46.733150 libssl.so.3->EVP_DigestVerifyInit_ex(0x57842b2a4260, 0x7ffffced3c48, 0, 0) = 1 <0.000160>
[pid 399] 14:56:46.733356 libssl.so.3->EVP_DigestVerify(0x57842b2a4260, 0x57842b284278, 2420, 0x7ffffced3c50) = 1 <0.000165>
[pid 399] 14:56:46.733745 libssl.so.3->X509_verify_cert(0x57842b279410, 1, 1, 0) = 1 <0.000194>
[pid 399] 14:56:46.734172 libssl.so.3->EVP_DigestSignInit_ex(0x57842b1a6810, 0x7ffffced3c30, 0, 0) = 1 <0.000136>
[pid 399] 14:56:46.734352 libssl.so.3->EVP_DigestSign(0x57842b1a6810, 0, 0x7ffffced3c40, 0x7ffffced3c50) = 1 <0.000157>
[pid 399] 14:56:46.734558 libssl.so.3->EVP_DigestSign(0x57842b1a6810, 0x57842b296120, 0x7ffffced3c40, 0x7ffffced3c50) = 1 <0.000267>
[pid 399] 14:56:46.735062 <... SSL_connect resumed> ) = 1 <0.023484>
[pid 399] 14:56:46.735273 oqsprovider.so->OQS_KEM_free(0x57842b280e90, 0x57842b280e40, 2, 0x57842b280e60) = 4 <0.000125>
Handshake duration: 23.67 ms
[pid 399] 14:56:46.737329 +++ exited (status 0) +++
