Applying netem rules to lo...
Showing qdisc status for the interface: lo
qdisc netem 83ce: root refcnt 2 limit 1000 seed 11741188107859635667
 Sent 0 bytes 0 pkt (dropped 0, overlimits 0 requeues 0) 
 backlog 0b 0p requeues 0
Running /opt/oqssa/perftestClientTlsQuic_ltrace.sh with SIG_ALG=mldsa65 and KEM_ALG=x448
Execution 1 - TLS Mutual
s_connection: verify depth is 1
[pid 202] 14:57:06.048528 openssl->SSL_connect(0x5e55da5390e0, 0x5e55da50be50, 0x5e55da50be50, 0x7920c7313360 <unfinished ...>
[pid 202] 14:57:06.049040 libssl.so.3->EVP_PKEY_keygen_init(0x5e55da53b7d0, 0, 176, 0x5e55da53b7d0) = 1 <0.000230>
[pid 202] 14:57:06.049314 libssl.so.3->EVP_PKEY_keygen(0x5e55da53b7d0, 0x7ffcf29bf000, 0, 103) = 1 <0.000552>
[pid 202] 14:57:06.052459 libssl.so.3->EVP_PKEY_derive_init(0x5e55da53b7d0, 0, 176, 0x5e55da53b7d0) = 1 <0.000260>
[pid 202] 14:57:06.052827 libssl.so.3->EVP_PKEY_derive_set_peer(0x5e55da53b7d0, 0x5e55da538e20, 0, 0x5e55da538b30) = 1 <0.000159>
[pid 202] 14:57:06.053029 libssl.so.3->EVP_PKEY_derive(0x5e55da53b7d0, 0, 0x7ffcf29befc0, 0) = 1 <0.000113>
[pid 202] 14:57:06.053186 libssl.so.3->EVP_PKEY_derive(0x5e55da53b7d0, 0x5e55da538ec0, 0x7ffcf29befc0, 0x5e55da538ec0) = 1 <0.000339>
[pid 202] 14:57:06.054345 libssl.so.3->X509_verify_cert(0x5e55da530ea0, 0, 0x8000, 0xffffffff) = 1 <0.000578>
[pid 202] 14:57:06.055181 libssl.so.3->EVP_DigestVerifyInit_ex(0x5e55da45d810, 0x7ffcf29bf068, 0, 0) = 1 <0.000156>
[pid 202] 14:57:06.055388 libssl.so.3->EVP_DigestVerify(0x5e55da45d810, 0x5e55da53d798, 3309, 0x7ffcf29bf070) = 1 <0.000276>
[pid 202] 14:57:06.055991 libssl.so.3->X509_verify_cert(0x5e55da530ea0, 1, 1, 0) = 1 <0.000308>
[pid 202] 14:57:06.056659 libssl.so.3->EVP_DigestSignInit_ex(0x5e55da5516d0, 0x7ffcf29bf050, 0, 0) = 1 <0.000173>
[pid 202] 14:57:06.056931 libssl.so.3->EVP_DigestSign(0x5e55da5516d0, 0, 0x7ffcf29bf060, 0x7ffcf29bf070) = 1 <0.000176>
[pid 202] 14:57:06.057238 libssl.so.3->EVP_DigestSign(0x5e55da5516d0, 0x5e55da530fc0, 0x7ffcf29bf060, 0x7ffcf29bf070) = 1 <0.000493>
[pid 202] 14:57:06.058021 <... SSL_connect resumed> ) = 1 <0.009493>
Handshake duration: 9.71 ms
[pid 202] 14:57:06.060743 +++ exited (status 0) +++
Execution 2 - TLS Mutual
s_connection: verify depth is 1
[pid 204] 14:57:06.120609 openssl->SSL_connect(0x5e84832170e0, 0x5e84831e9e50, 0x5e84831e9e50, 0x75534ac75360 <unfinished ...>
[pid 204] 14:57:06.121043 libssl.so.3->EVP_PKEY_keygen_init(0x5e84832197d0, 0, 176, 0x5e84832197d0) = 1 <0.000144>
[pid 204] 14:57:06.121236 libssl.so.3->EVP_PKEY_keygen(0x5e84832197d0, 0x7ffd531adc20, 0, 103) = 1 <0.000505>
[pid 204] 14:57:06.123547 libssl.so.3->EVP_PKEY_derive_init(0x5e84832197d0, 0, 176, 0x5e84832197d0) = 1 <0.000146>
[pid 204] 14:57:06.123738 libssl.so.3->EVP_PKEY_derive_set_peer(0x5e84832197d0, 0x5e8483216e20, 0, 0x5e8483216b30) = 1 <0.000116>
[pid 204] 14:57:06.123894 libssl.so.3->EVP_PKEY_derive(0x5e84832197d0, 0, 0x7ffd531adbe0, 0) = 1 <0.000112>
[pid 204] 14:57:06.124053 libssl.so.3->EVP_PKEY_derive(0x5e84832197d0, 0x5e8483216ec0, 0x7ffd531adbe0, 0x5e8483216ec0) = 1 <0.000331>
[pid 204] 14:57:06.125059 libssl.so.3->X509_verify_cert(0x5e848320eea0, 0, 0x8000, 0xffffffff) = 1 <0.000483>
[pid 204] 14:57:06.125761 libssl.so.3->EVP_DigestVerifyInit_ex(0x5e848313b810, 0x7ffd531adc88, 0, 0) = 1 <0.000146>
[pid 204] 14:57:06.125956 libssl.so.3->EVP_DigestVerify(0x5e848313b810, 0x5e848321b798, 3309, 0x7ffd531adc90) = 1 <0.000177>
[pid 204] 14:57:06.126346 libssl.so.3->X509_verify_cert(0x5e848320eea0, 1, 1, 0) = 1 <0.000260>
[pid 204] 14:57:06.126895 libssl.so.3->EVP_DigestSignInit_ex(0x5e848322f6d0, 0x7ffd531adc70, 0, 0) = 1 <0.000127>
[pid 204] 14:57:06.127065 libssl.so.3->EVP_DigestSign(0x5e848322f6d0, 0, 0x7ffd531adc80, 0x7ffd531adc90) = 1 <0.000143>
[pid 204] 14:57:06.127252 libssl.so.3->EVP_DigestSign(0x5e848322f6d0, 0x5e848320efc0, 0x7ffd531adc80, 0x7ffd531adc90) = 1 <0.000445>
[pid 204] 14:57:06.127926 <... SSL_connect resumed> ) = 1 <0.007334>
Handshake duration: 7.52 ms
[pid 204] 14:57:06.129919 +++ exited (status 0) +++
Execution 3 - TLS Mutual
s_connection: verify depth is 1
[pid 206] 14:57:06.191799 openssl->SSL_connect(0x59b2d55970e0, 0x59b2d5569e50, 0x59b2d5569e50, 0x787db7e40360 <unfinished ...>
[pid 206] 14:57:06.192327 libssl.so.3->EVP_PKEY_keygen_init(0x59b2d55997d0, 0, 176, 0x59b2d55997d0) = 1 <0.000166>
[pid 206] 14:57:06.192560 libssl.so.3->EVP_PKEY_keygen(0x59b2d55997d0, 0x7ffe6f07a560, 0, 103) = 1 <0.000511>
[pid 206] 14:57:06.194960 libssl.so.3->EVP_PKEY_derive_init(0x59b2d55997d0, 0, 176, 0x59b2d55997d0) = 1 <0.000279>
[pid 206] 14:57:06.195306 libssl.so.3->EVP_PKEY_derive_set_peer(0x59b2d55997d0, 0x59b2d5596e20, 0, 0x59b2d5596b30) = 1 <0.000139>
[pid 206] 14:57:06.195489 libssl.so.3->EVP_PKEY_derive(0x59b2d55997d0, 0, 0x7ffe6f07a520, 0) = 1 <0.000121>
[pid 206] 14:57:06.195652 libssl.so.3->EVP_PKEY_derive(0x59b2d55997d0, 0x59b2d5596ec0, 0x7ffe6f07a520, 0x59b2d5596ec0) = 1 <0.000329>
[pid 206] 14:57:06.196736 libssl.so.3->X509_verify_cert(0x59b2d558eea0, 0, 0x8000, 0xffffffff) = 1 <0.000563>
[pid 206] 14:57:06.197620 libssl.so.3->EVP_DigestVerifyInit_ex(0x59b2d54bb810, 0x7ffe6f07a5c8, 0, 0) = 1 <0.000245>
[pid 206] 14:57:06.197947 libssl.so.3->EVP_DigestVerify(0x59b2d54bb810, 0x59b2d559b798, 3309, 0x7ffe6f07a5d0) = 1 <0.000247>
[pid 206] 14:57:06.198472 libssl.so.3->X509_verify_cert(0x59b2d558eea0, 1, 1, 0) = 1 <0.000301>
[pid 206] 14:57:06.199106 libssl.so.3->EVP_DigestSignInit_ex(0x59b2d55af6d0, 0x7ffe6f07a5b0, 0, 0) = 1 <0.000159>
[pid 206] 14:57:06.199328 libssl.so.3->EVP_DigestSign(0x59b2d55af6d0, 0, 0x7ffe6f07a5c0, 0x7ffe6f07a5d0) = 1 <0.000197>
[pid 206] 14:57:06.199569 libssl.so.3->EVP_DigestSign(0x59b2d55af6d0, 0x59b2d558efc0, 0x7ffe6f07a5c0, 0x7ffe6f07a5d0) = 1 <0.000451>
[pid 206] 14:57:06.200337 <... SSL_connect resumed> ) = 1 <0.008547>
Handshake duration: 8.78 ms
[pid 206] 14:57:06.203405 +++ exited (status 0) +++
Execution 4 - TLS Mutual
s_connection: verify depth is 1
[pid 208] 14:57:06.263517 openssl->SSL_connect(0x60f7b126f0e0, 0x60f7b1241e50, 0x60f7b1241e50, 0x7011d07e5360 <unfinished ...>
[pid 208] 14:57:06.263992 libssl.so.3->EVP_PKEY_keygen_init(0x60f7b12717d0, 0, 176, 0x60f7b12717d0) = 1 <0.000156>
[pid 208] 14:57:06.264201 libssl.so.3->EVP_PKEY_keygen(0x60f7b12717d0, 0x7ffdfba8ec30, 0, 103) = 1 <0.000504>
[pid 208] 14:57:06.266633 libssl.so.3->EVP_PKEY_derive_init(0x60f7b12717d0, 0, 176, 0x60f7b12717d0) = 1 <0.000187>
[pid 208] 14:57:06.266860 libssl.so.3->EVP_PKEY_derive_set_peer(0x60f7b12717d0, 0x60f7b126ee20, 0, 0x60f7b126eb30) = 1 <0.000123>
[pid 208] 14:57:06.267027 libssl.so.3->EVP_PKEY_derive(0x60f7b12717d0, 0, 0x7ffdfba8ebf0, 0) = 1 <0.000129>
[pid 208] 14:57:06.267198 libssl.so.3->EVP_PKEY_derive(0x60f7b12717d0, 0x60f7b126eec0, 0x7ffdfba8ebf0, 0x60f7b126eec0) = 1 <0.000331>
[pid 208] 14:57:06.268218 libssl.so.3->X509_verify_cert(0x60f7b1266ea0, 0, 0x8000, 0xffffffff) = 1 <0.000522>
[pid 208] 14:57:06.268969 libssl.so.3->EVP_DigestVerifyInit_ex(0x60f7b1193810, 0x7ffdfba8ec98, 0, 0) = 1 <0.000176>
[pid 208] 14:57:06.269221 libssl.so.3->EVP_DigestVerify(0x60f7b1193810, 0x60f7b1273798, 3309, 0x7ffdfba8eca0) = 1 <0.000248>
[pid 208] 14:57:06.269722 libssl.so.3->X509_verify_cert(0x60f7b1266ea0, 1, 1, 0) = 1 <0.000250>
[pid 208] 14:57:06.270325 libssl.so.3->EVP_DigestSignInit_ex(0x60f7b12876d0, 0x7ffdfba8ec80, 0, 0) = 1 <0.000179>
[pid 208] 14:57:06.270556 libssl.so.3->EVP_DigestSign(0x60f7b12876d0, 0, 0x7ffdfba8ec90, 0x7ffdfba8eca0) = 1 <0.000207>
[pid 208] 14:57:06.270841 libssl.so.3->EVP_DigestSign(0x60f7b12876d0, 0x60f7b1266fc0, 0x7ffdfba8ec90, 0x7ffdfba8eca0) = 1 <0.000383>
[pid 208] 14:57:06.271460 <... SSL_connect resumed> ) = 1 <0.007956>
Handshake duration: 8.17 ms
[pid 208] 14:57:06.274149 +++ exited (status 0) +++
Execution 5 - TLS Mutual
s_connection: verify depth is 1
[pid 210] 14:57:06.339509 openssl->SSL_connect(0x631064d670e0, 0x631064d39e50, 0x631064d39e50, 0x77d6b6fe5360 <unfinished ...>
[pid 210] 14:57:06.339967 libssl.so.3->EVP_PKEY_keygen_init(0x631064d697d0, 0, 176, 0x631064d697d0) = 1 <0.000152>
[pid 210] 14:57:06.340169 libssl.so.3->EVP_PKEY_keygen(0x631064d697d0, 0x7fffa5d32c40, 0, 103) = 1 <0.000464>
[pid 210] 14:57:06.342514 libssl.so.3->EVP_PKEY_derive_init(0x631064d697d0, 0, 176, 0x631064d697d0) = 1 <0.000260>
[pid 210] 14:57:06.342869 libssl.so.3->EVP_PKEY_derive_set_peer(0x631064d697d0, 0x631064d66e20, 0, 0x631064d66b30) = 1 <0.000144>
[pid 210] 14:57:06.343063 libssl.so.3->EVP_PKEY_derive(0x631064d697d0, 0, 0x7fffa5d32c00, 0) = 1 <0.000137>
[pid 210] 14:57:06.343252 libssl.so.3->EVP_PKEY_derive(0x631064d697d0, 0x631064d66ec0, 0x7fffa5d32c00, 0x631064d66ec0) = 1 <0.000372>
[pid 210] 14:57:06.344605 libssl.so.3->X509_verify_cert(0x631064d5eea0, 0, 0x8000, 0xffffffff) = 1 <0.000583>
[pid 210] 14:57:06.345378 libssl.so.3->EVP_DigestVerifyInit_ex(0x631064c8b810, 0x7fffa5d32ca8, 0, 0) = 1 <0.000150>
[pid 210] 14:57:06.345572 libssl.so.3->EVP_DigestVerify(0x631064c8b810, 0x631064d6b798, 3309, 0x7fffa5d32cb0) = 1 <0.000197>
[pid 210] 14:57:06.345972 libssl.so.3->X509_verify_cert(0x631064d5eea0, 1, 1, 0) = 1 <0.000198>
[pid 210] 14:57:06.346501 libssl.so.3->EVP_DigestSignInit_ex(0x631064d7f6d0, 0x7fffa5d32c90, 0, 0) = 1 <0.000133>
[pid 210] 14:57:06.346703 libssl.so.3->EVP_DigestSign(0x631064d7f6d0, 0, 0x7fffa5d32ca0, 0x7fffa5d32cb0) = 1 <0.000128>
[pid 210] 14:57:06.346876 libssl.so.3->EVP_DigestSign(0x631064d7f6d0, 0x631064d5efc0, 0x7fffa5d32ca0, 0x7fffa5d32cb0) = 1 <0.000306>
[pid 210] 14:57:06.347385 <... SSL_connect resumed> ) = 1 <0.007890>
Handshake duration: 8.08 ms
[pid 210] 14:57:06.349516 +++ exited (status 0) +++
Execution 6 - TLS Mutual
s_connection: verify depth is 1
[pid 212] 14:57:06.409706 openssl->SSL_connect(0x64e713b7e0e0, 0x64e713b50e50, 0x64e713b50e50, 0x732553923360 <unfinished ...>
[pid 212] 14:57:06.410052 libssl.so.3->EVP_PKEY_keygen_init(0x64e713b807d0, 0, 176, 0x64e713b807d0) = 1 <0.000193>
[pid 212] 14:57:06.410348 libssl.so.3->EVP_PKEY_keygen(0x64e713b807d0, 0x7ffda2df1ff0, 0, 103) = 1 <0.000544>
[pid 212] 14:57:06.412792 libssl.so.3->EVP_PKEY_derive_init(0x64e713b807d0, 0, 176, 0x64e713b807d0) = 1 <0.000182>
[pid 212] 14:57:06.413017 libssl.so.3->EVP_PKEY_derive_set_peer(0x64e713b807d0, 0x64e713b7de20, 0, 0x64e713b7db30) = 1 <0.000154>
[pid 212] 14:57:06.413215 libssl.so.3->EVP_PKEY_derive(0x64e713b807d0, 0, 0x7ffda2df1fb0, 0) = 1 <0.000120>
[pid 212] 14:57:06.413383 libssl.so.3->EVP_PKEY_derive(0x64e713b807d0, 0x64e713b7dec0, 0x7ffda2df1fb0, 0x64e713b7dec0) = 1 <0.000362>
[pid 212] 14:57:06.414627 libssl.so.3->X509_verify_cert(0x64e713b75ea0, 0, 0x8000, 0xffffffff) = 1 <0.002876>
[pid 212] 14:57:06.417837 libssl.so.3->EVP_DigestVerifyInit_ex(0x64e713aa2810, 0x7ffda2df2058, 0, 0) = 1 <0.000228>
[pid 212] 14:57:06.418126 libssl.so.3->EVP_DigestVerify(0x64e713aa2810, 0x64e713b82798, 3309, 0x7ffda2df2060) = 1 <0.000247>
[pid 212] 14:57:06.418674 libssl.so.3->X509_verify_cert(0x64e713b75ea0, 1, 1, 0) = 1 <0.000313>
[pid 212] 14:57:06.419466 libssl.so.3->EVP_DigestSignInit_ex(0x64e713b966d0, 0x7ffda2df2040, 0, 0) = 1 <0.000306>
[pid 212] 14:57:06.419857 libssl.so.3->EVP_DigestSign(0x64e713b966d0, 0, 0x7ffda2df2050, 0x7ffda2df2060) = 1 <0.000145>
[pid 212] 14:57:06.420062 libssl.so.3->EVP_DigestSign(0x64e713b966d0, 0x64e713b75fc0, 0x7ffda2df2050, 0x7ffda2df2060) = 1 <0.000670>
[pid 212] 14:57:06.421187 <... SSL_connect resumed> ) = 1 <0.011474>
Handshake duration: 11.79 ms
[pid 212] 14:57:06.426891 +++ exited (status 0) +++
Execution 7 - TLS Mutual
s_connection: verify depth is 1
[pid 214] 14:57:06.482350 openssl->SSL_connect(0x6436a69330e0, 0x6436a6905e50, 0x6436a6905e50, 0x744205a3c360 <unfinished ...>
[pid 214] 14:57:06.482783 libssl.so.3->EVP_PKEY_keygen_init(0x6436a69357d0, 0, 176, 0x6436a69357d0) = 1 <0.000157>
[pid 214] 14:57:06.482983 libssl.so.3->EVP_PKEY_keygen(0x6436a69357d0, 0x7ffdfa85ea80, 0, 103) = 1 <0.000422>
[pid 214] 14:57:06.485184 libssl.so.3->EVP_PKEY_derive_init(0x6436a69357d0, 0, 176, 0x6436a69357d0) = 1 <0.000156>
[pid 214] 14:57:06.485386 libssl.so.3->EVP_PKEY_derive_set_peer(0x6436a69357d0, 0x6436a6932e20, 0, 0x6436a6932b30) = 1 <0.000107>
[pid 214] 14:57:06.485536 libssl.so.3->EVP_PKEY_derive(0x6436a69357d0, 0, 0x7ffdfa85ea40, 0) = 1 <0.000122>
[pid 214] 14:57:06.485701 libssl.so.3->EVP_PKEY_derive(0x6436a69357d0, 0x6436a6932ec0, 0x7ffdfa85ea40, 0x6436a6932ec0) = 1 <0.000316>
[pid 214] 14:57:06.486766 libssl.so.3->X509_verify_cert(0x6436a692aea0, 0, 0x8000, 0xffffffff) = 1 <0.000485>
[pid 214] 14:57:06.487454 libssl.so.3->EVP_DigestVerifyInit_ex(0x6436a6857810, 0x7ffdfa85eae8, 0, 0) = 1 <0.000187>
[pid 214] 14:57:06.487729 libssl.so.3->EVP_DigestVerify(0x6436a6857810, 0x6436a6937798, 3309, 0x7ffdfa85eaf0) = 1 <0.000281>
[pid 214] 14:57:06.488256 libssl.so.3->X509_verify_cert(0x6436a692aea0, 1, 1, 0) = 1 <0.000325>
[pid 214] 14:57:06.488978 libssl.so.3->EVP_DigestSignInit_ex(0x6436a694b6d0, 0x7ffdfa85ead0, 0, 0) = 1 <0.000171>
[pid 214] 14:57:06.489191 libssl.so.3->EVP_DigestSign(0x6436a694b6d0, 0, 0x7ffdfa85eae0, 0x7ffdfa85eaf0) = 1 <0.000112>
[pid 214] 14:57:06.489368 libssl.so.3->EVP_DigestSign(0x6436a694b6d0, 0x6436a692afc0, 0x7ffdfa85eae0, 0x7ffdfa85eaf0) = 1 <0.000463>
[pid 214] 14:57:06.490055 <... SSL_connect resumed> ) = 1 <0.007708>
Handshake duration: 7.87 ms
[pid 214] 14:57:06.492122 +++ exited (status 0) +++
Execution 8 - TLS Mutual
s_connection: verify depth is 1
[pid 216] 14:57:06.547347 openssl->SSL_connect(0x57077c5f60e0, 0x57077c5c8e50, 0x57077c5c8e50, 0x74fe98179360 <unfinished ...>
[pid 216] 14:57:06.547809 libssl.so.3->EVP_PKEY_keygen_init(0x57077c5f87d0, 0, 176, 0x57077c5f87d0) = 1 <0.000145>
[pid 216] 14:57:06.548004 libssl.so.3->EVP_PKEY_keygen(0x57077c5f87d0, 0x7ffc346699b0, 0, 103) = 1 <0.000465>
[pid 216] 14:57:06.550211 libssl.so.3->EVP_PKEY_derive_init(0x57077c5f87d0, 0, 176, 0x57077c5f87d0) = 1 <0.000164>
[pid 216] 14:57:06.550425 libssl.so.3->EVP_PKEY_derive_set_peer(0x57077c5f87d0, 0x57077c5f5e20, 0, 0x57077c5f5b30) = 1 <0.000117>
[pid 216] 14:57:06.550603 libssl.so.3->EVP_PKEY_derive(0x57077c5f87d0, 0, 0x7ffc34669970, 0) = 1 <0.000190>
[pid 216] 14:57:06.550846 libssl.so.3->EVP_PKEY_derive(0x57077c5f87d0, 0x57077c5f5ec0, 0x7ffc34669970, 0x57077c5f5ec0) = 1 <0.000364>
[pid 216] 14:57:06.551935 libssl.so.3->X509_verify_cert(0x57077c5edea0, 0, 0x8000, 0xffffffff) = 1 <0.000483>
[pid 216] 14:57:06.552634 libssl.so.3->EVP_DigestVerifyInit_ex(0x57077c51a810, 0x7ffc34669a18, 0, 0) = 1 <0.000145>
[pid 216] 14:57:06.552822 libssl.so.3->EVP_DigestVerify(0x57077c51a810, 0x57077c5fa798, 3309, 0x7ffc34669a20) = 1 <0.000251>
[pid 216] 14:57:06.553316 libssl.so.3->X509_verify_cert(0x57077c5edea0, 1, 1, 0) = 1 <0.000246>
[pid 216] 14:57:06.553919 libssl.so.3->EVP_DigestSignInit_ex(0x57077c60e6d0, 0x7ffc34669a00, 0, 0) = 1 <0.000158>
[pid 216] 14:57:06.554132 libssl.so.3->EVP_DigestSign(0x57077c60e6d0, 0, 0x7ffc34669a10, 0x7ffc34669a20) = 1 <0.000132>
[pid 216] 14:57:06.554312 libssl.so.3->EVP_DigestSign(0x57077c60e6d0, 0x57077c5edfc0, 0x7ffc34669a10, 0x7ffc34669a20) = 1 <0.000614>
[pid 216] 14:57:06.555140 <... SSL_connect resumed> ) = 1 <0.007804>
Handshake duration: 7.97 ms
[pid 216] 14:57:06.557290 +++ exited (status 0) +++
Execution 9 - TLS Mutual
s_connection: verify depth is 1
[pid 218] 14:57:06.613537 openssl->SSL_connect(0x5afdf13490e0, 0x5afdf131be50, 0x5afdf131be50, 0x76a6811f9360 <unfinished ...>
[pid 218] 14:57:06.614028 libssl.so.3->EVP_PKEY_keygen_init(0x5afdf134b7d0, 0, 176, 0x5afdf134b7d0) = 1 <0.000199>
[pid 218] 14:57:06.614302 libssl.so.3->EVP_PKEY_keygen(0x5afdf134b7d0, 0x7ffc9a07d330, 0, 103) = 1 <0.000525>
[pid 218] 14:57:06.616516 libssl.so.3->EVP_PKEY_derive_init(0x5afdf134b7d0, 0, 176, 0x5afdf134b7d0) = 1 <0.000208>
[pid 218] 14:57:06.616774 libssl.so.3->EVP_PKEY_derive_set_peer(0x5afdf134b7d0, 0x5afdf1348e20, 0, 0x5afdf1348b30) = 1 <0.000145>
[pid 218] 14:57:06.616954 libssl.so.3->EVP_PKEY_derive(0x5afdf134b7d0, 0, 0x7ffc9a07d2f0, 0) = 1 <0.000139>
[pid 218] 14:57:06.617156 libssl.so.3->EVP_PKEY_derive(0x5afdf134b7d0, 0x5afdf1348ec0, 0x7ffc9a07d2f0, 0x5afdf1348ec0) = 1 <0.000368>
[pid 218] 14:57:06.618252 libssl.so.3->X509_verify_cert(0x5afdf1340ea0, 0, 0x8000, 0xffffffff) = 1 <0.000509>
[pid 218] 14:57:06.618972 libssl.so.3->EVP_DigestVerifyInit_ex(0x5afdf126d810, 0x7ffc9a07d398, 0, 0) = 1 <0.000153>
[pid 218] 14:57:06.619173 libssl.so.3->EVP_DigestVerify(0x5afdf126d810, 0x5afdf134d798, 3309, 0x7ffc9a07d3a0) = 1 <0.000201>
[pid 218] 14:57:06.619594 libssl.so.3->X509_verify_cert(0x5afdf1340ea0, 1, 1, 0) = 1 <0.000239>
[pid 218] 14:57:06.620117 libssl.so.3->EVP_DigestSignInit_ex(0x5afdf13616d0, 0x7ffc9a07d380, 0, 0) = 1 <0.000141>
[pid 218] 14:57:06.620331 libssl.so.3->EVP_DigestSign(0x5afdf13616d0, 0, 0x7ffc9a07d390, 0x7ffc9a07d3a0) = 1 <0.000129>
[pid 218] 14:57:06.620504 libssl.so.3->EVP_DigestSign(0x5afdf13616d0, 0x5afdf1340fc0, 0x7ffc9a07d390, 0x7ffc9a07d3a0) = 1 <0.000289>
[pid 218] 14:57:06.621115 <... SSL_connect resumed> ) = 1 <0.007585>
Handshake duration: 7.76 ms
[pid 218] 14:57:06.623099 +++ exited (status 0) +++
Execution 10 - TLS Mutual
s_connection: verify depth is 1
[pid 220] 14:57:06.678866 openssl->SSL_connect(0x63cb0e1430e0, 0x63cb0e115e50, 0x63cb0e115e50, 0x7c4b2d749360 <unfinished ...>
[pid 220] 14:57:06.679265 libssl.so.3->EVP_PKEY_keygen_init(0x63cb0e1457d0, 0, 176, 0x63cb0e1457d0) = 1 <0.000179>
[pid 220] 14:57:06.679524 libssl.so.3->EVP_PKEY_keygen(0x63cb0e1457d0, 0x7ffc76a69980, 0, 103) = 1 <0.000484>
[pid 220] 14:57:06.681813 libssl.so.3->EVP_PKEY_derive_init(0x63cb0e1457d0, 0, 176, 0x63cb0e1457d0) = 1 <0.000225>
[pid 220] 14:57:06.682106 libssl.so.3->EVP_PKEY_derive_set_peer(0x63cb0e1457d0, 0x63cb0e142e20, 0, 0x63cb0e142b30) = 1 <0.000200>
[pid 220] 14:57:06.682370 libssl.so.3->EVP_PKEY_derive(0x63cb0e1457d0, 0, 0x7ffc76a69940, 0) = 1 <0.000147>
[pid 220] 14:57:06.682618 libssl.so.3->EVP_PKEY_derive(0x63cb0e1457d0, 0x63cb0e142ec0, 0x7ffc76a69940, 0x63cb0e142ec0) = 1 <0.000373>
[pid 220] 14:57:06.683738 libssl.so.3->X509_verify_cert(0x63cb0e13aea0, 0, 0x8000, 0xffffffff) = 1 <0.000488>
[pid 220] 14:57:06.684433 libssl.so.3->EVP_DigestVerifyInit_ex(0x63cb0e067810, 0x7ffc76a699e8, 0, 0) = 1 <0.000133>
[pid 220] 14:57:06.684630 libssl.so.3->EVP_DigestVerify(0x63cb0e067810, 0x63cb0e147798, 3309, 0x7ffc76a699f0) = 1 <0.000194>
[pid 220] 14:57:06.685020 libssl.so.3->X509_verify_cert(0x63cb0e13aea0, 1, 1, 0) = 1 <0.000218>
[pid 220] 14:57:06.685535 libssl.so.3->EVP_DigestSignInit_ex(0x63cb0e15b6d0, 0x7ffc76a699d0, 0, 0) = 1 <0.000179>
[pid 220] 14:57:06.685760 libssl.so.3->EVP_DigestSign(0x63cb0e15b6d0, 0, 0x7ffc76a699e0, 0x7ffc76a699f0) = 1 <0.000159>
[pid 220] 14:57:06.685962 libssl.so.3->EVP_DigestSign(0x63cb0e15b6d0, 0x63cb0e13afc0, 0x7ffc76a699e0, 0x7ffc76a699f0) = 1 <0.000496>
[pid 220] 14:57:06.686694 <... SSL_connect resumed> ) = 1 <0.007836>
Handshake duration: 8.00 ms
[pid 220] 14:57:06.688524 +++ exited (status 0) +++
Execution 11 - TLS Mutual
s_connection: verify depth is 1
[pid 222] 14:57:06.742932 openssl->SSL_connect(0x5baa184750e0, 0x5baa18447e50, 0x5baa18447e50, 0x753058c90360 <unfinished ...>
[pid 222] 14:57:06.743362 libssl.so.3->EVP_PKEY_keygen_init(0x5baa184777d0, 0, 176, 0x5baa184777d0) = 1 <0.000147>
[pid 222] 14:57:06.743558 libssl.so.3->EVP_PKEY_keygen(0x5baa184777d0, 0x7ffe6d764100, 0, 103) = 1 <0.000460>
[pid 222] 14:57:06.745646 libssl.so.3->EVP_PKEY_derive_init(0x5baa184777d0, 0, 176, 0x5baa184777d0) = 1 <0.000139>
[pid 222] 14:57:06.745827 libssl.so.3->EVP_PKEY_derive_set_peer(0x5baa184777d0, 0x5baa18474e20, 0, 0x5baa18474b30) = 1 <0.000117>
[pid 222] 14:57:06.745997 libssl.so.3->EVP_PKEY_derive(0x5baa184777d0, 0, 0x7ffe6d7640c0, 0) = 1 <0.000130>
[pid 222] 14:57:06.746212 libssl.so.3->EVP_PKEY_derive(0x5baa184777d0, 0x5baa18474ec0, 0x7ffe6d7640c0, 0x5baa18474ec0) = 1 <0.000374>
[pid 222] 14:57:06.747265 libssl.so.3->X509_verify_cert(0x5baa1846cea0, 0, 0x8000, 0xffffffff) = 1 <0.000489>
[pid 222] 14:57:06.747981 libssl.so.3->EVP_DigestVerifyInit_ex(0x5baa18399810, 0x7ffe6d764168, 0, 0) = 1 <0.000127>
[pid 222] 14:57:06.748153 libssl.so.3->EVP_DigestVerify(0x5baa18399810, 0x5baa18479798, 3309, 0x7ffe6d764170) = 1 <0.000214>
[pid 222] 14:57:06.748614 libssl.so.3->X509_verify_cert(0x5baa1846cea0, 1, 1, 0) = 1 <0.000233>
[pid 222] 14:57:06.749146 libssl.so.3->EVP_DigestSignInit_ex(0x5baa1848d6d0, 0x7ffe6d764150, 0, 0) = 1 <0.000139>
[pid 222] 14:57:06.749343 libssl.so.3->EVP_DigestSign(0x5baa1848d6d0, 0, 0x7ffe6d764160, 0x7ffe6d764170) = 1 <0.000142>
[pid 222] 14:57:06.749533 libssl.so.3->EVP_DigestSign(0x5baa1848d6d0, 0x5baa1846cfc0, 0x7ffe6d764160, 0x7ffe6d764170) = 1 <0.000302>
[pid 222] 14:57:06.750031 <... SSL_connect resumed> ) = 1 <0.007104>
Handshake duration: 7.26 ms
[pid 222] 14:57:06.751982 +++ exited (status 0) +++
Execution 12 - TLS Mutual
s_connection: verify depth is 1
[pid 224] 14:57:06.806888 openssl->SSL_connect(0x5a5dd7ef30e0, 0x5a5dd7ec5e50, 0x5a5dd7ec5e50, 0x7140152ac360 <unfinished ...>
[pid 224] 14:57:06.807393 libssl.so.3->EVP_PKEY_keygen_init(0x5a5dd7ef57d0, 0, 176, 0x5a5dd7ef57d0) = 1 <0.000225>
[pid 224] 14:57:06.807676 libssl.so.3->EVP_PKEY_keygen(0x5a5dd7ef57d0, 0x7ffd3b543620, 0, 103) = 1 <0.000511>
[pid 224] 14:57:06.811883 libssl.so.3->EVP_PKEY_derive_init(0x5a5dd7ef57d0, 0, 176, 0x5a5dd7ef57d0) = 1 <0.000196>
[pid 224] 14:57:06.812130 libssl.so.3->EVP_PKEY_derive_set_peer(0x5a5dd7ef57d0, 0x5a5dd7ef2e20, 0, 0x5a5dd7ef2b30) = 1 <0.000142>
[pid 224] 14:57:06.812334 libssl.so.3->EVP_PKEY_derive(0x5a5dd7ef57d0, 0, 0x7ffd3b5435e0, 0) = 1 <0.000126>
[pid 224] 14:57:06.812501 libssl.so.3->EVP_PKEY_derive(0x5a5dd7ef57d0, 0x5a5dd7ef2ec0, 0x7ffd3b5435e0, 0x5a5dd7ef2ec0) = 1 <0.000336>
[pid 224] 14:57:06.813542 libssl.so.3->X509_verify_cert(0x5a5dd7eeaea0, 0, 0x8000, 0xffffffff) = 1 <0.000502>
[pid 224] 14:57:06.814232 libssl.so.3->EVP_DigestVerifyInit_ex(0x5a5dd7e17810, 0x7ffd3b543688, 0, 0) = 1 <0.000132>
[pid 224] 14:57:06.814433 libssl.so.3->EVP_DigestVerify(0x5a5dd7e17810, 0x5a5dd7ef7798, 3309, 0x7ffd3b543690) = 1 <0.000254>
[pid 224] 14:57:06.814952 libssl.so.3->X509_verify_cert(0x5a5dd7eeaea0, 1, 1, 0) = 1 <0.000229>
[pid 224] 14:57:06.815499 libssl.so.3->EVP_DigestSignInit_ex(0x5a5dd7f0b6d0, 0x7ffd3b543670, 0, 0) = 1 <0.000150>
[pid 224] 14:57:06.815693 libssl.so.3->EVP_DigestSign(0x5a5dd7f0b6d0, 0, 0x7ffd3b543680, 0x7ffd3b543690) = 1 <0.000131>
[pid 224] 14:57:06.815862 libssl.so.3->EVP_DigestSign(0x5a5dd7f0b6d0, 0x5a5dd7eeafc0, 0x7ffd3b543680, 0x7ffd3b543690) = 1 <0.000373>
[pid 224] 14:57:06.816448 <... SSL_connect resumed> ) = 1 <0.009567>
Handshake duration: 9.73 ms
[pid 224] 14:57:06.818529 +++ exited (status 0) +++
Execution 13 - TLS Mutual
s_connection: verify depth is 1
[pid 226] 14:57:06.873223 openssl->SSL_connect(0x5c4f7d3b10e0, 0x5c4f7d383e50, 0x5c4f7d383e50, 0x7d1de9f17360 <unfinished ...>
[pid 226] 14:57:06.873659 libssl.so.3->EVP_PKEY_keygen_init(0x5c4f7d3b37d0, 0, 176, 0x5c4f7d3b37d0) = 1 <0.000212>
[pid 226] 14:57:06.873943 libssl.so.3->EVP_PKEY_keygen(0x5c4f7d3b37d0, 0x7ffebc6ed640, 0, 103) = 1 <0.000493>
[pid 226] 14:57:06.876184 libssl.so.3->EVP_PKEY_derive_init(0x5c4f7d3b37d0, 0, 176, 0x5c4f7d3b37d0) = 1 <0.000154>
[pid 226] 14:57:06.876381 libssl.so.3->EVP_PKEY_derive_set_peer(0x5c4f7d3b37d0, 0x5c4f7d3b0e20, 0, 0x5c4f7d3b0b30) = 1 <0.000124>
[pid 226] 14:57:06.876565 libssl.so.3->EVP_PKEY_derive(0x5c4f7d3b37d0, 0, 0x7ffebc6ed600, 0) = 1 <0.000159>
[pid 226] 14:57:06.876772 libssl.so.3->EVP_PKEY_derive(0x5c4f7d3b37d0, 0x5c4f7d3b0ec0, 0x7ffebc6ed600, 0x5c4f7d3b0ec0) = 1 <0.000326>
[pid 226] 14:57:06.877766 libssl.so.3->X509_verify_cert(0x5c4f7d3a8ea0, 0, 0x8000, 0xffffffff) = 1 <0.000521>
[pid 226] 14:57:06.878485 libssl.so.3->EVP_DigestVerifyInit_ex(0x5c4f7d2d5810, 0x7ffebc6ed6a8, 0, 0) = 1 <0.000176>
[pid 226] 14:57:06.878711 libssl.so.3->EVP_DigestVerify(0x5c4f7d2d5810, 0x5c4f7d3b5798, 3309, 0x7ffebc6ed6b0) = 1 <0.000224>
[pid 226] 14:57:06.879132 libssl.so.3->X509_verify_cert(0x5c4f7d3a8ea0, 1, 1, 0) = 1 <0.000211>
[pid 226] 14:57:06.879638 libssl.so.3->EVP_DigestSignInit_ex(0x5c4f7d3c96d0, 0x7ffebc6ed690, 0, 0) = 1 <0.000128>
[pid 226] 14:57:06.879813 libssl.so.3->EVP_DigestSign(0x5c4f7d3c96d0, 0, 0x7ffebc6ed6a0, 0x7ffebc6ed6b0) = 1 <0.000165>
[pid 226] 14:57:06.880025 libssl.so.3->EVP_DigestSign(0x5c4f7d3c96d0, 0x5c4f7d3a8fc0, 0x7ffebc6ed6a0, 0x7ffebc6ed6b0) = 1 <0.000330>
[pid 226] 14:57:06.880532 <... SSL_connect resumed> ) = 1 <0.007324>
Handshake duration: 7.50 ms
[pid 226] 14:57:06.882369 +++ exited (status 0) +++
Execution 14 - TLS Mutual
s_connection: verify depth is 1
[pid 228] 14:57:06.942032 openssl->SSL_connect(0x60571d9f00e0, 0x60571d9c2e50, 0x60571d9c2e50, 0x7f91843fb360 <unfinished ...>
[pid 228] 14:57:06.942544 libssl.so.3->EVP_PKEY_keygen_init(0x60571d9f27d0, 0, 176, 0x60571d9f27d0) = 1 <0.000198>
[pid 228] 14:57:06.942794 libssl.so.3->EVP_PKEY_keygen(0x60571d9f27d0, 0x7ffedac25810, 0, 103) = 1 <0.000470>
[pid 228] 14:57:06.945303 libssl.so.3->EVP_PKEY_derive_init(0x60571d9f27d0, 0, 176, 0x60571d9f27d0) = 1 <0.000177>
[pid 228] 14:57:06.945517 libssl.so.3->EVP_PKEY_derive_set_peer(0x60571d9f27d0, 0x60571d9efe20, 0, 0x60571d9efb30) = 1 <0.000136>
[pid 228] 14:57:06.945697 libssl.so.3->EVP_PKEY_derive(0x60571d9f27d0, 0, 0x7ffedac257d0, 0) = 1 <0.000117>
[pid 228] 14:57:06.945856 libssl.so.3->EVP_PKEY_derive(0x60571d9f27d0, 0x60571d9efec0, 0x7ffedac257d0, 0x60571d9efec0) = 1 <0.000336>
[pid 228] 14:57:06.946898 libssl.so.3->X509_verify_cert(0x60571d9e7ea0, 0, 0x8000, 0xffffffff) = 1 <0.000503>
[pid 228] 14:57:06.947614 libssl.so.3->EVP_DigestVerifyInit_ex(0x60571d914810, 0x7ffedac25878, 0, 0) = 1 <0.000131>
[pid 228] 14:57:06.947791 libssl.so.3->EVP_DigestVerify(0x60571d914810, 0x60571d9f4798, 3309, 0x7ffedac25880) = 1 <0.000197>
[pid 228] 14:57:06.948194 libssl.so.3->X509_verify_cert(0x60571d9e7ea0, 1, 1, 0) = 1 <0.000218>
[pid 228] 14:57:06.948724 libssl.so.3->EVP_DigestSignInit_ex(0x60571da086d0, 0x7ffedac25860, 0, 0) = 1 <0.000133>
[pid 228] 14:57:06.948905 libssl.so.3->EVP_DigestSign(0x60571da086d0, 0, 0x7ffedac25870, 0x7ffedac25880) = 1 <0.000121>
[pid 228] 14:57:06.949067 libssl.so.3->EVP_DigestSign(0x60571da086d0, 0x60571d9e7fc0, 0x7ffedac25870, 0x7ffedac25880) = 1 <0.000323>
[pid 228] 14:57:06.949614 <... SSL_connect resumed> ) = 1 <0.007593>
Handshake duration: 7.79 ms
[pid 228] 14:57:06.951726 +++ exited (status 0) +++
Execution 15 - TLS Mutual
s_connection: verify depth is 1
[pid 230] 14:57:07.008737 openssl->SSL_connect(0x5a732f7b90e0, 0x5a732f78be50, 0x5a732f78be50, 0x7e53348d8360 <unfinished ...>
[pid 230] 14:57:07.009150 libssl.so.3->EVP_PKEY_keygen_init(0x5a732f7bb7d0, 0, 176, 0x5a732f7bb7d0) = 1 <0.000194>
[pid 230] 14:57:07.009396 libssl.so.3->EVP_PKEY_keygen(0x5a732f7bb7d0, 0x7ffde7e6c240, 0, 103) = 1 <0.000458>
[pid 230] 14:57:07.011896 libssl.so.3->EVP_PKEY_derive_init(0x5a732f7bb7d0, 0, 176, 0x5a732f7bb7d0) = 1 <0.000184>
[pid 230] 14:57:07.012125 libssl.so.3->EVP_PKEY_derive_set_peer(0x5a732f7bb7d0, 0x5a732f7b8e20, 0, 0x5a732f7b8b30) = 1 <0.000106>
[pid 230] 14:57:07.012306 libssl.so.3->EVP_PKEY_derive(0x5a732f7bb7d0, 0, 0x7ffde7e6c200, 0) = 1 <0.000215>
[pid 230] 14:57:07.012574 libssl.so.3->EVP_PKEY_derive(0x5a732f7bb7d0, 0x5a732f7b8ec0, 0x7ffde7e6c200, 0x5a732f7b8ec0) = 1 <0.000364>
[pid 230] 14:57:07.013619 libssl.so.3->X509_verify_cert(0x5a732f7b0ea0, 0, 0x8000, 0xffffffff) = 1 <0.000478>
[pid 230] 14:57:07.014289 libssl.so.3->EVP_DigestVerifyInit_ex(0x5a732f6dd810, 0x7ffde7e6c2a8, 0, 0) = 1 <0.000135>
[pid 230] 14:57:07.014467 libssl.so.3->EVP_DigestVerify(0x5a732f6dd810, 0x5a732f7bd798, 3309, 0x7ffde7e6c2b0) = 1 <0.000199>
[pid 230] 14:57:07.014870 libssl.so.3->X509_verify_cert(0x5a732f7b0ea0, 1, 1, 0) = 1 <0.000216>
[pid 230] 14:57:07.015355 libssl.so.3->EVP_DigestSignInit_ex(0x5a732f7d16d0, 0x7ffde7e6c290, 0, 0) = 1 <0.000150>
[pid 230] 14:57:07.015560 libssl.so.3->EVP_DigestSign(0x5a732f7d16d0, 0, 0x7ffde7e6c2a0, 0x7ffde7e6c2b0) = 1 <0.000158>
[pid 230] 14:57:07.015793 libssl.so.3->EVP_DigestSign(0x5a732f7d16d0, 0x5a732f7b0fc0, 0x7ffde7e6c2a0, 0x7ffde7e6c2b0) = 1 <0.000481>
[pid 230] 14:57:07.016532 <... SSL_connect resumed> ) = 1 <0.007793>
Handshake duration: 8.00 ms
[pid 230] 14:57:07.018523 +++ exited (status 0) +++
Execution 16 - TLS Mutual
s_connection: verify depth is 1
[pid 232] 14:57:07.073470 openssl->SSL_connect(0x646a5aedc0e0, 0x646a5aeaee50, 0x646a5aeaee50, 0x730a14125360 <unfinished ...>
[pid 232] 14:57:07.073908 libssl.so.3->EVP_PKEY_keygen_init(0x646a5aede7d0, 0, 176, 0x646a5aede7d0) = 1 <0.000187>
[pid 232] 14:57:07.074170 libssl.so.3->EVP_PKEY_keygen(0x646a5aede7d0, 0x7ffe878277d0, 0, 103) = 1 <0.000470>
[pid 232] 14:57:07.076478 libssl.so.3->EVP_PKEY_derive_init(0x646a5aede7d0, 0, 176, 0x646a5aede7d0) = 1 <0.000274>
[pid 232] 14:57:07.076820 libssl.so.3->EVP_PKEY_derive_set_peer(0x646a5aede7d0, 0x646a5aedbe20, 0, 0x646a5aedbb30) = 1 <0.000163>
[pid 232] 14:57:07.077027 libssl.so.3->EVP_PKEY_derive(0x646a5aede7d0, 0, 0x7ffe87827790, 0) = 1 <0.000123>
[pid 232] 14:57:07.077209 libssl.so.3->EVP_PKEY_derive(0x646a5aede7d0, 0x646a5aedbec0, 0x7ffe87827790, 0x646a5aedbec0) = 1 <0.000359>
[pid 232] 14:57:07.078238 libssl.so.3->X509_verify_cert(0x646a5aed3ea0, 0, 0x8000, 0xffffffff) = 1 <0.000512>
[pid 232] 14:57:07.078953 libssl.so.3->EVP_DigestVerifyInit_ex(0x646a5ae00810, 0x7ffe87827838, 0, 0) = 1 <0.000162>
[pid 232] 14:57:07.079167 libssl.so.3->EVP_DigestVerify(0x646a5ae00810, 0x646a5aee0798, 3309, 0x7ffe87827840) = 1 <0.000243>
[pid 232] 14:57:07.079669 libssl.so.3->X509_verify_cert(0x646a5aed3ea0, 1, 1, 0) = 1 <0.000243>
[pid 232] 14:57:07.080199 libssl.so.3->EVP_DigestSignInit_ex(0x646a5aef46d0, 0x7ffe87827820, 0, 0) = 1 <0.000134>
[pid 232] 14:57:07.080386 libssl.so.3->EVP_DigestSign(0x646a5aef46d0, 0, 0x7ffe87827830, 0x7ffe87827840) = 1 <0.000144>
[pid 232] 14:57:07.080593 libssl.so.3->EVP_DigestSign(0x646a5aef46d0, 0x646a5aed3fc0, 0x7ffe87827830, 0x7ffe87827840) = 1 <0.000407>
[pid 232] 14:57:07.081202 <... SSL_connect resumed> ) = 1 <0.007740>
Handshake duration: 7.91 ms
[pid 232] 14:57:07.083195 +++ exited (status 0) +++
Execution 17 - TLS Mutual
s_connection: verify depth is 1
[pid 234] 14:57:07.138539 openssl->SSL_connect(0x62b87b7d70e0, 0x62b87b7a9e50, 0x62b87b7a9e50, 0x773e202de360 <unfinished ...>
[pid 234] 14:57:07.138963 libssl.so.3->EVP_PKEY_keygen_init(0x62b87b7d97d0, 0, 176, 0x62b87b7d97d0) = 1 <0.000154>
[pid 234] 14:57:07.139164 libssl.so.3->EVP_PKEY_keygen(0x62b87b7d97d0, 0x7ffe0dab4dc0, 0, 103) = 1 <0.000425>
[pid 234] 14:57:07.141216 libssl.so.3->EVP_PKEY_derive_init(0x62b87b7d97d0, 0, 176, 0x62b87b7d97d0) = 1 <0.000125>
[pid 234] 14:57:07.141382 libssl.so.3->EVP_PKEY_derive_set_peer(0x62b87b7d97d0, 0x62b87b7d6e20, 0, 0x62b87b7d6b30) = 1 <0.000110>
[pid 234] 14:57:07.141534 libssl.so.3->EVP_PKEY_derive(0x62b87b7d97d0, 0, 0x7ffe0dab4d80, 0) = 1 <0.000112>
[pid 234] 14:57:07.141688 libssl.so.3->EVP_PKEY_derive(0x62b87b7d97d0, 0x62b87b7d6ec0, 0x7ffe0dab4d80, 0x62b87b7d6ec0) = 1 <0.000305>
[pid 234] 14:57:07.142631 libssl.so.3->X509_verify_cert(0x62b87b7ceea0, 0, 0x8000, 0xffffffff) = 1 <0.000425>
[pid 234] 14:57:07.143234 libssl.so.3->EVP_DigestVerifyInit_ex(0x62b87b6fb810, 0x7ffe0dab4e28, 0, 0) = 1 <0.000150>
[pid 234] 14:57:07.143432 libssl.so.3->EVP_DigestVerify(0x62b87b6fb810, 0x62b87b7db798, 3309, 0x7ffe0dab4e30) = 1 <0.000243>
[pid 234] 14:57:07.143868 libssl.so.3->X509_verify_cert(0x62b87b7ceea0, 1, 1, 0) = 1 <0.000212>
[pid 234] 14:57:07.144369 libssl.so.3->EVP_DigestSignInit_ex(0x62b87b7ef6d0, 0x7ffe0dab4e10, 0, 0) = 1 <0.000144>
[pid 234] 14:57:07.144563 libssl.so.3->EVP_DigestSign(0x62b87b7ef6d0, 0, 0x7ffe0dab4e20, 0x7ffe0dab4e30) = 1 <0.000185>
[pid 234] 14:57:07.144812 libssl.so.3->EVP_DigestSign(0x62b87b7ef6d0, 0x62b87b7cefc0, 0x7ffe0dab4e20, 0x7ffe0dab4e30) = 1 <0.000411>
[pid 234] 14:57:07.145454 <... SSL_connect resumed> ) = 1 <0.006913>
Handshake duration: 7.09 ms
[pid 234] 14:57:07.147433 +++ exited (status 0) +++
Execution 18 - TLS Mutual
s_connection: verify depth is 1
[pid 236] 14:57:07.205436 openssl->SSL_connect(0x604d041290e0, 0x604d040fbe50, 0x604d040fbe50, 0x7a2e8c340360 <unfinished ...>
[pid 236] 14:57:07.205912 libssl.so.3->EVP_PKEY_keygen_init(0x604d0412b7d0, 0, 176, 0x604d0412b7d0) = 1 <0.000155>
[pid 236] 14:57:07.206113 libssl.so.3->EVP_PKEY_keygen(0x604d0412b7d0, 0x7ffc3a196960, 0, 103) = 1 <0.000712>
[pid 236] 14:57:07.208628 libssl.so.3->EVP_PKEY_derive_init(0x604d0412b7d0, 0, 176, 0x604d0412b7d0) = 1 <0.000119>
[pid 236] 14:57:07.208805 libssl.so.3->EVP_PKEY_derive_set_peer(0x604d0412b7d0, 0x604d04128e20, 0, 0x604d04128b30) = 1 <0.000133>
[pid 236] 14:57:07.208978 libssl.so.3->EVP_PKEY_derive(0x604d0412b7d0, 0, 0x7ffc3a196920, 0) = 1 <0.000098>
[pid 236] 14:57:07.209188 libssl.so.3->EVP_PKEY_derive(0x604d0412b7d0, 0x604d04128ec0, 0x7ffc3a196920, 0x604d04128ec0) = 1 <0.000354>
[pid 236] 14:57:07.210170 libssl.so.3->X509_verify_cert(0x604d04120ea0, 0, 0x8000, 0xffffffff) = 1 <0.000472>
[pid 236] 14:57:07.210856 libssl.so.3->EVP_DigestVerifyInit_ex(0x604d0404d810, 0x7ffc3a1969c8, 0, 0) = 1 <0.000136>
[pid 236] 14:57:07.211035 libssl.so.3->EVP_DigestVerify(0x604d0404d810, 0x604d0412d798, 3309, 0x7ffc3a1969d0) = 1 <0.000165>
[pid 236] 14:57:07.211469 libssl.so.3->X509_verify_cert(0x604d04120ea0, 1, 1, 0) = 1 <0.000275>
[pid 236] 14:57:07.212065 libssl.so.3->EVP_DigestSignInit_ex(0x604d041416d0, 0x7ffc3a1969b0, 0, 0) = 1 <0.000183>
[pid 236] 14:57:07.212305 libssl.so.3->EVP_DigestSign(0x604d041416d0, 0, 0x7ffc3a1969c0, 0x7ffc3a1969d0) = 1 <0.000151>
[pid 236] 14:57:07.212506 libssl.so.3->EVP_DigestSign(0x604d041416d0, 0x604d04120fc0, 0x7ffc3a1969c0, 0x7ffc3a1969d0) = 1 <0.000372>
[pid 236] 14:57:07.213077 <... SSL_connect resumed> ) = 1 <0.007650>
Handshake duration: 7.82 ms
[pid 236] 14:57:07.214979 +++ exited (status 0) +++
Execution 19 - TLS Mutual
s_connection: verify depth is 1
[pid 238] 14:57:07.271059 openssl->SSL_connect(0x56a410e650e0, 0x56a410e37e50, 0x56a410e37e50, 0x7cf34bd9f360 <unfinished ...>
[pid 238] 14:57:07.271497 libssl.so.3->EVP_PKEY_keygen_init(0x56a410e677d0, 0, 176, 0x56a410e677d0) = 1 <0.000198>
[pid 238] 14:57:07.271738 libssl.so.3->EVP_PKEY_keygen(0x56a410e677d0, 0x7ffeab0de3a0, 0, 103) = 1 <0.000436>
[pid 238] 14:57:07.273868 libssl.so.3->EVP_PKEY_derive_init(0x56a410e677d0, 0, 176, 0x56a410e677d0) = 1 <0.000137>
[pid 238] 14:57:07.274080 libssl.so.3->EVP_PKEY_derive_set_peer(0x56a410e677d0, 0x56a410e64e20, 0, 0x56a410e64b30) = 1 <0.000122>
[pid 238] 14:57:07.274252 libssl.so.3->EVP_PKEY_derive(0x56a410e677d0, 0, 0x7ffeab0de360, 0) = 1 <0.000119>
[pid 238] 14:57:07.274416 libssl.so.3->EVP_PKEY_derive(0x56a410e677d0, 0x56a410e64ec0, 0x7ffeab0de360, 0x56a410e64ec0) = 1 <0.000357>
[pid 238] 14:57:07.275396 libssl.so.3->X509_verify_cert(0x56a410e5cea0, 0, 0x8000, 0xffffffff) = 1 <0.000471>
[pid 238] 14:57:07.276053 libssl.so.3->EVP_DigestVerifyInit_ex(0x56a410d89810, 0x7ffeab0de408, 0, 0) = 1 <0.000135>
[pid 238] 14:57:07.276230 libssl.so.3->EVP_DigestVerify(0x56a410d89810, 0x56a410e69798, 3309, 0x7ffeab0de410) = 1 <0.000178>
[pid 238] 14:57:07.276619 libssl.so.3->X509_verify_cert(0x56a410e5cea0, 1, 1, 0) = 1 <0.000203>
[pid 238] 14:57:07.277128 libssl.so.3->EVP_DigestSignInit_ex(0x56a410e7d6d0, 0x7ffeab0de3f0, 0, 0) = 1 <0.000118>
[pid 238] 14:57:07.277287 libssl.so.3->EVP_DigestSign(0x56a410e7d6d0, 0, 0x7ffeab0de400, 0x7ffeab0de410) = 1 <0.000120>
[pid 238] 14:57:07.277451 libssl.so.3->EVP_DigestSign(0x56a410e7d6d0, 0x56a410e5cfc0, 0x7ffeab0de400, 0x7ffeab0de410) = 1 <0.000384>
[pid 238] 14:57:07.278019 <... SSL_connect resumed> ) = 1 <0.006966>
Handshake duration: 7.11 ms
[pid 238] 14:57:07.279993 +++ exited (status 0) +++
Execution 20 - TLS Mutual
s_connection: verify depth is 1
[pid 240] 14:57:07.336476 openssl->SSL_connect(0x6035c3a780e0, 0x6035c3a4ae50, 0x6035c3a4ae50, 0x7ffaecd63360 <unfinished ...>
[pid 240] 14:57:07.336947 libssl.so.3->EVP_PKEY_keygen_init(0x6035c3a7a7d0, 0, 176, 0x6035c3a7a7d0) = 1 <0.000201>
[pid 240] 14:57:07.337201 libssl.so.3->EVP_PKEY_keygen(0x6035c3a7a7d0, 0x7ffd6b2c4cb0, 0, 103) = 1 <0.000524>
[pid 240] 14:57:07.339565 libssl.so.3->EVP_PKEY_derive_init(0x6035c3a7a7d0, 0, 176, 0x6035c3a7a7d0) = 1 <0.000182>
[pid 240] 14:57:07.339804 libssl.so.3->EVP_PKEY_derive_set_peer(0x6035c3a7a7d0, 0x6035c3a77e20, 0, 0x6035c3a77b30) = 1 <0.000135>
[pid 240] 14:57:07.339986 libssl.so.3->EVP_PKEY_derive(0x6035c3a7a7d0, 0, 0x7ffd6b2c4c70, 0) = 1 <0.000149>
[pid 240] 14:57:07.340198 libssl.so.3->EVP_PKEY_derive(0x6035c3a7a7d0, 0x6035c3a77ec0, 0x7ffd6b2c4c70, 0x6035c3a77ec0) = 1 <0.000365>
[pid 240] 14:57:07.341283 libssl.so.3->X509_verify_cert(0x6035c3a6fea0, 0, 0x8000, 0xffffffff) = 1 <0.000501>
[pid 240] 14:57:07.341986 libssl.so.3->EVP_DigestVerifyInit_ex(0x6035c399c810, 0x7ffd6b2c4d18, 0, 0) = 1 <0.000149>
[pid 240] 14:57:07.342180 libssl.so.3->EVP_DigestVerify(0x6035c399c810, 0x6035c3a7c798, 3309, 0x7ffd6b2c4d20) = 1 <0.000209>
[pid 240] 14:57:07.342615 libssl.so.3->X509_verify_cert(0x6035c3a6fea0, 1, 1, 0) = 1 <0.000239>
[pid 240] 14:57:07.343164 libssl.so.3->EVP_DigestSignInit_ex(0x6035c3a906d0, 0x7ffd6b2c4d00, 0, 0) = 1 <0.000161>
[pid 240] 14:57:07.343373 libssl.so.3->EVP_DigestSign(0x6035c3a906d0, 0, 0x7ffd6b2c4d10, 0x7ffd6b2c4d20) = 1 <0.000198>
[pid 240] 14:57:07.343647 libssl.so.3->EVP_DigestSign(0x6035c3a906d0, 0x6035c3a6ffc0, 0x7ffd6b2c4d10, 0x7ffd6b2c4d20) = 1 <0.000391>
[pid 240] 14:57:07.344237 <... SSL_connect resumed> ) = 1 <0.007772>
Handshake duration: 7.95 ms
[pid 240] 14:57:07.346332 +++ exited (status 0) +++
Execution 21 - TLS Mutual
s_connection: verify depth is 1
[pid 242] 14:57:07.408829 openssl->SSL_connect(0x5ab6889760e0, 0x5ab688948e50, 0x5ab688948e50, 0x7459bc45a360 <unfinished ...>
[pid 242] 14:57:07.409256 libssl.so.3->EVP_PKEY_keygen_init(0x5ab6889787d0, 0, 176, 0x5ab6889787d0) = 1 <0.000195>
[pid 242] 14:57:07.409509 libssl.so.3->EVP_PKEY_keygen(0x5ab6889787d0, 0x7ffd1efbebf0, 0, 103) = 1 <0.000492>
[pid 242] 14:57:07.411836 libssl.so.3->EVP_PKEY_derive_init(0x5ab6889787d0, 0, 176, 0x5ab6889787d0) = 1 <0.000203>
[pid 242] 14:57:07.412091 libssl.so.3->EVP_PKEY_derive_set_peer(0x5ab6889787d0, 0x5ab688975e20, 0, 0x5ab688975b30) = 1 <0.000128>
[pid 242] 14:57:07.412262 libssl.so.3->EVP_PKEY_derive(0x5ab6889787d0, 0, 0x7ffd1efbebb0, 0) = 1 <0.000110>
[pid 242] 14:57:07.412414 libssl.so.3->EVP_PKEY_derive(0x5ab6889787d0, 0x5ab688975ec0, 0x7ffd1efbebb0, 0x5ab688975ec0) = 1 <0.000375>
[pid 242] 14:57:07.413810 libssl.so.3->X509_verify_cert(0x5ab68896dea0, 0, 0x8000, 0xffffffff) = 1 <0.000544>
[pid 242] 14:57:07.414623 libssl.so.3->EVP_DigestVerifyInit_ex(0x5ab68889a810, 0x7ffd1efbec58, 0, 0) = 1 <0.000271>
[pid 242] 14:57:07.414981 libssl.so.3->EVP_DigestVerify(0x5ab68889a810, 0x5ab68897a798, 3309, 0x7ffd1efbec60) = 1 <0.000327>
[pid 242] 14:57:07.415810 libssl.so.3->X509_verify_cert(0x5ab68896dea0, 1, 1, 0) = 1 <0.000338>
[pid 242] 14:57:07.416580 libssl.so.3->EVP_DigestSignInit_ex(0x5ab68898e6d0, 0x7ffd1efbec40, 0, 0) = 1 <0.000244>
[pid 242] 14:57:07.416893 libssl.so.3->EVP_DigestSign(0x5ab68898e6d0, 0, 0x7ffd1efbec50, 0x7ffd1efbec60) = 1 <0.000161>
[pid 242] 14:57:07.417110 libssl.so.3->EVP_DigestSign(0x5ab68898e6d0, 0x5ab68896dfc0, 0x7ffd1efbec50, 0x7ffd1efbec60) = 1 <0.000462>
[pid 242] 14:57:07.417830 <... SSL_connect resumed> ) = 1 <0.009009>
Handshake duration: 9.29 ms
[pid 242] 14:57:07.420431 +++ exited (status 0) +++
Execution 22 - TLS Mutual
s_connection: verify depth is 1
[pid 244] 14:57:07.477536 openssl->SSL_connect(0x5e11180110e0, 0x5e1117fe3e50, 0x5e1117fe3e50, 0x7e537d381360 <unfinished ...>
[pid 244] 14:57:07.477983 libssl.so.3->EVP_PKEY_keygen_init(0x5e11180137d0, 0, 176, 0x5e11180137d0) = 1 <0.000173>
[pid 244] 14:57:07.478210 libssl.so.3->EVP_PKEY_keygen(0x5e11180137d0, 0x7fffba774340, 0, 103) = 1 <0.000463>
[pid 244] 14:57:07.480534 libssl.so.3->EVP_PKEY_derive_init(0x5e11180137d0, 0, 176, 0x5e11180137d0) = 1 <0.000198>
[pid 244] 14:57:07.480787 libssl.so.3->EVP_PKEY_derive_set_peer(0x5e11180137d0, 0x5e1118010e20, 0, 0x5e1118010b30) = 1 <0.000130>
[pid 244] 14:57:07.480980 libssl.so.3->EVP_PKEY_derive(0x5e11180137d0, 0, 0x7fffba774300, 0) = 1 <0.000133>
[pid 244] 14:57:07.481159 libssl.so.3->EVP_PKEY_derive(0x5e11180137d0, 0x5e1118010ec0, 0x7fffba774300, 0x5e1118010ec0) = 1 <0.000391>
[pid 244] 14:57:07.482260 libssl.so.3->X509_verify_cert(0x5e1118008ea0, 0, 0x8000, 0xffffffff) = 1 <0.000487>
[pid 244] 14:57:07.482948 libssl.so.3->EVP_DigestVerifyInit_ex(0x5e1117f35810, 0x7fffba7743a8, 0, 0) = 1 <0.000571>
[pid 244] 14:57:07.483602 libssl.so.3->EVP_DigestVerify(0x5e1117f35810, 0x5e1118015798, 3309, 0x7fffba7743b0) = 1 <0.000281>
[pid 244] 14:57:07.484162 libssl.so.3->X509_verify_cert(0x5e1118008ea0, 1, 1, 0) = 1 <0.000261>
[pid 244] 14:57:07.484751 libssl.so.3->EVP_DigestSignInit_ex(0x5e11180296d0, 0x7fffba774390, 0, 0) = 1 <0.000127>
[pid 244] 14:57:07.484921 libssl.so.3->EVP_DigestSign(0x5e11180296d0, 0, 0x7fffba7743a0, 0x7fffba7743b0) = 1 <0.000123>
[pid 244] 14:57:07.485089 libssl.so.3->EVP_DigestSign(0x5e11180296d0, 0x5e1118008fc0, 0x7fffba7743a0, 0x7fffba7743b0) = 1 <0.000289>
[pid 244] 14:57:07.485570 <... SSL_connect resumed> ) = 1 <0.008055>
Handshake duration: 8.23 ms
[pid 244] 14:57:07.487627 +++ exited (status 0) +++
Execution 23 - TLS Mutual
s_connection: verify depth is 1
[pid 246] 14:57:07.544820 openssl->SSL_connect(0x6260468020e0, 0x6260467d4e50, 0x6260467d4e50, 0x7abe81ea8360 <unfinished ...>
[pid 246] 14:57:07.545542 libssl.so.3->EVP_PKEY_keygen_init(0x6260468047d0, 0, 176, 0x6260468047d0) = 1 <0.000260>
[pid 246] 14:57:07.545891 libssl.so.3->EVP_PKEY_keygen(0x6260468047d0, 0x7ffeca4e9170, 0, 103) = 1 <0.000544>
[pid 246] 14:57:07.549226 libssl.so.3->EVP_PKEY_derive_init(0x6260468047d0, 0, 176, 0x6260468047d0) = 1 <0.000305>
[pid 246] 14:57:07.549644 libssl.so.3->EVP_PKEY_derive_set_peer(0x6260468047d0, 0x626046801e20, 0, 0x626046801b30) = 1 <0.000195>
[pid 246] 14:57:07.549912 libssl.so.3->EVP_PKEY_derive(0x6260468047d0, 0, 0x7ffeca4e9130, 0) = 1 <0.000189>
[pid 246] 14:57:07.550181 libssl.so.3->EVP_PKEY_derive(0x6260468047d0, 0x626046801ec0, 0x7ffeca4e9130, 0x626046801ec0) = 1 <0.000452>
[pid 246] 14:57:07.551599 libssl.so.3->X509_verify_cert(0x6260467f9ea0, 0, 0x8000, 0xffffffff) = 1 <0.000618>
[pid 246] 14:57:07.552460 libssl.so.3->EVP_DigestVerifyInit_ex(0x626046726810, 0x7ffeca4e91d8, 0, 0) = 1 <0.000224>
[pid 246] 14:57:07.552778 libssl.so.3->EVP_DigestVerify(0x626046726810, 0x626046806798, 3309, 0x7ffeca4e91e0) = 1 <0.000327>
[pid 246] 14:57:07.553422 libssl.so.3->X509_verify_cert(0x6260467f9ea0, 1, 1, 0) = 1 <0.000391>
[pid 246] 14:57:07.554257 libssl.so.3->EVP_DigestSignInit_ex(0x62604681a6d0, 0x7ffeca4e91c0, 0, 0) = 1 <0.000199>
[pid 246] 14:57:07.554536 libssl.so.3->EVP_DigestSign(0x62604681a6d0, 0, 0x7ffeca4e91d0, 0x7ffeca4e91e0) = 1 <0.000168>
[pid 246] 14:57:07.554759 libssl.so.3->EVP_DigestSign(0x62604681a6d0, 0x6260467f9fc0, 0x7ffeca4e91d0, 0x7ffeca4e91e0) = 1 <0.000409>
[pid 246] 14:57:07.555575 <... SSL_connect resumed> ) = 1 <0.010755>
Handshake duration: 11.05 ms
[pid 246] 14:57:07.558227 +++ exited (status 0) +++
Execution 24 - TLS Mutual
s_connection: verify depth is 1
[pid 248] 14:57:07.614364 openssl->SSL_connect(0x5bb36370e0e0, 0x5bb3636e0e50, 0x5bb3636e0e50, 0x79534b3da360 <unfinished ...>
[pid 248] 14:57:07.614829 libssl.so.3->EVP_PKEY_keygen_init(0x5bb3637107d0, 0, 176, 0x5bb3637107d0) = 1 <0.000192>
[pid 248] 14:57:07.615114 libssl.so.3->EVP_PKEY_keygen(0x5bb3637107d0, 0x7ffe6adfd9d0, 0, 103) = 1 <0.000535>
[pid 248] 14:57:07.617421 libssl.so.3->EVP_PKEY_derive_init(0x5bb3637107d0, 0, 176, 0x5bb3637107d0) = 1 <0.000203>
[pid 248] 14:57:07.617680 libssl.so.3->EVP_PKEY_derive_set_peer(0x5bb3637107d0, 0x5bb36370de20, 0, 0x5bb36370db30) = 1 <0.000167>
[pid 248] 14:57:07.617902 libssl.so.3->EVP_PKEY_derive(0x5bb3637107d0, 0, 0x7ffe6adfd990, 0) = 1 <0.000117>
[pid 248] 14:57:07.618080 libssl.so.3->EVP_PKEY_derive(0x5bb3637107d0, 0x5bb36370dec0, 0x7ffe6adfd990, 0x5bb36370dec0) = 1 <0.000342>
[pid 248] 14:57:07.619093 libssl.so.3->X509_verify_cert(0x5bb363705ea0, 0, 0x8000, 0xffffffff) = 1 <0.000530>
[pid 248] 14:57:07.619817 libssl.so.3->EVP_DigestVerifyInit_ex(0x5bb363632810, 0x7ffe6adfda38, 0, 0) = 1 <0.000153>
[pid 248] 14:57:07.620020 libssl.so.3->EVP_DigestVerify(0x5bb363632810, 0x5bb363712798, 3309, 0x7ffe6adfda40) = 1 <0.000288>
[pid 248] 14:57:07.620565 libssl.so.3->X509_verify_cert(0x5bb363705ea0, 1, 1, 0) = 1 <0.000284>
[pid 248] 14:57:07.621155 libssl.so.3->EVP_DigestSignInit_ex(0x5bb3637266d0, 0x7ffe6adfda20, 0, 0) = 1 <0.000182>
[pid 248] 14:57:07.621394 libssl.so.3->EVP_DigestSign(0x5bb3637266d0, 0, 0x7ffe6adfda30, 0x7ffe6adfda40) = 1 <0.000147>
[pid 248] 14:57:07.621600 libssl.so.3->EVP_DigestSign(0x5bb3637266d0, 0x5bb363705fc0, 0x7ffe6adfda30, 0x7ffe6adfda40) = 1 <0.000414>
[pid 248] 14:57:07.622244 <... SSL_connect resumed> ) = 1 <0.007887>
Handshake duration: 8.05 ms
[pid 248] 14:57:07.624299 +++ exited (status 0) +++
Execution 25 - TLS Mutual
s_connection: verify depth is 1
[pid 250] 14:57:07.681241 openssl->SSL_connect(0x567de0fb90e0, 0x567de0f8be50, 0x567de0f8be50, 0x728e492d7360 <unfinished ...>
[pid 250] 14:57:07.681733 libssl.so.3->EVP_PKEY_keygen_init(0x567de0fbb7d0, 0, 176, 0x567de0fbb7d0) = 1 <0.000199>
[pid 250] 14:57:07.681987 libssl.so.3->EVP_PKEY_keygen(0x567de0fbb7d0, 0x7fff96764570, 0, 103) = 1 <0.000438>
[pid 250] 14:57:07.684859 libssl.so.3->EVP_PKEY_derive_init(0x567de0fbb7d0, 0, 176, 0x567de0fbb7d0) = 1 <0.000203>
[pid 250] 14:57:07.685108 libssl.so.3->EVP_PKEY_derive_set_peer(0x567de0fbb7d0, 0x567de0fb8e20, 0, 0x567de0fb8b30) = 1 <0.000132>
[pid 250] 14:57:07.685315 libssl.so.3->EVP_PKEY_derive(0x567de0fbb7d0, 0, 0x7fff96764530, 0) = 1 <0.000137>
[pid 250] 14:57:07.685511 libssl.so.3->EVP_PKEY_derive(0x567de0fbb7d0, 0x567de0fb8ec0, 0x7fff96764530, 0x567de0fb8ec0) = 1 <0.000426>
[pid 250] 14:57:07.686740 libssl.so.3->X509_verify_cert(0x567de0fb0ea0, 0, 0x8000, 0xffffffff) = 1 <0.001001>
[pid 250] 14:57:07.688048 libssl.so.3->EVP_DigestVerifyInit_ex(0x567de0edd810, 0x7fff967645d8, 0, 0) = 1 <0.000194>
[pid 250] 14:57:07.688287 libssl.so.3->EVP_DigestVerify(0x567de0edd810, 0x567de0fbd798, 3309, 0x7fff967645e0) = 1 <0.000210>
[pid 250] 14:57:07.688768 libssl.so.3->X509_verify_cert(0x567de0fb0ea0, 1, 1, 0) = 1 <0.000227>
[pid 250] 14:57:07.689386 libssl.so.3->EVP_DigestSignInit_ex(0x567de0fd16d0, 0x7fff967645c0, 0, 0) = 1 <0.000249>
[pid 250] 14:57:07.689695 libssl.so.3->EVP_DigestSign(0x567de0fd16d0, 0, 0x7fff967645d0, 0x7fff967645e0) = 1 <0.000122>
[pid 250] 14:57:07.689861 libssl.so.3->EVP_DigestSign(0x567de0fd16d0, 0x567de0fb0fc0, 0x7fff967645d0, 0x7fff967645e0) = 1 <0.000375>
[pid 250] 14:57:07.690495 <... SSL_connect resumed> ) = 1 <0.009246>
Handshake duration: 9.52 ms
[pid 250] 14:57:07.693281 +++ exited (status 0) +++
Execution 26 - TLS Mutual
s_connection: verify depth is 1
[pid 252] 14:57:07.749908 openssl->SSL_connect(0x62619f1990e0, 0x62619f16be50, 0x62619f16be50, 0x757be31ed360 <unfinished ...>
[pid 252] 14:57:07.750503 libssl.so.3->EVP_PKEY_keygen_init(0x62619f19b7d0, 0, 176, 0x62619f19b7d0) = 1 <0.000244>
[pid 252] 14:57:07.750802 libssl.so.3->EVP_PKEY_keygen(0x62619f19b7d0, 0x7fff7f9b5e80, 0, 103) = 1 <0.000452>
[pid 252] 14:57:07.753040 libssl.so.3->EVP_PKEY_derive_init(0x62619f19b7d0, 0, 176, 0x62619f19b7d0) = 1 <0.000243>
[pid 252] 14:57:07.753314 libssl.so.3->EVP_PKEY_derive_set_peer(0x62619f19b7d0, 0x62619f198e20, 0, 0x62619f198b30) = 1 <0.000183>
[pid 252] 14:57:07.753565 libssl.so.3->EVP_PKEY_derive(0x62619f19b7d0, 0, 0x7fff7f9b5e40, 0) = 1 <0.000184>
[pid 252] 14:57:07.753798 libssl.so.3->EVP_PKEY_derive(0x62619f19b7d0, 0x62619f198ec0, 0x7fff7f9b5e40, 0x62619f198ec0) = 1 <0.000358>
[pid 252] 14:57:07.755072 libssl.so.3->X509_verify_cert(0x62619f190ea0, 0, 0x8000, 0xffffffff) = 1 <0.000536>
[pid 252] 14:57:07.755805 libssl.so.3->EVP_DigestVerifyInit_ex(0x62619f0bd810, 0x7fff7f9b5ee8, 0, 0) = 1 <0.000154>
[pid 252] 14:57:07.756027 libssl.so.3->EVP_DigestVerify(0x62619f0bd810, 0x62619f19d798, 3309, 0x7fff7f9b5ef0) = 1 <0.000280>
[pid 252] 14:57:07.756612 libssl.so.3->X509_verify_cert(0x62619f190ea0, 1, 1, 0) = 1 <0.000306>
[pid 252] 14:57:07.757325 libssl.so.3->EVP_DigestSignInit_ex(0x62619f1b16d0, 0x7fff7f9b5ed0, 0, 0) = 1 <0.000252>
[pid 252] 14:57:07.757668 libssl.so.3->EVP_DigestSign(0x62619f1b16d0, 0, 0x7fff7f9b5ee0, 0x7fff7f9b5ef0) = 1 <0.000179>
[pid 252] 14:57:07.757899 libssl.so.3->EVP_DigestSign(0x62619f1b16d0, 0x62619f190fc0, 0x7fff7f9b5ee0, 0x7fff7f9b5ef0) = 1 <0.000491>
[pid 252] 14:57:07.758673 <... SSL_connect resumed> ) = 1 <0.008771>
Handshake duration: 9.00 ms
[pid 252] 14:57:07.761111 +++ exited (status 0) +++
Execution 27 - TLS Mutual
s_connection: verify depth is 1
[pid 254] 14:57:07.825599 openssl->SSL_connect(0x599b436780e0, 0x599b4364ae50, 0x599b4364ae50, 0x7a58ab36c360 <unfinished ...>
[pid 254] 14:57:07.826039 libssl.so.3->EVP_PKEY_keygen_init(0x599b4367a7d0, 0, 176, 0x599b4367a7d0) = 1 <0.000183>
[pid 254] 14:57:07.826273 libssl.so.3->EVP_PKEY_keygen(0x599b4367a7d0, 0x7fff69bc7990, 0, 103) = 1 <0.000480>
[pid 254] 14:57:07.828475 libssl.so.3->EVP_PKEY_derive_init(0x599b4367a7d0, 0, 176, 0x599b4367a7d0) = 1 <0.000174>
[pid 254] 14:57:07.828704 libssl.so.3->EVP_PKEY_derive_set_peer(0x599b4367a7d0, 0x599b43677e20, 0, 0x599b43677b30) = 1 <0.000136>
[pid 254] 14:57:07.828889 libssl.so.3->EVP_PKEY_derive(0x599b4367a7d0, 0, 0x7fff69bc7950, 0) = 1 <0.000199>
[pid 254] 14:57:07.829143 libssl.so.3->EVP_PKEY_derive(0x599b4367a7d0, 0x599b43677ec0, 0x7fff69bc7950, 0x599b43677ec0) = 1 <0.000354>
[pid 254] 14:57:07.830167 libssl.so.3->X509_verify_cert(0x599b4366fea0, 0, 0x8000, 0xffffffff) = 1 <0.000516>
[pid 254] 14:57:07.830991 libssl.so.3->EVP_DigestVerifyInit_ex(0x599b4359c810, 0x7fff69bc79f8, 0, 0) = 1 <0.000190>
[pid 254] 14:57:07.831238 libssl.so.3->EVP_DigestVerify(0x599b4359c810, 0x599b4367c798, 3309, 0x7fff69bc7a00) = 1 <0.000255>
[pid 254] 14:57:07.831744 libssl.so.3->X509_verify_cert(0x599b4366fea0, 1, 1, 0) = 1 <0.000246>
[pid 254] 14:57:07.832352 libssl.so.3->EVP_DigestSignInit_ex(0x599b436906d0, 0x7fff69bc79e0, 0, 0) = 1 <0.000231>
[pid 254] 14:57:07.832647 libssl.so.3->EVP_DigestSign(0x599b436906d0, 0, 0x7fff69bc79f0, 0x7fff69bc7a00) = 1 <0.000144>
[pid 254] 14:57:07.832841 libssl.so.3->EVP_DigestSign(0x599b436906d0, 0x599b4366ffc0, 0x7fff69bc79f0, 0x7fff69bc7a00) = 1 <0.000387>
[pid 254] 14:57:07.833520 <... SSL_connect resumed> ) = 1 <0.007934>
Handshake duration: 8.16 ms
[pid 254] 14:57:07.836188 +++ exited (status 0) +++
Execution 28 - TLS Mutual
s_connection: verify depth is 1
[pid 256] 14:57:07.894154 openssl->SSL_connect(0x5689042c80e0, 0x56890429ae50, 0x56890429ae50, 0x7b98e1870360 <unfinished ...>
[pid 256] 14:57:07.894581 libssl.so.3->EVP_PKEY_keygen_init(0x5689042ca7d0, 0, 176, 0x5689042ca7d0) = 1 <0.000197>
[pid 256] 14:57:07.894856 libssl.so.3->EVP_PKEY_keygen(0x5689042ca7d0, 0x7ffffde27490, 0, 103) = 1 <0.000560>
[pid 256] 14:57:07.897549 libssl.so.3->EVP_PKEY_derive_init(0x5689042ca7d0, 0, 176, 0x5689042ca7d0) = 1 <0.000222>
[pid 256] 14:57:07.897815 libssl.so.3->EVP_PKEY_derive_set_peer(0x5689042ca7d0, 0x5689042c7e20, 0, 0x5689042c7b30) = 1 <0.000113>
[pid 256] 14:57:07.897977 libssl.so.3->EVP_PKEY_derive(0x5689042ca7d0, 0, 0x7ffffde27450, 0) = 1 <0.000136>
[pid 256] 14:57:07.898186 libssl.so.3->EVP_PKEY_derive(0x5689042ca7d0, 0x5689042c7ec0, 0x7ffffde27450, 0x5689042c7ec0) = 1 <0.000357>
[pid 256] 14:57:07.899326 libssl.so.3->X509_verify_cert(0x5689042bfea0, 0, 0x8000, 0xffffffff) = 1 <0.000556>
[pid 256] 14:57:07.900095 libssl.so.3->EVP_DigestVerifyInit_ex(0x5689041ec810, 0x7ffffde274f8, 0, 0) = 1 <0.000150>
[pid 256] 14:57:07.900297 libssl.so.3->EVP_DigestVerify(0x5689041ec810, 0x5689042cc798, 3309, 0x7ffffde27500) = 1 <0.000253>
[pid 256] 14:57:07.900792 libssl.so.3->X509_verify_cert(0x5689042bfea0, 1, 1, 0) = 1 <0.000277>
[pid 256] 14:57:07.901351 libssl.so.3->EVP_DigestSignInit_ex(0x5689042e06d0, 0x7ffffde274e0, 0, 0) = 1 <0.000135>
[pid 256] 14:57:07.901534 libssl.so.3->EVP_DigestSign(0x5689042e06d0, 0, 0x7ffffde274f0, 0x7ffffde27500) = 1 <0.000179>
[pid 256] 14:57:07.901784 libssl.so.3->EVP_DigestSign(0x5689042e06d0, 0x5689042bffc0, 0x7ffffde274f0, 0x7ffffde27500) = 1 <0.000764>
[pid 256] 14:57:07.902809 <... SSL_connect resumed> ) = 1 <0.008652>
Handshake duration: 8.95 ms
[pid 256] 14:57:07.905232 +++ exited (status 0) +++
Execution 29 - TLS Mutual
s_connection: verify depth is 1
[pid 258] 14:57:11.544623 openssl->SSL_connect(0x5d2b603480e0, 0x5d2b6031ae50, 0x5d2b6031ae50, 0x77f3d6578360 <unfinished ...>
[pid 258] 14:57:11.545069 libssl.so.3->EVP_PKEY_keygen_init(0x5d2b6034a7d0, 0, 176, 0x5d2b6034a7d0) = 1 <0.000207>
[pid 258] 14:57:11.545340 libssl.so.3->EVP_PKEY_keygen(0x5d2b6034a7d0, 0x7ffcc4297b20, 0, 103) = 1 <0.000479>
[pid 258] 14:57:11.547767 libssl.so.3->EVP_PKEY_derive_init(0x5d2b6034a7d0, 0, 176, 0x5d2b6034a7d0) = 1 <0.000252>
[pid 258] 14:57:11.548083 libssl.so.3->EVP_PKEY_derive_set_peer(0x5d2b6034a7d0, 0x5d2b60347e20, 0, 0x5d2b60347b30) = 1 <0.000170>
[pid 258] 14:57:11.548314 libssl.so.3->EVP_PKEY_derive(0x5d2b6034a7d0, 0, 0x7ffcc4297ae0, 0) = 1 <0.000188>
[pid 258] 14:57:11.548556 libssl.so.3->EVP_PKEY_derive(0x5d2b6034a7d0, 0x5d2b60347ec0, 0x7ffcc4297ae0, 0x5d2b60347ec0) = 1 <0.000397>
[pid 258] 14:57:11.549655 libssl.so.3->X509_verify_cert(0x5d2b6033fea0, 0, 0x8000, 0xffffffff) = 1 <0.000478>
[pid 258] 14:57:11.550323 libssl.so.3->EVP_DigestVerifyInit_ex(0x5d2b6026c810, 0x7ffcc4297b88, 0, 0) = 1 <0.000157>
[pid 258] 14:57:11.550561 libssl.so.3->EVP_DigestVerify(0x5d2b6026c810, 0x5d2b6034c798, 3309, 0x7ffcc4297b90) = 1 <0.000282>
[pid 258] 14:57:11.551071 libssl.so.3->X509_verify_cert(0x5d2b6033fea0, 1, 1, 0) = 1 <0.000269>
[pid 258] 14:57:11.551649 libssl.so.3->EVP_DigestSignInit_ex(0x5d2b603606d0, 0x7ffcc4297b70, 0, 0) = 1 <0.000199>
[pid 258] 14:57:11.551946 libssl.so.3->EVP_DigestSign(0x5d2b603606d0, 0, 0x7ffcc4297b80, 0x7ffcc4297b90) = 1 <0.000175>
[pid 258] 14:57:11.552179 libssl.so.3->EVP_DigestSign(0x5d2b603606d0, 0x5d2b6033ffc0, 0x7ffcc4297b80, 0x7ffcc4297b90) = 1 <0.000455>
[pid 258] 14:57:11.552988 <... SSL_connect resumed> ) = 1 <0.008369>
Handshake duration: 8.58 ms
[pid 258] 14:57:11.555228 +++ exited (status 0) +++
Execution 30 - TLS Mutual
s_connection: verify depth is 1
[pid 260] 14:57:11.611455 openssl->SSL_connect(0x55a5e3faf0e0, 0x55a5e3f81e50, 0x55a5e3f81e50, 0x7faf3b6cc360 <unfinished ...>
[pid 260] 14:57:11.611835 libssl.so.3->EVP_PKEY_keygen_init(0x55a5e3fb17d0, 0, 176, 0x55a5e3fb17d0) = 1 <0.000153>
[pid 260] 14:57:11.612039 libssl.so.3->EVP_PKEY_keygen(0x55a5e3fb17d0, 0x7ffcfa60ef10, 0, 103) = 1 <0.000490>
[pid 260] 14:57:11.614230 libssl.so.3->EVP_PKEY_derive_init(0x55a5e3fb17d0, 0, 176, 0x55a5e3fb17d0) = 1 <0.000244>
[pid 260] 14:57:11.614537 libssl.so.3->EVP_PKEY_derive_set_peer(0x55a5e3fb17d0, 0x55a5e3faee20, 0, 0x55a5e3faeb30) = 1 <0.000133>
[pid 260] 14:57:11.614715 libssl.so.3->EVP_PKEY_derive(0x55a5e3fb17d0, 0, 0x7ffcfa60eed0, 0) = 1 <0.000120>
[pid 260] 14:57:11.614880 libssl.so.3->EVP_PKEY_derive(0x55a5e3fb17d0, 0x55a5e3faeec0, 0x7ffcfa60eed0, 0x55a5e3faeec0) = 1 <0.000351>
[pid 260] 14:57:11.616019 libssl.so.3->X509_verify_cert(0x55a5e3fa6ea0, 0, 0x8000, 0xffffffff) = 1 <0.000519>
[pid 260] 14:57:11.616735 libssl.so.3->EVP_DigestVerifyInit_ex(0x55a5e3ed3810, 0x7ffcfa60ef78, 0, 0) = 1 <0.000137>
[pid 260] 14:57:11.616922 libssl.so.3->EVP_DigestVerify(0x55a5e3ed3810, 0x55a5e3fb3798, 3309, 0x7ffcfa60ef80) = 1 <0.000205>
[pid 260] 14:57:11.617492 libssl.so.3->X509_verify_cert(0x55a5e3fa6ea0, 1, 1, 0) = 1 <0.000238>
[pid 260] 14:57:11.618058 libssl.so.3->EVP_DigestSignInit_ex(0x55a5e3fc76d0, 0x7ffcfa60ef60, 0, 0) = 1 <0.000176>
[pid 260] 14:57:11.618285 libssl.so.3->EVP_DigestSign(0x55a5e3fc76d0, 0, 0x7ffcfa60ef70, 0x7ffcfa60ef80) = 1 <0.000111>
[pid 260] 14:57:11.618454 libssl.so.3->EVP_DigestSign(0x55a5e3fc76d0, 0x55a5e3fa6fc0, 0x7ffcfa60ef70, 0x7ffcfa60ef80) = 1 <0.000315>
[pid 260] 14:57:11.619007 <... SSL_connect resumed> ) = 1 <0.007558>
Handshake duration: 7.72 ms
[pid 260] 14:57:11.621118 +++ exited (status 0) +++
Execution 31 - TLS Mutual
s_connection: verify depth is 1
[pid 262] 14:57:11.674946 openssl->SSL_connect(0x576aceb7d0e0, 0x576aceb4fe50, 0x576aceb4fe50, 0x79c5e13d0360 <unfinished ...>
[pid 262] 14:57:11.675399 libssl.so.3->EVP_PKEY_keygen_init(0x576aceb7f7d0, 0, 176, 0x576aceb7f7d0) = 1 <0.000258>
[pid 262] 14:57:11.676031 libssl.so.3->EVP_PKEY_keygen(0x576aceb7f7d0, 0x7fff3431a910, 0, 103) = 1 <0.000609>
[pid 262] 14:57:11.678582 libssl.so.3->EVP_PKEY_derive_init(0x576aceb7f7d0, 0, 176, 0x576aceb7f7d0) = 1 <0.000215>
[pid 262] 14:57:11.678851 libssl.so.3->EVP_PKEY_derive_set_peer(0x576aceb7f7d0, 0x576aceb7ce20, 0, 0x576aceb7cb30) = 1 <0.000154>
[pid 262] 14:57:11.679049 libssl.so.3->EVP_PKEY_derive(0x576aceb7f7d0, 0, 0x7fff3431a8d0, 0) = 1 <0.000122>
[pid 262] 14:57:11.679247 libssl.so.3->EVP_PKEY_derive(0x576aceb7f7d0, 0x576aceb7cec0, 0x7fff3431a8d0, 0x576aceb7cec0) = 1 <0.000396>
[pid 262] 14:57:11.680316 libssl.so.3->X509_verify_cert(0x576aceb74ea0, 0, 0x8000, 0xffffffff) = 1 <0.000580>
[pid 262] 14:57:11.681148 libssl.so.3->EVP_DigestVerifyInit_ex(0x576aceaa1810, 0x7fff3431a978, 0, 0) = 1 <0.000401>
[pid 262] 14:57:11.681650 libssl.so.3->EVP_DigestVerify(0x576aceaa1810, 0x576aceb81798, 3309, 0x7fff3431a980) = 1 <0.000288>
[pid 262] 14:57:11.682185 libssl.so.3->X509_verify_cert(0x576aceb74ea0, 1, 1, 0) = 1 <0.000289>
[pid 262] 14:57:11.682836 libssl.so.3->EVP_DigestSignInit_ex(0x576aceb956d0, 0x7fff3431a960, 0, 0) = 1 <0.000172>
[pid 262] 14:57:11.683071 libssl.so.3->EVP_DigestSign(0x576aceb956d0, 0, 0x7fff3431a970, 0x7fff3431a980) = 1 <0.000173>
[pid 262] 14:57:11.683307 libssl.so.3->EVP_DigestSign(0x576aceb956d0, 0x576aceb74fc0, 0x7fff3431a970, 0x7fff3431a980) = 1 <0.000363>
[pid 262] 14:57:11.683944 <... SSL_connect resumed> ) = 1 <0.009003>
Handshake duration: 9.29 ms
[pid 262] 14:57:11.686508 +++ exited (status 0) +++
Execution 32 - TLS Mutual
s_connection: verify depth is 1
[pid 264] 14:57:11.743946 openssl->SSL_connect(0x5d68e9a620e0, 0x5d68e9a34e50, 0x5d68e9a34e50, 0x7888b2736360 <unfinished ...>
[pid 264] 14:57:11.744385 libssl.so.3->EVP_PKEY_keygen_init(0x5d68e9a647d0, 0, 176, 0x5d68e9a647d0) = 1 <0.000156>
[pid 264] 14:57:11.744616 libssl.so.3->EVP_PKEY_keygen(0x5d68e9a647d0, 0x7fffe52619b0, 0, 103) = 1 <0.000483>
[pid 264] 14:57:11.746819 libssl.so.3->EVP_PKEY_derive_init(0x5d68e9a647d0, 0, 176, 0x5d68e9a647d0) = 1 <0.000155>
[pid 264] 14:57:11.747015 libssl.so.3->EVP_PKEY_derive_set_peer(0x5d68e9a647d0, 0x5d68e9a61e20, 0, 0x5d68e9a61b30) = 1 <0.000104>
[pid 264] 14:57:11.747168 libssl.so.3->EVP_PKEY_derive(0x5d68e9a647d0, 0, 0x7fffe5261970, 0) = 1 <0.000123>
[pid 264] 14:57:11.747352 libssl.so.3->EVP_PKEY_derive(0x5d68e9a647d0, 0x5d68e9a61ec0, 0x7fffe5261970, 0x5d68e9a61ec0) = 1 <0.000375>
[pid 264] 14:57:11.748438 libssl.so.3->X509_verify_cert(0x5d68e9a59ea0, 0, 0x8000, 0xffffffff) = 1 <0.000489>
[pid 264] 14:57:11.749123 libssl.so.3->EVP_DigestVerifyInit_ex(0x5d68e9986810, 0x7fffe5261a18, 0, 0) = 1 <0.000140>
[pid 264] 14:57:11.749309 libssl.so.3->EVP_DigestVerify(0x5d68e9986810, 0x5d68e9a66798, 3309, 0x7fffe5261a20) = 1 <0.000220>
[pid 264] 14:57:11.749752 libssl.so.3->X509_verify_cert(0x5d68e9a59ea0, 1, 1, 0) = 1 <0.000231>
[pid 264] 14:57:11.750349 libssl.so.3->EVP_DigestSignInit_ex(0x5d68e9a7a6d0, 0x7fffe5261a00, 0, 0) = 1 <0.000189>
[pid 264] 14:57:11.750615 libssl.so.3->EVP_DigestSign(0x5d68e9a7a6d0, 0, 0x7fffe5261a10, 0x7fffe5261a20) = 1 <0.000164>
[pid 264] 14:57:11.750829 libssl.so.3->EVP_DigestSign(0x5d68e9a7a6d0, 0x5d68e9a59fc0, 0x7fffe5261a10, 0x7fffe5261a20) = 1 <0.000435>
[pid 264] 14:57:11.751506 <... SSL_connect resumed> ) = 1 <0.007568>
Handshake duration: 7.75 ms
[pid 264] 14:57:11.753817 +++ exited (status 0) +++
Execution 33 - TLS Mutual
s_connection: verify depth is 1
[pid 266] 14:57:11.815535 openssl->SSL_connect(0x55ad4990f0e0, 0x55ad498e1e50, 0x55ad498e1e50, 0x77932331a360 <unfinished ...>
[pid 266] 14:57:11.816146 libssl.so.3->EVP_PKEY_keygen_init(0x55ad499117d0, 0, 176, 0x55ad499117d0) = 1 <0.000245>
[pid 266] 14:57:11.816498 libssl.so.3->EVP_PKEY_keygen(0x55ad499117d0, 0x7ffcb12e29c0, 0, 103) = 1 <0.000615>
[pid 266] 14:57:11.820256 libssl.so.3->EVP_PKEY_derive_init(0x55ad499117d0, 0, 176, 0x55ad499117d0) = 1 <0.000345>
[pid 266] 14:57:11.820702 libssl.so.3->EVP_PKEY_derive_set_peer(0x55ad499117d0, 0x55ad4990ee20, 0, 0x55ad4990eb30) = 1 <0.000246>
[pid 266] 14:57:11.821034 libssl.so.3->EVP_PKEY_derive(0x55ad499117d0, 0, 0x7ffcb12e2980, 0) = 1 <0.000255>
[pid 266] 14:57:11.821343 libssl.so.3->EVP_PKEY_derive(0x55ad499117d0, 0x55ad4990eec0, 0x7ffcb12e2980, 0x55ad4990eec0) = 1 <0.000509>
[pid 266] 14:57:11.822951 libssl.so.3->X509_verify_cert(0x55ad49906ea0, 0, 0x8000, 0xffffffff) = 1 <0.000723>
[pid 266] 14:57:11.824031 libssl.so.3->EVP_DigestVerifyInit_ex(0x55ad49833810, 0x7ffcb12e2a28, 0, 0) = 1 <0.000253>
[pid 266] 14:57:11.824374 libssl.so.3->EVP_DigestVerify(0x55ad49833810, 0x55ad49913798, 3309, 0x7ffcb12e2a30) = 1 <0.000283>
[pid 266] 14:57:11.824904 libssl.so.3->X509_verify_cert(0x55ad49906ea0, 1, 1, 0) = 1 <0.000322>
[pid 266] 14:57:11.825610 libssl.so.3->EVP_DigestSignInit_ex(0x55ad499276d0, 0x7ffcb12e2a10, 0, 0) = 1 <0.000176>
[pid 266] 14:57:11.825852 libssl.so.3->EVP_DigestSign(0x55ad499276d0, 0, 0x7ffcb12e2a20, 0x7ffcb12e2a30) = 1 <0.000139>
[pid 266] 14:57:11.826099 libssl.so.3->EVP_DigestSign(0x55ad499276d0, 0x55ad49906fc0, 0x7ffcb12e2a20, 0x7ffcb12e2a30) = 1 <0.000577>
[pid 266] 14:57:11.826908 <... SSL_connect resumed> ) = 1 <0.011383>
Handshake duration: 11.59 ms
[pid 266] 14:57:11.829540 +++ exited (status 0) +++
Execution 34 - TLS Mutual
s_connection: verify depth is 1
[pid 268] 14:57:11.883261 openssl->SSL_connect(0x6208fba430e0, 0x6208fba15e50, 0x6208fba15e50, 0x78fb321d6360 <unfinished ...>
[pid 268] 14:57:11.883802 libssl.so.3->EVP_PKEY_keygen_init(0x6208fba457d0, 0, 176, 0x6208fba457d0) = 1 <0.000224>
[pid 268] 14:57:11.884105 libssl.so.3->EVP_PKEY_keygen(0x6208fba457d0, 0x7ffe4517fe80, 0, 103) = 1 <0.000505>
[pid 268] 14:57:11.886256 libssl.so.3->EVP_PKEY_derive_init(0x6208fba457d0, 0, 176, 0x6208fba457d0) = 1 <0.000172>
[pid 268] 14:57:11.886482 libssl.so.3->EVP_PKEY_derive_set_peer(0x6208fba457d0, 0x6208fba42e20, 0, 0x6208fba42b30) = 1 <0.000101>
[pid 268] 14:57:11.886624 libssl.so.3->EVP_PKEY_derive(0x6208fba457d0, 0, 0x7ffe4517fe40, 0) = 1 <0.000116>
[pid 268] 14:57:11.886786 libssl.so.3->EVP_PKEY_derive(0x6208fba457d0, 0x6208fba42ec0, 0x7ffe4517fe40, 0x6208fba42ec0) = 1 <0.000345>
[pid 268] 14:57:11.887849 libssl.so.3->X509_verify_cert(0x6208fba3aea0, 0, 0x8000, 0xffffffff) = 1 <0.000561>
[pid 268] 14:57:11.888623 libssl.so.3->EVP_DigestVerifyInit_ex(0x6208fb967810, 0x7ffe4517fee8, 0, 0) = 1 <0.000142>
[pid 268] 14:57:11.888821 libssl.so.3->EVP_DigestVerify(0x6208fb967810, 0x6208fba47798, 3309, 0x7ffe4517fef0) = 1 <0.000175>
[pid 268] 14:57:11.889193 libssl.so.3->X509_verify_cert(0x6208fba3aea0, 1, 1, 0) = 1 <0.000282>
[pid 268] 14:57:11.889803 libssl.so.3->EVP_DigestSignInit_ex(0x6208fba5b6d0, 0x7ffe4517fed0, 0, 0) = 1 <0.000138>
[pid 268] 14:57:11.889991 libssl.so.3->EVP_DigestSign(0x6208fba5b6d0, 0, 0x7ffe4517fee0, 0x7ffe4517fef0) = 1 <0.000145>
[pid 268] 14:57:11.890179 libssl.so.3->EVP_DigestSign(0x6208fba5b6d0, 0x6208fba3afc0, 0x7ffe4517fee0, 0x7ffe4517fef0) = 1 <0.000298>
[pid 268] 14:57:11.890672 <... SSL_connect resumed> ) = 1 <0.007410>
Handshake duration: 7.58 ms
[pid 268] 14:57:11.892542 +++ exited (status 0) +++
Execution 35 - TLS Mutual
s_connection: verify depth is 1
[pid 270] 14:57:11.949548 openssl->SSL_connect(0x632ce5b920e0, 0x632ce5b64e50, 0x632ce5b64e50, 0x73d6691e1360 <unfinished ...>
[pid 270] 14:57:11.950029 libssl.so.3->EVP_PKEY_keygen_init(0x632ce5b947d0, 0, 176, 0x632ce5b947d0) = 1 <0.000185>
[pid 270] 14:57:11.950281 libssl.so.3->EVP_PKEY_keygen(0x632ce5b947d0, 0x7fff3e4a5480, 0, 103) = 1 <0.000482>
[pid 270] 14:57:11.952625 libssl.so.3->EVP_PKEY_derive_init(0x632ce5b947d0, 0, 176, 0x632ce5b947d0) = 1 <0.000204>
[pid 270] 14:57:11.952879 libssl.so.3->EVP_PKEY_derive_set_peer(0x632ce5b947d0, 0x632ce5b91e20, 0, 0x632ce5b91b30) = 1 <0.000144>
[pid 270] 14:57:11.953112 libssl.so.3->EVP_PKEY_derive(0x632ce5b947d0, 0, 0x7fff3e4a5440, 0) = 1 <0.000164>
[pid 270] 14:57:11.953347 libssl.so.3->EVP_PKEY_derive(0x632ce5b947d0, 0x632ce5b91ec0, 0x7fff3e4a5440, 0x632ce5b91ec0) = 1 <0.000383>
[pid 270] 14:57:11.954433 libssl.so.3->X509_verify_cert(0x632ce5b89ea0, 0, 0x8000, 0xffffffff) = 1 <0.000547>
[pid 270] 14:57:11.955159 libssl.so.3->EVP_DigestVerifyInit_ex(0x632ce5ab6810, 0x7fff3e4a54e8, 0, 0) = 1 <0.000151>
[pid 270] 14:57:11.955363 libssl.so.3->EVP_DigestVerify(0x632ce5ab6810, 0x632ce5b96798, 3309, 0x7fff3e4a54f0) = 1 <0.000236>
[pid 270] 14:57:11.955857 libssl.so.3->X509_verify_cert(0x632ce5b89ea0, 1, 1, 0) = 1 <0.000276>
[pid 270] 14:57:11.956474 libssl.so.3->EVP_DigestSignInit_ex(0x632ce5baa6d0, 0x7fff3e4a54d0, 0, 0) = 1 <0.000196>
[pid 270] 14:57:11.956719 libssl.so.3->EVP_DigestSign(0x632ce5baa6d0, 0, 0x7fff3e4a54e0, 0x7fff3e4a54f0) = 1 <0.000132>
[pid 270] 14:57:11.956895 libssl.so.3->EVP_DigestSign(0x632ce5baa6d0, 0x632ce5b89fc0, 0x7fff3e4a54e0, 0x7fff3e4a54f0) = 1 <0.000352>
[pid 270] 14:57:11.957541 <... SSL_connect resumed> ) = 1 <0.007991>
Handshake duration: 8.24 ms
[pid 270] 14:57:11.959859 +++ exited (status 0) +++
Execution 36 - TLS Mutual
s_connection: verify depth is 1
[pid 272] 14:57:12.021474 openssl->SSL_connect(0x571fc84800e0, 0x571fc8452e50, 0x571fc8452e50, 0x74a6b8468360 <unfinished ...>
[pid 272] 14:57:12.022051 libssl.so.3->EVP_PKEY_keygen_init(0x571fc84827d0, 0, 176, 0x571fc84827d0) = 1 <0.000266>
[pid 272] 14:57:12.022402 libssl.so.3->EVP_PKEY_keygen(0x571fc84827d0, 0x7ffe9163f2e0, 0, 103) = 1 <0.000581>
[pid 272] 14:57:12.025173 libssl.so.3->EVP_PKEY_derive_init(0x571fc84827d0, 0, 176, 0x571fc84827d0) = 1 <0.000205>
[pid 272] 14:57:12.025483 libssl.so.3->EVP_PKEY_derive_set_peer(0x571fc84827d0, 0x571fc847fe20, 0, 0x571fc847fb30) = 1 <0.000214>
[pid 272] 14:57:12.025787 libssl.so.3->EVP_PKEY_derive(0x571fc84827d0, 0, 0x7ffe9163f2a0, 0) = 1 <0.000173>
[pid 272] 14:57:12.026010 libssl.so.3->EVP_PKEY_derive(0x571fc84827d0, 0x571fc847fec0, 0x7ffe9163f2a0, 0x571fc847fec0) = 1 <0.000394>
[pid 272] 14:57:12.027337 libssl.so.3->X509_verify_cert(0x571fc8477ea0, 0, 0x8000, 0xffffffff) = 1 <0.000633>
[pid 272] 14:57:12.028208 libssl.so.3->EVP_DigestVerifyInit_ex(0x571fc83a4810, 0x7ffe9163f348, 0, 0) = 1 <0.000192>
[pid 272] 14:57:12.028487 libssl.so.3->EVP_DigestVerify(0x571fc83a4810, 0x571fc8484798, 3309, 0x7ffe9163f350) = 1 <0.000265>
[pid 272] 14:57:12.029012 libssl.so.3->X509_verify_cert(0x571fc8477ea0, 1, 1, 0) = 1 <0.000315>
[pid 272] 14:57:12.029775 libssl.so.3->EVP_DigestSignInit_ex(0x571fc84986d0, 0x7ffe9163f330, 0, 0) = 1 <0.000195>
[pid 272] 14:57:12.030031 libssl.so.3->EVP_DigestSign(0x571fc84986d0, 0, 0x7ffe9163f340, 0x7ffe9163f350) = 1 <0.000139>
[pid 272] 14:57:12.030215 libssl.so.3->EVP_DigestSign(0x571fc84986d0, 0x571fc8477fc0, 0x7ffe9163f340, 0x7ffe9163f350) = 1 <0.000316>
[pid 272] 14:57:12.030739 <... SSL_connect resumed> ) = 1 <0.009285>
Handshake duration: 9.56 ms
[pid 272] 14:57:12.033059 +++ exited (status 0) +++
Execution 37 - TLS Mutual
s_connection: verify depth is 1
[pid 274] 14:57:12.087722 openssl->SSL_connect(0x601a8d1380e0, 0x601a8d10ae50, 0x601a8d10ae50, 0x72e186f29360 <unfinished ...>
[pid 274] 14:57:12.088184 libssl.so.3->EVP_PKEY_keygen_init(0x601a8d13a7d0, 0, 176, 0x601a8d13a7d0) = 1 <0.000192>
[pid 274] 14:57:12.088441 libssl.so.3->EVP_PKEY_keygen(0x601a8d13a7d0, 0x7ffdbcf9a240, 0, 103) = 1 <0.000525>
[pid 274] 14:57:12.090835 libssl.so.3->EVP_PKEY_derive_init(0x601a8d13a7d0, 0, 176, 0x601a8d13a7d0) = 1 <0.000159>
[pid 274] 14:57:12.091057 libssl.so.3->EVP_PKEY_derive_set_peer(0x601a8d13a7d0, 0x601a8d137e20, 0, 0x601a8d137b30) = 1 <0.000135>
[pid 274] 14:57:12.091233 libssl.so.3->EVP_PKEY_derive(0x601a8d13a7d0, 0, 0x7ffdbcf9a200, 0) = 1 <0.000142>
[pid 274] 14:57:12.091441 libssl.so.3->EVP_PKEY_derive(0x601a8d13a7d0, 0x601a8d137ec0, 0x7ffdbcf9a200, 0x601a8d137ec0) = 1 <0.000377>
[pid 274] 14:57:12.092479 libssl.so.3->X509_verify_cert(0x601a8d12fea0, 0, 0x8000, 0xffffffff) = 1 <0.000509>
[pid 274] 14:57:12.093190 libssl.so.3->EVP_DigestVerifyInit_ex(0x601a8d05c810, 0x7ffdbcf9a2a8, 0, 0) = 1 <0.000163>
[pid 274] 14:57:12.093411 libssl.so.3->EVP_DigestVerify(0x601a8d05c810, 0x601a8d13c798, 3309, 0x7ffdbcf9a2b0) = 1 <0.000258>
[pid 274] 14:57:12.093917 libssl.so.3->X509_verify_cert(0x601a8d12fea0, 1, 1, 0) = 1 <0.000249>
[pid 274] 14:57:12.094511 libssl.so.3->EVP_DigestSignInit_ex(0x601a8d1506d0, 0x7ffdbcf9a290, 0, 0) = 1 <0.000157>
[pid 274] 14:57:12.094713 libssl.so.3->EVP_DigestSign(0x601a8d1506d0, 0, 0x7ffdbcf9a2a0, 0x7ffdbcf9a2b0) = 1 <0.000140>
[pid 274] 14:57:12.094910 libssl.so.3->EVP_DigestSign(0x601a8d1506d0, 0x601a8d12ffc0, 0x7ffdbcf9a2a0, 0x7ffdbcf9a2b0) = 1 <0.000453>
[pid 274] 14:57:12.095613 <... SSL_connect resumed> ) = 1 <0.007893>
Handshake duration: 8.07 ms
[pid 274] 14:57:12.097686 +++ exited (status 0) +++
Execution 38 - TLS Mutual
s_connection: verify depth is 1
[pid 276] 14:57:12.154251 openssl->SSL_connect(0x63d5172690e0, 0x63d51723be50, 0x63d51723be50, 0x7783cee29360 <unfinished ...>
[pid 276] 14:57:12.154750 libssl.so.3->EVP_PKEY_keygen_init(0x63d51726b7d0, 0, 176, 0x63d51726b7d0) = 1 <0.000211>
[pid 276] 14:57:12.155019 libssl.so.3->EVP_PKEY_keygen(0x63d51726b7d0, 0x7ffda9427b40, 0, 103) = 1 <0.000503>
[pid 276] 14:57:12.157794 libssl.so.3->EVP_PKEY_derive_init(0x63d51726b7d0, 0, 176, 0x63d51726b7d0) = 1 <0.000251>
[pid 276] 14:57:12.158150 libssl.so.3->EVP_PKEY_derive_set_peer(0x63d51726b7d0, 0x63d517268e20, 0, 0x63d517268b30) = 1 <0.000156>
[pid 276] 14:57:12.158353 libssl.so.3->EVP_PKEY_derive(0x63d51726b7d0, 0, 0x7ffda9427b00, 0) = 1 <0.000210>
[pid 276] 14:57:12.158647 libssl.so.3->EVP_PKEY_derive(0x63d51726b7d0, 0x63d517268ec0, 0x7ffda9427b00, 0x63d517268ec0) = 1 <0.000411>
[pid 276] 14:57:12.160116 libssl.so.3->X509_verify_cert(0x63d517260ea0, 0, 0x8000, 0xffffffff) = 1 <0.000595>
[pid 276] 14:57:12.160959 libssl.so.3->EVP_DigestVerifyInit_ex(0x63d51718d810, 0x7ffda9427ba8, 0, 0) = 1 <0.000132>
[pid 276] 14:57:12.161142 libssl.so.3->EVP_DigestVerify(0x63d51718d810, 0x63d51726d798, 3309, 0x7ffda9427bb0) = 1 <0.000207>
[pid 276] 14:57:12.161574 libssl.so.3->X509_verify_cert(0x63d517260ea0, 1, 1, 0) = 1 <0.000212>
[pid 276] 14:57:12.162129 libssl.so.3->EVP_DigestSignInit_ex(0x63d5172816d0, 0x7ffda9427b90, 0, 0) = 1 <0.000142>
[pid 276] 14:57:12.162339 libssl.so.3->EVP_DigestSign(0x63d5172816d0, 0, 0x7ffda9427ba0, 0x7ffda9427bb0) = 1 <0.000179>
[pid 276] 14:57:12.162585 libssl.so.3->EVP_DigestSign(0x63d5172816d0, 0x63d517260fc0, 0x7ffda9427ba0, 0x7ffda9427bb0) = 1 <0.000420>
[pid 276] 14:57:12.163233 <... SSL_connect resumed> ) = 1 <0.008994>
Handshake duration: 9.19 ms
[pid 276] 14:57:12.165706 +++ exited (status 0) +++
Execution 39 - TLS Mutual
s_connection: verify depth is 1
[pid 278] 14:57:12.219661 openssl->SSL_connect(0x5f6dbd1d10e0, 0x5f6dbd1a3e50, 0x5f6dbd1a3e50, 0x745b0b077360 <unfinished ...>
[pid 278] 14:57:12.220054 libssl.so.3->EVP_PKEY_keygen_init(0x5f6dbd1d37d0, 0, 176, 0x5f6dbd1d37d0) = 1 <0.000129>
[pid 278] 14:57:12.220227 libssl.so.3->EVP_PKEY_keygen(0x5f6dbd1d37d0, 0x7ffcbae85da0, 0, 103) = 1 <0.000443>
[pid 278] 14:57:12.222442 libssl.so.3->EVP_PKEY_derive_init(0x5f6dbd1d37d0, 0, 176, 0x5f6dbd1d37d0) = 1 <0.000196>
[pid 278] 14:57:12.222671 libssl.so.3->EVP_PKEY_derive_set_peer(0x5f6dbd1d37d0, 0x5f6dbd1d0e20, 0, 0x5f6dbd1d0b30) = 1 <0.000113>
[pid 278] 14:57:12.222829 libssl.so.3->EVP_PKEY_derive(0x5f6dbd1d37d0, 0, 0x7ffcbae85d60, 0) = 1 <0.000114>
[pid 278] 14:57:12.222988 libssl.so.3->EVP_PKEY_derive(0x5f6dbd1d37d0, 0x5f6dbd1d0ec0, 0x7ffcbae85d60, 0x5f6dbd1d0ec0) = 1 <0.000314>
[pid 278] 14:57:12.223958 libssl.so.3->X509_verify_cert(0x5f6dbd1c8ea0, 0, 0x8000, 0xffffffff) = 1 <0.000460>
[pid 278] 14:57:12.224618 libssl.so.3->EVP_DigestVerifyInit_ex(0x5f6dbd0f5810, 0x7ffcbae85e08, 0, 0) = 1 <0.000124>
[pid 278] 14:57:12.224785 libssl.so.3->EVP_DigestVerify(0x5f6dbd0f5810, 0x5f6dbd1d5798, 3309, 0x7ffcbae85e10) = 1 <0.000176>
[pid 278] 14:57:12.225207 libssl.so.3->X509_verify_cert(0x5f6dbd1c8ea0, 1, 1, 0) = 1 <0.000289>
[pid 278] 14:57:12.225797 libssl.so.3->EVP_DigestSignInit_ex(0x5f6dbd1e96d0, 0x7ffcbae85df0, 0, 0) = 1 <0.000128>
[pid 278] 14:57:12.225961 libssl.so.3->EVP_DigestSign(0x5f6dbd1e96d0, 0, 0x7ffcbae85e00, 0x7ffcbae85e10) = 1 <0.000099>
[pid 278] 14:57:12.226109 libssl.so.3->EVP_DigestSign(0x5f6dbd1e96d0, 0x5f6dbd1c8fc0, 0x7ffcbae85e00, 0x7ffcbae85e10) = 1 <0.000383>
[pid 278] 14:57:12.226672 <... SSL_connect resumed> ) = 1 <0.007018>
Handshake duration: 7.17 ms
[pid 278] 14:57:12.228789 +++ exited (status 0) +++
Execution 40 - TLS Mutual
s_connection: verify depth is 1
[pid 280] 14:57:12.288386 openssl->SSL_connect(0x63148bba30e0, 0x63148bb75e50, 0x63148bb75e50, 0x71d999976360 <unfinished ...>
[pid 280] 14:57:12.288973 libssl.so.3->EVP_PKEY_keygen_init(0x63148bba57d0, 0, 176, 0x63148bba57d0) = 1 <0.000234>
[pid 280] 14:57:12.289274 libssl.so.3->EVP_PKEY_keygen(0x63148bba57d0, 0x7fff9fef89a0, 0, 103) = 1 <0.000554>
[pid 280] 14:57:12.291770 libssl.so.3->EVP_PKEY_derive_init(0x63148bba57d0, 0, 176, 0x63148bba57d0) = 1 <0.000173>
[pid 280] 14:57:12.292040 libssl.so.3->EVP_PKEY_derive_set_peer(0x63148bba57d0, 0x63148bba2e20, 0, 0x63148bba2b30) = 1 <0.000123>
[pid 280] 14:57:12.292207 libssl.so.3->EVP_PKEY_derive(0x63148bba57d0, 0, 0x7fff9fef8960, 0) = 1 <0.000114>
[pid 280] 14:57:12.292363 libssl.so.3->EVP_PKEY_derive(0x63148bba57d0, 0x63148bba2ec0, 0x7fff9fef8960, 0x63148bba2ec0) = 1 <0.000345>
[pid 280] 14:57:12.293439 libssl.so.3->X509_verify_cert(0x63148bb9aea0, 0, 0x8000, 0xffffffff) = 1 <0.000518>
[pid 280] 14:57:12.294123 libssl.so.3->EVP_DigestVerifyInit_ex(0x63148bac7810, 0x7fff9fef8a08, 0, 0) = 1 <0.000127>
[pid 280] 14:57:12.294292 libssl.so.3->EVP_DigestVerify(0x63148bac7810, 0x63148bba7798, 3309, 0x7fff9fef8a10) = 1 <0.000210>
[pid 280] 14:57:12.294712 libssl.so.3->X509_verify_cert(0x63148bb9aea0, 1, 1, 0) = 1 <0.000214>
[pid 280] 14:57:12.295261 libssl.so.3->EVP_DigestSignInit_ex(0x63148bbbb6d0, 0x7fff9fef89f0, 0, 0) = 1 <0.000140>
[pid 280] 14:57:12.295503 libssl.so.3->EVP_DigestSign(0x63148bbbb6d0, 0, 0x7fff9fef8a00, 0x7fff9fef8a10) = 1 <0.000154>
[pid 280] 14:57:12.295730 libssl.so.3->EVP_DigestSign(0x63148bbbb6d0, 0x63148bb9afc0, 0x7fff9fef8a00, 0x7fff9fef8a10) = 1 <0.000388>
[pid 280] 14:57:12.296316 <... SSL_connect resumed> ) = 1 <0.007951>
Handshake duration: 8.12 ms
[pid 280] 14:57:12.298412 +++ exited (status 0) +++
Execution 41 - TLS Mutual
s_connection: verify depth is 1
[pid 282] 14:57:12.355654 openssl->SSL_connect(0x5f31c0a550e0, 0x5f31c0a27e50, 0x5f31c0a27e50, 0x7b68c22d1360 <unfinished ...>
[pid 282] 14:57:12.356247 libssl.so.3->EVP_PKEY_keygen_init(0x5f31c0a577d0, 0, 176, 0x5f31c0a577d0) = 1 <0.000228>
[pid 282] 14:57:12.356572 libssl.so.3->EVP_PKEY_keygen(0x5f31c0a577d0, 0x7ffc387468b0, 0, 103) = 1 <0.000546>
[pid 282] 14:57:12.359187 libssl.so.3->EVP_PKEY_derive_init(0x5f31c0a577d0, 0, 176, 0x5f31c0a577d0) = 1 <0.000193>
[pid 282] 14:57:12.359420 libssl.so.3->EVP_PKEY_derive_set_peer(0x5f31c0a577d0, 0x5f31c0a54e20, 0, 0x5f31c0a54b30) = 1 <0.000190>
[pid 282] 14:57:12.359667 libssl.so.3->EVP_PKEY_derive(0x5f31c0a577d0, 0, 0x7ffc38746870, 0) = 1 <0.000183>
[pid 282] 14:57:12.359903 libssl.so.3->EVP_PKEY_derive(0x5f31c0a577d0, 0x5f31c0a54ec0, 0x7ffc38746870, 0x5f31c0a54ec0) = 1 <0.000413>
[pid 282] 14:57:12.361115 libssl.so.3->X509_verify_cert(0x5f31c0a4cea0, 0, 0x8000, 0xffffffff) = 1 <0.000553>
[pid 282] 14:57:12.361889 libssl.so.3->EVP_DigestVerifyInit_ex(0x5f31c0979810, 0x7ffc38746918, 0, 0) = 1 <0.000163>
[pid 282] 14:57:12.362094 libssl.so.3->EVP_DigestVerify(0x5f31c0979810, 0x5f31c0a59798, 3309, 0x7ffc38746920) = 1 <0.000270>
[pid 282] 14:57:12.362590 libssl.so.3->X509_verify_cert(0x5f31c0a4cea0, 1, 1, 0) = 1 <0.000209>
[pid 282] 14:57:12.363213 libssl.so.3->EVP_DigestSignInit_ex(0x5f31c0a6d6d0, 0x7ffc38746900, 0, 0) = 1 <0.000202>
[pid 282] 14:57:12.363476 libssl.so.3->EVP_DigestSign(0x5f31c0a6d6d0, 0, 0x7ffc38746910, 0x7ffc38746920) = 1 <0.000146>
[pid 282] 14:57:12.363670 libssl.so.3->EVP_DigestSign(0x5f31c0a6d6d0, 0x5f31c0a4cfc0, 0x7ffc38746910, 0x7ffc38746920) = 1 <0.000360>
[pid 282] 14:57:12.364266 <... SSL_connect resumed> ) = 1 <0.008619>
Handshake duration: 8.78 ms
[pid 282] 14:57:12.366263 +++ exited (status 0) +++
Execution 42 - TLS Mutual
s_connection: verify depth is 1
[pid 284] 14:57:12.420680 openssl->SSL_connect(0x5805b9c350e0, 0x5805b9c07e50, 0x5805b9c07e50, 0x7f58953f1360 <unfinished ...>
[pid 284] 14:57:12.421085 libssl.so.3->EVP_PKEY_keygen_init(0x5805b9c377d0, 0, 176, 0x5805b9c377d0) = 1 <0.000144>
[pid 284] 14:57:12.421274 libssl.so.3->EVP_PKEY_keygen(0x5805b9c377d0, 0x7ffc15eb0a20, 0, 103) = 1 <0.000430>
[pid 284] 14:57:12.423363 libssl.so.3->EVP_PKEY_derive_init(0x5805b9c377d0, 0, 176, 0x5805b9c377d0) = 1 <0.000124>
[pid 284] 14:57:12.423530 libssl.so.3->EVP_PKEY_derive_set_peer(0x5805b9c377d0, 0x5805b9c34e20, 0, 0x5805b9c34b30) = 1 <0.000118>
[pid 284] 14:57:12.423690 libssl.so.3->EVP_PKEY_derive(0x5805b9c377d0, 0, 0x7ffc15eb09e0, 0) = 1 <0.000114>
[pid 284] 14:57:12.423846 libssl.so.3->EVP_PKEY_derive(0x5805b9c377d0, 0x5805b9c34ec0, 0x7ffc15eb09e0, 0x5805b9c34ec0) = 1 <0.000301>
[pid 284] 14:57:12.424807 libssl.so.3->X509_verify_cert(0x5805b9c2cea0, 0, 0x8000, 0xffffffff) = 1 <0.000497>
[pid 284] 14:57:12.425521 libssl.so.3->EVP_DigestVerifyInit_ex(0x5805b9b59810, 0x7ffc15eb0a88, 0, 0) = 1 <0.000130>
[pid 284] 14:57:12.425691 libssl.so.3->EVP_DigestVerify(0x5805b9b59810, 0x5805b9c39798, 3309, 0x7ffc15eb0a90) = 1 <0.000177>
[pid 284] 14:57:12.426068 libssl.so.3->X509_verify_cert(0x5805b9c2cea0, 1, 1, 0) = 1 <0.000211>
[pid 284] 14:57:12.426583 libssl.so.3->EVP_DigestSignInit_ex(0x5805b9c4d6d0, 0x7ffc15eb0a70, 0, 0) = 1 <0.000118>
[pid 284] 14:57:12.426747 libssl.so.3->EVP_DigestSign(0x5805b9c4d6d0, 0, 0x7ffc15eb0a80, 0x7ffc15eb0a90) = 1 <0.000140>
[pid 284] 14:57:12.426933 libssl.so.3->EVP_DigestSign(0x5805b9c4d6d0, 0x5805b9c2cfc0, 0x7ffc15eb0a80, 0x7ffc15eb0a90) = 1 <0.000285>
[pid 284] 14:57:12.427395 <... SSL_connect resumed> ) = 1 <0.006731>
Handshake duration: 6.89 ms
[pid 284] 14:57:12.429460 +++ exited (status 0) +++
Execution 43 - TLS Mutual
s_connection: verify depth is 1
[pid 286] 14:57:12.493106 openssl->SSL_connect(0x5707ec9090e0, 0x5707ec8dbe50, 0x5707ec8dbe50, 0x75ac29fdd360 <unfinished ...>
[pid 286] 14:57:12.493570 libssl.so.3->EVP_PKEY_keygen_init(0x5707ec90b7d0, 0, 176, 0x5707ec90b7d0) = 1 <0.000181>
[pid 286] 14:57:12.493804 libssl.so.3->EVP_PKEY_keygen(0x5707ec90b7d0, 0x7ffe65f8a960, 0, 103) = 1 <0.000424>
[pid 286] 14:57:12.495967 libssl.so.3->EVP_PKEY_derive_init(0x5707ec90b7d0, 0, 176, 0x5707ec90b7d0) = 1 <0.000211>
[pid 286] 14:57:12.496226 libssl.so.3->EVP_PKEY_derive_set_peer(0x5707ec90b7d0, 0x5707ec908e20, 0, 0x5707ec908b30) = 1 <0.000126>
[pid 286] 14:57:12.496405 libssl.so.3->EVP_PKEY_derive(0x5707ec90b7d0, 0, 0x7ffe65f8a920, 0) = 1 <0.000171>
[pid 286] 14:57:12.496661 libssl.so.3->EVP_PKEY_derive(0x5707ec90b7d0, 0x5707ec908ec0, 0x7ffe65f8a920, 0x5707ec908ec0) = 1 <0.000383>
[pid 286] 14:57:12.497741 libssl.so.3->X509_verify_cert(0x5707ec900ea0, 0, 0x8000, 0xffffffff) = 1 <0.000669>
[pid 286] 14:57:12.498652 libssl.so.3->EVP_DigestVerifyInit_ex(0x5707ec82d810, 0x7ffe65f8a9c8, 0, 0) = 1 <0.000159>
[pid 286] 14:57:12.498872 libssl.so.3->EVP_DigestVerify(0x5707ec82d810, 0x5707ec90d798, 3309, 0x7ffe65f8a9d0) = 1 <0.000220>
[pid 286] 14:57:12.499302 libssl.so.3->X509_verify_cert(0x5707ec900ea0, 1, 1, 0) = 1 <0.000247>
[pid 286] 14:57:12.499849 libssl.so.3->EVP_DigestSignInit_ex(0x5707ec9216d0, 0x7ffe65f8a9b0, 0, 0) = 1 <0.000153>
[pid 286] 14:57:12.500083 libssl.so.3->EVP_DigestSign(0x5707ec9216d0, 0, 0x7ffe65f8a9c0, 0x7ffe65f8a9d0) = 1 <0.000130>
[pid 286] 14:57:12.500258 libssl.so.3->EVP_DigestSign(0x5707ec9216d0, 0x5707ec900fc0, 0x7ffe65f8a9c0, 0x7ffe65f8a9d0) = 1 <0.000390>
[pid 286] 14:57:12.500867 <... SSL_connect resumed> ) = 1 <0.007772>
Handshake duration: 7.97 ms
[pid 286] 14:57:12.502982 +++ exited (status 0) +++
Execution 44 - TLS Mutual
s_connection: verify depth is 1
[pid 288] 14:57:12.563812 openssl->SSL_connect(0x6232ba74d0e0, 0x6232ba71fe50, 0x6232ba71fe50, 0x7e0f5adeb360 <unfinished ...>
[pid 288] 14:57:12.564288 libssl.so.3->EVP_PKEY_keygen_init(0x6232ba74f7d0, 0, 176, 0x6232ba74f7d0) = 1 <0.000181>
[pid 288] 14:57:12.564537 libssl.so.3->EVP_PKEY_keygen(0x6232ba74f7d0, 0x7ffd616253c0, 0, 103) = 1 <0.000477>
[pid 288] 14:57:12.566898 libssl.so.3->EVP_PKEY_derive_init(0x6232ba74f7d0, 0, 176, 0x6232ba74f7d0) = 1 <0.000193>
[pid 288] 14:57:12.567133 libssl.so.3->EVP_PKEY_derive_set_peer(0x6232ba74f7d0, 0x6232ba74ce20, 0, 0x6232ba74cb30) = 1 <0.000130>
[pid 288] 14:57:12.567362 libssl.so.3->EVP_PKEY_derive(0x6232ba74f7d0, 0, 0x7ffd61625380, 0) = 1 <0.000168>
[pid 288] 14:57:12.567626 libssl.so.3->EVP_PKEY_derive(0x6232ba74f7d0, 0x6232ba74cec0, 0x7ffd61625380, 0x6232ba74cec0) = 1 <0.000402>
[pid 288] 14:57:12.568866 libssl.so.3->X509_verify_cert(0x6232ba744ea0, 0, 0x8000, 0xffffffff) = 1 <0.000659>
[pid 288] 14:57:12.569998 libssl.so.3->EVP_DigestVerifyInit_ex(0x6232ba671810, 0x7ffd61625428, 0, 0) = 1 <0.000185>
[pid 288] 14:57:12.570238 libssl.so.3->EVP_DigestVerify(0x6232ba671810, 0x6232ba751798, 3309, 0x7ffd61625430) = 1 <0.000248>
[pid 288] 14:57:12.570791 libssl.so.3->X509_verify_cert(0x6232ba744ea0, 1, 1, 0) = 1 <0.000259>
[pid 288] 14:57:12.571454 libssl.so.3->EVP_DigestSignInit_ex(0x6232ba7656d0, 0x7ffd61625410, 0, 0) = 1 <0.000169>
[pid 288] 14:57:12.571682 libssl.so.3->EVP_DigestSign(0x6232ba7656d0, 0, 0x7ffd61625420, 0x7ffd61625430) = 1 <0.000150>
[pid 288] 14:57:12.571894 libssl.so.3->EVP_DigestSign(0x6232ba7656d0, 0x6232ba744fc0, 0x7ffd61625420, 0x7ffd61625430) = 1 <0.000374>
[pid 288] 14:57:12.572521 <... SSL_connect resumed> ) = 1 <0.008718>
Handshake duration: 8.96 ms
[pid 288] 14:57:12.575237 +++ exited (status 0) +++
Execution 45 - TLS Mutual
s_connection: verify depth is 1
[pid 290] 14:57:12.637003 openssl->SSL_connect(0x619f24e9b0e0, 0x619f24e6de50, 0x619f24e6de50, 0x7a7403288360 <unfinished ...>
[pid 290] 14:57:12.637460 libssl.so.3->EVP_PKEY_keygen_init(0x619f24e9d7d0, 0, 176, 0x619f24e9d7d0) = 1 <0.000172>
[pid 290] 14:57:12.637695 libssl.so.3->EVP_PKEY_keygen(0x619f24e9d7d0, 0x7fff5ff206c0, 0, 103) = 1 <0.000749>
[pid 290] 14:57:12.640379 libssl.so.3->EVP_PKEY_derive_init(0x619f24e9d7d0, 0, 176, 0x619f24e9d7d0) = 1 <0.000197>
[pid 290] 14:57:12.640622 libssl.so.3->EVP_PKEY_derive_set_peer(0x619f24e9d7d0, 0x619f24e9ae20, 0, 0x619f24e9ab30) = 1 <0.000125>
[pid 290] 14:57:12.640792 libssl.so.3->EVP_PKEY_derive(0x619f24e9d7d0, 0, 0x7fff5ff20680, 0) = 1 <0.000117>
[pid 290] 14:57:12.640956 libssl.so.3->EVP_PKEY_derive(0x619f24e9d7d0, 0x619f24e9aec0, 0x7fff5ff20680, 0x619f24e9aec0) = 1 <0.000333>
[pid 290] 14:57:12.642110 libssl.so.3->X509_verify_cert(0x619f24e92ea0, 0, 0x8000, 0xffffffff) = 1 <0.000599>
[pid 290] 14:57:12.642937 libssl.so.3->EVP_DigestVerifyInit_ex(0x619f24dbf810, 0x7fff5ff20728, 0, 0) = 1 <0.000141>
[pid 290] 14:57:12.643134 libssl.so.3->EVP_DigestVerify(0x619f24dbf810, 0x619f24e9f798, 3309, 0x7fff5ff20730) = 1 <0.000220>
[pid 290] 14:57:12.643620 libssl.so.3->X509_verify_cert(0x619f24e92ea0, 1, 1, 0) = 1 <0.000243>
[pid 290] 14:57:12.644236 libssl.so.3->EVP_DigestSignInit_ex(0x619f24eb36d0, 0x7fff5ff20710, 0, 0) = 1 <0.000137>
[pid 290] 14:57:12.644421 libssl.so.3->EVP_DigestSign(0x619f24eb36d0, 0, 0x7fff5ff20720, 0x7fff5ff20730) = 1 <0.000130>
[pid 290] 14:57:12.644592 libssl.so.3->EVP_DigestSign(0x619f24eb36d0, 0x619f24e92fc0, 0x7fff5ff20720, 0x7fff5ff20730) = 1 <0.000592>
[pid 290] 14:57:12.645408 <... SSL_connect resumed> ) = 1 <0.008413>
Handshake duration: 8.62 ms
[pid 290] 14:57:12.647476 +++ exited (status 0) +++
Execution 46 - TLS Mutual
s_connection: verify depth is 1
[pid 292] 14:57:12.705233 openssl->SSL_connect(0x62e3993ed0e0, 0x62e3993bfe50, 0x62e3993bfe50, 0x7e5a36e28360 <unfinished ...>
[pid 292] 14:57:12.705874 libssl.so.3->EVP_PKEY_keygen_init(0x62e3993ef7d0, 0, 176, 0x62e3993ef7d0) = 1 <0.000240>
[pid 292] 14:57:12.706198 libssl.so.3->EVP_PKEY_keygen(0x62e3993ef7d0, 0x7fff8576e1d0, 0, 103) = 1 <0.000552>
[pid 292] 14:57:12.708889 libssl.so.3->EVP_PKEY_derive_init(0x62e3993ef7d0, 0, 176, 0x62e3993ef7d0) = 1 <0.000207>
[pid 292] 14:57:12.709152 libssl.so.3->EVP_PKEY_derive_set_peer(0x62e3993ef7d0, 0x62e3993ece20, 0, 0x62e3993ecb30) = 1 <0.000139>
[pid 292] 14:57:12.709349 libssl.so.3->EVP_PKEY_derive(0x62e3993ef7d0, 0, 0x7fff8576e190, 0) = 1 <0.000176>
[pid 292] 14:57:12.709591 libssl.so.3->EVP_PKEY_derive(0x62e3993ef7d0, 0x62e3993ecec0, 0x7fff8576e190, 0x62e3993ecec0) = 1 <0.000358>
[pid 292] 14:57:12.710708 libssl.so.3->X509_verify_cert(0x62e3993e4ea0, 0, 0x8000, 0xffffffff) = 1 <0.000605>
[pid 292] 14:57:12.711579 libssl.so.3->EVP_DigestVerifyInit_ex(0x62e399311810, 0x7fff8576e238, 0, 0) = 1 <0.000173>
[pid 292] 14:57:12.711810 libssl.so.3->EVP_DigestVerify(0x62e399311810, 0x62e3993f1798, 3309, 0x7fff8576e240) = 1 <0.000235>
[pid 292] 14:57:12.712327 libssl.so.3->X509_verify_cert(0x62e3993e4ea0, 1, 1, 0) = 1 <0.000300>
[pid 292] 14:57:12.712985 libssl.so.3->EVP_DigestSignInit_ex(0x62e3994056d0, 0x7fff8576e220, 0, 0) = 1 <0.000184>
[pid 292] 14:57:12.713244 libssl.so.3->EVP_DigestSign(0x62e3994056d0, 0, 0x7fff8576e230, 0x7fff8576e240) = 1 <0.000147>
[pid 292] 14:57:12.713455 libssl.so.3->EVP_DigestSign(0x62e3994056d0, 0x62e3993e4fc0, 0x7fff8576e230, 0x7fff8576e240) = 1 <0.000334>
[pid 292] 14:57:12.714083 <... SSL_connect resumed> ) = 1 <0.008863>
Handshake duration: 9.09 ms
[pid 292] 14:57:12.717151 +++ exited (status 0) +++
Execution 47 - TLS Mutual
s_connection: verify depth is 1
[pid 294] 14:57:12.774680 openssl->SSL_connect(0x64fe5c40d0e0, 0x64fe5c3dfe50, 0x64fe5c3dfe50, 0x72cccdcaa360 <unfinished ...>
[pid 294] 14:57:12.775125 libssl.so.3->EVP_PKEY_keygen_init(0x64fe5c40f7d0, 0, 176, 0x64fe5c40f7d0) = 1 <0.000163>
[pid 294] 14:57:12.775342 libssl.so.3->EVP_PKEY_keygen(0x64fe5c40f7d0, 0x7fffd6f36370, 0, 103) = 1 <0.000454>
[pid 294] 14:57:12.777628 libssl.so.3->EVP_PKEY_derive_init(0x64fe5c40f7d0, 0, 176, 0x64fe5c40f7d0) = 1 <0.000188>
[pid 294] 14:57:12.777869 libssl.so.3->EVP_PKEY_derive_set_peer(0x64fe5c40f7d0, 0x64fe5c40ce20, 0, 0x64fe5c40cb30) = 1 <0.000157>
[pid 294] 14:57:12.778079 libssl.so.3->EVP_PKEY_derive(0x64fe5c40f7d0, 0, 0x7fffd6f36330, 0) = 1 <0.000125>
[pid 294] 14:57:12.778261 libssl.so.3->EVP_PKEY_derive(0x64fe5c40f7d0, 0x64fe5c40cec0, 0x7fffd6f36330, 0x64fe5c40cec0) = 1 <0.000365>
[pid 294] 14:57:12.779331 libssl.so.3->X509_verify_cert(0x64fe5c404ea0, 0, 0x8000, 0xffffffff) = 1 <0.000518>
[pid 294] 14:57:12.780037 libssl.so.3->EVP_DigestVerifyInit_ex(0x64fe5c331810, 0x7fffd6f363d8, 0, 0) = 1 <0.000147>
[pid 294] 14:57:12.780238 libssl.so.3->EVP_DigestVerify(0x64fe5c331810, 0x64fe5c411798, 3309, 0x7fffd6f363e0) = 1 <0.000243>
[pid 294] 14:57:12.780698 libssl.so.3->X509_verify_cert(0x64fe5c404ea0, 1, 1, 0) = 1 <0.000217>
[pid 294] 14:57:12.781221 libssl.so.3->EVP_DigestSignInit_ex(0x64fe5c4256d0, 0x7fffd6f363c0, 0, 0) = 1 <0.000169>
[pid 294] 14:57:12.781448 libssl.so.3->EVP_DigestSign(0x64fe5c4256d0, 0, 0x7fffd6f363d0, 0x7fffd6f363e0) = 1 <0.000181>
[pid 294] 14:57:12.781674 libssl.so.3->EVP_DigestSign(0x64fe5c4256d0, 0x64fe5c404fc0, 0x7fffd6f363d0, 0x7fffd6f363e0) = 1 <0.000338>
[pid 294] 14:57:12.782249 <... SSL_connect resumed> ) = 1 <0.007578>
Handshake duration: 7.76 ms
[pid 294] 14:57:12.784437 +++ exited (status 0) +++
Execution 48 - TLS Mutual
s_connection: verify depth is 1
[pid 296] 14:57:12.845061 openssl->SSL_connect(0x5cd36ddd60e0, 0x5cd36dda8e50, 0x5cd36dda8e50, 0x720476b5c360 <unfinished ...>
[pid 296] 14:57:12.845594 libssl.so.3->EVP_PKEY_keygen_init(0x5cd36ddd87d0, 0, 176, 0x5cd36ddd87d0) = 1 <0.000229>
[pid 296] 14:57:12.845882 libssl.so.3->EVP_PKEY_keygen(0x5cd36ddd87d0, 0x7ffc0ad7ac90, 0, 103) = 1 <0.000585>
[pid 296] 14:57:12.848727 libssl.so.3->EVP_PKEY_derive_init(0x5cd36ddd87d0, 0, 176, 0x5cd36ddd87d0) = 1 <0.000203>
[pid 296] 14:57:12.848994 libssl.so.3->EVP_PKEY_derive_set_peer(0x5cd36ddd87d0, 0x5cd36ddd5e20, 0, 0x5cd36ddd5b30) = 1 <0.000143>
[pid 296] 14:57:12.849194 libssl.so.3->EVP_PKEY_derive(0x5cd36ddd87d0, 0, 0x7ffc0ad7ac50, 0) = 1 <0.000127>
[pid 296] 14:57:12.849385 libssl.so.3->EVP_PKEY_derive(0x5cd36ddd87d0, 0x5cd36ddd5ec0, 0x7ffc0ad7ac50, 0x5cd36ddd5ec0) = 1 <0.000382>
[pid 296] 14:57:12.850546 libssl.so.3->X509_verify_cert(0x5cd36ddcdea0, 0, 0x8000, 0xffffffff) = 1 <0.000527>
[pid 296] 14:57:12.851327 libssl.so.3->EVP_DigestVerifyInit_ex(0x5cd36dcfa810, 0x7ffc0ad7acf8, 0, 0) = 1 <0.000157>
[pid 296] 14:57:12.851548 libssl.so.3->EVP_DigestVerify(0x5cd36dcfa810, 0x5cd36ddda798, 3309, 0x7ffc0ad7ad00) = 1 <0.000260>
[pid 296] 14:57:12.852057 libssl.so.3->X509_verify_cert(0x5cd36ddcdea0, 1, 1, 0) = 1 <0.000237>
[pid 296] 14:57:12.852614 libssl.so.3->EVP_DigestSignInit_ex(0x5cd36ddee6d0, 0x7ffc0ad7ace0, 0, 0) = 1 <0.000130>
[pid 296] 14:57:12.852799 libssl.so.3->EVP_DigestSign(0x5cd36ddee6d0, 0, 0x7ffc0ad7acf0, 0x7ffc0ad7ad00) = 1 <0.000210>
[pid 296] 14:57:12.853068 libssl.so.3->EVP_DigestSign(0x5cd36ddee6d0, 0x5cd36ddcdfc0, 0x7ffc0ad7acf0, 0x7ffc0ad7ad00) = 1 <0.000341>
[pid 296] 14:57:12.853733 <... SSL_connect resumed> ) = 1 <0.008678>
Handshake duration: 8.93 ms
[pid 296] 14:57:12.856087 +++ exited (status 0) +++
Execution 49 - TLS Mutual
s_connection: verify depth is 1
[pid 298] 14:57:12.911041 openssl->SSL_connect(0x5fa93e0a40e0, 0x5fa93e076e50, 0x5fa93e076e50, 0x72ff55a7f360 <unfinished ...>
[pid 298] 14:57:12.911494 libssl.so.3->EVP_PKEY_keygen_init(0x5fa93e0a67d0, 0, 176, 0x5fa93e0a67d0) = 1 <0.000198>
[pid 298] 14:57:12.911747 libssl.so.3->EVP_PKEY_keygen(0x5fa93e0a67d0, 0x7fff1e224460, 0, 103) = 1 <0.000455>
[pid 298] 14:57:12.913926 libssl.so.3->EVP_PKEY_derive_init(0x5fa93e0a67d0, 0, 176, 0x5fa93e0a67d0) = 1 <0.000188>
[pid 298] 14:57:12.914159 libssl.so.3->EVP_PKEY_derive_set_peer(0x5fa93e0a67d0, 0x5fa93e0a3e20, 0, 0x5fa93e0a3b30) = 1 <0.000113>
[pid 298] 14:57:12.914315 libssl.so.3->EVP_PKEY_derive(0x5fa93e0a67d0, 0, 0x7fff1e224420, 0) = 1 <0.000129>
[pid 298] 14:57:12.914493 libssl.so.3->EVP_PKEY_derive(0x5fa93e0a67d0, 0x5fa93e0a3ec0, 0x7fff1e224420, 0x5fa93e0a3ec0) = 1 <0.000311>
[pid 298] 14:57:12.915498 libssl.so.3->X509_verify_cert(0x5fa93e09bea0, 0, 0x8000, 0xffffffff) = 1 <0.000456>
[pid 298] 14:57:12.916141 libssl.so.3->EVP_DigestVerifyInit_ex(0x5fa93dfc8810, 0x7fff1e2244c8, 0, 0) = 1 <0.000137>
[pid 298] 14:57:12.916322 libssl.so.3->EVP_DigestVerify(0x5fa93dfc8810, 0x5fa93e0a8798, 3309, 0x7fff1e2244d0) = 1 <0.000219>
[pid 298] 14:57:12.916733 libssl.so.3->X509_verify_cert(0x5fa93e09bea0, 1, 1, 0) = 1 <0.000209>
[pid 298] 14:57:12.917270 libssl.so.3->EVP_DigestSignInit_ex(0x5fa93e0bc6d0, 0x7fff1e2244b0, 0, 0) = 1 <0.000167>
[pid 298] 14:57:12.917520 libssl.so.3->EVP_DigestSign(0x5fa93e0bc6d0, 0, 0x7fff1e2244c0, 0x7fff1e2244d0) = 1 <0.000152>
[pid 298] 14:57:12.917723 libssl.so.3->EVP_DigestSign(0x5fa93e0bc6d0, 0x5fa93e09bfc0, 0x7fff1e2244c0, 0x7fff1e2244d0) = 1 <0.000337>
[pid 298] 14:57:12.918251 <... SSL_connect resumed> ) = 1 <0.007215>
Handshake duration: 7.37 ms
[pid 298] 14:57:12.920225 +++ exited (status 0) +++
Execution 50 - TLS Mutual
s_connection: verify depth is 1
[pid 300] 14:57:12.976239 openssl->SSL_connect(0x57faaae010e0, 0x57faaadd3e50, 0x57faaadd3e50, 0x7fb671376360 <unfinished ...>
[pid 300] 14:57:12.976696 libssl.so.3->EVP_PKEY_keygen_init(0x57faaae037d0, 0, 176, 0x57faaae037d0) = 1 <0.000157>
[pid 300] 14:57:12.976905 libssl.so.3->EVP_PKEY_keygen(0x57faaae037d0, 0x7fffa9cda8f0, 0, 103) = 1 <0.000485>
[pid 300] 14:57:12.979077 libssl.so.3->EVP_PKEY_derive_init(0x57faaae037d0, 0, 176, 0x57faaae037d0) = 1 <0.000200>
[pid 300] 14:57:12.979323 libssl.so.3->EVP_PKEY_derive_set_peer(0x57faaae037d0, 0x57faaae00e20, 0, 0x57faaae00b30) = 1 <0.000133>
[pid 300] 14:57:12.979501 libssl.so.3->EVP_PKEY_derive(0x57faaae037d0, 0, 0x7fffa9cda8b0, 0) = 1 <0.000109>
[pid 300] 14:57:12.979656 libssl.so.3->EVP_PKEY_derive(0x57faaae037d0, 0x57faaae00ec0, 0x7fffa9cda8b0, 0x57faaae00ec0) = 1 <0.000316>
[pid 300] 14:57:12.980634 libssl.so.3->X509_verify_cert(0x57faaadf8ea0, 0, 0x8000, 0xffffffff) = 1 <0.000446>
[pid 300] 14:57:12.981264 libssl.so.3->EVP_DigestVerifyInit_ex(0x57faaad25810, 0x7fffa9cda958, 0, 0) = 1 <0.000128>
[pid 300] 14:57:12.981449 libssl.so.3->EVP_DigestVerify(0x57faaad25810, 0x57faaae05798, 3309, 0x7fffa9cda960) = 1 <0.000180>
[pid 300] 14:57:12.981831 libssl.so.3->X509_verify_cert(0x57faaadf8ea0, 1, 1, 0) = 1 <0.000200>
[pid 300] 14:57:12.982298 libssl.so.3->EVP_DigestSignInit_ex(0x57faaae196d0, 0x7fffa9cda940, 0, 0) = 1 <0.000168>
[pid 300] 14:57:12.982547 libssl.so.3->EVP_DigestSign(0x57faaae196d0, 0, 0x7fffa9cda950, 0x7fffa9cda960) = 1 <0.000169>
[pid 300] 14:57:12.982770 libssl.so.3->EVP_DigestSign(0x57faaae196d0, 0x57faaadf8fc0, 0x7fffa9cda950, 0x7fffa9cda960) = 1 <0.000435>
[pid 300] 14:57:12.983401 <... SSL_connect resumed> ) = 1 <0.007168>
Handshake duration: 7.34 ms
[pid 300] 14:57:12.985440 +++ exited (status 0) +++
Execution 51 - TLS Mutual
s_connection: verify depth is 1
[pid 302] 14:57:13.047397 openssl->SSL_connect(0x60d2f65370e0, 0x60d2f6509e50, 0x60d2f6509e50, 0x77e7c8041360 <unfinished ...>
[pid 302] 14:57:13.047956 libssl.so.3->EVP_PKEY_keygen_init(0x60d2f65397d0, 0, 176, 0x60d2f65397d0) = 1 <0.000226>
[pid 302] 14:57:13.048236 libssl.so.3->EVP_PKEY_keygen(0x60d2f65397d0, 0x7ffc16bf3080, 0, 103) = 1 <0.000537>
[pid 302] 14:57:13.051157 libssl.so.3->EVP_PKEY_derive_init(0x60d2f65397d0, 0, 176, 0x60d2f65397d0) = 1 <0.000396>
[pid 302] 14:57:13.051680 libssl.so.3->EVP_PKEY_derive_set_peer(0x60d2f65397d0, 0x60d2f6536e20, 0, 0x60d2f6536b30) = 1 <0.000258>
[pid 302] 14:57:13.052121 libssl.so.3->EVP_PKEY_derive(0x60d2f65397d0, 0, 0x7ffc16bf3040, 0) = 1 <0.000149>
[pid 302] 14:57:13.052339 libssl.so.3->EVP_PKEY_derive(0x60d2f65397d0, 0x60d2f6536ec0, 0x7ffc16bf3040, 0x60d2f6536ec0) = 1 <0.000413>
[pid 302] 14:57:13.053750 libssl.so.3->X509_verify_cert(0x60d2f652eea0, 0, 0x8000, 0xffffffff) = 1 <0.000731>
[pid 302] 14:57:13.054807 libssl.so.3->EVP_DigestVerifyInit_ex(0x60d2f645b810, 0x7ffc16bf30e8, 0, 0) = 1 <0.000204>
[pid 302] 14:57:13.055090 libssl.so.3->EVP_DigestVerify(0x60d2f645b810, 0x60d2f653b798, 3309, 0x7ffc16bf30f0) = 1 <0.000316>
[pid 302] 14:57:13.055688 libssl.so.3->X509_verify_cert(0x60d2f652eea0, 1, 1, 0) = 1 <0.000271>
[pid 302] 14:57:13.056338 libssl.so.3->EVP_DigestSignInit_ex(0x60d2f654f6d0, 0x7ffc16bf30d0, 0, 0) = 1 <0.000238>
[pid 302] 14:57:13.056632 libssl.so.3->EVP_DigestSign(0x60d2f654f6d0, 0, 0x7ffc16bf30e0, 0x7ffc16bf30f0) = 1 <0.000128>
[pid 302] 14:57:13.056818 libssl.so.3->EVP_DigestSign(0x60d2f654f6d0, 0x60d2f652efc0, 0x7ffc16bf30e0, 0x7ffc16bf30f0) = 1 <0.000355>
[pid 302] 14:57:13.057476 <... SSL_connect resumed> ) = 1 <0.010084>
Handshake duration: 10.30 ms
[pid 302] 14:57:13.060482 +++ exited (status 0) +++
Execution 52 - TLS Mutual
s_connection: verify depth is 1
[pid 304] 14:57:13.114851 openssl->SSL_connect(0x6527455590e0, 0x65274552be50, 0x65274552be50, 0x7757f20b8360 <unfinished ...>
[pid 304] 14:57:13.115310 libssl.so.3->EVP_PKEY_keygen_init(0x65274555b7d0, 0, 176, 0x65274555b7d0) = 1 <0.000197>
[pid 304] 14:57:13.115579 libssl.so.3->EVP_PKEY_keygen(0x65274555b7d0, 0x7ffcac9359b0, 0, 103) = 1 <0.000469>
[pid 304] 14:57:13.117864 libssl.so.3->EVP_PKEY_derive_init(0x65274555b7d0, 0, 176, 0x65274555b7d0) = 1 <0.000162>
[pid 304] 14:57:13.118068 libssl.so.3->EVP_PKEY_derive_set_peer(0x65274555b7d0, 0x652745558e20, 0, 0x652745558b30) = 1 <0.000137>
[pid 304] 14:57:13.118284 libssl.so.3->EVP_PKEY_derive(0x65274555b7d0, 0, 0x7ffcac935970, 0) = 1 <0.000165>
[pid 304] 14:57:13.118504 libssl.so.3->EVP_PKEY_derive(0x65274555b7d0, 0x652745558ec0, 0x7ffcac935970, 0x652745558ec0) = 1 <0.000377>
[pid 304] 14:57:13.119577 libssl.so.3->X509_verify_cert(0x652745550ea0, 0, 0x8000, 0xffffffff) = 1 <0.000514>
[pid 304] 14:57:13.120345 libssl.so.3->EVP_DigestVerifyInit_ex(0x65274547d810, 0x7ffcac935a18, 0, 0) = 1 <0.000177>
[pid 304] 14:57:13.120601 libssl.so.3->EVP_DigestVerify(0x65274547d810, 0x65274555d798, 3309, 0x7ffcac935a20) = 1 <0.000247>
[pid 304] 14:57:13.121137 libssl.so.3->X509_verify_cert(0x652745550ea0, 1, 1, 0) = 1 <0.000291>
[pid 304] 14:57:13.121761 libssl.so.3->EVP_DigestSignInit_ex(0x6527455716d0, 0x7ffcac935a00, 0, 0) = 1 <0.000183>
[pid 304] 14:57:13.122013 libssl.so.3->EVP_DigestSign(0x6527455716d0, 0, 0x7ffcac935a10, 0x7ffcac935a20) = 1 <0.000143>
[pid 304] 14:57:13.122206 libssl.so.3->EVP_DigestSign(0x6527455716d0, 0x652745550fc0, 0x7ffcac935a10, 0x7ffcac935a20) = 1 <0.000352>
[pid 304] 14:57:13.122755 <... SSL_connect resumed> ) = 1 <0.007911>
Handshake duration: 8.11 ms
[pid 304] 14:57:13.124792 +++ exited (status 0) +++
Execution 53 - TLS Mutual
s_connection: verify depth is 1
[pid 306] 14:57:13.186463 openssl->SSL_connect(0x5cfc78fc60e0, 0x5cfc78f98e50, 0x5cfc78f98e50, 0x79defd21f360 <unfinished ...>
[pid 306] 14:57:13.187297 libssl.so.3->EVP_PKEY_keygen_init(0x5cfc78fc87d0, 0, 176, 0x5cfc78fc87d0) = 1 <0.001124>
[pid 306] 14:57:13.190213 libssl.so.3->EVP_PKEY_keygen(0x5cfc78fc87d0, 0x7ffe83d0dfa0, 0, 103) = 1 <0.000642>
[pid 306] 14:57:13.193873 libssl.so.3->EVP_PKEY_derive_init(0x5cfc78fc87d0, 0, 176, 0x5cfc78fc87d0) = 1 <0.000304>
[pid 306] 14:57:13.194269 libssl.so.3->EVP_PKEY_derive_set_peer(0x5cfc78fc87d0, 0x5cfc78fc5e20, 0, 0x5cfc78fc5b30) = 1 <0.000254>
[pid 306] 14:57:13.194641 libssl.so.3->EVP_PKEY_derive(0x5cfc78fc87d0, 0, 0x7ffe83d0df60, 0) = 1 <0.000285>
[pid 306] 14:57:13.195032 libssl.so.3->EVP_PKEY_derive(0x5cfc78fc87d0, 0x5cfc78fc5ec0, 0x7ffe83d0df60, 0x5cfc78fc5ec0) = 1 <0.000557>
[pid 306] 14:57:13.196528 libssl.so.3->X509_verify_cert(0x5cfc78fbdea0, 0, 0x8000, 0xffffffff) = 1 <0.000764>
[pid 306] 14:57:13.197649 libssl.so.3->EVP_DigestVerifyInit_ex(0x5cfc78eea810, 0x7ffe83d0e008, 0, 0) = 1 <0.000249>
[pid 306] 14:57:13.197952 libssl.so.3->EVP_DigestVerify(0x5cfc78eea810, 0x5cfc78fca798, 3309, 0x7ffe83d0e010) = 1 <0.000224>
[pid 306] 14:57:13.198545 libssl.so.3->X509_verify_cert(0x5cfc78fbdea0, 1, 1, 0) = 1 <0.000339>
[pid 306] 14:57:13.199272 libssl.so.3->EVP_DigestSignInit_ex(0x5cfc78fde6d0, 0x7ffe83d0dff0, 0, 0) = 1 <0.000178>
[pid 306] 14:57:13.199543 libssl.so.3->EVP_DigestSign(0x5cfc78fde6d0, 0, 0x7ffe83d0e000, 0x7ffe83d0e010) = 1 <0.000181>
[pid 306] 14:57:13.199766 libssl.so.3->EVP_DigestSign(0x5cfc78fde6d0, 0x5cfc78fbdfc0, 0x7ffe83d0e000, 0x7ffe83d0e010) = 1 <0.000368>
[pid 306] 14:57:13.200339 <... SSL_connect resumed> ) = 1 <0.013924>
Handshake duration: 14.16 ms
[pid 306] 14:57:13.202716 +++ exited (status 0) +++
Execution 54 - TLS Mutual
s_connection: verify depth is 1
[pid 308] 14:57:13.258501 openssl->SSL_connect(0x60786a1710e0, 0x60786a143e50, 0x60786a143e50, 0x77a2f9148360 <unfinished ...>
[pid 308] 14:57:13.258936 libssl.so.3->EVP_PKEY_keygen_init(0x60786a1737d0, 0, 176, 0x60786a1737d0) = 1 <0.000149>
[pid 308] 14:57:13.259129 libssl.so.3->EVP_PKEY_keygen(0x60786a1737d0, 0x7ffef23cead0, 0, 103) = 1 <0.000465>
[pid 308] 14:57:13.261441 libssl.so.3->EVP_PKEY_derive_init(0x60786a1737d0, 0, 176, 0x60786a1737d0) = 1 <0.000190>
[pid 308] 14:57:13.261664 libssl.so.3->EVP_PKEY_derive_set_peer(0x60786a1737d0, 0x60786a170e20, 0, 0x60786a170b30) = 1 <0.000119>
[pid 308] 14:57:13.261824 libssl.so.3->EVP_PKEY_derive(0x60786a1737d0, 0, 0x7ffef23cea90, 0) = 1 <0.000108>
[pid 308] 14:57:13.261978 libssl.so.3->EVP_PKEY_derive(0x60786a1737d0, 0x60786a170ec0, 0x7ffef23cea90, 0x60786a170ec0) = 1 <0.000331>
[pid 308] 14:57:13.262982 libssl.so.3->X509_verify_cert(0x60786a168ea0, 0, 0x8000, 0xffffffff) = 1 <0.000516>
[pid 308] 14:57:13.263696 libssl.so.3->EVP_DigestVerifyInit_ex(0x60786a095810, 0x7ffef23ceb38, 0, 0) = 1 <0.000147>
[pid 308] 14:57:13.263893 libssl.so.3->EVP_DigestVerify(0x60786a095810, 0x60786a175798, 3309, 0x7ffef23ceb40) = 1 <0.000192>
[pid 308] 14:57:13.264282 libssl.so.3->X509_verify_cert(0x60786a168ea0, 1, 1, 0) = 1 <0.000244>
[pid 308] 14:57:13.264810 libssl.so.3->EVP_DigestSignInit_ex(0x60786a1896d0, 0x7ffef23ceb20, 0, 0) = 1 <0.000127>
[pid 308] 14:57:13.264977 libssl.so.3->EVP_DigestSign(0x60786a1896d0, 0, 0x7ffef23ceb30, 0x7ffef23ceb40) = 1 <0.000121>
[pid 308] 14:57:13.265156 libssl.so.3->EVP_DigestSign(0x60786a1896d0, 0x60786a168fc0, 0x7ffef23ceb30, 0x7ffef23ceb40) = 1 <0.000425>
[pid 308] 14:57:13.265785 <... SSL_connect resumed> ) = 1 <0.007296>
Handshake duration: 7.49 ms
[pid 308] 14:57:13.267631 +++ exited (status 0) +++
Execution 55 - TLS Mutual
s_connection: verify depth is 1
[pid 310] 14:57:13.322277 openssl->SSL_connect(0x64de2cf4e0e0, 0x64de2cf20e50, 0x64de2cf20e50, 0x78fc808fc360 <unfinished ...>
[pid 310] 14:57:13.322767 libssl.so.3->EVP_PKEY_keygen_init(0x64de2cf507d0, 0, 176, 0x64de2cf507d0) = 1 <0.000217>
[pid 310] 14:57:13.323066 libssl.so.3->EVP_PKEY_keygen(0x64de2cf507d0, 0x7ffc396dc830, 0, 103) = 1 <0.000503>
[pid 310] 14:57:13.325529 libssl.so.3->EVP_PKEY_derive_init(0x64de2cf507d0, 0, 176, 0x64de2cf507d0) = 1 <0.000183>
[pid 310] 14:57:13.325758 libssl.so.3->EVP_PKEY_derive_set_peer(0x64de2cf507d0, 0x64de2cf4de20, 0, 0x64de2cf4db30) = 1 <0.000185>
[pid 310] 14:57:13.326042 libssl.so.3->EVP_PKEY_derive(0x64de2cf507d0, 0, 0x7ffc396dc7f0, 0) = 1 <0.000212>
[pid 310] 14:57:13.326354 libssl.so.3->EVP_PKEY_derive(0x64de2cf507d0, 0x64de2cf4dec0, 0x7ffc396dc7f0, 0x64de2cf4dec0) = 1 <0.000385>
[pid 310] 14:57:13.327517 libssl.so.3->X509_verify_cert(0x64de2cf45ea0, 0, 0x8000, 0xffffffff) = 1 <0.000560>
[pid 310] 14:57:13.328301 libssl.so.3->EVP_DigestVerifyInit_ex(0x64de2ce72810, 0x7ffc396dc898, 0, 0) = 1 <0.000193>
[pid 310] 14:57:13.328541 libssl.so.3->EVP_DigestVerify(0x64de2ce72810, 0x64de2cf52798, 3309, 0x7ffc396dc8a0) = 1 <0.000219>
[pid 310] 14:57:13.329022 libssl.so.3->X509_verify_cert(0x64de2cf45ea0, 1, 1, 0) = 1 <0.000286>
[pid 310] 14:57:13.329699 libssl.so.3->EVP_DigestSignInit_ex(0x64de2cf666d0, 0x7ffc396dc880, 0, 0) = 1 <0.000229>
[pid 310] 14:57:13.329984 libssl.so.3->EVP_DigestSign(0x64de2cf666d0, 0, 0x7ffc396dc890, 0x7ffc396dc8a0) = 1 <0.000237>
[pid 310] 14:57:13.330296 libssl.so.3->EVP_DigestSign(0x64de2cf666d0, 0x64de2cf45fc0, 0x7ffc396dc890, 0x7ffc396dc8a0) = 1 <0.000409>
[pid 310] 14:57:13.331015 <... SSL_connect resumed> ) = 1 <0.008737>
Handshake duration: 8.97 ms
[pid 310] 14:57:13.333095 +++ exited (status 0) +++
Execution 56 - TLS Mutual
s_connection: verify depth is 1
[pid 312] 14:57:13.388348 openssl->SSL_connect(0x5f3ba20210e0, 0x5f3ba1ff3e50, 0x5f3ba1ff3e50, 0x70a7d8adb360 <unfinished ...>
[pid 312] 14:57:13.388772 libssl.so.3->EVP_PKEY_keygen_init(0x5f3ba20237d0, 0, 176, 0x5f3ba20237d0) = 1 <0.000146>
[pid 312] 14:57:13.388967 libssl.so.3->EVP_PKEY_keygen(0x5f3ba20237d0, 0x7ffd6c1c8da0, 0, 103) = 1 <0.000440>
[pid 312] 14:57:13.391242 libssl.so.3->EVP_PKEY_derive_init(0x5f3ba20237d0, 0, 176, 0x5f3ba20237d0) = 1 <0.000220>
[pid 312] 14:57:13.391540 libssl.so.3->EVP_PKEY_derive_set_peer(0x5f3ba20237d0, 0x5f3ba2020e20, 0, 0x5f3ba2020b30) = 1 <0.000192>
[pid 312] 14:57:13.391799 libssl.so.3->EVP_PKEY_derive(0x5f3ba20237d0, 0, 0x7ffd6c1c8d60, 0) = 1 <0.000179>
[pid 312] 14:57:13.392046 libssl.so.3->EVP_PKEY_derive(0x5f3ba20237d0, 0x5f3ba2020ec0, 0x7ffd6c1c8d60, 0x5f3ba2020ec0) = 1 <0.000499>
[pid 312] 14:57:13.393270 libssl.so.3->X509_verify_cert(0x5f3ba2018ea0, 0, 0x8000, 0xffffffff) = 1 <0.000524>
[pid 312] 14:57:13.394112 libssl.so.3->EVP_DigestVerifyInit_ex(0x5f3ba1f45810, 0x7ffd6c1c8e08, 0, 0) = 1 <0.000173>
[pid 312] 14:57:13.394338 libssl.so.3->EVP_DigestVerify(0x5f3ba1f45810, 0x5f3ba2025798, 3309, 0x7ffd6c1c8e10) = 1 <0.000270>
[pid 312] 14:57:13.394872 libssl.so.3->X509_verify_cert(0x5f3ba2018ea0, 1, 1, 0) = 1 <0.000300>
[pid 312] 14:57:13.395543 libssl.so.3->EVP_DigestSignInit_ex(0x5f3ba20396d0, 0x7ffd6c1c8df0, 0, 0) = 1 <0.000150>
[pid 312] 14:57:13.395763 libssl.so.3->EVP_DigestSign(0x5f3ba20396d0, 0, 0x7ffd6c1c8e00, 0x7ffd6c1c8e10) = 1 <0.000195>
[pid 312] 14:57:13.396003 libssl.so.3->EVP_DigestSign(0x5f3ba20396d0, 0x5f3ba2018fc0, 0x7ffd6c1c8e00, 0x7ffd6c1c8e10) = 1 <0.000440>
[pid 312] 14:57:13.396676 <... SSL_connect resumed> ) = 1 <0.008338>
Handshake duration: 8.50 ms
[pid 312] 14:57:13.398987 +++ exited (status 0) +++
Execution 57 - TLS Mutual
s_connection: verify depth is 1
[pid 314] 14:57:13.460315 openssl->SSL_connect(0x637f0d28c0e0, 0x637f0d25ee50, 0x637f0d25ee50, 0x73750348e360 <unfinished ...>
[pid 314] 14:57:13.460783 libssl.so.3->EVP_PKEY_keygen_init(0x637f0d28e7d0, 0, 176, 0x637f0d28e7d0) = 1 <0.000147>
[pid 314] 14:57:13.460979 libssl.so.3->EVP_PKEY_keygen(0x637f0d28e7d0, 0x7fffc7756230, 0, 103) = 1 <0.000440>
[pid 314] 14:57:13.463595 libssl.so.3->EVP_PKEY_derive_init(0x637f0d28e7d0, 0, 176, 0x637f0d28e7d0) = 1 <0.000243>
[pid 314] 14:57:13.463885 libssl.so.3->EVP_PKEY_derive_set_peer(0x637f0d28e7d0, 0x637f0d28be20, 0, 0x637f0d28bb30) = 1 <0.000144>
[pid 314] 14:57:13.464073 libssl.so.3->EVP_PKEY_derive(0x637f0d28e7d0, 0, 0x7fffc77561f0, 0) = 1 <0.000101>
[pid 314] 14:57:13.464228 libssl.so.3->EVP_PKEY_derive(0x637f0d28e7d0, 0x637f0d28bec0, 0x7fffc77561f0, 0x637f0d28bec0) = 1 <0.000413>
[pid 314] 14:57:13.465605 libssl.so.3->X509_verify_cert(0x637f0d283ea0, 0, 0x8000, 0xffffffff) = 1 <0.000846>
[pid 314] 14:57:13.466760 libssl.so.3->EVP_DigestVerifyInit_ex(0x637f0d1b0810, 0x7fffc7756298, 0, 0) = 1 <0.000171>
[pid 314] 14:57:13.466992 libssl.so.3->EVP_DigestVerify(0x637f0d1b0810, 0x637f0d290798, 3309, 0x7fffc77562a0) = 1 <0.000225>
[pid 314] 14:57:13.467481 libssl.so.3->X509_verify_cert(0x637f0d283ea0, 1, 1, 0) = 1 <0.000247>
[pid 314] 14:57:13.468095 libssl.so.3->EVP_DigestSignInit_ex(0x637f0d2a46d0, 0x7fffc7756280, 0, 0) = 1 <0.000159>
[pid 314] 14:57:13.468310 libssl.so.3->EVP_DigestSign(0x637f0d2a46d0, 0, 0x7fffc7756290, 0x7fffc77562a0) = 1 <0.000154>
[pid 314] 14:57:13.468509 libssl.so.3->EVP_DigestSign(0x637f0d2a46d0, 0x637f0d283fc0, 0x7fffc7756290, 0x7fffc77562a0) = 1 <0.000473>
[pid 314] 14:57:13.469220 <... SSL_connect resumed> ) = 1 <0.008922>
Handshake duration: 9.12 ms
[pid 314] 14:57:13.471771 +++ exited (status 0) +++
Execution 58 - TLS Mutual
s_connection: verify depth is 1
[pid 316] 14:57:13.529372 openssl->SSL_connect(0x621d620b60e0, 0x621d62088e50, 0x621d62088e50, 0x75971f320360 <unfinished ...>
[pid 316] 14:57:13.529924 libssl.so.3->EVP_PKEY_keygen_init(0x621d620b87d0, 0, 176, 0x621d620b87d0) = 1 <0.000232>
[pid 316] 14:57:13.530211 libssl.so.3->EVP_PKEY_keygen(0x621d620b87d0, 0x7ffc015f1a30, 0, 103) = 1 <0.000502>
[pid 316] 14:57:13.532787 libssl.so.3->EVP_PKEY_derive_init(0x621d620b87d0, 0, 176, 0x621d620b87d0) = 1 <0.000262>
[pid 316] 14:57:13.533147 libssl.so.3->EVP_PKEY_derive_set_peer(0x621d620b87d0, 0x621d620b5e20, 0, 0x621d620b5b30) = 1 <0.000191>
[pid 316] 14:57:13.533415 libssl.so.3->EVP_PKEY_derive(0x621d620b87d0, 0, 0x7ffc015f19f0, 0) = 1 <0.000202>
[pid 316] 14:57:13.533941 libssl.so.3->EVP_PKEY_derive(0x621d620b87d0, 0x621d620b5ec0, 0x7ffc015f19f0, 0x621d620b5ec0) = 1 <0.000349>
[pid 316] 14:57:13.534995 libssl.so.3->X509_verify_cert(0x621d620adea0, 0, 0x8000, 0xffffffff) = 1 <0.000591>
[pid 316] 14:57:13.535822 libssl.so.3->EVP_DigestVerifyInit_ex(0x621d61fda810, 0x7ffc015f1a98, 0, 0) = 1 <0.000160>
[pid 316] 14:57:13.536042 libssl.so.3->EVP_DigestVerify(0x621d61fda810, 0x621d620ba798, 3309, 0x7ffc015f1aa0) = 1 <0.000214>
[pid 316] 14:57:13.536547 libssl.so.3->X509_verify_cert(0x621d620adea0, 1, 1, 0) = 1 <0.000275>
[pid 316] 14:57:13.537176 libssl.so.3->EVP_DigestSignInit_ex(0x621d620ce6d0, 0x7ffc015f1a80, 0, 0) = 1 <0.000213>
[pid 316] 14:57:13.537457 libssl.so.3->EVP_DigestSign(0x621d620ce6d0, 0, 0x7ffc015f1a90, 0x7ffc015f1aa0) = 1 <0.000139>
[pid 316] 14:57:13.537661 libssl.so.3->EVP_DigestSign(0x621d620ce6d0, 0x621d620adfc0, 0x7ffc015f1a90, 0x7ffc015f1aa0) = 1 <0.000380>
[pid 316] 14:57:13.538254 <... SSL_connect resumed> ) = 1 <0.008891>
Handshake duration: 9.06 ms
[pid 316] 14:57:13.540376 +++ exited (status 0) +++
Execution 59 - TLS Mutual
s_connection: verify depth is 1
[pid 318] 14:57:13.598233 openssl->SSL_connect(0x5fa832db20e0, 0x5fa832d84e50, 0x5fa832d84e50, 0x7470d5bbe360 <unfinished ...>
[pid 318] 14:57:13.598700 libssl.so.3->EVP_PKEY_keygen_init(0x5fa832db47d0, 0, 176, 0x5fa832db47d0) = 1 <0.000205>
[pid 318] 14:57:13.598966 libssl.so.3->EVP_PKEY_keygen(0x5fa832db47d0, 0x7ffd36aaefd0, 0, 103) = 1 <0.000497>
[pid 318] 14:57:13.601183 libssl.so.3->EVP_PKEY_derive_init(0x5fa832db47d0, 0, 176, 0x5fa832db47d0) = 1 <0.000219>
[pid 318] 14:57:13.601471 libssl.so.3->EVP_PKEY_derive_set_peer(0x5fa832db47d0, 0x5fa832db1e20, 0, 0x5fa832db1b30) = 1 <0.000132>
[pid 318] 14:57:13.601658 libssl.so.3->EVP_PKEY_derive(0x5fa832db47d0, 0, 0x7ffd36aaef90, 0) = 1 <0.000129>
[pid 318] 14:57:13.601834 libssl.so.3->EVP_PKEY_derive(0x5fa832db47d0, 0x5fa832db1ec0, 0x7ffd36aaef90, 0x5fa832db1ec0) = 1 <0.000363>
[pid 318] 14:57:13.602889 libssl.so.3->X509_verify_cert(0x5fa832da9ea0, 0, 0x8000, 0xffffffff) = 1 <0.000494>
[pid 318] 14:57:13.603604 libssl.so.3->EVP_DigestVerifyInit_ex(0x5fa832cd6810, 0x7ffd36aaf038, 0, 0) = 1 <0.000135>
[pid 318] 14:57:13.603788 libssl.so.3->EVP_DigestVerify(0x5fa832cd6810, 0x5fa832db6798, 3309, 0x7ffd36aaf040) = 1 <0.000214>
[pid 318] 14:57:13.604646 libssl.so.3->X509_verify_cert(0x5fa832da9ea0, 1, 1, 0) = 1 <0.000241>
[pid 318] 14:57:13.605186 libssl.so.3->EVP_DigestSignInit_ex(0x5fa832dca6d0, 0x7ffd36aaf020, 0, 0) = 1 <0.000130>
[pid 318] 14:57:13.605378 libssl.so.3->EVP_DigestSign(0x5fa832dca6d0, 0, 0x7ffd36aaf030, 0x7ffd36aaf040) = 1 <0.000153>
[pid 318] 14:57:13.605568 libssl.so.3->EVP_DigestSign(0x5fa832dca6d0, 0x5fa832da9fc0, 0x7ffd36aaf030, 0x7ffd36aaf040) = 1 <0.000460>
[pid 318] 14:57:13.606270 <... SSL_connect resumed> ) = 1 <0.008047>
Handshake duration: 8.24 ms
[pid 318] 14:57:13.608451 +++ exited (status 0) +++
Execution 60 - TLS Mutual
s_connection: verify depth is 1
[pid 320] 14:57:13.682164 openssl->SSL_connect(0x5bdb5a20a0e0, 0x5bdb5a1dce50, 0x5bdb5a1dce50, 0x785cac547360 <unfinished ...>
[pid 320] 14:57:13.682608 libssl.so.3->EVP_PKEY_keygen_init(0x5bdb5a20c7d0, 0, 176, 0x5bdb5a20c7d0) = 1 <0.000172>
[pid 320] 14:57:13.682859 libssl.so.3->EVP_PKEY_keygen(0x5bdb5a20c7d0, 0x7ffdef2bc970, 0, 103) = 1 <0.000484>
[pid 320] 14:57:13.685194 libssl.so.3->EVP_PKEY_derive_init(0x5bdb5a20c7d0, 0, 176, 0x5bdb5a20c7d0) = 1 <0.000217>
[pid 320] 14:57:13.685495 libssl.so.3->EVP_PKEY_derive_set_peer(0x5bdb5a20c7d0, 0x5bdb5a209e20, 0, 0x5bdb5a209b30) = 1 <0.000168>
[pid 320] 14:57:13.685731 libssl.so.3->EVP_PKEY_derive(0x5bdb5a20c7d0, 0, 0x7ffdef2bc930, 0) = 1 <0.000157>
[pid 320] 14:57:13.686028 libssl.so.3->EVP_PKEY_derive(0x5bdb5a20c7d0, 0x5bdb5a209ec0, 0x7ffdef2bc930, 0x5bdb5a209ec0) = 1 <0.000402>
[pid 320] 14:57:13.687134 libssl.so.3->X509_verify_cert(0x5bdb5a201ea0, 0, 0x8000, 0xffffffff) = 1 <0.000533>
[pid 320] 14:57:13.687869 libssl.so.3->EVP_DigestVerifyInit_ex(0x5bdb5a12e810, 0x7ffdef2bc9d8, 0, 0) = 1 <0.000150>
[pid 320] 14:57:13.688074 libssl.so.3->EVP_DigestVerify(0x5bdb5a12e810, 0x5bdb5a20e798, 3309, 0x7ffdef2bc9e0) = 1 <0.000233>
[pid 320] 14:57:13.688598 libssl.so.3->X509_verify_cert(0x5bdb5a201ea0, 1, 1, 0) = 1 <0.000248>
[pid 320] 14:57:13.689159 libssl.so.3->EVP_DigestSignInit_ex(0x5bdb5a2226d0, 0x7ffdef2bc9c0, 0, 0) = 1 <0.000150>
[pid 320] 14:57:13.689377 libssl.so.3->EVP_DigestSign(0x5bdb5a2226d0, 0, 0x7ffdef2bc9d0, 0x7ffdef2bc9e0) = 1 <0.000213>
[pid 320] 14:57:13.689635 libssl.so.3->EVP_DigestSign(0x5bdb5a2226d0, 0x5bdb5a201fc0, 0x7ffdef2bc9d0, 0x7ffdef2bc9e0) = 1 <0.000283>
[pid 320] 14:57:13.690127 <... SSL_connect resumed> ) = 1 <0.007972>
Handshake duration: 8.20 ms
[pid 320] 14:57:13.692269 +++ exited (status 0) +++
Execution 61 - TLS Mutual
s_connection: verify depth is 1
[pid 322] 14:57:13.748710 openssl->SSL_connect(0x60f5d357c0e0, 0x60f5d354ee50, 0x60f5d354ee50, 0x744848397360 <unfinished ...>
[pid 322] 14:57:13.749200 libssl.so.3->EVP_PKEY_keygen_init(0x60f5d357e7d0, 0, 176, 0x60f5d357e7d0) = 1 <0.000233>
[pid 322] 14:57:13.749544 libssl.so.3->EVP_PKEY_keygen(0x60f5d357e7d0, 0x7ffe2de16f30, 0, 103) = 1 <0.000592>
[pid 322] 14:57:13.752665 libssl.so.3->EVP_PKEY_derive_init(0x60f5d357e7d0, 0, 176, 0x60f5d357e7d0) = 1 <0.000181>
[pid 322] 14:57:13.752905 libssl.so.3->EVP_PKEY_derive_set_peer(0x60f5d357e7d0, 0x60f5d357be20, 0, 0x60f5d357bb30) = 1 <0.000144>
[pid 322] 14:57:13.753115 libssl.so.3->EVP_PKEY_derive(0x60f5d357e7d0, 0, 0x7ffe2de16ef0, 0) = 1 <0.000141>
[pid 322] 14:57:13.753313 libssl.so.3->EVP_PKEY_derive(0x60f5d357e7d0, 0x60f5d357bec0, 0x7ffe2de16ef0, 0x60f5d357bec0) = 1 <0.000429>
[pid 322] 14:57:13.754601 libssl.so.3->X509_verify_cert(0x60f5d3573ea0, 0, 0x8000, 0xffffffff) = 1 <0.000605>
[pid 322] 14:57:13.755442 libssl.so.3->EVP_DigestVerifyInit_ex(0x60f5d34a0810, 0x7ffe2de16f98, 0, 0) = 1 <0.000165>
[pid 322] 14:57:13.755655 libssl.so.3->EVP_DigestVerify(0x60f5d34a0810, 0x60f5d3580798, 3309, 0x7ffe2de16fa0) = 1 <0.000252>
[pid 322] 14:57:13.756134 libssl.so.3->X509_verify_cert(0x60f5d3573ea0, 1, 1, 0) = 1 <0.000245>
[pid 322] 14:57:13.756715 libssl.so.3->EVP_DigestSignInit_ex(0x60f5d35946d0, 0x7ffe2de16f80, 0, 0) = 1 <0.000126>
[pid 322] 14:57:13.756884 libssl.so.3->EVP_DigestSign(0x60f5d35946d0, 0, 0x7ffe2de16f90, 0x7ffe2de16fa0) = 1 <0.000139>
[pid 322] 14:57:13.757082 libssl.so.3->EVP_DigestSign(0x60f5d35946d0, 0x60f5d3573fc0, 0x7ffe2de16f90, 0x7ffe2de16fa0) = 1 <0.000330>
[pid 322] 14:57:13.757651 <... SSL_connect resumed> ) = 1 <0.008949>
Handshake duration: 9.11 ms
[pid 322] 14:57:13.759727 +++ exited (status 0) +++
Execution 62 - TLS Mutual
s_connection: verify depth is 1
[pid 324] 14:57:13.814238 openssl->SSL_connect(0x5f8a50df40e0, 0x5f8a50dc6e50, 0x5f8a50dc6e50, 0x744d37d44360 <unfinished ...>
[pid 324] 14:57:13.814675 libssl.so.3->EVP_PKEY_keygen_init(0x5f8a50df67d0, 0, 176, 0x5f8a50df67d0) = 1 <0.000190>
[pid 324] 14:57:13.814914 libssl.so.3->EVP_PKEY_keygen(0x5f8a50df67d0, 0x7ffe39ffd700, 0, 103) = 1 <0.000482>
[pid 324] 14:57:13.817237 libssl.so.3->EVP_PKEY_derive_init(0x5f8a50df67d0, 0, 176, 0x5f8a50df67d0) = 1 <0.000224>
[pid 324] 14:57:13.817563 libssl.so.3->EVP_PKEY_derive_set_peer(0x5f8a50df67d0, 0x5f8a50df3e20, 0, 0x5f8a50df3b30) = 1 <0.000190>
[pid 324] 14:57:13.817797 libssl.so.3->EVP_PKEY_derive(0x5f8a50df67d0, 0, 0x7ffe39ffd6c0, 0) = 1 <0.000136>
[pid 324] 14:57:13.817980 libssl.so.3->EVP_PKEY_derive(0x5f8a50df67d0, 0x5f8a50df3ec0, 0x7ffe39ffd6c0, 0x5f8a50df3ec0) = 1 <0.000355>
[pid 324] 14:57:13.819076 libssl.so.3->X509_verify_cert(0x5f8a50debea0, 0, 0x8000, 0xffffffff) = 1 <0.000514>
[pid 324] 14:57:13.819786 libssl.so.3->EVP_DigestVerifyInit_ex(0x5f8a50d18810, 0x7ffe39ffd768, 0, 0) = 1 <0.000140>
[pid 324] 14:57:13.819967 libssl.so.3->EVP_DigestVerify(0x5f8a50d18810, 0x5f8a50df8798, 3309, 0x7ffe39ffd770) = 1 <0.000207>
[pid 324] 14:57:13.820396 libssl.so.3->X509_verify_cert(0x5f8a50debea0, 1, 1, 0) = 1 <0.000235>
[pid 324] 14:57:13.820954 libssl.so.3->EVP_DigestSignInit_ex(0x5f8a50e0c6d0, 0x7ffe39ffd750, 0, 0) = 1 <0.000198>
[pid 324] 14:57:13.821210 libssl.so.3->EVP_DigestSign(0x5f8a50e0c6d0, 0, 0x7ffe39ffd760, 0x7ffe39ffd770) = 1 <0.000144>
[pid 324] 14:57:13.821439 libssl.so.3->EVP_DigestSign(0x5f8a50e0c6d0, 0x5f8a50debfc0, 0x7ffe39ffd760, 0x7ffe39ffd770) = 1 <0.000522>
[pid 324] 14:57:13.822180 <... SSL_connect resumed> ) = 1 <0.007952>
Handshake duration: 8.13 ms
[pid 324] 14:57:13.824215 +++ exited (status 0) +++
Execution 63 - TLS Mutual
s_connection: verify depth is 1
[pid 326] 14:57:13.879796 openssl->SSL_connect(0x58dc0c84f0e0, 0x58dc0c821e50, 0x58dc0c821e50, 0x79f5906f0360 <unfinished ...>
[pid 326] 14:57:13.880274 libssl.so.3->EVP_PKEY_keygen_init(0x58dc0c8517d0, 0, 176, 0x58dc0c8517d0) = 1 <0.000220>
[pid 326] 14:57:13.880559 libssl.so.3->EVP_PKEY_keygen(0x58dc0c8517d0, 0x7ffdb078a850, 0, 103) = 1 <0.000465>
[pid 326] 14:57:13.882822 libssl.so.3->EVP_PKEY_derive_init(0x58dc0c8517d0, 0, 176, 0x58dc0c8517d0) = 1 <0.000174>
[pid 326] 14:57:13.883063 libssl.so.3->EVP_PKEY_derive_set_peer(0x58dc0c8517d0, 0x58dc0c84ee20, 0, 0x58dc0c84eb30) = 1 <0.000201>
[pid 326] 14:57:13.883325 libssl.so.3->EVP_PKEY_derive(0x58dc0c8517d0, 0, 0x7ffdb078a810, 0) = 1 <0.000138>
[pid 326] 14:57:13.883534 libssl.so.3->EVP_PKEY_derive(0x58dc0c8517d0, 0x58dc0c84eec0, 0x7ffdb078a810, 0x58dc0c84eec0) = 1 <0.000327>
[pid 326] 14:57:13.884672 libssl.so.3->X509_verify_cert(0x58dc0c846ea0, 0, 0x8000, 0xffffffff) = 1 <0.000584>
[pid 326] 14:57:13.885527 libssl.so.3->EVP_DigestVerifyInit_ex(0x58dc0c773810, 0x7ffdb078a8b8, 0, 0) = 1 <0.000146>
[pid 326] 14:57:13.885722 libssl.so.3->EVP_DigestVerify(0x58dc0c773810, 0x58dc0c853798, 3309, 0x7ffdb078a8c0) = 1 <0.000275>
[pid 326] 14:57:13.886331 libssl.so.3->X509_verify_cert(0x58dc0c846ea0, 1, 1, 0) = 1 <0.000326>
[pid 326] 14:57:13.886978 libssl.so.3->EVP_DigestSignInit_ex(0x58dc0c8676d0, 0x7ffdb078a8a0, 0, 0) = 1 <0.000174>
[pid 326] 14:57:13.887216 libssl.so.3->EVP_DigestSign(0x58dc0c8676d0, 0, 0x7ffdb078a8b0, 0x7ffdb078a8c0) = 1 <0.000173>
[pid 326] 14:57:13.887448 libssl.so.3->EVP_DigestSign(0x58dc0c8676d0, 0x58dc0c846fc0, 0x7ffdb078a8b0, 0x7ffdb078a8c0) = 1 <0.000629>
[pid 326] 14:57:13.888293 <... SSL_connect resumed> ) = 1 <0.008505>
Handshake duration: 8.67 ms
[pid 326] 14:57:13.890325 +++ exited (status 0) +++
Execution 64 - TLS Mutual
s_connection: verify depth is 1
[pid 328] 14:57:13.950706 openssl->SSL_connect(0x584948a010e0, 0x5849489d3e50, 0x5849489d3e50, 0x7f0dce570360 <unfinished ...>
[pid 328] 14:57:13.951274 libssl.so.3->EVP_PKEY_keygen_init(0x584948a037d0, 0, 176, 0x584948a037d0) = 1 <0.000333>
[pid 328] 14:57:13.951711 libssl.so.3->EVP_PKEY_keygen(0x584948a037d0, 0x7ffdfef7e2b0, 0, 103) = 1 <0.000540>
[pid 328] 14:57:13.954245 libssl.so.3->EVP_PKEY_derive_init(0x584948a037d0, 0, 176, 0x584948a037d0) = 1 <0.000249>
[pid 328] 14:57:13.954556 libssl.so.3->EVP_PKEY_derive_set_peer(0x584948a037d0, 0x584948a00e20, 0, 0x584948a00b30) = 1 <0.000178>
[pid 328] 14:57:13.954824 libssl.so.3->EVP_PKEY_derive(0x584948a037d0, 0, 0x7ffdfef7e270, 0) = 1 <0.000360>
[pid 328] 14:57:13.955251 libssl.so.3->EVP_PKEY_derive(0x584948a037d0, 0x584948a00ec0, 0x7ffdfef7e270, 0x584948a00ec0) = 1 <0.000414>
[pid 328] 14:57:13.956378 libssl.so.3->X509_verify_cert(0x5849489f8ea0, 0, 0x8000, 0xffffffff) = 1 <0.000472>
[pid 328] 14:57:13.957033 libssl.so.3->EVP_DigestVerifyInit_ex(0x584948925810, 0x7ffdfef7e318, 0, 0) = 1 <0.000121>
[pid 328] 14:57:13.957205 libssl.so.3->EVP_DigestVerify(0x584948925810, 0x584948a05798, 3309, 0x7ffdfef7e320) = 1 <0.000250>
[pid 328] 14:57:13.957700 libssl.so.3->X509_verify_cert(0x5849489f8ea0, 1, 1, 0) = 1 <0.000232>
[pid 328] 14:57:13.958323 libssl.so.3->EVP_DigestSignInit_ex(0x584948a196d0, 0x7ffdfef7e300, 0, 0) = 1 <0.000207>
[pid 328] 14:57:13.958624 libssl.so.3->EVP_DigestSign(0x584948a196d0, 0, 0x7ffdfef7e310, 0x7ffdfef7e320) = 1 <0.000169>
[pid 328] 14:57:13.958839 libssl.so.3->EVP_DigestSign(0x584948a196d0, 0x5849489f8fc0, 0x7ffdfef7e310, 0x7ffdfef7e320) = 1 <0.000420>
[pid 328] 14:57:13.959600 <... SSL_connect resumed> ) = 1 <0.008895>
Handshake duration: 9.15 ms
[pid 328] 14:57:13.962159 +++ exited (status 0) +++
Execution 65 - TLS Mutual
s_connection: verify depth is 1
[pid 330] 14:57:14.033521 openssl->SSL_connect(0x63d3902020e0, 0x63d3901d4e50, 0x63d3901d4e50, 0x7b237c152360 <unfinished ...>
[pid 330] 14:57:14.034071 libssl.so.3->EVP_PKEY_keygen_init(0x63d3902047d0, 0, 176, 0x63d3902047d0) = 1 <0.000228>
[pid 330] 14:57:14.034383 libssl.so.3->EVP_PKEY_keygen(0x63d3902047d0, 0x7ffe9711ef90, 0, 103) = 1 <0.000587>
[pid 330] 14:57:14.036833 libssl.so.3->EVP_PKEY_derive_init(0x63d3902047d0, 0, 176, 0x63d3902047d0) = 1 <0.000226>
[pid 330] 14:57:14.037161 libssl.so.3->EVP_PKEY_derive_set_peer(0x63d3902047d0, 0x63d390201e20, 0, 0x63d390201b30) = 1 <0.000207>
[pid 330] 14:57:14.037453 libssl.so.3->EVP_PKEY_derive(0x63d3902047d0, 0, 0x7ffe9711ef50, 0) = 1 <0.000182>
[pid 330] 14:57:14.037697 libssl.so.3->EVP_PKEY_derive(0x63d3902047d0, 0x63d390201ec0, 0x7ffe9711ef50, 0x63d390201ec0) = 1 <0.000404>
[pid 330] 14:57:14.038804 libssl.so.3->X509_verify_cert(0x63d3901f9ea0, 0, 0x8000, 0xffffffff) = 1 <0.000525>
[pid 330] 14:57:14.039644 libssl.so.3->EVP_DigestVerifyInit_ex(0x63d390126810, 0x7ffe9711eff8, 0, 0) = 1 <0.000165>
[pid 330] 14:57:14.039850 libssl.so.3->EVP_DigestVerify(0x63d390126810, 0x63d390206798, 3309, 0x7ffe9711f000) = 1 <0.000193>
[pid 330] 14:57:14.040278 libssl.so.3->X509_verify_cert(0x63d3901f9ea0, 1, 1, 0) = 1 <0.000250>
[pid 330] 14:57:14.040850 libssl.so.3->EVP_DigestSignInit_ex(0x63d39021a6d0, 0x7ffe9711efe0, 0, 0) = 1 <0.000197>
[pid 330] 14:57:14.041116 libssl.so.3->EVP_DigestSign(0x63d39021a6d0, 0, 0x7ffe9711eff0, 0x7ffe9711f000) = 1 <0.000141>
[pid 330] 14:57:14.041318 libssl.so.3->EVP_DigestSign(0x63d39021a6d0, 0x63d3901f9fc0, 0x7ffe9711eff0, 0x7ffe9711f000) = 1 <0.000352>
[pid 330] 14:57:14.041857 <... SSL_connect resumed> ) = 1 <0.008347>
Handshake duration: 8.52 ms
[pid 330] 14:57:14.044036 +++ exited (status 0) +++
Execution 66 - TLS Mutual
s_connection: verify depth is 1
[pid 332] 14:57:14.101277 openssl->SSL_connect(0x5c4171f5a0e0, 0x5c4171f2ce50, 0x5c4171f2ce50, 0x771410437360 <unfinished ...>
[pid 332] 14:57:14.101729 libssl.so.3->EVP_PKEY_keygen_init(0x5c4171f5c7d0, 0, 176, 0x5c4171f5c7d0) = 1 <0.000160>
[pid 332] 14:57:14.101933 libssl.so.3->EVP_PKEY_keygen(0x5c4171f5c7d0, 0x7ffe9f766cf0, 0, 103) = 1 <0.000437>
[pid 332] 14:57:14.104092 libssl.so.3->EVP_PKEY_derive_init(0x5c4171f5c7d0, 0, 176, 0x5c4171f5c7d0) = 1 <0.000210>
[pid 332] 14:57:14.104347 libssl.so.3->EVP_PKEY_derive_set_peer(0x5c4171f5c7d0, 0x5c4171f59e20, 0, 0x5c4171f59b30) = 1 <0.000131>
[pid 332] 14:57:14.104526 libssl.so.3->EVP_PKEY_derive(0x5c4171f5c7d0, 0, 0x7ffe9f766cb0, 0) = 1 <0.000128>
[pid 332] 14:57:14.104692 libssl.so.3->EVP_PKEY_derive(0x5c4171f5c7d0, 0x5c4171f59ec0, 0x7ffe9f766cb0, 0x5c4171f59ec0) = 1 <0.000319>
[pid 332] 14:57:14.105697 libssl.so.3->X509_verify_cert(0x5c4171f51ea0, 0, 0x8000, 0xffffffff) = 1 <0.000525>
[pid 332] 14:57:14.106439 libssl.so.3->EVP_DigestVerifyInit_ex(0x5c4171e7e810, 0x7ffe9f766d58, 0, 0) = 1 <0.000149>
[pid 332] 14:57:14.106635 libssl.so.3->EVP_DigestVerify(0x5c4171e7e810, 0x5c4171f5e798, 3309, 0x7ffe9f766d60) = 1 <0.000191>
[pid 332] 14:57:14.107040 libssl.so.3->X509_verify_cert(0x5c4171f51ea0, 1, 1, 0) = 1 <0.000242>
[pid 332] 14:57:14.107589 libssl.so.3->EVP_DigestSignInit_ex(0x5c4171f726d0, 0x7ffe9f766d40, 0, 0) = 1 <0.000157>
[pid 332] 14:57:14.107825 libssl.so.3->EVP_DigestSign(0x5c4171f726d0, 0, 0x7ffe9f766d50, 0x7ffe9f766d60) = 1 <0.000171>
[pid 332] 14:57:14.108055 libssl.so.3->EVP_DigestSign(0x5c4171f726d0, 0x5c4171f51fc0, 0x7ffe9f766d50, 0x7ffe9f766d60) = 1 <0.000599>
[pid 332] 14:57:14.108890 <... SSL_connect resumed> ) = 1 <0.007623>
Handshake duration: 7.81 ms
[pid 332] 14:57:14.111236 +++ exited (status 0) +++
Execution 67 - TLS Mutual
s_connection: verify depth is 1
[pid 334] 14:57:14.174258 openssl->SSL_connect(0x651de31430e0, 0x651de3115e50, 0x651de3115e50, 0x7bb26db97360 <unfinished ...>
[pid 334] 14:57:14.174809 libssl.so.3->EVP_PKEY_keygen_init(0x651de31457d0, 0, 176, 0x651de31457d0) = 1 <0.000275>
[pid 334] 14:57:14.175184 libssl.so.3->EVP_PKEY_keygen(0x651de31457d0, 0x7ffdbd222120, 0, 103) = 1 <0.000827>
[pid 334] 14:57:14.178016 libssl.so.3->EVP_PKEY_derive_init(0x651de31457d0, 0, 176, 0x651de31457d0) = 1 <0.000189>
[pid 334] 14:57:14.178250 libssl.so.3->EVP_PKEY_derive_set_peer(0x651de31457d0, 0x651de3142e20, 0, 0x651de3142b30) = 1 <0.000118>
[pid 334] 14:57:14.178408 libssl.so.3->EVP_PKEY_derive(0x651de31457d0, 0, 0x7ffdbd2220e0, 0) = 1 <0.000115>
[pid 334] 14:57:14.178563 libssl.so.3->EVP_PKEY_derive(0x651de31457d0, 0x651de3142ec0, 0x7ffdbd2220e0, 0x651de3142ec0) = 1 <0.000304>
[pid 334] 14:57:14.179664 libssl.so.3->X509_verify_cert(0x651de313aea0, 0, 0x8000, 0xffffffff) = 1 <0.000510>
[pid 334] 14:57:14.180447 libssl.so.3->EVP_DigestVerifyInit_ex(0x651de3067810, 0x7ffdbd222188, 0, 0) = 1 <0.000166>
[pid 334] 14:57:14.180708 libssl.so.3->EVP_DigestVerify(0x651de3067810, 0x651de3147798, 3309, 0x7ffdbd222190) = 1 <0.000291>
[pid 334] 14:57:14.181328 libssl.so.3->X509_verify_cert(0x651de313aea0, 1, 1, 0) = 1 <0.000266>
[pid 334] 14:57:14.181999 libssl.so.3->EVP_DigestSignInit_ex(0x651de315b6d0, 0x7ffdbd222170, 0, 0) = 1 <0.000211>
[pid 334] 14:57:14.182301 libssl.so.3->EVP_DigestSign(0x651de315b6d0, 0, 0x7ffdbd222180, 0x7ffdbd222190) = 1 <0.000198>
[pid 334] 14:57:14.182569 libssl.so.3->EVP_DigestSign(0x651de315b6d0, 0x651de313afc0, 0x7ffdbd222180, 0x7ffdbd222190) = 1 <0.000342>
[pid 334] 14:57:14.183188 <... SSL_connect resumed> ) = 1 <0.008939>
Handshake duration: 9.16 ms
[pid 334] 14:57:14.185825 +++ exited (status 0) +++
Execution 68 - TLS Mutual
s_connection: verify depth is 1
[pid 336] 14:57:14.243684 openssl->SSL_connect(0x569f129d00e0, 0x569f129a2e50, 0x569f129a2e50, 0x715158c60360 <unfinished ...>
[pid 336] 14:57:14.244170 libssl.so.3->EVP_PKEY_keygen_init(0x569f129d27d0, 0, 176, 0x569f129d27d0) = 1 <0.000234>
[pid 336] 14:57:14.244514 libssl.so.3->EVP_PKEY_keygen(0x569f129d27d0, 0x7ffe68d8ff60, 0, 103) = 1 <0.000488>
[pid 336] 14:57:14.246886 libssl.so.3->EVP_PKEY_derive_init(0x569f129d27d0, 0, 176, 0x569f129d27d0) = 1 <0.000208>
[pid 336] 14:57:14.247137 libssl.so.3->EVP_PKEY_derive_set_peer(0x569f129d27d0, 0x569f129cfe20, 0, 0x569f129cfb30) = 1 <0.000145>
[pid 336] 14:57:14.247336 libssl.so.3->EVP_PKEY_derive(0x569f129d27d0, 0, 0x7ffe68d8ff20, 0) = 1 <0.000173>
[pid 336] 14:57:14.247601 libssl.so.3->EVP_PKEY_derive(0x569f129d27d0, 0x569f129cfec0, 0x7ffe68d8ff20, 0x569f129cfec0) = 1 <0.000387>
[pid 336] 14:57:14.248890 libssl.so.3->X509_verify_cert(0x569f129c7ea0, 0, 0x8000, 0xffffffff) = 1 <0.000525>
[pid 336] 14:57:14.249647 libssl.so.3->EVP_DigestVerifyInit_ex(0x569f128f4810, 0x7ffe68d8ffc8, 0, 0) = 1 <0.000143>
[pid 336] 14:57:14.249838 libssl.so.3->EVP_DigestVerify(0x569f128f4810, 0x569f129d4798, 3309, 0x7ffe68d8ffd0) = 1 <0.000252>
[pid 336] 14:57:14.250381 libssl.so.3->X509_verify_cert(0x569f129c7ea0, 1, 1, 0) = 1 <0.000317>
[pid 336] 14:57:14.251031 libssl.so.3->EVP_DigestSignInit_ex(0x569f129e86d0, 0x7ffe68d8ffb0, 0, 0) = 1 <0.000180>
[pid 336] 14:57:14.251260 libssl.so.3->EVP_DigestSign(0x569f129e86d0, 0, 0x7ffe68d8ffc0, 0x7ffe68d8ffd0) = 1 <0.000138>
[pid 336] 14:57:14.251475 libssl.so.3->EVP_DigestSign(0x569f129e86d0, 0x569f129c7fc0, 0x7ffe68d8ffc0, 0x7ffe68d8ffd0) = 1 <0.000448>
[pid 336] 14:57:14.252128 <... SSL_connect resumed> ) = 1 <0.008451>
Handshake duration: 8.61 ms
[pid 336] 14:57:14.254435 +++ exited (status 0) +++
Execution 69 - TLS Mutual
s_connection: verify depth is 1
[pid 338] 14:57:14.325000 openssl->SSL_connect(0x5f86b59930e0, 0x5f86b5965e50, 0x5f86b5965e50, 0x737ac2e8b360 <unfinished ...>
[pid 338] 14:57:14.325688 libssl.so.3->EVP_PKEY_keygen_init(0x5f86b59957d0, 0, 176, 0x5f86b59957d0) = 1 <0.000243>
[pid 338] 14:57:14.325994 libssl.so.3->EVP_PKEY_keygen(0x5f86b59957d0, 0x7ffe3d8070e0, 0, 103) = 1 <0.000499>
[pid 338] 14:57:14.328891 libssl.so.3->EVP_PKEY_derive_init(0x5f86b59957d0, 0, 176, 0x5f86b59957d0) = 1 <0.000317>
[pid 338] 14:57:14.329299 libssl.so.3->EVP_PKEY_derive_set_peer(0x5f86b59957d0, 0x5f86b5992e20, 0, 0x5f86b5992b30) = 1 <0.000253>
[pid 338] 14:57:14.329653 libssl.so.3->EVP_PKEY_derive(0x5f86b59957d0, 0, 0x7ffe3d8070a0, 0) = 1 <0.000269>
[pid 338] 14:57:14.329988 libssl.so.3->EVP_PKEY_derive(0x5f86b59957d0, 0x5f86b5992ec0, 0x7ffe3d8070a0, 0x5f86b5992ec0) = 1 <0.000426>
[pid 338] 14:57:14.331530 libssl.so.3->X509_verify_cert(0x5f86b598aea0, 0, 0x8000, 0xffffffff) = 1 <0.000727>
[pid 338] 14:57:14.332560 libssl.so.3->EVP_DigestVerifyInit_ex(0x5f86b58b7810, 0x7ffe3d807148, 0, 0) = 1 <0.000211>
[pid 338] 14:57:14.332829 libssl.so.3->EVP_DigestVerify(0x5f86b58b7810, 0x5f86b5997798, 3309, 0x7ffe3d807150) = 1 <0.000260>
[pid 338] 14:57:14.333378 libssl.so.3->X509_verify_cert(0x5f86b598aea0, 1, 1, 0) = 1 <0.000345>
[pid 338] 14:57:14.334135 libssl.so.3->EVP_DigestSignInit_ex(0x5f86b59ab6d0, 0x7ffe3d807130, 0, 0) = 1 <0.000316>
[pid 338] 14:57:14.334514 libssl.so.3->EVP_DigestSign(0x5f86b59ab6d0, 0, 0x7ffe3d807140, 0x7ffe3d807150) = 1 <0.000131>
[pid 338] 14:57:14.334701 libssl.so.3->EVP_DigestSign(0x5f86b59ab6d0, 0x5f86b598afc0, 0x7ffe3d807140, 0x7ffe3d807150) = 1 <0.000336>
[pid 338] 14:57:14.335307 <... SSL_connect resumed> ) = 1 <0.010323>
Handshake duration: 10.58 ms
[pid 338] 14:57:14.338947 +++ exited (status 0) +++
Execution 70 - TLS Mutual
s_connection: verify depth is 1
[pid 340] 14:57:14.403508 openssl->SSL_connect(0x56be048ed0e0, 0x56be048bfe50, 0x56be048bfe50, 0x705e42455360 <unfinished ...>
[pid 340] 14:57:14.404055 libssl.so.3->EVP_PKEY_keygen_init(0x56be048ef7d0, 0, 176, 0x56be048ef7d0) = 1 <0.002516>
[pid 340] 14:57:14.406660 libssl.so.3->EVP_PKEY_keygen(0x56be048ef7d0, 0x7ffedf771650, 0, 103) = 1 <0.000419>
[pid 340] 14:57:14.408985 libssl.so.3->EVP_PKEY_derive_init(0x56be048ef7d0, 0, 176, 0x56be048ef7d0) = 1 <0.000236>
[pid 340] 14:57:14.409281 libssl.so.3->EVP_PKEY_derive_set_peer(0x56be048ef7d0, 0x56be048ece20, 0, 0x56be048ecb30) = 1 <0.000158>
[pid 340] 14:57:14.409523 libssl.so.3->EVP_PKEY_derive(0x56be048ef7d0, 0, 0x7ffedf771610, 0) = 1 <0.000138>
[pid 340] 14:57:14.409717 libssl.so.3->EVP_PKEY_derive(0x56be048ef7d0, 0x56be048ecec0, 0x7ffedf771610, 0x56be048ecec0) = 1 <0.000352>
[pid 340] 14:57:14.410944 libssl.so.3->X509_verify_cert(0x56be048e4ea0, 0, 0x8000, 0xffffffff) = 1 <0.000717>
[pid 340] 14:57:14.411992 libssl.so.3->EVP_DigestVerifyInit_ex(0x56be04811810, 0x7ffedf7716b8, 0, 0) = 1 <0.000290>
[pid 340] 14:57:14.412411 libssl.so.3->EVP_DigestVerify(0x56be04811810, 0x56be048f1798, 3309, 0x7ffedf7716c0) = 1 <0.000290>
[pid 340] 14:57:14.413117 libssl.so.3->X509_verify_cert(0x56be048e4ea0, 1, 1, 0) = 1 <0.000343>
[pid 340] 14:57:14.413867 libssl.so.3->EVP_DigestSignInit_ex(0x56be049056d0, 0x7ffedf7716a0, 0, 0) = 1 <0.000204>
[pid 340] 14:57:14.414124 libssl.so.3->EVP_DigestSign(0x56be049056d0, 0, 0x7ffedf7716b0, 0x7ffedf7716c0) = 1 <0.000130>
[pid 340] 14:57:14.414312 libssl.so.3->EVP_DigestSign(0x56be049056d0, 0x56be048e4fc0, 0x7ffedf7716b0, 0x7ffedf7716c0) = 1 <0.000767>
[pid 340] 14:57:14.415412 <... SSL_connect resumed> ) = 1 <0.011905>
Handshake duration: 12.31 ms
[pid 340] 14:57:14.418505 +++ exited (status 0) +++
Execution 71 - TLS Mutual
s_connection: verify depth is 1
[pid 342] 14:57:14.477640 openssl->SSL_connect(0x63d1972ba0e0, 0x63d19728ce50, 0x63d19728ce50, 0x715efebc5360 <unfinished ...>
[pid 342] 14:57:14.478600 libssl.so.3->EVP_PKEY_keygen_init(0x63d1972bc7d0, 0, 176, 0x63d1972bc7d0) = 1 <0.000221>
[pid 342] 14:57:14.478874 libssl.so.3->EVP_PKEY_keygen(0x63d1972bc7d0, 0x7ffea53177d0, 0, 103) = 1 <0.000459>
[pid 342] 14:57:14.481096 libssl.so.3->EVP_PKEY_derive_init(0x63d1972bc7d0, 0, 176, 0x63d1972bc7d0) = 1 <0.000197>
[pid 342] 14:57:14.481364 libssl.so.3->EVP_PKEY_derive_set_peer(0x63d1972bc7d0, 0x63d1972b9e20, 0, 0x63d1972b9b30) = 1 <0.000143>
[pid 342] 14:57:14.481545 libssl.so.3->EVP_PKEY_derive(0x63d1972bc7d0, 0, 0x7ffea5317790, 0) = 1 <0.000145>
[pid 342] 14:57:14.481734 libssl.so.3->EVP_PKEY_derive(0x63d1972bc7d0, 0x63d1972b9ec0, 0x7ffea5317790, 0x63d1972b9ec0) = 1 <0.000323>
[pid 342] 14:57:14.482789 libssl.so.3->X509_verify_cert(0x63d1972b1ea0, 0, 0x8000, 0xffffffff) = 1 <0.000476>
[pid 342] 14:57:14.483527 libssl.so.3->EVP_DigestVerifyInit_ex(0x63d1971de810, 0x7ffea5317838, 0, 0) = 1 <0.000151>
[pid 342] 14:57:14.483710 libssl.so.3->EVP_DigestVerify(0x63d1971de810, 0x63d1972be798, 3309, 0x7ffea5317840) = 1 <0.000179>
[pid 342] 14:57:14.484155 libssl.so.3->X509_verify_cert(0x63d1972b1ea0, 1, 1, 0) = 1 <0.000310>
[pid 342] 14:57:14.484770 libssl.so.3->EVP_DigestSignInit_ex(0x63d1972d26d0, 0x7ffea5317820, 0, 0) = 1 <0.000159>
[pid 342] 14:57:14.484980 libssl.so.3->EVP_DigestSign(0x63d1972d26d0, 0, 0x7ffea5317830, 0x7ffea5317840) = 1 <0.000161>
[pid 342] 14:57:14.485218 libssl.so.3->EVP_DigestSign(0x63d1972d26d0, 0x63d1972b1fc0, 0x7ffea5317830, 0x7ffea5317840) = 1 <0.000591>
[pid 342] 14:57:14.486029 <... SSL_connect resumed> ) = 1 <0.008397>
Handshake duration: 8.62 ms
[pid 342] 14:57:14.488460 +++ exited (status 0) +++
Execution 72 - TLS Mutual
s_connection: verify depth is 1
[pid 344] 14:57:14.544833 openssl->SSL_connect(0x6161cfcdc0e0, 0x6161cfcaee50, 0x6161cfcaee50, 0x7a186a232360 <unfinished ...>
[pid 344] 14:57:14.545344 libssl.so.3->EVP_PKEY_keygen_init(0x6161cfcde7d0, 0, 176, 0x6161cfcde7d0) = 1 <0.000230>
[pid 344] 14:57:14.545636 libssl.so.3->EVP_PKEY_keygen(0x6161cfcde7d0, 0x7ffd7c21ff70, 0, 103) = 1 <0.000493>
[pid 344] 14:57:14.547961 libssl.so.3->EVP_PKEY_derive_init(0x6161cfcde7d0, 0, 176, 0x6161cfcde7d0) = 1 <0.000180>
[pid 344] 14:57:14.548195 libssl.so.3->EVP_PKEY_derive_set_peer(0x6161cfcde7d0, 0x6161cfcdbe20, 0, 0x6161cfcdbb30) = 1 <0.000139>
[pid 344] 14:57:14.548418 libssl.so.3->EVP_PKEY_derive(0x6161cfcde7d0, 0, 0x7ffd7c21ff30, 0) = 1 <0.000191>
[pid 344] 14:57:14.548680 libssl.so.3->EVP_PKEY_derive(0x6161cfcde7d0, 0x6161cfcdbec0, 0x7ffd7c21ff30, 0x6161cfcdbec0) = 1 <0.000498>
[pid 344] 14:57:14.550143 libssl.so.3->X509_verify_cert(0x6161cfcd3ea0, 0, 0x8000, 0xffffffff) = 1 <0.000661>
[pid 344] 14:57:14.551056 libssl.so.3->EVP_DigestVerifyInit_ex(0x6161cfc00810, 0x7ffd7c21ffd8, 0, 0) = 1 <0.000246>
[pid 344] 14:57:14.551407 libssl.so.3->EVP_DigestVerify(0x6161cfc00810, 0x6161cfce0798, 3309, 0x7ffd7c21ffe0) = 1 <0.000278>
[pid 344] 14:57:14.551913 libssl.so.3->X509_verify_cert(0x6161cfcd3ea0, 1, 1, 0) = 1 <0.000258>
[pid 344] 14:57:14.552497 libssl.so.3->EVP_DigestSignInit_ex(0x6161cfcf46d0, 0x7ffd7c21ffc0, 0, 0) = 1 <0.000145>
[pid 344] 14:57:14.552684 libssl.so.3->EVP_DigestSign(0x6161cfcf46d0, 0, 0x7ffd7c21ffd0, 0x7ffd7c21ffe0) = 1 <0.000121>
[pid 344] 14:57:14.552857 libssl.so.3->EVP_DigestSign(0x6161cfcf46d0, 0x6161cfcd3fc0, 0x7ffd7c21ffd0, 0x7ffd7c21ffe0) = 1 <0.000378>
[pid 344] 14:57:14.553728 <... SSL_connect resumed> ) = 1 <0.008900>
Handshake duration: 9.11 ms
[pid 344] 14:57:14.555948 +++ exited (status 0) +++
Execution 73 - TLS Mutual
s_connection: verify depth is 1
[pid 346] 14:57:14.614629 openssl->SSL_connect(0x59fdfe4500e0, 0x59fdfe422e50, 0x59fdfe422e50, 0x7d7536187360 <unfinished ...>
[pid 346] 14:57:14.615102 libssl.so.3->EVP_PKEY_keygen_init(0x59fdfe4527d0, 0, 176, 0x59fdfe4527d0) = 1 <0.000201>
[pid 346] 14:57:14.615411 libssl.so.3->EVP_PKEY_keygen(0x59fdfe4527d0, 0x7ffecf03cb30, 0, 103) = 1 <0.000584>
[pid 346] 14:57:14.617877 libssl.so.3->EVP_PKEY_derive_init(0x59fdfe4527d0, 0, 176, 0x59fdfe4527d0) = 1 <0.000211>
[pid 346] 14:57:14.618142 libssl.so.3->EVP_PKEY_derive_set_peer(0x59fdfe4527d0, 0x59fdfe44fe20, 0, 0x59fdfe44fb30) = 1 <0.000135>
[pid 346] 14:57:14.618323 libssl.so.3->EVP_PKEY_derive(0x59fdfe4527d0, 0, 0x7ffecf03caf0, 0) = 1 <0.000100>
[pid 346] 14:57:14.618477 libssl.so.3->EVP_PKEY_derive(0x59fdfe4527d0, 0x59fdfe44fec0, 0x7ffecf03caf0, 0x59fdfe44fec0) = 1 <0.000312>
[pid 346] 14:57:14.619508 libssl.so.3->X509_verify_cert(0x59fdfe447ea0, 0, 0x8000, 0xffffffff) = 1 <0.000513>
[pid 346] 14:57:14.620753 libssl.so.3->EVP_DigestVerifyInit_ex(0x59fdfe374810, 0x7ffecf03cb98, 0, 0) = 1 <0.000188>
[pid 346] 14:57:14.620999 libssl.so.3->EVP_DigestVerify(0x59fdfe374810, 0x59fdfe454798, 3309, 0x7ffecf03cba0) = 1 <0.000225>
[pid 346] 14:57:14.621511 libssl.so.3->X509_verify_cert(0x59fdfe447ea0, 1, 1, 0) = 1 <0.000319>
[pid 346] 14:57:14.622240 libssl.so.3->EVP_DigestSignInit_ex(0x59fdfe4686d0, 0x7ffecf03cb80, 0, 0) = 1 <0.000227>
[pid 346] 14:57:14.622564 libssl.so.3->EVP_DigestSign(0x59fdfe4686d0, 0, 0x7ffecf03cb90, 0x7ffecf03cba0) = 1 <0.000171>
[pid 346] 14:57:14.622801 libssl.so.3->EVP_DigestSign(0x59fdfe4686d0, 0x59fdfe447fc0, 0x7ffecf03cb90, 0x7ffecf03cba0) = 1 <0.000323>
[pid 346] 14:57:14.623336 <... SSL_connect resumed> ) = 1 <0.008714>
Handshake duration: 8.91 ms
[pid 346] 14:57:14.625659 +++ exited (status 0) +++
Execution 74 - TLS Mutual
s_connection: verify depth is 1
[pid 348] 14:57:14.690275 openssl->SSL_connect(0x5be25a17f0e0, 0x5be25a151e50, 0x5be25a151e50, 0x7551bf007360 <unfinished ...>
[pid 348] 14:57:14.690841 libssl.so.3->EVP_PKEY_keygen_init(0x5be25a1817d0, 0, 176, 0x5be25a1817d0) = 1 <0.000214>
[pid 348] 14:57:14.691114 libssl.so.3->EVP_PKEY_keygen(0x5be25a1817d0, 0x7fffcfd26490, 0, 103) = 1 <0.000477>
[pid 348] 14:57:14.693724 libssl.so.3->EVP_PKEY_derive_init(0x5be25a1817d0, 0, 176, 0x5be25a1817d0) = 1 <0.000231>
[pid 348] 14:57:14.694010 libssl.so.3->EVP_PKEY_derive_set_peer(0x5be25a1817d0, 0x5be25a17ee20, 0, 0x5be25a17eb30) = 1 <0.000135>
[pid 348] 14:57:14.694188 libssl.so.3->EVP_PKEY_derive(0x5be25a1817d0, 0, 0x7fffcfd26450, 0) = 1 <0.000127>
[pid 348] 14:57:14.694362 libssl.so.3->EVP_PKEY_derive(0x5be25a1817d0, 0x5be25a17eec0, 0x7fffcfd26450, 0x5be25a17eec0) = 1 <0.000337>
[pid 348] 14:57:14.695422 libssl.so.3->X509_verify_cert(0x5be25a176ea0, 0, 0x8000, 0xffffffff) = 1 <0.000555>
[pid 348] 14:57:14.696277 libssl.so.3->EVP_DigestVerifyInit_ex(0x5be25a0a3810, 0x7fffcfd264f8, 0, 0) = 1 <0.000203>
[pid 348] 14:57:14.696531 libssl.so.3->EVP_DigestVerify(0x5be25a0a3810, 0x5be25a183798, 3309, 0x7fffcfd26500) = 1 <0.000227>
[pid 348] 14:57:14.696978 libssl.so.3->X509_verify_cert(0x5be25a176ea0, 1, 1, 0) = 1 <0.000213>
[pid 348] 14:57:14.697539 libssl.so.3->EVP_DigestSignInit_ex(0x5be25a1976d0, 0x7fffcfd264e0, 0, 0) = 1 <0.000138>
[pid 348] 14:57:14.697760 libssl.so.3->EVP_DigestSign(0x5be25a1976d0, 0, 0x7fffcfd264f0, 0x7fffcfd26500) = 1 <0.000192>
[pid 348] 14:57:14.698007 libssl.so.3->EVP_DigestSign(0x5be25a1976d0, 0x5be25a176fc0, 0x7fffcfd264f0, 0x7fffcfd26500) = 1 <0.000695>
[pid 348] 14:57:14.698939 <... SSL_connect resumed> ) = 1 <0.008686>
Handshake duration: 8.91 ms
[pid 348] 14:57:14.701311 +++ exited (status 0) +++
Execution 75 - TLS Mutual
s_connection: verify depth is 1
[pid 350] 14:57:14.757887 openssl->SSL_connect(0x57bad6e670e0, 0x57bad6e39e50, 0x57bad6e39e50, 0x707d890d1360 <unfinished ...>
[pid 350] 14:57:14.758315 libssl.so.3->EVP_PKEY_keygen_init(0x57bad6e697d0, 0, 176, 0x57bad6e697d0) = 1 <0.000228>
[pid 350] 14:57:14.758654 libssl.so.3->EVP_PKEY_keygen(0x57bad6e697d0, 0x7ffc0e4df8b0, 0, 103) = 1 <0.000573>
[pid 350] 14:57:14.760989 libssl.so.3->EVP_PKEY_derive_init(0x57bad6e697d0, 0, 176, 0x57bad6e697d0) = 1 <0.000170>
[pid 350] 14:57:14.761204 libssl.so.3->EVP_PKEY_derive_set_peer(0x57bad6e697d0, 0x57bad6e66e20, 0, 0x57bad6e66b30) = 1 <0.000122>
[pid 350] 14:57:14.761394 libssl.so.3->EVP_PKEY_derive(0x57bad6e697d0, 0, 0x7ffc0e4df870, 0) = 1 <0.000184>
[pid 350] 14:57:14.761645 libssl.so.3->EVP_PKEY_derive(0x57bad6e697d0, 0x57bad6e66ec0, 0x7ffc0e4df870, 0x57bad6e66ec0) = 1 <0.000346>
[pid 350] 14:57:14.762775 libssl.so.3->X509_verify_cert(0x57bad6e5eea0, 0, 0x8000, 0xffffffff) = 1 <0.000657>
[pid 350] 14:57:14.763650 libssl.so.3->EVP_DigestVerifyInit_ex(0x57bad6d8b810, 0x7ffc0e4df918, 0, 0) = 1 <0.000160>
[pid 350] 14:57:14.763859 libssl.so.3->EVP_DigestVerify(0x57bad6d8b810, 0x57bad6e6b798, 3309, 0x7ffc0e4df920) = 1 <0.000214>
[pid 350] 14:57:14.764282 libssl.so.3->X509_verify_cert(0x57bad6e5eea0, 1, 1, 0) = 1 <0.000233>
[pid 350] 14:57:14.764832 libssl.so.3->EVP_DigestSignInit_ex(0x57bad6e7f6d0, 0x7ffc0e4df900, 0, 0) = 1 <0.000132>
[pid 350] 14:57:14.765004 libssl.so.3->EVP_DigestSign(0x57bad6e7f6d0, 0, 0x7ffc0e4df910, 0x7ffc0e4df920) = 1 <0.000226>
[pid 350] 14:57:14.765272 libssl.so.3->EVP_DigestSign(0x57bad6e7f6d0, 0x57bad6e5efc0, 0x7ffc0e4df910, 0x7ffc0e4df920) = 1 <0.000334>
[pid 350] 14:57:14.765798 <... SSL_connect resumed> ) = 1 <0.007925>
Handshake duration: 8.09 ms
[pid 350] 14:57:14.768042 +++ exited (status 0) +++
Execution 76 - TLS Mutual
s_connection: verify depth is 1
[pid 352] 14:57:14.827481 openssl->SSL_connect(0x5ae19c6660e0, 0x5ae19c638e50, 0x5ae19c638e50, 0x7dd9dfcd4360 <unfinished ...>
[pid 352] 14:57:14.827917 libssl.so.3->EVP_PKEY_keygen_init(0x5ae19c6687d0, 0, 176, 0x5ae19c6687d0) = 1 <0.000194>
[pid 352] 14:57:14.828208 libssl.so.3->EVP_PKEY_keygen(0x5ae19c6687d0, 0x7ffd0f3a2de0, 0, 103) = 1 <0.000517>
[pid 352] 14:57:14.830715 libssl.so.3->EVP_PKEY_derive_init(0x5ae19c6687d0, 0, 176, 0x5ae19c6687d0) = 1 <0.000220>
[pid 352] 14:57:14.830979 libssl.so.3->EVP_PKEY_derive_set_peer(0x5ae19c6687d0, 0x5ae19c665e20, 0, 0x5ae19c665b30) = 1 <0.000156>
[pid 352] 14:57:14.831185 libssl.so.3->EVP_PKEY_derive(0x5ae19c6687d0, 0, 0x7ffd0f3a2da0, 0) = 1 <0.000143>
[pid 352] 14:57:14.831391 libssl.so.3->EVP_PKEY_derive(0x5ae19c6687d0, 0x5ae19c665ec0, 0x7ffd0f3a2da0, 0x5ae19c665ec0) = 1 <0.000402>
[pid 352] 14:57:14.832513 libssl.so.3->X509_verify_cert(0x5ae19c65dea0, 0, 0x8000, 0xffffffff) = 1 <0.000541>
[pid 352] 14:57:14.833273 libssl.so.3->EVP_DigestVerifyInit_ex(0x5ae19c58a810, 0x7ffd0f3a2e48, 0, 0) = 1 <0.000169>
[pid 352] 14:57:14.833495 libssl.so.3->EVP_DigestVerify(0x5ae19c58a810, 0x5ae19c66a798, 3309, 0x7ffd0f3a2e50) = 1 <0.000246>
[pid 352] 14:57:14.833969 libssl.so.3->X509_verify_cert(0x5ae19c65dea0, 1, 1, 0) = 1 <0.000246>
[pid 352] 14:57:14.834564 libssl.so.3->EVP_DigestSignInit_ex(0x5ae19c67e6d0, 0x7ffd0f3a2e30, 0, 0) = 1 <0.000173>
[pid 352] 14:57:14.834819 libssl.so.3->EVP_DigestSign(0x5ae19c67e6d0, 0, 0x7ffd0f3a2e40, 0x7ffd0f3a2e50) = 1 <0.000160>
[pid 352] 14:57:14.835025 libssl.so.3->EVP_DigestSign(0x5ae19c67e6d0, 0x5ae19c65dfc0, 0x7ffd0f3a2e40, 0x7ffd0f3a2e50) = 1 <0.000346>
[pid 352] 14:57:14.835606 <... SSL_connect resumed> ) = 1 <0.008135>
Handshake duration: 8.35 ms
[pid 352] 14:57:14.837763 +++ exited (status 0) +++
Execution 77 - TLS Mutual
s_connection: verify depth is 1
[pid 354] 14:57:14.898901 openssl->SSL_connect(0x64b44ca180e0, 0x64b44c9eae50, 0x64b44c9eae50, 0x7fca2ed8e360 <unfinished ...>
[pid 354] 14:57:14.899572 libssl.so.3->EVP_PKEY_keygen_init(0x64b44ca1a7d0, 0, 176, 0x64b44ca1a7d0) = 1 <0.000265>
[pid 354] 14:57:14.899903 libssl.so.3->EVP_PKEY_keygen(0x64b44ca1a7d0, 0x7ffccab8c7e0, 0, 103) = 1 <0.000487>
[pid 354] 14:57:14.902440 libssl.so.3->EVP_PKEY_derive_init(0x64b44ca1a7d0, 0, 176, 0x64b44ca1a7d0) = 1 <0.000246>
[pid 354] 14:57:14.902737 libssl.so.3->EVP_PKEY_derive_set_peer(0x64b44ca1a7d0, 0x64b44ca17e20, 0, 0x64b44ca17b30) = 1 <0.000154>
[pid 354] 14:57:14.902990 libssl.so.3->EVP_PKEY_derive(0x64b44ca1a7d0, 0, 0x7ffccab8c7a0, 0) = 1 <0.000205>
[pid 354] 14:57:14.903273 libssl.so.3->EVP_PKEY_derive(0x64b44ca1a7d0, 0x64b44ca17ec0, 0x7ffccab8c7a0, 0x64b44ca17ec0) = 1 <0.000580>
[pid 354] 14:57:14.904787 libssl.so.3->X509_verify_cert(0x64b44ca0fea0, 0, 0x8000, 0xffffffff) = 1 <0.000624>
[pid 354] 14:57:14.905702 libssl.so.3->EVP_DigestVerifyInit_ex(0x64b44c93c810, 0x7ffccab8c848, 0, 0) = 1 <0.000215>
[pid 354] 14:57:14.905991 libssl.so.3->EVP_DigestVerify(0x64b44c93c810, 0x64b44ca1c798, 3309, 0x7ffccab8c850) = 1 <0.000284>
[pid 354] 14:57:14.906614 libssl.so.3->X509_verify_cert(0x64b44ca0fea0, 1, 1, 0) = 1 <0.000323>
[pid 354] 14:57:14.907332 libssl.so.3->EVP_DigestSignInit_ex(0x64b44ca306d0, 0x7ffccab8c830, 0, 0) = 1 <0.000226>
[pid 354] 14:57:14.907613 libssl.so.3->EVP_DigestSign(0x64b44ca306d0, 0, 0x7ffccab8c840, 0x7ffccab8c850) = 1 <0.000198>
[pid 354] 14:57:14.907885 libssl.so.3->EVP_DigestSign(0x64b44ca306d0, 0x64b44ca0ffc0, 0x7ffccab8c840, 0x7ffccab8c850) = 1 <0.000395>
[pid 354] 14:57:14.908565 <... SSL_connect resumed> ) = 1 <0.009663>
Handshake duration: 9.91 ms
[pid 354] 14:57:14.911042 +++ exited (status 0) +++
Execution 78 - TLS Mutual
s_connection: verify depth is 1
[pid 356] 14:57:14.965819 openssl->SSL_connect(0x5f6131c440e0, 0x5f6131c16e50, 0x5f6131c16e50, 0x71329ea25360 <unfinished ...>
[pid 356] 14:57:14.966311 libssl.so.3->EVP_PKEY_keygen_init(0x5f6131c467d0, 0, 176, 0x5f6131c467d0) = 1 <0.000202>
[pid 356] 14:57:14.966566 libssl.so.3->EVP_PKEY_keygen(0x5f6131c467d0, 0x7ffede024220, 0, 103) = 1 <0.000460>
[pid 356] 14:57:14.968906 libssl.so.3->EVP_PKEY_derive_init(0x5f6131c467d0, 0, 176, 0x5f6131c467d0) = 1 <0.000263>
[pid 356] 14:57:14.969248 libssl.so.3->EVP_PKEY_derive_set_peer(0x5f6131c467d0, 0x5f6131c43e20, 0, 0x5f6131c43b30) = 1 <0.000215>
[pid 356] 14:57:14.969531 libssl.so.3->EVP_PKEY_derive(0x5f6131c467d0, 0, 0x7ffede0241e0, 0) = 1 <0.000165>
[pid 356] 14:57:14.969750 libssl.so.3->EVP_PKEY_derive(0x5f6131c467d0, 0x5f6131c43ec0, 0x7ffede0241e0, 0x5f6131c43ec0) = 1 <0.000372>
[pid 356] 14:57:14.970870 libssl.so.3->X509_verify_cert(0x5f6131c3bea0, 0, 0x8000, 0xffffffff) = 1 <0.000560>
[pid 356] 14:57:14.971659 libssl.so.3->EVP_DigestVerifyInit_ex(0x5f6131b68810, 0x7ffede024288, 0, 0) = 1 <0.000147>
[pid 356] 14:57:14.971853 libssl.so.3->EVP_DigestVerify(0x5f6131b68810, 0x5f6131c48798, 3309, 0x7ffede024290) = 1 <0.000171>
[pid 356] 14:57:14.972215 libssl.so.3->X509_verify_cert(0x5f6131c3bea0, 1, 1, 0) = 1 <0.000210>
[pid 356] 14:57:14.972991 libssl.so.3->EVP_DigestSignInit_ex(0x5f6131c5c6d0, 0x7ffede024270, 0, 0) = 1 <0.000261>
[pid 356] 14:57:14.973306 libssl.so.3->EVP_DigestSign(0x5f6131c5c6d0, 0, 0x7ffede024280, 0x7ffede024290) = 1 <0.000197>
[pid 356] 14:57:14.973563 libssl.so.3->EVP_DigestSign(0x5f6131c5c6d0, 0x5f6131c3bfc0, 0x7ffede024280, 0x7ffede024290) = 1 <0.000345>
[pid 356] 14:57:14.974147 <... SSL_connect resumed> ) = 1 <0.008328>
Handshake duration: 8.51 ms
[pid 356] 14:57:14.976437 +++ exited (status 0) +++
Execution 79 - TLS Mutual
s_connection: verify depth is 1
[pid 358] 14:57:15.036577 openssl->SSL_connect(0x5c37c38a40e0, 0x5c37c3876e50, 0x5c37c3876e50, 0x73a12bc71360 <unfinished ...>
[pid 358] 14:57:15.037239 libssl.so.3->EVP_PKEY_keygen_init(0x5c37c38a67d0, 0, 176, 0x5c37c38a67d0) = 1 <0.000224>
[pid 358] 14:57:15.037517 libssl.so.3->EVP_PKEY_keygen(0x5c37c38a67d0, 0x7ffce579aff0, 0, 103) = 1 <0.000557>
[pid 358] 14:57:15.040069 libssl.so.3->EVP_PKEY_derive_init(0x5c37c38a67d0, 0, 176, 0x5c37c38a67d0) = 1 <0.000186>
[pid 358] 14:57:15.040307 libssl.so.3->EVP_PKEY_derive_set_peer(0x5c37c38a67d0, 0x5c37c38a3e20, 0, 0x5c37c38a3b30) = 1 <0.000155>
[pid 358] 14:57:15.040505 libssl.so.3->EVP_PKEY_derive(0x5c37c38a67d0, 0, 0x7ffce579afb0, 0) = 1 <0.000104>
[pid 358] 14:57:15.040653 libssl.so.3->EVP_PKEY_derive(0x5c37c38a67d0, 0x5c37c38a3ec0, 0x7ffce579afb0, 0x5c37c38a3ec0) = 1 <0.000319>
[pid 358] 14:57:15.041675 libssl.so.3->X509_verify_cert(0x5c37c389bea0, 0, 0x8000, 0xffffffff) = 1 <0.000488>
[pid 358] 14:57:15.042363 libssl.so.3->EVP_DigestVerifyInit_ex(0x5c37c37c8810, 0x7ffce579b058, 0, 0) = 1 <0.000150>
[pid 358] 14:57:15.042558 libssl.so.3->EVP_DigestVerify(0x5c37c37c8810, 0x5c37c38a8798, 3309, 0x7ffce579b060) = 1 <0.000188>
[pid 358] 14:57:15.042950 libssl.so.3->X509_verify_cert(0x5c37c389bea0, 1, 1, 0) = 1 <0.000227>
[pid 358] 14:57:15.043474 libssl.so.3->EVP_DigestSignInit_ex(0x5c37c38bc6d0, 0x7ffce579b040, 0, 0) = 1 <0.000127>
[pid 358] 14:57:15.043645 libssl.so.3->EVP_DigestSign(0x5c37c38bc6d0, 0, 0x7ffce579b050, 0x7ffce579b060) = 1 <0.000115>
[pid 358] 14:57:15.043816 libssl.so.3->EVP_DigestSign(0x5c37c38bc6d0, 0x5c37c389bfc0, 0x7ffce579b050, 0x7ffce579b060) = 1 <0.000347>
[pid 358] 14:57:15.044357 <... SSL_connect resumed> ) = 1 <0.007794>
Handshake duration: 8.01 ms
[pid 358] 14:57:15.046627 +++ exited (status 0) +++
Execution 80 - TLS Mutual
s_connection: verify depth is 1
[pid 360] 14:57:15.109754 openssl->SSL_connect(0x6395e1de60e0, 0x6395e1db8e50, 0x6395e1db8e50, 0x79058fd3b360 <unfinished ...>
[pid 360] 14:57:15.110150 libssl.so.3->EVP_PKEY_keygen_init(0x6395e1de87d0, 0, 176, 0x6395e1de87d0) = 1 <0.000136>
[pid 360] 14:57:15.110337 libssl.so.3->EVP_PKEY_keygen(0x6395e1de87d0, 0x7ffc768c00c0, 0, 103) = 1 <0.000459>
[pid 360] 14:57:15.112573 libssl.so.3->EVP_PKEY_derive_init(0x6395e1de87d0, 0, 176, 0x6395e1de87d0) = 1 <0.000127>
[pid 360] 14:57:15.112738 libssl.so.3->EVP_PKEY_derive_set_peer(0x6395e1de87d0, 0x6395e1de5e20, 0, 0x6395e1de5b30) = 1 <0.000109>
[pid 360] 14:57:15.112889 libssl.so.3->EVP_PKEY_derive(0x6395e1de87d0, 0, 0x7ffc768c0080, 0) = 1 <0.000102>
[pid 360] 14:57:15.113036 libssl.so.3->EVP_PKEY_derive(0x6395e1de87d0, 0x6395e1de5ec0, 0x7ffc768c0080, 0x6395e1de5ec0) = 1 <0.000309>
[pid 360] 14:57:15.114010 libssl.so.3->X509_verify_cert(0x6395e1dddea0, 0, 0x8000, 0xffffffff) = 1 <0.000479>
[pid 360] 14:57:15.114674 libssl.so.3->EVP_DigestVerifyInit_ex(0x6395e1d0a810, 0x7ffc768c0128, 0, 0) = 1 <0.000124>
[pid 360] 14:57:15.114842 libssl.so.3->EVP_DigestVerify(0x6395e1d0a810, 0x6395e1dea798, 3309, 0x7ffc768c0130) = 1 <0.000164>
[pid 360] 14:57:15.115200 libssl.so.3->X509_verify_cert(0x6395e1dddea0, 1, 1, 0) = 1 <0.000229>
[pid 360] 14:57:15.115722 libssl.so.3->EVP_DigestSignInit_ex(0x6395e1dfe6d0, 0x7ffc768c0110, 0, 0) = 1 <0.000132>
[pid 360] 14:57:15.115903 libssl.so.3->EVP_DigestSign(0x6395e1dfe6d0, 0, 0x7ffc768c0120, 0x7ffc768c0130) = 1 <0.000143>
[pid 360] 14:57:15.116088 libssl.so.3->EVP_DigestSign(0x6395e1dfe6d0, 0x6395e1dddfc0, 0x7ffc768c0120, 0x7ffc768c0130) = 1 <0.000339>
[pid 360] 14:57:15.116640 <... SSL_connect resumed> ) = 1 <0.006893>
Handshake duration: 7.04 ms
[pid 360] 14:57:15.118517 +++ exited (status 0) +++
Execution 81 - TLS Mutual
s_connection: verify depth is 1
[pid 362] 14:57:15.174290 openssl->SSL_connect(0x571e063770e0, 0x571e06349e50, 0x571e06349e50, 0x796ca49ea360 <unfinished ...>
[pid 362] 14:57:15.174725 libssl.so.3->EVP_PKEY_keygen_init(0x571e063797d0, 0, 176, 0x571e063797d0) = 1 <0.000135>
[pid 362] 14:57:15.174910 libssl.so.3->EVP_PKEY_keygen(0x571e063797d0, 0x7fff36c2c660, 0, 103) = 1 <0.000435>
[pid 362] 14:57:15.177136 libssl.so.3->EVP_PKEY_derive_init(0x571e063797d0, 0, 176, 0x571e063797d0) = 1 <0.000167>
[pid 362] 14:57:15.177359 libssl.so.3->EVP_PKEY_derive_set_peer(0x571e063797d0, 0x571e06376e20, 0, 0x571e06376b30) = 1 <0.000139>
[pid 362] 14:57:15.177542 libssl.so.3->EVP_PKEY_derive(0x571e063797d0, 0, 0x7fff36c2c620, 0) = 1 <0.000110>
[pid 362] 14:57:15.177698 libssl.so.3->EVP_PKEY_derive(0x571e063797d0, 0x571e06376ec0, 0x7fff36c2c620, 0x571e06376ec0) = 1 <0.000334>
[pid 362] 14:57:15.178686 libssl.so.3->X509_verify_cert(0x571e0636eea0, 0, 0x8000, 0xffffffff) = 1 <0.000458>
[pid 362] 14:57:15.179338 libssl.so.3->EVP_DigestVerifyInit_ex(0x571e0629b810, 0x7fff36c2c6c8, 0, 0) = 1 <0.000163>
[pid 362] 14:57:15.179549 libssl.so.3->EVP_DigestVerify(0x571e0629b810, 0x571e0637b798, 3309, 0x7fff36c2c6d0) = 1 <0.000200>
[pid 362] 14:57:15.179947 libssl.so.3->X509_verify_cert(0x571e0636eea0, 1, 1, 0) = 1 <0.000213>
[pid 362] 14:57:15.180454 libssl.so.3->EVP_DigestSignInit_ex(0x571e0638f6d0, 0x7fff36c2c6b0, 0, 0) = 1 <0.000134>
[pid 362] 14:57:15.180649 libssl.so.3->EVP_DigestSign(0x571e0638f6d0, 0, 0x7fff36c2c6c0, 0x7fff36c2c6d0) = 1 <0.000143>
[pid 362] 14:57:15.180832 libssl.so.3->EVP_DigestSign(0x571e0638f6d0, 0x571e0636efc0, 0x7fff36c2c6c0, 0x7fff36c2c6d0) = 1 <0.000479>
[pid 362] 14:57:15.181563 <... SSL_connect resumed> ) = 1 <0.007280>
Handshake duration: 7.51 ms
[pid 362] 14:57:15.183659 +++ exited (status 0) +++
Execution 82 - TLS Mutual
s_connection: verify depth is 1
[pid 364] 14:57:15.239765 openssl->SSL_connect(0x5588209a60e0, 0x558820978e50, 0x558820978e50, 0x74dc9b011360 <unfinished ...>
[pid 364] 14:57:15.240173 libssl.so.3->EVP_PKEY_keygen_init(0x5588209a87d0, 0, 176, 0x5588209a87d0) = 1 <0.000150>
[pid 364] 14:57:15.240371 libssl.so.3->EVP_PKEY_keygen(0x5588209a87d0, 0x7ffeda503410, 0, 103) = 1 <0.000433>
[pid 364] 14:57:15.242510 libssl.so.3->EVP_PKEY_derive_init(0x5588209a87d0, 0, 176, 0x5588209a87d0) = 1 <0.000181>
[pid 364] 14:57:15.242730 libssl.so.3->EVP_PKEY_derive_set_peer(0x5588209a87d0, 0x5588209a5e20, 0, 0x5588209a5b30) = 1 <0.000117>
[pid 364] 14:57:15.242889 libssl.so.3->EVP_PKEY_derive(0x5588209a87d0, 0, 0x7ffeda5033d0, 0) = 1 <0.000120>
[pid 364] 14:57:15.243043 libssl.so.3->EVP_PKEY_derive(0x5588209a87d0, 0x5588209a5ec0, 0x7ffeda5033d0, 0x5588209a5ec0) = 1 <0.000326>
[pid 364] 14:57:15.244033 libssl.so.3->X509_verify_cert(0x55882099dea0, 0, 0x8000, 0xffffffff) = 1 <0.000484>
[pid 364] 14:57:15.244700 libssl.so.3->EVP_DigestVerifyInit_ex(0x5588208ca810, 0x7ffeda503478, 0, 0) = 1 <0.000124>
[pid 364] 14:57:15.244865 libssl.so.3->EVP_DigestVerify(0x5588208ca810, 0x5588209aa798, 3309, 0x7ffeda503480) = 1 <0.000169>
[pid 364] 14:57:15.245247 libssl.so.3->X509_verify_cert(0x55882099dea0, 1, 1, 0) = 1 <0.000237>
[pid 364] 14:57:15.245759 libssl.so.3->EVP_DigestSignInit_ex(0x5588209be6d0, 0x7ffeda503460, 0, 0) = 1 <0.000130>
[pid 364] 14:57:15.245928 libssl.so.3->EVP_DigestSign(0x5588209be6d0, 0, 0x7ffeda503470, 0x7ffeda503480) = 1 <0.000097>
[pid 364] 14:57:15.246072 libssl.so.3->EVP_DigestSign(0x5588209be6d0, 0x55882099dfc0, 0x7ffeda503470, 0x7ffeda503480) = 1 <0.000313>
[pid 364] 14:57:15.246593 <... SSL_connect resumed> ) = 1 <0.006835>
Handshake duration: 6.99 ms
[pid 364] 14:57:15.248516 +++ exited (status 0) +++
Execution 83 - TLS Mutual
s_connection: verify depth is 1
[pid 366] 14:57:15.305566 openssl->SSL_connect(0x56b9aaa190e0, 0x56b9aa9ebe50, 0x56b9aa9ebe50, 0x7e9d0ff2d360 <unfinished ...>
[pid 366] 14:57:15.305987 libssl.so.3->EVP_PKEY_keygen_init(0x56b9aaa1b7d0, 0, 176, 0x56b9aaa1b7d0) = 1 <0.000151>
[pid 366] 14:57:15.306190 libssl.so.3->EVP_PKEY_keygen(0x56b9aaa1b7d0, 0x7ffd84eb47a0, 0, 103) = 1 <0.000455>
[pid 366] 14:57:15.308729 libssl.so.3->EVP_PKEY_derive_init(0x56b9aaa1b7d0, 0, 176, 0x56b9aaa1b7d0) = 1 <0.000147>
[pid 366] 14:57:15.308913 libssl.so.3->EVP_PKEY_derive_set_peer(0x56b9aaa1b7d0, 0x56b9aaa18e20, 0, 0x56b9aaa18b30) = 1 <0.000114>
[pid 366] 14:57:15.309069 libssl.so.3->EVP_PKEY_derive(0x56b9aaa1b7d0, 0, 0x7ffd84eb4760, 0) = 1 <0.000115>
[pid 366] 14:57:15.309228 libssl.so.3->EVP_PKEY_derive(0x56b9aaa1b7d0, 0x56b9aaa18ec0, 0x7ffd84eb4760, 0x56b9aaa18ec0) = 1 <0.000364>
[pid 366] 14:57:15.310252 libssl.so.3->X509_verify_cert(0x56b9aaa10ea0, 0, 0x8000, 0xffffffff) = 1 <0.000503>
[pid 366] 14:57:15.310950 libssl.so.3->EVP_DigestVerifyInit_ex(0x56b9aa93d810, 0x7ffd84eb4808, 0, 0) = 1 <0.000128>
[pid 366] 14:57:15.311121 libssl.so.3->EVP_DigestVerify(0x56b9aa93d810, 0x56b9aaa1d798, 3309, 0x7ffd84eb4810) = 1 <0.000183>
[pid 366] 14:57:15.311553 libssl.so.3->X509_verify_cert(0x56b9aaa10ea0, 1, 1, 0) = 1 <0.000219>
[pid 366] 14:57:15.312051 libssl.so.3->EVP_DigestSignInit_ex(0x56b9aaa316d0, 0x7ffd84eb47f0, 0, 0) = 1 <0.000116>
[pid 366] 14:57:15.312213 libssl.so.3->EVP_DigestSign(0x56b9aaa316d0, 0, 0x7ffd84eb4800, 0x7ffd84eb4810) = 1 <0.000129>
[pid 366] 14:57:15.312407 libssl.so.3->EVP_DigestSign(0x56b9aaa316d0, 0x56b9aaa10fc0, 0x7ffd84eb4800, 0x7ffd84eb4810) = 1 <0.000321>
[pid 366] 14:57:15.312918 <... SSL_connect resumed> ) = 1 <0.007362>
Handshake duration: 7.57 ms
[pid 366] 14:57:15.315191 +++ exited (status 0) +++
Execution 84 - TLS Mutual
s_connection: verify depth is 1
[pid 368] 14:57:15.369911 openssl->SSL_connect(0x5ee99ea5f0e0, 0x5ee99ea31e50, 0x5ee99ea31e50, 0x7df60308f360 <unfinished ...>
[pid 368] 14:57:15.370316 libssl.so.3->EVP_PKEY_keygen_init(0x5ee99ea617d0, 0, 176, 0x5ee99ea617d0) = 1 <0.000165>
[pid 368] 14:57:15.370533 libssl.so.3->EVP_PKEY_keygen(0x5ee99ea617d0, 0x7ffede1eac00, 0, 103) = 1 <0.000430>
[pid 368] 14:57:15.372662 libssl.so.3->EVP_PKEY_derive_init(0x5ee99ea617d0, 0, 176, 0x5ee99ea617d0) = 1 <0.000132>
[pid 368] 14:57:15.372830 libssl.so.3->EVP_PKEY_derive_set_peer(0x5ee99ea617d0, 0x5ee99ea5ee20, 0, 0x5ee99ea5eb30) = 1 <0.000109>
[pid 368] 14:57:15.372975 libssl.so.3->EVP_PKEY_derive(0x5ee99ea617d0, 0, 0x7ffede1eabc0, 0) = 1 <0.000105>
[pid 368] 14:57:15.373123 libssl.so.3->EVP_PKEY_derive(0x5ee99ea617d0, 0x5ee99ea5eec0, 0x7ffede1eabc0, 0x5ee99ea5eec0) = 1 <0.000314>
[pid 368] 14:57:15.374075 libssl.so.3->X509_verify_cert(0x5ee99ea56ea0, 0, 0x8000, 0xffffffff) = 1 <0.000512>
[pid 368] 14:57:15.374816 libssl.so.3->EVP_DigestVerifyInit_ex(0x5ee99e983810, 0x7ffede1eac68, 0, 0) = 1 <0.000135>
[pid 368] 14:57:15.374994 libssl.so.3->EVP_DigestVerify(0x5ee99e983810, 0x5ee99ea63798, 3309, 0x7ffede1eac70) = 1 <0.000176>
[pid 368] 14:57:15.375377 libssl.so.3->X509_verify_cert(0x5ee99ea56ea0, 1, 1, 0) = 1 <0.000220>
[pid 368] 14:57:15.375879 libssl.so.3->EVP_DigestSignInit_ex(0x5ee99ea776d0, 0x7ffede1eac50, 0, 0) = 1 <0.000114>
[pid 368] 14:57:15.376046 libssl.so.3->EVP_DigestSign(0x5ee99ea776d0, 0, 0x7ffede1eac60, 0x7ffede1eac70) = 1 <0.000125>
[pid 368] 14:57:15.376216 libssl.so.3->EVP_DigestSign(0x5ee99ea776d0, 0x5ee99ea56fc0, 0x7ffede1eac60, 0x7ffede1eac70) = 1 <0.000387>
[pid 368] 14:57:15.376782 <... SSL_connect resumed> ) = 1 <0.006878>
Handshake duration: 7.02 ms
[pid 368] 14:57:15.378794 +++ exited (status 0) +++
Execution 85 - TLS Mutual
s_connection: verify depth is 1
[pid 370] 14:57:15.435811 openssl->SSL_connect(0x572577f190e0, 0x572577eebe50, 0x572577eebe50, 0x7eb30ef87360 <unfinished ...>
[pid 370] 14:57:15.436239 libssl.so.3->EVP_PKEY_keygen_init(0x572577f1b7d0, 0, 176, 0x572577f1b7d0) = 1 <0.000144>
[pid 370] 14:57:15.436450 libssl.so.3->EVP_PKEY_keygen(0x572577f1b7d0, 0x7ffef5074f50, 0, 103) = 1 <0.000456>
[pid 370] 14:57:15.438662 libssl.so.3->EVP_PKEY_derive_init(0x572577f1b7d0, 0, 176, 0x572577f1b7d0) = 1 <0.000163>
[pid 370] 14:57:15.438871 libssl.so.3->EVP_PKEY_derive_set_peer(0x572577f1b7d0, 0x572577f18e20, 0, 0x572577f18b30) = 1 <0.000131>
[pid 370] 14:57:15.439055 libssl.so.3->EVP_PKEY_derive(0x572577f1b7d0, 0, 0x7ffef5074f10, 0) = 1 <0.000127>
[pid 370] 14:57:15.439231 libssl.so.3->EVP_PKEY_derive(0x572577f1b7d0, 0x572577f18ec0, 0x7ffef5074f10, 0x572577f18ec0) = 1 <0.000345>
[pid 370] 14:57:15.440223 libssl.so.3->X509_verify_cert(0x572577f10ea0, 0, 0x8000, 0xffffffff) = 1 <0.000484>
[pid 370] 14:57:15.440892 libssl.so.3->EVP_DigestVerifyInit_ex(0x572577e3d810, 0x7ffef5074fb8, 0, 0) = 1 <0.000137>
[pid 370] 14:57:15.441075 libssl.so.3->EVP_DigestVerify(0x572577e3d810, 0x572577f1d798, 3309, 0x7ffef5074fc0) = 1 <0.000207>
[pid 370] 14:57:15.441527 libssl.so.3->X509_verify_cert(0x572577f10ea0, 1, 1, 0) = 1 <0.000238>
[pid 370] 14:57:15.442041 libssl.so.3->EVP_DigestSignInit_ex(0x572577f316d0, 0x7ffef5074fa0, 0, 0) = 1 <0.000141>
[pid 370] 14:57:15.442233 libssl.so.3->EVP_DigestSign(0x572577f316d0, 0, 0x7ffef5074fb0, 0x7ffef5074fc0) = 1 <0.000158>
[pid 370] 14:57:15.442459 libssl.so.3->EVP_DigestSign(0x572577f316d0, 0x572577f10fc0, 0x7ffef5074fb0, 0x7ffef5074fc0) = 1 <0.000382>
[pid 370] 14:57:15.443065 <... SSL_connect resumed> ) = 1 <0.007255>
Handshake duration: 7.43 ms
[pid 370] 14:57:15.445091 +++ exited (status 0) +++
Execution 86 - TLS Mutual
s_connection: verify depth is 1
[pid 372] 14:57:15.503080 openssl->SSL_connect(0x5629e5dcc0e0, 0x5629e5d9ee50, 0x5629e5d9ee50, 0x72af7ea7b360 <unfinished ...>
[pid 372] 14:57:15.503570 libssl.so.3->EVP_PKEY_keygen_init(0x5629e5dce7d0, 0, 176, 0x5629e5dce7d0) = 1 <0.000215>
[pid 372] 14:57:15.503866 libssl.so.3->EVP_PKEY_keygen(0x5629e5dce7d0, 0x7ffc1aceae50, 0, 103) = 1 <0.000476>
[pid 372] 14:57:15.506131 libssl.so.3->EVP_PKEY_derive_init(0x5629e5dce7d0, 0, 176, 0x5629e5dce7d0) = 1 <0.000179>
[pid 372] 14:57:15.506393 libssl.so.3->EVP_PKEY_derive_set_peer(0x5629e5dce7d0, 0x5629e5dcbe20, 0, 0x5629e5dcbb30) = 1 <0.000169>
[pid 372] 14:57:15.506608 libssl.so.3->EVP_PKEY_derive(0x5629e5dce7d0, 0, 0x7ffc1aceae10, 0) = 1 <0.000155>
[pid 372] 14:57:15.506810 libssl.so.3->EVP_PKEY_derive(0x5629e5dce7d0, 0x5629e5dcbec0, 0x7ffc1aceae10, 0x5629e5dcbec0) = 1 <0.000307>
[pid 372] 14:57:15.507822 libssl.so.3->X509_verify_cert(0x5629e5dc3ea0, 0, 0x8000, 0xffffffff) = 1 <0.000482>
[pid 372] 14:57:15.508500 libssl.so.3->EVP_DigestVerifyInit_ex(0x5629e5cf0810, 0x7ffc1aceaeb8, 0, 0) = 1 <0.000138>
[pid 372] 14:57:15.508692 libssl.so.3->EVP_DigestVerify(0x5629e5cf0810, 0x5629e5dd0798, 3309, 0x7ffc1aceaec0) = 1 <0.000206>
[pid 372] 14:57:15.509162 libssl.so.3->X509_verify_cert(0x5629e5dc3ea0, 1, 1, 0) = 1 <0.000280>
[pid 372] 14:57:15.509750 libssl.so.3->EVP_DigestSignInit_ex(0x5629e5de46d0, 0x7ffc1aceaea0, 0, 0) = 1 <0.000165>
[pid 372] 14:57:15.509954 libssl.so.3->EVP_DigestSign(0x5629e5de46d0, 0, 0x7ffc1aceaeb0, 0x7ffc1aceaec0) = 1 <0.000106>
[pid 372] 14:57:15.510102 libssl.so.3->EVP_DigestSign(0x5629e5de46d0, 0x5629e5dc3fc0, 0x7ffc1aceaeb0, 0x7ffc1aceaec0) = 1 <0.000408>
[pid 372] 14:57:15.510718 <... SSL_connect resumed> ) = 1 <0.007636>
Handshake duration: 7.86 ms
[pid 372] 14:57:15.512893 +++ exited (status 0) +++
Execution 87 - TLS Mutual
s_connection: verify depth is 1
[pid 374] 14:57:15.568305 openssl->SSL_connect(0x5f424d4f80e0, 0x5f424d4cae50, 0x5f424d4cae50, 0x7e7b4f84d360 <unfinished ...>
[pid 374] 14:57:15.568737 libssl.so.3->EVP_PKEY_keygen_init(0x5f424d4fa7d0, 0, 176, 0x5f424d4fa7d0) = 1 <0.000151>
[pid 374] 14:57:15.568937 libssl.so.3->EVP_PKEY_keygen(0x5f424d4fa7d0, 0x7ffdf0f98360, 0, 103) = 1 <0.000425>
[pid 374] 14:57:15.571136 libssl.so.3->EVP_PKEY_derive_init(0x5f424d4fa7d0, 0, 176, 0x5f424d4fa7d0) = 1 <0.000122>
[pid 374] 14:57:15.571300 libssl.so.3->EVP_PKEY_derive_set_peer(0x5f424d4fa7d0, 0x5f424d4f7e20, 0, 0x5f424d4f7b30) = 1 <0.000136>
[pid 374] 14:57:15.571496 libssl.so.3->EVP_PKEY_derive(0x5f424d4fa7d0, 0, 0x7ffdf0f98320, 0) = 1 <0.000115>
[pid 374] 14:57:15.571665 libssl.so.3->EVP_PKEY_derive(0x5f424d4fa7d0, 0x5f424d4f7ec0, 0x7ffdf0f98320, 0x5f424d4f7ec0) = 1 <0.000336>
[pid 374] 14:57:15.572655 libssl.so.3->X509_verify_cert(0x5f424d4efea0, 0, 0x8000, 0xffffffff) = 1 <0.000459>
[pid 374] 14:57:15.573394 libssl.so.3->EVP_DigestVerifyInit_ex(0x5f424d41c810, 0x7ffdf0f983c8, 0, 0) = 1 <0.000195>
[pid 374] 14:57:15.573652 libssl.so.3->EVP_DigestVerify(0x5f424d41c810, 0x5f424d4fc798, 3309, 0x7ffdf0f983d0) = 1 <0.000229>
[pid 374] 14:57:15.574093 libssl.so.3->X509_verify_cert(0x5f424d4efea0, 1, 1, 0) = 1 <0.000218>
[pid 374] 14:57:15.574630 libssl.so.3->EVP_DigestSignInit_ex(0x5f424d5106d0, 0x7ffdf0f983b0, 0, 0) = 1 <0.000133>
[pid 374] 14:57:15.574872 libssl.so.3->EVP_DigestSign(0x5f424d5106d0, 0, 0x7ffdf0f983c0, 0x7ffdf0f983d0) = 1 <0.000136>
[pid 374] 14:57:15.575060 libssl.so.3->EVP_DigestSign(0x5f424d5106d0, 0x5f424d4effc0, 0x7ffdf0f983c0, 0x7ffdf0f983d0) = 1 <0.000529>
[pid 374] 14:57:15.575848 <... SSL_connect resumed> ) = 1 <0.007547>
Handshake duration: 7.71 ms
[pid 374] 14:57:15.577784 +++ exited (status 0) +++
Execution 88 - TLS Mutual
s_connection: verify depth is 1
[pid 376] 14:57:15.638673 openssl->SSL_connect(0x603433ff30e0, 0x603433fc5e50, 0x603433fc5e50, 0x7dc4ba2fe360 <unfinished ...>
[pid 376] 14:57:15.639166 libssl.so.3->EVP_PKEY_keygen_init(0x603433ff57d0, 0, 176, 0x603433ff57d0) = 1 <0.000139>
[pid 376] 14:57:15.639360 libssl.so.3->EVP_PKEY_keygen(0x603433ff57d0, 0x7ffdb2cc2550, 0, 103) = 1 <0.000489>
[pid 376] 14:57:15.641859 libssl.so.3->EVP_PKEY_derive_init(0x603433ff57d0, 0, 176, 0x603433ff57d0) = 1 <0.000180>
[pid 376] 14:57:15.642081 libssl.so.3->EVP_PKEY_derive_set_peer(0x603433ff57d0, 0x603433ff2e20, 0, 0x603433ff2b30) = 1 <0.000119>
[pid 376] 14:57:15.642241 libssl.so.3->EVP_PKEY_derive(0x603433ff57d0, 0, 0x7ffdb2cc2510, 0) = 1 <0.000113>
[pid 376] 14:57:15.642402 libssl.so.3->EVP_PKEY_derive(0x603433ff57d0, 0x603433ff2ec0, 0x7ffdb2cc2510, 0x603433ff2ec0) = 1 <0.000314>
[pid 376] 14:57:15.643400 libssl.so.3->X509_verify_cert(0x603433feaea0, 0, 0x8000, 0xffffffff) = 1 <0.000515>
[pid 376] 14:57:15.644150 libssl.so.3->EVP_DigestVerifyInit_ex(0x603433f17810, 0x7ffdb2cc25b8, 0, 0) = 1 <0.000168>
[pid 376] 14:57:15.644374 libssl.so.3->EVP_DigestVerify(0x603433f17810, 0x603433ff7798, 3309, 0x7ffdb2cc25c0) = 1 <0.000235>
[pid 376] 14:57:15.644831 libssl.so.3->X509_verify_cert(0x603433feaea0, 1, 1, 0) = 1 <0.000210>
[pid 376] 14:57:15.645356 libssl.so.3->EVP_DigestSignInit_ex(0x60343400b6d0, 0x7ffdb2cc25a0, 0, 0) = 1 <0.000229>
[pid 376] 14:57:15.645642 libssl.so.3->EVP_DigestSign(0x60343400b6d0, 0, 0x7ffdb2cc25b0, 0x7ffdb2cc25c0) = 1 <0.000119>
[pid 376] 14:57:15.645804 libssl.so.3->EVP_DigestSign(0x60343400b6d0, 0x603433feafc0, 0x7ffdb2cc25b0, 0x7ffdb2cc25c0) = 1 <0.000348>
[pid 376] 14:57:15.646406 <... SSL_connect resumed> ) = 1 <0.007735>
Handshake duration: 7.97 ms
[pid 376] 14:57:15.648877 +++ exited (status 0) +++
Execution 89 - TLS Mutual
s_connection: verify depth is 1
[pid 378] 14:57:15.704175 openssl->SSL_connect(0x59f81168b0e0, 0x59f81165de50, 0x59f81165de50, 0x70ba3c638360 <unfinished ...>
[pid 378] 14:57:15.704585 libssl.so.3->EVP_PKEY_keygen_init(0x59f81168d7d0, 0, 176, 0x59f81168d7d0) = 1 <0.000150>
[pid 378] 14:57:15.704791 libssl.so.3->EVP_PKEY_keygen(0x59f81168d7d0, 0x7ffe312ad280, 0, 103) = 1 <0.000431>
[pid 378] 14:57:15.706967 libssl.so.3->EVP_PKEY_derive_init(0x59f81168d7d0, 0, 176, 0x59f81168d7d0) = 1 <0.000139>
[pid 378] 14:57:15.707142 libssl.so.3->EVP_PKEY_derive_set_peer(0x59f81168d7d0, 0x59f81168ae20, 0, 0x59f81168ab30) = 1 <0.000116>
[pid 378] 14:57:15.707300 libssl.so.3->EVP_PKEY_derive(0x59f81168d7d0, 0, 0x7ffe312ad240, 0) = 1 <0.000117>
[pid 378] 14:57:15.707466 libssl.so.3->EVP_PKEY_derive(0x59f81168d7d0, 0x59f81168aec0, 0x7ffe312ad240, 0x59f81168aec0) = 1 <0.000315>
[pid 378] 14:57:15.708396 libssl.so.3->X509_verify_cert(0x59f811682ea0, 0, 0x8000, 0xffffffff) = 1 <0.000480>
[pid 378] 14:57:15.709055 libssl.so.3->EVP_DigestVerifyInit_ex(0x59f8115af810, 0x7ffe312ad2e8, 0, 0) = 1 <0.000125>
[pid 378] 14:57:15.709218 libssl.so.3->EVP_DigestVerify(0x59f8115af810, 0x59f81168f798, 3309, 0x7ffe312ad2f0) = 1 <0.000179>
[pid 378] 14:57:15.709605 libssl.so.3->X509_verify_cert(0x59f811682ea0, 1, 1, 0) = 1 <0.000212>
[pid 378] 14:57:15.710077 libssl.so.3->EVP_DigestSignInit_ex(0x59f8116a36d0, 0x7ffe312ad2d0, 0, 0) = 1 <0.000125>
[pid 378] 14:57:15.710239 libssl.so.3->EVP_DigestSign(0x59f8116a36d0, 0, 0x7ffe312ad2e0, 0x7ffe312ad2f0) = 1 <0.000112>
[pid 378] 14:57:15.710395 libssl.so.3->EVP_DigestSign(0x59f8116a36d0, 0x59f811682fc0, 0x7ffe312ad2e0, 0x7ffe312ad2f0) = 1 <0.000586>
[pid 378] 14:57:15.711192 <... SSL_connect resumed> ) = 1 <0.007024>
Handshake duration: 7.17 ms
[pid 378] 14:57:15.712963 +++ exited (status 0) +++
Execution 90 - TLS Mutual
s_connection: verify depth is 1
[pid 380] 14:57:15.772706 openssl->SSL_connect(0x5f00660380e0, 0x5f006600ae50, 0x5f006600ae50, 0x7d9349cef360 <unfinished ...>
[pid 380] 14:57:15.773271 libssl.so.3->EVP_PKEY_keygen_init(0x5f006603a7d0, 0, 176, 0x5f006603a7d0) = 1 <0.000212>
[pid 380] 14:57:15.773533 libssl.so.3->EVP_PKEY_keygen(0x5f006603a7d0, 0x7ffe3ff14f30, 0, 103) = 1 <0.000466>
[pid 380] 14:57:15.775944 libssl.so.3->EVP_PKEY_derive_init(0x5f006603a7d0, 0, 176, 0x5f006603a7d0) = 1 <0.000289>
[pid 380] 14:57:15.776296 libssl.so.3->EVP_PKEY_derive_set_peer(0x5f006603a7d0, 0x5f0066037e20, 0, 0x5f0066037b30) = 1 <0.000194>
[pid 380] 14:57:15.776562 libssl.so.3->EVP_PKEY_derive(0x5f006603a7d0, 0, 0x7ffe3ff14ef0, 0) = 1 <0.000147>
[pid 380] 14:57:15.776756 libssl.so.3->EVP_PKEY_derive(0x5f006603a7d0, 0x5f0066037ec0, 0x7ffe3ff14ef0, 0x5f0066037ec0) = 1 <0.000332>
[pid 380] 14:57:15.777855 libssl.so.3->X509_verify_cert(0x5f006602fea0, 0, 0x8000, 0xffffffff) = 1 <0.000525>
[pid 380] 14:57:15.778629 libssl.so.3->EVP_DigestVerifyInit_ex(0x5f0065f5c810, 0x7ffe3ff14f98, 0, 0) = 1 <0.000149>
[pid 380] 14:57:15.778918 libssl.so.3->EVP_DigestVerify(0x5f0065f5c810, 0x5f006603c798, 3309, 0x7ffe3ff14fa0) = 1 <0.000202>
[pid 380] 14:57:15.779333 libssl.so.3->X509_verify_cert(0x5f006602fea0, 1, 1, 0) = 1 <0.000255>
[pid 380] 14:57:15.779972 libssl.so.3->EVP_DigestSignInit_ex(0x5f00660506d0, 0x7ffe3ff14f80, 0, 0) = 1 <0.000183>
[pid 380] 14:57:15.780208 libssl.so.3->EVP_DigestSign(0x5f00660506d0, 0, 0x7ffe3ff14f90, 0x7ffe3ff14fa0) = 1 <0.000113>
[pid 380] 14:57:15.780371 libssl.so.3->EVP_DigestSign(0x5f00660506d0, 0x5f006602ffc0, 0x7ffe3ff14f90, 0x7ffe3ff14fa0) = 1 <0.000327>
[pid 380] 14:57:15.780914 <... SSL_connect resumed> ) = 1 <0.008219>
Handshake duration: 8.42 ms
[pid 380] 14:57:15.783242 +++ exited (status 0) +++
Execution 91 - TLS Mutual
s_connection: verify depth is 1
[pid 382] 14:57:15.841896 openssl->SSL_connect(0x578a6a1650e0, 0x578a6a137e50, 0x578a6a137e50, 0x753943c45360 <unfinished ...>
[pid 382] 14:57:15.842391 libssl.so.3->EVP_PKEY_keygen_init(0x578a6a1677d0, 0, 176, 0x578a6a1677d0) = 1 <0.000268>
[pid 382] 14:57:15.842719 libssl.so.3->EVP_PKEY_keygen(0x578a6a1677d0, 0x7ffd3366ea80, 0, 103) = 1 <0.000658>
[pid 382] 14:57:15.845585 libssl.so.3->EVP_PKEY_derive_init(0x578a6a1677d0, 0, 176, 0x578a6a1677d0) = 1 <0.000190>
[pid 382] 14:57:15.845823 libssl.so.3->EVP_PKEY_derive_set_peer(0x578a6a1677d0, 0x578a6a164e20, 0, 0x578a6a164b30) = 1 <0.000120>
[pid 382] 14:57:15.845980 libssl.so.3->EVP_PKEY_derive(0x578a6a1677d0, 0, 0x7ffd3366ea40, 0) = 1 <0.000102>
[pid 382] 14:57:15.846123 libssl.so.3->EVP_PKEY_derive(0x578a6a1677d0, 0x578a6a164ec0, 0x7ffd3366ea40, 0x578a6a164ec0) = 1 <0.000393>
[pid 382] 14:57:15.847238 libssl.so.3->X509_verify_cert(0x578a6a15cea0, 0, 0x8000, 0xffffffff) = 1 <0.000507>
[pid 382] 14:57:15.847960 libssl.so.3->EVP_DigestVerifyInit_ex(0x578a6a089810, 0x7ffd3366eae8, 0, 0) = 1 <0.000205>
[pid 382] 14:57:15.848213 libssl.so.3->EVP_DigestVerify(0x578a6a089810, 0x578a6a169798, 3309, 0x7ffd3366eaf0) = 1 <0.000211>
[pid 382] 14:57:15.848647 libssl.so.3->X509_verify_cert(0x578a6a15cea0, 1, 1, 0) = 1 <0.000240>
[pid 382] 14:57:15.849234 libssl.so.3->EVP_DigestSignInit_ex(0x578a6a17d6d0, 0x7ffd3366ead0, 0, 0) = 1 <0.000151>
[pid 382] 14:57:15.849454 libssl.so.3->EVP_DigestSign(0x578a6a17d6d0, 0, 0x7ffd3366eae0, 0x7ffd3366eaf0) = 1 <0.000158>
[pid 382] 14:57:15.849660 libssl.so.3->EVP_DigestSign(0x578a6a17d6d0, 0x578a6a15cfc0, 0x7ffd3366eae0, 0x7ffd3366eaf0) = 1 <0.000401>
[pid 382] 14:57:15.850289 <... SSL_connect resumed> ) = 1 <0.008411>
Handshake duration: 8.62 ms
[pid 382] 14:57:15.852682 +++ exited (status 0) +++
Execution 92 - TLS Mutual
s_connection: verify depth is 1
[pid 384] 14:57:15.907255 openssl->SSL_connect(0x5d78224400e0, 0x5d7822412e50, 0x5d7822412e50, 0x7200afe9c360 <unfinished ...>
[pid 384] 14:57:15.907709 libssl.so.3->EVP_PKEY_keygen_init(0x5d78224427d0, 0, 176, 0x5d78224427d0) = 1 <0.000221>
[pid 384] 14:57:15.908033 libssl.so.3->EVP_PKEY_keygen(0x5d78224427d0, 0x7fff6c9b6450, 0, 103) = 1 <0.000495>
[pid 384] 14:57:15.910227 libssl.so.3->EVP_PKEY_derive_init(0x5d78224427d0, 0, 176, 0x5d78224427d0) = 1 <0.000138>
[pid 384] 14:57:15.910403 libssl.so.3->EVP_PKEY_derive_set_peer(0x5d78224427d0, 0x5d782243fe20, 0, 0x5d782243fb30) = 1 <0.000134>
[pid 384] 14:57:15.910574 libssl.so.3->EVP_PKEY_derive(0x5d78224427d0, 0, 0x7fff6c9b6410, 0) = 1 <0.000104>
[pid 384] 14:57:15.910722 libssl.so.3->EVP_PKEY_derive(0x5d78224427d0, 0x5d782243fec0, 0x7fff6c9b6410, 0x5d782243fec0) = 1 <0.000300>
[pid 384] 14:57:15.911687 libssl.so.3->X509_verify_cert(0x5d7822437ea0, 0, 0x8000, 0xffffffff) = 1 <0.000476>
[pid 384] 14:57:15.912349 libssl.so.3->EVP_DigestVerifyInit_ex(0x5d7822364810, 0x7fff6c9b64b8, 0, 0) = 1 <0.000184>
[pid 384] 14:57:15.912581 libssl.so.3->EVP_DigestVerify(0x5d7822364810, 0x5d7822444798, 3309, 0x7fff6c9b64c0) = 1 <0.000202>
[pid 384] 14:57:15.913013 libssl.so.3->X509_verify_cert(0x5d7822437ea0, 1, 1, 0) = 1 <0.000213>
[pid 384] 14:57:15.913537 libssl.so.3->EVP_DigestSignInit_ex(0x5d78224586d0, 0x7fff6c9b64a0, 0, 0) = 1 <0.000162>
[pid 384] 14:57:15.913746 libssl.so.3->EVP_DigestSign(0x5d78224586d0, 0, 0x7fff6c9b64b0, 0x7fff6c9b64c0) = 1 <0.000121>
[pid 384] 14:57:15.913910 libssl.so.3->EVP_DigestSign(0x5d78224586d0, 0x5d7822437fc0, 0x7fff6c9b64b0, 0x7fff6c9b64c0) = 1 <0.000296>
[pid 384] 14:57:15.914389 <... SSL_connect resumed> ) = 1 <0.007146>
Handshake duration: 7.30 ms
[pid 384] 14:57:15.916240 +++ exited (status 0) +++
Execution 93 - TLS Mutual
s_connection: verify depth is 1
[pid 386] 14:57:15.971076 openssl->SSL_connect(0x556b768020e0, 0x556b767d4e50, 0x556b767d4e50, 0x7609838d5360 <unfinished ...>
[pid 386] 14:57:15.971496 libssl.so.3->EVP_PKEY_keygen_init(0x556b768047d0, 0, 176, 0x556b768047d0) = 1 <0.000139>
[pid 386] 14:57:15.971681 libssl.so.3->EVP_PKEY_keygen(0x556b768047d0, 0x7ffe11f06cc0, 0, 103) = 1 <0.000423>
[pid 386] 14:57:15.973838 libssl.so.3->EVP_PKEY_derive_init(0x556b768047d0, 0, 176, 0x556b768047d0) = 1 <0.000141>
[pid 386] 14:57:15.974021 libssl.so.3->EVP_PKEY_derive_set_peer(0x556b768047d0, 0x556b76801e20, 0, 0x556b76801b30) = 1 <0.000112>
[pid 386] 14:57:15.974175 libssl.so.3->EVP_PKEY_derive(0x556b768047d0, 0, 0x7ffe11f06c80, 0) = 1 <0.000100>
[pid 386] 14:57:15.974318 libssl.so.3->EVP_PKEY_derive(0x556b768047d0, 0x556b76801ec0, 0x7ffe11f06c80, 0x556b76801ec0) = 1 <0.000351>
[pid 386] 14:57:15.975390 libssl.so.3->X509_verify_cert(0x556b767f9ea0, 0, 0x8000, 0xffffffff) = 1 <0.000464>
[pid 386] 14:57:15.976035 libssl.so.3->EVP_DigestVerifyInit_ex(0x556b76726810, 0x7ffe11f06d28, 0, 0) = 1 <0.000124>
[pid 386] 14:57:15.976203 libssl.so.3->EVP_DigestVerify(0x556b76726810, 0x556b76806798, 3309, 0x7ffe11f06d30) = 1 <0.000202>
[pid 386] 14:57:15.976623 libssl.so.3->X509_verify_cert(0x556b767f9ea0, 1, 1, 0) = 1 <0.000205>
[pid 386] 14:57:15.977081 libssl.so.3->EVP_DigestSignInit_ex(0x556b7681a6d0, 0x7ffe11f06d10, 0, 0) = 1 <0.000117>
[pid 386] 14:57:15.977241 libssl.so.3->EVP_DigestSign(0x556b7681a6d0, 0, 0x7ffe11f06d20, 0x7ffe11f06d30) = 1 <0.000121>
[pid 386] 14:57:15.977405 libssl.so.3->EVP_DigestSign(0x556b7681a6d0, 0x556b767f9fc0, 0x7ffe11f06d20, 0x7ffe11f06d30) = 1 <0.000412>
[pid 386] 14:57:15.977998 <... SSL_connect resumed> ) = 1 <0.006935>
Handshake duration: 7.08 ms
[pid 386] 14:57:15.979921 +++ exited (status 0) +++
Execution 94 - TLS Mutual
s_connection: verify depth is 1
[pid 388] 14:57:16.037348 openssl->SSL_connect(0x594dc48220e0, 0x594dc47f4e50, 0x594dc47f4e50, 0x7527413a7360 <unfinished ...>
[pid 388] 14:57:16.037839 libssl.so.3->EVP_PKEY_keygen_init(0x594dc48247d0, 0, 176, 0x594dc48247d0) = 1 <0.000221>
[pid 388] 14:57:16.038106 libssl.so.3->EVP_PKEY_keygen(0x594dc48247d0, 0x7fff71e5e720, 0, 103) = 1 <0.000474>
[pid 388] 14:57:16.040437 libssl.so.3->EVP_PKEY_derive_init(0x594dc48247d0, 0, 176, 0x594dc48247d0) = 1 <0.000248>
[pid 388] 14:57:16.040850 libssl.so.3->EVP_PKEY_derive_set_peer(0x594dc48247d0, 0x594dc4821e20, 0, 0x594dc4821b30) = 1 <0.000144>
[pid 388] 14:57:16.041051 libssl.so.3->EVP_PKEY_derive(0x594dc48247d0, 0, 0x7fff71e5e6e0, 0) = 1 <0.000138>
[pid 388] 14:57:16.041243 libssl.so.3->EVP_PKEY_derive(0x594dc48247d0, 0x594dc4821ec0, 0x7fff71e5e6e0, 0x594dc4821ec0) = 1 <0.000380>
[pid 388] 14:57:16.042437 libssl.so.3->X509_verify_cert(0x594dc4819ea0, 0, 0x8000, 0xffffffff) = 1 <0.000522>
[pid 388] 14:57:16.043164 libssl.so.3->EVP_DigestVerifyInit_ex(0x594dc4746810, 0x7fff71e5e788, 0, 0) = 1 <0.000138>
[pid 388] 14:57:16.043352 libssl.so.3->EVP_DigestVerify(0x594dc4746810, 0x594dc4826798, 3309, 0x7fff71e5e790) = 1 <0.000225>
[pid 388] 14:57:16.043797 libssl.so.3->X509_verify_cert(0x594dc4819ea0, 1, 1, 0) = 1 <0.000219>
[pid 388] 14:57:16.044299 libssl.so.3->EVP_DigestSignInit_ex(0x594dc483a6d0, 0x7fff71e5e770, 0, 0) = 1 <0.000157>
[pid 388] 14:57:16.044525 libssl.so.3->EVP_DigestSign(0x594dc483a6d0, 0, 0x7fff71e5e780, 0x7fff71e5e790) = 1 <0.000188>
[pid 388] 14:57:16.044767 libssl.so.3->EVP_DigestSign(0x594dc483a6d0, 0x594dc4819fc0, 0x7fff71e5e780, 0x7fff71e5e790) = 1 <0.000494>
[pid 388] 14:57:16.045470 <... SSL_connect resumed> ) = 1 <0.008137>
Handshake duration: 8.32 ms
[pid 388] 14:57:16.047679 +++ exited (status 0) +++
Execution 95 - TLS Mutual
s_connection: verify depth is 1
[pid 390] 14:57:16.105078 openssl->SSL_connect(0x5fcd9c4460e0, 0x5fcd9c418e50, 0x5fcd9c418e50, 0x757a095fe360 <unfinished ...>
[pid 390] 14:57:16.105669 libssl.so.3->EVP_PKEY_keygen_init(0x5fcd9c4487d0, 0, 176, 0x5fcd9c4487d0) = 1 <0.000195>
[pid 390] 14:57:16.105918 libssl.so.3->EVP_PKEY_keygen(0x5fcd9c4487d0, 0x7ffdd4540310, 0, 103) = 1 <0.000488>
[pid 390] 14:57:16.108612 libssl.so.3->EVP_PKEY_derive_init(0x5fcd9c4487d0, 0, 176, 0x5fcd9c4487d0) = 1 <0.000192>
[pid 390] 14:57:16.108854 libssl.so.3->EVP_PKEY_derive_set_peer(0x5fcd9c4487d0, 0x5fcd9c445e20, 0, 0x5fcd9c445b30) = 1 <0.000171>
[pid 390] 14:57:16.109086 libssl.so.3->EVP_PKEY_derive(0x5fcd9c4487d0, 0, 0x7ffdd45402d0, 0) = 1 <0.000149>
[pid 390] 14:57:16.109337 libssl.so.3->EVP_PKEY_derive(0x5fcd9c4487d0, 0x5fcd9c445ec0, 0x7ffdd45402d0, 0x5fcd9c445ec0) = 1 <0.000521>
[pid 390] 14:57:16.110957 libssl.so.3->X509_verify_cert(0x5fcd9c43dea0, 0, 0x8000, 0xffffffff) = 1 <0.000715>
[pid 390] 14:57:16.111995 libssl.so.3->EVP_DigestVerifyInit_ex(0x5fcd9c36a810, 0x7ffdd4540378, 0, 0) = 1 <0.000212>
[pid 390] 14:57:16.112316 libssl.so.3->EVP_DigestVerify(0x5fcd9c36a810, 0x5fcd9c44a798, 3309, 0x7ffdd4540380) = 1 <0.000373>
[pid 390] 14:57:16.113068 libssl.so.3->X509_verify_cert(0x5fcd9c43dea0, 1, 1, 0) = 1 <0.000347>
[pid 390] 14:57:16.113740 libssl.so.3->EVP_DigestSignInit_ex(0x5fcd9c45e6d0, 0x7ffdd4540360, 0, 0) = 1 <0.000172>
[pid 390] 14:57:16.113964 libssl.so.3->EVP_DigestSign(0x5fcd9c45e6d0, 0, 0x7ffdd4540370, 0x7ffdd4540380) = 1 <0.000115>
[pid 390] 14:57:16.114121 libssl.so.3->EVP_DigestSign(0x5fcd9c45e6d0, 0x5fcd9c43dfc0, 0x7ffdd4540370, 0x7ffdd4540380) = 1 <0.000353>
[pid 390] 14:57:16.114687 <... SSL_connect resumed> ) = 1 <0.009628>
Handshake duration: 9.84 ms
[pid 390] 14:57:16.117081 +++ exited (status 0) +++
Execution 96 - TLS Mutual
s_connection: verify depth is 1
[pid 392] 14:57:16.171896 openssl->SSL_connect(0x572e5c5290e0, 0x572e5c4fbe50, 0x572e5c4fbe50, 0x71fecf1f0360 <unfinished ...>
[pid 392] 14:57:16.172363 libssl.so.3->EVP_PKEY_keygen_init(0x572e5c52b7d0, 0, 176, 0x572e5c52b7d0) = 1 <0.000201>
[pid 392] 14:57:16.172610 libssl.so.3->EVP_PKEY_keygen(0x572e5c52b7d0, 0x7ffd6876e210, 0, 103) = 1 <0.000465>
[pid 392] 14:57:16.174832 libssl.so.3->EVP_PKEY_derive_init(0x572e5c52b7d0, 0, 176, 0x572e5c52b7d0) = 1 <0.000145>
[pid 392] 14:57:16.175019 libssl.so.3->EVP_PKEY_derive_set_peer(0x572e5c52b7d0, 0x572e5c528e20, 0, 0x572e5c528b30) = 1 <0.000139>
[pid 392] 14:57:16.175210 libssl.so.3->EVP_PKEY_derive(0x572e5c52b7d0, 0, 0x7ffd6876e1d0, 0) = 1 <0.000103>
[pid 392] 14:57:16.175377 libssl.so.3->EVP_PKEY_derive(0x572e5c52b7d0, 0x572e5c528ec0, 0x7ffd6876e1d0, 0x572e5c528ec0) = 1 <0.000334>
[pid 392] 14:57:16.176546 libssl.so.3->X509_verify_cert(0x572e5c520ea0, 0, 0x8000, 0xffffffff) = 1 <0.000508>
[pid 392] 14:57:16.177282 libssl.so.3->EVP_DigestVerifyInit_ex(0x572e5c44d810, 0x7ffd6876e278, 0, 0) = 1 <0.000188>
[pid 392] 14:57:16.177561 libssl.so.3->EVP_DigestVerify(0x572e5c44d810, 0x572e5c52d798, 3309, 0x7ffd6876e280) = 1 <0.000320>
[pid 392] 14:57:16.178151 libssl.so.3->X509_verify_cert(0x572e5c520ea0, 1, 1, 0) = 1 <0.000306>
[pid 392] 14:57:16.178824 libssl.so.3->EVP_DigestSignInit_ex(0x572e5c5416d0, 0x7ffd6876e260, 0, 0) = 1 <0.000159>
[pid 392] 14:57:16.179047 libssl.so.3->EVP_DigestSign(0x572e5c5416d0, 0, 0x7ffd6876e270, 0x7ffd6876e280) = 1 <0.000157>
[pid 392] 14:57:16.179258 libssl.so.3->EVP_DigestSign(0x572e5c5416d0, 0x572e5c520fc0, 0x7ffd6876e270, 0x7ffd6876e280) = 1 <0.000366>
[pid 392] 14:57:16.179856 <... SSL_connect resumed> ) = 1 <0.007969>
Handshake duration: 8.14 ms
[pid 392] 14:57:16.181998 +++ exited (status 0) +++
Execution 97 - TLS Mutual
s_connection: verify depth is 1
[pid 394] 14:57:16.237446 openssl->SSL_connect(0x64e0827550e0, 0x64e082727e50, 0x64e082727e50, 0x7c062d234360 <unfinished ...>
[pid 394] 14:57:16.237856 libssl.so.3->EVP_PKEY_keygen_init(0x64e0827577d0, 0, 176, 0x64e0827577d0) = 1 <0.000158>
[pid 394] 14:57:16.238065 libssl.so.3->EVP_PKEY_keygen(0x64e0827577d0, 0x7fffc0871260, 0, 103) = 1 <0.000481>
[pid 394] 14:57:16.240767 libssl.so.3->EVP_PKEY_derive_init(0x64e0827577d0, 0, 176, 0x64e0827577d0) = 1 <0.000183>
[pid 394] 14:57:16.241001 libssl.so.3->EVP_PKEY_derive_set_peer(0x64e0827577d0, 0x64e082754e20, 0, 0x64e082754b30) = 1 <0.000137>
[pid 394] 14:57:16.241178 libssl.so.3->EVP_PKEY_derive(0x64e0827577d0, 0, 0x7fffc0871220, 0) = 1 <0.000115>
[pid 394] 14:57:16.241349 libssl.so.3->EVP_PKEY_derive(0x64e0827577d0, 0x64e082754ec0, 0x7fffc0871220, 0x64e082754ec0) = 1 <0.000345>
[pid 394] 14:57:16.242373 libssl.so.3->X509_verify_cert(0x64e08274cea0, 0, 0x8000, 0xffffffff) = 1 <0.000574>
[pid 394] 14:57:16.243254 libssl.so.3->EVP_DigestVerifyInit_ex(0x64e082679810, 0x7fffc08712c8, 0, 0) = 1 <0.000206>
[pid 394] 14:57:16.243529 libssl.so.3->EVP_DigestVerify(0x64e082679810, 0x64e082759798, 3309, 0x7fffc08712d0) = 1 <0.000262>
[pid 394] 14:57:16.244082 libssl.so.3->X509_verify_cert(0x64e08274cea0, 1, 1, 0) = 1 <0.000344>
[pid 394] 14:57:16.244800 libssl.so.3->EVP_DigestSignInit_ex(0x64e08276d6d0, 0x7fffc08712b0, 0, 0) = 1 <0.000198>
[pid 394] 14:57:16.245054 libssl.so.3->EVP_DigestSign(0x64e08276d6d0, 0, 0x7fffc08712c0, 0x7fffc08712d0) = 1 <0.000166>
[pid 394] 14:57:16.245272 libssl.so.3->EVP_DigestSign(0x64e08276d6d0, 0x64e08274cfc0, 0x7fffc08712c0, 0x7fffc08712d0) = 1 <0.000357>
[pid 394] 14:57:16.245889 <... SSL_connect resumed> ) = 1 <0.008473>
Handshake duration: 8.64 ms
[pid 394] 14:57:16.248146 +++ exited (status 0) +++
Execution 98 - TLS Mutual
s_connection: verify depth is 1
[pid 396] 14:57:16.303904 openssl->SSL_connect(0x5cd3da8e30e0, 0x5cd3da8b5e50, 0x5cd3da8b5e50, 0x74edf865c360 <unfinished ...>
[pid 396] 14:57:16.304331 libssl.so.3->EVP_PKEY_keygen_init(0x5cd3da8e57d0, 0, 176, 0x5cd3da8e57d0) = 1 <0.000202>
[pid 396] 14:57:16.304579 libssl.so.3->EVP_PKEY_keygen(0x5cd3da8e57d0, 0x7fffa2020bb0, 0, 103) = 1 <0.000661>
[pid 396] 14:57:16.307082 libssl.so.3->EVP_PKEY_derive_init(0x5cd3da8e57d0, 0, 176, 0x5cd3da8e57d0) = 1 <0.000181>
[pid 396] 14:57:16.307328 libssl.so.3->EVP_PKEY_derive_set_peer(0x5cd3da8e57d0, 0x5cd3da8e2e20, 0, 0x5cd3da8e2b30) = 1 <0.000293>
[pid 396] 14:57:16.307674 libssl.so.3->EVP_PKEY_derive(0x5cd3da8e57d0, 0, 0x7fffa2020b70, 0) = 1 <0.000170>
[pid 396] 14:57:16.307919 libssl.so.3->EVP_PKEY_derive(0x5cd3da8e57d0, 0x5cd3da8e2ec0, 0x7fffa2020b70, 0x5cd3da8e2ec0) = 1 <0.000385>
[pid 396] 14:57:16.309792 libssl.so.3->X509_verify_cert(0x5cd3da8daea0, 0, 0x8000, 0xffffffff) = 1 <0.000720>
[pid 396] 14:57:16.310804 libssl.so.3->EVP_DigestVerifyInit_ex(0x5cd3da807810, 0x7fffa2020c18, 0, 0) = 1 <0.000190>
[pid 396] 14:57:16.311046 libssl.so.3->EVP_DigestVerify(0x5cd3da807810, 0x5cd3da8e7798, 3309, 0x7fffa2020c20) = 1 <0.000246>
[pid 396] 14:57:16.311590 libssl.so.3->X509_verify_cert(0x5cd3da8daea0, 1, 1, 0) = 1 <0.000312>
[pid 396] 14:57:16.312366 libssl.so.3->EVP_DigestSignInit_ex(0x5cd3da8fb6d0, 0x7fffa2020c00, 0, 0) = 1 <0.000202>
[pid 396] 14:57:16.312653 libssl.so.3->EVP_DigestSign(0x5cd3da8fb6d0, 0, 0x7fffa2020c10, 0x7fffa2020c20) = 1 <0.000210>
[pid 396] 14:57:16.312982 libssl.so.3->EVP_DigestSign(0x5cd3da8fb6d0, 0x5cd3da8dafc0, 0x7fffa2020c10, 0x7fffa2020c20) = 1 <0.000436>
[pid 396] 14:57:16.313723 <... SSL_connect resumed> ) = 1 <0.009821>
Handshake duration: 9.99 ms
[pid 396] 14:57:16.316066 +++ exited (status 0) +++
Execution 99 - TLS Mutual
s_connection: verify depth is 1
[pid 398] 14:57:16.374194 openssl->SSL_connect(0x638723f560e0, 0x638723f28e50, 0x638723f28e50, 0x794cccc91360 <unfinished ...>
[pid 398] 14:57:16.374637 libssl.so.3->EVP_PKEY_keygen_init(0x638723f587d0, 0, 176, 0x638723f587d0) = 1 <0.000164>
[pid 398] 14:57:16.374868 libssl.so.3->EVP_PKEY_keygen(0x638723f587d0, 0x7ffddf5bda70, 0, 103) = 1 <0.000456>
[pid 398] 14:57:16.377721 libssl.so.3->EVP_PKEY_derive_init(0x638723f587d0, 0, 176, 0x638723f587d0) = 1 <0.000335>
[pid 398] 14:57:16.378122 libssl.so.3->EVP_PKEY_derive_set_peer(0x638723f587d0, 0x638723f55e20, 0, 0x638723f55b30) = 1 <0.000211>
[pid 398] 14:57:16.378400 libssl.so.3->EVP_PKEY_derive(0x638723f587d0, 0, 0x7ffddf5bda30, 0) = 1 <0.000214>
[pid 398] 14:57:16.378685 libssl.so.3->EVP_PKEY_derive(0x638723f587d0, 0x638723f55ec0, 0x7ffddf5bda30, 0x638723f55ec0) = 1 <0.000374>
[pid 398] 14:57:16.379971 libssl.so.3->X509_verify_cert(0x638723f4dea0, 0, 0x8000, 0xffffffff) = 1 <0.000764>
[pid 398] 14:57:16.381136 libssl.so.3->EVP_DigestVerifyInit_ex(0x638723e7a810, 0x7ffddf5bdad8, 0, 0) = 1 <0.000205>
[pid 398] 14:57:16.381405 libssl.so.3->EVP_DigestVerify(0x638723e7a810, 0x638723f5a798, 3309, 0x7ffddf5bdae0) = 1 <0.000278>
[pid 398] 14:57:16.381976 libssl.so.3->X509_verify_cert(0x638723f4dea0, 1, 1, 0) = 1 <0.000353>
[pid 398] 14:57:16.382842 libssl.so.3->EVP_DigestSignInit_ex(0x638723f6e6d0, 0x7ffddf5bdac0, 0, 0) = 1 <0.000226>
[pid 398] 14:57:16.383133 libssl.so.3->EVP_DigestSign(0x638723f6e6d0, 0, 0x7ffddf5bdad0, 0x7ffddf5bdae0) = 1 <0.000172>
[pid 398] 14:57:16.383364 libssl.so.3->EVP_DigestSign(0x638723f6e6d0, 0x638723f4dfc0, 0x7ffddf5bdad0, 0x7ffddf5bdae0) = 1 <0.000586>
[pid 398] 14:57:16.384236 <... SSL_connect resumed> ) = 1 <0.010046>
Handshake duration: 10.24 ms
[pid 398] 14:57:16.387026 +++ exited (status 0) +++
Execution 100 - TLS Mutual
s_connection: verify depth is 1
[pid 400] 14:57:16.443171 openssl->SSL_connect(0x602647daa0e0, 0x602647d7ce50, 0x602647d7ce50, 0x730efac55360 <unfinished ...>
[pid 400] 14:57:16.443580 libssl.so.3->EVP_PKEY_keygen_init(0x602647dac7d0, 0, 176, 0x602647dac7d0) = 1 <0.000146>
[pid 400] 14:57:16.443779 libssl.so.3->EVP_PKEY_keygen(0x602647dac7d0, 0x7ffedf3ca9b0, 0, 103) = 1 <0.000431>
[pid 400] 14:57:16.445930 libssl.so.3->EVP_PKEY_derive_init(0x602647dac7d0, 0, 176, 0x602647dac7d0) = 1 <0.000172>
[pid 400] 14:57:16.446143 libssl.so.3->EVP_PKEY_derive_set_peer(0x602647dac7d0, 0x602647da9e20, 0, 0x602647da9b30) = 1 <0.000112>
[pid 400] 14:57:16.446295 libssl.so.3->EVP_PKEY_derive(0x602647dac7d0, 0, 0x7ffedf3ca970, 0) = 1 <0.000115>
[pid 400] 14:57:16.446462 libssl.so.3->EVP_PKEY_derive(0x602647dac7d0, 0x602647da9ec0, 0x7ffedf3ca970, 0x602647da9ec0) = 1 <0.000346>
[pid 400] 14:57:16.447451 libssl.so.3->X509_verify_cert(0x602647da1ea0, 0, 0x8000, 0xffffffff) = 1 <0.000460>
[pid 400] 14:57:16.448093 libssl.so.3->EVP_DigestVerifyInit_ex(0x602647cce810, 0x7ffedf3caa18, 0, 0) = 1 <0.000131>
[pid 400] 14:57:16.448266 libssl.so.3->EVP_DigestVerify(0x602647cce810, 0x602647dae798, 3309, 0x7ffedf3caa20) = 1 <0.000207>
[pid 400] 14:57:16.448697 libssl.so.3->X509_verify_cert(0x602647da1ea0, 1, 1, 0) = 1 <0.000244>
[pid 400] 14:57:16.449214 libssl.so.3->EVP_DigestSignInit_ex(0x602647dc26d0, 0x7ffedf3caa00, 0, 0) = 1 <0.000139>
[pid 400] 14:57:16.449393 libssl.so.3->EVP_DigestSign(0x602647dc26d0, 0, 0x7ffedf3caa10, 0x7ffedf3caa20) = 1 <0.000147>
[pid 400] 14:57:16.449582 libssl.so.3->EVP_DigestSign(0x602647dc26d0, 0x602647da1fc0, 0x7ffedf3caa10, 0x7ffedf3caa20) = 1 <0.000536>
[pid 400] 14:57:16.450292 <... SSL_connect resumed> ) = 1 <0.007130>
Handshake duration: 7.29 ms
[pid 400] 14:57:16.452185 +++ exited (status 0) +++
Applying netem rules to lo...
Showing qdisc status for the interface: lo
qdisc netem 83d0: root refcnt 2 limit 1000 seed 11945620424536957642
 Sent 0 bytes 0 pkt (dropped 0, overlimits 0 requeues 0) 
 backlog 0b 0p requeues 0
Running /opt/oqssa/perftestClientTlsQuic_ltrace.sh with SIG_ALG=mldsa65 and KEM_ALG=mlkem768
Execution 1 - TLS Mutual
s_connection: verify depth is 1
[pid 201] 14:57:34.151947 openssl->SSL_connect(0x5fd471f140e0, 0x5fd471ee6e50, 0x5fd471ee6e50, 0x73c79a405360 <unfinished ...>
[pid 201] 14:57:34.152361 libssl.so.3->EVP_PKEY_keygen_init(0x5fd471f167d0, 0, 176, 0x5fd471f167d0) = 1 <0.000162>
[pid 201] 14:57:34.152587 libssl.so.3->EVP_PKEY_keygen(0x5fd471f167d0, 0x7ffdd08e9a30, 0, 103 <unfinished ...>
[pid 201] 14:57:34.152726 oqsprovider.so->OQS_KEM_new(0x5fd471f0bc70, 8, 0, 0x5fd471f13b50) = 0x5fd471f13b70 <0.000119>
[pid 201] 14:57:34.152900 oqsprovider.so->OQS_KEM_keypair(0x5fd471f13b70, 0x5fd471f11570, 0x5fd471f0e130, 0x5fd471f13b50) = 0 <0.000331>
[pid 201] 14:57:34.153285 <... EVP_PKEY_keygen resumed> ) = 1 <0.000692>
[pid 201] 14:57:34.155159 libssl.so.3->EVP_PKEY_decapsulate_init(0x5fd471f167d0, 0, 176, 0x5fd471f167d0) = 1 <0.000332>
[pid 201] 14:57:34.155540 libssl.so.3->EVP_PKEY_decapsulate(0x5fd471f167d0, 0, 0x7ffdd08e99f0, 0x5fd471f187ea) = 1 <0.000126>
[pid 201] 14:57:34.155701 libssl.so.3->EVP_PKEY_decapsulate(0x5fd471f167d0, 0x5fd471f0fee0, 0x7ffdd08e99f0, 0x5fd471f187ea <unfinished ...>
[pid 201] 14:57:34.155814 oqsprovider.so->OQS_KEM_decaps(0x5fd471f13b70, 0x5fd471f0fee0, 0x5fd471f187ea, 0x5fd471f0e130) = 0 <0.000149>
[pid 201] 14:57:34.156007 <... EVP_PKEY_decapsulate resumed> ) = 1 <0.000296>
[pid 201] 14:57:34.156742 libssl.so.3->X509_verify_cert(0x5fd471f0bea0, 0, 0x8000, 0xffffffff) = 1 <0.000346>
[pid 201] 14:57:34.157263 libssl.so.3->EVP_DigestVerifyInit_ex(0x5fd471e38810, 0x7ffdd08e9a98, 0, 0) = 1 <0.000133>
[pid 201] 14:57:34.157457 libssl.so.3->EVP_DigestVerify(0x5fd471e38810, 0x5fd471f18798, 3309, 0x7ffdd08e9aa0) = 1 <0.000183>
[pid 201] 14:57:34.157838 libssl.so.3->X509_verify_cert(0x5fd471f0bea0, 1, 1, 0) = 1 <0.000210>
[pid 201] 14:57:34.158342 libssl.so.3->EVP_DigestSignInit_ex(0x5fd471f13940, 0x7ffdd08e9a80, 0, 0) = 1 <0.000184>
[pid 201] 14:57:34.158617 libssl.so.3->EVP_DigestSign(0x5fd471f13940, 0, 0x7ffdd08e9a90, 0x7ffdd08e9aa0) = 1 <0.000159>
[pid 201] 14:57:34.158825 libssl.so.3->EVP_DigestSign(0x5fd471f13940, 0x5fd471f276f0, 0x7ffdd08e9a90, 0x7ffdd08e9aa0) = 1 <0.000487>
[pid 201] 14:57:34.159533 <... SSL_connect resumed> ) = 1 <0.007594>
[pid 201] 14:57:34.159716 oqsprovider.so->OQS_KEM_free(0x5fd471f13b70, 0x5fd471f13b20, 2, 0x5fd471f13b40) = 4 <0.000114>
Handshake duration: 7.76 ms
[pid 201] 14:57:34.161689 +++ exited (status 0) +++
Execution 2 - TLS Mutual
s_connection: verify depth is 1
[pid 203] 14:57:34.218883 openssl->SSL_connect(0x63125c7b90e0, 0x63125c78be50, 0x63125c78be50, 0x78775de44360 <unfinished ...>
[pid 203] 14:57:34.219396 libssl.so.3->EVP_PKEY_keygen_init(0x63125c7bb7d0, 0, 176, 0x63125c7bb7d0) = 1 <0.000250>
[pid 203] 14:57:34.219718 libssl.so.3->EVP_PKEY_keygen(0x63125c7bb7d0, 0x7fff0b6bb420, 0, 103 <unfinished ...>
[pid 203] 14:57:34.219871 oqsprovider.so->OQS_KEM_new(0x63125c7b0c70, 8, 0, 0x63125c7b8b50) = 0x63125c7b8b70 <0.000128>
[pid 203] 14:57:34.220060 oqsprovider.so->OQS_KEM_keypair(0x63125c7b8b70, 0x63125c7b6570, 0x63125c7b3130, 0x63125c7b8b50) = 0 <0.000417>
[pid 203] 14:57:34.220540 <... EVP_PKEY_keygen resumed> ) = 1 <0.000821>
[pid 203] 14:57:34.222065 libssl.so.3->EVP_PKEY_decapsulate_init(0x63125c7bb7d0, 0, 176, 0x63125c7bb7d0) = 1 <0.000320>
[pid 203] 14:57:34.222448 libssl.so.3->EVP_PKEY_decapsulate(0x63125c7bb7d0, 0, 0x7fff0b6bb3e0, 0x63125c7bd7ea) = 1 <0.000144>
[pid 203] 14:57:34.222650 libssl.so.3->EVP_PKEY_decapsulate(0x63125c7bb7d0, 0x63125c7b4ee0, 0x7fff0b6bb3e0, 0x63125c7bd7ea <unfinished ...>
[pid 203] 14:57:34.222811 oqsprovider.so->OQS_KEM_decaps(0x63125c7b8b70, 0x63125c7b4ee0, 0x63125c7bd7ea, 0x63125c7b3130) = 0 <0.000191>
[pid 203] 14:57:34.223050 <... EVP_PKEY_decapsulate resumed> ) = 1 <0.000395>
[pid 203] 14:57:34.223858 libssl.so.3->X509_verify_cert(0x63125c7b0ea0, 0, 0x8000, 0xffffffff) = 1 <0.000410>
[pid 203] 14:57:34.224503 libssl.so.3->EVP_DigestVerifyInit_ex(0x63125c6dd810, 0x7fff0b6bb488, 0, 0) = 1 <0.000149>
[pid 203] 14:57:34.224714 libssl.so.3->EVP_DigestVerify(0x63125c6dd810, 0x63125c7bd798, 3309, 0x7fff0b6bb490) = 1 <0.000230>
[pid 203] 14:57:34.225204 libssl.so.3->X509_verify_cert(0x63125c7b0ea0, 1, 1, 0) = 1 <0.000305>
[pid 203] 14:57:34.225853 libssl.so.3->EVP_DigestSignInit_ex(0x63125c7b8940, 0x7fff0b6bb470, 0, 0) = 1 <0.000140>
[pid 203] 14:57:34.226050 libssl.so.3->EVP_DigestSign(0x63125c7b8940, 0, 0x7fff0b6bb480, 0x7fff0b6bb490) = 1 <0.000131>
[pid 203] 14:57:34.226233 libssl.so.3->EVP_DigestSign(0x63125c7b8940, 0x63125c7cc6f0, 0x7fff0b6bb480, 0x7fff0b6bb490) = 1 <0.000317>
[pid 203] 14:57:34.226747 <... SSL_connect resumed> ) = 1 <0.007877>
[pid 203] 14:57:34.226957 oqsprovider.so->OQS_KEM_free(0x63125c7b8b70, 0x63125c7b8b20, 2, 0x63125c7b8b40) = 4 <0.000154>
Handshake duration: 8.09 ms
[pid 203] 14:57:34.229909 +++ exited (status 0) +++
Execution 3 - TLS Mutual
s_connection: verify depth is 1
[pid 205] 14:57:34.287504 openssl->SSL_connect(0x59ce03f5b0e0, 0x59ce03f2de50, 0x59ce03f2de50, 0x7a9f7b3b4360 <unfinished ...>
[pid 205] 14:57:34.287989 libssl.so.3->EVP_PKEY_keygen_init(0x59ce03f5d7d0, 0, 176, 0x59ce03f5d7d0) = 1 <0.000250>
[pid 205] 14:57:34.288297 libssl.so.3->EVP_PKEY_keygen(0x59ce03f5d7d0, 0x7ffdc5666b20, 0, 103 <unfinished ...>
[pid 205] 14:57:34.288448 oqsprovider.so->OQS_KEM_new(0x59ce03f52c70, 8, 0, 0x59ce03f5ab50) = 0x59ce03f5ab70 <0.000113>
[pid 205] 14:57:34.288608 oqsprovider.so->OQS_KEM_keypair(0x59ce03f5ab70, 0x59ce03f58570, 0x59ce03f55130, 0x59ce03f5ab50) = 0 <0.000334>
[pid 205] 14:57:34.289000 <... EVP_PKEY_keygen resumed> ) = 1 <0.000698>
[pid 205] 14:57:34.290440 libssl.so.3->EVP_PKEY_decapsulate_init(0x59ce03f5d7d0, 0, 176, 0x59ce03f5d7d0) = 1 <0.000274>
[pid 205] 14:57:34.290739 libssl.so.3->EVP_PKEY_decapsulate(0x59ce03f5d7d0, 0, 0x7ffdc5666ae0, 0x59ce03f5f7ea) = 1 <0.000159>
[pid 205] 14:57:34.290945 libssl.so.3->EVP_PKEY_decapsulate(0x59ce03f5d7d0, 0x59ce03f56ee0, 0x7ffdc5666ae0, 0x59ce03f5f7ea <unfinished ...>
[pid 205] 14:57:34.291093 oqsprovider.so->OQS_KEM_decaps(0x59ce03f5ab70, 0x59ce03f56ee0, 0x59ce03f5f7ea, 0x59ce03f55130) = 0 <0.000147>
[pid 205] 14:57:34.291283 <... EVP_PKEY_decapsulate resumed> ) = 1 <0.000333>
[pid 205] 14:57:34.292015 libssl.so.3->X509_verify_cert(0x59ce03f52ea0, 0, 0x8000, 0xffffffff) = 1 <0.000327>
[pid 205] 14:57:34.292563 libssl.so.3->EVP_DigestVerifyInit_ex(0x59ce03e7f810, 0x7ffdc5666b88, 0, 0) = 1 <0.000140>
[pid 205] 14:57:34.292749 libssl.so.3->EVP_DigestVerify(0x59ce03e7f810, 0x59ce03f5f798, 3309, 0x7ffdc5666b90) = 1 <0.000183>
[pid 205] 14:57:34.293154 libssl.so.3->X509_verify_cert(0x59ce03f52ea0, 1, 1, 0) = 1 <0.000242>
[pid 205] 14:57:34.293717 libssl.so.3->EVP_DigestSignInit_ex(0x59ce03f5a940, 0x7ffdc5666b70, 0, 0) = 1 <0.000183>
[pid 205] 14:57:34.293948 libssl.so.3->EVP_DigestSign(0x59ce03f5a940, 0, 0x7ffdc5666b80, 0x7ffdc5666b90) = 1 <0.000140>
[pid 205] 14:57:34.294132 libssl.so.3->EVP_DigestSign(0x59ce03f5a940, 0x59ce03f6e6f0, 0x7ffdc5666b80, 0x7ffdc5666b90) = 1 <0.000446>
[pid 205] 14:57:34.294821 <... SSL_connect resumed> ) = 1 <0.007313>
[pid 205] 14:57:34.295055 oqsprovider.so->OQS_KEM_free(0x59ce03f5ab70, 0x59ce03f5ab20, 2, 0x59ce03f5ab40) = 4 <0.000179>
Handshake duration: 7.54 ms
[pid 205] 14:57:34.297206 +++ exited (status 0) +++
Execution 4 - TLS Mutual
s_connection: verify depth is 1
[pid 207] 14:57:34.351934 openssl->SSL_connect(0x556c875fe0e0, 0x556c875d0e50, 0x556c875d0e50, 0x72a542645360 <unfinished ...>
[pid 207] 14:57:34.352366 libssl.so.3->EVP_PKEY_keygen_init(0x556c876007d0, 0, 176, 0x556c876007d0) = 1 <0.000217>
[pid 207] 14:57:34.352649 libssl.so.3->EVP_PKEY_keygen(0x556c876007d0, 0x7fff28192c80, 0, 103 <unfinished ...>
[pid 207] 14:57:34.352785 oqsprovider.so->OQS_KEM_new(0x556c875f5c70, 8, 0, 0x556c875fdb50) = 0x556c875fdb70 <0.000120>
[pid 207] 14:57:34.352952 oqsprovider.so->OQS_KEM_keypair(0x556c875fdb70, 0x556c875fb570, 0x556c875f8130, 0x556c875fdb50) = 0 <0.000345>
[pid 207] 14:57:34.353394 <... EVP_PKEY_keygen resumed> ) = 1 <0.000738>
[pid 207] 14:57:34.354811 libssl.so.3->EVP_PKEY_decapsulate_init(0x556c876007d0, 0, 176, 0x556c876007d0) = 1 <0.000280>
[pid 207] 14:57:34.355141 libssl.so.3->EVP_PKEY_decapsulate(0x556c876007d0, 0, 0x7fff28192c40, 0x556c876027ea) = 1 <0.000153>
[pid 207] 14:57:34.355342 libssl.so.3->EVP_PKEY_decapsulate(0x556c876007d0, 0x556c875f9ee0, 0x7fff28192c40, 0x556c876027ea <unfinished ...>
[pid 207] 14:57:34.355496 oqsprovider.so->OQS_KEM_decaps(0x556c875fdb70, 0x556c875f9ee0, 0x556c876027ea, 0x556c875f8130) = 0 <0.000168>
[pid 207] 14:57:34.355712 <... EVP_PKEY_decapsulate resumed> ) = 1 <0.000365>
[pid 207] 14:57:34.356424 libssl.so.3->X509_verify_cert(0x556c875f5ea0, 0, 0x8000, 0xffffffff) = 1 <0.000371>
[pid 207] 14:57:34.356976 libssl.so.3->EVP_DigestVerifyInit_ex(0x556c87522810, 0x7fff28192ce8, 0, 0) = 1 <0.000140>
[pid 207] 14:57:34.357175 libssl.so.3->EVP_DigestVerify(0x556c87522810, 0x556c87602798, 3309, 0x7fff28192cf0) = 1 <0.000209>
[pid 207] 14:57:34.357589 libssl.so.3->X509_verify_cert(0x556c875f5ea0, 1, 1, 0) = 1 <0.000215>
[pid 207] 14:57:34.358104 libssl.so.3->EVP_DigestSignInit_ex(0x556c875fd940, 0x7fff28192cd0, 0, 0) = 1 <0.000134>
[pid 207] 14:57:34.358277 libssl.so.3->EVP_DigestSign(0x556c875fd940, 0, 0x7fff28192ce0, 0x7fff28192cf0) = 1 <0.000131>
[pid 207] 14:57:34.358486 libssl.so.3->EVP_DigestSign(0x556c875fd940, 0x556c876116f0, 0x7fff28192ce0, 0x7fff28192cf0) = 1 <0.000271>
[pid 207] 14:57:34.358935 <... SSL_connect resumed> ) = 1 <0.007003>
[pid 207] 14:57:34.359137 oqsprovider.so->OQS_KEM_free(0x556c875fdb70, 0x556c875fdb20, 2, 0x556c875fdb40) = 4 <0.000143>
Handshake duration: 7.19 ms
[pid 207] 14:57:34.361063 +++ exited (status 0) +++
Execution 5 - TLS Mutual
s_connection: verify depth is 1
[pid 209] 14:57:34.418714 openssl->SSL_connect(0x645914e0d0e0, 0x645914ddfe50, 0x645914ddfe50, 0x773d4e9eb360 <unfinished ...>
[pid 209] 14:57:34.419252 libssl.so.3->EVP_PKEY_keygen_init(0x645914e0f7d0, 0, 176, 0x645914e0f7d0) = 1 <0.000208>
[pid 209] 14:57:34.419568 libssl.so.3->EVP_PKEY_keygen(0x645914e0f7d0, 0x7ffd8e7ed200, 0, 103 <unfinished ...>
[pid 209] 14:57:34.419794 oqsprovider.so->OQS_KEM_new(0x645914e04c70, 8, 0, 0x645914e0cb50) = 0x645914e0cb70 <0.000160>
[pid 209] 14:57:34.420028 oqsprovider.so->OQS_KEM_keypair(0x645914e0cb70, 0x645914e0a570, 0x645914e07130, 0x645914e0cb50) = 0 <0.000414>
[pid 209] 14:57:34.420500 <... EVP_PKEY_keygen resumed> ) = 1 <0.000934>
[pid 209] 14:57:34.422145 libssl.so.3->EVP_PKEY_decapsulate_init(0x645914e0f7d0, 0, 176, 0x645914e0f7d0) = 1 <0.000349>
[pid 209] 14:57:34.422536 libssl.so.3->EVP_PKEY_decapsulate(0x645914e0f7d0, 0, 0x7ffd8e7ed1c0, 0x645914e117ea) = 1 <0.000137>
[pid 209] 14:57:34.422723 libssl.so.3->EVP_PKEY_decapsulate(0x645914e0f7d0, 0x645914e08ee0, 0x7ffd8e7ed1c0, 0x645914e117ea <unfinished ...>
[pid 209] 14:57:34.422863 oqsprovider.so->OQS_KEM_decaps(0x645914e0cb70, 0x645914e08ee0, 0x645914e117ea, 0x645914e07130) = 0 <0.000160>
[pid 209] 14:57:34.423069 <... EVP_PKEY_decapsulate resumed> ) = 1 <0.000341>
[pid 209] 14:57:34.423833 libssl.so.3->X509_verify_cert(0x645914e04ea0, 0, 0x8000, 0xffffffff) = 1 <0.000423>
[pid 209] 14:57:34.424513 libssl.so.3->EVP_DigestVerifyInit_ex(0x645914d31810, 0x7ffd8e7ed268, 0, 0) = 1 <0.000173>
[pid 209] 14:57:34.424737 libssl.so.3->EVP_DigestVerify(0x645914d31810, 0x645914e11798, 3309, 0x7ffd8e7ed270) = 1 <0.000197>
[pid 209] 14:57:34.425148 libssl.so.3->X509_verify_cert(0x645914e04ea0, 1, 1, 0) = 1 <0.000231>
[pid 209] 14:57:34.425738 libssl.so.3->EVP_DigestSignInit_ex(0x645914e0c940, 0x7ffd8e7ed250, 0, 0) = 1 <0.000134>
[pid 209] 14:57:34.425941 libssl.so.3->EVP_DigestSign(0x645914e0c940, 0, 0x7ffd8e7ed260, 0x7ffd8e7ed270) = 1 <0.000136>
[pid 209] 14:57:34.426123 libssl.so.3->EVP_DigestSign(0x645914e0c940, 0x645914e206f0, 0x7ffd8e7ed260, 0x7ffd8e7ed270) = 1 <0.000322>
[pid 209] 14:57:34.426657 <... SSL_connect resumed> ) = 1 <0.007960>
[pid 209] 14:57:34.426897 oqsprovider.so->OQS_KEM_free(0x645914e0cb70, 0x645914e0cb20, 2, 0x645914e0cb40) = 4 <0.000129>
Handshake duration: 8.16 ms
[pid 209] 14:57:34.429266 +++ exited (status 0) +++
Execution 6 - TLS Mutual
s_connection: verify depth is 1
[pid 211] 14:57:34.486761 openssl->SSL_connect(0x5f0e931be0e0, 0x5f0e93190e50, 0x5f0e93190e50, 0x7ff5773f2360 <unfinished ...>
[pid 211] 14:57:34.487352 libssl.so.3->EVP_PKEY_keygen_init(0x5f0e931c07d0, 0, 176, 0x5f0e931c07d0) = 1 <0.000249>
[pid 211] 14:57:34.487677 libssl.so.3->EVP_PKEY_keygen(0x5f0e931c07d0, 0x7fff16c5cc70, 0, 103 <unfinished ...>
[pid 211] 14:57:34.487840 oqsprovider.so->OQS_KEM_new(0x5f0e931b5c70, 8, 0, 0x5f0e931bdb50) = 0x5f0e931bdb70 <0.000155>
[pid 211] 14:57:34.488048 oqsprovider.so->OQS_KEM_keypair(0x5f0e931bdb70, 0x5f0e931bb570, 0x5f0e931b8130, 0x5f0e931bdb50) = 0 <0.000359>
[pid 211] 14:57:34.488468 <... EVP_PKEY_keygen resumed> ) = 1 <0.000787>
[pid 211] 14:57:34.489967 libssl.so.3->EVP_PKEY_decapsulate_init(0x5f0e931c07d0, 0, 176, 0x5f0e931c07d0) = 1 <0.000288>
[pid 211] 14:57:34.490304 libssl.so.3->EVP_PKEY_decapsulate(0x5f0e931c07d0, 0, 0x7fff16c5cc30, 0x5f0e931c27ea) = 1 <0.000148>
[pid 211] 14:57:34.490501 libssl.so.3->EVP_PKEY_decapsulate(0x5f0e931c07d0, 0x5f0e931b9ee0, 0x7fff16c5cc30, 0x5f0e931c27ea <unfinished ...>
[pid 211] 14:57:34.490633 oqsprovider.so->OQS_KEM_decaps(0x5f0e931bdb70, 0x5f0e931b9ee0, 0x5f0e931c27ea, 0x5f0e931b8130) = 0 <0.000159>
[pid 211] 14:57:34.490849 <... EVP_PKEY_decapsulate resumed> ) = 1 <0.000344>
[pid 211] 14:57:34.491598 libssl.so.3->X509_verify_cert(0x5f0e931b5ea0, 0, 0x8000, 0xffffffff) = 1 <0.000392>
[pid 211] 14:57:34.492202 libssl.so.3->EVP_DigestVerifyInit_ex(0x5f0e930e2810, 0x7fff16c5ccd8, 0, 0) = 1 <0.000178>
[pid 211] 14:57:34.492473 libssl.so.3->EVP_DigestVerify(0x5f0e930e2810, 0x5f0e931c2798, 3309, 0x7fff16c5cce0) = 1 <0.000246>
[pid 211] 14:57:34.492947 libssl.so.3->X509_verify_cert(0x5f0e931b5ea0, 1, 1, 0) = 1 <0.000226>
[pid 211] 14:57:34.493536 libssl.so.3->EVP_DigestSignInit_ex(0x5f0e931bd940, 0x7fff16c5ccc0, 0, 0) = 1 <0.000158>
[pid 211] 14:57:34.493746 libssl.so.3->EVP_DigestSign(0x5f0e931bd940, 0, 0x7fff16c5ccd0, 0x7fff16c5cce0) = 1 <0.000137>
[pid 211] 14:57:34.493931 libssl.so.3->EVP_DigestSign(0x5f0e931bd940, 0x5f0e931d16f0, 0x7fff16c5ccd0, 0x7fff16c5cce0) = 1 <0.000338>
[pid 211] 14:57:34.494514 <... SSL_connect resumed> ) = 1 <0.007762>
[pid 211] 14:57:34.494726 oqsprovider.so->OQS_KEM_free(0x5f0e931bdb70, 0x5f0e931bdb20, 2, 0x5f0e931bdb40) = 4 <0.000162>
Handshake duration: 7.96 ms
[pid 211] 14:57:34.497167 +++ exited (status 0) +++
Execution 7 - TLS Mutual
s_connection: verify depth is 1
[pid 213] 14:57:34.551938 openssl->SSL_connect(0x5678a1a980e0, 0x5678a1a6ae50, 0x5678a1a6ae50, 0x75029fd01360 <unfinished ...>
[pid 213] 14:57:34.552373 libssl.so.3->EVP_PKEY_keygen_init(0x5678a1a9a7d0, 0, 176, 0x5678a1a9a7d0) = 1 <0.000186>
[pid 213] 14:57:34.552602 libssl.so.3->EVP_PKEY_keygen(0x5678a1a9a7d0, 0x7ffde9245cc0, 0, 103 <unfinished ...>
[pid 213] 14:57:34.552736 oqsprovider.so->OQS_KEM_new(0x5678a1a8fc70, 8, 0, 0x5678a1a97b50) = 0x5678a1a97b70 <0.000127>
[pid 213] 14:57:34.552928 oqsprovider.so->OQS_KEM_keypair(0x5678a1a97b70, 0x5678a1a95570, 0x5678a1a92130, 0x5678a1a97b50) = 0 <0.000334>
[pid 213] 14:57:34.553315 <... EVP_PKEY_keygen resumed> ) = 1 <0.000704>
[pid 213] 14:57:34.554772 libssl.so.3->EVP_PKEY_decapsulate_init(0x5678a1a9a7d0, 0, 176, 0x5678a1a9a7d0) = 1 <0.000273>
[pid 213] 14:57:34.555085 libssl.so.3->EVP_PKEY_decapsulate(0x5678a1a9a7d0, 0, 0x7ffde9245c80, 0x5678a1a9c7ea) = 1 <0.000202>
[pid 213] 14:57:34.555360 libssl.so.3->EVP_PKEY_decapsulate(0x5678a1a9a7d0, 0x5678a1a93ee0, 0x7ffde9245c80, 0x5678a1a9c7ea <unfinished ...>
[pid 213] 14:57:34.555505 oqsprovider.so->OQS_KEM_decaps(0x5678a1a97b70, 0x5678a1a93ee0, 0x5678a1a9c7ea, 0x5678a1a92130) = 0 <0.000141>
[pid 213] 14:57:34.555693 <... EVP_PKEY_decapsulate resumed> ) = 1 <0.000332>
[pid 213] 14:57:34.556353 libssl.so.3->X509_verify_cert(0x5678a1a8fea0, 0, 0x8000, 0xffffffff) = 1 <0.000342>
[pid 213] 14:57:34.556874 libssl.so.3->EVP_DigestVerifyInit_ex(0x5678a19bc810, 0x7ffde9245d28, 0, 0) = 1 <0.000127>
[pid 213] 14:57:34.557043 libssl.so.3->EVP_DigestVerify(0x5678a19bc810, 0x5678a1a9c798, 3309, 0x7ffde9245d30) = 1 <0.000165>
[pid 213] 14:57:34.557404 libssl.so.3->X509_verify_cert(0x5678a1a8fea0, 1, 1, 0) = 1 <0.000220>
[pid 213] 14:57:34.557899 libssl.so.3->EVP_DigestSignInit_ex(0x5678a1a97940, 0x7ffde9245d10, 0, 0) = 1 <0.000110>
[pid 213] 14:57:34.558050 libssl.so.3->EVP_DigestSign(0x5678a1a97940, 0, 0x7ffde9245d20, 0x7ffde9245d30) = 1 <0.000098>
[pid 213] 14:57:34.558186 libssl.so.3->EVP_DigestSign(0x5678a1a97940, 0x5678a1aab6f0, 0x7ffde9245d20, 0x7ffde9245d30) = 1 <0.000412>
[pid 213] 14:57:34.558807 <... SSL_connect resumed> ) = 1 <0.006877>
[pid 213] 14:57:34.559007 oqsprovider.so->OQS_KEM_free(0x5678a1a97b70, 0x5678a1a97b20, 2, 0x5678a1a97b40) = 4 <0.000130>
Handshake duration: 7.05 ms
[pid 213] 14:57:34.561021 +++ exited (status 0) +++
Execution 8 - TLS Mutual
s_connection: verify depth is 1
[pid 215] 14:57:34.615759 openssl->SSL_connect(0x5f39257280e0, 0x5f39256fae50, 0x5f39256fae50, 0x76a59629d360 <unfinished ...>
[pid 215] 14:57:34.616150 libssl.so.3->EVP_PKEY_keygen_init(0x5f392572a7d0, 0, 176, 0x5f392572a7d0) = 1 <0.000137>
[pid 215] 14:57:34.616341 libssl.so.3->EVP_PKEY_keygen(0x5f392572a7d0, 0x7ffcea22ab60, 0, 103 <unfinished ...>
[pid 215] 14:57:34.616461 oqsprovider.so->OQS_KEM_new(0x5f392571fc70, 8, 0, 0x5f3925727b50) = 0x5f3925727b70 <0.000108>
[pid 215] 14:57:34.616611 oqsprovider.so->OQS_KEM_keypair(0x5f3925727b70, 0x5f3925725570, 0x5f3925722130, 0x5f3925727b50) = 0 <0.000284>
[pid 215] 14:57:34.616949 <... EVP_PKEY_keygen resumed> ) = 1 <0.000602>
[pid 215] 14:57:34.618315 libssl.so.3->EVP_PKEY_decapsulate_init(0x5f392572a7d0, 0, 176, 0x5f392572a7d0) = 1 <0.000245>
[pid 215] 14:57:34.618599 libssl.so.3->EVP_PKEY_decapsulate(0x5f392572a7d0, 0, 0x7ffcea22ab20, 0x5f392572c7ea) = 1 <0.000114>
[pid 215] 14:57:34.618756 libssl.so.3->EVP_PKEY_decapsulate(0x5f392572a7d0, 0x5f3925723ee0, 0x7ffcea22ab20, 0x5f392572c7ea <unfinished ...>
[pid 215] 14:57:34.618867 oqsprovider.so->OQS_KEM_decaps(0x5f3925727b70, 0x5f3925723ee0, 0x5f392572c7ea, 0x5f3925722130) = 0 <0.000138>
[pid 215] 14:57:34.619048 <... EVP_PKEY_decapsulate resumed> ) = 1 <0.000287>
[pid 215] 14:57:34.619738 libssl.so.3->X509_verify_cert(0x5f392571fea0, 0, 0x8000, 0xffffffff) = 1 <0.000335>
[pid 215] 14:57:34.620257 libssl.so.3->EVP_DigestVerifyInit_ex(0x5f392564c810, 0x7ffcea22abc8, 0, 0) = 1 <0.000122>
[pid 215] 14:57:34.620423 libssl.so.3->EVP_DigestVerify(0x5f392564c810, 0x5f392572c798, 3309, 0x7ffcea22abd0) = 1 <0.000182>
[pid 215] 14:57:34.620800 libssl.so.3->X509_verify_cert(0x5f392571fea0, 1, 1, 0) = 1 <0.000206>
[pid 215] 14:57:34.621283 libssl.so.3->EVP_DigestSignInit_ex(0x5f3925727940, 0x7ffcea22abb0, 0, 0) = 1 <0.000123>
[pid 215] 14:57:34.621454 libssl.so.3->EVP_DigestSign(0x5f3925727940, 0, 0x7ffcea22abc0, 0x7ffcea22abd0) = 1 <0.000109>
[pid 215] 14:57:34.621611 libssl.so.3->EVP_DigestSign(0x5f3925727940, 0x5f392573b6f0, 0x7ffcea22abc0, 0x7ffcea22abd0) = 1 <0.000407>
[pid 215] 14:57:34.622210 <... SSL_connect resumed> ) = 1 <0.006458>
[pid 215] 14:57:34.622474 oqsprovider.so->OQS_KEM_free(0x5f3925727b70, 0x5f3925727b20, 2, 0x5f3925727b40) = 4 <0.000139>
Handshake duration: 6.61 ms
[pid 215] 14:57:34.624353 +++ exited (status 0) +++
Execution 9 - TLS Mutual
s_connection: verify depth is 1
[pid 217] 14:57:34.678776 openssl->SSL_connect(0x5bd92a5020e0, 0x5bd92a4d4e50, 0x5bd92a4d4e50, 0x7cc5794de360 <unfinished ...>
[pid 217] 14:57:34.679213 libssl.so.3->EVP_PKEY_keygen_init(0x5bd92a5047d0, 0, 176, 0x5bd92a5047d0) = 1 <0.000154>
[pid 217] 14:57:34.679418 libssl.so.3->EVP_PKEY_keygen(0x5bd92a5047d0, 0x7ffec40f5c40, 0, 103 <unfinished ...>
[pid 217] 14:57:34.679561 oqsprovider.so->OQS_KEM_new(0x5bd92a4f9c70, 8, 0, 0x5bd92a501b50) = 0x5bd92a501b70 <0.000120>
[pid 217] 14:57:34.679726 oqsprovider.so->OQS_KEM_keypair(0x5bd92a501b70, 0x5bd92a4ff570, 0x5bd92a4fc130, 0x5bd92a501b50) = 0 <0.000306>
[pid 217] 14:57:34.680088 <... EVP_PKEY_keygen resumed> ) = 1 <0.000664>
[pid 217] 14:57:34.681441 libssl.so.3->EVP_PKEY_decapsulate_init(0x5bd92a5047d0, 0, 176, 0x5bd92a5047d0) = 1 <0.000277>
[pid 217] 14:57:34.681753 libssl.so.3->EVP_PKEY_decapsulate(0x5bd92a5047d0, 0, 0x7ffec40f5c00, 0x5bd92a5067ea) = 1 <0.000115>
[pid 217] 14:57:34.681904 libssl.so.3->EVP_PKEY_decapsulate(0x5bd92a5047d0, 0x5bd92a4fdee0, 0x7ffec40f5c00, 0x5bd92a5067ea <unfinished ...>
[pid 217] 14:57:34.682032 oqsprovider.so->OQS_KEM_decaps(0x5bd92a501b70, 0x5bd92a4fdee0, 0x5bd92a5067ea, 0x5bd92a4fc130) = 0 <0.000160>
[pid 217] 14:57:34.682230 <... EVP_PKEY_decapsulate resumed> ) = 1 <0.000317>
[pid 217] 14:57:34.682948 libssl.so.3->X509_verify_cert(0x5bd92a4f9ea0, 0, 0x8000, 0xffffffff) = 1 <0.000334>
[pid 217] 14:57:34.683483 libssl.so.3->EVP_DigestVerifyInit_ex(0x5bd92a426810, 0x7ffec40f5ca8, 0, 0) = 1 <0.000124>
[pid 217] 14:57:34.683651 libssl.so.3->EVP_DigestVerify(0x5bd92a426810, 0x5bd92a506798, 3309, 0x7ffec40f5cb0) = 1 <0.000200>
[pid 217] 14:57:34.684115 libssl.so.3->X509_verify_cert(0x5bd92a4f9ea0, 1, 1, 0) = 1 <0.000263>
[pid 217] 14:57:34.684680 libssl.so.3->EVP_DigestSignInit_ex(0x5bd92a501940, 0x7ffec40f5c90, 0, 0) = 1 <0.000152>
[pid 217] 14:57:34.684889 libssl.so.3->EVP_DigestSign(0x5bd92a501940, 0, 0x7ffec40f5ca0, 0x7ffec40f5cb0) = 1 <0.000158>
[pid 217] 14:57:34.685092 libssl.so.3->EVP_DigestSign(0x5bd92a501940, 0x5bd92a5156f0, 0x7ffec40f5ca0, 0x7ffec40f5cb0) = 1 <0.000423>
[pid 217] 14:57:34.685691 <... SSL_connect resumed> ) = 1 <0.006923>
[pid 217] 14:57:34.685877 oqsprovider.so->OQS_KEM_free(0x5bd92a501b70, 0x5bd92a501b20, 2, 0x5bd92a501b40) = 4 <0.000111>
Handshake duration: 7.07 ms
[pid 217] 14:57:34.687850 +++ exited (status 0) +++
Execution 10 - TLS Mutual
s_connection: verify depth is 1
[pid 219] 14:57:34.744951 openssl->SSL_connect(0x5c695c9c10e0, 0x5c695c993e50, 0x5c695c993e50, 0x724082f70360 <unfinished ...>
[pid 219] 14:57:34.745414 libssl.so.3->EVP_PKEY_keygen_init(0x5c695c9c37d0, 0, 176, 0x5c695c9c37d0) = 1 <0.000210>
[pid 219] 14:57:34.745670 libssl.so.3->EVP_PKEY_keygen(0x5c695c9c37d0, 0x7ffc61196850, 0, 103 <unfinished ...>
[pid 219] 14:57:34.745799 oqsprovider.so->OQS_KEM_new(0x5c695c9b8c70, 8, 0, 0x5c695c9c0b50) = 0x5c695c9c0b70 <0.000139>
[pid 219] 14:57:34.745994 oqsprovider.so->OQS_KEM_keypair(0x5c695c9c0b70, 0x5c695c9be570, 0x5c695c9bb130, 0x5c695c9c0b50) = 0 <0.000348>
[pid 219] 14:57:34.746443 <... EVP_PKEY_keygen resumed> ) = 1 <0.000757>
[pid 219] 14:57:34.747883 libssl.so.3->EVP_PKEY_decapsulate_init(0x5c695c9c37d0, 0, 176, 0x5c695c9c37d0) = 1 <0.000290>
[pid 219] 14:57:34.748246 libssl.so.3->EVP_PKEY_decapsulate(0x5c695c9c37d0, 0, 0x7ffc61196810, 0x5c695c9c57ea) = 1 <0.000126>
[pid 219] 14:57:34.748468 libssl.so.3->EVP_PKEY_decapsulate(0x5c695c9c37d0, 0x5c695c9bcee0, 0x7ffc61196810, 0x5c695c9c57ea <unfinished ...>
[pid 219] 14:57:34.748582 oqsprovider.so->OQS_KEM_decaps(0x5c695c9c0b70, 0x5c695c9bcee0, 0x5c695c9c57ea, 0x5c695c9bb130) = 0 <0.000148>
[pid 219] 14:57:34.748775 <... EVP_PKEY_decapsulate resumed> ) = 1 <0.000302>
[pid 219] 14:57:34.749504 libssl.so.3->X509_verify_cert(0x5c695c9b8ea0, 0, 0x8000, 0xffffffff) = 1 <0.000380>
[pid 219] 14:57:34.750108 libssl.so.3->EVP_DigestVerifyInit_ex(0x5c695c8e5810, 0x7ffc611968b8, 0, 0) = 1 <0.000167>
[pid 219] 14:57:34.750313 libssl.so.3->EVP_DigestVerify(0x5c695c8e5810, 0x5c695c9c5798, 3309, 0x7ffc611968c0) = 1 <0.000207>
[pid 219] 14:57:34.750741 libssl.so.3->X509_verify_cert(0x5c695c9b8ea0, 1, 1, 0) = 1 <0.000222>
[pid 219] 14:57:34.751262 libssl.so.3->EVP_DigestSignInit_ex(0x5c695c9c0940, 0x7ffc611968a0, 0, 0) = 1 <0.000139>
[pid 219] 14:57:34.751458 libssl.so.3->EVP_DigestSign(0x5c695c9c0940, 0, 0x7ffc611968b0, 0x7ffc611968c0) = 1 <0.000107>
[pid 219] 14:57:34.751606 libssl.so.3->EVP_DigestSign(0x5c695c9c0940, 0x5c695c9d46f0, 0x7ffc611968b0, 0x7ffc611968c0) = 1 <0.000255>
[pid 219] 14:57:34.752057 <... SSL_connect resumed> ) = 1 <0.007115>
[pid 219] 14:57:34.752235 oqsprovider.so->OQS_KEM_free(0x5c695c9c0b70, 0x5c695c9c0b20, 2, 0x5c695c9c0b40) = 4 <0.000109>
Handshake duration: 7.28 ms
[pid 219] 14:57:34.754236 +++ exited (status 0) +++
Execution 11 - TLS Mutual
s_connection: verify depth is 1
[pid 221] 14:57:34.812858 openssl->SSL_connect(0x5fd3f13100e0, 0x5fd3f12e2e50, 0x5fd3f12e2e50, 0x7019ba136360 <unfinished ...>
[pid 221] 14:57:34.813315 libssl.so.3->EVP_PKEY_keygen_init(0x5fd3f13127d0, 0, 176, 0x5fd3f13127d0) = 1 <0.000196>
[pid 221] 14:57:34.813567 libssl.so.3->EVP_PKEY_keygen(0x5fd3f13127d0, 0x7ffe0bdad240, 0, 103 <unfinished ...>
[pid 221] 14:57:34.813722 oqsprovider.so->OQS_KEM_new(0x5fd3f1307c70, 8, 0, 0x5fd3f130fb50) = 0x5fd3f130fb70 <0.000165>
[pid 221] 14:57:34.813947 oqsprovider.so->OQS_KEM_keypair(0x5fd3f130fb70, 0x5fd3f130d570, 0x5fd3f130a130, 0x5fd3f130fb50) = 0 <0.000359>
[pid 221] 14:57:34.814365 <... EVP_PKEY_keygen resumed> ) = 1 <0.000794>
[pid 221] 14:57:34.815834 libssl.so.3->EVP_PKEY_decapsulate_init(0x5fd3f13127d0, 0, 176, 0x5fd3f13127d0) = 1 <0.000263>
[pid 221] 14:57:34.816150 libssl.so.3->EVP_PKEY_decapsulate(0x5fd3f13127d0, 0, 0x7ffe0bdad200, 0x5fd3f13147ea) = 1 <0.000135>
[pid 221] 14:57:34.816333 libssl.so.3->EVP_PKEY_decapsulate(0x5fd3f13127d0, 0x5fd3f130bee0, 0x7ffe0bdad200, 0x5fd3f13147ea <unfinished ...>
[pid 221] 14:57:34.816479 oqsprovider.so->OQS_KEM_decaps(0x5fd3f130fb70, 0x5fd3f130bee0, 0x5fd3f13147ea, 0x5fd3f130a130) = 0 <0.000196>
[pid 221] 14:57:34.816724 <... EVP_PKEY_decapsulate resumed> ) = 1 <0.000382>
[pid 221] 14:57:34.817791 libssl.so.3->X509_verify_cert(0x5fd3f1307ea0, 0, 0x8000, 0xffffffff) = 1 <0.000630>
[pid 221] 14:57:34.818788 libssl.so.3->EVP_DigestVerifyInit_ex(0x5fd3f1234810, 0x7ffe0bdad2a8, 0, 0) = 1 <0.000247>
[pid 221] 14:57:34.819099 libssl.so.3->EVP_DigestVerify(0x5fd3f1234810, 0x5fd3f1314798, 3309, 0x7ffe0bdad2b0) = 1 <0.000350>
[pid 221] 14:57:34.819738 libssl.so.3->X509_verify_cert(0x5fd3f1307ea0, 1, 1, 0) = 1 <0.000290>
[pid 221] 14:57:34.820490 libssl.so.3->EVP_DigestSignInit_ex(0x5fd3f130f940, 0x7ffe0bdad290, 0, 0) = 1 <0.000196>
[pid 221] 14:57:34.820735 libssl.so.3->EVP_DigestSign(0x5fd3f130f940, 0, 0x7ffe0bdad2a0, 0x7ffe0bdad2b0) = 1 <0.000167>
[pid 221] 14:57:34.821091 libssl.so.3->EVP_DigestSign(0x5fd3f130f940, 0x5fd3f13236f0, 0x7ffe0bdad2a0, 0x7ffe0bdad2b0) = 1 <0.000471>
[pid 221] 14:57:34.821899 <... SSL_connect resumed> ) = 1 <0.009037>
[pid 221] 14:57:34.822289 oqsprovider.so->OQS_KEM_free(0x5fd3f130fb70, 0x5fd3f130fb20, 2, 0x5fd3f130fb40) = 4 <0.000306>
Handshake duration: 9.34 ms
[pid 221] 14:57:34.825298 +++ exited (status 0) +++
Execution 12 - TLS Mutual
s_connection: verify depth is 1
[pid 223] 14:57:34.882926 openssl->SSL_connect(0x6396f31c50e0, 0x6396f3197e50, 0x6396f3197e50, 0x700091451360 <unfinished ...>
[pid 223] 14:57:34.883452 libssl.so.3->EVP_PKEY_keygen_init(0x6396f31c77d0, 0, 176, 0x6396f31c77d0) = 1 <0.000163>
[pid 223] 14:57:34.883669 libssl.so.3->EVP_PKEY_keygen(0x6396f31c77d0, 0x7ffc445c44f0, 0, 103 <unfinished ...>
[pid 223] 14:57:34.883791 oqsprovider.so->OQS_KEM_new(0x6396f31bcc70, 8, 0, 0x6396f31c4b50) = 0x6396f31c4b70 <0.000161>
[pid 223] 14:57:34.884013 oqsprovider.so->OQS_KEM_keypair(0x6396f31c4b70, 0x6396f31c2570, 0x6396f31bf130, 0x6396f31c4b50) = 0 <0.000376>
[pid 223] 14:57:34.884464 <... EVP_PKEY_keygen resumed> ) = 1 <0.000790>
[pid 223] 14:57:34.885918 libssl.so.3->EVP_PKEY_decapsulate_init(0x6396f31c77d0, 0, 176, 0x6396f31c77d0) = 1 <0.000286>
[pid 223] 14:57:34.886258 libssl.so.3->EVP_PKEY_decapsulate(0x6396f31c77d0, 0, 0x7ffc445c44b0, 0x6396f31c97ea) = 1 <0.000140>
[pid 223] 14:57:34.886467 libssl.so.3->EVP_PKEY_decapsulate(0x6396f31c77d0, 0x6396f31c0ee0, 0x7ffc445c44b0, 0x6396f31c97ea <unfinished ...>
[pid 223] 14:57:34.886604 oqsprovider.so->OQS_KEM_decaps(0x6396f31c4b70, 0x6396f31c0ee0, 0x6396f31c97ea, 0x6396f31bf130) = 0 <0.000166>
[pid 223] 14:57:34.886815 <... EVP_PKEY_decapsulate resumed> ) = 1 <0.000341>
[pid 223] 14:57:34.887553 libssl.so.3->X509_verify_cert(0x6396f31bcea0, 0, 0x8000, 0xffffffff) = 1 <0.000376>
[pid 223] 14:57:34.888124 libssl.so.3->EVP_DigestVerifyInit_ex(0x6396f30e9810, 0x7ffc445c4558, 0, 0) = 1 <0.000123>
[pid 223] 14:57:34.888303 libssl.so.3->EVP_DigestVerify(0x6396f30e9810, 0x6396f31c9798, 3309, 0x7ffc445c4560) = 1 <0.000228>
[pid 223] 14:57:34.888758 libssl.so.3->X509_verify_cert(0x6396f31bcea0, 1, 1, 0) = 1 <0.000237>
[pid 223] 14:57:34.889320 libssl.so.3->EVP_DigestSignInit_ex(0x6396f31c4940, 0x7ffc445c4540, 0, 0) = 1 <0.000153>
[pid 223] 14:57:34.889527 libssl.so.3->EVP_DigestSign(0x6396f31c4940, 0, 0x7ffc445c4550, 0x7ffc445c4560) = 1 <0.000134>
[pid 223] 14:57:34.889707 libssl.so.3->EVP_DigestSign(0x6396f31c4940, 0x6396f31d86f0, 0x7ffc445c4550, 0x7ffc445c4560) = 1 <0.000574>
[pid 223] 14:57:34.890501 <... SSL_connect resumed> ) = 1 <0.007582>
[pid 223] 14:57:34.890720 oqsprovider.so->OQS_KEM_free(0x6396f31c4b70, 0x6396f31c4b20, 2, 0x6396f31c4b40) = 4 <0.000136>
Handshake duration: 7.79 ms
[pid 223] 14:57:34.893144 +++ exited (status 0) +++
Execution 13 - TLS Mutual
s_connection: verify depth is 1
[pid 225] 14:57:34.947955 openssl->SSL_connect(0x5835a9fad0e0, 0x5835a9f7fe50, 0x5835a9f7fe50, 0x7b9e9546e360 <unfinished ...>
[pid 225] 14:57:34.948487 libssl.so.3->EVP_PKEY_keygen_init(0x5835a9faf7d0, 0, 176, 0x5835a9faf7d0) = 1 <0.000184>
[pid 225] 14:57:34.948748 libssl.so.3->EVP_PKEY_keygen(0x5835a9faf7d0, 0x7ffeecc21710, 0, 103 <unfinished ...>
[pid 225] 14:57:34.948893 oqsprovider.so->OQS_KEM_new(0x5835a9fa4c70, 8, 0, 0x5835a9facb50) = 0x5835a9facb70 <0.000115>
[pid 225] 14:57:34.949047 oqsprovider.so->OQS_KEM_keypair(0x5835a9facb70, 0x5835a9faa570, 0x5835a9fa7130, 0x5835a9facb50) = 0 <0.000298>
[pid 225] 14:57:34.949400 <... EVP_PKEY_keygen resumed> ) = 1 <0.000646>
[pid 225] 14:57:34.950764 libssl.so.3->EVP_PKEY_decapsulate_init(0x5835a9faf7d0, 0, 176, 0x5835a9faf7d0) = 1 <0.000291>
[pid 225] 14:57:34.951108 libssl.so.3->EVP_PKEY_decapsulate(0x5835a9faf7d0, 0, 0x7ffeecc216d0, 0x5835a9fb17ea) = 1 <0.000119>
[pid 225] 14:57:34.951273 libssl.so.3->EVP_PKEY_decapsulate(0x5835a9faf7d0, 0x5835a9fa8ee0, 0x7ffeecc216d0, 0x5835a9fb17ea <unfinished ...>
[pid 225] 14:57:34.951389 oqsprovider.so->OQS_KEM_decaps(0x5835a9facb70, 0x5835a9fa8ee0, 0x5835a9fb17ea, 0x5835a9fa7130) = 0 <0.000175>
[pid 225] 14:57:34.951604 <... EVP_PKEY_decapsulate resumed> ) = 1 <0.000331>
[pid 225] 14:57:34.952263 libssl.so.3->X509_verify_cert(0x5835a9fa4ea0, 0, 0x8000, 0xffffffff) = 1 <0.000344>
[pid 225] 14:57:34.952790 libssl.so.3->EVP_DigestVerifyInit_ex(0x5835a9ed1810, 0x7ffeecc21778, 0, 0) = 1 <0.000133>
[pid 225] 14:57:34.952958 libssl.so.3->EVP_DigestVerify(0x5835a9ed1810, 0x5835a9fb1798, 3309, 0x7ffeecc21780) = 1 <0.000163>
[pid 225] 14:57:34.953322 libssl.so.3->X509_verify_cert(0x5835a9fa4ea0, 1, 1, 0) = 1 <0.000224>
[pid 225] 14:57:34.953828 libssl.so.3->EVP_DigestSignInit_ex(0x5835a9fac940, 0x7ffeecc21760, 0, 0) = 1 <0.000126>
[pid 225] 14:57:34.953997 libssl.so.3->EVP_DigestSign(0x5835a9fac940, 0, 0x7ffeecc21770, 0x7ffeecc21780) = 1 <0.000110>
[pid 225] 14:57:34.954158 libssl.so.3->EVP_DigestSign(0x5835a9fac940, 0x5835a9fc06f0, 0x7ffeecc21770, 0x7ffeecc21780) = 1 <0.000444>
[pid 225] 14:57:34.954771 <... SSL_connect resumed> ) = 1 <0.006822>
[pid 225] 14:57:34.954949 oqsprovider.so->OQS_KEM_free(0x5835a9facb70, 0x5835a9facb20, 2, 0x5835a9facb40) = 4 <0.000116>
Handshake duration: 6.98 ms
[pid 225] 14:57:34.956879 +++ exited (status 0) +++
Execution 14 - TLS Mutual
s_connection: verify depth is 1
[pid 227] 14:57:35.012187 openssl->SSL_connect(0x64374770f0e0, 0x6437476e1e50, 0x6437476e1e50, 0x7f162a2de360 <unfinished ...>
[pid 227] 14:57:35.012619 libssl.so.3->EVP_PKEY_keygen_init(0x6437477117d0, 0, 176, 0x6437477117d0) = 1 <0.000170>
[pid 227] 14:57:35.012834 libssl.so.3->EVP_PKEY_keygen(0x6437477117d0, 0x7ffd506e0c90, 0, 103 <unfinished ...>
[pid 227] 14:57:35.012958 oqsprovider.so->OQS_KEM_new(0x643747706c70, 8, 0, 0x64374770eb50) = 0x64374770eb70 <0.000115>
[pid 227] 14:57:35.013123 oqsprovider.so->OQS_KEM_keypair(0x64374770eb70, 0x64374770c570, 0x643747709130, 0x64374770eb50) = 0 <0.000328>
[pid 227] 14:57:35.013516 <... EVP_PKEY_keygen resumed> ) = 1 <0.000676>
[pid 227] 14:57:35.014891 libssl.so.3->EVP_PKEY_decapsulate_init(0x6437477117d0, 0, 176, 0x6437477117d0) = 1 <0.000267>
[pid 227] 14:57:35.015201 libssl.so.3->EVP_PKEY_decapsulate(0x6437477117d0, 0, 0x7ffd506e0c50, 0x6437477137ea) = 1 <0.000125>
[pid 227] 14:57:35.015387 libssl.so.3->EVP_PKEY_decapsulate(0x6437477117d0, 0x64374770aee0, 0x7ffd506e0c50, 0x6437477137ea <unfinished ...>
[pid 227] 14:57:35.015546 oqsprovider.so->OQS_KEM_decaps(0x64374770eb70, 0x64374770aee0, 0x6437477137ea, 0x643747709130) = 0 <0.000163>
[pid 227] 14:57:35.015750 <... EVP_PKEY_decapsulate resumed> ) = 1 <0.000361>
[pid 227] 14:57:35.016431 libssl.so.3->X509_verify_cert(0x643747706ea0, 0, 0x8000, 0xffffffff) = 1 <0.000343>
[pid 227] 14:57:35.016942 libssl.so.3->EVP_DigestVerifyInit_ex(0x643747633810, 0x7ffd506e0cf8, 0, 0) = 1 <0.000118>
[pid 227] 14:57:35.017108 libssl.so.3->EVP_DigestVerify(0x643747633810, 0x643747713798, 3309, 0x7ffd506e0d00) = 1 <0.000178>
[pid 227] 14:57:35.017510 libssl.so.3->X509_verify_cert(0x643747706ea0, 1, 1, 0) = 1 <0.000235>
[pid 227] 14:57:35.018035 libssl.so.3->EVP_DigestSignInit_ex(0x64374770e940, 0x7ffd506e0ce0, 0, 0) = 1 <0.000165>
[pid 227] 14:57:35.018261 libssl.so.3->EVP_DigestSign(0x64374770e940, 0, 0x7ffd506e0cf0, 0x7ffd506e0d00) = 1 <0.000133>
[pid 227] 14:57:35.018447 libssl.so.3->EVP_DigestSign(0x64374770e940, 0x6437477226f0, 0x7ffd506e0cf0, 0x7ffd506e0d00) = 1 <0.000468>
[pid 227] 14:57:35.019093 <... SSL_connect resumed> ) = 1 <0.006919>
[pid 227] 14:57:35.019273 oqsprovider.so->OQS_KEM_free(0x64374770eb70, 0x64374770eb20, 2, 0x64374770eb40) = 4 <0.000126>
Handshake duration: 7.07 ms
[pid 227] 14:57:35.021291 +++ exited (status 0) +++
Execution 15 - TLS Mutual
s_connection: verify depth is 1
[pid 229] 14:57:35.083733 openssl->SSL_connect(0x63fc78d2f0e0, 0x63fc78d01e50, 0x63fc78d01e50, 0x7ec879cb3360 <unfinished ...>
[pid 229] 14:57:35.084474 libssl.so.3->EVP_PKEY_keygen_init(0x63fc78d317d0, 0, 176, 0x63fc78d317d0) = 1 <0.000279>
[pid 229] 14:57:35.084859 libssl.so.3->EVP_PKEY_keygen(0x63fc78d317d0, 0x7ffc2ca8da00, 0, 103 <unfinished ...>
[pid 229] 14:57:35.085051 oqsprovider.so->OQS_KEM_new(0x63fc78d26c70, 8, 0, 0x63fc78d2eb50) = 0x63fc78d2eb70 <0.000174>
[pid 229] 14:57:35.085310 oqsprovider.so->OQS_KEM_keypair(0x63fc78d2eb70, 0x63fc78d2c570, 0x63fc78d29130, 0x63fc78d2eb50) = 0 <0.000528>
[pid 229] 14:57:35.085943 <... EVP_PKEY_keygen resumed> ) = 1 <0.001076>
[pid 229] 14:57:35.087940 libssl.so.3->EVP_PKEY_decapsulate_init(0x63fc78d317d0, 0, 176, 0x63fc78d317d0) = 1 <0.000535>
[pid 229] 14:57:35.088582 libssl.so.3->EVP_PKEY_decapsulate(0x63fc78d317d0, 0, 0x7ffc2ca8d9c0, 0x63fc78d337ea) = 1 <0.000187>
[pid 229] 14:57:35.088824 libssl.so.3->EVP_PKEY_decapsulate(0x63fc78d317d0, 0x63fc78d2aee0, 0x7ffc2ca8d9c0, 0x63fc78d337ea <unfinished ...>
[pid 229] 14:57:35.089013 oqsprovider.so->OQS_KEM_decaps(0x63fc78d2eb70, 0x63fc78d2aee0, 0x63fc78d337ea, 0x63fc78d29130) = 0 <0.000228>
[pid 229] 14:57:35.089301 <... EVP_PKEY_decapsulate resumed> ) = 1 <0.000469>
[pid 229] 14:57:35.090277 libssl.so.3->X509_verify_cert(0x63fc78d26ea0, 0, 0x8000, 0xffffffff) = 1 <0.000559>
[pid 229] 14:57:35.091151 libssl.so.3->EVP_DigestVerifyInit_ex(0x63fc78c53810, 0x7ffc2ca8da68, 0, 0) = 1 <0.000227>
[pid 229] 14:57:35.091458 libssl.so.3->EVP_DigestVerify(0x63fc78c53810, 0x63fc78d33798, 3309, 0x7ffc2ca8da70) = 1 <0.000316>
[pid 229] 14:57:35.092066 libssl.so.3->X509_verify_cert(0x63fc78d26ea0, 1, 1, 0) = 1 <0.000382>
[pid 229] 14:57:35.092970 libssl.so.3->EVP_DigestSignInit_ex(0x63fc78d2e940, 0x7ffc2ca8da50, 0, 0) = 1 <0.000253>
[pid 229] 14:57:35.093333 libssl.so.3->EVP_DigestSign(0x63fc78d2e940, 0, 0x7ffc2ca8da60, 0x7ffc2ca8da70) = 1 <0.000238>
[pid 229] 14:57:35.093637 libssl.so.3->EVP_DigestSign(0x63fc78d2e940, 0x63fc78d426f0, 0x7ffc2ca8da60, 0x7ffc2ca8da70) = 1 <0.000539>
[pid 229] 14:57:35.094498 <... SSL_connect resumed> ) = 1 <0.010782>
[pid 229] 14:57:35.094810 oqsprovider.so->OQS_KEM_free(0x63fc78d2eb70, 0x63fc78d2eb20, 2, 0x63fc78d2eb40) = 4 <0.000189>
Handshake duration: 11.10 ms
[pid 229] 14:57:35.097782 +++ exited (status 0) +++
Execution 16 - TLS Mutual
s_connection: verify depth is 1
[pid 231] 14:57:35.194747 openssl->SSL_connect(0x61a858ba90e0, 0x61a858b7be50, 0x61a858b7be50, 0x77e89d6db360 <unfinished ...>
[pid 231] 14:57:35.195609 libssl.so.3->EVP_PKEY_keygen_init(0x61a858bab7d0, 0, 176, 0x61a858bab7d0) = 1 <0.000390>
[pid 231] 14:57:35.196168 libssl.so.3->EVP_PKEY_keygen(0x61a858bab7d0, 0x7ffda328c340, 0, 103 <unfinished ...>
[pid 231] 14:57:35.196491 oqsprovider.so->OQS_KEM_new(0x61a858ba0c70, 8, 0, 0x61a858ba8b50) = 0x61a858ba8b70 <0.000196>
[pid 231] 14:57:35.196768 oqsprovider.so->OQS_KEM_keypair(0x61a858ba8b70, 0x61a858ba6570, 0x61a858ba3130, 0x61a858ba8b50) = 0 <0.000515>
[pid 231] 14:57:35.197404 <... EVP_PKEY_keygen resumed> ) = 1 <0.001229>
[pid 231] 14:57:35.199999 libssl.so.3->EVP_PKEY_decapsulate_init(0x61a858bab7d0, 0, 176, 0x61a858bab7d0) = 1 <0.000601>
[pid 231] 14:57:35.200756 libssl.so.3->EVP_PKEY_decapsulate(0x61a858bab7d0, 0, 0x7ffda328c300, 0x61a858bad7ea) = 1 <0.000301>
[pid 231] 14:57:35.201181 libssl.so.3->EVP_PKEY_decapsulate(0x61a858bab7d0, 0x61a858ba4ee0, 0x7ffda328c300, 0x61a858bad7ea <unfinished ...>
[pid 231] 14:57:35.201467 oqsprovider.so->OQS_KEM_decaps(0x61a858ba8b70, 0x61a858ba4ee0, 0x61a858bad7ea, 0x61a858ba3130) = 0 <0.000309>
[pid 231] 14:57:35.201850 <... EVP_PKEY_decapsulate resumed> ) = 1 <0.000663>
[pid 231] 14:57:35.202925 libssl.so.3->X509_verify_cert(0x61a858ba0ea0, 0, 0x8000, 0xffffffff) = 1 <0.000534>
[pid 231] 14:57:35.203893 libssl.so.3->EVP_DigestVerifyInit_ex(0x61a858acd810, 0x7ffda328c3a8, 0, 0) = 1 <0.000285>
[pid 231] 14:57:35.204288 libssl.so.3->EVP_DigestVerify(0x61a858acd810, 0x61a858bad798, 3309, 0x7ffda328c3b0) = 1 <0.000309>
[pid 231] 14:57:35.205087 libssl.so.3->X509_verify_cert(0x61a858ba0ea0, 1, 1, 0) = 1 <0.000454>
[pid 231] 14:57:35.206109 libssl.so.3->EVP_DigestSignInit_ex(0x61a858ba8940, 0x7ffda328c390, 0, 0) = 1 <0.000234>
[pid 231] 14:57:35.206531 libssl.so.3->EVP_DigestSign(0x61a858ba8940, 0, 0x7ffda328c3a0, 0x7ffda328c3b0) = 1 <0.000240>
[pid 231] 14:57:35.206843 libssl.so.3->EVP_DigestSign(0x61a858ba8940, 0x61a858bbc6f0, 0x7ffda328c3a0, 0x7ffda328c3b0) = 1 <0.000943>
[pid 231] 14:57:35.208194 <... SSL_connect resumed> ) = 1 <0.013453>
[pid 231] 14:57:35.208584 oqsprovider.so->OQS_KEM_free(0x61a858ba8b70, 0x61a858ba8b20, 2, 0x61a858ba8b40) = 4 <0.000190>
Handshake duration: 13.78 ms
[pid 231] 14:57:35.212260 +++ exited (status 0) +++
Execution 17 - TLS Mutual
s_connection: verify depth is 1
[pid 233] 14:57:35.270306 openssl->SSL_connect(0x5ee8f38210e0, 0x5ee8f37f3e50, 0x5ee8f37f3e50, 0x7038f56bd360 <unfinished ...>
[pid 233] 14:57:35.270834 libssl.so.3->EVP_PKEY_keygen_init(0x5ee8f38237d0, 0, 176, 0x5ee8f38237d0) = 1 <0.000199>
[pid 233] 14:57:35.271080 libssl.so.3->EVP_PKEY_keygen(0x5ee8f38237d0, 0x7fff667d50f0, 0, 103 <unfinished ...>
[pid 233] 14:57:35.271215 oqsprovider.so->OQS_KEM_new(0x5ee8f3818c70, 8, 0, 0x5ee8f3820b50) = 0x5ee8f3820b70 <0.000112>
[pid 233] 14:57:35.271466 oqsprovider.so->OQS_KEM_keypair(0x5ee8f3820b70, 0x5ee8f381e570, 0x5ee8f381b130, 0x5ee8f3820b50) = 0 <0.000325>
[pid 233] 14:57:35.271843 <... EVP_PKEY_keygen resumed> ) = 1 <0.000758>
[pid 233] 14:57:35.273185 libssl.so.3->EVP_PKEY_decapsulate_init(0x5ee8f38237d0, 0, 176, 0x5ee8f38237d0) = 1 <0.000296>
[pid 233] 14:57:35.273530 libssl.so.3->EVP_PKEY_decapsulate(0x5ee8f38237d0, 0, 0x7fff667d50b0, 0x5ee8f38257ea) = 1 <0.000119>
[pid 233] 14:57:35.273695 libssl.so.3->EVP_PKEY_decapsulate(0x5ee8f38237d0, 0x5ee8f381cee0, 0x7fff667d50b0, 0x5ee8f38257ea <unfinished ...>
[pid 233] 14:57:35.273823 oqsprovider.so->OQS_KEM_decaps(0x5ee8f3820b70, 0x5ee8f381cee0, 0x5ee8f38257ea, 0x5ee8f381b130) = 0 <0.000152>
[pid 233] 14:57:35.274024 <... EVP_PKEY_decapsulate resumed> ) = 1 <0.000323>
[pid 233] 14:57:35.274789 libssl.so.3->X509_verify_cert(0x5ee8f3818ea0, 0, 0x8000, 0xffffffff) = 1 <0.000376>
[pid 233] 14:57:35.275380 libssl.so.3->EVP_DigestVerifyInit_ex(0x5ee8f3745810, 0x7fff667d5158, 0, 0) = 1 <0.000157>
[pid 233] 14:57:35.275577 libssl.so.3->EVP_DigestVerify(0x5ee8f3745810, 0x5ee8f3825798, 3309, 0x7fff667d5160) = 1 <0.000199>
[pid 233] 14:57:35.275991 libssl.so.3->X509_verify_cert(0x5ee8f3818ea0, 1, 1, 0) = 1 <0.000217>
[pid 233] 14:57:35.276541 libssl.so.3->EVP_DigestSignInit_ex(0x5ee8f3820940, 0x7fff667d5140, 0, 0) = 1 <0.000128>
[pid 233] 14:57:35.276714 libssl.so.3->EVP_DigestSign(0x5ee8f3820940, 0, 0x7fff667d5150, 0x7fff667d5160) = 1 <0.000179>
[pid 233] 14:57:35.276991 libssl.so.3->EVP_DigestSign(0x5ee8f3820940, 0x5ee8f38346f0, 0x7fff667d5150, 0x7fff667d5160) = 1 <0.000559>
[pid 233] 14:57:35.277815 <... SSL_connect resumed> ) = 1 <0.007514>
[pid 233] 14:57:35.278045 oqsprovider.so->OQS_KEM_free(0x5ee8f3820b70, 0x5ee8f3820b20, 2, 0x5ee8f3820b40) = 4 <0.000152>
Handshake duration: 7.71 ms
[pid 233] 14:57:35.280516 +++ exited (status 0) +++
Execution 18 - TLS Mutual
s_connection: verify depth is 1
[pid 235] 14:57:35.343018 openssl->SSL_connect(0x5be6b724f0e0, 0x5be6b7221e50, 0x5be6b7221e50, 0x7c273e100360 <unfinished ...>
[pid 235] 14:57:35.343491 libssl.so.3->EVP_PKEY_keygen_init(0x5be6b72517d0, 0, 176, 0x5be6b72517d0) = 1 <0.000192>
[pid 235] 14:57:35.343759 libssl.so.3->EVP_PKEY_keygen(0x5be6b72517d0, 0x7fffc8f62e80, 0, 103 <unfinished ...>
[pid 235] 14:57:35.343932 oqsprovider.so->OQS_KEM_new(0x5be6b7246c70, 8, 0, 0x5be6b724eb50) = 0x5be6b724eb70 <0.000150>
[pid 235] 14:57:35.344127 oqsprovider.so->OQS_KEM_keypair(0x5be6b724eb70, 0x5be6b724c570, 0x5be6b7249130, 0x5be6b724eb50) = 0 <0.000440>
[pid 235] 14:57:35.344643 <... EVP_PKEY_keygen resumed> ) = 1 <0.000878>
[pid 235] 14:57:35.346283 libssl.so.3->EVP_PKEY_decapsulate_init(0x5be6b72517d0, 0, 176, 0x5be6b72517d0) = 1 <0.000332>
[pid 235] 14:57:35.346666 libssl.so.3->EVP_PKEY_decapsulate(0x5be6b72517d0, 0, 0x7fffc8f62e40, 0x5be6b72537ea) = 1 <0.000127>
[pid 235] 14:57:35.346843 libssl.so.3->EVP_PKEY_decapsulate(0x5be6b72517d0, 0x5be6b724aee0, 0x7fffc8f62e40, 0x5be6b72537ea <unfinished ...>
[pid 235] 14:57:35.347005 oqsprovider.so->OQS_KEM_decaps(0x5be6b724eb70, 0x5be6b724aee0, 0x5be6b72537ea, 0x5be6b7249130) = 0 <0.000170>
[pid 235] 14:57:35.347222 <... EVP_PKEY_decapsulate resumed> ) = 1 <0.000377>
[pid 235] 14:57:35.348066 libssl.so.3->X509_verify_cert(0x5be6b7246ea0, 0, 0x8000, 0xffffffff) = 1 <0.000405>
[pid 235] 14:57:35.348678 libssl.so.3->EVP_DigestVerifyInit_ex(0x5be6b7173810, 0x7fffc8f62ee8, 0, 0) = 1 <0.000147>
[pid 235] 14:57:35.348864 libssl.so.3->EVP_DigestVerify(0x5be6b7173810, 0x5be6b7253798, 3309, 0x7fffc8f62ef0) = 1 <0.000224>
[pid 235] 14:57:35.349379 libssl.so.3->X509_verify_cert(0x5be6b7246ea0, 1, 1, 0) = 1 <0.000301>
[pid 235] 14:57:35.350009 libssl.so.3->EVP_DigestSignInit_ex(0x5be6b724e940, 0x7fffc8f62ed0, 0, 0) = 1 <0.000160>
[pid 235] 14:57:35.350214 libssl.so.3->EVP_DigestSign(0x5be6b724e940, 0, 0x7fffc8f62ee0, 0x7fffc8f62ef0) = 1 <0.000135>
[pid 235] 14:57:35.350396 libssl.so.3->EVP_DigestSign(0x5be6b724e940, 0x5be6b72626f0, 0x7fffc8f62ee0, 0x7fffc8f62ef0) = 1 <0.000315>
[pid 235] 14:57:35.350916 <... SSL_connect resumed> ) = 1 <0.007909>
[pid 235] 14:57:35.351138 oqsprovider.so->OQS_KEM_free(0x5be6b724eb70, 0x5be6b724eb20, 2, 0x5be6b724eb40) = 4 <0.000173>
Handshake duration: 8.12 ms
[pid 235] 14:57:35.353493 +++ exited (status 0) +++
Execution 19 - TLS Mutual
s_connection: verify depth is 1
[pid 237] 14:57:35.415969 openssl->SSL_connect(0x6351fc5220e0, 0x6351fc4f4e50, 0x6351fc4f4e50, 0x731f57630360 <unfinished ...>
[pid 237] 14:57:35.416508 libssl.so.3->EVP_PKEY_keygen_init(0x6351fc5247d0, 0, 176, 0x6351fc5247d0) = 1 <0.000238>
[pid 237] 14:57:35.416843 libssl.so.3->EVP_PKEY_keygen(0x6351fc5247d0, 0x7ffdc4e27de0, 0, 103 <unfinished ...>
[pid 237] 14:57:35.417018 oqsprovider.so->OQS_KEM_new(0x6351fc519c70, 8, 0, 0x6351fc521b50) = 0x6351fc521b70 <0.000135>
[pid 237] 14:57:35.417215 oqsprovider.so->OQS_KEM_keypair(0x6351fc521b70, 0x6351fc51f570, 0x6351fc51c130, 0x6351fc521b50) = 0 <0.000356>
[pid 237] 14:57:35.417628 <... EVP_PKEY_keygen resumed> ) = 1 <0.000781>
[pid 237] 14:57:35.419059 libssl.so.3->EVP_PKEY_decapsulate_init(0x6351fc5247d0, 0, 176, 0x6351fc5247d0) = 1 <0.000326>
[pid 237] 14:57:35.419454 libssl.so.3->EVP_PKEY_decapsulate(0x6351fc5247d0, 0, 0x7ffdc4e27da0, 0x6351fc5267ea) = 1 <0.000165>
[pid 237] 14:57:35.419664 libssl.so.3->EVP_PKEY_decapsulate(0x6351fc5247d0, 0x6351fc51dee0, 0x7ffdc4e27da0, 0x6351fc5267ea <unfinished ...>
[pid 237] 14:57:35.419802 oqsprovider.so->OQS_KEM_decaps(0x6351fc521b70, 0x6351fc51dee0, 0x6351fc5267ea, 0x6351fc51c130) = 0 <0.000165>
[pid 237] 14:57:35.420015 <... EVP_PKEY_decapsulate resumed> ) = 1 <0.000346>
[pid 237] 14:57:35.420746 libssl.so.3->X509_verify_cert(0x6351fc519ea0, 0, 0x8000, 0xffffffff) = 1 <0.000401>
[pid 237] 14:57:35.421351 libssl.so.3->EVP_DigestVerifyInit_ex(0x6351fc446810, 0x7ffdc4e27e48, 0, 0) = 1 <0.000185>
[pid 237] 14:57:35.421602 libssl.so.3->EVP_DigestVerify(0x6351fc446810, 0x6351fc526798, 3309, 0x7ffdc4e27e50) = 1 <0.000235>
[pid 237] 14:57:35.422063 libssl.so.3->X509_verify_cert(0x6351fc519ea0, 1, 1, 0) = 1 <0.000266>
[pid 237] 14:57:35.422662 libssl.so.3->EVP_DigestSignInit_ex(0x6351fc521940, 0x7ffdc4e27e30, 0, 0) = 1 <0.000189>
[pid 237] 14:57:35.422897 libssl.so.3->EVP_DigestSign(0x6351fc521940, 0, 0x7ffdc4e27e40, 0x7ffdc4e27e50) = 1 <0.000119>
[pid 237] 14:57:35.423072 libssl.so.3->EVP_DigestSign(0x6351fc521940, 0x6351fc5356f0, 0x7ffdc4e27e40, 0x7ffdc4e27e50) = 1 <0.000313>
[pid 237] 14:57:35.423604 <... SSL_connect resumed> ) = 1 <0.007653>
[pid 237] 14:57:35.423814 oqsprovider.so->OQS_KEM_free(0x6351fc521b70, 0x6351fc521b20, 2, 0x6351fc521b40) = 4 <0.000168>
Handshake duration: 7.84 ms
[pid 237] 14:57:35.426094 +++ exited (status 0) +++
Execution 20 - TLS Mutual
s_connection: verify depth is 1
[pid 239] 14:57:35.486036 openssl->SSL_connect(0x5cef38e820e0, 0x5cef38e54e50, 0x5cef38e54e50, 0x7218bc9a6360 <unfinished ...>
[pid 239] 14:57:35.486541 libssl.so.3->EVP_PKEY_keygen_init(0x5cef38e847d0, 0, 176, 0x5cef38e847d0) = 1 <0.000190>
[pid 239] 14:57:35.486784 libssl.so.3->EVP_PKEY_keygen(0x5cef38e847d0, 0x7fff48bc7780, 0, 103 <unfinished ...>
[pid 239] 14:57:35.486914 oqsprovider.so->OQS_KEM_new(0x5cef38e79c70, 8, 0, 0x5cef38e81b50) = 0x5cef38e81b70 <0.000122>
[pid 239] 14:57:35.487087 oqsprovider.so->OQS_KEM_keypair(0x5cef38e81b70, 0x5cef38e7f570, 0x5cef38e7c130, 0x5cef38e81b50) = 0 <0.000359>
[pid 239] 14:57:35.487500 <... EVP_PKEY_keygen resumed> ) = 1 <0.000711>
[pid 239] 14:57:35.489194 libssl.so.3->EVP_PKEY_decapsulate_init(0x5cef38e847d0, 0, 176, 0x5cef38e847d0) = 1 <0.000306>
[pid 239] 14:57:35.489555 libssl.so.3->EVP_PKEY_decapsulate(0x5cef38e847d0, 0, 0x7fff48bc7740, 0x5cef38e867ea) = 1 <0.000136>
[pid 239] 14:57:35.489733 libssl.so.3->EVP_PKEY_decapsulate(0x5cef38e847d0, 0x5cef38e7dee0, 0x7fff48bc7740, 0x5cef38e867ea <unfinished ...>
[pid 239] 14:57:35.489838 oqsprovider.so->OQS_KEM_decaps(0x5cef38e81b70, 0x5cef38e7dee0, 0x5cef38e867ea, 0x5cef38e7c130) = 0 <0.000156>
[pid 239] 14:57:35.490050 <... EVP_PKEY_decapsulate resumed> ) = 1 <0.000308>
[pid 239] 14:57:35.490797 libssl.so.3->X509_verify_cert(0x5cef38e79ea0, 0, 0x8000, 0xffffffff) = 1 <0.000369>
[pid 239] 14:57:35.491382 libssl.so.3->EVP_DigestVerifyInit_ex(0x5cef38da6810, 0x7fff48bc77e8, 0, 0) = 1 <0.000178>
[pid 239] 14:57:35.491612 libssl.so.3->EVP_DigestVerify(0x5cef38da6810, 0x5cef38e86798, 3309, 0x7fff48bc77f0) = 1 <0.000211>
[pid 239] 14:57:35.492038 libssl.so.3->X509_verify_cert(0x5cef38e79ea0, 1, 1, 0) = 1 <0.000252>
[pid 239] 14:57:35.492632 libssl.so.3->EVP_DigestSignInit_ex(0x5cef38e81940, 0x7fff48bc77d0, 0, 0) = 1 <0.000161>
[pid 239] 14:57:35.492845 libssl.so.3->EVP_DigestSign(0x5cef38e81940, 0, 0x7fff48bc77e0, 0x7fff48bc77f0) = 1 <0.000149>
[pid 239] 14:57:35.493044 libssl.so.3->EVP_DigestSign(0x5cef38e81940, 0x5cef38e956f0, 0x7fff48bc77e0, 0x7fff48bc77f0) = 1 <0.000413>
[pid 239] 14:57:35.493653 <... SSL_connect resumed> ) = 1 <0.007634>
[pid 239] 14:57:35.493862 oqsprovider.so->OQS_KEM_free(0x5cef38e81b70, 0x5cef38e81b20, 2, 0x5cef38e81b40) = 4 <0.000147>
Handshake duration: 7.82 ms
[pid 239] 14:57:35.496295 +++ exited (status 0) +++
Execution 21 - TLS Mutual
s_connection: verify depth is 1
[pid 241] 14:57:35.553684 openssl->SSL_connect(0x5e7c6929d0e0, 0x5e7c6926fe50, 0x5e7c6926fe50, 0x74c88f869360 <unfinished ...>
[pid 241] 14:57:35.554102 libssl.so.3->EVP_PKEY_keygen_init(0x5e7c6929f7d0, 0, 176, 0x5e7c6929f7d0) = 1 <0.000133>
[pid 241] 14:57:35.554289 libssl.so.3->EVP_PKEY_keygen(0x5e7c6929f7d0, 0x7ffdc123bf20, 0, 103 <unfinished ...>
[pid 241] 14:57:35.554457 oqsprovider.so->OQS_KEM_new(0x5e7c69294c70, 8, 0, 0x5e7c6929cb50) = 0x5e7c6929cb70 <0.000151>
[pid 241] 14:57:35.554661 oqsprovider.so->OQS_KEM_keypair(0x5e7c6929cb70, 0x5e7c6929a570, 0x5e7c69297130, 0x5e7c6929cb50) = 0 <0.000335>
[pid 241] 14:57:35.555045 <... EVP_PKEY_keygen resumed> ) = 1 <0.000752>
[pid 241] 14:57:35.556540 libssl.so.3->EVP_PKEY_decapsulate_init(0x5e7c6929f7d0, 0, 176, 0x5e7c6929f7d0) = 1 <0.000266>
[pid 241] 14:57:35.556852 libssl.so.3->EVP_PKEY_decapsulate(0x5e7c6929f7d0, 0, 0x7ffdc123bee0, 0x5e7c692a17ea) = 1 <0.000109>
[pid 241] 14:57:35.557006 libssl.so.3->EVP_PKEY_decapsulate(0x5e7c6929f7d0, 0x5e7c69298ee0, 0x7ffdc123bee0, 0x5e7c692a17ea <unfinished ...>
[pid 241] 14:57:35.557123 oqsprovider.so->OQS_KEM_decaps(0x5e7c6929cb70, 0x5e7c69298ee0, 0x5e7c692a17ea, 0x5e7c69297130) = 0 <0.000152>
[pid 241] 14:57:35.557319 <... EVP_PKEY_decapsulate resumed> ) = 1 <0.000308>
[pid 241] 14:57:35.558119 libssl.so.3->X509_verify_cert(0x5e7c69294ea0, 0, 0x8000, 0xffffffff) = 1 <0.000362>
[pid 241] 14:57:35.558684 libssl.so.3->EVP_DigestVerifyInit_ex(0x5e7c691c1810, 0x7ffdc123bf88, 0, 0) = 1 <0.000131>
[pid 241] 14:57:35.558853 libssl.so.3->EVP_DigestVerify(0x5e7c691c1810, 0x5e7c692a1798, 3309, 0x7ffdc123bf90) = 1 <0.000176>
[pid 241] 14:57:35.559239 libssl.so.3->X509_verify_cert(0x5e7c69294ea0, 1, 1, 0) = 1 <0.000255>
[pid 241] 14:57:35.559789 libssl.so.3->EVP_DigestSignInit_ex(0x5e7c6929c940, 0x7ffdc123bf70, 0, 0) = 1 <0.000122>
[pid 241] 14:57:35.559950 libssl.so.3->EVP_DigestSign(0x5e7c6929c940, 0, 0x7ffdc123bf80, 0x7ffdc123bf90) = 1 <0.000101>
[pid 241] 14:57:35.560107 libssl.so.3->EVP_DigestSign(0x5e7c6929c940, 0x5e7c692b06f0, 0x7ffdc123bf80, 0x7ffdc123bf90) = 1 <0.000510>
[pid 241] 14:57:35.560852 <... SSL_connect resumed> ) = 1 <0.007181>
[pid 241] 14:57:35.561048 oqsprovider.so->OQS_KEM_free(0x5e7c6929cb70, 0x5e7c6929cb20, 2, 0x5e7c6929cb40) = 4 <0.000108>
Handshake duration: 7.35 ms
[pid 241] 14:57:35.563060 +++ exited (status 0) +++
Execution 22 - TLS Mutual
s_connection: verify depth is 1
[pid 243] 14:57:35.621855 openssl->SSL_connect(0x55c2429ce0e0, 0x55c2429a0e50, 0x55c2429a0e50, 0x7945498d1360 <unfinished ...>
[pid 243] 14:57:35.622360 libssl.so.3->EVP_PKEY_keygen_init(0x55c2429d07d0, 0, 176, 0x55c2429d07d0) = 1 <0.000193>
[pid 243] 14:57:35.622601 libssl.so.3->EVP_PKEY_keygen(0x55c2429d07d0, 0x7ffe7a811cc0, 0, 103 <unfinished ...>
[pid 243] 14:57:35.622732 oqsprovider.so->OQS_KEM_new(0x55c2429c5c70, 8, 0, 0x55c2429cdb50) = 0x55c2429cdb70 <0.000124>
[pid 243] 14:57:35.622918 oqsprovider.so->OQS_KEM_keypair(0x55c2429cdb70, 0x55c2429cb570, 0x55c2429c8130, 0x55c2429cdb50) = 0 <0.000357>
[pid 243] 14:57:35.623354 <... EVP_PKEY_keygen resumed> ) = 1 <0.000746>
[pid 243] 14:57:35.624875 libssl.so.3->EVP_PKEY_decapsulate_init(0x55c2429d07d0, 0, 176, 0x55c2429d07d0) = 1 <0.000360>
[pid 243] 14:57:35.625305 libssl.so.3->EVP_PKEY_decapsulate(0x55c2429d07d0, 0, 0x7ffe7a811c80, 0x55c2429d27ea) = 1 <0.000147>
[pid 243] 14:57:35.625501 libssl.so.3->EVP_PKEY_decapsulate(0x55c2429d07d0, 0x55c2429c9ee0, 0x7ffe7a811c80, 0x55c2429d27ea <unfinished ...>
[pid 243] 14:57:35.625625 oqsprovider.so->OQS_KEM_decaps(0x55c2429cdb70, 0x55c2429c9ee0, 0x55c2429d27ea, 0x55c2429c8130) = 0 <0.000160>
[pid 243] 14:57:35.625828 <... EVP_PKEY_decapsulate resumed> ) = 1 <0.000322>
[pid 243] 14:57:35.626614 libssl.so.3->X509_verify_cert(0x55c2429c5ea0, 0, 0x8000, 0xffffffff) = 1 <0.000381>
[pid 243] 14:57:35.627209 libssl.so.3->EVP_DigestVerifyInit_ex(0x55c2428f2810, 0x7ffe7a811d28, 0, 0) = 1 <0.000139>
[pid 243] 14:57:35.627403 libssl.so.3->EVP_DigestVerify(0x55c2428f2810, 0x55c2429d2798, 3309, 0x7ffe7a811d30) = 1 <0.000296>
[pid 243] 14:57:35.627979 libssl.so.3->X509_verify_cert(0x55c2429c5ea0, 1, 1, 0) = 1 <0.000239>
[pid 243] 14:57:35.628569 libssl.so.3->EVP_DigestSignInit_ex(0x55c2429cd940, 0x7ffe7a811d10, 0, 0) = 1 <0.000198>
[pid 243] 14:57:35.628836 libssl.so.3->EVP_DigestSign(0x55c2429cd940, 0, 0x7ffe7a811d20, 0x7ffe7a811d30) = 1 <0.000132>
[pid 243] 14:57:35.629017 libssl.so.3->EVP_DigestSign(0x55c2429cd940, 0x55c2429e16f0, 0x7ffe7a811d20, 0x7ffe7a811d30) = 1 <0.000482>
[pid 243] 14:57:35.629694 <... SSL_connect resumed> ) = 1 <0.007854>
[pid 243] 14:57:35.629947 oqsprovider.so->OQS_KEM_free(0x55c2429cdb70, 0x55c2429cdb20, 2, 0x55c2429cdb40) = 4 <0.000203>
Handshake duration: 8.07 ms
[pid 243] 14:57:35.632437 +++ exited (status 0) +++
Execution 23 - TLS Mutual
s_connection: verify depth is 1
[pid 245] 14:57:35.703544 openssl->SSL_connect(0x58500da920e0, 0x58500da64e50, 0x58500da64e50, 0x7a7791549360 <unfinished ...>
[pid 245] 14:57:35.704275 libssl.so.3->EVP_PKEY_keygen_init(0x58500da947d0, 0, 176, 0x58500da947d0) = 1 <0.000269>
[pid 245] 14:57:35.704638 libssl.so.3->EVP_PKEY_keygen(0x58500da947d0, 0x7fffe8e2ad50, 0, 103 <unfinished ...>
[pid 245] 14:57:35.704831 oqsprovider.so->OQS_KEM_new(0x58500da89c70, 8, 0, 0x58500da91b50) = 0x58500da91b70 <0.000158>
[pid 245] 14:57:35.705064 oqsprovider.so->OQS_KEM_keypair(0x58500da91b70, 0x58500da8f570, 0x58500da8c130, 0x58500da91b50) = 0 <0.000390>
[pid 245] 14:57:35.705517 <... EVP_PKEY_keygen resumed> ) = 1 <0.000872>
[pid 245] 14:57:35.707101 libssl.so.3->EVP_PKEY_decapsulate_init(0x58500da947d0, 0, 176, 0x58500da947d0) = 1 <0.000345>
[pid 245] 14:57:35.707521 libssl.so.3->EVP_PKEY_decapsulate(0x58500da947d0, 0, 0x7fffe8e2ad10, 0x58500da967ea) = 1 <0.000176>
[pid 245] 14:57:35.707749 libssl.so.3->EVP_PKEY_decapsulate(0x58500da947d0, 0x58500da8dee0, 0x7fffe8e2ad10, 0x58500da967ea <unfinished ...>
[pid 245] 14:57:35.707879 oqsprovider.so->OQS_KEM_decaps(0x58500da91b70, 0x58500da8dee0, 0x58500da967ea, 0x58500da8c130) = 0 <0.000213>
[pid 245] 14:57:35.708154 <... EVP_PKEY_decapsulate resumed> ) = 1 <0.000394>
[pid 245] 14:57:35.708920 libssl.so.3->X509_verify_cert(0x58500da89ea0, 0, 0x8000, 0xffffffff) = 1 <0.000413>
[pid 245] 14:57:35.709572 libssl.so.3->EVP_DigestVerifyInit_ex(0x58500d9b6810, 0x7fffe8e2adb8, 0, 0) = 1 <0.000187>
[pid 245] 14:57:35.709827 libssl.so.3->EVP_DigestVerify(0x58500d9b6810, 0x58500da96798, 3309, 0x7fffe8e2adc0) = 1 <0.000238>
[pid 245] 14:57:35.710378 libssl.so.3->X509_verify_cert(0x58500da89ea0, 1, 1, 0) = 1 <0.000332>
[pid 245] 14:57:35.711195 libssl.so.3->EVP_DigestSignInit_ex(0x58500da91940, 0x7fffe8e2ada0, 0, 0) = 1 <0.000181>
[pid 245] 14:57:35.711421 libssl.so.3->EVP_DigestSign(0x58500da91940, 0, 0x7fffe8e2adb0, 0x7fffe8e2adc0) = 1 <0.000121>
[pid 245] 14:57:35.711585 libssl.so.3->EVP_DigestSign(0x58500da91940, 0x58500daa56f0, 0x7fffe8e2adb0, 0x7fffe8e2adc0) = 1 <0.000452>
[pid 245] 14:57:35.712309 <... SSL_connect resumed> ) = 1 <0.008781>
[pid 245] 14:57:35.712565 oqsprovider.so->OQS_KEM_free(0x58500da91b70, 0x58500da91b20, 2, 0x58500da91b40) = 4 <0.000162>
Handshake duration: 9.01 ms
[pid 245] 14:57:35.715318 +++ exited (status 0) +++
Execution 24 - TLS Mutual
s_connection: verify depth is 1
[pid 247] 14:57:35.774502 openssl->SSL_connect(0x640b869990e0, 0x640b8696be50, 0x640b8696be50, 0x7a9c7c7bc360 <unfinished ...>
[pid 247] 14:57:35.774924 libssl.so.3->EVP_PKEY_keygen_init(0x640b8699b7d0, 0, 176, 0x640b8699b7d0) = 1 <0.000154>
[pid 247] 14:57:35.775126 libssl.so.3->EVP_PKEY_keygen(0x640b8699b7d0, 0x7ffd0ad90950, 0, 103 <unfinished ...>
[pid 247] 14:57:35.775268 oqsprovider.so->OQS_KEM_new(0x640b86990c70, 8, 0, 0x640b86998b50) = 0x640b86998b70 <0.000136>
[pid 247] 14:57:35.775474 oqsprovider.so->OQS_KEM_keypair(0x640b86998b70, 0x640b86996570, 0x640b86993130, 0x640b86998b50) = 0 <0.000332>
[pid 247] 14:57:35.775855 <... EVP_PKEY_keygen resumed> ) = 1 <0.000724>
[pid 247] 14:57:35.777340 libssl.so.3->EVP_PKEY_decapsulate_init(0x640b8699b7d0, 0, 176, 0x640b8699b7d0) = 1 <0.000299>
[pid 247] 14:57:35.777691 libssl.so.3->EVP_PKEY_decapsulate(0x640b8699b7d0, 0, 0x7ffd0ad90910, 0x640b8699d7ea) = 1 <0.000131>
[pid 247] 14:57:35.777871 libssl.so.3->EVP_PKEY_decapsulate(0x640b8699b7d0, 0x640b86994ee0, 0x7ffd0ad90910, 0x640b8699d7ea <unfinished ...>
[pid 247] 14:57:35.777991 oqsprovider.so->OQS_KEM_decaps(0x640b86998b70, 0x640b86994ee0, 0x640b8699d7ea, 0x640b86993130) = 0 <0.000162>
[pid 247] 14:57:35.778199 <... EVP_PKEY_decapsulate resumed> ) = 1 <0.000323>
[pid 247] 14:57:35.778949 libssl.so.3->X509_verify_cert(0x640b86990ea0, 0, 0x8000, 0xffffffff) = 1 <0.000398>
[pid 247] 14:57:35.779599 libssl.so.3->EVP_DigestVerifyInit_ex(0x640b868bd810, 0x7ffd0ad909b8, 0, 0) = 1 <0.000169>
[pid 247] 14:57:35.779820 libssl.so.3->EVP_DigestVerify(0x640b868bd810, 0x640b8699d798, 3309, 0x7ffd0ad909c0) = 1 <0.000220>
[pid 247] 14:57:35.780249 libssl.so.3->X509_verify_cert(0x640b86990ea0, 1, 1, 0) = 1 <0.000287>
[pid 247] 14:57:35.780895 libssl.so.3->EVP_DigestSignInit_ex(0x640b86998940, 0x7ffd0ad909a0, 0, 0) = 1 <0.000139>
[pid 247] 14:57:35.781080 libssl.so.3->EVP_DigestSign(0x640b86998940, 0, 0x7ffd0ad909b0, 0x7ffd0ad909c0) = 1 <0.000112>
[pid 247] 14:57:35.781235 libssl.so.3->EVP_DigestSign(0x640b86998940, 0x640b869ac6f0, 0x7ffd0ad909b0, 0x7ffd0ad909c0) = 1 <0.000371>
[pid 247] 14:57:35.781787 <... SSL_connect resumed> ) = 1 <0.007300>
[pid 247] 14:57:35.781988 oqsprovider.so->OQS_KEM_free(0x640b86998b70, 0x640b86998b20, 2, 0x640b86998b40) = 4 <0.000118>
Handshake duration: 7.48 ms
[pid 247] 14:57:35.784104 +++ exited (status 0) +++
Execution 25 - TLS Mutual
s_connection: verify depth is 1
[pid 249] 14:57:35.841012 openssl->SSL_connect(0x63b3dd8a50e0, 0x63b3dd877e50, 0x63b3dd877e50, 0x72f2a1582360 <unfinished ...>
[pid 249] 14:57:35.841588 libssl.so.3->EVP_PKEY_keygen_init(0x63b3dd8a77d0, 0, 176, 0x63b3dd8a77d0) = 1 <0.000246>
[pid 249] 14:57:35.841918 libssl.so.3->EVP_PKEY_keygen(0x63b3dd8a77d0, 0x7ffe0f5a6cc0, 0, 103 <unfinished ...>
[pid 249] 14:57:35.842096 oqsprovider.so->OQS_KEM_new(0x63b3dd89cc70, 8, 0, 0x63b3dd8a4b50) = 0x63b3dd8a4b70 <0.000211>
[pid 249] 14:57:35.842399 oqsprovider.so->OQS_KEM_keypair(0x63b3dd8a4b70, 0x63b3dd8a2570, 0x63b3dd89f130, 0x63b3dd8a4b50) = 0 <0.000483>
[pid 249] 14:57:35.842988 <... EVP_PKEY_keygen resumed> ) = 1 <0.001052>
[pid 249] 14:57:35.844935 libssl.so.3->EVP_PKEY_decapsulate_init(0x63b3dd8a77d0, 0, 176, 0x63b3dd8a77d0) = 1 <0.000362>
[pid 249] 14:57:35.845369 libssl.so.3->EVP_PKEY_decapsulate(0x63b3dd8a77d0, 0, 0x7ffe0f5a6c80, 0x63b3dd8a97ea) = 1 <0.000162>
[pid 249] 14:57:35.845585 libssl.so.3->EVP_PKEY_decapsulate(0x63b3dd8a77d0, 0x63b3dd8a0ee0, 0x7ffe0f5a6c80, 0x63b3dd8a97ea <unfinished ...>
[pid 249] 14:57:35.845731 oqsprovider.so->OQS_KEM_decaps(0x63b3dd8a4b70, 0x63b3dd8a0ee0, 0x63b3dd8a97ea, 0x63b3dd89f130) = 0 <0.000219>
[pid 249] 14:57:35.845997 <... EVP_PKEY_decapsulate resumed> ) = 1 <0.000408>
[pid 249] 14:57:35.846930 libssl.so.3->X509_verify_cert(0x63b3dd89cea0, 0, 0x8000, 0xffffffff) = 1 <0.000453>
[pid 249] 14:57:35.847620 libssl.so.3->EVP_DigestVerifyInit_ex(0x63b3dd7c9810, 0x7ffe0f5a6d28, 0, 0) = 1 <0.000141>
[pid 249] 14:57:35.847808 libssl.so.3->EVP_DigestVerify(0x63b3dd7c9810, 0x63b3dd8a9798, 3309, 0x7ffe0f5a6d30) = 1 <0.000206>
[pid 249] 14:57:35.848227 libssl.so.3->X509_verify_cert(0x63b3dd89cea0, 1, 1, 0) = 1 <0.000232>
[pid 249] 14:57:35.848805 libssl.so.3->EVP_DigestSignInit_ex(0x63b3dd8a4940, 0x7ffe0f5a6d10, 0, 0) = 1 <0.000141>
[pid 249] 14:57:35.848983 libssl.so.3->EVP_DigestSign(0x63b3dd8a4940, 0, 0x7ffe0f5a6d20, 0x7ffe0f5a6d30) = 1 <0.000107>
[pid 249] 14:57:35.849137 libssl.so.3->EVP_DigestSign(0x63b3dd8a4940, 0x63b3dd8b86f0, 0x7ffe0f5a6d20, 0x7ffe0f5a6d30) = 1 <0.000786>
[pid 249] 14:57:35.850128 <... SSL_connect resumed> ) = 1 <0.009134>
[pid 249] 14:57:35.850380 oqsprovider.so->OQS_KEM_free(0x63b3dd8a4b70, 0x63b3dd8a4b20, 2, 0x63b3dd8a4b40) = 4 <0.000150>
Handshake duration: 9.36 ms
[pid 249] 14:57:35.853018 +++ exited (status 0) +++
Execution 26 - TLS Mutual
s_connection: verify depth is 1
[pid 251] 14:57:35.909598 openssl->SSL_connect(0x5bff21bdf0e0, 0x5bff21bb1e50, 0x5bff21bb1e50, 0x73cad2155360 <unfinished ...>
[pid 251] 14:57:35.910024 libssl.so.3->EVP_PKEY_keygen_init(0x5bff21be17d0, 0, 176, 0x5bff21be17d0) = 1 <0.000157>
[pid 251] 14:57:35.910230 libssl.so.3->EVP_PKEY_keygen(0x5bff21be17d0, 0x7ffe22a9be50, 0, 103 <unfinished ...>
[pid 251] 14:57:35.910368 oqsprovider.so->OQS_KEM_new(0x5bff21bd6c70, 8, 0, 0x5bff21bdeb50) = 0x5bff21bdeb70 <0.000152>
[pid 251] 14:57:35.910576 oqsprovider.so->OQS_KEM_keypair(0x5bff21bdeb70, 0x5bff21bdc570, 0x5bff21bd9130, 0x5bff21bdeb50) = 0 <0.000326>
[pid 251] 14:57:35.910961 <... EVP_PKEY_keygen resumed> ) = 1 <0.000726>
[pid 251] 14:57:35.912359 libssl.so.3->EVP_PKEY_decapsulate_init(0x5bff21be17d0, 0, 176, 0x5bff21be17d0) = 1 <0.000243>
[pid 251] 14:57:35.912647 libssl.so.3->EVP_PKEY_decapsulate(0x5bff21be17d0, 0, 0x7ffe22a9be10, 0x5bff21be37ea) = 1 <0.000117>
[pid 251] 14:57:35.912807 libssl.so.3->EVP_PKEY_decapsulate(0x5bff21be17d0, 0x5bff21bdaee0, 0x7ffe22a9be10, 0x5bff21be37ea <unfinished ...>
[pid 251] 14:57:35.912922 oqsprovider.so->OQS_KEM_decaps(0x5bff21bdeb70, 0x5bff21bdaee0, 0x5bff21be37ea, 0x5bff21bd9130) = 0 <0.000145>
[pid 251] 14:57:35.913115 <... EVP_PKEY_decapsulate resumed> ) = 1 <0.000303>
[pid 251] 14:57:35.913849 libssl.so.3->X509_verify_cert(0x5bff21bd6ea0, 0, 0x8000, 0xffffffff) = 1 <0.000356>
[pid 251] 14:57:35.914399 libssl.so.3->EVP_DigestVerifyInit_ex(0x5bff21b03810, 0x7ffe22a9beb8, 0, 0) = 1 <0.000148>
[pid 251] 14:57:35.914598 libssl.so.3->EVP_DigestVerify(0x5bff21b03810, 0x5bff21be3798, 3309, 0x7ffe22a9bec0) = 1 <0.000186>
[pid 251] 14:57:35.914990 libssl.so.3->X509_verify_cert(0x5bff21bd6ea0, 1, 1, 0) = 1 <0.000220>
[pid 251] 14:57:35.915554 libssl.so.3->EVP_DigestSignInit_ex(0x5bff21bde940, 0x7ffe22a9bea0, 0, 0) = 1 <0.000177>
[pid 251] 14:57:35.915792 libssl.so.3->EVP_DigestSign(0x5bff21bde940, 0, 0x7ffe22a9beb0, 0x7ffe22a9bec0) = 1 <0.000154>
[pid 251] 14:57:35.915983 libssl.so.3->EVP_DigestSign(0x5bff21bde940, 0x5bff21bf26f0, 0x7ffe22a9beb0, 0x7ffe22a9bec0) = 1 <0.000373>
[pid 251] 14:57:35.916593 <... SSL_connect resumed> ) = 1 <0.007007>
[pid 251] 14:57:35.916883 oqsprovider.so->OQS_KEM_free(0x5bff21bdeb70, 0x5bff21bdeb20, 2, 0x5bff21bdeb40) = 4 <0.000210>
Handshake duration: 7.25 ms
[pid 251] 14:57:35.919350 +++ exited (status 0) +++
Execution 27 - TLS Mutual
s_connection: verify depth is 1
[pid 253] 14:57:35.976469 openssl->SSL_connect(0x5725bcb960e0, 0x5725bcb68e50, 0x5725bcb68e50, 0x7a7eef560360 <unfinished ...>
[pid 253] 14:57:35.976970 libssl.so.3->EVP_PKEY_keygen_init(0x5725bcb987d0, 0, 176, 0x5725bcb987d0) = 1 <0.000181>
[pid 253] 14:57:35.977234 libssl.so.3->EVP_PKEY_keygen(0x5725bcb987d0, 0x7ffcae7a9550, 0, 103 <unfinished ...>
[pid 253] 14:57:35.977489 oqsprovider.so->OQS_KEM_new(0x5725bcb8dc70, 8, 0, 0x5725bcb95b50) = 0x5725bcb95b70 <0.000202>
[pid 253] 14:57:35.977756 oqsprovider.so->OQS_KEM_keypair(0x5725bcb95b70, 0x5725bcb93570, 0x5725bcb90130, 0x5725bcb95b50) = 0 <0.000336>
[pid 253] 14:57:35.978150 <... EVP_PKEY_keygen resumed> ) = 1 <0.000916>
[pid 253] 14:57:35.979620 libssl.so.3->EVP_PKEY_decapsulate_init(0x5725bcb987d0, 0, 176, 0x5725bcb987d0) = 1 <0.000290>
[pid 253] 14:57:35.979974 libssl.so.3->EVP_PKEY_decapsulate(0x5725bcb987d0, 0, 0x7ffcae7a9510, 0x5725bcb9a7ea) = 1 <0.000177>
[pid 253] 14:57:35.980207 libssl.so.3->EVP_PKEY_decapsulate(0x5725bcb987d0, 0x5725bcb91ee0, 0x7ffcae7a9510, 0x5725bcb9a7ea <unfinished ...>
[pid 253] 14:57:35.980373 oqsprovider.so->OQS_KEM_decaps(0x5725bcb95b70, 0x5725bcb91ee0, 0x5725bcb9a7ea, 0x5725bcb90130) = 0 <0.000175>
[pid 253] 14:57:35.980597 <... EVP_PKEY_decapsulate resumed> ) = 1 <0.000386>
[pid 253] 14:57:35.981410 libssl.so.3->X509_verify_cert(0x5725bcb8dea0, 0, 0x8000, 0xffffffff) = 1 <0.000396>
[pid 253] 14:57:35.981998 libssl.so.3->EVP_DigestVerifyInit_ex(0x5725bcaba810, 0x7ffcae7a95b8, 0, 0) = 1 <0.000132>
[pid 253] 14:57:35.982174 libssl.so.3->EVP_DigestVerify(0x5725bcaba810, 0x5725bcb9a798, 3309, 0x7ffcae7a95c0) = 1 <0.000187>
[pid 253] 14:57:35.982577 libssl.so.3->X509_verify_cert(0x5725bcb8dea0, 1, 1, 0) = 1 <0.000245>
[pid 253] 14:57:35.983295 libssl.so.3->EVP_DigestSignInit_ex(0x5725bcb95940, 0x7ffcae7a95a0, 0, 0) = 1 <0.000185>
[pid 253] 14:57:35.983531 libssl.so.3->EVP_DigestSign(0x5725bcb95940, 0, 0x7ffcae7a95b0, 0x7ffcae7a95c0) = 1 <0.000165>
[pid 253] 14:57:35.983764 libssl.so.3->EVP_DigestSign(0x5725bcb95940, 0x5725bcba96f0, 0x7ffcae7a95b0, 0x7ffcae7a95c0) = 1 <0.000361>
[pid 253] 14:57:35.984343 <... SSL_connect resumed> ) = 1 <0.007881>
[pid 253] 14:57:35.984596 oqsprovider.so->OQS_KEM_free(0x5725bcb95b70, 0x5725bcb95b20, 2, 0x5725bcb95b40) = 4 <0.000145>
Handshake duration: 8.11 ms
[pid 253] 14:57:35.986801 +++ exited (status 0) +++
Execution 28 - TLS Mutual
s_connection: verify depth is 1
[pid 255] 14:57:36.043212 openssl->SSL_connect(0x6298cdc0a0e0, 0x6298cdbdce50, 0x6298cdbdce50, 0x73037ed72360 <unfinished ...>
[pid 255] 14:57:36.043728 libssl.so.3->EVP_PKEY_keygen_init(0x6298cdc0c7d0, 0, 176, 0x6298cdc0c7d0) = 1 <0.000196>
[pid 255] 14:57:36.043988 libssl.so.3->EVP_PKEY_keygen(0x6298cdc0c7d0, 0x7ffd841b53f0, 0, 103 <unfinished ...>
[pid 255] 14:57:36.044125 oqsprovider.so->OQS_KEM_new(0x6298cdc01c70, 8, 0, 0x6298cdc09b50) = 0x6298cdc09b70 <0.000142>
[pid 255] 14:57:36.044320 oqsprovider.so->OQS_KEM_keypair(0x6298cdc09b70, 0x6298cdc07570, 0x6298cdc04130, 0x6298cdc09b50) = 0 <0.000372>
[pid 255] 14:57:36.044747 <... EVP_PKEY_keygen resumed> ) = 1 <0.000754>
[pid 255] 14:57:36.046388 libssl.so.3->EVP_PKEY_decapsulate_init(0x6298cdc0c7d0, 0, 176, 0x6298cdc0c7d0) = 1 <0.000267>
[pid 255] 14:57:36.046697 libssl.so.3->EVP_PKEY_decapsulate(0x6298cdc0c7d0, 0, 0x7ffd841b53b0, 0x6298cdc0e7ea) = 1 <0.000114>
[pid 255] 14:57:36.046857 libssl.so.3->EVP_PKEY_decapsulate(0x6298cdc0c7d0, 0x6298cdc05ee0, 0x7ffd841b53b0, 0x6298cdc0e7ea <unfinished ...>
[pid 255] 14:57:36.046970 oqsprovider.so->OQS_KEM_decaps(0x6298cdc09b70, 0x6298cdc05ee0, 0x6298cdc0e7ea, 0x6298cdc04130) = 0 <0.000145>
[pid 255] 14:57:36.047158 <... EVP_PKEY_decapsulate resumed> ) = 1 <0.000295>
[pid 255] 14:57:36.047876 libssl.so.3->X509_verify_cert(0x6298cdc01ea0, 0, 0x8000, 0xffffffff) = 1 <0.000355>
[pid 255] 14:57:36.048498 libssl.so.3->EVP_DigestVerifyInit_ex(0x6298cdb2e810, 0x7ffd841b5458, 0, 0) = 1 <0.000133>
[pid 255] 14:57:36.048681 libssl.so.3->EVP_DigestVerify(0x6298cdb2e810, 0x6298cdc0e798, 3309, 0x7ffd841b5460) = 1 <0.000287>
[pid 255] 14:57:36.049238 libssl.so.3->X509_verify_cert(0x6298cdc01ea0, 1, 1, 0) = 1 <0.000310>
[pid 255] 14:57:36.049974 libssl.so.3->EVP_DigestSignInit_ex(0x6298cdc09940, 0x7ffd841b5440, 0, 0) = 1 <0.000141>
[pid 255] 14:57:36.050157 libssl.so.3->EVP_DigestSign(0x6298cdc09940, 0, 0x7ffd841b5450, 0x7ffd841b5460) = 1 <0.000148>
[pid 255] 14:57:36.050354 libssl.so.3->EVP_DigestSign(0x6298cdc09940, 0x6298cdc1d6f0, 0x7ffd841b5450, 0x7ffd841b5460) = 1 <0.000685>
[pid 255] 14:57:36.051245 <... SSL_connect resumed> ) = 1 <0.008055>
[pid 255] 14:57:36.051470 oqsprovider.so->OQS_KEM_free(0x6298cdc09b70, 0x6298cdc09b20, 2, 0x6298cdc09b40) = 4 <0.000109>
Handshake duration: 8.25 ms
[pid 255] 14:57:36.053627 +++ exited (status 0) +++
Execution 29 - TLS Mutual
s_connection: verify depth is 1
[pid 257] 14:57:36.113350 openssl->SSL_connect(0x620fc35000e0, 0x620fc34d2e50, 0x620fc34d2e50, 0x7b5eda1cc360 <unfinished ...>
[pid 257] 14:57:36.113855 libssl.so.3->EVP_PKEY_keygen_init(0x620fc35027d0, 0, 176, 0x620fc35027d0) = 1 <0.000225>
[pid 257] 14:57:36.114167 libssl.so.3->EVP_PKEY_keygen(0x620fc35027d0, 0x7ffdf15d8460, 0, 103 <unfinished ...>
[pid 257] 14:57:36.114300 oqsprovider.so->OQS_KEM_new(0x620fc34f7c70, 8, 0, 0x620fc34ffb50) = 0x620fc34ffb70 <0.000144>
[pid 257] 14:57:36.114495 oqsprovider.so->OQS_KEM_keypair(0x620fc34ffb70, 0x620fc34fd570, 0x620fc34fa130, 0x620fc34ffb50) = 0 <0.000345>
[pid 257] 14:57:36.114904 <... EVP_PKEY_keygen resumed> ) = 1 <0.000733>
[pid 257] 14:57:36.116375 libssl.so.3->EVP_PKEY_decapsulate_init(0x620fc35027d0, 0, 176, 0x620fc35027d0) = 1 <0.000320>
[pid 257] 14:57:36.116752 libssl.so.3->EVP_PKEY_decapsulate(0x620fc35027d0, 0, 0x7ffdf15d8420, 0x620fc35047ea) = 1 <0.000155>
[pid 257] 14:57:36.116968 libssl.so.3->EVP_PKEY_decapsulate(0x620fc35027d0, 0x620fc34fbee0, 0x7ffdf15d8420, 0x620fc35047ea <unfinished ...>
[pid 257] 14:57:36.117108 oqsprovider.so->OQS_KEM_decaps(0x620fc34ffb70, 0x620fc34fbee0, 0x620fc35047ea, 0x620fc34fa130) = 0 <0.000181>
[pid 257] 14:57:36.117343 <... EVP_PKEY_decapsulate resumed> ) = 1 <0.000368>
[pid 257] 14:57:36.118128 libssl.so.3->X509_verify_cert(0x620fc34f7ea0, 0, 0x8000, 0xffffffff) = 1 <0.000436>
[pid 257] 14:57:36.118789 libssl.so.3->EVP_DigestVerifyInit_ex(0x620fc3424810, 0x7ffdf15d84c8, 0, 0) = 1 <0.000141>
[pid 257] 14:57:36.118975 libssl.so.3->EVP_DigestVerify(0x620fc3424810, 0x620fc3504798, 3309, 0x7ffdf15d84d0) = 1 <0.000218>
[pid 257] 14:57:36.119493 libssl.so.3->X509_verify_cert(0x620fc34f7ea0, 1, 1, 0) = 1 <0.000260>
[pid 257] 14:57:36.120114 libssl.so.3->EVP_DigestSignInit_ex(0x620fc34ff940, 0x7ffdf15d84b0, 0, 0) = 1 <0.000164>
[pid 257] 14:57:36.120335 libssl.so.3->EVP_DigestSign(0x620fc34ff940, 0, 0x7ffdf15d84c0, 0x7ffdf15d84d0) = 1 <0.000149>
[pid 257] 14:57:36.120537 libssl.so.3->EVP_DigestSign(0x620fc34ff940, 0x620fc35136f0, 0x7ffdf15d84c0, 0x7ffdf15d84d0) = 1 <0.000951>
[pid 257] 14:57:36.121733 <... SSL_connect resumed> ) = 1 <0.008398>
[pid 257] 14:57:36.121956 oqsprovider.so->OQS_KEM_free(0x620fc34ffb70, 0x620fc34ffb20, 2, 0x620fc34ffb40) = 4 <0.000154>
Handshake duration: 8.60 ms
[pid 257] 14:57:36.124372 +++ exited (status 0) +++
Execution 30 - TLS Mutual
s_connection: verify depth is 1
[pid 259] 14:57:36.180962 openssl->SSL_connect(0x63efb78c20e0, 0x63efb7894e50, 0x63efb7894e50, 0x76f33484c360 <unfinished ...>
[pid 259] 14:57:36.181398 libssl.so.3->EVP_PKEY_keygen_init(0x63efb78c47d0, 0, 176, 0x63efb78c47d0) = 1 <0.000159>
[pid 259] 14:57:36.181607 libssl.so.3->EVP_PKEY_keygen(0x63efb78c47d0, 0x7ffed74558f0, 0, 103 <unfinished ...>
[pid 259] 14:57:36.181738 oqsprovider.so->OQS_KEM_new(0x63efb78b9c70, 8, 0, 0x63efb78c1b50) = 0x63efb78c1b70 <0.000111>
[pid 259] 14:57:36.181899 oqsprovider.so->OQS_KEM_keypair(0x63efb78c1b70, 0x63efb78bf570, 0x63efb78bc130, 0x63efb78c1b50) = 0 <0.000405>
[pid 259] 14:57:36.182363 <... EVP_PKEY_keygen resumed> ) = 1 <0.000751>
[pid 259] 14:57:36.183883 libssl.so.3->EVP_PKEY_decapsulate_init(0x63efb78c47d0, 0, 176, 0x63efb78c47d0) = 1 <0.000273>
[pid 259] 14:57:36.184202 libssl.so.3->EVP_PKEY_decapsulate(0x63efb78c47d0, 0, 0x7ffed74558b0, 0x63efb78c67ea) = 1 <0.000265>
[pid 259] 14:57:36.184512 libssl.so.3->EVP_PKEY_decapsulate(0x63efb78c47d0, 0x63efb78bdee0, 0x7ffed74558b0, 0x63efb78c67ea <unfinished ...>
[pid 259] 14:57:36.184637 oqsprovider.so->OQS_KEM_decaps(0x63efb78c1b70, 0x63efb78bdee0, 0x63efb78c67ea, 0x63efb78bc130) = 0 <0.000159>
[pid 259] 14:57:36.184839 <... EVP_PKEY_decapsulate resumed> ) = 1 <0.000323>
[pid 259] 14:57:36.185613 libssl.so.3->X509_verify_cert(0x63efb78b9ea0, 0, 0x8000, 0xffffffff) = 1 <0.000397>
[pid 259] 14:57:36.186217 libssl.so.3->EVP_DigestVerifyInit_ex(0x63efb77e6810, 0x7ffed7455958, 0, 0) = 1 <0.000138>
[pid 259] 14:57:36.186409 libssl.so.3->EVP_DigestVerify(0x63efb77e6810, 0x63efb78c6798, 3309, 0x7ffed7455960) = 1 <0.000206>
[pid 259] 14:57:36.186821 libssl.so.3->X509_verify_cert(0x63efb78b9ea0, 1, 1, 0) = 1 <0.000211>
[pid 259] 14:57:36.187323 libssl.so.3->EVP_DigestSignInit_ex(0x63efb78c1940, 0x7ffed7455940, 0, 0) = 1 <0.000149>
[pid 259] 14:57:36.187519 libssl.so.3->EVP_DigestSign(0x63efb78c1940, 0, 0x7ffed7455950, 0x7ffed7455960) = 1 <0.000126>
[pid 259] 14:57:36.187690 libssl.so.3->EVP_DigestSign(0x63efb78c1940, 0x63efb78d56f0, 0x7ffed7455950, 0x7ffed7455960) = 1 <0.000467>
[pid 259] 14:57:36.188385 <... SSL_connect resumed> ) = 1 <0.007438>
[pid 259] 14:57:36.188606 oqsprovider.so->OQS_KEM_free(0x63efb78c1b70, 0x63efb78c1b20, 2, 0x63efb78c1b40) = 4 <0.000187>
Handshake duration: 7.64 ms
[pid 259] 14:57:36.190906 +++ exited (status 0) +++
Execution 31 - TLS Mutual
s_connection: verify depth is 1
[pid 261] 14:57:36.248483 openssl->SSL_connect(0x64235d3480e0, 0x64235d31ae50, 0x64235d31ae50, 0x72ef9f79d360 <unfinished ...>
[pid 261] 14:57:36.248921 libssl.so.3->EVP_PKEY_keygen_init(0x64235d34a7d0, 0, 176, 0x64235d34a7d0) = 1 <0.000133>
[pid 261] 14:57:36.249104 libssl.so.3->EVP_PKEY_keygen(0x64235d34a7d0, 0x7fff24967f40, 0, 103 <unfinished ...>
[pid 261] 14:57:36.249221 oqsprovider.so->OQS_KEM_new(0x64235d33fc70, 8, 0, 0x64235d347b50) = 0x64235d347b70 <0.000141>
[pid 261] 14:57:36.249452 oqsprovider.so->OQS_KEM_keypair(0x64235d347b70, 0x64235d345570, 0x64235d342130, 0x64235d347b50) = 0 <0.000357>
[pid 261] 14:57:36.249863 <... EVP_PKEY_keygen resumed> ) = 1 <0.000754>
[pid 261] 14:57:36.252178 libssl.so.3->EVP_PKEY_decapsulate_init(0x64235d34a7d0, 0, 176, 0x64235d34a7d0) = 1 <0.000408>
[pid 261] 14:57:36.252640 libssl.so.3->EVP_PKEY_decapsulate(0x64235d34a7d0, 0, 0x7fff24967f00, 0x64235d34c7ea) = 1 <0.000163>
[pid 261] 14:57:36.252882 libssl.so.3->EVP_PKEY_decapsulate(0x64235d34a7d0, 0x64235d343ee0, 0x7fff24967f00, 0x64235d34c7ea <unfinished ...>
[pid 261] 14:57:36.253062 oqsprovider.so->OQS_KEM_decaps(0x64235d347b70, 0x64235d343ee0, 0x64235d34c7ea, 0x64235d342130) = 0 <0.000170>
[pid 261] 14:57:36.253279 <... EVP_PKEY_decapsulate resumed> ) = 1 <0.000394>
[pid 261] 14:57:36.254075 libssl.so.3->X509_verify_cert(0x64235d33fea0, 0, 0x8000, 0xffffffff) = 1 <0.000446>
[pid 261] 14:57:36.254752 libssl.so.3->EVP_DigestVerifyInit_ex(0x64235d26c810, 0x7fff24967fa8, 0, 0) = 1 <0.000145>
[pid 261] 14:57:36.254954 libssl.so.3->EVP_DigestVerify(0x64235d26c810, 0x64235d34c798, 3309, 0x7fff24967fb0) = 1 <0.000303>
[pid 261] 14:57:36.255516 libssl.so.3->X509_verify_cert(0x64235d33fea0, 1, 1, 0) = 1 <0.000232>
[pid 261] 14:57:36.256098 libssl.so.3->EVP_DigestSignInit_ex(0x64235d347940, 0x7fff24967f90, 0, 0) = 1 <0.000176>
[pid 261] 14:57:36.256339 libssl.so.3->EVP_DigestSign(0x64235d347940, 0, 0x7fff24967fa0, 0x7fff24967fb0) = 1 <0.000160>
[pid 261] 14:57:36.256540 libssl.so.3->EVP_DigestSign(0x64235d347940, 0x64235d35b6f0, 0x7fff24967fa0, 0x7fff24967fb0) = 1 <0.000367>
[pid 261] 14:57:36.257105 <... SSL_connect resumed> ) = 1 <0.008628>
[pid 261] 14:57:36.257339 oqsprovider.so->OQS_KEM_free(0x64235d347b70, 0x64235d347b20, 2, 0x64235d347b40) = 4 <0.000189>
Handshake duration: 8.85 ms
[pid 261] 14:57:36.259592 +++ exited (status 0) +++
Execution 32 - TLS Mutual
s_connection: verify depth is 1
[pid 263] 14:57:36.318022 openssl->SSL_connect(0x5ef35c9d70e0, 0x5ef35c9a9e50, 0x5ef35c9a9e50, 0x77d2b99e8360 <unfinished ...>
[pid 263] 14:57:36.318447 libssl.so.3->EVP_PKEY_keygen_init(0x5ef35c9d97d0, 0, 176, 0x5ef35c9d97d0) = 1 <0.000136>
[pid 263] 14:57:36.318635 libssl.so.3->EVP_PKEY_keygen(0x5ef35c9d97d0, 0x7fffd1555e40, 0, 103 <unfinished ...>
[pid 263] 14:57:36.318753 oqsprovider.so->OQS_KEM_new(0x5ef35c9cec70, 8, 0, 0x5ef35c9d6b50) = 0x5ef35c9d6b70 <0.000167>
[pid 263] 14:57:36.318972 oqsprovider.so->OQS_KEM_keypair(0x5ef35c9d6b70, 0x5ef35c9d4570, 0x5ef35c9d1130, 0x5ef35c9d6b50) = 0 <0.000344>
[pid 263] 14:57:36.319372 <... EVP_PKEY_keygen resumed> ) = 1 <0.000732>
[pid 263] 14:57:36.320873 libssl.so.3->EVP_PKEY_decapsulate_init(0x5ef35c9d97d0, 0, 176, 0x5ef35c9d97d0) = 1 <0.000276>
[pid 263] 14:57:36.321194 libssl.so.3->EVP_PKEY_decapsulate(0x5ef35c9d97d0, 0, 0x7fffd1555e00, 0x5ef35c9db7ea) = 1 <0.000121>
[pid 263] 14:57:36.321351 libssl.so.3->EVP_PKEY_decapsulate(0x5ef35c9d97d0, 0x5ef35c9d2ee0, 0x7fffd1555e00, 0x5ef35c9db7ea <unfinished ...>
[pid 263] 14:57:36.321471 oqsprovider.so->OQS_KEM_decaps(0x5ef35c9d6b70, 0x5ef35c9d2ee0, 0x5ef35c9db7ea, 0x5ef35c9d1130) = 0 <0.000144>
[pid 263] 14:57:36.321673 <... EVP_PKEY_decapsulate resumed> ) = 1 <0.000316>
[pid 263] 14:57:36.322368 libssl.so.3->X509_verify_cert(0x5ef35c9ceea0, 0, 0x8000, 0xffffffff) = 1 <0.000370>
[pid 263] 14:57:36.322936 libssl.so.3->EVP_DigestVerifyInit_ex(0x5ef35c8fb810, 0x7fffd1555ea8, 0, 0) = 1 <0.000135>
[pid 263] 14:57:36.323126 libssl.so.3->EVP_DigestVerify(0x5ef35c8fb810, 0x5ef35c9db798, 3309, 0x7fffd1555eb0) = 1 <0.000187>
[pid 263] 14:57:36.323534 libssl.so.3->X509_verify_cert(0x5ef35c9ceea0, 1, 1, 0) = 1 <0.000216>
[pid 263] 14:57:36.324048 libssl.so.3->EVP_DigestSignInit_ex(0x5ef35c9d6940, 0x7fffd1555e90, 0, 0) = 1 <0.000121>
[pid 263] 14:57:36.324211 libssl.so.3->EVP_DigestSign(0x5ef35c9d6940, 0, 0x7fffd1555ea0, 0x7fffd1555eb0) = 1 <0.000098>
[pid 263] 14:57:36.324370 libssl.so.3->EVP_DigestSign(0x5ef35c9d6940, 0x5ef35c9ea6f0, 0x7fffd1555ea0, 0x7fffd1555eb0) = 1 <0.000347>
[pid 263] 14:57:36.324908 <... SSL_connect resumed> ) = 1 <0.006903>
[pid 263] 14:57:36.325099 oqsprovider.so->OQS_KEM_free(0x5ef35c9d6b70, 0x5ef35c9d6b20, 2, 0x5ef35c9d6b40) = 4 <0.000111>
Handshake duration: 7.08 ms
[pid 263] 14:57:36.327255 +++ exited (status 0) +++
Execution 33 - TLS Mutual
s_connection: verify depth is 1
[pid 265] 14:57:36.384396 openssl->SSL_connect(0x5e73dd1820e0, 0x5e73dd154e50, 0x5e73dd154e50, 0x76c7d5012360 <unfinished ...>
[pid 265] 14:57:36.384906 libssl.so.3->EVP_PKEY_keygen_init(0x5e73dd1847d0, 0, 176, 0x5e73dd1847d0) = 1 <0.000188>
[pid 265] 14:57:36.385193 libssl.so.3->EVP_PKEY_keygen(0x5e73dd1847d0, 0x7ffd6fc6e3a0, 0, 103 <unfinished ...>
[pid 265] 14:57:36.385387 oqsprovider.so->OQS_KEM_new(0x5e73dd179c70, 8, 0, 0x5e73dd181b50) = 0x5e73dd181b70 <0.000180>
[pid 265] 14:57:36.385625 oqsprovider.so->OQS_KEM_keypair(0x5e73dd181b70, 0x5e73dd17f570, 0x5e73dd17c130, 0x5e73dd181b50) = 0 <0.000359>
[pid 265] 14:57:36.386043 <... EVP_PKEY_keygen resumed> ) = 1 <0.000851>
[pid 265] 14:57:36.387674 libssl.so.3->EVP_PKEY_decapsulate_init(0x5e73dd1847d0, 0, 176, 0x5e73dd1847d0) = 1 <0.000376>
[pid 265] 14:57:36.388104 libssl.so.3->EVP_PKEY_decapsulate(0x5e73dd1847d0, 0, 0x7ffd6fc6e360, 0x5e73dd1867ea) = 1 <0.000132>
[pid 265] 14:57:36.388284 libssl.so.3->EVP_PKEY_decapsulate(0x5e73dd1847d0, 0x5e73dd17dee0, 0x7ffd6fc6e360, 0x5e73dd1867ea <unfinished ...>
[pid 265] 14:57:36.388442 oqsprovider.so->OQS_KEM_decaps(0x5e73dd181b70, 0x5e73dd17dee0, 0x5e73dd1867ea, 0x5e73dd17c130) = 0 <0.000159>
[pid 265] 14:57:36.388650 <... EVP_PKEY_decapsulate resumed> ) = 1 <0.000358>
[pid 265] 14:57:36.389508 libssl.so.3->X509_verify_cert(0x5e73dd179ea0, 0, 0x8000, 0xffffffff) = 1 <0.000421>
[pid 265] 14:57:36.390150 libssl.so.3->EVP_DigestVerifyInit_ex(0x5e73dd0a6810, 0x7ffd6fc6e408, 0, 0) = 1 <0.000188>
[pid 265] 14:57:36.390420 libssl.so.3->EVP_DigestVerify(0x5e73dd0a6810, 0x5e73dd186798, 3309, 0x7ffd6fc6e410) = 1 <0.000241>
[pid 265] 14:57:36.390898 libssl.so.3->X509_verify_cert(0x5e73dd179ea0, 1, 1, 0) = 1 <0.000225>
[pid 265] 14:57:36.391563 libssl.so.3->EVP_DigestSignInit_ex(0x5e73dd181940, 0x7ffd6fc6e3f0, 0, 0) = 1 <0.000236>
[pid 265] 14:57:36.391872 libssl.so.3->EVP_DigestSign(0x5e73dd181940, 0, 0x7ffd6fc6e400, 0x7ffd6fc6e410) = 1 <0.000161>
[pid 265] 14:57:36.392125 libssl.so.3->EVP_DigestSign(0x5e73dd181940, 0x5e73dd1956f0, 0x7ffd6fc6e400, 0x7ffd6fc6e410) = 1 <0.000459>
[pid 265] 14:57:36.392796 <... SSL_connect resumed> ) = 1 <0.008414>
[pid 265] 14:57:36.393012 oqsprovider.so->OQS_KEM_free(0x5e73dd181b70, 0x5e73dd181b20, 2, 0x5e73dd181b40) = 4 <0.000123>
Handshake duration: 8.61 ms
[pid 265] 14:57:36.395255 +++ exited (status 0) +++
Execution 34 - TLS Mutual
s_connection: verify depth is 1
[pid 267] 14:57:36.453184 openssl->SSL_connect(0x560ad5f230e0, 0x560ad5ef5e50, 0x560ad5ef5e50, 0x72f478029360 <unfinished ...>
[pid 267] 14:57:36.453686 libssl.so.3->EVP_PKEY_keygen_init(0x560ad5f257d0, 0, 176, 0x560ad5f257d0) = 1 <0.000194>
[pid 267] 14:57:36.453936 libssl.so.3->EVP_PKEY_keygen(0x560ad5f257d0, 0x7ffe1098eaf0, 0, 103 <unfinished ...>
[pid 267] 14:57:36.454084 oqsprovider.so->OQS_KEM_new(0x560ad5f1ac70, 8, 0, 0x560ad5f22b50) = 0x560ad5f22b70 <0.000125>
[pid 267] 14:57:36.454263 oqsprovider.so->OQS_KEM_keypair(0x560ad5f22b70, 0x560ad5f20570, 0x560ad5f1d130, 0x560ad5f22b50) = 0 <0.000368>
[pid 267] 14:57:36.454733 <... EVP_PKEY_keygen resumed> ) = 1 <0.000787>
[pid 267] 14:57:36.456164 libssl.so.3->EVP_PKEY_decapsulate_init(0x560ad5f257d0, 0, 176, 0x560ad5f257d0) = 1 <0.000327>
[pid 267] 14:57:36.456545 libssl.so.3->EVP_PKEY_decapsulate(0x560ad5f257d0, 0, 0x7ffe1098eab0, 0x560ad5f277ea) = 1 <0.000120>
[pid 267] 14:57:36.456743 libssl.so.3->EVP_PKEY_decapsulate(0x560ad5f257d0, 0x560ad5f1eee0, 0x7ffe1098eab0, 0x560ad5f277ea <unfinished ...>
[pid 267] 14:57:36.456908 oqsprovider.so->OQS_KEM_decaps(0x560ad5f22b70, 0x560ad5f1eee0, 0x560ad5f277ea, 0x560ad5f1d130) = 0 <0.000163>
[pid 267] 14:57:36.457122 <... EVP_PKEY_decapsulate resumed> ) = 1 <0.000378>
[pid 267] 14:57:36.457876 libssl.so.3->X509_verify_cert(0x560ad5f1aea0, 0, 0x8000, 0xffffffff) = 1 <0.000343>
[pid 267] 14:57:36.458457 libssl.so.3->EVP_DigestVerifyInit_ex(0x560ad5e47810, 0x7ffe1098eb58, 0, 0) = 1 <0.000167>
[pid 267] 14:57:36.458670 libssl.so.3->EVP_DigestVerify(0x560ad5e47810, 0x560ad5f27798, 3309, 0x7ffe1098eb60) = 1 <0.000250>
[pid 267] 14:57:36.459193 libssl.so.3->X509_verify_cert(0x560ad5f1aea0, 1, 1, 0) = 1 <0.000274>
[pid 267] 14:57:36.459802 libssl.so.3->EVP_DigestSignInit_ex(0x560ad5f22940, 0x7ffe1098eb40, 0, 0) = 1 <0.000223>
[pid 267] 14:57:36.460107 libssl.so.3->EVP_DigestSign(0x560ad5f22940, 0, 0x7ffe1098eb50, 0x7ffe1098eb60) = 1 <0.000148>
[pid 267] 14:57:36.460303 libssl.so.3->EVP_DigestSign(0x560ad5f22940, 0x560ad5f366f0, 0x7ffe1098eb50, 0x7ffe1098eb60) = 1 <0.000339>
[pid 267] 14:57:36.460871 <... SSL_connect resumed> ) = 1 <0.007702>
[pid 267] 14:57:36.461087 oqsprovider.so->OQS_KEM_free(0x560ad5f22b70, 0x560ad5f22b20, 2, 0x560ad5f22b40) = 4 <0.000130>
Handshake duration: 7.89 ms
[pid 267] 14:57:36.463627 +++ exited (status 0) +++
Execution 35 - TLS Mutual
s_connection: verify depth is 1
[pid 269] 14:57:36.519263 openssl->SSL_connect(0x5f57aab590e0, 0x5f57aab2be50, 0x5f57aab2be50, 0x7cbba8f9c360 <unfinished ...>
[pid 269] 14:57:36.519715 libssl.so.3->EVP_PKEY_keygen_init(0x5f57aab5b7d0, 0, 176, 0x5f57aab5b7d0) = 1 <0.000152>
[pid 269] 14:57:36.519919 libssl.so.3->EVP_PKEY_keygen(0x5f57aab5b7d0, 0x7ffe7e6e4a80, 0, 103 <unfinished ...>
[pid 269] 14:57:36.520056 oqsprovider.so->OQS_KEM_new(0x5f57aab50c70, 8, 0, 0x5f57aab58b50) = 0x5f57aab58b70 <0.000141>
[pid 269] 14:57:36.520260 oqsprovider.so->OQS_KEM_keypair(0x5f57aab58b70, 0x5f57aab56570, 0x5f57aab53130, 0x5f57aab58b50) = 0 <0.000373>
[pid 269] 14:57:36.520723 <... EVP_PKEY_keygen resumed> ) = 1 <0.000792>
[pid 269] 14:57:36.522293 libssl.so.3->EVP_PKEY_decapsulate_init(0x5f57aab5b7d0, 0, 176, 0x5f57aab5b7d0) = 1 <0.000277>
[pid 269] 14:57:36.522626 libssl.so.3->EVP_PKEY_decapsulate(0x5f57aab5b7d0, 0, 0x7ffe7e6e4a40, 0x5f57aab5d7ea) = 1 <0.000132>
[pid 269] 14:57:36.522824 libssl.so.3->EVP_PKEY_decapsulate(0x5f57aab5b7d0, 0x5f57aab54ee0, 0x7ffe7e6e4a40, 0x5f57aab5d7ea <unfinished ...>
[pid 269] 14:57:36.522969 oqsprovider.so->OQS_KEM_decaps(0x5f57aab58b70, 0x5f57aab54ee0, 0x5f57aab5d7ea, 0x5f57aab53130) = 0 <0.000171>
[pid 269] 14:57:36.523187 <... EVP_PKEY_decapsulate resumed> ) = 1 <0.000359>
[pid 269] 14:57:36.524046 libssl.so.3->X509_verify_cert(0x5f57aab50ea0, 0, 0x8000, 0xffffffff) = 1 <0.000462>
[pid 269] 14:57:36.524697 libssl.so.3->EVP_DigestVerifyInit_ex(0x5f57aaa7d810, 0x7ffe7e6e4ae8, 0, 0) = 1 <0.000138>
[pid 269] 14:57:36.524884 libssl.so.3->EVP_DigestVerify(0x5f57aaa7d810, 0x5f57aab5d798, 3309, 0x7ffe7e6e4af0) = 1 <0.000202>
[pid 269] 14:57:36.525294 libssl.so.3->X509_verify_cert(0x5f57aab50ea0, 1, 1, 0) = 1 <0.000289>
[pid 269] 14:57:36.525978 libssl.so.3->EVP_DigestSignInit_ex(0x5f57aab58940, 0x7ffe7e6e4ad0, 0, 0) = 1 <0.000158>
[pid 269] 14:57:36.526179 libssl.so.3->EVP_DigestSign(0x5f57aab58940, 0, 0x7ffe7e6e4ae0, 0x7ffe7e6e4af0) = 1 <0.000114>
[pid 269] 14:57:36.526335 libssl.so.3->EVP_DigestSign(0x5f57aab58940, 0x5f57aab6c6f0, 0x7ffe7e6e4ae0, 0x7ffe7e6e4af0) = 1 <0.000471>
[pid 269] 14:57:36.527006 <... SSL_connect resumed> ) = 1 <0.007763>
[pid 269] 14:57:36.527216 oqsprovider.so->OQS_KEM_free(0x5f57aab58b70, 0x5f57aab58b20, 2, 0x5f57aab58b40) = 4 <0.000127>
Handshake duration: 7.95 ms
[pid 269] 14:57:36.529380 +++ exited (status 0) +++
Execution 36 - TLS Mutual
s_connection: verify depth is 1
[pid 271] 14:57:36.586651 openssl->SSL_connect(0x59d55992a0e0, 0x59d5598fce50, 0x59d5598fce50, 0x7e5148056360 <unfinished ...>
[pid 271] 14:57:36.587130 libssl.so.3->EVP_PKEY_keygen_init(0x59d55992c7d0, 0, 176, 0x59d55992c7d0) = 1 <0.000218>
[pid 271] 14:57:36.587492 libssl.so.3->EVP_PKEY_keygen(0x59d55992c7d0, 0x7ffef91ce510, 0, 103 <unfinished ...>
[pid 271] 14:57:36.587708 oqsprovider.so->OQS_KEM_new(0x59d559921c70, 8, 0, 0x59d559929b50) = 0x59d559929b70 <0.000154>
[pid 271] 14:57:36.587920 oqsprovider.so->OQS_KEM_keypair(0x59d559929b70, 0x59d559927570, 0x59d559924130, 0x59d559929b50) = 0 <0.000361>
[pid 271] 14:57:36.588344 <... EVP_PKEY_keygen resumed> ) = 1 <0.000851>
[pid 271] 14:57:36.589876 libssl.so.3->EVP_PKEY_decapsulate_init(0x59d55992c7d0, 0, 176, 0x59d55992c7d0) = 1 <0.000267>
[pid 271] 14:57:36.590191 libssl.so.3->EVP_PKEY_decapsulate(0x59d55992c7d0, 0, 0x7ffef91ce4d0, 0x59d55992e7ea) = 1 <0.000133>
[pid 271] 14:57:36.590372 libssl.so.3->EVP_PKEY_decapsulate(0x59d55992c7d0, 0x59d559925ee0, 0x7ffef91ce4d0, 0x59d55992e7ea <unfinished ...>
[pid 271] 14:57:36.590530 oqsprovider.so->OQS_KEM_decaps(0x59d559929b70, 0x59d559925ee0, 0x59d55992e7ea, 0x59d559924130) = 0 <0.000154>
[pid 271] 14:57:36.590735 <... EVP_PKEY_decapsulate resumed> ) = 1 <0.000357>
[pid 271] 14:57:36.591501 libssl.so.3->X509_verify_cert(0x59d559921ea0, 0, 0x8000, 0xffffffff) = 1 <0.000403>
[pid 271] 14:57:36.592105 libssl.so.3->EVP_DigestVerifyInit_ex(0x59d55984e810, 0x7ffef91ce578, 0, 0) = 1 <0.000136>
[pid 271] 14:57:36.592290 libssl.so.3->EVP_DigestVerify(0x59d55984e810, 0x59d55992e798, 3309, 0x7ffef91ce580) = 1 <0.000217>
[pid 271] 14:57:36.592716 libssl.so.3->X509_verify_cert(0x59d559921ea0, 1, 1, 0) = 1 <0.000227>
[pid 271] 14:57:36.593257 libssl.so.3->EVP_DigestSignInit_ex(0x59d559929940, 0x7ffef91ce560, 0, 0) = 1 <0.000135>
[pid 271] 14:57:36.593449 libssl.so.3->EVP_DigestSign(0x59d559929940, 0, 0x7ffef91ce570, 0x7ffef91ce580) = 1 <0.000155>
[pid 271] 14:57:36.593679 libssl.so.3->EVP_DigestSign(0x59d559929940, 0x59d55993d6f0, 0x7ffef91ce570, 0x7ffef91ce580) = 1 <0.000482>
[pid 271] 14:57:36.594345 <... SSL_connect resumed> ) = 1 <0.007702>
[pid 271] 14:57:36.594547 oqsprovider.so->OQS_KEM_free(0x59d559929b70, 0x59d559929b20, 2, 0x59d559929b40) = 4 <0.000121>
Handshake duration: 7.90 ms
[pid 271] 14:57:36.596664 +++ exited (status 0) +++
Execution 37 - TLS Mutual
s_connection: verify depth is 1
[pid 273] 14:57:36.653348 openssl->SSL_connect(0x6229e1de00e0, 0x6229e1db2e50, 0x6229e1db2e50, 0x7bfed100d360 <unfinished ...>
[pid 273] 14:57:36.653865 libssl.so.3->EVP_PKEY_keygen_init(0x6229e1de27d0, 0, 176, 0x6229e1de27d0) = 1 <0.000152>
[pid 273] 14:57:36.654095 libssl.so.3->EVP_PKEY_keygen(0x6229e1de27d0, 0x7fff6855ad10, 0, 103 <unfinished ...>
[pid 273] 14:57:36.654236 oqsprovider.so->OQS_KEM_new(0x6229e1dd7c70, 8, 0, 0x6229e1ddfb50) = 0x6229e1ddfb70 <0.000122>
[pid 273] 14:57:36.654408 oqsprovider.so->OQS_KEM_keypair(0x6229e1ddfb70, 0x6229e1ddd570, 0x6229e1dda130, 0x6229e1ddfb50) = 0 <0.000430>
[pid 273] 14:57:36.654917 <... EVP_PKEY_keygen resumed> ) = 1 <0.000818>
[pid 273] 14:57:36.656626 libssl.so.3->EVP_PKEY_decapsulate_init(0x6229e1de27d0, 0, 176, 0x6229e1de27d0) = 1 <0.000338>
[pid 273] 14:57:36.657015 libssl.so.3->EVP_PKEY_decapsulate(0x6229e1de27d0, 0, 0x7fff6855acd0, 0x6229e1de47ea) = 1 <0.000130>
[pid 273] 14:57:36.657195 libssl.so.3->EVP_PKEY_decapsulate(0x6229e1de27d0, 0x6229e1ddbee0, 0x7fff6855acd0, 0x6229e1de47ea <unfinished ...>
[pid 273] 14:57:36.657339 oqsprovider.so->OQS_KEM_decaps(0x6229e1ddfb70, 0x6229e1ddbee0, 0x6229e1de47ea, 0x6229e1dda130) = 0 <0.000235>
[pid 273] 14:57:36.657654 <... EVP_PKEY_decapsulate resumed> ) = 1 <0.000453>
[pid 273] 14:57:36.658622 libssl.so.3->X509_verify_cert(0x6229e1dd7ea0, 0, 0x8000, 0xffffffff) = 1 <0.000470>
[pid 273] 14:57:36.659322 libssl.so.3->EVP_DigestVerifyInit_ex(0x6229e1d04810, 0x7fff6855ad78, 0, 0) = 1 <0.000158>
[pid 273] 14:57:36.659533 libssl.so.3->EVP_DigestVerify(0x6229e1d04810, 0x6229e1de4798, 3309, 0x7fff6855ad80) = 1 <0.000242>
[pid 273] 14:57:36.660042 libssl.so.3->X509_verify_cert(0x6229e1dd7ea0, 1, 1, 0) = 1 <0.000285>
[pid 273] 14:57:36.660740 libssl.so.3->EVP_DigestSignInit_ex(0x6229e1ddf940, 0x7fff6855ad60, 0, 0) = 1 <0.000140>
[pid 273] 14:57:36.660931 libssl.so.3->EVP_DigestSign(0x6229e1ddf940, 0, 0x7fff6855ad70, 0x7fff6855ad80) = 1 <0.000140>
[pid 273] 14:57:36.661122 libssl.so.3->EVP_DigestSign(0x6229e1ddf940, 0x6229e1df36f0, 0x7fff6855ad70, 0x7fff6855ad80) = 1 <0.000407>
[pid 273] 14:57:36.661736 <... SSL_connect resumed> ) = 1 <0.008396>
[pid 273] 14:57:36.661999 oqsprovider.so->OQS_KEM_free(0x6229e1ddfb70, 0x6229e1ddfb20, 2, 0x6229e1ddfb40) = 4 <0.000226>
Handshake duration: 8.59 ms
[pid 273] 14:57:36.664593 +++ exited (status 0) +++
Execution 38 - TLS Mutual
s_connection: verify depth is 1
[pid 275] 14:57:36.732930 openssl->SSL_connect(0x5d596d42f0e0, 0x5d596d401e50, 0x5d596d401e50, 0x787456a1e360 <unfinished ...>
[pid 275] 14:57:36.733532 libssl.so.3->EVP_PKEY_keygen_init(0x5d596d4317d0, 0, 176, 0x5d596d4317d0) = 1 <0.000205>
[pid 275] 14:57:36.733786 libssl.so.3->EVP_PKEY_keygen(0x5d596d4317d0, 0x7ffcd58deda0, 0, 103 <unfinished ...>
[pid 275] 14:57:36.733915 oqsprovider.so->OQS_KEM_new(0x5d596d426c70, 8, 0, 0x5d596d42eb50) = 0x5d596d42eb70 <0.000119>
[pid 275] 14:57:36.734085 oqsprovider.so->OQS_KEM_keypair(0x5d596d42eb70, 0x5d596d42c570, 0x5d596d429130, 0x5d596d42eb50) = 0 <0.000326>
[pid 275] 14:57:36.734475 <... EVP_PKEY_keygen resumed> ) = 1 <0.000682>
[pid 275] 14:57:36.736009 libssl.so.3->EVP_PKEY_decapsulate_init(0x5d596d4317d0, 0, 176, 0x5d596d4317d0) = 1 <0.000283>
[pid 275] 14:57:36.736341 libssl.so.3->EVP_PKEY_decapsulate(0x5d596d4317d0, 0, 0x7ffcd58ded60, 0x5d596d4337ea) = 1 <0.000121>
[pid 275] 14:57:36.736506 libssl.so.3->EVP_PKEY_decapsulate(0x5d596d4317d0, 0x5d596d42aee0, 0x7ffcd58ded60, 0x5d596d4337ea <unfinished ...>
[pid 275] 14:57:36.736626 oqsprovider.so->OQS_KEM_decaps(0x5d596d42eb70, 0x5d596d42aee0, 0x5d596d4337ea, 0x5d596d429130) = 0 <0.000148>
[pid 275] 14:57:36.736819 <... EVP_PKEY_decapsulate resumed> ) = 1 <0.000310>
[pid 275] 14:57:36.737605 libssl.so.3->X509_verify_cert(0x5d596d426ea0, 0, 0x8000, 0xffffffff) = 1 <0.000363>
[pid 275] 14:57:36.738158 libssl.so.3->EVP_DigestVerifyInit_ex(0x5d596d353810, 0x7ffcd58dee08, 0, 0) = 1 <0.000127>
[pid 275] 14:57:36.738324 libssl.so.3->EVP_DigestVerify(0x5d596d353810, 0x5d596d433798, 3309, 0x7ffcd58dee10) = 1 <0.000191>
[pid 275] 14:57:36.738717 libssl.so.3->X509_verify_cert(0x5d596d426ea0, 1, 1, 0) = 1 <0.000208>
[pid 275] 14:57:36.739225 libssl.so.3->EVP_DigestSignInit_ex(0x5d596d42e940, 0x7ffcd58dedf0, 0, 0) = 1 <0.000126>
[pid 275] 14:57:36.739397 libssl.so.3->EVP_DigestSign(0x5d596d42e940, 0, 0x7ffcd58dee00, 0x7ffcd58dee10) = 1 <0.000147>
[pid 275] 14:57:36.739578 libssl.so.3->EVP_DigestSign(0x5d596d42e940, 0x5d596d4426f0, 0x7ffcd58dee00, 0x7ffcd58dee10) = 1 <0.000409>
[pid 275] 14:57:36.740169 <... SSL_connect resumed> ) = 1 <0.007258>
[pid 275] 14:57:36.740362 oqsprovider.so->OQS_KEM_free(0x5d596d42eb70, 0x5d596d42eb20, 2, 0x5d596d42eb40) = 4 <0.000155>
Handshake duration: 7.43 ms
[pid 275] 14:57:36.742643 +++ exited (status 0) +++
Execution 39 - TLS Mutual
s_connection: verify depth is 1
[pid 277] 14:57:36.803692 openssl->SSL_connect(0x57d26e1320e0, 0x57d26e104e50, 0x57d26e104e50, 0x7b366627e360 <unfinished ...>
[pid 277] 14:57:36.804416 libssl.so.3->EVP_PKEY_keygen_init(0x57d26e1347d0, 0, 176, 0x57d26e1347d0) = 1 <0.000246>
[pid 277] 14:57:36.804713 libssl.so.3->EVP_PKEY_keygen(0x57d26e1347d0, 0x7ffe1dae9f10, 0, 103 <unfinished ...>
[pid 277] 14:57:36.804853 oqsprovider.so->OQS_KEM_new(0x57d26e129c70, 8, 0, 0x57d26e131b50) = 0x57d26e131b70 <0.000138>
[pid 277] 14:57:36.805042 oqsprovider.so->OQS_KEM_keypair(0x57d26e131b70, 0x57d26e12f570, 0x57d26e12c130, 0x57d26e131b50) = 0 <0.000484>
[pid 277] 14:57:36.805627 <... EVP_PKEY_keygen resumed> ) = 1 <0.000907>
[pid 277] 14:57:36.807359 libssl.so.3->EVP_PKEY_decapsulate_init(0x57d26e1347d0, 0, 176, 0x57d26e1347d0) = 1 <0.000306>
[pid 277] 14:57:36.807718 libssl.so.3->EVP_PKEY_decapsulate(0x57d26e1347d0, 0, 0x7ffe1dae9ed0, 0x57d26e1367ea) = 1 <0.000154>
[pid 277] 14:57:36.807950 libssl.so.3->EVP_PKEY_decapsulate(0x57d26e1347d0, 0x57d26e12dee0, 0x7ffe1dae9ed0, 0x57d26e1367ea <unfinished ...>
[pid 277] 14:57:36.808094 oqsprovider.so->OQS_KEM_decaps(0x57d26e131b70, 0x57d26e12dee0, 0x57d26e1367ea, 0x57d26e12c130) = 0 <0.000172>
[pid 277] 14:57:36.808300 <... EVP_PKEY_decapsulate resumed> ) = 1 <0.000347>
[pid 277] 14:57:36.809052 libssl.so.3->X509_verify_cert(0x57d26e129ea0, 0, 0x8000, 0xffffffff) = 1 <0.000443>
[pid 277] 14:57:36.809699 libssl.so.3->EVP_DigestVerifyInit_ex(0x57d26e056810, 0x7ffe1dae9f78, 0, 0) = 1 <0.000149>
[pid 277] 14:57:36.809903 libssl.so.3->EVP_DigestVerify(0x57d26e056810, 0x57d26e136798, 3309, 0x7ffe1dae9f80) = 1 <0.000202>
[pid 277] 14:57:36.810312 libssl.so.3->X509_verify_cert(0x57d26e129ea0, 1, 1, 0) = 1 <0.000239>
[pid 277] 14:57:36.810868 libssl.so.3->EVP_DigestSignInit_ex(0x57d26e131940, 0x7ffe1dae9f60, 0, 0) = 1 <0.000139>
[pid 277] 14:57:36.811056 libssl.so.3->EVP_DigestSign(0x57d26e131940, 0, 0x7ffe1dae9f70, 0x7ffe1dae9f80) = 1 <0.000142>
[pid 277] 14:57:36.811245 libssl.so.3->EVP_DigestSign(0x57d26e131940, 0x57d26e1456f0, 0x7ffe1dae9f70, 0x7ffe1dae9f80) = 1 <0.000397>
[pid 277] 14:57:36.811828 <... SSL_connect resumed> ) = 1 <0.008153>
[pid 277] 14:57:36.812056 oqsprovider.so->OQS_KEM_free(0x57d26e131b70, 0x57d26e131b20, 2, 0x57d26e131b40) = 4 <0.000175>
Handshake duration: 8.38 ms
[pid 277] 14:57:36.814335 +++ exited (status 0) +++
Execution 40 - TLS Mutual
s_connection: verify depth is 1
[pid 279] 14:57:36.874357 openssl->SSL_connect(0x5ce28bfe20e0, 0x5ce28bfb4e50, 0x5ce28bfb4e50, 0x7c1fac972360 <unfinished ...>
[pid 279] 14:57:36.874811 libssl.so.3->EVP_PKEY_keygen_init(0x5ce28bfe47d0, 0, 176, 0x5ce28bfe47d0) = 1 <0.000141>
[pid 279] 14:57:36.875006 libssl.so.3->EVP_PKEY_keygen(0x5ce28bfe47d0, 0x7fffbe61bc60, 0, 103 <unfinished ...>
[pid 279] 14:57:36.875133 oqsprovider.so->OQS_KEM_new(0x5ce28bfd9c70, 8, 0, 0x5ce28bfe1b50) = 0x5ce28bfe1b70 <0.000117>
[pid 279] 14:57:36.875294 oqsprovider.so->OQS_KEM_keypair(0x5ce28bfe1b70, 0x5ce28bfdf570, 0x5ce28bfdc130, 0x5ce28bfe1b50) = 0 <0.000341>
[pid 279] 14:57:36.875685 <... EVP_PKEY_keygen resumed> ) = 1 <0.000674>
[pid 279] 14:57:36.877073 libssl.so.3->EVP_PKEY_decapsulate_init(0x5ce28bfe47d0, 0, 176, 0x5ce28bfe47d0) = 1 <0.000268>
[pid 279] 14:57:36.877405 libssl.so.3->EVP_PKEY_decapsulate(0x5ce28bfe47d0, 0, 0x7fffbe61bc20, 0x5ce28bfe67ea) = 1 <0.000153>
[pid 279] 14:57:36.877600 libssl.so.3->EVP_PKEY_decapsulate(0x5ce28bfe47d0, 0x5ce28bfddee0, 0x7fffbe61bc20, 0x5ce28bfe67ea <unfinished ...>
[pid 279] 14:57:36.877718 oqsprovider.so->OQS_KEM_decaps(0x5ce28bfe1b70, 0x5ce28bfddee0, 0x5ce28bfe67ea, 0x5ce28bfdc130) = 0 <0.000168>
[pid 279] 14:57:36.877932 <... EVP_PKEY_decapsulate resumed> ) = 1 <0.000328>
[pid 279] 14:57:36.878659 libssl.so.3->X509_verify_cert(0x5ce28bfd9ea0, 0, 0x8000, 0xffffffff) = 1 <0.000357>
[pid 279] 14:57:36.879207 libssl.so.3->EVP_DigestVerifyInit_ex(0x5ce28bf06810, 0x7fffbe61bcc8, 0, 0) = 1 <0.000146>
[pid 279] 14:57:36.879396 libssl.so.3->EVP_DigestVerify(0x5ce28bf06810, 0x5ce28bfe6798, 3309, 0x7fffbe61bcd0) = 1 <0.000196>
[pid 279] 14:57:36.879795 libssl.so.3->X509_verify_cert(0x5ce28bfd9ea0, 1, 1, 0) = 1 <0.000206>
[pid 279] 14:57:36.880290 libssl.so.3->EVP_DigestSignInit_ex(0x5ce28bfe1940, 0x7fffbe61bcb0, 0, 0) = 1 <0.000147>
[pid 279] 14:57:36.880483 libssl.so.3->EVP_DigestSign(0x5ce28bfe1940, 0, 0x7fffbe61bcc0, 0x7fffbe61bcd0) = 1 <0.000118>
[pid 279] 14:57:36.880645 libssl.so.3->EVP_DigestSign(0x5ce28bfe1940, 0x5ce28bff56f0, 0x7fffbe61bcc0, 0x7fffbe61bcd0) = 1 <0.000271>
[pid 279] 14:57:36.881091 <... SSL_connect resumed> ) = 1 <0.006749>
[pid 279] 14:57:36.881298 oqsprovider.so->OQS_KEM_free(0x5ce28bfe1b70, 0x5ce28bfe1b20, 2, 0x5ce28bfe1b40) = 4 <0.000128>
Handshake duration: 6.94 ms
[pid 279] 14:57:36.883497 +++ exited (status 0) +++
Execution 41 - TLS Mutual
s_connection: verify depth is 1
[pid 281] 14:57:36.942681 openssl->SSL_connect(0x5ffe86bf50e0, 0x5ffe86bc7e50, 0x5ffe86bc7e50, 0x7870ef4a9360 <unfinished ...>
[pid 281] 14:57:36.943194 libssl.so.3->EVP_PKEY_keygen_init(0x5ffe86bf77d0, 0, 176, 0x5ffe86bf77d0) = 1 <0.000177>
[pid 281] 14:57:36.943454 libssl.so.3->EVP_PKEY_keygen(0x5ffe86bf77d0, 0x7fffb8d540d0, 0, 103 <unfinished ...>
[pid 281] 14:57:36.943664 oqsprovider.so->OQS_KEM_new(0x5ffe86becc70, 8, 0, 0x5ffe86bf4b50) = 0x5ffe86bf4b70 <0.000159>
[pid 281] 14:57:36.943873 oqsprovider.so->OQS_KEM_keypair(0x5ffe86bf4b70, 0x5ffe86bf2570, 0x5ffe86bef130, 0x5ffe86bf4b50) = 0 <0.000415>
[pid 281] 14:57:36.944369 <... EVP_PKEY_keygen resumed> ) = 1 <0.000910>
[pid 281] 14:57:36.945918 libssl.so.3->EVP_PKEY_decapsulate_init(0x5ffe86bf77d0, 0, 176, 0x5ffe86bf77d0) = 1 <0.000297>
[pid 281] 14:57:36.946265 libssl.so.3->EVP_PKEY_decapsulate(0x5ffe86bf77d0, 0, 0x7fffb8d54090, 0x5ffe86bf97ea) = 1 <0.000144>
[pid 281] 14:57:36.946480 libssl.so.3->EVP_PKEY_decapsulate(0x5ffe86bf77d0, 0x5ffe86bf0ee0, 0x7fffb8d54090, 0x5ffe86bf97ea <unfinished ...>
[pid 281] 14:57:36.946617 oqsprovider.so->OQS_KEM_decaps(0x5ffe86bf4b70, 0x5ffe86bf0ee0, 0x5ffe86bf97ea, 0x5ffe86bef130) = 0 <0.000172>
[pid 281] 14:57:36.946836 <... EVP_PKEY_decapsulate resumed> ) = 1 <0.000352>
[pid 281] 14:57:36.947664 libssl.so.3->X509_verify_cert(0x5ffe86becea0, 0, 0x8000, 0xffffffff) = 1 <0.000413>
[pid 281] 14:57:36.948319 libssl.so.3->EVP_DigestVerifyInit_ex(0x5ffe86b19810, 0x7fffb8d54138, 0, 0) = 1 <0.000155>
[pid 281] 14:57:36.948526 libssl.so.3->EVP_DigestVerify(0x5ffe86b19810, 0x5ffe86bf9798, 3309, 0x7fffb8d54140) = 1 <0.000221>
[pid 281] 14:57:36.948975 libssl.so.3->X509_verify_cert(0x5ffe86becea0, 1, 1, 0) = 1 <0.000272>
[pid 281] 14:57:36.949744 libssl.so.3->EVP_DigestSignInit_ex(0x5ffe86bf4940, 0x7fffb8d54120, 0, 0) = 1 <0.000221>
[pid 281] 14:57:36.950022 libssl.so.3->EVP_DigestSign(0x5ffe86bf4940, 0, 0x7fffb8d54130, 0x7fffb8d54140) = 1 <0.000156>
[pid 281] 14:57:36.950235 libssl.so.3->EVP_DigestSign(0x5ffe86bf4940, 0x5ffe86c086f0, 0x7fffb8d54130, 0x7fffb8d54140) = 1 <0.000496>
[pid 281] 14:57:36.950930 <... SSL_connect resumed> ) = 1 <0.008261>
[pid 281] 14:57:36.951127 oqsprovider.so->OQS_KEM_free(0x5ffe86bf4b70, 0x5ffe86bf4b20, 2, 0x5ffe86bf4b40) = 4 <0.000128>
Handshake duration: 8.46 ms
[pid 281] 14:57:36.953547 +++ exited (status 0) +++
Execution 42 - TLS Mutual
s_connection: verify depth is 1
[pid 283] 14:57:37.026705 openssl->SSL_connect(0x5723ab3370e0, 0x5723ab309e50, 0x5723ab309e50, 0x7fd005e95360 <unfinished ...>
[pid 283] 14:57:37.027227 libssl.so.3->EVP_PKEY_keygen_init(0x5723ab3397d0, 0, 176, 0x5723ab3397d0) = 1 <0.000224>
[pid 283] 14:57:37.027501 libssl.so.3->EVP_PKEY_keygen(0x5723ab3397d0, 0x7ffcb9746260, 0, 103 <unfinished ...>
[pid 283] 14:57:37.027674 oqsprovider.so->OQS_KEM_new(0x5723ab32ec70, 8, 0, 0x5723ab336b50) = 0x5723ab336b70 <0.000185>
[pid 283] 14:57:37.027940 oqsprovider.so->OQS_KEM_keypair(0x5723ab336b70, 0x5723ab334570, 0x5723ab331130, 0x5723ab336b50) = 0 <0.000438>
[pid 283] 14:57:37.028466 <... EVP_PKEY_keygen resumed> ) = 1 <0.000959>
[pid 283] 14:57:37.029926 libssl.so.3->EVP_PKEY_decapsulate_init(0x5723ab3397d0, 0, 176, 0x5723ab3397d0) = 1 <0.000327>
[pid 283] 14:57:37.030305 libssl.so.3->EVP_PKEY_decapsulate(0x5723ab3397d0, 0, 0x7ffcb9746220, 0x5723ab33b7ea) = 1 <0.000131>
[pid 283] 14:57:37.030480 libssl.so.3->EVP_PKEY_decapsulate(0x5723ab3397d0, 0x5723ab332ee0, 0x7ffcb9746220, 0x5723ab33b7ea <unfinished ...>
[pid 283] 14:57:37.030631 oqsprovider.so->OQS_KEM_decaps(0x5723ab336b70, 0x5723ab332ee0, 0x5723ab33b7ea, 0x5723ab331130) = 0 <0.000143>
[pid 283] 14:57:37.030824 <... EVP_PKEY_decapsulate resumed> ) = 1 <0.000337>
[pid 283] 14:57:37.031596 libssl.so.3->X509_verify_cert(0x5723ab32eea0, 0, 0x8000, 0xffffffff) = 1 <0.000368>
[pid 283] 14:57:37.032159 libssl.so.3->EVP_DigestVerifyInit_ex(0x5723ab25b810, 0x7ffcb97462c8, 0, 0) = 1 <0.000138>
[pid 283] 14:57:37.032341 libssl.so.3->EVP_DigestVerify(0x5723ab25b810, 0x5723ab33b798, 3309, 0x7ffcb97462d0) = 1 <0.000187>
[pid 283] 14:57:37.032737 libssl.so.3->X509_verify_cert(0x5723ab32eea0, 1, 1, 0) = 1 <0.000213>
[pid 283] 14:57:37.033273 libssl.so.3->EVP_DigestSignInit_ex(0x5723ab336940, 0x7ffcb97462b0, 0, 0) = 1 <0.000183>
[pid 283] 14:57:37.033501 libssl.so.3->EVP_DigestSign(0x5723ab336940, 0, 0x7ffcb97462c0, 0x7ffcb97462d0) = 1 <0.000115>
[pid 283] 14:57:37.033664 libssl.so.3->EVP_DigestSign(0x5723ab336940, 0x5723ab34a6f0, 0x7ffcb97462c0, 0x7ffcb97462d0) = 1 <0.000319>
[pid 283] 14:57:37.034245 <... SSL_connect resumed> ) = 1 <0.007545>
[pid 283] 14:57:37.034540 oqsprovider.so->OQS_KEM_free(0x5723ab336b70, 0x5723ab336b20, 2, 0x5723ab336b40) = 4 <0.000172>
Handshake duration: 7.78 ms
[pid 283] 14:57:37.037241 +++ exited (status 0) +++
Execution 43 - TLS Mutual
s_connection: verify depth is 1
[pid 285] 14:57:37.117600 openssl->SSL_connect(0x5d39a28390e0, 0x5d39a280be50, 0x5d39a280be50, 0x7162b9e85360 <unfinished ...>
[pid 285] 14:57:37.118227 libssl.so.3->EVP_PKEY_keygen_init(0x5d39a283b7d0, 0, 176, 0x5d39a283b7d0) = 1 <0.000246>
[pid 285] 14:57:37.118559 libssl.so.3->EVP_PKEY_keygen(0x5d39a283b7d0, 0x7ffe28c8cad0, 0, 103 <unfinished ...>
[pid 285] 14:57:37.118745 oqsprovider.so->OQS_KEM_new(0x5d39a2830c70, 8, 0, 0x5d39a2838b50) = 0x5d39a2838b70 <0.000154>
[pid 285] 14:57:37.118968 oqsprovider.so->OQS_KEM_keypair(0x5d39a2838b70, 0x5d39a2836570, 0x5d39a2833130, 0x5d39a2838b50) = 0 <0.000434>
[pid 285] 14:57:37.119480 <... EVP_PKEY_keygen resumed> ) = 1 <0.000917>
[pid 285] 14:57:37.121232 libssl.so.3->EVP_PKEY_decapsulate_init(0x5d39a283b7d0, 0, 176, 0x5d39a283b7d0) = 1 <0.000365>
[pid 285] 14:57:37.121654 libssl.so.3->EVP_PKEY_decapsulate(0x5d39a283b7d0, 0, 0x7ffe28c8ca90, 0x5d39a283d7ea) = 1 <0.000131>
[pid 285] 14:57:37.121834 libssl.so.3->EVP_PKEY_decapsulate(0x5d39a283b7d0, 0x5d39a2834ee0, 0x7ffe28c8ca90, 0x5d39a283d7ea <unfinished ...>
[pid 285] 14:57:37.121950 oqsprovider.so->OQS_KEM_decaps(0x5d39a2838b70, 0x5d39a2834ee0, 0x5d39a283d7ea, 0x5d39a2833130) = 0 <0.000167>
[pid 285] 14:57:37.122162 <... EVP_PKEY_decapsulate resumed> ) = 1 <0.000320>
[pid 285] 14:57:37.123082 libssl.so.3->X509_verify_cert(0x5d39a2830ea0, 0, 0x8000, 0xffffffff) = 1 <0.000483>
[pid 285] 14:57:37.123805 libssl.so.3->EVP_DigestVerifyInit_ex(0x5d39a275d810, 0x7ffe28c8cb38, 0, 0) = 1 <0.000128>
[pid 285] 14:57:37.123985 libssl.so.3->EVP_DigestVerify(0x5d39a275d810, 0x5d39a283d798, 3309, 0x7ffe28c8cb40) = 1 <0.000233>
[pid 285] 14:57:37.124513 libssl.so.3->X509_verify_cert(0x5d39a2830ea0, 1, 1, 0) = 1 <0.000262>
[pid 285] 14:57:37.125212 libssl.so.3->EVP_DigestSignInit_ex(0x5d39a2838940, 0x7ffe28c8cb20, 0, 0) = 1 <0.000204>
[pid 285] 14:57:37.125470 libssl.so.3->EVP_DigestSign(0x5d39a2838940, 0, 0x7ffe28c8cb30, 0x7ffe28c8cb40) = 1 <0.000137>
[pid 285] 14:57:37.125664 libssl.so.3->EVP_DigestSign(0x5d39a2838940, 0x5d39a284c6f0, 0x7ffe28c8cb30, 0x7ffe28c8cb40) = 1 <0.000454>
[pid 285] 14:57:37.126318 <... SSL_connect resumed> ) = 1 <0.008737>
[pid 285] 14:57:37.126541 oqsprovider.so->OQS_KEM_free(0x5d39a2838b70, 0x5d39a2838b20, 2, 0x5d39a2838b40) = 4 <0.000122>
Handshake duration: 8.99 ms
[pid 285] 14:57:37.128771 +++ exited (status 0) +++
Execution 44 - TLS Mutual
s_connection: verify depth is 1
[pid 287] 14:57:37.190227 openssl->SSL_connect(0x5ae9cfe2c0e0, 0x5ae9cfdfee50, 0x5ae9cfdfee50, 0x7af3fe104360 <unfinished ...>
[pid 287] 14:57:37.190695 libssl.so.3->EVP_PKEY_keygen_init(0x5ae9cfe2e7d0, 0, 176, 0x5ae9cfe2e7d0) = 1 <0.000133>
[pid 287] 14:57:37.190884 libssl.so.3->EVP_PKEY_keygen(0x5ae9cfe2e7d0, 0x7fffa93f8930, 0, 103 <unfinished ...>
[pid 287] 14:57:37.191014 oqsprovider.so->OQS_KEM_new(0x5ae9cfe23c70, 8, 0, 0x5ae9cfe2bb50) = 0x5ae9cfe2bb70 <0.000142>
[pid 287] 14:57:37.191216 oqsprovider.so->OQS_KEM_keypair(0x5ae9cfe2bb70, 0x5ae9cfe29570, 0x5ae9cfe26130, 0x5ae9cfe2bb50) = 0 <0.000379>
[pid 287] 14:57:37.191653 <... EVP_PKEY_keygen resumed> ) = 1 <0.000764>
[pid 287] 14:57:37.193226 libssl.so.3->EVP_PKEY_decapsulate_init(0x5ae9cfe2e7d0, 0, 176, 0x5ae9cfe2e7d0) = 1 <0.000268>
[pid 287] 14:57:37.193544 libssl.so.3->EVP_PKEY_decapsulate(0x5ae9cfe2e7d0, 0, 0x7fffa93f88f0, 0x5ae9cfe307ea) = 1 <0.000110>
[pid 287] 14:57:37.193701 libssl.so.3->EVP_PKEY_decapsulate(0x5ae9cfe2e7d0, 0x5ae9cfe27ee0, 0x7fffa93f88f0, 0x5ae9cfe307ea <unfinished ...>
[pid 287] 14:57:37.193819 oqsprovider.so->OQS_KEM_decaps(0x5ae9cfe2bb70, 0x5ae9cfe27ee0, 0x5ae9cfe307ea, 0x5ae9cfe26130) = 0 <0.000180>
[pid 287] 14:57:37.194062 <... EVP_PKEY_decapsulate resumed> ) = 1 <0.000354>
[pid 287] 14:57:37.194832 libssl.so.3->X509_verify_cert(0x5ae9cfe23ea0, 0, 0x8000, 0xffffffff) = 1 <0.000398>
[pid 287] 14:57:37.195450 libssl.so.3->EVP_DigestVerifyInit_ex(0x5ae9cfd50810, 0x7fffa93f8998, 0, 0) = 1 <0.000132>
[pid 287] 14:57:37.195627 libssl.so.3->EVP_DigestVerify(0x5ae9cfd50810, 0x5ae9cfe30798, 3309, 0x7fffa93f89a0) = 1 <0.000194>
[pid 287] 14:57:37.196039 libssl.so.3->X509_verify_cert(0x5ae9cfe23ea0, 1, 1, 0) = 1 <0.000225>
[pid 287] 14:57:37.196604 libssl.so.3->EVP_DigestSignInit_ex(0x5ae9cfe2b940, 0x7fffa93f8980, 0, 0) = 1 <0.000134>
[pid 287] 14:57:37.196787 libssl.so.3->EVP_DigestSign(0x5ae9cfe2b940, 0, 0x7fffa93f8990, 0x7fffa93f89a0) = 1 <0.000124>
[pid 287] 14:57:37.196956 libssl.so.3->EVP_DigestSign(0x5ae9cfe2b940, 0x5ae9cfe3f6f0, 0x7fffa93f8990, 0x7fffa93f89a0) = 1 <0.000394>
[pid 287] 14:57:37.197570 <... SSL_connect resumed> ) = 1 <0.007355>
[pid 287] 14:57:37.197769 oqsprovider.so->OQS_KEM_free(0x5ae9cfe2bb70, 0x5ae9cfe2bb20, 2, 0x5ae9cfe2bb40) = 4 <0.000111>
Handshake duration: 7.54 ms
[pid 287] 14:57:37.199914 +++ exited (status 0) +++
Execution 45 - TLS Mutual
s_connection: verify depth is 1
[pid 289] 14:57:37.256238 openssl->SSL_connect(0x55eb5be9f0e0, 0x55eb5be71e50, 0x55eb5be71e50, 0x7649ac6ff360 <unfinished ...>
[pid 289] 14:57:37.256641 libssl.so.3->EVP_PKEY_keygen_init(0x55eb5bea17d0, 0, 176, 0x55eb5bea17d0) = 1 <0.000132>
[pid 289] 14:57:37.256830 libssl.so.3->EVP_PKEY_keygen(0x55eb5bea17d0, 0x7fffcc932e10, 0, 103 <unfinished ...>
[pid 289] 14:57:37.256955 oqsprovider.so->OQS_KEM_new(0x55eb5be96c70, 8, 0, 0x55eb5be9eb50) = 0x55eb5be9eb70 <0.000111>
[pid 289] 14:57:37.257111 oqsprovider.so->OQS_KEM_keypair(0x55eb5be9eb70, 0x55eb5be9c570, 0x55eb5be99130, 0x55eb5be9eb50) = 0 <0.000356>
[pid 289] 14:57:37.257528 <... EVP_PKEY_keygen resumed> ) = 1 <0.000693>
[pid 289] 14:57:37.259016 libssl.so.3->EVP_PKEY_decapsulate_init(0x55eb5bea17d0, 0, 176, 0x55eb5bea17d0) = 1 <0.000324>
[pid 289] 14:57:37.259408 libssl.so.3->EVP_PKEY_decapsulate(0x55eb5bea17d0, 0, 0x7fffcc932dd0, 0x55eb5bea37ea) = 1 <0.000163>
[pid 289] 14:57:37.259618 libssl.so.3->EVP_PKEY_decapsulate(0x55eb5bea17d0, 0x55eb5be9aee0, 0x7fffcc932dd0, 0x55eb5bea37ea <unfinished ...>
[pid 289] 14:57:37.259743 oqsprovider.so->OQS_KEM_decaps(0x55eb5be9eb70, 0x55eb5be9aee0, 0x55eb5bea37ea, 0x55eb5be99130) = 0 <0.000177>
[pid 289] 14:57:37.259969 <... EVP_PKEY_decapsulate resumed> ) = 1 <0.000346>
[pid 289] 14:57:37.260737 libssl.so.3->X509_verify_cert(0x55eb5be96ea0, 0, 0x8000, 0xffffffff) = 1 <0.000404>
[pid 289] 14:57:37.261346 libssl.so.3->EVP_DigestVerifyInit_ex(0x55eb5bdc3810, 0x7fffcc932e78, 0, 0) = 1 <0.000161>
[pid 289] 14:57:37.261560 libssl.so.3->EVP_DigestVerify(0x55eb5bdc3810, 0x55eb5bea3798, 3309, 0x7fffcc932e80) = 1 <0.000252>
[pid 289] 14:57:37.262056 libssl.so.3->X509_verify_cert(0x55eb5be96ea0, 1, 1, 0) = 1 <0.000230>
[pid 289] 14:57:37.262659 libssl.so.3->EVP_DigestSignInit_ex(0x55eb5be9e940, 0x7fffcc932e60, 0, 0) = 1 <0.000156>
[pid 289] 14:57:37.262878 libssl.so.3->EVP_DigestSign(0x55eb5be9e940, 0, 0x7fffcc932e70, 0x7fffcc932e80) = 1 <0.000140>
[pid 289] 14:57:37.263073 libssl.so.3->EVP_DigestSign(0x55eb5be9e940, 0x55eb5beb26f0, 0x7fffcc932e70, 0x7fffcc932e80) = 1 <0.000321>
[pid 289] 14:57:37.263591 <... SSL_connect resumed> ) = 1 <0.007367>
[pid 289] 14:57:37.263788 oqsprovider.so->OQS_KEM_free(0x55eb5be9eb70, 0x55eb5be9eb20, 2, 0x55eb5be9eb40) = 4 <0.000109>
Handshake duration: 7.53 ms
[pid 289] 14:57:37.266043 +++ exited (status 0) +++
Execution 46 - TLS Mutual
s_connection: verify depth is 1
[pid 291] 14:57:37.321798 openssl->SSL_connect(0x5e9703cb90e0, 0x5e9703c8be50, 0x5e9703c8be50, 0x78e1a8eea360 <unfinished ...>
[pid 291] 14:57:37.322360 libssl.so.3->EVP_PKEY_keygen_init(0x5e9703cbb7d0, 0, 176, 0x5e9703cbb7d0) = 1 <0.000185>
[pid 291] 14:57:37.322606 libssl.so.3->EVP_PKEY_keygen(0x5e9703cbb7d0, 0x7fffe0a7abb0, 0, 103 <unfinished ...>
[pid 291] 14:57:37.322755 oqsprovider.so->OQS_KEM_new(0x5e9703cb0c70, 8, 0, 0x5e9703cb8b50) = 0x5e9703cb8b70 <0.000130>
[pid 291] 14:57:37.322933 oqsprovider.so->OQS_KEM_keypair(0x5e9703cb8b70, 0x5e9703cb6570, 0x5e9703cb3130, 0x5e9703cb8b50) = 0 <0.000532>
[pid 291] 14:57:37.323556 <... EVP_PKEY_keygen resumed> ) = 1 <0.000946>
[pid 291] 14:57:37.325168 libssl.so.3->EVP_PKEY_decapsulate_init(0x5e9703cbb7d0, 0, 176, 0x5e9703cbb7d0) = 1 <0.000413>
[pid 291] 14:57:37.325642 libssl.so.3->EVP_PKEY_decapsulate(0x5e9703cbb7d0, 0, 0x7fffe0a7ab70, 0x5e9703cbd7ea) = 1 <0.000146>
[pid 291] 14:57:37.325854 libssl.so.3->EVP_PKEY_decapsulate(0x5e9703cbb7d0, 0x5e9703cb4ee0, 0x7fffe0a7ab70, 0x5e9703cbd7ea <unfinished ...>
[pid 291] 14:57:37.326053 oqsprovider.so->OQS_KEM_decaps(0x5e9703cb8b70, 0x5e9703cb4ee0, 0x5e9703cbd7ea, 0x5e9703cb3130) = 0 <0.000217>
[pid 291] 14:57:37.326332 <... EVP_PKEY_decapsulate resumed> ) = 1 <0.000468>
[pid 291] 14:57:37.327279 libssl.so.3->X509_verify_cert(0x5e9703cb0ea0, 0, 0x8000, 0xffffffff) = 1 <0.000516>
[pid 291] 14:57:37.328040 libssl.so.3->EVP_DigestVerifyInit_ex(0x5e9703bdd810, 0x7fffe0a7ac18, 0, 0) = 1 <0.000152>
[pid 291] 14:57:37.328243 libssl.so.3->EVP_DigestVerify(0x5e9703bdd810, 0x5e9703cbd798, 3309, 0x7fffe0a7ac20) = 1 <0.000288>
[pid 291] 14:57:37.328802 libssl.so.3->X509_verify_cert(0x5e9703cb0ea0, 1, 1, 0) = 1 <0.000293>
[pid 291] 14:57:37.329519 libssl.so.3->EVP_DigestSignInit_ex(0x5e9703cb8940, 0x7fffe0a7ac00, 0, 0) = 1 <0.000158>
[pid 291] 14:57:37.329725 libssl.so.3->EVP_DigestSign(0x5e9703cb8940, 0, 0x7fffe0a7ac10, 0x7fffe0a7ac20) = 1 <0.000114>
[pid 291] 14:57:37.329884 libssl.so.3->EVP_DigestSign(0x5e9703cb8940, 0x5e9703ccc6f0, 0x7fffe0a7ac10, 0x7fffe0a7ac20) = 1 <0.000358>
[pid 291] 14:57:37.330505 <... SSL_connect resumed> ) = 1 <0.008715>
[pid 291] 14:57:37.330728 oqsprovider.so->OQS_KEM_free(0x5e9703cb8b70, 0x5e9703cb8b20, 2, 0x5e9703cb8b40) = 4 <0.000128>
Handshake duration: 8.91 ms
[pid 291] 14:57:37.333286 +++ exited (status 0) +++
Execution 47 - TLS Mutual
s_connection: verify depth is 1
[pid 293] 14:57:37.390976 openssl->SSL_connect(0x63d34bb3f0e0, 0x63d34bb11e50, 0x63d34bb11e50, 0x754b443b9360 <unfinished ...>
[pid 293] 14:57:37.391471 libssl.so.3->EVP_PKEY_keygen_init(0x63d34bb417d0, 0, 176, 0x63d34bb417d0) = 1 <0.000204>
[pid 293] 14:57:37.391747 libssl.so.3->EVP_PKEY_keygen(0x63d34bb417d0, 0x7ffebcd78380, 0, 103 <unfinished ...>
[pid 293] 14:57:37.391919 oqsprovider.so->OQS_KEM_new(0x63d34bb36c70, 8, 0, 0x63d34bb3eb50) = 0x63d34bb3eb70 <0.000188>
[pid 293] 14:57:37.392163 oqsprovider.so->OQS_KEM_keypair(0x63d34bb3eb70, 0x63d34bb3c570, 0x63d34bb39130, 0x63d34bb3eb50) = 0 <0.000379>
[pid 293] 14:57:37.392600 <... EVP_PKEY_keygen resumed> ) = 1 <0.000847>
[pid 293] 14:57:37.394144 libssl.so.3->EVP_PKEY_decapsulate_init(0x63d34bb417d0, 0, 176, 0x63d34bb417d0) = 1 <0.000360>
[pid 293] 14:57:37.394556 libssl.so.3->EVP_PKEY_decapsulate(0x63d34bb417d0, 0, 0x7ffebcd78340, 0x63d34bb437ea) = 1 <0.000130>
[pid 293] 14:57:37.394738 libssl.so.3->EVP_PKEY_decapsulate(0x63d34bb417d0, 0x63d34bb3aee0, 0x7ffebcd78340, 0x63d34bb437ea <unfinished ...>
[pid 293] 14:57:37.394866 oqsprovider.so->OQS_KEM_decaps(0x63d34bb3eb70, 0x63d34bb3aee0, 0x63d34bb437ea, 0x63d34bb39130) = 0 <0.000159>
[pid 293] 14:57:37.395077 <... EVP_PKEY_decapsulate resumed> ) = 1 <0.000330>
[pid 293] 14:57:37.395919 libssl.so.3->X509_verify_cert(0x63d34bb36ea0, 0, 0x8000, 0xffffffff) = 1 <0.000379>
[pid 293] 14:57:37.396519 libssl.so.3->EVP_DigestVerifyInit_ex(0x63d34ba63810, 0x7ffebcd783e8, 0, 0) = 1 <0.000135>
[pid 293] 14:57:37.396696 libssl.so.3->EVP_DigestVerify(0x63d34ba63810, 0x63d34bb43798, 3309, 0x7ffebcd783f0) = 1 <0.000177>
[pid 293] 14:57:37.397145 libssl.so.3->X509_verify_cert(0x63d34bb36ea0, 1, 1, 0) = 1 <0.000238>
[pid 293] 14:57:37.397716 libssl.so.3->EVP_DigestSignInit_ex(0x63d34bb3e940, 0x7ffebcd783d0, 0, 0) = 1 <0.000151>
[pid 293] 14:57:37.397922 libssl.so.3->EVP_DigestSign(0x63d34bb3e940, 0, 0x7ffebcd783e0, 0x7ffebcd783f0) = 1 <0.000149>
[pid 293] 14:57:37.398154 libssl.so.3->EVP_DigestSign(0x63d34bb3e940, 0x63d34bb526f0, 0x7ffebcd783e0, 0x7ffebcd783f0) = 1 <0.000539>
[pid 293] 14:57:37.398884 <... SSL_connect resumed> ) = 1 <0.007923>
[pid 293] 14:57:37.399099 oqsprovider.so->OQS_KEM_free(0x63d34bb3eb70, 0x63d34bb3eb20, 2, 0x63d34bb3eb40) = 4 <0.000152>
Handshake duration: 8.11 ms
[pid 293] 14:57:37.401437 +++ exited (status 0) +++
Execution 48 - TLS Mutual
s_connection: verify depth is 1
[pid 295] 14:57:37.459452 openssl->SSL_connect(0x55615a7c40e0, 0x55615a796e50, 0x55615a796e50, 0x70c703c64360 <unfinished ...>
[pid 295] 14:57:37.459951 libssl.so.3->EVP_PKEY_keygen_init(0x55615a7c67d0, 0, 176, 0x55615a7c67d0) = 1 <0.000181>
[pid 295] 14:57:37.460182 libssl.so.3->EVP_PKEY_keygen(0x55615a7c67d0, 0x7ffed4a8e250, 0, 103 <unfinished ...>
[pid 295] 14:57:37.460319 oqsprovider.so->OQS_KEM_new(0x55615a7bbc70, 8, 0, 0x55615a7c3b50) = 0x55615a7c3b70 <0.000154>
[pid 295] 14:57:37.460543 oqsprovider.so->OQS_KEM_keypair(0x55615a7c3b70, 0x55615a7c1570, 0x55615a7be130, 0x55615a7c3b50) = 0 <0.000458>
[pid 295] 14:57:37.461082 <... EVP_PKEY_keygen resumed> ) = 1 <0.000889>
[pid 295] 14:57:37.462707 libssl.so.3->EVP_PKEY_decapsulate_init(0x55615a7c67d0, 0, 176, 0x55615a7c67d0) = 1 <0.000262>
[pid 295] 14:57:37.463018 libssl.so.3->EVP_PKEY_decapsulate(0x55615a7c67d0, 0, 0x7ffed4a8e210, 0x55615a7c87ea) = 1 <0.000125>
[pid 295] 14:57:37.463185 libssl.so.3->EVP_PKEY_decapsulate(0x55615a7c67d0, 0x55615a7bfee0, 0x7ffed4a8e210, 0x55615a7c87ea <unfinished ...>
[pid 295] 14:57:37.463302 oqsprovider.so->OQS_KEM_decaps(0x55615a7c3b70, 0x55615a7bfee0, 0x55615a7c87ea, 0x55615a7be130) = 0 <0.000162>
[pid 295] 14:57:37.463512 <... EVP_PKEY_decapsulate resumed> ) = 1 <0.000322>
[pid 295] 14:57:37.464272 libssl.so.3->X509_verify_cert(0x55615a7bbea0, 0, 0x8000, 0xffffffff) = 1 <0.000406>
[pid 295] 14:57:37.464885 libssl.so.3->EVP_DigestVerifyInit_ex(0x55615a6e8810, 0x7ffed4a8e2b8, 0, 0) = 1 <0.000119>
[pid 295] 14:57:37.465048 libssl.so.3->EVP_DigestVerify(0x55615a6e8810, 0x55615a7c8798, 3309, 0x7ffed4a8e2c0) = 1 <0.000175>
[pid 295] 14:57:37.465440 libssl.so.3->X509_verify_cert(0x55615a7bbea0, 1, 1, 0) = 1 <0.000221>
[pid 295] 14:57:37.465985 libssl.so.3->EVP_DigestSignInit_ex(0x55615a7c3940, 0x7ffed4a8e2a0, 0, 0) = 1 <0.000145>
[pid 295] 14:57:37.466180 libssl.so.3->EVP_DigestSign(0x55615a7c3940, 0, 0x7ffed4a8e2b0, 0x7ffed4a8e2c0) = 1 <0.000128>
[pid 295] 14:57:37.466375 libssl.so.3->EVP_DigestSign(0x55615a7c3940, 0x55615a7d76f0, 0x7ffed4a8e2b0, 0x7ffed4a8e2c0) = 1 <0.000337>
[pid 295] 14:57:37.466887 <... SSL_connect resumed> ) = 1 <0.007465>
[pid 295] 14:57:37.467113 oqsprovider.so->OQS_KEM_free(0x55615a7c3b70, 0x55615a7c3b20, 2, 0x55615a7c3b40) = 4 <0.000170>
Handshake duration: 7.69 ms
[pid 295] 14:57:37.469382 +++ exited (status 0) +++
Execution 49 - TLS Mutual
s_connection: verify depth is 1
[pid 297] 14:57:37.527387 openssl->SSL_connect(0x6427a4e160e0, 0x6427a4de8e50, 0x6427a4de8e50, 0x7f82c1074360 <unfinished ...>
[pid 297] 14:57:37.527865 libssl.so.3->EVP_PKEY_keygen_init(0x6427a4e187d0, 0, 176, 0x6427a4e187d0) = 1 <0.000200>
[pid 297] 14:57:37.528158 libssl.so.3->EVP_PKEY_keygen(0x6427a4e187d0, 0x7ffdfd477820, 0, 103 <unfinished ...>
[pid 297] 14:57:37.528355 oqsprovider.so->OQS_KEM_new(0x6427a4e0dc70, 8, 0, 0x6427a4e15b50) = 0x6427a4e15b70 <0.000243>
[pid 297] 14:57:37.528661 oqsprovider.so->OQS_KEM_keypair(0x6427a4e15b70, 0x6427a4e13570, 0x6427a4e10130, 0x6427a4e15b50) = 0 <0.000623>
[pid 297] 14:57:37.529350 <... EVP_PKEY_keygen resumed> ) = 1 <0.001191>
[pid 297] 14:57:37.530840 libssl.so.3->EVP_PKEY_decapsulate_init(0x6427a4e187d0, 0, 176, 0x6427a4e187d0) = 1 <0.000418>
[pid 297] 14:57:37.531311 libssl.so.3->EVP_PKEY_decapsulate(0x6427a4e187d0, 0, 0x7ffdfd4777e0, 0x6427a4e1a7ea) = 1 <0.000176>
[pid 297] 14:57:37.531536 libssl.so.3->EVP_PKEY_decapsulate(0x6427a4e187d0, 0x6427a4e11ee0, 0x7ffdfd4777e0, 0x6427a4e1a7ea <unfinished ...>
[pid 297] 14:57:37.531655 oqsprovider.so->OQS_KEM_decaps(0x6427a4e15b70, 0x6427a4e11ee0, 0x6427a4e1a7ea, 0x6427a4e10130) = 0 <0.000183>
[pid 297] 14:57:37.531895 <... EVP_PKEY_decapsulate resumed> ) = 1 <0.000354>
[pid 297] 14:57:37.532618 libssl.so.3->X509_verify_cert(0x6427a4e0dea0, 0, 0x8000, 0xffffffff) = 1 <0.000675>
[pid 297] 14:57:37.533687 libssl.so.3->EVP_DigestVerifyInit_ex(0x6427a4d3a810, 0x7ffdfd477888, 0, 0) = 1 <0.000148>
[pid 297] 14:57:37.533877 libssl.so.3->EVP_DigestVerify(0x6427a4d3a810, 0x6427a4e1a798, 3309, 0x7ffdfd477890) = 1 <0.000197>
[pid 297] 14:57:37.534287 libssl.so.3->X509_verify_cert(0x6427a4e0dea0, 1, 1, 0) = 1 <0.000280>
[pid 297] 14:57:37.534903 libssl.so.3->EVP_DigestSignInit_ex(0x6427a4e15940, 0x7ffdfd477870, 0, 0) = 1 <0.000152>
[pid 297] 14:57:37.535106 libssl.so.3->EVP_DigestSign(0x6427a4e15940, 0, 0x7ffdfd477880, 0x7ffdfd477890) = 1 <0.000145>
[pid 297] 14:57:37.535308 libssl.so.3->EVP_DigestSign(0x6427a4e15940, 0x6427a4e296f0, 0x7ffdfd477880, 0x7ffdfd477890) = 1 <0.000555>
[pid 297] 14:57:37.536169 <... SSL_connect resumed> ) = 1 <0.008785>
[pid 297] 14:57:37.536413 oqsprovider.so->OQS_KEM_free(0x6427a4e15b70, 0x6427a4e15b20, 2, 0x6427a4e15b40) = 4 <0.000152>
Handshake duration: 9.00 ms
[pid 297] 14:57:37.538643 +++ exited (status 0) +++
Execution 50 - TLS Mutual
s_connection: verify depth is 1
[pid 299] 14:57:37.594019 openssl->SSL_connect(0x5fd1157980e0, 0x5fd11576ae50, 0x5fd11576ae50, 0x7b6f83129360 <unfinished ...>
[pid 299] 14:57:37.594489 libssl.so.3->EVP_PKEY_keygen_init(0x5fd11579a7d0, 0, 176, 0x5fd11579a7d0) = 1 <0.000257>
[pid 299] 14:57:37.594813 libssl.so.3->EVP_PKEY_keygen(0x5fd11579a7d0, 0x7ffc914cc5f0, 0, 103 <unfinished ...>
[pid 299] 14:57:37.594990 oqsprovider.so->OQS_KEM_new(0x5fd11578fc70, 8, 0, 0x5fd115797b50) = 0x5fd115797b70 <0.000135>
[pid 299] 14:57:37.595184 oqsprovider.so->OQS_KEM_keypair(0x5fd115797b70, 0x5fd115795570, 0x5fd115792130, 0x5fd115797b50) = 0 <0.000377>
[pid 299] 14:57:37.595620 <... EVP_PKEY_keygen resumed> ) = 1 <0.000801>
[pid 299] 14:57:37.597101 libssl.so.3->EVP_PKEY_decapsulate_init(0x5fd11579a7d0, 0, 176, 0x5fd11579a7d0) = 1 <0.000302>
[pid 299] 14:57:37.597454 libssl.so.3->EVP_PKEY_decapsulate(0x5fd11579a7d0, 0, 0x7ffc914cc5b0, 0x5fd11579c7ea) = 1 <0.000144>
[pid 299] 14:57:37.597648 libssl.so.3->EVP_PKEY_decapsulate(0x5fd11579a7d0, 0x5fd115793ee0, 0x7ffc914cc5b0, 0x5fd11579c7ea <unfinished ...>
[pid 299] 14:57:37.597794 oqsprovider.so->OQS_KEM_decaps(0x5fd115797b70, 0x5fd115793ee0, 0x5fd11579c7ea, 0x5fd115792130) = 0 <0.000178>
[pid 299] 14:57:37.598024 <... EVP_PKEY_decapsulate resumed> ) = 1 <0.000369>
[pid 299] 14:57:37.598798 libssl.so.3->X509_verify_cert(0x5fd11578fea0, 0, 0x8000, 0xffffffff) = 1 <0.000385>
[pid 299] 14:57:37.599384 libssl.so.3->EVP_DigestVerifyInit_ex(0x5fd1156bc810, 0x7ffc914cc658, 0, 0) = 1 <0.000169>
[pid 299] 14:57:37.599599 libssl.so.3->EVP_DigestVerify(0x5fd1156bc810, 0x5fd11579c798, 3309, 0x7ffc914cc660) = 1 <0.000206>
[pid 299] 14:57:37.600129 libssl.so.3->X509_verify_cert(0x5fd11578fea0, 1, 1, 0) = 1 <0.000281>
[pid 299] 14:57:37.600852 libssl.so.3->EVP_DigestSignInit_ex(0x5fd115797940, 0x7ffc914cc640, 0, 0) = 1 <0.000166>
[pid 299] 14:57:37.601070 libssl.so.3->EVP_DigestSign(0x5fd115797940, 0, 0x7ffc914cc650, 0x7ffc914cc660) = 1 <0.000148>
[pid 299] 14:57:37.601263 libssl.so.3->EVP_DigestSign(0x5fd115797940, 0x5fd1157ab6f0, 0x7ffc914cc650, 0x7ffc914cc660) = 1 <0.000336>
[pid 299] 14:57:37.601798 <... SSL_connect resumed> ) = 1 <0.007788>
[pid 299] 14:57:37.602029 oqsprovider.so->OQS_KEM_free(0x5fd115797b70, 0x5fd115797b20, 2, 0x5fd115797b40) = 4 <0.000134>
Handshake duration: 7.98 ms
[pid 299] 14:57:37.604351 +++ exited (status 0) +++
Execution 51 - TLS Mutual
s_connection: verify depth is 1
[pid 301] 14:57:37.660791 openssl->SSL_connect(0x62e1312df0e0, 0x62e1312b1e50, 0x62e1312b1e50, 0x7283eb38c360 <unfinished ...>
[pid 301] 14:57:37.661310 libssl.so.3->EVP_PKEY_keygen_init(0x62e1312e17d0, 0, 176, 0x62e1312e17d0) = 1 <0.000179>
[pid 301] 14:57:37.661550 libssl.so.3->EVP_PKEY_keygen(0x62e1312e17d0, 0x7ffdf0487e60, 0, 103 <unfinished ...>
[pid 301] 14:57:37.661689 oqsprovider.so->OQS_KEM_new(0x62e1312d6c70, 8, 0, 0x62e1312deb50) = 0x62e1312deb70 <0.000127>
[pid 301] 14:57:37.661877 oqsprovider.so->OQS_KEM_keypair(0x62e1312deb70, 0x62e1312dc570, 0x62e1312d9130, 0x62e1312deb50) = 0 <0.000350>
[pid 301] 14:57:37.662283 <... EVP_PKEY_keygen resumed> ) = 1 <0.000726>
[pid 301] 14:57:37.663718 libssl.so.3->EVP_PKEY_decapsulate_init(0x62e1312e17d0, 0, 176, 0x62e1312e17d0) = 1 <0.000273>
[pid 301] 14:57:37.664045 libssl.so.3->EVP_PKEY_decapsulate(0x62e1312e17d0, 0, 0x7ffdf0487e20, 0x62e1312e37ea) = 1 <0.000165>
[pid 301] 14:57:37.664261 libssl.so.3->EVP_PKEY_decapsulate(0x62e1312e17d0, 0x62e1312daee0, 0x7ffdf0487e20, 0x62e1312e37ea <unfinished ...>
[pid 301] 14:57:37.664410 oqsprovider.so->OQS_KEM_decaps(0x62e1312deb70, 0x62e1312daee0, 0x62e1312e37ea, 0x62e1312d9130) = 0 <0.000190>
[pid 301] 14:57:37.664655 <... EVP_PKEY_decapsulate resumed> ) = 1 <0.000389>
[pid 301] 14:57:37.665367 libssl.so.3->X509_verify_cert(0x62e1312d6ea0, 0, 0x8000, 0xffffffff) = 1 <0.000397>
[pid 301] 14:57:37.665968 libssl.so.3->EVP_DigestVerifyInit_ex(0x62e131203810, 0x7ffdf0487ec8, 0, 0) = 1 <0.000139>
[pid 301] 14:57:37.666160 libssl.so.3->EVP_DigestVerify(0x62e131203810, 0x62e1312e3798, 3309, 0x7ffdf0487ed0) = 1 <0.000197>
[pid 301] 14:57:37.666578 libssl.so.3->X509_verify_cert(0x62e1312d6ea0, 1, 1, 0) = 1 <0.000219>
[pid 301] 14:57:37.667090 libssl.so.3->EVP_DigestSignInit_ex(0x62e1312de940, 0x7ffdf0487eb0, 0, 0) = 1 <0.000146>
[pid 301] 14:57:37.667300 libssl.so.3->EVP_DigestSign(0x62e1312de940, 0, 0x7ffdf0487ec0, 0x7ffdf0487ed0) = 1 <0.000150>
[pid 301] 14:57:37.667529 libssl.so.3->EVP_DigestSign(0x62e1312de940, 0x62e1312f26f0, 0x7ffdf0487ec0, 0x7ffdf0487ed0) = 1 <0.000479>
[pid 301] 14:57:37.668217 <... SSL_connect resumed> ) = 1 <0.007438>
[pid 301] 14:57:37.668419 oqsprovider.so->OQS_KEM_free(0x62e1312deb70, 0x62e1312deb20, 2, 0x62e1312deb40) = 4 <0.000147>
Handshake duration: 7.63 ms
[pid 301] 14:57:37.670523 +++ exited (status 0) +++
Execution 52 - TLS Mutual
s_connection: verify depth is 1
[pid 303] 14:57:37.728488 openssl->SSL_connect(0x6385bc8b00e0, 0x6385bc882e50, 0x6385bc882e50, 0x7fd4439cc360 <unfinished ...>
[pid 303] 14:57:37.728925 libssl.so.3->EVP_PKEY_keygen_init(0x6385bc8b27d0, 0, 176, 0x6385bc8b27d0) = 1 <0.000174>
[pid 303] 14:57:37.729177 libssl.so.3->EVP_PKEY_keygen(0x6385bc8b27d0, 0x7ffc09163b20, 0, 103 <unfinished ...>
[pid 303] 14:57:37.729384 oqsprovider.so->OQS_KEM_new(0x6385bc8a7c70, 8, 0, 0x6385bc8afb50) = 0x6385bc8afb70 <0.000191>
[pid 303] 14:57:37.729643 oqsprovider.so->OQS_KEM_keypair(0x6385bc8afb70, 0x6385bc8ad570, 0x6385bc8aa130, 0x6385bc8afb50) = 0 <0.000374>
[pid 303] 14:57:37.730097 <... EVP_PKEY_keygen resumed> ) = 1 <0.000915>
[pid 303] 14:57:37.731737 libssl.so.3->EVP_PKEY_decapsulate_init(0x6385bc8b27d0, 0, 176, 0x6385bc8b27d0) = 1 <0.000326>
[pid 303] 14:57:37.732120 libssl.so.3->EVP_PKEY_decapsulate(0x6385bc8b27d0, 0, 0x7ffc09163ae0, 0x6385bc8b47ea) = 1 <0.000130>
[pid 303] 14:57:37.732300 libssl.so.3->EVP_PKEY_decapsulate(0x6385bc8b27d0, 0x6385bc8abee0, 0x7ffc09163ae0, 0x6385bc8b47ea <unfinished ...>
[pid 303] 14:57:37.732433 oqsprovider.so->OQS_KEM_decaps(0x6385bc8afb70, 0x6385bc8abee0, 0x6385bc8b47ea, 0x6385bc8aa130) = 0 <0.000184>
[pid 303] 14:57:37.732676 <... EVP_PKEY_decapsulate resumed> ) = 1 <0.000365>
[pid 303] 14:57:37.733492 libssl.so.3->X509_verify_cert(0x6385bc8a7ea0, 0, 0x8000, 0xffffffff) = 1 <0.000461>
[pid 303] 14:57:37.734167 libssl.so.3->EVP_DigestVerifyInit_ex(0x6385bc7d4810, 0x7ffc09163b88, 0, 0) = 1 <0.000134>
[pid 303] 14:57:37.734353 libssl.so.3->EVP_DigestVerify(0x6385bc7d4810, 0x6385bc8b4798, 3309, 0x7ffc09163b90) = 1 <0.000205>
[pid 303] 14:57:37.734832 libssl.so.3->X509_verify_cert(0x6385bc8a7ea0, 1, 1, 0) = 1 <0.000291>
[pid 303] 14:57:37.735451 libssl.so.3->EVP_DigestSignInit_ex(0x6385bc8af940, 0x7ffc09163b70, 0, 0) = 1 <0.000148>
[pid 303] 14:57:37.735648 libssl.so.3->EVP_DigestSign(0x6385bc8af940, 0, 0x7ffc09163b80, 0x7ffc09163b90) = 1 <0.000125>
[pid 303] 14:57:37.735816 libssl.so.3->EVP_DigestSign(0x6385bc8af940, 0x6385bc8c36f0, 0x7ffc09163b80, 0x7ffc09163b90) = 1 <0.000446>
[pid 303] 14:57:37.736465 <... SSL_connect resumed> ) = 1 <0.007988>
[pid 303] 14:57:37.736664 oqsprovider.so->OQS_KEM_free(0x6385bc8afb70, 0x6385bc8afb20, 2, 0x6385bc8afb40) = 4 <0.000162>
Handshake duration: 8.18 ms
[pid 303] 14:57:37.738861 +++ exited (status 0) +++
Execution 53 - TLS Mutual
s_connection: verify depth is 1
[pid 305] 14:57:37.796128 openssl->SSL_connect(0x5c5aac8930e0, 0x5c5aac865e50, 0x5c5aac865e50, 0x71d1379ca360 <unfinished ...>
[pid 305] 14:57:37.796664 libssl.so.3->EVP_PKEY_keygen_init(0x5c5aac8957d0, 0, 176, 0x5c5aac8957d0) = 1 <0.000151>
[pid 305] 14:57:37.796871 libssl.so.3->EVP_PKEY_keygen(0x5c5aac8957d0, 0x7ffc9bb80fb0, 0, 103 <unfinished ...>
[pid 305] 14:57:37.797036 oqsprovider.so->OQS_KEM_new(0x5c5aac88ac70, 8, 0, 0x5c5aac892b50) = 0x5c5aac892b70 <0.000865>
[pid 305] 14:57:37.797980 oqsprovider.so->OQS_KEM_keypair(0x5c5aac892b70, 0x5c5aac890570, 0x5c5aac88d130, 0x5c5aac892b50) = 0 <0.000370>
[pid 305] 14:57:37.798409 <... EVP_PKEY_keygen resumed> ) = 1 <0.001534>
[pid 305] 14:57:37.800033 libssl.so.3->EVP_PKEY_decapsulate_init(0x5c5aac8957d0, 0, 176, 0x5c5aac8957d0) = 1 <0.000271>
[pid 305] 14:57:37.800353 libssl.so.3->EVP_PKEY_decapsulate(0x5c5aac8957d0, 0, 0x7ffc9bb80f70, 0x5c5aac8977ea) = 1 <0.000150>
[pid 305] 14:57:37.800549 libssl.so.3->EVP_PKEY_decapsulate(0x5c5aac8957d0, 0x5c5aac88eee0, 0x7ffc9bb80f70, 0x5c5aac8977ea <unfinished ...>
[pid 305] 14:57:37.800661 oqsprovider.so->OQS_KEM_decaps(0x5c5aac892b70, 0x5c5aac88eee0, 0x5c5aac8977ea, 0x5c5aac88d130) = 0 <0.000163>
[pid 305] 14:57:37.800864 <... EVP_PKEY_decapsulate resumed> ) = 1 <0.000312>
[pid 305] 14:57:37.801820 libssl.so.3->X509_verify_cert(0x5c5aac88aea0, 0, 0x8000, 0xffffffff) = 1 <0.000428>
[pid 305] 14:57:37.802496 libssl.so.3->EVP_DigestVerifyInit_ex(0x5c5aac7b7810, 0x7ffc9bb81018, 0, 0) = 1 <0.000140>
[pid 305] 14:57:37.802684 libssl.so.3->EVP_DigestVerify(0x5c5aac7b7810, 0x5c5aac897798, 3309, 0x7ffc9bb81020) = 1 <0.000227>
[pid 305] 14:57:37.803122 libssl.so.3->X509_verify_cert(0x5c5aac88aea0, 1, 1, 0) = 1 <0.000219>
[pid 305] 14:57:37.803673 libssl.so.3->EVP_DigestSignInit_ex(0x5c5aac892940, 0x7ffc9bb81000, 0, 0) = 1 <0.000142>
[pid 305] 14:57:37.803858 libssl.so.3->EVP_DigestSign(0x5c5aac892940, 0, 0x7ffc9bb81010, 0x7ffc9bb81020) = 1 <0.000139>
[pid 305] 14:57:37.804036 libssl.so.3->EVP_DigestSign(0x5c5aac892940, 0x5c5aac8a66f0, 0x7ffc9bb81010, 0x7ffc9bb81020) = 1 <0.000485>
[pid 305] 14:57:37.804704 <... SSL_connect resumed> ) = 1 <0.008590>
[pid 305] 14:57:37.804915 oqsprovider.so->OQS_KEM_free(0x5c5aac892b70, 0x5c5aac892b20, 2, 0x5c5aac892b40) = 4 <0.000136>
Handshake duration: 8.80 ms
[pid 305] 14:57:37.807257 +++ exited (status 0) +++
Execution 54 - TLS Mutual
s_connection: verify depth is 1
[pid 307] 14:57:37.867076 openssl->SSL_connect(0x5679b4ddf0e0, 0x5679b4db1e50, 0x5679b4db1e50, 0x707fb67fb360 <unfinished ...>
[pid 307] 14:57:37.867568 libssl.so.3->EVP_PKEY_keygen_init(0x5679b4de17d0, 0, 176, 0x5679b4de17d0) = 1 <0.000237>
[pid 307] 14:57:37.867863 libssl.so.3->EVP_PKEY_keygen(0x5679b4de17d0, 0x7ffc7080b930, 0, 103 <unfinished ...>
[pid 307] 14:57:37.868023 oqsprovider.so->OQS_KEM_new(0x5679b4dd6c70, 8, 0, 0x5679b4ddeb50) = 0x5679b4ddeb70 <0.000145>
[pid 307] 14:57:37.868259 oqsprovider.so->OQS_KEM_keypair(0x5679b4ddeb70, 0x5679b4ddc570, 0x5679b4dd9130, 0x5679b4ddeb50) = 0 <0.000417>
[pid 307] 14:57:37.868740 <... EVP_PKEY_keygen resumed> ) = 1 <0.000872>
[pid 307] 14:57:37.870386 libssl.so.3->EVP_PKEY_decapsulate_init(0x5679b4de17d0, 0, 176, 0x5679b4de17d0) = 1 <0.000344>
[pid 307] 14:57:37.870783 libssl.so.3->EVP_PKEY_decapsulate(0x5679b4de17d0, 0, 0x7ffc7080b8f0, 0x5679b4de37ea) = 1 <0.000123>
[pid 307] 14:57:37.870954 libssl.so.3->EVP_PKEY_decapsulate(0x5679b4de17d0, 0x5679b4ddaee0, 0x7ffc7080b8f0, 0x5679b4de37ea <unfinished ...>
[pid 307] 14:57:37.871082 oqsprovider.so->OQS_KEM_decaps(0x5679b4ddeb70, 0x5679b4ddaee0, 0x5679b4de37ea, 0x5679b4dd9130) = 0 <0.000182>
[pid 307] 14:57:37.871312 <... EVP_PKEY_decapsulate resumed> ) = 1 <0.000353>
[pid 307] 14:57:37.872154 libssl.so.3->X509_verify_cert(0x5679b4dd6ea0, 0, 0x8000, 0xffffffff) = 1 <0.000464>
[pid 307] 14:57:37.872832 libssl.so.3->EVP_DigestVerifyInit_ex(0x5679b4d03810, 0x7ffc7080b998, 0, 0) = 1 <0.000150>
[pid 307] 14:57:37.873029 libssl.so.3->EVP_DigestVerify(0x5679b4d03810, 0x5679b4de3798, 3309, 0x7ffc7080b9a0) = 1 <0.000204>
[pid 307] 14:57:37.873515 libssl.so.3->X509_verify_cert(0x5679b4dd6ea0, 1, 1, 0) = 1 <0.000243>
[pid 307] 14:57:37.874071 libssl.so.3->EVP_DigestSignInit_ex(0x5679b4dde940, 0x7ffc7080b980, 0, 0) = 1 <0.000128>
[pid 307] 14:57:37.874244 libssl.so.3->EVP_DigestSign(0x5679b4dde940, 0, 0x7ffc7080b990, 0x7ffc7080b9a0) = 1 <0.000122>
[pid 307] 14:57:37.874411 libssl.so.3->EVP_DigestSign(0x5679b4dde940, 0x5679b4df26f0, 0x7ffc7080b990, 0x7ffc7080b9a0) = 1 <0.000315>
[pid 307] 14:57:37.874959 <... SSL_connect resumed> ) = 1 <0.007891>
[pid 307] 14:57:37.875272 oqsprovider.so->OQS_KEM_free(0x5679b4ddeb70, 0x5679b4ddeb20, 2, 0x5679b4ddeb40) = 4 <0.000128>
Handshake duration: 8.15 ms
[pid 307] 14:57:37.877713 +++ exited (status 0) +++
Execution 55 - TLS Mutual
s_connection: verify depth is 1
[pid 309] 14:57:37.936005 openssl->SSL_connect(0x5ab6cbc8a0e0, 0x5ab6cbc5ce50, 0x5ab6cbc5ce50, 0x7570bcb9b360 <unfinished ...>
[pid 309] 14:57:37.936423 libssl.so.3->EVP_PKEY_keygen_init(0x5ab6cbc8c7d0, 0, 176, 0x5ab6cbc8c7d0) = 1 <0.000151>
[pid 309] 14:57:37.936630 libssl.so.3->EVP_PKEY_keygen(0x5ab6cbc8c7d0, 0x7fffc0fb8ab0, 0, 103 <unfinished ...>
[pid 309] 14:57:37.936757 oqsprovider.so->OQS_KEM_new(0x5ab6cbc81c70, 8, 0, 0x5ab6cbc89b50) = 0x5ab6cbc89b70 <0.000125>
[pid 309] 14:57:37.936931 oqsprovider.so->OQS_KEM_keypair(0x5ab6cbc89b70, 0x5ab6cbc87570, 0x5ab6cbc84130, 0x5ab6cbc89b50) = 0 <0.000362>
[pid 309] 14:57:37.937365 <... EVP_PKEY_keygen resumed> ) = 1 <0.000729>
[pid 309] 14:57:37.938816 libssl.so.3->EVP_PKEY_decapsulate_init(0x5ab6cbc8c7d0, 0, 176, 0x5ab6cbc8c7d0) = 1 <0.000228>
[pid 309] 14:57:37.939087 libssl.so.3->EVP_PKEY_decapsulate(0x5ab6cbc8c7d0, 0, 0x7fffc0fb8a70, 0x5ab6cbc8e7ea) = 1 <0.000110>
[pid 309] 14:57:37.939239 libssl.so.3->EVP_PKEY_decapsulate(0x5ab6cbc8c7d0, 0x5ab6cbc85ee0, 0x7fffc0fb8a70, 0x5ab6cbc8e7ea <unfinished ...>
[pid 309] 14:57:37.939358 oqsprovider.so->OQS_KEM_decaps(0x5ab6cbc89b70, 0x5ab6cbc85ee0, 0x5ab6cbc8e7ea, 0x5ab6cbc84130) = 0 <0.000180>
[pid 309] 14:57:37.939580 <... EVP_PKEY_decapsulate resumed> ) = 1 <0.000337>
[pid 309] 14:57:37.940322 libssl.so.3->X509_verify_cert(0x5ab6cbc81ea0, 0, 0x8000, 0xffffffff) = 1 <0.000374>
[pid 309] 14:57:37.940888 libssl.so.3->EVP_DigestVerifyInit_ex(0x5ab6cbbae810, 0x7fffc0fb8b18, 0, 0) = 1 <0.000139>
[pid 309] 14:57:37.941071 libssl.so.3->EVP_DigestVerify(0x5ab6cbbae810, 0x5ab6cbc8e798, 3309, 0x7fffc0fb8b20) = 1 <0.000192>
[pid 309] 14:57:37.941509 libssl.so.3->X509_verify_cert(0x5ab6cbc81ea0, 1, 1, 0) = 1 <0.000213>
[pid 309] 14:57:37.942002 libssl.so.3->EVP_DigestSignInit_ex(0x5ab6cbc89940, 0x7fffc0fb8b00, 0, 0) = 1 <0.000127>
[pid 309] 14:57:37.942169 libssl.so.3->EVP_DigestSign(0x5ab6cbc89940, 0, 0x7fffc0fb8b10, 0x7fffc0fb8b20) = 1 <0.000119>
[pid 309] 14:57:37.942344 libssl.so.3->EVP_DigestSign(0x5ab6cbc89940, 0x5ab6cbc9d6f0, 0x7fffc0fb8b10, 0x7fffc0fb8b20) = 1 <0.000514>
[pid 309] 14:57:37.943045 <... SSL_connect resumed> ) = 1 <0.007049>
[pid 309] 14:57:37.943350 oqsprovider.so->OQS_KEM_free(0x5ab6cbc89b70, 0x5ab6cbc89b20, 2, 0x5ab6cbc89b40) = 4 <0.000164>
Handshake duration: 7.26 ms
[pid 309] 14:57:37.945500 +++ exited (status 0) +++
Execution 56 - TLS Mutual
s_connection: verify depth is 1
[pid 311] 14:57:38.002307 openssl->SSL_connect(0x64d7c80080e0, 0x64d7c7fdae50, 0x64d7c7fdae50, 0x776d9f062360 <unfinished ...>
[pid 311] 14:57:38.002774 libssl.so.3->EVP_PKEY_keygen_init(0x64d7c800a7d0, 0, 176, 0x64d7c800a7d0) = 1 <0.000167>
[pid 311] 14:57:38.002999 libssl.so.3->EVP_PKEY_keygen(0x64d7c800a7d0, 0x7ffdb43c8250, 0, 103 <unfinished ...>
[pid 311] 14:57:38.003139 oqsprovider.so->OQS_KEM_new(0x64d7c7fffc70, 8, 0, 0x64d7c8007b50) = 0x64d7c8007b70 <0.000151>
[pid 311] 14:57:38.003350 oqsprovider.so->OQS_KEM_keypair(0x64d7c8007b70, 0x64d7c8005570, 0x64d7c8002130, 0x64d7c8007b50) = 0 <0.000401>
[pid 311] 14:57:38.003810 <... EVP_PKEY_keygen resumed> ) = 1 <0.000807>
[pid 311] 14:57:38.005277 libssl.so.3->EVP_PKEY_decapsulate_init(0x64d7c800a7d0, 0, 176, 0x64d7c800a7d0) = 1 <0.000253>
[pid 311] 14:57:38.005574 libssl.so.3->EVP_PKEY_decapsulate(0x64d7c800a7d0, 0, 0x7ffdb43c8210, 0x64d7c800c7ea) = 1 <0.000117>
[pid 311] 14:57:38.005748 libssl.so.3->EVP_PKEY_decapsulate(0x64d7c800a7d0, 0x64d7c8003ee0, 0x7ffdb43c8210, 0x64d7c800c7ea <unfinished ...>
[pid 311] 14:57:38.005869 oqsprovider.so->OQS_KEM_decaps(0x64d7c8007b70, 0x64d7c8003ee0, 0x64d7c800c7ea, 0x64d7c8002130) = 0 <0.000163>
[pid 311] 14:57:38.006074 <... EVP_PKEY_decapsulate resumed> ) = 1 <0.000319>
[pid 311] 14:57:38.006867 libssl.so.3->X509_verify_cert(0x64d7c7fffea0, 0, 0x8000, 0xffffffff) = 1 <0.000374>
[pid 311] 14:57:38.007468 libssl.so.3->EVP_DigestVerifyInit_ex(0x64d7c7f2c810, 0x7ffdb43c82b8, 0, 0) = 1 <0.000132>
[pid 311] 14:57:38.007636 libssl.so.3->EVP_DigestVerify(0x64d7c7f2c810, 0x64d7c800c798, 3309, 0x7ffdb43c82c0) = 1 <0.000169>
[pid 311] 14:57:38.008010 libssl.so.3->X509_verify_cert(0x64d7c7fffea0, 1, 1, 0) = 1 <0.000197>
[pid 311] 14:57:38.008525 libssl.so.3->EVP_DigestSignInit_ex(0x64d7c8007940, 0x7ffdb43c82a0, 0, 0) = 1 <0.000129>
[pid 311] 14:57:38.008699 libssl.so.3->EVP_DigestSign(0x64d7c8007940, 0, 0x7ffdb43c82b0, 0x7ffdb43c82c0) = 1 <0.000118>
[pid 311] 14:57:38.008862 libssl.so.3->EVP_DigestSign(0x64d7c8007940, 0x64d7c801b6f0, 0x7ffdb43c82b0, 0x7ffdb43c82c0) = 1 <0.000359>
[pid 311] 14:57:38.009394 <... SSL_connect resumed> ) = 1 <0.007097>
[pid 311] 14:57:38.009603 oqsprovider.so->OQS_KEM_free(0x64d7c8007b70, 0x64d7c8007b20, 2, 0x64d7c8007b40) = 4 <0.000104>
Handshake duration: 7.30 ms
[pid 311] 14:57:38.011680 +++ exited (status 0) +++
Execution 57 - TLS Mutual
s_connection: verify depth is 1
[pid 313] 14:57:38.068783 openssl->SSL_connect(0x6503eff1c0e0, 0x6503efeeee50, 0x6503efeeee50, 0x786c6f75e360 <unfinished ...>
[pid 313] 14:57:38.069333 libssl.so.3->EVP_PKEY_keygen_init(0x6503eff1e7d0, 0, 176, 0x6503eff1e7d0) = 1 <0.000233>
[pid 313] 14:57:38.069617 libssl.so.3->EVP_PKEY_keygen(0x6503eff1e7d0, 0x7ffe87ce2930, 0, 103 <unfinished ...>
[pid 313] 14:57:38.069740 oqsprovider.so->OQS_KEM_new(0x6503eff13c70, 8, 0, 0x6503eff1bb50) = 0x6503eff1bb70 <0.000120>
[pid 313] 14:57:38.069905 oqsprovider.so->OQS_KEM_keypair(0x6503eff1bb70, 0x6503eff19570, 0x6503eff16130, 0x6503eff1bb50) = 0 <0.000321>
[pid 313] 14:57:38.070286 <... EVP_PKEY_keygen resumed> ) = 1 <0.000662>
[pid 313] 14:57:38.072111 libssl.so.3->EVP_PKEY_decapsulate_init(0x6503eff1e7d0, 0, 176, 0x6503eff1e7d0) = 1 <0.000338>
[pid 313] 14:57:38.072511 libssl.so.3->EVP_PKEY_decapsulate(0x6503eff1e7d0, 0, 0x7ffe87ce28f0, 0x6503eff207ea) = 1 <0.000153>
[pid 313] 14:57:38.072717 libssl.so.3->EVP_PKEY_decapsulate(0x6503eff1e7d0, 0x6503eff17ee0, 0x7ffe87ce28f0, 0x6503eff207ea <unfinished ...>
[pid 313] 14:57:38.072859 oqsprovider.so->OQS_KEM_decaps(0x6503eff1bb70, 0x6503eff17ee0, 0x6503eff207ea, 0x6503eff16130) = 0 <0.000168>
[pid 313] 14:57:38.073092 <... EVP_PKEY_decapsulate resumed> ) = 1 <0.000369>
[pid 313] 14:57:38.073934 libssl.so.3->X509_verify_cert(0x6503eff13ea0, 0, 0x8000, 0xffffffff) = 1 <0.000416>
[pid 313] 14:57:38.074626 libssl.so.3->EVP_DigestVerifyInit_ex(0x6503efe40810, 0x7ffe87ce2998, 0, 0) = 1 <0.000188>
[pid 313] 14:57:38.074879 libssl.so.3->EVP_DigestVerify(0x6503efe40810, 0x6503eff20798, 3309, 0x7ffe87ce29a0) = 1 <0.000244>
[pid 313] 14:57:38.075381 libssl.so.3->X509_verify_cert(0x6503eff13ea0, 1, 1, 0) = 1 <0.000284>
[pid 313] 14:57:38.076023 libssl.so.3->EVP_DigestSignInit_ex(0x6503eff1b940, 0x7ffe87ce2980, 0, 0) = 1 <0.000186>
[pid 313] 14:57:38.076274 libssl.so.3->EVP_DigestSign(0x6503eff1b940, 0, 0x7ffe87ce2990, 0x7ffe87ce29a0) = 1 <0.000187>
[pid 313] 14:57:38.076522 libssl.so.3->EVP_DigestSign(0x6503eff1b940, 0x6503eff2f6f0, 0x7ffe87ce2990, 0x7ffe87ce29a0) = 1 <0.000369>
[pid 313] 14:57:38.077108 <... SSL_connect resumed> ) = 1 <0.008333>
[pid 313] 14:57:38.077328 oqsprovider.so->OQS_KEM_free(0x6503eff1bb70, 0x6503eff1bb20, 2, 0x6503eff1bb40) = 4 <0.000152>
Handshake duration: 8.53 ms
[pid 313] 14:57:38.079575 +++ exited (status 0) +++
Execution 58 - TLS Mutual
s_connection: verify depth is 1
[pid 315] 14:57:38.140666 openssl->SSL_connect(0x60343190a0e0, 0x6034318dce50, 0x6034318dce50, 0x7f626c283360 <unfinished ...>
[pid 315] 14:57:38.141320 libssl.so.3->EVP_PKEY_keygen_init(0x60343190c7d0, 0, 176, 0x60343190c7d0) = 1 <0.000290>
[pid 315] 14:57:38.141691 libssl.so.3->EVP_PKEY_keygen(0x60343190c7d0, 0x7ffe7a5976e0, 0, 103 <unfinished ...>
[pid 315] 14:57:38.141963 oqsprovider.so->OQS_KEM_new(0x603431901c70, 8, 0, 0x603431909b50) = 0x603431909b70 <0.000186>
[pid 315] 14:57:38.142243 oqsprovider.so->OQS_KEM_keypair(0x603431909b70, 0x603431907570, 0x603431904130, 0x603431909b50) = 0 <0.000407>
[pid 315] 14:57:38.142710 <... EVP_PKEY_keygen resumed> ) = 1 <0.001014>
[pid 315] 14:57:38.144780 libssl.so.3->EVP_PKEY_decapsulate_init(0x60343190c7d0, 0, 176, 0x60343190c7d0) = 1 <0.000438>
[pid 315] 14:57:38.145330 libssl.so.3->EVP_PKEY_decapsulate(0x60343190c7d0, 0, 0x7ffe7a5976a0, 0x60343190e7ea) = 1 <0.000248>
[pid 315] 14:57:38.145668 libssl.so.3->EVP_PKEY_decapsulate(0x60343190c7d0, 0x603431905ee0, 0x7ffe7a5976a0, 0x60343190e7ea <unfinished ...>
[pid 315] 14:57:38.145883 oqsprovider.so->OQS_KEM_decaps(0x603431909b70, 0x603431905ee0, 0x60343190e7ea, 0x603431904130) = 0 <0.000217>
[pid 315] 14:57:38.146179 <... EVP_PKEY_decapsulate resumed> ) = 1 <0.000499>
[pid 315] 14:57:38.148997 libssl.so.3->X509_verify_cert(0x603431901ea0, 0, 0x8000, 0xffffffff) = 1 <0.000638>
[pid 315] 14:57:38.149926 libssl.so.3->EVP_DigestVerifyInit_ex(0x60343182e810, 0x7ffe7a597748, 0, 0) = 1 <0.000150>
[pid 315] 14:57:38.150142 libssl.so.3->EVP_DigestVerify(0x60343182e810, 0x60343190e798, 3309, 0x7ffe7a597750) = 1 <0.000223>
[pid 315] 14:57:38.150735 libssl.so.3->X509_verify_cert(0x603431901ea0, 1, 1, 0) = 1 <0.000277>
[pid 315] 14:57:38.151441 libssl.so.3->EVP_DigestSignInit_ex(0x603431909940, 0x7ffe7a597730, 0, 0) = 1 <0.000187>
[pid 315] 14:57:38.151690 libssl.so.3->EVP_DigestSign(0x603431909940, 0, 0x7ffe7a597740, 0x7ffe7a597750) = 1 <0.000130>
[pid 315] 14:57:38.151878 libssl.so.3->EVP_DigestSign(0x603431909940, 0x60343191d6f0, 0x7ffe7a597740, 0x7ffe7a597750) = 1 <0.000678>
[pid 315] 14:57:38.152891 <... SSL_connect resumed> ) = 1 <0.012229>
[pid 315] 14:57:38.153250 oqsprovider.so->OQS_KEM_free(0x603431909b70, 0x603431909b20, 2, 0x603431909b40) = 4 <0.000156>
Handshake duration: 12.52 ms
[pid 315] 14:57:38.156215 +++ exited (status 0) +++
Execution 59 - TLS Mutual
s_connection: verify depth is 1
[pid 317] 14:57:38.214380 openssl->SSL_connect(0x5b273b0e30e0, 0x5b273b0b5e50, 0x5b273b0b5e50, 0x78486d2e9360 <unfinished ...>
[pid 317] 14:57:38.214831 libssl.so.3->EVP_PKEY_keygen_init(0x5b273b0e57d0, 0, 176, 0x5b273b0e57d0) = 1 <0.000167>
[pid 317] 14:57:38.215080 libssl.so.3->EVP_PKEY_keygen(0x5b273b0e57d0, 0x7ffde2d0ad90, 0, 103 <unfinished ...>
[pid 317] 14:57:38.215305 oqsprovider.so->OQS_KEM_new(0x5b273b0dac70, 8, 0, 0x5b273b0e2b50) = 0x5b273b0e2b70 <0.000175>
[pid 317] 14:57:38.215564 oqsprovider.so->OQS_KEM_keypair(0x5b273b0e2b70, 0x5b273b0e0570, 0x5b273b0dd130, 0x5b273b0e2b50) = 0 <0.000410>
[pid 317] 14:57:38.216049 <... EVP_PKEY_keygen resumed> ) = 1 <0.000966>
[pid 317] 14:57:38.217726 libssl.so.3->EVP_PKEY_decapsulate_init(0x5b273b0e57d0, 0, 176, 0x5b273b0e57d0) = 1 <0.000284>
[pid 317] 14:57:38.218059 libssl.so.3->EVP_PKEY_decapsulate(0x5b273b0e57d0, 0, 0x7ffde2d0ad50, 0x5b273b0e77ea) = 1 <0.000124>
[pid 317] 14:57:38.218229 libssl.so.3->EVP_PKEY_decapsulate(0x5b273b0e57d0, 0x5b273b0deee0, 0x7ffde2d0ad50, 0x5b273b0e77ea <unfinished ...>
[pid 317] 14:57:38.218361 oqsprovider.so->OQS_KEM_decaps(0x5b273b0e2b70, 0x5b273b0deee0, 0x5b273b0e77ea, 0x5b273b0dd130) = 0 <0.000170>
[pid 317] 14:57:38.218574 <... EVP_PKEY_decapsulate resumed> ) = 1 <0.000340>
[pid 317] 14:57:38.219293 libssl.so.3->X509_verify_cert(0x5b273b0daea0, 0, 0x8000, 0xffffffff) = 1 <0.000426>
[pid 317] 14:57:38.219948 libssl.so.3->EVP_DigestVerifyInit_ex(0x5b273b007810, 0x7ffde2d0adf8, 0, 0) = 1 <0.000146>
[pid 317] 14:57:38.220140 libssl.so.3->EVP_DigestVerify(0x5b273b007810, 0x5b273b0e7798, 3309, 0x7ffde2d0ae00) = 1 <0.000186>
[pid 317] 14:57:38.220547 libssl.so.3->X509_verify_cert(0x5b273b0daea0, 1, 1, 0) = 1 <0.000213>
[pid 317] 14:57:38.221051 libssl.so.3->EVP_DigestSignInit_ex(0x5b273b0e2940, 0x7ffde2d0ade0, 0, 0) = 1 <0.000133>
[pid 317] 14:57:38.221232 libssl.so.3->EVP_DigestSign(0x5b273b0e2940, 0, 0x7ffde2d0adf0, 0x7ffde2d0ae00) = 1 <0.000112>
[pid 317] 14:57:38.221381 libssl.so.3->EVP_DigestSign(0x5b273b0e2940, 0x5b273b0f66f0, 0x7ffde2d0adf0, 0x7ffde2d0ae00) = 1 <0.000715>
[pid 317] 14:57:38.222304 <... SSL_connect resumed> ) = 1 <0.007932>
[pid 317] 14:57:38.222596 oqsprovider.so->OQS_KEM_free(0x5b273b0e2b70, 0x5b273b0e2b20, 2, 0x5b273b0e2b40) = 4 <0.000138>
Handshake duration: 8.21 ms
[pid 317] 14:57:38.224655 +++ exited (status 0) +++
Execution 60 - TLS Mutual
s_connection: verify depth is 1
[pid 319] 14:57:38.283244 openssl->SSL_connect(0x5b4c748460e0, 0x5b4c74818e50, 0x5b4c74818e50, 0x7df69c8c5360 <unfinished ...>
[pid 319] 14:57:38.283726 libssl.so.3->EVP_PKEY_keygen_init(0x5b4c748487d0, 0, 176, 0x5b4c748487d0) = 1 <0.000165>
[pid 319] 14:57:38.283942 libssl.so.3->EVP_PKEY_keygen(0x5b4c748487d0, 0x7ffd1255b2a0, 0, 103 <unfinished ...>
[pid 319] 14:57:38.284056 oqsprovider.so->OQS_KEM_new(0x5b4c7483dc70, 8, 0, 0x5b4c74845b50) = 0x5b4c74845b70 <0.000130>
[pid 319] 14:57:38.284240 oqsprovider.so->OQS_KEM_keypair(0x5b4c74845b70, 0x5b4c74843570, 0x5b4c74840130, 0x5b4c74845b50) = 0 <0.000420>
[pid 319] 14:57:38.284754 <... EVP_PKEY_keygen resumed> ) = 1 <0.000807>
[pid 319] 14:57:38.286250 libssl.so.3->EVP_PKEY_decapsulate_init(0x5b4c748487d0, 0, 176, 0x5b4c748487d0) = 1 <0.000308>
[pid 319] 14:57:38.286613 libssl.so.3->EVP_PKEY_decapsulate(0x5b4c748487d0, 0, 0x7ffd1255b260, 0x5b4c7484a7ea) = 1 <0.000120>
[pid 319] 14:57:38.286776 libssl.so.3->EVP_PKEY_decapsulate(0x5b4c748487d0, 0x5b4c74841ee0, 0x7ffd1255b260, 0x5b4c7484a7ea <unfinished ...>
[pid 319] 14:57:38.286903 oqsprovider.so->OQS_KEM_decaps(0x5b4c74845b70, 0x5b4c74841ee0, 0x5b4c7484a7ea, 0x5b4c74840130) = 0 <0.000167>
[pid 319] 14:57:38.287124 <... EVP_PKEY_decapsulate resumed> ) = 1 <0.000341>
[pid 319] 14:57:38.287944 libssl.so.3->X509_verify_cert(0x5b4c7483dea0, 0, 0x8000, 0xffffffff) = 1 <0.000453>
[pid 319] 14:57:38.288617 libssl.so.3->EVP_DigestVerifyInit_ex(0x5b4c7476a810, 0x7ffd1255b308, 0, 0) = 1 <0.000136>
[pid 319] 14:57:38.288797 libssl.so.3->EVP_DigestVerify(0x5b4c7476a810, 0x5b4c7484a798, 3309, 0x7ffd1255b310) = 1 <0.000198>
[pid 319] 14:57:38.289290 libssl.so.3->X509_verify_cert(0x5b4c7483dea0, 1, 1, 0) = 1 <0.000296>
[pid 319] 14:57:38.290014 libssl.so.3->EVP_DigestSignInit_ex(0x5b4c74845940, 0x7ffd1255b2f0, 0, 0) = 1 <0.000193>
[pid 319] 14:57:38.290286 libssl.so.3->EVP_DigestSign(0x5b4c74845940, 0, 0x7ffd1255b300, 0x7ffd1255b310) = 1 <0.000140>
[pid 319] 14:57:38.290492 libssl.so.3->EVP_DigestSign(0x5b4c74845940, 0x5b4c748596f0, 0x7ffd1255b300, 0x7ffd1255b310) = 1 <0.000471>
[pid 319] 14:57:38.291175 <... SSL_connect resumed> ) = 1 <0.007945>
[pid 319] 14:57:38.291448 oqsprovider.so->OQS_KEM_free(0x5b4c74845b70, 0x5b4c74845b20, 2, 0x5b4c74845b40) = 4 <0.000144>
Handshake duration: 8.18 ms
[pid 319] 14:57:38.293845 +++ exited (status 0) +++
Execution 61 - TLS Mutual
s_connection: verify depth is 1
[pid 321] 14:57:38.357797 openssl->SSL_connect(0x61734e9550e0, 0x61734e927e50, 0x61734e927e50, 0x75ed092d4360 <unfinished ...>
[pid 321] 14:57:38.358563 libssl.so.3->EVP_PKEY_keygen_init(0x61734e9577d0, 0, 176, 0x61734e9577d0) = 1 <0.000274>
[pid 321] 14:57:38.358947 libssl.so.3->EVP_PKEY_keygen(0x61734e9577d0, 0x7fff84965210, 0, 103 <unfinished ...>
[pid 321] 14:57:38.359206 oqsprovider.so->OQS_KEM_new(0x61734e94cc70, 8, 0, 0x61734e954b50) = 0x61734e954b70 <0.000206>
[pid 321] 14:57:38.359495 oqsprovider.so->OQS_KEM_keypair(0x61734e954b70, 0x61734e952570, 0x61734e94f130, 0x61734e954b50) = 0 <0.000424>
[pid 321] 14:57:38.359997 <... EVP_PKEY_keygen resumed> ) = 1 <0.001043>
[pid 321] 14:57:38.361847 libssl.so.3->EVP_PKEY_decapsulate_init(0x61734e9577d0, 0, 176, 0x61734e9577d0) = 1 <0.000375>
[pid 321] 14:57:38.362276 libssl.so.3->EVP_PKEY_decapsulate(0x61734e9577d0, 0, 0x7fff849651d0, 0x61734e9597ea) = 1 <0.000189>
[pid 321] 14:57:38.362591 libssl.so.3->EVP_PKEY_decapsulate(0x61734e9577d0, 0x61734e950ee0, 0x7fff849651d0, 0x61734e9597ea <unfinished ...>
[pid 321] 14:57:38.362762 oqsprovider.so->OQS_KEM_decaps(0x61734e954b70, 0x61734e950ee0, 0x61734e9597ea, 0x61734e94f130) = 0 <0.000258>
[pid 321] 14:57:38.363127 <... EVP_PKEY_decapsulate resumed> ) = 1 <0.000525>
[pid 321] 14:57:38.364052 libssl.so.3->X509_verify_cert(0x61734e94cea0, 0, 0x8000, 0xffffffff) = 1 <0.000503>
[pid 321] 14:57:38.364820 libssl.so.3->EVP_DigestVerifyInit_ex(0x61734e879810, 0x7fff84965278, 0, 0) = 1 <0.000301>
[pid 321] 14:57:38.365177 libssl.so.3->EVP_DigestVerify(0x61734e879810, 0x61734e959798, 3309, 0x7fff84965280) = 1 <0.000259>
[pid 321] 14:57:38.365750 libssl.so.3->X509_verify_cert(0x61734e94cea0, 1, 1, 0) = 1 <0.000313>
[pid 321] 14:57:38.366588 libssl.so.3->EVP_DigestSignInit_ex(0x61734e954940, 0x7fff84965260, 0, 0) = 1 <0.000207>
[pid 321] 14:57:38.366866 libssl.so.3->EVP_DigestSign(0x61734e954940, 0, 0x7fff84965270, 0x7fff84965280) = 1 <0.000191>
[pid 321] 14:57:38.367105 libssl.so.3->EVP_DigestSign(0x61734e954940, 0x61734e9686f0, 0x7fff84965270, 0x7fff84965280) = 1 <0.000538>
[pid 321] 14:57:38.367936 <... SSL_connect resumed> ) = 1 <0.010154>
[pid 321] 14:57:38.368264 oqsprovider.so->OQS_KEM_free(0x61734e954b70, 0x61734e954b20, 2, 0x61734e954b40) = 4 <0.000165>
Handshake duration: 10.42 ms
[pid 321] 14:57:38.371328 +++ exited (status 0) +++
Execution 62 - TLS Mutual
s_connection: verify depth is 1
[pid 323] 14:57:38.448771 openssl->SSL_connect(0x5cc26a0670e0, 0x5cc26a039e50, 0x5cc26a039e50, 0x7b458e6e2360 <unfinished ...>
[pid 323] 14:57:38.449217 libssl.so.3->EVP_PKEY_keygen_init(0x5cc26a0697d0, 0, 176, 0x5cc26a0697d0) = 1 <0.000164>
[pid 323] 14:57:38.449440 libssl.so.3->EVP_PKEY_keygen(0x5cc26a0697d0, 0x7ffff3487110, 0, 103 <unfinished ...>
[pid 323] 14:57:38.449566 oqsprovider.so->OQS_KEM_new(0x5cc26a05ec70, 8, 0, 0x5cc26a066b50) = 0x5cc26a066b70 <0.000126>
[pid 323] 14:57:38.449741 oqsprovider.so->OQS_KEM_keypair(0x5cc26a066b70, 0x5cc26a064570, 0x5cc26a061130, 0x5cc26a066b50) = 0 <0.000342>
[pid 323] 14:57:38.450144 <... EVP_PKEY_keygen resumed> ) = 1 <0.000697>
[pid 323] 14:57:38.451780 libssl.so.3->EVP_PKEY_decapsulate_init(0x5cc26a0697d0, 0, 176, 0x5cc26a0697d0) = 1 <0.000293>
[pid 323] 14:57:38.452116 libssl.so.3->EVP_PKEY_decapsulate(0x5cc26a0697d0, 0, 0x7ffff34870d0, 0x5cc26a06b7ea) = 1 <0.000113>
[pid 323] 14:57:38.452313 libssl.so.3->EVP_PKEY_decapsulate(0x5cc26a0697d0, 0x5cc26a062ee0, 0x7ffff34870d0, 0x5cc26a06b7ea <unfinished ...>
[pid 323] 14:57:38.452499 oqsprovider.so->OQS_KEM_decaps(0x5cc26a066b70, 0x5cc26a062ee0, 0x5cc26a06b7ea, 0x5cc26a061130) = 0 <0.000160>
[pid 323] 14:57:38.452719 <... EVP_PKEY_decapsulate resumed> ) = 1 <0.000403>
[pid 323] 14:57:38.453475 libssl.so.3->X509_verify_cert(0x5cc26a05eea0, 0, 0x8000, 0xffffffff) = 1 <0.000371>
[pid 323] 14:57:38.454029 libssl.so.3->EVP_DigestVerifyInit_ex(0x5cc269f8b810, 0x7ffff3487178, 0, 0) = 1 <0.000112>
[pid 323] 14:57:38.454198 libssl.so.3->EVP_DigestVerify(0x5cc269f8b810, 0x5cc26a06b798, 3309, 0x7ffff3487180) = 1 <0.000186>
[pid 323] 14:57:38.454632 libssl.so.3->X509_verify_cert(0x5cc26a05eea0, 1, 1, 0) = 1 <0.000260>
[pid 323] 14:57:38.455181 libssl.so.3->EVP_DigestSignInit_ex(0x5cc26a066940, 0x7ffff3487160, 0, 0) = 1 <0.000198>
[pid 323] 14:57:38.455435 libssl.so.3->EVP_DigestSign(0x5cc26a066940, 0, 0x7ffff3487170, 0x7ffff3487180) = 1 <0.000121>
[pid 323] 14:57:38.455598 libssl.so.3->EVP_DigestSign(0x5cc26a066940, 0x5cc26a07a6f0, 0x7ffff3487170, 0x7ffff3487180) = 1 <0.000318>
[pid 323] 14:57:38.456086 <... SSL_connect resumed> ) = 1 <0.007324>
[pid 323] 14:57:38.456292 oqsprovider.so->OQS_KEM_free(0x5cc26a066b70, 0x5cc26a066b20, 2, 0x5cc26a066b40) = 4 <0.000121>
Handshake duration: 7.51 ms
[pid 323] 14:57:38.458444 +++ exited (status 0) +++
Execution 63 - TLS Mutual
s_connection: verify depth is 1
[pid 325] 14:57:38.513570 openssl->SSL_connect(0x577dbd4a50e0, 0x577dbd477e50, 0x577dbd477e50, 0x716dfe09f360 <unfinished ...>
[pid 325] 14:57:38.514069 libssl.so.3->EVP_PKEY_keygen_init(0x577dbd4a77d0, 0, 176, 0x577dbd4a77d0) = 1 <0.000205>
[pid 325] 14:57:38.514379 libssl.so.3->EVP_PKEY_keygen(0x577dbd4a77d0, 0x7fff43fe8ac0, 0, 103 <unfinished ...>
[pid 325] 14:57:38.514594 oqsprovider.so->OQS_KEM_new(0x577dbd49cc70, 8, 0, 0x577dbd4a4b50) = 0x577dbd4a4b70 <0.000219>
[pid 325] 14:57:38.514887 oqsprovider.so->OQS_KEM_keypair(0x577dbd4a4b70, 0x577dbd4a2570, 0x577dbd49f130, 0x577dbd4a4b50) = 0 <0.000408>
[pid 325] 14:57:38.515356 <... EVP_PKEY_keygen resumed> ) = 1 <0.000979>
[pid 325] 14:57:38.516860 libssl.so.3->EVP_PKEY_decapsulate_init(0x577dbd4a77d0, 0, 176, 0x577dbd4a77d0) = 1 <0.000312>
[pid 325] 14:57:38.517243 libssl.so.3->EVP_PKEY_decapsulate(0x577dbd4a77d0, 0, 0x7fff43fe8a80, 0x577dbd4a97ea) = 1 <0.000182>
[pid 325] 14:57:38.517494 libssl.so.3->EVP_PKEY_decapsulate(0x577dbd4a77d0, 0x577dbd4a0ee0, 0x7fff43fe8a80, 0x577dbd4a97ea <unfinished ...>
[pid 325] 14:57:38.517676 oqsprovider.so->OQS_KEM_decaps(0x577dbd4a4b70, 0x577dbd4a0ee0, 0x577dbd4a97ea, 0x577dbd49f130) = 0 <0.000192>
[pid 325] 14:57:38.517926 <... EVP_PKEY_decapsulate resumed> ) = 1 <0.000424>
[pid 325] 14:57:38.518682 libssl.so.3->X509_verify_cert(0x577dbd49cea0, 0, 0x8000, 0xffffffff) = 1 <0.000385>
[pid 325] 14:57:38.519272 libssl.so.3->EVP_DigestVerifyInit_ex(0x577dbd3c9810, 0x7fff43fe8b28, 0, 0) = 1 <0.000134>
[pid 325] 14:57:38.519459 libssl.so.3->EVP_DigestVerify(0x577dbd3c9810, 0x577dbd4a9798, 3309, 0x7fff43fe8b30) = 1 <0.000187>
[pid 325] 14:57:38.519883 libssl.so.3->X509_verify_cert(0x577dbd49cea0, 1, 1, 0) = 1 <0.000226>
[pid 325] 14:57:38.520452 libssl.so.3->EVP_DigestSignInit_ex(0x577dbd4a4940, 0x7fff43fe8b10, 0, 0) = 1 <0.000183>
[pid 325] 14:57:38.520699 libssl.so.3->EVP_DigestSign(0x577dbd4a4940, 0, 0x7fff43fe8b20, 0x7fff43fe8b30) = 1 <0.000130>
[pid 325] 14:57:38.520866 libssl.so.3->EVP_DigestSign(0x577dbd4a4940, 0x577dbd4b86f0, 0x7fff43fe8b20, 0x7fff43fe8b30) = 1 <0.000349>
[pid 325] 14:57:38.521420 <... SSL_connect resumed> ) = 1 <0.007846>
[pid 325] 14:57:38.521646 oqsprovider.so->OQS_KEM_free(0x577dbd4a4b70, 0x577dbd4a4b20, 2, 0x577dbd4a4b40) = 4 <0.000128>
Handshake duration: 8.12 ms
[pid 325] 14:57:38.523814 +++ exited (status 0) +++
Execution 64 - TLS Mutual
s_connection: verify depth is 1
[pid 327] 14:57:38.583594 openssl->SSL_connect(0x643cfe66b0e0, 0x643cfe63de50, 0x643cfe63de50, 0x77b5f2967360 <unfinished ...>
[pid 327] 14:57:38.584099 libssl.so.3->EVP_PKEY_keygen_init(0x643cfe66d7d0, 0, 176, 0x643cfe66d7d0) = 1 <0.000150>
[pid 327] 14:57:38.584297 libssl.so.3->EVP_PKEY_keygen(0x643cfe66d7d0, 0x7ffe8469ed40, 0, 103 <unfinished ...>
[pid 327] 14:57:38.584450 oqsprovider.so->OQS_KEM_new(0x643cfe662c70, 8, 0, 0x643cfe66ab50) = 0x643cfe66ab70 <0.000143>
[pid 327] 14:57:38.584641 oqsprovider.so->OQS_KEM_keypair(0x643cfe66ab70, 0x643cfe668570, 0x643cfe665130, 0x643cfe66ab50) = 0 <0.000371>
[pid 327] 14:57:38.585079 <... EVP_PKEY_keygen resumed> ) = 1 <0.000778>
[pid 327] 14:57:38.586804 libssl.so.3->EVP_PKEY_decapsulate_init(0x643cfe66d7d0, 0, 176, 0x643cfe66d7d0) = 1 <0.000385>
[pid 327] 14:57:38.587256 libssl.so.3->EVP_PKEY_decapsulate(0x643cfe66d7d0, 0, 0x7ffe8469ed00, 0x643cfe66f7ea) = 1 <0.000204>
[pid 327] 14:57:38.587519 libssl.so.3->EVP_PKEY_decapsulate(0x643cfe66d7d0, 0x643cfe666ee0, 0x7ffe8469ed00, 0x643cfe66f7ea <unfinished ...>
[pid 327] 14:57:38.587675 oqsprovider.so->OQS_KEM_decaps(0x643cfe66ab70, 0x643cfe666ee0, 0x643cfe66f7ea, 0x643cfe665130) = 0 <0.000152>
[pid 327] 14:57:38.587868 <... EVP_PKEY_decapsulate resumed> ) = 1 <0.000347>
[pid 327] 14:57:38.588640 libssl.so.3->X509_verify_cert(0x643cfe662ea0, 0, 0x8000, 0xffffffff) = 1 <0.000402>
[pid 327] 14:57:38.589327 libssl.so.3->EVP_DigestVerifyInit_ex(0x643cfe58f810, 0x7ffe8469eda8, 0, 0) = 1 <0.000200>
[pid 327] 14:57:38.589569 libssl.so.3->EVP_DigestVerify(0x643cfe58f810, 0x643cfe66f798, 3309, 0x7ffe8469edb0) = 1 <0.000185>
[pid 327] 14:57:38.590051 libssl.so.3->X509_verify_cert(0x643cfe662ea0, 1, 1, 0) = 1 <0.000300>
[pid 327] 14:57:38.590704 libssl.so.3->EVP_DigestSignInit_ex(0x643cfe66a940, 0x7ffe8469ed90, 0, 0) = 1 <0.000163>
[pid 327] 14:57:38.590935 libssl.so.3->EVP_DigestSign(0x643cfe66a940, 0, 0x7ffe8469eda0, 0x7ffe8469edb0) = 1 <0.000167>
[pid 327] 14:57:38.591185 libssl.so.3->EVP_DigestSign(0x643cfe66a940, 0x643cfe67e6f0, 0x7ffe8469eda0, 0x7ffe8469edb0) = 1 <0.000538>
[pid 327] 14:57:38.591982 <... SSL_connect resumed> ) = 1 <0.008397>
[pid 327] 14:57:38.592190 oqsprovider.so->OQS_KEM_free(0x643cfe66ab70, 0x643cfe66ab20, 2, 0x643cfe66ab40) = 4 <0.000171>
Handshake duration: 8.60 ms
[pid 327] 14:57:38.594578 +++ exited (status 0) +++
Execution 65 - TLS Mutual
s_connection: verify depth is 1
[pid 329] 14:57:38.650522 openssl->SSL_connect(0x6017b65610e0, 0x6017b6533e50, 0x6017b6533e50, 0x7c2e1a0b0360 <unfinished ...>
[pid 329] 14:57:38.650963 libssl.so.3->EVP_PKEY_keygen_init(0x6017b65637d0, 0, 176, 0x6017b65637d0) = 1 <0.000141>
[pid 329] 14:57:38.651160 libssl.so.3->EVP_PKEY_keygen(0x6017b65637d0, 0x7ffd27b0dfb0, 0, 103 <unfinished ...>
[pid 329] 14:57:38.651297 oqsprovider.so->OQS_KEM_new(0x6017b6558c70, 8, 0, 0x6017b6560b50) = 0x6017b6560b70 <0.000143>
[pid 329] 14:57:38.651491 oqsprovider.so->OQS_KEM_keypair(0x6017b6560b70, 0x6017b655e570, 0x6017b655b130, 0x6017b6560b50) = 0 <0.000344>
[pid 329] 14:57:38.651908 <... EVP_PKEY_keygen resumed> ) = 1 <0.000742>
[pid 329] 14:57:38.653463 libssl.so.3->EVP_PKEY_decapsulate_init(0x6017b65637d0, 0, 176, 0x6017b65637d0) = 1 <0.000275>
[pid 329] 14:57:38.653818 libssl.so.3->EVP_PKEY_decapsulate(0x6017b65637d0, 0, 0x7ffd27b0df70, 0x6017b65657ea) = 1 <0.000188>
[pid 329] 14:57:38.654048 libssl.so.3->EVP_PKEY_decapsulate(0x6017b65637d0, 0x6017b655cee0, 0x7ffd27b0df70, 0x6017b65657ea <unfinished ...>
[pid 329] 14:57:38.654181 oqsprovider.so->OQS_KEM_decaps(0x6017b6560b70, 0x6017b655cee0, 0x6017b65657ea, 0x6017b655b130) = 0 <0.000147>
[pid 329] 14:57:38.654378 <... EVP_PKEY_decapsulate resumed> ) = 1 <0.000324>
[pid 329] 14:57:38.655279 libssl.so.3->X509_verify_cert(0x6017b6558ea0, 0, 0x8000, 0xffffffff) = 1 <0.000407>
[pid 329] 14:57:38.655969 libssl.so.3->EVP_DigestVerifyInit_ex(0x6017b6485810, 0x7ffd27b0e018, 0, 0) = 1 <0.000143>
[pid 329] 14:57:38.656156 libssl.so.3->EVP_DigestVerify(0x6017b6485810, 0x6017b6565798, 3309, 0x7ffd27b0e020) = 1 <0.000219>
[pid 329] 14:57:38.656617 libssl.so.3->X509_verify_cert(0x6017b6558ea0, 1, 1, 0) = 1 <0.000201>
[pid 329] 14:57:38.657169 libssl.so.3->EVP_DigestSignInit_ex(0x6017b6560940, 0x7ffd27b0e000, 0, 0) = 1 <0.000236>
[pid 329] 14:57:38.657495 libssl.so.3->EVP_DigestSign(0x6017b6560940, 0, 0x7ffd27b0e010, 0x7ffd27b0e020) = 1 <0.000151>
[pid 329] 14:57:38.657691 libssl.so.3->EVP_DigestSign(0x6017b6560940, 0x6017b65746f0, 0x7ffd27b0e010, 0x7ffd27b0e020) = 1 <0.000532>
[pid 329] 14:57:38.658466 <... SSL_connect resumed> ) = 1 <0.007947>
[pid 329] 14:57:38.658714 oqsprovider.so->OQS_KEM_free(0x6017b6560b70, 0x6017b6560b20, 2, 0x6017b6560b40) = 4 <0.000196>
Handshake duration: 8.18 ms
[pid 329] 14:57:38.661161 +++ exited (status 0) +++
Execution 66 - TLS Mutual
s_connection: verify depth is 1
[pid 331] 14:57:38.719714 openssl->SSL_connect(0x590a829960e0, 0x590a82968e50, 0x590a82968e50, 0x7d8c4dcd7360 <unfinished ...>
[pid 331] 14:57:38.720185 libssl.so.3->EVP_PKEY_keygen_init(0x590a829987d0, 0, 176, 0x590a829987d0) = 1 <0.000177>
[pid 331] 14:57:38.720419 libssl.so.3->EVP_PKEY_keygen(0x590a829987d0, 0x7fff5bf24300, 0, 103 <unfinished ...>
[pid 331] 14:57:38.720573 oqsprovider.so->OQS_KEM_new(0x590a8298dc70, 8, 0, 0x590a82995b50) = 0x590a82995b70 <0.000127>
[pid 331] 14:57:38.720750 oqsprovider.so->OQS_KEM_keypair(0x590a82995b70, 0x590a82993570, 0x590a82990130, 0x590a82995b50) = 0 <0.000379>
[pid 331] 14:57:38.721212 <... EVP_PKEY_keygen resumed> ) = 1 <0.000791>
[pid 331] 14:57:38.722714 libssl.so.3->EVP_PKEY_decapsulate_init(0x590a829987d0, 0, 176, 0x590a829987d0) = 1 <0.000308>
[pid 331] 14:57:38.723077 libssl.so.3->EVP_PKEY_decapsulate(0x590a829987d0, 0, 0x7fff5bf242c0, 0x590a8299a7ea) = 1 <0.000139>
[pid 331] 14:57:38.723263 libssl.so.3->EVP_PKEY_decapsulate(0x590a829987d0, 0x590a82991ee0, 0x7fff5bf242c0, 0x590a8299a7ea <unfinished ...>
[pid 331] 14:57:38.723409 oqsprovider.so->OQS_KEM_decaps(0x590a82995b70, 0x590a82991ee0, 0x590a8299a7ea, 0x590a82990130) = 0 <0.000201>
[pid 331] 14:57:38.723658 <... EVP_PKEY_decapsulate resumed> ) = 1 <0.000389>
[pid 331] 14:57:38.724459 libssl.so.3->X509_verify_cert(0x590a8298dea0, 0, 0x8000, 0xffffffff) = 1 <0.000431>
[pid 331] 14:57:38.725117 libssl.so.3->EVP_DigestVerifyInit_ex(0x590a828ba810, 0x7fff5bf24368, 0, 0) = 1 <0.000172>
[pid 331] 14:57:38.725348 libssl.so.3->EVP_DigestVerify(0x590a828ba810, 0x590a8299a798, 3309, 0x7fff5bf24370) = 1 <0.000258>
[pid 331] 14:57:38.725849 libssl.so.3->X509_verify_cert(0x590a8298dea0, 1, 1, 0) = 1 <0.000239>
[pid 331] 14:57:38.726440 libssl.so.3->EVP_DigestSignInit_ex(0x590a82995940, 0x7fff5bf24350, 0, 0) = 1 <0.000140>
[pid 331] 14:57:38.726642 libssl.so.3->EVP_DigestSign(0x590a82995940, 0, 0x7fff5bf24360, 0x7fff5bf24370) = 1 <0.000126>
[pid 331] 14:57:38.726819 libssl.so.3->EVP_DigestSign(0x590a82995940, 0x590a829a96f0, 0x7fff5bf24360, 0x7fff5bf24370) = 1 <0.000413>
[pid 331] 14:57:38.727466 <... SSL_connect resumed> ) = 1 <0.007761>
[pid 331] 14:57:38.727688 oqsprovider.so->OQS_KEM_free(0x590a82995b70, 0x590a82995b20, 2, 0x590a82995b40) = 4 <0.000123>
Handshake duration: 7.96 ms
[pid 331] 14:57:38.730002 +++ exited (status 0) +++
Execution 67 - TLS Mutual
s_connection: verify depth is 1
[pid 333] 14:57:38.786520 openssl->SSL_connect(0x5ec8a1d340e0, 0x5ec8a1d06e50, 0x5ec8a1d06e50, 0x734b72e50360 <unfinished ...>
[pid 333] 14:57:38.786968 libssl.so.3->EVP_PKEY_keygen_init(0x5ec8a1d367d0, 0, 176, 0x5ec8a1d367d0) = 1 <0.000172>
[pid 333] 14:57:38.787195 libssl.so.3->EVP_PKEY_keygen(0x5ec8a1d367d0, 0x7ffc7b0a6b70, 0, 103 <unfinished ...>
[pid 333] 14:57:38.787326 oqsprovider.so->OQS_KEM_new(0x5ec8a1d2bc70, 8, 0, 0x5ec8a1d33b50) = 0x5ec8a1d33b70 <0.000148>
[pid 333] 14:57:38.787521 oqsprovider.so->OQS_KEM_keypair(0x5ec8a1d33b70, 0x5ec8a1d31570, 0x5ec8a1d2e130, 0x5ec8a1d33b50) = 0 <0.000338>
[pid 333] 14:57:38.787913 <... EVP_PKEY_keygen resumed> ) = 1 <0.000712>
[pid 333] 14:57:38.789438 libssl.so.3->EVP_PKEY_decapsulate_init(0x5ec8a1d367d0, 0, 176, 0x5ec8a1d367d0) = 1 <0.000293>
[pid 333] 14:57:38.789774 libssl.so.3->EVP_PKEY_decapsulate(0x5ec8a1d367d0, 0, 0x7ffc7b0a6b30, 0x5ec8a1d387ea) = 1 <0.000121>
[pid 333] 14:57:38.789938 libssl.so.3->EVP_PKEY_decapsulate(0x5ec8a1d367d0, 0x5ec8a1d2fee0, 0x7ffc7b0a6b30, 0x5ec8a1d387ea <unfinished ...>
[pid 333] 14:57:38.790072 oqsprovider.so->OQS_KEM_decaps(0x5ec8a1d33b70, 0x5ec8a1d2fee0, 0x5ec8a1d387ea, 0x5ec8a1d2e130) = 0 <0.000171>
[pid 333] 14:57:38.790287 <... EVP_PKEY_decapsulate resumed> ) = 1 <0.000343>
[pid 333] 14:57:38.791047 libssl.so.3->X509_verify_cert(0x5ec8a1d2bea0, 0, 0x8000, 0xffffffff) = 1 <0.000417>
[pid 333] 14:57:38.791673 libssl.so.3->EVP_DigestVerifyInit_ex(0x5ec8a1c58810, 0x7ffc7b0a6bd8, 0, 0) = 1 <0.000154>
[pid 333] 14:57:38.791877 libssl.so.3->EVP_DigestVerify(0x5ec8a1c58810, 0x5ec8a1d38798, 3309, 0x7ffc7b0a6be0) = 1 <0.000240>
[pid 333] 14:57:38.792354 libssl.so.3->X509_verify_cert(0x5ec8a1d2bea0, 1, 1, 0) = 1 <0.000250>
[pid 333] 14:57:38.792929 libssl.so.3->EVP_DigestSignInit_ex(0x5ec8a1d33940, 0x7ffc7b0a6bc0, 0, 0) = 1 <0.000149>
[pid 333] 14:57:38.793128 libssl.so.3->EVP_DigestSign(0x5ec8a1d33940, 0, 0x7ffc7b0a6bd0, 0x7ffc7b0a6be0) = 1 <0.000160>
[pid 333] 14:57:38.793363 libssl.so.3->EVP_DigestSign(0x5ec8a1d33940, 0x5ec8a1d476f0, 0x7ffc7b0a6bd0, 0x7ffc7b0a6be0) = 1 <0.000361>
[pid 333] 14:57:38.793959 <... SSL_connect resumed> ) = 1 <0.007456>
[pid 333] 14:57:38.794217 oqsprovider.so->OQS_KEM_free(0x5ec8a1d33b70, 0x5ec8a1d33b20, 2, 0x5ec8a1d33b40) = 4 <0.000167>
Handshake duration: 7.69 ms
[pid 333] 14:57:38.796690 +++ exited (status 0) +++
Execution 68 - TLS Mutual
s_connection: verify depth is 1
[pid 335] 14:57:38.853807 openssl->SSL_connect(0x60a3e80650e0, 0x60a3e8037e50, 0x60a3e8037e50, 0x7f23218ed360 <unfinished ...>
[pid 335] 14:57:38.854250 libssl.so.3->EVP_PKEY_keygen_init(0x60a3e80677d0, 0, 176, 0x60a3e80677d0) = 1 <0.000142>
[pid 335] 14:57:38.854456 libssl.so.3->EVP_PKEY_keygen(0x60a3e80677d0, 0x7ffda4bd5150, 0, 103 <unfinished ...>
[pid 335] 14:57:38.854592 oqsprovider.so->OQS_KEM_new(0x60a3e805cc70, 8, 0, 0x60a3e8064b50) = 0x60a3e8064b70 <0.000131>
[pid 335] 14:57:38.854784 oqsprovider.so->OQS_KEM_keypair(0x60a3e8064b70, 0x60a3e8062570, 0x60a3e805f130, 0x60a3e8064b50) = 0 <0.000336>
[pid 335] 14:57:38.855178 <... EVP_PKEY_keygen resumed> ) = 1 <0.000716>
[pid 335] 14:57:38.856679 libssl.so.3->EVP_PKEY_decapsulate_init(0x60a3e80677d0, 0, 176, 0x60a3e80677d0) = 1 <0.000316>
[pid 335] 14:57:38.857054 libssl.so.3->EVP_PKEY_decapsulate(0x60a3e80677d0, 0, 0x7ffda4bd5110, 0x60a3e80697ea) = 1 <0.000125>
[pid 335] 14:57:38.857224 libssl.so.3->EVP_PKEY_decapsulate(0x60a3e80677d0, 0x60a3e8060ee0, 0x7ffda4bd5110, 0x60a3e80697ea <unfinished ...>
[pid 335] 14:57:38.857347 oqsprovider.so->OQS_KEM_decaps(0x60a3e8064b70, 0x60a3e8060ee0, 0x60a3e80697ea, 0x60a3e805f130) = 0 <0.000156>
[pid 335] 14:57:38.857547 <... EVP_PKEY_decapsulate resumed> ) = 1 <0.000319>
[pid 335] 14:57:38.858245 libssl.so.3->X509_verify_cert(0x60a3e805cea0, 0, 0x8000, 0xffffffff) = 1 <0.000378>
[pid 335] 14:57:38.858829 libssl.so.3->EVP_DigestVerifyInit_ex(0x60a3e7f89810, 0x7ffda4bd51b8, 0, 0) = 1 <0.000151>
[pid 335] 14:57:38.859031 libssl.so.3->EVP_DigestVerify(0x60a3e7f89810, 0x60a3e8069798, 3309, 0x7ffda4bd51c0) = 1 <0.000204>
[pid 335] 14:57:38.859464 libssl.so.3->X509_verify_cert(0x60a3e805cea0, 1, 1, 0) = 1 <0.000206>
[pid 335] 14:57:38.859968 libssl.so.3->EVP_DigestSignInit_ex(0x60a3e8064940, 0x7ffda4bd51a0, 0, 0) = 1 <0.000138>
[pid 335] 14:57:38.860151 libssl.so.3->EVP_DigestSign(0x60a3e8064940, 0, 0x7ffda4bd51b0, 0x7ffda4bd51c0) = 1 <0.000133>
[pid 335] 14:57:38.860335 libssl.so.3->EVP_DigestSign(0x60a3e8064940, 0x60a3e80786f0, 0x7ffda4bd51b0, 0x7ffda4bd51c0) = 1 <0.000378>
[pid 335] 14:57:38.860934 <... SSL_connect resumed> ) = 1 <0.007123>
[pid 335] 14:57:38.861266 oqsprovider.so->OQS_KEM_free(0x60a3e8064b70, 0x60a3e8064b20, 2, 0x60a3e8064b40) = 4 <0.000165>
Handshake duration: 7.33 ms
[pid 335] 14:57:38.863411 +++ exited (status 0) +++
Execution 69 - TLS Mutual
s_connection: verify depth is 1
[pid 337] 14:57:38.921192 openssl->SSL_connect(0x62817ad4c0e0, 0x62817ad1ee50, 0x62817ad1ee50, 0x729e7e7ac360 <unfinished ...>
[pid 337] 14:57:38.921666 libssl.so.3->EVP_PKEY_keygen_init(0x62817ad4e7d0, 0, 176, 0x62817ad4e7d0) = 1 <0.000162>
[pid 337] 14:57:38.921874 libssl.so.3->EVP_PKEY_keygen(0x62817ad4e7d0, 0x7ffe9f30f7e0, 0, 103 <unfinished ...>
[pid 337] 14:57:38.922015 oqsprovider.so->OQS_KEM_new(0x62817ad43c70, 8, 0, 0x62817ad4bb50) = 0x62817ad4bb70 <0.000121>
[pid 337] 14:57:38.922187 oqsprovider.so->OQS_KEM_keypair(0x62817ad4bb70, 0x62817ad49570, 0x62817ad46130, 0x62817ad4bb50) = 0 <0.000389>
[pid 337] 14:57:38.922638 <... EVP_PKEY_keygen resumed> ) = 1 <0.000757>
[pid 337] 14:57:38.924176 libssl.so.3->EVP_PKEY_decapsulate_init(0x62817ad4e7d0, 0, 176, 0x62817ad4e7d0) = 1 <0.000335>
[pid 337] 14:57:38.924571 libssl.so.3->EVP_PKEY_decapsulate(0x62817ad4e7d0, 0, 0x7ffe9f30f7a0, 0x62817ad507ea) = 1 <0.000169>
[pid 337] 14:57:38.924803 libssl.so.3->EVP_PKEY_decapsulate(0x62817ad4e7d0, 0x62817ad47ee0, 0x7ffe9f30f7a0, 0x62817ad507ea <unfinished ...>
[pid 337] 14:57:38.924985 oqsprovider.so->OQS_KEM_decaps(0x62817ad4bb70, 0x62817ad47ee0, 0x62817ad507ea, 0x62817ad46130) = 0 <0.000172>
[pid 337] 14:57:38.925209 <... EVP_PKEY_decapsulate resumed> ) = 1 <0.000397>
[pid 337] 14:57:38.926111 libssl.so.3->X509_verify_cert(0x62817ad43ea0, 0, 0x8000, 0xffffffff) = 1 <0.000503>
[pid 337] 14:57:38.926921 libssl.so.3->EVP_DigestVerifyInit_ex(0x62817ac70810, 0x7ffe9f30f848, 0, 0) = 1 <0.000188>
[pid 337] 14:57:38.927170 libssl.so.3->EVP_DigestVerify(0x62817ac70810, 0x62817ad50798, 3309, 0x7ffe9f30f850) = 1 <0.000220>
[pid 337] 14:57:38.927685 libssl.so.3->X509_verify_cert(0x62817ad43ea0, 1, 1, 0) = 1 <0.000278>
[pid 337] 14:57:38.928318 libssl.so.3->EVP_DigestSignInit_ex(0x62817ad4b940, 0x7ffe9f30f830, 0, 0) = 1 <0.000158>
[pid 337] 14:57:38.928525 libssl.so.3->EVP_DigestSign(0x62817ad4b940, 0, 0x7ffe9f30f840, 0x7ffe9f30f850) = 1 <0.000117>
[pid 337] 14:57:38.928692 libssl.so.3->EVP_DigestSign(0x62817ad4b940, 0x62817ad5f6f0, 0x7ffe9f30f840, 0x7ffe9f30f850) = 1 <0.000313>
[pid 337] 14:57:38.929216 <... SSL_connect resumed> ) = 1 <0.008039>
[pid 337] 14:57:38.929467 oqsprovider.so->OQS_KEM_free(0x62817ad4bb70, 0x62817ad4bb20, 2, 0x62817ad4bb40) = 4 <0.000149>
Handshake duration: 8.23 ms
[pid 337] 14:57:38.931838 +++ exited (status 0) +++
Execution 70 - TLS Mutual
s_connection: verify depth is 1
[pid 339] 14:57:38.988948 openssl->SSL_connect(0x5bfecdb6e0e0, 0x5bfecdb40e50, 0x5bfecdb40e50, 0x7ab002029360 <unfinished ...>
[pid 339] 14:57:38.989494 libssl.so.3->EVP_PKEY_keygen_init(0x5bfecdb707d0, 0, 176, 0x5bfecdb707d0) = 1 <0.000168>
[pid 339] 14:57:38.989715 libssl.so.3->EVP_PKEY_keygen(0x5bfecdb707d0, 0x7fff3b00e410, 0, 103 <unfinished ...>
[pid 339] 14:57:38.989831 oqsprovider.so->OQS_KEM_new(0x5bfecdb65c70, 8, 0, 0x5bfecdb6db50) = 0x5bfecdb6db70 <0.000122>
[pid 339] 14:57:38.990003 oqsprovider.so->OQS_KEM_keypair(0x5bfecdb6db70, 0x5bfecdb6b570, 0x5bfecdb68130, 0x5bfecdb6db50) = 0 <0.000344>
[pid 339] 14:57:38.990402 <... EVP_PKEY_keygen resumed> ) = 1 <0.000682>
[pid 339] 14:57:38.991855 libssl.so.3->EVP_PKEY_decapsulate_init(0x5bfecdb707d0, 0, 176, 0x5bfecdb707d0) = 1 <0.000241>
[pid 339] 14:57:38.992150 libssl.so.3->EVP_PKEY_decapsulate(0x5bfecdb707d0, 0, 0x7fff3b00e3d0, 0x5bfecdb727ea) = 1 <0.000114>
[pid 339] 14:57:38.992309 libssl.so.3->EVP_PKEY_decapsulate(0x5bfecdb707d0, 0x5bfecdb69ee0, 0x7fff3b00e3d0, 0x5bfecdb727ea <unfinished ...>
[pid 339] 14:57:38.992435 oqsprovider.so->OQS_KEM_decaps(0x5bfecdb6db70, 0x5bfecdb69ee0, 0x5bfecdb727ea, 0x5bfecdb68130) = 0 <0.000165>
[pid 339] 14:57:38.992656 <... EVP_PKEY_decapsulate resumed> ) = 1 <0.000343>
[pid 339] 14:57:38.993452 libssl.so.3->X509_verify_cert(0x5bfecdb65ea0, 0, 0x8000, 0xffffffff) = 1 <0.000357>
[pid 339] 14:57:38.994030 libssl.so.3->EVP_DigestVerifyInit_ex(0x5bfecda92810, 0x7fff3b00e478, 0, 0) = 1 <0.000115>
[pid 339] 14:57:38.994185 libssl.so.3->EVP_DigestVerify(0x5bfecda92810, 0x5bfecdb72798, 3309, 0x7fff3b00e480) = 1 <0.000191>
[pid 339] 14:57:38.994600 libssl.so.3->X509_verify_cert(0x5bfecdb65ea0, 1, 1, 0) = 1 <0.000245>
[pid 339] 14:57:38.995173 libssl.so.3->EVP_DigestSignInit_ex(0x5bfecdb6d940, 0x7fff3b00e460, 0, 0) = 1 <0.000124>
[pid 339] 14:57:38.995343 libssl.so.3->EVP_DigestSign(0x5bfecdb6d940, 0, 0x7fff3b00e470, 0x7fff3b00e480) = 1 <0.000109>
[pid 339] 14:57:38.995496 libssl.so.3->EVP_DigestSign(0x5bfecdb6d940, 0x5bfecdb816f0, 0x7fff3b00e470, 0x7fff3b00e480) = 1 <0.000340>
[pid 339] 14:57:38.996061 <... SSL_connect resumed> ) = 1 <0.007123>
[pid 339] 14:57:38.996268 oqsprovider.so->OQS_KEM_free(0x5bfecdb6db70, 0x5bfecdb6db20, 2, 0x5bfecdb6db40) = 4 <0.000123>
Handshake duration: 7.30 ms
[pid 339] 14:57:38.998718 +++ exited (status 0) +++
Execution 71 - TLS Mutual
s_connection: verify depth is 1
[pid 341] 14:57:39.057676 openssl->SSL_connect(0x56e81776e0e0, 0x56e817740e50, 0x56e817740e50, 0x7b01627d3360 <unfinished ...>
[pid 341] 14:57:39.058141 libssl.so.3->EVP_PKEY_keygen_init(0x56e8177707d0, 0, 176, 0x56e8177707d0) = 1 <0.000163>
[pid 341] 14:57:39.058364 libssl.so.3->EVP_PKEY_keygen(0x56e8177707d0, 0x7fff6ff93370, 0, 103 <unfinished ...>
[pid 341] 14:57:39.058567 oqsprovider.so->OQS_KEM_new(0x56e817765c70, 8, 0, 0x56e81776db50) = 0x56e81776db70 <0.000135>
[pid 341] 14:57:39.058756 oqsprovider.so->OQS_KEM_keypair(0x56e81776db70, 0x56e81776b570, 0x56e817768130, 0x56e81776db50) = 0 <0.000541>
[pid 341] 14:57:39.059409 <... EVP_PKEY_keygen resumed> ) = 1 <0.001033>
[pid 341] 14:57:39.061100 libssl.so.3->EVP_PKEY_decapsulate_init(0x56e8177707d0, 0, 176, 0x56e8177707d0) = 1 <0.000331>
[pid 341] 14:57:39.061479 libssl.so.3->EVP_PKEY_decapsulate(0x56e8177707d0, 0, 0x7fff6ff93330, 0x56e8177727ea) = 1 <0.000147>
[pid 341] 14:57:39.061750 libssl.so.3->EVP_PKEY_decapsulate(0x56e8177707d0, 0x56e817769ee0, 0x7fff6ff93330, 0x56e8177727ea <unfinished ...>
[pid 341] 14:57:39.061949 oqsprovider.so->OQS_KEM_decaps(0x56e81776db70, 0x56e817769ee0, 0x56e8177727ea, 0x56e817768130) = 0 <0.000225>
[pid 341] 14:57:39.062258 <... EVP_PKEY_decapsulate resumed> ) = 1 <0.000506>
[pid 341] 14:57:39.063266 libssl.so.3->X509_verify_cert(0x56e817765ea0, 0, 0x8000, 0xffffffff) = 1 <0.000579>
[pid 341] 14:57:39.064168 libssl.so.3->EVP_DigestVerifyInit_ex(0x56e817692810, 0x7fff6ff933d8, 0, 0) = 1 <0.000189>
[pid 341] 14:57:39.064409 libssl.so.3->EVP_DigestVerify(0x56e817692810, 0x56e817772798, 3309, 0x7fff6ff933e0) = 1 <0.000273>
[pid 341] 14:57:39.064960 libssl.so.3->X509_verify_cert(0x56e817765ea0, 1, 1, 0) = 1 <0.000293>
[pid 341] 14:57:39.065668 libssl.so.3->EVP_DigestSignInit_ex(0x56e81776d940, 0x7fff6ff933c0, 0, 0) = 1 <0.000201>
[pid 341] 14:57:39.065946 libssl.so.3->EVP_DigestSign(0x56e81776d940, 0, 0x7fff6ff933d0, 0x7fff6ff933e0) = 1 <0.000155>
[pid 341] 14:57:39.066148 libssl.so.3->EVP_DigestSign(0x56e81776d940, 0x56e8177816f0, 0x7fff6ff933d0, 0x7fff6ff933e0) = 1 <0.000469>
[pid 341] 14:57:39.066868 <... SSL_connect resumed> ) = 1 <0.009200>
[pid 341] 14:57:39.067107 oqsprovider.so->OQS_KEM_free(0x56e81776db70, 0x56e81776db20, 2, 0x56e81776db40) = 4 <0.000123>
Handshake duration: 9.40 ms
[pid 341] 14:57:39.070065 +++ exited (status 0) +++
Execution 72 - TLS Mutual
s_connection: verify depth is 1
[pid 343] 14:57:39.126751 openssl->SSL_connect(0x5796daaa60e0, 0x5796daa78e50, 0x5796daa78e50, 0x7a31dcb11360 <unfinished ...>
[pid 343] 14:57:39.127156 libssl.so.3->EVP_PKEY_keygen_init(0x5796daaa87d0, 0, 176, 0x5796daaa87d0) = 1 <0.000125>
[pid 343] 14:57:39.127333 libssl.so.3->EVP_PKEY_keygen(0x5796daaa87d0, 0x7ffea0bd9c30, 0, 103 <unfinished ...>
[pid 343] 14:57:39.127455 oqsprovider.so->OQS_KEM_new(0x5796daa9dc70, 8, 0, 0x5796daaa5b50) = 0x5796daaa5b70 <0.000123>
[pid 343] 14:57:39.127654 oqsprovider.so->OQS_KEM_keypair(0x5796daaa5b70, 0x5796daaa3570, 0x5796daaa0130, 0x5796daaa5b50) = 0 <0.000319>
[pid 343] 14:57:39.128030 <... EVP_PKEY_keygen resumed> ) = 1 <0.000696>
[pid 343] 14:57:39.129657 libssl.so.3->EVP_PKEY_decapsulate_init(0x5796daaa87d0, 0, 176, 0x5796daaa87d0) = 1 <0.000246>
[pid 343] 14:57:39.129950 libssl.so.3->EVP_PKEY_decapsulate(0x5796daaa87d0, 0, 0x7ffea0bd9bf0, 0x5796daaaa7ea) = 1 <0.000163>
[pid 343] 14:57:39.130194 libssl.so.3->EVP_PKEY_decapsulate(0x5796daaa87d0, 0x5796daaa1ee0, 0x7ffea0bd9bf0, 0x5796daaaa7ea <unfinished ...>
[pid 343] 14:57:39.130345 oqsprovider.so->OQS_KEM_decaps(0x5796daaa5b70, 0x5796daaa1ee0, 0x5796daaaa7ea, 0x5796daaa0130) = 0 <0.000166>
[pid 343] 14:57:39.130556 <... EVP_PKEY_decapsulate resumed> ) = 1 <0.000358>
[pid 343] 14:57:39.131279 libssl.so.3->X509_verify_cert(0x5796daa9dea0, 0, 0x8000, 0xffffffff) = 1 <0.000409>
[pid 343] 14:57:39.131947 libssl.so.3->EVP_DigestVerifyInit_ex(0x5796da9ca810, 0x7ffea0bd9c98, 0, 0) = 1 <0.000206>
[pid 343] 14:57:39.132221 libssl.so.3->EVP_DigestVerify(0x5796da9ca810, 0x5796daaaa798, 3309, 0x7ffea0bd9ca0) = 1 <0.000262>
[pid 343] 14:57:39.132714 libssl.so.3->X509_verify_cert(0x5796daa9dea0, 1, 1, 0) = 1 <0.000232>
[pid 343] 14:57:39.133287 libssl.so.3->EVP_DigestSignInit_ex(0x5796daaa5940, 0x7ffea0bd9c80, 0, 0) = 1 <0.000136>
[pid 343] 14:57:39.133482 libssl.so.3->EVP_DigestSign(0x5796daaa5940, 0, 0x7ffea0bd9c90, 0x7ffea0bd9ca0) = 1 <0.000110>
[pid 343] 14:57:39.133638 libssl.so.3->EVP_DigestSign(0x5796daaa5940, 0x5796daab96f0, 0x7ffea0bd9c90, 0x7ffea0bd9ca0) = 1 <0.000312>
[pid 343] 14:57:39.134139 <... SSL_connect resumed> ) = 1 <0.007405>
[pid 343] 14:57:39.134341 oqsprovider.so->OQS_KEM_free(0x5796daaa5b70, 0x5796daaa5b20, 2, 0x5796daaa5b40) = 4 <0.000122>
Handshake duration: 7.57 ms
[pid 343] 14:57:39.136457 +++ exited (status 0) +++
Execution 73 - TLS Mutual
s_connection: verify depth is 1
[pid 345] 14:57:39.191675 openssl->SSL_connect(0x5a09b247c0e0, 0x5a09b244ee50, 0x5a09b244ee50, 0x799c759f2360 <unfinished ...>
[pid 345] 14:57:39.192240 libssl.so.3->EVP_PKEY_keygen_init(0x5a09b247e7d0, 0, 176, 0x5a09b247e7d0) = 1 <0.000241>
[pid 345] 14:57:39.192554 libssl.so.3->EVP_PKEY_keygen(0x5a09b247e7d0, 0x7fffb07c6ea0, 0, 103 <unfinished ...>
[pid 345] 14:57:39.192727 oqsprovider.so->OQS_KEM_new(0x5a09b2473c70, 8, 0, 0x5a09b247bb50) = 0x5a09b247bb70 <0.000133>
[pid 345] 14:57:39.192911 oqsprovider.so->OQS_KEM_keypair(0x5a09b247bb70, 0x5a09b2479570, 0x5a09b2476130, 0x5a09b247bb50) = 0 <0.000372>
[pid 345] 14:57:39.193355 <... EVP_PKEY_keygen resumed> ) = 1 <0.000795>
[pid 345] 14:57:39.195129 libssl.so.3->EVP_PKEY_decapsulate_init(0x5a09b247e7d0, 0, 176, 0x5a09b247e7d0) = 1 <0.000324>
[pid 345] 14:57:39.195512 libssl.so.3->EVP_PKEY_decapsulate(0x5a09b247e7d0, 0, 0x7fffb07c6e60, 0x5a09b24807ea) = 1 <0.000144>
[pid 345] 14:57:39.195704 libssl.so.3->EVP_PKEY_decapsulate(0x5a09b247e7d0, 0x5a09b2477ee0, 0x7fffb07c6e60, 0x5a09b24807ea <unfinished ...>
[pid 345] 14:57:39.195835 oqsprovider.so->OQS_KEM_decaps(0x5a09b247bb70, 0x5a09b2477ee0, 0x5a09b24807ea, 0x5a09b2476130) = 0 <0.000158>
[pid 345] 14:57:39.196037 <... EVP_PKEY_decapsulate resumed> ) = 1 <0.000330>
[pid 345] 14:57:39.196898 libssl.so.3->X509_verify_cert(0x5a09b2473ea0, 0, 0x8000, 0xffffffff) = 1 <0.000456>
[pid 345] 14:57:39.197578 libssl.so.3->EVP_DigestVerifyInit_ex(0x5a09b23a0810, 0x7fffb07c6f08, 0, 0) = 1 <0.000144>
[pid 345] 14:57:39.197773 libssl.so.3->EVP_DigestVerify(0x5a09b23a0810, 0x5a09b2480798, 3309, 0x7fffb07c6f10) = 1 <0.000209>
[pid 345] 14:57:39.198228 libssl.so.3->X509_verify_cert(0x5a09b2473ea0, 1, 1, 0) = 1 <0.000266>
[pid 345] 14:57:39.198847 libssl.so.3->EVP_DigestSignInit_ex(0x5a09b247b940, 0x7fffb07c6ef0, 0, 0) = 1 <0.000143>
[pid 345] 14:57:39.199032 libssl.so.3->EVP_DigestSign(0x5a09b247b940, 0, 0x7fffb07c6f00, 0x7fffb07c6f10) = 1 <0.000104>
[pid 345] 14:57:39.199263 libssl.so.3->EVP_DigestSign(0x5a09b247b940, 0x5a09b248f6f0, 0x7fffb07c6f00, 0x7fffb07c6f10) = 1 <0.000629>
[pid 345] 14:57:39.200301 <... SSL_connect resumed> ) = 1 <0.008638>
[pid 345] 14:57:39.200596 oqsprovider.so->OQS_KEM_free(0x5a09b247bb70, 0x5a09b247bb20, 2, 0x5a09b247bb40) = 4 <0.000293>
Handshake duration: 8.88 ms
[pid 345] 14:57:39.203728 +++ exited (status 0) +++
Execution 74 - TLS Mutual
s_connection: verify depth is 1
[pid 347] 14:57:39.263814 openssl->SSL_connect(0x5be72588d0e0, 0x5be72585fe50, 0x5be72585fe50, 0x7bb6d5e14360 <unfinished ...>
[pid 347] 14:57:39.264395 libssl.so.3->EVP_PKEY_keygen_init(0x5be72588f7d0, 0, 176, 0x5be72588f7d0) = 1 <0.000301>
[pid 347] 14:57:39.264787 libssl.so.3->EVP_PKEY_keygen(0x5be72588f7d0, 0x7ffd9b66faa0, 0, 103 <unfinished ...>
[pid 347] 14:57:39.264986 oqsprovider.so->OQS_KEM_new(0x5be725884c70, 8, 0, 0x5be72588cb50) = 0x5be72588cb70 <0.000184>
[pid 347] 14:57:39.265275 oqsprovider.so->OQS_KEM_keypair(0x5be72588cb70, 0x5be72588a570, 0x5be725887130, 0x5be72588cb50) = 0 <0.000457>
[pid 347] 14:57:39.265792 <... EVP_PKEY_keygen resumed> ) = 1 <0.001002>
[pid 347] 14:57:39.267257 libssl.so.3->EVP_PKEY_decapsulate_init(0x5be72588f7d0, 0, 176, 0x5be72588f7d0) = 1 <0.000335>
[pid 347] 14:57:39.267661 libssl.so.3->EVP_PKEY_decapsulate(0x5be72588f7d0, 0, 0x7ffd9b66fa60, 0x5be7258917ea) = 1 <0.000163>
[pid 347] 14:57:39.267876 libssl.so.3->EVP_PKEY_decapsulate(0x5be72588f7d0, 0x5be725888ee0, 0x7ffd9b66fa60, 0x5be7258917ea <unfinished ...>
[pid 347] 14:57:39.268065 oqsprovider.so->OQS_KEM_decaps(0x5be72588cb70, 0x5be725888ee0, 0x5be7258917ea, 0x5be725887130) = 0 <0.000194>
[pid 347] 14:57:39.268302 <... EVP_PKEY_decapsulate resumed> ) = 1 <0.000419>
[pid 347] 14:57:39.269160 libssl.so.3->X509_verify_cert(0x5be725884ea0, 0, 0x8000, 0xffffffff) = 1 <0.000418>
[pid 347] 14:57:39.269776 libssl.so.3->EVP_DigestVerifyInit_ex(0x5be7257b1810, 0x7ffd9b66fb08, 0, 0) = 1 <0.000133>
[pid 347] 14:57:39.269950 libssl.so.3->EVP_DigestVerify(0x5be7257b1810, 0x5be725891798, 3309, 0x7ffd9b66fb10) = 1 <0.000363>
[pid 347] 14:57:39.270589 libssl.so.3->X509_verify_cert(0x5be725884ea0, 1, 1, 0) = 1 <0.000249>
[pid 347] 14:57:39.271132 libssl.so.3->EVP_DigestSignInit_ex(0x5be72588c940, 0x7ffd9b66faf0, 0, 0) = 1 <0.000135>
[pid 347] 14:57:39.271330 libssl.so.3->EVP_DigestSign(0x5be72588c940, 0, 0x7ffd9b66fb00, 0x7ffd9b66fb10) = 1 <0.000181>
[pid 347] 14:57:39.271557 libssl.so.3->EVP_DigestSign(0x5be72588c940, 0x5be7258a06f0, 0x7ffd9b66fb00, 0x7ffd9b66fb10) = 1 <0.000360>
[pid 347] 14:57:39.272140 <... SSL_connect resumed> ) = 1 <0.008330>
[pid 347] 14:57:39.272334 oqsprovider.so->OQS_KEM_free(0x5be72588cb70, 0x5be72588cb20, 2, 0x5be72588cb40) = 4 <0.000139>
Handshake duration: 8.54 ms
[pid 347] 14:57:39.274743 +++ exited (status 0) +++
Execution 75 - TLS Mutual
s_connection: verify depth is 1
[pid 349] 14:57:39.334723 openssl->SSL_connect(0x58b4ffc5a0e0, 0x58b4ffc2ce50, 0x58b4ffc2ce50, 0x7e8121cd9360 <unfinished ...>
[pid 349] 14:57:39.335167 libssl.so.3->EVP_PKEY_keygen_init(0x58b4ffc5c7d0, 0, 176, 0x58b4ffc5c7d0) = 1 <0.000151>
[pid 349] 14:57:39.335420 libssl.so.3->EVP_PKEY_keygen(0x58b4ffc5c7d0, 0x7ffed6841c80, 0, 103 <unfinished ...>
[pid 349] 14:57:39.335558 oqsprovider.so->OQS_KEM_new(0x58b4ffc51c70, 8, 0, 0x58b4ffc59b50) = 0x58b4ffc59b70 <0.000116>
[pid 349] 14:57:39.335721 oqsprovider.so->OQS_KEM_keypair(0x58b4ffc59b70, 0x58b4ffc57570, 0x58b4ffc54130, 0x58b4ffc59b50) = 0 <0.000338>
[pid 349] 14:57:39.336118 <... EVP_PKEY_keygen resumed> ) = 1 <0.000696>
[pid 349] 14:57:39.337528 libssl.so.3->EVP_PKEY_decapsulate_init(0x58b4ffc5c7d0, 0, 176, 0x58b4ffc5c7d0) = 1 <0.000255>
[pid 349] 14:57:39.337824 libssl.so.3->EVP_PKEY_decapsulate(0x58b4ffc5c7d0, 0, 0x7ffed6841c40, 0x58b4ffc5e7ea) = 1 <0.000121>
[pid 349] 14:57:39.337989 libssl.so.3->EVP_PKEY_decapsulate(0x58b4ffc5c7d0, 0x58b4ffc55ee0, 0x7ffed6841c40, 0x58b4ffc5e7ea <unfinished ...>
[pid 349] 14:57:39.338107 oqsprovider.so->OQS_KEM_decaps(0x58b4ffc59b70, 0x58b4ffc55ee0, 0x58b4ffc5e7ea, 0x58b4ffc54130) = 0 <0.000154>
[pid 349] 14:57:39.338302 <... EVP_PKEY_decapsulate resumed> ) = 1 <0.000312>
[pid 349] 14:57:39.339019 libssl.so.3->X509_verify_cert(0x58b4ffc51ea0, 0, 0x8000, 0xffffffff) = 1 <0.000342>
[pid 349] 14:57:39.339555 libssl.so.3->EVP_DigestVerifyInit_ex(0x58b4ffb7e810, 0x7ffed6841ce8, 0, 0) = 1 <0.000131>
[pid 349] 14:57:39.339725 libssl.so.3->EVP_DigestVerify(0x58b4ffb7e810, 0x58b4ffc5e798, 3309, 0x7ffed6841cf0) = 1 <0.000171>
[pid 349] 14:57:39.340089 libssl.so.3->X509_verify_cert(0x58b4ffc51ea0, 1, 1, 0) = 1 <0.000201>
[pid 349] 14:57:39.340586 libssl.so.3->EVP_DigestSignInit_ex(0x58b4ffc59940, 0x7ffed6841cd0, 0, 0) = 1 <0.000123>
[pid 349] 14:57:39.340779 libssl.so.3->EVP_DigestSign(0x58b4ffc59940, 0, 0x7ffed6841ce0, 0x7ffed6841cf0) = 1 <0.000129>
[pid 349] 14:57:39.340949 libssl.so.3->EVP_DigestSign(0x58b4ffc59940, 0x58b4ffc6d6f0, 0x7ffed6841ce0, 0x7ffed6841cf0) = 1 <0.000320>
[pid 349] 14:57:39.341464 <... SSL_connect resumed> ) = 1 <0.006753>
[pid 349] 14:57:39.341666 oqsprovider.so->OQS_KEM_free(0x58b4ffc59b70, 0x58b4ffc59b20, 2, 0x58b4ffc59b40) = 4 <0.000217>
Handshake duration: 6.93 ms
[pid 349] 14:57:39.343989 +++ exited (status 0) +++
Execution 76 - TLS Mutual
s_connection: verify depth is 1
[pid 351] 14:57:39.399190 openssl->SSL_connect(0x5f531a97a0e0, 0x5f531a94ce50, 0x5f531a94ce50, 0x706919995360 <unfinished ...>
[pid 351] 14:57:39.399718 libssl.so.3->EVP_PKEY_keygen_init(0x5f531a97c7d0, 0, 176, 0x5f531a97c7d0) = 1 <0.000213>
[pid 351] 14:57:39.400003 libssl.so.3->EVP_PKEY_keygen(0x5f531a97c7d0, 0x7ffd750bd2f0, 0, 103 <unfinished ...>
[pid 351] 14:57:39.400177 oqsprovider.so->OQS_KEM_new(0x5f531a971c70, 8, 0, 0x5f531a979b50) = 0x5f531a979b70 <0.000202>
[pid 351] 14:57:39.400471 oqsprovider.so->OQS_KEM_keypair(0x5f531a979b70, 0x5f531a977570, 0x5f531a974130, 0x5f531a979b50) = 0 <0.000392>
[pid 351] 14:57:39.400920 <... EVP_PKEY_keygen resumed> ) = 1 <0.000912>
[pid 351] 14:57:39.402593 libssl.so.3->EVP_PKEY_decapsulate_init(0x5f531a97c7d0, 0, 176, 0x5f531a97c7d0) = 1 <0.000305>
[pid 351] 14:57:39.402943 libssl.so.3->EVP_PKEY_decapsulate(0x5f531a97c7d0, 0, 0x7ffd750bd2b0, 0x5f531a97e7ea) = 1 <0.000114>
[pid 351] 14:57:39.403102 libssl.so.3->EVP_PKEY_decapsulate(0x5f531a97c7d0, 0x5f531a975ee0, 0x7ffd750bd2b0, 0x5f531a97e7ea <unfinished ...>
[pid 351] 14:57:39.403223 oqsprovider.so->OQS_KEM_decaps(0x5f531a979b70, 0x5f531a975ee0, 0x5f531a97e7ea, 0x5f531a974130) = 0 <0.000171>
[pid 351] 14:57:39.403457 <... EVP_PKEY_decapsulate resumed> ) = 1 <0.000352>
[pid 351] 14:57:39.404166 libssl.so.3->X509_verify_cert(0x5f531a971ea0, 0, 0x8000, 0xffffffff) = 1 <0.000367>
[pid 351] 14:57:39.404710 libssl.so.3->EVP_DigestVerifyInit_ex(0x5f531a89e810, 0x7ffd750bd358, 0, 0) = 1 <0.000114>
[pid 351] 14:57:39.404864 libssl.so.3->EVP_DigestVerify(0x5f531a89e810, 0x5f531a97e798, 3309, 0x7ffd750bd360) = 1 <0.000163>
[pid 351] 14:57:39.405232 libssl.so.3->X509_verify_cert(0x5f531a971ea0, 1, 1, 0) = 1 <0.000299>
[pid 351] 14:57:39.405835 libssl.so.3->EVP_DigestSignInit_ex(0x5f531a979940, 0x7ffd750bd340, 0, 0) = 1 <0.000128>
[pid 351] 14:57:39.406005 libssl.so.3->EVP_DigestSign(0x5f531a979940, 0, 0x7ffd750bd350, 0x7ffd750bd360) = 1 <0.000111>
[pid 351] 14:57:39.406172 libssl.so.3->EVP_DigestSign(0x5f531a979940, 0x5f531a98d6f0, 0x7ffd750bd350, 0x7ffd750bd360) = 1 <0.000321>
[pid 351] 14:57:39.406666 <... SSL_connect resumed> ) = 1 <0.007488>
[pid 351] 14:57:39.406847 oqsprovider.so->OQS_KEM_free(0x5f531a979b70, 0x5f531a979b20, 2, 0x5f531a979b40) = 4 <0.000105>
Handshake duration: 7.66 ms
[pid 351] 14:57:39.409028 +++ exited (status 0) +++
Execution 77 - TLS Mutual
s_connection: verify depth is 1
[pid 353] 14:57:39.466219 openssl->SSL_connect(0x61c2388590e0, 0x61c23882be50, 0x61c23882be50, 0x7325dc3da360 <unfinished ...>
[pid 353] 14:57:39.466662 libssl.so.3->EVP_PKEY_keygen_init(0x61c23885b7d0, 0, 176, 0x61c23885b7d0) = 1 <0.000144>
[pid 353] 14:57:39.466855 libssl.so.3->EVP_PKEY_keygen(0x61c23885b7d0, 0x7fff05b8d4e0, 0, 103 <unfinished ...>
[pid 353] 14:57:39.466974 oqsprovider.so->OQS_KEM_new(0x61c238850c70, 8, 0, 0x61c238858b50) = 0x61c238858b70 <0.000118>
[pid 353] 14:57:39.467132 oqsprovider.so->OQS_KEM_keypair(0x61c238858b70, 0x61c238856570, 0x61c238853130, 0x61c238858b50) = 0 <0.000335>
[pid 353] 14:57:39.467527 <... EVP_PKEY_keygen resumed> ) = 1 <0.000667>
[pid 353] 14:57:39.468947 libssl.so.3->EVP_PKEY_decapsulate_init(0x61c23885b7d0, 0, 176, 0x61c23885b7d0) = 1 <0.000232>
[pid 353] 14:57:39.469221 libssl.so.3->EVP_PKEY_decapsulate(0x61c23885b7d0, 0, 0x7fff05b8d4a0, 0x61c23885d7ea) = 1 <0.000122>
[pid 353] 14:57:39.469387 libssl.so.3->EVP_PKEY_decapsulate(0x61c23885b7d0, 0x61c238854ee0, 0x7fff05b8d4a0, 0x61c23885d7ea <unfinished ...>
[pid 353] 14:57:39.469516 oqsprovider.so->OQS_KEM_decaps(0x61c238858b70, 0x61c238854ee0, 0x61c23885d7ea, 0x61c238853130) = 0 <0.000147>
[pid 353] 14:57:39.469706 <... EVP_PKEY_decapsulate resumed> ) = 1 <0.000314>
[pid 353] 14:57:39.470436 libssl.so.3->X509_verify_cert(0x61c238850ea0, 0, 0x8000, 0xffffffff) = 1 <0.000359>
[pid 353] 14:57:39.470969 libssl.so.3->EVP_DigestVerifyInit_ex(0x61c23877d810, 0x7fff05b8d548, 0, 0) = 1 <0.000119>
[pid 353] 14:57:39.471131 libssl.so.3->EVP_DigestVerify(0x61c23877d810, 0x61c23885d798, 3309, 0x7fff05b8d550) = 1 <0.000174>
[pid 353] 14:57:39.471519 libssl.so.3->X509_verify_cert(0x61c238850ea0, 1, 1, 0) = 1 <0.000209>
[pid 353] 14:57:39.472020 libssl.so.3->EVP_DigestSignInit_ex(0x61c238858940, 0x7fff05b8d530, 0, 0) = 1 <0.000127>
[pid 353] 14:57:39.472206 libssl.so.3->EVP_DigestSign(0x61c238858940, 0, 0x7fff05b8d540, 0x7fff05b8d550) = 1 <0.000152>
[pid 353] 14:57:39.472404 libssl.so.3->EVP_DigestSign(0x61c238858940, 0x61c23886c6f0, 0x7fff05b8d540, 0x7fff05b8d550) = 1 <0.000347>
[pid 353] 14:57:39.472937 <... SSL_connect resumed> ) = 1 <0.006725>
[pid 353] 14:57:39.473147 oqsprovider.so->OQS_KEM_free(0x61c238858b70, 0x61c238858b20, 2, 0x61c238858b40) = 4 <0.000120>
Handshake duration: 6.90 ms
[pid 353] 14:57:39.475158 +++ exited (status 0) +++
Execution 78 - TLS Mutual
s_connection: verify depth is 1
[pid 355] 14:57:39.550589 openssl->SSL_connect(0x6430faf200e0, 0x6430faef2e50, 0x6430faef2e50, 0x7239b4d2d360 <unfinished ...>
[pid 355] 14:57:39.551141 libssl.so.3->EVP_PKEY_keygen_init(0x6430faf227d0, 0, 176, 0x6430faf227d0) = 1 <0.000263>
[pid 355] 14:57:39.551499 libssl.so.3->EVP_PKEY_keygen(0x6430faf227d0, 0x7ffd4e7caff0, 0, 103 <unfinished ...>
[pid 355] 14:57:39.551660 oqsprovider.so->OQS_KEM_new(0x6430faf17c70, 8, 0, 0x6430faf1fb50) = 0x6430faf1fb70 <0.000175>
[pid 355] 14:57:39.551902 oqsprovider.so->OQS_KEM_keypair(0x6430faf1fb70, 0x6430faf1d570, 0x6430faf1a130, 0x6430faf1fb50) = 0 <0.000400>
[pid 355] 14:57:39.552373 <... EVP_PKEY_keygen resumed> ) = 1 <0.000870>
[pid 355] 14:57:39.553842 libssl.so.3->EVP_PKEY_decapsulate_init(0x6430faf227d0, 0, 176, 0x6430faf227d0) = 1 <0.000267>
[pid 355] 14:57:39.554177 libssl.so.3->EVP_PKEY_decapsulate(0x6430faf227d0, 0, 0x7ffd4e7cafb0, 0x6430faf247ea) = 1 <0.000139>
[pid 355] 14:57:39.554365 libssl.so.3->EVP_PKEY_decapsulate(0x6430faf227d0, 0x6430faf1bee0, 0x7ffd4e7cafb0, 0x6430faf247ea <unfinished ...>
[pid 355] 14:57:39.554518 oqsprovider.so->OQS_KEM_decaps(0x6430faf1fb70, 0x6430faf1bee0, 0x6430faf247ea, 0x6430faf1a130) = 0 <0.000171>
[pid 355] 14:57:39.554743 <... EVP_PKEY_decapsulate resumed> ) = 1 <0.000373>
[pid 355] 14:57:39.555481 libssl.so.3->X509_verify_cert(0x6430faf17ea0, 0, 0x8000, 0xffffffff) = 1 <0.000384>
[pid 355] 14:57:39.556115 libssl.so.3->EVP_DigestVerifyInit_ex(0x6430fae44810, 0x7ffd4e7cb058, 0, 0) = 1 <0.000167>
[pid 355] 14:57:39.556339 libssl.so.3->EVP_DigestVerify(0x6430fae44810, 0x6430faf24798, 3309, 0x7ffd4e7cb060) = 1 <0.000248>
[pid 355] 14:57:39.556803 libssl.so.3->X509_verify_cert(0x6430faf17ea0, 1, 1, 0) = 1 <0.000234>
[pid 355] 14:57:39.557352 libssl.so.3->EVP_DigestSignInit_ex(0x6430faf1f940, 0x7ffd4e7cb040, 0, 0) = 1 <0.000153>
[pid 355] 14:57:39.557550 libssl.so.3->EVP_DigestSign(0x6430faf1f940, 0, 0x7ffd4e7cb050, 0x7ffd4e7cb060) = 1 <0.000128>
[pid 355] 14:57:39.557721 libssl.so.3->EVP_DigestSign(0x6430faf1f940, 0x6430faf336f0, 0x7ffd4e7cb050, 0x7ffd4e7cb060) = 1 <0.000306>
[pid 355] 14:57:39.558205 <... SSL_connect resumed> ) = 1 <0.007629>
[pid 355] 14:57:39.558408 oqsprovider.so->OQS_KEM_free(0x6430faf1fb70, 0x6430faf1fb20, 2, 0x6430faf1fb40) = 4 <0.000142>
Handshake duration: 7.81 ms
[pid 355] 14:57:39.560420 +++ exited (status 0) +++
Execution 79 - TLS Mutual
s_connection: verify depth is 1
[pid 357] 14:57:39.617662 openssl->SSL_connect(0x59fdaf0bb0e0, 0x59fdaf08de50, 0x59fdaf08de50, 0x7d87940b0360 <unfinished ...>
[pid 357] 14:57:39.618126 libssl.so.3->EVP_PKEY_keygen_init(0x59fdaf0bd7d0, 0, 176, 0x59fdaf0bd7d0) = 1 <0.000152>
[pid 357] 14:57:39.618330 libssl.so.3->EVP_PKEY_keygen(0x59fdaf0bd7d0, 0x7ffe02ee6b40, 0, 103 <unfinished ...>
[pid 357] 14:57:39.618471 oqsprovider.so->OQS_KEM_new(0x59fdaf0b2c70, 8, 0, 0x59fdaf0bab50) = 0x59fdaf0bab70 <0.000125>
[pid 357] 14:57:39.618648 oqsprovider.so->OQS_KEM_keypair(0x59fdaf0bab70, 0x59fdaf0b8570, 0x59fdaf0b5130, 0x59fdaf0bab50) = 0 <0.000316>
[pid 357] 14:57:39.619016 <... EVP_PKEY_keygen resumed> ) = 1 <0.000685>
[pid 357] 14:57:39.620528 libssl.so.3->EVP_PKEY_decapsulate_init(0x59fdaf0bd7d0, 0, 176, 0x59fdaf0bd7d0) = 1 <0.000239>
[pid 357] 14:57:39.620810 libssl.so.3->EVP_PKEY_decapsulate(0x59fdaf0bd7d0, 0, 0x7ffe02ee6b00, 0x59fdaf0bf7ea) = 1 <0.000117>
[pid 357] 14:57:39.620969 libssl.so.3->EVP_PKEY_decapsulate(0x59fdaf0bd7d0, 0x59fdaf0b6ee0, 0x7ffe02ee6b00, 0x59fdaf0bf7ea <unfinished ...>
[pid 357] 14:57:39.621097 oqsprovider.so->OQS_KEM_decaps(0x59fdaf0bab70, 0x59fdaf0b6ee0, 0x59fdaf0bf7ea, 0x59fdaf0b5130) = 0 <0.000156>
[pid 357] 14:57:39.621287 <... EVP_PKEY_decapsulate resumed> ) = 1 <0.000318>
[pid 357] 14:57:39.622009 libssl.so.3->X509_verify_cert(0x59fdaf0b2ea0, 0, 0x8000, 0xffffffff) = 1 <0.000397>
[pid 357] 14:57:39.622633 libssl.so.3->EVP_DigestVerifyInit_ex(0x59fdaefdf810, 0x7ffe02ee6ba8, 0, 0) = 1 <0.000133>
[pid 357] 14:57:39.622814 libssl.so.3->EVP_DigestVerify(0x59fdaefdf810, 0x59fdaf0bf798, 3309, 0x7ffe02ee6bb0) = 1 <0.000232>
[pid 357] 14:57:39.623298 libssl.so.3->X509_verify_cert(0x59fdaf0b2ea0, 1, 1, 0) = 1 <0.000251>
[pid 357] 14:57:39.623914 libssl.so.3->EVP_DigestSignInit_ex(0x59fdaf0ba940, 0x7ffe02ee6b90, 0, 0) = 1 <0.000200>
[pid 357] 14:57:39.624189 libssl.so.3->EVP_DigestSign(0x59fdaf0ba940, 0, 0x7ffe02ee6ba0, 0x7ffe02ee6bb0) = 1 <0.000159>
[pid 357] 14:57:39.624400 libssl.so.3->EVP_DigestSign(0x59fdaf0ba940, 0x59fdaf0ce6f0, 0x7ffe02ee6ba0, 0x7ffe02ee6bb0) = 1 <0.000495>
[pid 357] 14:57:39.625099 <... SSL_connect resumed> ) = 1 <0.007443>
[pid 357] 14:57:39.625309 oqsprovider.so->OQS_KEM_free(0x59fdaf0bab70, 0x59fdaf0bab20, 2, 0x59fdaf0bab40) = 4 <0.000148>
Handshake duration: 7.62 ms
[pid 357] 14:57:39.627398 +++ exited (status 0) +++
Execution 80 - TLS Mutual
s_connection: verify depth is 1
[pid 359] 14:57:39.681193 openssl->SSL_connect(0x594d252080e0, 0x594d251dae50, 0x594d251dae50, 0x7a4e40085360 <unfinished ...>
[pid 359] 14:57:39.681628 libssl.so.3->EVP_PKEY_keygen_init(0x594d2520a7d0, 0, 176, 0x594d2520a7d0) = 1 <0.000129>
[pid 359] 14:57:39.681805 libssl.so.3->EVP_PKEY_keygen(0x594d2520a7d0, 0x7fffea9c5d40, 0, 103 <unfinished ...>
[pid 359] 14:57:39.681932 oqsprovider.so->OQS_KEM_new(0x594d251ffc70, 8, 0, 0x594d25207b50) = 0x594d25207b70 <0.000117>
[pid 359] 14:57:39.682096 oqsprovider.so->OQS_KEM_keypair(0x594d25207b70, 0x594d25205570, 0x594d25202130, 0x594d25207b50) = 0 <0.000344>
[pid 359] 14:57:39.682488 <... EVP_PKEY_keygen resumed> ) = 1 <0.000682>
[pid 359] 14:57:39.683830 libssl.so.3->EVP_PKEY_decapsulate_init(0x594d2520a7d0, 0, 176, 0x594d2520a7d0) = 1 <0.000313>
[pid 359] 14:57:39.684206 libssl.so.3->EVP_PKEY_decapsulate(0x594d2520a7d0, 0, 0x7fffea9c5d00, 0x594d2520c7ea) = 1 <0.000136>
[pid 359] 14:57:39.684387 libssl.so.3->EVP_PKEY_decapsulate(0x594d2520a7d0, 0x594d25203ee0, 0x7fffea9c5d00, 0x594d2520c7ea <unfinished ...>
[pid 359] 14:57:39.684518 oqsprovider.so->OQS_KEM_decaps(0x594d25207b70, 0x594d25203ee0, 0x594d2520c7ea, 0x594d25202130) = 0 <0.000172>
[pid 359] 14:57:39.684739 <... EVP_PKEY_decapsulate resumed> ) = 1 <0.000347>
[pid 359] 14:57:39.685443 libssl.so.3->X509_verify_cert(0x594d251ffea0, 0, 0x8000, 0xffffffff) = 1 <0.000342>
[pid 359] 14:57:39.686015 libssl.so.3->EVP_DigestVerifyInit_ex(0x594d2512c810, 0x7fffea9c5da8, 0, 0) = 1 <0.000169>
[pid 359] 14:57:39.686227 libssl.so.3->EVP_DigestVerify(0x594d2512c810, 0x594d2520c798, 3309, 0x7fffea9c5db0) = 1 <0.000186>
[pid 359] 14:57:39.686670 libssl.so.3->X509_verify_cert(0x594d251ffea0, 1, 1, 0) = 1 <0.000238>
[pid 359] 14:57:39.687197 libssl.so.3->EVP_DigestSignInit_ex(0x594d25207940, 0x7fffea9c5d90, 0, 0) = 1 <0.000142>
[pid 359] 14:57:39.687421 libssl.so.3->EVP_DigestSign(0x594d25207940, 0, 0x7fffea9c5da0, 0x7fffea9c5db0) = 1 <0.000155>
[pid 359] 14:57:39.687617 libssl.so.3->EVP_DigestSign(0x594d25207940, 0x594d2521b6f0, 0x7fffea9c5da0, 0x7fffea9c5db0) = 1 <0.000500>
[pid 359] 14:57:39.688348 <... SSL_connect resumed> ) = 1 <0.007164>
[pid 359] 14:57:39.688574 oqsprovider.so->OQS_KEM_free(0x594d25207b70, 0x594d25207b20, 2, 0x594d25207b40) = 4 <0.000123>
Handshake duration: 7.35 ms
[pid 359] 14:57:39.690620 +++ exited (status 0) +++
Execution 81 - TLS Mutual
s_connection: verify depth is 1
[pid 361] 14:57:39.745914 openssl->SSL_connect(0x5f3f9469e0e0, 0x5f3f94670e50, 0x5f3f94670e50, 0x77a3a41fb360 <unfinished ...>
[pid 361] 14:57:39.746318 libssl.so.3->EVP_PKEY_keygen_init(0x5f3f946a07d0, 0, 176, 0x5f3f946a07d0) = 1 <0.000148>
[pid 361] 14:57:39.746518 libssl.so.3->EVP_PKEY_keygen(0x5f3f946a07d0, 0x7ffe5656c2f0, 0, 103 <unfinished ...>
[pid 361] 14:57:39.746668 oqsprovider.so->OQS_KEM_new(0x5f3f94695c70, 8, 0, 0x5f3f9469db50) = 0x5f3f9469db70 <0.000137>
[pid 361] 14:57:39.746866 oqsprovider.so->OQS_KEM_keypair(0x5f3f9469db70, 0x5f3f9469b570, 0x5f3f94698130, 0x5f3f9469db50) = 0 <0.000374>
[pid 361] 14:57:39.747292 <... EVP_PKEY_keygen resumed> ) = 1 <0.000769>
[pid 361] 14:57:39.748743 libssl.so.3->EVP_PKEY_decapsulate_init(0x5f3f946a07d0, 0, 176, 0x5f3f946a07d0) = 1 <0.000230>
[pid 361] 14:57:39.749013 libssl.so.3->EVP_PKEY_decapsulate(0x5f3f946a07d0, 0, 0x7ffe5656c2b0, 0x5f3f946a27ea) = 1 <0.000108>
[pid 361] 14:57:39.749169 libssl.so.3->EVP_PKEY_decapsulate(0x5f3f946a07d0, 0x5f3f94699ee0, 0x7ffe5656c2b0, 0x5f3f946a27ea <unfinished ...>
[pid 361] 14:57:39.749289 oqsprovider.so->OQS_KEM_decaps(0x5f3f9469db70, 0x5f3f94699ee0, 0x5f3f946a27ea, 0x5f3f94698130) = 0 <0.000163>
[pid 361] 14:57:39.749493 <... EVP_PKEY_decapsulate resumed> ) = 1 <0.000319>
[pid 361] 14:57:39.750193 libssl.so.3->X509_verify_cert(0x5f3f94695ea0, 0, 0x8000, 0xffffffff) = 1 <0.000352>
[pid 361] 14:57:39.750728 libssl.so.3->EVP_DigestVerifyInit_ex(0x5f3f945c2810, 0x7ffe5656c358, 0, 0) = 1 <0.000110>
[pid 361] 14:57:39.750887 libssl.so.3->EVP_DigestVerify(0x5f3f945c2810, 0x5f3f946a2798, 3309, 0x7ffe5656c360) = 1 <0.000176>
[pid 361] 14:57:39.751259 libssl.so.3->X509_verify_cert(0x5f3f94695ea0, 1, 1, 0) = 1 <0.000226>
[pid 361] 14:57:39.751789 libssl.so.3->EVP_DigestSignInit_ex(0x5f3f9469d940, 0x7ffe5656c340, 0, 0) = 1 <0.000125>
[pid 361] 14:57:39.751958 libssl.so.3->EVP_DigestSign(0x5f3f9469d940, 0, 0x7ffe5656c350, 0x7ffe5656c360) = 1 <0.000136>
[pid 361] 14:57:39.752181 libssl.so.3->EVP_DigestSign(0x5f3f9469d940, 0x5f3f946b16f0, 0x7ffe5656c350, 0x7ffe5656c360) = 1 <0.000382>
[pid 361] 14:57:39.752761 <... SSL_connect resumed> ) = 1 <0.006854>
[pid 361] 14:57:39.752969 oqsprovider.so->OQS_KEM_free(0x5f3f9469db70, 0x5f3f9469db20, 2, 0x5f3f9469db40) = 4 <0.000129>
Handshake duration: 7.03 ms
[pid 361] 14:57:39.755102 +++ exited (status 0) +++
Execution 82 - TLS Mutual
s_connection: verify depth is 1
[pid 363] 14:57:39.810951 openssl->SSL_connect(0x5a9e452260e0, 0x5a9e451f8e50, 0x5a9e451f8e50, 0x7a7ac1b3b360 <unfinished ...>
[pid 363] 14:57:39.811548 libssl.so.3->EVP_PKEY_keygen_init(0x5a9e452287d0, 0, 176, 0x5a9e452287d0) = 1 <0.000183>
[pid 363] 14:57:39.811780 libssl.so.3->EVP_PKEY_keygen(0x5a9e452287d0, 0x7fff1aa33bd0, 0, 103 <unfinished ...>
[pid 363] 14:57:39.811927 oqsprovider.so->OQS_KEM_new(0x5a9e4521dc70, 8, 0, 0x5a9e45225b50) = 0x5a9e45225b70 <0.000118>
[pid 363] 14:57:39.812095 oqsprovider.so->OQS_KEM_keypair(0x5a9e45225b70, 0x5a9e45223570, 0x5a9e45220130, 0x5a9e45225b50) = 0 <0.000469>
[pid 363] 14:57:39.812634 <... EVP_PKEY_keygen resumed> ) = 1 <0.000850>
[pid 363] 14:57:39.813989 libssl.so.3->EVP_PKEY_decapsulate_init(0x5a9e452287d0, 0, 176, 0x5a9e452287d0) = 1 <0.000231>
[pid 363] 14:57:39.814262 libssl.so.3->EVP_PKEY_decapsulate(0x5a9e452287d0, 0, 0x7fff1aa33b90, 0x5a9e4522a7ea) = 1 <0.000120>
[pid 363] 14:57:39.814440 libssl.so.3->EVP_PKEY_decapsulate(0x5a9e452287d0, 0x5a9e45221ee0, 0x7fff1aa33b90, 0x5a9e4522a7ea <unfinished ...>
[pid 363] 14:57:39.814566 oqsprovider.so->OQS_KEM_decaps(0x5a9e45225b70, 0x5a9e45221ee0, 0x5a9e4522a7ea, 0x5a9e45220130) = 0 <0.000165>
[pid 363] 14:57:39.814772 <... EVP_PKEY_decapsulate resumed> ) = 1 <0.000327>
[pid 363] 14:57:39.815538 libssl.so.3->X509_verify_cert(0x5a9e4521dea0, 0, 0x8000, 0xffffffff) = 1 <0.000350>
[pid 363] 14:57:39.816083 libssl.so.3->EVP_DigestVerifyInit_ex(0x5a9e4514a810, 0x7fff1aa33c38, 0, 0) = 1 <0.000126>
[pid 363] 14:57:39.816252 libssl.so.3->EVP_DigestVerify(0x5a9e4514a810, 0x5a9e4522a798, 3309, 0x7fff1aa33c40) = 1 <0.000216>
[pid 363] 14:57:39.816674 libssl.so.3->X509_verify_cert(0x5a9e4521dea0, 1, 1, 0) = 1 <0.000214>
[pid 363] 14:57:39.817196 libssl.so.3->EVP_DigestSignInit_ex(0x5a9e45225940, 0x7fff1aa33c20, 0, 0) = 1 <0.000125>
[pid 363] 14:57:39.817362 libssl.so.3->EVP_DigestSign(0x5a9e45225940, 0, 0x7fff1aa33c30, 0x7fff1aa33c40) = 1 <0.000137>
[pid 363] 14:57:39.817540 libssl.so.3->EVP_DigestSign(0x5a9e45225940, 0x5a9e452396f0, 0x7fff1aa33c30, 0x7fff1aa33c40) = 1 <0.000275>
[pid 363] 14:57:39.818001 <... SSL_connect resumed> ) = 1 <0.007061>
[pid 363] 14:57:39.818185 oqsprovider.so->OQS_KEM_free(0x5a9e45225b70, 0x5a9e45225b20, 2, 0x5a9e45225b40) = 4 <0.000101>
Handshake duration: 7.22 ms
[pid 363] 14:57:39.820124 +++ exited (status 0) +++
Execution 83 - TLS Mutual
s_connection: verify depth is 1
[pid 365] 14:57:39.876077 openssl->SSL_connect(0x57292c66e0e0, 0x57292c640e50, 0x57292c640e50, 0x762fd9616360 <unfinished ...>
[pid 365] 14:57:39.876528 libssl.so.3->EVP_PKEY_keygen_init(0x57292c6707d0, 0, 176, 0x57292c6707d0) = 1 <0.000158>
[pid 365] 14:57:39.876732 libssl.so.3->EVP_PKEY_keygen(0x57292c6707d0, 0x7fff1a6efea0, 0, 103 <unfinished ...>
[pid 365] 14:57:39.876848 oqsprovider.so->OQS_KEM_new(0x57292c665c70, 8, 0, 0x57292c66db50) = 0x57292c66db70 <0.000113>
[pid 365] 14:57:39.877005 oqsprovider.so->OQS_KEM_keypair(0x57292c66db70, 0x57292c66b570, 0x57292c668130, 0x57292c66db50) = 0 <0.000314>
[pid 365] 14:57:39.877381 <... EVP_PKEY_keygen resumed> ) = 1 <0.000643>
[pid 365] 14:57:39.878848 libssl.so.3->EVP_PKEY_decapsulate_init(0x57292c6707d0, 0, 176, 0x57292c6707d0) = 1 <0.000334>
[pid 365] 14:57:39.879244 libssl.so.3->EVP_PKEY_decapsulate(0x57292c6707d0, 0, 0x7fff1a6efe60, 0x57292c6727ea) = 1 <0.000145>
[pid 365] 14:57:39.879446 libssl.so.3->EVP_PKEY_decapsulate(0x57292c6707d0, 0x57292c669ee0, 0x7fff1a6efe60, 0x57292c6727ea <unfinished ...>
[pid 365] 14:57:39.879610 oqsprovider.so->OQS_KEM_decaps(0x57292c66db70, 0x57292c669ee0, 0x57292c6727ea, 0x57292c668130) = 0 <0.000165>
[pid 365] 14:57:39.879828 <... EVP_PKEY_decapsulate resumed> ) = 1 <0.000379>
[pid 365] 14:57:39.880588 libssl.so.3->X509_verify_cert(0x57292c665ea0, 0, 0x8000, 0xffffffff) = 1 <0.000406>
[pid 365] 14:57:39.881284 libssl.so.3->EVP_DigestVerifyInit_ex(0x57292c592810, 0x7fff1a6eff08, 0, 0) = 1 <0.000282>
[pid 365] 14:57:39.881637 libssl.so.3->EVP_DigestVerify(0x57292c592810, 0x57292c672798, 3309, 0x7fff1a6eff10) = 1 <0.000247>
[pid 365] 14:57:39.882119 libssl.so.3->X509_verify_cert(0x57292c665ea0, 1, 1, 0) = 1 <0.000256>
[pid 365] 14:57:39.882711 libssl.so.3->EVP_DigestSignInit_ex(0x57292c66d940, 0x7fff1a6efef0, 0, 0) = 1 <0.000181>
[pid 365] 14:57:39.882951 libssl.so.3->EVP_DigestSign(0x57292c66d940, 0, 0x7fff1a6eff00, 0x7fff1a6eff10) = 1 <0.000175>
[pid 365] 14:57:39.883204 libssl.so.3->EVP_DigestSign(0x57292c66d940, 0x57292c6816f0, 0x7fff1a6eff00, 0x7fff1a6eff10) = 1 <0.000392>
[pid 365] 14:57:39.883812 <... SSL_connect resumed> ) = 1 <0.007749>
[pid 365] 14:57:39.884107 oqsprovider.so->OQS_KEM_free(0x57292c66db70, 0x57292c66db20, 2, 0x57292c66db40) = 4 <0.000187>
Handshake duration: 7.96 ms
[pid 365] 14:57:39.886961 +++ exited (status 0) +++
Execution 84 - TLS Mutual
s_connection: verify depth is 1
[pid 367] 14:57:39.942618 openssl->SSL_connect(0x62aa536bf0e0, 0x62aa53691e50, 0x62aa53691e50, 0x7095a05cb360 <unfinished ...>
[pid 367] 14:57:39.943072 libssl.so.3->EVP_PKEY_keygen_init(0x62aa536c17d0, 0, 176, 0x62aa536c17d0) = 1 <0.000150>
[pid 367] 14:57:39.943273 libssl.so.3->EVP_PKEY_keygen(0x62aa536c17d0, 0x7ffd455914d0, 0, 103 <unfinished ...>
[pid 367] 14:57:39.943410 oqsprovider.so->OQS_KEM_new(0x62aa536b6c70, 8, 0, 0x62aa536beb50) = 0x62aa536beb70 <0.000144>
[pid 367] 14:57:39.943603 oqsprovider.so->OQS_KEM_keypair(0x62aa536beb70, 0x62aa536bc570, 0x62aa536b9130, 0x62aa536beb50) = 0 <0.000328>
[pid 367] 14:57:39.943981 <... EVP_PKEY_keygen resumed> ) = 1 <0.000703>
[pid 367] 14:57:39.945351 libssl.so.3->EVP_PKEY_decapsulate_init(0x62aa536c17d0, 0, 176, 0x62aa536c17d0) = 1 <0.000287>
[pid 367] 14:57:39.945678 libssl.so.3->EVP_PKEY_decapsulate(0x62aa536c17d0, 0, 0x7ffd45591490, 0x62aa536c37ea) = 1 <0.000123>
[pid 367] 14:57:39.945847 libssl.so.3->EVP_PKEY_decapsulate(0x62aa536c17d0, 0x62aa536baee0, 0x7ffd45591490, 0x62aa536c37ea <unfinished ...>
[pid 367] 14:57:39.945958 oqsprovider.so->OQS_KEM_decaps(0x62aa536beb70, 0x62aa536baee0, 0x62aa536c37ea, 0x62aa536b9130) = 0 <0.000154>
[pid 367] 14:57:39.946156 <... EVP_PKEY_decapsulate resumed> ) = 1 <0.000304>
[pid 367] 14:57:39.946887 libssl.so.3->X509_verify_cert(0x62aa536b6ea0, 0, 0x8000, 0xffffffff) = 1 <0.000359>
[pid 367] 14:57:39.947449 libssl.so.3->EVP_DigestVerifyInit_ex(0x62aa535e3810, 0x7ffd45591538, 0, 0) = 1 <0.000134>
[pid 367] 14:57:39.947627 libssl.so.3->EVP_DigestVerify(0x62aa535e3810, 0x62aa536c3798, 3309, 0x7ffd45591540) = 1 <0.000181>
[pid 367] 14:57:39.948000 libssl.so.3->X509_verify_cert(0x62aa536b6ea0, 1, 1, 0) = 1 <0.000238>
[pid 367] 14:57:39.948542 libssl.so.3->EVP_DigestSignInit_ex(0x62aa536be940, 0x7ffd45591520, 0, 0) = 1 <0.000129>
[pid 367] 14:57:39.948713 libssl.so.3->EVP_DigestSign(0x62aa536be940, 0, 0x7ffd45591530, 0x7ffd45591540) = 1 <0.000119>
[pid 367] 14:57:39.948874 libssl.so.3->EVP_DigestSign(0x62aa536be940, 0x62aa536d26f0, 0x7ffd45591530, 0x7ffd45591540) = 1 <0.000381>
[pid 367] 14:57:39.949440 <... SSL_connect resumed> ) = 1 <0.006821>
[pid 367] 14:57:39.949615 oqsprovider.so->OQS_KEM_free(0x62aa536beb70, 0x62aa536beb20, 2, 0x62aa536beb40) = 4 <0.000116>
Handshake duration: 7.00 ms
[pid 367] 14:57:39.951538 +++ exited (status 0) +++
Execution 85 - TLS Mutual
s_connection: verify depth is 1
[pid 369] 14:57:40.008816 openssl->SSL_connect(0x5b604c1190e0, 0x5b604c0ebe50, 0x5b604c0ebe50, 0x700ad8a4c360 <unfinished ...>
[pid 369] 14:57:40.009300 libssl.so.3->EVP_PKEY_keygen_init(0x5b604c11b7d0, 0, 176, 0x5b604c11b7d0) = 1 <0.000195>
[pid 369] 14:57:40.009548 libssl.so.3->EVP_PKEY_keygen(0x5b604c11b7d0, 0x7ffd0fac9ee0, 0, 103 <unfinished ...>
[pid 369] 14:57:40.009705 oqsprovider.so->OQS_KEM_new(0x5b604c110c70, 8, 0, 0x5b604c118b50) = 0x5b604c118b70 <0.000125>
[pid 369] 14:57:40.009887 oqsprovider.so->OQS_KEM_keypair(0x5b604c118b70, 0x5b604c116570, 0x5b604c113130, 0x5b604c118b50) = 0 <0.000337>
[pid 369] 14:57:40.010285 <... EVP_PKEY_keygen resumed> ) = 1 <0.000734>
[pid 369] 14:57:40.011744 libssl.so.3->EVP_PKEY_decapsulate_init(0x5b604c11b7d0, 0, 176, 0x5b604c11b7d0) = 1 <0.000294>
[pid 369] 14:57:40.012082 libssl.so.3->EVP_PKEY_decapsulate(0x5b604c11b7d0, 0, 0x7ffd0fac9ea0, 0x5b604c11d7ea) = 1 <0.000123>
[pid 369] 14:57:40.012248 libssl.so.3->EVP_PKEY_decapsulate(0x5b604c11b7d0, 0x5b604c114ee0, 0x7ffd0fac9ea0, 0x5b604c11d7ea <unfinished ...>
[pid 369] 14:57:40.012381 oqsprovider.so->OQS_KEM_decaps(0x5b604c118b70, 0x5b604c114ee0, 0x5b604c11d7ea, 0x5b604c113130) = 0 <0.000186>
[pid 369] 14:57:40.012621 <... EVP_PKEY_decapsulate resumed> ) = 1 <0.000367>
[pid 369] 14:57:40.013344 libssl.so.3->X509_verify_cert(0x5b604c110ea0, 0, 0x8000, 0xffffffff) = 1 <0.000372>
[pid 369] 14:57:40.014007 libssl.so.3->EVP_DigestVerifyInit_ex(0x5b604c03d810, 0x7ffd0fac9f48, 0, 0) = 1 <0.000135>
[pid 369] 14:57:40.014182 libssl.so.3->EVP_DigestVerify(0x5b604c03d810, 0x5b604c11d798, 3309, 0x7ffd0fac9f50) = 1 <0.000210>
[pid 369] 14:57:40.014613 libssl.so.3->X509_verify_cert(0x5b604c110ea0, 1, 1, 0) = 1 <0.000231>
[pid 369] 14:57:40.015134 libssl.so.3->EVP_DigestSignInit_ex(0x5b604c118940, 0x7ffd0fac9f30, 0, 0) = 1 <0.000149>
[pid 369] 14:57:40.015391 libssl.so.3->EVP_DigestSign(0x5b604c118940, 0, 0x7ffd0fac9f40, 0x7ffd0fac9f50) = 1 <0.000177>
[pid 369] 14:57:40.015628 libssl.so.3->EVP_DigestSign(0x5b604c118940, 0x5b604c12c6f0, 0x7ffd0fac9f40, 0x7ffd0fac9f50) = 1 <0.000339>
[pid 369] 14:57:40.016178 <... SSL_connect resumed> ) = 1 <0.007368>
[pid 369] 14:57:40.016388 oqsprovider.so->OQS_KEM_free(0x5b604c118b70, 0x5b604c118b20, 2, 0x5b604c118b40) = 4 <0.000141>
Handshake duration: 7.54 ms
[pid 369] 14:57:40.018366 +++ exited (status 0) +++
Execution 86 - TLS Mutual
s_connection: verify depth is 1
[pid 371] 14:57:40.077583 openssl->SSL_connect(0x5b0f019840e0, 0x5b0f01956e50, 0x5b0f01956e50, 0x7498fd085360 <unfinished ...>
[pid 371] 14:57:40.077993 libssl.so.3->EVP_PKEY_keygen_init(0x5b0f019867d0, 0, 176, 0x5b0f019867d0) = 1 <0.000151>
[pid 371] 14:57:40.078192 libssl.so.3->EVP_PKEY_keygen(0x5b0f019867d0, 0x7ffe824dbff0, 0, 103 <unfinished ...>
[pid 371] 14:57:40.078315 oqsprovider.so->OQS_KEM_new(0x5b0f0197bc70, 8, 0, 0x5b0f01983b50) = 0x5b0f01983b70 <0.000131>
[pid 371] 14:57:40.078504 oqsprovider.so->OQS_KEM_keypair(0x5b0f01983b70, 0x5b0f01981570, 0x5b0f0197e130, 0x5b0f01983b50) = 0 <0.000345>
[pid 371] 14:57:40.078904 <... EVP_PKEY_keygen resumed> ) = 1 <0.000706>
[pid 371] 14:57:40.080338 libssl.so.3->EVP_PKEY_decapsulate_init(0x5b0f019867d0, 0, 176, 0x5b0f019867d0) = 1 <0.000374>
[pid 371] 14:57:40.080775 libssl.so.3->EVP_PKEY_decapsulate(0x5b0f019867d0, 0, 0x7ffe824dbfb0, 0x5b0f019887ea) = 1 <0.000199>
[pid 371] 14:57:40.081252 libssl.so.3->EVP_PKEY_decapsulate(0x5b0f019867d0, 0x5b0f0197fee0, 0x7ffe824dbfb0, 0x5b0f019887ea <unfinished ...>
[pid 371] 14:57:40.081379 oqsprovider.so->OQS_KEM_decaps(0x5b0f01983b70, 0x5b0f0197fee0, 0x5b0f019887ea, 0x5b0f0197e130) = 0 <0.000173>
[pid 371] 14:57:40.081606 <... EVP_PKEY_decapsulate resumed> ) = 1 <0.000350>
[pid 371] 14:57:40.082317 libssl.so.3->X509_verify_cert(0x5b0f0197bea0, 0, 0x8000, 0xffffffff) = 1 <0.000362>
[pid 371] 14:57:40.082859 libssl.so.3->EVP_DigestVerifyInit_ex(0x5b0f018a8810, 0x7ffe824dc058, 0, 0) = 1 <0.000121>
[pid 371] 14:57:40.083023 libssl.so.3->EVP_DigestVerify(0x5b0f018a8810, 0x5b0f01988798, 3309, 0x7ffe824dc060) = 1 <0.000175>
[pid 371] 14:57:40.083394 libssl.so.3->X509_verify_cert(0x5b0f0197bea0, 1, 1, 0) = 1 <0.000223>
[pid 371] 14:57:40.083907 libssl.so.3->EVP_DigestSignInit_ex(0x5b0f01983940, 0x7ffe824dc040, 0, 0) = 1 <0.000184>
[pid 371] 14:57:40.084169 libssl.so.3->EVP_DigestSign(0x5b0f01983940, 0, 0x7ffe824dc050, 0x7ffe824dc060) = 1 <0.000192>
[pid 371] 14:57:40.084442 libssl.so.3->EVP_DigestSign(0x5b0f01983940, 0x5b0f019976f0, 0x7ffe824dc050, 0x7ffe824dc060) = 1 <0.000644>
[pid 371] 14:57:40.085335 <... SSL_connect resumed> ) = 1 <0.007745>
[pid 371] 14:57:40.085607 oqsprovider.so->OQS_KEM_free(0x5b0f01983b70, 0x5b0f01983b20, 2, 0x5b0f01983b40) = 4 <0.000166>
Handshake duration: 7.97 ms
[pid 371] 14:57:40.087760 +++ exited (status 0) +++
Execution 87 - TLS Mutual
s_connection: verify depth is 1
[pid 373] 14:57:40.143324 openssl->SSL_connect(0x55e499bf60e0, 0x55e499bc8e50, 0x55e499bc8e50, 0x731a50cc1360 <unfinished ...>
[pid 373] 14:57:40.143827 libssl.so.3->EVP_PKEY_keygen_init(0x55e499bf87d0, 0, 176, 0x55e499bf87d0) = 1 <0.000219>
[pid 373] 14:57:40.144174 libssl.so.3->EVP_PKEY_keygen(0x55e499bf87d0, 0x7fffd4b87980, 0, 103 <unfinished ...>
[pid 373] 14:57:40.144334 oqsprovider.so->OQS_KEM_new(0x55e499bedc70, 8, 0, 0x55e499bf5b50) = 0x55e499bf5b70 <0.000157>
[pid 373] 14:57:40.144548 oqsprovider.so->OQS_KEM_keypair(0x55e499bf5b70, 0x55e499bf3570, 0x55e499bf0130, 0x55e499bf5b50) = 0 <0.000377>
[pid 373] 14:57:40.145003 <... EVP_PKEY_keygen resumed> ) = 1 <0.000820>
[pid 373] 14:57:40.146671 libssl.so.3->EVP_PKEY_decapsulate_init(0x55e499bf87d0, 0, 176, 0x55e499bf87d0) = 1 <0.000325>
[pid 373] 14:57:40.147051 libssl.so.3->EVP_PKEY_decapsulate(0x55e499bf87d0, 0, 0x7fffd4b87940, 0x55e499bfa7ea) = 1 <0.000136>
[pid 373] 14:57:40.147247 libssl.so.3->EVP_PKEY_decapsulate(0x55e499bf87d0, 0x55e499bf1ee0, 0x7fffd4b87940, 0x55e499bfa7ea <unfinished ...>
[pid 373] 14:57:40.147409 oqsprovider.so->OQS_KEM_decaps(0x55e499bf5b70, 0x55e499bf1ee0, 0x55e499bfa7ea, 0x55e499bf0130) = 0 <0.000196>
[pid 373] 14:57:40.147654 <... EVP_PKEY_decapsulate resumed> ) = 1 <0.000401>
[pid 373] 14:57:40.148456 libssl.so.3->X509_verify_cert(0x55e499bedea0, 0, 0x8000, 0xffffffff) = 1 <0.000381>
[pid 373] 14:57:40.149030 libssl.so.3->EVP_DigestVerifyInit_ex(0x55e499b1a810, 0x7fffd4b879e8, 0, 0) = 1 <0.000128>
[pid 373] 14:57:40.149206 libssl.so.3->EVP_DigestVerify(0x55e499b1a810, 0x55e499bfa798, 3309, 0x7fffd4b879f0) = 1 <0.000180>
[pid 373] 14:57:40.149602 libssl.so.3->X509_verify_cert(0x55e499bedea0, 1, 1, 0) = 1 <0.000201>
[pid 373] 14:57:40.150151 libssl.so.3->EVP_DigestSignInit_ex(0x55e499bf5940, 0x7fffd4b879d0, 0, 0) = 1 <0.000159>
[pid 373] 14:57:40.150359 libssl.so.3->EVP_DigestSign(0x55e499bf5940, 0, 0x7fffd4b879e0, 0x7fffd4b879f0) = 1 <0.000149>
[pid 373] 14:57:40.150562 libssl.so.3->EVP_DigestSign(0x55e499bf5940, 0x55e499c096f0, 0x7fffd4b879e0, 0x7fffd4b879f0) = 1 <0.000415>
[pid 373] 14:57:40.151154 <... SSL_connect resumed> ) = 1 <0.007839>
[pid 373] 14:57:40.151358 oqsprovider.so->OQS_KEM_free(0x55e499bf5b70, 0x55e499bf5b20, 2, 0x55e499bf5b40) = 4 <0.000133>
Handshake duration: 8.01 ms
[pid 373] 14:57:40.153431 +++ exited (status 0) +++
Execution 88 - TLS Mutual
s_connection: verify depth is 1
[pid 375] 14:57:40.211675 openssl->SSL_connect(0x62be36b6b0e0, 0x62be36b3de50, 0x62be36b3de50, 0x79e99e8e8360 <unfinished ...>
[pid 375] 14:57:40.212119 libssl.so.3->EVP_PKEY_keygen_init(0x62be36b6d7d0, 0, 176, 0x62be36b6d7d0) = 1 <0.000140>
[pid 375] 14:57:40.212322 libssl.so.3->EVP_PKEY_keygen(0x62be36b6d7d0, 0x7ffe5a2e1b30, 0, 103 <unfinished ...>
[pid 375] 14:57:40.212466 oqsprovider.so->OQS_KEM_new(0x62be36b62c70, 8, 0, 0x62be36b6ab50) = 0x62be36b6ab70 <0.000110>
[pid 375] 14:57:40.212619 oqsprovider.so->OQS_KEM_keypair(0x62be36b6ab70, 0x62be36b68570, 0x62be36b65130, 0x62be36b6ab50) = 0 <0.000334>
[pid 375] 14:57:40.213006 <... EVP_PKEY_keygen resumed> ) = 1 <0.000680>
[pid 375] 14:57:40.214432 libssl.so.3->EVP_PKEY_decapsulate_init(0x62be36b6d7d0, 0, 176, 0x62be36b6d7d0) = 1 <0.000240>
[pid 375] 14:57:40.214720 libssl.so.3->EVP_PKEY_decapsulate(0x62be36b6d7d0, 0, 0x7ffe5a2e1af0, 0x62be36b6f7ea) = 1 <0.000124>
[pid 375] 14:57:40.214882 libssl.so.3->EVP_PKEY_decapsulate(0x62be36b6d7d0, 0x62be36b66ee0, 0x7ffe5a2e1af0, 0x62be36b6f7ea <unfinished ...>
[pid 375] 14:57:40.214990 oqsprovider.so->OQS_KEM_decaps(0x62be36b6ab70, 0x62be36b66ee0, 0x62be36b6f7ea, 0x62be36b65130) = 0 <0.000145>
[pid 375] 14:57:40.215187 <... EVP_PKEY_decapsulate resumed> ) = 1 <0.000303>
[pid 375] 14:57:40.215904 libssl.so.3->X509_verify_cert(0x62be36b62ea0, 0, 0x8000, 0xffffffff) = 1 <0.000349>
[pid 375] 14:57:40.216445 libssl.so.3->EVP_DigestVerifyInit_ex(0x62be36a8f810, 0x7ffe5a2e1b98, 0, 0) = 1 <0.000120>
[pid 375] 14:57:40.216628 libssl.so.3->EVP_DigestVerify(0x62be36a8f810, 0x62be36b6f798, 3309, 0x7ffe5a2e1ba0) = 1 <0.000175>
[pid 375] 14:57:40.217006 libssl.so.3->X509_verify_cert(0x62be36b62ea0, 1, 1, 0) = 1 <0.000219>
[pid 375] 14:57:40.217550 libssl.so.3->EVP_DigestSignInit_ex(0x62be36b6a940, 0x7ffe5a2e1b80, 0, 0) = 1 <0.000123>
[pid 375] 14:57:40.217711 libssl.so.3->EVP_DigestSign(0x62be36b6a940, 0, 0x7ffe5a2e1b90, 0x7ffe5a2e1ba0) = 1 <0.000106>
[pid 375] 14:57:40.217864 libssl.so.3->EVP_DigestSign(0x62be36b6a940, 0x62be36b7e6f0, 0x7ffe5a2e1b90, 0x7ffe5a2e1ba0) = 1 <0.000601>
[pid 375] 14:57:40.218723 <... SSL_connect resumed> ) = 1 <0.007059>
[pid 375] 14:57:40.218936 oqsprovider.so->OQS_KEM_free(0x62be36b6ab70, 0x62be36b6ab20, 2, 0x62be36b6ab40) = 4 <0.000110>
Handshake duration: 7.26 ms
[pid 375] 14:57:40.221069 +++ exited (status 0) +++
Execution 89 - TLS Mutual
s_connection: verify depth is 1
[pid 377] 14:57:40.286199 openssl->SSL_connect(0x64dc2d53a0e0, 0x64dc2d50ce50, 0x64dc2d50ce50, 0x7b2922ce8360 <unfinished ...>
[pid 377] 14:57:40.286658 libssl.so.3->EVP_PKEY_keygen_init(0x64dc2d53c7d0, 0, 176, 0x64dc2d53c7d0) = 1 <0.000141>
[pid 377] 14:57:40.286849 libssl.so.3->EVP_PKEY_keygen(0x64dc2d53c7d0, 0x7ffdbb8e7a70, 0, 103 <unfinished ...>
[pid 377] 14:57:40.286973 oqsprovider.so->OQS_KEM_new(0x64dc2d531c70, 8, 0, 0x64dc2d539b50) = 0x64dc2d539b70 <0.000126>
[pid 377] 14:57:40.287139 oqsprovider.so->OQS_KEM_keypair(0x64dc2d539b70, 0x64dc2d537570, 0x64dc2d534130, 0x64dc2d539b50) = 0 <0.000402>
[pid 377] 14:57:40.287630 <... EVP_PKEY_keygen resumed> ) = 1 <0.000775>
[pid 377] 14:57:40.289024 libssl.so.3->EVP_PKEY_decapsulate_init(0x64dc2d53c7d0, 0, 176, 0x64dc2d53c7d0) = 1 <0.000265>
[pid 377] 14:57:40.289352 libssl.so.3->EVP_PKEY_decapsulate(0x64dc2d53c7d0, 0, 0x7ffdbb8e7a30, 0x64dc2d53e7ea) = 1 <0.000155>
[pid 377] 14:57:40.289548 libssl.so.3->EVP_PKEY_decapsulate(0x64dc2d53c7d0, 0x64dc2d535ee0, 0x7ffdbb8e7a30, 0x64dc2d53e7ea <unfinished ...>
[pid 377] 14:57:40.289697 oqsprovider.so->OQS_KEM_decaps(0x64dc2d539b70, 0x64dc2d535ee0, 0x64dc2d53e7ea, 0x64dc2d534130) = 0 <0.000172>
[pid 377] 14:57:40.289910 <... EVP_PKEY_decapsulate resumed> ) = 1 <0.000357>
[pid 377] 14:57:40.290722 libssl.so.3->X509_verify_cert(0x64dc2d531ea0, 0, 0x8000, 0xffffffff) = 1 <0.000412>
[pid 377] 14:57:40.291335 libssl.so.3->EVP_DigestVerifyInit_ex(0x64dc2d45e810, 0x7ffdbb8e7ad8, 0, 0) = 1 <0.000147>
[pid 377] 14:57:40.291515 libssl.so.3->EVP_DigestVerify(0x64dc2d45e810, 0x64dc2d53e798, 3309, 0x7ffdbb8e7ae0) = 1 <0.000166>
[pid 377] 14:57:40.291929 libssl.so.3->X509_verify_cert(0x64dc2d531ea0, 1, 1, 0) = 1 <0.000278>
[pid 377] 14:57:40.292561 libssl.so.3->EVP_DigestSignInit_ex(0x64dc2d539940, 0x7ffdbb8e7ac0, 0, 0) = 1 <0.000161>
[pid 377] 14:57:40.292769 libssl.so.3->EVP_DigestSign(0x64dc2d539940, 0, 0x7ffdbb8e7ad0, 0x7ffdbb8e7ae0) = 1 <0.000193>
[pid 377] 14:57:40.293029 libssl.so.3->EVP_DigestSign(0x64dc2d539940, 0x64dc2d54d6f0, 0x7ffdbb8e7ad0, 0x7ffdbb8e7ae0) = 1 <0.000593>
[pid 377] 14:57:40.293829 <... SSL_connect resumed> ) = 1 <0.007642>
[pid 377] 14:57:40.294041 oqsprovider.so->OQS_KEM_free(0x64dc2d539b70, 0x64dc2d539b20, 2, 0x64dc2d539b40) = 4 <0.000137>
Handshake duration: 7.83 ms
[pid 377] 14:57:40.296164 +++ exited (status 0) +++
Execution 90 - TLS Mutual
s_connection: verify depth is 1
[pid 379] 14:57:40.365712 openssl->SSL_connect(0x5ce761a2b0e0, 0x5ce7619fde50, 0x5ce7619fde50, 0x7ae2f090f360 <unfinished ...>
[pid 379] 14:57:40.366279 libssl.so.3->EVP_PKEY_keygen_init(0x5ce761a2d7d0, 0, 176, 0x5ce761a2d7d0) = 1 <0.000206>
[pid 379] 14:57:40.366583 libssl.so.3->EVP_PKEY_keygen(0x5ce761a2d7d0, 0x7ffc5ae14940, 0, 103 <unfinished ...>
[pid 379] 14:57:40.366810 oqsprovider.so->OQS_KEM_new(0x5ce761a22c70, 8, 0, 0x5ce761a2ab50) = 0x5ce761a2ab70 <0.000136>
[pid 379] 14:57:40.366988 oqsprovider.so->OQS_KEM_keypair(0x5ce761a2ab70, 0x5ce761a28570, 0x5ce761a25130, 0x5ce761a2ab50) = 0 <0.000326>
[pid 379] 14:57:40.367401 <... EVP_PKEY_keygen resumed> ) = 1 <0.000818>
[pid 379] 14:57:40.368930 libssl.so.3->EVP_PKEY_decapsulate_init(0x5ce761a2d7d0, 0, 176, 0x5ce761a2d7d0) = 1 <0.000372>
[pid 379] 14:57:40.369399 libssl.so.3->EVP_PKEY_decapsulate(0x5ce761a2d7d0, 0, 0x7ffc5ae14900, 0x5ce761a2f7ea) = 1 <0.000184>
[pid 379] 14:57:40.369677 libssl.so.3->EVP_PKEY_decapsulate(0x5ce761a2d7d0, 0x5ce761a26ee0, 0x7ffc5ae14900, 0x5ce761a2f7ea <unfinished ...>
[pid 379] 14:57:40.369811 oqsprovider.so->OQS_KEM_decaps(0x5ce761a2ab70, 0x5ce761a26ee0, 0x5ce761a2f7ea, 0x5ce761a25130) = 0 <0.000155>
[pid 379] 14:57:40.370017 <... EVP_PKEY_decapsulate resumed> ) = 1 <0.000334>
[pid 379] 14:57:40.370879 libssl.so.3->X509_verify_cert(0x5ce761a22ea0, 0, 0x8000, 0xffffffff) = 1 <0.000376>
[pid 379] 14:57:40.371489 libssl.so.3->EVP_DigestVerifyInit_ex(0x5ce76194f810, 0x7ffc5ae149a8, 0, 0) = 1 <0.000165>
[pid 379] 14:57:40.371708 libssl.so.3->EVP_DigestVerify(0x5ce76194f810, 0x5ce761a2f798, 3309, 0x7ffc5ae149b0) = 1 <0.000227>
[pid 379] 14:57:40.372157 libssl.so.3->X509_verify_cert(0x5ce761a22ea0, 1, 1, 0) = 1 <0.000212>
[pid 379] 14:57:40.372799 libssl.so.3->EVP_DigestSignInit_ex(0x5ce761a2a940, 0x7ffc5ae14990, 0, 0) = 1 <0.000189>
[pid 379] 14:57:40.373028 libssl.so.3->EVP_DigestSign(0x5ce761a2a940, 0, 0x7ffc5ae149a0, 0x7ffc5ae149b0) = 1 <0.000150>
[pid 379] 14:57:40.373228 libssl.so.3->EVP_DigestSign(0x5ce761a2a940, 0x5ce761a3e6f0, 0x7ffc5ae149a0, 0x7ffc5ae149b0) = 1 <0.000380>
[pid 379] 14:57:40.373825 <... SSL_connect resumed> ) = 1 <0.008121>
[pid 379] 14:57:40.374022 oqsprovider.so->OQS_KEM_free(0x5ce761a2ab70, 0x5ce761a2ab20, 2, 0x5ce761a2ab40) = 4 <0.000122>
Handshake duration: 8.30 ms
[pid 379] 14:57:40.376390 +++ exited (status 0) +++
Execution 91 - TLS Mutual
s_connection: verify depth is 1
[pid 381] 14:57:40.435999 openssl->SSL_connect(0x5bc186a2e0e0, 0x5bc186a00e50, 0x5bc186a00e50, 0x7edebb70c360 <unfinished ...>
[pid 381] 14:57:40.436503 libssl.so.3->EVP_PKEY_keygen_init(0x5bc186a307d0, 0, 176, 0x5bc186a307d0) = 1 <0.000195>
[pid 381] 14:57:40.436761 libssl.so.3->EVP_PKEY_keygen(0x5bc186a307d0, 0x7ffeb0d85a90, 0, 103 <unfinished ...>
[pid 381] 14:57:40.436930 oqsprovider.so->OQS_KEM_new(0x5bc186a25c70, 8, 0, 0x5bc186a2db50) = 0x5bc186a2db70 <0.000146>
[pid 381] 14:57:40.437135 oqsprovider.so->OQS_KEM_keypair(0x5bc186a2db70, 0x5bc186a2b570, 0x5bc186a28130, 0x5bc186a2db50) = 0 <0.000411>
[pid 381] 14:57:40.437623 <... EVP_PKEY_keygen resumed> ) = 1 <0.000856>
[pid 381] 14:57:40.439012 libssl.so.3->EVP_PKEY_decapsulate_init(0x5bc186a307d0, 0, 176, 0x5bc186a307d0) = 1 <0.000282>
[pid 381] 14:57:40.439358 libssl.so.3->EVP_PKEY_decapsulate(0x5bc186a307d0, 0, 0x7ffeb0d85a50, 0x5bc186a327ea) = 1 <0.000180>
[pid 381] 14:57:40.439599 libssl.so.3->EVP_PKEY_decapsulate(0x5bc186a307d0, 0x5bc186a29ee0, 0x7ffeb0d85a50, 0x5bc186a327ea <unfinished ...>
[pid 381] 14:57:40.439735 oqsprovider.so->OQS_KEM_decaps(0x5bc186a2db70, 0x5bc186a29ee0, 0x5bc186a327ea, 0x5bc186a28130) = 0 <0.000195>
[pid 381] 14:57:40.439986 <... EVP_PKEY_decapsulate resumed> ) = 1 <0.000381>
[pid 381] 14:57:40.440708 libssl.so.3->X509_verify_cert(0x5bc186a25ea0, 0, 0x8000, 0xffffffff) = 1 <0.000382>
[pid 381] 14:57:40.441335 libssl.so.3->EVP_DigestVerifyInit_ex(0x5bc186952810, 0x7ffeb0d85af8, 0, 0) = 1 <0.000181>
[pid 381] 14:57:40.441563 libssl.so.3->EVP_DigestVerify(0x5bc186952810, 0x5bc186a32798, 3309, 0x7ffeb0d85b00) = 1 <0.000221>
[pid 381] 14:57:40.442020 libssl.so.3->X509_verify_cert(0x5bc186a25ea0, 1, 1, 0) = 1 <0.000241>
[pid 381] 14:57:40.442617 libssl.so.3->EVP_DigestSignInit_ex(0x5bc186a2d940, 0x7ffeb0d85ae0, 0, 0) = 1 <0.000164>
[pid 381] 14:57:40.442865 libssl.so.3->EVP_DigestSign(0x5bc186a2d940, 0, 0x7ffeb0d85af0, 0x7ffeb0d85b00) = 1 <0.000170>
[pid 381] 14:57:40.443090 libssl.so.3->EVP_DigestSign(0x5bc186a2d940, 0x5bc186a416f0, 0x7ffeb0d85af0, 0x7ffeb0d85b00) = 1 <0.000453>
[pid 381] 14:57:40.443783 <... SSL_connect resumed> ) = 1 <0.007789>
[pid 381] 14:57:40.444010 oqsprovider.so->OQS_KEM_free(0x5bc186a2db70, 0x5bc186a2db20, 2, 0x5bc186a2db40) = 4 <0.000147>
Handshake duration: 7.98 ms
[pid 381] 14:57:40.446038 +++ exited (status 0) +++
Execution 92 - TLS Mutual
s_connection: verify depth is 1
[pid 383] 14:57:40.501772 openssl->SSL_connect(0x5e7029fb20e0, 0x5e7029f84e50, 0x5e7029f84e50, 0x7cd311742360 <unfinished ...>
[pid 383] 14:57:40.502251 libssl.so.3->EVP_PKEY_keygen_init(0x5e7029fb47d0, 0, 176, 0x5e7029fb47d0) = 1 <0.000160>
[pid 383] 14:57:40.502480 libssl.so.3->EVP_PKEY_keygen(0x5e7029fb47d0, 0x7fffd0116eb0, 0, 103 <unfinished ...>
[pid 383] 14:57:40.502667 oqsprovider.so->OQS_KEM_new(0x5e7029fa9c70, 8, 0, 0x5e7029fb1b50) = 0x5e7029fb1b70 <0.000213>
[pid 383] 14:57:40.502961 oqsprovider.so->OQS_KEM_keypair(0x5e7029fb1b70, 0x5e7029faf570, 0x5e7029fac130, 0x5e7029fb1b50) = 0 <0.000489>
[pid 383] 14:57:40.503575 <... EVP_PKEY_keygen resumed> ) = 1 <0.001076>
[pid 383] 14:57:40.504936 libssl.so.3->EVP_PKEY_decapsulate_init(0x5e7029fb47d0, 0, 176, 0x5e7029fb47d0) = 1 <0.000275>
[pid 383] 14:57:40.505258 libssl.so.3->EVP_PKEY_decapsulate(0x5e7029fb47d0, 0, 0x7fffd0116e70, 0x5e7029fb67ea) = 1 <0.000153>
[pid 383] 14:57:40.505470 libssl.so.3->EVP_PKEY_decapsulate(0x5e7029fb47d0, 0x5e7029fadee0, 0x7fffd0116e70, 0x5e7029fb67ea <unfinished ...>
[pid 383] 14:57:40.505615 oqsprovider.so->OQS_KEM_decaps(0x5e7029fb1b70, 0x5e7029fadee0, 0x5e7029fb67ea, 0x5e7029fac130) = 0 <0.000156>
[pid 383] 14:57:40.505818 <... EVP_PKEY_decapsulate resumed> ) = 1 <0.000344>
[pid 383] 14:57:40.506550 libssl.so.3->X509_verify_cert(0x5e7029fa9ea0, 0, 0x8000, 0xffffffff) = 1 <0.000354>
[pid 383] 14:57:40.507109 libssl.so.3->EVP_DigestVerifyInit_ex(0x5e7029ed6810, 0x7fffd0116f18, 0, 0) = 1 <0.000150>
[pid 383] 14:57:40.507304 libssl.so.3->EVP_DigestVerify(0x5e7029ed6810, 0x5e7029fb6798, 3309, 0x7fffd0116f20) = 1 <0.000201>
[pid 383] 14:57:40.507709 libssl.so.3->X509_verify_cert(0x5e7029fa9ea0, 1, 1, 0) = 1 <0.000237>
[pid 383] 14:57:40.508279 libssl.so.3->EVP_DigestSignInit_ex(0x5e7029fb1940, 0x7fffd0116f00, 0, 0) = 1 <0.000164>
[pid 383] 14:57:40.508497 libssl.so.3->EVP_DigestSign(0x5e7029fb1940, 0, 0x7fffd0116f10, 0x7fffd0116f20) = 1 <0.000136>
[pid 383] 14:57:40.508679 libssl.so.3->EVP_DigestSign(0x5e7029fb1940, 0x5e7029fc56f0, 0x7fffd0116f10, 0x7fffd0116f20) = 1 <0.000441>
[pid 383] 14:57:40.509329 <... SSL_connect resumed> ) = 1 <0.007566>
[pid 383] 14:57:40.509544 oqsprovider.so->OQS_KEM_free(0x5e7029fb1b70, 0x5e7029fb1b20, 2, 0x5e7029fb1b40) = 4 <0.000134>
Handshake duration: 7.76 ms
[pid 383] 14:57:40.511661 +++ exited (status 0) +++
Execution 93 - TLS Mutual
s_connection: verify depth is 1
[pid 385] 14:57:40.568575 openssl->SSL_connect(0x58b4098490e0, 0x58b40981be50, 0x58b40981be50, 0x774a730e6360 <unfinished ...>
[pid 385] 14:57:40.569033 libssl.so.3->EVP_PKEY_keygen_init(0x58b40984b7d0, 0, 176, 0x58b40984b7d0) = 1 <0.000170>
[pid 385] 14:57:40.569261 libssl.so.3->EVP_PKEY_keygen(0x58b40984b7d0, 0x7ffcdfa4ae50, 0, 103 <unfinished ...>
[pid 385] 14:57:40.569419 oqsprovider.so->OQS_KEM_new(0x58b409840c70, 8, 0, 0x58b409848b50) = 0x58b409848b70 <0.000185>
[pid 385] 14:57:40.569663 oqsprovider.so->OQS_KEM_keypair(0x58b409848b70, 0x58b409846570, 0x58b409843130, 0x58b409848b50) = 0 <0.000364>
[pid 385] 14:57:40.570099 <... EVP_PKEY_keygen resumed> ) = 1 <0.000831>
[pid 385] 14:57:40.571612 libssl.so.3->EVP_PKEY_decapsulate_init(0x58b40984b7d0, 0, 176, 0x58b40984b7d0) = 1 <0.000293>
[pid 385] 14:57:40.571958 libssl.so.3->EVP_PKEY_decapsulate(0x58b40984b7d0, 0, 0x7ffcdfa4ae10, 0x58b40984d7ea) = 1 <0.000143>
[pid 385] 14:57:40.572146 libssl.so.3->EVP_PKEY_decapsulate(0x58b40984b7d0, 0x58b409844ee0, 0x7ffcdfa4ae10, 0x58b40984d7ea <unfinished ...>
[pid 385] 14:57:40.572272 oqsprovider.so->OQS_KEM_decaps(0x58b409848b70, 0x58b409844ee0, 0x58b40984d7ea, 0x58b409843130) = 0 <0.000148>
[pid 385] 14:57:40.572490 <... EVP_PKEY_decapsulate resumed> ) = 1 <0.000334>
[pid 385] 14:57:40.573568 libssl.so.3->X509_verify_cert(0x58b409840ea0, 0, 0x8000, 0xffffffff) = 1 <0.000411>
[pid 385] 14:57:40.574235 libssl.so.3->EVP_DigestVerifyInit_ex(0x58b40976d810, 0x7ffcdfa4aeb8, 0, 0) = 1 <0.000184>
[pid 385] 14:57:40.574480 libssl.so.3->EVP_DigestVerify(0x58b40976d810, 0x58b40984d798, 3309, 0x7ffcdfa4aec0) = 1 <0.000332>
[pid 385] 14:57:40.575058 libssl.so.3->X509_verify_cert(0x58b409840ea0, 1, 1, 0) = 1 <0.000222>
[pid 385] 14:57:40.575606 libssl.so.3->EVP_DigestSignInit_ex(0x58b409848940, 0x7ffcdfa4aea0, 0, 0) = 1 <0.000170>
[pid 385] 14:57:40.575872 libssl.so.3->EVP_DigestSign(0x58b409848940, 0, 0x7ffcdfa4aeb0, 0x7ffcdfa4aec0) = 1 <0.000178>
[pid 385] 14:57:40.576095 libssl.so.3->EVP_DigestSign(0x58b409848940, 0x58b40985c6f0, 0x7ffcdfa4aeb0, 0x7ffcdfa4aec0) = 1 <0.000285>
[pid 385] 14:57:40.576632 <... SSL_connect resumed> ) = 1 <0.008058>
[pid 385] 14:57:40.576861 oqsprovider.so->OQS_KEM_free(0x58b409848b70, 0x58b409848b20, 2, 0x58b409848b40) = 4 <0.000148>
Handshake duration: 8.26 ms
[pid 385] 14:57:40.579101 +++ exited (status 0) +++
Execution 94 - TLS Mutual
s_connection: verify depth is 1
[pid 387] 14:57:40.636439 openssl->SSL_connect(0x5b95b3b1f0e0, 0x5b95b3af1e50, 0x5b95b3af1e50, 0x728cf241d360 <unfinished ...>
[pid 387] 14:57:40.637078 libssl.so.3->EVP_PKEY_keygen_init(0x5b95b3b217d0, 0, 176, 0x5b95b3b217d0) = 1 <0.000215>
[pid 387] 14:57:40.637381 libssl.so.3->EVP_PKEY_keygen(0x5b95b3b217d0, 0x7fff2c3bc310, 0, 103 <unfinished ...>
[pid 387] 14:57:40.637620 oqsprovider.so->OQS_KEM_new(0x5b95b3b16c70, 8, 0, 0x5b95b3b1eb50) = 0x5b95b3b1eb70 <0.000236>
[pid 387] 14:57:40.637938 oqsprovider.so->OQS_KEM_keypair(0x5b95b3b1eb70, 0x5b95b3b1c570, 0x5b95b3b19130, 0x5b95b3b1eb50) = 0 <0.000430>
[pid 387] 14:57:40.638446 <... EVP_PKEY_keygen resumed> ) = 1 <0.001050>
[pid 387] 14:57:40.639895 libssl.so.3->EVP_PKEY_decapsulate_init(0x5b95b3b217d0, 0, 176, 0x5b95b3b217d0) = 1 <0.000286>
[pid 387] 14:57:40.640224 libssl.so.3->EVP_PKEY_decapsulate(0x5b95b3b217d0, 0, 0x7fff2c3bc2d0, 0x5b95b3b237ea) = 1 <0.000155>
[pid 387] 14:57:40.640450 libssl.so.3->EVP_PKEY_decapsulate(0x5b95b3b217d0, 0x5b95b3b1aee0, 0x7fff2c3bc2d0, 0x5b95b3b237ea <unfinished ...>
[pid 387] 14:57:40.640623 oqsprovider.so->OQS_KEM_decaps(0x5b95b3b1eb70, 0x5b95b3b1aee0, 0x5b95b3b237ea, 0x5b95b3b19130) = 0 <0.000227>
[pid 387] 14:57:40.640920 <... EVP_PKEY_decapsulate resumed> ) = 1 <0.000463>
[pid 387] 14:57:40.641776 libssl.so.3->X509_verify_cert(0x5b95b3b16ea0, 0, 0x8000, 0xffffffff) = 1 <0.000443>
[pid 387] 14:57:40.642466 libssl.so.3->EVP_DigestVerifyInit_ex(0x5b95b3a43810, 0x7fff2c3bc378, 0, 0) = 1 <0.000148>
[pid 387] 14:57:40.642690 libssl.so.3->EVP_DigestVerify(0x5b95b3a43810, 0x5b95b3b23798, 3309, 0x7fff2c3bc380) = 1 <0.000361>
[pid 387] 14:57:40.643337 libssl.so.3->X509_verify_cert(0x5b95b3b16ea0, 1, 1, 0) = 1 <0.000249>
[pid 387] 14:57:40.643944 libssl.so.3->EVP_DigestSignInit_ex(0x5b95b3b1e940, 0x7fff2c3bc360, 0, 0) = 1 <0.000176>
[pid 387] 14:57:40.644167 libssl.so.3->EVP_DigestSign(0x5b95b3b1e940, 0, 0x7fff2c3bc370, 0x7fff2c3bc380) = 1 <0.000130>
[pid 387] 14:57:40.644338 libssl.so.3->EVP_DigestSign(0x5b95b3b1e940, 0x5b95b3b326f0, 0x7fff2c3bc370, 0x7fff2c3bc380) = 1 <0.000478>
[pid 387] 14:57:40.645025 <... SSL_connect resumed> ) = 1 <0.008616>
[pid 387] 14:57:40.645277 oqsprovider.so->OQS_KEM_free(0x5b95b3b1eb70, 0x5b95b3b1eb20, 2, 0x5b95b3b1eb40) = 4 <0.000211>
Handshake duration: 8.82 ms
[pid 387] 14:57:40.647758 +++ exited (status 0) +++
Execution 95 - TLS Mutual
s_connection: verify depth is 1
[pid 389] 14:57:40.725369 openssl->SSL_connect(0x5a1f4c8a00e0, 0x5a1f4c872e50, 0x5a1f4c872e50, 0x74bf7e9b5360 <unfinished ...>
[pid 389] 14:57:40.725812 libssl.so.3->EVP_PKEY_keygen_init(0x5a1f4c8a27d0, 0, 176, 0x5a1f4c8a27d0) = 1 <0.000131>
[pid 389] 14:57:40.726004 libssl.so.3->EVP_PKEY_keygen(0x5a1f4c8a27d0, 0x7ffe452a78b0, 0, 103 <unfinished ...>
[pid 389] 14:57:40.726120 oqsprovider.so->OQS_KEM_new(0x5a1f4c897c70, 8, 0, 0x5a1f4c89fb50) = 0x5a1f4c89fb70 <0.000119>
[pid 389] 14:57:40.726287 oqsprovider.so->OQS_KEM_keypair(0x5a1f4c89fb70, 0x5a1f4c89d570, 0x5a1f4c89a130, 0x5a1f4c89fb50) = 0 <0.000365>
[pid 389] 14:57:40.726695 <... EVP_PKEY_keygen resumed> ) = 1 <0.000697>
[pid 389] 14:57:40.728202 libssl.so.3->EVP_PKEY_decapsulate_init(0x5a1f4c8a27d0, 0, 176, 0x5a1f4c8a27d0) = 1 <0.000256>
[pid 389] 14:57:40.728500 libssl.so.3->EVP_PKEY_decapsulate(0x5a1f4c8a27d0, 0, 0x7ffe452a7870, 0x5a1f4c8a47ea) = 1 <0.000118>
[pid 389] 14:57:40.728663 libssl.so.3->EVP_PKEY_decapsulate(0x5a1f4c8a27d0, 0x5a1f4c89bee0, 0x7ffe452a7870, 0x5a1f4c8a47ea <unfinished ...>
[pid 389] 14:57:40.728785 oqsprovider.so->OQS_KEM_decaps(0x5a1f4c89fb70, 0x5a1f4c89bee0, 0x5a1f4c8a47ea, 0x5a1f4c89a130) = 0 <0.000158>
[pid 389] 14:57:40.728982 <... EVP_PKEY_decapsulate resumed> ) = 1 <0.000315>
[pid 389] 14:57:40.729704 libssl.so.3->X509_verify_cert(0x5a1f4c897ea0, 0, 0x8000, 0xffffffff) = 1 <0.000350>
[pid 389] 14:57:40.730233 libssl.so.3->EVP_DigestVerifyInit_ex(0x5a1f4c7c4810, 0x7ffe452a7918, 0, 0) = 1 <0.000124>
[pid 389] 14:57:40.730398 libssl.so.3->EVP_DigestVerify(0x5a1f4c7c4810, 0x5a1f4c8a4798, 3309, 0x7ffe452a7920) = 1 <0.000175>
[pid 389] 14:57:40.730781 libssl.so.3->X509_verify_cert(0x5a1f4c897ea0, 1, 1, 0) = 1 <0.000233>
[pid 389] 14:57:40.731305 libssl.so.3->EVP_DigestSignInit_ex(0x5a1f4c89f940, 0x7ffe452a7900, 0, 0) = 1 <0.000170>
[pid 389] 14:57:40.731517 libssl.so.3->EVP_DigestSign(0x5a1f4c89f940, 0, 0x7ffe452a7910, 0x7ffe452a7920) = 1 <0.000116>
[pid 389] 14:57:40.731675 libssl.so.3->EVP_DigestSign(0x5a1f4c89f940, 0x5a1f4c8b36f0, 0x7ffe452a7910, 0x7ffe452a7920) = 1 <0.000300>
[pid 389] 14:57:40.732148 <... SSL_connect resumed> ) = 1 <0.006789>
[pid 389] 14:57:40.732338 oqsprovider.so->OQS_KEM_free(0x5a1f4c89fb70, 0x5a1f4c89fb20, 2, 0x5a1f4c89fb40) = 4 <0.000123>
Handshake duration: 6.98 ms
[pid 389] 14:57:40.734449 +++ exited (status 0) +++
Execution 96 - TLS Mutual
s_connection: verify depth is 1
[pid 391] 14:57:40.791706 openssl->SSL_connect(0x5ca8fd9e40e0, 0x5ca8fd9b6e50, 0x5ca8fd9b6e50, 0x773508359360 <unfinished ...>
[pid 391] 14:57:40.792262 libssl.so.3->EVP_PKEY_keygen_init(0x5ca8fd9e67d0, 0, 176, 0x5ca8fd9e67d0) = 1 <0.000246>
[pid 391] 14:57:40.792576 libssl.so.3->EVP_PKEY_keygen(0x5ca8fd9e67d0, 0x7ffe4a09e910, 0, 103 <unfinished ...>
[pid 391] 14:57:40.792701 oqsprovider.so->OQS_KEM_new(0x5ca8fd9dbc70, 8, 0, 0x5ca8fd9e3b50) = 0x5ca8fd9e3b70 <0.000121>
[pid 391] 14:57:40.792878 oqsprovider.so->OQS_KEM_keypair(0x5ca8fd9e3b70, 0x5ca8fd9e1570, 0x5ca8fd9de130, 0x5ca8fd9e3b50) = 0 <0.000359>
[pid 391] 14:57:40.793289 <... EVP_PKEY_keygen resumed> ) = 1 <0.000709>
[pid 391] 14:57:40.794786 libssl.so.3->EVP_PKEY_decapsulate_init(0x5ca8fd9e67d0, 0, 176, 0x5ca8fd9e67d0) = 1 <0.000270>
[pid 391] 14:57:40.795100 libssl.so.3->EVP_PKEY_decapsulate(0x5ca8fd9e67d0, 0, 0x7ffe4a09e8d0, 0x5ca8fd9e87ea) = 1 <0.000124>
[pid 391] 14:57:40.795270 libssl.so.3->EVP_PKEY_decapsulate(0x5ca8fd9e67d0, 0x5ca8fd9dfee0, 0x7ffe4a09e8d0, 0x5ca8fd9e87ea <unfinished ...>
[pid 391] 14:57:40.795389 oqsprovider.so->OQS_KEM_decaps(0x5ca8fd9e3b70, 0x5ca8fd9dfee0, 0x5ca8fd9e87ea, 0x5ca8fd9de130) = 0 <0.000174>
[pid 391] 14:57:40.795658 <... EVP_PKEY_decapsulate resumed> ) = 1 <0.000382>
[pid 391] 14:57:40.796501 libssl.so.3->X509_verify_cert(0x5ca8fd9dbea0, 0, 0x8000, 0xffffffff) = 1 <0.000446>
[pid 391] 14:57:40.797200 libssl.so.3->EVP_DigestVerifyInit_ex(0x5ca8fd908810, 0x7ffe4a09e978, 0, 0) = 1 <0.000215>
[pid 391] 14:57:40.797511 libssl.so.3->EVP_DigestVerify(0x5ca8fd908810, 0x5ca8fd9e8798, 3309, 0x7ffe4a09e980) = 1 <0.000320>
[pid 391] 14:57:40.798086 libssl.so.3->X509_verify_cert(0x5ca8fd9dbea0, 1, 1, 0) = 1 <0.000267>
[pid 391] 14:57:40.798713 libssl.so.3->EVP_DigestSignInit_ex(0x5ca8fd9e3940, 0x7ffe4a09e960, 0, 0) = 1 <0.000172>
[pid 391] 14:57:40.798942 libssl.so.3->EVP_DigestSign(0x5ca8fd9e3940, 0, 0x7ffe4a09e970, 0x7ffe4a09e980) = 1 <0.000143>
[pid 391] 14:57:40.799143 libssl.so.3->EVP_DigestSign(0x5ca8fd9e3940, 0x5ca8fd9f76f0, 0x7ffe4a09e970, 0x7ffe4a09e980) = 1 <0.000505>
[pid 391] 14:57:40.799878 <... SSL_connect resumed> ) = 1 <0.008168>
[pid 391] 14:57:40.800109 oqsprovider.so->OQS_KEM_free(0x5ca8fd9e3b70, 0x5ca8fd9e3b20, 2, 0x5ca8fd9e3b40) = 4 <0.000142>
Handshake duration: 8.38 ms
[pid 391] 14:57:40.802231 +++ exited (status 0) +++
Execution 97 - TLS Mutual
s_connection: verify depth is 1
[pid 393] 14:57:40.856475 openssl->SSL_connect(0x5d3f0e30c0e0, 0x5d3f0e2dee50, 0x5d3f0e2dee50, 0x7b671a0c7360 <unfinished ...>
[pid 393] 14:57:40.856893 libssl.so.3->EVP_PKEY_keygen_init(0x5d3f0e30e7d0, 0, 176, 0x5d3f0e30e7d0) = 1 <0.000166>
[pid 393] 14:57:40.857104 libssl.so.3->EVP_PKEY_keygen(0x5d3f0e30e7d0, 0x7ffc6cf29900, 0, 103 <unfinished ...>
[pid 393] 14:57:40.857237 oqsprovider.so->OQS_KEM_new(0x5d3f0e303c70, 8, 0, 0x5d3f0e30bb50) = 0x5d3f0e30bb70 <0.000159>
[pid 393] 14:57:40.857454 oqsprovider.so->OQS_KEM_keypair(0x5d3f0e30bb70, 0x5d3f0e309570, 0x5d3f0e306130, 0x5d3f0e30bb50) = 0 <0.000339>
[pid 393] 14:57:40.857862 <... EVP_PKEY_keygen resumed> ) = 1 <0.000749>
[pid 393] 14:57:40.859334 libssl.so.3->EVP_PKEY_decapsulate_init(0x5d3f0e30e7d0, 0, 176, 0x5d3f0e30e7d0) = 1 <0.000364>
[pid 393] 14:57:40.859743 libssl.so.3->EVP_PKEY_decapsulate(0x5d3f0e30e7d0, 0, 0x7ffc6cf298c0, 0x5d3f0e3107ea) = 1 <0.000185>
[pid 393] 14:57:40.860086 libssl.so.3->EVP_PKEY_decapsulate(0x5d3f0e30e7d0, 0x5d3f0e307ee0, 0x7ffc6cf298c0, 0x5d3f0e3107ea <unfinished ...>
[pid 393] 14:57:40.860251 oqsprovider.so->OQS_KEM_decaps(0x5d3f0e30bb70, 0x5d3f0e307ee0, 0x5d3f0e3107ea, 0x5d3f0e306130) = 0 <0.000196>
[pid 393] 14:57:40.860495 <... EVP_PKEY_decapsulate resumed> ) = 1 <0.000404>
[pid 393] 14:57:40.861242 libssl.so.3->X509_verify_cert(0x5d3f0e303ea0, 0, 0x8000, 0xffffffff) = 1 <0.000382>
[pid 393] 14:57:40.861820 libssl.so.3->EVP_DigestVerifyInit_ex(0x5d3f0e230810, 0x7ffc6cf29968, 0, 0) = 1 <0.000220>
[pid 393] 14:57:40.862099 libssl.so.3->EVP_DigestVerify(0x5d3f0e230810, 0x5d3f0e310798, 3309, 0x7ffc6cf29970) = 1 <0.000219>
[pid 393] 14:57:40.862559 libssl.so.3->X509_verify_cert(0x5d3f0e303ea0, 1, 1, 0) = 1 <0.000249>
[pid 393] 14:57:40.863115 libssl.so.3->EVP_DigestSignInit_ex(0x5d3f0e30b940, 0x7ffc6cf29950, 0, 0) = 1 <0.000149>
[pid 393] 14:57:40.863311 libssl.so.3->EVP_DigestSign(0x5d3f0e30b940, 0, 0x7ffc6cf29960, 0x7ffc6cf29970) = 1 <0.000205>
[pid 393] 14:57:40.863572 libssl.so.3->EVP_DigestSign(0x5d3f0e30b940, 0x5d3f0e31f6f0, 0x7ffc6cf29960, 0x7ffc6cf29970) = 1 <0.000293>
[pid 393] 14:57:40.864063 <... SSL_connect resumed> ) = 1 <0.007603>
[pid 393] 14:57:40.864250 oqsprovider.so->OQS_KEM_free(0x5d3f0e30bb70, 0x5d3f0e30bb20, 2, 0x5d3f0e30bb40) = 4 <0.000137>
Handshake duration: 7.86 ms
[pid 393] 14:57:40.866216 +++ exited (status 0) +++
Execution 98 - TLS Mutual
s_connection: verify depth is 1
[pid 395] 14:57:40.920847 openssl->SSL_connect(0x643b2eb870e0, 0x643b2eb59e50, 0x643b2eb59e50, 0x748fe9a91360 <unfinished ...>
[pid 395] 14:57:40.921289 libssl.so.3->EVP_PKEY_keygen_init(0x643b2eb897d0, 0, 176, 0x643b2eb897d0) = 1 <0.000181>
[pid 395] 14:57:40.921548 libssl.so.3->EVP_PKEY_keygen(0x643b2eb897d0, 0x7ffeb83aa1a0, 0, 103 <unfinished ...>
[pid 395] 14:57:40.921683 oqsprovider.so->OQS_KEM_new(0x643b2eb7ec70, 8, 0, 0x643b2eb86b50) = 0x643b2eb86b70 <0.000174>
[pid 395] 14:57:40.921949 oqsprovider.so->OQS_KEM_keypair(0x643b2eb86b70, 0x643b2eb84570, 0x643b2eb81130, 0x643b2eb86b50) = 0 <0.000477>
[pid 395] 14:57:40.922537 <... EVP_PKEY_keygen resumed> ) = 1 <0.000980>
[pid 395] 14:57:40.923990 libssl.so.3->EVP_PKEY_decapsulate_init(0x643b2eb897d0, 0, 176, 0x643b2eb897d0) = 1 <0.000315>
[pid 395] 14:57:40.924372 libssl.so.3->EVP_PKEY_decapsulate(0x643b2eb897d0, 0, 0x7ffeb83aa160, 0x643b2eb8b7ea) = 1 <0.000206>
[pid 395] 14:57:40.924646 libssl.so.3->EVP_PKEY_decapsulate(0x643b2eb897d0, 0x643b2eb82ee0, 0x7ffeb83aa160, 0x643b2eb8b7ea <unfinished ...>
[pid 395] 14:57:40.924829 oqsprovider.so->OQS_KEM_decaps(0x643b2eb86b70, 0x643b2eb82ee0, 0x643b2eb8b7ea, 0x643b2eb81130) = 0 <0.000215>
[pid 395] 14:57:40.925107 <... EVP_PKEY_decapsulate resumed> ) = 1 <0.000453>
[pid 395] 14:57:40.925834 libssl.so.3->X509_verify_cert(0x643b2eb7eea0, 0, 0x8000, 0xffffffff) = 1 <0.000359>
[pid 395] 14:57:40.926385 libssl.so.3->EVP_DigestVerifyInit_ex(0x643b2eaab810, 0x7ffeb83aa208, 0, 0) = 1 <0.000130>
[pid 395] 14:57:40.926561 libssl.so.3->EVP_DigestVerify(0x643b2eaab810, 0x643b2eb8b798, 3309, 0x7ffeb83aa210) = 1 <0.000195>
[pid 395] 14:57:40.926959 libssl.so.3->X509_verify_cert(0x643b2eb7eea0, 1, 1, 0) = 1 <0.000210>
[pid 395] 14:57:40.927486 libssl.so.3->EVP_DigestSignInit_ex(0x643b2eb86940, 0x7ffeb83aa1f0, 0, 0) = 1 <0.000136>
[pid 395] 14:57:40.927674 libssl.so.3->EVP_DigestSign(0x643b2eb86940, 0, 0x7ffeb83aa200, 0x7ffeb83aa210) = 1 <0.000135>
[pid 395] 14:57:40.927856 libssl.so.3->EVP_DigestSign(0x643b2eb86940, 0x643b2eb9a6f0, 0x7ffeb83aa200, 0x7ffeb83aa210) = 1 <0.000354>
[pid 395] 14:57:40.928391 <... SSL_connect resumed> ) = 1 <0.007556>
[pid 395] 14:57:40.928604 oqsprovider.so->OQS_KEM_free(0x643b2eb86b70, 0x643b2eb86b20, 2, 0x643b2eb86b40) = 4 <0.000122>
Handshake duration: 7.74 ms
[pid 395] 14:57:40.930527 +++ exited (status 0) +++
Execution 99 - TLS Mutual
s_connection: verify depth is 1
[pid 397] 14:57:40.989378 openssl->SSL_connect(0x608fc9dec0e0, 0x608fc9dbee50, 0x608fc9dbee50, 0x74d53e4ae360 <unfinished ...>
[pid 397] 14:57:40.989885 libssl.so.3->EVP_PKEY_keygen_init(0x608fc9dee7d0, 0, 176, 0x608fc9dee7d0) = 1 <0.000219>
[pid 397] 14:57:40.990177 libssl.so.3->EVP_PKEY_keygen(0x608fc9dee7d0, 0x7ffd1455b560, 0, 103 <unfinished ...>
[pid 397] 14:57:40.990354 oqsprovider.so->OQS_KEM_new(0x608fc9de3c70, 8, 0, 0x608fc9debb50) = 0x608fc9debb70 <0.000161>
[pid 397] 14:57:40.990563 oqsprovider.so->OQS_KEM_keypair(0x608fc9debb70, 0x608fc9de9570, 0x608fc9de6130, 0x608fc9debb50) = 0 <0.000306>
[pid 397] 14:57:40.990921 <... EVP_PKEY_keygen resumed> ) = 1 <0.000741>
[pid 397] 14:57:40.992306 libssl.so.3->EVP_PKEY_decapsulate_init(0x608fc9dee7d0, 0, 176, 0x608fc9dee7d0) = 1 <0.000271>
[pid 397] 14:57:40.992616 libssl.so.3->EVP_PKEY_decapsulate(0x608fc9dee7d0, 0, 0x7ffd1455b520, 0x608fc9df07ea) = 1 <0.000123>
[pid 397] 14:57:40.992783 libssl.so.3->EVP_PKEY_decapsulate(0x608fc9dee7d0, 0x608fc9de7ee0, 0x7ffd1455b520, 0x608fc9df07ea <unfinished ...>
[pid 397] 14:57:40.992897 oqsprovider.so->OQS_KEM_decaps(0x608fc9debb70, 0x608fc9de7ee0, 0x608fc9df07ea, 0x608fc9de6130) = 0 <0.000153>
[pid 397] 14:57:40.993101 <... EVP_PKEY_decapsulate resumed> ) = 1 <0.000313>
[pid 397] 14:57:40.993822 libssl.so.3->X509_verify_cert(0x608fc9de3ea0, 0, 0x8000, 0xffffffff) = 1 <0.000357>
[pid 397] 14:57:40.994383 libssl.so.3->EVP_DigestVerifyInit_ex(0x608fc9d10810, 0x7ffd1455b5c8, 0, 0) = 1 <0.000157>
[pid 397] 14:57:40.994590 libssl.so.3->EVP_DigestVerify(0x608fc9d10810, 0x608fc9df0798, 3309, 0x7ffd1455b5d0) = 1 <0.000192>
[pid 397] 14:57:40.994984 libssl.so.3->X509_verify_cert(0x608fc9de3ea0, 1, 1, 0) = 1 <0.000212>
[pid 397] 14:57:40.995530 libssl.so.3->EVP_DigestSignInit_ex(0x608fc9deb940, 0x7ffd1455b5b0, 0, 0) = 1 <0.000191>
[pid 397] 14:57:40.995787 libssl.so.3->EVP_DigestSign(0x608fc9deb940, 0, 0x7ffd1455b5c0, 0x7ffd1455b5d0) = 1 <0.000146>
[pid 397] 14:57:40.995983 libssl.so.3->EVP_DigestSign(0x608fc9deb940, 0x608fc9dff6f0, 0x7ffd1455b5c0, 0x7ffd1455b5d0) = 1 <0.000381>
[pid 397] 14:57:40.996552 <... SSL_connect resumed> ) = 1 <0.007189>
[pid 397] 14:57:40.996742 oqsprovider.so->OQS_KEM_free(0x608fc9debb70, 0x608fc9debb20, 2, 0x608fc9debb40) = 4 <0.000120>
Handshake duration: 7.37 ms
[pid 397] 14:57:40.998741 +++ exited (status 0) +++
Execution 100 - TLS Mutual
s_connection: verify depth is 1
[pid 399] 14:57:41.061707 openssl->SSL_connect(0x587d3ed410e0, 0x587d3ed13e50, 0x587d3ed13e50, 0x7346d7e9b360 <unfinished ...>
[pid 399] 14:57:41.062247 libssl.so.3->EVP_PKEY_keygen_init(0x587d3ed437d0, 0, 176, 0x587d3ed437d0) = 1 <0.000241>
[pid 399] 14:57:41.062540 libssl.so.3->EVP_PKEY_keygen(0x587d3ed437d0, 0x7fff9e2596a0, 0, 103 <unfinished ...>
[pid 399] 14:57:41.062681 oqsprovider.so->OQS_KEM_new(0x587d3ed38c70, 8, 0, 0x587d3ed40b50) = 0x587d3ed40b70 <0.000139>
[pid 399] 14:57:41.062872 oqsprovider.so->OQS_KEM_keypair(0x587d3ed40b70, 0x587d3ed3e570, 0x587d3ed3b130, 0x587d3ed40b50) = 0 <0.000338>
[pid 399] 14:57:41.063271 <... EVP_PKEY_keygen resumed> ) = 1 <0.000725>
[pid 399] 14:57:41.064723 libssl.so.3->EVP_PKEY_decapsulate_init(0x587d3ed437d0, 0, 176, 0x587d3ed437d0) = 1 <0.000276>
[pid 399] 14:57:41.065042 libssl.so.3->EVP_PKEY_decapsulate(0x587d3ed437d0, 0, 0x7fff9e259660, 0x587d3ed457ea) = 1 <0.000131>
[pid 399] 14:57:41.065222 libssl.so.3->EVP_PKEY_decapsulate(0x587d3ed437d0, 0x587d3ed3cee0, 0x7fff9e259660, 0x587d3ed457ea <unfinished ...>
[pid 399] 14:57:41.065370 oqsprovider.so->OQS_KEM_decaps(0x587d3ed40b70, 0x587d3ed3cee0, 0x587d3ed457ea, 0x587d3ed3b130) = 0 <0.000203>
[pid 399] 14:57:41.065628 <... EVP_PKEY_decapsulate resumed> ) = 1 <0.000396>
[pid 399] 14:57:41.066388 libssl.so.3->X509_verify_cert(0x587d3ed38ea0, 0, 0x8000, 0xffffffff) = 1 <0.000401>
[pid 399] 14:57:41.067004 libssl.so.3->EVP_DigestVerifyInit_ex(0x587d3ec65810, 0x7fff9e259708, 0, 0) = 1 <0.000151>
[pid 399] 14:57:41.067209 libssl.so.3->EVP_DigestVerify(0x587d3ec65810, 0x587d3ed45798, 3309, 0x7fff9e259710) = 1 <0.000253>
[pid 399] 14:57:41.067690 libssl.so.3->X509_verify_cert(0x587d3ed38ea0, 1, 1, 0) = 1 <0.000247>
[pid 399] 14:57:41.068271 libssl.so.3->EVP_DigestSignInit_ex(0x587d3ed40940, 0x7fff9e2596f0, 0, 0) = 1 <0.000182>
[pid 399] 14:57:41.068496 libssl.so.3->EVP_DigestSign(0x587d3ed40940, 0, 0x7fff9e259700, 0x7fff9e259710) = 1 <0.000126>
[pid 399] 14:57:41.068689 libssl.so.3->EVP_DigestSign(0x587d3ed40940, 0x587d3ed546f0, 0x7fff9e259700, 0x7fff9e259710) = 1 <0.000368>
[pid 399] 14:57:41.069243 <... SSL_connect resumed> ) = 1 <0.007549>
[pid 399] 14:57:41.069544 oqsprovider.so->OQS_KEM_free(0x587d3ed40b70, 0x587d3ed40b20, 2, 0x587d3ed40b40) = 4 <0.000213>
Handshake duration: 7.77 ms
[pid 399] 14:57:41.071876 +++ exited (status 0) +++
Applying netem rules to lo...
Showing qdisc status for the interface: lo
qdisc netem 83d2: root refcnt 2 limit 1000 seed 4755120830003914776
 Sent 0 bytes 0 pkt (dropped 0, overlimits 0 requeues 0) 
 backlog 0b 0p requeues 0
Running /opt/oqssa/perftestClientTlsQuic_ltrace.sh with SIG_ALG=mldsa65 and KEM_ALG=hqc192
Execution 1 - TLS Mutual
s_connection: verify depth is 1
[pid 201] 14:58:02.750574 openssl->SSL_connect(0x5d80b2d2c0e0, 0x5d80b2cfee50, 0x5d80b2cfee50, 0x73d8a5c4d360 <unfinished ...>
[pid 201] 14:58:02.751034 libssl.so.3->EVP_PKEY_keygen_init(0x5d80b2d2e7d0, 0, 176, 0x5d80b2d2e7d0) = 1 <0.000151>
[pid 201] 14:58:02.751253 libssl.so.3->EVP_PKEY_keygen(0x5d80b2d2e7d0, 0x7fff9cfffaa0, 0, 103 <unfinished ...>
[pid 201] 14:58:02.751431 oqsprovider.so->OQS_KEM_new(0x5d80b2d23c70, 8, 0, 0x5d80b2d2bb50) = 0x5d80b2d2bb70 <0.000219>
[pid 201] 14:58:02.751719 oqsprovider.so->OQS_KEM_keypair(0x5d80b2d2bb70, 0x5d80b2d36d00, 0x5d80b2d37ec0, 0x5d80b2d2bb50) = 0 <0.007414>
[pid 201] 14:58:02.759257 <... EVP_PKEY_keygen resumed> ) = 1 <0.007980>
[pid 201] 14:58:02.784303 libssl.so.3->EVP_PKEY_decapsulate_init(0x5d80b2d2e7d0, 0, 176, 0x5d80b2d2e7d0) = 1 <0.000603>
[pid 201] 14:58:02.785040 libssl.so.3->EVP_PKEY_decapsulate(0x5d80b2d2e7d0, 0, 0x7fff9cfffa60, 0x5d80b2d307ea) = 1 <0.000197>
[pid 201] 14:58:02.785302 libssl.so.3->EVP_PKEY_decapsulate(0x5d80b2d2e7d0, 0x5d80b2d26ec0, 0x7fff9cfffa60, 0x5d80b2d307ea <unfinished ...>
[pid 201] 14:58:02.785436 oqsprovider.so->OQS_KEM_decaps(0x5d80b2d2bb70, 0x5d80b2d26ec0, 0x5d80b2d307ea, 0x5d80b2d37ec0) = 0 <0.026410>
[pid 201] 14:58:02.811990 <... EVP_PKEY_decapsulate resumed> ) = 1 <0.026678>
[pid 201] 14:58:02.812971 libssl.so.3->X509_verify_cert(0x5d80b2d23ea0, 0, 0x8000, 0xffffffff) = 1 <0.000560>
[pid 201] 14:58:02.813797 libssl.so.3->EVP_DigestVerifyInit_ex(0x5d80b2d53980, 0x7fff9cfffb08, 0, 0) = 1 <0.000161>
[pid 201] 14:58:02.814006 libssl.so.3->EVP_DigestVerify(0x5d80b2d53980, 0x5d80b2d30798, 3309, 0x7fff9cfffb10) = 1 <0.000265>
[pid 201] 14:58:02.814543 libssl.so.3->X509_verify_cert(0x5d80b2d23ea0, 1, 1, 0) = 1 <0.000289>
[pid 201] 14:58:02.815816 libssl.so.3->EVP_DigestSignInit_ex(0x5d80b2c50810, 0x7fff9cfffaf0, 0, 0) = 1 <0.000249>
[pid 201] 14:58:02.816132 libssl.so.3->EVP_DigestSign(0x5d80b2c50810, 0, 0x7fff9cfffb00, 0x7fff9cfffb10) = 1 <0.000185>
[pid 201] 14:58:02.816380 libssl.so.3->EVP_DigestSign(0x5d80b2c50810, 0x5d80b2d23fc0, 0x7fff9cfffb00, 0x7fff9cfffb10) = 1 <0.000470>
[pid 201] 14:58:02.818009 <... SSL_connect resumed> ) = 1 <0.067440>
[pid 201] 14:58:02.818203 oqsprovider.so->OQS_KEM_free(0x5d80b2d2bb70, 0x5d80b2d2bb20, 2, 0x5d80b2d2bb40) = 4 <0.000223>
Handshake duration: 67.63 ms
[pid 201] 14:58:02.820839 +++ exited (status 0) +++
Execution 2 - TLS Mutual
s_connection: verify depth is 1
[pid 203] 14:58:02.880455 openssl->SSL_connect(0x5b6b563550e0, 0x5b6b56327e50, 0x5b6b56327e50, 0x796a5d5fa360 <unfinished ...>
[pid 203] 14:58:02.880890 libssl.so.3->EVP_PKEY_keygen_init(0x5b6b563577d0, 0, 176, 0x5b6b563577d0) = 1 <0.000185>
[pid 203] 14:58:02.881131 libssl.so.3->EVP_PKEY_keygen(0x5b6b563577d0, 0x7ffdd91fe820, 0, 103 <unfinished ...>
[pid 203] 14:58:02.881293 oqsprovider.so->OQS_KEM_new(0x5b6b5634cc70, 8, 0, 0x5b6b56354b50) = 0x5b6b56354b70 <0.000196>
[pid 203] 14:58:02.881558 oqsprovider.so->OQS_KEM_keypair(0x5b6b56354b70, 0x5b6b5635fd00, 0x5b6b56360ec0, 0x5b6b56354b50) = 0 <0.008069>
[pid 203] 14:58:02.889864 <... EVP_PKEY_keygen resumed> ) = 1 <0.008710>
[pid 203] 14:58:02.913854 libssl.so.3->EVP_PKEY_decapsulate_init(0x5b6b563577d0, 0, 176, 0x5b6b563577d0) = 1 <0.000471>
[pid 203] 14:58:02.914382 libssl.so.3->EVP_PKEY_decapsulate(0x5b6b563577d0, 0, 0x7ffdd91fe7e0, 0x5b6b563597ea) = 1 <0.000137>
[pid 203] 14:58:02.914565 libssl.so.3->EVP_PKEY_decapsulate(0x5b6b563577d0, 0x5b6b5634fec0, 0x7ffdd91fe7e0, 0x5b6b563597ea <unfinished ...>
[pid 203] 14:58:02.914696 oqsprovider.so->OQS_KEM_decaps(0x5b6b56354b70, 0x5b6b5634fec0, 0x5b6b563597ea, 0x5b6b56360ec0) = 0 <0.022133>
[pid 203] 14:58:02.937000 <... EVP_PKEY_decapsulate resumed> ) = 1 <0.022424>
[pid 203] 14:58:02.937981 libssl.so.3->X509_verify_cert(0x5b6b5634cea0, 0, 0x8000, 0xffffffff) = 1 <0.000550>
[pid 203] 14:58:02.938750 libssl.so.3->EVP_DigestVerifyInit_ex(0x5b6b5637c980, 0x7ffdd91fe888, 0, 0) = 1 <0.000138>
[pid 203] 14:58:02.938936 libssl.so.3->EVP_DigestVerify(0x5b6b5637c980, 0x5b6b56359798, 3309, 0x7ffdd91fe890) = 1 <0.000210>
[pid 203] 14:58:02.939394 libssl.so.3->X509_verify_cert(0x5b6b5634cea0, 1, 1, 0) = 1 <0.000226>
[pid 203] 14:58:02.940035 libssl.so.3->EVP_DigestSignInit_ex(0x5b6b56279810, 0x7ffdd91fe870, 0, 0) = 1 <0.000136>
[pid 203] 14:58:02.940222 libssl.so.3->EVP_DigestSign(0x5b6b56279810, 0, 0x7ffdd91fe880, 0x7ffdd91fe890) = 1 <0.000153>
[pid 203] 14:58:02.940429 libssl.so.3->EVP_DigestSign(0x5b6b56279810, 0x5b6b5634cfc0, 0x7ffdd91fe880, 0x7ffdd91fe890) = 1 <0.000353>
[pid 203] 14:58:02.941045 <... SSL_connect resumed> ) = 1 <0.060602>
[pid 203] 14:58:02.941294 oqsprovider.so->OQS_KEM_free(0x5b6b56354b70, 0x5b6b56354b20, 2, 0x5b6b56354b40) = 4 <0.000163>
Handshake duration: 60.79 ms
[pid 203] 14:58:02.943849 +++ exited (status 0) +++
Execution 3 - TLS Mutual
s_connection: verify depth is 1
[pid 205] 14:58:03.002777 openssl->SSL_connect(0x5d1599a9c0e0, 0x5d1599a6ee50, 0x5d1599a6ee50, 0x79461ed6e360 <unfinished ...>
[pid 205] 14:58:03.003313 libssl.so.3->EVP_PKEY_keygen_init(0x5d1599a9e7d0, 0, 176, 0x5d1599a9e7d0) = 1 <0.000183>
[pid 205] 14:58:03.003563 libssl.so.3->EVP_PKEY_keygen(0x5d1599a9e7d0, 0x7ffe8f526090, 0, 103 <unfinished ...>
[pid 205] 14:58:03.003711 oqsprovider.so->OQS_KEM_new(0x5d1599a93c70, 8, 0, 0x5d1599a9bb50) = 0x5d1599a9bb70 <0.000128>
[pid 205] 14:58:03.003900 oqsprovider.so->OQS_KEM_keypair(0x5d1599a9bb70, 0x5d1599aa6d00, 0x5d1599aa7ec0, 0x5d1599a9bb50) = 0 <0.007179>
[pid 205] 14:58:03.011176 <... EVP_PKEY_keygen resumed> ) = 1 <0.007606>
[pid 205] 14:58:03.035134 libssl.so.3->EVP_PKEY_decapsulate_init(0x5d1599a9e7d0, 0, 176, 0x5d1599a9e7d0) = 1 <0.000464>
[pid 205] 14:58:03.035650 libssl.so.3->EVP_PKEY_decapsulate(0x5d1599a9e7d0, 0, 0x7ffe8f526050, 0x5d1599aa07ea) = 1 <0.000146>
[pid 205] 14:58:03.035855 libssl.so.3->EVP_PKEY_decapsulate(0x5d1599a9e7d0, 0x5d1599a96ec0, 0x7ffe8f526050, 0x5d1599aa07ea <unfinished ...>
[pid 205] 14:58:03.035981 oqsprovider.so->OQS_KEM_decaps(0x5d1599a9bb70, 0x5d1599a96ec0, 0x5d1599aa07ea, 0x5d1599aa7ec0) = 0 <0.022397>
[pid 205] 14:58:03.058516 <... EVP_PKEY_decapsulate resumed> ) = 1 <0.022652>
[pid 205] 14:58:03.059436 libssl.so.3->X509_verify_cert(0x5d1599a93ea0, 0, 0x8000, 0xffffffff) = 1 <0.000528>
[pid 205] 14:58:03.060288 libssl.so.3->EVP_DigestVerifyInit_ex(0x5d1599ac3980, 0x7ffe8f5260f8, 0, 0) = 1 <0.000260>
[pid 205] 14:58:03.060604 libssl.so.3->EVP_DigestVerify(0x5d1599ac3980, 0x5d1599aa0798, 3309, 0x7ffe8f526100) = 1 <0.000230>
[pid 205] 14:58:03.061067 libssl.so.3->X509_verify_cert(0x5d1599a93ea0, 1, 1, 0) = 1 <0.000231>
[pid 205] 14:58:03.061781 libssl.so.3->EVP_DigestSignInit_ex(0x5d15999c0810, 0x7ffe8f5260e0, 0, 0) = 1 <0.000240>
[pid 205] 14:58:03.062083 libssl.so.3->EVP_DigestSign(0x5d15999c0810, 0, 0x7ffe8f5260f0, 0x7ffe8f526100) = 1 <0.000198>
[pid 205] 14:58:03.062345 libssl.so.3->EVP_DigestSign(0x5d15999c0810, 0x5d1599a93fc0, 0x7ffe8f5260f0, 0x7ffe8f526100) = 1 <0.000412>
[pid 205] 14:58:03.063078 <... SSL_connect resumed> ) = 1 <0.060301>
[pid 205] 14:58:03.063381 oqsprovider.so->OQS_KEM_free(0x5d1599a9bb70, 0x5d1599a9bb20, 2, 0x5d1599a9bb40) = 4 <0.000141>
Handshake duration: 60.54 ms
[pid 205] 14:58:03.065848 +++ exited (status 0) +++
Execution 4 - TLS Mutual
s_connection: verify depth is 1
[pid 207] 14:58:03.124417 openssl->SSL_connect(0x5c0020bc10e0, 0x5c0020b93e50, 0x5c0020b93e50, 0x708bc1817360 <unfinished ...>
[pid 207] 14:58:03.124848 libssl.so.3->EVP_PKEY_keygen_init(0x5c0020bc37d0, 0, 176, 0x5c0020bc37d0) = 1 <0.000156>
[pid 207] 14:58:03.125056 libssl.so.3->EVP_PKEY_keygen(0x5c0020bc37d0, 0x7fff91438350, 0, 103 <unfinished ...>
[pid 207] 14:58:03.125200 oqsprovider.so->OQS_KEM_new(0x5c0020bb8c70, 8, 0, 0x5c0020bc0b50) = 0x5c0020bc0b70 <0.000133>
[pid 207] 14:58:03.125401 oqsprovider.so->OQS_KEM_keypair(0x5c0020bc0b70, 0x5c0020bcbd00, 0x5c0020bccec0, 0x5c0020bc0b50) = 0 <0.007639>
[pid 207] 14:58:03.133194 <... EVP_PKEY_keygen resumed> ) = 1 <0.008123>
[pid 207] 14:58:03.157141 libssl.so.3->EVP_PKEY_decapsulate_init(0x5c0020bc37d0, 0, 176, 0x5c0020bc37d0) = 1 <0.000618>
[pid 207] 14:58:03.157849 libssl.so.3->EVP_PKEY_decapsulate(0x5c0020bc37d0, 0, 0x7fff91438310, 0x5c0020bc57ea) = 1 <0.000193>
[pid 207] 14:58:03.158115 libssl.so.3->EVP_PKEY_decapsulate(0x5c0020bc37d0, 0x5c0020bbbec0, 0x7fff91438310, 0x5c0020bc57ea <unfinished ...>
[pid 207] 14:58:03.158345 oqsprovider.so->OQS_KEM_decaps(0x5c0020bc0b70, 0x5c0020bbbec0, 0x5c0020bc57ea, 0x5c0020bccec0) = 0 <0.024089>
[pid 207] 14:58:03.182638 <... EVP_PKEY_decapsulate resumed> ) = 1 <0.024503>
[pid 207] 14:58:03.183839 libssl.so.3->X509_verify_cert(0x5c0020bb8ea0, 0, 0x8000, 0xffffffff) = 1 <0.000636>
[pid 207] 14:58:03.185581 libssl.so.3->EVP_DigestVerifyInit_ex(0x5c0020be8980, 0x7fff914383b8, 0, 0) = 1 <0.000394>
[pid 207] 14:58:03.186052 libssl.so.3->EVP_DigestVerify(0x5c0020be8980, 0x5c0020bc5798, 3309, 0x7fff914383c0) = 1 <0.000282>
[pid 207] 14:58:03.186815 libssl.so.3->X509_verify_cert(0x5c0020bb8ea0, 1, 1, 0) = 1 <0.000467>
[pid 207] 14:58:03.187964 libssl.so.3->EVP_DigestSignInit_ex(0x5c0020ae5810, 0x7fff914383a0, 0, 0) = 1 <0.000166>
[pid 207] 14:58:03.188175 libssl.so.3->EVP_DigestSign(0x5c0020ae5810, 0, 0x7fff914383b0, 0x7fff914383c0) = 1 <0.000144>
[pid 207] 14:58:03.188523 libssl.so.3->EVP_DigestSign(0x5c0020ae5810, 0x5c0020bb8fc0, 0x7fff914383b0, 0x7fff914383c0) = 1 <0.000760>
[pid 207] 14:58:03.189634 <... SSL_connect resumed> ) = 1 <0.065221>
[pid 207] 14:58:03.189878 oqsprovider.so->OQS_KEM_free(0x5c0020bc0b70, 0x5c0020bc0b20, 2, 0x5c0020bc0b40) = 4 <0.000145>
Handshake duration: 65.41 ms
[pid 207] 14:58:03.192708 +++ exited (status 0) +++
Execution 5 - TLS Mutual
s_connection: verify depth is 1
[pid 209] 14:58:03.251840 openssl->SSL_connect(0x5eb072f450e0, 0x5eb072f17e50, 0x5eb072f17e50, 0x7fe00824f360 <unfinished ...>
[pid 209] 14:58:03.252315 libssl.so.3->EVP_PKEY_keygen_init(0x5eb072f477d0, 0, 176, 0x5eb072f477d0) = 1 <0.000136>
[pid 209] 14:58:03.252500 libssl.so.3->EVP_PKEY_keygen(0x5eb072f477d0, 0x7ffe3b8779d0, 0, 103 <unfinished ...>
[pid 209] 14:58:03.252673 oqsprovider.so->OQS_KEM_new(0x5eb072f3cc70, 8, 0, 0x5eb072f44b50) = 0x5eb072f44b70 <0.000130>
[pid 209] 14:58:03.252861 oqsprovider.so->OQS_KEM_keypair(0x5eb072f44b70, 0x5eb072f4fd00, 0x5eb072f50ec0, 0x5eb072f44b50) = 0 <0.007673>
[pid 209] 14:58:03.260620 <... EVP_PKEY_keygen resumed> ) = 1 <0.008115>
[pid 209] 14:58:03.283401 libssl.so.3->EVP_PKEY_decapsulate_init(0x5eb072f477d0, 0, 176, 0x5eb072f477d0) = 1 <0.000437>
[pid 209] 14:58:03.283905 libssl.so.3->EVP_PKEY_decapsulate(0x5eb072f477d0, 0, 0x7ffe3b877990, 0x5eb072f497ea) = 1 <0.000149>
[pid 209] 14:58:03.284110 libssl.so.3->EVP_PKEY_decapsulate(0x5eb072f477d0, 0x5eb072f3fec0, 0x7ffe3b877990, 0x5eb072f497ea <unfinished ...>
[pid 209] 14:58:03.284267 oqsprovider.so->OQS_KEM_decaps(0x5eb072f44b70, 0x5eb072f3fec0, 0x5eb072f497ea, 0x5eb072f50ec0) = 0 <0.023507>
[pid 209] 14:58:03.307932 <... EVP_PKEY_decapsulate resumed> ) = 1 <0.023811>
[pid 209] 14:58:03.308827 libssl.so.3->X509_verify_cert(0x5eb072f3cea0, 0, 0x8000, 0xffffffff) = 1 <0.000505>
[pid 209] 14:58:03.309547 libssl.so.3->EVP_DigestVerifyInit_ex(0x5eb072f6c980, 0x7ffe3b877a38, 0, 0) = 1 <0.000134>
[pid 209] 14:58:03.309737 libssl.so.3->EVP_DigestVerify(0x5eb072f6c980, 0x5eb072f49798, 3309, 0x7ffe3b877a40) = 1 <0.000208>
[pid 209] 14:58:03.310177 libssl.so.3->X509_verify_cert(0x5eb072f3cea0, 1, 1, 0) = 1 <0.000230>
[pid 209] 14:58:03.310788 libssl.so.3->EVP_DigestSignInit_ex(0x5eb072e69810, 0x7ffe3b877a20, 0, 0) = 1 <0.000132>
[pid 209] 14:58:03.310977 libssl.so.3->EVP_DigestSign(0x5eb072e69810, 0, 0x7ffe3b877a30, 0x7ffe3b877a40) = 1 <0.000121>
[pid 209] 14:58:03.311142 libssl.so.3->EVP_DigestSign(0x5eb072e69810, 0x5eb072f3cfc0, 0x7ffe3b877a30, 0x7ffe3b877a40) = 1 <0.000279>
[pid 209] 14:58:03.311717 <... SSL_connect resumed> ) = 1 <0.059887>
[pid 209] 14:58:03.311931 oqsprovider.so->OQS_KEM_free(0x5eb072f44b70, 0x5eb072f44b20, 2, 0x5eb072f44b40) = 4 <0.000115>
Handshake duration: 60.06 ms
[pid 209] 14:58:03.314239 +++ exited (status 0) +++
Execution 6 - TLS Mutual
s_connection: verify depth is 1
[pid 211] 14:58:03.373599 openssl->SSL_connect(0x5b5e813100e0, 0x5b5e812e2e50, 0x5b5e812e2e50, 0x7af5a1fe7360 <unfinished ...>
[pid 211] 14:58:03.374074 libssl.so.3->EVP_PKEY_keygen_init(0x5b5e813127d0, 0, 176, 0x5b5e813127d0) = 1 <0.000222>
[pid 211] 14:58:03.374351 libssl.so.3->EVP_PKEY_keygen(0x5b5e813127d0, 0x7ffc1c475000, 0, 103 <unfinished ...>
[pid 211] 14:58:03.374500 oqsprovider.so->OQS_KEM_new(0x5b5e81307c70, 8, 0, 0x5b5e8130fb50) = 0x5b5e8130fb70 <0.000142>
[pid 211] 14:58:03.374698 oqsprovider.so->OQS_KEM_keypair(0x5b5e8130fb70, 0x5b5e8131ad00, 0x5b5e8131bec0, 0x5b5e8130fb50) = 0 <0.007279>
[pid 211] 14:58:03.382090 <... EVP_PKEY_keygen resumed> ) = 1 <0.007732>
[pid 211] 14:58:03.406076 libssl.so.3->EVP_PKEY_decapsulate_init(0x5b5e813127d0, 0, 176, 0x5b5e813127d0) = 1 <0.000592>
[pid 211] 14:58:03.406794 libssl.so.3->EVP_PKEY_decapsulate(0x5b5e813127d0, 0, 0x7ffc1c474fc0, 0x5b5e813147ea) = 1 <0.000201>
[pid 211] 14:58:03.407052 libssl.so.3->EVP_PKEY_decapsulate(0x5b5e813127d0, 0x5b5e8130aec0, 0x7ffc1c474fc0, 0x5b5e813147ea <unfinished ...>
[pid 211] 14:58:03.407225 oqsprovider.so->OQS_KEM_decaps(0x5b5e8130fb70, 0x5b5e8130aec0, 0x5b5e813147ea, 0x5b5e8131bec0) = 0 <0.023827>
[pid 211] 14:58:03.431301 <... EVP_PKEY_decapsulate resumed> ) = 1 <0.024217>
[pid 211] 14:58:03.432353 libssl.so.3->X509_verify_cert(0x5b5e81307ea0, 0, 0x8000, 0xffffffff) = 1 <0.001049>
[pid 211] 14:58:03.433712 libssl.so.3->EVP_DigestVerifyInit_ex(0x5b5e81337980, 0x7ffc1c475068, 0, 0) = 1 <0.000209>
[pid 211] 14:58:03.434021 libssl.so.3->EVP_DigestVerify(0x5b5e81337980, 0x5b5e81314798, 3309, 0x7ffc1c475070) = 1 <0.000314>
[pid 211] 14:58:03.434666 libssl.so.3->X509_verify_cert(0x5b5e81307ea0, 1, 1, 0) = 1 <0.000273>
[pid 211] 14:58:03.435393 libssl.so.3->EVP_DigestSignInit_ex(0x5b5e81234810, 0x7ffc1c475050, 0, 0) = 1 <0.000178>
[pid 211] 14:58:03.435612 libssl.so.3->EVP_DigestSign(0x5b5e81234810, 0, 0x7ffc1c475060, 0x7ffc1c475070) = 1 <0.000114>
[pid 211] 14:58:03.435774 libssl.so.3->EVP_DigestSign(0x5b5e81234810, 0x5b5e81307fc0, 0x7ffc1c475060, 0x7ffc1c475070) = 1 <0.000305>
[pid 211] 14:58:03.436397 <... SSL_connect resumed> ) = 1 <0.062815>
[pid 211] 14:58:03.436650 oqsprovider.so->OQS_KEM_free(0x5b5e8130fb70, 0x5b5e8130fb20, 2, 0x5b5e8130fb40) = 4 <0.000146>
Handshake duration: 63.02 ms
[pid 211] 14:58:03.440698 +++ exited (status 0) +++
Execution 7 - TLS Mutual
s_connection: verify depth is 1
[pid 213] 14:58:03.499961 openssl->SSL_connect(0x615c677330e0, 0x615c67705e50, 0x615c67705e50, 0x7864508ca360 <unfinished ...>
[pid 213] 14:58:03.500467 libssl.so.3->EVP_PKEY_keygen_init(0x615c677357d0, 0, 176, 0x615c677357d0) = 1 <0.000192>
[pid 213] 14:58:03.500710 libssl.so.3->EVP_PKEY_keygen(0x615c677357d0, 0x7fffa2cdd4a0, 0, 103 <unfinished ...>
[pid 213] 14:58:03.500850 oqsprovider.so->OQS_KEM_new(0x615c6772ac70, 8, 0, 0x615c67732b50) = 0x615c67732b70 <0.000126>
[pid 213] 14:58:03.501031 oqsprovider.so->OQS_KEM_keypair(0x615c67732b70, 0x615c6773dd00, 0x615c6773eec0, 0x615c67732b50) = 0 <0.007289>
[pid 213] 14:58:03.508470 <... EVP_PKEY_keygen resumed> ) = 1 <0.007754>
[pid 213] 14:58:03.531417 libssl.so.3->EVP_PKEY_decapsulate_init(0x615c677357d0, 0, 176, 0x615c677357d0) = 1 <0.000493>
[pid 213] 14:58:03.531990 libssl.so.3->EVP_PKEY_decapsulate(0x615c677357d0, 0, 0x7fffa2cdd460, 0x615c677377ea) = 1 <0.000142>
[pid 213] 14:58:03.532179 libssl.so.3->EVP_PKEY_decapsulate(0x615c677357d0, 0x615c6772dec0, 0x7fffa2cdd460, 0x615c677377ea <unfinished ...>
[pid 213] 14:58:03.532331 oqsprovider.so->OQS_KEM_decaps(0x615c67732b70, 0x615c6772dec0, 0x615c677377ea, 0x615c6773eec0) = 0 <0.022106>
[pid 213] 14:58:03.554609 <... EVP_PKEY_decapsulate resumed> ) = 1 <0.022415>
[pid 213] 14:58:03.555599 libssl.so.3->X509_verify_cert(0x615c6772aea0, 0, 0x8000, 0xffffffff) = 1 <0.000591>
[pid 213] 14:58:03.556491 libssl.so.3->EVP_DigestVerifyInit_ex(0x615c6775a980, 0x7fffa2cdd508, 0, 0) = 1 <0.000191>
[pid 213] 14:58:03.556726 libssl.so.3->EVP_DigestVerify(0x615c6775a980, 0x615c67737798, 3309, 0x7fffa2cdd510) = 1 <0.000232>
[pid 213] 14:58:03.557258 libssl.so.3->X509_verify_cert(0x615c6772aea0, 1, 1, 0) = 1 <0.000267>
[pid 213] 14:58:03.557927 libssl.so.3->EVP_DigestSignInit_ex(0x615c67657810, 0x7fffa2cdd4f0, 0, 0) = 1 <0.000251>
[pid 213] 14:58:03.558256 libssl.so.3->EVP_DigestSign(0x615c67657810, 0, 0x7fffa2cdd500, 0x7fffa2cdd510) = 1 <0.000156>
[pid 213] 14:58:03.558473 libssl.so.3->EVP_DigestSign(0x615c67657810, 0x615c6772afc0, 0x7fffa2cdd500, 0x7fffa2cdd510) = 1 <0.000378>
[pid 213] 14:58:03.559126 <... SSL_connect resumed> ) = 1 <0.059175>
[pid 213] 14:58:03.559371 oqsprovider.so->OQS_KEM_free(0x615c67732b70, 0x615c67732b20, 2, 0x615c67732b40) = 4 <0.000143>
Handshake duration: 59.37 ms
[pid 213] 14:58:03.561890 +++ exited (status 0) +++
Execution 8 - TLS Mutual
s_connection: verify depth is 1
[pid 215] 14:58:03.622525 openssl->SSL_connect(0x6481b4c150e0, 0x6481b4be7e50, 0x6481b4be7e50, 0x76a38d5dd360 <unfinished ...>
[pid 215] 14:58:03.623323 libssl.so.3->EVP_PKEY_keygen_init(0x6481b4c177d0, 0, 176, 0x6481b4c177d0) = 1 <0.000333>
[pid 215] 14:58:03.623749 libssl.so.3->EVP_PKEY_keygen(0x6481b4c177d0, 0x7ffe33728880, 0, 103 <unfinished ...>
[pid 215] 14:58:03.623937 oqsprovider.so->OQS_KEM_new(0x6481b4c0cc70, 8, 0, 0x6481b4c14b50) = 0x6481b4c14b70 <0.000154>
[pid 215] 14:58:03.624183 oqsprovider.so->OQS_KEM_keypair(0x6481b4c14b70, 0x6481b4c1fd00, 0x6481b4c20ec0, 0x6481b4c14b50) = 0 <0.011369>
[pid 215] 14:58:03.635773 <... EVP_PKEY_keygen resumed> ) = 1 <0.012003>
[pid 215] 14:58:03.659531 libssl.so.3->EVP_PKEY_decapsulate_init(0x6481b4c177d0, 0, 176, 0x6481b4c177d0) = 1 <0.000578>
[pid 215] 14:58:03.660267 libssl.so.3->EVP_PKEY_decapsulate(0x6481b4c177d0, 0, 0x7ffe33728840, 0x6481b4c197ea) = 1 <0.000275>
[pid 215] 14:58:03.660633 libssl.so.3->EVP_PKEY_decapsulate(0x6481b4c177d0, 0x6481b4c0fec0, 0x7ffe33728840, 0x6481b4c197ea <unfinished ...>
[pid 215] 14:58:03.660820 oqsprovider.so->OQS_KEM_decaps(0x6481b4c14b70, 0x6481b4c0fec0, 0x6481b4c197ea, 0x6481b4c20ec0) = 0 <0.023648>
[pid 215] 14:58:03.684721 <... EVP_PKEY_decapsulate resumed> ) = 1 <0.024052>
[pid 215] 14:58:03.685828 libssl.so.3->X509_verify_cert(0x6481b4c0cea0, 0, 0x8000, 0xffffffff) = 1 <0.000738>
[pid 215] 14:58:03.686860 libssl.so.3->EVP_DigestVerifyInit_ex(0x6481b4c3c980, 0x7ffe337288e8, 0, 0) = 1 <0.000225>
[pid 215] 14:58:03.687168 libssl.so.3->EVP_DigestVerify(0x6481b4c3c980, 0x6481b4c19798, 3309, 0x7ffe337288f0) = 1 <0.000296>
[pid 215] 14:58:03.687772 libssl.so.3->X509_verify_cert(0x6481b4c0cea0, 1, 1, 0) = 1 <0.000312>
[pid 215] 14:58:03.688591 libssl.so.3->EVP_DigestSignInit_ex(0x6481b4b39810, 0x7ffe337288d0, 0, 0) = 1 <0.000208>
[pid 215] 14:58:03.688855 libssl.so.3->EVP_DigestSign(0x6481b4b39810, 0, 0x7ffe337288e0, 0x7ffe337288f0) = 1 <0.000179>
[pid 215] 14:58:03.689097 libssl.so.3->EVP_DigestSign(0x6481b4b39810, 0x6481b4c0cfc0, 0x7ffe337288e0, 0x7ffe337288f0) = 1 <0.000403>
[pid 215] 14:58:03.689824 <... SSL_connect resumed> ) = 1 <0.067302>
[pid 215] 14:58:03.690106 oqsprovider.so->OQS_KEM_free(0x6481b4c14b70, 0x6481b4c14b20, 2, 0x6481b4c14b40) = 4 <0.000222>
Handshake duration: 67.54 ms
[pid 215] 14:58:03.694453 +++ exited (status 0) +++
Execution 9 - TLS Mutual
s_connection: verify depth is 1
[pid 217] 14:58:03.750656 openssl->SSL_connect(0x62a0511f80e0, 0x62a0511cae50, 0x62a0511cae50, 0x715cb12e7360 <unfinished ...>
[pid 217] 14:58:03.751120 libssl.so.3->EVP_PKEY_keygen_init(0x62a0511fa7d0, 0, 176, 0x62a0511fa7d0) = 1 <0.000164>
[pid 217] 14:58:03.751358 libssl.so.3->EVP_PKEY_keygen(0x62a0511fa7d0, 0x7ffd7191e1a0, 0, 103 <unfinished ...>
[pid 217] 14:58:03.751511 oqsprovider.so->OQS_KEM_new(0x62a0511efc70, 8, 0, 0x62a0511f7b50) = 0x62a0511f7b70 <0.000112>
[pid 217] 14:58:03.751686 oqsprovider.so->OQS_KEM_keypair(0x62a0511f7b70, 0x62a051202d00, 0x62a051203ec0, 0x62a0511f7b50) = 0 <0.007458>
[pid 217] 14:58:03.759266 <... EVP_PKEY_keygen resumed> ) = 1 <0.007902>
[pid 217] 14:58:03.783557 libssl.so.3->EVP_PKEY_decapsulate_init(0x62a0511fa7d0, 0, 176, 0x62a0511fa7d0) = 1 <0.000507>
[pid 217] 14:58:03.784160 libssl.so.3->EVP_PKEY_decapsulate(0x62a0511fa7d0, 0, 0x7ffd7191e160, 0x62a0511fc7ea) = 1 <0.000206>
[pid 217] 14:58:03.784417 libssl.so.3->EVP_PKEY_decapsulate(0x62a0511fa7d0, 0x62a0511f2ec0, 0x7ffd7191e160, 0x62a0511fc7ea <unfinished ...>
[pid 217] 14:58:03.784566 oqsprovider.so->OQS_KEM_decaps(0x62a0511f7b70, 0x62a0511f2ec0, 0x62a0511fc7ea, 0x62a051203ec0) = 0 <0.022081>
[pid 217] 14:58:03.806824 <... EVP_PKEY_decapsulate resumed> ) = 1 <0.022396>
[pid 217] 14:58:03.807953 libssl.so.3->X509_verify_cert(0x62a0511efea0, 0, 0x8000, 0xffffffff) = 1 <0.000605>
[pid 217] 14:58:03.808864 libssl.so.3->EVP_DigestVerifyInit_ex(0x62a05121f980, 0x7ffd7191e208, 0, 0) = 1 <0.000207>
[pid 217] 14:58:03.809118 libssl.so.3->EVP_DigestVerify(0x62a05121f980, 0x62a0511fc798, 3309, 0x7ffd7191e210) = 1 <0.000298>
[pid 217] 14:58:03.809727 libssl.so.3->X509_verify_cert(0x62a0511efea0, 1, 1, 0) = 1 <0.000278>
[pid 217] 14:58:03.810499 libssl.so.3->EVP_DigestSignInit_ex(0x62a05111c810, 0x7ffd7191e1f0, 0, 0) = 1 <0.000208>
[pid 217] 14:58:03.810792 libssl.so.3->EVP_DigestSign(0x62a05111c810, 0, 0x7ffd7191e200, 0x7ffd7191e210) = 1 <0.000171>
[pid 217] 14:58:03.811009 libssl.so.3->EVP_DigestSign(0x62a05111c810, 0x62a0511effc0, 0x7ffd7191e200, 0x7ffd7191e210) = 1 <0.000374>
[pid 217] 14:58:03.811741 <... SSL_connect resumed> ) = 1 <0.061094>
[pid 217] 14:58:03.812084 oqsprovider.so->OQS_KEM_free(0x62a0511f7b70, 0x62a0511f7b20, 2, 0x62a0511f7b40) = 4 <0.000145>
Handshake duration: 61.31 ms
[pid 217] 14:58:03.814645 +++ exited (status 0) +++
Execution 10 - TLS Mutual
s_connection: verify depth is 1
[pid 219] 14:58:03.876924 openssl->SSL_connect(0x585b043290e0, 0x585b042fbe50, 0x585b042fbe50, 0x7bac799cd360 <unfinished ...>
[pid 219] 14:58:03.877468 libssl.so.3->EVP_PKEY_keygen_init(0x585b0432b7d0, 0, 176, 0x585b0432b7d0) = 1 <0.000199>
[pid 219] 14:58:03.877766 libssl.so.3->EVP_PKEY_keygen(0x585b0432b7d0, 0x7ffed9b4bc40, 0, 103 <unfinished ...>
[pid 219] 14:58:03.877999 oqsprovider.so->OQS_KEM_new(0x585b04320c70, 8, 0, 0x585b04328b50) = 0x585b04328b70 <0.000197>
[pid 219] 14:58:03.878308 oqsprovider.so->OQS_KEM_keypair(0x585b04328b70, 0x585b04333d00, 0x585b04334ec0, 0x585b04328b50) = 0 <0.007440>
[pid 219] 14:58:03.885878 <... EVP_PKEY_keygen resumed> ) = 1 <0.008112>
[pid 219] 14:58:03.908206 libssl.so.3->EVP_PKEY_decapsulate_init(0x585b0432b7d0, 0, 176, 0x585b0432b7d0) = 1 <0.000575>
[pid 219] 14:58:03.908887 libssl.so.3->EVP_PKEY_decapsulate(0x585b0432b7d0, 0, 0x7ffed9b4bc00, 0x585b0432d7ea) = 1 <0.000219>
[pid 219] 14:58:03.909181 libssl.so.3->EVP_PKEY_decapsulate(0x585b0432b7d0, 0x585b04323ec0, 0x7ffed9b4bc00, 0x585b0432d7ea <unfinished ...>
[pid 219] 14:58:03.909438 oqsprovider.so->OQS_KEM_decaps(0x585b04328b70, 0x585b04323ec0, 0x585b0432d7ea, 0x585b04334ec0) = 0 <0.023521>
[pid 219] 14:58:03.933103 <... EVP_PKEY_decapsulate resumed> ) = 1 <0.023916>
[pid 219] 14:58:03.934316 libssl.so.3->X509_verify_cert(0x585b04320ea0, 0, 0x8000, 0xffffffff) = 1 <0.000620>
[pid 219] 14:58:03.935374 libssl.so.3->EVP_DigestVerifyInit_ex(0x585b04350980, 0x7ffed9b4bca8, 0, 0) = 1 <0.000369>
[pid 219] 14:58:03.935823 libssl.so.3->EVP_DigestVerify(0x585b04350980, 0x585b0432d798, 3309, 0x7ffed9b4bcb0) = 1 <0.000272>
[pid 219] 14:58:03.936568 libssl.so.3->X509_verify_cert(0x585b04320ea0, 1, 1, 0) = 1 <0.000317>
[pid 219] 14:58:03.937374 libssl.so.3->EVP_DigestSignInit_ex(0x585b0424d810, 0x7ffed9b4bc90, 0, 0) = 1 <0.000179>
[pid 219] 14:58:03.937617 libssl.so.3->EVP_DigestSign(0x585b0424d810, 0, 0x7ffed9b4bca0, 0x7ffed9b4bcb0) = 1 <0.000162>
[pid 219] 14:58:03.937856 libssl.so.3->EVP_DigestSign(0x585b0424d810, 0x585b04320fc0, 0x7ffed9b4bca0, 0x7ffed9b4bcb0) = 1 <0.000346>
[pid 219] 14:58:03.938485 <... SSL_connect resumed> ) = 1 <0.061577>
[pid 219] 14:58:03.938703 oqsprovider.so->OQS_KEM_free(0x585b04328b70, 0x585b04328b20, 2, 0x585b04328b40) = 4 <0.000119>
Handshake duration: 61.79 ms
[pid 219] 14:58:03.941125 +++ exited (status 0) +++
Execution 11 - TLS Mutual
s_connection: verify depth is 1
[pid 221] 14:58:04.018260 openssl->SSL_connect(0x6478f6fd90e0, 0x6478f6fabe50, 0x6478f6fabe50, 0x7ba817841360 <unfinished ...>
[pid 221] 14:58:04.018859 libssl.so.3->EVP_PKEY_keygen_init(0x6478f6fdb7d0, 0, 176, 0x6478f6fdb7d0) = 1 <0.000228>
[pid 221] 14:58:04.019145 libssl.so.3->EVP_PKEY_keygen(0x6478f6fdb7d0, 0x7ffd1cc7d500, 0, 103 <unfinished ...>
[pid 221] 14:58:04.019316 oqsprovider.so->OQS_KEM_new(0x6478f6fd0c70, 8, 0, 0x6478f6fd8b50) = 0x6478f6fd8b70 <0.000157>
[pid 221] 14:58:04.019536 oqsprovider.so->OQS_KEM_keypair(0x6478f6fd8b70, 0x6478f6fe3d00, 0x6478f6fe4ec0, 0x6478f6fd8b50) = 0 <0.011216>
[pid 221] 14:58:04.030868 <... EVP_PKEY_keygen resumed> ) = 1 <0.011716>
[pid 221] 14:58:04.054347 libssl.so.3->EVP_PKEY_decapsulate_init(0x6478f6fdb7d0, 0, 176, 0x6478f6fdb7d0) = 1 <0.000463>
[pid 221] 14:58:04.054848 libssl.so.3->EVP_PKEY_decapsulate(0x6478f6fdb7d0, 0, 0x7ffd1cc7d4c0, 0x6478f6fdd7ea) = 1 <0.000175>
[pid 221] 14:58:04.055128 libssl.so.3->EVP_PKEY_decapsulate(0x6478f6fdb7d0, 0x6478f6fd3ec0, 0x7ffd1cc7d4c0, 0x6478f6fdd7ea <unfinished ...>
[pid 221] 14:58:04.055378 oqsprovider.so->OQS_KEM_decaps(0x6478f6fd8b70, 0x6478f6fd3ec0, 0x6478f6fdd7ea, 0x6478f6fe4ec0) = 0 <0.021349>
[pid 221] 14:58:04.076864 <... EVP_PKEY_decapsulate resumed> ) = 1 <0.021726>
[pid 221] 14:58:04.077763 libssl.so.3->X509_verify_cert(0x6478f6fd0ea0, 0, 0x8000, 0xffffffff) = 1 <0.000548>
[pid 221] 14:58:04.078547 libssl.so.3->EVP_DigestVerifyInit_ex(0x6478f7000980, 0x7ffd1cc7d568, 0, 0) = 1 <0.000147>
[pid 221] 14:58:04.078742 libssl.so.3->EVP_DigestVerify(0x6478f7000980, 0x6478f6fdd798, 3309, 0x7ffd1cc7d570) = 1 <0.000174>
[pid 221] 14:58:04.079128 libssl.so.3->X509_verify_cert(0x6478f6fd0ea0, 1, 1, 0) = 1 <0.000623>
[pid 221] 14:58:04.080164 libssl.so.3->EVP_DigestSignInit_ex(0x6478f6efd810, 0x7ffd1cc7d550, 0, 0) = 1 <0.000162>
[pid 221] 14:58:04.080369 libssl.so.3->EVP_DigestSign(0x6478f6efd810, 0, 0x7ffd1cc7d560, 0x7ffd1cc7d570) = 1 <0.000118>
[pid 221] 14:58:04.080532 libssl.so.3->EVP_DigestSign(0x6478f6efd810, 0x6478f6fd0fc0, 0x7ffd1cc7d560, 0x7ffd1cc7d570) = 1 <0.000292>
[pid 221] 14:58:04.081077 <... SSL_connect resumed> ) = 1 <0.062856>
[pid 221] 14:58:04.081420 oqsprovider.so->OQS_KEM_free(0x6478f6fd8b70, 0x6478f6fd8b20, 2, 0x6478f6fd8b40) = 4 <0.000131>
Handshake duration: 63.10 ms
[pid 221] 14:58:04.083896 +++ exited (status 0) +++
Execution 12 - TLS Mutual
s_connection: verify depth is 1
[pid 223] 14:58:04.149316 openssl->SSL_connect(0x57ad0e4260e0, 0x57ad0e3f8e50, 0x57ad0e3f8e50, 0x7208f03af360 <unfinished ...>
[pid 223] 14:58:04.149801 libssl.so.3->EVP_PKEY_keygen_init(0x57ad0e4287d0, 0, 176, 0x57ad0e4287d0) = 1 <0.000141>
[pid 223] 14:58:04.149994 libssl.so.3->EVP_PKEY_keygen(0x57ad0e4287d0, 0x7ffd793ef160, 0, 103 <unfinished ...>
[pid 223] 14:58:04.150122 oqsprovider.so->OQS_KEM_new(0x57ad0e41dc70, 8, 0, 0x57ad0e425b50) = 0x57ad0e425b70 <0.000160>
[pid 223] 14:58:04.150343 oqsprovider.so->OQS_KEM_keypair(0x57ad0e425b70, 0x57ad0e430d00, 0x57ad0e431ec0, 0x57ad0e425b50) = 0 <0.007295>
[pid 223] 14:58:04.157766 <... EVP_PKEY_keygen resumed> ) = 1 <0.007766>
[pid 223] 14:58:04.181067 libssl.so.3->EVP_PKEY_decapsulate_init(0x57ad0e4287d0, 0, 176, 0x57ad0e4287d0) = 1 <0.000517>
[pid 223] 14:58:04.181668 libssl.so.3->EVP_PKEY_decapsulate(0x57ad0e4287d0, 0, 0x7ffd793ef120, 0x57ad0e42a7ea) = 1 <0.000169>
[pid 223] 14:58:04.181941 libssl.so.3->EVP_PKEY_decapsulate(0x57ad0e4287d0, 0x57ad0e420ec0, 0x7ffd793ef120, 0x57ad0e42a7ea <unfinished ...>
[pid 223] 14:58:04.182145 oqsprovider.so->OQS_KEM_decaps(0x57ad0e425b70, 0x57ad0e420ec0, 0x57ad0e42a7ea, 0x57ad0e431ec0) = 0 <0.022737>
[pid 223] 14:58:04.205041 <... EVP_PKEY_decapsulate resumed> ) = 1 <0.023092>
[pid 223] 14:58:04.206048 libssl.so.3->X509_verify_cert(0x57ad0e41dea0, 0, 0x8000, 0xffffffff) = 1 <0.000602>
[pid 223] 14:58:04.206915 libssl.so.3->EVP_DigestVerifyInit_ex(0x57ad0e44d980, 0x7ffd793ef1c8, 0, 0) = 1 <0.000179>
[pid 223] 14:58:04.207153 libssl.so.3->EVP_DigestVerify(0x57ad0e44d980, 0x57ad0e42a798, 3309, 0x7ffd793ef1d0) = 1 <0.000262>
[pid 223] 14:58:04.207668 libssl.so.3->X509_verify_cert(0x57ad0e41dea0, 1, 1, 0) = 1 <0.000243>
[pid 223] 14:58:04.208336 libssl.so.3->EVP_DigestSignInit_ex(0x57ad0e34a810, 0x7ffd793ef1b0, 0, 0) = 1 <0.000154>
[pid 223] 14:58:04.208544 libssl.so.3->EVP_DigestSign(0x57ad0e34a810, 0, 0x7ffd793ef1c0, 0x7ffd793ef1d0) = 1 <0.000117>
[pid 223] 14:58:04.208707 libssl.so.3->EVP_DigestSign(0x57ad0e34a810, 0x57ad0e41dfc0, 0x7ffd793ef1c0, 0x7ffd793ef1d0) = 1 <0.000394>
[pid 223] 14:58:04.209375 <... SSL_connect resumed> ) = 1 <0.060068>
[pid 223] 14:58:04.209576 oqsprovider.so->OQS_KEM_free(0x57ad0e425b70, 0x57ad0e425b20, 2, 0x57ad0e425b40) = 4 <0.000169>
Handshake duration: 60.26 ms
[pid 223] 14:58:04.212122 +++ exited (status 0) +++
Execution 13 - TLS Mutual
s_connection: verify depth is 1
[pid 225] 14:58:04.277282 openssl->SSL_connect(0x617eb82810e0, 0x617eb8253e50, 0x617eb8253e50, 0x791b8a985360 <unfinished ...>
[pid 225] 14:58:04.277677 libssl.so.3->EVP_PKEY_keygen_init(0x617eb82837d0, 0, 176, 0x617eb82837d0) = 1 <0.000128>
[pid 225] 14:58:04.277861 libssl.so.3->EVP_PKEY_keygen(0x617eb82837d0, 0x7ffc977c23d0, 0, 103 <unfinished ...>
[pid 225] 14:58:04.277991 oqsprovider.so->OQS_KEM_new(0x617eb8278c70, 8, 0, 0x617eb8280b50) = 0x617eb8280b70 <0.000122>
[pid 225] 14:58:04.278178 oqsprovider.so->OQS_KEM_keypair(0x617eb8280b70, 0x617eb828bd00, 0x617eb828cec0, 0x617eb8280b50) = 0 <0.007268>
[pid 225] 14:58:04.285531 <... EVP_PKEY_keygen resumed> ) = 1 <0.007665>
[pid 225] 14:58:04.309632 libssl.so.3->EVP_PKEY_decapsulate_init(0x617eb82837d0, 0, 176, 0x617eb82837d0) = 1 <0.001986>
[pid 225] 14:58:04.311749 libssl.so.3->EVP_PKEY_decapsulate(0x617eb82837d0, 0, 0x7ffc977c2390, 0x617eb82857ea) = 1 <0.000214>
[pid 225] 14:58:04.312032 libssl.so.3->EVP_PKEY_decapsulate(0x617eb82837d0, 0x617eb827bec0, 0x7ffc977c2390, 0x617eb82857ea <unfinished ...>
[pid 225] 14:58:04.312219 oqsprovider.so->OQS_KEM_decaps(0x617eb8280b70, 0x617eb827bec0, 0x617eb82857ea, 0x617eb828cec0) = 0 <0.037899>
[pid 225] 14:58:04.350648 <... EVP_PKEY_decapsulate resumed> ) = 1 <0.038584>
[pid 225] 14:58:04.351767 libssl.so.3->X509_verify_cert(0x617eb8278ea0, 0, 0x8000, 0xffffffff) = 1 <0.000700>
[pid 225] 14:58:04.352797 libssl.so.3->EVP_DigestVerifyInit_ex(0x617eb82a8980, 0x7ffc977c2438, 0, 0) = 1 <0.000216>
[pid 225] 14:58:04.353072 libssl.so.3->EVP_DigestVerify(0x617eb82a8980, 0x617eb8285798, 3309, 0x7ffc977c2440) = 1 <0.000289>
[pid 225] 14:58:04.353689 libssl.so.3->X509_verify_cert(0x617eb8278ea0, 1, 1, 0) = 1 <0.000274>
[pid 225] 14:58:04.354486 libssl.so.3->EVP_DigestSignInit_ex(0x617eb81a5810, 0x7ffc977c2420, 0, 0) = 1 <0.000190>
[pid 225] 14:58:04.354730 libssl.so.3->EVP_DigestSign(0x617eb81a5810, 0, 0x7ffc977c2430, 0x7ffc977c2440) = 1 <0.000134>
[pid 225] 14:58:04.354906 libssl.so.3->EVP_DigestSign(0x617eb81a5810, 0x617eb8278fc0, 0x7ffc977c2430, 0x7ffc977c2440) = 1 <0.000319>
[pid 225] 14:58:04.356345 <... SSL_connect resumed> ) = 1 <0.079061>
[pid 225] 14:58:04.356525 oqsprovider.so->OQS_KEM_free(0x617eb8280b70, 0x617eb8280b20, 2, 0x617eb8280b40) = 4 <0.000145>
Handshake duration: 79.24 ms
[pid 225] 14:58:04.359139 +++ exited (status 0) +++
Execution 14 - TLS Mutual
s_connection: verify depth is 1
[pid 227] 14:58:04.423718 openssl->SSL_connect(0x5de7a5caf0e0, 0x5de7a5c81e50, 0x5de7a5c81e50, 0x79124fc00360 <unfinished ...>
[pid 227] 14:58:04.424307 libssl.so.3->EVP_PKEY_keygen_init(0x5de7a5cb17d0, 0, 176, 0x5de7a5cb17d0) = 1 <0.000203>
[pid 227] 14:58:04.424598 libssl.so.3->EVP_PKEY_keygen(0x5de7a5cb17d0, 0x7ffe569e4aa0, 0, 103 <unfinished ...>
[pid 227] 14:58:04.424845 oqsprovider.so->OQS_KEM_new(0x5de7a5ca6c70, 8, 0, 0x5de7a5caeb50) = 0x5de7a5caeb70 <0.000206>
[pid 227] 14:58:04.425192 oqsprovider.so->OQS_KEM_keypair(0x5de7a5caeb70, 0x5de7a5cb9d00, 0x5de7a5cbaec0, 0x5de7a5caeb50) = 0 <0.007686>
[pid 227] 14:58:04.433064 <... EVP_PKEY_keygen resumed> ) = 1 <0.008464>
[pid 227] 14:58:04.455926 libssl.so.3->EVP_PKEY_decapsulate_init(0x5de7a5cb17d0, 0, 176, 0x5de7a5cb17d0) = 1 <0.000458>
[pid 227] 14:58:04.456441 libssl.so.3->EVP_PKEY_decapsulate(0x5de7a5cb17d0, 0, 0x7ffe569e4a60, 0x5de7a5cb37ea) = 1 <0.000146>
[pid 227] 14:58:04.456678 libssl.so.3->EVP_PKEY_decapsulate(0x5de7a5cb17d0, 0x5de7a5ca9ec0, 0x7ffe569e4a60, 0x5de7a5cb37ea <unfinished ...>
[pid 227] 14:58:04.456868 oqsprovider.so->OQS_KEM_decaps(0x5de7a5caeb70, 0x5de7a5ca9ec0, 0x5de7a5cb37ea, 0x5de7a5cbaec0) = 0 <0.021218>
[pid 227] 14:58:04.478198 <... EVP_PKEY_decapsulate resumed> ) = 1 <0.021513>
[pid 227] 14:58:04.479057 libssl.so.3->X509_verify_cert(0x5de7a5ca6ea0, 0, 0x8000, 0xffffffff) = 1 <0.000509>
[pid 227] 14:58:04.479774 libssl.so.3->EVP_DigestVerifyInit_ex(0x5de7a5cd6980, 0x7ffe569e4b08, 0, 0) = 1 <0.000136>
[pid 227] 14:58:04.479966 libssl.so.3->EVP_DigestVerify(0x5de7a5cd6980, 0x5de7a5cb3798, 3309, 0x7ffe569e4b10) = 1 <0.000189>
[pid 227] 14:58:04.480405 libssl.so.3->X509_verify_cert(0x5de7a5ca6ea0, 1, 1, 0) = 1 <0.000275>
[pid 227] 14:58:04.481094 libssl.so.3->EVP_DigestSignInit_ex(0x5de7a5bd3810, 0x7ffe569e4af0, 0, 0) = 1 <0.000200>
[pid 227] 14:58:04.481337 libssl.so.3->EVP_DigestSign(0x5de7a5bd3810, 0, 0x7ffe569e4b00, 0x7ffe569e4b10) = 1 <0.000112>
[pid 227] 14:58:04.481495 libssl.so.3->EVP_DigestSign(0x5de7a5bd3810, 0x5de7a5ca6fc0, 0x7ffe569e4b00, 0x7ffe569e4b10) = 1 <0.000256>
[pid 227] 14:58:04.481989 <... SSL_connect resumed> ) = 1 <0.058293>
[pid 227] 14:58:04.482265 oqsprovider.so->OQS_KEM_free(0x5de7a5caeb70, 0x5de7a5caeb20, 2, 0x5de7a5caeb40) = 4 <0.000133>
Handshake duration: 58.52 ms
[pid 227] 14:58:04.484553 +++ exited (status 0) +++
Execution 15 - TLS Mutual
s_connection: verify depth is 1
[pid 229] 14:58:04.539968 openssl->SSL_connect(0x5c808a1df0e0, 0x5c808a1b1e50, 0x5c808a1b1e50, 0x784b8dbb8360 <unfinished ...>
[pid 229] 14:58:04.540407 libssl.so.3->EVP_PKEY_keygen_init(0x5c808a1e17d0, 0, 176, 0x5c808a1e17d0) = 1 <0.000154>
[pid 229] 14:58:04.540611 libssl.so.3->EVP_PKEY_keygen(0x5c808a1e17d0, 0x7ffc8434b960, 0, 103 <unfinished ...>
[pid 229] 14:58:04.540725 oqsprovider.so->OQS_KEM_new(0x5c808a1d6c70, 8, 0, 0x5c808a1deb50) = 0x5c808a1deb70 <0.000116>
[pid 229] 14:58:04.540893 oqsprovider.so->OQS_KEM_keypair(0x5c808a1deb70, 0x5c808a1e9d00, 0x5c808a1eaec0, 0x5c808a1deb50) = 0 <0.007884>
[pid 229] 14:58:04.548882 <... EVP_PKEY_keygen resumed> ) = 1 <0.008265>
[pid 229] 14:58:04.572035 libssl.so.3->EVP_PKEY_decapsulate_init(0x5c808a1e17d0, 0, 176, 0x5c808a1e17d0) = 1 <0.000407>
[pid 229] 14:58:04.572510 libssl.so.3->EVP_PKEY_decapsulate(0x5c808a1e17d0, 0, 0x7ffc8434b920, 0x5c808a1e37ea) = 1 <0.000153>
[pid 229] 14:58:04.572712 libssl.so.3->EVP_PKEY_decapsulate(0x5c808a1e17d0, 0x5c808a1d9ec0, 0x7ffc8434b920, 0x5c808a1e37ea <unfinished ...>
[pid 229] 14:58:04.572848 oqsprovider.so->OQS_KEM_decaps(0x5c808a1deb70, 0x5c808a1d9ec0, 0x5c808a1e37ea, 0x5c808a1eaec0) = 0 <0.021300>
[pid 229] 14:58:04.594256 <... EVP_PKEY_decapsulate resumed> ) = 1 <0.021534>
[pid 229] 14:58:04.595071 libssl.so.3->X509_verify_cert(0x5c808a1d6ea0, 0, 0x8000, 0xffffffff) = 1 <0.000506>
[pid 229] 14:58:04.595791 libssl.so.3->EVP_DigestVerifyInit_ex(0x5c808a206980, 0x7ffc8434b9c8, 0, 0) = 1 <0.000140>
[pid 229] 14:58:04.595988 libssl.so.3->EVP_DigestVerify(0x5c808a206980, 0x5c808a1e3798, 3309, 0x7ffc8434b9d0) = 1 <0.000189>
[pid 229] 14:58:04.596420 libssl.so.3->X509_verify_cert(0x5c808a1d6ea0, 1, 1, 0) = 1 <0.000230>
[pid 229] 14:58:04.597047 libssl.so.3->EVP_DigestSignInit_ex(0x5c808a103810, 0x7ffc8434b9b0, 0, 0) = 1 <0.000151>
[pid 229] 14:58:04.597247 libssl.so.3->EVP_DigestSign(0x5c808a103810, 0, 0x7ffc8434b9c0, 0x7ffc8434b9d0) = 1 <0.000124>
[pid 229] 14:58:04.597415 libssl.so.3->EVP_DigestSign(0x5c808a103810, 0x5c808a1d6fc0, 0x7ffc8434b9c0, 0x7ffc8434b9d0) = 1 <0.000370>
[pid 229] 14:58:04.598055 <... SSL_connect resumed> ) = 1 <0.058094>
[pid 229] 14:58:04.598329 oqsprovider.so->OQS_KEM_free(0x5c808a1deb70, 0x5c808a1deb20, 2, 0x5c808a1deb40) = 4 <0.000129>
Handshake duration: 58.31 ms
[pid 229] 14:58:04.600701 +++ exited (status 0) +++
Execution 16 - TLS Mutual
s_connection: verify depth is 1
[pid 231] 14:58:04.661179 openssl->SSL_connect(0x648aa5c460e0, 0x648aa5c18e50, 0x648aa5c18e50, 0x7bbc8c7b0360 <unfinished ...>
[pid 231] 14:58:04.661696 libssl.so.3->EVP_PKEY_keygen_init(0x648aa5c487d0, 0, 176, 0x648aa5c487d0) = 1 <0.000168>
[pid 231] 14:58:04.661954 libssl.so.3->EVP_PKEY_keygen(0x648aa5c487d0, 0x7ffd3c888b50, 0, 103 <unfinished ...>
[pid 231] 14:58:04.662112 oqsprovider.so->OQS_KEM_new(0x648aa5c3dc70, 8, 0, 0x648aa5c45b50) = 0x648aa5c45b70 <0.000153>
[pid 231] 14:58:04.662323 oqsprovider.so->OQS_KEM_keypair(0x648aa5c45b70, 0x648aa5c50d00, 0x648aa5c51ec0, 0x648aa5c45b50) = 0 <0.007259>
[pid 231] 14:58:04.669690 <... EVP_PKEY_keygen resumed> ) = 1 <0.007729>
[pid 231] 14:58:04.693015 libssl.so.3->EVP_PKEY_decapsulate_init(0x648aa5c487d0, 0, 176, 0x648aa5c487d0) = 1 <0.000415>
[pid 231] 14:58:04.693482 libssl.so.3->EVP_PKEY_decapsulate(0x648aa5c487d0, 0, 0x7ffd3c888b10, 0x648aa5c4a7ea) = 1 <0.000134>
[pid 231] 14:58:04.693768 libssl.so.3->EVP_PKEY_decapsulate(0x648aa5c487d0, 0x648aa5c40ec0, 0x7ffd3c888b10, 0x648aa5c4a7ea <unfinished ...>
[pid 231] 14:58:04.693935 oqsprovider.so->OQS_KEM_decaps(0x648aa5c45b70, 0x648aa5c40ec0, 0x648aa5c4a7ea, 0x648aa5c51ec0) = 0 <0.022345>
[pid 231] 14:58:04.716423 <... EVP_PKEY_decapsulate resumed> ) = 1 <0.022649>
[pid 231] 14:58:04.717365 libssl.so.3->X509_verify_cert(0x648aa5c3dea0, 0, 0x8000, 0xffffffff) = 1 <0.000550>
[pid 231] 14:58:04.718167 libssl.so.3->EVP_DigestVerifyInit_ex(0x648aa5c6d980, 0x7ffd3c888bb8, 0, 0) = 1 <0.000199>
[pid 231] 14:58:04.718418 libssl.so.3->EVP_DigestVerify(0x648aa5c6d980, 0x648aa5c4a798, 3309, 0x7ffd3c888bc0) = 1 <0.000212>
[pid 231] 14:58:04.718880 libssl.so.3->X509_verify_cert(0x648aa5c3dea0, 1, 1, 0) = 1 <0.000218>
[pid 231] 14:58:04.719510 libssl.so.3->EVP_DigestSignInit_ex(0x648aa5b6a810, 0x7ffd3c888ba0, 0, 0) = 1 <0.000129>
[pid 231] 14:58:04.719684 libssl.so.3->EVP_DigestSign(0x648aa5b6a810, 0, 0x7ffd3c888bb0, 0x7ffd3c888bc0) = 1 <0.000112>
[pid 231] 14:58:04.719843 libssl.so.3->EVP_DigestSign(0x648aa5b6a810, 0x648aa5c3dfc0, 0x7ffd3c888bb0, 0x7ffd3c888bc0) = 1 <0.000477>
[pid 231] 14:58:04.720577 <... SSL_connect resumed> ) = 1 <0.059409>
[pid 231] 14:58:04.720795 oqsprovider.so->OQS_KEM_free(0x648aa5c45b70, 0x648aa5c45b20, 2, 0x648aa5c45b40) = 4 <0.000135>
Handshake duration: 59.61 ms
[pid 231] 14:58:04.723114 +++ exited (status 0) +++
Execution 17 - TLS Mutual
s_connection: verify depth is 1
[pid 233] 14:58:04.780115 openssl->SSL_connect(0x577b47e0b0e0, 0x577b47ddde50, 0x577b47ddde50, 0x7e43b96b0360 <unfinished ...>
[pid 233] 14:58:04.780601 libssl.so.3->EVP_PKEY_keygen_init(0x577b47e0d7d0, 0, 176, 0x577b47e0d7d0) = 1 <0.000193>
[pid 233] 14:58:04.780845 libssl.so.3->EVP_PKEY_keygen(0x577b47e0d7d0, 0x7ffdf21106f0, 0, 103 <unfinished ...>
[pid 233] 14:58:04.780981 oqsprovider.so->OQS_KEM_new(0x577b47e02c70, 8, 0, 0x577b47e0ab50) = 0x577b47e0ab70 <0.000127>
[pid 233] 14:58:04.781168 oqsprovider.so->OQS_KEM_keypair(0x577b47e0ab70, 0x577b47e15d00, 0x577b47e16ec0, 0x577b47e0ab50) = 0 <0.007418>
[pid 233] 14:58:04.788676 <... EVP_PKEY_keygen resumed> ) = 1 <0.007825>
[pid 233] 14:58:04.812515 libssl.so.3->EVP_PKEY_decapsulate_init(0x577b47e0d7d0, 0, 176, 0x577b47e0d7d0) = 1 <0.000368>
[pid 233] 14:58:04.812935 libssl.so.3->EVP_PKEY_decapsulate(0x577b47e0d7d0, 0, 0x7ffdf21106b0, 0x577b47e0f7ea) = 1 <0.000128>
[pid 233] 14:58:04.813107 libssl.so.3->EVP_PKEY_decapsulate(0x577b47e0d7d0, 0x577b47e05ec0, 0x7ffdf21106b0, 0x577b47e0f7ea <unfinished ...>
[pid 233] 14:58:04.813264 oqsprovider.so->OQS_KEM_decaps(0x577b47e0ab70, 0x577b47e05ec0, 0x577b47e0f7ea, 0x577b47e16ec0) = 0 <0.022516>
[pid 233] 14:58:04.835927 <... EVP_PKEY_decapsulate resumed> ) = 1 <0.022804>
[pid 233] 14:58:04.836795 libssl.so.3->X509_verify_cert(0x577b47e02ea0, 0, 0x8000, 0xffffffff) = 1 <0.000558>
[pid 233] 14:58:04.837599 libssl.so.3->EVP_DigestVerifyInit_ex(0x577b47e32980, 0x7ffdf2110758, 0, 0) = 1 <0.000158>
[pid 233] 14:58:04.837803 libssl.so.3->EVP_DigestVerify(0x577b47e32980, 0x577b47e0f798, 3309, 0x7ffdf2110760) = 1 <0.000233>
[pid 233] 14:58:04.838287 libssl.so.3->X509_verify_cert(0x577b47e02ea0, 1, 1, 0) = 1 <0.000256>
[pid 233] 14:58:04.838996 libssl.so.3->EVP_DigestSignInit_ex(0x577b47d2f810, 0x7ffdf2110740, 0, 0) = 1 <0.000259>
[pid 233] 14:58:04.839338 libssl.so.3->EVP_DigestSign(0x577b47d2f810, 0, 0x7ffdf2110750, 0x7ffdf2110760) = 1 <0.000160>
[pid 233] 14:58:04.839550 libssl.so.3->EVP_DigestSign(0x577b47d2f810, 0x577b47e02fc0, 0x7ffdf2110750, 0x7ffdf2110760) = 1 <0.000350>
[pid 233] 14:58:04.840206 <... SSL_connect resumed> ) = 1 <0.060100>
[pid 233] 14:58:04.840453 oqsprovider.so->OQS_KEM_free(0x577b47e0ab70, 0x577b47e0ab20, 2, 0x577b47e0ab40) = 4 <0.000142>
Handshake duration: 60.30 ms
[pid 233] 14:58:04.843001 +++ exited (status 0) +++
Execution 18 - TLS Mutual
s_connection: verify depth is 1
[pid 235] 14:58:04.907365 openssl->SSL_connect(0x64e0ea8c10e0, 0x64e0ea893e50, 0x64e0ea893e50, 0x7802326f8360 <unfinished ...>
[pid 235] 14:58:04.908007 libssl.so.3->EVP_PKEY_keygen_init(0x64e0ea8c37d0, 0, 176, 0x64e0ea8c37d0) = 1 <0.000235>
[pid 235] 14:58:04.908362 libssl.so.3->EVP_PKEY_keygen(0x64e0ea8c37d0, 0x7ffc9730f720, 0, 103 <unfinished ...>
[pid 235] 14:58:04.908598 oqsprovider.so->OQS_KEM_new(0x64e0ea8b8c70, 8, 0, 0x64e0ea8c0b50) = 0x64e0ea8c0b70 <0.000219>
[pid 235] 14:58:04.908896 oqsprovider.so->OQS_KEM_keypair(0x64e0ea8c0b70, 0x64e0ea8cbd00, 0x64e0ea8ccec0, 0x64e0ea8c0b50) = 0 <0.008374>
[pid 235] 14:58:04.917478 <... EVP_PKEY_keygen resumed> ) = 1 <0.009100>
[pid 235] 14:58:04.942221 libssl.so.3->EVP_PKEY_decapsulate_init(0x64e0ea8c37d0, 0, 176, 0x64e0ea8c37d0) = 1 <0.000642>
[pid 235] 14:58:04.942982 libssl.so.3->EVP_PKEY_decapsulate(0x64e0ea8c37d0, 0, 0x7ffc9730f6e0, 0x64e0ea8c57ea) = 1 <0.000224>
[pid 235] 14:58:04.943295 libssl.so.3->EVP_PKEY_decapsulate(0x64e0ea8c37d0, 0x64e0ea8bbec0, 0x7ffc9730f6e0, 0x64e0ea8c57ea <unfinished ...>
[pid 235] 14:58:04.943506 oqsprovider.so->OQS_KEM_decaps(0x64e0ea8c0b70, 0x64e0ea8bbec0, 0x64e0ea8c57ea, 0x64e0ea8ccec0) = 0 <0.022651>
[pid 235] 14:58:04.966428 <... EVP_PKEY_decapsulate resumed> ) = 1 <0.023110>
[pid 235] 14:58:04.967501 libssl.so.3->X509_verify_cert(0x64e0ea8b8ea0, 0, 0x8000, 0xffffffff) = 1 <0.000687>
[pid 235] 14:58:04.968514 libssl.so.3->EVP_DigestVerifyInit_ex(0x64e0ea8e8980, 0x7ffc9730f788, 0, 0) = 1 <0.000200>
[pid 235] 14:58:04.968754 libssl.so.3->EVP_DigestVerify(0x64e0ea8e8980, 0x64e0ea8c5798, 3309, 0x7ffc9730f790) = 1 <0.000235>
[pid 235] 14:58:04.969248 libssl.so.3->X509_verify_cert(0x64e0ea8b8ea0, 1, 1, 0) = 1 <0.000241>
[pid 235] 14:58:04.969889 libssl.so.3->EVP_DigestSignInit_ex(0x64e0ea7e5810, 0x7ffc9730f770, 0, 0) = 1 <0.000163>
[pid 235] 14:58:04.970099 libssl.so.3->EVP_DigestSign(0x64e0ea7e5810, 0, 0x7ffc9730f780, 0x7ffc9730f790) = 1 <0.000130>
[pid 235] 14:58:04.970280 libssl.so.3->EVP_DigestSign(0x64e0ea7e5810, 0x64e0ea8b8fc0, 0x7ffc9730f780, 0x7ffc9730f790) = 1 <0.000291>
[pid 235] 14:58:04.970880 <... SSL_connect resumed> ) = 1 <0.063531>
[pid 235] 14:58:04.971112 oqsprovider.so->OQS_KEM_free(0x64e0ea8c0b70, 0x64e0ea8c0b20, 2, 0x64e0ea8c0b40) = 4 <0.000133>
Handshake duration: 63.76 ms
[pid 235] 14:58:04.973929 +++ exited (status 0) +++
Execution 19 - TLS Mutual
s_connection: verify depth is 1
[pid 237] 14:58:05.032490 openssl->SSL_connect(0x629c2e0ac0e0, 0x629c2e07ee50, 0x629c2e07ee50, 0x74cbf5f1d360 <unfinished ...>
[pid 237] 14:58:05.032974 libssl.so.3->EVP_PKEY_keygen_init(0x629c2e0ae7d0, 0, 176, 0x629c2e0ae7d0) = 1 <0.000185>
[pid 237] 14:58:05.033210 libssl.so.3->EVP_PKEY_keygen(0x629c2e0ae7d0, 0x7ffd847585d0, 0, 103 <unfinished ...>
[pid 237] 14:58:05.033371 oqsprovider.so->OQS_KEM_new(0x629c2e0a3c70, 8, 0, 0x629c2e0abb50) = 0x629c2e0abb70 <0.000136>
[pid 237] 14:58:05.033566 oqsprovider.so->OQS_KEM_keypair(0x629c2e0abb70, 0x629c2e0b6d00, 0x629c2e0b7ec0, 0x629c2e0abb50) = 0 <0.007145>
[pid 237] 14:58:05.040836 <... EVP_PKEY_keygen resumed> ) = 1 <0.007616>
[pid 237] 14:58:05.062841 libssl.so.3->EVP_PKEY_decapsulate_init(0x629c2e0ae7d0, 0, 176, 0x629c2e0ae7d0) = 1 <0.000442>
[pid 237] 14:58:05.063352 libssl.so.3->EVP_PKEY_decapsulate(0x629c2e0ae7d0, 0, 0x7ffd84758590, 0x629c2e0b07ea) = 1 <0.000137>
[pid 237] 14:58:05.063541 libssl.so.3->EVP_PKEY_decapsulate(0x629c2e0ae7d0, 0x629c2e0a6ec0, 0x7ffd84758590, 0x629c2e0b07ea <unfinished ...>
[pid 237] 14:58:05.063664 oqsprovider.so->OQS_KEM_decaps(0x629c2e0abb70, 0x629c2e0a6ec0, 0x629c2e0b07ea, 0x629c2e0b7ec0) = 0 <0.022330>
[pid 237] 14:58:05.086144 <... EVP_PKEY_decapsulate resumed> ) = 1 <0.022590>
[pid 237] 14:58:05.087221 libssl.so.3->X509_verify_cert(0x629c2e0a3ea0, 0, 0x8000, 0xffffffff) = 1 <0.000592>
[pid 237] 14:58:05.088121 libssl.so.3->EVP_DigestVerifyInit_ex(0x629c2e0d3980, 0x7ffd84758638, 0, 0) = 1 <0.000235>
[pid 237] 14:58:05.088422 libssl.so.3->EVP_DigestVerify(0x629c2e0d3980, 0x629c2e0b0798, 3309, 0x7ffd84758640) = 1 <0.000207>
[pid 237] 14:58:05.088927 libssl.so.3->X509_verify_cert(0x629c2e0a3ea0, 1, 1, 0) = 1 <0.000276>
[pid 237] 14:58:05.089698 libssl.so.3->EVP_DigestSignInit_ex(0x629c2dfd0810, 0x7ffd84758620, 0, 0) = 1 <0.000180>
[pid 237] 14:58:05.089929 libssl.so.3->EVP_DigestSign(0x629c2dfd0810, 0, 0x7ffd84758630, 0x7ffd84758640) = 1 <0.000164>
[pid 237] 14:58:05.090143 libssl.so.3->EVP_DigestSign(0x629c2dfd0810, 0x629c2e0a3fc0, 0x7ffd84758630, 0x7ffd84758640) = 1 <0.000426>
[pid 237] 14:58:05.090858 <... SSL_connect resumed> ) = 1 <0.058371>
[pid 237] 14:58:05.091070 oqsprovider.so->OQS_KEM_free(0x629c2e0abb70, 0x629c2e0abb20, 2, 0x629c2e0abb40) = 4 <0.000131>
Handshake duration: 58.55 ms
[pid 237] 14:58:05.093431 +++ exited (status 0) +++
Execution 20 - TLS Mutual
s_connection: verify depth is 1
[pid 239] 14:58:05.148236 openssl->SSL_connect(0x5fb9a26c30e0, 0x5fb9a2695e50, 0x5fb9a2695e50, 0x77e7c2490360 <unfinished ...>
[pid 239] 14:58:05.148663 libssl.so.3->EVP_PKEY_keygen_init(0x5fb9a26c57d0, 0, 176, 0x5fb9a26c57d0) = 1 <0.000143>
[pid 239] 14:58:05.148861 libssl.so.3->EVP_PKEY_keygen(0x5fb9a26c57d0, 0x7ffd3f768550, 0, 103 <unfinished ...>
[pid 239] 14:58:05.149002 oqsprovider.so->OQS_KEM_new(0x5fb9a26bac70, 8, 0, 0x5fb9a26c2b50) = 0x5fb9a26c2b70 <0.000160>
[pid 239] 14:58:05.149224 oqsprovider.so->OQS_KEM_keypair(0x5fb9a26c2b70, 0x5fb9a26cdd00, 0x5fb9a26ceec0, 0x5fb9a26c2b50) = 0 <0.007633>
[pid 239] 14:58:05.156951 <... EVP_PKEY_keygen resumed> ) = 1 <0.008085>
[pid 239] 14:58:05.180593 libssl.so.3->EVP_PKEY_decapsulate_init(0x5fb9a26c57d0, 0, 176, 0x5fb9a26c57d0) = 1 <0.000401>
[pid 239] 14:58:05.181045 libssl.so.3->EVP_PKEY_decapsulate(0x5fb9a26c57d0, 0, 0x7ffd3f768510, 0x5fb9a26c77ea) = 1 <0.000131>
[pid 239] 14:58:05.181228 libssl.so.3->EVP_PKEY_decapsulate(0x5fb9a26c57d0, 0x5fb9a26bdec0, 0x7ffd3f768510, 0x5fb9a26c77ea <unfinished ...>
[pid 239] 14:58:05.181368 oqsprovider.so->OQS_KEM_decaps(0x5fb9a26c2b70, 0x5fb9a26bdec0, 0x5fb9a26c77ea, 0x5fb9a26ceec0) = 0 <0.021905>
[pid 239] 14:58:05.203395 <... EVP_PKEY_decapsulate resumed> ) = 1 <0.022162>
[pid 239] 14:58:05.204308 libssl.so.3->X509_verify_cert(0x5fb9a26baea0, 0, 0x8000, 0xffffffff) = 1 <0.000577>
[pid 239] 14:58:05.205141 libssl.so.3->EVP_DigestVerifyInit_ex(0x5fb9a26ea980, 0x7ffd3f7685b8, 0, 0) = 1 <0.000167>
[pid 239] 14:58:05.205357 libssl.so.3->EVP_DigestVerify(0x5fb9a26ea980, 0x5fb9a26c7798, 3309, 0x7ffd3f7685c0) = 1 <0.000223>
[pid 239] 14:58:05.205815 libssl.so.3->X509_verify_cert(0x5fb9a26baea0, 1, 1, 0) = 1 <0.000231>
[pid 239] 14:58:05.206446 libssl.so.3->EVP_DigestSignInit_ex(0x5fb9a25e7810, 0x7ffd3f7685a0, 0, 0) = 1 <0.000172>
[pid 239] 14:58:05.206700 libssl.so.3->EVP_DigestSign(0x5fb9a25e7810, 0, 0x7ffd3f7685b0, 0x7ffd3f7685c0) = 1 <0.000184>
[pid 239] 14:58:05.206938 libssl.so.3->EVP_DigestSign(0x5fb9a25e7810, 0x5fb9a26bafc0, 0x7ffd3f7685b0, 0x7ffd3f7685c0) = 1 <0.000330>
[pid 239] 14:58:05.207543 <... SSL_connect resumed> ) = 1 <0.059319>
[pid 239] 14:58:05.207765 oqsprovider.so->OQS_KEM_free(0x5fb9a26c2b70, 0x5fb9a26c2b20, 2, 0x5fb9a26c2b40) = 4 <0.000141>
Handshake duration: 59.49 ms
[pid 239] 14:58:05.210117 +++ exited (status 0) +++
Execution 21 - TLS Mutual
s_connection: verify depth is 1
[pid 241] 14:58:05.267998 openssl->SSL_connect(0x5db64eaca0e0, 0x5db64ea9ce50, 0x5db64ea9ce50, 0x72c1f8d7e360 <unfinished ...>
[pid 241] 14:58:05.268534 libssl.so.3->EVP_PKEY_keygen_init(0x5db64eacc7d0, 0, 176, 0x5db64eacc7d0) = 1 <0.000212>
[pid 241] 14:58:05.268804 libssl.so.3->EVP_PKEY_keygen(0x5db64eacc7d0, 0x7ffd82ef3000, 0, 103 <unfinished ...>
[pid 241] 14:58:05.268980 oqsprovider.so->OQS_KEM_new(0x5db64eac1c70, 8, 0, 0x5db64eac9b50) = 0x5db64eac9b70 <0.000159>
[pid 241] 14:58:05.269249 oqsprovider.so->OQS_KEM_keypair(0x5db64eac9b70, 0x5db64ead4d00, 0x5db64ead5ec0, 0x5db64eac9b50) = 0 <0.007424>
[pid 241] 14:58:05.276768 <... EVP_PKEY_keygen resumed> ) = 1 <0.007959>
[pid 241] 14:58:05.300872 libssl.so.3->EVP_PKEY_decapsulate_init(0x5db64eacc7d0, 0, 176, 0x5db64eacc7d0) = 1 <0.000424>
[pid 241] 14:58:05.301344 libssl.so.3->EVP_PKEY_decapsulate(0x5db64eacc7d0, 0, 0x7ffd82ef2fc0, 0x5db64eace7ea) = 1 <0.000135>
[pid 241] 14:58:05.301524 libssl.so.3->EVP_PKEY_decapsulate(0x5db64eacc7d0, 0x5db64eac4ec0, 0x7ffd82ef2fc0, 0x5db64eace7ea <unfinished ...>
[pid 241] 14:58:05.301654 oqsprovider.so->OQS_KEM_decaps(0x5db64eac9b70, 0x5db64eac4ec0, 0x5db64eace7ea, 0x5db64ead5ec0) = 0 <0.021614>
[pid 241] 14:58:05.323383 <... EVP_PKEY_decapsulate resumed> ) = 1 <0.021847>
[pid 241] 14:58:05.324287 libssl.so.3->X509_verify_cert(0x5db64eac1ea0, 0, 0x8000, 0xffffffff) = 1 <0.000491>
[pid 241] 14:58:05.324986 libssl.so.3->EVP_DigestVerifyInit_ex(0x5db64eaf1980, 0x7ffd82ef3068, 0, 0) = 1 <0.000131>
[pid 241] 14:58:05.325166 libssl.so.3->EVP_DigestVerify(0x5db64eaf1980, 0x5db64eace798, 3309, 0x7ffd82ef3070) = 1 <0.000191>
[pid 241] 14:58:05.325594 libssl.so.3->X509_verify_cert(0x5db64eac1ea0, 1, 1, 0) = 1 <0.000216>
[pid 241] 14:58:05.326177 libssl.so.3->EVP_DigestSignInit_ex(0x5db64e9ee810, 0x7ffd82ef3050, 0, 0) = 1 <0.000157>
[pid 241] 14:58:05.326381 libssl.so.3->EVP_DigestSign(0x5db64e9ee810, 0, 0x7ffd82ef3060, 0x7ffd82ef3070) = 1 <0.000113>
[pid 241] 14:58:05.326536 libssl.so.3->EVP_DigestSign(0x5db64e9ee810, 0x5db64eac1fc0, 0x7ffd82ef3060, 0x7ffd82ef3070) = 1 <0.000546>
[pid 241] 14:58:05.327442 <... SSL_connect resumed> ) = 1 <0.059458>
[pid 241] 14:58:05.327647 oqsprovider.so->OQS_KEM_free(0x5db64eac9b70, 0x5db64eac9b20, 2, 0x5db64eac9b40) = 4 <0.000114>
Handshake duration: 59.63 ms
[pid 241] 14:58:05.330146 +++ exited (status 0) +++
Execution 22 - TLS Mutual
s_connection: verify depth is 1
[pid 243] 14:58:05.384684 openssl->SSL_connect(0x608d6621b0e0, 0x608d661ede50, 0x608d661ede50, 0x795b2d260360 <unfinished ...>
[pid 243] 14:58:05.385092 libssl.so.3->EVP_PKEY_keygen_init(0x608d6621d7d0, 0, 176, 0x608d6621d7d0) = 1 <0.000143>
[pid 243] 14:58:05.385294 libssl.so.3->EVP_PKEY_keygen(0x608d6621d7d0, 0x7ffcba9fd4d0, 0, 103 <unfinished ...>
[pid 243] 14:58:05.385424 oqsprovider.so->OQS_KEM_new(0x608d66212c70, 8, 0, 0x608d6621ab50) = 0x608d6621ab70 <0.000131>
[pid 243] 14:58:05.385612 oqsprovider.so->OQS_KEM_keypair(0x608d6621ab70, 0x608d66225d00, 0x608d66226ec0, 0x608d6621ab50) = 0 <0.008867>
[pid 243] 14:58:05.394595 <... EVP_PKEY_keygen resumed> ) = 1 <0.009293>
[pid 243] 14:58:05.418428 libssl.so.3->EVP_PKEY_decapsulate_init(0x608d6621d7d0, 0, 176, 0x608d6621d7d0) = 1 <0.000429>
[pid 243] 14:58:05.418912 libssl.so.3->EVP_PKEY_decapsulate(0x608d6621d7d0, 0, 0x7ffcba9fd490, 0x608d6621f7ea) = 1 <0.000188>
[pid 243] 14:58:05.419149 libssl.so.3->EVP_PKEY_decapsulate(0x608d6621d7d0, 0x608d66215ec0, 0x7ffcba9fd490, 0x608d6621f7ea <unfinished ...>
[pid 243] 14:58:05.419339 oqsprovider.so->OQS_KEM_decaps(0x608d6621ab70, 0x608d66215ec0, 0x608d6621f7ea, 0x608d66226ec0) = 0 <0.022323>
[pid 243] 14:58:05.441819 <... EVP_PKEY_decapsulate resumed> ) = 1 <0.022648>
[pid 243] 14:58:05.442877 libssl.so.3->X509_verify_cert(0x608d66212ea0, 0, 0x8000, 0xffffffff) = 1 <0.000567>
[pid 243] 14:58:05.443659 libssl.so.3->EVP_DigestVerifyInit_ex(0x608d66242980, 0x7ffcba9fd538, 0, 0) = 1 <0.000151>
[pid 243] 14:58:05.443857 libssl.so.3->EVP_DigestVerify(0x608d66242980, 0x608d6621f798, 3309, 0x7ffcba9fd540) = 1 <0.000202>
[pid 243] 14:58:05.444333 libssl.so.3->X509_verify_cert(0x608d66212ea0, 1, 1, 0) = 1 <0.000354>
[pid 243] 14:58:05.445314 libssl.so.3->EVP_DigestSignInit_ex(0x608d6613f810, 0x7ffcba9fd520, 0, 0) = 1 <0.000180>
[pid 243] 14:58:05.445545 libssl.so.3->EVP_DigestSign(0x608d6613f810, 0, 0x7ffcba9fd530, 0x7ffcba9fd540) = 1 <0.000151>
[pid 243] 14:58:05.445741 libssl.so.3->EVP_DigestSign(0x608d6613f810, 0x608d66212fc0, 0x7ffcba9fd530, 0x7ffcba9fd540) = 1 <0.000265>
[pid 243] 14:58:05.446379 <... SSL_connect resumed> ) = 1 <0.061703>
[pid 243] 14:58:05.446624 oqsprovider.so->OQS_KEM_free(0x608d6621ab70, 0x608d6621ab20, 2, 0x608d6621ab40) = 4 <0.000123>
Handshake duration: 61.88 ms
[pid 243] 14:58:05.448934 +++ exited (status 0) +++
Execution 23 - TLS Mutual
s_connection: verify depth is 1
[pid 245] 14:58:05.506512 openssl->SSL_connect(0x5e6bb6ce80e0, 0x5e6bb6cbae50, 0x5e6bb6cbae50, 0x722a6d33a360 <unfinished ...>
[pid 245] 14:58:05.506922 libssl.so.3->EVP_PKEY_keygen_init(0x5e6bb6cea7d0, 0, 176, 0x5e6bb6cea7d0) = 1 <0.000150>
[pid 245] 14:58:05.507127 libssl.so.3->EVP_PKEY_keygen(0x5e6bb6cea7d0, 0x7ffd4b560bd0, 0, 103 <unfinished ...>
[pid 245] 14:58:05.507268 oqsprovider.so->OQS_KEM_new(0x5e6bb6cdfc70, 8, 0, 0x5e6bb6ce7b50) = 0x5e6bb6ce7b70 <0.000127>
[pid 245] 14:58:05.507464 oqsprovider.so->OQS_KEM_keypair(0x5e6bb6ce7b70, 0x5e6bb6cf2d00, 0x5e6bb6cf3ec0, 0x5e6bb6ce7b50) = 0 <0.007525>
[pid 245] 14:58:05.515098 <... EVP_PKEY_keygen resumed> ) = 1 <0.007959>
[pid 245] 14:58:05.539745 libssl.so.3->EVP_PKEY_decapsulate_init(0x5e6bb6cea7d0, 0, 176, 0x5e6bb6cea7d0) = 1 <0.000436>
[pid 245] 14:58:05.540245 libssl.so.3->EVP_PKEY_decapsulate(0x5e6bb6cea7d0, 0, 0x7ffd4b560b90, 0x5e6bb6cec7ea) = 1 <0.000199>
[pid 245] 14:58:05.540536 libssl.so.3->EVP_PKEY_decapsulate(0x5e6bb6cea7d0, 0x5e6bb6ce2ec0, 0x7ffd4b560b90, 0x5e6bb6cec7ea <unfinished ...>
[pid 245] 14:58:05.540747 oqsprovider.so->OQS_KEM_decaps(0x5e6bb6ce7b70, 0x5e6bb6ce2ec0, 0x5e6bb6cec7ea, 0x5e6bb6cf3ec0) = 0 <0.021892>
[pid 245] 14:58:05.562756 <... EVP_PKEY_decapsulate resumed> ) = 1 <0.022216>
[pid 245] 14:58:05.563674 libssl.so.3->X509_verify_cert(0x5e6bb6cdfea0, 0, 0x8000, 0xffffffff) = 1 <0.000482>
[pid 245] 14:58:05.564434 libssl.so.3->EVP_DigestVerifyInit_ex(0x5e6bb6d0f980, 0x7ffd4b560c38, 0, 0) = 1 <0.000170>
[pid 245] 14:58:05.564658 libssl.so.3->EVP_DigestVerify(0x5e6bb6d0f980, 0x5e6bb6cec798, 3309, 0x7ffd4b560c40) = 1 <0.000246>
[pid 245] 14:58:05.565149 libssl.so.3->X509_verify_cert(0x5e6bb6cdfea0, 1, 1, 0) = 1 <0.000303>
[pid 245] 14:58:05.565917 libssl.so.3->EVP_DigestSignInit_ex(0x5e6bb6c0c810, 0x7ffd4b560c20, 0, 0) = 1 <0.000196>
[pid 245] 14:58:05.566178 libssl.so.3->EVP_DigestSign(0x5e6bb6c0c810, 0, 0x7ffd4b560c30, 0x7ffd4b560c40) = 1 <0.000181>
[pid 245] 14:58:05.566424 libssl.so.3->EVP_DigestSign(0x5e6bb6c0c810, 0x5e6bb6cdffc0, 0x7ffd4b560c30, 0x7ffd4b560c40) = 1 <0.000418>
[pid 245] 14:58:05.567185 <... SSL_connect resumed> ) = 1 <0.060680>
[pid 245] 14:58:05.567448 oqsprovider.so->OQS_KEM_free(0x5e6bb6ce7b70, 0x5e6bb6ce7b20, 2, 0x5e6bb6ce7b40) = 4 <0.000171>
Handshake duration: 60.89 ms
[pid 245] 14:58:05.570021 +++ exited (status 0) +++
Execution 24 - TLS Mutual
s_connection: verify depth is 1
[pid 247] 14:58:05.625970 openssl->SSL_connect(0x5d2fe20720e0, 0x5d2fe2044e50, 0x5d2fe2044e50, 0x78f68d1cc360 <unfinished ...>
[pid 247] 14:58:05.626445 libssl.so.3->EVP_PKEY_keygen_init(0x5d2fe20747d0, 0, 176, 0x5d2fe20747d0) = 1 <0.000162>
[pid 247] 14:58:05.626665 libssl.so.3->EVP_PKEY_keygen(0x5d2fe20747d0, 0x7ffc009664c0, 0, 103 <unfinished ...>
[pid 247] 14:58:05.626788 oqsprovider.so->OQS_KEM_new(0x5d2fe2069c70, 8, 0, 0x5d2fe2071b50) = 0x5d2fe2071b70 <0.000136>
[pid 247] 14:58:05.627019 oqsprovider.so->OQS_KEM_keypair(0x5d2fe2071b70, 0x5d2fe207cd00, 0x5d2fe207dec0, 0x5d2fe2071b50) = 0 <0.007653>
[pid 247] 14:58:05.634775 <... EVP_PKEY_keygen resumed> ) = 1 <0.008102>
[pid 247] 14:58:05.659243 libssl.so.3->EVP_PKEY_decapsulate_init(0x5d2fe20747d0, 0, 176, 0x5d2fe20747d0) = 1 <0.000397>
[pid 247] 14:58:05.659680 libssl.so.3->EVP_PKEY_decapsulate(0x5d2fe20747d0, 0, 0x7ffc00966480, 0x5d2fe20767ea) = 1 <0.000137>
[pid 247] 14:58:05.659864 libssl.so.3->EVP_PKEY_decapsulate(0x5d2fe20747d0, 0x5d2fe206cec0, 0x7ffc00966480, 0x5d2fe20767ea <unfinished ...>
[pid 247] 14:58:05.659999 oqsprovider.so->OQS_KEM_decaps(0x5d2fe2071b70, 0x5d2fe206cec0, 0x5d2fe20767ea, 0x5d2fe207dec0) = 0 <0.022214>
[pid 247] 14:58:05.682338 <... EVP_PKEY_decapsulate resumed> ) = 1 <0.022463>
[pid 247] 14:58:05.683165 libssl.so.3->X509_verify_cert(0x5d2fe2069ea0, 0, 0x8000, 0xffffffff) = 1 <0.000489>
[pid 247] 14:58:05.683861 libssl.so.3->EVP_DigestVerifyInit_ex(0x5d2fe2099980, 0x7ffc00966528, 0, 0) = 1 <0.000163>
[pid 247] 14:58:05.684082 libssl.so.3->EVP_DigestVerify(0x5d2fe2099980, 0x5d2fe2076798, 3309, 0x7ffc00966530) = 1 <0.000217>
[pid 247] 14:58:05.684529 libssl.so.3->X509_verify_cert(0x5d2fe2069ea0, 1, 1, 0) = 1 <0.000231>
[pid 247] 14:58:05.685138 libssl.so.3->EVP_DigestSignInit_ex(0x5d2fe1f96810, 0x7ffc00966510, 0, 0) = 1 <0.000141>
[pid 247] 14:58:05.685323 libssl.so.3->EVP_DigestSign(0x5d2fe1f96810, 0, 0x7ffc00966520, 0x7ffc00966530) = 1 <0.000151>
[pid 247] 14:58:05.685526 libssl.so.3->EVP_DigestSign(0x5d2fe1f96810, 0x5d2fe2069fc0, 0x7ffc00966520, 0x7ffc00966530) = 1 <0.000478>
[pid 247] 14:58:05.686370 <... SSL_connect resumed> ) = 1 <0.060390>
[pid 247] 14:58:05.686621 oqsprovider.so->OQS_KEM_free(0x5d2fe2071b70, 0x5d2fe2071b20, 2, 0x5d2fe2071b40) = 4 <0.000153>
Handshake duration: 60.59 ms
[pid 247] 14:58:05.688966 +++ exited (status 0) +++
Execution 25 - TLS Mutual
s_connection: verify depth is 1
[pid 249] 14:58:05.745823 openssl->SSL_connect(0x589d79f1e0e0, 0x589d79ef0e50, 0x589d79ef0e50, 0x75f1b0fa7360 <unfinished ...>
[pid 249] 14:58:05.746291 libssl.so.3->EVP_PKEY_keygen_init(0x589d79f207d0, 0, 176, 0x589d79f207d0) = 1 <0.000174>
[pid 249] 14:58:05.746515 libssl.so.3->EVP_PKEY_keygen(0x589d79f207d0, 0x7ffc6904ee80, 0, 103 <unfinished ...>
[pid 249] 14:58:05.746645 oqsprovider.so->OQS_KEM_new(0x589d79f15c70, 8, 0, 0x589d79f1db50) = 0x589d79f1db70 <0.000124>
[pid 249] 14:58:05.746823 oqsprovider.so->OQS_KEM_keypair(0x589d79f1db70, 0x589d79f28d00, 0x589d79f29ec0, 0x589d79f1db50) = 0 <0.007325>
[pid 249] 14:58:05.754270 <... EVP_PKEY_keygen resumed> ) = 1 <0.007751>
[pid 249] 14:58:05.776783 libssl.so.3->EVP_PKEY_decapsulate_init(0x589d79f207d0, 0, 176, 0x589d79f207d0) = 1 <0.000587>
[pid 249] 14:58:05.777689 libssl.so.3->EVP_PKEY_decapsulate(0x589d79f207d0, 0, 0x7ffc6904ee40, 0x589d79f227ea) = 1 <0.000193>
[pid 249] 14:58:05.777948 libssl.so.3->EVP_PKEY_decapsulate(0x589d79f207d0, 0x589d79f18ec0, 0x7ffc6904ee40, 0x589d79f227ea <unfinished ...>
[pid 249] 14:58:05.778107 oqsprovider.so->OQS_KEM_decaps(0x589d79f1db70, 0x589d79f18ec0, 0x589d79f227ea, 0x589d79f29ec0) = 0 <0.024340>
[pid 249] 14:58:05.802628 <... EVP_PKEY_decapsulate resumed> ) = 1 <0.024667>
[pid 249] 14:58:05.803689 libssl.so.3->X509_verify_cert(0x589d79f15ea0, 0, 0x8000, 0xffffffff) = 1 <0.000608>
[pid 249] 14:58:05.804588 libssl.so.3->EVP_DigestVerifyInit_ex(0x589d79f45980, 0x7ffc6904eee8, 0, 0) = 1 <0.000199>
[pid 249] 14:58:05.804876 libssl.so.3->EVP_DigestVerify(0x589d79f45980, 0x589d79f22798, 3309, 0x7ffc6904eef0) = 1 <0.000282>
[pid 249] 14:58:05.805482 libssl.so.3->X509_verify_cert(0x589d79f15ea0, 1, 1, 0) = 1 <0.000329>
[pid 249] 14:58:05.806376 libssl.so.3->EVP_DigestSignInit_ex(0x589d79e42810, 0x7ffc6904eed0, 0, 0) = 1 <0.000240>
[pid 249] 14:58:05.806683 libssl.so.3->EVP_DigestSign(0x589d79e42810, 0, 0x7ffc6904eee0, 0x7ffc6904eef0) = 1 <0.000191>
[pid 249] 14:58:05.806966 libssl.so.3->EVP_DigestSign(0x589d79e42810, 0x589d79f15fc0, 0x7ffc6904eee0, 0x7ffc6904eef0) = 1 <0.000512>
[pid 249] 14:58:05.807833 <... SSL_connect resumed> ) = 1 <0.062014>
[pid 249] 14:58:05.808082 oqsprovider.so->OQS_KEM_free(0x589d79f1db70, 0x589d79f1db20, 2, 0x589d79f1db40) = 4 <0.000211>
Handshake duration: 62.21 ms
[pid 249] 14:58:05.810652 +++ exited (status 0) +++
Execution 26 - TLS Mutual
s_connection: verify depth is 1
[pid 251] 14:58:05.867698 openssl->SSL_connect(0x60b73fecc0e0, 0x60b73fe9ee50, 0x60b73fe9ee50, 0x7e8577485360 <unfinished ...>
[pid 251] 14:58:05.868250 libssl.so.3->EVP_PKEY_keygen_init(0x60b73fece7d0, 0, 176, 0x60b73fece7d0) = 1 <0.000209>
[pid 251] 14:58:05.868488 libssl.so.3->EVP_PKEY_keygen(0x60b73fece7d0, 0x7fff5f32e640, 0, 103 <unfinished ...>
[pid 251] 14:58:05.868609 oqsprovider.so->OQS_KEM_new(0x60b73fec3c70, 8, 0, 0x60b73fecbb50) = 0x60b73fecbb70 <0.000117>
[pid 251] 14:58:05.868786 oqsprovider.so->OQS_KEM_keypair(0x60b73fecbb70, 0x60b73fed6d00, 0x60b73fed7ec0, 0x60b73fecbb50) = 0 <0.007255>
[pid 251] 14:58:05.876142 <... EVP_PKEY_keygen resumed> ) = 1 <0.007646>
[pid 251] 14:58:05.899409 libssl.so.3->EVP_PKEY_decapsulate_init(0x60b73fece7d0, 0, 176, 0x60b73fece7d0) = 1 <0.000439>
[pid 251] 14:58:05.899934 libssl.so.3->EVP_PKEY_decapsulate(0x60b73fece7d0, 0, 0x7fff5f32e600, 0x60b73fed07ea) = 1 <0.000200>
[pid 251] 14:58:05.900189 libssl.so.3->EVP_PKEY_decapsulate(0x60b73fece7d0, 0x60b73fec6ec0, 0x7fff5f32e600, 0x60b73fed07ea <unfinished ...>
[pid 251] 14:58:05.900348 oqsprovider.so->OQS_KEM_decaps(0x60b73fecbb70, 0x60b73fec6ec0, 0x60b73fed07ea, 0x60b73fed7ec0) = 0 <0.022082>
[pid 251] 14:58:05.922565 <... EVP_PKEY_decapsulate resumed> ) = 1 <0.022367>
[pid 251] 14:58:05.923461 libssl.so.3->X509_verify_cert(0x60b73fec3ea0, 0, 0x8000, 0xffffffff) = 1 <0.000534>
[pid 251] 14:58:05.924304 libssl.so.3->EVP_DigestVerifyInit_ex(0x60b73fef3980, 0x7fff5f32e6a8, 0, 0) = 1 <0.000172>
[pid 251] 14:58:05.924523 libssl.so.3->EVP_DigestVerify(0x60b73fef3980, 0x60b73fed0798, 3309, 0x7fff5f32e6b0) = 1 <0.000203>
[pid 251] 14:58:05.924987 libssl.so.3->X509_verify_cert(0x60b73fec3ea0, 1, 1, 0) = 1 <0.000283>
[pid 251] 14:58:05.925936 libssl.so.3->EVP_DigestSignInit_ex(0x60b73fdf0810, 0x7fff5f32e690, 0, 0) = 1 <0.000201>
[pid 251] 14:58:05.926204 libssl.so.3->EVP_DigestSign(0x60b73fdf0810, 0, 0x7fff5f32e6a0, 0x7fff5f32e6b0) = 1 <0.000152>
[pid 251] 14:58:05.926408 libssl.so.3->EVP_DigestSign(0x60b73fdf0810, 0x60b73fec3fc0, 0x7fff5f32e6a0, 0x7fff5f32e6b0) = 1 <0.000313>
[pid 251] 14:58:05.927157 <... SSL_connect resumed> ) = 1 <0.059457>
[pid 251] 14:58:05.927412 oqsprovider.so->OQS_KEM_free(0x60b73fecbb70, 0x60b73fecbb20, 2, 0x60b73fecbb40) = 4 <0.000124>
Handshake duration: 59.69 ms
[pid 251] 14:58:05.931144 +++ exited (status 0) +++
Execution 27 - TLS Mutual
s_connection: verify depth is 1
[pid 253] 14:58:05.986164 openssl->SSL_connect(0x592cc4d6f0e0, 0x592cc4d41e50, 0x592cc4d41e50, 0x707ab578a360 <unfinished ...>
[pid 253] 14:58:05.986646 libssl.so.3->EVP_PKEY_keygen_init(0x592cc4d717d0, 0, 176, 0x592cc4d717d0) = 1 <0.000265>
[pid 253] 14:58:05.986982 libssl.so.3->EVP_PKEY_keygen(0x592cc4d717d0, 0x7fffdae79b80, 0, 103 <unfinished ...>
[pid 253] 14:58:05.987212 oqsprovider.so->OQS_KEM_new(0x592cc4d66c70, 8, 0, 0x592cc4d6eb50) = 0x592cc4d6eb70 <0.000177>
[pid 253] 14:58:05.987482 oqsprovider.so->OQS_KEM_keypair(0x592cc4d6eb70, 0x592cc4d79d00, 0x592cc4d7aec0, 0x592cc4d6eb50) = 0 <0.007859>
[pid 253] 14:58:05.995474 <... EVP_PKEY_keygen resumed> ) = 1 <0.008485>
[pid 253] 14:58:06.019383 libssl.so.3->EVP_PKEY_decapsulate_init(0x592cc4d717d0, 0, 176, 0x592cc4d717d0) = 1 <0.000998>
[pid 253] 14:58:06.020422 libssl.so.3->EVP_PKEY_decapsulate(0x592cc4d717d0, 0, 0x7fffdae79b40, 0x592cc4d737ea) = 1 <0.000139>
[pid 253] 14:58:06.020651 libssl.so.3->EVP_PKEY_decapsulate(0x592cc4d717d0, 0x592cc4d69ec0, 0x7fffdae79b40, 0x592cc4d737ea <unfinished ...>
[pid 253] 14:58:06.020828 oqsprovider.so->OQS_KEM_decaps(0x592cc4d6eb70, 0x592cc4d69ec0, 0x592cc4d737ea, 0x592cc4d7aec0) = 0 <0.029463>
[pid 253] 14:58:06.050547 <... EVP_PKEY_decapsulate resumed> ) = 1 <0.029837>
[pid 253] 14:58:06.051932 libssl.so.3->X509_verify_cert(0x592cc4d66ea0, 0, 0x8000, 0xffffffff) = 1 <0.000944>
[pid 253] 14:58:06.053239 libssl.so.3->EVP_DigestVerifyInit_ex(0x592cc4d96980, 0x7fffdae79be8, 0, 0) = 1 <0.000266>
[pid 253] 14:58:06.053596 libssl.so.3->EVP_DigestVerify(0x592cc4d96980, 0x592cc4d73798, 3309, 0x7fffdae79bf0) = 1 <0.000289>
[pid 253] 14:58:06.054209 libssl.so.3->X509_verify_cert(0x592cc4d66ea0, 1, 1, 0) = 1 <0.000339>
[pid 253] 14:58:06.055109 libssl.so.3->EVP_DigestSignInit_ex(0x592cc4c93810, 0x7fffdae79bd0, 0, 0) = 1 <0.000237>
[pid 253] 14:58:06.055442 libssl.so.3->EVP_DigestSign(0x592cc4c93810, 0, 0x7fffdae79be0, 0x7fffdae79bf0) = 1 <0.000176>
[pid 253] 14:58:06.055659 libssl.so.3->EVP_DigestSign(0x592cc4c93810, 0x592cc4d66fc0, 0x7fffdae79be0, 0x7fffdae79bf0) = 1 <0.000696>
[pid 253] 14:58:06.056686 <... SSL_connect resumed> ) = 1 <0.070520>
[pid 253] 14:58:06.056893 oqsprovider.so->OQS_KEM_free(0x592cc4d6eb70, 0x592cc4d6eb20, 2, 0x592cc4d6eb40) = 4 <0.000147>
Handshake duration: 70.69 ms
[pid 253] 14:58:06.059782 +++ exited (status 0) +++
Execution 28 - TLS Mutual
s_connection: verify depth is 1
[pid 255] 14:58:06.146742 openssl->SSL_connect(0x5b62d20760e0, 0x5b62d2048e50, 0x5b62d2048e50, 0x7c68fbc0a360 <unfinished ...>
[pid 255] 14:58:06.147298 libssl.so.3->EVP_PKEY_keygen_init(0x5b62d20787d0, 0, 176, 0x5b62d20787d0) = 1 <0.000143>
[pid 255] 14:58:06.147515 libssl.so.3->EVP_PKEY_keygen(0x5b62d20787d0, 0x7ffe8831b2c0, 0, 103 <unfinished ...>
[pid 255] 14:58:06.147662 oqsprovider.so->OQS_KEM_new(0x5b62d206dc70, 8, 0, 0x5b62d2075b50) = 0x5b62d2075b70 <0.000141>
[pid 255] 14:58:06.147869 oqsprovider.so->OQS_KEM_keypair(0x5b62d2075b70, 0x5b62d2080d00, 0x5b62d2081ec0, 0x5b62d2075b50) = 0 <0.007363>
[pid 255] 14:58:06.155336 <... EVP_PKEY_keygen resumed> ) = 1 <0.007815>
[pid 255] 14:58:06.179161 libssl.so.3->EVP_PKEY_decapsulate_init(0x5b62d20787d0, 0, 176, 0x5b62d20787d0) = 1 <0.000398>
[pid 255] 14:58:06.179616 libssl.so.3->EVP_PKEY_decapsulate(0x5b62d20787d0, 0, 0x7ffe8831b280, 0x5b62d207a7ea) = 1 <0.000147>
[pid 255] 14:58:06.179848 libssl.so.3->EVP_PKEY_decapsulate(0x5b62d20787d0, 0x5b62d2070ec0, 0x7ffe8831b280, 0x5b62d207a7ea <unfinished ...>
[pid 255] 14:58:06.180017 oqsprovider.so->OQS_KEM_decaps(0x5b62d2075b70, 0x5b62d2070ec0, 0x5b62d207a7ea, 0x5b62d2081ec0) = 0 <0.021771>
[pid 255] 14:58:06.201956 <... EVP_PKEY_decapsulate resumed> ) = 1 <0.022095>
[pid 255] 14:58:06.202830 libssl.so.3->X509_verify_cert(0x5b62d206dea0, 0, 0x8000, 0xffffffff) = 1 <0.000516>
[pid 255] 14:58:06.203612 libssl.so.3->EVP_DigestVerifyInit_ex(0x5b62d209d980, 0x7ffe8831b328, 0, 0) = 1 <0.000231>
[pid 255] 14:58:06.203902 libssl.so.3->EVP_DigestVerify(0x5b62d209d980, 0x5b62d207a798, 3309, 0x7ffe8831b330) = 1 <0.000270>
[pid 255] 14:58:06.204431 libssl.so.3->X509_verify_cert(0x5b62d206dea0, 1, 1, 0) = 1 <0.000280>
[pid 255] 14:58:06.205127 libssl.so.3->EVP_DigestSignInit_ex(0x5b62d1f9a810, 0x7ffe8831b310, 0, 0) = 1 <0.000215>
[pid 255] 14:58:06.205407 libssl.so.3->EVP_DigestSign(0x5b62d1f9a810, 0, 0x7ffe8831b320, 0x7ffe8831b330) = 1 <0.000170>
[pid 255] 14:58:06.205638 libssl.so.3->EVP_DigestSign(0x5b62d1f9a810, 0x5b62d206dfc0, 0x7ffe8831b320, 0x7ffe8831b330) = 1 <0.000472>
[pid 255] 14:58:06.206481 <... SSL_connect resumed> ) = 1 <0.059745>
[pid 255] 14:58:06.206715 oqsprovider.so->OQS_KEM_free(0x5b62d2075b70, 0x5b62d2075b20, 2, 0x5b62d2075b40) = 4 <0.000153>
Handshake duration: 59.93 ms
[pid 255] 14:58:06.208894 +++ exited (status 0) +++
Execution 29 - TLS Mutual
s_connection: verify depth is 1
[pid 257] 14:58:06.270737 openssl->SSL_connect(0x5787291dc0e0, 0x5787291aee50, 0x5787291aee50, 0x715b00913360 <unfinished ...>
[pid 257] 14:58:06.271171 libssl.so.3->EVP_PKEY_keygen_init(0x5787291de7d0, 0, 176, 0x5787291de7d0) = 1 <0.000190>
[pid 257] 14:58:06.271412 libssl.so.3->EVP_PKEY_keygen(0x5787291de7d0, 0x7ffe208c7800, 0, 103 <unfinished ...>
[pid 257] 14:58:06.271564 oqsprovider.so->OQS_KEM_new(0x5787291d3c70, 8, 0, 0x5787291dbb50) = 0x5787291dbb70 <0.000120>
[pid 257] 14:58:06.271768 oqsprovider.so->OQS_KEM_keypair(0x5787291dbb70, 0x5787291e6d00, 0x5787291e7ec0, 0x5787291dbb50) = 0 <0.007321>
[pid 257] 14:58:06.279213 <... EVP_PKEY_keygen resumed> ) = 1 <0.007791>
[pid 257] 14:58:06.302745 libssl.so.3->EVP_PKEY_decapsulate_init(0x5787291de7d0, 0, 176, 0x5787291de7d0) = 1 <0.000433>
[pid 257] 14:58:06.303240 libssl.so.3->EVP_PKEY_decapsulate(0x5787291de7d0, 0, 0x7ffe208c77c0, 0x5787291e07ea) = 1 <0.000167>
[pid 257] 14:58:06.303484 libssl.so.3->EVP_PKEY_decapsulate(0x5787291de7d0, 0x5787291d6ec0, 0x7ffe208c77c0, 0x5787291e07ea <unfinished ...>
[pid 257] 14:58:06.303639 oqsprovider.so->OQS_KEM_decaps(0x5787291dbb70, 0x5787291d6ec0, 0x5787291e07ea, 0x5787291e7ec0) = 0 <0.023029>
[pid 257] 14:58:06.326793 <... EVP_PKEY_decapsulate resumed> ) = 1 <0.023302>
[pid 257] 14:58:06.327868 libssl.so.3->X509_verify_cert(0x5787291d3ea0, 0, 0x8000, 0xffffffff) = 1 <0.000681>
[pid 257] 14:58:06.328798 libssl.so.3->EVP_DigestVerifyInit_ex(0x578729203980, 0x7ffe208c7868, 0, 0) = 1 <0.000180>
[pid 257] 14:58:06.329036 libssl.so.3->EVP_DigestVerify(0x578729203980, 0x5787291e0798, 3309, 0x7ffe208c7870) = 1 <0.000286>
[pid 257] 14:58:06.329618 libssl.so.3->X509_verify_cert(0x5787291d3ea0, 1, 1, 0) = 1 <0.000324>
[pid 257] 14:58:06.330596 libssl.so.3->EVP_DigestSignInit_ex(0x578729100810, 0x7ffe208c7850, 0, 0) = 1 <0.000215>
[pid 257] 14:58:06.330883 libssl.so.3->EVP_DigestSign(0x578729100810, 0, 0x7ffe208c7860, 0x7ffe208c7870) = 1 <0.000176>
[pid 257] 14:58:06.331123 libssl.so.3->EVP_DigestSign(0x578729100810, 0x5787291d3fc0, 0x7ffe208c7860, 0x7ffe208c7870) = 1 <0.000501>
[pid 257] 14:58:06.331959 <... SSL_connect resumed> ) = 1 <0.061226>
[pid 257] 14:58:06.332217 oqsprovider.so->OQS_KEM_free(0x5787291dbb70, 0x5787291dbb20, 2, 0x5787291dbb40) = 4 <0.000201>
Handshake duration: 61.44 ms
[pid 257] 14:58:06.335351 +++ exited (status 0) +++
Execution 30 - TLS Mutual
s_connection: verify depth is 1
[pid 259] 14:58:06.394990 openssl->SSL_connect(0x5cf5b303e0e0, 0x5cf5b3010e50, 0x5cf5b3010e50, 0x7d40f9d84360 <unfinished ...>
[pid 259] 14:58:06.395480 libssl.so.3->EVP_PKEY_keygen_init(0x5cf5b30407d0, 0, 176, 0x5cf5b30407d0) = 1 <0.000170>
[pid 259] 14:58:06.395698 libssl.so.3->EVP_PKEY_keygen(0x5cf5b30407d0, 0x7ffe1da186a0, 0, 103 <unfinished ...>
[pid 259] 14:58:06.395833 oqsprovider.so->OQS_KEM_new(0x5cf5b3035c70, 8, 0, 0x5cf5b303db50) = 0x5cf5b303db70 <0.000124>
[pid 259] 14:58:06.396011 oqsprovider.so->OQS_KEM_keypair(0x5cf5b303db70, 0x5cf5b3048d00, 0x5cf5b3049ec0, 0x5cf5b303db50) = 0 <0.007383>
[pid 259] 14:58:06.403484 <... EVP_PKEY_keygen resumed> ) = 1 <0.007781>
[pid 259] 14:58:06.427246 libssl.so.3->EVP_PKEY_decapsulate_init(0x5cf5b30407d0, 0, 176, 0x5cf5b30407d0) = 1 <0.000378>
[pid 259] 14:58:06.427663 libssl.so.3->EVP_PKEY_decapsulate(0x5cf5b30407d0, 0, 0x7ffe1da18660, 0x5cf5b30427ea) = 1 <0.000123>
[pid 259] 14:58:06.427831 libssl.so.3->EVP_PKEY_decapsulate(0x5cf5b30407d0, 0x5cf5b3038ec0, 0x7ffe1da18660, 0x5cf5b30427ea <unfinished ...>
[pid 259] 14:58:06.427968 oqsprovider.so->OQS_KEM_decaps(0x5cf5b303db70, 0x5cf5b3038ec0, 0x5cf5b30427ea, 0x5cf5b3049ec0) = 0 <0.021758>
[pid 259] 14:58:06.449851 <... EVP_PKEY_decapsulate resumed> ) = 1 <0.022010>
[pid 259] 14:58:06.450759 libssl.so.3->X509_verify_cert(0x5cf5b3035ea0, 0, 0x8000, 0xffffffff) = 1 <0.000601>
[pid 259] 14:58:06.451606 libssl.so.3->EVP_DigestVerifyInit_ex(0x5cf5b3065980, 0x7ffe1da18708, 0, 0) = 1 <0.000151>
[pid 259] 14:58:06.451797 libssl.so.3->EVP_DigestVerify(0x5cf5b3065980, 0x5cf5b3042798, 3309, 0x7ffe1da18710) = 1 <0.000208>
[pid 259] 14:58:06.452259 libssl.so.3->X509_verify_cert(0x5cf5b3035ea0, 1, 1, 0) = 1 <0.000208>
[pid 259] 14:58:06.452884 libssl.so.3->EVP_DigestSignInit_ex(0x5cf5b2f62810, 0x7ffe1da186f0, 0, 0) = 1 <0.000137>
[pid 259] 14:58:06.453077 libssl.so.3->EVP_DigestSign(0x5cf5b2f62810, 0, 0x7ffe1da18700, 0x7ffe1da18710) = 1 <0.000116>
[pid 259] 14:58:06.453247 libssl.so.3->EVP_DigestSign(0x5cf5b2f62810, 0x5cf5b3035fc0, 0x7ffe1da18700, 0x7ffe1da18710) = 1 <0.000401>
[pid 259] 14:58:06.453895 <... SSL_connect resumed> ) = 1 <0.058922>
[pid 259] 14:58:06.454163 oqsprovider.so->OQS_KEM_free(0x5cf5b303db70, 0x5cf5b303db20, 2, 0x5cf5b303db40) = 4 <0.000196>
Handshake duration: 59.17 ms
[pid 259] 14:58:06.456641 +++ exited (status 0) +++
Execution 31 - TLS Mutual
s_connection: verify depth is 1
[pid 261] 14:58:06.516211 openssl->SSL_connect(0x6150a742b0e0, 0x6150a73fde50, 0x6150a73fde50, 0x718ec12b9360 <unfinished ...>
[pid 261] 14:58:06.516684 libssl.so.3->EVP_PKEY_keygen_init(0x6150a742d7d0, 0, 176, 0x6150a742d7d0) = 1 <0.000150>
[pid 261] 14:58:06.516882 libssl.so.3->EVP_PKEY_keygen(0x6150a742d7d0, 0x7ffda4d1bf40, 0, 103 <unfinished ...>
[pid 261] 14:58:06.517000 oqsprovider.so->OQS_KEM_new(0x6150a7422c70, 8, 0, 0x6150a742ab50) = 0x6150a742ab70 <0.000112>
[pid 261] 14:58:06.517178 oqsprovider.so->OQS_KEM_keypair(0x6150a742ab70, 0x6150a7435d00, 0x6150a7436ec0, 0x6150a742ab50) = 0 <0.007195>
[pid 261] 14:58:06.524476 <... EVP_PKEY_keygen resumed> ) = 1 <0.007588>
[pid 261] 14:58:06.547812 libssl.so.3->EVP_PKEY_decapsulate_init(0x6150a742d7d0, 0, 176, 0x6150a742d7d0) = 1 <0.000517>
[pid 261] 14:58:06.548437 libssl.so.3->EVP_PKEY_decapsulate(0x6150a742d7d0, 0, 0x7ffda4d1bf00, 0x6150a742f7ea) = 1 <0.000179>
[pid 261] 14:58:06.548689 libssl.so.3->EVP_PKEY_decapsulate(0x6150a742d7d0, 0x6150a7425ec0, 0x7ffda4d1bf00, 0x6150a742f7ea <unfinished ...>
[pid 261] 14:58:06.548960 oqsprovider.so->OQS_KEM_decaps(0x6150a742ab70, 0x6150a7425ec0, 0x6150a742f7ea, 0x6150a7436ec0) = 0 <0.023026>
[pid 261] 14:58:06.572148 <... EVP_PKEY_decapsulate resumed> ) = 1 <0.023451>
[pid 261] 14:58:06.573069 libssl.so.3->X509_verify_cert(0x6150a7422ea0, 0, 0x8000, 0xffffffff) = 1 <0.000564>
[pid 261] 14:58:06.573886 libssl.so.3->EVP_DigestVerifyInit_ex(0x6150a7452980, 0x7ffda4d1bfa8, 0, 0) = 1 <0.000176>
[pid 261] 14:58:06.574129 libssl.so.3->EVP_DigestVerify(0x6150a7452980, 0x6150a742f798, 3309, 0x7ffda4d1bfb0) = 1 <0.000265>
[pid 261] 14:58:06.574661 libssl.so.3->X509_verify_cert(0x6150a7422ea0, 1, 1, 0) = 1 <0.000256>
[pid 261] 14:58:06.575400 libssl.so.3->EVP_DigestSignInit_ex(0x6150a734f810, 0x7ffda4d1bf90, 0, 0) = 1 <0.000166>
[pid 261] 14:58:06.575632 libssl.so.3->EVP_DigestSign(0x6150a734f810, 0, 0x7ffda4d1bfa0, 0x7ffda4d1bfb0) = 1 <0.000152>
[pid 261] 14:58:06.575879 libssl.so.3->EVP_DigestSign(0x6150a734f810, 0x6150a7422fc0, 0x7ffda4d1bfa0, 0x7ffda4d1bfb0) = 1 <0.000434>
[pid 261] 14:58:06.576673 <... SSL_connect resumed> ) = 1 <0.060470>
[pid 261] 14:58:06.577104 oqsprovider.so->OQS_KEM_free(0x6150a742ab70, 0x6150a742ab20, 2, 0x6150a742ab40) = 4 <0.000259>
Handshake duration: 60.81 ms
[pid 261] 14:58:06.579726 +++ exited (status 0) +++
Execution 32 - TLS Mutual
s_connection: verify depth is 1
[pid 263] 14:58:06.637848 openssl->SSL_connect(0x628780d880e0, 0x628780d5ae50, 0x628780d5ae50, 0x78c1932e1360 <unfinished ...>
[pid 263] 14:58:06.638378 libssl.so.3->EVP_PKEY_keygen_init(0x628780d8a7d0, 0, 176, 0x628780d8a7d0) = 1 <0.000328>
[pid 263] 14:58:06.638877 libssl.so.3->EVP_PKEY_keygen(0x628780d8a7d0, 0x7ffd6c311010, 0, 103 <unfinished ...>
[pid 263] 14:58:06.639114 oqsprovider.so->OQS_KEM_new(0x628780d7fc70, 8, 0, 0x628780d87b50) = 0x628780d87b70 <0.000184>
[pid 263] 14:58:06.639373 oqsprovider.so->OQS_KEM_keypair(0x628780d87b70, 0x628780d92d00, 0x628780d93ec0, 0x628780d87b50) = 0 <0.007334>
[pid 263] 14:58:06.646804 <... EVP_PKEY_keygen resumed> ) = 1 <0.007922>
[pid 263] 14:58:06.668984 libssl.so.3->EVP_PKEY_decapsulate_init(0x628780d8a7d0, 0, 176, 0x628780d8a7d0) = 1 <0.000396>
[pid 263] 14:58:06.669432 libssl.so.3->EVP_PKEY_decapsulate(0x628780d8a7d0, 0, 0x7ffd6c310fd0, 0x628780d8c7ea) = 1 <0.000139>
[pid 263] 14:58:06.669615 libssl.so.3->EVP_PKEY_decapsulate(0x628780d8a7d0, 0x628780d82ec0, 0x7ffd6c310fd0, 0x628780d8c7ea <unfinished ...>
[pid 263] 14:58:06.669757 oqsprovider.so->OQS_KEM_decaps(0x628780d87b70, 0x628780d82ec0, 0x628780d8c7ea, 0x628780d93ec0) = 0 <0.021752>
[pid 263] 14:58:06.691625 <... EVP_PKEY_decapsulate resumed> ) = 1 <0.022002>
[pid 263] 14:58:06.692633 libssl.so.3->X509_verify_cert(0x628780d7fea0, 0, 0x8000, 0xffffffff) = 1 <0.000516>
[pid 263] 14:58:06.693385 libssl.so.3->EVP_DigestVerifyInit_ex(0x628780daf980, 0x7ffd6c311078, 0, 0) = 1 <0.000179>
[pid 263] 14:58:06.693634 libssl.so.3->EVP_DigestVerify(0x628780daf980, 0x628780d8c798, 3309, 0x7ffd6c311080) = 1 <0.000244>
[pid 263] 14:58:06.694177 libssl.so.3->X509_verify_cert(0x628780d7fea0, 1, 1, 0) = 1 <0.000263>
[pid 263] 14:58:06.694875 libssl.so.3->EVP_DigestSignInit_ex(0x628780cac810, 0x7ffd6c311060, 0, 0) = 1 <0.000143>
[pid 263] 14:58:06.695068 libssl.so.3->EVP_DigestSign(0x628780cac810, 0, 0x7ffd6c311070, 0x7ffd6c311080) = 1 <0.000127>
[pid 263] 14:58:06.695247 libssl.so.3->EVP_DigestSign(0x628780cac810, 0x628780d7ffc0, 0x7ffd6c311070, 0x7ffd6c311080) = 1 <0.000515>
[pid 263] 14:58:06.696020 <... SSL_connect resumed> ) = 1 <0.058181>
[pid 263] 14:58:06.696275 oqsprovider.so->OQS_KEM_free(0x628780d87b70, 0x628780d87b20, 2, 0x628780d87b40) = 4 <0.000193>
Handshake duration: 58.36 ms
[pid 263] 14:58:06.698726 +++ exited (status 0) +++
Execution 33 - TLS Mutual
s_connection: verify depth is 1
[pid 265] 14:58:06.754928 openssl->SSL_connect(0x58cf57f510e0, 0x58cf57f23e50, 0x58cf57f23e50, 0x70493a4ea360 <unfinished ...>
[pid 265] 14:58:06.755425 libssl.so.3->EVP_PKEY_keygen_init(0x58cf57f537d0, 0, 176, 0x58cf57f537d0) = 1 <0.000158>
[pid 265] 14:58:06.755639 libssl.so.3->EVP_PKEY_keygen(0x58cf57f537d0, 0x7ffe5ff18360, 0, 103 <unfinished ...>
[pid 265] 14:58:06.755763 oqsprovider.so->OQS_KEM_new(0x58cf57f48c70, 8, 0, 0x58cf57f50b50) = 0x58cf57f50b70 <0.000133>
[pid 265] 14:58:06.755968 oqsprovider.so->OQS_KEM_keypair(0x58cf57f50b70, 0x58cf57f5bd00, 0x58cf57f5cec0, 0x58cf57f50b50) = 0 <0.007366>
[pid 265] 14:58:06.763408 <... EVP_PKEY_keygen resumed> ) = 1 <0.007763>
[pid 265] 14:58:06.785574 libssl.so.3->EVP_PKEY_decapsulate_init(0x58cf57f537d0, 0, 176, 0x58cf57f537d0) = 1 <0.000443>
[pid 265] 14:58:06.786081 libssl.so.3->EVP_PKEY_decapsulate(0x58cf57f537d0, 0, 0x7ffe5ff18320, 0x58cf57f557ea) = 1 <0.000152>
[pid 265] 14:58:06.786309 libssl.so.3->EVP_PKEY_decapsulate(0x58cf57f537d0, 0x58cf57f4bec0, 0x7ffe5ff18320, 0x58cf57f557ea <unfinished ...>
[pid 265] 14:58:06.786476 oqsprovider.so->OQS_KEM_decaps(0x58cf57f50b70, 0x58cf57f4bec0, 0x58cf57f557ea, 0x58cf57f5cec0) = 0 <0.021759>
[pid 265] 14:58:06.808375 <... EVP_PKEY_decapsulate resumed> ) = 1 <0.022058>
[pid 265] 14:58:06.809327 libssl.so.3->X509_verify_cert(0x58cf57f48ea0, 0, 0x8000, 0xffffffff) = 1 <0.000487>
[pid 265] 14:58:06.810083 libssl.so.3->EVP_DigestVerifyInit_ex(0x58cf57f78980, 0x7ffe5ff183c8, 0, 0) = 1 <0.000176>
[pid 265] 14:58:06.810306 libssl.so.3->EVP_DigestVerify(0x58cf57f78980, 0x58cf57f55798, 3309, 0x7ffe5ff183d0) = 1 <0.000220>
[pid 265] 14:58:06.810747 libssl.so.3->X509_verify_cert(0x58cf57f48ea0, 1, 1, 0) = 1 <0.000228>
[pid 265] 14:58:06.811400 libssl.so.3->EVP_DigestSignInit_ex(0x58cf57e75810, 0x7ffe5ff183b0, 0, 0) = 1 <0.000141>
[pid 265] 14:58:06.811587 libssl.so.3->EVP_DigestSign(0x58cf57e75810, 0, 0x7ffe5ff183c0, 0x7ffe5ff183d0) = 1 <0.000115>
[pid 265] 14:58:06.811761 libssl.so.3->EVP_DigestSign(0x58cf57e75810, 0x58cf57f48fc0, 0x7ffe5ff183c0, 0x7ffe5ff183d0) = 1 <0.000359>
[pid 265] 14:58:06.812446 <... SSL_connect resumed> ) = 1 <0.057522>
[pid 265] 14:58:06.812656 oqsprovider.so->OQS_KEM_free(0x58cf57f50b70, 0x58cf57f50b20, 2, 0x58cf57f50b40) = 4 <0.000146>
Handshake duration: 57.69 ms
[pid 265] 14:58:06.814995 +++ exited (status 0) +++
Execution 34 - TLS Mutual
s_connection: verify depth is 1
[pid 267] 14:58:06.873073 openssl->SSL_connect(0x5a5b6a6380e0, 0x5a5b6a60ae50, 0x5a5b6a60ae50, 0x7030d7e13360 <unfinished ...>
[pid 267] 14:58:06.873613 libssl.so.3->EVP_PKEY_keygen_init(0x5a5b6a63a7d0, 0, 176, 0x5a5b6a63a7d0) = 1 <0.000219>
[pid 267] 14:58:06.873892 libssl.so.3->EVP_PKEY_keygen(0x5a5b6a63a7d0, 0x7ffd5a2b3f10, 0, 103 <unfinished ...>
[pid 267] 14:58:06.874038 oqsprovider.so->OQS_KEM_new(0x5a5b6a62fc70, 8, 0, 0x5a5b6a637b50) = 0x5a5b6a637b70 <0.000144>
[pid 267] 14:58:06.874275 oqsprovider.so->OQS_KEM_keypair(0x5a5b6a637b70, 0x5a5b6a642d00, 0x5a5b6a643ec0, 0x5a5b6a637b50) = 0 <0.008018>
[pid 267] 14:58:06.882470 <... EVP_PKEY_keygen resumed> ) = 1 <0.008571>
[pid 267] 14:58:06.904616 libssl.so.3->EVP_PKEY_decapsulate_init(0x5a5b6a63a7d0, 0, 176, 0x5a5b6a63a7d0) = 1 <0.000460>
[pid 267] 14:58:06.905121 libssl.so.3->EVP_PKEY_decapsulate(0x5a5b6a63a7d0, 0, 0x7ffd5a2b3ed0, 0x5a5b6a63c7ea) = 1 <0.000134>
[pid 267] 14:58:06.905312 libssl.so.3->EVP_PKEY_decapsulate(0x5a5b6a63a7d0, 0x5a5b6a632ec0, 0x7ffd5a2b3ed0, 0x5a5b6a63c7ea <unfinished ...>
[pid 267] 14:58:06.905466 oqsprovider.so->OQS_KEM_decaps(0x5a5b6a637b70, 0x5a5b6a632ec0, 0x5a5b6a63c7ea, 0x5a5b6a643ec0) = 0 <0.023608>
[pid 267] 14:58:06.929208 <... EVP_PKEY_decapsulate resumed> ) = 1 <0.023890>
[pid 267] 14:58:06.930359 libssl.so.3->X509_verify_cert(0x5a5b6a62fea0, 0, 0x8000, 0xffffffff) = 1 <0.000555>
[pid 267] 14:58:06.931154 libssl.so.3->EVP_DigestVerifyInit_ex(0x5a5b6a65f980, 0x7ffd5a2b3f78, 0, 0) = 1 <0.000153>
[pid 267] 14:58:06.931352 libssl.so.3->EVP_DigestVerify(0x5a5b6a65f980, 0x5a5b6a63c798, 3309, 0x7ffd5a2b3f80) = 1 <0.000196>
[pid 267] 14:58:06.931821 libssl.so.3->X509_verify_cert(0x5a5b6a62fea0, 1, 1, 0) = 1 <0.000225>
[pid 267] 14:58:06.932513 libssl.so.3->EVP_DigestSignInit_ex(0x5a5b6a55c810, 0x7ffd5a2b3f60, 0, 0) = 1 <0.000162>
[pid 267] 14:58:06.932721 libssl.so.3->EVP_DigestSign(0x5a5b6a55c810, 0, 0x7ffd5a2b3f70, 0x7ffd5a2b3f80) = 1 <0.000124>
[pid 267] 14:58:06.932889 libssl.so.3->EVP_DigestSign(0x5a5b6a55c810, 0x5a5b6a62ffc0, 0x7ffd5a2b3f70, 0x7ffd5a2b3f80) = 1 <0.000351>
[pid 267] 14:58:06.933539 <... SSL_connect resumed> ) = 1 <0.060475>
[pid 267] 14:58:06.933768 oqsprovider.so->OQS_KEM_free(0x5a5b6a637b70, 0x5a5b6a637b20, 2, 0x5a5b6a637b40) = 4 <0.000112>
Handshake duration: 60.65 ms
[pid 267] 14:58:06.936130 +++ exited (status 0) +++
Execution 35 - TLS Mutual
s_connection: verify depth is 1
[pid 269] 14:58:06.991540 openssl->SSL_connect(0x602739cbb0e0, 0x602739c8de50, 0x602739c8de50, 0x7ee04ce5e360 <unfinished ...>
[pid 269] 14:58:06.991961 libssl.so.3->EVP_PKEY_keygen_init(0x602739cbd7d0, 0, 176, 0x602739cbd7d0) = 1 <0.000150>
[pid 269] 14:58:06.992168 libssl.so.3->EVP_PKEY_keygen(0x602739cbd7d0, 0x7fffd6eae2f0, 0, 103 <unfinished ...>
[pid 269] 14:58:06.992323 oqsprovider.so->OQS_KEM_new(0x602739cb2c70, 8, 0, 0x602739cbab50) = 0x602739cbab70 <0.000144>
[pid 269] 14:58:06.992534 oqsprovider.so->OQS_KEM_keypair(0x602739cbab70, 0x602739cc5d00, 0x602739cc6ec0, 0x602739cbab50) = 0 <0.007227>
[pid 269] 14:58:06.999858 <... EVP_PKEY_keygen resumed> ) = 1 <0.007684>
[pid 269] 14:58:07.022614 libssl.so.3->EVP_PKEY_decapsulate_init(0x602739cbd7d0, 0, 176, 0x602739cbd7d0) = 1 <0.000478>
[pid 269] 14:58:07.023184 libssl.so.3->EVP_PKEY_decapsulate(0x602739cbd7d0, 0, 0x7fffd6eae2b0, 0x602739cbf7ea) = 1 <0.000203>
[pid 269] 14:58:07.023444 libssl.so.3->EVP_PKEY_decapsulate(0x602739cbd7d0, 0x602739cb5ec0, 0x7fffd6eae2b0, 0x602739cbf7ea <unfinished ...>
[pid 269] 14:58:07.023607 oqsprovider.so->OQS_KEM_decaps(0x602739cbab70, 0x602739cb5ec0, 0x602739cbf7ea, 0x602739cc6ec0) = 0 <0.021343>
[pid 269] 14:58:07.045093 <... EVP_PKEY_decapsulate resumed> ) = 1 <0.021639>
[pid 269] 14:58:07.046075 libssl.so.3->X509_verify_cert(0x602739cb2ea0, 0, 0x8000, 0xffffffff) = 1 <0.000565>
[pid 269] 14:58:07.046861 libssl.so.3->EVP_DigestVerifyInit_ex(0x602739ce2980, 0x7fffd6eae358, 0, 0) = 1 <0.000152>
[pid 269] 14:58:07.047058 libssl.so.3->EVP_DigestVerify(0x602739ce2980, 0x602739cbf798, 3309, 0x7fffd6eae360) = 1 <0.000183>
[pid 269] 14:58:07.047515 libssl.so.3->X509_verify_cert(0x602739cb2ea0, 1, 1, 0) = 1 <0.000273>
[pid 269] 14:58:07.048302 libssl.so.3->EVP_DigestSignInit_ex(0x602739bdf810, 0x7fffd6eae340, 0, 0) = 1 <0.000218>
[pid 269] 14:58:07.048576 libssl.so.3->EVP_DigestSign(0x602739bdf810, 0, 0x7fffd6eae350, 0x7fffd6eae360) = 1 <0.000158>
[pid 269] 14:58:07.048838 libssl.so.3->EVP_DigestSign(0x602739bdf810, 0x602739cb2fc0, 0x7fffd6eae350, 0x7fffd6eae360) = 1 <0.000445>
[pid 269] 14:58:07.049591 <... SSL_connect resumed> ) = 1 <0.058051>
[pid 269] 14:58:07.049923 oqsprovider.so->OQS_KEM_free(0x602739cbab70, 0x602739cbab20, 2, 0x602739cbab40) = 4 <0.000145>
Handshake duration: 58.35 ms
[pid 269] 14:58:07.052270 +++ exited (status 0) +++
Execution 36 - TLS Mutual
s_connection: verify depth is 1
[pid 271] 14:58:07.109650 openssl->SSL_connect(0x5e735a1230e0, 0x5e735a0f5e50, 0x5e735a0f5e50, 0x7699229d8360 <unfinished ...>
[pid 271] 14:58:07.110135 libssl.so.3->EVP_PKEY_keygen_init(0x5e735a1257d0, 0, 176, 0x5e735a1257d0) = 1 <0.000228>
[pid 271] 14:58:07.110473 libssl.so.3->EVP_PKEY_keygen(0x5e735a1257d0, 0x7ffc85f82ff0, 0, 103 <unfinished ...>
[pid 271] 14:58:07.110680 oqsprovider.so->OQS_KEM_new(0x5e735a11ac70, 8, 0, 0x5e735a122b50) = 0x5e735a122b70 <0.000153>
[pid 271] 14:58:07.110903 oqsprovider.so->OQS_KEM_keypair(0x5e735a122b70, 0x5e735a12dd00, 0x5e735a12eec0, 0x5e735a122b50) = 0 <0.007944>
[pid 271] 14:58:07.118955 <... EVP_PKEY_keygen resumed> ) = 1 <0.008475>
[pid 271] 14:58:07.141777 libssl.so.3->EVP_PKEY_decapsulate_init(0x5e735a1257d0, 0, 176, 0x5e735a1257d0) = 1 <0.000447>
[pid 271] 14:58:07.142313 libssl.so.3->EVP_PKEY_decapsulate(0x5e735a1257d0, 0, 0x7ffc85f82fb0, 0x5e735a1277ea) = 1 <0.000148>
[pid 271] 14:58:07.142508 libssl.so.3->EVP_PKEY_decapsulate(0x5e735a1257d0, 0x5e735a11dec0, 0x7ffc85f82fb0, 0x5e735a1277ea <unfinished ...>
[pid 271] 14:58:07.142682 oqsprovider.so->OQS_KEM_decaps(0x5e735a122b70, 0x5e735a11dec0, 0x5e735a1277ea, 0x5e735a12eec0) = 0 <0.021837>
[pid 271] 14:58:07.164652 <... EVP_PKEY_decapsulate resumed> ) = 1 <0.022132>
[pid 271] 14:58:07.165628 libssl.so.3->X509_verify_cert(0x5e735a11aea0, 0, 0x8000, 0xffffffff) = 1 <0.000505>
[pid 271] 14:58:07.166359 libssl.so.3->EVP_DigestVerifyInit_ex(0x5e735a14a980, 0x7ffc85f83058, 0, 0) = 1 <0.000134>
[pid 271] 14:58:07.166537 libssl.so.3->EVP_DigestVerify(0x5e735a14a980, 0x5e735a127798, 3309, 0x7ffc85f83060) = 1 <0.000174>
[pid 271] 14:58:07.166915 libssl.so.3->X509_verify_cert(0x5e735a11aea0, 1, 1, 0) = 1 <0.000217>
[pid 271] 14:58:07.167525 libssl.so.3->EVP_DigestSignInit_ex(0x5e735a047810, 0x7ffc85f83040, 0, 0) = 1 <0.000124>
[pid 271] 14:58:07.167712 libssl.so.3->EVP_DigestSign(0x5e735a047810, 0, 0x7ffc85f83050, 0x7ffc85f83060) = 1 <0.000223>
[pid 271] 14:58:07.167997 libssl.so.3->EVP_DigestSign(0x5e735a047810, 0x5e735a11afc0, 0x7ffc85f83050, 0x7ffc85f83060) = 1 <0.000416>
[pid 271] 14:58:07.168669 <... SSL_connect resumed> ) = 1 <0.059028>
[pid 271] 14:58:07.168879 oqsprovider.so->OQS_KEM_free(0x5e735a122b70, 0x5e735a122b20, 2, 0x5e735a122b40) = 4 <0.000139>
Handshake duration: 59.20 ms
[pid 271] 14:58:07.171264 +++ exited (status 0) +++
Execution 37 - TLS Mutual
s_connection: verify depth is 1
[pid 273] 14:58:07.228006 openssl->SSL_connect(0x5c181e0ed0e0, 0x5c181e0bfe50, 0x5c181e0bfe50, 0x7d6831c65360 <unfinished ...>
[pid 273] 14:58:07.228475 libssl.so.3->EVP_PKEY_keygen_init(0x5c181e0ef7d0, 0, 176, 0x5c181e0ef7d0) = 1 <0.000209>
[pid 273] 14:58:07.228769 libssl.so.3->EVP_PKEY_keygen(0x5c181e0ef7d0, 0x7fffead03e70, 0, 103 <unfinished ...>
[pid 273] 14:58:07.228966 oqsprovider.so->OQS_KEM_new(0x5c181e0e4c70, 8, 0, 0x5c181e0ecb50) = 0x5c181e0ecb70 <0.000139>
[pid 273] 14:58:07.229196 oqsprovider.so->OQS_KEM_keypair(0x5c181e0ecb70, 0x5c181e0f7d00, 0x5c181e0f8ec0, 0x5c181e0ecb50) = 0 <0.007239>
[pid 273] 14:58:07.236521 <... EVP_PKEY_keygen resumed> ) = 1 <0.007745>
[pid 273] 14:58:07.259624 libssl.so.3->EVP_PKEY_decapsulate_init(0x5c181e0ef7d0, 0, 176, 0x5c181e0ef7d0) = 1 <0.000450>
[pid 273] 14:58:07.260133 libssl.so.3->EVP_PKEY_decapsulate(0x5c181e0ef7d0, 0, 0x7fffead03e30, 0x5c181e0f17ea) = 1 <0.000148>
[pid 273] 14:58:07.260326 libssl.so.3->EVP_PKEY_decapsulate(0x5c181e0ef7d0, 0x5c181e0e7ec0, 0x7fffead03e30, 0x5c181e0f17ea <unfinished ...>
[pid 273] 14:58:07.260440 oqsprovider.so->OQS_KEM_decaps(0x5c181e0ecb70, 0x5c181e0e7ec0, 0x5c181e0f17ea, 0x5c181e0f8ec0) = 0 <0.022572>
[pid 273] 14:58:07.283176 <... EVP_PKEY_decapsulate resumed> ) = 1 <0.022838>
[pid 273] 14:58:07.284147 libssl.so.3->X509_verify_cert(0x5c181e0e4ea0, 0, 0x8000, 0xffffffff) = 1 <0.000544>
[pid 273] 14:58:07.284909 libssl.so.3->EVP_DigestVerifyInit_ex(0x5c181e114980, 0x7fffead03ed8, 0, 0) = 1 <0.000124>
[pid 273] 14:58:07.285084 libssl.so.3->EVP_DigestVerify(0x5c181e114980, 0x5c181e0f1798, 3309, 0x7fffead03ee0) = 1 <0.000259>
[pid 273] 14:58:07.285660 libssl.so.3->X509_verify_cert(0x5c181e0e4ea0, 1, 1, 0) = 1 <0.000289>
[pid 273] 14:58:07.286408 libssl.so.3->EVP_DigestSignInit_ex(0x5c181e011810, 0x7fffead03ec0, 0, 0) = 1 <0.000181>
[pid 273] 14:58:07.286657 libssl.so.3->EVP_DigestSign(0x5c181e011810, 0, 0x7fffead03ed0, 0x7fffead03ee0) = 1 <0.000163>
[pid 273] 14:58:07.286875 libssl.so.3->EVP_DigestSign(0x5c181e011810, 0x5c181e0e4fc0, 0x7fffead03ed0, 0x7fffead03ee0) = 1 <0.000363>
[pid 273] 14:58:07.287529 <... SSL_connect resumed> ) = 1 <0.059534>
[pid 273] 14:58:07.287768 oqsprovider.so->OQS_KEM_free(0x5c181e0ecb70, 0x5c181e0ecb20, 2, 0x5c181e0ecb40) = 4 <0.000143>
Handshake duration: 59.74 ms
[pid 273] 14:58:07.290322 +++ exited (status 0) +++
Execution 38 - TLS Mutual
s_connection: verify depth is 1
[pid 275] 14:58:07.347372 openssl->SSL_connect(0x5fbfd45120e0, 0x5fbfd44e4e50, 0x5fbfd44e4e50, 0x7504902d0360 <unfinished ...>
[pid 275] 14:58:07.347893 libssl.so.3->EVP_PKEY_keygen_init(0x5fbfd45147d0, 0, 176, 0x5fbfd45147d0) = 1 <0.000273>
[pid 275] 14:58:07.348293 libssl.so.3->EVP_PKEY_keygen(0x5fbfd45147d0, 0x7fffb4ba7300, 0, 103 <unfinished ...>
[pid 275] 14:58:07.348495 oqsprovider.so->OQS_KEM_new(0x5fbfd4509c70, 8, 0, 0x5fbfd4511b50) = 0x5fbfd4511b70 <0.000167>
[pid 275] 14:58:07.348749 oqsprovider.so->OQS_KEM_keypair(0x5fbfd4511b70, 0x5fbfd451cd00, 0x5fbfd451dec0, 0x5fbfd4511b50) = 0 <0.007311>
[pid 275] 14:58:07.356200 <... EVP_PKEY_keygen resumed> ) = 1 <0.007888>
[pid 275] 14:58:07.379686 libssl.so.3->EVP_PKEY_decapsulate_init(0x5fbfd45147d0, 0, 176, 0x5fbfd45147d0) = 1 <0.000435>
[pid 275] 14:58:07.380165 libssl.so.3->EVP_PKEY_decapsulate(0x5fbfd45147d0, 0, 0x7fffb4ba72c0, 0x5fbfd45167ea) = 1 <0.000155>
[pid 275] 14:58:07.380366 libssl.so.3->EVP_PKEY_decapsulate(0x5fbfd45147d0, 0x5fbfd450cec0, 0x7fffb4ba72c0, 0x5fbfd45167ea <unfinished ...>
[pid 275] 14:58:07.380485 oqsprovider.so->OQS_KEM_decaps(0x5fbfd4511b70, 0x5fbfd450cec0, 0x5fbfd45167ea, 0x5fbfd451dec0) = 0 <0.021559>
[pid 275] 14:58:07.402219 <... EVP_PKEY_decapsulate resumed> ) = 1 <0.021842>
[pid 275] 14:58:07.403184 libssl.so.3->X509_verify_cert(0x5fbfd4509ea0, 0, 0x8000, 0xffffffff) = 1 <0.000582>
[pid 275] 14:58:07.404017 libssl.so.3->EVP_DigestVerifyInit_ex(0x5fbfd4539980, 0x7fffb4ba7368, 0, 0) = 1 <0.000162>
[pid 275] 14:58:07.404246 libssl.so.3->EVP_DigestVerify(0x5fbfd4539980, 0x5fbfd4516798, 3309, 0x7fffb4ba7370) = 1 <0.000224>
[pid 275] 14:58:07.404885 libssl.so.3->X509_verify_cert(0x5fbfd4509ea0, 1, 1, 0) = 1 <0.000296>
[pid 275] 14:58:07.405604 libssl.so.3->EVP_DigestSignInit_ex(0x5fbfd4436810, 0x7fffb4ba7350, 0, 0) = 1 <0.000173>
[pid 275] 14:58:07.405825 libssl.so.3->EVP_DigestSign(0x5fbfd4436810, 0, 0x7fffb4ba7360, 0x7fffb4ba7370) = 1 <0.000133>
[pid 275] 14:58:07.406010 libssl.so.3->EVP_DigestSign(0x5fbfd4436810, 0x5fbfd4509fc0, 0x7fffb4ba7360, 0x7fffb4ba7370) = 1 <0.000335>
[pid 275] 14:58:07.406653 <... SSL_connect resumed> ) = 1 <0.059293>
[pid 275] 14:58:07.406889 oqsprovider.so->OQS_KEM_free(0x5fbfd4511b70, 0x5fbfd4511b20, 2, 0x5fbfd4511b40) = 4 <0.000145>
Handshake duration: 59.51 ms
[pid 275] 14:58:07.409255 +++ exited (status 0) +++
Execution 39 - TLS Mutual
s_connection: verify depth is 1
[pid 277] 14:58:07.466325 openssl->SSL_connect(0x5d2c2ca610e0, 0x5d2c2ca33e50, 0x5d2c2ca33e50, 0x7b162aa6b360 <unfinished ...>
[pid 277] 14:58:07.466755 libssl.so.3->EVP_PKEY_keygen_init(0x5d2c2ca637d0, 0, 176, 0x5d2c2ca637d0) = 1 <0.000148>
[pid 277] 14:58:07.466953 libssl.so.3->EVP_PKEY_keygen(0x5d2c2ca637d0, 0x7fffe1fe4360, 0, 103 <unfinished ...>
[pid 277] 14:58:07.467069 oqsprovider.so->OQS_KEM_new(0x5d2c2ca58c70, 8, 0, 0x5d2c2ca60b50) = 0x5d2c2ca60b70 <0.000112>
[pid 277] 14:58:07.467253 oqsprovider.so->OQS_KEM_keypair(0x5d2c2ca60b70, 0x5d2c2ca6bd00, 0x5d2c2ca6cec0, 0x5d2c2ca60b50) = 0 <0.007312>
[pid 277] 14:58:07.474693 <... EVP_PKEY_keygen resumed> ) = 1 <0.007733>
[pid 277] 14:58:07.496978 libssl.so.3->EVP_PKEY_decapsulate_init(0x5d2c2ca637d0, 0, 176, 0x5d2c2ca637d0) = 1 <0.000495>
[pid 277] 14:58:07.497568 libssl.so.3->EVP_PKEY_decapsulate(0x5d2c2ca637d0, 0, 0x7fffe1fe4320, 0x5d2c2ca657ea) = 1 <0.000165>
[pid 277] 14:58:07.497782 libssl.so.3->EVP_PKEY_decapsulate(0x5d2c2ca637d0, 0x5d2c2ca5bec0, 0x7fffe1fe4320, 0x5d2c2ca657ea <unfinished ...>
[pid 277] 14:58:07.497924 oqsprovider.so->OQS_KEM_decaps(0x5d2c2ca60b70, 0x5d2c2ca5bec0, 0x5d2c2ca657ea, 0x5d2c2ca6cec0) = 0 <0.022105>
[pid 277] 14:58:07.520192 <... EVP_PKEY_decapsulate resumed> ) = 1 <0.022400>
[pid 277] 14:58:07.521191 libssl.so.3->X509_verify_cert(0x5d2c2ca58ea0, 0, 0x8000, 0xffffffff) = 1 <0.000578>
[pid 277] 14:58:07.522119 libssl.so.3->EVP_DigestVerifyInit_ex(0x5d2c2ca88980, 0x7fffe1fe43c8, 0, 0) = 1 <0.000511>
[pid 277] 14:58:07.522727 libssl.so.3->EVP_DigestVerify(0x5d2c2ca88980, 0x5d2c2ca65798, 3309, 0x7fffe1fe43d0) = 1 <0.000283>
[pid 277] 14:58:07.523315 libssl.so.3->X509_verify_cert(0x5d2c2ca58ea0, 1, 1, 0) = 1 <0.000272>
[pid 277] 14:58:07.524218 libssl.so.3->EVP_DigestSignInit_ex(0x5d2c2c985810, 0x7fffe1fe43b0, 0, 0) = 1 <0.000212>
[pid 277] 14:58:07.524556 libssl.so.3->EVP_DigestSign(0x5d2c2c985810, 0, 0x7fffe1fe43c0, 0x7fffe1fe43d0) = 1 <0.000239>
[pid 277] 14:58:07.524892 libssl.so.3->EVP_DigestSign(0x5d2c2c985810, 0x5d2c2ca58fc0, 0x7fffe1fe43c0, 0x7fffe1fe43d0) = 1 <0.000615>
[pid 277] 14:58:07.525960 <... SSL_connect resumed> ) = 1 <0.059626>
[pid 277] 14:58:07.526251 oqsprovider.so->OQS_KEM_free(0x5d2c2ca60b70, 0x5d2c2ca60b20, 2, 0x5d2c2ca60b40) = 4 <0.000139>
Handshake duration: 59.84 ms
[pid 277] 14:58:07.528688 +++ exited (status 0) +++
Execution 40 - TLS Mutual
s_connection: verify depth is 1
[pid 279] 14:58:07.590257 openssl->SSL_connect(0x5e85ce90b0e0, 0x5e85ce8dde50, 0x5e85ce8dde50, 0x7d4c265ee360 <unfinished ...>
[pid 279] 14:58:07.590672 libssl.so.3->EVP_PKEY_keygen_init(0x5e85ce90d7d0, 0, 176, 0x5e85ce90d7d0) = 1 <0.000148>
[pid 279] 14:58:07.590872 libssl.so.3->EVP_PKEY_keygen(0x5e85ce90d7d0, 0x7ffd67b9faa0, 0, 103 <unfinished ...>
[pid 279] 14:58:07.590994 oqsprovider.so->OQS_KEM_new(0x5e85ce902c70, 8, 0, 0x5e85ce90ab50) = 0x5e85ce90ab70 <0.000126>
[pid 279] 14:58:07.591177 oqsprovider.so->OQS_KEM_keypair(0x5e85ce90ab70, 0x5e85ce915d00, 0x5e85ce916ec0, 0x5e85ce90ab50) = 0 <0.007534>
[pid 279] 14:58:07.598835 <... EVP_PKEY_keygen resumed> ) = 1 <0.007955>
[pid 279] 14:58:07.621647 libssl.so.3->EVP_PKEY_decapsulate_init(0x5e85ce90d7d0, 0, 176, 0x5e85ce90d7d0) = 1 <0.000372>
[pid 279] 14:58:07.622090 libssl.so.3->EVP_PKEY_decapsulate(0x5e85ce90d7d0, 0, 0x7ffd67b9fa60, 0x5e85ce90f7ea) = 1 <0.000132>
[pid 279] 14:58:07.622284 libssl.so.3->EVP_PKEY_decapsulate(0x5e85ce90d7d0, 0x5e85ce905ec0, 0x7ffd67b9fa60, 0x5e85ce90f7ea <unfinished ...>
[pid 279] 14:58:07.622448 oqsprovider.so->OQS_KEM_decaps(0x5e85ce90ab70, 0x5e85ce905ec0, 0x5e85ce90f7ea, 0x5e85ce916ec0) = 0 <0.021338>
[pid 279] 14:58:07.643928 <... EVP_PKEY_decapsulate resumed> ) = 1 <0.021632>
[pid 279] 14:58:07.644825 libssl.so.3->X509_verify_cert(0x5e85ce902ea0, 0, 0x8000, 0xffffffff) = 1 <0.000524>
[pid 279] 14:58:07.645578 libssl.so.3->EVP_DigestVerifyInit_ex(0x5e85ce932980, 0x7ffd67b9fb08, 0, 0) = 1 <0.000154>
[pid 279] 14:58:07.645780 libssl.so.3->EVP_DigestVerify(0x5e85ce932980, 0x5e85ce90f798, 3309, 0x7ffd67b9fb10) = 1 <0.000190>
[pid 279] 14:58:07.646204 libssl.so.3->X509_verify_cert(0x5e85ce902ea0, 1, 1, 0) = 1 <0.000252>
[pid 279] 14:58:07.646829 libssl.so.3->EVP_DigestSignInit_ex(0x5e85ce82f810, 0x7ffd67b9faf0, 0, 0) = 1 <0.000139>
[pid 279] 14:58:07.647007 libssl.so.3->EVP_DigestSign(0x5e85ce82f810, 0, 0x7ffd67b9fb00, 0x7ffd67b9fb10) = 1 <0.000137>
[pid 279] 14:58:07.647218 libssl.so.3->EVP_DigestSign(0x5e85ce82f810, 0x5e85ce902fc0, 0x7ffd67b9fb00, 0x7ffd67b9fb10) = 1 <0.000344>
[pid 279] 14:58:07.647854 <... SSL_connect resumed> ) = 1 <0.057617>
[pid 279] 14:58:07.648096 oqsprovider.so->OQS_KEM_free(0x5e85ce90ab70, 0x5e85ce90ab20, 2, 0x5e85ce90ab40) = 4 <0.000120>
Handshake duration: 57.80 ms
[pid 279] 14:58:07.650623 +++ exited (status 0) +++
Execution 41 - TLS Mutual
s_connection: verify depth is 1
[pid 281] 14:58:07.706379 openssl->SSL_connect(0x5a9380e920e0, 0x5a9380e64e50, 0x5a9380e64e50, 0x71b38877f360 <unfinished ...>
[pid 281] 14:58:07.706854 libssl.so.3->EVP_PKEY_keygen_init(0x5a9380e947d0, 0, 176, 0x5a9380e947d0) = 1 <0.000199>
[pid 281] 14:58:07.707110 libssl.so.3->EVP_PKEY_keygen(0x5a9380e947d0, 0x7ffdd5e35480, 0, 103 <unfinished ...>
[pid 281] 14:58:07.707296 oqsprovider.so->OQS_KEM_new(0x5a9380e89c70, 8, 0, 0x5a9380e91b50) = 0x5a9380e91b70 <0.000189>
[pid 281] 14:58:07.707566 oqsprovider.so->OQS_KEM_keypair(0x5a9380e91b70, 0x5a9380e9cd00, 0x5a9380e9dec0, 0x5a9380e91b50) = 0 <0.007367>
[pid 281] 14:58:07.715039 <... EVP_PKEY_keygen resumed> ) = 1 <0.007923>
[pid 281] 14:58:07.737972 libssl.so.3->EVP_PKEY_decapsulate_init(0x5a9380e947d0, 0, 176, 0x5a9380e947d0) = 1 <0.000461>
[pid 281] 14:58:07.738547 libssl.so.3->EVP_PKEY_decapsulate(0x5a9380e947d0, 0, 0x7ffdd5e35440, 0x5a9380e967ea) = 1 <0.000170>
[pid 281] 14:58:07.738808 libssl.so.3->EVP_PKEY_decapsulate(0x5a9380e947d0, 0x5a9380e8cec0, 0x7ffdd5e35440, 0x5a9380e967ea <unfinished ...>
[pid 281] 14:58:07.738993 oqsprovider.so->OQS_KEM_decaps(0x5a9380e91b70, 0x5a9380e8cec0, 0x5a9380e967ea, 0x5a9380e9dec0) = 0 <0.022375>
[pid 281] 14:58:07.761599 <... EVP_PKEY_decapsulate resumed> ) = 1 <0.022763>
[pid 281] 14:58:07.762635 libssl.so.3->X509_verify_cert(0x5a9380e89ea0, 0, 0x8000, 0xffffffff) = 1 <0.000546>
[pid 281] 14:58:07.763449 libssl.so.3->EVP_DigestVerifyInit_ex(0x5a9380eb9980, 0x7ffdd5e354e8, 0, 0) = 1 <0.000151>
[pid 281] 14:58:07.763639 libssl.so.3->EVP_DigestVerify(0x5a9380eb9980, 0x5a9380e96798, 3309, 0x7ffdd5e354f0) = 1 <0.000224>
[pid 281] 14:58:07.764083 libssl.so.3->X509_verify_cert(0x5a9380e89ea0, 1, 1, 0) = 1 <0.000249>
[pid 281] 14:58:07.764786 libssl.so.3->EVP_DigestSignInit_ex(0x5a9380db6810, 0x7ffdd5e354d0, 0, 0) = 1 <0.000227>
[pid 281] 14:58:07.765084 libssl.so.3->EVP_DigestSign(0x5a9380db6810, 0, 0x7ffdd5e354e0, 0x7ffdd5e354f0) = 1 <0.000159>
[pid 281] 14:58:07.765288 libssl.so.3->EVP_DigestSign(0x5a9380db6810, 0x5a9380e89fc0, 0x7ffdd5e354e0, 0x7ffdd5e354f0) = 1 <0.000455>
[pid 281] 14:58:07.766023 <... SSL_connect resumed> ) = 1 <0.059646>
[pid 281] 14:58:07.766250 oqsprovider.so->OQS_KEM_free(0x5a9380e91b70, 0x5a9380e91b20, 2, 0x5a9380e91b40) = 4 <0.000164>
Handshake duration: 59.84 ms
[pid 281] 14:58:07.768612 +++ exited (status 0) +++
Execution 42 - TLS Mutual
s_connection: verify depth is 1
[pid 283] 14:58:07.826183 openssl->SSL_connect(0x60bd2311f0e0, 0x60bd230f1e50, 0x60bd230f1e50, 0x7e92e9be7360 <unfinished ...>
[pid 283] 14:58:07.826710 libssl.so.3->EVP_PKEY_keygen_init(0x60bd231217d0, 0, 176, 0x60bd231217d0) = 1 <0.000194>
[pid 283] 14:58:07.826954 libssl.so.3->EVP_PKEY_keygen(0x60bd231217d0, 0x7ffe4f6b3010, 0, 103 <unfinished ...>
[pid 283] 14:58:07.827071 oqsprovider.so->OQS_KEM_new(0x60bd23116c70, 8, 0, 0x60bd2311eb50) = 0x60bd2311eb70 <0.000125>
[pid 283] 14:58:07.827262 oqsprovider.so->OQS_KEM_keypair(0x60bd2311eb70, 0x60bd23129d00, 0x60bd2312aec0, 0x60bd2311eb50) = 0 <0.008257>
[pid 283] 14:58:07.835634 <... EVP_PKEY_keygen resumed> ) = 1 <0.008674>
[pid 283] 14:58:07.858648 libssl.so.3->EVP_PKEY_decapsulate_init(0x60bd231217d0, 0, 176, 0x60bd231217d0) = 1 <0.000461>
[pid 283] 14:58:07.859146 libssl.so.3->EVP_PKEY_decapsulate(0x60bd231217d0, 0, 0x7ffe4f6b2fd0, 0x60bd231237ea) = 1 <0.000162>
[pid 283] 14:58:07.859361 libssl.so.3->EVP_PKEY_decapsulate(0x60bd231217d0, 0x60bd23119ec0, 0x7ffe4f6b2fd0, 0x60bd231237ea <unfinished ...>
[pid 283] 14:58:07.859480 oqsprovider.so->OQS_KEM_decaps(0x60bd2311eb70, 0x60bd23119ec0, 0x60bd231237ea, 0x60bd2312aec0) = 0 <0.023038>
[pid 283] 14:58:07.882640 <... EVP_PKEY_decapsulate resumed> ) = 1 <0.023272>
[pid 283] 14:58:07.883533 libssl.so.3->X509_verify_cert(0x60bd23116ea0, 0, 0x8000, 0xffffffff) = 1 <0.000505>
[pid 283] 14:58:07.884275 libssl.so.3->EVP_DigestVerifyInit_ex(0x60bd23146980, 0x7ffe4f6b3078, 0, 0) = 1 <0.000159>
[pid 283] 14:58:07.884492 libssl.so.3->EVP_DigestVerify(0x60bd23146980, 0x60bd23123798, 3309, 0x7ffe4f6b3080) = 1 <0.000256>
[pid 283] 14:58:07.885016 libssl.so.3->X509_verify_cert(0x60bd23116ea0, 1, 1, 0) = 1 <0.000262>
[pid 283] 14:58:07.885654 libssl.so.3->EVP_DigestSignInit_ex(0x60bd23043810, 0x7ffe4f6b3060, 0, 0) = 1 <0.000128>
[pid 283] 14:58:07.885826 libssl.so.3->EVP_DigestSign(0x60bd23043810, 0, 0x7ffe4f6b3070, 0x7ffe4f6b3080) = 1 <0.000125>
[pid 283] 14:58:07.886005 libssl.so.3->EVP_DigestSign(0x60bd23043810, 0x60bd23116fc0, 0x7ffe4f6b3070, 0x7ffe4f6b3080) = 1 <0.000322>
[pid 283] 14:58:07.886581 <... SSL_connect resumed> ) = 1 <0.060406>
[pid 283] 14:58:07.886786 oqsprovider.so->OQS_KEM_free(0x60bd2311eb70, 0x60bd2311eb20, 2, 0x60bd2311eb40) = 4 <0.000226>
Handshake duration: 60.59 ms
[pid 283] 14:58:07.889562 +++ exited (status 0) +++
Execution 43 - TLS Mutual
s_connection: verify depth is 1
[pid 285] 14:58:07.945650 openssl->SSL_connect(0x5b31caf290e0, 0x5b31caefbe50, 0x5b31caefbe50, 0x71c73726a360 <unfinished ...>
[pid 285] 14:58:07.946185 libssl.so.3->EVP_PKEY_keygen_init(0x5b31caf2b7d0, 0, 176, 0x5b31caf2b7d0) = 1 <0.000198>
[pid 285] 14:58:07.946447 libssl.so.3->EVP_PKEY_keygen(0x5b31caf2b7d0, 0x7ffc8d803c10, 0, 103 <unfinished ...>
[pid 285] 14:58:07.946612 oqsprovider.so->OQS_KEM_new(0x5b31caf20c70, 8, 0, 0x5b31caf28b50) = 0x5b31caf28b70 <0.000155>
[pid 285] 14:58:07.946840 oqsprovider.so->OQS_KEM_keypair(0x5b31caf28b70, 0x5b31caf33d00, 0x5b31caf34ec0, 0x5b31caf28b50) = 0 <0.007278>
[pid 285] 14:58:07.954238 <... EVP_PKEY_keygen resumed> ) = 1 <0.007776>
[pid 285] 14:58:07.976771 libssl.so.3->EVP_PKEY_decapsulate_init(0x5b31caf2b7d0, 0, 176, 0x5b31caf2b7d0) = 1 <0.000410>
[pid 285] 14:58:07.977243 libssl.so.3->EVP_PKEY_decapsulate(0x5b31caf2b7d0, 0, 0x7ffc8d803bd0, 0x5b31caf2d7ea) = 1 <0.000147>
[pid 285] 14:58:07.977425 libssl.so.3->EVP_PKEY_decapsulate(0x5b31caf2b7d0, 0x5b31caf23ec0, 0x7ffc8d803bd0, 0x5b31caf2d7ea <unfinished ...>
[pid 285] 14:58:07.977552 oqsprovider.so->OQS_KEM_decaps(0x5b31caf28b70, 0x5b31caf23ec0, 0x5b31caf2d7ea, 0x5b31caf34ec0) = 0 <0.021866>
[pid 285] 14:58:07.999567 <... EVP_PKEY_decapsulate resumed> ) = 1 <0.022129>
[pid 285] 14:58:08.000529 libssl.so.3->X509_verify_cert(0x5b31caf20ea0, 0, 0x8000, 0xffffffff) = 1 <0.000617>
[pid 285] 14:58:08.001437 libssl.so.3->EVP_DigestVerifyInit_ex(0x5b31caf50980, 0x7ffc8d803c78, 0, 0) = 1 <0.000163>
[pid 285] 14:58:08.001654 libssl.so.3->EVP_DigestVerify(0x5b31caf50980, 0x5b31caf2d798, 3309, 0x7ffc8d803c80) = 1 <0.000245>
[pid 285] 14:58:08.002190 libssl.so.3->X509_verify_cert(0x5b31caf20ea0, 1, 1, 0) = 1 <0.000285>
[pid 285] 14:58:08.003170 libssl.so.3->EVP_DigestSignInit_ex(0x5b31cae4d810, 0x7ffc8d803c60, 0, 0) = 1 <0.000226>
[pid 285] 14:58:08.003486 libssl.so.3->EVP_DigestSign(0x5b31cae4d810, 0, 0x7ffc8d803c70, 0x7ffc8d803c80) = 1 <0.000166>
[pid 285] 14:58:08.003702 libssl.so.3->EVP_DigestSign(0x5b31cae4d810, 0x5b31caf20fc0, 0x7ffc8d803c70, 0x7ffc8d803c80) = 1 <0.000471>
[pid 285] 14:58:08.004492 <... SSL_connect resumed> ) = 1 <0.058845>
[pid 285] 14:58:08.004717 oqsprovider.so->OQS_KEM_free(0x5b31caf28b70, 0x5b31caf28b20, 2, 0x5b31caf28b40) = 4 <0.000175>
Handshake duration: 59.04 ms
[pid 285] 14:58:08.007640 +++ exited (status 0) +++
Execution 44 - TLS Mutual
s_connection: verify depth is 1
[pid 287] 14:58:08.066387 openssl->SSL_connect(0x5cba610250e0, 0x5cba60ff7e50, 0x5cba60ff7e50, 0x749826d9b360 <unfinished ...>
[pid 287] 14:58:08.066995 libssl.so.3->EVP_PKEY_keygen_init(0x5cba610277d0, 0, 176, 0x5cba610277d0) = 1 <0.000271>
[pid 287] 14:58:08.067351 libssl.so.3->EVP_PKEY_keygen(0x5cba610277d0, 0x7ffc6f69f120, 0, 103 <unfinished ...>
[pid 287] 14:58:08.067511 oqsprovider.so->OQS_KEM_new(0x5cba6101cc70, 8, 0, 0x5cba61024b50) = 0x5cba61024b70 <0.000142>
[pid 287] 14:58:08.067725 oqsprovider.so->OQS_KEM_keypair(0x5cba61024b70, 0x5cba6102fd00, 0x5cba61030ec0, 0x5cba61024b50) = 0 <0.007569>
[pid 287] 14:58:08.075396 <... EVP_PKEY_keygen resumed> ) = 1 <0.008033>
[pid 287] 14:58:08.098283 libssl.so.3->EVP_PKEY_decapsulate_init(0x5cba610277d0, 0, 176, 0x5cba610277d0) = 1 <0.000419>
[pid 287] 14:58:08.098764 libssl.so.3->EVP_PKEY_decapsulate(0x5cba610277d0, 0, 0x7ffc6f69f0e0, 0x5cba610297ea) = 1 <0.000175>
[pid 287] 14:58:08.099125 libssl.so.3->EVP_PKEY_decapsulate(0x5cba610277d0, 0x5cba6101fec0, 0x7ffc6f69f0e0, 0x5cba610297ea <unfinished ...>
[pid 287] 14:58:08.099291 oqsprovider.so->OQS_KEM_decaps(0x5cba61024b70, 0x5cba6101fec0, 0x5cba610297ea, 0x5cba61030ec0) = 0 <0.021428>
[pid 287] 14:58:08.120841 <... EVP_PKEY_decapsulate resumed> ) = 1 <0.021710>
[pid 287] 14:58:08.121728 libssl.so.3->X509_verify_cert(0x5cba6101cea0, 0, 0x8000, 0xffffffff) = 1 <0.000587>
[pid 287] 14:58:08.122550 libssl.so.3->EVP_DigestVerifyInit_ex(0x5cba6104c980, 0x7ffc6f69f188, 0, 0) = 1 <0.000136>
[pid 287] 14:58:08.122730 libssl.so.3->EVP_DigestVerify(0x5cba6104c980, 0x5cba61029798, 3309, 0x7ffc6f69f190) = 1 <0.000184>
[pid 287] 14:58:08.123171 libssl.so.3->X509_verify_cert(0x5cba6101cea0, 1, 1, 0) = 1 <0.000349>
[pid 287] 14:58:08.123995 libssl.so.3->EVP_DigestSignInit_ex(0x5cba60f49810, 0x7ffc6f69f170, 0, 0) = 1 <0.000162>
[pid 287] 14:58:08.124207 libssl.so.3->EVP_DigestSign(0x5cba60f49810, 0, 0x7ffc6f69f180, 0x7ffc6f69f190) = 1 <0.000125>
[pid 287] 14:58:08.124380 libssl.so.3->EVP_DigestSign(0x5cba60f49810, 0x5cba6101cfc0, 0x7ffc6f69f180, 0x7ffc6f69f190) = 1 <0.000377>
[pid 287] 14:58:08.124997 <... SSL_connect resumed> ) = 1 <0.058635>
[pid 287] 14:58:08.125189 oqsprovider.so->OQS_KEM_free(0x5cba61024b70, 0x5cba61024b20, 2, 0x5cba61024b40) = 4 <0.000125>
Handshake duration: 58.81 ms
[pid 287] 14:58:08.127705 +++ exited (status 0) +++
Execution 45 - TLS Mutual
s_connection: verify depth is 1
[pid 289] 14:58:08.186577 openssl->SSL_connect(0x6064fc8fb0e0, 0x6064fc8cde50, 0x6064fc8cde50, 0x77dce624b360 <unfinished ...>
[pid 289] 14:58:08.187016 libssl.so.3->EVP_PKEY_keygen_init(0x6064fc8fd7d0, 0, 176, 0x6064fc8fd7d0) = 1 <0.000148>
[pid 289] 14:58:08.187216 libssl.so.3->EVP_PKEY_keygen(0x6064fc8fd7d0, 0x7ffd21eaff00, 0, 103 <unfinished ...>
[pid 289] 14:58:08.187351 oqsprovider.so->OQS_KEM_new(0x6064fc8f2c70, 8, 0, 0x6064fc8fab50) = 0x6064fc8fab70 <0.000106>
[pid 289] 14:58:08.187511 oqsprovider.so->OQS_KEM_keypair(0x6064fc8fab70, 0x6064fc905d00, 0x6064fc906ec0, 0x6064fc8fab50) = 0 <0.007227>
[pid 289] 14:58:08.194846 <... EVP_PKEY_keygen resumed> ) = 1 <0.007623>
[pid 289] 14:58:08.217608 libssl.so.3->EVP_PKEY_decapsulate_init(0x6064fc8fd7d0, 0, 176, 0x6064fc8fd7d0) = 1 <0.000434>
[pid 289] 14:58:08.218088 libssl.so.3->EVP_PKEY_decapsulate(0x6064fc8fd7d0, 0, 0x7ffd21eafec0, 0x6064fc8ff7ea) = 1 <0.000139>
[pid 289] 14:58:08.218299 libssl.so.3->EVP_PKEY_decapsulate(0x6064fc8fd7d0, 0x6064fc8f5ec0, 0x7ffd21eafec0, 0x6064fc8ff7ea <unfinished ...>
[pid 289] 14:58:08.218498 oqsprovider.so->OQS_KEM_decaps(0x6064fc8fab70, 0x6064fc8f5ec0, 0x6064fc8ff7ea, 0x6064fc906ec0) = 0 <0.022508>
[pid 289] 14:58:08.241132 <... EVP_PKEY_decapsulate resumed> ) = 1 <0.022823>
[pid 289] 14:58:08.242026 libssl.so.3->X509_verify_cert(0x6064fc8f2ea0, 0, 0x8000, 0xffffffff) = 1 <0.000553>
[pid 289] 14:58:08.242810 libssl.so.3->EVP_DigestVerifyInit_ex(0x6064fc922980, 0x7ffd21eaff68, 0, 0) = 1 <0.000146>
[pid 289] 14:58:08.243009 libssl.so.3->EVP_DigestVerify(0x6064fc922980, 0x6064fc8ff798, 3309, 0x7ffd21eaff70) = 1 <0.000254>
[pid 289] 14:58:08.243558 libssl.so.3->X509_verify_cert(0x6064fc8f2ea0, 1, 1, 0) = 1 <0.000295>
[pid 289] 14:58:08.244298 libssl.so.3->EVP_DigestSignInit_ex(0x6064fc81f810, 0x7ffd21eaff50, 0, 0) = 1 <0.000174>
[pid 289] 14:58:08.244524 libssl.so.3->EVP_DigestSign(0x6064fc81f810, 0, 0x7ffd21eaff60, 0x7ffd21eaff70) = 1 <0.000133>
[pid 289] 14:58:08.244699 libssl.so.3->EVP_DigestSign(0x6064fc81f810, 0x6064fc8f2fc0, 0x7ffd21eaff60, 0x7ffd21eaff70) = 1 <0.000351>
[pid 289] 14:58:08.245403 <... SSL_connect resumed> ) = 1 <0.058834>
[pid 289] 14:58:08.245647 oqsprovider.so->OQS_KEM_free(0x6064fc8fab70, 0x6064fc8fab20, 2, 0x6064fc8fab40) = 4 <0.000189>
Handshake duration: 59.03 ms
[pid 289] 14:58:08.248387 +++ exited (status 0) +++
Execution 46 - TLS Mutual
s_connection: verify depth is 1
[pid 291] 14:58:08.306962 openssl->SSL_connect(0x614678fa80e0, 0x614678f7ae50, 0x614678f7ae50, 0x7acacc194360 <unfinished ...>
[pid 291] 14:58:08.307409 libssl.so.3->EVP_PKEY_keygen_init(0x614678faa7d0, 0, 176, 0x614678faa7d0) = 1 <0.000160>
[pid 291] 14:58:08.307620 libssl.so.3->EVP_PKEY_keygen(0x614678faa7d0, 0x7ffc437a8930, 0, 103 <unfinished ...>
[pid 291] 14:58:08.307747 oqsprovider.so->OQS_KEM_new(0x614678f9fc70, 8, 0, 0x614678fa7b50) = 0x614678fa7b70 <0.000125>
[pid 291] 14:58:08.307926 oqsprovider.so->OQS_KEM_keypair(0x614678fa7b70, 0x614678fb2d00, 0x614678fb3ec0, 0x614678fa7b50) = 0 <0.007216>
[pid 291] 14:58:08.315221 <... EVP_PKEY_keygen resumed> ) = 1 <0.007596>
[pid 291] 14:58:08.337904 libssl.so.3->EVP_PKEY_decapsulate_init(0x614678faa7d0, 0, 176, 0x614678faa7d0) = 1 <0.000487>
[pid 291] 14:58:08.338509 libssl.so.3->EVP_PKEY_decapsulate(0x614678faa7d0, 0, 0x7ffc437a88f0, 0x614678fac7ea) = 1 <0.000235>
[pid 291] 14:58:08.338800 libssl.so.3->EVP_PKEY_decapsulate(0x614678faa7d0, 0x614678fa2ec0, 0x7ffc437a88f0, 0x614678fac7ea <unfinished ...>
[pid 291] 14:58:08.338962 oqsprovider.so->OQS_KEM_decaps(0x614678fa7b70, 0x614678fa2ec0, 0x614678fac7ea, 0x614678fb3ec0) = 0 <0.021560>
[pid 291] 14:58:08.360656 <... EVP_PKEY_decapsulate resumed> ) = 1 <0.021848>
[pid 291] 14:58:08.361588 libssl.so.3->X509_verify_cert(0x614678f9fea0, 0, 0x8000, 0xffffffff) = 1 <0.000500>
[pid 291] 14:58:08.362335 libssl.so.3->EVP_DigestVerifyInit_ex(0x614678fcf980, 0x7ffc437a8998, 0, 0) = 1 <0.000148>
[pid 291] 14:58:08.362552 libssl.so.3->EVP_DigestVerify(0x614678fcf980, 0x614678fac798, 3309, 0x7ffc437a89a0) = 1 <0.000254>
[pid 291] 14:58:08.363032 libssl.so.3->X509_verify_cert(0x614678f9fea0, 1, 1, 0) = 1 <0.000250>
[pid 291] 14:58:08.363804 libssl.so.3->EVP_DigestSignInit_ex(0x614678ecc810, 0x7ffc437a8980, 0, 0) = 1 <0.000172>
[pid 291] 14:58:08.364022 libssl.so.3->EVP_DigestSign(0x614678ecc810, 0, 0x7ffc437a8990, 0x7ffc437a89a0) = 1 <0.000114>
[pid 291] 14:58:08.364192 libssl.so.3->EVP_DigestSign(0x614678ecc810, 0x614678f9ffc0, 0x7ffc437a8990, 0x7ffc437a89a0) = 1 <0.000372>
[pid 291] 14:58:08.364817 <... SSL_connect resumed> ) = 1 <0.057865>
[pid 291] 14:58:08.365027 oqsprovider.so->OQS_KEM_free(0x614678fa7b70, 0x614678fa7b20, 2, 0x614678fa7b40) = 4 <0.000144>
Handshake duration: 58.03 ms
[pid 291] 14:58:08.367310 +++ exited (status 0) +++
Execution 47 - TLS Mutual
s_connection: verify depth is 1
[pid 293] 14:58:08.425901 openssl->SSL_connect(0x55a74388f0e0, 0x55a743861e50, 0x55a743861e50, 0x765cc6794360 <unfinished ...>
[pid 293] 14:58:08.426380 libssl.so.3->EVP_PKEY_keygen_init(0x55a7438917d0, 0, 176, 0x55a7438917d0) = 1 <0.000179>
[pid 293] 14:58:08.426609 libssl.so.3->EVP_PKEY_keygen(0x55a7438917d0, 0x7ffef9b40d00, 0, 103 <unfinished ...>
[pid 293] 14:58:08.426742 oqsprovider.so->OQS_KEM_new(0x55a743886c70, 8, 0, 0x55a74388eb50) = 0x55a74388eb70 <0.000141>
[pid 293] 14:58:08.426945 oqsprovider.so->OQS_KEM_keypair(0x55a74388eb70, 0x55a743899d00, 0x55a74389aec0, 0x55a74388eb50) = 0 <0.007317>
[pid 293] 14:58:08.434353 <... EVP_PKEY_keygen resumed> ) = 1 <0.007737>
[pid 293] 14:58:08.457473 libssl.so.3->EVP_PKEY_decapsulate_init(0x55a7438917d0, 0, 176, 0x55a7438917d0) = 1 <0.000406>
[pid 293] 14:58:08.457921 libssl.so.3->EVP_PKEY_decapsulate(0x55a7438917d0, 0, 0x7ffef9b40cc0, 0x55a7438937ea) = 1 <0.000162>
[pid 293] 14:58:08.458132 libssl.so.3->EVP_PKEY_decapsulate(0x55a7438917d0, 0x55a743889ec0, 0x7ffef9b40cc0, 0x55a7438937ea <unfinished ...>
[pid 293] 14:58:08.458284 oqsprovider.so->OQS_KEM_decaps(0x55a74388eb70, 0x55a743889ec0, 0x55a7438937ea, 0x55a74389aec0) = 0 <0.021341>
[pid 293] 14:58:08.479752 <... EVP_PKEY_decapsulate resumed> ) = 1 <0.021611>
[pid 293] 14:58:08.480637 libssl.so.3->X509_verify_cert(0x55a743886ea0, 0, 0x8000, 0xffffffff) = 1 <0.000526>
[pid 293] 14:58:08.481408 libssl.so.3->EVP_DigestVerifyInit_ex(0x55a7438b6980, 0x7ffef9b40d68, 0, 0) = 1 <0.000145>
[pid 293] 14:58:08.481599 libssl.so.3->EVP_DigestVerify(0x55a7438b6980, 0x55a743893798, 3309, 0x7ffef9b40d70) = 1 <0.000188>
[pid 293] 14:58:08.482020 libssl.so.3->X509_verify_cert(0x55a743886ea0, 1, 1, 0) = 1 <0.000248>
[pid 293] 14:58:08.482646 libssl.so.3->EVP_DigestSignInit_ex(0x55a7437b3810, 0x7ffef9b40d50, 0, 0) = 1 <0.000152>
[pid 293] 14:58:08.482844 libssl.so.3->EVP_DigestSign(0x55a7437b3810, 0, 0x7ffef9b40d60, 0x7ffef9b40d70) = 1 <0.000111>
[pid 293] 14:58:08.482999 libssl.so.3->EVP_DigestSign(0x55a7437b3810, 0x55a743886fc0, 0x7ffef9b40d60, 0x7ffef9b40d70) = 1 <0.000307>
[pid 293] 14:58:08.483560 <... SSL_connect resumed> ) = 1 <0.057665>
[pid 293] 14:58:08.483759 oqsprovider.so->OQS_KEM_free(0x55a74388eb70, 0x55a74388eb20, 2, 0x55a74388eb40) = 4 <0.000141>
Handshake duration: 57.84 ms
[pid 293] 14:58:08.486212 +++ exited (status 0) +++
Execution 48 - TLS Mutual
s_connection: verify depth is 1
[pid 295] 14:58:08.544293 openssl->SSL_connect(0x6195c22290e0, 0x6195c21fbe50, 0x6195c21fbe50, 0x7cdd10345360 <unfinished ...>
[pid 295] 14:58:08.544743 libssl.so.3->EVP_PKEY_keygen_init(0x6195c222b7d0, 0, 176, 0x6195c222b7d0) = 1 <0.000154>
[pid 295] 14:58:08.544944 libssl.so.3->EVP_PKEY_keygen(0x6195c222b7d0, 0x7fff748cdf30, 0, 103 <unfinished ...>
[pid 295] 14:58:08.545071 oqsprovider.so->OQS_KEM_new(0x6195c2220c70, 8, 0, 0x6195c2228b50) = 0x6195c2228b70 <0.000129>
[pid 295] 14:58:08.545274 oqsprovider.so->OQS_KEM_keypair(0x6195c2228b70, 0x6195c2233d00, 0x6195c2234ec0, 0x6195c2228b50) = 0 <0.007225>
[pid 295] 14:58:08.552612 <... EVP_PKEY_keygen resumed> ) = 1 <0.007662>
[pid 295] 14:58:08.575550 libssl.so.3->EVP_PKEY_decapsulate_init(0x6195c222b7d0, 0, 176, 0x6195c222b7d0) = 1 <0.000642>
[pid 295] 14:58:08.576358 libssl.so.3->EVP_PKEY_decapsulate(0x6195c222b7d0, 0, 0x7fff748cdef0, 0x6195c222d7ea) = 1 <0.000217>
[pid 295] 14:58:08.576643 libssl.so.3->EVP_PKEY_decapsulate(0x6195c222b7d0, 0x6195c2223ec0, 0x7fff748cdef0, 0x6195c222d7ea <unfinished ...>
[pid 295] 14:58:08.576797 oqsprovider.so->OQS_KEM_decaps(0x6195c2228b70, 0x6195c2223ec0, 0x6195c222d7ea, 0x6195c2234ec0) = 0 <0.030317>
[pid 295] 14:58:08.607330 <... EVP_PKEY_decapsulate resumed> ) = 1 <0.030676>
[pid 295] 14:58:08.608438 libssl.so.3->X509_verify_cert(0x6195c2220ea0, 0, 0x8000, 0xffffffff) = 1 <0.000607>
[pid 295] 14:58:08.609332 libssl.so.3->EVP_DigestVerifyInit_ex(0x6195c2250980, 0x7fff748cdf98, 0, 0) = 1 <0.000204>
[pid 295] 14:58:08.609591 libssl.so.3->EVP_DigestVerify(0x6195c2250980, 0x6195c222d798, 3309, 0x7fff748cdfa0) = 1 <0.000294>
[pid 295] 14:58:08.610171 libssl.so.3->X509_verify_cert(0x6195c2220ea0, 1, 1, 0) = 1 <0.000301>
[pid 295] 14:58:08.610993 libssl.so.3->EVP_DigestSignInit_ex(0x6195c214d810, 0x7fff748cdf80, 0, 0) = 1 <0.000188>
[pid 295] 14:58:08.611225 libssl.so.3->EVP_DigestSign(0x6195c214d810, 0, 0x7fff748cdf90, 0x7fff748cdfa0) = 1 <0.000156>
[pid 295] 14:58:08.611439 libssl.so.3->EVP_DigestSign(0x6195c214d810, 0x6195c2220fc0, 0x7fff748cdf90, 0x7fff748cdfa0) = 1 <0.000356>
[pid 295] 14:58:08.612067 <... SSL_connect resumed> ) = 1 <0.067790>
[pid 295] 14:58:08.612378 oqsprovider.so->OQS_KEM_free(0x6195c2228b70, 0x6195c2228b20, 2, 0x6195c2228b40) = 4 <0.000186>
Handshake duration: 68.06 ms
[pid 295] 14:58:08.615670 +++ exited (status 0) +++
Execution 49 - TLS Mutual
s_connection: verify depth is 1
[pid 297] 14:58:08.671215 openssl->SSL_connect(0x5781634850e0, 0x578163457e50, 0x578163457e50, 0x73da45667360 <unfinished ...>
[pid 297] 14:58:08.671661 libssl.so.3->EVP_PKEY_keygen_init(0x5781634877d0, 0, 176, 0x5781634877d0) = 1 <0.000145>
[pid 297] 14:58:08.671860 libssl.so.3->EVP_PKEY_keygen(0x5781634877d0, 0x7fff91d62f30, 0, 103 <unfinished ...>
[pid 297] 14:58:08.671998 oqsprovider.so->OQS_KEM_new(0x57816347cc70, 8, 0, 0x578163484b50) = 0x578163484b70 <0.000115>
[pid 297] 14:58:08.672172 oqsprovider.so->OQS_KEM_keypair(0x578163484b70, 0x57816348fd00, 0x578163490ec0, 0x578163484b50) = 0 <0.008856>
[pid 297] 14:58:08.681163 <... EVP_PKEY_keygen resumed> ) = 1 <0.009296>
[pid 297] 14:58:08.703839 libssl.so.3->EVP_PKEY_decapsulate_init(0x5781634877d0, 0, 176, 0x5781634877d0) = 1 <0.000484>
[pid 297] 14:58:08.704382 libssl.so.3->EVP_PKEY_decapsulate(0x5781634877d0, 0, 0x7fff91d62ef0, 0x5781634897ea) = 1 <0.000141>
[pid 297] 14:58:08.704574 libssl.so.3->EVP_PKEY_decapsulate(0x5781634877d0, 0x57816347fec0, 0x7fff91d62ef0, 0x5781634897ea <unfinished ...>
[pid 297] 14:58:08.704691 oqsprovider.so->OQS_KEM_decaps(0x578163484b70, 0x57816347fec0, 0x5781634897ea, 0x578163490ec0) = 0 <0.022661>
[pid 297] 14:58:08.727585 <... EVP_PKEY_decapsulate resumed> ) = 1 <0.022973>
[pid 297] 14:58:08.728667 libssl.so.3->X509_verify_cert(0x57816347cea0, 0, 0x8000, 0xffffffff) = 1 <0.000663>
[pid 297] 14:58:08.729619 libssl.so.3->EVP_DigestVerifyInit_ex(0x5781634ac980, 0x7fff91d62f98, 0, 0) = 1 <0.000236>
[pid 297] 14:58:08.729928 libssl.so.3->EVP_DigestVerify(0x5781634ac980, 0x578163489798, 3309, 0x7fff91d62fa0) = 1 <0.000330>
[pid 297] 14:58:08.730607 libssl.so.3->X509_verify_cert(0x57816347cea0, 1, 1, 0) = 1 <0.000299>
[pid 297] 14:58:08.731348 libssl.so.3->EVP_DigestSignInit_ex(0x5781633a9810, 0x7fff91d62f80, 0, 0) = 1 <0.000136>
[pid 297] 14:58:08.731528 libssl.so.3->EVP_DigestSign(0x5781633a9810, 0, 0x7fff91d62f90, 0x7fff91d62fa0) = 1 <0.000112>
[pid 297] 14:58:08.731712 libssl.so.3->EVP_DigestSign(0x5781633a9810, 0x57816347cfc0, 0x7fff91d62f90, 0x7fff91d62fa0) = 1 <0.000368>
[pid 297] 14:58:08.732440 <... SSL_connect resumed> ) = 1 <0.061236>
[pid 297] 14:58:08.732724 oqsprovider.so->OQS_KEM_free(0x578163484b70, 0x578163484b20, 2, 0x578163484b40) = 4 <0.000129>
Handshake duration: 61.48 ms
[pid 297] 14:58:08.736637 +++ exited (status 0) +++
Execution 50 - TLS Mutual
s_connection: verify depth is 1
[pid 299] 14:58:08.796139 openssl->SSL_connect(0x5979d4e830e0, 0x5979d4e55e50, 0x5979d4e55e50, 0x7910fa16a360 <unfinished ...>
[pid 299] 14:58:08.796602 libssl.so.3->EVP_PKEY_keygen_init(0x5979d4e857d0, 0, 176, 0x5979d4e857d0) = 1 <0.000149>
[pid 299] 14:58:08.796805 libssl.so.3->EVP_PKEY_keygen(0x5979d4e857d0, 0x7ffdb9220da0, 0, 103 <unfinished ...>
[pid 299] 14:58:08.797011 oqsprovider.so->OQS_KEM_new(0x5979d4e7ac70, 8, 0, 0x5979d4e82b50) = 0x5979d4e82b70 <0.000190>
[pid 299] 14:58:08.797296 oqsprovider.so->OQS_KEM_keypair(0x5979d4e82b70, 0x5979d4e8dd00, 0x5979d4e8eec0, 0x5979d4e82b50) = 0 <0.007884>
[pid 299] 14:58:08.805275 <... EVP_PKEY_keygen resumed> ) = 1 <0.008463>
[pid 299] 14:58:08.828175 libssl.so.3->EVP_PKEY_decapsulate_init(0x5979d4e857d0, 0, 176, 0x5979d4e857d0) = 1 <0.000447>
[pid 299] 14:58:08.828698 libssl.so.3->EVP_PKEY_decapsulate(0x5979d4e857d0, 0, 0x7ffdb9220d60, 0x5979d4e877ea) = 1 <0.000193>
[pid 299] 14:58:08.828952 libssl.so.3->EVP_PKEY_decapsulate(0x5979d4e857d0, 0x5979d4e7dec0, 0x7ffdb9220d60, 0x5979d4e877ea <unfinished ...>
[pid 299] 14:58:08.829408 oqsprovider.so->OQS_KEM_decaps(0x5979d4e82b70, 0x5979d4e7dec0, 0x5979d4e877ea, 0x5979d4e8eec0) = 0 <0.023194>
[pid 299] 14:58:08.852770 <... EVP_PKEY_decapsulate resumed> ) = 1 <0.023808>
[pid 299] 14:58:08.853731 libssl.so.3->X509_verify_cert(0x5979d4e7aea0, 0, 0x8000, 0xffffffff) = 1 <0.000519>
[pid 299] 14:58:08.854484 libssl.so.3->EVP_DigestVerifyInit_ex(0x5979d4eaa980, 0x7ffdb9220e08, 0, 0) = 1 <0.000142>
[pid 299] 14:58:08.854674 libssl.so.3->EVP_DigestVerify(0x5979d4eaa980, 0x5979d4e87798, 3309, 0x7ffdb9220e10) = 1 <0.000220>
[pid 299] 14:58:08.855129 libssl.so.3->X509_verify_cert(0x5979d4e7aea0, 1, 1, 0) = 1 <0.000241>
[pid 299] 14:58:08.855761 libssl.so.3->EVP_DigestSignInit_ex(0x5979d4da7810, 0x7ffdb9220df0, 0, 0) = 1 <0.000133>
[pid 299] 14:58:08.855941 libssl.so.3->EVP_DigestSign(0x5979d4da7810, 0, 0x7ffdb9220e00, 0x7ffdb9220e10) = 1 <0.000105>
[pid 299] 14:58:08.856113 libssl.so.3->EVP_DigestSign(0x5979d4da7810, 0x5979d4e7afc0, 0x7ffdb9220e00, 0x7ffdb9220e10) = 1 <0.000490>
[pid 299] 14:58:08.856927 <... SSL_connect resumed> ) = 1 <0.060808>
[pid 299] 14:58:08.857172 oqsprovider.so->OQS_KEM_free(0x5979d4e82b70, 0x5979d4e82b20, 2, 0x5979d4e82b40) = 4 <0.000131>
Handshake duration: 60.99 ms
[pid 299] 14:58:08.859538 +++ exited (status 0) +++
Execution 51 - TLS Mutual
s_connection: verify depth is 1
[pid 301] 14:58:08.916427 openssl->SSL_connect(0x5f6cccde60e0, 0x5f6cccdb8e50, 0x5f6cccdb8e50, 0x74caf705a360 <unfinished ...>
[pid 301] 14:58:08.916842 libssl.so.3->EVP_PKEY_keygen_init(0x5f6cccde87d0, 0, 176, 0x5f6cccde87d0) = 1 <0.000152>
[pid 301] 14:58:08.917048 libssl.so.3->EVP_PKEY_keygen(0x5f6cccde87d0, 0x7ffe16e7ae60, 0, 103 <unfinished ...>
[pid 301] 14:58:08.917212 oqsprovider.so->OQS_KEM_new(0x5f6cccdddc70, 8, 0, 0x5f6cccde5b50) = 0x5f6cccde5b70 <0.000175>
[pid 301] 14:58:08.917462 oqsprovider.so->OQS_KEM_keypair(0x5f6cccde5b70, 0x5f6cccdf0d00, 0x5f6cccdf1ec0, 0x5f6cccde5b50) = 0 <0.007152>
[pid 301] 14:58:08.924690 <... EVP_PKEY_keygen resumed> ) = 1 <0.007637>
[pid 301] 14:58:08.947459 libssl.so.3->EVP_PKEY_decapsulate_init(0x5f6cccde87d0, 0, 176, 0x5f6cccde87d0) = 1 <0.000392>
[pid 301] 14:58:08.947921 libssl.so.3->EVP_PKEY_decapsulate(0x5f6cccde87d0, 0, 0x7ffe16e7ae20, 0x5f6cccdea7ea) = 1 <0.000168>
[pid 301] 14:58:08.948151 libssl.so.3->EVP_PKEY_decapsulate(0x5f6cccde87d0, 0x5f6cccde0ec0, 0x7ffe16e7ae20, 0x5f6cccdea7ea <unfinished ...>
[pid 301] 14:58:08.948333 oqsprovider.so->OQS_KEM_decaps(0x5f6cccde5b70, 0x5f6cccde0ec0, 0x5f6cccdea7ea, 0x5f6cccdf1ec0) = 0 <0.021955>
[pid 301] 14:58:08.970431 <... EVP_PKEY_decapsulate resumed> ) = 1 <0.022266>
[pid 301] 14:58:08.971338 libssl.so.3->X509_verify_cert(0x5f6cccdddea0, 0, 0x8000, 0xffffffff) = 1 <0.000516>
[pid 301] 14:58:08.972083 libssl.so.3->EVP_DigestVerifyInit_ex(0x5f6ccce0d980, 0x7ffe16e7aec8, 0, 0) = 1 <0.000185>
[pid 301] 14:58:08.972317 libssl.so.3->EVP_DigestVerify(0x5f6ccce0d980, 0x5f6cccdea798, 3309, 0x7ffe16e7aed0) = 1 <0.000210>
[pid 301] 14:58:08.972744 libssl.so.3->X509_verify_cert(0x5f6cccdddea0, 1, 1, 0) = 1 <0.000194>
[pid 301] 14:58:08.973358 libssl.so.3->EVP_DigestSignInit_ex(0x5f6cccd0a810, 0x7ffe16e7aeb0, 0, 0) = 1 <0.000138>
[pid 301] 14:58:08.973549 libssl.so.3->EVP_DigestSign(0x5f6cccd0a810, 0, 0x7ffe16e7aec0, 0x7ffe16e7aed0) = 1 <0.000106>
[pid 301] 14:58:08.973700 libssl.so.3->EVP_DigestSign(0x5f6cccd0a810, 0x5f6cccdddfc0, 0x7ffe16e7aec0, 0x7ffe16e7aed0) = 1 <0.000261>
[pid 301] 14:58:08.974213 <... SSL_connect resumed> ) = 1 <0.057796>
[pid 301] 14:58:08.974436 oqsprovider.so->OQS_KEM_free(0x5f6cccde5b70, 0x5f6cccde5b20, 2, 0x5f6cccde5b40) = 4 <0.000114>
Handshake duration: 57.99 ms
[pid 301] 14:58:08.976611 +++ exited (status 0) +++
Execution 52 - TLS Mutual
s_connection: verify depth is 1
[pid 303] 14:58:09.036041 openssl->SSL_connect(0x55787a5060e0, 0x55787a4d8e50, 0x55787a4d8e50, 0x7f1735cae360 <unfinished ...>
[pid 303] 14:58:09.036491 libssl.so.3->EVP_PKEY_keygen_init(0x55787a5087d0, 0, 176, 0x55787a5087d0) = 1 <0.000161>
[pid 303] 14:58:09.036703 libssl.so.3->EVP_PKEY_keygen(0x55787a5087d0, 0x7ffda83a0e40, 0, 103 <unfinished ...>
[pid 303] 14:58:09.036839 oqsprovider.so->OQS_KEM_new(0x55787a4fdc70, 8, 0, 0x55787a505b50) = 0x55787a505b70 <0.000127>
[pid 303] 14:58:09.037029 oqsprovider.so->OQS_KEM_keypair(0x55787a505b70, 0x55787a510d00, 0x55787a511ec0, 0x55787a505b50) = 0 <0.007394>
[pid 303] 14:58:09.044569 <... EVP_PKEY_keygen resumed> ) = 1 <0.007851>
[pid 303] 14:58:09.067680 libssl.so.3->EVP_PKEY_decapsulate_init(0x55787a5087d0, 0, 176, 0x55787a5087d0) = 1 <0.000462>
[pid 303] 14:58:09.068224 libssl.so.3->EVP_PKEY_decapsulate(0x55787a5087d0, 0, 0x7ffda83a0e00, 0x55787a50a7ea) = 1 <0.000193>
[pid 303] 14:58:09.068469 libssl.so.3->EVP_PKEY_decapsulate(0x55787a5087d0, 0x55787a500ec0, 0x7ffda83a0e00, 0x55787a50a7ea <unfinished ...>
[pid 303] 14:58:09.068621 oqsprovider.so->OQS_KEM_decaps(0x55787a505b70, 0x55787a500ec0, 0x55787a50a7ea, 0x55787a511ec0) = 0 <0.021954>
[pid 303] 14:58:09.090734 <... EVP_PKEY_decapsulate resumed> ) = 1 <0.022253>
[pid 303] 14:58:09.091661 libssl.so.3->X509_verify_cert(0x55787a4fdea0, 0, 0x8000, 0xffffffff) = 1 <0.000686>
[pid 303] 14:58:09.092602 libssl.so.3->EVP_DigestVerifyInit_ex(0x55787a52d980, 0x7ffda83a0ea8, 0, 0) = 1 <0.000172>
[pid 303] 14:58:09.092836 libssl.so.3->EVP_DigestVerify(0x55787a52d980, 0x55787a50a798, 3309, 0x7ffda83a0eb0) = 1 <0.000216>
[pid 303] 14:58:09.093313 libssl.so.3->X509_verify_cert(0x55787a4fdea0, 1, 1, 0) = 1 <0.000281>
[pid 303] 14:58:09.094024 libssl.so.3->EVP_DigestSignInit_ex(0x55787a42a810, 0x7ffda83a0e90, 0, 0) = 1 <0.000193>
[pid 303] 14:58:09.094292 libssl.so.3->EVP_DigestSign(0x55787a42a810, 0, 0x7ffda83a0ea0, 0x7ffda83a0eb0) = 1 <0.000131>
[pid 303] 14:58:09.094471 libssl.so.3->EVP_DigestSign(0x55787a42a810, 0x55787a4fdfc0, 0x7ffda83a0ea0, 0x7ffda83a0eb0) = 1 <0.000387>
[pid 303] 14:58:09.095193 <... SSL_connect resumed> ) = 1 <0.059150>
[pid 303] 14:58:09.095495 oqsprovider.so->OQS_KEM_free(0x55787a505b70, 0x55787a505b20, 2, 0x55787a505b40) = 4 <0.000190>
Handshake duration: 59.35 ms
[pid 303] 14:58:09.097970 +++ exited (status 0) +++
Execution 53 - TLS Mutual
s_connection: verify depth is 1
[pid 305] 14:58:09.160142 openssl->SSL_connect(0x5e626383f0e0, 0x5e6263811e50, 0x5e6263811e50, 0x7e0239300360 <unfinished ...>
[pid 305] 14:58:09.160761 libssl.so.3->EVP_PKEY_keygen_init(0x5e62638417d0, 0, 176, 0x5e62638417d0) = 1 <0.000290>
[pid 305] 14:58:09.161200 libssl.so.3->EVP_PKEY_keygen(0x5e62638417d0, 0x7ffd77cb55c0, 0, 103 <unfinished ...>
[pid 305] 14:58:09.161536 oqsprovider.so->OQS_KEM_new(0x5e6263836c70, 8, 0, 0x5e626383eb50) = 0x5e626383eb70 <0.000257>
[pid 305] 14:58:09.161889 oqsprovider.so->OQS_KEM_keypair(0x5e626383eb70, 0x5e6263849d00, 0x5e626384aec0, 0x5e626383eb50) = 0 <0.008066>
[pid 305] 14:58:09.170272 <... EVP_PKEY_keygen resumed> ) = 1 <0.008992>
[pid 305] 14:58:09.195708 libssl.so.3->EVP_PKEY_decapsulate_init(0x5e62638417d0, 0, 176, 0x5e62638417d0) = 1 <0.000648>
[pid 305] 14:58:09.196498 libssl.so.3->EVP_PKEY_decapsulate(0x5e62638417d0, 0, 0x7ffd77cb5580, 0x5e62638437ea) = 1 <0.000248>
[pid 305] 14:58:09.196849 libssl.so.3->EVP_PKEY_decapsulate(0x5e62638417d0, 0x5e6263839ec0, 0x7ffd77cb5580, 0x5e62638437ea <unfinished ...>
[pid 305] 14:58:09.197059 oqsprovider.so->OQS_KEM_decaps(0x5e626383eb70, 0x5e6263839ec0, 0x5e62638437ea, 0x5e626384aec0) = 0 <0.023253>
[pid 305] 14:58:09.220487 <... EVP_PKEY_decapsulate resumed> ) = 1 <0.023623>
[pid 305] 14:58:09.221546 libssl.so.3->X509_verify_cert(0x5e6263836ea0, 0, 0x8000, 0xffffffff) = 1 <0.000599>
[pid 305] 14:58:09.222441 libssl.so.3->EVP_DigestVerifyInit_ex(0x5e6263866980, 0x7ffd77cb5628, 0, 0) = 1 <0.000190>
[pid 305] 14:58:09.222688 libssl.so.3->EVP_DigestVerify(0x5e6263866980, 0x5e6263843798, 3309, 0x7ffd77cb5630) = 1 <0.000279>
[pid 305] 14:58:09.223257 libssl.so.3->X509_verify_cert(0x5e6263836ea0, 1, 1, 0) = 1 <0.000236>
[pid 305] 14:58:09.223891 libssl.so.3->EVP_DigestSignInit_ex(0x5e6263763810, 0x7ffd77cb5610, 0, 0) = 1 <0.000139>
[pid 305] 14:58:09.224089 libssl.so.3->EVP_DigestSign(0x5e6263763810, 0, 0x7ffd77cb5620, 0x7ffd77cb5630) = 1 <0.000153>
[pid 305] 14:58:09.224297 libssl.so.3->EVP_DigestSign(0x5e6263763810, 0x5e6263836fc0, 0x7ffd77cb5620, 0x7ffd77cb5630) = 1 <0.000396>
[pid 305] 14:58:09.224982 <... SSL_connect resumed> ) = 1 <0.064871>
[pid 305] 14:58:09.225207 oqsprovider.so->OQS_KEM_free(0x5e626383eb70, 0x5e626383eb20, 2, 0x5e626383eb40) = 4 <0.000128>
Handshake duration: 65.08 ms
[pid 305] 14:58:09.227522 +++ exited (status 0) +++
Execution 54 - TLS Mutual
s_connection: verify depth is 1
[pid 307] 14:58:09.283124 openssl->SSL_connect(0x5ccdd74cc0e0, 0x5ccdd749ee50, 0x5ccdd749ee50, 0x7fccb6f71360 <unfinished ...>
[pid 307] 14:58:09.283605 libssl.so.3->EVP_PKEY_keygen_init(0x5ccdd74ce7d0, 0, 176, 0x5ccdd74ce7d0) = 1 <0.000215>
[pid 307] 14:58:09.283878 libssl.so.3->EVP_PKEY_keygen(0x5ccdd74ce7d0, 0x7ffc06bf5890, 0, 103 <unfinished ...>
[pid 307] 14:58:09.284059 oqsprovider.so->OQS_KEM_new(0x5ccdd74c3c70, 8, 0, 0x5ccdd74cbb50) = 0x5ccdd74cbb70 <0.000151>
[pid 307] 14:58:09.284278 oqsprovider.so->OQS_KEM_keypair(0x5ccdd74cbb70, 0x5ccdd74d6d00, 0x5ccdd74d7ec0, 0x5ccdd74cbb50) = 0 <0.007375>
[pid 307] 14:58:09.291776 <... EVP_PKEY_keygen resumed> ) = 1 <0.007891>
[pid 307] 14:58:09.314101 libssl.so.3->EVP_PKEY_decapsulate_init(0x5ccdd74ce7d0, 0, 176, 0x5ccdd74ce7d0) = 1 <0.000440>
[pid 307] 14:58:09.314588 libssl.so.3->EVP_PKEY_decapsulate(0x5ccdd74ce7d0, 0, 0x7ffc06bf5850, 0x5ccdd74d07ea) = 1 <0.000125>
[pid 307] 14:58:09.314754 libssl.so.3->EVP_PKEY_decapsulate(0x5ccdd74ce7d0, 0x5ccdd74c6ec0, 0x7ffc06bf5850, 0x5ccdd74d07ea <unfinished ...>
[pid 307] 14:58:09.314878 oqsprovider.so->OQS_KEM_decaps(0x5ccdd74cbb70, 0x5ccdd74c6ec0, 0x5ccdd74d07ea, 0x5ccdd74d7ec0) = 0 <0.022400>
[pid 307] 14:58:09.337426 <... EVP_PKEY_decapsulate resumed> ) = 1 <0.022663>
[pid 307] 14:58:09.338394 libssl.so.3->X509_verify_cert(0x5ccdd74c3ea0, 0, 0x8000, 0xffffffff) = 1 <0.000525>
[pid 307] 14:58:09.339143 libssl.so.3->EVP_DigestVerifyInit_ex(0x5ccdd74f3980, 0x7ffc06bf58f8, 0, 0) = 1 <0.000134>
[pid 307] 14:58:09.339319 libssl.so.3->EVP_DigestVerify(0x5ccdd74f3980, 0x5ccdd74d0798, 3309, 0x7ffc06bf5900) = 1 <0.000195>
[pid 307] 14:58:09.339732 libssl.so.3->X509_verify_cert(0x5ccdd74c3ea0, 1, 1, 0) = 1 <0.000226>
[pid 307] 14:58:09.340340 libssl.so.3->EVP_DigestSignInit_ex(0x5ccdd73f0810, 0x7ffc06bf58e0, 0, 0) = 1 <0.000135>
[pid 307] 14:58:09.340518 libssl.so.3->EVP_DigestSign(0x5ccdd73f0810, 0, 0x7ffc06bf58f0, 0x7ffc06bf5900) = 1 <0.000127>
[pid 307] 14:58:09.340744 libssl.so.3->EVP_DigestSign(0x5ccdd73f0810, 0x5ccdd74c3fc0, 0x7ffc06bf58f0, 0x7ffc06bf5900) = 1 <0.000435>
[pid 307] 14:58:09.341763 <... SSL_connect resumed> ) = 1 <0.058590>
[pid 307] 14:58:09.342115 oqsprovider.so->OQS_KEM_free(0x5ccdd74cbb70, 0x5ccdd74cbb20, 2, 0x5ccdd74cbb40) = 4 <0.000207>
Handshake duration: 58.86 ms
[pid 307] 14:58:09.344787 +++ exited (status 0) +++
Execution 55 - TLS Mutual
s_connection: verify depth is 1
[pid 309] 14:58:09.402043 openssl->SSL_connect(0x5614bab950e0, 0x5614bab67e50, 0x5614bab67e50, 0x77a4ac606360 <unfinished ...>
[pid 309] 14:58:09.402482 libssl.so.3->EVP_PKEY_keygen_init(0x5614bab977d0, 0, 176, 0x5614bab977d0) = 1 <0.000145>
[pid 309] 14:58:09.402682 libssl.so.3->EVP_PKEY_keygen(0x5614bab977d0, 0x7ffc95e58600, 0, 103 <unfinished ...>
[pid 309] 14:58:09.402846 oqsprovider.so->OQS_KEM_new(0x5614bab8cc70, 8, 0, 0x5614bab94b50) = 0x5614bab94b70 <0.000341>
[pid 309] 14:58:09.403290 oqsprovider.so->OQS_KEM_keypair(0x5614bab94b70, 0x5614bab9fd00, 0x5614baba0ec0, 0x5614bab94b50) = 0 <0.007881>
[pid 309] 14:58:09.411303 <... EVP_PKEY_keygen resumed> ) = 1 <0.008611>
[pid 309] 14:58:09.433257 libssl.so.3->EVP_PKEY_decapsulate_init(0x5614bab977d0, 0, 176, 0x5614bab977d0) = 1 <0.000437>
[pid 309] 14:58:09.433747 libssl.so.3->EVP_PKEY_decapsulate(0x5614bab977d0, 0, 0x7ffc95e585c0, 0x5614bab997ea) = 1 <0.000164>
[pid 309] 14:58:09.433967 libssl.so.3->EVP_PKEY_decapsulate(0x5614bab977d0, 0x5614bab8fec0, 0x7ffc95e585c0, 0x5614bab997ea <unfinished ...>
[pid 309] 14:58:09.434106 oqsprovider.so->OQS_KEM_decaps(0x5614bab94b70, 0x5614bab8fec0, 0x5614bab997ea, 0x5614baba0ec0) = 0 <0.023330>
[pid 309] 14:58:09.457559 <... EVP_PKEY_decapsulate resumed> ) = 1 <0.023585>
[pid 309] 14:58:09.458537 libssl.so.3->X509_verify_cert(0x5614bab8cea0, 0, 0x8000, 0xffffffff) = 1 <0.000565>
[pid 309] 14:58:09.459377 libssl.so.3->EVP_DigestVerifyInit_ex(0x5614babbc980, 0x7ffc95e58668, 0, 0) = 1 <0.000181>
[pid 309] 14:58:09.459602 libssl.so.3->EVP_DigestVerify(0x5614babbc980, 0x5614bab99798, 3309, 0x7ffc95e58670) = 1 <0.000241>
[pid 309] 14:58:09.460074 libssl.so.3->X509_verify_cert(0x5614bab8cea0, 1, 1, 0) = 1 <0.000290>
[pid 309] 14:58:09.460787 libssl.so.3->EVP_DigestSignInit_ex(0x5614baab9810, 0x7ffc95e58650, 0, 0) = 1 <0.000172>
[pid 309] 14:58:09.461017 libssl.so.3->EVP_DigestSign(0x5614baab9810, 0, 0x7ffc95e58660, 0x7ffc95e58670) = 1 <0.000131>
[pid 309] 14:58:09.461196 libssl.so.3->EVP_DigestSign(0x5614baab9810, 0x5614bab8cfc0, 0x7ffc95e58660, 0x7ffc95e58670) = 1 <0.000432>
[pid 309] 14:58:09.461916 <... SSL_connect resumed> ) = 1 <0.059877>
[pid 309] 14:58:09.462134 oqsprovider.so->OQS_KEM_free(0x5614bab94b70, 0x5614bab94b20, 2, 0x5614bab94b40) = 4 <0.000157>
Handshake duration: 60.07 ms
[pid 309] 14:58:09.464593 +++ exited (status 0) +++
Execution 56 - TLS Mutual
s_connection: verify depth is 1
[pid 311] 14:58:09.519680 openssl->SSL_connect(0x602231ab40e0, 0x602231a86e50, 0x602231a86e50, 0x7d2f59479360 <unfinished ...>
[pid 311] 14:58:09.520195 libssl.so.3->EVP_PKEY_keygen_init(0x602231ab67d0, 0, 176, 0x602231ab67d0) = 1 <0.000196>
[pid 311] 14:58:09.520439 libssl.so.3->EVP_PKEY_keygen(0x602231ab67d0, 0x7ffd9d7b3110, 0, 103 <unfinished ...>
[pid 311] 14:58:09.520560 oqsprovider.so->OQS_KEM_new(0x602231aabc70, 8, 0, 0x602231ab3b50) = 0x602231ab3b70 <0.000183>
[pid 311] 14:58:09.520801 oqsprovider.so->OQS_KEM_keypair(0x602231ab3b70, 0x602231abed00, 0x602231abfec0, 0x602231ab3b50) = 0 <0.007350>
[pid 311] 14:58:09.528277 <... EVP_PKEY_keygen resumed> ) = 1 <0.007828>
[pid 311] 14:58:09.565909 libssl.so.3->EVP_PKEY_decapsulate_init(0x602231ab67d0, 0, 176, 0x602231ab67d0) = 1 <0.000470>
[pid 311] 14:58:09.566415 libssl.so.3->EVP_PKEY_decapsulate(0x602231ab67d0, 0, 0x7ffd9d7b30d0, 0x602231ab87ea) = 1 <0.000127>
[pid 311] 14:58:09.566588 libssl.so.3->EVP_PKEY_decapsulate(0x602231ab67d0, 0x602231aaeec0, 0x7ffd9d7b30d0, 0x602231ab87ea <unfinished ...>
[pid 311] 14:58:09.566713 oqsprovider.so->OQS_KEM_decaps(0x602231ab3b70, 0x602231aaeec0, 0x602231ab87ea, 0x602231abfec0) = 0 <0.021748>
[pid 311] 14:58:09.588622 <... EVP_PKEY_decapsulate resumed> ) = 1 <0.022023>
[pid 311] 14:58:09.589524 libssl.so.3->X509_verify_cert(0x602231aabea0, 0, 0x8000, 0xffffffff) = 1 <0.000499>
[pid 311] 14:58:09.590256 libssl.so.3->EVP_DigestVerifyInit_ex(0x602231adb980, 0x7ffd9d7b3178, 0, 0) = 1 <0.000140>
[pid 311] 14:58:09.590440 libssl.so.3->EVP_DigestVerify(0x602231adb980, 0x602231ab8798, 3309, 0x7ffd9d7b3180) = 1 <0.000177>
[pid 311] 14:58:09.590842 libssl.so.3->X509_verify_cert(0x602231aabea0, 1, 1, 0) = 1 <0.000214>
[pid 311] 14:58:09.591443 libssl.so.3->EVP_DigestSignInit_ex(0x6022319d8810, 0x7ffd9d7b3160, 0, 0) = 1 <0.000149>
[pid 311] 14:58:09.591644 libssl.so.3->EVP_DigestSign(0x6022319d8810, 0, 0x7ffd9d7b3170, 0x7ffd9d7b3180) = 1 <0.000105>
[pid 311] 14:58:09.591792 libssl.so.3->EVP_DigestSign(0x6022319d8810, 0x602231aabfc0, 0x7ffd9d7b3170, 0x7ffd9d7b3180) = 1 <0.000270>
[pid 311] 14:58:09.592324 <... SSL_connect resumed> ) = 1 <0.072655>
[pid 311] 14:58:09.592527 oqsprovider.so->OQS_KEM_free(0x602231ab3b70, 0x602231ab3b20, 2, 0x602231ab3b40) = 4 <0.000114>
Handshake duration: 72.83 ms
[pid 311] 14:58:09.594781 +++ exited (status 0) +++
Execution 57 - TLS Mutual
s_connection: verify depth is 1
[pid 313] 14:58:09.650458 openssl->SSL_connect(0x5e1396c540e0, 0x5e1396c26e50, 0x5e1396c26e50, 0x7089bf0b9360 <unfinished ...>
[pid 313] 14:58:09.650891 libssl.so.3->EVP_PKEY_keygen_init(0x5e1396c567d0, 0, 176, 0x5e1396c567d0) = 1 <0.000203>
[pid 313] 14:58:09.651162 libssl.so.3->EVP_PKEY_keygen(0x5e1396c567d0, 0x7ffda7140810, 0, 103 <unfinished ...>
[pid 313] 14:58:09.651318 oqsprovider.so->OQS_KEM_new(0x5e1396c4bc70, 8, 0, 0x5e1396c53b50) = 0x5e1396c53b70 <0.000137>
[pid 313] 14:58:09.651550 oqsprovider.so->OQS_KEM_keypair(0x5e1396c53b70, 0x5e1396c5ed00, 0x5e1396c5fec0, 0x5e1396c53b50) = 0 <0.007193>
[pid 313] 14:58:09.658871 <... EVP_PKEY_keygen resumed> ) = 1 <0.007709>
[pid 313] 14:58:09.681313 libssl.so.3->EVP_PKEY_decapsulate_init(0x5e1396c567d0, 0, 176, 0x5e1396c567d0) = 1 <0.000389>
[pid 313] 14:58:09.681742 libssl.so.3->EVP_PKEY_decapsulate(0x5e1396c567d0, 0, 0x7ffda71407d0, 0x5e1396c587ea) = 1 <0.000125>
[pid 313] 14:58:09.681913 libssl.so.3->EVP_PKEY_decapsulate(0x5e1396c567d0, 0x5e1396c4eec0, 0x7ffda71407d0, 0x5e1396c587ea <unfinished ...>
[pid 313] 14:58:09.682076 oqsprovider.so->OQS_KEM_decaps(0x5e1396c53b70, 0x5e1396c4eec0, 0x5e1396c587ea, 0x5e1396c5fec0) = 0 <0.021768>
[pid 313] 14:58:09.703961 <... EVP_PKEY_decapsulate resumed> ) = 1 <0.022039>
[pid 313] 14:58:09.704837 libssl.so.3->X509_verify_cert(0x5e1396c4bea0, 0, 0x8000, 0xffffffff) = 1 <0.000501>
[pid 313] 14:58:09.705559 libssl.so.3->EVP_DigestVerifyInit_ex(0x5e1396c7b980, 0x7ffda7140878, 0, 0) = 1 <0.000157>
[pid 313] 14:58:09.705768 libssl.so.3->EVP_DigestVerify(0x5e1396c7b980, 0x5e1396c58798, 3309, 0x7ffda7140880) = 1 <0.000194>
[pid 313] 14:58:09.706250 libssl.so.3->X509_verify_cert(0x5e1396c4bea0, 1, 1, 0) = 1 <0.000247>
[pid 313] 14:58:09.706970 libssl.so.3->EVP_DigestSignInit_ex(0x5e1396b78810, 0x7ffda7140860, 0, 0) = 1 <0.000209>
[pid 313] 14:58:09.707255 libssl.so.3->EVP_DigestSign(0x5e1396b78810, 0, 0x7ffda7140870, 0x7ffda7140880) = 1 <0.000149>
[pid 313] 14:58:09.707445 libssl.so.3->EVP_DigestSign(0x5e1396b78810, 0x5e1396c4bfc0, 0x7ffda7140870, 0x7ffda7140880) = 1 <0.000271>
[pid 313] 14:58:09.707970 <... SSL_connect resumed> ) = 1 <0.057526>
[pid 313] 14:58:09.708182 oqsprovider.so->OQS_KEM_free(0x5e1396c53b70, 0x5e1396c53b20, 2, 0x5e1396c53b40) = 4 <0.000145>
Handshake duration: 57.72 ms
[pid 313] 14:58:09.710545 +++ exited (status 0) +++
Execution 58 - TLS Mutual
s_connection: verify depth is 1
[pid 315] 14:58:09.765972 openssl->SSL_connect(0x63bd5c1a20e0, 0x63bd5c174e50, 0x63bd5c174e50, 0x792aaa598360 <unfinished ...>
[pid 315] 14:58:09.766400 libssl.so.3->EVP_PKEY_keygen_init(0x63bd5c1a47d0, 0, 176, 0x63bd5c1a47d0) = 1 <0.000144>
[pid 315] 14:58:09.766591 libssl.so.3->EVP_PKEY_keygen(0x63bd5c1a47d0, 0x7fff19bde410, 0, 103 <unfinished ...>
[pid 315] 14:58:09.766718 oqsprovider.so->OQS_KEM_new(0x63bd5c199c70, 8, 0, 0x63bd5c1a1b50) = 0x63bd5c1a1b70 <0.000119>
[pid 315] 14:58:09.766890 oqsprovider.so->OQS_KEM_keypair(0x63bd5c1a1b70, 0x63bd5c1acd00, 0x63bd5c1adec0, 0x63bd5c1a1b50) = 0 <0.007211>
[pid 315] 14:58:09.774189 <... EVP_PKEY_keygen resumed> ) = 1 <0.007588>
[pid 315] 14:58:09.797613 libssl.so.3->EVP_PKEY_decapsulate_init(0x63bd5c1a47d0, 0, 176, 0x63bd5c1a47d0) = 1 <0.000349>
[pid 315] 14:58:09.798043 libssl.so.3->EVP_PKEY_decapsulate(0x63bd5c1a47d0, 0, 0x7fff19bde3d0, 0x63bd5c1a67ea) = 1 <0.000156>
[pid 315] 14:58:09.798266 libssl.so.3->EVP_PKEY_decapsulate(0x63bd5c1a47d0, 0x63bd5c19cec0, 0x7fff19bde3d0, 0x63bd5c1a67ea <unfinished ...>
[pid 315] 14:58:09.798419 oqsprovider.so->OQS_KEM_decaps(0x63bd5c1a1b70, 0x63bd5c19cec0, 0x63bd5c1a67ea, 0x63bd5c1adec0) = 0 <0.021328>
[pid 315] 14:58:09.819875 <... EVP_PKEY_decapsulate resumed> ) = 1 <0.021601>
[pid 315] 14:58:09.820730 libssl.so.3->X509_verify_cert(0x63bd5c199ea0, 0, 0x8000, 0xffffffff) = 1 <0.000626>
[pid 315] 14:58:09.821611 libssl.so.3->EVP_DigestVerifyInit_ex(0x63bd5c1c9980, 0x7fff19bde478, 0, 0) = 1 <0.000188>
[pid 315] 14:58:09.821840 libssl.so.3->EVP_DigestVerify(0x63bd5c1c9980, 0x63bd5c1a6798, 3309, 0x7fff19bde480) = 1 <0.000199>
[pid 315] 14:58:09.822288 libssl.so.3->X509_verify_cert(0x63bd5c199ea0, 1, 1, 0) = 1 <0.000244>
[pid 315] 14:58:09.822933 libssl.so.3->EVP_DigestSignInit_ex(0x63bd5c0c6810, 0x7fff19bde460, 0, 0) = 1 <0.000145>
[pid 315] 14:58:09.823131 libssl.so.3->EVP_DigestSign(0x63bd5c0c6810, 0, 0x7fff19bde470, 0x7fff19bde480) = 1 <0.000125>
[pid 315] 14:58:09.823298 libssl.so.3->EVP_DigestSign(0x63bd5c0c6810, 0x63bd5c199fc0, 0x7fff19bde470, 0x7fff19bde480) = 1 <0.000342>
[pid 315] 14:58:09.823893 <... SSL_connect resumed> ) = 1 <0.057930>
[pid 315] 14:58:09.824129 oqsprovider.so->OQS_KEM_free(0x63bd5c1a1b70, 0x63bd5c1a1b20, 2, 0x63bd5c1a1b40) = 4 <0.000157>
Handshake duration: 58.13 ms
[pid 315] 14:58:09.826374 +++ exited (status 0) +++
Execution 59 - TLS Mutual
s_connection: verify depth is 1
[pid 317] 14:58:09.885403 openssl->SSL_connect(0x5d1c5c88a0e0, 0x5d1c5c85ce50, 0x5d1c5c85ce50, 0x7a75b20c2360 <unfinished ...>
[pid 317] 14:58:09.885890 libssl.so.3->EVP_PKEY_keygen_init(0x5d1c5c88c7d0, 0, 176, 0x5d1c5c88c7d0) = 1 <0.000205>
[pid 317] 14:58:09.886180 libssl.so.3->EVP_PKEY_keygen(0x5d1c5c88c7d0, 0x7ffce92af350, 0, 103 <unfinished ...>
[pid 317] 14:58:09.886372 oqsprovider.so->OQS_KEM_new(0x5d1c5c881c70, 8, 0, 0x5d1c5c889b50) = 0x5d1c5c889b70 <0.000136>
[pid 317] 14:58:09.886571 oqsprovider.so->OQS_KEM_keypair(0x5d1c5c889b70, 0x5d1c5c894d00, 0x5d1c5c895ec0, 0x5d1c5c889b50) = 0 <0.007349>
[pid 317] 14:58:09.894014 <... EVP_PKEY_keygen resumed> ) = 1 <0.007836>
[pid 317] 14:58:09.916501 libssl.so.3->EVP_PKEY_decapsulate_init(0x5d1c5c88c7d0, 0, 176, 0x5d1c5c88c7d0) = 1 <0.000419>
[pid 317] 14:58:09.916969 libssl.so.3->EVP_PKEY_decapsulate(0x5d1c5c88c7d0, 0, 0x7ffce92af310, 0x5d1c5c88e7ea) = 1 <0.000130>
[pid 317] 14:58:09.917143 libssl.so.3->EVP_PKEY_decapsulate(0x5d1c5c88c7d0, 0x5d1c5c884ec0, 0x7ffce92af310, 0x5d1c5c88e7ea <unfinished ...>
[pid 317] 14:58:09.917290 oqsprovider.so->OQS_KEM_decaps(0x5d1c5c889b70, 0x5d1c5c884ec0, 0x5d1c5c88e7ea, 0x5d1c5c895ec0) = 0 <0.025254>
[pid 317] 14:58:09.942640 <... EVP_PKEY_decapsulate resumed> ) = 1 <0.025490>
[pid 317] 14:58:09.943556 libssl.so.3->X509_verify_cert(0x5d1c5c881ea0, 0, 0x8000, 0xffffffff) = 1 <0.000520>
[pid 317] 14:58:09.944326 libssl.so.3->EVP_DigestVerifyInit_ex(0x5d1c5c8b1980, 0x7ffce92af3b8, 0, 0) = 1 <0.000141>
[pid 317] 14:58:09.944512 libssl.so.3->EVP_DigestVerify(0x5d1c5c8b1980, 0x5d1c5c88e798, 3309, 0x7ffce92af3c0) = 1 <0.000190>
[pid 317] 14:58:09.944930 libssl.so.3->X509_verify_cert(0x5d1c5c881ea0, 1, 1, 0) = 1 <0.000254>
[pid 317] 14:58:09.945578 libssl.so.3->EVP_DigestSignInit_ex(0x5d1c5c7ae810, 0x7ffce92af3a0, 0, 0) = 1 <0.000141>
[pid 317] 14:58:09.945762 libssl.so.3->EVP_DigestSign(0x5d1c5c7ae810, 0, 0x7ffce92af3b0, 0x7ffce92af3c0) = 1 <0.000126>
[pid 317] 14:58:09.945923 libssl.so.3->EVP_DigestSign(0x5d1c5c7ae810, 0x5d1c5c881fc0, 0x7ffce92af3b0, 0x7ffce92af3c0) = 1 <0.000301>
[pid 317] 14:58:09.946514 <... SSL_connect resumed> ) = 1 <0.061121>
[pid 317] 14:58:09.946726 oqsprovider.so->OQS_KEM_free(0x5d1c5c889b70, 0x5d1c5c889b20, 2, 0x5d1c5c889b40) = 4 <0.000134>
Handshake duration: 61.38 ms
[pid 317] 14:58:09.949145 +++ exited (status 0) +++
Execution 60 - TLS Mutual
s_connection: verify depth is 1
[pid 319] 14:58:10.006254 openssl->SSL_connect(0x627a992c40e0, 0x627a99296e50, 0x627a99296e50, 0x709ce2a38360 <unfinished ...>
[pid 319] 14:58:10.006753 libssl.so.3->EVP_PKEY_keygen_init(0x627a992c67d0, 0, 176, 0x627a992c67d0) = 1 <0.000168>
[pid 319] 14:58:10.006977 libssl.so.3->EVP_PKEY_keygen(0x627a992c67d0, 0x7ffd57cca8d0, 0, 103 <unfinished ...>
[pid 319] 14:58:10.007144 oqsprovider.so->OQS_KEM_new(0x627a992bbc70, 8, 0, 0x627a992c3b50) = 0x627a992c3b70 <0.000172>
[pid 319] 14:58:10.007367 oqsprovider.so->OQS_KEM_keypair(0x627a992c3b70, 0x627a992ced00, 0x627a992cfec0, 0x627a992c3b50) = 0 <0.007287>
[pid 319] 14:58:10.014771 <... EVP_PKEY_keygen resumed> ) = 1 <0.007788>
[pid 319] 14:58:10.047636 libssl.so.3->EVP_PKEY_decapsulate_init(0x627a992c67d0, 0, 176, 0x627a992c67d0) = 1 <0.000718>
[pid 319] 14:58:10.048467 libssl.so.3->EVP_PKEY_decapsulate(0x627a992c67d0, 0, 0x7ffd57cca890, 0x627a992c87ea) = 1 <0.000166>
[pid 319] 14:58:10.048684 libssl.so.3->EVP_PKEY_decapsulate(0x627a992c67d0, 0x627a992beec0, 0x7ffd57cca890, 0x627a992c87ea <unfinished ...>
[pid 319] 14:58:10.048891 oqsprovider.so->OQS_KEM_decaps(0x627a992c3b70, 0x627a992beec0, 0x627a992c87ea, 0x627a992cfec0) = 0 <0.026634>
[pid 319] 14:58:10.075811 <... EVP_PKEY_decapsulate resumed> ) = 1 <0.027082>
[pid 319] 14:58:10.077169 libssl.so.3->X509_verify_cert(0x627a992bbea0, 0, 0x8000, 0xffffffff) = 1 <0.000890>
[pid 319] 14:58:10.078447 libssl.so.3->EVP_DigestVerifyInit_ex(0x627a992eb980, 0x7ffd57cca938, 0, 0) = 1 <0.000266>
[pid 319] 14:58:10.078762 libssl.so.3->EVP_DigestVerify(0x627a992eb980, 0x627a992c8798, 3309, 0x7ffd57cca940) = 1 <0.000238>
[pid 319] 14:58:10.079312 libssl.so.3->X509_verify_cert(0x627a992bbea0, 1, 1, 0) = 1 <0.000266>
[pid 319] 14:58:10.080154 libssl.so.3->EVP_DigestSignInit_ex(0x627a991e8810, 0x7ffd57cca920, 0, 0) = 1 <0.000310>
[pid 319] 14:58:10.080534 libssl.so.3->EVP_DigestSign(0x627a991e8810, 0, 0x7ffd57cca930, 0x7ffd57cca940) = 1 <0.000196>
[pid 319] 14:58:10.080798 libssl.so.3->EVP_DigestSign(0x627a991e8810, 0x627a992bbfc0, 0x7ffd57cca930, 0x7ffd57cca940) = 1 <0.000549>
[pid 319] 14:58:10.081879 <... SSL_connect resumed> ) = 1 <0.075624>
[pid 319] 14:58:10.082191 oqsprovider.so->OQS_KEM_free(0x627a992c3b70, 0x627a992c3b20, 2, 0x627a992c3b40) = 4 <0.000287>
Handshake duration: 75.94 ms
[pid 319] 14:58:10.085909 +++ exited (status 0) +++
Execution 61 - TLS Mutual
s_connection: verify depth is 1
[pid 321] 14:58:10.176487 openssl->SSL_connect(0x5934b41cb0e0, 0x5934b419de50, 0x5934b419de50, 0x7de756bd4360 <unfinished ...>
[pid 321] 14:58:10.176959 libssl.so.3->EVP_PKEY_keygen_init(0x5934b41cd7d0, 0, 176, 0x5934b41cd7d0) = 1 <0.000242>
[pid 321] 14:58:10.177279 libssl.so.3->EVP_PKEY_keygen(0x5934b41cd7d0, 0x7fff580dfce0, 0, 103 <unfinished ...>
[pid 321] 14:58:10.177419 oqsprovider.so->OQS_KEM_new(0x5934b41c2c70, 8, 0, 0x5934b41cab50) = 0x5934b41cab70 <0.000314>
[pid 321] 14:58:10.177807 oqsprovider.so->OQS_KEM_keypair(0x5934b41cab70, 0x5934b41d5d00, 0x5934b41d6ec0, 0x5934b41cab50) = 0 <0.007257>
[pid 321] 14:58:10.185196 <... EVP_PKEY_keygen resumed> ) = 1 <0.007908>
[pid 321] 14:58:10.209137 libssl.so.3->EVP_PKEY_decapsulate_init(0x5934b41cd7d0, 0, 176, 0x5934b41cd7d0) = 1 <0.000508>
[pid 321] 14:58:10.209720 libssl.so.3->EVP_PKEY_decapsulate(0x5934b41cd7d0, 0, 0x7fff580dfca0, 0x5934b41cf7ea) = 1 <0.000142>
[pid 321] 14:58:10.209913 libssl.so.3->EVP_PKEY_decapsulate(0x5934b41cd7d0, 0x5934b41c5ec0, 0x7fff580dfca0, 0x5934b41cf7ea <unfinished ...>
[pid 321] 14:58:10.210045 oqsprovider.so->OQS_KEM_decaps(0x5934b41cab70, 0x5934b41c5ec0, 0x5934b41cf7ea, 0x5934b41d6ec0) = 0 <0.022924>
[pid 321] 14:58:10.233145 <... EVP_PKEY_decapsulate resumed> ) = 1 <0.023218>
[pid 321] 14:58:10.234123 libssl.so.3->X509_verify_cert(0x5934b41c2ea0, 0, 0x8000, 0xffffffff) = 1 <0.000595>
[pid 321] 14:58:10.234998 libssl.so.3->EVP_DigestVerifyInit_ex(0x5934b41f2980, 0x7fff580dfd48, 0, 0) = 1 <0.000183>
[pid 321] 14:58:10.235243 libssl.so.3->EVP_DigestVerify(0x5934b41f2980, 0x5934b41cf798, 3309, 0x7fff580dfd50) = 1 <0.000242>
[pid 321] 14:58:10.235741 libssl.so.3->X509_verify_cert(0x5934b41c2ea0, 1, 1, 0) = 1 <0.000220>
[pid 321] 14:58:10.236371 libssl.so.3->EVP_DigestSignInit_ex(0x5934b40ef810, 0x7fff580dfd30, 0, 0) = 1 <0.000158>
[pid 321] 14:58:10.236586 libssl.so.3->EVP_DigestSign(0x5934b40ef810, 0, 0x7fff580dfd40, 0x7fff580dfd50) = 1 <0.000152>
[pid 321] 14:58:10.236790 libssl.so.3->EVP_DigestSign(0x5934b40ef810, 0x5934b41c2fc0, 0x7fff580dfd40, 0x7fff580dfd50) = 1 <0.000323>
[pid 321] 14:58:10.237406 <... SSL_connect resumed> ) = 1 <0.060930>
[pid 321] 14:58:10.237610 oqsprovider.so->OQS_KEM_free(0x5934b41cab70, 0x5934b41cab20, 2, 0x5934b41cab40) = 4 <0.000122>
Handshake duration: 61.11 ms
[pid 321] 14:58:10.240045 +++ exited (status 0) +++
Execution 62 - TLS Mutual
s_connection: verify depth is 1
[pid 323] 14:58:10.301461 openssl->SSL_connect(0x59fd420b20e0, 0x59fd42084e50, 0x59fd42084e50, 0x774074294360 <unfinished ...>
[pid 323] 14:58:10.301948 libssl.so.3->EVP_PKEY_keygen_init(0x59fd420b47d0, 0, 176, 0x59fd420b47d0) = 1 <0.000196>
[pid 323] 14:58:10.302199 libssl.so.3->EVP_PKEY_keygen(0x59fd420b47d0, 0x7fff7775b2d0, 0, 103 <unfinished ...>
[pid 323] 14:58:10.302362 oqsprovider.so->OQS_KEM_new(0x59fd420a9c70, 8, 0, 0x59fd420b1b50) = 0x59fd420b1b70 <0.000138>
[pid 323] 14:58:10.302577 oqsprovider.so->OQS_KEM_keypair(0x59fd420b1b70, 0x59fd420bcd00, 0x59fd420bdec0, 0x59fd420b1b50) = 0 <0.012625>
[pid 323] 14:58:10.315345 <... EVP_PKEY_keygen resumed> ) = 1 <0.013136>
[pid 323] 14:58:10.339564 libssl.so.3->EVP_PKEY_decapsulate_init(0x59fd420b47d0, 0, 176, 0x59fd420b47d0) = 1 <0.000493>
[pid 323] 14:58:10.340252 libssl.so.3->EVP_PKEY_decapsulate(0x59fd420b47d0, 0, 0x7fff7775b290, 0x59fd420b67ea) = 1 <0.000238>
[pid 323] 14:58:10.340516 libssl.so.3->EVP_PKEY_decapsulate(0x59fd420b47d0, 0x59fd420acec0, 0x7fff7775b290, 0x59fd420b67ea <unfinished ...>
[pid 323] 14:58:10.340650 oqsprovider.so->OQS_KEM_decaps(0x59fd420b1b70, 0x59fd420acec0, 0x59fd420b67ea, 0x59fd420bdec0) = 0 <0.022183>
[pid 323] 14:58:10.363031 <... EVP_PKEY_decapsulate resumed> ) = 1 <0.022485>
[pid 323] 14:58:10.364045 libssl.so.3->X509_verify_cert(0x59fd420a9ea0, 0, 0x8000, 0xffffffff) = 1 <0.000602>
[pid 323] 14:58:10.364878 libssl.so.3->EVP_DigestVerifyInit_ex(0x59fd420d9980, 0x7fff7775b338, 0, 0) = 1 <0.000145>
[pid 323] 14:58:10.365084 libssl.so.3->EVP_DigestVerify(0x59fd420d9980, 0x59fd420b6798, 3309, 0x7fff7775b340) = 1 <0.000229>
[pid 323] 14:58:10.365568 libssl.so.3->X509_verify_cert(0x59fd420a9ea0, 1, 1, 0) = 1 <0.000247>
[pid 323] 14:58:10.366282 libssl.so.3->EVP_DigestSignInit_ex(0x59fd41fd6810, 0x7fff7775b320, 0, 0) = 1 <0.000174>
[pid 323] 14:58:10.366503 libssl.so.3->EVP_DigestSign(0x59fd41fd6810, 0, 0x7fff7775b330, 0x7fff7775b340) = 1 <0.000122>
[pid 323] 14:58:10.366670 libssl.so.3->EVP_DigestSign(0x59fd41fd6810, 0x59fd420a9fc0, 0x7fff7775b330, 0x7fff7775b340) = 1 <0.000336>
[pid 323] 14:58:10.367286 <... SSL_connect resumed> ) = 1 <0.065836>
[pid 323] 14:58:10.367531 oqsprovider.so->OQS_KEM_free(0x59fd420b1b70, 0x59fd420b1b20, 2, 0x59fd420b1b40) = 4 <0.000134>
Handshake duration: 66.03 ms
[pid 323] 14:58:10.370015 +++ exited (status 0) +++
Execution 63 - TLS Mutual
s_connection: verify depth is 1
[pid 325] 14:58:10.426914 openssl->SSL_connect(0x57ad0a79b0e0, 0x57ad0a76de50, 0x57ad0a76de50, 0x7bdca4043360 <unfinished ...>
[pid 325] 14:58:10.427497 libssl.so.3->EVP_PKEY_keygen_init(0x57ad0a79d7d0, 0, 176, 0x57ad0a79d7d0) = 1 <0.000202>
[pid 325] 14:58:10.427751 libssl.so.3->EVP_PKEY_keygen(0x57ad0a79d7d0, 0x7ffde0e75df0, 0, 103 <unfinished ...>
[pid 325] 14:58:10.427891 oqsprovider.so->OQS_KEM_new(0x57ad0a792c70, 8, 0, 0x57ad0a79ab50) = 0x57ad0a79ab70 <0.000114>
[pid 325] 14:58:10.428078 oqsprovider.so->OQS_KEM_keypair(0x57ad0a79ab70, 0x57ad0a7a5d00, 0x57ad0a7a6ec0, 0x57ad0a79ab50) = 0 <0.007655>
[pid 325] 14:58:10.435837 <... EVP_PKEY_keygen resumed> ) = 1 <0.008077>
[pid 325] 14:58:10.458814 libssl.so.3->EVP_PKEY_decapsulate_init(0x57ad0a79d7d0, 0, 176, 0x57ad0a79d7d0) = 1 <0.000394>
[pid 325] 14:58:10.459249 libssl.so.3->EVP_PKEY_decapsulate(0x57ad0a79d7d0, 0, 0x7ffde0e75db0, 0x57ad0a79f7ea) = 1 <0.000125>
[pid 325] 14:58:10.459423 libssl.so.3->EVP_PKEY_decapsulate(0x57ad0a79d7d0, 0x57ad0a795ec0, 0x7ffde0e75db0, 0x57ad0a79f7ea <unfinished ...>
[pid 325] 14:58:10.459547 oqsprovider.so->OQS_KEM_decaps(0x57ad0a79ab70, 0x57ad0a795ec0, 0x57ad0a79f7ea, 0x57ad0a7a6ec0) = 0 <0.021512>
[pid 325] 14:58:10.481184 <... EVP_PKEY_decapsulate resumed> ) = 1 <0.021752>
[pid 325] 14:58:10.482115 libssl.so.3->X509_verify_cert(0x57ad0a792ea0, 0, 0x8000, 0xffffffff) = 1 <0.000593>
[pid 325] 14:58:10.482937 libssl.so.3->EVP_DigestVerifyInit_ex(0x57ad0a7c2980, 0x7ffde0e75e58, 0, 0) = 1 <0.000153>
[pid 325] 14:58:10.483140 libssl.so.3->EVP_DigestVerify(0x57ad0a7c2980, 0x57ad0a79f798, 3309, 0x7ffde0e75e60) = 1 <0.000189>
[pid 325] 14:58:10.483556 libssl.so.3->X509_verify_cert(0x57ad0a792ea0, 1, 1, 0) = 1 <0.000224>
[pid 325] 14:58:10.484164 libssl.so.3->EVP_DigestSignInit_ex(0x57ad0a6bf810, 0x7ffde0e75e40, 0, 0) = 1 <0.000165>
[pid 325] 14:58:10.484385 libssl.so.3->EVP_DigestSign(0x57ad0a6bf810, 0, 0x7ffde0e75e50, 0x7ffde0e75e60) = 1 <0.000141>
[pid 325] 14:58:10.484569 libssl.so.3->EVP_DigestSign(0x57ad0a6bf810, 0x57ad0a792fc0, 0x7ffde0e75e50, 0x7ffde0e75e60) = 1 <0.000292>
[pid 325] 14:58:10.485178 <... SSL_connect resumed> ) = 1 <0.058273>
[pid 325] 14:58:10.485456 oqsprovider.so->OQS_KEM_free(0x57ad0a79ab70, 0x57ad0a79ab20, 2, 0x57ad0a79ab40) = 4 <0.000122>
Handshake duration: 58.51 ms
[pid 325] 14:58:10.487799 +++ exited (status 0) +++
Execution 64 - TLS Mutual
s_connection: verify depth is 1
[pid 327] 14:58:10.553438 openssl->SSL_connect(0x61c7307dd0e0, 0x61c7307afe50, 0x61c7307afe50, 0x7990f44e6360 <unfinished ...>
[pid 327] 14:58:10.553878 libssl.so.3->EVP_PKEY_keygen_init(0x61c7307df7d0, 0, 176, 0x61c7307df7d0) = 1 <0.000161>
[pid 327] 14:58:10.554100 libssl.so.3->EVP_PKEY_keygen(0x61c7307df7d0, 0x7fff13f63eb0, 0, 103 <unfinished ...>
[pid 327] 14:58:10.554275 oqsprovider.so->OQS_KEM_new(0x61c7307d4c70, 8, 0, 0x61c7307dcb50) = 0x61c7307dcb70 <0.000132>
[pid 327] 14:58:10.554465 oqsprovider.so->OQS_KEM_keypair(0x61c7307dcb70, 0x61c7307e7d00, 0x61c7307e8ec0, 0x61c7307dcb50) = 0 <0.008235>
[pid 327] 14:58:10.562866 <... EVP_PKEY_keygen resumed> ) = 1 <0.008747>
[pid 327] 14:58:10.585118 libssl.so.3->EVP_PKEY_decapsulate_init(0x61c7307df7d0, 0, 176, 0x61c7307df7d0) = 1 <0.000477>
[pid 327] 14:58:10.585697 libssl.so.3->EVP_PKEY_decapsulate(0x61c7307df7d0, 0, 0x7fff13f63e70, 0x61c7307e17ea) = 1 <0.000211>
[pid 327] 14:58:10.585991 libssl.so.3->EVP_PKEY_decapsulate(0x61c7307df7d0, 0x61c7307d7ec0, 0x7fff13f63e70, 0x61c7307e17ea <unfinished ...>
[pid 327] 14:58:10.586175 oqsprovider.so->OQS_KEM_decaps(0x61c7307dcb70, 0x61c7307d7ec0, 0x61c7307e17ea, 0x61c7307e8ec0) = 0 <0.026404>
[pid 327] 14:58:10.612748 <... EVP_PKEY_decapsulate resumed> ) = 1 <0.026752>
[pid 327] 14:58:10.614054 libssl.so.3->X509_verify_cert(0x61c7307d4ea0, 0, 0x8000, 0xffffffff) = 1 <0.000692>
[pid 327] 14:58:10.615033 libssl.so.3->EVP_DigestVerifyInit_ex(0x61c730804980, 0x7fff13f63f18, 0, 0) = 1 <0.000172>
[pid 327] 14:58:10.615275 libssl.so.3->EVP_DigestVerify(0x61c730804980, 0x61c7307e1798, 3309, 0x7fff13f63f20) = 1 <0.000296>
[pid 327] 14:58:10.615867 libssl.so.3->X509_verify_cert(0x61c7307d4ea0, 1, 1, 0) = 1 <0.000343>
[pid 327] 14:58:10.616748 libssl.so.3->EVP_DigestSignInit_ex(0x61c730701810, 0x7fff13f63f00, 0, 0) = 1 <0.000150>
[pid 327] 14:58:10.616990 libssl.so.3->EVP_DigestSign(0x61c730701810, 0, 0x7fff13f63f10, 0x7fff13f63f20) = 1 <0.000210>
[pid 327] 14:58:10.617250 libssl.so.3->EVP_DigestSign(0x61c730701810, 0x61c7307d4fc0, 0x7fff13f63f10, 0x7fff13f63f20) = 1 <0.000419>
[pid 327] 14:58:10.618015 <... SSL_connect resumed> ) = 1 <0.064589>
[pid 327] 14:58:10.618297 oqsprovider.so->OQS_KEM_free(0x61c7307dcb70, 0x61c7307dcb20, 2, 0x61c7307dcb40) = 4 <0.000118>
Handshake duration: 64.78 ms
[pid 327] 14:58:10.620707 +++ exited (status 0) +++
Execution 65 - TLS Mutual
s_connection: verify depth is 1
[pid 329] 14:58:10.679949 openssl->SSL_connect(0x5b27854cc0e0, 0x5b278549ee50, 0x5b278549ee50, 0x772da024d360 <unfinished ...>
[pid 329] 14:58:10.680454 libssl.so.3->EVP_PKEY_keygen_init(0x5b27854ce7d0, 0, 176, 0x5b27854ce7d0) = 1 <0.000214>
[pid 329] 14:58:10.680727 libssl.so.3->EVP_PKEY_keygen(0x5b27854ce7d0, 0x7ffc1cf6b920, 0, 103 <unfinished ...>
[pid 329] 14:58:10.680869 oqsprovider.so->OQS_KEM_new(0x5b27854c3c70, 8, 0, 0x5b27854cbb50) = 0x5b27854cbb70 <0.000122>
[pid 329] 14:58:10.681055 oqsprovider.so->OQS_KEM_keypair(0x5b27854cbb70, 0x5b27854d6d00, 0x5b27854d7ec0, 0x5b27854cbb50) = 0 <0.007318>
[pid 329] 14:58:10.688474 <... EVP_PKEY_keygen resumed> ) = 1 <0.007740>
[pid 329] 14:58:10.712346 libssl.so.3->EVP_PKEY_decapsulate_init(0x5b27854ce7d0, 0, 176, 0x5b27854ce7d0) = 1 <0.000459>
[pid 329] 14:58:10.712878 libssl.so.3->EVP_PKEY_decapsulate(0x5b27854ce7d0, 0, 0x7ffc1cf6b8e0, 0x5b27854d07ea) = 1 <0.000144>
[pid 329] 14:58:10.713069 libssl.so.3->EVP_PKEY_decapsulate(0x5b27854ce7d0, 0x5b27854c6ec0, 0x7ffc1cf6b8e0, 0x5b27854d07ea <unfinished ...>
[pid 329] 14:58:10.713199 oqsprovider.so->OQS_KEM_decaps(0x5b27854cbb70, 0x5b27854c6ec0, 0x5b27854d07ea, 0x5b27854d7ec0) = 0 <0.023017>
[pid 329] 14:58:10.736388 <... EVP_PKEY_decapsulate resumed> ) = 1 <0.023307>
[pid 329] 14:58:10.737319 libssl.so.3->X509_verify_cert(0x5b27854c3ea0, 0, 0x8000, 0xffffffff) = 1 <0.000523>
[pid 329] 14:58:10.738074 libssl.so.3->EVP_DigestVerifyInit_ex(0x5b27854f3980, 0x7ffc1cf6b988, 0, 0) = 1 <0.000133>
[pid 329] 14:58:10.738290 libssl.so.3->EVP_DigestVerify(0x5b27854f3980, 0x5b27854d0798, 3309, 0x7ffc1cf6b990) = 1 <0.000250>
[pid 329] 14:58:10.738782 libssl.so.3->X509_verify_cert(0x5b27854c3ea0, 1, 1, 0) = 1 <0.000238>
[pid 329] 14:58:10.739440 libssl.so.3->EVP_DigestSignInit_ex(0x5b27853f0810, 0x7ffc1cf6b970, 0, 0) = 1 <0.000183>
[pid 329] 14:58:10.739785 libssl.so.3->EVP_DigestSign(0x5b27853f0810, 0, 0x7ffc1cf6b980, 0x7ffc1cf6b990) = 1 <0.000205>
[pid 329] 14:58:10.740074 libssl.so.3->EVP_DigestSign(0x5b27853f0810, 0x5b27854c3fc0, 0x7ffc1cf6b980, 0x7ffc1cf6b990) = 1 <0.000684>
[pid 329] 14:58:10.741105 <... SSL_connect resumed> ) = 1 <0.061161>
[pid 329] 14:58:10.741428 oqsprovider.so->OQS_KEM_free(0x5b27854cbb70, 0x5b27854cbb20, 2, 0x5b27854cbb40) = 4 <0.000150>
Handshake duration: 61.43 ms
[pid 329] 14:58:10.745328 +++ exited (status 0) +++
Execution 66 - TLS Mutual
s_connection: verify depth is 1
[pid 331] 14:58:10.802426 openssl->SSL_connect(0x5fb2b75880e0, 0x5fb2b755ae50, 0x5fb2b755ae50, 0x7500eb2d0360 <unfinished ...>
[pid 331] 14:58:10.802900 libssl.so.3->EVP_PKEY_keygen_init(0x5fb2b758a7d0, 0, 176, 0x5fb2b758a7d0) = 1 <0.000162>
[pid 331] 14:58:10.803182 libssl.so.3->EVP_PKEY_keygen(0x5fb2b758a7d0, 0x7fffafcf1e50, 0, 103 <unfinished ...>
[pid 331] 14:58:10.803423 oqsprovider.so->OQS_KEM_new(0x5fb2b757fc70, 8, 0, 0x5fb2b7587b50) = 0x5fb2b7587b70 <0.000150>
[pid 331] 14:58:10.803627 oqsprovider.so->OQS_KEM_keypair(0x5fb2b7587b70, 0x5fb2b7592d00, 0x5fb2b7593ec0, 0x5fb2b7587b50) = 0 <0.007222>
[pid 331] 14:58:10.810960 <... EVP_PKEY_keygen resumed> ) = 1 <0.007776>
[pid 331] 14:58:10.834739 libssl.so.3->EVP_PKEY_decapsulate_init(0x5fb2b758a7d0, 0, 176, 0x5fb2b758a7d0) = 1 <0.000494>
[pid 331] 14:58:10.835354 libssl.so.3->EVP_PKEY_decapsulate(0x5fb2b758a7d0, 0, 0x7fffafcf1e10, 0x5fb2b758c7ea) = 1 <0.000147>
[pid 331] 14:58:10.835560 libssl.so.3->EVP_PKEY_decapsulate(0x5fb2b758a7d0, 0x5fb2b7582ec0, 0x7fffafcf1e10, 0x5fb2b758c7ea <unfinished ...>
[pid 331] 14:58:10.835690 oqsprovider.so->OQS_KEM_decaps(0x5fb2b7587b70, 0x5fb2b7582ec0, 0x5fb2b758c7ea, 0x5fb2b7593ec0) = 0 <0.022153>
[pid 331] 14:58:10.858008 <... EVP_PKEY_decapsulate resumed> ) = 1 <0.022433>
[pid 331] 14:58:10.859032 libssl.so.3->X509_verify_cert(0x5fb2b757fea0, 0, 0x8000, 0xffffffff) = 1 <0.000547>
[pid 331] 14:58:10.859837 libssl.so.3->EVP_DigestVerifyInit_ex(0x5fb2b75af980, 0x7fffafcf1eb8, 0, 0) = 1 <0.000158>
[pid 331] 14:58:10.860046 libssl.so.3->EVP_DigestVerify(0x5fb2b75af980, 0x5fb2b758c798, 3309, 0x7fffafcf1ec0) = 1 <0.000242>
[pid 331] 14:58:10.860537 libssl.so.3->X509_verify_cert(0x5fb2b757fea0, 1, 1, 0) = 1 <0.000265>
[pid 331] 14:58:10.861329 libssl.so.3->EVP_DigestSignInit_ex(0x5fb2b74ac810, 0x7fffafcf1ea0, 0, 0) = 1 <0.000174>
[pid 331] 14:58:10.861559 libssl.so.3->EVP_DigestSign(0x5fb2b74ac810, 0, 0x7fffafcf1eb0, 0x7fffafcf1ec0) = 1 <0.000138>
[pid 331] 14:58:10.861744 libssl.so.3->EVP_DigestSign(0x5fb2b74ac810, 0x5fb2b757ffc0, 0x7fffafcf1eb0, 0x7fffafcf1ec0) = 1 <0.000313>
[pid 331] 14:58:10.862335 <... SSL_connect resumed> ) = 1 <0.059921>
[pid 331] 14:58:10.862554 oqsprovider.so->OQS_KEM_free(0x5fb2b7587b70, 0x5fb2b7587b20, 2, 0x5fb2b7587b40) = 4 <0.000142>
Handshake duration: 60.11 ms
[pid 331] 14:58:10.864953 +++ exited (status 0) +++
Execution 67 - TLS Mutual
s_connection: verify depth is 1
[pid 333] 14:58:10.922184 openssl->SSL_connect(0x5bab3803e0e0, 0x5bab38010e50, 0x5bab38010e50, 0x7364f7b92360 <unfinished ...>
[pid 333] 14:58:10.922870 libssl.so.3->EVP_PKEY_keygen_init(0x5bab380407d0, 0, 176, 0x5bab380407d0) = 1 <0.000192>
[pid 333] 14:58:10.923112 libssl.so.3->EVP_PKEY_keygen(0x5bab380407d0, 0x7ffec5ae78e0, 0, 103 <unfinished ...>
[pid 333] 14:58:10.923287 oqsprovider.so->OQS_KEM_new(0x5bab38035c70, 8, 0, 0x5bab3803db50) = 0x5bab3803db70 <0.000173>
[pid 333] 14:58:10.923528 oqsprovider.so->OQS_KEM_keypair(0x5bab3803db70, 0x5bab38048d00, 0x5bab38049ec0, 0x5bab3803db50) = 0 <0.008378>
[pid 333] 14:58:10.932006 <... EVP_PKEY_keygen resumed> ) = 1 <0.008889>
[pid 333] 14:58:10.955110 libssl.so.3->EVP_PKEY_decapsulate_init(0x5bab380407d0, 0, 176, 0x5bab380407d0) = 1 <0.000434>
[pid 333] 14:58:10.955591 libssl.so.3->EVP_PKEY_decapsulate(0x5bab380407d0, 0, 0x7ffec5ae78a0, 0x5bab380427ea) = 1 <0.000126>
[pid 333] 14:58:10.955762 libssl.so.3->EVP_PKEY_decapsulate(0x5bab380407d0, 0x5bab38038ec0, 0x7ffec5ae78a0, 0x5bab380427ea <unfinished ...>
[pid 333] 14:58:10.955898 oqsprovider.so->OQS_KEM_decaps(0x5bab3803db70, 0x5bab38038ec0, 0x5bab380427ea, 0x5bab38049ec0) = 0 <0.021168>
[pid 333] 14:58:10.977171 <... EVP_PKEY_decapsulate resumed> ) = 1 <0.021401>
[pid 333] 14:58:10.978146 libssl.so.3->X509_verify_cert(0x5bab38035ea0, 0, 0x8000, 0xffffffff) = 1 <0.000518>
[pid 333] 14:58:10.978906 libssl.so.3->EVP_DigestVerifyInit_ex(0x5bab38065980, 0x7ffec5ae7948, 0, 0) = 1 <0.000140>
[pid 333] 14:58:10.979089 libssl.so.3->EVP_DigestVerify(0x5bab38065980, 0x5bab38042798, 3309, 0x7ffec5ae7950) = 1 <0.000229>
[pid 333] 14:58:10.979534 libssl.so.3->X509_verify_cert(0x5bab38035ea0, 1, 1, 0) = 1 <0.000233>
[pid 333] 14:58:10.980152 libssl.so.3->EVP_DigestSignInit_ex(0x5bab37f62810, 0x7ffec5ae7930, 0, 0) = 1 <0.000154>
[pid 333] 14:58:10.980356 libssl.so.3->EVP_DigestSign(0x5bab37f62810, 0, 0x7ffec5ae7940, 0x7ffec5ae7950) = 1 <0.000135>
[pid 333] 14:58:10.980533 libssl.so.3->EVP_DigestSign(0x5bab37f62810, 0x5bab38035fc0, 0x7ffec5ae7940, 0x7ffec5ae7950) = 1 <0.000257>
[pid 333] 14:58:10.981064 <... SSL_connect resumed> ) = 1 <0.058887>
[pid 333] 14:58:10.981293 oqsprovider.so->OQS_KEM_free(0x5bab3803db70, 0x5bab3803db20, 2, 0x5bab3803db40) = 4 <0.000115>
Handshake duration: 59.06 ms
[pid 333] 14:58:10.983528 +++ exited (status 0) +++
Execution 68 - TLS Mutual
s_connection: verify depth is 1
[pid 335] 14:58:11.041546 openssl->SSL_connect(0x56bba4e880e0, 0x56bba4e5ae50, 0x56bba4e5ae50, 0x78841c9da360 <unfinished ...>
[pid 335] 14:58:11.042037 libssl.so.3->EVP_PKEY_keygen_init(0x56bba4e8a7d0, 0, 176, 0x56bba4e8a7d0) = 1 <0.000212>
[pid 335] 14:58:11.042308 libssl.so.3->EVP_PKEY_keygen(0x56bba4e8a7d0, 0x7ffc8d9142a0, 0, 103 <unfinished ...>
[pid 335] 14:58:11.042455 oqsprovider.so->OQS_KEM_new(0x56bba4e7fc70, 8, 0, 0x56bba4e87b50) = 0x56bba4e87b70 <0.000141>
[pid 335] 14:58:11.042661 oqsprovider.so->OQS_KEM_keypair(0x56bba4e87b70, 0x56bba4e92d00, 0x56bba4e93ec0, 0x56bba4e87b50) = 0 <0.007477>
[pid 335] 14:58:11.050257 <... EVP_PKEY_keygen resumed> ) = 1 <0.007941>
[pid 335] 14:58:11.075281 libssl.so.3->EVP_PKEY_decapsulate_init(0x56bba4e8a7d0, 0, 176, 0x56bba4e8a7d0) = 1 <0.000469>
[pid 335] 14:58:11.075828 libssl.so.3->EVP_PKEY_decapsulate(0x56bba4e8a7d0, 0, 0x7ffc8d914260, 0x56bba4e8c7ea) = 1 <0.000140>
[pid 335] 14:58:11.076065 libssl.so.3->EVP_PKEY_decapsulate(0x56bba4e8a7d0, 0x56bba4e82ec0, 0x7ffc8d914260, 0x56bba4e8c7ea <unfinished ...>
[pid 335] 14:58:11.076322 oqsprovider.so->OQS_KEM_decaps(0x56bba4e87b70, 0x56bba4e82ec0, 0x56bba4e8c7ea, 0x56bba4e93ec0) = 0 <0.023277>
[pid 335] 14:58:11.099756 <... EVP_PKEY_decapsulate resumed> ) = 1 <0.023683>
[pid 335] 14:58:11.100677 libssl.so.3->X509_verify_cert(0x56bba4e7fea0, 0, 0x8000, 0xffffffff) = 1 <0.000505>
[pid 335] 14:58:11.101423 libssl.so.3->EVP_DigestVerifyInit_ex(0x56bba4eaf980, 0x7ffc8d914308, 0, 0) = 1 <0.000141>
[pid 335] 14:58:11.101610 libssl.so.3->EVP_DigestVerify(0x56bba4eaf980, 0x56bba4e8c798, 3309, 0x7ffc8d914310) = 1 <0.000194>
[pid 335] 14:58:11.102048 libssl.so.3->X509_verify_cert(0x56bba4e7fea0, 1, 1, 0) = 1 <0.000258>
[pid 335] 14:58:11.102756 libssl.so.3->EVP_DigestSignInit_ex(0x56bba4dac810, 0x7ffc8d9142f0, 0, 0) = 1 <0.000166>
[pid 335] 14:58:11.102964 libssl.so.3->EVP_DigestSign(0x56bba4dac810, 0, 0x7ffc8d914300, 0x7ffc8d914310) = 1 <0.000137>
[pid 335] 14:58:11.103151 libssl.so.3->EVP_DigestSign(0x56bba4dac810, 0x56bba4e7ffc0, 0x7ffc8d914300, 0x7ffc8d914310) = 1 <0.000291>
[pid 335] 14:58:11.103689 <... SSL_connect resumed> ) = 1 <0.062161>
[pid 335] 14:58:11.103901 oqsprovider.so->OQS_KEM_free(0x56bba4e87b70, 0x56bba4e87b20, 2, 0x56bba4e87b40) = 4 <0.000126>
Handshake duration: 62.34 ms
[pid 335] 14:58:11.107409 +++ exited (status 0) +++
Execution 69 - TLS Mutual
s_connection: verify depth is 1
[pid 337] 14:58:11.166663 openssl->SSL_connect(0x62d5ac4b70e0, 0x62d5ac489e50, 0x62d5ac489e50, 0x720fa1fad360 <unfinished ...>
[pid 337] 14:58:11.167144 libssl.so.3->EVP_PKEY_keygen_init(0x62d5ac4b97d0, 0, 176, 0x62d5ac4b97d0) = 1 <0.000187>
[pid 337] 14:58:11.167398 libssl.so.3->EVP_PKEY_keygen(0x62d5ac4b97d0, 0x7ffdbd69de10, 0, 103 <unfinished ...>
[pid 337] 14:58:11.167545 oqsprovider.so->OQS_KEM_new(0x62d5ac4aec70, 8, 0, 0x62d5ac4b6b50) = 0x62d5ac4b6b70 <0.000129>
[pid 337] 14:58:11.167758 oqsprovider.so->OQS_KEM_keypair(0x62d5ac4b6b70, 0x62d5ac4c1d00, 0x62d5ac4c2ec0, 0x62d5ac4b6b50) = 0 <0.007795>
[pid 337] 14:58:11.175688 <... EVP_PKEY_keygen resumed> ) = 1 <0.008281>
[pid 337] 14:58:11.198987 libssl.so.3->EVP_PKEY_decapsulate_init(0x62d5ac4b97d0, 0, 176, 0x62d5ac4b97d0) = 1 <0.000461>
[pid 337] 14:58:11.199516 libssl.so.3->EVP_PKEY_decapsulate(0x62d5ac4b97d0, 0, 0x7ffdbd69ddd0, 0x62d5ac4bb7ea) = 1 <0.000147>
[pid 337] 14:58:11.199724 libssl.so.3->EVP_PKEY_decapsulate(0x62d5ac4b97d0, 0x62d5ac4b1ec0, 0x7ffdbd69ddd0, 0x62d5ac4bb7ea <unfinished ...>
[pid 337] 14:58:11.199885 oqsprovider.so->OQS_KEM_decaps(0x62d5ac4b6b70, 0x62d5ac4b1ec0, 0x62d5ac4bb7ea, 0x62d5ac4c2ec0) = 0 <0.024168>
[pid 337] 14:58:11.224220 <... EVP_PKEY_decapsulate resumed> ) = 1 <0.024484>
[pid 337] 14:58:11.225308 libssl.so.3->X509_verify_cert(0x62d5ac4aeea0, 0, 0x8000, 0xffffffff) = 1 <0.000610>
[pid 337] 14:58:11.226179 libssl.so.3->EVP_DigestVerifyInit_ex(0x62d5ac4de980, 0x7ffdbd69de78, 0, 0) = 1 <0.000168>
[pid 337] 14:58:11.226399 libssl.so.3->EVP_DigestVerify(0x62d5ac4de980, 0x62d5ac4bb798, 3309, 0x7ffdbd69de80) = 1 <0.000195>
[pid 337] 14:58:11.226811 libssl.so.3->X509_verify_cert(0x62d5ac4aeea0, 1, 1, 0) = 1 <0.000212>
[pid 337] 14:58:11.227543 libssl.so.3->EVP_DigestSignInit_ex(0x62d5ac3db810, 0x7ffdbd69de60, 0, 0) = 1 <0.000246>
[pid 337] 14:58:11.227837 libssl.so.3->EVP_DigestSign(0x62d5ac3db810, 0, 0x7ffdbd69de70, 0x7ffdbd69de80) = 1 <0.000139>
[pid 337] 14:58:11.228033 libssl.so.3->EVP_DigestSign(0x62d5ac3db810, 0x62d5ac4aefc0, 0x7ffdbd69de70, 0x7ffdbd69de80) = 1 <0.000381>
[pid 337] 14:58:11.228720 <... SSL_connect resumed> ) = 1 <0.062069>
[pid 337] 14:58:11.228953 oqsprovider.so->OQS_KEM_free(0x62d5ac4b6b70, 0x62d5ac4b6b20, 2, 0x62d5ac4b6b40) = 4 <0.000190>
Handshake duration: 62.25 ms
[pid 337] 14:58:11.231610 +++ exited (status 0) +++
Execution 70 - TLS Mutual
s_connection: verify depth is 1
[pid 339] 14:58:11.294775 openssl->SSL_connect(0x60da842a40e0, 0x60da84276e50, 0x60da84276e50, 0x73749d5a0360 <unfinished ...>
[pid 339] 14:58:11.295302 libssl.so.3->EVP_PKEY_keygen_init(0x60da842a67d0, 0, 176, 0x60da842a67d0) = 1 <0.000189>
[pid 339] 14:58:11.295543 libssl.so.3->EVP_PKEY_keygen(0x60da842a67d0, 0x7fff9917aa20, 0, 103 <unfinished ...>
[pid 339] 14:58:11.295675 oqsprovider.so->OQS_KEM_new(0x60da8429bc70, 8, 0, 0x60da842a3b50) = 0x60da842a3b70 <0.000148>
[pid 339] 14:58:11.295883 oqsprovider.so->OQS_KEM_keypair(0x60da842a3b70, 0x60da842aed00, 0x60da842afec0, 0x60da842a3b50) = 0 <0.007799>
[pid 339] 14:58:11.303842 <... EVP_PKEY_keygen resumed> ) = 1 <0.008288>
[pid 339] 14:58:11.326623 libssl.so.3->EVP_PKEY_decapsulate_init(0x60da842a67d0, 0, 176, 0x60da842a67d0) = 1 <0.000567>
[pid 339] 14:58:11.327345 libssl.so.3->EVP_PKEY_decapsulate(0x60da842a67d0, 0, 0x7fff9917a9e0, 0x60da842a87ea) = 1 <0.000201>
[pid 339] 14:58:11.327618 libssl.so.3->EVP_PKEY_decapsulate(0x60da842a67d0, 0x60da8429eec0, 0x7fff9917a9e0, 0x60da842a87ea <unfinished ...>
[pid 339] 14:58:11.327759 oqsprovider.so->OQS_KEM_decaps(0x60da842a3b70, 0x60da8429eec0, 0x60da842a87ea, 0x60da842afec0) = 0 <0.026137>
[pid 339] 14:58:11.354129 <... EVP_PKEY_decapsulate resumed> ) = 1 <0.026477>
[pid 339] 14:58:11.355150 libssl.so.3->X509_verify_cert(0x60da8429bea0, 0, 0x8000, 0xffffffff) = 1 <0.000601>
[pid 339] 14:58:11.356097 libssl.so.3->EVP_DigestVerifyInit_ex(0x60da842cb980, 0x7fff9917aa88, 0, 0) = 1 <0.000282>
[pid 339] 14:58:11.356437 libssl.so.3->EVP_DigestVerify(0x60da842cb980, 0x60da842a8798, 3309, 0x7fff9917aa90) = 1 <0.000289>
[pid 339] 14:58:11.357052 libssl.so.3->X509_verify_cert(0x60da8429bea0, 1, 1, 0) = 1 <0.000291>
[pid 339] 14:58:11.357787 libssl.so.3->EVP_DigestSignInit_ex(0x60da841c8810, 0x7fff9917aa70, 0, 0) = 1 <0.000192>
[pid 339] 14:58:11.358052 libssl.so.3->EVP_DigestSign(0x60da841c8810, 0, 0x7fff9917aa80, 0x7fff9917aa90) = 1 <0.000169>
[pid 339] 14:58:11.358294 libssl.so.3->EVP_DigestSign(0x60da841c8810, 0x60da8429bfc0, 0x7fff9917aa80, 0x7fff9917aa90) = 1 <0.000400>
[pid 339] 14:58:11.358999 <... SSL_connect resumed> ) = 1 <0.064234>
[pid 339] 14:58:11.359346 oqsprovider.so->OQS_KEM_free(0x60da842a3b70, 0x60da842a3b20, 2, 0x60da842a3b40) = 4 <0.000168>
Handshake duration: 64.51 ms
[pid 339] 14:58:11.362723 +++ exited (status 0) +++
Execution 71 - TLS Mutual
s_connection: verify depth is 1
[pid 341] 14:58:11.424503 openssl->SSL_connect(0x5dcdde0450e0, 0x5dcdde017e50, 0x5dcdde017e50, 0x7f2421ebb360 <unfinished ...>
[pid 341] 14:58:11.424990 libssl.so.3->EVP_PKEY_keygen_init(0x5dcdde0477d0, 0, 176, 0x5dcdde0477d0) = 1 <0.000292>
[pid 341] 14:58:11.425348 libssl.so.3->EVP_PKEY_keygen(0x5dcdde0477d0, 0x7ffd49223270, 0, 103 <unfinished ...>
[pid 341] 14:58:11.425543 oqsprovider.so->OQS_KEM_new(0x5dcdde03cc70, 8, 0, 0x5dcdde044b50) = 0x5dcdde044b70 <0.000339>
[pid 341] 14:58:11.425982 oqsprovider.so->OQS_KEM_keypair(0x5dcdde044b70, 0x5dcdde04fd00, 0x5dcdde050ec0, 0x5dcdde044b50) = 0 <0.007233>
[pid 341] 14:58:11.433337 <... EVP_PKEY_keygen resumed> ) = 1 <0.007983>
[pid 341] 14:58:11.456707 libssl.so.3->EVP_PKEY_decapsulate_init(0x5dcdde0477d0, 0, 176, 0x5dcdde0477d0) = 1 <0.000528>
[pid 341] 14:58:11.457332 libssl.so.3->EVP_PKEY_decapsulate(0x5dcdde0477d0, 0, 0x7ffd49223230, 0x5dcdde0497ea) = 1 <0.000146>
[pid 341] 14:58:11.457528 libssl.so.3->EVP_PKEY_decapsulate(0x5dcdde0477d0, 0x5dcdde03fec0, 0x7ffd49223230, 0x5dcdde0497ea <unfinished ...>
[pid 341] 14:58:11.457669 oqsprovider.so->OQS_KEM_decaps(0x5dcdde044b70, 0x5dcdde03fec0, 0x5dcdde0497ea, 0x5dcdde050ec0) = 0 <0.022942>
[pid 341] 14:58:11.480772 <... EVP_PKEY_decapsulate resumed> ) = 1 <0.023231>
[pid 341] 14:58:11.481728 libssl.so.3->X509_verify_cert(0x5dcdde03cea0, 0, 0x8000, 0xffffffff) = 1 <0.000538>
[pid 341] 14:58:11.482556 libssl.so.3->EVP_DigestVerifyInit_ex(0x5dcdde06c980, 0x7ffd492232d8, 0, 0) = 1 <0.000197>
[pid 341] 14:58:11.482808 libssl.so.3->EVP_DigestVerify(0x5dcdde06c980, 0x5dcdde049798, 3309, 0x7ffd492232e0) = 1 <0.000230>
[pid 341] 14:58:11.483281 libssl.so.3->X509_verify_cert(0x5dcdde03cea0, 1, 1, 0) = 1 <0.000218>
[pid 341] 14:58:11.483956 libssl.so.3->EVP_DigestSignInit_ex(0x5dcdddf69810, 0x7ffd492232c0, 0, 0) = 1 <0.000161>
[pid 341] 14:58:11.484217 libssl.so.3->EVP_DigestSign(0x5dcdddf69810, 0, 0x7ffd492232d0, 0x7ffd492232e0) = 1 <0.000155>
[pid 341] 14:58:11.484415 libssl.so.3->EVP_DigestSign(0x5dcdddf69810, 0x5dcdde03cfc0, 0x7ffd492232d0, 0x7ffd492232e0) = 1 <0.000288>
[pid 341] 14:58:11.485095 <... SSL_connect resumed> ) = 1 <0.060600>
[pid 341] 14:58:11.485406 oqsprovider.so->OQS_KEM_free(0x5dcdde044b70, 0x5dcdde044b20, 2, 0x5dcdde044b40) = 4 <0.000128>
Handshake duration: 60.86 ms
[pid 341] 14:58:11.488151 +++ exited (status 0) +++
Execution 72 - TLS Mutual
s_connection: verify depth is 1
[pid 343] 14:58:11.545032 openssl->SSL_connect(0x57fac93370e0, 0x57fac9309e50, 0x57fac9309e50, 0x7ec1b6d76360 <unfinished ...>
[pid 343] 14:58:11.545523 libssl.so.3->EVP_PKEY_keygen_init(0x57fac93397d0, 0, 176, 0x57fac93397d0) = 1 <0.000161>
[pid 343] 14:58:11.545743 libssl.so.3->EVP_PKEY_keygen(0x57fac93397d0, 0x7ffd53fa2d90, 0, 103 <unfinished ...>
[pid 343] 14:58:11.545891 oqsprovider.so->OQS_KEM_new(0x57fac932ec70, 8, 0, 0x57fac9336b50) = 0x57fac9336b70 <0.000134>
[pid 343] 14:58:11.546085 oqsprovider.so->OQS_KEM_keypair(0x57fac9336b70, 0x57fac9341d00, 0x57fac9342ec0, 0x57fac9336b50) = 0 <0.007378>
[pid 343] 14:58:11.553581 <... EVP_PKEY_keygen resumed> ) = 1 <0.007831>
[pid 343] 14:58:11.576746 libssl.so.3->EVP_PKEY_decapsulate_init(0x57fac93397d0, 0, 176, 0x57fac93397d0) = 1 <0.000452>
[pid 343] 14:58:11.577264 libssl.so.3->EVP_PKEY_decapsulate(0x57fac93397d0, 0, 0x7ffd53fa2d50, 0x57fac933b7ea) = 1 <0.000138>
[pid 343] 14:58:11.577467 libssl.so.3->EVP_PKEY_decapsulate(0x57fac93397d0, 0x57fac9331ec0, 0x7ffd53fa2d50, 0x57fac933b7ea <unfinished ...>
[pid 343] 14:58:11.577627 oqsprovider.so->OQS_KEM_decaps(0x57fac9336b70, 0x57fac9331ec0, 0x57fac933b7ea, 0x57fac9342ec0) = 0 <0.022024>
[pid 343] 14:58:11.599782 <... EVP_PKEY_decapsulate resumed> ) = 1 <0.022309>
[pid 343] 14:58:11.600693 libssl.so.3->X509_verify_cert(0x57fac932eea0, 0, 0x8000, 0xffffffff) = 1 <0.000579>
[pid 343] 14:58:11.601519 libssl.so.3->EVP_DigestVerifyInit_ex(0x57fac935e980, 0x7ffd53fa2df8, 0, 0) = 1 <0.000145>
[pid 343] 14:58:11.601709 libssl.so.3->EVP_DigestVerify(0x57fac935e980, 0x57fac933b798, 3309, 0x7ffd53fa2e00) = 1 <0.000209>
[pid 343] 14:58:11.602147 libssl.so.3->X509_verify_cert(0x57fac932eea0, 1, 1, 0) = 1 <0.000248>
[pid 343] 14:58:11.602812 libssl.so.3->EVP_DigestSignInit_ex(0x57fac925b810, 0x7ffd53fa2de0, 0, 0) = 1 <0.000147>
[pid 343] 14:58:11.603028 libssl.so.3->EVP_DigestSign(0x57fac925b810, 0, 0x7ffd53fa2df0, 0x7ffd53fa2e00) = 1 <0.000132>
[pid 343] 14:58:11.603211 libssl.so.3->EVP_DigestSign(0x57fac925b810, 0x57fac932efc0, 0x7ffd53fa2df0, 0x7ffd53fa2e00) = 1 <0.000289>
[pid 343] 14:58:11.603780 <... SSL_connect resumed> ) = 1 <0.058764>
[pid 343] 14:58:11.603997 oqsprovider.so->OQS_KEM_free(0x57fac9336b70, 0x57fac9336b20, 2, 0x57fac9336b40) = 4 <0.000129>
Handshake duration: 58.95 ms
[pid 343] 14:58:11.608295 +++ exited (status 0) +++
Execution 73 - TLS Mutual
s_connection: verify depth is 1
[pid 345] 14:58:11.664878 openssl->SSL_connect(0x5692e8cc30e0, 0x5692e8c95e50, 0x5692e8c95e50, 0x722e985d9360 <unfinished ...>
[pid 345] 14:58:11.665410 libssl.so.3->EVP_PKEY_keygen_init(0x5692e8cc57d0, 0, 176, 0x5692e8cc57d0) = 1 <0.000210>
[pid 345] 14:58:11.665686 libssl.so.3->EVP_PKEY_keygen(0x5692e8cc57d0, 0x7fffa6aa1450, 0, 103 <unfinished ...>
[pid 345] 14:58:11.665847 oqsprovider.so->OQS_KEM_new(0x5692e8cbac70, 8, 0, 0x5692e8cc2b50) = 0x5692e8cc2b70 <0.000122>
[pid 345] 14:58:11.666034 oqsprovider.so->OQS_KEM_keypair(0x5692e8cc2b70, 0x5692e8ccdd00, 0x5692e8cceec0, 0x5692e8cc2b50) = 0 <0.009048>
[pid 345] 14:58:11.675239 <... EVP_PKEY_keygen resumed> ) = 1 <0.009535>
[pid 345] 14:58:11.706114 libssl.so.3->EVP_PKEY_decapsulate_init(0x5692e8cc57d0, 0, 176, 0x5692e8cc57d0) = 1 <0.000487>
[pid 345] 14:58:11.706656 libssl.so.3->EVP_PKEY_decapsulate(0x5692e8cc57d0, 0, 0x7fffa6aa1410, 0x5692e8cc77ea) = 1 <0.000144>
[pid 345] 14:58:11.706848 libssl.so.3->EVP_PKEY_decapsulate(0x5692e8cc57d0, 0x5692e8cbdec0, 0x7fffa6aa1410, 0x5692e8cc77ea <unfinished ...>
[pid 345] 14:58:11.706982 oqsprovider.so->OQS_KEM_decaps(0x5692e8cc2b70, 0x5692e8cbdec0, 0x5692e8cc77ea, 0x5692e8cceec0) = 0 <0.024100>
[pid 345] 14:58:11.731267 <... EVP_PKEY_decapsulate resumed> ) = 1 <0.024406>
[pid 345] 14:58:11.732306 libssl.so.3->X509_verify_cert(0x5692e8cbaea0, 0, 0x8000, 0xffffffff) = 1 <0.000628>
[pid 345] 14:58:11.733419 libssl.so.3->EVP_DigestVerifyInit_ex(0x5692e8cea980, 0x7fffa6aa14b8, 0, 0) = 1 <0.000449>
[pid 345] 14:58:11.733932 libssl.so.3->EVP_DigestVerify(0x5692e8cea980, 0x5692e8cc7798, 3309, 0x7fffa6aa14c0) = 1 <0.000302>
[pid 345] 14:58:11.734590 libssl.so.3->X509_verify_cert(0x5692e8cbaea0, 1, 1, 0) = 1 <0.000268>
[pid 345] 14:58:11.735382 libssl.so.3->EVP_DigestSignInit_ex(0x5692e8be7810, 0x7fffa6aa14a0, 0, 0) = 1 <0.000197>
[pid 345] 14:58:11.735629 libssl.so.3->EVP_DigestSign(0x5692e8be7810, 0, 0x7fffa6aa14b0, 0x7fffa6aa14c0) = 1 <0.000122>
[pid 345] 14:58:11.735797 libssl.so.3->EVP_DigestSign(0x5692e8be7810, 0x5692e8cbafc0, 0x7fffa6aa14b0, 0x7fffa6aa14c0) = 1 <0.000298>
[pid 345] 14:58:11.736389 <... SSL_connect resumed> ) = 1 <0.071531>
[pid 345] 14:58:11.736606 oqsprovider.so->OQS_KEM_free(0x5692e8cc2b70, 0x5692e8cc2b20, 2, 0x5692e8cc2b40) = 4 <0.000166>
Handshake duration: 71.72 ms
[pid 345] 14:58:11.739251 +++ exited (status 0) +++
Execution 74 - TLS Mutual
s_connection: verify depth is 1
[pid 347] 14:58:11.796795 openssl->SSL_connect(0x5ea5301690e0, 0x5ea53013be50, 0x5ea53013be50, 0x76fc5c547360 <unfinished ...>
[pid 347] 14:58:11.797285 libssl.so.3->EVP_PKEY_keygen_init(0x5ea53016b7d0, 0, 176, 0x5ea53016b7d0) = 1 <0.000184>
[pid 347] 14:58:11.797551 libssl.so.3->EVP_PKEY_keygen(0x5ea53016b7d0, 0x7ffeb7c0bf10, 0, 103 <unfinished ...>
[pid 347] 14:58:11.797749 oqsprovider.so->OQS_KEM_new(0x5ea530160c70, 8, 0, 0x5ea530168b50) = 0x5ea530168b70 <0.000205>
[pid 347] 14:58:11.798012 oqsprovider.so->OQS_KEM_keypair(0x5ea530168b70, 0x5ea530173d00, 0x5ea530174ec0, 0x5ea530168b50) = 0 <0.007692>
[pid 347] 14:58:11.805784 <... EVP_PKEY_keygen resumed> ) = 1 <0.008227>
[pid 347] 14:58:11.828173 libssl.so.3->EVP_PKEY_decapsulate_init(0x5ea53016b7d0, 0, 176, 0x5ea53016b7d0) = 1 <0.000386>
[pid 347] 14:58:11.828625 libssl.so.3->EVP_PKEY_decapsulate(0x5ea53016b7d0, 0, 0x7ffeb7c0bed0, 0x5ea53016d7ea) = 1 <0.000142>
[pid 347] 14:58:11.828823 libssl.so.3->EVP_PKEY_decapsulate(0x5ea53016b7d0, 0x5ea530163ec0, 0x7ffeb7c0bed0, 0x5ea53016d7ea <unfinished ...>
[pid 347] 14:58:11.828986 oqsprovider.so->OQS_KEM_decaps(0x5ea530168b70, 0x5ea530163ec0, 0x5ea53016d7ea, 0x5ea530174ec0) = 0 <0.021607>
[pid 347] 14:58:11.850705 <... EVP_PKEY_decapsulate resumed> ) = 1 <0.021872>
[pid 347] 14:58:11.851565 libssl.so.3->X509_verify_cert(0x5ea530160ea0, 0, 0x8000, 0xffffffff) = 1 <0.000484>
[pid 347] 14:58:11.852282 libssl.so.3->EVP_DigestVerifyInit_ex(0x5ea530190980, 0x7ffeb7c0bf78, 0, 0) = 1 <0.000138>
[pid 347] 14:58:11.852462 libssl.so.3->EVP_DigestVerify(0x5ea530190980, 0x5ea53016d798, 3309, 0x7ffeb7c0bf80) = 1 <0.000175>
[pid 347] 14:58:11.852845 libssl.so.3->X509_verify_cert(0x5ea530160ea0, 1, 1, 0) = 1 <0.000200>
[pid 347] 14:58:11.853431 libssl.so.3->EVP_DigestSignInit_ex(0x5ea53008d810, 0x7ffeb7c0bf60, 0, 0) = 1 <0.000144>
[pid 347] 14:58:11.853617 libssl.so.3->EVP_DigestSign(0x5ea53008d810, 0, 0x7ffeb7c0bf70, 0x7ffeb7c0bf80) = 1 <0.000122>
[pid 347] 14:58:11.853784 libssl.so.3->EVP_DigestSign(0x5ea53008d810, 0x5ea530160fc0, 0x7ffeb7c0bf70, 0x7ffeb7c0bf80) = 1 <0.000322>
[pid 347] 14:58:11.854370 <... SSL_connect resumed> ) = 1 <0.057587>
[pid 347] 14:58:11.854578 oqsprovider.so->OQS_KEM_free(0x5ea530168b70, 0x5ea530168b20, 2, 0x5ea530168b40) = 4 <0.000114>
Handshake duration: 57.77 ms
[pid 347] 14:58:11.856777 +++ exited (status 0) +++
Execution 75 - TLS Mutual
s_connection: verify depth is 1
[pid 349] 14:58:11.920984 openssl->SSL_connect(0x5ec04a3580e0, 0x5ec04a32ae50, 0x5ec04a32ae50, 0x760a55899360 <unfinished ...>
[pid 349] 14:58:11.921558 libssl.so.3->EVP_PKEY_keygen_init(0x5ec04a35a7d0, 0, 176, 0x5ec04a35a7d0) = 1 <0.000243>
[pid 349] 14:58:11.921872 libssl.so.3->EVP_PKEY_keygen(0x5ec04a35a7d0, 0x7fff006e1160, 0, 103 <unfinished ...>
[pid 349] 14:58:11.922059 oqsprovider.so->OQS_KEM_new(0x5ec04a34fc70, 8, 0, 0x5ec04a357b50) = 0x5ec04a357b70 <0.000192>
[pid 349] 14:58:11.922334 oqsprovider.so->OQS_KEM_keypair(0x5ec04a357b70, 0x5ec04a362d00, 0x5ec04a363ec0, 0x5ec04a357b50) = 0 <0.007359>
[pid 349] 14:58:11.929848 <... EVP_PKEY_keygen resumed> ) = 1 <0.007964>
[pid 349] 14:58:11.954345 libssl.so.3->EVP_PKEY_decapsulate_init(0x5ec04a35a7d0, 0, 176, 0x5ec04a35a7d0) = 1 <0.000453>
[pid 349] 14:58:11.954834 libssl.so.3->EVP_PKEY_decapsulate(0x5ec04a35a7d0, 0, 0x7fff006e1120, 0x5ec04a35c7ea) = 1 <0.000138>
[pid 349] 14:58:11.955027 libssl.so.3->EVP_PKEY_decapsulate(0x5ec04a35a7d0, 0x5ec04a352ec0, 0x7fff006e1120, 0x5ec04a35c7ea <unfinished ...>
[pid 349] 14:58:11.955162 oqsprovider.so->OQS_KEM_decaps(0x5ec04a357b70, 0x5ec04a352ec0, 0x5ec04a35c7ea, 0x5ec04a363ec0) = 0 <0.021449>
[pid 349] 14:58:11.976934 <... EVP_PKEY_decapsulate resumed> ) = 1 <0.021834>
[pid 349] 14:58:11.978004 libssl.so.3->X509_verify_cert(0x5ec04a34fea0, 0, 0x8000, 0xffffffff) = 1 <0.000646>
[pid 349] 14:58:11.978966 libssl.so.3->EVP_DigestVerifyInit_ex(0x5ec04a37f980, 0x7fff006e11c8, 0, 0) = 1 <0.000296>
[pid 349] 14:58:11.979379 libssl.so.3->EVP_DigestVerify(0x5ec04a37f980, 0x5ec04a35c798, 3309, 0x7fff006e11d0) = 1 <0.000375>
[pid 349] 14:58:11.980058 libssl.so.3->X509_verify_cert(0x5ec04a34fea0, 1, 1, 0) = 1 <0.000302>
[pid 349] 14:58:11.980861 libssl.so.3->EVP_DigestSignInit_ex(0x5ec04a27c810, 0x7fff006e11b0, 0, 0) = 1 <0.000184>
[pid 349] 14:58:11.981096 libssl.so.3->EVP_DigestSign(0x5ec04a27c810, 0, 0x7fff006e11c0, 0x7fff006e11d0) = 1 <0.000180>
[pid 349] 14:58:11.981344 libssl.so.3->EVP_DigestSign(0x5ec04a27c810, 0x5ec04a34ffc0, 0x7fff006e11c0, 0x7fff006e11d0) = 1 <0.000306>
[pid 349] 14:58:11.982025 <... SSL_connect resumed> ) = 1 <0.061075>
[pid 349] 14:58:11.982301 oqsprovider.so->OQS_KEM_free(0x5ec04a357b70, 0x5ec04a357b20, 2, 0x5ec04a357b40) = 4 <0.000145>
Handshake duration: 61.30 ms
[pid 349] 14:58:11.985120 +++ exited (status 0) +++
Execution 76 - TLS Mutual
s_connection: verify depth is 1
[pid 351] 14:58:12.041996 openssl->SSL_connect(0x62fe150350e0, 0x62fe15007e50, 0x62fe15007e50, 0x74d56c799360 <unfinished ...>
[pid 351] 14:58:12.042583 libssl.so.3->EVP_PKEY_keygen_init(0x62fe150377d0, 0, 176, 0x62fe150377d0) = 1 <0.000234>
[pid 351] 14:58:12.042899 libssl.so.3->EVP_PKEY_keygen(0x62fe150377d0, 0x7ffd8d7c3370, 0, 103 <unfinished ...>
[pid 351] 14:58:12.043458 oqsprovider.so->OQS_KEM_new(0x62fe1502cc70, 8, 0, 0x62fe15034b50) = 0x62fe15034b70 <0.000553>
[pid 351] 14:58:12.044268 oqsprovider.so->OQS_KEM_keypair(0x62fe15034b70, 0x62fe1503fd00, 0x62fe15040ec0, 0x62fe15034b50) = 0 <0.008140>
[pid 351] 14:58:12.052528 <... EVP_PKEY_keygen resumed> ) = 1 <0.009630>
[pid 351] 14:58:12.079168 libssl.so.3->EVP_PKEY_decapsulate_init(0x62fe150377d0, 0, 176, 0x62fe150377d0) = 1 <0.000555>
[pid 351] 14:58:12.079813 libssl.so.3->EVP_PKEY_decapsulate(0x62fe150377d0, 0, 0x7ffd8d7c3330, 0x62fe150397ea) = 1 <0.000227>
[pid 351] 14:58:12.080121 libssl.so.3->EVP_PKEY_decapsulate(0x62fe150377d0, 0x62fe1502fec0, 0x7ffd8d7c3330, 0x62fe150397ea <unfinished ...>
[pid 351] 14:58:12.080297 oqsprovider.so->OQS_KEM_decaps(0x62fe15034b70, 0x62fe1502fec0, 0x62fe150397ea, 0x62fe15040ec0) = 0 <0.023111>
[pid 351] 14:58:12.103621 <... EVP_PKEY_decapsulate resumed> ) = 1 <0.023485>
[pid 351] 14:58:12.104730 libssl.so.3->X509_verify_cert(0x62fe1502cea0, 0, 0x8000, 0xffffffff) = 1 <0.000692>
[pid 351] 14:58:12.105734 libssl.so.3->EVP_DigestVerifyInit_ex(0x62fe1505c980, 0x7ffd8d7c33d8, 0, 0) = 1 <0.000237>
[pid 351] 14:58:12.106035 libssl.so.3->EVP_DigestVerify(0x62fe1505c980, 0x62fe15039798, 3309, 0x7ffd8d7c33e0) = 1 <0.000286>
[pid 351] 14:58:12.106625 libssl.so.3->X509_verify_cert(0x62fe1502cea0, 1, 1, 0) = 1 <0.000282>
[pid 351] 14:58:12.107412 libssl.so.3->EVP_DigestSignInit_ex(0x62fe14f59810, 0x7ffd8d7c33c0, 0, 0) = 1 <0.000165>
[pid 351] 14:58:12.107628 libssl.so.3->EVP_DigestSign(0x62fe14f59810, 0, 0x7ffd8d7c33d0, 0x7ffd8d7c33e0) = 1 <0.000132>
[pid 351] 14:58:12.107805 libssl.so.3->EVP_DigestSign(0x62fe14f59810, 0x62fe1502cfc0, 0x7ffd8d7c33d0, 0x7ffd8d7c33e0) = 1 <0.000594>
[pid 351] 14:58:12.108764 <... SSL_connect resumed> ) = 1 <0.066780>
[pid 351] 14:58:12.109324 oqsprovider.so->OQS_KEM_free(0x62fe15034b70, 0x62fe15034b20, 2, 0x62fe15034b40) = 4 <0.000144>
Handshake duration: 67.24 ms
[pid 351] 14:58:12.112090 +++ exited (status 0) +++
Execution 77 - TLS Mutual
s_connection: verify depth is 1
[pid 353] 14:58:12.174961 openssl->SSL_connect(0x5ba4774630e0, 0x5ba477435e50, 0x5ba477435e50, 0x71dfa6b92360 <unfinished ...>
[pid 353] 14:58:12.175476 libssl.so.3->EVP_PKEY_keygen_init(0x5ba4774657d0, 0, 176, 0x5ba4774657d0) = 1 <0.000153>
[pid 353] 14:58:12.175682 libssl.so.3->EVP_PKEY_keygen(0x5ba4774657d0, 0x7ffe0ba1cef0, 0, 103 <unfinished ...>
[pid 353] 14:58:12.175816 oqsprovider.so->OQS_KEM_new(0x5ba47745ac70, 8, 0, 0x5ba477462b50) = 0x5ba477462b70 <0.000132>
[pid 353] 14:58:12.176033 oqsprovider.so->OQS_KEM_keypair(0x5ba477462b70, 0x5ba47746dd00, 0x5ba47746eec0, 0x5ba477462b50) = 0 <0.009828>
[pid 353] 14:58:12.186046 <... EVP_PKEY_keygen resumed> ) = 1 <0.010350>
[pid 353] 14:58:12.208306 libssl.so.3->EVP_PKEY_decapsulate_init(0x5ba4774657d0, 0, 176, 0x5ba4774657d0) = 1 <0.000433>
[pid 353] 14:58:12.208823 libssl.so.3->EVP_PKEY_decapsulate(0x5ba4774657d0, 0, 0x7ffe0ba1ceb0, 0x5ba4774677ea) = 1 <0.000244>
[pid 353] 14:58:12.209152 libssl.so.3->EVP_PKEY_decapsulate(0x5ba4774657d0, 0x5ba47745dec0, 0x7ffe0ba1ceb0, 0x5ba4774677ea <unfinished ...>
[pid 353] 14:58:12.209418 oqsprovider.so->OQS_KEM_decaps(0x5ba477462b70, 0x5ba47745dec0, 0x5ba4774677ea, 0x5ba47746eec0) = 0 <0.021624>
[pid 353] 14:58:12.231175 <... EVP_PKEY_decapsulate resumed> ) = 1 <0.022015>
[pid 353] 14:58:12.232074 libssl.so.3->X509_verify_cert(0x5ba47745aea0, 0, 0x8000, 0xffffffff) = 1 <0.000525>
[pid 353] 14:58:12.232852 libssl.so.3->EVP_DigestVerifyInit_ex(0x5ba47748a980, 0x7ffe0ba1cf58, 0, 0) = 1 <0.000178>
[pid 353] 14:58:12.233115 libssl.so.3->EVP_DigestVerify(0x5ba47748a980, 0x5ba477467798, 3309, 0x7ffe0ba1cf60) = 1 <0.000290>
[pid 353] 14:58:12.233640 libssl.so.3->X509_verify_cert(0x5ba47745aea0, 1, 1, 0) = 1 <0.000266>
[pid 353] 14:58:12.234337 libssl.so.3->EVP_DigestSignInit_ex(0x5ba477387810, 0x7ffe0ba1cf40, 0, 0) = 1 <0.000183>
[pid 353] 14:58:12.234574 libssl.so.3->EVP_DigestSign(0x5ba477387810, 0, 0x7ffe0ba1cf50, 0x7ffe0ba1cf60) = 1 <0.000113>
[pid 353] 14:58:12.234731 libssl.so.3->EVP_DigestSign(0x5ba477387810, 0x5ba47745afc0, 0x7ffe0ba1cf50, 0x7ffe0ba1cf60) = 1 <0.000252>
[pid 353] 14:58:12.235293 <... SSL_connect resumed> ) = 1 <0.060339>
[pid 353] 14:58:12.235542 oqsprovider.so->OQS_KEM_free(0x5ba477462b70, 0x5ba477462b20, 2, 0x5ba477462b40) = 4 <0.000145>
Handshake duration: 60.55 ms
[pid 353] 14:58:12.237966 +++ exited (status 0) +++
Execution 78 - TLS Mutual
s_connection: verify depth is 1
[pid 355] 14:58:12.295199 openssl->SSL_connect(0x5d34529690e0, 0x5d345293be50, 0x5d345293be50, 0x713b0c2c5360 <unfinished ...>
[pid 355] 14:58:12.295703 libssl.so.3->EVP_PKEY_keygen_init(0x5d345296b7d0, 0, 176, 0x5d345296b7d0) = 1 <0.000162>
[pid 355] 14:58:12.295927 libssl.so.3->EVP_PKEY_keygen(0x5d345296b7d0, 0x7ffd36578d70, 0, 103 <unfinished ...>
[pid 355] 14:58:12.296068 oqsprovider.so->OQS_KEM_new(0x5d3452960c70, 8, 0, 0x5d3452968b50) = 0x5d3452968b70 <0.000125>
[pid 355] 14:58:12.296266 oqsprovider.so->OQS_KEM_keypair(0x5d3452968b70, 0x5d3452973d00, 0x5d3452974ec0, 0x5d3452968b50) = 0 <0.008479>
[pid 355] 14:58:12.304875 <... EVP_PKEY_keygen resumed> ) = 1 <0.008941>
[pid 355] 14:58:12.327303 libssl.so.3->EVP_PKEY_decapsulate_init(0x5d345296b7d0, 0, 176, 0x5d345296b7d0) = 1 <0.000414>
[pid 355] 14:58:12.327772 libssl.so.3->EVP_PKEY_decapsulate(0x5d345296b7d0, 0, 0x7ffd36578d30, 0x5d345296d7ea) = 1 <0.000132>
[pid 355] 14:58:12.327950 libssl.so.3->EVP_PKEY_decapsulate(0x5d345296b7d0, 0x5d3452963ec0, 0x7ffd36578d30, 0x5d345296d7ea <unfinished ...>
[pid 355] 14:58:12.328078 oqsprovider.so->OQS_KEM_decaps(0x5d3452968b70, 0x5d3452963ec0, 0x5d345296d7ea, 0x5d3452974ec0) = 0 <0.023393>
[pid 355] 14:58:12.351636 <... EVP_PKEY_decapsulate resumed> ) = 1 <0.023667>
[pid 355] 14:58:12.353334 libssl.so.3->X509_verify_cert(0x5d3452960ea0, 0, 0x8000, 0xffffffff) = 1 <0.000673>
[pid 355] 14:58:12.354341 libssl.so.3->EVP_DigestVerifyInit_ex(0x5d3452990980, 0x7ffd36578dd8, 0, 0) = 1 <0.000217>
[pid 355] 14:58:12.354640 libssl.so.3->EVP_DigestVerify(0x5d3452990980, 0x5d345296d798, 3309, 0x7ffd36578de0) = 1 <0.000277>
[pid 355] 14:58:12.355210 libssl.so.3->X509_verify_cert(0x5d3452960ea0, 1, 1, 0) = 1 <0.000269>
[pid 355] 14:58:12.355842 libssl.so.3->EVP_DigestSignInit_ex(0x5d345288d810, 0x7ffd36578dc0, 0, 0) = 1 <0.000136>
[pid 355] 14:58:12.356023 libssl.so.3->EVP_DigestSign(0x5d345288d810, 0, 0x7ffd36578dd0, 0x7ffd36578de0) = 1 <0.000124>
[pid 355] 14:58:12.356192 libssl.so.3->EVP_DigestSign(0x5d345288d810, 0x5d3452960fc0, 0x7ffd36578dd0, 0x7ffd36578de0) = 1 <0.000332>
[pid 355] 14:58:12.356818 <... SSL_connect resumed> ) = 1 <0.061631>
[pid 355] 14:58:12.357022 oqsprovider.so->OQS_KEM_free(0x5d3452968b70, 0x5d3452968b20, 2, 0x5d3452968b40) = 4 <0.000125>
Handshake duration: 61.83 ms
[pid 355] 14:58:12.359485 +++ exited (status 0) +++
Execution 79 - TLS Mutual
s_connection: verify depth is 1
[pid 357] 14:58:12.414999 openssl->SSL_connect(0x607b489650e0, 0x607b48937e50, 0x607b48937e50, 0x72cb19187360 <unfinished ...>
[pid 357] 14:58:12.415441 libssl.so.3->EVP_PKEY_keygen_init(0x607b489677d0, 0, 176, 0x607b489677d0) = 1 <0.000162>
[pid 357] 14:58:12.415669 libssl.so.3->EVP_PKEY_keygen(0x607b489677d0, 0x7ffc02ddaf50, 0, 103 <unfinished ...>
[pid 357] 14:58:12.415818 oqsprovider.so->OQS_KEM_new(0x607b4895cc70, 8, 0, 0x607b48964b50) = 0x607b48964b70 <0.000134>
[pid 357] 14:58:12.416047 oqsprovider.so->OQS_KEM_keypair(0x607b48964b70, 0x607b4896fd00, 0x607b48970ec0, 0x607b48964b50) = 0 <0.007206>
[pid 357] 14:58:12.423401 <... EVP_PKEY_keygen resumed> ) = 1 <0.007719>
[pid 357] 14:58:12.446315 libssl.so.3->EVP_PKEY_decapsulate_init(0x607b489677d0, 0, 176, 0x607b489677d0) = 1 <0.000398>
[pid 357] 14:58:12.446805 libssl.so.3->EVP_PKEY_decapsulate(0x607b489677d0, 0, 0x7ffc02ddaf10, 0x607b489697ea) = 1 <0.000154>
[pid 357] 14:58:12.447016 libssl.so.3->EVP_PKEY_decapsulate(0x607b489677d0, 0x607b4895fec0, 0x7ffc02ddaf10, 0x607b489697ea <unfinished ...>
[pid 357] 14:58:12.447191 oqsprovider.so->OQS_KEM_decaps(0x607b48964b70, 0x607b4895fec0, 0x607b489697ea, 0x607b48970ec0) = 0 <0.026525>
[pid 357] 14:58:12.473866 <... EVP_PKEY_decapsulate resumed> ) = 1 <0.026839>
[pid 357] 14:58:12.474788 libssl.so.3->X509_verify_cert(0x607b4895cea0, 0, 0x8000, 0xffffffff) = 1 <0.000525>
[pid 357] 14:58:12.475539 libssl.so.3->EVP_DigestVerifyInit_ex(0x607b4898c980, 0x7ffc02ddafb8, 0, 0) = 1 <0.000151>
[pid 357] 14:58:12.475745 libssl.so.3->EVP_DigestVerify(0x607b4898c980, 0x607b48969798, 3309, 0x7ffc02ddafc0) = 1 <0.000221>
[pid 357] 14:58:12.476249 libssl.so.3->X509_verify_cert(0x607b4895cea0, 1, 1, 0) = 1 <0.000345>
[pid 357] 14:58:12.477085 libssl.so.3->EVP_DigestSignInit_ex(0x607b48889810, 0x7ffc02ddafa0, 0, 0) = 1 <0.000227>
[pid 357] 14:58:12.477376 libssl.so.3->EVP_DigestSign(0x607b48889810, 0, 0x7ffc02ddafb0, 0x7ffc02ddafc0) = 1 <0.000189>
[pid 357] 14:58:12.477635 libssl.so.3->EVP_DigestSign(0x607b48889810, 0x607b4895cfc0, 0x7ffc02ddafb0, 0x7ffc02ddafc0) = 1 <0.000423>
[pid 357] 14:58:12.479315 <... SSL_connect resumed> ) = 1 <0.064319>
[pid 357] 14:58:12.479627 oqsprovider.so->OQS_KEM_free(0x607b48964b70, 0x607b48964b20, 2, 0x607b48964b40) = 4 <0.000198>
Handshake duration: 64.57 ms
[pid 357] 14:58:12.482187 +++ exited (status 0) +++
Execution 80 - TLS Mutual
s_connection: verify depth is 1
[pid 359] 14:58:12.540169 openssl->SSL_connect(0x60919702c0e0, 0x609196ffee50, 0x609196ffee50, 0x7ab2684bc360 <unfinished ...>
[pid 359] 14:58:12.540614 libssl.so.3->EVP_PKEY_keygen_init(0x60919702e7d0, 0, 176, 0x60919702e7d0) = 1 <0.000148>
[pid 359] 14:58:12.540810 libssl.so.3->EVP_PKEY_keygen(0x60919702e7d0, 0x7ffe8a4dd160, 0, 103 <unfinished ...>
[pid 359] 14:58:12.540937 oqsprovider.so->OQS_KEM_new(0x609197023c70, 8, 0, 0x60919702bb50) = 0x60919702bb70 <0.000130>
[pid 359] 14:58:12.541123 oqsprovider.so->OQS_KEM_keypair(0x60919702bb70, 0x609197036d00, 0x609197037ec0, 0x60919702bb50) = 0 <0.007708>
[pid 359] 14:58:12.548955 <... EVP_PKEY_keygen resumed> ) = 1 <0.008130>
[pid 359] 14:58:12.572986 libssl.so.3->EVP_PKEY_decapsulate_init(0x60919702e7d0, 0, 176, 0x60919702e7d0) = 1 <0.000406>
[pid 359] 14:58:12.573434 libssl.so.3->EVP_PKEY_decapsulate(0x60919702e7d0, 0, 0x7ffe8a4dd120, 0x6091970307ea) = 1 <0.000130>
[pid 359] 14:58:12.573611 libssl.so.3->EVP_PKEY_decapsulate(0x60919702e7d0, 0x609197026ec0, 0x7ffe8a4dd120, 0x6091970307ea <unfinished ...>
[pid 359] 14:58:12.573746 oqsprovider.so->OQS_KEM_decaps(0x60919702bb70, 0x609197026ec0, 0x6091970307ea, 0x609197037ec0) = 0 <0.023312>
[pid 359] 14:58:12.597194 <... EVP_PKEY_decapsulate resumed> ) = 1 <0.023574>
[pid 359] 14:58:12.598084 libssl.so.3->X509_verify_cert(0x609197023ea0, 0, 0x8000, 0xffffffff) = 1 <0.000551>
[pid 359] 14:58:12.598917 libssl.so.3->EVP_DigestVerifyInit_ex(0x609197053980, 0x7ffe8a4dd1c8, 0, 0) = 1 <0.000151>
[pid 359] 14:58:12.599115 libssl.so.3->EVP_DigestVerify(0x609197053980, 0x609197030798, 3309, 0x7ffe8a4dd1d0) = 1 <0.000206>
[pid 359] 14:58:12.599543 libssl.so.3->X509_verify_cert(0x609197023ea0, 1, 1, 0) = 1 <0.000207>
[pid 359] 14:58:12.600139 libssl.so.3->EVP_DigestSignInit_ex(0x609196f50810, 0x7ffe8a4dd1b0, 0, 0) = 1 <0.000146>
[pid 359] 14:58:12.600346 libssl.so.3->EVP_DigestSign(0x609196f50810, 0, 0x7ffe8a4dd1c0, 0x7ffe8a4dd1d0) = 1 <0.000120>
[pid 359] 14:58:12.600495 libssl.so.3->EVP_DigestSign(0x609196f50810, 0x609197023fc0, 0x7ffe8a4dd1c0, 0x7ffe8a4dd1d0) = 1 <0.000440>
[pid 359] 14:58:12.601181 <... SSL_connect resumed> ) = 1 <0.061027>
[pid 359] 14:58:12.601455 oqsprovider.so->OQS_KEM_free(0x60919702bb70, 0x60919702bb20, 2, 0x60919702bb40) = 4 <0.000216>
Handshake duration: 61.22 ms
[pid 359] 14:58:12.603868 +++ exited (status 0) +++
Execution 81 - TLS Mutual
s_connection: verify depth is 1
[pid 361] 14:58:12.666287 openssl->SSL_connect(0x5e30e5af60e0, 0x5e30e5ac8e50, 0x5e30e5ac8e50, 0x793a651cc360 <unfinished ...>
[pid 361] 14:58:12.666720 libssl.so.3->EVP_PKEY_keygen_init(0x5e30e5af87d0, 0, 176, 0x5e30e5af87d0) = 1 <0.000166>
[pid 361] 14:58:12.666982 libssl.so.3->EVP_PKEY_keygen(0x5e30e5af87d0, 0x7ffcec470940, 0, 103 <unfinished ...>
[pid 361] 14:58:12.667159 oqsprovider.so->OQS_KEM_new(0x5e30e5aedc70, 8, 0, 0x5e30e5af5b50) = 0x5e30e5af5b70 <0.000166>
[pid 361] 14:58:12.667393 oqsprovider.so->OQS_KEM_keypair(0x5e30e5af5b70, 0x5e30e5b00d00, 0x5e30e5b01ec0, 0x5e30e5af5b50) = 0 <0.007261>
[pid 361] 14:58:12.674799 <... EVP_PKEY_keygen resumed> ) = 1 <0.007808>
[pid 361] 14:58:12.697274 libssl.so.3->EVP_PKEY_decapsulate_init(0x5e30e5af87d0, 0, 176, 0x5e30e5af87d0) = 1 <0.000483>
[pid 361] 14:58:12.697845 libssl.so.3->EVP_PKEY_decapsulate(0x5e30e5af87d0, 0, 0x7ffcec470900, 0x5e30e5afa7ea) = 1 <0.000182>
[pid 361] 14:58:12.698095 libssl.so.3->EVP_PKEY_decapsulate(0x5e30e5af87d0, 0x5e30e5af0ec0, 0x7ffcec470900, 0x5e30e5afa7ea <unfinished ...>
[pid 361] 14:58:12.698293 oqsprovider.so->OQS_KEM_decaps(0x5e30e5af5b70, 0x5e30e5af0ec0, 0x5e30e5afa7ea, 0x5e30e5b01ec0) = 0 <0.034806>
[pid 361] 14:58:12.733274 <... EVP_PKEY_decapsulate resumed> ) = 1 <0.035172>
[pid 361] 14:58:12.734401 libssl.so.3->X509_verify_cert(0x5e30e5aedea0, 0, 0x8000, 0xffffffff) = 1 <0.000530>
[pid 361] 14:58:12.735164 libssl.so.3->EVP_DigestVerifyInit_ex(0x5e30e5b1d980, 0x7ffcec4709a8, 0, 0) = 1 <0.000364>
[pid 361] 14:58:12.735632 libssl.so.3->EVP_DigestVerify(0x5e30e5b1d980, 0x5e30e5afa798, 3309, 0x7ffcec4709b0) = 1 <0.000323>
[pid 361] 14:58:12.736216 libssl.so.3->X509_verify_cert(0x5e30e5aedea0, 1, 1, 0) = 1 <0.000284>
[pid 361] 14:58:12.736931 libssl.so.3->EVP_DigestSignInit_ex(0x5e30e5a1a810, 0x7ffcec470990, 0, 0) = 1 <0.000210>
[pid 361] 14:58:12.737258 libssl.so.3->EVP_DigestSign(0x5e30e5a1a810, 0, 0x7ffcec4709a0, 0x7ffcec4709b0) = 1 <0.000164>
[pid 361] 14:58:12.737481 libssl.so.3->EVP_DigestSign(0x5e30e5a1a810, 0x5e30e5aedfc0, 0x7ffcec4709a0, 0x7ffcec4709b0) = 1 <0.000352>
[pid 361] 14:58:12.738134 <... SSL_connect resumed> ) = 1 <0.071849>
[pid 361] 14:58:12.738374 oqsprovider.so->OQS_KEM_free(0x5e30e5af5b70, 0x5e30e5af5b20, 2, 0x5e30e5af5b40) = 4 <0.000200>
Handshake duration: 72.04 ms
[pid 361] 14:58:12.741009 +++ exited (status 0) +++
Execution 82 - TLS Mutual
s_connection: verify depth is 1
[pid 363] 14:58:12.803076 openssl->SSL_connect(0x59e0aa3ca0e0, 0x59e0aa39ce50, 0x59e0aa39ce50, 0x70ec81338360 <unfinished ...>
[pid 363] 14:58:12.803619 libssl.so.3->EVP_PKEY_keygen_init(0x59e0aa3cc7d0, 0, 176, 0x59e0aa3cc7d0) = 1 <0.000194>
[pid 363] 14:58:12.803931 libssl.so.3->EVP_PKEY_keygen(0x59e0aa3cc7d0, 0x7fff1dc0ff00, 0, 103 <unfinished ...>
[pid 363] 14:58:12.804162 oqsprovider.so->OQS_KEM_new(0x59e0aa3c1c70, 8, 0, 0x59e0aa3c9b50) = 0x59e0aa3c9b70 <0.000247>
[pid 363] 14:58:12.804485 oqsprovider.so->OQS_KEM_keypair(0x59e0aa3c9b70, 0x59e0aa3d4d00, 0x59e0aa3d5ec0, 0x59e0aa3c9b50) = 0 <0.007430>
[pid 363] 14:58:12.812196 <... EVP_PKEY_keygen resumed> ) = 1 <0.008217>
[pid 363] 14:58:12.835456 libssl.so.3->EVP_PKEY_decapsulate_init(0x59e0aa3cc7d0, 0, 176, 0x59e0aa3cc7d0) = 1 <0.000406>
[pid 363] 14:58:12.835912 libssl.so.3->EVP_PKEY_decapsulate(0x59e0aa3cc7d0, 0, 0x7fff1dc0fec0, 0x59e0aa3ce7ea) = 1 <0.000140>
[pid 363] 14:58:12.836100 libssl.so.3->EVP_PKEY_decapsulate(0x59e0aa3cc7d0, 0x59e0aa3c4ec0, 0x7fff1dc0fec0, 0x59e0aa3ce7ea <unfinished ...>
[pid 363] 14:58:12.836246 oqsprovider.so->OQS_KEM_decaps(0x59e0aa3c9b70, 0x59e0aa3c4ec0, 0x59e0aa3ce7ea, 0x59e0aa3d5ec0) = 0 <0.021712>
[pid 363] 14:58:12.858130 <... EVP_PKEY_decapsulate resumed> ) = 1 <0.022018>
[pid 363] 14:58:12.859313 libssl.so.3->X509_verify_cert(0x59e0aa3c1ea0, 0, 0x8000, 0xffffffff) = 1 <0.000598>
[pid 363] 14:58:12.860161 libssl.so.3->EVP_DigestVerifyInit_ex(0x59e0aa3f1980, 0x7fff1dc0ff68, 0, 0) = 1 <0.000177>
[pid 363] 14:58:12.860381 libssl.so.3->EVP_DigestVerify(0x59e0aa3f1980, 0x59e0aa3ce798, 3309, 0x7fff1dc0ff70) = 1 <0.000233>
[pid 363] 14:58:12.860857 libssl.so.3->X509_verify_cert(0x59e0aa3c1ea0, 1, 1, 0) = 1 <0.000259>
[pid 363] 14:58:12.861564 libssl.so.3->EVP_DigestSignInit_ex(0x59e0aa2ee810, 0x7fff1dc0ff50, 0, 0) = 1 <0.000167>
[pid 363] 14:58:12.861825 libssl.so.3->EVP_DigestSign(0x59e0aa2ee810, 0, 0x7fff1dc0ff60, 0x7fff1dc0ff70) = 1 <0.000179>
[pid 363] 14:58:12.862058 libssl.so.3->EVP_DigestSign(0x59e0aa2ee810, 0x59e0aa3c1fc0, 0x7fff1dc0ff60, 0x7fff1dc0ff70) = 1 <0.000704>
[pid 363] 14:58:12.863056 <... SSL_connect resumed> ) = 1 <0.059996>
[pid 363] 14:58:12.863289 oqsprovider.so->OQS_KEM_free(0x59e0aa3c9b70, 0x59e0aa3c9b20, 2, 0x59e0aa3c9b40) = 4 <0.000156>
Handshake duration: 60.20 ms
[pid 363] 14:58:12.866639 +++ exited (status 0) +++
Execution 83 - TLS Mutual
s_connection: verify depth is 1
[pid 365] 14:58:12.922031 openssl->SSL_connect(0x563ff2ae00e0, 0x563ff2ab2e50, 0x563ff2ab2e50, 0x7e2961c01360 <unfinished ...>
[pid 365] 14:58:12.922528 libssl.so.3->EVP_PKEY_keygen_init(0x563ff2ae27d0, 0, 176, 0x563ff2ae27d0) = 1 <0.000210>
[pid 365] 14:58:12.922799 libssl.so.3->EVP_PKEY_keygen(0x563ff2ae27d0, 0x7ffc347e4770, 0, 103 <unfinished ...>
[pid 365] 14:58:12.923010 oqsprovider.so->OQS_KEM_new(0x563ff2ad7c70, 8, 0, 0x563ff2adfb50) = 0x563ff2adfb70 <0.000294>
[pid 365] 14:58:12.923397 oqsprovider.so->OQS_KEM_keypair(0x563ff2adfb70, 0x563ff2aead00, 0x563ff2aebec0, 0x563ff2adfb50) = 0 <0.013083>
[pid 365] 14:58:12.936677 <... EVP_PKEY_keygen resumed> ) = 1 <0.013845>
[pid 365] 14:58:12.965272 libssl.so.3->EVP_PKEY_decapsulate_init(0x563ff2ae27d0, 0, 176, 0x563ff2ae27d0) = 1 <0.000456>
[pid 365] 14:58:12.965766 libssl.so.3->EVP_PKEY_decapsulate(0x563ff2ae27d0, 0, 0x7ffc347e4730, 0x563ff2ae47ea) = 1 <0.000244>
[pid 365] 14:58:12.966100 libssl.so.3->EVP_PKEY_decapsulate(0x563ff2ae27d0, 0x563ff2adaec0, 0x7ffc347e4730, 0x563ff2ae47ea <unfinished ...>
[pid 365] 14:58:12.966298 oqsprovider.so->OQS_KEM_decaps(0x563ff2adfb70, 0x563ff2adaec0, 0x563ff2ae47ea, 0x563ff2aebec0) = 0 <0.030737>
[pid 365] 14:58:12.997174 <... EVP_PKEY_decapsulate resumed> ) = 1 <0.031072>
[pid 365] 14:58:12.998091 libssl.so.3->X509_verify_cert(0x563ff2ad7ea0, 0, 0x8000, 0xffffffff) = 1 <0.000554>
[pid 365] 14:58:12.998854 libssl.so.3->EVP_DigestVerifyInit_ex(0x563ff2b07980, 0x7ffc347e47d8, 0, 0) = 1 <0.000155>
[pid 365] 14:58:12.999066 libssl.so.3->EVP_DigestVerify(0x563ff2b07980, 0x563ff2ae4798, 3309, 0x7ffc347e47e0) = 1 <0.000197>
[pid 365] 14:58:12.999468 libssl.so.3->X509_verify_cert(0x563ff2ad7ea0, 1, 1, 0) = 1 <0.000209>
[pid 365] 14:58:13.000117 libssl.so.3->EVP_DigestSignInit_ex(0x563ff2a04810, 0x7ffc347e47c0, 0, 0) = 1 <0.000230>
[pid 365] 14:58:13.000398 libssl.so.3->EVP_DigestSign(0x563ff2a04810, 0, 0x7ffc347e47d0, 0x7ffc347e47e0) = 1 <0.000179>
[pid 365] 14:58:13.000679 libssl.so.3->EVP_DigestSign(0x563ff2a04810, 0x563ff2ad7fc0, 0x7ffc347e47d0, 0x7ffc347e47e0) = 1 <0.000471>
[pid 365] 14:58:13.001430 <... SSL_connect resumed> ) = 1 <0.079408>
[pid 365] 14:58:13.001654 oqsprovider.so->OQS_KEM_free(0x563ff2adfb70, 0x563ff2adfb20, 2, 0x563ff2adfb40) = 4 <0.000129>
Handshake duration: 79.60 ms
[pid 365] 14:58:13.003957 +++ exited (status 0) +++
Execution 84 - TLS Mutual
s_connection: verify depth is 1
[pid 367] 14:58:13.062850 openssl->SSL_connect(0x5e016df000e0, 0x5e016ded2e50, 0x5e016ded2e50, 0x7f6e7c83d360 <unfinished ...>
[pid 367] 14:58:13.063365 libssl.so.3->EVP_PKEY_keygen_init(0x5e016df027d0, 0, 176, 0x5e016df027d0) = 1 <0.000162>
[pid 367] 14:58:13.063578 libssl.so.3->EVP_PKEY_keygen(0x5e016df027d0, 0x7ffc287ee420, 0, 103 <unfinished ...>
[pid 367] 14:58:13.063713 oqsprovider.so->OQS_KEM_new(0x5e016def7c70, 8, 0, 0x5e016deffb50) = 0x5e016deffb70 <0.000113>
[pid 367] 14:58:13.063913 oqsprovider.so->OQS_KEM_keypair(0x5e016deffb70, 0x5e016df0ad00, 0x5e016df0bec0, 0x5e016deffb50) = 0 <0.007406>
[pid 367] 14:58:13.071464 <... EVP_PKEY_keygen resumed> ) = 1 <0.007874>
[pid 367] 14:58:13.093740 libssl.so.3->EVP_PKEY_decapsulate_init(0x5e016df027d0, 0, 176, 0x5e016df027d0) = 1 <0.000477>
[pid 367] 14:58:13.094306 libssl.so.3->EVP_PKEY_decapsulate(0x5e016df027d0, 0, 0x7ffc287ee3e0, 0x5e016df047ea) = 1 <0.000135>
[pid 367] 14:58:13.094498 libssl.so.3->EVP_PKEY_decapsulate(0x5e016df027d0, 0x5e016defaec0, 0x7ffc287ee3e0, 0x5e016df047ea <unfinished ...>
[pid 367] 14:58:13.094643 oqsprovider.so->OQS_KEM_decaps(0x5e016deffb70, 0x5e016defaec0, 0x5e016df047ea, 0x5e016df0bec0) = 0 <0.021400>
[pid 367] 14:58:13.116177 <... EVP_PKEY_decapsulate resumed> ) = 1 <0.021660>
[pid 367] 14:58:13.117107 libssl.so.3->X509_verify_cert(0x5e016def7ea0, 0, 0x8000, 0xffffffff) = 1 <0.000693>
[pid 367] 14:58:13.118109 libssl.so.3->EVP_DigestVerifyInit_ex(0x5e016df27980, 0x7ffc287ee488, 0, 0) = 1 <0.000209>
[pid 367] 14:58:13.118368 libssl.so.3->EVP_DigestVerify(0x5e016df27980, 0x5e016df04798, 3309, 0x7ffc287ee490) = 1 <0.000200>
[pid 367] 14:58:13.118825 libssl.so.3->X509_verify_cert(0x5e016def7ea0, 1, 1, 0) = 1 <0.000275>
[pid 367] 14:58:13.119532 libssl.so.3->EVP_DigestSignInit_ex(0x5e016de24810, 0x7ffc287ee470, 0, 0) = 1 <0.000184>
[pid 367] 14:58:13.119763 libssl.so.3->EVP_DigestSign(0x5e016de24810, 0, 0x7ffc287ee480, 0x7ffc287ee490) = 1 <0.000137>
[pid 367] 14:58:13.119941 libssl.so.3->EVP_DigestSign(0x5e016de24810, 0x5e016def7fc0, 0x7ffc287ee480, 0x7ffc287ee490) = 1 <0.000459>
[pid 367] 14:58:13.120648 <... SSL_connect resumed> ) = 1 <0.057809>
[pid 367] 14:58:13.120862 oqsprovider.so->OQS_KEM_free(0x5e016deffb70, 0x5e016deffb20, 2, 0x5e016deffb40) = 4 <0.000148>
Handshake duration: 58.00 ms
[pid 367] 14:58:13.123160 +++ exited (status 0) +++
Execution 85 - TLS Mutual
s_connection: verify depth is 1
[pid 369] 14:58:13.178208 openssl->SSL_connect(0x612c227560e0, 0x612c22728e50, 0x612c22728e50, 0x7a2f457b1360 <unfinished ...>
[pid 369] 14:58:13.178649 libssl.so.3->EVP_PKEY_keygen_init(0x612c227587d0, 0, 176, 0x612c227587d0) = 1 <0.000150>
[pid 369] 14:58:13.178856 libssl.so.3->EVP_PKEY_keygen(0x612c227587d0, 0x7fff047ad590, 0, 103 <unfinished ...>
[pid 369] 14:58:13.178988 oqsprovider.so->OQS_KEM_new(0x612c2274dc70, 8, 0, 0x612c22755b50) = 0x612c22755b70 <0.000108>
[pid 369] 14:58:13.179169 oqsprovider.so->OQS_KEM_keypair(0x612c22755b70, 0x612c22760d00, 0x612c22761ec0, 0x612c22755b50) = 0 <0.007274>
[pid 369] 14:58:13.186535 <... EVP_PKEY_keygen resumed> ) = 1 <0.007674>
[pid 369] 14:58:13.209466 libssl.so.3->EVP_PKEY_decapsulate_init(0x612c227587d0, 0, 176, 0x612c227587d0) = 1 <0.000476>
[pid 369] 14:58:13.209998 libssl.so.3->EVP_PKEY_decapsulate(0x612c227587d0, 0, 0x7fff047ad550, 0x612c2275a7ea) = 1 <0.000159>
[pid 369] 14:58:13.210203 libssl.so.3->EVP_PKEY_decapsulate(0x612c227587d0, 0x612c22750ec0, 0x7fff047ad550, 0x612c2275a7ea <unfinished ...>
[pid 369] 14:58:13.210385 oqsprovider.so->OQS_KEM_decaps(0x612c22755b70, 0x612c22750ec0, 0x612c2275a7ea, 0x612c22761ec0) = 0 <0.021498>
[pid 369] 14:58:13.232019 <... EVP_PKEY_decapsulate resumed> ) = 1 <0.021807>
[pid 369] 14:58:13.232900 libssl.so.3->X509_verify_cert(0x612c2274dea0, 0, 0x8000, 0xffffffff) = 1 <0.000513>
[pid 369] 14:58:13.233626 libssl.so.3->EVP_DigestVerifyInit_ex(0x612c2277d980, 0x7fff047ad5f8, 0, 0) = 1 <0.000150>
[pid 369] 14:58:13.233867 libssl.so.3->EVP_DigestVerify(0x612c2277d980, 0x612c2275a798, 3309, 0x7fff047ad600) = 1 <0.000236>
[pid 369] 14:58:13.234381 libssl.so.3->X509_verify_cert(0x612c2274dea0, 1, 1, 0) = 1 <0.000226>
[pid 369] 14:58:13.235085 libssl.so.3->EVP_DigestSignInit_ex(0x612c2267a810, 0x7fff047ad5e0, 0, 0) = 1 <0.000276>
[pid 369] 14:58:13.235420 libssl.so.3->EVP_DigestSign(0x612c2267a810, 0, 0x7fff047ad5f0, 0x7fff047ad600) = 1 <0.000154>
[pid 369] 14:58:13.235653 libssl.so.3->EVP_DigestSign(0x612c2267a810, 0x612c2274dfc0, 0x7fff047ad5f0, 0x7fff047ad600) = 1 <0.000264>
[pid 369] 14:58:13.236207 <... SSL_connect resumed> ) = 1 <0.058007>
[pid 369] 14:58:13.236466 oqsprovider.so->OQS_KEM_free(0x612c22755b70, 0x612c22755b20, 2, 0x612c22755b40) = 4 <0.000122>
Handshake duration: 58.23 ms
[pid 369] 14:58:13.238734 +++ exited (status 0) +++
Execution 86 - TLS Mutual
s_connection: verify depth is 1
[pid 371] 14:58:13.296904 openssl->SSL_connect(0x5a645ddad0e0, 0x5a645dd7fe50, 0x5a645dd7fe50, 0x7a32d99fa360 <unfinished ...>
[pid 371] 14:58:13.297344 libssl.so.3->EVP_PKEY_keygen_init(0x5a645ddaf7d0, 0, 176, 0x5a645ddaf7d0) = 1 <0.000151>
[pid 371] 14:58:13.297553 libssl.so.3->EVP_PKEY_keygen(0x5a645ddaf7d0, 0x7fffa25d28c0, 0, 103 <unfinished ...>
[pid 371] 14:58:13.297684 oqsprovider.so->OQS_KEM_new(0x5a645dda4c70, 8, 0, 0x5a645ddacb50) = 0x5a645ddacb70 <0.000116>
[pid 371] 14:58:13.297853 oqsprovider.so->OQS_KEM_keypair(0x5a645ddacb70, 0x5a645ddb7d00, 0x5a645ddb8ec0, 0x5a645ddacb50) = 0 <0.007501>
[pid 371] 14:58:13.305478 <... EVP_PKEY_keygen resumed> ) = 1 <0.007918>
[pid 371] 14:58:13.328158 libssl.so.3->EVP_PKEY_decapsulate_init(0x5a645ddaf7d0, 0, 176, 0x5a645ddaf7d0) = 1 <0.000434>
[pid 371] 14:58:13.328680 libssl.so.3->EVP_PKEY_decapsulate(0x5a645ddaf7d0, 0, 0x7fffa25d2880, 0x5a645ddb17ea) = 1 <0.000208>
[pid 371] 14:58:13.328937 libssl.so.3->EVP_PKEY_decapsulate(0x5a645ddaf7d0, 0x5a645dda7ec0, 0x7fffa25d2880, 0x5a645ddb17ea <unfinished ...>
[pid 371] 14:58:13.329146 oqsprovider.so->OQS_KEM_decaps(0x5a645ddacb70, 0x5a645dda7ec0, 0x5a645ddb17ea, 0x5a645ddb8ec0) = 0 <0.022762>
[pid 371] 14:58:13.352083 <... EVP_PKEY_decapsulate resumed> ) = 1 <0.023134>
[pid 371] 14:58:13.353210 libssl.so.3->X509_verify_cert(0x5a645dda4ea0, 0, 0x8000, 0xffffffff) = 1 <0.000654>
[pid 371] 14:58:13.354092 libssl.so.3->EVP_DigestVerifyInit_ex(0x5a645ddd4980, 0x7fffa25d2928, 0, 0) = 1 <0.000169>
[pid 371] 14:58:13.354328 libssl.so.3->EVP_DigestVerify(0x5a645ddd4980, 0x5a645ddb1798, 3309, 0x7fffa25d2930) = 1 <0.000248>
[pid 371] 14:58:13.354788 libssl.so.3->X509_verify_cert(0x5a645dda4ea0, 1, 1, 0) = 1 <0.000228>
[pid 371] 14:58:13.355442 libssl.so.3->EVP_DigestSignInit_ex(0x5a645dcd1810, 0x7fffa25d2910, 0, 0) = 1 <0.000177>
[pid 371] 14:58:13.355674 libssl.so.3->EVP_DigestSign(0x5a645dcd1810, 0, 0x7fffa25d2920, 0x7fffa25d2930) = 1 <0.000145>
[pid 371] 14:58:13.355863 libssl.so.3->EVP_DigestSign(0x5a645dcd1810, 0x5a645dda4fc0, 0x7fffa25d2920, 0x7fffa25d2930) = 1 <0.000454>
[pid 371] 14:58:13.356591 <... SSL_connect resumed> ) = 1 <0.059694>
[pid 371] 14:58:13.356841 oqsprovider.so->OQS_KEM_free(0x5a645ddacb70, 0x5a645ddacb20, 2, 0x5a645ddacb40) = 4 <0.000186>
Handshake duration: 59.87 ms
[pid 371] 14:58:13.359014 +++ exited (status 0) +++
Execution 87 - TLS Mutual
s_connection: verify depth is 1
[pid 373] 14:58:13.420851 openssl->SSL_connect(0x5e27ef25f0e0, 0x5e27ef231e50, 0x5e27ef231e50, 0x7ab9926b9360 <unfinished ...>
[pid 373] 14:58:13.421387 libssl.so.3->EVP_PKEY_keygen_init(0x5e27ef2617d0, 0, 176, 0x5e27ef2617d0) = 1 <0.000232>
[pid 373] 14:58:13.421699 libssl.so.3->EVP_PKEY_keygen(0x5e27ef2617d0, 0x7fff9672dd90, 0, 103 <unfinished ...>
[pid 373] 14:58:13.421885 oqsprovider.so->OQS_KEM_new(0x5e27ef256c70, 8, 0, 0x5e27ef25eb50) = 0x5e27ef25eb70 <0.000163>
[pid 373] 14:58:13.422115 oqsprovider.so->OQS_KEM_keypair(0x5e27ef25eb70, 0x5e27ef269d00, 0x5e27ef26aec0, 0x5e27ef25eb50) = 0 <0.007745>
[pid 373] 14:58:13.429991 <... EVP_PKEY_keygen resumed> ) = 1 <0.008279>
[pid 373] 14:58:13.452928 libssl.so.3->EVP_PKEY_decapsulate_init(0x5e27ef2617d0, 0, 176, 0x5e27ef2617d0) = 1 <0.000433>
[pid 373] 14:58:13.453414 libssl.so.3->EVP_PKEY_decapsulate(0x5e27ef2617d0, 0, 0x7fff9672dd50, 0x5e27ef2637ea) = 1 <0.000136>
[pid 373] 14:58:13.453597 libssl.so.3->EVP_PKEY_decapsulate(0x5e27ef2617d0, 0x5e27ef259ec0, 0x7fff9672dd50, 0x5e27ef2637ea <unfinished ...>
[pid 373] 14:58:13.453847 oqsprovider.so->OQS_KEM_decaps(0x5e27ef25eb70, 0x5e27ef259ec0, 0x5e27ef2637ea, 0x5e27ef26aec0) = 0 <0.023117>
[pid 373] 14:58:13.477088 <... EVP_PKEY_decapsulate resumed> ) = 1 <0.023485>
[pid 373] 14:58:13.478051 libssl.so.3->X509_verify_cert(0x5e27ef256ea0, 0, 0x8000, 0xffffffff) = 1 <0.000606>
[pid 373] 14:58:13.478928 libssl.so.3->EVP_DigestVerifyInit_ex(0x5e27ef286980, 0x7fff9672ddf8, 0, 0) = 1 <0.000155>
[pid 373] 14:58:13.479127 libssl.so.3->EVP_DigestVerify(0x5e27ef286980, 0x5e27ef263798, 3309, 0x7fff9672de00) = 1 <0.000262>
[pid 373] 14:58:13.479939 libssl.so.3->X509_verify_cert(0x5e27ef256ea0, 1, 1, 0) = 1 <0.000310>
[pid 373] 14:58:13.480701 libssl.so.3->EVP_DigestSignInit_ex(0x5e27ef183810, 0x7fff9672dde0, 0, 0) = 1 <0.000157>
[pid 373] 14:58:13.480947 libssl.so.3->EVP_DigestSign(0x5e27ef183810, 0, 0x7fff9672ddf0, 0x7fff9672de00) = 1 <0.000180>
[pid 373] 14:58:13.481198 libssl.so.3->EVP_DigestSign(0x5e27ef183810, 0x5e27ef256fc0, 0x7fff9672ddf0, 0x7fff9672de00) = 1 <0.000416>
[pid 373] 14:58:13.481936 <... SSL_connect resumed> ) = 1 <0.061115>
[pid 373] 14:58:13.482177 oqsprovider.so->OQS_KEM_free(0x5e27ef25eb70, 0x5e27ef25eb20, 2, 0x5e27ef25eb40) = 4 <0.000267>
Handshake duration: 61.32 ms
[pid 373] 14:58:13.484642 +++ exited (status 0) +++
Execution 88 - TLS Mutual
s_connection: verify depth is 1
[pid 375] 14:58:13.540701 openssl->SSL_connect(0x5fa1b84520e0, 0x5fa1b8424e50, 0x5fa1b8424e50, 0x73fe78b2b360 <unfinished ...>
[pid 375] 14:58:13.541188 libssl.so.3->EVP_PKEY_keygen_init(0x5fa1b84547d0, 0, 176, 0x5fa1b84547d0) = 1 <0.000214>
[pid 375] 14:58:13.541455 libssl.so.3->EVP_PKEY_keygen(0x5fa1b84547d0, 0x7fff0198dde0, 0, 103 <unfinished ...>
[pid 375] 14:58:13.541654 oqsprovider.so->OQS_KEM_new(0x5fa1b8449c70, 8, 0, 0x5fa1b8451b50) = 0x5fa1b8451b70 <0.000227>
[pid 375] 14:58:13.541964 oqsprovider.so->OQS_KEM_keypair(0x5fa1b8451b70, 0x5fa1b845cd00, 0x5fa1b845dec0, 0x5fa1b8451b50) = 0 <0.007887>
[pid 375] 14:58:13.550055 <... EVP_PKEY_keygen resumed> ) = 1 <0.008566>
[pid 375] 14:58:13.575127 libssl.so.3->EVP_PKEY_decapsulate_init(0x5fa1b84547d0, 0, 176, 0x5fa1b84547d0) = 1 <0.000480>
[pid 375] 14:58:13.575684 libssl.so.3->EVP_PKEY_decapsulate(0x5fa1b84547d0, 0, 0x7fff0198dda0, 0x5fa1b84567ea) = 1 <0.000277>
[pid 375] 14:58:13.576059 libssl.so.3->EVP_PKEY_decapsulate(0x5fa1b84547d0, 0x5fa1b844cec0, 0x7fff0198dda0, 0x5fa1b84567ea <unfinished ...>
[pid 375] 14:58:13.576309 oqsprovider.so->OQS_KEM_decaps(0x5fa1b8451b70, 0x5fa1b844cec0, 0x5fa1b84567ea, 0x5fa1b845dec0) = 0 <0.022797>
[pid 375] 14:58:13.599273 <... EVP_PKEY_decapsulate resumed> ) = 1 <0.023200>
[pid 375] 14:58:13.600330 libssl.so.3->X509_verify_cert(0x5fa1b8449ea0, 0, 0x8000, 0xffffffff) = 1 <0.000660>
[pid 375] 14:58:13.601268 libssl.so.3->EVP_DigestVerifyInit_ex(0x5fa1b8479980, 0x7fff0198de48, 0, 0) = 1 <0.000222>
[pid 375] 14:58:13.601565 libssl.so.3->EVP_DigestVerify(0x5fa1b8479980, 0x5fa1b8456798, 3309, 0x7fff0198de50) = 1 <0.000244>
[pid 375] 14:58:13.602058 libssl.so.3->X509_verify_cert(0x5fa1b8449ea0, 1, 1, 0) = 1 <0.000461>
[pid 375] 14:58:13.602929 libssl.so.3->EVP_DigestSignInit_ex(0x5fa1b8376810, 0x7fff0198de30, 0, 0) = 1 <0.000195>
[pid 375] 14:58:13.603175 libssl.so.3->EVP_DigestSign(0x5fa1b8376810, 0, 0x7fff0198de40, 0x7fff0198de50) = 1 <0.000211>
[pid 375] 14:58:13.603709 libssl.so.3->EVP_DigestSign(0x5fa1b8376810, 0x5fa1b8449fc0, 0x7fff0198de40, 0x7fff0198de50) = 1 <0.000454>
[pid 375] 14:58:13.604542 <... SSL_connect resumed> ) = 1 <0.063849>
[pid 375] 14:58:13.604853 oqsprovider.so->OQS_KEM_free(0x5fa1b8451b70, 0x5fa1b8451b20, 2, 0x5fa1b8451b40) = 4 <0.000204>
Handshake duration: 64.15 ms
[pid 375] 14:58:13.607269 +++ exited (status 0) +++
Execution 89 - TLS Mutual
s_connection: verify depth is 1
[pid 377] 14:58:13.674047 openssl->SSL_connect(0x570d1d7280e0, 0x570d1d6fae50, 0x570d1d6fae50, 0x72e741115360 <unfinished ...>
[pid 377] 14:58:13.674710 libssl.so.3->EVP_PKEY_keygen_init(0x570d1d72a7d0, 0, 176, 0x570d1d72a7d0) = 1 <0.000240>
[pid 377] 14:58:13.675042 libssl.so.3->EVP_PKEY_keygen(0x570d1d72a7d0, 0x7ffc45c071a0, 0, 103 <unfinished ...>
[pid 377] 14:58:13.675273 oqsprovider.so->OQS_KEM_new(0x570d1d71fc70, 8, 0, 0x570d1d727b50) = 0x570d1d727b70 <0.000269>
[pid 377] 14:58:13.675642 oqsprovider.so->OQS_KEM_keypair(0x570d1d727b70, 0x570d1d732d00, 0x570d1d733ec0, 0x570d1d727b50) = 0 <0.007554>
[pid 377] 14:58:13.683419 <... EVP_PKEY_keygen resumed> ) = 1 <0.008368>
[pid 377] 14:58:13.706428 libssl.so.3->EVP_PKEY_decapsulate_init(0x570d1d72a7d0, 0, 176, 0x570d1d72a7d0) = 1 <0.000506>
[pid 377] 14:58:13.707015 libssl.so.3->EVP_PKEY_decapsulate(0x570d1d72a7d0, 0, 0x7ffc45c07160, 0x570d1d72c7ea) = 1 <0.000201>
[pid 377] 14:58:13.707296 libssl.so.3->EVP_PKEY_decapsulate(0x570d1d72a7d0, 0x570d1d722ec0, 0x7ffc45c07160, 0x570d1d72c7ea <unfinished ...>
[pid 377] 14:58:13.707451 oqsprovider.so->OQS_KEM_decaps(0x570d1d727b70, 0x570d1d722ec0, 0x570d1d72c7ea, 0x570d1d733ec0) = 0 <0.021488>
[pid 377] 14:58:13.729078 <... EVP_PKEY_decapsulate resumed> ) = 1 <0.021772>
[pid 377] 14:58:13.729986 libssl.so.3->X509_verify_cert(0x570d1d71fea0, 0, 0x8000, 0xffffffff) = 1 <0.000595>
[pid 377] 14:58:13.730814 libssl.so.3->EVP_DigestVerifyInit_ex(0x570d1d74f980, 0x7ffc45c07208, 0, 0) = 1 <0.000162>
[pid 377] 14:58:13.731042 libssl.so.3->EVP_DigestVerify(0x570d1d74f980, 0x570d1d72c798, 3309, 0x7ffc45c07210) = 1 <0.000259>
[pid 377] 14:58:13.731528 libssl.so.3->X509_verify_cert(0x570d1d71fea0, 1, 1, 0) = 1 <0.000231>
[pid 377] 14:58:13.732169 libssl.so.3->EVP_DigestSignInit_ex(0x570d1d64c810, 0x7ffc45c071f0, 0, 0) = 1 <0.000312>
[pid 377] 14:58:13.732547 libssl.so.3->EVP_DigestSign(0x570d1d64c810, 0, 0x7ffc45c07200, 0x7ffc45c07210) = 1 <0.000219>
[pid 377] 14:58:13.732822 libssl.so.3->EVP_DigestSign(0x570d1d64c810, 0x570d1d71ffc0, 0x7ffc45c07200, 0x7ffc45c07210) = 1 <0.000583>
[pid 377] 14:58:13.733680 <... SSL_connect resumed> ) = 1 <0.059649>
[pid 377] 14:58:13.733904 oqsprovider.so->OQS_KEM_free(0x570d1d727b70, 0x570d1d727b20, 2, 0x570d1d727b40) = 4 <0.000163>
Handshake duration: 59.90 ms
[pid 377] 14:58:13.736257 +++ exited (status 0) +++
Execution 90 - TLS Mutual
s_connection: verify depth is 1
[pid 379] 14:58:13.791755 openssl->SSL_connect(0x5fe3905680e0, 0x5fe39053ae50, 0x5fe39053ae50, 0x72aba9998360 <unfinished ...>
[pid 379] 14:58:13.792260 libssl.so.3->EVP_PKEY_keygen_init(0x5fe39056a7d0, 0, 176, 0x5fe39056a7d0) = 1 <0.000302>
[pid 379] 14:58:13.792606 libssl.so.3->EVP_PKEY_keygen(0x5fe39056a7d0, 0x7ffe8f9fd3f0, 0, 103 <unfinished ...>
[pid 379] 14:58:13.792778 oqsprovider.so->OQS_KEM_new(0x5fe39055fc70, 8, 0, 0x5fe390567b50) = 0x5fe390567b70 <0.000128>
[pid 379] 14:58:13.792957 oqsprovider.so->OQS_KEM_keypair(0x5fe390567b70, 0x5fe390572d00, 0x5fe390573ec0, 0x5fe390567b50) = 0 <0.008736>
[pid 379] 14:58:13.801800 <... EVP_PKEY_keygen resumed> ) = 1 <0.009188>
[pid 379] 14:58:13.824761 libssl.so.3->EVP_PKEY_decapsulate_init(0x5fe39056a7d0, 0, 176, 0x5fe39056a7d0) = 1 <0.000400>
[pid 379] 14:58:13.825208 libssl.so.3->EVP_PKEY_decapsulate(0x5fe39056a7d0, 0, 0x7ffe8f9fd3b0, 0x5fe39056c7ea) = 1 <0.000169>
[pid 379] 14:58:13.825445 libssl.so.3->EVP_PKEY_decapsulate(0x5fe39056a7d0, 0x5fe390562ec0, 0x7ffe8f9fd3b0, 0x5fe39056c7ea <unfinished ...>
[pid 379] 14:58:13.825623 oqsprovider.so->OQS_KEM_decaps(0x5fe390567b70, 0x5fe390562ec0, 0x5fe39056c7ea, 0x5fe390573ec0) = 0 <0.023139>
[pid 379] 14:58:13.848891 <... EVP_PKEY_decapsulate resumed> ) = 1 <0.023439>
[pid 379] 14:58:13.849777 libssl.so.3->X509_verify_cert(0x5fe39055fea0, 0, 0x8000, 0xffffffff) = 1 <0.000534>
[pid 379] 14:58:13.850644 libssl.so.3->EVP_DigestVerifyInit_ex(0x5fe39058f980, 0x7ffe8f9fd458, 0, 0) = 1 <0.000213>
[pid 379] 14:58:13.850915 libssl.so.3->EVP_DigestVerify(0x5fe39058f980, 0x5fe39056c798, 3309, 0x7ffe8f9fd460) = 1 <0.000215>
[pid 379] 14:58:13.851381 libssl.so.3->X509_verify_cert(0x5fe39055fea0, 1, 1, 0) = 1 <0.000235>
[pid 379] 14:58:13.852030 libssl.so.3->EVP_DigestSignInit_ex(0x5fe39048c810, 0x7ffe8f9fd440, 0, 0) = 1 <0.000150>
[pid 379] 14:58:13.852261 libssl.so.3->EVP_DigestSign(0x5fe39048c810, 0, 0x7ffe8f9fd450, 0x7ffe8f9fd460) = 1 <0.000148>
[pid 379] 14:58:13.852459 libssl.so.3->EVP_DigestSign(0x5fe39048c810, 0x5fe39055ffc0, 0x7ffe8f9fd450, 0x7ffe8f9fd460) = 1 <0.000358>
[pid 379] 14:58:13.853099 <... SSL_connect resumed> ) = 1 <0.061356>
[pid 379] 14:58:13.853333 oqsprovider.so->OQS_KEM_free(0x5fe390567b70, 0x5fe390567b20, 2, 0x5fe390567b40) = 4 <0.000125>
Handshake duration: 61.55 ms
[pid 379] 14:58:13.855552 +++ exited (status 0) +++
Execution 91 - TLS Mutual
s_connection: verify depth is 1
[pid 381] 14:58:13.910179 openssl->SSL_connect(0x5fd5feb550e0, 0x5fd5feb27e50, 0x5fd5feb27e50, 0x79defa713360 <unfinished ...>
[pid 381] 14:58:13.910599 libssl.so.3->EVP_PKEY_keygen_init(0x5fd5feb577d0, 0, 176, 0x5fd5feb577d0) = 1 <0.000136>
[pid 381] 14:58:13.910783 libssl.so.3->EVP_PKEY_keygen(0x5fd5feb577d0, 0x7ffea90ef940, 0, 103 <unfinished ...>
[pid 381] 14:58:13.910897 oqsprovider.so->OQS_KEM_new(0x5fd5feb4cc70, 8, 0, 0x5fd5feb54b50) = 0x5fd5feb54b70 <0.000115>
[pid 381] 14:58:13.911067 oqsprovider.so->OQS_KEM_keypair(0x5fd5feb54b70, 0x5fd5feb5fd00, 0x5fd5feb60ec0, 0x5fd5feb54b50) = 0 <0.007218>
[pid 381] 14:58:13.918390 <... EVP_PKEY_keygen resumed> ) = 1 <0.007600>
[pid 381] 14:58:13.941580 libssl.so.3->EVP_PKEY_decapsulate_init(0x5fd5feb577d0, 0, 176, 0x5fd5feb577d0) = 1 <0.000376>
[pid 381] 14:58:13.941997 libssl.so.3->EVP_PKEY_decapsulate(0x5fd5feb577d0, 0, 0x7ffea90ef900, 0x5fd5feb597ea) = 1 <0.000126>
[pid 381] 14:58:13.942168 libssl.so.3->EVP_PKEY_decapsulate(0x5fd5feb577d0, 0x5fd5feb4fec0, 0x7ffea90ef900, 0x5fd5feb597ea <unfinished ...>
[pid 381] 14:58:13.942318 oqsprovider.so->OQS_KEM_decaps(0x5fd5feb54b70, 0x5fd5feb4fec0, 0x5fd5feb597ea, 0x5fd5feb60ec0) = 0 <0.022110>
[pid 381] 14:58:13.964602 <... EVP_PKEY_decapsulate resumed> ) = 1 <0.022425>
[pid 381] 14:58:13.965529 libssl.so.3->X509_verify_cert(0x5fd5feb4cea0, 0, 0x8000, 0xffffffff) = 1 <0.000561>
[pid 381] 14:58:13.966322 libssl.so.3->EVP_DigestVerifyInit_ex(0x5fd5feb7c980, 0x7ffea90ef9a8, 0, 0) = 1 <0.000145>
[pid 381] 14:58:13.966511 libssl.so.3->EVP_DigestVerify(0x5fd5feb7c980, 0x5fd5feb59798, 3309, 0x7ffea90ef9b0) = 1 <0.000183>
[pid 381] 14:58:13.966938 libssl.so.3->X509_verify_cert(0x5fd5feb4cea0, 1, 1, 0) = 1 <0.000275>
[pid 381] 14:58:13.967688 libssl.so.3->EVP_DigestSignInit_ex(0x5fd5fea79810, 0x7ffea90ef990, 0, 0) = 1 <0.000137>
[pid 381] 14:58:13.967883 libssl.so.3->EVP_DigestSign(0x5fd5fea79810, 0, 0x7ffea90ef9a0, 0x7ffea90ef9b0) = 1 <0.000114>
[pid 381] 14:58:13.968042 libssl.so.3->EVP_DigestSign(0x5fd5fea79810, 0x5fd5feb4cfc0, 0x7ffea90ef9a0, 0x7ffea90ef9b0) = 1 <0.000452>
[pid 381] 14:58:13.968837 <... SSL_connect resumed> ) = 1 <0.058657>
[pid 381] 14:58:13.969071 oqsprovider.so->OQS_KEM_free(0x5fd5feb54b70, 0x5fd5feb54b20, 2, 0x5fd5feb54b40) = 4 <0.000176>
Handshake duration: 58.87 ms
[pid 381] 14:58:13.971313 +++ exited (status 0) +++
Execution 92 - TLS Mutual
s_connection: verify depth is 1
[pid 383] 14:58:14.029660 openssl->SSL_connect(0x566b1872a0e0, 0x566b186fce50, 0x566b186fce50, 0x759150aad360 <unfinished ...>
[pid 383] 14:58:14.030058 libssl.so.3->EVP_PKEY_keygen_init(0x566b1872c7d0, 0, 176, 0x566b1872c7d0) = 1 <0.000136>
[pid 383] 14:58:14.030253 libssl.so.3->EVP_PKEY_keygen(0x566b1872c7d0, 0x7ffee3beb5d0, 0, 103 <unfinished ...>
[pid 383] 14:58:14.030384 oqsprovider.so->OQS_KEM_new(0x566b18721c70, 8, 0, 0x566b18729b50) = 0x566b18729b70 <0.000118>
[pid 383] 14:58:14.030563 oqsprovider.so->OQS_KEM_keypair(0x566b18729b70, 0x566b18734d00, 0x566b18735ec0, 0x566b18729b50) = 0 <0.007228>
[pid 383] 14:58:14.037907 <... EVP_PKEY_keygen resumed> ) = 1 <0.007649>
[pid 383] 14:58:14.060367 libssl.so.3->EVP_PKEY_decapsulate_init(0x566b1872c7d0, 0, 176, 0x566b1872c7d0) = 1 <0.000397>
[pid 383] 14:58:14.060804 libssl.so.3->EVP_PKEY_decapsulate(0x566b1872c7d0, 0, 0x7ffee3beb590, 0x566b1872e7ea) = 1 <0.000125>
[pid 383] 14:58:14.060983 libssl.so.3->EVP_PKEY_decapsulate(0x566b1872c7d0, 0x566b18724ec0, 0x7ffee3beb590, 0x566b1872e7ea <unfinished ...>
[pid 383] 14:58:14.061132 oqsprovider.so->OQS_KEM_decaps(0x566b18729b70, 0x566b18724ec0, 0x566b1872e7ea, 0x566b18735ec0) = 0 <0.022203>
[pid 383] 14:58:14.083471 <... EVP_PKEY_decapsulate resumed> ) = 1 <0.022479>
[pid 383] 14:58:14.084344 libssl.so.3->X509_verify_cert(0x566b18721ea0, 0, 0x8000, 0xffffffff) = 1 <0.000559>
[pid 383] 14:58:14.085144 libssl.so.3->EVP_DigestVerifyInit_ex(0x566b18751980, 0x7ffee3beb638, 0, 0) = 1 <0.000189>
[pid 383] 14:58:14.085384 libssl.so.3->EVP_DigestVerify(0x566b18751980, 0x566b1872e798, 3309, 0x7ffee3beb640) = 1 <0.000216>
[pid 383] 14:58:14.085833 libssl.so.3->X509_verify_cert(0x566b18721ea0, 1, 1, 0) = 1 <0.000233>
[pid 383] 14:58:14.086472 libssl.so.3->EVP_DigestSignInit_ex(0x566b1864e810, 0x7ffee3beb620, 0, 0) = 1 <0.000157>
[pid 383] 14:58:14.086718 libssl.so.3->EVP_DigestSign(0x566b1864e810, 0, 0x7ffee3beb630, 0x7ffee3beb640) = 1 <0.000250>
[pid 383] 14:58:14.087025 libssl.so.3->EVP_DigestSign(0x566b1864e810, 0x566b18721fc0, 0x7ffee3beb630, 0x7ffee3beb640) = 1 <0.000369>
[pid 383] 14:58:14.087843 <... SSL_connect resumed> ) = 1 <0.058189>
[pid 383] 14:58:14.088069 oqsprovider.so->OQS_KEM_free(0x566b18729b70, 0x566b18729b20, 2, 0x566b18729b40) = 4 <0.000149>
Handshake duration: 58.38 ms
[pid 383] 14:58:14.090413 +++ exited (status 0) +++
Execution 93 - TLS Mutual
s_connection: verify depth is 1
[pid 385] 14:58:14.150386 openssl->SSL_connect(0x5f2c734b20e0, 0x5f2c73484e50, 0x5f2c73484e50, 0x73d3cb8ae360 <unfinished ...>
[pid 385] 14:58:14.150828 libssl.so.3->EVP_PKEY_keygen_init(0x5f2c734b47d0, 0, 176, 0x5f2c734b47d0) = 1 <0.000177>
[pid 385] 14:58:14.151052 libssl.so.3->EVP_PKEY_keygen(0x5f2c734b47d0, 0x7ffe4209c8c0, 0, 103 <unfinished ...>
[pid 385] 14:58:14.151194 oqsprovider.so->OQS_KEM_new(0x5f2c734a9c70, 8, 0, 0x5f2c734b1b50) = 0x5f2c734b1b70 <0.000146>
[pid 385] 14:58:14.151398 oqsprovider.so->OQS_KEM_keypair(0x5f2c734b1b70, 0x5f2c734bcd00, 0x5f2c734bdec0, 0x5f2c734b1b50) = 0 <0.007247>
[pid 385] 14:58:14.158810 <... EVP_PKEY_keygen resumed> ) = 1 <0.007732>
[pid 385] 14:58:14.182027 libssl.so.3->EVP_PKEY_decapsulate_init(0x5f2c734b47d0, 0, 176, 0x5f2c734b47d0) = 1 <0.000480>
[pid 385] 14:58:14.182580 libssl.so.3->EVP_PKEY_decapsulate(0x5f2c734b47d0, 0, 0x7ffe4209c880, 0x5f2c734b67ea) = 1 <0.000169>
[pid 385] 14:58:14.182802 libssl.so.3->EVP_PKEY_decapsulate(0x5f2c734b47d0, 0x5f2c734acec0, 0x7ffe4209c880, 0x5f2c734b67ea <unfinished ...>
[pid 385] 14:58:14.182962 oqsprovider.so->OQS_KEM_decaps(0x5f2c734b1b70, 0x5f2c734acec0, 0x5f2c734b67ea, 0x5f2c734bdec0) = 0 <0.022462>
[pid 385] 14:58:14.205602 <... EVP_PKEY_decapsulate resumed> ) = 1 <0.022777>
[pid 385] 14:58:14.206589 libssl.so.3->X509_verify_cert(0x5f2c734a9ea0, 0, 0x8000, 0xffffffff) = 1 <0.000542>
[pid 385] 14:58:14.207357 libssl.so.3->EVP_DigestVerifyInit_ex(0x5f2c734d9980, 0x7ffe4209c928, 0, 0) = 1 <0.000152>
[pid 385] 14:58:14.207608 libssl.so.3->EVP_DigestVerify(0x5f2c734d9980, 0x5f2c734b6798, 3309, 0x7ffe4209c930) = 1 <0.000242>
[pid 385] 14:58:14.208076 libssl.so.3->X509_verify_cert(0x5f2c734a9ea0, 1, 1, 0) = 1 <0.000248>
[pid 385] 14:58:14.208737 libssl.so.3->EVP_DigestSignInit_ex(0x5f2c733d6810, 0x7ffe4209c910, 0, 0) = 1 <0.000142>
[pid 385] 14:58:14.208978 libssl.so.3->EVP_DigestSign(0x5f2c733d6810, 0, 0x7ffe4209c920, 0x7ffe4209c930) = 1 <0.000121>
[pid 385] 14:58:14.209140 libssl.so.3->EVP_DigestSign(0x5f2c733d6810, 0x5f2c734a9fc0, 0x7ffe4209c920, 0x7ffe4209c930) = 1 <0.000422>
[pid 385] 14:58:14.209936 <... SSL_connect resumed> ) = 1 <0.059540>
[pid 385] 14:58:14.210192 oqsprovider.so->OQS_KEM_free(0x5f2c734b1b70, 0x5f2c734b1b20, 2, 0x5f2c734b1b40) = 4 <0.000179>
Handshake duration: 59.77 ms
[pid 385] 14:58:14.212361 +++ exited (status 0) +++
Execution 94 - TLS Mutual
s_connection: verify depth is 1
[pid 387] 14:58:14.271112 openssl->SSL_connect(0x5626d5cfe0e0, 0x5626d5cd0e50, 0x5626d5cd0e50, 0x7815f69e3360 <unfinished ...>
[pid 387] 14:58:14.271606 libssl.so.3->EVP_PKEY_keygen_init(0x5626d5d007d0, 0, 176, 0x5626d5d007d0) = 1 <0.000218>
[pid 387] 14:58:14.271892 libssl.so.3->EVP_PKEY_keygen(0x5626d5d007d0, 0x7ffe0f866bc0, 0, 103 <unfinished ...>
[pid 387] 14:58:14.272064 oqsprovider.so->OQS_KEM_new(0x5626d5cf5c70, 8, 0, 0x5626d5cfdb50) = 0x5626d5cfdb70 <0.000209>
[pid 387] 14:58:14.272354 oqsprovider.so->OQS_KEM_keypair(0x5626d5cfdb70, 0x5626d5d08d00, 0x5626d5d09ec0, 0x5626d5cfdb50) = 0 <0.007806>
[pid 387] 14:58:14.280325 <... EVP_PKEY_keygen resumed> ) = 1 <0.008412>
[pid 387] 14:58:14.304530 libssl.so.3->EVP_PKEY_decapsulate_init(0x5626d5d007d0, 0, 176, 0x5626d5d007d0) = 1 <0.000413>
[pid 387] 14:58:14.305019 libssl.so.3->EVP_PKEY_decapsulate(0x5626d5d007d0, 0, 0x7ffe0f866b80, 0x5626d5d027ea) = 1 <0.000151>
[pid 387] 14:58:14.305217 libssl.so.3->EVP_PKEY_decapsulate(0x5626d5d007d0, 0x5626d5cf8ec0, 0x7ffe0f866b80, 0x5626d5d027ea <unfinished ...>
[pid 387] 14:58:14.305385 oqsprovider.so->OQS_KEM_decaps(0x5626d5cfdb70, 0x5626d5cf8ec0, 0x5626d5d027ea, 0x5626d5d09ec0) = 0 <0.027185>
[pid 387] 14:58:14.332719 <... EVP_PKEY_decapsulate resumed> ) = 1 <0.027494>
[pid 387] 14:58:14.333768 libssl.so.3->X509_verify_cert(0x5626d5cf5ea0, 0, 0x8000, 0xffffffff) = 1 <0.000554>
[pid 387] 14:58:14.334547 libssl.so.3->EVP_DigestVerifyInit_ex(0x5626d5d25980, 0x7ffe0f866c28, 0, 0) = 1 <0.000137>
[pid 387] 14:58:14.334729 libssl.so.3->EVP_DigestVerify(0x5626d5d25980, 0x5626d5d02798, 3309, 0x7ffe0f866c30) = 1 <0.000181>
[pid 387] 14:58:14.335141 libssl.so.3->X509_verify_cert(0x5626d5cf5ea0, 1, 1, 0) = 1 <0.000346>
[pid 387] 14:58:14.335970 libssl.so.3->EVP_DigestSignInit_ex(0x5626d5c22810, 0x7ffe0f866c10, 0, 0) = 1 <0.000197>
[pid 387] 14:58:14.336218 libssl.so.3->EVP_DigestSign(0x5626d5c22810, 0, 0x7ffe0f866c20, 0x7ffe0f866c30) = 1 <0.000164>
[pid 387] 14:58:14.336434 libssl.so.3->EVP_DigestSign(0x5626d5c22810, 0x5626d5cf5fc0, 0x7ffe0f866c20, 0x7ffe0f866c30) = 1 <0.000345>
[pid 387] 14:58:14.338590 <... SSL_connect resumed> ) = 1 <0.067468>
[pid 387] 14:58:14.338861 oqsprovider.so->OQS_KEM_free(0x5626d5cfdb70, 0x5626d5cfdb20, 2, 0x5626d5cfdb40) = 4 <0.000259>
Handshake duration: 67.71 ms
[pid 387] 14:58:14.341198 +++ exited (status 0) +++
Execution 95 - TLS Mutual
s_connection: verify depth is 1
[pid 389] 14:58:14.398933 openssl->SSL_connect(0x5c1a045c80e0, 0x5c1a0459ae50, 0x5c1a0459ae50, 0x7652ed016360 <unfinished ...>
[pid 389] 14:58:14.399498 libssl.so.3->EVP_PKEY_keygen_init(0x5c1a045ca7d0, 0, 176, 0x5c1a045ca7d0) = 1 <0.000227>
[pid 389] 14:58:14.399785 libssl.so.3->EVP_PKEY_keygen(0x5c1a045ca7d0, 0x7ffd6bbc6d60, 0, 103 <unfinished ...>
[pid 389] 14:58:14.400024 oqsprovider.so->OQS_KEM_new(0x5c1a045bfc70, 8, 0, 0x5c1a045c7b50) = 0x5c1a045c7b70 <0.000146>
[pid 389] 14:58:14.400238 oqsprovider.so->OQS_KEM_keypair(0x5c1a045c7b70, 0x5c1a045d2d00, 0x5c1a045d3ec0, 0x5c1a045c7b50) = 0 <0.007559>
[pid 389] 14:58:14.407929 <... EVP_PKEY_keygen resumed> ) = 1 <0.008137>
[pid 389] 14:58:14.436918 libssl.so.3->EVP_PKEY_decapsulate_init(0x5c1a045ca7d0, 0, 176, 0x5c1a045ca7d0) = 1 <0.000461>
[pid 389] 14:58:14.437402 libssl.so.3->EVP_PKEY_decapsulate(0x5c1a045ca7d0, 0, 0x7ffd6bbc6d20, 0x5c1a045cc7ea) = 1 <0.000133>
[pid 389] 14:58:14.437579 libssl.so.3->EVP_PKEY_decapsulate(0x5c1a045ca7d0, 0x5c1a045c2ec0, 0x7ffd6bbc6d20, 0x5c1a045cc7ea <unfinished ...>
[pid 389] 14:58:14.437721 oqsprovider.so->OQS_KEM_decaps(0x5c1a045c7b70, 0x5c1a045c2ec0, 0x5c1a045cc7ea, 0x5c1a045d3ec0) = 0 <0.023642>
[pid 389] 14:58:14.461535 <... EVP_PKEY_decapsulate resumed> ) = 1 <0.023943>
[pid 389] 14:58:14.462665 libssl.so.3->X509_verify_cert(0x5c1a045bfea0, 0, 0x8000, 0xffffffff) = 1 <0.000676>
[pid 389] 14:58:14.463579 libssl.so.3->EVP_DigestVerifyInit_ex(0x5c1a045ef980, 0x7ffd6bbc6dc8, 0, 0) = 1 <0.000189>
[pid 389] 14:58:14.463828 libssl.so.3->EVP_DigestVerify(0x5c1a045ef980, 0x5c1a045cc798, 3309, 0x7ffd6bbc6dd0) = 1 <0.000248>
[pid 389] 14:58:14.464373 libssl.so.3->X509_verify_cert(0x5c1a045bfea0, 1, 1, 0) = 1 <0.000313>
[pid 389] 14:58:14.465133 libssl.so.3->EVP_DigestSignInit_ex(0x5c1a044ec810, 0x7ffd6bbc6db0, 0, 0) = 1 <0.000196>
[pid 389] 14:58:14.465376 libssl.so.3->EVP_DigestSign(0x5c1a044ec810, 0, 0x7ffd6bbc6dc0, 0x7ffd6bbc6dd0) = 1 <0.000140>
[pid 389] 14:58:14.465602 libssl.so.3->EVP_DigestSign(0x5c1a044ec810, 0x5c1a045bffc0, 0x7ffd6bbc6dc0, 0x7ffd6bbc6dd0) = 1 <0.000595>
[pid 389] 14:58:14.466968 <... SSL_connect resumed> ) = 1 <0.068031>
[pid 389] 14:58:14.467279 oqsprovider.so->OQS_KEM_free(0x5c1a045c7b70, 0x5c1a045c7b20, 2, 0x5c1a045c7b40) = 4 <0.000206>
Handshake duration: 68.27 ms
[pid 389] 14:58:14.469885 +++ exited (status 0) +++
Execution 96 - TLS Mutual
s_connection: verify depth is 1
[pid 391] 14:58:14.526791 openssl->SSL_connect(0x5ebe2267f0e0, 0x5ebe22651e50, 0x5ebe22651e50, 0x761fdc178360 <unfinished ...>
[pid 391] 14:58:14.527279 libssl.so.3->EVP_PKEY_keygen_init(0x5ebe226817d0, 0, 176, 0x5ebe226817d0) = 1 <0.000179>
[pid 391] 14:58:14.527513 libssl.so.3->EVP_PKEY_keygen(0x5ebe226817d0, 0x7ffe8d0fce20, 0, 103 <unfinished ...>
[pid 391] 14:58:14.527679 oqsprovider.so->OQS_KEM_new(0x5ebe22676c70, 8, 0, 0x5ebe2267eb50) = 0x5ebe2267eb70 <0.000142>
[pid 391] 14:58:14.527886 oqsprovider.so->OQS_KEM_keypair(0x5ebe2267eb70, 0x5ebe22689d00, 0x5ebe2268aec0, 0x5ebe2267eb50) = 0 <0.007716>
[pid 391] 14:58:14.535740 <... EVP_PKEY_keygen resumed> ) = 1 <0.008218>
[pid 391] 14:58:14.558917 libssl.so.3->EVP_PKEY_decapsulate_init(0x5ebe226817d0, 0, 176, 0x5ebe226817d0) = 1 <0.000451>
[pid 391] 14:58:14.559467 libssl.so.3->EVP_PKEY_decapsulate(0x5ebe226817d0, 0, 0x7ffe8d0fcde0, 0x5ebe226837ea) = 1 <0.000155>
[pid 391] 14:58:14.559669 libssl.so.3->EVP_PKEY_decapsulate(0x5ebe226817d0, 0x5ebe22679ec0, 0x7ffe8d0fcde0, 0x5ebe226837ea <unfinished ...>
[pid 391] 14:58:14.559801 oqsprovider.so->OQS_KEM_decaps(0x5ebe2267eb70, 0x5ebe22679ec0, 0x5ebe226837ea, 0x5ebe2268aec0) = 0 <0.022797>
[pid 391] 14:58:14.582740 <... EVP_PKEY_decapsulate resumed> ) = 1 <0.023063>
[pid 391] 14:58:14.583764 libssl.so.3->X509_verify_cert(0x5ebe22676ea0, 0, 0x8000, 0xffffffff) = 1 <0.000603>
[pid 391] 14:58:14.584595 libssl.so.3->EVP_DigestVerifyInit_ex(0x5ebe226a6980, 0x7ffe8d0fce88, 0, 0) = 1 <0.000145>
[pid 391] 14:58:14.584789 libssl.so.3->EVP_DigestVerify(0x5ebe226a6980, 0x5ebe22683798, 3309, 0x7ffe8d0fce90) = 1 <0.000250>
[pid 391] 14:58:14.585338 libssl.so.3->X509_verify_cert(0x5ebe22676ea0, 1, 1, 0) = 1 <0.000276>
[pid 391] 14:58:14.586026 libssl.so.3->EVP_DigestSignInit_ex(0x5ebe225a3810, 0x7ffe8d0fce70, 0, 0) = 1 <0.000161>
[pid 391] 14:58:14.586251 libssl.so.3->EVP_DigestSign(0x5ebe225a3810, 0, 0x7ffe8d0fce80, 0x7ffe8d0fce90) = 1 <0.000118>
[pid 391] 14:58:14.586415 libssl.so.3->EVP_DigestSign(0x5ebe225a3810, 0x5ebe22676fc0, 0x7ffe8d0fce80, 0x7ffe8d0fce90) = 1 <0.000325>
[pid 391] 14:58:14.586979 <... SSL_connect resumed> ) = 1 <0.060199>
[pid 391] 14:58:14.587248 oqsprovider.so->OQS_KEM_free(0x5ebe2267eb70, 0x5ebe2267eb20, 2, 0x5ebe2267eb40) = 4 <0.000142>
Handshake duration: 60.40 ms
[pid 391] 14:58:14.589586 +++ exited (status 0) +++
Execution 97 - TLS Mutual
s_connection: verify depth is 1
[pid 393] 14:58:14.644451 openssl->SSL_connect(0x5fd06e7d80e0, 0x5fd06e7aae50, 0x5fd06e7aae50, 0x78f6ebd47360 <unfinished ...>
[pid 393] 14:58:14.644831 libssl.so.3->EVP_PKEY_keygen_init(0x5fd06e7da7d0, 0, 176, 0x5fd06e7da7d0) = 1 <0.000135>
[pid 393] 14:58:14.645010 libssl.so.3->EVP_PKEY_keygen(0x5fd06e7da7d0, 0x7ffc9973ef90, 0, 103 <unfinished ...>
[pid 393] 14:58:14.645128 oqsprovider.so->OQS_KEM_new(0x5fd06e7cfc70, 8, 0, 0x5fd06e7d7b50) = 0x5fd06e7d7b70 <0.000137>
[pid 393] 14:58:14.645320 oqsprovider.so->OQS_KEM_keypair(0x5fd06e7d7b70, 0x5fd06e7e2d00, 0x5fd06e7e3ec0, 0x5fd06e7d7b50) = 0 <0.007462>
[pid 393] 14:58:14.652904 <... EVP_PKEY_keygen resumed> ) = 1 <0.007879>
[pid 393] 14:58:14.675890 libssl.so.3->EVP_PKEY_decapsulate_init(0x5fd06e7da7d0, 0, 176, 0x5fd06e7da7d0) = 1 <0.000447>
[pid 393] 14:58:14.676409 libssl.so.3->EVP_PKEY_decapsulate(0x5fd06e7da7d0, 0, 0x7ffc9973ef50, 0x5fd06e7dc7ea) = 1 <0.000186>
[pid 393] 14:58:14.676654 libssl.so.3->EVP_PKEY_decapsulate(0x5fd06e7da7d0, 0x5fd06e7d2ec0, 0x7ffc9973ef50, 0x5fd06e7dc7ea <unfinished ...>
[pid 393] 14:58:14.676796 oqsprovider.so->OQS_KEM_decaps(0x5fd06e7d7b70, 0x5fd06e7d2ec0, 0x5fd06e7dc7ea, 0x5fd06e7e3ec0) = 0 <0.023682>
[pid 393] 14:58:14.700621 <... EVP_PKEY_decapsulate resumed> ) = 1 <0.023956>
[pid 393] 14:58:14.701551 libssl.so.3->X509_verify_cert(0x5fd06e7cfea0, 0, 0x8000, 0xffffffff) = 1 <0.000509>
[pid 393] 14:58:14.702316 libssl.so.3->EVP_DigestVerifyInit_ex(0x5fd06e7ff980, 0x7ffc9973eff8, 0, 0) = 1 <0.000152>
[pid 393] 14:58:14.702508 libssl.so.3->EVP_DigestVerify(0x5fd06e7ff980, 0x5fd06e7dc798, 3309, 0x7ffc9973f000) = 1 <0.000221>
[pid 393] 14:58:14.702970 libssl.so.3->X509_verify_cert(0x5fd06e7cfea0, 1, 1, 0) = 1 <0.000224>
[pid 393] 14:58:14.703629 libssl.so.3->EVP_DigestSignInit_ex(0x5fd06e6fc810, 0x7ffc9973efe0, 0, 0) = 1 <0.000173>
[pid 393] 14:58:14.703852 libssl.so.3->EVP_DigestSign(0x5fd06e6fc810, 0, 0x7ffc9973eff0, 0x7ffc9973f000) = 1 <0.000142>
[pid 393] 14:58:14.704036 libssl.so.3->EVP_DigestSign(0x5fd06e6fc810, 0x5fd06e7cffc0, 0x7ffc9973eff0, 0x7ffc9973f000) = 1 <0.000277>
[pid 393] 14:58:14.704677 <... SSL_connect resumed> ) = 1 <0.060214>
[pid 393] 14:58:14.705050 oqsprovider.so->OQS_KEM_free(0x5fd06e7d7b70, 0x5fd06e7d7b20, 2, 0x5fd06e7d7b40) = 4 <0.000174>
Handshake duration: 60.42 ms
[pid 393] 14:58:14.707274 +++ exited (status 0) +++
Execution 98 - TLS Mutual
s_connection: verify depth is 1
[pid 395] 14:58:14.763930 openssl->SSL_connect(0x630a204530e0, 0x630a20425e50, 0x630a20425e50, 0x7255ffc86360 <unfinished ...>
[pid 395] 14:58:14.764368 libssl.so.3->EVP_PKEY_keygen_init(0x630a204557d0, 0, 176, 0x630a204557d0) = 1 <0.000150>
[pid 395] 14:58:14.764590 libssl.so.3->EVP_PKEY_keygen(0x630a204557d0, 0x7ffe2f419a90, 0, 103 <unfinished ...>
[pid 395] 14:58:14.764728 oqsprovider.so->OQS_KEM_new(0x630a2044ac70, 8, 0, 0x630a20452b50) = 0x630a20452b70 <0.000122>
[pid 395] 14:58:14.764912 oqsprovider.so->OQS_KEM_keypair(0x630a20452b70, 0x630a2045dd00, 0x630a2045eec0, 0x630a20452b50) = 0 <0.007321>
[pid 395] 14:58:14.772339 <... EVP_PKEY_keygen resumed> ) = 1 <0.007742>
[pid 395] 14:58:14.795178 libssl.so.3->EVP_PKEY_decapsulate_init(0x630a204557d0, 0, 176, 0x630a204557d0) = 1 <0.000557>
[pid 395] 14:58:14.795824 libssl.so.3->EVP_PKEY_decapsulate(0x630a204557d0, 0, 0x7ffe2f419a50, 0x630a204577ea) = 1 <0.000183>
[pid 395] 14:58:14.796074 libssl.so.3->EVP_PKEY_decapsulate(0x630a204557d0, 0x630a2044dec0, 0x7ffe2f419a50, 0x630a204577ea <unfinished ...>
[pid 395] 14:58:14.796249 oqsprovider.so->OQS_KEM_decaps(0x630a20452b70, 0x630a2044dec0, 0x630a204577ea, 0x630a2045eec0) = 0 <0.024053>
[pid 395] 14:58:14.820447 <... EVP_PKEY_decapsulate resumed> ) = 1 <0.024361>
[pid 395] 14:58:14.821376 libssl.so.3->X509_verify_cert(0x630a2044aea0, 0, 0x8000, 0xffffffff) = 1 <0.000513>
[pid 395] 14:58:14.822106 libssl.so.3->EVP_DigestVerifyInit_ex(0x630a2047a980, 0x7ffe2f419af8, 0, 0) = 1 <0.000141>
[pid 395] 14:58:14.822301 libssl.so.3->EVP_DigestVerify(0x630a2047a980, 0x630a20457798, 3309, 0x7ffe2f419b00) = 1 <0.000207>
[pid 395] 14:58:14.822728 libssl.so.3->X509_verify_cert(0x630a2044aea0, 1, 1, 0) = 1 <0.000209>
[pid 395] 14:58:14.823359 libssl.so.3->EVP_DigestSignInit_ex(0x630a20377810, 0x7ffe2f419ae0, 0, 0) = 1 <0.000178>
[pid 395] 14:58:14.823581 libssl.so.3->EVP_DigestSign(0x630a20377810, 0, 0x7ffe2f419af0, 0x7ffe2f419b00) = 1 <0.000122>
[pid 395] 14:58:14.823745 libssl.so.3->EVP_DigestSign(0x630a20377810, 0x630a2044afc0, 0x7ffe2f419af0, 0x7ffe2f419b00) = 1 <0.000368>
[pid 395] 14:58:14.824429 <... SSL_connect resumed> ) = 1 <0.060506>
[pid 395] 14:58:14.824635 oqsprovider.so->OQS_KEM_free(0x630a20452b70, 0x630a20452b20, 2, 0x630a20452b40) = 4 <0.000148>
Handshake duration: 60.69 ms
[pid 395] 14:58:14.827120 +++ exited (status 0) +++
Execution 99 - TLS Mutual
s_connection: verify depth is 1
[pid 397] 14:58:14.887383 openssl->SSL_connect(0x5b9c8cdee0e0, 0x5b9c8cdc0e50, 0x5b9c8cdc0e50, 0x7d878dbb1360 <unfinished ...>
[pid 397] 14:58:14.887956 libssl.so.3->EVP_PKEY_keygen_init(0x5b9c8cdf07d0, 0, 176, 0x5b9c8cdf07d0) = 1 <0.000232>
[pid 397] 14:58:14.888264 libssl.so.3->EVP_PKEY_keygen(0x5b9c8cdf07d0, 0x7ffdc1d00f80, 0, 103 <unfinished ...>
[pid 397] 14:58:14.888406 oqsprovider.so->OQS_KEM_new(0x5b9c8cde5c70, 8, 0, 0x5b9c8cdedb50) = 0x5b9c8cdedb70 <0.000117>
[pid 397] 14:58:14.888586 oqsprovider.so->OQS_KEM_keypair(0x5b9c8cdedb70, 0x5b9c8cdf8d00, 0x5b9c8cdf9ec0, 0x5b9c8cdedb50) = 0 <0.007323>
[pid 397] 14:58:14.896196 <... EVP_PKEY_keygen resumed> ) = 1 <0.007899>
[pid 397] 14:58:14.918542 libssl.so.3->EVP_PKEY_decapsulate_init(0x5b9c8cdf07d0, 0, 176, 0x5b9c8cdf07d0) = 1 <0.000440>
[pid 397] 14:58:14.919055 libssl.so.3->EVP_PKEY_decapsulate(0x5b9c8cdf07d0, 0, 0x7ffdc1d00f40, 0x5b9c8cdf27ea) = 1 <0.000138>
[pid 397] 14:58:14.919252 libssl.so.3->EVP_PKEY_decapsulate(0x5b9c8cdf07d0, 0x5b9c8cde8ec0, 0x7ffdc1d00f40, 0x5b9c8cdf27ea <unfinished ...>
[pid 397] 14:58:14.919379 oqsprovider.so->OQS_KEM_decaps(0x5b9c8cdedb70, 0x5b9c8cde8ec0, 0x5b9c8cdf27ea, 0x5b9c8cdf9ec0) = 0 <0.023034>
[pid 397] 14:58:14.942581 <... EVP_PKEY_decapsulate resumed> ) = 1 <0.023313>
[pid 397] 14:58:14.943534 libssl.so.3->X509_verify_cert(0x5b9c8cde5ea0, 0, 0x8000, 0xffffffff) = 1 <0.000498>
[pid 397] 14:58:14.944257 libssl.so.3->EVP_DigestVerifyInit_ex(0x5b9c8ce15980, 0x7ffdc1d00fe8, 0, 0) = 1 <0.000143>
[pid 397] 14:58:14.944439 libssl.so.3->EVP_DigestVerify(0x5b9c8ce15980, 0x5b9c8cdf2798, 3309, 0x7ffdc1d00ff0) = 1 <0.000185>
[pid 397] 14:58:14.944867 libssl.so.3->X509_verify_cert(0x5b9c8cde5ea0, 1, 1, 0) = 1 <0.000242>
[pid 397] 14:58:14.945559 libssl.so.3->EVP_DigestSignInit_ex(0x5b9c8cd12810, 0x7ffdc1d00fd0, 0, 0) = 1 <0.000171>
[pid 397] 14:58:14.945774 libssl.so.3->EVP_DigestSign(0x5b9c8cd12810, 0, 0x7ffdc1d00fe0, 0x7ffdc1d00ff0) = 1 <0.000119>
[pid 397] 14:58:14.945974 libssl.so.3->EVP_DigestSign(0x5b9c8cd12810, 0x5b9c8cde5fc0, 0x7ffdc1d00fe0, 0x7ffdc1d00ff0) = 1 <0.000337>
[pid 397] 14:58:14.946603 <... SSL_connect resumed> ) = 1 <0.059239>
[pid 397] 14:58:14.946860 oqsprovider.so->OQS_KEM_free(0x5b9c8cdedb70, 0x5b9c8cdedb20, 2, 0x5b9c8cdedb40) = 4 <0.000131>
Handshake duration: 59.45 ms
[pid 397] 14:58:14.949091 +++ exited (status 0) +++
Execution 100 - TLS Mutual
s_connection: verify depth is 1
[pid 399] 14:58:15.005941 openssl->SSL_connect(0x59e5c9d040e0, 0x59e5c9cd6e50, 0x59e5c9cd6e50, 0x7dfbe7e56360 <unfinished ...>
[pid 399] 14:58:15.006326 libssl.so.3->EVP_PKEY_keygen_init(0x59e5c9d067d0, 0, 176, 0x59e5c9d067d0) = 1 <0.000141>
[pid 399] 14:58:15.006524 libssl.so.3->EVP_PKEY_keygen(0x59e5c9d067d0, 0x7ffd69cd48c0, 0, 103 <unfinished ...>
[pid 399] 14:58:15.006648 oqsprovider.so->OQS_KEM_new(0x59e5c9cfbc70, 8, 0, 0x59e5c9d03b50) = 0x59e5c9d03b70 <0.000111>
[pid 399] 14:58:15.006815 oqsprovider.so->OQS_KEM_keypair(0x59e5c9d03b70, 0x59e5c9d0ed00, 0x59e5c9d0fec0, 0x59e5c9d03b50) = 0 <0.007129>
[pid 399] 14:58:15.014038 <... EVP_PKEY_keygen resumed> ) = 1 <0.007505>
[pid 399] 14:58:15.036509 libssl.so.3->EVP_PKEY_decapsulate_init(0x59e5c9d067d0, 0, 176, 0x59e5c9d067d0) = 1 <0.000387>
[pid 399] 14:58:15.036946 libssl.so.3->EVP_PKEY_decapsulate(0x59e5c9d067d0, 0, 0x7ffd69cd4880, 0x59e5c9d087ea) = 1 <0.000124>
[pid 399] 14:58:15.037118 libssl.so.3->EVP_PKEY_decapsulate(0x59e5c9d067d0, 0x59e5c9cfeec0, 0x7ffd69cd4880, 0x59e5c9d087ea <unfinished ...>
[pid 399] 14:58:15.037260 oqsprovider.so->OQS_KEM_decaps(0x59e5c9d03b70, 0x59e5c9cfeec0, 0x59e5c9d087ea, 0x59e5c9d0fec0) = 0 <0.021500>
[pid 399] 14:58:15.058885 <... EVP_PKEY_decapsulate resumed> ) = 1 <0.021759>
[pid 399] 14:58:15.059710 libssl.so.3->X509_verify_cert(0x59e5c9cfbea0, 0, 0x8000, 0xffffffff) = 1 <0.000477>
[pid 399] 14:58:15.060398 libssl.so.3->EVP_DigestVerifyInit_ex(0x59e5c9d2b980, 0x7ffd69cd4928, 0, 0) = 1 <0.000134>
[pid 399] 14:58:15.060597 libssl.so.3->EVP_DigestVerify(0x59e5c9d2b980, 0x59e5c9d08798, 3309, 0x7ffd69cd4930) = 1 <0.000187>
[pid 399] 14:58:15.060999 libssl.so.3->X509_verify_cert(0x59e5c9cfbea0, 1, 1, 0) = 1 <0.000217>
[pid 399] 14:58:15.061588 libssl.so.3->EVP_DigestSignInit_ex(0x59e5c9c28810, 0x7ffd69cd4910, 0, 0) = 1 <0.000130>
[pid 399] 14:58:15.061761 libssl.so.3->EVP_DigestSign(0x59e5c9c28810, 0, 0x7ffd69cd4920, 0x7ffd69cd4930) = 1 <0.000112>
[pid 399] 14:58:15.061912 libssl.so.3->EVP_DigestSign(0x59e5c9c28810, 0x59e5c9cfbfc0, 0x7ffd69cd4920, 0x7ffd69cd4930) = 1 <0.000454>
[pid 399] 14:58:15.062631 <... SSL_connect resumed> ) = 1 <0.056708>
[pid 399] 14:58:15.062833 oqsprovider.so->OQS_KEM_free(0x59e5c9d03b70, 0x59e5c9d03b20, 2, 0x59e5c9d03b40) = 4 <0.000114>
Handshake duration: 56.88 ms
[pid 399] 14:58:15.064844 +++ exited (status 0) +++
