Applying netem rules to lo...
Showing qdisc status for the interface: lo
qdisc netem 83d4: root refcnt 2 limit 1000 seed 13487569042441088836
 Sent 0 bytes 0 pkt (dropped 0, overlimits 0 requeues 0) 
 backlog 0b 0p requeues 0
Running /opt/oqssa/perftestClientTlsQuic_ltrace.sh with SIG_ALG=mldsa87 and KEM_ALG=P-521
Execution 1 - TLS Mutual
s_connection: verify depth is 1
[pid 201] 14:58:37.061419 openssl->SSL_connect(0x612093c00890, 0x612093bd2e50, 0x612093bd2e50, 0x771252e0c360 <unfinished ...>
[pid 201] 14:58:37.061881 libssl.so.3->EVP_PKEY_keygen_init(0x612093bd4580, 0, 176, 0x612093bd4580) = 1 <0.000144>
[pid 201] 14:58:37.062079 libssl.so.3->EVP_PKEY_keygen(0x612093bd4580, 0x7ffd260b81d0, 0, 103) = 1 <0.003592>
[pid 201] 14:58:37.073423 libssl.so.3->EVP_PKEY_derive_init(0x612093c052e0, 0, 176, 0x612093c052e0) = 1 <0.000310>
[pid 201] 14:58:37.073766 libssl.so.3->EVP_PKEY_derive_set_peer(0x612093c052e0, 0x612093c050c0, 0, 0x612093bff690) = 1 <0.000132>
[pid 201] 14:58:37.073944 libssl.so.3->EVP_PKEY_derive(0x612093c052e0, 0, 0x7ffd260b8190, 7) = 1 <0.000126>
[pid 201] 14:58:37.074116 libssl.so.3->EVP_PKEY_derive(0x612093c052e0, 0x612093bface0, 0x7ffd260b8190, 6) = 1 <0.003141>
[pid 201] 14:58:37.078111 libssl.so.3->X509_verify_cert(0x612093bf8b60, 0, 0x8000, 0xffffffff) = 1 <0.000648>
[pid 201] 14:58:37.079011 libssl.so.3->EVP_DigestVerifyInit_ex(0x612093bfb830, 0x7ffd260b8238, 0, 0) = 1 <0.000155>
[pid 201] 14:58:37.079213 libssl.so.3->EVP_DigestVerify(0x612093bfb830, 0x612093c073f8, 4627, 0x7ffd260b8240) = 1 <0.000315>
[pid 201] 14:58:37.079761 libssl.so.3->X509_verify_cert(0x612093bf8b60, 1, 1, 0) = 1 <0.000259>
[pid 201] 14:58:37.080360 libssl.so.3->EVP_DigestSignInit_ex(0x612093bfb210, 0x7ffd260b8220, 0, 0) = 1 <0.000259>
[pid 201] 14:58:37.080676 libssl.so.3->EVP_DigestSign(0x612093bfb210, 0, 0x7ffd260b8230, 0x7ffd260b8240) = 1 <0.000126>
[pid 201] 14:58:37.080846 libssl.so.3->EVP_DigestSign(0x612093bfb210, 0x612093c0b4c0, 0x7ffd260b8230, 0x7ffd260b8240) = 1 <0.000403>
[pid 201] 14:58:37.081539 <... SSL_connect resumed> ) = 1 <0.020135>
Handshake duration: 20.34 ms
[pid 201] 14:58:37.084033 +++ exited (status 0) +++
Execution 2 - TLS Mutual
s_connection: verify depth is 1
[pid 203] 14:58:37.142817 openssl->SSL_connect(0x5a4120939890, 0x5a412090be50, 0x5a412090be50, 0x7353ccbec360 <unfinished ...>
[pid 203] 14:58:37.143269 libssl.so.3->EVP_PKEY_keygen_init(0x5a412090d580, 0, 176, 0x5a412090d580) = 1 <0.000234>
[pid 203] 14:58:37.143564 libssl.so.3->EVP_PKEY_keygen(0x5a412090d580, 0x7fff63adf110, 0, 103) = 1 <0.003454>
[pid 203] 14:58:37.153846 libssl.so.3->EVP_PKEY_derive_init(0x5a412093e2e0, 0, 176, 0x5a412093e2e0) = 1 <0.000201>
[pid 203] 14:58:37.154097 libssl.so.3->EVP_PKEY_derive_set_peer(0x5a412093e2e0, 0x5a412093e0c0, 0, 0x5a4120938690) = 1 <0.000130>
[pid 203] 14:58:37.154272 libssl.so.3->EVP_PKEY_derive(0x5a412093e2e0, 0, 0x7fff63adf0d0, 7) = 1 <0.000132>
[pid 203] 14:58:37.154475 libssl.so.3->EVP_PKEY_derive(0x5a412093e2e0, 0x5a4120933ce0, 0x7fff63adf0d0, 6) = 1 <0.002895>
[pid 203] 14:58:37.158169 libssl.so.3->X509_verify_cert(0x5a4120931b60, 0, 0x8000, 0xffffffff) = 1 <0.000604>
[pid 203] 14:58:37.159045 libssl.so.3->EVP_DigestVerifyInit_ex(0x5a4120934830, 0x7fff63adf178, 0, 0) = 1 <0.000216>
[pid 203] 14:58:37.159324 libssl.so.3->EVP_DigestVerify(0x5a4120934830, 0x5a41209403f8, 4627, 0x7fff63adf180) = 1 <0.000280>
[pid 203] 14:58:37.159869 libssl.so.3->X509_verify_cert(0x5a4120931b60, 1, 1, 0) = 1 <0.000302>
[pid 203] 14:58:37.160555 libssl.so.3->EVP_DigestSignInit_ex(0x5a4120934210, 0x7fff63adf160, 0, 0) = 1 <0.000161>
[pid 203] 14:58:37.160770 libssl.so.3->EVP_DigestSign(0x5a4120934210, 0, 0x7fff63adf170, 0x7fff63adf180) = 1 <0.000116>
[pid 203] 14:58:37.160934 libssl.so.3->EVP_DigestSign(0x5a4120934210, 0x5a41209444c0, 0x7fff63adf170, 0x7fff63adf180) = 1 <0.000647>
[pid 203] 14:58:37.161991 <... SSL_connect resumed> ) = 1 <0.019154>
Handshake duration: 20.76 ms
[pid 203] 14:58:37.166132 +++ exited (status 0) +++
Execution 3 - TLS Mutual
s_connection: verify depth is 1
[pid 205] 14:58:37.224523 openssl->SSL_connect(0x5ab3bdd60890, 0x5ab3bdd32e50, 0x5ab3bdd32e50, 0x790284ede360 <unfinished ...>
[pid 205] 14:58:37.224999 libssl.so.3->EVP_PKEY_keygen_init(0x5ab3bdd34580, 0, 176, 0x5ab3bdd34580) = 1 <0.000259>
[pid 205] 14:58:37.225315 libssl.so.3->EVP_PKEY_keygen(0x5ab3bdd34580, 0x7ffdbc8a8420, 0, 103) = 1 <0.003091>
[pid 205] 14:58:37.235088 libssl.so.3->EVP_PKEY_derive_init(0x5ab3bdd652e0, 0, 176, 0x5ab3bdd652e0) = 1 <0.000210>
[pid 205] 14:58:37.235342 libssl.so.3->EVP_PKEY_derive_set_peer(0x5ab3bdd652e0, 0x5ab3bdd650c0, 0, 0x5ab3bdd5f690) = 1 <0.000178>
[pid 205] 14:58:37.235578 libssl.so.3->EVP_PKEY_derive(0x5ab3bdd652e0, 0, 0x7ffdbc8a83e0, 7) = 1 <0.000143>
[pid 205] 14:58:37.235772 libssl.so.3->EVP_PKEY_derive(0x5ab3bdd652e0, 0x5ab3bdd5ace0, 0x7ffdbc8a83e0, 6) = 1 <0.002702>
[pid 205] 14:58:37.239268 libssl.so.3->X509_verify_cert(0x5ab3bdd58b60, 0, 0x8000, 0xffffffff) = 1 <0.000616>
[pid 205] 14:58:37.240119 libssl.so.3->EVP_DigestVerifyInit_ex(0x5ab3bdd5b830, 0x7ffdbc8a8488, 0, 0) = 1 <0.000144>
[pid 205] 14:58:37.240318 libssl.so.3->EVP_DigestVerify(0x5ab3bdd5b830, 0x5ab3bdd673f8, 4627, 0x7ffdbc8a8490) = 1 <0.000237>
[pid 205] 14:58:37.240781 libssl.so.3->X509_verify_cert(0x5ab3bdd58b60, 1, 1, 0) = 1 <0.000287>
[pid 205] 14:58:37.241393 libssl.so.3->EVP_DigestSignInit_ex(0x5ab3bdd5b210, 0x7ffdbc8a8470, 0, 0) = 1 <0.000179>
[pid 205] 14:58:37.241645 libssl.so.3->EVP_DigestSign(0x5ab3bdd5b210, 0, 0x7ffdbc8a8480, 0x7ffdbc8a8490) = 1 <0.000163>
[pid 205] 14:58:37.241849 libssl.so.3->EVP_DigestSign(0x5ab3bdd5b210, 0x5ab3bdd6b4c0, 0x7ffdbc8a8480, 0x7ffdbc8a8490) = 1 <0.000457>
[pid 205] 14:58:37.242624 <... SSL_connect resumed> ) = 1 <0.018117>
Handshake duration: 18.31 ms
[pid 205] 14:58:37.245005 +++ exited (status 0) +++
Execution 4 - TLS Mutual
s_connection: verify depth is 1
[pid 207] 14:58:37.306253 openssl->SSL_connect(0x64c81c306890, 0x64c81c2d8e50, 0x64c81c2d8e50, 0x77848cb66360 <unfinished ...>
[pid 207] 14:58:37.306989 libssl.so.3->EVP_PKEY_keygen_init(0x64c81c2da580, 0, 176, 0x64c81c2da580) = 1 <0.000282>
[pid 207] 14:58:37.307394 libssl.so.3->EVP_PKEY_keygen(0x64c81c2da580, 0x7ffecd0d8ea0, 0, 103) = 1 <0.003196>
[pid 207] 14:58:37.321400 libssl.so.3->EVP_PKEY_derive_init(0x64c81c30b2e0, 0, 176, 0x64c81c30b2e0) = 1 <0.000416>
[pid 207] 14:58:37.321911 libssl.so.3->EVP_PKEY_derive_set_peer(0x64c81c30b2e0, 0x64c81c30b0c0, 0, 0x64c81c305690) = 1 <0.000256>
[pid 207] 14:58:37.322231 libssl.so.3->EVP_PKEY_derive(0x64c81c30b2e0, 0, 0x7ffecd0d8e60, 7) = 1 <0.000217>
[pid 207] 14:58:37.322595 libssl.so.3->EVP_PKEY_derive(0x64c81c30b2e0, 0x64c81c300ce0, 0x7ffecd0d8e60, 6) = 1 <0.002760>
[pid 207] 14:58:37.327605 libssl.so.3->X509_verify_cert(0x64c81c2feb60, 0, 0x8000, 0xffffffff) = 1 <0.000781>
[pid 207] 14:58:37.328735 libssl.so.3->EVP_DigestVerifyInit_ex(0x64c81c301830, 0x7ffecd0d8f08, 0, 0) = 1 <0.000160>
[pid 207] 14:58:37.328962 libssl.so.3->EVP_DigestVerify(0x64c81c301830, 0x64c81c30d3f8, 4627, 0x7ffecd0d8f10) = 1 <0.000233>
[pid 207] 14:58:37.329418 libssl.so.3->X509_verify_cert(0x64c81c2feb60, 1, 1, 0) = 1 <0.000259>
[pid 207] 14:58:37.330093 libssl.so.3->EVP_DigestSignInit_ex(0x64c81c301210, 0x7ffecd0d8ef0, 0, 0) = 1 <0.000209>
[pid 207] 14:58:37.330392 libssl.so.3->EVP_DigestSign(0x64c81c301210, 0, 0x7ffecd0d8f00, 0x7ffecd0d8f10) = 1 <0.000196>
[pid 207] 14:58:37.330637 libssl.so.3->EVP_DigestSign(0x64c81c301210, 0x64c81c3114c0, 0x7ffecd0d8f00, 0x7ffecd0d8f10) = 1 <0.000380>
[pid 207] 14:58:37.331400 <... SSL_connect resumed> ) = 1 <0.025157>
Handshake duration: 25.68 ms
[pid 207] 14:58:37.334355 +++ exited (status 0) +++
Execution 5 - TLS Mutual
s_connection: verify depth is 1
[pid 209] 14:58:37.390056 openssl->SSL_connect(0x5ac04fa22890, 0x5ac04f9f4e50, 0x5ac04f9f4e50, 0x7768ca97b360 <unfinished ...>
[pid 209] 14:58:37.390537 libssl.so.3->EVP_PKEY_keygen_init(0x5ac04f9f6580, 0, 176, 0x5ac04f9f6580) = 1 <0.000207>
[pid 209] 14:58:37.390835 libssl.so.3->EVP_PKEY_keygen(0x5ac04f9f6580, 0x7ffceb20d360, 0, 103) = 1 <0.003125>
[pid 209] 14:58:37.401102 libssl.so.3->EVP_PKEY_derive_init(0x5ac04fa272e0, 0, 176, 0x5ac04fa272e0) = 1 <0.000203>
[pid 209] 14:58:37.401383 libssl.so.3->EVP_PKEY_derive_set_peer(0x5ac04fa272e0, 0x5ac04fa270c0, 0, 0x5ac04fa21690) = 1 <0.000192>
[pid 209] 14:58:37.401641 libssl.so.3->EVP_PKEY_derive(0x5ac04fa272e0, 0, 0x7ffceb20d320, 7) = 1 <0.000157>
[pid 209] 14:58:37.401859 libssl.so.3->EVP_PKEY_derive(0x5ac04fa272e0, 0x5ac04fa1cce0, 0x7ffceb20d320, 6) = 1 <0.002944>
[pid 209] 14:58:37.405640 libssl.so.3->X509_verify_cert(0x5ac04fa1ab60, 0, 0x8000, 0xffffffff) = 1 <0.000588>
[pid 209] 14:58:37.406497 libssl.so.3->EVP_DigestVerifyInit_ex(0x5ac04fa1d830, 0x7ffceb20d3c8, 0, 0) = 1 <0.000152>
[pid 209] 14:58:37.406698 libssl.so.3->EVP_DigestVerify(0x5ac04fa1d830, 0x5ac04fa293f8, 4627, 0x7ffceb20d3d0) = 1 <0.000266>
[pid 209] 14:58:37.407202 libssl.so.3->X509_verify_cert(0x5ac04fa1ab60, 1, 1, 0) = 1 <0.000314>
[pid 209] 14:58:37.407915 libssl.so.3->EVP_DigestSignInit_ex(0x5ac04fa1d210, 0x7ffceb20d3b0, 0, 0) = 1 <0.000154>
[pid 209] 14:58:37.408124 libssl.so.3->EVP_DigestSign(0x5ac04fa1d210, 0, 0x7ffceb20d3c0, 0x7ffceb20d3d0) = 1 <0.000127>
[pid 209] 14:58:37.408300 libssl.so.3->EVP_DigestSign(0x5ac04fa1d210, 0x5ac04fa2d4c0, 0x7ffceb20d3c0, 0x7ffceb20d3d0) = 1 <0.000456>
[pid 209] 14:58:37.409036 <... SSL_connect resumed> ) = 1 <0.018990>
Handshake duration: 19.18 ms
[pid 209] 14:58:37.411561 +++ exited (status 0) +++
Execution 6 - TLS Mutual
s_connection: verify depth is 1
[pid 211] 14:58:37.472277 openssl->SSL_connect(0x5d1fda4e1890, 0x5d1fda4b3e50, 0x5d1fda4b3e50, 0x750e7c474360 <unfinished ...>
[pid 211] 14:58:37.472793 libssl.so.3->EVP_PKEY_keygen_init(0x5d1fda4b5580, 0, 176, 0x5d1fda4b5580) = 1 <0.000284>
[pid 211] 14:58:37.473133 libssl.so.3->EVP_PKEY_keygen(0x5d1fda4b5580, 0x7fffccd95420, 0, 103) = 1 <0.002862>
[pid 211] 14:58:37.484843 libssl.so.3->EVP_PKEY_derive_init(0x5d1fda4e62e0, 0, 176, 0x5d1fda4e62e0) = 1 <0.000221>
[pid 211] 14:58:37.485112 libssl.so.3->EVP_PKEY_derive_set_peer(0x5d1fda4e62e0, 0x5d1fda4e60c0, 0, 0x5d1fda4e0690) = 1 <0.000157>
[pid 211] 14:58:37.485319 libssl.so.3->EVP_PKEY_derive(0x5d1fda4e62e0, 0, 0x7fffccd953e0, 7) = 1 <0.000129>
[pid 211] 14:58:37.485510 libssl.so.3->EVP_PKEY_derive(0x5d1fda4e62e0, 0x5d1fda4dbce0, 0x7fffccd953e0, 6) = 1 <0.002749>
[pid 211] 14:58:37.489058 libssl.so.3->X509_verify_cert(0x5d1fda4d9b60, 0, 0x8000, 0xffffffff) = 1 <0.000740>
[pid 211] 14:58:37.490087 libssl.so.3->EVP_DigestVerifyInit_ex(0x5d1fda4dc830, 0x7fffccd95488, 0, 0) = 1 <0.000209>
[pid 211] 14:58:37.490403 libssl.so.3->EVP_DigestVerify(0x5d1fda4dc830, 0x5d1fda4e83f8, 4627, 0x7fffccd95490) = 1 <0.000351>
[pid 211] 14:58:37.491113 libssl.so.3->X509_verify_cert(0x5d1fda4d9b60, 1, 1, 0) = 1 <0.000376>
[pid 211] 14:58:37.491821 libssl.so.3->EVP_DigestSignInit_ex(0x5d1fda4dc210, 0x7fffccd95470, 0, 0) = 1 <0.000147>
[pid 211] 14:58:37.492013 libssl.so.3->EVP_DigestSign(0x5d1fda4dc210, 0, 0x7fffccd95480, 0x7fffccd95490) = 1 <0.000121>
[pid 211] 14:58:37.492175 libssl.so.3->EVP_DigestSign(0x5d1fda4dc210, 0x5d1fda4ec4c0, 0x7fffccd95480, 0x7fffccd95490) = 1 <0.000383>
[pid 211] 14:58:37.492853 <... SSL_connect resumed> ) = 1 <0.020585>
Handshake duration: 21.01 ms
[pid 211] 14:58:37.495386 +++ exited (status 0) +++
Execution 7 - TLS Mutual
s_connection: verify depth is 1
[pid 213] 14:58:37.552010 openssl->SSL_connect(0x5a75a4f9c890, 0x5a75a4f6ee50, 0x5a75a4f6ee50, 0x720ae19ca360 <unfinished ...>
[pid 213] 14:58:37.552429 libssl.so.3->EVP_PKEY_keygen_init(0x5a75a4f70580, 0, 176, 0x5a75a4f70580) = 1 <0.000167>
[pid 213] 14:58:37.552669 libssl.so.3->EVP_PKEY_keygen(0x5a75a4f70580, 0x7ffe868be770, 0, 103) = 1 <0.002843>
[pid 213] 14:58:37.563125 libssl.so.3->EVP_PKEY_derive_init(0x5a75a4fa12e0, 0, 176, 0x5a75a4fa12e0) = 1 <0.000292>
[pid 213] 14:58:37.563523 libssl.so.3->EVP_PKEY_derive_set_peer(0x5a75a4fa12e0, 0x5a75a4fa10c0, 0, 0x5a75a4f9b690) = 1 <0.000200>
[pid 213] 14:58:37.563788 libssl.so.3->EVP_PKEY_derive(0x5a75a4fa12e0, 0, 0x7ffe868be730, 7) = 1 <0.000159>
[pid 213] 14:58:37.564010 libssl.so.3->EVP_PKEY_derive(0x5a75a4fa12e0, 0x5a75a4f96ce0, 0x7ffe868be730, 6) = 1 <0.003019>
[pid 213] 14:58:37.567792 libssl.so.3->X509_verify_cert(0x5a75a4f94b60, 0, 0x8000, 0xffffffff) = 1 <0.000585>
[pid 213] 14:58:37.568606 libssl.so.3->EVP_DigestVerifyInit_ex(0x5a75a4f97830, 0x7ffe868be7d8, 0, 0) = 1 <0.000138>
[pid 213] 14:58:37.568794 libssl.so.3->EVP_DigestVerify(0x5a75a4f97830, 0x5a75a4fa33f8, 4627, 0x7ffe868be7e0) = 1 <0.000241>
[pid 213] 14:58:37.569245 libssl.so.3->X509_verify_cert(0x5a75a4f94b60, 1, 1, 0) = 1 <0.000273>
[pid 213] 14:58:37.569870 libssl.so.3->EVP_DigestSignInit_ex(0x5a75a4f97210, 0x7ffe868be7c0, 0, 0) = 1 <0.000136>
[pid 213] 14:58:37.570050 libssl.so.3->EVP_DigestSign(0x5a75a4f97210, 0, 0x7ffe868be7d0, 0x7ffe868be7e0) = 1 <0.000112>
[pid 213] 14:58:37.570207 libssl.so.3->EVP_DigestSign(0x5a75a4f97210, 0x5a75a4fa74c0, 0x7ffe868be7d0, 0x7ffe868be7e0) = 1 <0.000441>
[pid 213] 14:58:37.570918 <... SSL_connect resumed> ) = 1 <0.018917>
Handshake duration: 19.09 ms
[pid 213] 14:58:37.573797 +++ exited (status 0) +++
Execution 8 - TLS Mutual
s_connection: verify depth is 1
[pid 215] 14:58:37.628988 openssl->SSL_connect(0x5c0b9081a890, 0x5c0b907ece50, 0x5c0b907ece50, 0x77222840b360 <unfinished ...>
[pid 215] 14:58:37.629411 libssl.so.3->EVP_PKEY_keygen_init(0x5c0b907ee580, 0, 176, 0x5c0b907ee580) = 1 <0.000166>
[pid 215] 14:58:37.629630 libssl.so.3->EVP_PKEY_keygen(0x5c0b907ee580, 0x7ffef6827c10, 0, 103) = 1 <0.002882>
[pid 215] 14:58:37.640063 libssl.so.3->EVP_PKEY_derive_init(0x5c0b9081f2e0, 0, 176, 0x5c0b9081f2e0) = 1 <0.000221>
[pid 215] 14:58:37.640333 libssl.so.3->EVP_PKEY_derive_set_peer(0x5c0b9081f2e0, 0x5c0b9081f0c0, 0, 0x5c0b90819690) = 1 <0.000149>
[pid 215] 14:58:37.640526 libssl.so.3->EVP_PKEY_derive(0x5c0b9081f2e0, 0, 0x7ffef6827bd0, 7) = 1 <0.000119>
[pid 215] 14:58:37.640689 libssl.so.3->EVP_PKEY_derive(0x5c0b9081f2e0, 0x5c0b90814ce0, 0x7ffef6827bd0, 6) = 1 <0.002658>
[pid 215] 14:58:37.644101 libssl.so.3->X509_verify_cert(0x5c0b90812b60, 0, 0x8000, 0xffffffff) = 1 <0.000562>
[pid 215] 14:58:37.644883 libssl.so.3->EVP_DigestVerifyInit_ex(0x5c0b90815830, 0x7ffef6827c78, 0, 0) = 1 <0.000155>
[pid 215] 14:58:37.645086 libssl.so.3->EVP_DigestVerify(0x5c0b90815830, 0x5c0b908213f8, 4627, 0x7ffef6827c80) = 1 <0.000243>
[pid 215] 14:58:37.645562 libssl.so.3->X509_verify_cert(0x5c0b90812b60, 1, 1, 0) = 1 <0.000299>
[pid 215] 14:58:37.646218 libssl.so.3->EVP_DigestSignInit_ex(0x5c0b90815210, 0x7ffef6827c60, 0, 0) = 1 <0.000159>
[pid 215] 14:58:37.646460 libssl.so.3->EVP_DigestSign(0x5c0b90815210, 0, 0x7ffef6827c70, 0x7ffef6827c80) = 1 <0.000159>
[pid 215] 14:58:37.646653 libssl.so.3->EVP_DigestSign(0x5c0b90815210, 0x5c0b908254c0, 0x7ffef6827c70, 0x7ffef6827c80) = 1 <0.000402>
[pid 215] 14:58:37.647308 <... SSL_connect resumed> ) = 1 <0.018328>
Handshake duration: 18.51 ms
[pid 215] 14:58:37.649898 +++ exited (status 0) +++
Execution 9 - TLS Mutual
s_connection: verify depth is 1
[pid 217] 14:58:37.709019 openssl->SSL_connect(0x5b6eaa0d1890, 0x5b6eaa0a3e50, 0x5b6eaa0a3e50, 0x77ac40978360 <unfinished ...>
[pid 217] 14:58:37.709517 libssl.so.3->EVP_PKEY_keygen_init(0x5b6eaa0a5580, 0, 176, 0x5b6eaa0a5580) = 1 <0.000216>
[pid 217] 14:58:37.709861 libssl.so.3->EVP_PKEY_keygen(0x5b6eaa0a5580, 0x7ffeaa717470, 0, 103) = 1 <0.002982>
[pid 217] 14:58:37.719736 libssl.so.3->EVP_PKEY_derive_init(0x5b6eaa0d62e0, 0, 176, 0x5b6eaa0d62e0) = 1 <0.000305>
[pid 217] 14:58:37.720090 libssl.so.3->EVP_PKEY_derive_set_peer(0x5b6eaa0d62e0, 0x5b6eaa0d60c0, 0, 0x5b6eaa0d0690) = 1 <0.000169>
[pid 217] 14:58:37.720334 libssl.so.3->EVP_PKEY_derive(0x5b6eaa0d62e0, 0, 0x7ffeaa717430, 7) = 1 <0.000154>
[pid 217] 14:58:37.720577 libssl.so.3->EVP_PKEY_derive(0x5b6eaa0d62e0, 0x5b6eaa0cbce0, 0x7ffeaa717430, 6) = 1 <0.002721>
[pid 217] 14:58:37.724098 libssl.so.3->X509_verify_cert(0x5b6eaa0c9b60, 0, 0x8000, 0xffffffff) = 1 <0.000624>
[pid 217] 14:58:37.724952 libssl.so.3->EVP_DigestVerifyInit_ex(0x5b6eaa0cc830, 0x7ffeaa7174d8, 0, 0) = 1 <0.000182>
[pid 217] 14:58:37.725181 libssl.so.3->EVP_DigestVerify(0x5b6eaa0cc830, 0x5b6eaa0d83f8, 4627, 0x7ffeaa7174e0) = 1 <0.000258>
[pid 217] 14:58:37.725686 libssl.so.3->X509_verify_cert(0x5b6eaa0c9b60, 1, 1, 0) = 1 <0.000274>
[pid 217] 14:58:37.726360 libssl.so.3->EVP_DigestSignInit_ex(0x5b6eaa0cc210, 0x7ffeaa7174c0, 0, 0) = 1 <0.000169>
[pid 217] 14:58:37.726576 libssl.so.3->EVP_DigestSign(0x5b6eaa0cc210, 0, 0x7ffeaa7174d0, 0x7ffeaa7174e0) = 1 <0.000110>
[pid 217] 14:58:37.726729 libssl.so.3->EVP_DigestSign(0x5b6eaa0cc210, 0x5b6eaa0dc4c0, 0x7ffeaa7174d0, 0x7ffeaa7174e0) = 1 <0.000362>
[pid 217] 14:58:37.727402 <... SSL_connect resumed> ) = 1 <0.018378>
Handshake duration: 18.60 ms
[pid 217] 14:58:37.730157 +++ exited (status 0) +++
Execution 10 - TLS Mutual
s_connection: verify depth is 1
[pid 219] 14:58:37.787493 openssl->SSL_connect(0x613b063e3890, 0x613b063b5e50, 0x613b063b5e50, 0x7e7543a8c360 <unfinished ...>
[pid 219] 14:58:37.787937 libssl.so.3->EVP_PKEY_keygen_init(0x613b063b7580, 0, 176, 0x613b063b7580) = 1 <0.000153>
[pid 219] 14:58:37.788140 libssl.so.3->EVP_PKEY_keygen(0x613b063b7580, 0x7fff155f9f80, 0, 103) = 1 <0.002987>
[pid 219] 14:58:37.798061 libssl.so.3->EVP_PKEY_derive_init(0x613b063e82e0, 0, 176, 0x613b063e82e0) = 1 <0.000276>
[pid 219] 14:58:37.798409 libssl.so.3->EVP_PKEY_derive_set_peer(0x613b063e82e0, 0x613b063e80c0, 0, 0x613b063e2690) = 1 <0.000168>
[pid 219] 14:58:37.798630 libssl.so.3->EVP_PKEY_derive(0x613b063e82e0, 0, 0x7fff155f9f40, 7) = 1 <0.000112>
[pid 219] 14:58:37.798788 libssl.so.3->EVP_PKEY_derive(0x613b063e82e0, 0x613b063ddce0, 0x7fff155f9f40, 6) = 1 <0.002721>
[pid 219] 14:58:37.802300 libssl.so.3->X509_verify_cert(0x613b063dbb60, 0, 0x8000, 0xffffffff) = 1 <0.000635>
[pid 219] 14:58:37.803178 libssl.so.3->EVP_DigestVerifyInit_ex(0x613b063ddc90, 0x7fff155f9fe8, 0, 0) = 1 <0.000166>
[pid 219] 14:58:37.803392 libssl.so.3->EVP_DigestVerify(0x613b063ddc90, 0x613b063ea3f8, 4627, 0x7fff155f9ff0) = 1 <0.000271>
[pid 219] 14:58:37.803888 libssl.so.3->X509_verify_cert(0x613b063dbb60, 1, 1, 0) = 1 <0.000272>
[pid 219] 14:58:37.804598 libssl.so.3->EVP_DigestSignInit_ex(0x613b063de210, 0x7fff155f9fd0, 0, 0) = 1 <0.000194>
[pid 219] 14:58:37.804864 libssl.so.3->EVP_DigestSign(0x613b063de210, 0, 0x7fff155f9fe0, 0x7fff155f9ff0) = 1 <0.000181>
[pid 219] 14:58:37.805104 libssl.so.3->EVP_DigestSign(0x613b063de210, 0x613b063ee4c0, 0x7fff155f9fe0, 0x7fff155f9ff0) = 1 <0.000503>
[pid 219] 14:58:37.805959 <... SSL_connect resumed> ) = 1 <0.018470>
Handshake duration: 18.70 ms
[pid 219] 14:58:37.808955 +++ exited (status 0) +++
Execution 11 - TLS Mutual
s_connection: verify depth is 1
[pid 221] 14:58:37.866154 openssl->SSL_connect(0x5c7e1c656890, 0x5c7e1c628e50, 0x5c7e1c628e50, 0x79bca9acd360 <unfinished ...>
[pid 221] 14:58:37.866759 libssl.so.3->EVP_PKEY_keygen_init(0x5c7e1c62a580, 0, 176, 0x5c7e1c62a580) = 1 <0.000224>
[pid 221] 14:58:37.867039 libssl.so.3->EVP_PKEY_keygen(0x5c7e1c62a580, 0x7ffd4a5f0980, 0, 103) = 1 <0.003323>
[pid 221] 14:58:37.876925 libssl.so.3->EVP_PKEY_derive_init(0x5c7e1c65b2e0, 0, 176, 0x5c7e1c65b2e0) = 1 <0.000308>
[pid 221] 14:58:37.877297 libssl.so.3->EVP_PKEY_derive_set_peer(0x5c7e1c65b2e0, 0x5c7e1c65b0c0, 0, 0x5c7e1c655690) = 1 <0.000126>
[pid 221] 14:58:37.877471 libssl.so.3->EVP_PKEY_derive(0x5c7e1c65b2e0, 0, 0x7ffd4a5f0940, 7) = 1 <0.000155>
[pid 221] 14:58:37.877678 libssl.so.3->EVP_PKEY_derive(0x5c7e1c65b2e0, 0x5c7e1c650ce0, 0x7ffd4a5f0940, 6) = 1 <0.002715>
[pid 221] 14:58:37.881205 libssl.so.3->X509_verify_cert(0x5c7e1c64eb60, 0, 0x8000, 0xffffffff) = 1 <0.000603>
[pid 221] 14:58:37.882067 libssl.so.3->EVP_DigestVerifyInit_ex(0x5c7e1c651830, 0x7ffd4a5f09e8, 0, 0) = 1 <0.000195>
[pid 221] 14:58:37.882330 libssl.so.3->EVP_DigestVerify(0x5c7e1c651830, 0x5c7e1c65d3f8, 4627, 0x7ffd4a5f09f0) = 1 <0.000306>
[pid 221] 14:58:37.882867 libssl.so.3->X509_verify_cert(0x5c7e1c64eb60, 1, 1, 0) = 1 <0.000273>
[pid 221] 14:58:37.883519 libssl.so.3->EVP_DigestSignInit_ex(0x5c7e1c651210, 0x7ffd4a5f09d0, 0, 0) = 1 <0.000175>
[pid 221] 14:58:37.883748 libssl.so.3->EVP_DigestSign(0x5c7e1c651210, 0, 0x7ffd4a5f09e0, 0x7ffd4a5f09f0) = 1 <0.000107>
[pid 221] 14:58:37.883899 libssl.so.3->EVP_DigestSign(0x5c7e1c651210, 0x5c7e1c6614c0, 0x7ffd4a5f09e0, 0x7ffd4a5f09f0) = 1 <0.000587>
[pid 221] 14:58:37.884838 <... SSL_connect resumed> ) = 1 <0.018693>
Handshake duration: 18.93 ms
[pid 221] 14:58:37.887893 +++ exited (status 0) +++
Execution 12 - TLS Mutual
s_connection: verify depth is 1
[pid 223] 14:58:37.953180 openssl->SSL_connect(0x63d991034890, 0x63d991006e50, 0x63d991006e50, 0x73e2e8ea0360 <unfinished ...>
[pid 223] 14:58:37.953719 libssl.so.3->EVP_PKEY_keygen_init(0x63d991008580, 0, 176, 0x63d991008580) = 1 <0.000203>
[pid 223] 14:58:37.953990 libssl.so.3->EVP_PKEY_keygen(0x63d991008580, 0x7ffc903157a0, 0, 103) = 1 <0.002976>
[pid 223] 14:58:37.963642 libssl.so.3->EVP_PKEY_derive_init(0x63d9910392e0, 0, 176, 0x63d9910392e0) = 1 <0.000297>
[pid 223] 14:58:37.963981 libssl.so.3->EVP_PKEY_derive_set_peer(0x63d9910392e0, 0x63d9910390c0, 0, 0x63d991033690) = 1 <0.000132>
[pid 223] 14:58:37.964160 libssl.so.3->EVP_PKEY_derive(0x63d9910392e0, 0, 0x7ffc90315760, 7) = 1 <0.000192>
[pid 223] 14:58:37.964444 libssl.so.3->EVP_PKEY_derive(0x63d9910392e0, 0x63d99102ece0, 0x7ffc90315760, 6) = 1 <0.003224>
[pid 223] 14:58:37.968545 libssl.so.3->X509_verify_cert(0x63d99102cb60, 0, 0x8000, 0xffffffff) = 1 <0.000615>
[pid 223] 14:58:37.969414 libssl.so.3->EVP_DigestVerifyInit_ex(0x63d99102f830, 0x7ffc90315808, 0, 0) = 1 <0.000140>
[pid 223] 14:58:37.969640 libssl.so.3->EVP_DigestVerify(0x63d99102f830, 0x63d99103b3f8, 4627, 0x7ffc90315810) = 1 <0.000261>
[pid 223] 14:58:37.970132 libssl.so.3->X509_verify_cert(0x63d99102cb60, 1, 1, 0) = 1 <0.000269>
[pid 223] 14:58:37.970763 libssl.so.3->EVP_DigestSignInit_ex(0x63d99102f210, 0x7ffc903157f0, 0, 0) = 1 <0.000123>
[pid 223] 14:58:37.970933 libssl.so.3->EVP_DigestSign(0x63d99102f210, 0, 0x7ffc90315800, 0x7ffc90315810) = 1 <0.000116>
[pid 223] 14:58:37.971089 libssl.so.3->EVP_DigestSign(0x63d99102f210, 0x63d99103f4c0, 0x7ffc90315800, 0x7ffc90315810) = 1 <0.000355>
[pid 223] 14:58:37.971742 <... SSL_connect resumed> ) = 1 <0.018576>
Handshake duration: 18.75 ms
[pid 223] 14:58:37.974254 +++ exited (status 0) +++
Execution 13 - TLS Mutual
s_connection: verify depth is 1
[pid 225] 14:58:38.031797 openssl->SSL_connect(0x62486b47a890, 0x62486b44ce50, 0x62486b44ce50, 0x786bd4115360 <unfinished ...>
[pid 225] 14:58:38.032367 libssl.so.3->EVP_PKEY_keygen_init(0x62486b44e580, 0, 176, 0x62486b44e580) = 1 <0.000257>
[pid 225] 14:58:38.032683 libssl.so.3->EVP_PKEY_keygen(0x62486b44e580, 0x7fffe8367fc0, 0, 103) = 1 <0.002799>
[pid 225] 14:58:38.042517 libssl.so.3->EVP_PKEY_derive_init(0x62486b47f2e0, 0, 176, 0x62486b47f2e0) = 1 <0.000226>
[pid 225] 14:58:38.042793 libssl.so.3->EVP_PKEY_derive_set_peer(0x62486b47f2e0, 0x62486b47f0c0, 0, 0x62486b479690) = 1 <0.000194>
[pid 225] 14:58:38.043075 libssl.so.3->EVP_PKEY_derive(0x62486b47f2e0, 0, 0x7fffe8367f80, 7) = 1 <0.000183>
[pid 225] 14:58:38.043328 libssl.so.3->EVP_PKEY_derive(0x62486b47f2e0, 0x62486b474ce0, 0x7fffe8367f80, 6) = 1 <0.002733>
[pid 225] 14:58:38.046841 libssl.so.3->X509_verify_cert(0x62486b472b60, 0, 0x8000, 0xffffffff) = 1 <0.000748>
[pid 225] 14:58:38.047819 libssl.so.3->EVP_DigestVerifyInit_ex(0x62486b475830, 0x7fffe8368028, 0, 0) = 1 <0.000135>
[pid 225] 14:58:38.048005 libssl.so.3->EVP_DigestVerify(0x62486b475830, 0x62486b4813f8, 4627, 0x7fffe8368030) = 1 <0.000229>
[pid 225] 14:58:38.048473 libssl.so.3->X509_verify_cert(0x62486b472b60, 1, 1, 0) = 1 <0.000264>
[pid 225] 14:58:38.049058 libssl.so.3->EVP_DigestSignInit_ex(0x62486b475210, 0x7fffe8368010, 0, 0) = 1 <0.000120>
[pid 225] 14:58:38.049218 libssl.so.3->EVP_DigestSign(0x62486b475210, 0, 0x7fffe8368020, 0x7fffe8368030) = 1 <0.000109>
[pid 225] 14:58:38.049370 libssl.so.3->EVP_DigestSign(0x62486b475210, 0x62486b4854c0, 0x7fffe8368020, 0x7fffe8368030) = 1 <0.000558>
[pid 225] 14:58:38.050236 <... SSL_connect resumed> ) = 1 <0.018439>
Handshake duration: 18.65 ms
[pid 225] 14:58:38.052619 +++ exited (status 0) +++
Execution 14 - TLS Mutual
s_connection: verify depth is 1
[pid 227] 14:58:38.115519 openssl->SSL_connect(0x596a2e08b890, 0x596a2e05de50, 0x596a2e05de50, 0x7b097bae2360 <unfinished ...>
[pid 227] 14:58:38.116043 libssl.so.3->EVP_PKEY_keygen_init(0x596a2e05f580, 0, 176, 0x596a2e05f580) = 1 <0.000207>
[pid 227] 14:58:38.116328 libssl.so.3->EVP_PKEY_keygen(0x596a2e05f580, 0x7ffee28567a0, 0, 103) = 1 <0.002870>
[pid 227] 14:58:38.126151 libssl.so.3->EVP_PKEY_derive_init(0x596a2e0902e0, 0, 176, 0x596a2e0902e0) = 1 <0.000220>
[pid 227] 14:58:38.126407 libssl.so.3->EVP_PKEY_derive_set_peer(0x596a2e0902e0, 0x596a2e0900c0, 0, 0x596a2e08a690) = 1 <0.000145>
[pid 227] 14:58:38.126596 libssl.so.3->EVP_PKEY_derive(0x596a2e0902e0, 0, 0x7ffee2856760, 7) = 1 <0.000109>
[pid 227] 14:58:38.126747 libssl.so.3->EVP_PKEY_derive(0x596a2e0902e0, 0x596a2e085ce0, 0x7ffee2856760, 6) = 1 <0.002685>
[pid 227] 14:58:38.130230 libssl.so.3->X509_verify_cert(0x596a2e083b60, 0, 0x8000, 0xffffffff) = 1 <0.000583>
[pid 227] 14:58:38.131126 libssl.so.3->EVP_DigestVerifyInit_ex(0x596a2e086830, 0x7ffee2856808, 0, 0) = 1 <0.000186>
[pid 227] 14:58:38.131357 libssl.so.3->EVP_DigestVerify(0x596a2e086830, 0x596a2e0923f8, 4627, 0x7ffee2856810) = 1 <0.000255>
[pid 227] 14:58:38.131833 libssl.so.3->X509_verify_cert(0x596a2e083b60, 1, 1, 0) = 1 <0.000262>
[pid 227] 14:58:38.132439 libssl.so.3->EVP_DigestSignInit_ex(0x596a2e086210, 0x7ffee28567f0, 0, 0) = 1 <0.000138>
[pid 227] 14:58:38.132655 libssl.so.3->EVP_DigestSign(0x596a2e086210, 0, 0x7ffee2856800, 0x7ffee2856810) = 1 <0.000133>
[pid 227] 14:58:38.132840 libssl.so.3->EVP_DigestSign(0x596a2e086210, 0x596a2e0964c0, 0x7ffee2856800, 0x7ffee2856810) = 1 <0.000386>
[pid 227] 14:58:38.133563 <... SSL_connect resumed> ) = 1 <0.018057>
Handshake duration: 18.29 ms
[pid 227] 14:58:38.137808 +++ exited (status 0) +++
Execution 15 - TLS Mutual
s_connection: verify depth is 1
[pid 229] 14:58:38.197330 openssl->SSL_connect(0x5f6ceab93890, 0x5f6ceab65e50, 0x5f6ceab65e50, 0x709a05a8a360 <unfinished ...>
[pid 229] 14:58:38.197850 libssl.so.3->EVP_PKEY_keygen_init(0x5f6ceab67580, 0, 176, 0x5f6ceab67580) = 1 <0.000168>
[pid 229] 14:58:38.198072 libssl.so.3->EVP_PKEY_keygen(0x5f6ceab67580, 0x7ffd0f6df240, 0, 103) = 1 <0.003457>
[pid 229] 14:58:38.208519 libssl.so.3->EVP_PKEY_derive_init(0x5f6ceab982e0, 0, 176, 0x5f6ceab982e0) = 1 <0.000228>
[pid 229] 14:58:38.208786 libssl.so.3->EVP_PKEY_derive_set_peer(0x5f6ceab982e0, 0x5f6ceab980c0, 0, 0x5f6ceab92690) = 1 <0.000138>
[pid 229] 14:58:38.208971 libssl.so.3->EVP_PKEY_derive(0x5f6ceab982e0, 0, 0x7ffd0f6df200, 7) = 1 <0.000114>
[pid 229] 14:58:38.209141 libssl.so.3->EVP_PKEY_derive(0x5f6ceab982e0, 0x5f6ceab8dce0, 0x7ffd0f6df200, 6) = 1 <0.003454>
[pid 229] 14:58:38.213565 libssl.so.3->X509_verify_cert(0x5f6ceab8bb60, 0, 0x8000, 0xffffffff) = 1 <0.000653>
[pid 229] 14:58:38.214527 libssl.so.3->EVP_DigestVerifyInit_ex(0x5f6ceab8e830, 0x7ffd0f6df2a8, 0, 0) = 1 <0.000156>
[pid 229] 14:58:38.214740 libssl.so.3->EVP_DigestVerify(0x5f6ceab8e830, 0x5f6ceab9a3f8, 4627, 0x7ffd0f6df2b0) = 1 <0.000255>
[pid 229] 14:58:38.215224 libssl.so.3->X509_verify_cert(0x5f6ceab8bb60, 1, 1, 0) = 1 <0.000385>
[pid 229] 14:58:38.215982 libssl.so.3->EVP_DigestSignInit_ex(0x5f6ceab8e210, 0x7ffd0f6df290, 0, 0) = 1 <0.000138>
[pid 229] 14:58:38.216267 libssl.so.3->EVP_DigestSign(0x5f6ceab8e210, 0, 0x7ffd0f6df2a0, 0x7ffd0f6df2b0) = 1 <0.000277>
[pid 229] 14:58:38.216596 libssl.so.3->EVP_DigestSign(0x5f6ceab8e210, 0x5f6ceab9e4c0, 0x7ffd0f6df2a0, 0x7ffd0f6df2b0) = 1 <0.000658>
[pid 229] 14:58:38.217917 <... SSL_connect resumed> ) = 1 <0.020566>
Handshake duration: 21.02 ms
[pid 229] 14:58:38.220951 +++ exited (status 0) +++
Execution 16 - TLS Mutual
s_connection: verify depth is 1
[pid 231] 14:58:38.286865 openssl->SSL_connect(0x587c13755890, 0x587c13727e50, 0x587c13727e50, 0x70b5b910a360 <unfinished ...>
[pid 231] 14:58:38.287329 libssl.so.3->EVP_PKEY_keygen_init(0x587c13729580, 0, 176, 0x587c13729580) = 1 <0.000179>
[pid 231] 14:58:38.287564 libssl.so.3->EVP_PKEY_keygen(0x587c13729580, 0x7ffc6b18caa0, 0, 103) = 1 <0.003032>
[pid 231] 14:58:38.297582 libssl.so.3->EVP_PKEY_derive_init(0x587c1375a2e0, 0, 176, 0x587c1375a2e0) = 1 <0.000222>
[pid 231] 14:58:38.297856 libssl.so.3->EVP_PKEY_derive_set_peer(0x587c1375a2e0, 0x587c1375a0c0, 0, 0x587c13754690) = 1 <0.000126>
[pid 231] 14:58:38.298015 libssl.so.3->EVP_PKEY_derive(0x587c1375a2e0, 0, 0x7ffc6b18ca60, 7) = 1 <0.000099>
[pid 231] 14:58:38.298153 libssl.so.3->EVP_PKEY_derive(0x587c1375a2e0, 0x587c1374fce0, 0x7ffc6b18ca60, 6) = 1 <0.003427>
[pid 231] 14:58:38.302422 libssl.so.3->X509_verify_cert(0x587c1374db60, 0, 0x8000, 0xffffffff) = 1 <0.000650>
[pid 231] 14:58:38.303298 libssl.so.3->EVP_DigestVerifyInit_ex(0x587c13750830, 0x7ffc6b18cb08, 0, 0) = 1 <0.000218>
[pid 231] 14:58:38.303588 libssl.so.3->EVP_DigestVerify(0x587c13750830, 0x587c1375c3f8, 4627, 0x7ffc6b18cb10) = 1 <0.000315>
[pid 231] 14:58:38.304141 libssl.so.3->X509_verify_cert(0x587c1374db60, 1, 1, 0) = 1 <0.000269>
[pid 231] 14:58:38.304847 libssl.so.3->EVP_DigestSignInit_ex(0x587c13750210, 0x7ffc6b18caf0, 0, 0) = 1 <0.000149>
[pid 231] 14:58:38.305043 libssl.so.3->EVP_DigestSign(0x587c13750210, 0, 0x7ffc6b18cb00, 0x7ffc6b18cb10) = 1 <0.000123>
[pid 231] 14:58:38.305212 libssl.so.3->EVP_DigestSign(0x587c13750210, 0x587c137604c0, 0x7ffc6b18cb00, 0x7ffc6b18cb10) = 1 <0.000372>
[pid 231] 14:58:38.305869 <... SSL_connect resumed> ) = 1 <0.019012>
Handshake duration: 19.21 ms
[pid 231] 14:58:38.308768 +++ exited (status 0) +++
Execution 17 - TLS Mutual
s_connection: verify depth is 1
[pid 233] 14:58:38.369794 openssl->SSL_connect(0x651c1caf6890, 0x651c1cac8e50, 0x651c1cac8e50, 0x746655539360 <unfinished ...>
[pid 233] 14:58:38.370409 libssl.so.3->EVP_PKEY_keygen_init(0x651c1caca580, 0, 176, 0x651c1caca580) = 1 <0.000277>
[pid 233] 14:58:38.370789 libssl.so.3->EVP_PKEY_keygen(0x651c1caca580, 0x7ffebd948580, 0, 103) = 1 <0.003217>
[pid 233] 14:58:38.383848 libssl.so.3->EVP_PKEY_derive_init(0x651c1cafb2e0, 0, 176, 0x651c1cafb2e0) = 1 <0.000230>
[pid 233] 14:58:38.384118 libssl.so.3->EVP_PKEY_derive_set_peer(0x651c1cafb2e0, 0x651c1cafb0c0, 0, 0x651c1caf5690) = 1 <0.000161>
[pid 233] 14:58:38.384329 libssl.so.3->EVP_PKEY_derive(0x651c1cafb2e0, 0, 0x7ffebd948540, 7) = 1 <0.000123>
[pid 233] 14:58:38.384514 libssl.so.3->EVP_PKEY_derive(0x651c1cafb2e0, 0x651c1caf0ce0, 0x7ffebd948540, 6) = 1 <0.002822>
[pid 233] 14:58:38.388219 libssl.so.3->X509_verify_cert(0x651c1caeeb60, 0, 0x8000, 0xffffffff) = 1 <0.000926>
[pid 233] 14:58:38.389413 libssl.so.3->EVP_DigestVerifyInit_ex(0x651c1caf1830, 0x7ffebd9485e8, 0, 0) = 1 <0.000188>
[pid 233] 14:58:38.389655 libssl.so.3->EVP_DigestVerify(0x651c1caf1830, 0x651c1cafd3f8, 4627, 0x7ffebd9485f0) = 1 <0.000277>
[pid 233] 14:58:38.390179 libssl.so.3->X509_verify_cert(0x651c1caeeb60, 1, 1, 0) = 1 <0.000291>
[pid 233] 14:58:38.390832 libssl.so.3->EVP_DigestSignInit_ex(0x651c1caf1210, 0x7ffebd9485d0, 0, 0) = 1 <0.000153>
[pid 233] 14:58:38.391038 libssl.so.3->EVP_DigestSign(0x651c1caf1210, 0, 0x7ffebd9485e0, 0x7ffebd9485f0) = 1 <0.000212>
[pid 233] 14:58:38.391306 libssl.so.3->EVP_DigestSign(0x651c1caf1210, 0x651c1cb014c0, 0x7ffebd9485e0, 0x7ffebd9485f0) = 1 <0.000388>
[pid 233] 14:58:38.391980 <... SSL_connect resumed> ) = 1 <0.022202>
Handshake duration: 22.42 ms
[pid 233] 14:58:38.394634 +++ exited (status 0) +++
Execution 18 - TLS Mutual
s_connection: verify depth is 1
[pid 235] 14:58:38.452490 openssl->SSL_connect(0x5d42735bc890, 0x5d427358ee50, 0x5d427358ee50, 0x732dec253360 <unfinished ...>
[pid 235] 14:58:38.453132 libssl.so.3->EVP_PKEY_keygen_init(0x5d4273590580, 0, 176, 0x5d4273590580) = 1 <0.000244>
[pid 235] 14:58:38.453474 libssl.so.3->EVP_PKEY_keygen(0x5d4273590580, 0x7ffd32846960, 0, 103) = 1 <0.003032>
[pid 235] 14:58:38.467182 libssl.so.3->EVP_PKEY_derive_init(0x5d42735c12e0, 0, 176, 0x5d42735c12e0) = 1 <0.000429>
[pid 235] 14:58:38.467709 libssl.so.3->EVP_PKEY_derive_set_peer(0x5d42735c12e0, 0x5d42735c10c0, 0, 0x5d42735bb690) = 1 <0.000239>
[pid 235] 14:58:38.468014 libssl.so.3->EVP_PKEY_derive(0x5d42735c12e0, 0, 0x7ffd32846920, 7) = 1 <0.000173>
[pid 235] 14:58:38.468275 libssl.so.3->EVP_PKEY_derive(0x5d42735c12e0, 0x5d42735b6ce0, 0x7ffd32846920, 6) = 1 <0.002949>
[pid 235] 14:58:38.472425 libssl.so.3->X509_verify_cert(0x5d42735b4b60, 0, 0x8000, 0xffffffff) = 1 <0.001167>
[pid 235] 14:58:38.473967 libssl.so.3->EVP_DigestVerifyInit_ex(0x5d42735b7830, 0x7ffd328469c8, 0, 0) = 1 <0.000283>
[pid 235] 14:58:38.474394 libssl.so.3->EVP_DigestVerify(0x5d42735b7830, 0x5d42735c33f8, 4627, 0x7ffd328469d0) = 1 <0.000449>
[pid 235] 14:58:38.475260 libssl.so.3->X509_verify_cert(0x5d42735b4b60, 1, 1, 0) = 1 <0.000452>
[pid 235] 14:58:38.476210 libssl.so.3->EVP_DigestSignInit_ex(0x5d42735b7210, 0x7ffd328469b0, 0, 0) = 1 <0.000199>
[pid 235] 14:58:38.476519 libssl.so.3->EVP_DigestSign(0x5d42735b7210, 0, 0x7ffd328469c0, 0x7ffd328469d0) = 1 <0.000173>
[pid 235] 14:58:38.476778 libssl.so.3->EVP_DigestSign(0x5d42735b7210, 0x5d42735c74c0, 0x7ffd328469c0, 0x7ffd328469d0) = 1 <0.000511>
[pid 235] 14:58:38.477739 <... SSL_connect resumed> ) = 1 <0.025253>
Handshake duration: 25.56 ms
[pid 235] 14:58:38.481223 +++ exited (status 0) +++
Execution 19 - TLS Mutual
s_connection: verify depth is 1
[pid 237] 14:58:38.541669 openssl->SSL_connect(0x623ae0e9d890, 0x623ae0e6fe50, 0x623ae0e6fe50, 0x7607db3e9360 <unfinished ...>
[pid 237] 14:58:38.542188 libssl.so.3->EVP_PKEY_keygen_init(0x623ae0e71580, 0, 176, 0x623ae0e71580) = 1 <0.000260>
[pid 237] 14:58:38.542548 libssl.so.3->EVP_PKEY_keygen(0x623ae0e71580, 0x7ffcd3df8990, 0, 103) = 1 <0.004555>
[pid 237] 14:58:38.554324 libssl.so.3->EVP_PKEY_derive_init(0x623ae0ea22e0, 0, 176, 0x623ae0ea22e0) = 1 <0.000384>
[pid 237] 14:58:38.554793 libssl.so.3->EVP_PKEY_derive_set_peer(0x623ae0ea22e0, 0x623ae0ea20c0, 0, 0x623ae0e9c690) = 1 <0.000212>
[pid 237] 14:58:38.555064 libssl.so.3->EVP_PKEY_derive(0x623ae0ea22e0, 0, 0x7ffcd3df8950, 7) = 1 <0.000156>
[pid 237] 14:58:38.555291 libssl.so.3->EVP_PKEY_derive(0x623ae0ea22e0, 0x623ae0e97ce0, 0x7ffcd3df8950, 6) = 1 <0.002742>
[pid 237] 14:58:38.558915 libssl.so.3->X509_verify_cert(0x623ae0e95b60, 0, 0x8000, 0xffffffff) = 1 <0.000674>
[pid 237] 14:58:38.559859 libssl.so.3->EVP_DigestVerifyInit_ex(0x623ae0e98830, 0x7ffcd3df89f8, 0, 0) = 1 <0.000139>
[pid 237] 14:58:38.560043 libssl.so.3->EVP_DigestVerify(0x623ae0e98830, 0x623ae0ea43f8, 4627, 0x7ffcd3df8a00) = 1 <0.000289>
[pid 237] 14:58:38.560662 libssl.so.3->X509_verify_cert(0x623ae0e95b60, 1, 1, 0) = 1 <0.000333>
[pid 237] 14:58:38.561379 libssl.so.3->EVP_DigestSignInit_ex(0x623ae0e98210, 0x7ffcd3df89e0, 0, 0) = 1 <0.000218>
[pid 237] 14:58:38.561650 libssl.so.3->EVP_DigestSign(0x623ae0e98210, 0, 0x7ffcd3df89f0, 0x7ffcd3df8a00) = 1 <0.000144>
[pid 237] 14:58:38.561846 libssl.so.3->EVP_DigestSign(0x623ae0e98210, 0x623ae0ea84c0, 0x7ffcd3df89f0, 0x7ffcd3df8a00) = 1 <0.000379>
[pid 237] 14:58:38.562598 <... SSL_connect resumed> ) = 1 <0.020929>
Handshake duration: 21.18 ms
[pid 237] 14:58:38.565333 +++ exited (status 0) +++
Execution 20 - TLS Mutual
s_connection: verify depth is 1
[pid 239] 14:58:38.622896 openssl->SSL_connect(0x5d8b534c8890, 0x5d8b5349ae50, 0x5d8b5349ae50, 0x7f7d3f27e360 <unfinished ...>
[pid 239] 14:58:38.623341 libssl.so.3->EVP_PKEY_keygen_init(0x5d8b5349c580, 0, 176, 0x5d8b5349c580) = 1 <0.000231>
[pid 239] 14:58:38.623624 libssl.so.3->EVP_PKEY_keygen(0x5d8b5349c580, 0x7ffeaa77f590, 0, 103) = 1 <0.002963>
[pid 239] 14:58:38.633027 libssl.so.3->EVP_PKEY_derive_init(0x5d8b534cd2e0, 0, 176, 0x5d8b534cd2e0) = 1 <0.000183>
[pid 239] 14:58:38.633245 libssl.so.3->EVP_PKEY_derive_set_peer(0x5d8b534cd2e0, 0x5d8b534cd0c0, 0, 0x5d8b534c7690) = 1 <0.000119>
[pid 239] 14:58:38.633409 libssl.so.3->EVP_PKEY_derive(0x5d8b534cd2e0, 0, 0x7ffeaa77f550, 7) = 1 <0.000130>
[pid 239] 14:58:38.633582 libssl.so.3->EVP_PKEY_derive(0x5d8b534cd2e0, 0x5d8b534c2ce0, 0x7ffeaa77f550, 6) = 1 <0.002710>
[pid 239] 14:58:38.637080 libssl.so.3->X509_verify_cert(0x5d8b534c0b60, 0, 0x8000, 0xffffffff) = 1 <0.000588>
[pid 239] 14:58:38.637896 libssl.so.3->EVP_DigestVerifyInit_ex(0x5d8b534c3830, 0x7ffeaa77f5f8, 0, 0) = 1 <0.000129>
[pid 239] 14:58:38.638072 libssl.so.3->EVP_DigestVerify(0x5d8b534c3830, 0x5d8b534cf3f8, 4627, 0x7ffeaa77f600) = 1 <0.000209>
[pid 239] 14:58:38.638514 libssl.so.3->X509_verify_cert(0x5d8b534c0b60, 1, 1, 0) = 1 <0.000249>
[pid 239] 14:58:38.639098 libssl.so.3->EVP_DigestSignInit_ex(0x5d8b534c3210, 0x7ffeaa77f5e0, 0, 0) = 1 <0.000135>
[pid 239] 14:58:38.639284 libssl.so.3->EVP_DigestSign(0x5d8b534c3210, 0, 0x7ffeaa77f5f0, 0x7ffeaa77f600) = 1 <0.000152>
[pid 239] 14:58:38.639497 libssl.so.3->EVP_DigestSign(0x5d8b534c3210, 0x5d8b534d34c0, 0x7ffeaa77f5f0, 0x7ffeaa77f600) = 1 <0.000431>
[pid 239] 14:58:38.640210 <... SSL_connect resumed> ) = 1 <0.017330>
Handshake duration: 17.50 ms
[pid 239] 14:58:38.642584 +++ exited (status 0) +++
Execution 21 - TLS Mutual
s_connection: verify depth is 1
[pid 241] 14:58:38.698149 openssl->SSL_connect(0x5b99e57bd890, 0x5b99e578fe50, 0x5b99e578fe50, 0x7f35fef78360 <unfinished ...>
[pid 241] 14:58:38.698570 libssl.so.3->EVP_PKEY_keygen_init(0x5b99e5791580, 0, 176, 0x5b99e5791580) = 1 <0.000145>
[pid 241] 14:58:38.698787 libssl.so.3->EVP_PKEY_keygen(0x5b99e5791580, 0x7ffdda160940, 0, 103) = 1 <0.002822>
[pid 241] 14:58:38.708190 libssl.so.3->EVP_PKEY_derive_init(0x5b99e57c22e0, 0, 176, 0x5b99e57c22e0) = 1 <0.000221>
[pid 241] 14:58:38.708474 libssl.so.3->EVP_PKEY_derive_set_peer(0x5b99e57c22e0, 0x5b99e57c20c0, 0, 0x5b99e57bc690) = 1 <0.000159>
[pid 241] 14:58:38.708679 libssl.so.3->EVP_PKEY_derive(0x5b99e57c22e0, 0, 0x7ffdda160900, 7) = 1 <0.000117>
[pid 241] 14:58:38.708850 libssl.so.3->EVP_PKEY_derive(0x5b99e57c22e0, 0x5b99e57b7ce0, 0x7ffdda160900, 6) = 1 <0.002853>
[pid 241] 14:58:38.712483 libssl.so.3->X509_verify_cert(0x5b99e57b5b60, 0, 0x8000, 0xffffffff) = 1 <0.000612>
[pid 241] 14:58:38.713315 libssl.so.3->EVP_DigestVerifyInit_ex(0x5b99e57b8830, 0x7ffdda1609a8, 0, 0) = 1 <0.000175>
[pid 241] 14:58:38.713543 libssl.so.3->EVP_DigestVerify(0x5b99e57b8830, 0x5b99e57c43f8, 4627, 0x7ffdda1609b0) = 1 <0.000273>
[pid 241] 14:58:38.714023 libssl.so.3->X509_verify_cert(0x5b99e57b5b60, 1, 1, 0) = 1 <0.000276>
[pid 241] 14:58:38.714637 libssl.so.3->EVP_DigestSignInit_ex(0x5b99e57b8210, 0x7ffdda160990, 0, 0) = 1 <0.000150>
[pid 241] 14:58:38.714831 libssl.so.3->EVP_DigestSign(0x5b99e57b8210, 0, 0x7ffdda1609a0, 0x7ffdda1609b0) = 1 <0.000187>
[pid 241] 14:58:38.715070 libssl.so.3->EVP_DigestSign(0x5b99e57b8210, 0x5b99e57c84c0, 0x7ffdda1609a0, 0x7ffdda1609b0) = 1 <0.000466>
[pid 241] 14:58:38.715822 <... SSL_connect resumed> ) = 1 <0.017677>
Handshake duration: 17.87 ms
[pid 241] 14:58:38.718059 +++ exited (status 0) +++
Execution 22 - TLS Mutual
s_connection: verify depth is 1
[pid 243] 14:58:38.774889 openssl->SSL_connect(0x602d250d4890, 0x602d250a6e50, 0x602d250a6e50, 0x7f32054c5360 <unfinished ...>
[pid 243] 14:58:38.775371 libssl.so.3->EVP_PKEY_keygen_init(0x602d250a8580, 0, 176, 0x602d250a8580) = 1 <0.000208>
[pid 243] 14:58:38.775636 libssl.so.3->EVP_PKEY_keygen(0x602d250a8580, 0x7ffffdfc5b60, 0, 103) = 1 <0.002955>
[pid 243] 14:58:38.785445 libssl.so.3->EVP_PKEY_derive_init(0x602d250d92e0, 0, 176, 0x602d250d92e0) = 1 <0.000210>
[pid 243] 14:58:38.785701 libssl.so.3->EVP_PKEY_derive_set_peer(0x602d250d92e0, 0x602d250d90c0, 0, 0x602d250d3690) = 1 <0.000135>
[pid 243] 14:58:38.785876 libssl.so.3->EVP_PKEY_derive(0x602d250d92e0, 0, 0x7ffffdfc5b20, 7) = 1 <0.000122>
[pid 243] 14:58:38.786044 libssl.so.3->EVP_PKEY_derive(0x602d250d92e0, 0x602d250cece0, 0x7ffffdfc5b20, 6) = 1 <0.002775>
[pid 243] 14:58:38.789629 libssl.so.3->X509_verify_cert(0x602d250ccb60, 0, 0x8000, 0xffffffff) = 1 <0.000620>
[pid 243] 14:58:38.790499 libssl.so.3->EVP_DigestVerifyInit_ex(0x602d250cf830, 0x7ffffdfc5bc8, 0, 0) = 1 <0.000148>
[pid 243] 14:58:38.790691 libssl.so.3->EVP_DigestVerify(0x602d250cf830, 0x602d250db3f8, 4627, 0x7ffffdfc5bd0) = 1 <0.000241>
[pid 243] 14:58:38.791146 libssl.so.3->X509_verify_cert(0x602d250ccb60, 1, 1, 0) = 1 <0.000267>
[pid 243] 14:58:38.791783 libssl.so.3->EVP_DigestSignInit_ex(0x602d250cf210, 0x7ffffdfc5bb0, 0, 0) = 1 <0.000141>
[pid 243] 14:58:38.791985 libssl.so.3->EVP_DigestSign(0x602d250cf210, 0, 0x7ffffdfc5bc0, 0x7ffffdfc5bd0) = 1 <0.000119>
[pid 243] 14:58:38.792161 libssl.so.3->EVP_DigestSign(0x602d250cf210, 0x602d250df4c0, 0x7ffffdfc5bc0, 0x7ffffdfc5bd0) = 1 <0.000410>
[pid 243] 14:58:38.792936 <... SSL_connect resumed> ) = 1 <0.018044>
Handshake duration: 18.30 ms
[pid 243] 14:58:38.795643 +++ exited (status 0) +++
Execution 23 - TLS Mutual
s_connection: verify depth is 1
[pid 245] 14:58:38.857134 openssl->SSL_connect(0x5612876e0890, 0x5612876b2e50, 0x5612876b2e50, 0x7b95aaa6e360 <unfinished ...>
[pid 245] 14:58:38.857642 libssl.so.3->EVP_PKEY_keygen_init(0x5612876b4580, 0, 176, 0x5612876b4580) = 1 <0.000193>
[pid 245] 14:58:38.857887 libssl.so.3->EVP_PKEY_keygen(0x5612876b4580, 0x7ffdaf7c4e50, 0, 103) = 1 <0.003050>
[pid 245] 14:58:38.871434 libssl.so.3->EVP_PKEY_derive_init(0x5612876e52e0, 0, 176, 0x5612876e52e0) = 1 <0.000285>
[pid 245] 14:58:38.871752 libssl.so.3->EVP_PKEY_derive_set_peer(0x5612876e52e0, 0x5612876e50c0, 0, 0x5612876df690) = 1 <0.000123>
[pid 245] 14:58:38.871924 libssl.so.3->EVP_PKEY_derive(0x5612876e52e0, 0, 0x7ffdaf7c4e10, 7) = 1 <0.000118>
[pid 245] 14:58:38.872085 libssl.so.3->EVP_PKEY_derive(0x5612876e52e0, 0x5612876dace0, 0x7ffdaf7c4e10, 6) = 1 <0.002829>
[pid 245] 14:58:38.875841 libssl.so.3->X509_verify_cert(0x5612876d8b60, 0, 0x8000, 0xffffffff) = 1 <0.000913>
[pid 245] 14:58:38.877159 libssl.so.3->EVP_DigestVerifyInit_ex(0x5612876db830, 0x7ffdaf7c4eb8, 0, 0) = 1 <0.000229>
[pid 245] 14:58:38.877483 libssl.so.3->EVP_DigestVerify(0x5612876db830, 0x5612876e73f8, 4627, 0x7ffdaf7c4ec0) = 1 <0.000422>
[pid 245] 14:58:38.878278 libssl.so.3->X509_verify_cert(0x5612876d8b60, 1, 1, 0) = 1 <0.000379>
[pid 245] 14:58:38.879200 libssl.so.3->EVP_DigestSignInit_ex(0x5612876db210, 0x7ffdaf7c4ea0, 0, 0) = 1 <0.000221>
[pid 245] 14:58:38.879517 libssl.so.3->EVP_DigestSign(0x5612876db210, 0, 0x7ffdaf7c4eb0, 0x7ffdaf7c4ec0) = 1 <0.000192>
[pid 245] 14:58:38.879769 libssl.so.3->EVP_DigestSign(0x5612876db210, 0x5612876eb4c0, 0x7ffdaf7c4eb0, 0x7ffdaf7c4ec0) = 1 <0.000381>
[pid 245] 14:58:38.880497 <... SSL_connect resumed> ) = 1 <0.023372>
Handshake duration: 23.58 ms
[pid 245] 14:58:38.882967 +++ exited (status 0) +++
Execution 24 - TLS Mutual
s_connection: verify depth is 1
[pid 247] 14:58:38.942587 openssl->SSL_connect(0x636df3729890, 0x636df36fbe50, 0x636df36fbe50, 0x744ad6884360 <unfinished ...>
[pid 247] 14:58:38.943048 libssl.so.3->EVP_PKEY_keygen_init(0x636df36fd580, 0, 176, 0x636df36fd580) = 1 <0.000151>
[pid 247] 14:58:38.943313 libssl.so.3->EVP_PKEY_keygen(0x636df36fd580, 0x7fff021eb760, 0, 103) = 1 <0.004865>
[pid 247] 14:58:38.955794 libssl.so.3->EVP_PKEY_derive_init(0x636df372e2e0, 0, 176, 0x636df372e2e0) = 1 <0.000310>
[pid 247] 14:58:38.956152 libssl.so.3->EVP_PKEY_derive_set_peer(0x636df372e2e0, 0x636df372e0c0, 0, 0x636df3728690) = 1 <0.000177>
[pid 247] 14:58:38.956424 libssl.so.3->EVP_PKEY_derive(0x636df372e2e0, 0, 0x7fff021eb720, 7) = 1 <0.000202>
[pid 247] 14:58:38.956677 libssl.so.3->EVP_PKEY_derive(0x636df372e2e0, 0x636df3723ce0, 0x7fff021eb720, 6) = 1 <0.002723>
[pid 247] 14:58:38.960284 libssl.so.3->X509_verify_cert(0x636df3721b60, 0, 0x8000, 0xffffffff) = 1 <0.000664>
[pid 247] 14:58:38.961197 libssl.so.3->EVP_DigestVerifyInit_ex(0x636df3724830, 0x7fff021eb7c8, 0, 0) = 1 <0.000141>
[pid 247] 14:58:38.961384 libssl.so.3->EVP_DigestVerify(0x636df3724830, 0x636df37303f8, 4627, 0x7fff021eb7d0) = 1 <0.000306>
[pid 247] 14:58:38.961936 libssl.so.3->X509_verify_cert(0x636df3721b60, 1, 1, 0) = 1 <0.000274>
[pid 247] 14:58:38.962590 libssl.so.3->EVP_DigestSignInit_ex(0x636df3724210, 0x7fff021eb7b0, 0, 0) = 1 <0.000128>
[pid 247] 14:58:38.962765 libssl.so.3->EVP_DigestSign(0x636df3724210, 0, 0x7fff021eb7c0, 0x7fff021eb7d0) = 1 <0.000112>
[pid 247] 14:58:38.962921 libssl.so.3->EVP_DigestSign(0x636df3724210, 0x636df37344c0, 0x7fff021eb7c0, 0x7fff021eb7d0) = 1 <0.000481>
[pid 247] 14:58:38.963682 <... SSL_connect resumed> ) = 1 <0.021115>
Handshake duration: 21.28 ms
[pid 247] 14:58:38.965980 +++ exited (status 0) +++
Execution 25 - TLS Mutual
s_connection: verify depth is 1
[pid 249] 14:58:39.025665 openssl->SSL_connect(0x5e1f19124890, 0x5e1f190f6e50, 0x5e1f190f6e50, 0x702fbb9b6360 <unfinished ...>
[pid 249] 14:58:39.026137 libssl.so.3->EVP_PKEY_keygen_init(0x5e1f190f8580, 0, 176, 0x5e1f190f8580) = 1 <0.000212>
[pid 249] 14:58:39.026424 libssl.so.3->EVP_PKEY_keygen(0x5e1f190f8580, 0x7ffd3a36fb90, 0, 103) = 1 <0.002885>
[pid 249] 14:58:39.035975 libssl.so.3->EVP_PKEY_derive_init(0x5e1f191292e0, 0, 176, 0x5e1f191292e0) = 1 <0.000230>
[pid 249] 14:58:39.036294 libssl.so.3->EVP_PKEY_derive_set_peer(0x5e1f191292e0, 0x5e1f191290c0, 0, 0x5e1f19123690) = 1 <0.000189>
[pid 249] 14:58:39.036535 libssl.so.3->EVP_PKEY_derive(0x5e1f191292e0, 0, 0x7ffd3a36fb50, 7) = 1 <0.000156>
[pid 249] 14:58:39.036734 libssl.so.3->EVP_PKEY_derive(0x5e1f191292e0, 0x5e1f1911ece0, 0x7ffd3a36fb50, 6) = 1 <0.002737>
[pid 249] 14:58:39.040510 libssl.so.3->X509_verify_cert(0x5e1f1911cb60, 0, 0x8000, 0xffffffff) = 1 <0.000637>
[pid 249] 14:58:39.041388 libssl.so.3->EVP_DigestVerifyInit_ex(0x5e1f1911f830, 0x7ffd3a36fbf8, 0, 0) = 1 <0.000154>
[pid 249] 14:58:39.041594 libssl.so.3->EVP_DigestVerify(0x5e1f1911f830, 0x5e1f1912b3f8, 4627, 0x7ffd3a36fc00) = 1 <0.000264>
[pid 249] 14:58:39.042072 libssl.so.3->X509_verify_cert(0x5e1f1911cb60, 1, 1, 0) = 1 <0.000254>
[pid 249] 14:58:39.042664 libssl.so.3->EVP_DigestSignInit_ex(0x5e1f1911f210, 0x7ffd3a36fbe0, 0, 0) = 1 <0.000124>
[pid 249] 14:58:39.042831 libssl.so.3->EVP_DigestSign(0x5e1f1911f210, 0, 0x7ffd3a36fbf0, 0x7ffd3a36fc00) = 1 <0.000133>
[pid 249] 14:58:39.043008 libssl.so.3->EVP_DigestSign(0x5e1f1911f210, 0x5e1f1912f4c0, 0x7ffd3a36fbf0, 0x7ffd3a36fc00) = 1 <0.000416>
[pid 249] 14:58:39.043756 <... SSL_connect resumed> ) = 1 <0.018086>
Handshake duration: 18.34 ms
[pid 249] 14:58:39.046681 +++ exited (status 0) +++
Execution 26 - TLS Mutual
s_connection: verify depth is 1
[pid 251] 14:58:39.105217 openssl->SSL_connect(0x62306bb57890, 0x62306bb29e50, 0x62306bb29e50, 0x754957b8e360 <unfinished ...>
[pid 251] 14:58:39.105680 libssl.so.3->EVP_PKEY_keygen_init(0x62306bb2b580, 0, 176, 0x62306bb2b580) = 1 <0.000185>
[pid 251] 14:58:39.105915 libssl.so.3->EVP_PKEY_keygen(0x62306bb2b580, 0x7ffdefdd38a0, 0, 103) = 1 <0.002891>
[pid 251] 14:58:39.115394 libssl.so.3->EVP_PKEY_derive_init(0x62306bb5c2e0, 0, 176, 0x62306bb5c2e0) = 1 <0.000223>
[pid 251] 14:58:39.115662 libssl.so.3->EVP_PKEY_derive_set_peer(0x62306bb5c2e0, 0x62306bb5c0c0, 0, 0x62306bb56690) = 1 <0.000124>
[pid 251] 14:58:39.115829 libssl.so.3->EVP_PKEY_derive(0x62306bb5c2e0, 0, 0x7ffdefdd3860, 7) = 1 <0.000151>
[pid 251] 14:58:39.116027 libssl.so.3->EVP_PKEY_derive(0x62306bb5c2e0, 0x62306bb51ce0, 0x7ffdefdd3860, 6) = 1 <0.003004>
[pid 251] 14:58:39.119801 libssl.so.3->X509_verify_cert(0x62306bb4fb60, 0, 0x8000, 0xffffffff) = 1 <0.000607>
[pid 251] 14:58:39.120658 libssl.so.3->EVP_DigestVerifyInit_ex(0x62306bb52830, 0x7ffdefdd3908, 0, 0) = 1 <0.000139>
[pid 251] 14:58:39.120841 libssl.so.3->EVP_DigestVerify(0x62306bb52830, 0x62306bb5e3f8, 4627, 0x7ffdefdd3910) = 1 <0.000212>
[pid 251] 14:58:39.121277 libssl.so.3->X509_verify_cert(0x62306bb4fb60, 1, 1, 0) = 1 <0.000281>
[pid 251] 14:58:39.121890 libssl.so.3->EVP_DigestSignInit_ex(0x62306bb52210, 0x7ffdefdd38f0, 0, 0) = 1 <0.000142>
[pid 251] 14:58:39.122078 libssl.so.3->EVP_DigestSign(0x62306bb52210, 0, 0x7ffdefdd3900, 0x7ffdefdd3910) = 1 <0.000125>
[pid 251] 14:58:39.122244 libssl.so.3->EVP_DigestSign(0x62306bb52210, 0x62306bb624c0, 0x7ffdefdd3900, 0x7ffdefdd3910) = 1 <0.000439>
[pid 251] 14:58:39.122991 <... SSL_connect resumed> ) = 1 <0.017789>
Handshake duration: 17.97 ms
[pid 251] 14:58:39.125964 +++ exited (status 0) +++
Execution 27 - TLS Mutual
s_connection: verify depth is 1
[pid 253] 14:58:39.183012 openssl->SSL_connect(0x61a02649b890, 0x61a02646de50, 0x61a02646de50, 0x72bd1d8a7360 <unfinished ...>
[pid 253] 14:58:39.183491 libssl.so.3->EVP_PKEY_keygen_init(0x61a02646f580, 0, 176, 0x61a02646f580) = 1 <0.000154>
[pid 253] 14:58:39.183699 libssl.so.3->EVP_PKEY_keygen(0x61a02646f580, 0x7fff4ff5faa0, 0, 103) = 1 <0.003129>
[pid 253] 14:58:39.193628 libssl.so.3->EVP_PKEY_derive_init(0x61a0264a02e0, 0, 176, 0x61a0264a02e0) = 1 <0.000235>
[pid 253] 14:58:39.193919 libssl.so.3->EVP_PKEY_derive_set_peer(0x61a0264a02e0, 0x61a0264a00c0, 0, 0x61a02649a690) = 1 <0.000126>
[pid 253] 14:58:39.194084 libssl.so.3->EVP_PKEY_derive(0x61a0264a02e0, 0, 0x7fff4ff5fa60, 7) = 1 <0.000116>
[pid 253] 14:58:39.194243 libssl.so.3->EVP_PKEY_derive(0x61a0264a02e0, 0x61a026495ce0, 0x7fff4ff5fa60, 6) = 1 <0.002751>
[pid 253] 14:58:39.197770 libssl.so.3->X509_verify_cert(0x61a026493b60, 0, 0x8000, 0xffffffff) = 1 <0.000571>
[pid 253] 14:58:39.198614 libssl.so.3->EVP_DigestVerifyInit_ex(0x61a026496830, 0x7fff4ff5fb08, 0, 0) = 1 <0.000148>
[pid 253] 14:58:39.198804 libssl.so.3->EVP_DigestVerify(0x61a026496830, 0x61a0264a23f8, 4627, 0x7fff4ff5fb10) = 1 <0.000233>
[pid 253] 14:58:39.199243 libssl.so.3->X509_verify_cert(0x61a026493b60, 1, 1, 0) = 1 <0.000311>
[pid 253] 14:58:39.199900 libssl.so.3->EVP_DigestSignInit_ex(0x61a026496210, 0x7fff4ff5faf0, 0, 0) = 1 <0.000139>
[pid 253] 14:58:39.200087 libssl.so.3->EVP_DigestSign(0x61a026496210, 0, 0x7fff4ff5fb00, 0x7fff4ff5fb10) = 1 <0.000123>
[pid 253] 14:58:39.200248 libssl.so.3->EVP_DigestSign(0x61a026496210, 0x61a0264a64c0, 0x7fff4ff5fb00, 0x7fff4ff5fb10) = 1 <0.000356>
[pid 253] 14:58:39.200892 <... SSL_connect resumed> ) = 1 <0.017884>
Handshake duration: 18.10 ms
[pid 253] 14:58:39.203296 +++ exited (status 0) +++
Execution 28 - TLS Mutual
s_connection: verify depth is 1
[pid 255] 14:58:39.264202 openssl->SSL_connect(0x5fc675085890, 0x5fc675057e50, 0x5fc675057e50, 0x71ffa7081360 <unfinished ...>
[pid 255] 14:58:39.264719 libssl.so.3->EVP_PKEY_keygen_init(0x5fc675059580, 0, 176, 0x5fc675059580) = 1 <0.000171>
[pid 255] 14:58:39.264940 libssl.so.3->EVP_PKEY_keygen(0x5fc675059580, 0x7fff803610e0, 0, 103) = 1 <0.003346>
[pid 255] 14:58:39.274856 libssl.so.3->EVP_PKEY_derive_init(0x5fc67508a2e0, 0, 176, 0x5fc67508a2e0) = 1 <0.000216>
[pid 255] 14:58:39.275120 libssl.so.3->EVP_PKEY_derive_set_peer(0x5fc67508a2e0, 0x5fc67508a0c0, 0, 0x5fc675084690) = 1 <0.000126>
[pid 255] 14:58:39.275293 libssl.so.3->EVP_PKEY_derive(0x5fc67508a2e0, 0, 0x7fff803610a0, 7) = 1 <0.000121>
[pid 255] 14:58:39.275469 libssl.so.3->EVP_PKEY_derive(0x5fc67508a2e0, 0x5fc67507fce0, 0x7fff803610a0, 6) = 1 <0.002619>
[pid 255] 14:58:39.278797 libssl.so.3->X509_verify_cert(0x5fc67507db60, 0, 0x8000, 0xffffffff) = 1 <0.000519>
[pid 255] 14:58:39.279568 libssl.so.3->EVP_DigestVerifyInit_ex(0x5fc675080830, 0x7fff80361148, 0, 0) = 1 <0.000139>
[pid 255] 14:58:39.279752 libssl.so.3->EVP_DigestVerify(0x5fc675080830, 0x5fc67508c3f8, 4627, 0x7fff80361150) = 1 <0.000228>
[pid 255] 14:58:39.280189 libssl.so.3->X509_verify_cert(0x5fc67507db60, 1, 1, 0) = 1 <0.000255>
[pid 255] 14:58:39.280752 libssl.so.3->EVP_DigestSignInit_ex(0x5fc675080210, 0x7fff80361130, 0, 0) = 1 <0.000132>
[pid 255] 14:58:39.280935 libssl.so.3->EVP_DigestSign(0x5fc675080210, 0, 0x7fff80361140, 0x7fff80361150) = 1 <0.000112>
[pid 255] 14:58:39.281088 libssl.so.3->EVP_DigestSign(0x5fc675080210, 0x5fc6750904c0, 0x7fff80361140, 0x7fff80361150) = 1 <0.000461>
[pid 255] 14:58:39.281791 <... SSL_connect resumed> ) = 1 <0.017598>
Handshake duration: 17.77 ms
[pid 255] 14:58:39.284121 +++ exited (status 0) +++
Execution 29 - TLS Mutual
s_connection: verify depth is 1
[pid 257] 14:58:39.341986 openssl->SSL_connect(0x55581dd69890, 0x55581dd3be50, 0x55581dd3be50, 0x7bd79abd5360 <unfinished ...>
[pid 257] 14:58:39.342523 libssl.so.3->EVP_PKEY_keygen_init(0x55581dd3d580, 0, 176, 0x55581dd3d580) = 1 <0.000225>
[pid 257] 14:58:39.342803 libssl.so.3->EVP_PKEY_keygen(0x55581dd3d580, 0x7ffdacfdadf0, 0, 103) = 1 <0.002983>
[pid 257] 14:58:39.352960 libssl.so.3->EVP_PKEY_derive_init(0x55581dd6e2e0, 0, 176, 0x55581dd6e2e0) = 1 <0.000343>
[pid 257] 14:58:39.353346 libssl.so.3->EVP_PKEY_derive_set_peer(0x55581dd6e2e0, 0x55581dd6e0c0, 0, 0x55581dd68690) = 1 <0.000171>
[pid 257] 14:58:39.353587 libssl.so.3->EVP_PKEY_derive(0x55581dd6e2e0, 0, 0x7ffdacfdadb0, 7) = 1 <0.000141>
[pid 257] 14:58:39.353773 libssl.so.3->EVP_PKEY_derive(0x55581dd6e2e0, 0x55581dd63ce0, 0x7ffdacfdadb0, 6) = 1 <0.002976>
[pid 257] 14:58:39.357702 libssl.so.3->X509_verify_cert(0x55581dd61b60, 0, 0x8000, 0xffffffff) = 1 <0.000725>
[pid 257] 14:58:39.358738 libssl.so.3->EVP_DigestVerifyInit_ex(0x55581dd64830, 0x7ffdacfdae58, 0, 0) = 1 <0.000186>
[pid 257] 14:58:39.358983 libssl.so.3->EVP_DigestVerify(0x55581dd64830, 0x55581dd703f8, 4627, 0x7ffdacfdae60) = 1 <0.000260>
[pid 257] 14:58:39.359502 libssl.so.3->X509_verify_cert(0x55581dd61b60, 1, 1, 0) = 1 <0.000312>
[pid 257] 14:58:39.360197 libssl.so.3->EVP_DigestSignInit_ex(0x55581dd64210, 0x7ffdacfdae40, 0, 0) = 1 <0.000155>
[pid 257] 14:58:39.360408 libssl.so.3->EVP_DigestSign(0x55581dd64210, 0, 0x7ffdacfdae50, 0x7ffdacfdae60) = 1 <0.000132>
[pid 257] 14:58:39.360593 libssl.so.3->EVP_DigestSign(0x55581dd64210, 0x55581dd744c0, 0x7ffdacfdae50, 0x7ffdacfdae60) = 1 <0.000393>
[pid 257] 14:58:39.361275 <... SSL_connect resumed> ) = 1 <0.019303>
Handshake duration: 19.51 ms
[pid 257] 14:58:39.364307 +++ exited (status 0) +++
Execution 30 - TLS Mutual
s_connection: verify depth is 1
[pid 259] 14:58:39.426113 openssl->SSL_connect(0x605271041890, 0x605271013e50, 0x605271013e50, 0x7a62943c0360 <unfinished ...>
[pid 259] 14:58:39.426723 libssl.so.3->EVP_PKEY_keygen_init(0x605271015580, 0, 176, 0x605271015580) = 1 <0.000244>
[pid 259] 14:58:39.427029 libssl.so.3->EVP_PKEY_keygen(0x605271015580, 0x7ffcfffc5270, 0, 103) = 1 <0.003007>
[pid 259] 14:58:39.440328 libssl.so.3->EVP_PKEY_derive_init(0x6052710462e0, 0, 176, 0x6052710462e0) = 1 <0.000300>
[pid 259] 14:58:39.440712 libssl.so.3->EVP_PKEY_derive_set_peer(0x6052710462e0, 0x6052710460c0, 0, 0x605271040690) = 1 <0.000164>
[pid 259] 14:58:39.440958 libssl.so.3->EVP_PKEY_derive(0x6052710462e0, 0, 0x7ffcfffc5230, 7) = 1 <0.000169>
[pid 259] 14:58:39.441195 libssl.so.3->EVP_PKEY_derive(0x6052710462e0, 0x60527103bce0, 0x7ffcfffc5230, 6) = 1 <0.003138>
[pid 259] 14:58:39.445368 libssl.so.3->X509_verify_cert(0x605271039b60, 0, 0x8000, 0xffffffff) = 1 <0.000711>
[pid 259] 14:58:39.446337 libssl.so.3->EVP_DigestVerifyInit_ex(0x60527103c830, 0x7ffcfffc52d8, 0, 0) = 1 <0.000172>
[pid 259] 14:58:39.446607 libssl.so.3->EVP_DigestVerify(0x60527103c830, 0x6052710483f8, 4627, 0x7ffcfffc52e0) = 1 <0.001804>
[pid 259] 14:58:39.448773 libssl.so.3->X509_verify_cert(0x605271039b60, 1, 1, 0) = 1 <0.000399>
[pid 259] 14:58:39.449727 libssl.so.3->EVP_DigestSignInit_ex(0x60527103c210, 0x7ffcfffc52c0, 0, 0) = 1 <0.000198>
[pid 259] 14:58:39.449983 libssl.so.3->EVP_DigestSign(0x60527103c210, 0, 0x7ffcfffc52d0, 0x7ffcfffc52e0) = 1 <0.000133>
[pid 259] 14:58:39.450162 libssl.so.3->EVP_DigestSign(0x60527103c210, 0x60527104c4c0, 0x7ffcfffc52d0, 0x7ffcfffc52e0) = 1 <0.000455>
[pid 259] 14:58:39.451040 <... SSL_connect resumed> ) = 1 <0.024918>
Handshake duration: 25.20 ms
[pid 259] 14:58:39.453812 +++ exited (status 0) +++
Execution 31 - TLS Mutual
s_connection: verify depth is 1
[pid 261] 14:58:39.517148 openssl->SSL_connect(0x63af1c2ac890, 0x63af1c27ee50, 0x63af1c27ee50, 0x7d9bde525360 <unfinished ...>
[pid 261] 14:58:39.517621 libssl.so.3->EVP_PKEY_keygen_init(0x63af1c280580, 0, 176, 0x63af1c280580) = 1 <0.000184>
[pid 261] 14:58:39.517859 libssl.so.3->EVP_PKEY_keygen(0x63af1c280580, 0x7fffe3666bf0, 0, 103) = 1 <0.002845>
[pid 261] 14:58:39.527253 libssl.so.3->EVP_PKEY_derive_init(0x63af1c2b12e0, 0, 176, 0x63af1c2b12e0) = 1 <0.000220>
[pid 261] 14:58:39.527526 libssl.so.3->EVP_PKEY_derive_set_peer(0x63af1c2b12e0, 0x63af1c2b10c0, 0, 0x63af1c2ab690) = 1 <0.000190>
[pid 261] 14:58:39.527777 libssl.so.3->EVP_PKEY_derive(0x63af1c2b12e0, 0, 0x7fffe3666bb0, 7) = 1 <0.000122>
[pid 261] 14:58:39.527942 libssl.so.3->EVP_PKEY_derive(0x63af1c2b12e0, 0x63af1c2a6ce0, 0x7fffe3666bb0, 6) = 1 <0.002721>
[pid 261] 14:58:39.531414 libssl.so.3->X509_verify_cert(0x63af1c2a4b60, 0, 0x8000, 0xffffffff) = 1 <0.000572>
[pid 261] 14:58:39.532187 libssl.so.3->EVP_DigestVerifyInit_ex(0x63af1c2a7830, 0x7fffe3666c58, 0, 0) = 1 <0.000123>
[pid 261] 14:58:39.532357 libssl.so.3->EVP_DigestVerify(0x63af1c2a7830, 0x63af1c2b33f8, 4627, 0x7fffe3666c60) = 1 <0.000220>
[pid 261] 14:58:39.532849 libssl.so.3->X509_verify_cert(0x63af1c2a4b60, 1, 1, 0) = 1 <0.000339>
[pid 261] 14:58:39.533592 libssl.so.3->EVP_DigestSignInit_ex(0x63af1c2a7210, 0x7fffe3666c40, 0, 0) = 1 <0.000228>
[pid 261] 14:58:39.533882 libssl.so.3->EVP_DigestSign(0x63af1c2a7210, 0, 0x7fffe3666c50, 0x7fffe3666c60) = 1 <0.000174>
[pid 261] 14:58:39.534116 libssl.so.3->EVP_DigestSign(0x63af1c2a7210, 0x63af1c2b74c0, 0x7fffe3666c50, 0x7fffe3666c60) = 1 <0.000521>
[pid 261] 14:58:39.534932 <... SSL_connect resumed> ) = 1 <0.017794>
Handshake duration: 17.98 ms
[pid 261] 14:58:39.538973 +++ exited (status 0) +++
Execution 32 - TLS Mutual
s_connection: verify depth is 1
[pid 263] 14:58:39.594976 openssl->SSL_connect(0x5831bb77f890, 0x5831bb751e50, 0x5831bb751e50, 0x7867c1b61360 <unfinished ...>
[pid 263] 14:58:39.595422 libssl.so.3->EVP_PKEY_keygen_init(0x5831bb753580, 0, 176, 0x5831bb753580) = 1 <0.000184>
[pid 263] 14:58:39.595655 libssl.so.3->EVP_PKEY_keygen(0x5831bb753580, 0x7fff52a130d0, 0, 103) = 1 <0.002754>
[pid 263] 14:58:39.605014 libssl.so.3->EVP_PKEY_derive_init(0x5831bb7842e0, 0, 176, 0x5831bb7842e0) = 1 <0.000181>
[pid 263] 14:58:39.605240 libssl.so.3->EVP_PKEY_derive_set_peer(0x5831bb7842e0, 0x5831bb7840c0, 0, 0x5831bb77e690) = 1 <0.000125>
[pid 263] 14:58:39.605411 libssl.so.3->EVP_PKEY_derive(0x5831bb7842e0, 0, 0x7fff52a13090, 7) = 1 <0.000126>
[pid 263] 14:58:39.605579 libssl.so.3->EVP_PKEY_derive(0x5831bb7842e0, 0x5831bb779ce0, 0x7fff52a13090, 6) = 1 <0.002813>
[pid 263] 14:58:39.609144 libssl.so.3->X509_verify_cert(0x5831bb777b60, 0, 0x8000, 0xffffffff) = 1 <0.000593>
[pid 263] 14:58:39.609962 libssl.so.3->EVP_DigestVerifyInit_ex(0x5831bb77a830, 0x7fff52a13138, 0, 0) = 1 <0.000135>
[pid 263] 14:58:39.610143 libssl.so.3->EVP_DigestVerify(0x5831bb77a830, 0x5831bb7863f8, 4627, 0x7fff52a13140) = 1 <0.000219>
[pid 263] 14:58:39.610588 libssl.so.3->X509_verify_cert(0x5831bb777b60, 1, 1, 0) = 1 <0.000259>
[pid 263] 14:58:39.611310 libssl.so.3->EVP_DigestSignInit_ex(0x5831bb77a210, 0x7fff52a13120, 0, 0) = 1 <0.000244>
[pid 263] 14:58:39.611600 libssl.so.3->EVP_DigestSign(0x5831bb77a210, 0, 0x7fff52a13130, 0x7fff52a13140) = 1 <0.000123>
[pid 263] 14:58:39.611771 libssl.so.3->EVP_DigestSign(0x5831bb77a210, 0x5831bb78a4c0, 0x7fff52a13130, 0x7fff52a13140) = 1 <0.000546>
[pid 263] 14:58:39.612626 <... SSL_connect resumed> ) = 1 <0.017657>
Handshake duration: 17.83 ms
[pid 263] 14:58:39.615237 +++ exited (status 0) +++
Execution 33 - TLS Mutual
s_connection: verify depth is 1
[pid 265] 14:58:39.675508 openssl->SSL_connect(0x56f20c9fa890, 0x56f20c9cce50, 0x56f20c9cce50, 0x7ccddde92360 <unfinished ...>
[pid 265] 14:58:39.675988 libssl.so.3->EVP_PKEY_keygen_init(0x56f20c9ce580, 0, 176, 0x56f20c9ce580) = 1 <0.000237>
[pid 265] 14:58:39.676275 libssl.so.3->EVP_PKEY_keygen(0x56f20c9ce580, 0x7ffc47de0500, 0, 103) = 1 <0.002855>
[pid 265] 14:58:39.686327 libssl.so.3->EVP_PKEY_derive_init(0x56f20c9ff2e0, 0, 176, 0x56f20c9ff2e0) = 1 <0.000196>
[pid 265] 14:58:39.686578 libssl.so.3->EVP_PKEY_derive_set_peer(0x56f20c9ff2e0, 0x56f20c9ff0c0, 0, 0x56f20c9f9690) = 1 <0.000148>
[pid 265] 14:58:39.686779 libssl.so.3->EVP_PKEY_derive(0x56f20c9ff2e0, 0, 0x7ffc47de04c0, 7) = 1 <0.000142>
[pid 265] 14:58:39.686987 libssl.so.3->EVP_PKEY_derive(0x56f20c9ff2e0, 0x56f20c9f4ce0, 0x7ffc47de04c0, 6) = 1 <0.002721>
[pid 265] 14:58:39.690635 libssl.so.3->X509_verify_cert(0x56f20c9f2b60, 0, 0x8000, 0xffffffff) = 1 <0.000564>
[pid 265] 14:58:39.691420 libssl.so.3->EVP_DigestVerifyInit_ex(0x56f20c9f5830, 0x7ffc47de0568, 0, 0) = 1 <0.000154>
[pid 265] 14:58:39.691620 libssl.so.3->EVP_DigestVerify(0x56f20c9f5830, 0x56f20ca013f8, 4627, 0x7ffc47de0570) = 1 <0.000238>
[pid 265] 14:58:39.692108 libssl.so.3->X509_verify_cert(0x56f20c9f2b60, 1, 1, 0) = 1 <0.000271>
[pid 265] 14:58:39.692718 libssl.so.3->EVP_DigestSignInit_ex(0x56f20c9f5210, 0x7ffc47de0550, 0, 0) = 1 <0.000133>
[pid 265] 14:58:39.692894 libssl.so.3->EVP_DigestSign(0x56f20c9f5210, 0, 0x7ffc47de0560, 0x7ffc47de0570) = 1 <0.000122>
[pid 265] 14:58:39.693057 libssl.so.3->EVP_DigestSign(0x56f20c9f5210, 0x56f20ca054c0, 0x7ffc47de0560, 0x7ffc47de0570) = 1 <0.000800>
[pid 265] 14:58:39.694328 <... SSL_connect resumed> ) = 1 <0.018821>
Handshake duration: 19.46 ms
[pid 265] 14:58:39.697002 +++ exited (status 0) +++
Execution 34 - TLS Mutual
s_connection: verify depth is 1
[pid 267] 14:58:39.758744 openssl->SSL_connect(0x56a010ef5890, 0x56a010ec7e50, 0x56a010ec7e50, 0x799e8b63a360 <unfinished ...>
[pid 267] 14:58:39.759182 libssl.so.3->EVP_PKEY_keygen_init(0x56a010ec9580, 0, 176, 0x56a010ec9580) = 1 <0.000155>
[pid 267] 14:58:39.759387 libssl.so.3->EVP_PKEY_keygen(0x56a010ec9580, 0x7ffde2dea030, 0, 103) = 1 <0.003365>
[pid 267] 14:58:39.769440 libssl.so.3->EVP_PKEY_derive_init(0x56a010efa2e0, 0, 176, 0x56a010efa2e0) = 1 <0.000182>
[pid 267] 14:58:39.769665 libssl.so.3->EVP_PKEY_derive_set_peer(0x56a010efa2e0, 0x56a010efa0c0, 0, 0x56a010ef4690) = 1 <0.000124>
[pid 267] 14:58:39.769834 libssl.so.3->EVP_PKEY_derive(0x56a010efa2e0, 0, 0x7ffde2de9ff0, 7) = 1 <0.000100>
[pid 267] 14:58:39.769984 libssl.so.3->EVP_PKEY_derive(0x56a010efa2e0, 0x56a010eefce0, 0x7ffde2de9ff0, 6) = 1 <0.002680>
[pid 267] 14:58:39.773431 libssl.so.3->X509_verify_cert(0x56a010eedb60, 0, 0x8000, 0xffffffff) = 1 <0.000535>
[pid 267] 14:58:39.774178 libssl.so.3->EVP_DigestVerifyInit_ex(0x56a010ef0830, 0x7ffde2dea098, 0, 0) = 1 <0.000128>
[pid 267] 14:58:39.774353 libssl.so.3->EVP_DigestVerify(0x56a010ef0830, 0x56a010efc3f8, 4627, 0x7ffde2dea0a0) = 1 <0.000286>
[pid 267] 14:58:39.774912 libssl.so.3->X509_verify_cert(0x56a010eedb60, 1, 1, 0) = 1 <0.000289>
[pid 267] 14:58:39.775601 libssl.so.3->EVP_DigestSignInit_ex(0x56a010ef0210, 0x7ffde2dea080, 0, 0) = 1 <0.000133>
[pid 267] 14:58:39.775792 libssl.so.3->EVP_DigestSign(0x56a010ef0210, 0, 0x7ffde2dea090, 0x7ffde2dea0a0) = 1 <0.000145>
[pid 267] 14:58:39.775991 libssl.so.3->EVP_DigestSign(0x56a010ef0210, 0x56a010f004c0, 0x7ffde2dea090, 0x7ffde2dea0a0) = 1 <0.000837>
[pid 267] 14:58:39.777090 <... SSL_connect resumed> ) = 1 <0.018346>
Handshake duration: 18.50 ms
[pid 267] 14:58:39.779358 +++ exited (status 0) +++
Execution 35 - TLS Mutual
s_connection: verify depth is 1
[pid 269] 14:58:39.835686 openssl->SSL_connect(0x57130bd34890, 0x57130bd06e50, 0x57130bd06e50, 0x70de14fd8360 <unfinished ...>
[pid 269] 14:58:39.836148 libssl.so.3->EVP_PKEY_keygen_init(0x57130bd08580, 0, 176, 0x57130bd08580) = 1 <0.000206>
[pid 269] 14:58:39.836408 libssl.so.3->EVP_PKEY_keygen(0x57130bd08580, 0x7fffa01e81d0, 0, 103) = 1 <0.002756>
[pid 269] 14:58:39.845606 libssl.so.3->EVP_PKEY_derive_init(0x57130bd392e0, 0, 176, 0x57130bd392e0) = 1 <0.000171>
[pid 269] 14:58:39.845821 libssl.so.3->EVP_PKEY_derive_set_peer(0x57130bd392e0, 0x57130bd390c0, 0, 0x57130bd33690) = 1 <0.000115>
[pid 269] 14:58:39.845979 libssl.so.3->EVP_PKEY_derive(0x57130bd392e0, 0, 0x7fffa01e8190, 7) = 1 <0.000114>
[pid 269] 14:58:39.846136 libssl.so.3->EVP_PKEY_derive(0x57130bd392e0, 0x57130bd2ece0, 0x7fffa01e8190, 6) = 1 <0.002675>
[pid 269] 14:58:39.849547 libssl.so.3->X509_verify_cert(0x57130bd2cb60, 0, 0x8000, 0xffffffff) = 1 <0.000550>
[pid 269] 14:58:39.850328 libssl.so.3->EVP_DigestVerifyInit_ex(0x57130bd2f830, 0x7fffa01e8238, 0, 0) = 1 <0.000155>
[pid 269] 14:58:39.850530 libssl.so.3->EVP_DigestVerify(0x57130bd2f830, 0x57130bd3b3f8, 4627, 0x7fffa01e8240) = 1 <0.000217>
[pid 269] 14:58:39.850958 libssl.so.3->X509_verify_cert(0x57130bd2cb60, 1, 1, 0) = 1 <0.000308>
[pid 269] 14:58:39.851618 libssl.so.3->EVP_DigestSignInit_ex(0x57130bd2f210, 0x7fffa01e8220, 0, 0) = 1 <0.000130>
[pid 269] 14:58:39.851811 libssl.so.3->EVP_DigestSign(0x57130bd2f210, 0, 0x7fffa01e8230, 0x7fffa01e8240) = 1 <0.000182>
[pid 269] 14:58:39.852038 libssl.so.3->EVP_DigestSign(0x57130bd2f210, 0x57130bd3f4c0, 0x7fffa01e8230, 0x7fffa01e8240) = 1 <0.000470>
[pid 269] 14:58:39.852808 <... SSL_connect resumed> ) = 1 <0.017128>
Handshake duration: 17.32 ms
[pid 269] 14:58:39.855107 +++ exited (status 0) +++
Execution 36 - TLS Mutual
s_connection: verify depth is 1
[pid 271] 14:58:39.911258 openssl->SSL_connect(0x631a705d4890, 0x631a705a6e50, 0x631a705a6e50, 0x7334040b3360 <unfinished ...>
[pid 271] 14:58:39.911717 libssl.so.3->EVP_PKEY_keygen_init(0x631a705a8580, 0, 176, 0x631a705a8580) = 1 <0.000156>
[pid 271] 14:58:39.911923 libssl.so.3->EVP_PKEY_keygen(0x631a705a8580, 0x7ffd0fd98ea0, 0, 103) = 1 <0.003564>
[pid 271] 14:58:39.921892 libssl.so.3->EVP_PKEY_derive_init(0x631a705d92e0, 0, 176, 0x631a705d92e0) = 1 <0.000189>
[pid 271] 14:58:39.922119 libssl.so.3->EVP_PKEY_derive_set_peer(0x631a705d92e0, 0x631a705d90c0, 0, 0x631a705d3690) = 1 <0.000163>
[pid 271] 14:58:39.922333 libssl.so.3->EVP_PKEY_derive(0x631a705d92e0, 0, 0x7ffd0fd98e60, 7) = 1 <0.000178>
[pid 271] 14:58:39.922563 libssl.so.3->EVP_PKEY_derive(0x631a705d92e0, 0x631a705cece0, 0x7ffd0fd98e60, 6) = 1 <0.002706>
[pid 271] 14:58:39.926044 libssl.so.3->X509_verify_cert(0x631a705ccb60, 0, 0x8000, 0xffffffff) = 1 <0.000572>
[pid 271] 14:58:39.926832 libssl.so.3->EVP_DigestVerifyInit_ex(0x631a705cf830, 0x7ffd0fd98f08, 0, 0) = 1 <0.000138>
[pid 271] 14:58:39.927015 libssl.so.3->EVP_DigestVerify(0x631a705cf830, 0x631a705db3f8, 4627, 0x7ffd0fd98f10) = 1 <0.000211>
[pid 271] 14:58:39.927431 libssl.so.3->X509_verify_cert(0x631a705ccb60, 1, 1, 0) = 1 <0.000272>
[pid 271] 14:58:39.928004 libssl.so.3->EVP_DigestSignInit_ex(0x631a705cf210, 0x7ffd0fd98ef0, 0, 0) = 1 <0.000127>
[pid 271] 14:58:39.928177 libssl.so.3->EVP_DigestSign(0x631a705cf210, 0, 0x7ffd0fd98f00, 0x7ffd0fd98f10) = 1 <0.000138>
[pid 271] 14:58:39.928362 libssl.so.3->EVP_DigestSign(0x631a705cf210, 0x631a705df4c0, 0x7ffd0fd98f00, 0x7ffd0fd98f10) = 1 <0.000359>
[pid 271] 14:58:39.928969 <... SSL_connect resumed> ) = 1 <0.017717>
Handshake duration: 17.88 ms
[pid 271] 14:58:39.931138 +++ exited (status 0) +++
Execution 37 - TLS Mutual
s_connection: verify depth is 1
[pid 273] 14:58:39.986577 openssl->SSL_connect(0x639241e5b890, 0x639241e2de50, 0x639241e2de50, 0x704371463360 <unfinished ...>
[pid 273] 14:58:39.987011 libssl.so.3->EVP_PKEY_keygen_init(0x639241e2f580, 0, 176, 0x639241e2f580) = 1 <0.000196>
[pid 273] 14:58:39.987277 libssl.so.3->EVP_PKEY_keygen(0x639241e2f580, 0x7ffcf4573460, 0, 103) = 1 <0.002882>
[pid 273] 14:58:39.996663 libssl.so.3->EVP_PKEY_derive_init(0x639241e602e0, 0, 176, 0x639241e602e0) = 1 <0.000162>
[pid 273] 14:58:39.996865 libssl.so.3->EVP_PKEY_derive_set_peer(0x639241e602e0, 0x639241e600c0, 0, 0x639241e5a690) = 1 <0.000127>
[pid 273] 14:58:39.997033 libssl.so.3->EVP_PKEY_derive(0x639241e602e0, 0, 0x7ffcf4573420, 7) = 1 <0.000116>
[pid 273] 14:58:39.997194 libssl.so.3->EVP_PKEY_derive(0x639241e602e0, 0x639241e55c90, 0x7ffcf4573420, 6) = 1 <0.002814>
[pid 273] 14:58:40.000734 libssl.so.3->X509_verify_cert(0x639241e53b60, 0, 0x8000, 0xffffffff) = 1 <0.000591>
[pid 273] 14:58:40.001595 libssl.so.3->EVP_DigestVerifyInit_ex(0x639241e56880, 0x7ffcf45734c8, 0, 0) = 1 <0.000136>
[pid 273] 14:58:40.001779 libssl.so.3->EVP_DigestVerify(0x639241e56880, 0x639241e623f8, 4627, 0x7ffcf45734d0) = 1 <0.000229>
[pid 273] 14:58:40.002217 libssl.so.3->X509_verify_cert(0x639241e53b60, 1, 1, 0) = 1 <0.000298>
[pid 273] 14:58:40.002846 libssl.so.3->EVP_DigestSignInit_ex(0x639241e71010, 0x7ffcf45734b0, 0, 0) = 1 <0.000141>
[pid 273] 14:58:40.003046 libssl.so.3->EVP_DigestSign(0x639241e71010, 0, 0x7ffcf45734c0, 0x7ffcf45734d0) = 1 <0.000250>
[pid 273] 14:58:40.003380 libssl.so.3->EVP_DigestSign(0x639241e71010, 0x639241e5de00, 0x7ffcf45734c0, 0x7ffcf45734d0) = 1 <0.000548>
[pid 273] 14:58:40.004239 <... SSL_connect resumed> ) = 1 <0.017672>
Handshake duration: 17.86 ms
[pid 273] 14:58:40.006818 +++ exited (status 0) +++
Execution 38 - TLS Mutual
s_connection: verify depth is 1
[pid 275] 14:58:40.064808 openssl->SSL_connect(0x5b393cb85890, 0x5b393cb57e50, 0x5b393cb57e50, 0x7999d1a43360 <unfinished ...>
[pid 275] 14:58:40.065278 libssl.so.3->EVP_PKEY_keygen_init(0x5b393cb59580, 0, 176, 0x5b393cb59580) = 1 <0.000205>
[pid 275] 14:58:40.065575 libssl.so.3->EVP_PKEY_keygen(0x5b393cb59580, 0x7fffb9823dc0, 0, 103) = 1 <0.003224>
[pid 275] 14:58:40.075641 libssl.so.3->EVP_PKEY_derive_init(0x5b393cb8a2e0, 0, 176, 0x5b393cb8a2e0) = 1 <0.000235>
[pid 275] 14:58:40.075922 libssl.so.3->EVP_PKEY_derive_set_peer(0x5b393cb8a2e0, 0x5b393cb8a0c0, 0, 0x5b393cb84690) = 1 <0.000187>
[pid 275] 14:58:40.076196 libssl.so.3->EVP_PKEY_derive(0x5b393cb8a2e0, 0, 0x7fffb9823d80, 7) = 1 <0.000182>
[pid 275] 14:58:40.076426 libssl.so.3->EVP_PKEY_derive(0x5b393cb8a2e0, 0x5b393cb7fce0, 0x7fffb9823d80, 6) = 1 <0.002782>
[pid 275] 14:58:40.080067 libssl.so.3->X509_verify_cert(0x5b393cb7db60, 0, 0x8000, 0xffffffff) = 1 <0.000601>
[pid 275] 14:58:40.080896 libssl.so.3->EVP_DigestVerifyInit_ex(0x5b393cb80830, 0x7fffb9823e28, 0, 0) = 1 <0.000140>
[pid 275] 14:58:40.081081 libssl.so.3->EVP_DigestVerify(0x5b393cb80830, 0x5b393cb8c3f8, 4627, 0x7fffb9823e30) = 1 <0.000231>
[pid 275] 14:58:40.081563 libssl.so.3->X509_verify_cert(0x5b393cb7db60, 1, 1, 0) = 1 <0.000267>
[pid 275] 14:58:40.082215 libssl.so.3->EVP_DigestSignInit_ex(0x5b393cb80210, 0x7fffb9823e10, 0, 0) = 1 <0.000213>
[pid 275] 14:58:40.082518 libssl.so.3->EVP_DigestSign(0x5b393cb80210, 0, 0x7fffb9823e20, 0x7fffb9823e30) = 1 <0.000248>
[pid 275] 14:58:40.082819 libssl.so.3->EVP_DigestSign(0x5b393cb80210, 0x5b393cb904c0, 0x7fffb9823e20, 0x7fffb9823e30) = 1 <0.000555>
[pid 275] 14:58:40.084187 <... SSL_connect resumed> ) = 1 <0.019377>
Handshake duration: 19.67 ms
[pid 275] 14:58:40.086747 +++ exited (status 0) +++
Execution 39 - TLS Mutual
s_connection: verify depth is 1
[pid 277] 14:58:40.145224 openssl->SSL_connect(0x637e10151890, 0x637e10123e50, 0x637e10123e50, 0x7c8795b2d360 <unfinished ...>
[pid 277] 14:58:40.145674 libssl.so.3->EVP_PKEY_keygen_init(0x637e10125580, 0, 176, 0x637e10125580) = 1 <0.000161>
[pid 277] 14:58:40.145883 libssl.so.3->EVP_PKEY_keygen(0x637e10125580, 0x7ffcc3cdeec0, 0, 103) = 1 <0.002869>
[pid 277] 14:58:40.155564 libssl.so.3->EVP_PKEY_derive_init(0x637e101562e0, 0, 176, 0x637e101562e0) = 1 <0.000289>
[pid 277] 14:58:40.155973 libssl.so.3->EVP_PKEY_derive_set_peer(0x637e101562e0, 0x637e101560c0, 0, 0x637e10150690) = 1 <0.000160>
[pid 277] 14:58:40.156190 libssl.so.3->EVP_PKEY_derive(0x637e101562e0, 0, 0x7ffcc3cdee80, 7) = 1 <0.000142>
[pid 277] 14:58:40.156386 libssl.so.3->EVP_PKEY_derive(0x637e101562e0, 0x637e1014bce0, 0x7ffcc3cdee80, 6) = 1 <0.002918>
[pid 277] 14:58:40.160079 libssl.so.3->X509_verify_cert(0x637e10149b60, 0, 0x8000, 0xffffffff) = 1 <0.000585>
[pid 277] 14:58:40.160877 libssl.so.3->EVP_DigestVerifyInit_ex(0x637e1014c830, 0x7ffcc3cdef28, 0, 0) = 1 <0.000143>
[pid 277] 14:58:40.161068 libssl.so.3->EVP_DigestVerify(0x637e1014c830, 0x637e101583f8, 4627, 0x7ffcc3cdef30) = 1 <0.000216>
[pid 277] 14:58:40.161504 libssl.so.3->X509_verify_cert(0x637e10149b60, 1, 1, 0) = 1 <0.000252>
[pid 277] 14:58:40.162078 libssl.so.3->EVP_DigestSignInit_ex(0x637e1014c210, 0x7ffcc3cdef10, 0, 0) = 1 <0.000135>
[pid 277] 14:58:40.162257 libssl.so.3->EVP_DigestSign(0x637e1014c210, 0, 0x7ffcc3cdef20, 0x7ffcc3cdef30) = 1 <0.000139>
[pid 277] 14:58:40.162459 libssl.so.3->EVP_DigestSign(0x637e1014c210, 0x637e1015c4c0, 0x7ffcc3cdef20, 0x7ffcc3cdef30) = 1 <0.000487>
[pid 277] 14:58:40.163293 <... SSL_connect resumed> ) = 1 <0.018078>
Handshake duration: 18.24 ms
[pid 277] 14:58:40.165853 +++ exited (status 0) +++
Execution 40 - TLS Mutual
s_connection: verify depth is 1
[pid 279] 14:58:40.220504 openssl->SSL_connect(0x5db0ea64a890, 0x5db0ea61ce50, 0x5db0ea61ce50, 0x7778af9f1360 <unfinished ...>
[pid 279] 14:58:40.220909 libssl.so.3->EVP_PKEY_keygen_init(0x5db0ea61e580, 0, 176, 0x5db0ea61e580) = 1 <0.000150>
[pid 279] 14:58:40.221109 libssl.so.3->EVP_PKEY_keygen(0x5db0ea61e580, 0x7ffd871168e0, 0, 103) = 1 <0.002749>
[pid 279] 14:58:40.230195 libssl.so.3->EVP_PKEY_derive_init(0x5db0ea64f2e0, 0, 176, 0x5db0ea64f2e0) = 1 <0.000221>
[pid 279] 14:58:40.230467 libssl.so.3->EVP_PKEY_derive_set_peer(0x5db0ea64f2e0, 0x5db0ea64f0c0, 0, 0x5db0ea649690) = 1 <0.000110>
[pid 279] 14:58:40.230629 libssl.so.3->EVP_PKEY_derive(0x5db0ea64f2e0, 0, 0x7ffd871168a0, 7) = 1 <0.000118>
[pid 279] 14:58:40.230793 libssl.so.3->EVP_PKEY_derive(0x5db0ea64f2e0, 0x5db0ea644ce0, 0x7ffd871168a0, 6) = 1 <0.002648>
[pid 279] 14:58:40.234146 libssl.so.3->X509_verify_cert(0x5db0ea642b60, 0, 0x8000, 0xffffffff) = 1 <0.000544>
[pid 279] 14:58:40.234896 libssl.so.3->EVP_DigestVerifyInit_ex(0x5db0ea645830, 0x7ffd87116948, 0, 0) = 1 <0.000125>
[pid 279] 14:58:40.235077 libssl.so.3->EVP_DigestVerify(0x5db0ea645830, 0x5db0ea6513f8, 4627, 0x7ffd87116950) = 1 <0.000223>
[pid 279] 14:58:40.235539 libssl.so.3->X509_verify_cert(0x5db0ea642b60, 1, 1, 0) = 1 <0.000259>
[pid 279] 14:58:40.236106 libssl.so.3->EVP_DigestSignInit_ex(0x5db0ea645210, 0x7ffd87116930, 0, 0) = 1 <0.000178>
[pid 279] 14:58:40.236338 libssl.so.3->EVP_DigestSign(0x5db0ea645210, 0, 0x7ffd87116940, 0x7ffd87116950) = 1 <0.000135>
[pid 279] 14:58:40.236517 libssl.so.3->EVP_DigestSign(0x5db0ea645210, 0x5db0ea6554c0, 0x7ffd87116940, 0x7ffd87116950) = 1 <0.000612>
[pid 279] 14:58:40.237419 <... SSL_connect resumed> ) = 1 <0.016916>
Handshake duration: 17.11 ms
[pid 279] 14:58:40.239584 +++ exited (status 0) +++
Execution 41 - TLS Mutual
s_connection: verify depth is 1
[pid 281] 14:58:40.295220 openssl->SSL_connect(0x62cf36c33890, 0x62cf36c05e50, 0x62cf36c05e50, 0x7ae179e29360 <unfinished ...>
[pid 281] 14:58:40.295708 libssl.so.3->EVP_PKEY_keygen_init(0x62cf36c07580, 0, 176, 0x62cf36c07580) = 1 <0.000139>
[pid 281] 14:58:40.295895 libssl.so.3->EVP_PKEY_keygen(0x62cf36c07580, 0x7fff8d522f50, 0, 103) = 1 <0.002762>
[pid 281] 14:58:40.305505 libssl.so.3->EVP_PKEY_derive_init(0x62cf36c382e0, 0, 176, 0x62cf36c382e0) = 1 <0.000203>
[pid 281] 14:58:40.305756 libssl.so.3->EVP_PKEY_derive_set_peer(0x62cf36c382e0, 0x62cf36c380c0, 0, 0x62cf36c32690) = 1 <0.000134>
[pid 281] 14:58:40.305951 libssl.so.3->EVP_PKEY_derive(0x62cf36c382e0, 0, 0x7fff8d522f10, 7) = 1 <0.000133>
[pid 281] 14:58:40.306130 libssl.so.3->EVP_PKEY_derive(0x62cf36c382e0, 0x62cf36c2dce0, 0x7fff8d522f10, 6) = 1 <0.002694>
[pid 281] 14:58:40.309558 libssl.so.3->X509_verify_cert(0x62cf36c2bb60, 0, 0x8000, 0xffffffff) = 1 <0.000545>
[pid 281] 14:58:40.310316 libssl.so.3->EVP_DigestVerifyInit_ex(0x62cf36c2e830, 0x7fff8d522fb8, 0, 0) = 1 <0.000132>
[pid 281] 14:58:40.310500 libssl.so.3->EVP_DigestVerify(0x62cf36c2e830, 0x62cf36c3a3f8, 4627, 0x7fff8d522fc0) = 1 <0.000221>
[pid 281] 14:58:40.310930 libssl.so.3->X509_verify_cert(0x62cf36c2bb60, 1, 1, 0) = 1 <0.000247>
[pid 281] 14:58:40.311521 libssl.so.3->EVP_DigestSignInit_ex(0x62cf36c2e210, 0x7fff8d522fa0, 0, 0) = 1 <0.000266>
[pid 281] 14:58:40.311848 libssl.so.3->EVP_DigestSign(0x62cf36c2e210, 0, 0x7fff8d522fb0, 0x7fff8d522fc0) = 1 <0.000136>
[pid 281] 14:58:40.312030 libssl.so.3->EVP_DigestSign(0x62cf36c2e210, 0x62cf36c3e4c0, 0x7fff8d522fb0, 0x7fff8d522fc0) = 1 <0.000597>
[pid 281] 14:58:40.312917 <... SSL_connect resumed> ) = 1 <0.017705>
Handshake duration: 17.88 ms
[pid 281] 14:58:40.315316 +++ exited (status 0) +++
Execution 42 - TLS Mutual
s_connection: verify depth is 1
[pid 283] 14:58:40.369924 openssl->SSL_connect(0x5d5cf7e09890, 0x5d5cf7ddbe50, 0x5d5cf7ddbe50, 0x758e76710360 <unfinished ...>
[pid 283] 14:58:40.370421 libssl.so.3->EVP_PKEY_keygen_init(0x5d5cf7ddd580, 0, 176, 0x5d5cf7ddd580) = 1 <0.000183>
[pid 283] 14:58:40.370660 libssl.so.3->EVP_PKEY_keygen(0x5d5cf7ddd580, 0x7ffdf41d6fa0, 0, 103) = 1 <0.002837>
[pid 283] 14:58:40.379892 libssl.so.3->EVP_PKEY_derive_init(0x5d5cf7e0e2e0, 0, 176, 0x5d5cf7e0e2e0) = 1 <0.000154>
[pid 283] 14:58:40.380093 libssl.so.3->EVP_PKEY_derive_set_peer(0x5d5cf7e0e2e0, 0x5d5cf7e0e0c0, 0, 0x5d5cf7e08690) = 1 <0.000127>
[pid 283] 14:58:40.380262 libssl.so.3->EVP_PKEY_derive(0x5d5cf7e0e2e0, 0, 0x7ffdf41d6f60, 7) = 1 <0.000116>
[pid 283] 14:58:40.380420 libssl.so.3->EVP_PKEY_derive(0x5d5cf7e0e2e0, 0x5d5cf7e03ce0, 0x7ffdf41d6f60, 6) = 1 <0.002761>
[pid 283] 14:58:40.383930 libssl.so.3->X509_verify_cert(0x5d5cf7e01b60, 0, 0x8000, 0xffffffff) = 1 <0.000555>
[pid 283] 14:58:40.384714 libssl.so.3->EVP_DigestVerifyInit_ex(0x5d5cf7e04830, 0x7ffdf41d7008, 0, 0) = 1 <0.000142>
[pid 283] 14:58:40.384912 libssl.so.3->EVP_DigestVerify(0x5d5cf7e04830, 0x5d5cf7e103f8, 4627, 0x7ffdf41d7010) = 1 <0.000217>
[pid 283] 14:58:40.385336 libssl.so.3->X509_verify_cert(0x5d5cf7e01b60, 1, 1, 0) = 1 <0.000282>
[pid 283] 14:58:40.385923 libssl.so.3->EVP_DigestSignInit_ex(0x5d5cf7e04210, 0x7ffdf41d6ff0, 0, 0) = 1 <0.000122>
[pid 283] 14:58:40.386094 libssl.so.3->EVP_DigestSign(0x5d5cf7e04210, 0, 0x7ffdf41d7000, 0x7ffdf41d7010) = 1 <0.000135>
[pid 283] 14:58:40.386271 libssl.so.3->EVP_DigestSign(0x5d5cf7e04210, 0x5d5cf7e144c0, 0x7ffdf41d7000, 0x7ffdf41d7010) = 1 <0.000384>
[pid 283] 14:58:40.386909 <... SSL_connect resumed> ) = 1 <0.016991>
Handshake duration: 17.15 ms
[pid 283] 14:58:40.389178 +++ exited (status 0) +++
Execution 43 - TLS Mutual
s_connection: verify depth is 1
[pid 285] 14:58:40.449713 openssl->SSL_connect(0x5b91db60d890, 0x5b91db5dfe50, 0x5b91db5dfe50, 0x784e64162360 <unfinished ...>
[pid 285] 14:58:40.450199 libssl.so.3->EVP_PKEY_keygen_init(0x5b91db5e1580, 0, 176, 0x5b91db5e1580) = 1 <0.000202>
[pid 285] 14:58:40.450468 libssl.so.3->EVP_PKEY_keygen(0x5b91db5e1580, 0x7fff874ef860, 0, 103) = 1 <0.003152>
[pid 285] 14:58:40.460120 libssl.so.3->EVP_PKEY_derive_init(0x5b91db6122e0, 0, 176, 0x5b91db6122e0) = 1 <0.000186>
[pid 285] 14:58:40.460352 libssl.so.3->EVP_PKEY_derive_set_peer(0x5b91db6122e0, 0x5b91db6120c0, 0, 0x5b91db60c690) = 1 <0.000138>
[pid 285] 14:58:40.460536 libssl.so.3->EVP_PKEY_derive(0x5b91db6122e0, 0, 0x7fff874ef820, 7) = 1 <0.000122>
[pid 285] 14:58:40.460712 libssl.so.3->EVP_PKEY_derive(0x5b91db6122e0, 0x5b91db607ce0, 0x7fff874ef820, 6) = 1 <0.002707>
[pid 285] 14:58:40.464263 libssl.so.3->X509_verify_cert(0x5b91db605b60, 0, 0x8000, 0xffffffff) = 1 <0.000611>
[pid 285] 14:58:40.465104 libssl.so.3->EVP_DigestVerifyInit_ex(0x5b91db608830, 0x7fff874ef8c8, 0, 0) = 1 <0.000139>
[pid 285] 14:58:40.465288 libssl.so.3->EVP_DigestVerify(0x5b91db608830, 0x5b91db6143f8, 4627, 0x7fff874ef8d0) = 1 <0.000255>
[pid 285] 14:58:40.465756 libssl.so.3->X509_verify_cert(0x5b91db605b60, 1, 1, 0) = 1 <0.000248>
[pid 285] 14:58:40.466323 libssl.so.3->EVP_DigestSignInit_ex(0x5b91db608210, 0x7fff874ef8b0, 0, 0) = 1 <0.000166>
[pid 285] 14:58:40.466585 libssl.so.3->EVP_DigestSign(0x5b91db608210, 0, 0x7fff874ef8c0, 0x7fff874ef8d0) = 1 <0.000260>
[pid 285] 14:58:40.466905 libssl.so.3->EVP_DigestSign(0x5b91db608210, 0x5b91db6184c0, 0x7fff874ef8c0, 0x7fff874ef8d0) = 1 <0.000606>
[pid 285] 14:58:40.467771 <... SSL_connect resumed> ) = 1 <0.018068>
Handshake duration: 18.24 ms
[pid 285] 14:58:40.469936 +++ exited (status 0) +++
Execution 44 - TLS Mutual
s_connection: verify depth is 1
[pid 287] 14:58:40.525615 openssl->SSL_connect(0x569601efa890, 0x569601ecce50, 0x569601ecce50, 0x7e5bae1e0360 <unfinished ...>
[pid 287] 14:58:40.526039 libssl.so.3->EVP_PKEY_keygen_init(0x569601ece580, 0, 176, 0x569601ece580) = 1 <0.000143>
[pid 287] 14:58:40.526231 libssl.so.3->EVP_PKEY_keygen(0x569601ece580, 0x7fff9ba1bd90, 0, 103) = 1 <0.002801>
[pid 287] 14:58:40.535416 libssl.so.3->EVP_PKEY_derive_init(0x569601eff2e0, 0, 176, 0x569601eff2e0) = 1 <0.000253>
[pid 287] 14:58:40.535771 libssl.so.3->EVP_PKEY_derive_set_peer(0x569601eff2e0, 0x569601eff0c0, 0, 0x569601ef9690) = 1 <0.000184>
[pid 287] 14:58:40.536008 libssl.so.3->EVP_PKEY_derive(0x569601eff2e0, 0, 0x7fff9ba1bd50, 7) = 1 <0.000138>
[pid 287] 14:58:40.536196 libssl.so.3->EVP_PKEY_derive(0x569601eff2e0, 0x569601ef4ce0, 0x7fff9ba1bd50, 6) = 1 <0.004361>
[pid 287] 14:58:40.541477 libssl.so.3->X509_verify_cert(0x569601ef2b60, 0, 0x8000, 0xffffffff) = 1 <0.000690>
[pid 287] 14:58:40.542461 libssl.so.3->EVP_DigestVerifyInit_ex(0x569601ef5830, 0x7fff9ba1bdf8, 0, 0) = 1 <0.000168>
[pid 287] 14:58:40.542669 libssl.so.3->EVP_DigestVerify(0x569601ef5830, 0x569601f013f8, 4627, 0x7fff9ba1be00) = 1 <0.000301>
[pid 287] 14:58:40.543236 libssl.so.3->X509_verify_cert(0x569601ef2b60, 1, 1, 0) = 1 <0.000347>
[pid 287] 14:58:40.543989 libssl.so.3->EVP_DigestSignInit_ex(0x569601ef5210, 0x7fff9ba1bde0, 0, 0) = 1 <0.000155>
[pid 287] 14:58:40.544207 libssl.so.3->EVP_DigestSign(0x569601ef5210, 0, 0x7fff9ba1bdf0, 0x7fff9ba1be00) = 1 <0.000128>
[pid 287] 14:58:40.544384 libssl.so.3->EVP_DigestSign(0x569601ef5210, 0x569601f054c0, 0x7fff9ba1bdf0, 0x7fff9ba1be00) = 1 <0.000610>
[pid 287] 14:58:40.545307 <... SSL_connect resumed> ) = 1 <0.019700>
Handshake duration: 19.87 ms
[pid 287] 14:58:40.548148 +++ exited (status 0) +++
Execution 45 - TLS Mutual
s_connection: verify depth is 1
[pid 289] 14:58:40.607185 openssl->SSL_connect(0x5e5a3ed88890, 0x5e5a3ed5ae50, 0x5e5a3ed5ae50, 0x7476d716a360 <unfinished ...>
[pid 289] 14:58:40.607669 libssl.so.3->EVP_PKEY_keygen_init(0x5e5a3ed5c580, 0, 176, 0x5e5a3ed5c580) = 1 <0.000182>
[pid 289] 14:58:40.607901 libssl.so.3->EVP_PKEY_keygen(0x5e5a3ed5c580, 0x7ffd88663200, 0, 103) = 1 <0.002932>
[pid 289] 14:58:40.617377 libssl.so.3->EVP_PKEY_derive_init(0x5e5a3ed8d2e0, 0, 176, 0x5e5a3ed8d2e0) = 1 <0.000240>
[pid 289] 14:58:40.617660 libssl.so.3->EVP_PKEY_derive_set_peer(0x5e5a3ed8d2e0, 0x5e5a3ed8d0c0, 0, 0x5e5a3ed87690) = 1 <0.000130>
[pid 289] 14:58:40.617831 libssl.so.3->EVP_PKEY_derive(0x5e5a3ed8d2e0, 0, 0x7ffd886631c0, 7) = 1 <0.000111>
[pid 289] 14:58:40.617988 libssl.so.3->EVP_PKEY_derive(0x5e5a3ed8d2e0, 0x5e5a3ed82ce0, 0x7ffd886631c0, 6) = 1 <0.002710>
[pid 289] 14:58:40.621483 libssl.so.3->X509_verify_cert(0x5e5a3ed80b60, 0, 0x8000, 0xffffffff) = 1 <0.000584>
[pid 289] 14:58:40.622305 libssl.so.3->EVP_DigestVerifyInit_ex(0x5e5a3ed83830, 0x7ffd88663268, 0, 0) = 1 <0.000140>
[pid 289] 14:58:40.622501 libssl.so.3->EVP_DigestVerify(0x5e5a3ed83830, 0x5e5a3ed8f3f8, 4627, 0x7ffd88663270) = 1 <0.000238>
[pid 289] 14:58:40.622943 libssl.so.3->X509_verify_cert(0x5e5a3ed80b60, 1, 1, 0) = 1 <0.000263>
[pid 289] 14:58:40.623595 libssl.so.3->EVP_DigestSignInit_ex(0x5e5a3ed83210, 0x7ffd88663250, 0, 0) = 1 <0.000151>
[pid 289] 14:58:40.623795 libssl.so.3->EVP_DigestSign(0x5e5a3ed83210, 0, 0x7ffd88663260, 0x7ffd88663270) = 1 <0.000117>
[pid 289] 14:58:40.623963 libssl.so.3->EVP_DigestSign(0x5e5a3ed83210, 0x5e5a3ed934c0, 0x7ffd88663260, 0x7ffd88663270) = 1 <0.000417>
[pid 289] 14:58:40.624659 <... SSL_connect resumed> ) = 1 <0.017474>
Handshake duration: 17.67 ms
[pid 289] 14:58:40.627348 +++ exited (status 0) +++
Execution 46 - TLS Mutual
s_connection: verify depth is 1
[pid 291] 14:58:40.685368 openssl->SSL_connect(0x5b627f413890, 0x5b627f3e5e50, 0x5b627f3e5e50, 0x7ca0c224c360 <unfinished ...>
[pid 291] 14:58:40.685873 libssl.so.3->EVP_PKEY_keygen_init(0x5b627f3e7580, 0, 176, 0x5b627f3e7580) = 1 <0.000212>
[pid 291] 14:58:40.686186 libssl.so.3->EVP_PKEY_keygen(0x5b627f3e7580, 0x7ffc3c350af0, 0, 103) = 1 <0.004673>
[pid 291] 14:58:40.698711 libssl.so.3->EVP_PKEY_derive_init(0x5b627f4182e0, 0, 176, 0x5b627f4182e0) = 1 <0.000308>
[pid 291] 14:58:40.699078 libssl.so.3->EVP_PKEY_derive_set_peer(0x5b627f4182e0, 0x5b627f4180c0, 0, 0x5b627f412690) = 1 <0.000157>
[pid 291] 14:58:40.699284 libssl.so.3->EVP_PKEY_derive(0x5b627f4182e0, 0, 0x7ffc3c350ab0, 7) = 1 <0.000125>
[pid 291] 14:58:40.699471 libssl.so.3->EVP_PKEY_derive(0x5b627f4182e0, 0x5b627f40dce0, 0x7ffc3c350ab0, 6) = 1 <0.002730>
[pid 291] 14:58:40.703184 libssl.so.3->X509_verify_cert(0x5b627f40bb60, 0, 0x8000, 0xffffffff) = 1 <0.000753>
[pid 291] 14:58:40.704192 libssl.so.3->EVP_DigestVerifyInit_ex(0x5b627f40e830, 0x7ffc3c350b58, 0, 0) = 1 <0.000163>
[pid 291] 14:58:40.704401 libssl.so.3->EVP_DigestVerify(0x5b627f40e830, 0x5b627f41a3f8, 4627, 0x7ffc3c350b60) = 1 <0.000257>
[pid 291] 14:58:40.704871 libssl.so.3->X509_verify_cert(0x5b627f40bb60, 1, 1, 0) = 1 <0.000250>
[pid 291] 14:58:40.705538 libssl.so.3->EVP_DigestSignInit_ex(0x5b627f40e210, 0x7ffc3c350b40, 0, 0) = 1 <0.000226>
[pid 291] 14:58:40.705831 libssl.so.3->EVP_DigestSign(0x5b627f40e210, 0, 0x7ffc3c350b50, 0x7ffc3c350b60) = 1 <0.000135>
[pid 291] 14:58:40.706014 libssl.so.3->EVP_DigestSign(0x5b627f40e210, 0x5b627f41e4c0, 0x7ffc3c350b50, 0x7ffc3c350b60) = 1 <0.000549>
[pid 291] 14:58:40.706902 <... SSL_connect resumed> ) = 1 <0.021538>
Handshake duration: 21.77 ms
[pid 291] 14:58:40.709467 +++ exited (status 0) +++
Execution 47 - TLS Mutual
s_connection: verify depth is 1
[pid 293] 14:58:40.770908 openssl->SSL_connect(0x5e7293728890, 0x5e72936fae50, 0x5e72936fae50, 0x75f653bbe360 <unfinished ...>
[pid 293] 14:58:40.771630 libssl.so.3->EVP_PKEY_keygen_init(0x5e72936fc580, 0, 176, 0x5e72936fc580) = 1 <0.000450>
[pid 293] 14:58:40.772163 libssl.so.3->EVP_PKEY_keygen(0x5e72936fc580, 0x7ffd9021edb0, 0, 103) = 1 <0.002940>
[pid 293] 14:58:40.782973 libssl.so.3->EVP_PKEY_derive_init(0x5e729372d2e0, 0, 176, 0x5e729372d2e0) = 1 <0.000304>
[pid 293] 14:58:40.783329 libssl.so.3->EVP_PKEY_derive_set_peer(0x5e729372d2e0, 0x5e729372d0c0, 0, 0x5e7293727690) = 1 <0.000238>
[pid 293] 14:58:40.783637 libssl.so.3->EVP_PKEY_derive(0x5e729372d2e0, 0, 0x7ffd9021ed70, 7) = 1 <0.000184>
[pid 293] 14:58:40.783916 libssl.so.3->EVP_PKEY_derive(0x5e729372d2e0, 0x5e7293722ce0, 0x7ffd9021ed70, 6) = 1 <0.003022>
[pid 293] 14:58:40.787857 libssl.so.3->X509_verify_cert(0x5e7293720b60, 0, 0x8000, 0xffffffff) = 1 <0.000707>
[pid 293] 14:58:40.788819 libssl.so.3->EVP_DigestVerifyInit_ex(0x5e7293723830, 0x7ffd9021ee18, 0, 0) = 1 <0.000185>
[pid 293] 14:58:40.789058 libssl.so.3->EVP_DigestVerify(0x5e7293723830, 0x5e729372f3f8, 4627, 0x7ffd9021ee20) = 1 <0.000307>
[pid 293] 14:58:40.789650 libssl.so.3->X509_verify_cert(0x5e7293720b60, 1, 1, 0) = 1 <0.000314>
[pid 293] 14:58:40.790406 libssl.so.3->EVP_DigestSignInit_ex(0x5e7293723210, 0x7ffd9021ee00, 0, 0) = 1 <0.000206>
[pid 293] 14:58:40.790668 libssl.so.3->EVP_DigestSign(0x5e7293723210, 0, 0x7ffd9021ee10, 0x7ffd9021ee20) = 1 <0.000178>
[pid 293] 14:58:40.790894 libssl.so.3->EVP_DigestSign(0x5e7293723210, 0x5e72937334c0, 0x7ffd9021ee10, 0x7ffd9021ee20) = 1 <0.000596>
[pid 293] 14:58:40.791810 <... SSL_connect resumed> ) = 1 <0.020915>
Handshake duration: 21.27 ms
[pid 293] 14:58:40.794312 +++ exited (status 0) +++
Execution 48 - TLS Mutual
s_connection: verify depth is 1
[pid 295] 14:58:40.854076 openssl->SSL_connect(0x5f5eaea81890, 0x5f5eaea53e50, 0x5f5eaea53e50, 0x75943d8de360 <unfinished ...>
[pid 295] 14:58:40.854515 libssl.so.3->EVP_PKEY_keygen_init(0x5f5eaea55580, 0, 176, 0x5f5eaea55580) = 1 <0.000152>
[pid 295] 14:58:40.854716 libssl.so.3->EVP_PKEY_keygen(0x5f5eaea55580, 0x7ffd9ef14d40, 0, 103) = 1 <0.002730>
[pid 295] 14:58:40.864372 libssl.so.3->EVP_PKEY_derive_init(0x5f5eaea862e0, 0, 176, 0x5f5eaea862e0) = 1 <0.000218>
[pid 295] 14:58:40.864634 libssl.so.3->EVP_PKEY_derive_set_peer(0x5f5eaea862e0, 0x5f5eaea860c0, 0, 0x5f5eaea80690) = 1 <0.000145>
[pid 295] 14:58:40.864823 libssl.so.3->EVP_PKEY_derive(0x5f5eaea862e0, 0, 0x7ffd9ef14d00, 7) = 1 <0.000125>
[pid 295] 14:58:40.864997 libssl.so.3->EVP_PKEY_derive(0x5f5eaea862e0, 0x5f5eaea7bce0, 0x7ffd9ef14d00, 6) = 1 <0.002675>
[pid 295] 14:58:40.868387 libssl.so.3->X509_verify_cert(0x5f5eaea79b60, 0, 0x8000, 0xffffffff) = 1 <0.000552>
[pid 295] 14:58:40.869165 libssl.so.3->EVP_DigestVerifyInit_ex(0x5f5eaea7c830, 0x7ffd9ef14da8, 0, 0) = 1 <0.000139>
[pid 295] 14:58:40.869356 libssl.so.3->EVP_DigestVerify(0x5f5eaea7c830, 0x5f5eaea883f8, 4627, 0x7ffd9ef14db0) = 1 <0.000253>
[pid 295] 14:58:40.869817 libssl.so.3->X509_verify_cert(0x5f5eaea79b60, 1, 1, 0) = 1 <0.000253>
[pid 295] 14:58:40.870396 libssl.so.3->EVP_DigestSignInit_ex(0x5f5eaea7c210, 0x7ffd9ef14d90, 0, 0) = 1 <0.000163>
[pid 295] 14:58:40.870665 libssl.so.3->EVP_DigestSign(0x5f5eaea7c210, 0, 0x7ffd9ef14da0, 0x7ffd9ef14db0) = 1 <0.000131>
[pid 295] 14:58:40.870846 libssl.so.3->EVP_DigestSign(0x5f5eaea7c210, 0x5f5eaea8c4c0, 0x7ffd9ef14da0, 0x7ffd9ef14db0) = 1 <0.000506>
[pid 295] 14:58:40.871719 <... SSL_connect resumed> ) = 1 <0.017644>
Handshake duration: 17.85 ms
[pid 295] 14:58:40.874014 +++ exited (status 0) +++
Execution 49 - TLS Mutual
s_connection: verify depth is 1
[pid 297] 14:58:40.930930 openssl->SSL_connect(0x5625a05bc890, 0x5625a058ee50, 0x5625a058ee50, 0x732335c18360 <unfinished ...>
[pid 297] 14:58:40.931322 libssl.so.3->EVP_PKEY_keygen_init(0x5625a0590580, 0, 176, 0x5625a0590580) = 1 <0.000164>
[pid 297] 14:58:40.931543 libssl.so.3->EVP_PKEY_keygen(0x5625a0590580, 0x7fffefe83bc0, 0, 103) = 1 <0.002883>
[pid 297] 14:58:40.941104 libssl.so.3->EVP_PKEY_derive_init(0x5625a05c12e0, 0, 176, 0x5625a05c12e0) = 1 <0.000178>
[pid 297] 14:58:40.941338 libssl.so.3->EVP_PKEY_derive_set_peer(0x5625a05c12e0, 0x5625a05c10c0, 0, 0x5625a05bb690) = 1 <0.000148>
[pid 297] 14:58:40.941534 libssl.so.3->EVP_PKEY_derive(0x5625a05c12e0, 0, 0x7fffefe83b80, 7) = 1 <0.000119>
[pid 297] 14:58:40.941697 libssl.so.3->EVP_PKEY_derive(0x5625a05c12e0, 0x5625a05b6ce0, 0x7fffefe83b80, 6) = 1 <0.002665>
[pid 297] 14:58:40.945027 libssl.so.3->X509_verify_cert(0x5625a05b4b60, 0, 0x8000, 0xffffffff) = 1 <0.000652>
[pid 297] 14:58:40.945897 libssl.so.3->EVP_DigestVerifyInit_ex(0x5625a05b7830, 0x7fffefe83c28, 0, 0) = 1 <0.000133>
[pid 297] 14:58:40.946078 libssl.so.3->EVP_DigestVerify(0x5625a05b7830, 0x5625a05c33f8, 4627, 0x7fffefe83c30) = 1 <0.000211>
[pid 297] 14:58:40.946507 libssl.so.3->X509_verify_cert(0x5625a05b4b60, 1, 1, 0) = 1 <0.000242>
[pid 297] 14:58:40.947077 libssl.so.3->EVP_DigestSignInit_ex(0x5625a05b7210, 0x7fffefe83c10, 0, 0) = 1 <0.000178>
[pid 297] 14:58:40.947309 libssl.so.3->EVP_DigestSign(0x5625a05b7210, 0, 0x7fffefe83c20, 0x7fffefe83c30) = 1 <0.000136>
[pid 297] 14:58:40.947503 libssl.so.3->EVP_DigestSign(0x5625a05b7210, 0x5625a05c74c0, 0x7fffefe83c20, 0x7fffefe83c30) = 1 <0.000335>
[pid 297] 14:58:40.948092 <... SSL_connect resumed> ) = 1 <0.017169>
Handshake duration: 17.34 ms
[pid 297] 14:58:40.950319 +++ exited (status 0) +++
Execution 50 - TLS Mutual
s_connection: verify depth is 1
[pid 299] 14:58:41.006343 openssl->SSL_connect(0x5c0213049890, 0x5c021301be50, 0x5c021301be50, 0x7d667f5d9360 <unfinished ...>
[pid 299] 14:58:41.006827 libssl.so.3->EVP_PKEY_keygen_init(0x5c021301d580, 0, 176, 0x5c021301d580) = 1 <0.000145>
[pid 299] 14:58:41.007020 libssl.so.3->EVP_PKEY_keygen(0x5c021301d580, 0x7ffcff7ac470, 0, 103) = 1 <0.002790>
[pid 299] 14:58:41.016729 libssl.so.3->EVP_PKEY_derive_init(0x5c021304e2e0, 0, 176, 0x5c021304e2e0) = 1 <0.000190>
[pid 299] 14:58:41.016976 libssl.so.3->EVP_PKEY_derive_set_peer(0x5c021304e2e0, 0x5c021304e0c0, 0, 0x5c0213048690) = 1 <0.000153>
[pid 299] 14:58:41.017177 libssl.so.3->EVP_PKEY_derive(0x5c021304e2e0, 0, 0x7ffcff7ac430, 7) = 1 <0.000111>
[pid 299] 14:58:41.017332 libssl.so.3->EVP_PKEY_derive(0x5c021304e2e0, 0x5c0213043ce0, 0x7ffcff7ac430, 6) = 1 <0.002827>
[pid 299] 14:58:41.020943 libssl.so.3->X509_verify_cert(0x5c0213041b60, 0, 0x8000, 0xffffffff) = 1 <0.000620>
[pid 299] 14:58:41.021774 libssl.so.3->EVP_DigestVerifyInit_ex(0x5c0213044830, 0x7ffcff7ac4d8, 0, 0) = 1 <0.000156>
[pid 299] 14:58:41.021976 libssl.so.3->EVP_DigestVerify(0x5c0213044830, 0x5c02130503f8, 4627, 0x7ffcff7ac4e0) = 1 <0.000244>
[pid 299] 14:58:41.022421 libssl.so.3->X509_verify_cert(0x5c0213041b60, 1, 1, 0) = 1 <0.000281>
[pid 299] 14:58:41.023017 libssl.so.3->EVP_DigestSignInit_ex(0x5c0213044210, 0x7ffcff7ac4c0, 0, 0) = 1 <0.000147>
[pid 299] 14:58:41.023209 libssl.so.3->EVP_DigestSign(0x5c0213044210, 0, 0x7ffcff7ac4d0, 0x7ffcff7ac4e0) = 1 <0.000133>
[pid 299] 14:58:41.023408 libssl.so.3->EVP_DigestSign(0x5c0213044210, 0x5c02130544c0, 0x7ffcff7ac4d0, 0x7ffcff7ac4e0) = 1 <0.000379>
[pid 299] 14:58:41.024033 <... SSL_connect resumed> ) = 1 <0.017703>
Handshake duration: 17.87 ms
[pid 299] 14:58:41.027761 +++ exited (status 0) +++
Execution 51 - TLS Mutual
s_connection: verify depth is 1
[pid 301] 14:58:41.085490 openssl->SSL_connect(0x5e2d824d7890, 0x5e2d824a9e50, 0x5e2d824a9e50, 0x7d1c05290360 <unfinished ...>
[pid 301] 14:58:41.085940 libssl.so.3->EVP_PKEY_keygen_init(0x5e2d824ab580, 0, 176, 0x5e2d824ab580) = 1 <0.000148>
[pid 301] 14:58:41.086138 libssl.so.3->EVP_PKEY_keygen(0x5e2d824ab580, 0x7ffdb3728c00, 0, 103) = 1 <0.002804>
[pid 301] 14:58:41.095348 libssl.so.3->EVP_PKEY_derive_init(0x5e2d824dc2e0, 0, 176, 0x5e2d824dc2e0) = 1 <0.000199>
[pid 301] 14:58:41.095636 libssl.so.3->EVP_PKEY_derive_set_peer(0x5e2d824dc2e0, 0x5e2d824dc0c0, 0, 0x5e2d824d6690) = 1 <0.000190>
[pid 301] 14:58:41.095867 libssl.so.3->EVP_PKEY_derive(0x5e2d824dc2e0, 0, 0x7ffdb3728bc0, 7) = 1 <0.000115>
[pid 301] 14:58:41.096023 libssl.so.3->EVP_PKEY_derive(0x5e2d824dc2e0, 0x5e2d824d1ce0, 0x7ffdb3728bc0, 6) = 1 <0.002756>
[pid 301] 14:58:41.099499 libssl.so.3->X509_verify_cert(0x5e2d824cfb60, 0, 0x8000, 0xffffffff) = 1 <0.000543>
[pid 301] 14:58:41.100254 libssl.so.3->EVP_DigestVerifyInit_ex(0x5e2d824d2830, 0x7ffdb3728c68, 0, 0) = 1 <0.000135>
[pid 301] 14:58:41.100444 libssl.so.3->EVP_DigestVerify(0x5e2d824d2830, 0x5e2d824de3f8, 4627, 0x7ffdb3728c70) = 1 <0.000229>
[pid 301] 14:58:41.100908 libssl.so.3->X509_verify_cert(0x5e2d824cfb60, 1, 1, 0) = 1 <0.000263>
[pid 301] 14:58:41.101507 libssl.so.3->EVP_DigestSignInit_ex(0x5e2d824d2210, 0x7ffdb3728c50, 0, 0) = 1 <0.000148>
[pid 301] 14:58:41.101698 libssl.so.3->EVP_DigestSign(0x5e2d824d2210, 0, 0x7ffdb3728c60, 0x7ffdb3728c70) = 1 <0.000144>
[pid 301] 14:58:41.101891 libssl.so.3->EVP_DigestSign(0x5e2d824d2210, 0x5e2d824e24c0, 0x7ffdb3728c60, 0x7ffdb3728c70) = 1 <0.000387>
[pid 301] 14:58:41.102536 <... SSL_connect resumed> ) = 1 <0.017057>
Handshake duration: 17.24 ms
[pid 301] 14:58:41.105845 +++ exited (status 0) +++
Execution 52 - TLS Mutual
s_connection: verify depth is 1
[pid 303] 14:58:41.161930 openssl->SSL_connect(0x5d069c7bd890, 0x5d069c78fe50, 0x5d069c78fe50, 0x7b20517f1360 <unfinished ...>
[pid 303] 14:58:41.162418 libssl.so.3->EVP_PKEY_keygen_init(0x5d069c791580, 0, 176, 0x5d069c791580) = 1 <0.000187>
[pid 303] 14:58:41.162656 libssl.so.3->EVP_PKEY_keygen(0x5d069c791580, 0x7fff6f928200, 0, 103) = 1 <0.003013>
[pid 303] 14:58:41.172300 libssl.so.3->EVP_PKEY_derive_init(0x5d069c7c22e0, 0, 176, 0x5d069c7c22e0) = 1 <0.000204>
[pid 303] 14:58:41.172544 libssl.so.3->EVP_PKEY_derive_set_peer(0x5d069c7c22e0, 0x5d069c7c20c0, 0, 0x5d069c7bc690) = 1 <0.000124>
[pid 303] 14:58:41.172708 libssl.so.3->EVP_PKEY_derive(0x5d069c7c22e0, 0, 0x7fff6f9281c0, 7) = 1 <0.000103>
[pid 303] 14:58:41.172855 libssl.so.3->EVP_PKEY_derive(0x5d069c7c22e0, 0x5d069c7b7ce0, 0x7fff6f9281c0, 6) = 1 <0.002789>
[pid 303] 14:58:41.176390 libssl.so.3->X509_verify_cert(0x5d069c7b5b60, 0, 0x8000, 0xffffffff) = 1 <0.000598>
[pid 303] 14:58:41.177197 libssl.so.3->EVP_DigestVerifyInit_ex(0x5d069c7b8830, 0x7fff6f928268, 0, 0) = 1 <0.000139>
[pid 303] 14:58:41.177394 libssl.so.3->EVP_DigestVerify(0x5d069c7b8830, 0x5d069c7c43f8, 4627, 0x7fff6f928270) = 1 <0.000279>
[pid 303] 14:58:41.177887 libssl.so.3->X509_verify_cert(0x5d069c7b5b60, 1, 1, 0) = 1 <0.000268>
[pid 303] 14:58:41.178515 libssl.so.3->EVP_DigestSignInit_ex(0x5d069c7b8210, 0x7fff6f928250, 0, 0) = 1 <0.000151>
[pid 303] 14:58:41.178705 libssl.so.3->EVP_DigestSign(0x5d069c7b8210, 0, 0x7fff6f928260, 0x7fff6f928270) = 1 <0.000116>
[pid 303] 14:58:41.178858 libssl.so.3->EVP_DigestSign(0x5d069c7b8210, 0x5d069c7c84c0, 0x7fff6f928260, 0x7fff6f928270) = 1 <0.000390>
[pid 303] 14:58:41.179620 <... SSL_connect resumed> ) = 1 <0.017694>
Handshake duration: 17.89 ms
[pid 303] 14:58:41.182070 +++ exited (status 0) +++
Execution 53 - TLS Mutual
s_connection: verify depth is 1
[pid 305] 14:58:41.238132 openssl->SSL_connect(0x61758118e890, 0x617581160e50, 0x617581160e50, 0x75532dc0a360 <unfinished ...>
[pid 305] 14:58:41.238619 libssl.so.3->EVP_PKEY_keygen_init(0x617581162580, 0, 176, 0x617581162580) = 1 <0.000275>
[pid 305] 14:58:41.238962 libssl.so.3->EVP_PKEY_keygen(0x617581162580, 0x7ffc001797e0, 0, 103) = 1 <0.003011>
[pid 305] 14:58:41.248669 libssl.so.3->EVP_PKEY_derive_init(0x6175811932e0, 0, 176, 0x6175811932e0) = 1 <0.000261>
[pid 305] 14:58:41.249009 libssl.so.3->EVP_PKEY_derive_set_peer(0x6175811932e0, 0x6175811930c0, 0, 0x61758118d690) = 1 <0.000185>
[pid 305] 14:58:41.249238 libssl.so.3->EVP_PKEY_derive(0x6175811932e0, 0, 0x7ffc001797a0, 7) = 1 <0.000131>
[pid 305] 14:58:41.249421 libssl.so.3->EVP_PKEY_derive(0x6175811932e0, 0x617581188ce0, 0x7ffc001797a0, 6) = 1 <0.002678>
[pid 305] 14:58:41.252845 libssl.so.3->X509_verify_cert(0x617581186b60, 0, 0x8000, 0xffffffff) = 1 <0.000564>
[pid 305] 14:58:41.253656 libssl.so.3->EVP_DigestVerifyInit_ex(0x617581189830, 0x7ffc00179848, 0, 0) = 1 <0.000147>
[pid 305] 14:58:41.253845 libssl.so.3->EVP_DigestVerify(0x617581189830, 0x6175811953f8, 4627, 0x7ffc00179850) = 1 <0.000284>
[pid 305] 14:58:41.254404 libssl.so.3->X509_verify_cert(0x617581186b60, 1, 1, 0) = 1 <0.000304>
[pid 305] 14:58:41.255058 libssl.so.3->EVP_DigestSignInit_ex(0x617581189210, 0x7ffc00179830, 0, 0) = 1 <0.000126>
[pid 305] 14:58:41.255279 libssl.so.3->EVP_DigestSign(0x617581189210, 0, 0x7ffc00179840, 0x7ffc00179850) = 1 <0.000129>
[pid 305] 14:58:41.255478 libssl.so.3->EVP_DigestSign(0x617581189210, 0x6175811994c0, 0x7ffc00179840, 0x7ffc00179850) = 1 <0.000435>
[pid 305] 14:58:41.256199 <... SSL_connect resumed> ) = 1 <0.018071>
Handshake duration: 18.26 ms
[pid 305] 14:58:41.258627 +++ exited (status 0) +++
Execution 54 - TLS Mutual
s_connection: verify depth is 1
[pid 307] 14:58:41.314556 openssl->SSL_connect(0x619136173890, 0x619136145e50, 0x619136145e50, 0x768a6ac19360 <unfinished ...>
[pid 307] 14:58:41.315006 libssl.so.3->EVP_PKEY_keygen_init(0x619136147580, 0, 176, 0x619136147580) = 1 <0.000208>
[pid 307] 14:58:41.315270 libssl.so.3->EVP_PKEY_keygen(0x619136147580, 0x7ffe8e3c0b60, 0, 103) = 1 <0.002938>
[pid 307] 14:58:41.324649 libssl.so.3->EVP_PKEY_derive_init(0x6191361782e0, 0, 176, 0x6191361782e0) = 1 <0.000238>
[pid 307] 14:58:41.324951 libssl.so.3->EVP_PKEY_derive_set_peer(0x6191361782e0, 0x6191361780c0, 0, 0x619136172690) = 1 <0.000157>
[pid 307] 14:58:41.325158 libssl.so.3->EVP_PKEY_derive(0x6191361782e0, 0, 0x7ffe8e3c0b20, 7) = 1 <0.000162>
[pid 307] 14:58:41.325385 libssl.so.3->EVP_PKEY_derive(0x6191361782e0, 0x61913616dce0, 0x7ffe8e3c0b20, 6) = 1 <0.002987>
[pid 307] 14:58:41.329113 libssl.so.3->X509_verify_cert(0x61913616bb60, 0, 0x8000, 0xffffffff) = 1 <0.000634>
[pid 307] 14:58:41.329979 libssl.so.3->EVP_DigestVerifyInit_ex(0x61913616e830, 0x7ffe8e3c0bc8, 0, 0) = 1 <0.000142>
[pid 307] 14:58:41.330164 libssl.so.3->EVP_DigestVerify(0x61913616e830, 0x61913617a3f8, 4627, 0x7ffe8e3c0bd0) = 1 <0.000235>
[pid 307] 14:58:41.330651 libssl.so.3->X509_verify_cert(0x61913616bb60, 1, 1, 0) = 1 <0.000267>
[pid 307] 14:58:41.331248 libssl.so.3->EVP_DigestSignInit_ex(0x61913616e210, 0x7ffe8e3c0bb0, 0, 0) = 1 <0.000206>
[pid 307] 14:58:41.331553 libssl.so.3->EVP_DigestSign(0x61913616e210, 0, 0x7ffe8e3c0bc0, 0x7ffe8e3c0bd0) = 1 <0.000154>
[pid 307] 14:58:41.331781 libssl.so.3->EVP_DigestSign(0x61913616e210, 0x61913617e4c0, 0x7ffe8e3c0bc0, 0x7ffe8e3c0bd0) = 1 <0.000443>
[pid 307] 14:58:41.332615 <... SSL_connect resumed> ) = 1 <0.018055>
Handshake duration: 18.30 ms
[pid 307] 14:58:41.335005 +++ exited (status 0) +++
Execution 55 - TLS Mutual
s_connection: verify depth is 1
[pid 309] 14:58:41.394249 openssl->SSL_connect(0x60d1e5cd6890, 0x60d1e5ca8e50, 0x60d1e5ca8e50, 0x7021f7ea5360 <unfinished ...>
[pid 309] 14:58:41.394793 libssl.so.3->EVP_PKEY_keygen_init(0x60d1e5caa580, 0, 176, 0x60d1e5caa580) = 1 <0.000240>
[pid 309] 14:58:41.395076 libssl.so.3->EVP_PKEY_keygen(0x60d1e5caa580, 0x7ffd2e904ef0, 0, 103) = 1 <0.002941>
[pid 309] 14:58:41.404750 libssl.so.3->EVP_PKEY_derive_init(0x60d1e5cdb2e0, 0, 176, 0x60d1e5cdb2e0) = 1 <0.000172>
[pid 309] 14:58:41.404959 libssl.so.3->EVP_PKEY_derive_set_peer(0x60d1e5cdb2e0, 0x60d1e5cdb0c0, 0, 0x60d1e5cd5690) = 1 <0.000169>
[pid 309] 14:58:41.405213 libssl.so.3->EVP_PKEY_derive(0x60d1e5cdb2e0, 0, 0x7ffd2e904eb0, 7) = 1 <0.000176>
[pid 309] 14:58:41.405471 libssl.so.3->EVP_PKEY_derive(0x60d1e5cdb2e0, 0x60d1e5cd0ce0, 0x7ffd2e904eb0, 6) = 1 <0.003001>
[pid 309] 14:58:41.409424 libssl.so.3->X509_verify_cert(0x60d1e5cceb60, 0, 0x8000, 0xffffffff) = 1 <0.000692>
[pid 309] 14:58:41.410390 libssl.so.3->EVP_DigestVerifyInit_ex(0x60d1e5cd1830, 0x7ffd2e904f58, 0, 0) = 1 <0.000175>
[pid 309] 14:58:41.410618 libssl.so.3->EVP_DigestVerify(0x60d1e5cd1830, 0x60d1e5cdd3f8, 4627, 0x7ffd2e904f60) = 1 <0.000289>
[pid 309] 14:58:41.411141 libssl.so.3->X509_verify_cert(0x60d1e5cceb60, 1, 1, 0) = 1 <0.000344>
[pid 309] 14:58:41.411871 libssl.so.3->EVP_DigestSignInit_ex(0x60d1e5cd1210, 0x7ffd2e904f40, 0, 0) = 1 <0.000153>
[pid 309] 14:58:41.412113 libssl.so.3->EVP_DigestSign(0x60d1e5cd1210, 0, 0x7ffd2e904f50, 0x7ffd2e904f60) = 1 <0.000171>
[pid 309] 14:58:41.412337 libssl.so.3->EVP_DigestSign(0x60d1e5cd1210, 0x60d1e5ce14c0, 0x7ffd2e904f50, 0x7ffd2e904f60) = 1 <0.000434>
[pid 309] 14:58:41.413078 <... SSL_connect resumed> ) = 1 <0.018839>
Handshake duration: 19.03 ms
[pid 309] 14:58:41.416059 +++ exited (status 0) +++
Execution 56 - TLS Mutual
s_connection: verify depth is 1
[pid 311] 14:58:41.474626 openssl->SSL_connect(0x5d95536cd890, 0x5d955369fe50, 0x5d955369fe50, 0x754829423360 <unfinished ...>
[pid 311] 14:58:41.475063 libssl.so.3->EVP_PKEY_keygen_init(0x5d95536a1580, 0, 176, 0x5d95536a1580) = 1 <0.000172>
[pid 311] 14:58:41.475279 libssl.so.3->EVP_PKEY_keygen(0x5d95536a1580, 0x7fffb85fea20, 0, 103) = 1 <0.002837>
[pid 311] 14:58:41.484501 libssl.so.3->EVP_PKEY_derive_init(0x5d95536d22e0, 0, 176, 0x5d95536d22e0) = 1 <0.000160>
[pid 311] 14:58:41.484707 libssl.so.3->EVP_PKEY_derive_set_peer(0x5d95536d22e0, 0x5d95536d20c0, 0, 0x5d95536cc690) = 1 <0.000125>
[pid 311] 14:58:41.484881 libssl.so.3->EVP_PKEY_derive(0x5d95536d22e0, 0, 0x7fffb85fe9e0, 7) = 1 <0.000110>
[pid 311] 14:58:41.485038 libssl.so.3->EVP_PKEY_derive(0x5d95536d22e0, 0x5d95536c7ce0, 0x7fffb85fe9e0, 6) = 1 <0.002693>
[pid 311] 14:58:41.488473 libssl.so.3->X509_verify_cert(0x5d95536c5b60, 0, 0x8000, 0xffffffff) = 1 <0.000528>
[pid 311] 14:58:41.489180 libssl.so.3->EVP_DigestVerifyInit_ex(0x5d95536c8830, 0x7fffb85fea88, 0, 0) = 1 <0.000130>
[pid 311] 14:58:41.489358 libssl.so.3->EVP_DigestVerify(0x5d95536c8830, 0x5d95536d43f8, 4627, 0x7fffb85fea90) = 1 <0.000275>
[pid 311] 14:58:41.489856 libssl.so.3->X509_verify_cert(0x5d95536c5b60, 1, 1, 0) = 1 <0.000257>
[pid 311] 14:58:41.490424 libssl.so.3->EVP_DigestSignInit_ex(0x5d95536c8210, 0x7fffb85fea70, 0, 0) = 1 <0.000156>
[pid 311] 14:58:41.490665 libssl.so.3->EVP_DigestSign(0x5d95536c8210, 0, 0x7fffb85fea80, 0x7fffb85fea90) = 1 <0.000161>
[pid 311] 14:58:41.490889 libssl.so.3->EVP_DigestSign(0x5d95536c8210, 0x5d95536d84c0, 0x7fffb85fea80, 0x7fffb85fea90) = 1 <0.000474>
[pid 311] 14:58:41.491636 <... SSL_connect resumed> ) = 1 <0.017017>
Handshake duration: 17.20 ms
[pid 311] 14:58:41.493807 +++ exited (status 0) +++
Execution 57 - TLS Mutual
s_connection: verify depth is 1
[pid 313] 14:58:41.551160 openssl->SSL_connect(0x582d498be890, 0x582d49890e50, 0x582d49890e50, 0x79340b025360 <unfinished ...>
[pid 313] 14:58:41.551731 libssl.so.3->EVP_PKEY_keygen_init(0x582d49892580, 0, 176, 0x582d49892580) = 1 <0.000229>
[pid 313] 14:58:41.552047 libssl.so.3->EVP_PKEY_keygen(0x582d49892580, 0x7fff5f03c190, 0, 103) = 1 <0.002856>
[pid 313] 14:58:41.561567 libssl.so.3->EVP_PKEY_derive_init(0x582d498c32e0, 0, 176, 0x582d498c32e0) = 1 <0.000244>
[pid 313] 14:58:41.561866 libssl.so.3->EVP_PKEY_derive_set_peer(0x582d498c32e0, 0x582d498c30c0, 0, 0x582d498bd690) = 1 <0.000135>
[pid 313] 14:58:41.562045 libssl.so.3->EVP_PKEY_derive(0x582d498c32e0, 0, 0x7fff5f03c150, 7) = 1 <0.000111>
[pid 313] 14:58:41.562199 libssl.so.3->EVP_PKEY_derive(0x582d498c32e0, 0x582d498b8ce0, 0x7fff5f03c150, 6) = 1 <0.002630>
[pid 313] 14:58:41.565600 libssl.so.3->X509_verify_cert(0x582d498b6b60, 0, 0x8000, 0xffffffff) = 1 <0.000630>
[pid 313] 14:58:41.566536 libssl.so.3->EVP_DigestVerifyInit_ex(0x582d498b9830, 0x7fff5f03c1f8, 0, 0) = 1 <0.000189>
[pid 313] 14:58:41.566772 libssl.so.3->EVP_DigestVerify(0x582d498b9830, 0x582d498c53f8, 4627, 0x7fff5f03c200) = 1 <0.000248>
[pid 313] 14:58:41.567232 libssl.so.3->X509_verify_cert(0x582d498b6b60, 1, 1, 0) = 1 <0.000279>
[pid 313] 14:58:41.567831 libssl.so.3->EVP_DigestSignInit_ex(0x582d498b9210, 0x7fff5f03c1e0, 0, 0) = 1 <0.000179>
[pid 313] 14:58:41.568054 libssl.so.3->EVP_DigestSign(0x582d498b9210, 0, 0x7fff5f03c1f0, 0x7fff5f03c200) = 1 <0.000142>
[pid 313] 14:58:41.568243 libssl.so.3->EVP_DigestSign(0x582d498b9210, 0x582d498c94c0, 0x7fff5f03c1f0, 0x7fff5f03c200) = 1 <0.000540>
[pid 313] 14:58:41.569056 <... SSL_connect resumed> ) = 1 <0.017918>
Handshake duration: 18.12 ms
[pid 313] 14:58:41.571415 +++ exited (status 0) +++
Execution 58 - TLS Mutual
s_connection: verify depth is 1
[pid 315] 14:58:41.633563 openssl->SSL_connect(0x62dd5d8ce890, 0x62dd5d8a0e50, 0x62dd5d8a0e50, 0x715c89495360 <unfinished ...>
[pid 315] 14:58:41.634066 libssl.so.3->EVP_PKEY_keygen_init(0x62dd5d8a2580, 0, 176, 0x62dd5d8a2580) = 1 <0.000176>
[pid 315] 14:58:41.634295 libssl.so.3->EVP_PKEY_keygen(0x62dd5d8a2580, 0x7fffb11805a0, 0, 103) = 1 <0.002926>
[pid 315] 14:58:41.643953 libssl.so.3->EVP_PKEY_derive_init(0x62dd5d8d32e0, 0, 176, 0x62dd5d8d32e0) = 1 <0.000276>
[pid 315] 14:58:41.644289 libssl.so.3->EVP_PKEY_derive_set_peer(0x62dd5d8d32e0, 0x62dd5d8d30c0, 0, 0x62dd5d8cd690) = 1 <0.000129>
[pid 315] 14:58:41.644469 libssl.so.3->EVP_PKEY_derive(0x62dd5d8d32e0, 0, 0x7fffb1180560, 7) = 1 <0.000113>
[pid 315] 14:58:41.644632 libssl.so.3->EVP_PKEY_derive(0x62dd5d8d32e0, 0x62dd5d8c8ce0, 0x7fffb1180560, 6) = 1 <0.002857>
[pid 315] 14:58:41.648227 libssl.so.3->X509_verify_cert(0x62dd5d8c6b60, 0, 0x8000, 0xffffffff) = 1 <0.000543>
[pid 315] 14:58:41.648983 libssl.so.3->EVP_DigestVerifyInit_ex(0x62dd5d8c9830, 0x7fffb1180608, 0, 0) = 1 <0.000131>
[pid 315] 14:58:41.649160 libssl.so.3->EVP_DigestVerify(0x62dd5d8c9830, 0x62dd5d8d53f8, 4627, 0x7fffb1180610) = 1 <0.000224>
[pid 315] 14:58:41.649599 libssl.so.3->X509_verify_cert(0x62dd5d8c6b60, 1, 1, 0) = 1 <0.000285>
[pid 315] 14:58:41.650238 libssl.so.3->EVP_DigestSignInit_ex(0x62dd5d8c9210, 0x7fffb11805f0, 0, 0) = 1 <0.000151>
[pid 315] 14:58:41.650466 libssl.so.3->EVP_DigestSign(0x62dd5d8c9210, 0, 0x7fffb1180600, 0x7fffb1180610) = 1 <0.000121>
[pid 315] 14:58:41.650627 libssl.so.3->EVP_DigestSign(0x62dd5d8c9210, 0x62dd5d8d94c0, 0x7fffb1180600, 0x7fffb1180610) = 1 <0.000717>
[pid 315] 14:58:41.651852 <... SSL_connect resumed> ) = 1 <0.018294>
Handshake duration: 19.05 ms
[pid 315] 14:58:41.655192 +++ exited (status 0) +++
Execution 59 - TLS Mutual
s_connection: verify depth is 1
[pid 317] 14:58:41.711748 openssl->SSL_connect(0x5ed7f11d8890, 0x5ed7f11aae50, 0x5ed7f11aae50, 0x782a177ca360 <unfinished ...>
[pid 317] 14:58:41.712265 libssl.so.3->EVP_PKEY_keygen_init(0x5ed7f11ac580, 0, 176, 0x5ed7f11ac580) = 1 <0.000233>
[pid 317] 14:58:41.712550 libssl.so.3->EVP_PKEY_keygen(0x5ed7f11ac580, 0x7ffe21777670, 0, 103) = 1 <0.003052>
[pid 317] 14:58:41.722203 libssl.so.3->EVP_PKEY_derive_init(0x5ed7f11dd2e0, 0, 176, 0x5ed7f11dd2e0) = 1 <0.000282>
[pid 317] 14:58:41.722541 libssl.so.3->EVP_PKEY_derive_set_peer(0x5ed7f11dd2e0, 0x5ed7f11dd0c0, 0, 0x5ed7f11d7690) = 1 <0.000147>
[pid 317] 14:58:41.722750 libssl.so.3->EVP_PKEY_derive(0x5ed7f11dd2e0, 0, 0x7ffe21777630, 7) = 1 <0.000120>
[pid 317] 14:58:41.722914 libssl.so.3->EVP_PKEY_derive(0x5ed7f11dd2e0, 0x5ed7f11d2ce0, 0x7ffe21777630, 6) = 1 <0.002735>
[pid 317] 14:58:41.726502 libssl.so.3->X509_verify_cert(0x5ed7f11d0b60, 0, 0x8000, 0xffffffff) = 1 <0.000601>
[pid 317] 14:58:41.727330 libssl.so.3->EVP_DigestVerifyInit_ex(0x5ed7f11d3830, 0x7ffe217776d8, 0, 0) = 1 <0.000160>
[pid 317] 14:58:41.727535 libssl.so.3->EVP_DigestVerify(0x5ed7f11d3830, 0x5ed7f11df3f8, 4627, 0x7ffe217776e0) = 1 <0.000211>
[pid 317] 14:58:41.727949 libssl.so.3->X509_verify_cert(0x5ed7f11d0b60, 1, 1, 0) = 1 <0.000248>
[pid 317] 14:58:41.728547 libssl.so.3->EVP_DigestSignInit_ex(0x5ed7f11d3210, 0x7ffe217776c0, 0, 0) = 1 <0.000123>
[pid 317] 14:58:41.728736 libssl.so.3->EVP_DigestSign(0x5ed7f11d3210, 0, 0x7ffe217776d0, 0x7ffe217776e0) = 1 <0.000135>
[pid 317] 14:58:41.728983 libssl.so.3->EVP_DigestSign(0x5ed7f11d3210, 0x5ed7f11e34c0, 0x7ffe217776d0, 0x7ffe217776e0) = 1 <0.000536>
[pid 317] 14:58:41.729898 <... SSL_connect resumed> ) = 1 <0.018144>
Handshake duration: 18.38 ms
[pid 317] 14:58:41.732434 +++ exited (status 0) +++
Execution 60 - TLS Mutual
s_connection: verify depth is 1
[pid 319] 14:58:41.789304 openssl->SSL_connect(0x5f0f66b99890, 0x5f0f66b6be50, 0x5f0f66b6be50, 0x723228ca2360 <unfinished ...>
[pid 319] 14:58:41.789794 libssl.so.3->EVP_PKEY_keygen_init(0x5f0f66b6d580, 0, 176, 0x5f0f66b6d580) = 1 <0.000224>
[pid 319] 14:58:41.790084 libssl.so.3->EVP_PKEY_keygen(0x5f0f66b6d580, 0x7ffc00258c40, 0, 103) = 1 <0.002775>
[pid 319] 14:58:41.799251 libssl.so.3->EVP_PKEY_derive_init(0x5f0f66b9e2e0, 0, 176, 0x5f0f66b9e2e0) = 1 <0.000197>
[pid 319] 14:58:41.799513 libssl.so.3->EVP_PKEY_derive_set_peer(0x5f0f66b9e2e0, 0x5f0f66b9e0c0, 0, 0x5f0f66b98690) = 1 <0.000168>
[pid 319] 14:58:41.799734 libssl.so.3->EVP_PKEY_derive(0x5f0f66b9e2e0, 0, 0x7ffc00258c00, 7) = 1 <0.000112>
[pid 319] 14:58:41.799888 libssl.so.3->EVP_PKEY_derive(0x5f0f66b9e2e0, 0x5f0f66b93ce0, 0x7ffc00258c00, 6) = 1 <0.002922>
[pid 319] 14:58:41.803594 libssl.so.3->X509_verify_cert(0x5f0f66b91b60, 0, 0x8000, 0xffffffff) = 1 <0.000596>
[pid 319] 14:58:41.804408 libssl.so.3->EVP_DigestVerifyInit_ex(0x5f0f66b94830, 0x7ffc00258ca8, 0, 0) = 1 <0.000169>
[pid 319] 14:58:41.804627 libssl.so.3->EVP_DigestVerify(0x5f0f66b94830, 0x5f0f66ba03f8, 4627, 0x7ffc00258cb0) = 1 <0.000219>
[pid 319] 14:58:41.805105 libssl.so.3->X509_verify_cert(0x5f0f66b91b60, 1, 1, 0) = 1 <0.000284>
[pid 319] 14:58:41.805808 libssl.so.3->EVP_DigestSignInit_ex(0x5f0f66b94210, 0x7ffc00258c90, 0, 0) = 1 <0.000171>
[pid 319] 14:58:41.806038 libssl.so.3->EVP_DigestSign(0x5f0f66b94210, 0, 0x7ffc00258ca0, 0x7ffc00258cb0) = 1 <0.000115>
[pid 319] 14:58:41.806194 libssl.so.3->EVP_DigestSign(0x5f0f66b94210, 0x5f0f66ba44c0, 0x7ffc00258ca0, 0x7ffc00258cb0) = 1 <0.000415>
[pid 319] 14:58:41.806889 <... SSL_connect resumed> ) = 1 <0.017593>
Handshake duration: 17.77 ms
[pid 319] 14:58:41.809002 +++ exited (status 0) +++
Execution 61 - TLS Mutual
s_connection: verify depth is 1
[pid 321] 14:58:41.866856 openssl->SSL_connect(0x6049776c4890, 0x604977696e50, 0x604977696e50, 0x7d5425add360 <unfinished ...>
[pid 321] 14:58:41.867336 libssl.so.3->EVP_PKEY_keygen_init(0x604977698580, 0, 176, 0x604977698580) = 1 <0.000285>
[pid 321] 14:58:41.867855 libssl.so.3->EVP_PKEY_keygen(0x604977698580, 0x7ffc8bd70160, 0, 103) = 1 <0.004413>
[pid 321] 14:58:41.881044 libssl.so.3->EVP_PKEY_derive_init(0x6049776c92e0, 0, 176, 0x6049776c92e0) = 1 <0.000279>
[pid 321] 14:58:41.881373 libssl.so.3->EVP_PKEY_derive_set_peer(0x6049776c92e0, 0x6049776c90c0, 0, 0x6049776c3690) = 1 <0.000181>
[pid 321] 14:58:41.881601 libssl.so.3->EVP_PKEY_derive(0x6049776c92e0, 0, 0x7ffc8bd70120, 7) = 1 <0.000114>
[pid 321] 14:58:41.881759 libssl.so.3->EVP_PKEY_derive(0x6049776c92e0, 0x6049776bece0, 0x7ffc8bd70120, 6) = 1 <0.002639>
[pid 321] 14:58:41.885164 libssl.so.3->X509_verify_cert(0x6049776bcb60, 0, 0x8000, 0xffffffff) = 1 <0.000576>
[pid 321] 14:58:41.886012 libssl.so.3->EVP_DigestVerifyInit_ex(0x6049776bf830, 0x7ffc8bd701c8, 0, 0) = 1 <0.000544>
[pid 321] 14:58:41.887691 libssl.so.3->EVP_DigestVerify(0x6049776bf830, 0x6049776cb3f8, 4627, 0x7ffc8bd701d0) = 1 <0.000519>
[pid 321] 14:58:41.888582 libssl.so.3->X509_verify_cert(0x6049776bcb60, 1, 1, 0) = 1 <0.000336>
[pid 321] 14:58:41.889287 libssl.so.3->EVP_DigestSignInit_ex(0x6049776bf210, 0x7ffc8bd701b0, 0, 0) = 1 <0.000162>
[pid 321] 14:58:41.889524 libssl.so.3->EVP_DigestSign(0x6049776bf210, 0, 0x7ffc8bd701c0, 0x7ffc8bd701d0) = 1 <0.000133>
[pid 321] 14:58:41.889704 libssl.so.3->EVP_DigestSign(0x6049776bf210, 0x6049776cf4c0, 0x7ffc8bd701c0, 0x7ffc8bd701d0) = 1 <0.000344>
[pid 321] 14:58:41.890317 <... SSL_connect resumed> ) = 1 <0.023468>
Handshake duration: 23.65 ms
[pid 321] 14:58:41.892878 +++ exited (status 0) +++
Execution 62 - TLS Mutual
s_connection: verify depth is 1
[pid 323] 14:58:41.950497 openssl->SSL_connect(0x651d29691890, 0x651d29663e50, 0x651d29663e50, 0x7d9b9e951360 <unfinished ...>
[pid 323] 14:58:41.950951 libssl.so.3->EVP_PKEY_keygen_init(0x651d29665580, 0, 176, 0x651d29665580) = 1 <0.000181>
[pid 323] 14:58:41.951216 libssl.so.3->EVP_PKEY_keygen(0x651d29665580, 0x7ffc90125120, 0, 103) = 1 <0.002903>
[pid 323] 14:58:41.960795 libssl.so.3->EVP_PKEY_derive_init(0x651d296962e0, 0, 176, 0x651d296962e0) = 1 <0.000196>
[pid 323] 14:58:41.961052 libssl.so.3->EVP_PKEY_derive_set_peer(0x651d296962e0, 0x651d296960c0, 0, 0x651d29690690) = 1 <0.000154>
[pid 323] 14:58:41.961256 libssl.so.3->EVP_PKEY_derive(0x651d296962e0, 0, 0x7ffc901250e0, 7) = 1 <0.000123>
[pid 323] 14:58:41.961432 libssl.so.3->EVP_PKEY_derive(0x651d296962e0, 0x651d2968bce0, 0x7ffc901250e0, 6) = 1 <0.002748>
[pid 323] 14:58:41.964944 libssl.so.3->X509_verify_cert(0x651d29689b60, 0, 0x8000, 0xffffffff) = 1 <0.000627>
[pid 323] 14:58:41.965784 libssl.so.3->EVP_DigestVerifyInit_ex(0x651d2968c830, 0x7ffc90125188, 0, 0) = 1 <0.000138>
[pid 323] 14:58:41.965981 libssl.so.3->EVP_DigestVerify(0x651d2968c830, 0x651d296983f8, 4627, 0x7ffc90125190) = 1 <0.000243>
[pid 323] 14:58:41.966522 libssl.so.3->X509_verify_cert(0x651d29689b60, 1, 1, 0) = 1 <0.000294>
[pid 323] 14:58:41.967563 libssl.so.3->EVP_DigestSignInit_ex(0x651d2968c210, 0x7ffc90125170, 0, 0) = 1 <0.000177>
[pid 323] 14:58:41.967783 libssl.so.3->EVP_DigestSign(0x651d2968c210, 0, 0x7ffc90125180, 0x7ffc90125190) = 1 <0.000121>
[pid 323] 14:58:41.967948 libssl.so.3->EVP_DigestSign(0x651d2968c210, 0x651d2969c4c0, 0x7ffc90125180, 0x7ffc90125190) = 1 <0.000420>
[pid 323] 14:58:41.968647 <... SSL_connect resumed> ) = 1 <0.018159>
Handshake duration: 18.37 ms
[pid 323] 14:58:41.970973 +++ exited (status 0) +++
Execution 63 - TLS Mutual
s_connection: verify depth is 1
[pid 325] 14:58:42.028669 openssl->SSL_connect(0x5b49420e4890, 0x5b49420b6e50, 0x5b49420b6e50, 0x7055a33b8360 <unfinished ...>
[pid 325] 14:58:42.029075 libssl.so.3->EVP_PKEY_keygen_init(0x5b49420b8580, 0, 176, 0x5b49420b8580) = 1 <0.000141>
[pid 325] 14:58:42.029265 libssl.so.3->EVP_PKEY_keygen(0x5b49420b8580, 0x7ffe5346c780, 0, 103) = 1 <0.002839>
[pid 325] 14:58:42.039041 libssl.so.3->EVP_PKEY_derive_init(0x5b49420e92e0, 0, 176, 0x5b49420e92e0) = 1 <0.000254>
[pid 325] 14:58:42.039361 libssl.so.3->EVP_PKEY_derive_set_peer(0x5b49420e92e0, 0x5b49420e90c0, 0, 0x5b49420e3690) = 1 <0.000204>
[pid 325] 14:58:42.039634 libssl.so.3->EVP_PKEY_derive(0x5b49420e92e0, 0, 0x7ffe5346c740, 7) = 1 <0.000181>
[pid 325] 14:58:42.039864 libssl.so.3->EVP_PKEY_derive(0x5b49420e92e0, 0x5b49420dece0, 0x7ffe5346c740, 6) = 1 <0.002999>
[pid 325] 14:58:42.043738 libssl.so.3->X509_verify_cert(0x5b49420dcb60, 0, 0x8000, 0xffffffff) = 1 <0.000652>
[pid 325] 14:58:42.044652 libssl.so.3->EVP_DigestVerifyInit_ex(0x5b49420df830, 0x7ffe5346c7e8, 0, 0) = 1 <0.000154>
[pid 325] 14:58:42.044854 libssl.so.3->EVP_DigestVerify(0x5b49420df830, 0x5b49420eb3f8, 4627, 0x7ffe5346c7f0) = 1 <0.000267>
[pid 325] 14:58:42.045346 libssl.so.3->X509_verify_cert(0x5b49420dcb60, 1, 1, 0) = 1 <0.000309>
[pid 325] 14:58:42.046084 libssl.so.3->EVP_DigestSignInit_ex(0x5b49420df210, 0x7ffe5346c7d0, 0, 0) = 1 <0.000272>
[pid 325] 14:58:42.046430 libssl.so.3->EVP_DigestSign(0x5b49420df210, 0, 0x7ffe5346c7e0, 0x7ffe5346c7f0) = 1 <0.000148>
[pid 325] 14:58:42.046622 libssl.so.3->EVP_DigestSign(0x5b49420df210, 0x5b49420ef4c0, 0x7ffe5346c7e0, 0x7ffe5346c7f0) = 1 <0.000494>
[pid 325] 14:58:42.047385 <... SSL_connect resumed> ) = 1 <0.018733>
Handshake duration: 18.95 ms
[pid 325] 14:58:42.049783 +++ exited (status 0) +++
Execution 64 - TLS Mutual
s_connection: verify depth is 1
[pid 327] 14:58:42.106341 openssl->SSL_connect(0x5b35adc5e890, 0x5b35adc30e50, 0x5b35adc30e50, 0x7bff36141360 <unfinished ...>
[pid 327] 14:58:42.106808 libssl.so.3->EVP_PKEY_keygen_init(0x5b35adc32580, 0, 176, 0x5b35adc32580) = 1 <0.000177>
[pid 327] 14:58:42.107038 libssl.so.3->EVP_PKEY_keygen(0x5b35adc32580, 0x7ffefa52d9c0, 0, 103) = 1 <0.002883>
[pid 327] 14:58:42.116728 libssl.so.3->EVP_PKEY_derive_init(0x5b35adc632e0, 0, 176, 0x5b35adc632e0) = 1 <0.000260>
[pid 327] 14:58:42.117049 libssl.so.3->EVP_PKEY_derive_set_peer(0x5b35adc632e0, 0x5b35adc630c0, 0, 0x5b35adc5d690) = 1 <0.000133>
[pid 327] 14:58:42.117231 libssl.so.3->EVP_PKEY_derive(0x5b35adc632e0, 0, 0x7ffefa52d980, 7) = 1 <0.000125>
[pid 327] 14:58:42.117404 libssl.so.3->EVP_PKEY_derive(0x5b35adc632e0, 0x5b35adc58ce0, 0x7ffefa52d980, 6) = 1 <0.002945>
[pid 327] 14:58:42.121139 libssl.so.3->X509_verify_cert(0x5b35adc56b60, 0, 0x8000, 0xffffffff) = 1 <0.000581>
[pid 327] 14:58:42.121940 libssl.so.3->EVP_DigestVerifyInit_ex(0x5b35adc59830, 0x7ffefa52da28, 0, 0) = 1 <0.000128>
[pid 327] 14:58:42.122112 libssl.so.3->EVP_DigestVerify(0x5b35adc59830, 0x5b35adc653f8, 4627, 0x7ffefa52da30) = 1 <0.000230>
[pid 327] 14:58:42.122565 libssl.so.3->X509_verify_cert(0x5b35adc56b60, 1, 1, 0) = 1 <0.000262>
[pid 327] 14:58:42.123148 libssl.so.3->EVP_DigestSignInit_ex(0x5b35adc59210, 0x7ffefa52da10, 0, 0) = 1 <0.000144>
[pid 327] 14:58:42.123377 libssl.so.3->EVP_DigestSign(0x5b35adc59210, 0, 0x7ffefa52da20, 0x7ffefa52da30) = 1 <0.000180>
[pid 327] 14:58:42.123635 libssl.so.3->EVP_DigestSign(0x5b35adc59210, 0x5b35adc694c0, 0x7ffefa52da20, 0x7ffefa52da30) = 1 <0.000515>
[pid 327] 14:58:42.124407 <... SSL_connect resumed> ) = 1 <0.018073>
Handshake duration: 18.26 ms
[pid 327] 14:58:42.128591 +++ exited (status 0) +++
Execution 65 - TLS Mutual
s_connection: verify depth is 1
[pid 329] 14:58:42.187484 openssl->SSL_connect(0x55d72fd76890, 0x55d72fd48e50, 0x55d72fd48e50, 0x750fbb457360 <unfinished ...>
[pid 329] 14:58:42.187964 libssl.so.3->EVP_PKEY_keygen_init(0x55d72fd4a580, 0, 176, 0x55d72fd4a580) = 1 <0.000213>
[pid 329] 14:58:42.188227 libssl.so.3->EVP_PKEY_keygen(0x55d72fd4a580, 0x7ffdcc7bf2f0, 0, 103) = 1 <0.003280>
[pid 329] 14:58:42.198608 libssl.so.3->EVP_PKEY_derive_init(0x55d72fd7b2e0, 0, 176, 0x55d72fd7b2e0) = 1 <0.000313>
[pid 329] 14:58:42.198972 libssl.so.3->EVP_PKEY_derive_set_peer(0x55d72fd7b2e0, 0x55d72fd7b0c0, 0, 0x55d72fd75690) = 1 <0.000140>
[pid 329] 14:58:42.199157 libssl.so.3->EVP_PKEY_derive(0x55d72fd7b2e0, 0, 0x7ffdcc7bf2b0, 7) = 1 <0.000138>
[pid 329] 14:58:42.199353 libssl.so.3->EVP_PKEY_derive(0x55d72fd7b2e0, 0x55d72fd70ce0, 0x7ffdcc7bf2b0, 6) = 1 <0.002741>
[pid 329] 14:58:42.203036 libssl.so.3->X509_verify_cert(0x55d72fd6eb60, 0, 0x8000, 0xffffffff) = 1 <0.000654>
[pid 329] 14:58:42.203944 libssl.so.3->EVP_DigestVerifyInit_ex(0x55d72fd71830, 0x7ffdcc7bf358, 0, 0) = 1 <0.000149>
[pid 329] 14:58:42.204137 libssl.so.3->EVP_DigestVerify(0x55d72fd71830, 0x55d72fd7d3f8, 4627, 0x7ffdcc7bf360) = 1 <0.000259>
[pid 329] 14:58:42.204630 libssl.so.3->X509_verify_cert(0x55d72fd6eb60, 1, 1, 0) = 1 <0.000259>
[pid 329] 14:58:42.205227 libssl.so.3->EVP_DigestSignInit_ex(0x55d72fd71210, 0x7ffdcc7bf340, 0, 0) = 1 <0.000550>
[pid 329] 14:58:42.205828 libssl.so.3->EVP_DigestSign(0x55d72fd71210, 0, 0x7ffdcc7bf350, 0x7ffdcc7bf360) = 1 <0.000120>
[pid 329] 14:58:42.205987 libssl.so.3->EVP_DigestSign(0x55d72fd71210, 0x55d72fd814c0, 0x7ffdcc7bf350, 0x7ffdcc7bf360) = 1 <0.000380>
[pid 329] 14:58:42.206790 <... SSL_connect resumed> ) = 1 <0.019296>
Handshake duration: 19.93 ms
[pid 329] 14:58:42.210028 +++ exited (status 0) +++
Execution 66 - TLS Mutual
s_connection: verify depth is 1
[pid 331] 14:58:42.268949 openssl->SSL_connect(0x599b4d9c4890, 0x599b4d996e50, 0x599b4d996e50, 0x7734557b7360 <unfinished ...>
[pid 331] 14:58:42.269549 libssl.so.3->EVP_PKEY_keygen_init(0x599b4d998580, 0, 176, 0x599b4d998580) = 1 <0.000200>
[pid 331] 14:58:42.269806 libssl.so.3->EVP_PKEY_keygen(0x599b4d998580, 0x7ffdd61fc110, 0, 103) = 1 <0.004861>
[pid 331] 14:58:42.281199 libssl.so.3->EVP_PKEY_derive_init(0x599b4d9c92e0, 0, 176, 0x599b4d9c92e0) = 1 <0.000200>
[pid 331] 14:58:42.281464 libssl.so.3->EVP_PKEY_derive_set_peer(0x599b4d9c92e0, 0x599b4d9c90c0, 0, 0x599b4d9c3690) = 1 <0.000152>
[pid 331] 14:58:42.281651 libssl.so.3->EVP_PKEY_derive(0x599b4d9c92e0, 0, 0x7ffdd61fc0d0, 7) = 1 <0.000128>
[pid 331] 14:58:42.281817 libssl.so.3->EVP_PKEY_derive(0x599b4d9c92e0, 0x599b4d9bece0, 0x7ffdd61fc0d0, 6) = 1 <0.004599>
[pid 331] 14:58:42.287290 libssl.so.3->X509_verify_cert(0x599b4d9bcb60, 0, 0x8000, 0xffffffff) = 1 <0.000684>
[pid 331] 14:58:42.288277 libssl.so.3->EVP_DigestVerifyInit_ex(0x599b4d9bf830, 0x7ffdd61fc178, 0, 0) = 1 <0.000237>
[pid 331] 14:58:42.288579 libssl.so.3->EVP_DigestVerify(0x599b4d9bf830, 0x599b4d9cb3f8, 4627, 0x7ffdd61fc180) = 1 <0.000299>
[pid 331] 14:58:42.289155 libssl.so.3->X509_verify_cert(0x599b4d9bcb60, 1, 1, 0) = 1 <0.000397>
[pid 331] 14:58:42.289973 libssl.so.3->EVP_DigestSignInit_ex(0x599b4d9bf210, 0x7ffdd61fc160, 0, 0) = 1 <0.000203>
[pid 331] 14:58:42.290231 libssl.so.3->EVP_DigestSign(0x599b4d9bf210, 0, 0x7ffdd61fc170, 0x7ffdd61fc180) = 1 <0.000127>
[pid 331] 14:58:42.290407 libssl.so.3->EVP_DigestSign(0x599b4d9bf210, 0x599b4d9cf4c0, 0x7ffdd61fc170, 0x7ffdd61fc180) = 1 <0.000397>
[pid 331] 14:58:42.291170 <... SSL_connect resumed> ) = 1 <0.022215>
Handshake duration: 22.46 ms
[pid 331] 14:58:42.293631 +++ exited (status 0) +++
Execution 67 - TLS Mutual
s_connection: verify depth is 1
[pid 333] 14:58:42.350768 openssl->SSL_connect(0x5ad69f6da890, 0x5ad69f6ace50, 0x5ad69f6ace50, 0x7aca1480d360 <unfinished ...>
[pid 333] 14:58:42.351416 libssl.so.3->EVP_PKEY_keygen_init(0x5ad69f6ae580, 0, 176, 0x5ad69f6ae580) = 1 <0.000251>
[pid 333] 14:58:42.351761 libssl.so.3->EVP_PKEY_keygen(0x5ad69f6ae580, 0x7ffc6fe1b490, 0, 103) = 1 <0.003087>
[pid 333] 14:58:42.361644 libssl.so.3->EVP_PKEY_derive_init(0x5ad69f6df2e0, 0, 176, 0x5ad69f6df2e0) = 1 <0.000239>
[pid 333] 14:58:42.361934 libssl.so.3->EVP_PKEY_derive_set_peer(0x5ad69f6df2e0, 0x5ad69f6df0c0, 0, 0x5ad69f6d9690) = 1 <0.000150>
[pid 333] 14:58:42.362134 libssl.so.3->EVP_PKEY_derive(0x5ad69f6df2e0, 0, 0x7ffc6fe1b450, 7) = 1 <0.000215>
[pid 333] 14:58:42.362402 libssl.so.3->EVP_PKEY_derive(0x5ad69f6df2e0, 0x5ad69f6d4ce0, 0x7ffc6fe1b450, 6) = 1 <0.002956>
[pid 333] 14:58:42.366155 libssl.so.3->X509_verify_cert(0x5ad69f6d2b60, 0, 0x8000, 0xffffffff) = 1 <0.000612>
[pid 333] 14:58:42.367031 libssl.so.3->EVP_DigestVerifyInit_ex(0x5ad69f6d5830, 0x7ffc6fe1b4f8, 0, 0) = 1 <0.000150>
[pid 333] 14:58:42.367223 libssl.so.3->EVP_DigestVerify(0x5ad69f6d5830, 0x5ad69f6e13f8, 4627, 0x7ffc6fe1b500) = 1 <0.000260>
[pid 333] 14:58:42.367695 libssl.so.3->X509_verify_cert(0x5ad69f6d2b60, 1, 1, 0) = 1 <0.000271>
[pid 333] 14:58:42.368315 libssl.so.3->EVP_DigestSignInit_ex(0x5ad69f6d5210, 0x7ffc6fe1b4e0, 0, 0) = 1 <0.000165>
[pid 333] 14:58:42.368524 libssl.so.3->EVP_DigestSign(0x5ad69f6d5210, 0, 0x7ffc6fe1b4f0, 0x7ffc6fe1b500) = 1 <0.000114>
[pid 333] 14:58:42.368682 libssl.so.3->EVP_DigestSign(0x5ad69f6d5210, 0x5ad69f6e54c0, 0x7ffc6fe1b4f0, 0x7ffc6fe1b500) = 1 <0.000373>
[pid 333] 14:58:42.369343 <... SSL_connect resumed> ) = 1 <0.018602>
Handshake duration: 18.79 ms
[pid 333] 14:58:42.371937 +++ exited (status 0) +++
Execution 68 - TLS Mutual
s_connection: verify depth is 1
[pid 335] 14:58:42.433760 openssl->SSL_connect(0x60ae4789f890, 0x60ae47871e50, 0x60ae47871e50, 0x7b480db50360 <unfinished ...>
[pid 335] 14:58:42.434210 libssl.so.3->EVP_PKEY_keygen_init(0x60ae47873580, 0, 176, 0x60ae47873580) = 1 <0.000223>
[pid 335] 14:58:42.434507 libssl.so.3->EVP_PKEY_keygen(0x60ae47873580, 0x7ffca3ac9590, 0, 103) = 1 <0.002847>
[pid 335] 14:58:42.443888 libssl.so.3->EVP_PKEY_derive_init(0x60ae478a42e0, 0, 176, 0x60ae478a42e0) = 1 <0.000194>
[pid 335] 14:58:42.444128 libssl.so.3->EVP_PKEY_derive_set_peer(0x60ae478a42e0, 0x60ae478a40c0, 0, 0x60ae4789e690) = 1 <0.000147>
[pid 335] 14:58:42.444317 libssl.so.3->EVP_PKEY_derive(0x60ae478a42e0, 0, 0x7ffca3ac9550, 7) = 1 <0.000113>
[pid 335] 14:58:42.444496 libssl.so.3->EVP_PKEY_derive(0x60ae478a42e0, 0x60ae47899ce0, 0x7ffca3ac9550, 6) = 1 <0.002748>
[pid 335] 14:58:42.447997 libssl.so.3->X509_verify_cert(0x60ae47897b60, 0, 0x8000, 0xffffffff) = 1 <0.000596>
[pid 335] 14:58:42.448818 libssl.so.3->EVP_DigestVerifyInit_ex(0x60ae4789a830, 0x7ffca3ac95f8, 0, 0) = 1 <0.000147>
[pid 335] 14:58:42.449011 libssl.so.3->EVP_DigestVerify(0x60ae4789a830, 0x60ae478a63f8, 4627, 0x7ffca3ac9600) = 1 <0.000238>
[pid 335] 14:58:42.449476 libssl.so.3->X509_verify_cert(0x60ae47897b60, 1, 1, 0) = 1 <0.000274>
[pid 335] 14:58:42.450059 libssl.so.3->EVP_DigestSignInit_ex(0x60ae4789a210, 0x7ffca3ac95e0, 0, 0) = 1 <0.000173>
[pid 335] 14:58:42.450279 libssl.so.3->EVP_DigestSign(0x60ae4789a210, 0, 0x7ffca3ac95f0, 0x7ffca3ac9600) = 1 <0.000151>
[pid 335] 14:58:42.450485 libssl.so.3->EVP_DigestSign(0x60ae4789a210, 0x60ae478aa4c0, 0x7ffca3ac95f0, 0x7ffca3ac9600) = 1 <0.000380>
[pid 335] 14:58:42.451128 <... SSL_connect resumed> ) = 1 <0.017381>
Handshake duration: 17.55 ms
[pid 335] 14:58:42.453341 +++ exited (status 0) +++
Execution 69 - TLS Mutual
s_connection: verify depth is 1
[pid 337] 14:58:42.513079 openssl->SSL_connect(0x62a01eec4890, 0x62a01ee96e50, 0x62a01ee96e50, 0x7e9894d33360 <unfinished ...>
[pid 337] 14:58:42.513722 libssl.so.3->EVP_PKEY_keygen_init(0x62a01ee98580, 0, 176, 0x62a01ee98580) = 1 <0.000301>
[pid 337] 14:58:42.514161 libssl.so.3->EVP_PKEY_keygen(0x62a01ee98580, 0x7ffd44eb5790, 0, 103) = 1 <0.003005>
[pid 337] 14:58:42.524142 libssl.so.3->EVP_PKEY_derive_init(0x62a01eec92e0, 0, 176, 0x62a01eec92e0) = 1 <0.000254>
[pid 337] 14:58:42.524469 libssl.so.3->EVP_PKEY_derive_set_peer(0x62a01eec92e0, 0x62a01eec90c0, 0, 0x62a01eec3690) = 1 <0.000194>
[pid 337] 14:58:42.524700 libssl.so.3->EVP_PKEY_derive(0x62a01eec92e0, 0, 0x7ffd44eb5750, 7) = 1 <0.000165>
[pid 337] 14:58:42.524920 libssl.so.3->EVP_PKEY_derive(0x62a01eec92e0, 0x62a01eebece0, 0x7ffd44eb5750, 6) = 1 <0.002706>
[pid 337] 14:58:42.528453 libssl.so.3->X509_verify_cert(0x62a01eebcb60, 0, 0x8000, 0xffffffff) = 1 <0.000617>
[pid 337] 14:58:42.529374 libssl.so.3->EVP_DigestVerifyInit_ex(0x62a01eebf830, 0x7ffd44eb57f8, 0, 0) = 1 <0.000200>
[pid 337] 14:58:42.529625 libssl.so.3->EVP_DigestVerify(0x62a01eebf830, 0x62a01eecb3f8, 4627, 0x7ffd44eb5800) = 1 <0.000257>
[pid 337] 14:58:42.530114 libssl.so.3->X509_verify_cert(0x62a01eebcb60, 1, 1, 0) = 1 <0.000287>
[pid 337] 14:58:42.530782 libssl.so.3->EVP_DigestSignInit_ex(0x62a01eebf210, 0x7ffd44eb57e0, 0, 0) = 1 <0.000175>
[pid 337] 14:58:42.531020 libssl.so.3->EVP_DigestSign(0x62a01eebf210, 0, 0x7ffd44eb57f0, 0x7ffd44eb5800) = 1 <0.000154>
[pid 337] 14:58:42.531225 libssl.so.3->EVP_DigestSign(0x62a01eebf210, 0x62a01eecf4c0, 0x7ffd44eb57f0, 0x7ffd44eb5800) = 1 <0.000449>
[pid 337] 14:58:42.531993 <... SSL_connect resumed> ) = 1 <0.018927>
Handshake duration: 19.15 ms
[pid 337] 14:58:42.535020 +++ exited (status 0) +++
Execution 70 - TLS Mutual
s_connection: verify depth is 1
[pid 339] 14:58:42.601072 openssl->SSL_connect(0x5ba7e6182890, 0x5ba7e6154e50, 0x5ba7e6154e50, 0x75c43df01360 <unfinished ...>
[pid 339] 14:58:42.601653 libssl.so.3->EVP_PKEY_keygen_init(0x5ba7e6156580, 0, 176, 0x5ba7e6156580) = 1 <0.000586>
[pid 339] 14:58:42.602294 libssl.so.3->EVP_PKEY_keygen(0x5ba7e6156580, 0x7ffe679f11d0, 0, 103) = 1 <0.002790>
[pid 339] 14:58:42.611975 libssl.so.3->EVP_PKEY_derive_init(0x5ba7e61872e0, 0, 176, 0x5ba7e61872e0) = 1 <0.000169>
[pid 339] 14:58:42.612192 libssl.so.3->EVP_PKEY_derive_set_peer(0x5ba7e61872e0, 0x5ba7e61870c0, 0, 0x5ba7e6181690) = 1 <0.000141>
[pid 339] 14:58:42.612390 libssl.so.3->EVP_PKEY_derive(0x5ba7e61872e0, 0, 0x7ffe679f1190, 7) = 1 <0.000141>
[pid 339] 14:58:42.612587 libssl.so.3->EVP_PKEY_derive(0x5ba7e61872e0, 0x5ba7e617cce0, 0x7ffe679f1190, 6) = 1 <0.002667>
[pid 339] 14:58:42.615980 libssl.so.3->X509_verify_cert(0x5ba7e617ab60, 0, 0x8000, 0xffffffff) = 1 <0.000622>
[pid 339] 14:58:42.616838 libssl.so.3->EVP_DigestVerifyInit_ex(0x5ba7e617d830, 0x7ffe679f1238, 0, 0) = 1 <0.000201>
[pid 339] 14:58:42.617112 libssl.so.3->EVP_DigestVerify(0x5ba7e617d830, 0x5ba7e61893f8, 4627, 0x7ffe679f1240) = 1 <0.000293>
[pid 339] 14:58:42.617669 libssl.so.3->X509_verify_cert(0x5ba7e617ab60, 1, 1, 0) = 1 <0.000400>
[pid 339] 14:58:42.618554 libssl.so.3->EVP_DigestSignInit_ex(0x5ba7e617d210, 0x7ffe679f1220, 0, 0) = 1 <0.000185>
[pid 339] 14:58:42.618784 libssl.so.3->EVP_DigestSign(0x5ba7e617d210, 0, 0x7ffe679f1230, 0x7ffe679f1240) = 1 <0.000122>
[pid 339] 14:58:42.618951 libssl.so.3->EVP_DigestSign(0x5ba7e617d210, 0x5ba7e618d4c0, 0x7ffe679f1230, 0x7ffe679f1240) = 1 <0.000718>
[pid 339] 14:58:42.620039 <... SSL_connect resumed> ) = 1 <0.018964>
Handshake duration: 19.61 ms
[pid 339] 14:58:42.623231 +++ exited (status 0) +++
Execution 71 - TLS Mutual
s_connection: verify depth is 1
[pid 341] 14:58:42.680435 openssl->SSL_connect(0x5dbc7ddfa890, 0x5dbc7ddcce50, 0x5dbc7ddcce50, 0x7d7f51ba3360 <unfinished ...>
[pid 341] 14:58:42.680859 libssl.so.3->EVP_PKEY_keygen_init(0x5dbc7ddce580, 0, 176, 0x5dbc7ddce580) = 1 <0.000141>
[pid 341] 14:58:42.681050 libssl.so.3->EVP_PKEY_keygen(0x5dbc7ddce580, 0x7ffe52c95ba0, 0, 103) = 1 <0.002855>
[pid 341] 14:58:42.690586 libssl.so.3->EVP_PKEY_derive_init(0x5dbc7ddff2e0, 0, 176, 0x5dbc7ddff2e0) = 1 <0.000156>
[pid 341] 14:58:42.690784 libssl.so.3->EVP_PKEY_derive_set_peer(0x5dbc7ddff2e0, 0x5dbc7ddff0c0, 0, 0x5dbc7ddf9690) = 1 <0.000131>
[pid 341] 14:58:42.690959 libssl.so.3->EVP_PKEY_derive(0x5dbc7ddff2e0, 0, 0x7ffe52c95b60, 7) = 1 <0.000111>
[pid 341] 14:58:42.691121 libssl.so.3->EVP_PKEY_derive(0x5dbc7ddff2e0, 0x5dbc7ddf4ce0, 0x7ffe52c95b60, 6) = 1 <0.002924>
[pid 341] 14:58:42.694805 libssl.so.3->X509_verify_cert(0x5dbc7ddf2b60, 0, 0x8000, 0xffffffff) = 1 <0.000540>
[pid 341] 14:58:42.695576 libssl.so.3->EVP_DigestVerifyInit_ex(0x5dbc7ddf5830, 0x7ffe52c95c08, 0, 0) = 1 <0.000175>
[pid 341] 14:58:42.695802 libssl.so.3->EVP_DigestVerify(0x5dbc7ddf5830, 0x5dbc7de013f8, 4627, 0x7ffe52c95c10) = 1 <0.000283>
[pid 341] 14:58:42.696303 libssl.so.3->X509_verify_cert(0x5dbc7ddf2b60, 1, 1, 0) = 1 <0.000298>
[pid 341] 14:58:42.696928 libssl.so.3->EVP_DigestSignInit_ex(0x5dbc7ddf5210, 0x7ffe52c95bf0, 0, 0) = 1 <0.000132>
[pid 341] 14:58:42.697104 libssl.so.3->EVP_DigestSign(0x5dbc7ddf5210, 0, 0x7ffe52c95c00, 0x7ffe52c95c10) = 1 <0.000123>
[pid 341] 14:58:42.697268 libssl.so.3->EVP_DigestSign(0x5dbc7ddf5210, 0x5dbc7de054c0, 0x7ffe52c95c00, 0x7ffe52c95c10) = 1 <0.000345>
[pid 341] 14:58:42.697860 <... SSL_connect resumed> ) = 1 <0.017434>
Handshake duration: 17.63 ms
[pid 341] 14:58:42.700023 +++ exited (status 0) +++
Execution 72 - TLS Mutual
s_connection: verify depth is 1
[pid 343] 14:58:42.755864 openssl->SSL_connect(0x5e4b1f7ed890, 0x5e4b1f7bfe50, 0x5e4b1f7bfe50, 0x748941c6f360 <unfinished ...>
[pid 343] 14:58:42.756268 libssl.so.3->EVP_PKEY_keygen_init(0x5e4b1f7c1580, 0, 176, 0x5e4b1f7c1580) = 1 <0.000149>
[pid 343] 14:58:42.756478 libssl.so.3->EVP_PKEY_keygen(0x5e4b1f7c1580, 0x7ffd3425acf0, 0, 103) = 1 <0.002801>
[pid 343] 14:58:42.766294 libssl.so.3->EVP_PKEY_derive_init(0x5e4b1f7f22e0, 0, 176, 0x5e4b1f7f22e0) = 1 <0.000186>
[pid 343] 14:58:42.766531 libssl.so.3->EVP_PKEY_derive_set_peer(0x5e4b1f7f22e0, 0x5e4b1f7f20c0, 0, 0x5e4b1f7ec690) = 1 <0.000139>
[pid 343] 14:58:42.766714 libssl.so.3->EVP_PKEY_derive(0x5e4b1f7f22e0, 0, 0x7ffd3425acb0, 7) = 1 <0.000110>
[pid 343] 14:58:42.766866 libssl.so.3->EVP_PKEY_derive(0x5e4b1f7f22e0, 0x5e4b1f7e7ce0, 0x7ffd3425acb0, 6) = 1 <0.002725>
[pid 343] 14:58:42.770312 libssl.so.3->X509_verify_cert(0x5e4b1f7e5b60, 0, 0x8000, 0xffffffff) = 1 <0.000525>
[pid 343] 14:58:42.771041 libssl.so.3->EVP_DigestVerifyInit_ex(0x5e4b1f7e8830, 0x7ffd3425ad58, 0, 0) = 1 <0.000124>
[pid 343] 14:58:42.771208 libssl.so.3->EVP_DigestVerify(0x5e4b1f7e8830, 0x5e4b1f7f43f8, 4627, 0x7ffd3425ad60) = 1 <0.000210>
[pid 343] 14:58:42.771631 libssl.so.3->X509_verify_cert(0x5e4b1f7e5b60, 1, 1, 0) = 1 <0.000241>
[pid 343] 14:58:42.772178 libssl.so.3->EVP_DigestSignInit_ex(0x5e4b1f7e8210, 0x7ffd3425ad40, 0, 0) = 1 <0.000123>
[pid 343] 14:58:42.772345 libssl.so.3->EVP_DigestSign(0x5e4b1f7e8210, 0, 0x7ffd3425ad50, 0x7ffd3425ad60) = 1 <0.000163>
[pid 343] 14:58:42.772551 libssl.so.3->EVP_DigestSign(0x5e4b1f7e8210, 0x5e4b1f7f84c0, 0x7ffd3425ad50, 0x7ffd3425ad60) = 1 <0.000508>
[pid 343] 14:58:42.773395 <... SSL_connect resumed> ) = 1 <0.017535>
Handshake duration: 17.72 ms
[pid 343] 14:58:42.775617 +++ exited (status 0) +++
Execution 73 - TLS Mutual
s_connection: verify depth is 1
[pid 345] 14:58:42.832519 openssl->SSL_connect(0x6391cf3ee890, 0x6391cf3c0e50, 0x6391cf3c0e50, 0x7b6be9790360 <unfinished ...>
[pid 345] 14:58:42.832908 libssl.so.3->EVP_PKEY_keygen_init(0x6391cf3c2580, 0, 176, 0x6391cf3c2580) = 1 <0.000153>
[pid 345] 14:58:42.833117 libssl.so.3->EVP_PKEY_keygen(0x6391cf3c2580, 0x7ffe19ff6f90, 0, 103) = 1 <0.002860>
[pid 345] 14:58:42.843023 libssl.so.3->EVP_PKEY_derive_init(0x6391cf3f32e0, 0, 176, 0x6391cf3f32e0) = 1 <0.000172>
[pid 345] 14:58:42.843378 libssl.so.3->EVP_PKEY_derive_set_peer(0x6391cf3f32e0, 0x6391cf3f30c0, 0, 0x6391cf3ed690) = 1 <0.000147>
[pid 345] 14:58:42.843572 libssl.so.3->EVP_PKEY_derive(0x6391cf3f32e0, 0, 0x7ffe19ff6f50, 7) = 1 <0.000116>
[pid 345] 14:58:42.843731 libssl.so.3->EVP_PKEY_derive(0x6391cf3f32e0, 0x6391cf3e8ce0, 0x7ffe19ff6f50, 6) = 1 <0.002735>
[pid 345] 14:58:42.847173 libssl.so.3->X509_verify_cert(0x6391cf3e6b60, 0, 0x8000, 0xffffffff) = 1 <0.000574>
[pid 345] 14:58:42.847973 libssl.so.3->EVP_DigestVerifyInit_ex(0x6391cf3e9830, 0x7ffe19ff6ff8, 0, 0) = 1 <0.000140>
[pid 345] 14:58:42.848158 libssl.so.3->EVP_DigestVerify(0x6391cf3e9830, 0x6391cf3f53f8, 4627, 0x7ffe19ff7000) = 1 <0.000220>
[pid 345] 14:58:42.848597 libssl.so.3->X509_verify_cert(0x6391cf3e6b60, 1, 1, 0) = 1 <0.000305>
[pid 345] 14:58:42.849253 libssl.so.3->EVP_DigestSignInit_ex(0x6391cf3e9210, 0x7ffe19ff6fe0, 0, 0) = 1 <0.000123>
[pid 345] 14:58:42.849422 libssl.so.3->EVP_DigestSign(0x6391cf3e9210, 0, 0x7ffe19ff6ff0, 0x7ffe19ff7000) = 1 <0.000146>
[pid 345] 14:58:42.849623 libssl.so.3->EVP_DigestSign(0x6391cf3e9210, 0x6391cf3f94c0, 0x7ffe19ff6ff0, 0x7ffe19ff7000) = 1 <0.000357>
[pid 345] 14:58:42.850216 <... SSL_connect resumed> ) = 1 <0.017703>
Handshake duration: 17.88 ms
[pid 345] 14:58:42.852306 +++ exited (status 0) +++
Execution 74 - TLS Mutual
s_connection: verify depth is 1
[pid 347] 14:58:42.908619 openssl->SSL_connect(0x5e8f27511890, 0x5e8f274e3e50, 0x5e8f274e3e50, 0x79e2b3f54360 <unfinished ...>
[pid 347] 14:58:42.909119 libssl.so.3->EVP_PKEY_keygen_init(0x5e8f274e5580, 0, 176, 0x5e8f274e5580) = 1 <0.000235>
[pid 347] 14:58:42.909477 libssl.so.3->EVP_PKEY_keygen(0x5e8f274e5580, 0x7ffe6f52f620, 0, 103) = 1 <0.002917>
[pid 347] 14:58:42.919121 libssl.so.3->EVP_PKEY_derive_init(0x5e8f275162e0, 0, 176, 0x5e8f275162e0) = 1 <0.000259>
[pid 347] 14:58:42.919484 libssl.so.3->EVP_PKEY_derive_set_peer(0x5e8f275162e0, 0x5e8f275160c0, 0, 0x5e8f27510690) = 1 <0.000192>
[pid 347] 14:58:42.919728 libssl.so.3->EVP_PKEY_derive(0x5e8f275162e0, 0, 0x7ffe6f52f5e0, 7) = 1 <0.000154>
[pid 347] 14:58:42.919929 libssl.so.3->EVP_PKEY_derive(0x5e8f275162e0, 0x5e8f2750bce0, 0x7ffe6f52f5e0, 6) = 1 <0.002750>
[pid 347] 14:58:42.923515 libssl.so.3->X509_verify_cert(0x5e8f27509b60, 0, 0x8000, 0xffffffff) = 1 <0.000572>
[pid 347] 14:58:42.924363 libssl.so.3->EVP_DigestVerifyInit_ex(0x5e8f2750c830, 0x7ffe6f52f688, 0, 0) = 1 <0.000157>
[pid 347] 14:58:42.924551 libssl.so.3->EVP_DigestVerify(0x5e8f2750c830, 0x5e8f275183f8, 4627, 0x7ffe6f52f690) = 1 <0.000313>
[pid 347] 14:58:42.925085 libssl.so.3->X509_verify_cert(0x5e8f27509b60, 1, 1, 0) = 1 <0.000300>
[pid 347] 14:58:42.925789 libssl.so.3->EVP_DigestSignInit_ex(0x5e8f2750c210, 0x7ffe6f52f670, 0, 0) = 1 <0.000195>
[pid 347] 14:58:42.926059 libssl.so.3->EVP_DigestSign(0x5e8f2750c210, 0, 0x7ffe6f52f680, 0x7ffe6f52f690) = 1 <0.000178>
[pid 347] 14:58:42.926295 libssl.so.3->EVP_DigestSign(0x5e8f2750c210, 0x5e8f2751c4c0, 0x7ffe6f52f680, 0x7ffe6f52f690) = 1 <0.000454>
[pid 347] 14:58:42.927129 <... SSL_connect resumed> ) = 1 <0.018514>
Handshake duration: 18.75 ms
[pid 347] 14:58:42.929471 +++ exited (status 0) +++
Execution 75 - TLS Mutual
s_connection: verify depth is 1
[pid 349] 14:58:42.986666 openssl->SSL_connect(0x5be1be9e2890, 0x5be1be9b4e50, 0x5be1be9b4e50, 0x7ac8b1cbf360 <unfinished ...>
[pid 349] 14:58:42.987212 libssl.so.3->EVP_PKEY_keygen_init(0x5be1be9b6580, 0, 176, 0x5be1be9b6580) = 1 <0.000215>
[pid 349] 14:58:42.987521 libssl.so.3->EVP_PKEY_keygen(0x5be1be9b6580, 0x7ffcee3f7190, 0, 103) = 1 <0.002826>
[pid 349] 14:58:42.996894 libssl.so.3->EVP_PKEY_derive_init(0x5be1be9e72e0, 0, 176, 0x5be1be9e72e0) = 1 <0.000208>
[pid 349] 14:58:42.997162 libssl.so.3->EVP_PKEY_derive_set_peer(0x5be1be9e72e0, 0x5be1be9e70c0, 0, 0x5be1be9e1690) = 1 <0.000162>
[pid 349] 14:58:42.997369 libssl.so.3->EVP_PKEY_derive(0x5be1be9e72e0, 0, 0x7ffcee3f7150, 7) = 1 <0.000135>
[pid 349] 14:58:42.997548 libssl.so.3->EVP_PKEY_derive(0x5be1be9e72e0, 0x5be1be9dcce0, 0x7ffcee3f7150, 6) = 1 <0.002702>
[pid 349] 14:58:43.001007 libssl.so.3->X509_verify_cert(0x5be1be9dab60, 0, 0x8000, 0xffffffff) = 1 <0.000596>
[pid 349] 14:58:43.001814 libssl.so.3->EVP_DigestVerifyInit_ex(0x5be1be9dd830, 0x7ffcee3f71f8, 0, 0) = 1 <0.000125>
[pid 349] 14:58:43.001982 libssl.so.3->EVP_DigestVerify(0x5be1be9dd830, 0x5be1be9e93f8, 4627, 0x7ffcee3f7200) = 1 <0.000234>
[pid 349] 14:58:43.002474 libssl.so.3->X509_verify_cert(0x5be1be9dab60, 1, 1, 0) = 1 <0.000262>
[pid 349] 14:58:43.003065 libssl.so.3->EVP_DigestSignInit_ex(0x5be1be9dd210, 0x7ffcee3f71e0, 0, 0) = 1 <0.000127>
[pid 349] 14:58:43.003236 libssl.so.3->EVP_DigestSign(0x5be1be9dd210, 0, 0x7ffcee3f71f0, 0x7ffcee3f7200) = 1 <0.000116>
[pid 349] 14:58:43.003403 libssl.so.3->EVP_DigestSign(0x5be1be9dd210, 0x5be1be9ed4c0, 0x7ffcee3f71f0, 0x7ffcee3f7200) = 1 <0.000396>
[pid 349] 14:58:43.004127 <... SSL_connect resumed> ) = 1 <0.017450>
Handshake duration: 18.12 ms
[pid 349] 14:58:43.007198 +++ exited (status 0) +++
Execution 76 - TLS Mutual
s_connection: verify depth is 1
[pid 351] 14:58:43.064753 openssl->SSL_connect(0x64cb878f5890, 0x64cb878c7e50, 0x64cb878c7e50, 0x7c0802722360 <unfinished ...>
[pid 351] 14:58:43.065215 libssl.so.3->EVP_PKEY_keygen_init(0x64cb878c9580, 0, 176, 0x64cb878c9580) = 1 <0.000293>
[pid 351] 14:58:43.065603 libssl.so.3->EVP_PKEY_keygen(0x64cb878c9580, 0x7ffe967ed480, 0, 103) = 1 <0.002975>
[pid 351] 14:58:43.075844 libssl.so.3->EVP_PKEY_derive_init(0x64cb878fa2e0, 0, 176, 0x64cb878fa2e0) = 1 <0.000250>
[pid 351] 14:58:43.076139 libssl.so.3->EVP_PKEY_derive_set_peer(0x64cb878fa2e0, 0x64cb878fa0c0, 0, 0x64cb878f4690) = 1 <0.000154>
[pid 351] 14:58:43.076348 libssl.so.3->EVP_PKEY_derive(0x64cb878fa2e0, 0, 0x7ffe967ed440, 7) = 1 <0.000143>
[pid 351] 14:58:43.076537 libssl.so.3->EVP_PKEY_derive(0x64cb878fa2e0, 0x64cb878efce0, 0x7ffe967ed440, 6) = 1 <0.002795>
[pid 351] 14:58:43.080210 libssl.so.3->X509_verify_cert(0x64cb878edb60, 0, 0x8000, 0xffffffff) = 1 <0.000674>
[pid 351] 14:58:43.081120 libssl.so.3->EVP_DigestVerifyInit_ex(0x64cb878f0830, 0x7ffe967ed4e8, 0, 0) = 1 <0.000164>
[pid 351] 14:58:43.081339 libssl.so.3->EVP_DigestVerify(0x64cb878f0830, 0x64cb878fc3f8, 4627, 0x7ffe967ed4f0) = 1 <0.000287>
[pid 351] 14:58:43.081891 libssl.so.3->X509_verify_cert(0x64cb878edb60, 1, 1, 0) = 1 <0.000296>
[pid 351] 14:58:43.082542 libssl.so.3->EVP_DigestSignInit_ex(0x64cb878f0210, 0x7ffe967ed4d0, 0, 0) = 1 <0.000158>
[pid 351] 14:58:43.082753 libssl.so.3->EVP_DigestSign(0x64cb878f0210, 0, 0x7ffe967ed4e0, 0x7ffe967ed4f0) = 1 <0.000159>
[pid 351] 14:58:43.082986 libssl.so.3->EVP_DigestSign(0x64cb878f0210, 0x64cb879004c0, 0x7ffe967ed4e0, 0x7ffe967ed4f0) = 1 <0.000449>
[pid 351] 14:58:43.083901 <... SSL_connect resumed> ) = 1 <0.019144>
Handshake duration: 19.40 ms
[pid 351] 14:58:43.086759 +++ exited (status 0) +++
Execution 77 - TLS Mutual
s_connection: verify depth is 1
[pid 353] 14:58:43.146393 openssl->SSL_connect(0x640ee8039890, 0x640ee800be50, 0x640ee800be50, 0x787659e03360 <unfinished ...>
[pid 353] 14:58:43.146875 libssl.so.3->EVP_PKEY_keygen_init(0x640ee800d580, 0, 176, 0x640ee800d580) = 1 <0.000174>
[pid 353] 14:58:43.147099 libssl.so.3->EVP_PKEY_keygen(0x640ee800d580, 0x7fff02fc70c0, 0, 103) = 1 <0.002809>
[pid 353] 14:58:43.156823 libssl.so.3->EVP_PKEY_derive_init(0x640ee803e2e0, 0, 176, 0x640ee803e2e0) = 1 <0.000254>
[pid 353] 14:58:43.157119 libssl.so.3->EVP_PKEY_derive_set_peer(0x640ee803e2e0, 0x640ee803e0c0, 0, 0x640ee8038690) = 1 <0.000131>
[pid 353] 14:58:43.157313 libssl.so.3->EVP_PKEY_derive(0x640ee803e2e0, 0, 0x7fff02fc7080, 7) = 1 <0.000171>
[pid 353] 14:58:43.157549 libssl.so.3->EVP_PKEY_derive(0x640ee803e2e0, 0x640ee8033ce0, 0x7fff02fc7080, 6) = 1 <0.002801>
[pid 353] 14:58:43.161227 libssl.so.3->X509_verify_cert(0x640ee8031b60, 0, 0x8000, 0xffffffff) = 1 <0.000585>
[pid 353] 14:58:43.162043 libssl.so.3->EVP_DigestVerifyInit_ex(0x640ee8034830, 0x7fff02fc7128, 0, 0) = 1 <0.000129>
[pid 353] 14:58:43.162220 libssl.so.3->EVP_DigestVerify(0x640ee8034830, 0x640ee80403f8, 4627, 0x7fff02fc7130) = 1 <0.000247>
[pid 353] 14:58:43.162715 libssl.so.3->X509_verify_cert(0x640ee8031b60, 1, 1, 0) = 1 <0.000297>
[pid 353] 14:58:43.163421 libssl.so.3->EVP_DigestSignInit_ex(0x640ee8034210, 0x7fff02fc7110, 0, 0) = 1 <0.000243>
[pid 353] 14:58:43.163709 libssl.so.3->EVP_DigestSign(0x640ee8034210, 0, 0x7fff02fc7120, 0x7fff02fc7130) = 1 <0.000167>
[pid 353] 14:58:43.163936 libssl.so.3->EVP_DigestSign(0x640ee8034210, 0x640ee80444c0, 0x7fff02fc7120, 0x7fff02fc7130) = 1 <0.000649>
[pid 353] 14:58:43.164861 <... SSL_connect resumed> ) = 1 <0.018484>
Handshake duration: 18.68 ms
[pid 353] 14:58:43.167562 +++ exited (status 0) +++
Execution 78 - TLS Mutual
s_connection: verify depth is 1
[pid 355] 14:58:43.225337 openssl->SSL_connect(0x5bdf18903890, 0x5bdf188d5e50, 0x5bdf188d5e50, 0x7600407bf360 <unfinished ...>
[pid 355] 14:58:43.225836 libssl.so.3->EVP_PKEY_keygen_init(0x5bdf188d7580, 0, 176, 0x5bdf188d7580) = 1 <0.000246>
[pid 355] 14:58:43.226178 libssl.so.3->EVP_PKEY_keygen(0x5bdf188d7580, 0x7ffec087fdb0, 0, 103) = 1 <0.003002>
[pid 355] 14:58:43.235622 libssl.so.3->EVP_PKEY_derive_init(0x5bdf189082e0, 0, 176, 0x5bdf189082e0) = 1 <0.000209>
[pid 355] 14:58:43.235865 libssl.so.3->EVP_PKEY_derive_set_peer(0x5bdf189082e0, 0x5bdf189080c0, 0, 0x5bdf18902690) = 1 <0.000134>
[pid 355] 14:58:43.236050 libssl.so.3->EVP_PKEY_derive(0x5bdf189082e0, 0, 0x7ffec087fd70, 7) = 1 <0.000159>
[pid 355] 14:58:43.236283 libssl.so.3->EVP_PKEY_derive(0x5bdf189082e0, 0x5bdf188fdce0, 0x7ffec087fd70, 6) = 1 <0.002727>
[pid 355] 14:58:43.239762 libssl.so.3->X509_verify_cert(0x5bdf188fbb60, 0, 0x8000, 0xffffffff) = 1 <0.000554>
[pid 355] 14:58:43.240570 libssl.so.3->EVP_DigestVerifyInit_ex(0x5bdf188fe830, 0x7ffec087fe18, 0, 0) = 1 <0.000164>
[pid 355] 14:58:43.240780 libssl.so.3->EVP_DigestVerify(0x5bdf188fe830, 0x5bdf1890a3f8, 4627, 0x7ffec087fe20) = 1 <0.000255>
[pid 355] 14:58:43.241302 libssl.so.3->X509_verify_cert(0x5bdf188fbb60, 1, 1, 0) = 1 <0.000335>
[pid 355] 14:58:43.242050 libssl.so.3->EVP_DigestSignInit_ex(0x5bdf188fe210, 0x7ffec087fe00, 0, 0) = 1 <0.000220>
[pid 355] 14:58:43.242319 libssl.so.3->EVP_DigestSign(0x5bdf188fe210, 0, 0x7ffec087fe10, 0x7ffec087fe20) = 1 <0.000166>
[pid 355] 14:58:43.242551 libssl.so.3->EVP_DigestSign(0x5bdf188fe210, 0x5bdf1890e4c0, 0x7ffec087fe10, 0x7ffec087fe20) = 1 <0.000556>
[pid 355] 14:58:43.243516 <... SSL_connect resumed> ) = 1 <0.018188>
Handshake duration: 18.47 ms
[pid 355] 14:58:43.246466 +++ exited (status 0) +++
Execution 79 - TLS Mutual
s_connection: verify depth is 1
[pid 357] 14:58:43.303247 openssl->SSL_connect(0x5c5110071890, 0x5c5110043e50, 0x5c5110043e50, 0x7a00ee19a360 <unfinished ...>
[pid 357] 14:58:43.303754 libssl.so.3->EVP_PKEY_keygen_init(0x5c5110045580, 0, 176, 0x5c5110045580) = 1 <0.000188>
[pid 357] 14:58:43.303999 libssl.so.3->EVP_PKEY_keygen(0x5c5110045580, 0x7ffdf2ad35f0, 0, 103) = 1 <0.002861>
[pid 357] 14:58:43.313587 libssl.so.3->EVP_PKEY_derive_init(0x5c51100762e0, 0, 176, 0x5c51100762e0) = 1 <0.000183>
[pid 357] 14:58:43.313824 libssl.so.3->EVP_PKEY_derive_set_peer(0x5c51100762e0, 0x5c51100760c0, 0, 0x5c5110070690) = 1 <0.000145>
[pid 357] 14:58:43.314014 libssl.so.3->EVP_PKEY_derive(0x5c51100762e0, 0, 0x7ffdf2ad35b0, 7) = 1 <0.000117>
[pid 357] 14:58:43.314176 libssl.so.3->EVP_PKEY_derive(0x5c51100762e0, 0x5c511006bce0, 0x7ffdf2ad35b0, 6) = 1 <0.002709>
[pid 357] 14:58:43.317599 libssl.so.3->X509_verify_cert(0x5c5110069b60, 0, 0x8000, 0xffffffff) = 1 <0.000534>
[pid 357] 14:58:43.318371 libssl.so.3->EVP_DigestVerifyInit_ex(0x5c511006c830, 0x7ffdf2ad3658, 0, 0) = 1 <0.000181>
[pid 357] 14:58:43.318600 libssl.so.3->EVP_DigestVerify(0x5c511006c830, 0x5c51100783f8, 4627, 0x7ffdf2ad3660) = 1 <0.000259>
[pid 357] 14:58:43.319062 libssl.so.3->X509_verify_cert(0x5c5110069b60, 1, 1, 0) = 1 <0.000266>
[pid 357] 14:58:43.319730 libssl.so.3->EVP_DigestSignInit_ex(0x5c511006c210, 0x7ffdf2ad3640, 0, 0) = 1 <0.000197>
[pid 357] 14:58:43.319971 libssl.so.3->EVP_DigestSign(0x5c511006c210, 0, 0x7ffdf2ad3650, 0x7ffdf2ad3660) = 1 <0.000115>
[pid 357] 14:58:43.320133 libssl.so.3->EVP_DigestSign(0x5c511006c210, 0x5c511007c4c0, 0x7ffdf2ad3650, 0x7ffdf2ad3660) = 1 <0.000374>
[pid 357] 14:58:43.320756 <... SSL_connect resumed> ) = 1 <0.017520>
Handshake duration: 17.70 ms
[pid 357] 14:58:43.323249 +++ exited (status 0) +++
Execution 80 - TLS Mutual
s_connection: verify depth is 1
[pid 359] 14:58:43.379266 openssl->SSL_connect(0x612674aa6890, 0x612674a78e50, 0x612674a78e50, 0x7bd6e4422360 <unfinished ...>
[pid 359] 14:58:43.379704 libssl.so.3->EVP_PKEY_keygen_init(0x612674a7a580, 0, 176, 0x612674a7a580) = 1 <0.000158>
[pid 359] 14:58:43.379913 libssl.so.3->EVP_PKEY_keygen(0x612674a7a580, 0x7ffea69e9d70, 0, 103) = 1 <0.002763>
[pid 359] 14:58:43.389352 libssl.so.3->EVP_PKEY_derive_init(0x612674aab2e0, 0, 176, 0x612674aab2e0) = 1 <0.000223>
[pid 359] 14:58:43.389623 libssl.so.3->EVP_PKEY_derive_set_peer(0x612674aab2e0, 0x612674aab0c0, 0, 0x612674aa5690) = 1 <0.000135>
[pid 359] 14:58:43.389802 libssl.so.3->EVP_PKEY_derive(0x612674aab2e0, 0, 0x7ffea69e9d30, 7) = 1 <0.000118>
[pid 359] 14:58:43.389965 libssl.so.3->EVP_PKEY_derive(0x612674aab2e0, 0x612674aa0ce0, 0x7ffea69e9d30, 6) = 1 <0.002722>
[pid 359] 14:58:43.393443 libssl.so.3->X509_verify_cert(0x612674a9eb60, 0, 0x8000, 0xffffffff) = 1 <0.000649>
[pid 359] 14:58:43.394367 libssl.so.3->EVP_DigestVerifyInit_ex(0x612674aa1830, 0x7ffea69e9dd8, 0, 0) = 1 <0.000177>
[pid 359] 14:58:43.394589 libssl.so.3->EVP_DigestVerify(0x612674aa1830, 0x612674aad3f8, 4627, 0x7ffea69e9de0) = 1 <0.000257>
[pid 359] 14:58:43.395081 libssl.so.3->X509_verify_cert(0x612674a9eb60, 1, 1, 0) = 1 <0.000298>
[pid 359] 14:58:43.395759 libssl.so.3->EVP_DigestSignInit_ex(0x612674aa1210, 0x7ffea69e9dc0, 0, 0) = 1 <0.000158>
[pid 359] 14:58:43.395965 libssl.so.3->EVP_DigestSign(0x612674aa1210, 0, 0x7ffea69e9dd0, 0x7ffea69e9de0) = 1 <0.000125>
[pid 359] 14:58:43.396167 libssl.so.3->EVP_DigestSign(0x612674aa1210, 0x612674ab14c0, 0x7ffea69e9dd0, 0x7ffea69e9de0) = 1 <0.000485>
[pid 359] 14:58:43.397012 <... SSL_connect resumed> ) = 1 <0.017735>
Handshake duration: 17.96 ms
[pid 359] 14:58:43.399671 +++ exited (status 0) +++
Execution 81 - TLS Mutual
s_connection: verify depth is 1
[pid 361] 14:58:43.455946 openssl->SSL_connect(0x5ecd5311a890, 0x5ecd530ece50, 0x5ecd530ece50, 0x7ba7f7d38360 <unfinished ...>
[pid 361] 14:58:43.456375 libssl.so.3->EVP_PKEY_keygen_init(0x5ecd530ee580, 0, 176, 0x5ecd530ee580) = 1 <0.000167>
[pid 361] 14:58:43.456617 libssl.so.3->EVP_PKEY_keygen(0x5ecd530ee580, 0x7ffffcf7c730, 0, 103) = 1 <0.003150>
[pid 361] 14:58:43.466721 libssl.so.3->EVP_PKEY_derive_init(0x5ecd5311f2e0, 0, 176, 0x5ecd5311f2e0) = 1 <0.000158>
[pid 361] 14:58:43.466924 libssl.so.3->EVP_PKEY_derive_set_peer(0x5ecd5311f2e0, 0x5ecd5311f0c0, 0, 0x5ecd53119690) = 1 <0.000141>
[pid 361] 14:58:43.467108 libssl.so.3->EVP_PKEY_derive(0x5ecd5311f2e0, 0, 0x7ffffcf7c6f0, 7) = 1 <0.000121>
[pid 361] 14:58:43.467270 libssl.so.3->EVP_PKEY_derive(0x5ecd5311f2e0, 0x5ecd53114ce0, 0x7ffffcf7c6f0, 6) = 1 <0.002723>
[pid 361] 14:58:43.470806 libssl.so.3->X509_verify_cert(0x5ecd53112b60, 0, 0x8000, 0xffffffff) = 1 <0.000605>
[pid 361] 14:58:43.471654 libssl.so.3->EVP_DigestVerifyInit_ex(0x5ecd53115830, 0x7ffffcf7c798, 0, 0) = 1 <0.000143>
[pid 361] 14:58:43.471848 libssl.so.3->EVP_DigestVerify(0x5ecd53115830, 0x5ecd531213f8, 4627, 0x7ffffcf7c7a0) = 1 <0.000214>
[pid 361] 14:58:43.472272 libssl.so.3->X509_verify_cert(0x5ecd53112b60, 1, 1, 0) = 1 <0.000306>
[pid 361] 14:58:43.472977 libssl.so.3->EVP_DigestSignInit_ex(0x5ecd53115210, 0x7ffffcf7c780, 0, 0) = 1 <0.000139>
[pid 361] 14:58:43.473160 libssl.so.3->EVP_DigestSign(0x5ecd53115210, 0, 0x7ffffcf7c790, 0x7ffffcf7c7a0) = 1 <0.000144>
[pid 361] 14:58:43.473375 libssl.so.3->EVP_DigestSign(0x5ecd53115210, 0x5ecd531254c0, 0x7ffffcf7c790, 0x7ffffcf7c7a0) = 1 <0.000435>
[pid 361] 14:58:43.474122 <... SSL_connect resumed> ) = 1 <0.018184>
Handshake duration: 18.38 ms
[pid 361] 14:58:43.476597 +++ exited (status 0) +++
Execution 82 - TLS Mutual
s_connection: verify depth is 1
[pid 363] 14:58:43.536870 openssl->SSL_connect(0x633af91d3890, 0x633af91a5e50, 0x633af91a5e50, 0x7a1b4a828360 <unfinished ...>
[pid 363] 14:58:43.537314 libssl.so.3->EVP_PKEY_keygen_init(0x633af91a7580, 0, 176, 0x633af91a7580) = 1 <0.000200>
[pid 363] 14:58:43.537574 libssl.so.3->EVP_PKEY_keygen(0x633af91a7580, 0x7fff0cae35b0, 0, 103) = 1 <0.002840>
[pid 363] 14:58:43.547068 libssl.so.3->EVP_PKEY_derive_init(0x633af91d82e0, 0, 176, 0x633af91d82e0) = 1 <0.000241>
[pid 363] 14:58:43.547351 libssl.so.3->EVP_PKEY_derive_set_peer(0x633af91d82e0, 0x633af91d80c0, 0, 0x633af91d2690) = 1 <0.000139>
[pid 363] 14:58:43.547535 libssl.so.3->EVP_PKEY_derive(0x633af91d82e0, 0, 0x7fff0cae3570, 7) = 1 <0.000128>
[pid 363] 14:58:43.547715 libssl.so.3->EVP_PKEY_derive(0x633af91d82e0, 0x633af91cdce0, 0x7fff0cae3570, 6) = 1 <0.002806>
[pid 363] 14:58:43.551314 libssl.so.3->X509_verify_cert(0x633af91cbb60, 0, 0x8000, 0xffffffff) = 1 <0.000641>
[pid 363] 14:58:43.552208 libssl.so.3->EVP_DigestVerifyInit_ex(0x633af91ce830, 0x7fff0cae3618, 0, 0) = 1 <0.000156>
[pid 363] 14:58:43.552415 libssl.so.3->EVP_DigestVerify(0x633af91ce830, 0x633af91da3f8, 4627, 0x7fff0cae3620) = 1 <0.000255>
[pid 363] 14:58:43.552883 libssl.so.3->X509_verify_cert(0x633af91cbb60, 1, 1, 0) = 1 <0.000259>
[pid 363] 14:58:43.553481 libssl.so.3->EVP_DigestSignInit_ex(0x633af91ce210, 0x7fff0cae3600, 0, 0) = 1 <0.000145>
[pid 363] 14:58:43.553671 libssl.so.3->EVP_DigestSign(0x633af91ce210, 0, 0x7fff0cae3610, 0x7fff0cae3620) = 1 <0.000116>
[pid 363] 14:58:43.553831 libssl.so.3->EVP_DigestSign(0x633af91ce210, 0x633af91de4c0, 0x7fff0cae3610, 0x7fff0cae3620) = 1 <0.000417>
[pid 363] 14:58:43.554506 <... SSL_connect resumed> ) = 1 <0.017647>
Handshake duration: 17.83 ms
[pid 363] 14:58:43.556985 +++ exited (status 0) +++
Execution 83 - TLS Mutual
s_connection: verify depth is 1
[pid 365] 14:58:43.615551 openssl->SSL_connect(0x60ecdeb41890, 0x60ecdeb13e50, 0x60ecdeb13e50, 0x78db6790e360 <unfinished ...>
[pid 365] 14:58:43.616044 libssl.so.3->EVP_PKEY_keygen_init(0x60ecdeb15580, 0, 176, 0x60ecdeb15580) = 1 <0.000187>
[pid 365] 14:58:43.616286 libssl.so.3->EVP_PKEY_keygen(0x60ecdeb15580, 0x7ffea0092940, 0, 103) = 1 <0.002975>
[pid 365] 14:58:43.625729 libssl.so.3->EVP_PKEY_derive_init(0x60ecdeb462e0, 0, 176, 0x60ecdeb462e0) = 1 <0.000225>
[pid 365] 14:58:43.626001 libssl.so.3->EVP_PKEY_derive_set_peer(0x60ecdeb462e0, 0x60ecdeb460c0, 0, 0x60ecdeb40690) = 1 <0.000141>
[pid 365] 14:58:43.626187 libssl.so.3->EVP_PKEY_derive(0x60ecdeb462e0, 0, 0x7ffea0092900, 7) = 1 <0.000116>
[pid 365] 14:58:43.626344 libssl.so.3->EVP_PKEY_derive(0x60ecdeb462e0, 0x60ecdeb3bce0, 0x7ffea0092900, 6) = 1 <0.002725>
[pid 365] 14:58:43.629829 libssl.so.3->X509_verify_cert(0x60ecdeb39b60, 0, 0x8000, 0xffffffff) = 1 <0.000616>
[pid 365] 14:58:43.630701 libssl.so.3->EVP_DigestVerifyInit_ex(0x60ecdeb3c830, 0x7ffea00929a8, 0, 0) = 1 <0.000155>
[pid 365] 14:58:43.630906 libssl.so.3->EVP_DigestVerify(0x60ecdeb3c830, 0x60ecdeb483f8, 4627, 0x7ffea00929b0) = 1 <0.000272>
[pid 365] 14:58:43.631397 libssl.so.3->X509_verify_cert(0x60ecdeb39b60, 1, 1, 0) = 1 <0.000291>
[pid 365] 14:58:43.632058 libssl.so.3->EVP_DigestSignInit_ex(0x60ecdeb3c210, 0x7ffea0092990, 0, 0) = 1 <0.000163>
[pid 365] 14:58:43.632279 libssl.so.3->EVP_DigestSign(0x60ecdeb3c210, 0, 0x7ffea00929a0, 0x7ffea00929b0) = 1 <0.000130>
[pid 365] 14:58:43.632470 libssl.so.3->EVP_DigestSign(0x60ecdeb3c210, 0x60ecdeb4c4c0, 0x7ffea00929a0, 0x7ffea00929b0) = 1 <0.000567>
[pid 365] 14:58:43.633553 <... SSL_connect resumed> ) = 1 <0.018008>
Handshake duration: 18.28 ms
[pid 365] 14:58:43.636087 +++ exited (status 0) +++
Execution 84 - TLS Mutual
s_connection: verify depth is 1
[pid 367] 14:58:43.691951 openssl->SSL_connect(0x59164a65a890, 0x59164a62ce50, 0x59164a62ce50, 0x71513c7c3360 <unfinished ...>
[pid 367] 14:58:43.692482 libssl.so.3->EVP_PKEY_keygen_init(0x59164a62e580, 0, 176, 0x59164a62e580) = 1 <0.000231>
[pid 367] 14:58:43.692776 libssl.so.3->EVP_PKEY_keygen(0x59164a62e580, 0x7ffeb73dc220, 0, 103) = 1 <0.002930>
[pid 367] 14:58:43.702172 libssl.so.3->EVP_PKEY_derive_init(0x59164a65f2e0, 0, 176, 0x59164a65f2e0) = 1 <0.000244>
[pid 367] 14:58:43.702475 libssl.so.3->EVP_PKEY_derive_set_peer(0x59164a65f2e0, 0x59164a65f0c0, 0, 0x59164a659690) = 1 <0.000146>
[pid 367] 14:58:43.702673 libssl.so.3->EVP_PKEY_derive(0x59164a65f2e0, 0, 0x7ffeb73dc1e0, 7) = 1 <0.000838>
[pid 367] 14:58:43.703598 libssl.so.3->EVP_PKEY_derive(0x59164a65f2e0, 0x59164a654ce0, 0x7ffeb73dc1e0, 6) = 1 <0.002718>
[pid 367] 14:58:43.707073 libssl.so.3->X509_verify_cert(0x59164a652b60, 0, 0x8000, 0xffffffff) = 1 <0.000760>
[pid 367] 14:58:43.708063 libssl.so.3->EVP_DigestVerifyInit_ex(0x59164a655830, 0x7ffeb73dc288, 0, 0) = 1 <0.000140>
[pid 367] 14:58:43.708249 libssl.so.3->EVP_DigestVerify(0x59164a655830, 0x59164a6613f8, 4627, 0x7ffeb73dc290) = 1 <0.000242>
[pid 367] 14:58:43.708713 libssl.so.3->X509_verify_cert(0x59164a652b60, 1, 1, 0) = 1 <0.000257>
[pid 367] 14:58:43.709345 libssl.so.3->EVP_DigestSignInit_ex(0x59164a655210, 0x7ffeb73dc270, 0, 0) = 1 <0.000209>
[pid 367] 14:58:43.709609 libssl.so.3->EVP_DigestSign(0x59164a655210, 0, 0x7ffeb73dc280, 0x7ffeb73dc290) = 1 <0.000136>
[pid 367] 14:58:43.709803 libssl.so.3->EVP_DigestSign(0x59164a655210, 0x59164a6654c0, 0x7ffeb73dc280, 0x7ffeb73dc290) = 1 <0.000376>
[pid 367] 14:58:43.710612 <... SSL_connect resumed> ) = 1 <0.018664>
Handshake duration: 18.84 ms
[pid 367] 14:58:43.713127 +++ exited (status 0) +++
Execution 85 - TLS Mutual
s_connection: verify depth is 1
[pid 369] 14:58:43.771675 openssl->SSL_connect(0x57a04df26890, 0x57a04def8e50, 0x57a04def8e50, 0x72dd43c88360 <unfinished ...>
[pid 369] 14:58:43.772136 libssl.so.3->EVP_PKEY_keygen_init(0x57a04defa580, 0, 176, 0x57a04defa580) = 1 <0.000172>
[pid 369] 14:58:43.772383 libssl.so.3->EVP_PKEY_keygen(0x57a04defa580, 0x7ffc3ac02920, 0, 103) = 1 <0.002984>
[pid 369] 14:58:43.781939 libssl.so.3->EVP_PKEY_derive_init(0x57a04df2b2e0, 0, 176, 0x57a04df2b2e0) = 1 <0.000194>
[pid 369] 14:58:43.782176 libssl.so.3->EVP_PKEY_derive_set_peer(0x57a04df2b2e0, 0x57a04df2b0c0, 0, 0x57a04df25690) = 1 <0.000142>
[pid 369] 14:58:43.782363 libssl.so.3->EVP_PKEY_derive(0x57a04df2b2e0, 0, 0x7ffc3ac028e0, 7) = 1 <0.000135>
[pid 369] 14:58:43.782547 libssl.so.3->EVP_PKEY_derive(0x57a04df2b2e0, 0x57a04df20ce0, 0x7ffc3ac028e0, 6) = 1 <0.002718>
[pid 369] 14:58:43.786037 libssl.so.3->X509_verify_cert(0x57a04df1eb60, 0, 0x8000, 0xffffffff) = 1 <0.000599>
[pid 369] 14:58:43.786862 libssl.so.3->EVP_DigestVerifyInit_ex(0x57a04df21830, 0x7ffc3ac02988, 0, 0) = 1 <0.000151>
[pid 369] 14:58:43.787067 libssl.so.3->EVP_DigestVerify(0x57a04df21830, 0x57a04df2d3f8, 4627, 0x7ffc3ac02990) = 1 <0.000230>
[pid 369] 14:58:43.787509 libssl.so.3->X509_verify_cert(0x57a04df1eb60, 1, 1, 0) = 1 <0.000262>
[pid 369] 14:58:43.788131 libssl.so.3->EVP_DigestSignInit_ex(0x57a04df21210, 0x7ffc3ac02970, 0, 0) = 1 <0.000139>
[pid 369] 14:58:43.788315 libssl.so.3->EVP_DigestSign(0x57a04df21210, 0, 0x7ffc3ac02980, 0x7ffc3ac02990) = 1 <0.000125>
[pid 369] 14:58:43.788502 libssl.so.3->EVP_DigestSign(0x57a04df21210, 0x57a04df314c0, 0x7ffc3ac02980, 0x7ffc3ac02990) = 1 <0.000375>
[pid 369] 14:58:43.789135 <... SSL_connect resumed> ) = 1 <0.017474>
Handshake duration: 17.71 ms
[pid 369] 14:58:43.791876 +++ exited (status 0) +++
Execution 86 - TLS Mutual
s_connection: verify depth is 1
[pid 371] 14:58:43.849220 openssl->SSL_connect(0x64ba56c33890, 0x64ba56c05e50, 0x64ba56c05e50, 0x7bc079dbd360 <unfinished ...>
[pid 371] 14:58:43.849697 libssl.so.3->EVP_PKEY_keygen_init(0x64ba56c07580, 0, 176, 0x64ba56c07580) = 1 <0.000179>
[pid 371] 14:58:43.849934 libssl.so.3->EVP_PKEY_keygen(0x64ba56c07580, 0x7ffd6292f970, 0, 103) = 1 <0.002887>
[pid 371] 14:58:43.860043 libssl.so.3->EVP_PKEY_derive_init(0x64ba56c382e0, 0, 176, 0x64ba56c382e0) = 1 <0.000167>
[pid 371] 14:58:43.860257 libssl.so.3->EVP_PKEY_derive_set_peer(0x64ba56c382e0, 0x64ba56c380c0, 0, 0x64ba56c32690) = 1 <0.000116>
[pid 371] 14:58:43.860414 libssl.so.3->EVP_PKEY_derive(0x64ba56c382e0, 0, 0x7ffd6292f930, 7) = 1 <0.000182>
[pid 371] 14:58:43.860673 libssl.so.3->EVP_PKEY_derive(0x64ba56c382e0, 0x64ba56c2dce0, 0x7ffd6292f930, 6) = 1 <0.002734>
[pid 371] 14:58:43.864143 libssl.so.3->X509_verify_cert(0x64ba56c2bb60, 0, 0x8000, 0xffffffff) = 1 <0.000628>
[pid 371] 14:58:43.865027 libssl.so.3->EVP_DigestVerifyInit_ex(0x64ba56c2e830, 0x7ffd6292f9d8, 0, 0) = 1 <0.000134>
[pid 371] 14:58:43.865206 libssl.so.3->EVP_DigestVerify(0x64ba56c2e830, 0x64ba56c3a3f8, 4627, 0x7ffd6292f9e0) = 1 <0.000228>
[pid 371] 14:58:43.865681 libssl.so.3->X509_verify_cert(0x64ba56c2bb60, 1, 1, 0) = 1 <0.000259>
[pid 371] 14:58:43.866257 libssl.so.3->EVP_DigestSignInit_ex(0x64ba56c2e210, 0x7ffd6292f9c0, 0, 0) = 1 <0.000147>
[pid 371] 14:58:43.866445 libssl.so.3->EVP_DigestSign(0x64ba56c2e210, 0, 0x7ffd6292f9d0, 0x7ffd6292f9e0) = 1 <0.000125>
[pid 371] 14:58:43.866610 libssl.so.3->EVP_DigestSign(0x64ba56c2e210, 0x64ba56c3e4c0, 0x7ffd6292f9d0, 0x7ffd6292f9e0) = 1 <0.000387>
[pid 371] 14:58:43.867238 <... SSL_connect resumed> ) = 1 <0.018036>
Handshake duration: 18.20 ms
[pid 371] 14:58:43.869424 +++ exited (status 0) +++
Execution 87 - TLS Mutual
s_connection: verify depth is 1
[pid 373] 14:58:43.927829 openssl->SSL_connect(0x5e447bb76890, 0x5e447bb48e50, 0x5e447bb48e50, 0x73a928a0f360 <unfinished ...>
[pid 373] 14:58:43.928232 libssl.so.3->EVP_PKEY_keygen_init(0x5e447bb4a580, 0, 176, 0x5e447bb4a580) = 1 <0.000172>
[pid 373] 14:58:43.928469 libssl.so.3->EVP_PKEY_keygen(0x5e447bb4a580, 0x7fff47e5ee10, 0, 103) = 1 <0.002778>
[pid 373] 14:58:43.937843 libssl.so.3->EVP_PKEY_derive_init(0x5e447bb7b2e0, 0, 176, 0x5e447bb7b2e0) = 1 <0.000157>
[pid 373] 14:58:43.938046 libssl.so.3->EVP_PKEY_derive_set_peer(0x5e447bb7b2e0, 0x5e447bb7b0c0, 0, 0x5e447bb75690) = 1 <0.000118>
[pid 373] 14:58:43.938206 libssl.so.3->EVP_PKEY_derive(0x5e447bb7b2e0, 0, 0x7fff47e5edd0, 7) = 1 <0.000106>
[pid 373] 14:58:43.938353 libssl.so.3->EVP_PKEY_derive(0x5e447bb7b2e0, 0x5e447bb70ce0, 0x7fff47e5edd0, 6) = 1 <0.002770>
[pid 373] 14:58:43.941863 libssl.so.3->X509_verify_cert(0x5e447bb6eb60, 0, 0x8000, 0xffffffff) = 1 <0.000560>
[pid 373] 14:58:43.942685 libssl.so.3->EVP_DigestVerifyInit_ex(0x5e447bb71830, 0x7fff47e5ee78, 0, 0) = 1 <0.000157>
[pid 373] 14:58:43.942888 libssl.so.3->EVP_DigestVerify(0x5e447bb71830, 0x5e447bb7d3f8, 4627, 0x7fff47e5ee80) = 1 <0.000263>
[pid 373] 14:58:43.943368 libssl.so.3->X509_verify_cert(0x5e447bb6eb60, 1, 1, 0) = 1 <0.000290>
[pid 373] 14:58:43.943965 libssl.so.3->EVP_DigestSignInit_ex(0x5e447bb71210, 0x7fff47e5ee60, 0, 0) = 1 <0.000126>
[pid 373] 14:58:43.944133 libssl.so.3->EVP_DigestSign(0x5e447bb71210, 0, 0x7fff47e5ee70, 0x7fff47e5ee80) = 1 <0.000140>
[pid 373] 14:58:43.944319 libssl.so.3->EVP_DigestSign(0x5e447bb71210, 0x5e447bb814c0, 0x7fff47e5ee70, 0x7fff47e5ee80) = 1 <0.000501>
[pid 373] 14:58:43.945073 <... SSL_connect resumed> ) = 1 <0.017254>
Handshake duration: 17.42 ms
[pid 373] 14:58:43.947328 +++ exited (status 0) +++
Execution 88 - TLS Mutual
s_connection: verify depth is 1
[pid 375] 14:58:44.006155 openssl->SSL_connect(0x64361f973890, 0x64361f945e50, 0x64361f945e50, 0x7c6fe91b5360 <unfinished ...>
[pid 375] 14:58:44.006735 libssl.so.3->EVP_PKEY_keygen_init(0x64361f947580, 0, 176, 0x64361f947580) = 1 <0.000216>
[pid 375] 14:58:44.007004 libssl.so.3->EVP_PKEY_keygen(0x64361f947580, 0x7fff0b329b80, 0, 103) = 1 <0.002835>
[pid 375] 14:58:44.016226 libssl.so.3->EVP_PKEY_derive_init(0x64361f9782e0, 0, 176, 0x64361f9782e0) = 1 <0.000249>
[pid 375] 14:58:44.016545 libssl.so.3->EVP_PKEY_derive_set_peer(0x64361f9782e0, 0x64361f9780c0, 0, 0x64361f972690) = 1 <0.000146>
[pid 375] 14:58:44.016746 libssl.so.3->EVP_PKEY_derive(0x64361f9782e0, 0, 0x7fff0b329b40, 7) = 1 <0.000109>
[pid 375] 14:58:44.016896 libssl.so.3->EVP_PKEY_derive(0x64361f9782e0, 0x64361f96dce0, 0x7fff0b329b40, 6) = 1 <0.002667>
[pid 375] 14:58:44.020303 libssl.so.3->X509_verify_cert(0x64361f96bb60, 0, 0x8000, 0xffffffff) = 1 <0.000672>
[pid 375] 14:58:44.021252 libssl.so.3->EVP_DigestVerifyInit_ex(0x64361f96e830, 0x7fff0b329be8, 0, 0) = 1 <0.000168>
[pid 375] 14:58:44.021477 libssl.so.3->EVP_DigestVerify(0x64361f96e830, 0x64361f97a3f8, 4627, 0x7fff0b329bf0) = 1 <0.000244>
[pid 375] 14:58:44.021961 libssl.so.3->X509_verify_cert(0x64361f96bb60, 1, 1, 0) = 1 <0.000299>
[pid 375] 14:58:44.022570 libssl.so.3->EVP_DigestSignInit_ex(0x64361f96e210, 0x7fff0b329bd0, 0, 0) = 1 <0.000149>
[pid 375] 14:58:44.022767 libssl.so.3->EVP_DigestSign(0x64361f96e210, 0, 0x7fff0b329be0, 0x7fff0b329bf0) = 1 <0.000120>
[pid 375] 14:58:44.022935 libssl.so.3->EVP_DigestSign(0x64361f96e210, 0x64361f97e4c0, 0x7fff0b329be0, 0x7fff0b329bf0) = 1 <0.000382>
[pid 375] 14:58:44.023603 <... SSL_connect resumed> ) = 1 <0.017458>
Handshake duration: 17.66 ms
[pid 375] 14:58:44.026638 +++ exited (status 0) +++
Execution 89 - TLS Mutual
s_connection: verify depth is 1
[pid 377] 14:58:44.085285 openssl->SSL_connect(0x5a8ecd571890, 0x5a8ecd543e50, 0x5a8ecd543e50, 0x726e1e4eb360 <unfinished ...>
[pid 377] 14:58:44.085744 libssl.so.3->EVP_PKEY_keygen_init(0x5a8ecd545580, 0, 176, 0x5a8ecd545580) = 1 <0.000172>
[pid 377] 14:58:44.085972 libssl.so.3->EVP_PKEY_keygen(0x5a8ecd545580, 0x7fff33442670, 0, 103) = 1 <0.002734>
[pid 377] 14:58:44.095161 libssl.so.3->EVP_PKEY_derive_init(0x5a8ecd5762e0, 0, 176, 0x5a8ecd5762e0) = 1 <0.000203>
[pid 377] 14:58:44.095402 libssl.so.3->EVP_PKEY_derive_set_peer(0x5a8ecd5762e0, 0x5a8ecd5760c0, 0, 0x5a8ecd570690) = 1 <0.000160>
[pid 377] 14:58:44.095606 libssl.so.3->EVP_PKEY_derive(0x5a8ecd5762e0, 0, 0x7fff33442630, 7) = 1 <0.000132>
[pid 377] 14:58:44.095782 libssl.so.3->EVP_PKEY_derive(0x5a8ecd5762e0, 0x5a8ecd56bce0, 0x7fff33442630, 6) = 1 <0.002666>
[pid 377] 14:58:44.099181 libssl.so.3->X509_verify_cert(0x5a8ecd569b60, 0, 0x8000, 0xffffffff) = 1 <0.000549>
[pid 377] 14:58:44.099960 libssl.so.3->EVP_DigestVerifyInit_ex(0x5a8ecd56c830, 0x7fff334426d8, 0, 0) = 1 <0.000182>
[pid 377] 14:58:44.100180 libssl.so.3->EVP_DigestVerify(0x5a8ecd56c830, 0x5a8ecd5783f8, 4627, 0x7fff334426e0) = 1 <0.000246>
[pid 377] 14:58:44.100656 libssl.so.3->X509_verify_cert(0x5a8ecd569b60, 1, 1, 0) = 1 <0.000251>
[pid 377] 14:58:44.101207 libssl.so.3->EVP_DigestSignInit_ex(0x5a8ecd56c210, 0x7fff334426c0, 0, 0) = 1 <0.000126>
[pid 377] 14:58:44.101381 libssl.so.3->EVP_DigestSign(0x5a8ecd56c210, 0, 0x7fff334426d0, 0x7fff334426e0) = 1 <0.000153>
[pid 377] 14:58:44.101579 libssl.so.3->EVP_DigestSign(0x5a8ecd56c210, 0x5a8ecd57c4c0, 0x7fff334426d0, 0x7fff334426e0) = 1 <0.000418>
[pid 377] 14:58:44.102298 <... SSL_connect resumed> ) = 1 <0.017023>
Handshake duration: 17.20 ms
[pid 377] 14:58:44.106147 +++ exited (status 0) +++
Execution 90 - TLS Mutual
s_connection: verify depth is 1
[pid 379] 14:58:44.165740 openssl->SSL_connect(0x567233bcb890, 0x567233b9de50, 0x567233b9de50, 0x7abf483fa360 <unfinished ...>
[pid 379] 14:58:44.166193 libssl.so.3->EVP_PKEY_keygen_init(0x567233b9f580, 0, 176, 0x567233b9f580) = 1 <0.000175>
[pid 379] 14:58:44.166419 libssl.so.3->EVP_PKEY_keygen(0x567233b9f580, 0x7ffd7f56ccb0, 0, 103) = 1 <0.002797>
[pid 379] 14:58:44.175757 libssl.so.3->EVP_PKEY_derive_init(0x567233bd02e0, 0, 176, 0x567233bd02e0) = 1 <0.000171>
[pid 379] 14:58:44.175972 libssl.so.3->EVP_PKEY_derive_set_peer(0x567233bd02e0, 0x567233bd00c0, 0, 0x567233bca690) = 1 <0.000137>
[pid 379] 14:58:44.176169 libssl.so.3->EVP_PKEY_derive(0x567233bd02e0, 0, 0x7ffd7f56cc70, 7) = 1 <0.000152>
[pid 379] 14:58:44.176365 libssl.so.3->EVP_PKEY_derive(0x567233bd02e0, 0x567233bc5ce0, 0x7ffd7f56cc70, 6) = 1 <0.002791>
[pid 379] 14:58:44.179974 libssl.so.3->X509_verify_cert(0x567233bc3b60, 0, 0x8000, 0xffffffff) = 1 <0.000592>
[pid 379] 14:58:44.180771 libssl.so.3->EVP_DigestVerifyInit_ex(0x567233bc6830, 0x7ffd7f56cd18, 0, 0) = 1 <0.000141>
[pid 379] 14:58:44.180958 libssl.so.3->EVP_DigestVerify(0x567233bc6830, 0x567233bd23f8, 4627, 0x7ffd7f56cd20) = 1 <0.000215>
[pid 379] 14:58:44.181374 libssl.so.3->X509_verify_cert(0x567233bc3b60, 1, 1, 0) = 1 <0.000277>
[pid 379] 14:58:44.181954 libssl.so.3->EVP_DigestSignInit_ex(0x567233bc6210, 0x7ffd7f56cd00, 0, 0) = 1 <0.000132>
[pid 379] 14:58:44.182129 libssl.so.3->EVP_DigestSign(0x567233bc6210, 0, 0x7ffd7f56cd10, 0x7ffd7f56cd20) = 1 <0.000119>
[pid 379] 14:58:44.182292 libssl.so.3->EVP_DigestSign(0x567233bc6210, 0x567233bd64c0, 0x7ffd7f56cd10, 0x7ffd7f56cd20) = 1 <0.000469>
[pid 379] 14:58:44.183052 <... SSL_connect resumed> ) = 1 <0.017321>
Handshake duration: 17.50 ms
[pid 379] 14:58:44.185328 +++ exited (status 0) +++
Execution 91 - TLS Mutual
s_connection: verify depth is 1
[pid 381] 14:58:44.242648 openssl->SSL_connect(0x558a2d9e2890, 0x558a2d9b4e50, 0x558a2d9b4e50, 0x703bce29e360 <unfinished ...>
[pid 381] 14:58:44.243112 libssl.so.3->EVP_PKEY_keygen_init(0x558a2d9b6580, 0, 176, 0x558a2d9b6580) = 1 <0.000175>
[pid 381] 14:58:44.243343 libssl.so.3->EVP_PKEY_keygen(0x558a2d9b6580, 0x7ffd3ed59db0, 0, 103) = 1 <0.002890>
[pid 381] 14:58:44.253443 libssl.so.3->EVP_PKEY_derive_init(0x558a2d9e72e0, 0, 176, 0x558a2d9e72e0) = 1 <0.000222>
[pid 381] 14:58:44.253718 libssl.so.3->EVP_PKEY_derive_set_peer(0x558a2d9e72e0, 0x558a2d9e70c0, 0, 0x558a2d9e1690) = 1 <0.000148>
[pid 381] 14:58:44.253910 libssl.so.3->EVP_PKEY_derive(0x558a2d9e72e0, 0, 0x7ffd3ed59d70, 7) = 1 <0.000120>
[pid 381] 14:58:44.254086 libssl.so.3->EVP_PKEY_derive(0x558a2d9e72e0, 0x558a2d9dcce0, 0x7ffd3ed59d70, 6) = 1 <0.002794>
[pid 381] 14:58:44.257645 libssl.so.3->X509_verify_cert(0x558a2d9dab60, 0, 0x8000, 0xffffffff) = 1 <0.000564>
[pid 381] 14:58:44.258432 libssl.so.3->EVP_DigestVerifyInit_ex(0x558a2d9dd830, 0x7ffd3ed59e18, 0, 0) = 1 <0.000154>
[pid 381] 14:58:44.258630 libssl.so.3->EVP_DigestVerify(0x558a2d9dd830, 0x558a2d9e93f8, 4627, 0x7ffd3ed59e20) = 1 <0.000214>
[pid 381] 14:58:44.259056 libssl.so.3->X509_verify_cert(0x558a2d9dab60, 1, 1, 0) = 1 <0.000261>
[pid 381] 14:58:44.259688 libssl.so.3->EVP_DigestSignInit_ex(0x558a2d9dd210, 0x7ffd3ed59e00, 0, 0) = 1 <0.000126>
[pid 381] 14:58:44.259856 libssl.so.3->EVP_DigestSign(0x558a2d9dd210, 0, 0x7ffd3ed59e10, 0x7ffd3ed59e20) = 1 <0.000101>
[pid 381] 14:58:44.259998 libssl.so.3->EVP_DigestSign(0x558a2d9dd210, 0x558a2d9ed4c0, 0x7ffd3ed59e10, 0x7ffd3ed59e20) = 1 <0.000354>
[pid 381] 14:58:44.260669 <... SSL_connect resumed> ) = 1 <0.018028>
Handshake duration: 18.19 ms
[pid 381] 14:58:44.262902 +++ exited (status 0) +++
Execution 92 - TLS Mutual
s_connection: verify depth is 1
[pid 383] 14:58:44.330174 openssl->SSL_connect(0x5ec218d0f890, 0x5ec218ce1e50, 0x5ec218ce1e50, 0x7d4bbd6fc360 <unfinished ...>
[pid 383] 14:58:44.331033 libssl.so.3->EVP_PKEY_keygen_init(0x5ec218ce3580, 0, 176, 0x5ec218ce3580) = 1 <0.000327>
[pid 383] 14:58:44.331512 libssl.so.3->EVP_PKEY_keygen(0x5ec218ce3580, 0x7ffd06671360, 0, 103) = 1 <0.003990>
[pid 383] 14:58:44.343256 libssl.so.3->EVP_PKEY_derive_init(0x5ec218d142e0, 0, 176, 0x5ec218d142e0) = 1 <0.000372>
[pid 383] 14:58:44.343698 libssl.so.3->EVP_PKEY_derive_set_peer(0x5ec218d142e0, 0x5ec218d140c0, 0, 0x5ec218d0e690) = 1 <0.000173>
[pid 383] 14:58:44.343930 libssl.so.3->EVP_PKEY_derive(0x5ec218d142e0, 0, 0x7ffd06671320, 7) = 1 <0.000134>
[pid 383] 14:58:44.344118 libssl.so.3->EVP_PKEY_derive(0x5ec218d142e0, 0x5ec218d09ce0, 0x7ffd06671320, 6) = 1 <0.003248>
[pid 383] 14:58:44.348464 libssl.so.3->X509_verify_cert(0x5ec218d07b60, 0, 0x8000, 0xffffffff) = 1 <0.000765>
[pid 383] 14:58:44.349515 libssl.so.3->EVP_DigestVerifyInit_ex(0x5ec218d0a830, 0x7ffd066713c8, 0, 0) = 1 <0.000177>
[pid 383] 14:58:44.349802 libssl.so.3->EVP_DigestVerify(0x5ec218d0a830, 0x5ec218d163f8, 4627, 0x7ffd066713d0) = 1 <0.000296>
[pid 383] 14:58:44.350591 libssl.so.3->X509_verify_cert(0x5ec218d07b60, 1, 1, 0) = 1 <0.000503>
[pid 383] 14:58:44.351706 libssl.so.3->EVP_DigestSignInit_ex(0x5ec218d0a210, 0x7ffd066713b0, 0, 0) = 1 <0.000251>
[pid 383] 14:58:44.352045 libssl.so.3->EVP_DigestSign(0x5ec218d0a210, 0, 0x7ffd066713c0, 0x7ffd066713d0) = 1 <0.000208>
[pid 383] 14:58:44.352314 libssl.so.3->EVP_DigestSign(0x5ec218d0a210, 0x5ec218d1a4c0, 0x7ffd066713c0, 0x7ffd066713d0) = 1 <0.000582>
[pid 383] 14:58:44.353332 <... SSL_connect resumed> ) = 1 <0.023176>
Handshake duration: 23.48 ms
[pid 383] 14:58:44.357780 +++ exited (status 0) +++
Execution 93 - TLS Mutual
s_connection: verify depth is 1
[pid 385] 14:58:44.414328 openssl->SSL_connect(0x5fe25ffa0890, 0x5fe25ff72e50, 0x5fe25ff72e50, 0x7816dc43a360 <unfinished ...>
[pid 385] 14:58:44.414886 libssl.so.3->EVP_PKEY_keygen_init(0x5fe25ff74580, 0, 176, 0x5fe25ff74580) = 1 <0.000197>
[pid 385] 14:58:44.415129 libssl.so.3->EVP_PKEY_keygen(0x5fe25ff74580, 0x7ffeff53eb60, 0, 103) = 1 <0.002808>
[pid 385] 14:58:44.424542 libssl.so.3->EVP_PKEY_derive_init(0x5fe25ffa52e0, 0, 176, 0x5fe25ffa52e0) = 1 <0.000229>
[pid 385] 14:58:44.424846 libssl.so.3->EVP_PKEY_derive_set_peer(0x5fe25ffa52e0, 0x5fe25ffa50c0, 0, 0x5fe25ff9f690) = 1 <0.000153>
[pid 385] 14:58:44.425054 libssl.so.3->EVP_PKEY_derive(0x5fe25ffa52e0, 0, 0x7ffeff53eb20, 7) = 1 <0.000136>
[pid 385] 14:58:44.425236 libssl.so.3->EVP_PKEY_derive(0x5fe25ffa52e0, 0x5fe25ff9ace0, 0x7ffeff53eb20, 6) = 1 <0.002710>
[pid 385] 14:58:44.428709 libssl.so.3->X509_verify_cert(0x5fe25ff98b60, 0, 0x8000, 0xffffffff) = 1 <0.000527>
[pid 385] 14:58:44.429487 libssl.so.3->EVP_DigestVerifyInit_ex(0x5fe25ff9b830, 0x7ffeff53ebc8, 0, 0) = 1 <0.000135>
[pid 385] 14:58:44.429667 libssl.so.3->EVP_DigestVerify(0x5fe25ff9b830, 0x5fe25ffa73f8, 4627, 0x7ffeff53ebd0) = 1 <0.000254>
[pid 385] 14:58:44.430131 libssl.so.3->X509_verify_cert(0x5fe25ff98b60, 1, 1, 0) = 1 <0.000261>
[pid 385] 14:58:44.430718 libssl.so.3->EVP_DigestSignInit_ex(0x5fe25ff9b210, 0x7ffeff53ebb0, 0, 0) = 1 <0.000130>
[pid 385] 14:58:44.430892 libssl.so.3->EVP_DigestSign(0x5fe25ff9b210, 0, 0x7ffeff53ebc0, 0x7ffeff53ebd0) = 1 <0.000107>
[pid 385] 14:58:44.431045 libssl.so.3->EVP_DigestSign(0x5fe25ff9b210, 0x5fe25ffab4c0, 0x7ffeff53ebc0, 0x7ffeff53ebd0) = 1 <0.000391>
[pid 385] 14:58:44.431707 <... SSL_connect resumed> ) = 1 <0.017385>
Handshake duration: 17.57 ms
[pid 385] 14:58:44.433925 +++ exited (status 0) +++
Execution 94 - TLS Mutual
s_connection: verify depth is 1
[pid 387] 14:58:44.489375 openssl->SSL_connect(0x602e9eb91890, 0x602e9eb63e50, 0x602e9eb63e50, 0x7fcc36006360 <unfinished ...>
[pid 387] 14:58:44.489827 libssl.so.3->EVP_PKEY_keygen_init(0x602e9eb65580, 0, 176, 0x602e9eb65580) = 1 <0.000161>
[pid 387] 14:58:44.490040 libssl.so.3->EVP_PKEY_keygen(0x602e9eb65580, 0x7ffc6faff500, 0, 103) = 1 <0.002816>
[pid 387] 14:58:44.499359 libssl.so.3->EVP_PKEY_derive_init(0x602e9eb962e0, 0, 176, 0x602e9eb962e0) = 1 <0.000278>
[pid 387] 14:58:44.499766 libssl.so.3->EVP_PKEY_derive_set_peer(0x602e9eb962e0, 0x602e9eb960c0, 0, 0x602e9eb90690) = 1 <0.000205>
[pid 387] 14:58:44.500027 libssl.so.3->EVP_PKEY_derive(0x602e9eb962e0, 0, 0x7ffc6faff4c0, 7) = 1 <0.000135>
[pid 387] 14:58:44.500201 libssl.so.3->EVP_PKEY_derive(0x602e9eb962e0, 0x602e9eb8bce0, 0x7ffc6faff4c0, 6) = 1 <0.002687>
[pid 387] 14:58:44.503735 libssl.so.3->X509_verify_cert(0x602e9eb89b60, 0, 0x8000, 0xffffffff) = 1 <0.000673>
[pid 387] 14:58:44.504659 libssl.so.3->EVP_DigestVerifyInit_ex(0x602e9eb8c830, 0x7ffc6faff568, 0, 0) = 1 <0.000143>
[pid 387] 14:58:44.504846 libssl.so.3->EVP_DigestVerify(0x602e9eb8c830, 0x602e9eb983f8, 4627, 0x7ffc6faff570) = 1 <0.000203>
[pid 387] 14:58:44.505256 libssl.so.3->X509_verify_cert(0x602e9eb89b60, 1, 1, 0) = 1 <0.000257>
[pid 387] 14:58:44.505853 libssl.so.3->EVP_DigestSignInit_ex(0x602e9eb8c210, 0x7ffc6faff550, 0, 0) = 1 <0.000158>
[pid 387] 14:58:44.506054 libssl.so.3->EVP_DigestSign(0x602e9eb8c210, 0, 0x7ffc6faff560, 0x7ffc6faff570) = 1 <0.000114>
[pid 387] 14:58:44.506211 libssl.so.3->EVP_DigestSign(0x602e9eb8c210, 0x602e9eb9c4c0, 0x7ffc6faff560, 0x7ffc6faff570) = 1 <0.000409>
[pid 387] 14:58:44.506934 <... SSL_connect resumed> ) = 1 <0.017568>
Handshake duration: 17.74 ms
[pid 387] 14:58:44.509296 +++ exited (status 0) +++
Execution 95 - TLS Mutual
s_connection: verify depth is 1
[pid 389] 14:58:44.566286 openssl->SSL_connect(0x603237529890, 0x6032374fbe50, 0x6032374fbe50, 0x7707e23ec360 <unfinished ...>
[pid 389] 14:58:44.566768 libssl.so.3->EVP_PKEY_keygen_init(0x6032374fd580, 0, 176, 0x6032374fd580) = 1 <0.000186>
[pid 389] 14:58:44.567018 libssl.so.3->EVP_PKEY_keygen(0x6032374fd580, 0x7fffa6746530, 0, 103) = 1 <0.002928>
[pid 389] 14:58:44.577356 libssl.so.3->EVP_PKEY_derive_init(0x60323752e2e0, 0, 176, 0x60323752e2e0) = 1 <0.000248>
[pid 389] 14:58:44.577642 libssl.so.3->EVP_PKEY_derive_set_peer(0x60323752e2e0, 0x60323752e0c0, 0, 0x603237528690) = 1 <0.000122>
[pid 389] 14:58:44.577805 libssl.so.3->EVP_PKEY_derive(0x60323752e2e0, 0, 0x7fffa67464f0, 7) = 1 <0.000105>
[pid 389] 14:58:44.577954 libssl.so.3->EVP_PKEY_derive(0x60323752e2e0, 0x603237523ce0, 0x7fffa67464f0, 6) = 1 <0.002821>
[pid 389] 14:58:44.581557 libssl.so.3->X509_verify_cert(0x603237521b60, 0, 0x8000, 0xffffffff) = 1 <0.000550>
[pid 389] 14:58:44.582333 libssl.so.3->EVP_DigestVerifyInit_ex(0x603237524830, 0x7fffa6746598, 0, 0) = 1 <0.000192>
[pid 389] 14:58:44.582572 libssl.so.3->EVP_DigestVerify(0x603237524830, 0x6032375303f8, 4627, 0x7fffa67465a0) = 1 <0.000242>
[pid 389] 14:58:44.583172 libssl.so.3->X509_verify_cert(0x603237521b60, 1, 1, 0) = 1 <0.000271>
[pid 389] 14:58:44.583780 libssl.so.3->EVP_DigestSignInit_ex(0x603237524210, 0x7fffa6746580, 0, 0) = 1 <0.000144>
[pid 389] 14:58:44.583968 libssl.so.3->EVP_DigestSign(0x603237524210, 0, 0x7fffa6746590, 0x7fffa67465a0) = 1 <0.000118>
[pid 389] 14:58:44.584128 libssl.so.3->EVP_DigestSign(0x603237524210, 0x6032375344c0, 0x7fffa6746590, 0x7fffa67465a0) = 1 <0.000373>
[pid 389] 14:58:44.584748 <... SSL_connect resumed> ) = 1 <0.018482>
Handshake duration: 18.66 ms
[pid 389] 14:58:44.587138 +++ exited (status 0) +++
Execution 96 - TLS Mutual
s_connection: verify depth is 1
[pid 391] 14:58:44.641872 openssl->SSL_connect(0x567280209890, 0x5672801dbe50, 0x5672801dbe50, 0x77bbc639b360 <unfinished ...>
[pid 391] 14:58:44.642334 libssl.so.3->EVP_PKEY_keygen_init(0x5672801dd580, 0, 176, 0x5672801dd580) = 1 <0.000205>
[pid 391] 14:58:44.642612 libssl.so.3->EVP_PKEY_keygen(0x5672801dd580, 0x7fff43371750, 0, 103) = 1 <0.003219>
[pid 391] 14:58:44.652703 libssl.so.3->EVP_PKEY_derive_init(0x56728020e2e0, 0, 176, 0x56728020e2e0) = 1 <0.000219>
[pid 391] 14:58:44.653000 libssl.so.3->EVP_PKEY_derive_set_peer(0x56728020e2e0, 0x56728020e0c0, 0, 0x567280208690) = 1 <0.000180>
[pid 391] 14:58:44.653245 libssl.so.3->EVP_PKEY_derive(0x56728020e2e0, 0, 0x7fff43371710, 7) = 1 <0.000145>
[pid 391] 14:58:44.653460 libssl.so.3->EVP_PKEY_derive(0x56728020e2e0, 0x567280203ce0, 0x7fff43371710, 6) = 1 <0.002774>
[pid 391] 14:58:44.656995 libssl.so.3->X509_verify_cert(0x567280201b60, 0, 0x8000, 0xffffffff) = 1 <0.000581>
[pid 391] 14:58:44.657819 libssl.so.3->EVP_DigestVerifyInit_ex(0x567280204830, 0x7fff433717b8, 0, 0) = 1 <0.000140>
[pid 391] 14:58:44.658003 libssl.so.3->EVP_DigestVerify(0x567280204830, 0x5672802103f8, 4627, 0x7fff433717c0) = 1 <0.000226>
[pid 391] 14:58:44.658457 libssl.so.3->X509_verify_cert(0x567280201b60, 1, 1, 0) = 1 <0.000263>
[pid 391] 14:58:44.659016 libssl.so.3->EVP_DigestSignInit_ex(0x567280204210, 0x7fff433717a0, 0, 0) = 1 <0.000126>
[pid 391] 14:58:44.659186 libssl.so.3->EVP_DigestSign(0x567280204210, 0, 0x7fff433717b0, 0x7fff433717c0) = 1 <0.000120>
[pid 391] 14:58:44.659347 libssl.so.3->EVP_DigestSign(0x567280204210, 0x5672802144c0, 0x7fff433717b0, 0x7fff433717c0) = 1 <0.000366>
[pid 391] 14:58:44.659972 <... SSL_connect resumed> ) = 1 <0.018110>
Handshake duration: 18.27 ms
[pid 391] 14:58:44.662203 +++ exited (status 0) +++
Execution 97 - TLS Mutual
s_connection: verify depth is 1
[pid 393] 14:58:44.719739 openssl->SSL_connect(0x5ea26f030890, 0x5ea26f002e50, 0x5ea26f002e50, 0x7d6d1ec20360 <unfinished ...>
[pid 393] 14:58:44.720199 libssl.so.3->EVP_PKEY_keygen_init(0x5ea26f004580, 0, 176, 0x5ea26f004580) = 1 <0.000186>
[pid 393] 14:58:44.720437 libssl.so.3->EVP_PKEY_keygen(0x5ea26f004580, 0x7ffe8b3cc700, 0, 103) = 1 <0.002765>
[pid 393] 14:58:44.729860 libssl.so.3->EVP_PKEY_derive_init(0x5ea26f0352e0, 0, 176, 0x5ea26f0352e0) = 1 <0.000189>
[pid 393] 14:58:44.730089 libssl.so.3->EVP_PKEY_derive_set_peer(0x5ea26f0352e0, 0x5ea26f0350c0, 0, 0x5ea26f02f690) = 1 <0.000118>
[pid 393] 14:58:44.730250 libssl.so.3->EVP_PKEY_derive(0x5ea26f0352e0, 0, 0x7ffe8b3cc6c0, 7) = 1 <0.000118>
[pid 393] 14:58:44.730412 libssl.so.3->EVP_PKEY_derive(0x5ea26f0352e0, 0x5ea26f02ace0, 0x7ffe8b3cc6c0, 6) = 1 <0.002713>
[pid 393] 14:58:44.733847 libssl.so.3->X509_verify_cert(0x5ea26f028b60, 0, 0x8000, 0xffffffff) = 1 <0.000529>
[pid 393] 14:58:44.734615 libssl.so.3->EVP_DigestVerifyInit_ex(0x5ea26f02b830, 0x7ffe8b3cc768, 0, 0) = 1 <0.000121>
[pid 393] 14:58:44.734781 libssl.so.3->EVP_DigestVerify(0x5ea26f02b830, 0x5ea26f0373f8, 4627, 0x7ffe8b3cc770) = 1 <0.000211>
[pid 393] 14:58:44.735206 libssl.so.3->X509_verify_cert(0x5ea26f028b60, 1, 1, 0) = 1 <0.000263>
[pid 393] 14:58:44.735809 libssl.so.3->EVP_DigestSignInit_ex(0x5ea26f02b210, 0x7ffe8b3cc750, 0, 0) = 1 <0.000122>
[pid 393] 14:58:44.735978 libssl.so.3->EVP_DigestSign(0x5ea26f02b210, 0, 0x7ffe8b3cc760, 0x7ffe8b3cc770) = 1 <0.000124>
[pid 393] 14:58:44.736148 libssl.so.3->EVP_DigestSign(0x5ea26f02b210, 0x5ea26f03b4c0, 0x7ffe8b3cc760, 0x7ffe8b3cc770) = 1 <0.000483>
[pid 393] 14:58:44.736905 <... SSL_connect resumed> ) = 1 <0.017176>
Handshake duration: 17.34 ms
[pid 393] 14:58:44.739153 +++ exited (status 0) +++
Execution 98 - TLS Mutual
s_connection: verify depth is 1
[pid 395] 14:58:44.797549 openssl->SSL_connect(0x5bc8a553d890, 0x5bc8a550fe50, 0x5bc8a550fe50, 0x7784c12f5360 <unfinished ...>
[pid 395] 14:58:44.798024 libssl.so.3->EVP_PKEY_keygen_init(0x5bc8a5511580, 0, 176, 0x5bc8a5511580) = 1 <0.000199>
[pid 395] 14:58:44.798270 libssl.so.3->EVP_PKEY_keygen(0x5bc8a5511580, 0x7ffd15ec4120, 0, 103) = 1 <0.003059>
[pid 395] 14:58:44.809514 libssl.so.3->EVP_PKEY_derive_init(0x5bc8a55422e0, 0, 176, 0x5bc8a55422e0) = 1 <0.000242>
[pid 395] 14:58:44.809802 libssl.so.3->EVP_PKEY_derive_set_peer(0x5bc8a55422e0, 0x5bc8a55420c0, 0, 0x5bc8a553c690) = 1 <0.000129>
[pid 395] 14:58:44.809971 libssl.so.3->EVP_PKEY_derive(0x5bc8a55422e0, 0, 0x7ffd15ec40e0, 7) = 1 <0.000108>
[pid 395] 14:58:44.810125 libssl.so.3->EVP_PKEY_derive(0x5bc8a55422e0, 0x5bc8a5537ce0, 0x7ffd15ec40e0, 6) = 1 <0.003045>
[pid 395] 14:58:44.814036 libssl.so.3->X509_verify_cert(0x5bc8a5535b60, 0, 0x8000, 0xffffffff) = 1 <0.000674>
[pid 395] 14:58:44.814987 libssl.so.3->EVP_DigestVerifyInit_ex(0x5bc8a5538830, 0x7ffd15ec4188, 0, 0) = 1 <0.000148>
[pid 395] 14:58:44.815190 libssl.so.3->EVP_DigestVerify(0x5bc8a5538830, 0x5bc8a55443f8, 4627, 0x7ffd15ec4190) = 1 <0.000290>
[pid 395] 14:58:44.815769 libssl.so.3->X509_verify_cert(0x5bc8a5535b60, 1, 1, 0) = 1 <0.000353>
[pid 395] 14:58:44.816837 libssl.so.3->EVP_DigestSignInit_ex(0x5bc8a5538210, 0x7ffd15ec4170, 0, 0) = 1 <0.000185>
[pid 395] 14:58:44.817079 libssl.so.3->EVP_DigestSign(0x5bc8a5538210, 0, 0x7ffd15ec4180, 0x7ffd15ec4190) = 1 <0.000116>
[pid 395] 14:58:44.817240 libssl.so.3->EVP_DigestSign(0x5bc8a5538210, 0x5bc8a55484c0, 0x7ffd15ec4180, 0x7ffd15ec4190) = 1 <0.000431>
[pid 395] 14:58:44.817940 <... SSL_connect resumed> ) = 1 <0.020405>
Handshake duration: 20.60 ms
[pid 395] 14:58:44.820621 +++ exited (status 0) +++
Execution 99 - TLS Mutual
s_connection: verify depth is 1
[pid 397] 14:58:44.879146 openssl->SSL_connect(0x562bee03e890, 0x562bee010e50, 0x562bee010e50, 0x73c9593e3360 <unfinished ...>
[pid 397] 14:58:44.879744 libssl.so.3->EVP_PKEY_keygen_init(0x562bee012580, 0, 176, 0x562bee012580) = 1 <0.000257>
[pid 397] 14:58:44.880087 libssl.so.3->EVP_PKEY_keygen(0x562bee012580, 0x7fff4ddf10e0, 0, 103) = 1 <0.002907>
[pid 397] 14:58:44.890510 libssl.so.3->EVP_PKEY_derive_init(0x562bee0432e0, 0, 176, 0x562bee0432e0) = 1 <0.000175>
[pid 397] 14:58:44.890725 libssl.so.3->EVP_PKEY_derive_set_peer(0x562bee0432e0, 0x562bee0430c0, 0, 0x562bee03d690) = 1 <0.000142>
[pid 397] 14:58:44.890938 libssl.so.3->EVP_PKEY_derive(0x562bee0432e0, 0, 0x7fff4ddf10a0, 7) = 1 <0.000136>
[pid 397] 14:58:44.891122 libssl.so.3->EVP_PKEY_derive(0x562bee0432e0, 0x562bee038ce0, 0x7fff4ddf10a0, 6) = 1 <0.002754>
[pid 397] 14:58:44.894615 libssl.so.3->X509_verify_cert(0x562bee036b60, 0, 0x8000, 0xffffffff) = 1 <0.000575>
[pid 397] 14:58:44.895431 libssl.so.3->EVP_DigestVerifyInit_ex(0x562bee039830, 0x7fff4ddf1148, 0, 0) = 1 <0.000170>
[pid 397] 14:58:44.895653 libssl.so.3->EVP_DigestVerify(0x562bee039830, 0x562bee0453f8, 4627, 0x7fff4ddf1150) = 1 <0.000245>
[pid 397] 14:58:44.896114 libssl.so.3->X509_verify_cert(0x562bee036b60, 1, 1, 0) = 1 <0.000255>
[pid 397] 14:58:44.896721 libssl.so.3->EVP_DigestSignInit_ex(0x562bee039210, 0x7fff4ddf1130, 0, 0) = 1 <0.000118>
[pid 397] 14:58:44.896877 libssl.so.3->EVP_DigestSign(0x562bee039210, 0, 0x7fff4ddf1140, 0x7fff4ddf1150) = 1 <0.000118>
[pid 397] 14:58:44.897039 libssl.so.3->EVP_DigestSign(0x562bee039210, 0x562bee0494c0, 0x7fff4ddf1140, 0x7fff4ddf1150) = 1 <0.000332>
[pid 397] 14:58:44.897656 <... SSL_connect resumed> ) = 1 <0.018546>
Handshake duration: 18.75 ms
[pid 397] 14:58:44.900485 +++ exited (status 0) +++
Execution 100 - TLS Mutual
s_connection: verify depth is 1
[pid 399] 14:58:44.956779 openssl->SSL_connect(0x6105fd639890, 0x6105fd60be50, 0x6105fd60be50, 0x72e8edb2d360 <unfinished ...>
[pid 399] 14:58:44.957174 libssl.so.3->EVP_PKEY_keygen_init(0x6105fd60d580, 0, 176, 0x6105fd60d580) = 1 <0.000145>
[pid 399] 14:58:44.957374 libssl.so.3->EVP_PKEY_keygen(0x6105fd60d580, 0x7ffd205af3b0, 0, 103) = 1 <0.002794>
[pid 399] 14:58:44.966821 libssl.so.3->EVP_PKEY_derive_init(0x6105fd63e2e0, 0, 176, 0x6105fd63e2e0) = 1 <0.000204>
[pid 399] 14:58:44.967070 libssl.so.3->EVP_PKEY_derive_set_peer(0x6105fd63e2e0, 0x6105fd63e0c0, 0, 0x6105fd638690) = 1 <0.000132>
[pid 399] 14:58:44.967245 libssl.so.3->EVP_PKEY_derive(0x6105fd63e2e0, 0, 0x7ffd205af370, 7) = 1 <0.000116>
[pid 399] 14:58:44.967414 libssl.so.3->EVP_PKEY_derive(0x6105fd63e2e0, 0x6105fd633ce0, 0x7ffd205af370, 6) = 1 <0.002683>
[pid 399] 14:58:44.970815 libssl.so.3->X509_verify_cert(0x6105fd631b60, 0, 0x8000, 0xffffffff) = 1 <0.000562>
[pid 399] 14:58:44.971608 libssl.so.3->EVP_DigestVerifyInit_ex(0x6105fd634830, 0x7ffd205af418, 0, 0) = 1 <0.000138>
[pid 399] 14:58:44.971793 libssl.so.3->EVP_DigestVerify(0x6105fd634830, 0x6105fd6403f8, 4627, 0x7ffd205af420) = 1 <0.000216>
[pid 399] 14:58:44.972204 libssl.so.3->X509_verify_cert(0x6105fd631b60, 1, 1, 0) = 1 <0.000268>
[pid 399] 14:58:44.972775 libssl.so.3->EVP_DigestSignInit_ex(0x6105fd634210, 0x7ffd205af400, 0, 0) = 1 <0.000120>
[pid 399] 14:58:44.972940 libssl.so.3->EVP_DigestSign(0x6105fd634210, 0, 0x7ffd205af410, 0x7ffd205af420) = 1 <0.000128>
[pid 399] 14:58:44.973110 libssl.so.3->EVP_DigestSign(0x6105fd634210, 0x6105fd6444c0, 0x7ffd205af410, 0x7ffd205af420) = 1 <0.000443>
[pid 399] 14:58:44.973794 <... SSL_connect resumed> ) = 1 <0.017025>
Handshake duration: 17.20 ms
[pid 399] 14:58:44.975845 +++ exited (status 0) +++
Applying netem rules to lo...
Showing qdisc status for the interface: lo
qdisc netem 83d6: root refcnt 2 limit 1000 seed 17620030575475300876
 Sent 0 bytes 0 pkt (dropped 0, overlimits 0 requeues 0) 
 backlog 0b 0p requeues 0
Running /opt/oqssa/perftestClientTlsQuic_ltrace.sh with SIG_ALG=mldsa87 and KEM_ALG=mlkem1024
Execution 1 - TLS Mutual
s_connection: verify depth is 1
[pid 201] 14:59:07.616417 openssl->SSL_connect(0x5ff88a64b890, 0x5ff88a61de50, 0x5ff88a61de50, 0x74c93b4c7360 <unfinished ...>
[pid 201] 14:59:07.616861 libssl.so.3->EVP_PKEY_keygen_init(0x5ff88a61f580, 0, 176, 0x5ff88a61f580) = 1 <0.000139>
[pid 201] 14:59:07.617043 libssl.so.3->EVP_PKEY_keygen(0x5ff88a61f580, 0x7ffc9ca69620, 0, 103 <unfinished ...>
[pid 201] 14:59:07.617169 oqsprovider.so->OQS_KEM_new(0x5ff88a6439a0, 8, 0, 0x5ff88a650250) = 0x5ff88a650270 <0.000117>
[pid 201] 14:59:07.617358 oqsprovider.so->OQS_KEM_keypair(0x5ff88a650270, 0x5ff88a6502f0, 0x5ff88a645bf0, 0x5ff88a650250) = 0 <0.000392>
[pid 201] 14:59:07.617810 <... EVP_PKEY_keygen resumed> ) = 1 <0.000760>
[pid 201] 14:59:07.619903 libssl.so.3->EVP_PKEY_decapsulate_init(0x5ff88a61f580, 0, 176, 0x5ff88a61f580) = 1 <0.000410>
[pid 201] 14:59:07.620424 libssl.so.3->EVP_PKEY_decapsulate(0x5ff88a61f580, 0, 0x7ffc9ca695e0, 0x5ff88a65244a) = 1 <0.000217>
[pid 201] 14:59:07.620732 libssl.so.3->EVP_PKEY_decapsulate(0x5ff88a61f580, 0x5ff88a647ac0, 0x7ffc9ca695e0, 0x5ff88a65244a <unfinished ...>
[pid 201] 14:59:07.620967 oqsprovider.so->OQS_KEM_decaps(0x5ff88a650270, 0x5ff88a647ac0, 0x5ff88a65244a, 0x5ff88a645bf0) = 0 <0.000256>
[pid 201] 14:59:07.621302 <... EVP_PKEY_decapsulate resumed> ) = 1 <0.000559>
[pid 201] 14:59:07.622449 libssl.so.3->X509_verify_cert(0x5ff88a643b60, 0, 0x8000, 0xffffffff) = 1 <0.000563>
[pid 201] 14:59:07.623305 libssl.so.3->EVP_DigestVerifyInit_ex(0x5ff88a56f810, 0x7ffc9ca69688, 0, 0) = 1 <0.000168>
[pid 201] 14:59:07.623525 libssl.so.3->EVP_DigestVerify(0x5ff88a56f810, 0x5ff88a6523f8, 4627, 0x7ffc9ca69690) = 1 <0.000299>
[pid 201] 14:59:07.624059 libssl.so.3->X509_verify_cert(0x5ff88a643b60, 1, 1, 0) = 1 <0.000259>
[pid 201] 14:59:07.624740 libssl.so.3->EVP_DigestSignInit_ex(0x5ff88a670170, 0x7ffc9ca69670, 0, 0) = 1 <0.000190>
[pid 201] 14:59:07.624985 libssl.so.3->EVP_DigestSign(0x5ff88a670170, 0, 0x7ffc9ca69680, 0x7ffc9ca69690) = 1 <0.000178>
[pid 201] 14:59:07.625236 libssl.so.3->EVP_DigestSign(0x5ff88a670170, 0x5ff88a658960, 0x7ffc9ca69680, 0x7ffc9ca69690) = 1 <0.000438>
[pid 201] 14:59:07.626044 <... SSL_connect resumed> ) = 1 <0.009633>
[pid 201] 14:59:07.626306 oqsprovider.so->OQS_KEM_free(0x5ff88a650270, 0x5ff88a650220, 2, 0x5ff88a650240) = 4 <0.000227>
Handshake duration: 9.88 ms
[pid 201] 14:59:07.628849 +++ exited (status 0) +++
Execution 2 - TLS Mutual
s_connection: verify depth is 1
[pid 203] 14:59:07.686488 openssl->SSL_connect(0x5fb48b2f7890, 0x5fb48b2c9e50, 0x5fb48b2c9e50, 0x72b82670a360 <unfinished ...>
[pid 203] 14:59:07.687027 libssl.so.3->EVP_PKEY_keygen_init(0x5fb48b2cb580, 0, 176, 0x5fb48b2cb580) = 1 <0.000195>
[pid 203] 14:59:07.687273 libssl.so.3->EVP_PKEY_keygen(0x5fb48b2cb580, 0x7fff9fc095b0, 0, 103 <unfinished ...>
[pid 203] 14:59:07.687416 oqsprovider.so->OQS_KEM_new(0x5fb48b2ef9a0, 8, 0, 0x5fb48b2fc250) = 0x5fb48b2fc270 <0.000115>
[pid 203] 14:59:07.687582 oqsprovider.so->OQS_KEM_keypair(0x5fb48b2fc270, 0x5fb48b2fc2f0, 0x5fb48b2f1bf0, 0x5fb48b2fc250) = 0 <0.000336>
[pid 203] 14:59:07.687970 <... EVP_PKEY_keygen resumed> ) = 1 <0.000691>
[pid 203] 14:59:07.689543 libssl.so.3->EVP_PKEY_decapsulate_init(0x5fb48b2cb580, 0, 176, 0x5fb48b2cb580) = 1 <0.000253>
[pid 203] 14:59:07.689840 libssl.so.3->EVP_PKEY_decapsulate(0x5fb48b2cb580, 0, 0x7fff9fc09570, 0x5fb48b2fe44a) = 1 <0.000107>
[pid 203] 14:59:07.689992 libssl.so.3->EVP_PKEY_decapsulate(0x5fb48b2cb580, 0x5fb48b2f3ac0, 0x7fff9fc09570, 0x5fb48b2fe44a <unfinished ...>
[pid 203] 14:59:07.690115 oqsprovider.so->OQS_KEM_decaps(0x5fb48b2fc270, 0x5fb48b2f3ac0, 0x5fb48b2fe44a, 0x5fb48b2f1bf0) = 0 <0.000173>
[pid 203] 14:59:07.690332 <... EVP_PKEY_decapsulate resumed> ) = 1 <0.000335>
[pid 203] 14:59:07.691078 libssl.so.3->X509_verify_cert(0x5fb48b2efb60, 0, 0x8000, 0xffffffff) = 1 <0.000438>
[pid 203] 14:59:07.691724 libssl.so.3->EVP_DigestVerifyInit_ex(0x5fb48b21b810, 0x7fff9fc09618, 0, 0) = 1 <0.000130>
[pid 203] 14:59:07.691898 libssl.so.3->EVP_DigestVerify(0x5fb48b21b810, 0x5fb48b2fe3f8, 4627, 0x7fff9fc09620) = 1 <0.000218>
[pid 203] 14:59:07.692346 libssl.so.3->X509_verify_cert(0x5fb48b2efb60, 1, 1, 0) = 1 <0.000289>
[pid 203] 14:59:07.692996 libssl.so.3->EVP_DigestSignInit_ex(0x5fb48b31c170, 0x7fff9fc09600, 0, 0) = 1 <0.000136>
[pid 203] 14:59:07.693180 libssl.so.3->EVP_DigestSign(0x5fb48b31c170, 0, 0x7fff9fc09610, 0x7fff9fc09620) = 1 <0.000125>
[pid 203] 14:59:07.693369 libssl.so.3->EVP_DigestSign(0x5fb48b31c170, 0x5fb48b304960, 0x7fff9fc09610, 0x7fff9fc09620) = 1 <0.000364>
[pid 203] 14:59:07.694200 <... SSL_connect resumed> ) = 1 <0.007715>
[pid 203] 14:59:07.694449 oqsprovider.so->OQS_KEM_free(0x5fb48b2fc270, 0x5fb48b2fc220, 2, 0x5fb48b2fc240) = 4 <0.000127>
Handshake duration: 7.89 ms
[pid 203] 14:59:07.696925 +++ exited (status 0) +++
Execution 3 - TLS Mutual
s_connection: verify depth is 1
[pid 205] 14:59:07.752989 openssl->SSL_connect(0x55d9d4a6b890, 0x55d9d4a3de50, 0x55d9d4a3de50, 0x7783656f7360 <unfinished ...>
[pid 205] 14:59:07.753462 libssl.so.3->EVP_PKEY_keygen_init(0x55d9d4a3f580, 0, 176, 0x55d9d4a3f580) = 1 <0.000172>
[pid 205] 14:59:07.753730 libssl.so.3->EVP_PKEY_keygen(0x55d9d4a3f580, 0x7fff25956d00, 0, 103 <unfinished ...>
[pid 205] 14:59:07.753867 oqsprovider.so->OQS_KEM_new(0x55d9d4a639a0, 8, 0, 0x55d9d4a70250) = 0x55d9d4a70270 <0.000116>
[pid 205] 14:59:07.754041 oqsprovider.so->OQS_KEM_keypair(0x55d9d4a70270, 0x55d9d4a702f0, 0x55d9d4a65bf0, 0x55d9d4a70250) = 0 <0.000409>
[pid 205] 14:59:07.754514 <... EVP_PKEY_keygen resumed> ) = 1 <0.000779>
[pid 205] 14:59:07.756087 libssl.so.3->EVP_PKEY_decapsulate_init(0x55d9d4a3f580, 0, 176, 0x55d9d4a3f580) = 1 <0.000345>
[pid 205] 14:59:07.756482 libssl.so.3->EVP_PKEY_decapsulate(0x55d9d4a3f580, 0, 0x7fff25956cc0, 0x55d9d4a7244a) = 1 <0.000121>
[pid 205] 14:59:07.756648 libssl.so.3->EVP_PKEY_decapsulate(0x55d9d4a3f580, 0x55d9d4a67ac0, 0x7fff25956cc0, 0x55d9d4a7244a <unfinished ...>
[pid 205] 14:59:07.756764 oqsprovider.so->OQS_KEM_decaps(0x55d9d4a70270, 0x55d9d4a67ac0, 0x55d9d4a7244a, 0x55d9d4a65bf0) = 0 <0.000165>
[pid 205] 14:59:07.756972 <... EVP_PKEY_decapsulate resumed> ) = 1 <0.000319>
[pid 205] 14:59:07.757738 libssl.so.3->X509_verify_cert(0x55d9d4a63b60, 0, 0x8000, 0xffffffff) = 1 <0.000408>
[pid 205] 14:59:07.758557 libssl.so.3->EVP_DigestVerifyInit_ex(0x55d9d498f810, 0x7fff25956d68, 0, 0) = 1 <0.000163>
[pid 205] 14:59:07.758771 libssl.so.3->EVP_DigestVerify(0x55d9d498f810, 0x55d9d4a723f8, 4627, 0x7fff25956d70) = 1 <0.000238>
[pid 205] 14:59:07.759212 libssl.so.3->X509_verify_cert(0x55d9d4a63b60, 1, 1, 0) = 1 <0.000276>
[pid 205] 14:59:07.759841 libssl.so.3->EVP_DigestSignInit_ex(0x55d9d4a90170, 0x7fff25956d50, 0, 0) = 1 <0.000132>
[pid 205] 14:59:07.760016 libssl.so.3->EVP_DigestSign(0x55d9d4a90170, 0, 0x7fff25956d60, 0x7fff25956d70) = 1 <0.000125>
[pid 205] 14:59:07.760203 libssl.so.3->EVP_DigestSign(0x55d9d4a90170, 0x55d9d4a78960, 0x7fff25956d60, 0x7fff25956d70) = 1 <0.000429>
[pid 205] 14:59:07.760925 <... SSL_connect resumed> ) = 1 <0.007945>
[pid 205] 14:59:07.761114 oqsprovider.so->OQS_KEM_free(0x55d9d4a70270, 0x55d9d4a70220, 2, 0x55d9d4a70240) = 4 <0.000122>
Handshake duration: 8.09 ms
[pid 205] 14:59:07.763383 +++ exited (status 0) +++
Execution 4 - TLS Mutual
s_connection: verify depth is 1
[pid 207] 14:59:07.820448 openssl->SSL_connect(0x5c2928eda890, 0x5c2928eace50, 0x5c2928eace50, 0x742d7a595360 <unfinished ...>
[pid 207] 14:59:07.820911 libssl.so.3->EVP_PKEY_keygen_init(0x5c2928eae580, 0, 176, 0x5c2928eae580) = 1 <0.000205>
[pid 207] 14:59:07.821176 libssl.so.3->EVP_PKEY_keygen(0x5c2928eae580, 0x7ffd5b28eff0, 0, 103 <unfinished ...>
[pid 207] 14:59:07.821330 oqsprovider.so->OQS_KEM_new(0x5c2928ed29a0, 8, 0, 0x5c2928edf250) = 0x5c2928edf270 <0.000154>
[pid 207] 14:59:07.821538 oqsprovider.so->OQS_KEM_keypair(0x5c2928edf270, 0x5c2928edf2f0, 0x5c2928ed4bf0, 0x5c2928edf250) = 0 <0.000346>
[pid 207] 14:59:07.821938 <... EVP_PKEY_keygen resumed> ) = 1 <0.000758>
[pid 207] 14:59:07.823436 libssl.so.3->EVP_PKEY_decapsulate_init(0x5c2928eae580, 0, 176, 0x5c2928eae580) = 1 <0.000304>
[pid 207] 14:59:07.823788 libssl.so.3->EVP_PKEY_decapsulate(0x5c2928eae580, 0, 0x7ffd5b28efb0, 0x5c2928ee144a) = 1 <0.000132>
[pid 207] 14:59:07.823967 libssl.so.3->EVP_PKEY_decapsulate(0x5c2928eae580, 0x5c2928ed6ac0, 0x7ffd5b28efb0, 0x5c2928ee144a <unfinished ...>
[pid 207] 14:59:07.824091 oqsprovider.so->OQS_KEM_decaps(0x5c2928edf270, 0x5c2928ed6ac0, 0x5c2928ee144a, 0x5c2928ed4bf0) = 0 <0.000190>
[pid 207] 14:59:07.824337 <... EVP_PKEY_decapsulate resumed> ) = 1 <0.000363>
[pid 207] 14:59:07.825065 libssl.so.3->X509_verify_cert(0x5c2928ed2b60, 0, 0x8000, 0xffffffff) = 1 <0.000431>
[pid 207] 14:59:07.825720 libssl.so.3->EVP_DigestVerifyInit_ex(0x5c2928dfe810, 0x7ffd5b28f058, 0, 0) = 1 <0.000148>
[pid 207] 14:59:07.825917 libssl.so.3->EVP_DigestVerify(0x5c2928dfe810, 0x5c2928ee13f8, 4627, 0x7ffd5b28f060) = 1 <0.000215>
[pid 207] 14:59:07.826340 libssl.so.3->X509_verify_cert(0x5c2928ed2b60, 1, 1, 0) = 1 <0.000267>
[pid 207] 14:59:07.826965 libssl.so.3->EVP_DigestSignInit_ex(0x5c2928eff170, 0x7ffd5b28f040, 0, 0) = 1 <0.000144>
[pid 207] 14:59:07.827154 libssl.so.3->EVP_DigestSign(0x5c2928eff170, 0, 0x7ffd5b28f050, 0x7ffd5b28f060) = 1 <0.000131>
[pid 207] 14:59:07.827330 libssl.so.3->EVP_DigestSign(0x5c2928eff170, 0x5c2928ee7960, 0x7ffd5b28f050, 0x7ffd5b28f060) = 1 <0.000566>
[pid 207] 14:59:07.828191 <... SSL_connect resumed> ) = 1 <0.007755>
[pid 207] 14:59:07.828403 oqsprovider.so->OQS_KEM_free(0x5c2928edf270, 0x5c2928edf220, 2, 0x5c2928edf240) = 4 <0.000131>
Handshake duration: 7.95 ms
[pid 207] 14:59:07.830545 +++ exited (status 0) +++
Execution 5 - TLS Mutual
s_connection: verify depth is 1
[pid 209] 14:59:07.890860 openssl->SSL_connect(0x586302b87890, 0x586302b59e50, 0x586302b59e50, 0x73d58b612360 <unfinished ...>
[pid 209] 14:59:07.891485 libssl.so.3->EVP_PKEY_keygen_init(0x586302b5b580, 0, 176, 0x586302b5b580) = 1 <0.000251>
[pid 209] 14:59:07.891827 libssl.so.3->EVP_PKEY_keygen(0x586302b5b580, 0x7ffe09617740, 0, 103 <unfinished ...>
[pid 209] 14:59:07.891995 oqsprovider.so->OQS_KEM_new(0x586302b7f9a0, 8, 0, 0x586302b8c250) = 0x586302b8c270 <0.000226>
[pid 209] 14:59:07.892317 oqsprovider.so->OQS_KEM_keypair(0x586302b8c270, 0x586302b8c2f0, 0x586302b81bf0, 0x586302b8c250) = 0 <0.000449>
[pid 209] 14:59:07.892835 <... EVP_PKEY_keygen resumed> ) = 1 <0.001006>
[pid 209] 14:59:07.894636 libssl.so.3->EVP_PKEY_decapsulate_init(0x586302b5b580, 0, 176, 0x586302b5b580) = 1 <0.000375>
[pid 209] 14:59:07.895088 libssl.so.3->EVP_PKEY_decapsulate(0x586302b5b580, 0, 0x7ffe09617700, 0x586302b8e44a) = 1 <0.000204>
[pid 209] 14:59:07.895348 libssl.so.3->EVP_PKEY_decapsulate(0x586302b5b580, 0x586302b83ac0, 0x7ffe09617700, 0x586302b8e44a <unfinished ...>
[pid 209] 14:59:07.895531 oqsprovider.so->OQS_KEM_decaps(0x586302b8c270, 0x586302b83ac0, 0x586302b8e44a, 0x586302b81bf0) = 0 <0.000237>
[pid 209] 14:59:07.895842 <... EVP_PKEY_decapsulate resumed> ) = 1 <0.000487>
[pid 209] 14:59:07.896712 libssl.so.3->X509_verify_cert(0x586302b7fb60, 0, 0x8000, 0xffffffff) = 1 <0.000502>
[pid 209] 14:59:07.897506 libssl.so.3->EVP_DigestVerifyInit_ex(0x586302aab810, 0x7ffe096177a8, 0, 0) = 1 <0.000329>
[pid 209] 14:59:07.897893 libssl.so.3->EVP_DigestVerify(0x586302aab810, 0x586302b8e3f8, 4627, 0x7ffe096177b0) = 1 <0.000257>
[pid 209] 14:59:07.898431 libssl.so.3->X509_verify_cert(0x586302b7fb60, 1, 1, 0) = 1 <0.000307>
[pid 209] 14:59:07.899185 libssl.so.3->EVP_DigestSignInit_ex(0x586302bac170, 0x7ffe09617790, 0, 0) = 1 <0.000198>
[pid 209] 14:59:07.899435 libssl.so.3->EVP_DigestSign(0x586302bac170, 0, 0x7ffe096177a0, 0x7ffe096177b0) = 1 <0.000179>
[pid 209] 14:59:07.899715 libssl.so.3->EVP_DigestSign(0x586302bac170, 0x586302b94960, 0x7ffe096177a0, 0x7ffe096177b0) = 1 <0.000422>
[pid 209] 14:59:07.900582 <... SSL_connect resumed> ) = 1 <0.009726>
[pid 209] 14:59:07.900852 oqsprovider.so->OQS_KEM_free(0x586302b8c270, 0x586302b8c220, 2, 0x586302b8c240) = 4 <0.000257>
Handshake duration: 9.97 ms
[pid 209] 14:59:07.903434 +++ exited (status 0) +++
Execution 6 - TLS Mutual
s_connection: verify depth is 1
[pid 211] 14:59:07.962793 openssl->SSL_connect(0x5b9d9f866890, 0x5b9d9f838e50, 0x5b9d9f838e50, 0x735b50cab360 <unfinished ...>
[pid 211] 14:59:07.963342 libssl.so.3->EVP_PKEY_keygen_init(0x5b9d9f83a580, 0, 176, 0x5b9d9f83a580) = 1 <0.000277>
[pid 211] 14:59:07.963689 libssl.so.3->EVP_PKEY_keygen(0x5b9d9f83a580, 0x7ffd34496e40, 0, 103 <unfinished ...>
[pid 211] 14:59:07.963845 oqsprovider.so->OQS_KEM_new(0x5b9d9f85e9a0, 8, 0, 0x5b9d9f86b250) = 0x5b9d9f86b270 <0.000142>
[pid 211] 14:59:07.964045 oqsprovider.so->OQS_KEM_keypair(0x5b9d9f86b270, 0x5b9d9f86b2f0, 0x5b9d9f860bf0, 0x5b9d9f86b250) = 0 <0.000443>
[pid 211] 14:59:07.964567 <... EVP_PKEY_keygen resumed> ) = 1 <0.000871>
[pid 211] 14:59:07.966459 libssl.so.3->EVP_PKEY_decapsulate_init(0x5b9d9f83a580, 0, 176, 0x5b9d9f83a580) = 1 <0.000424>
[pid 211] 14:59:07.967023 libssl.so.3->EVP_PKEY_decapsulate(0x5b9d9f83a580, 0, 0x7ffd34496e00, 0x5b9d9f86d44a) = 1 <0.000258>
[pid 211] 14:59:07.967346 libssl.so.3->EVP_PKEY_decapsulate(0x5b9d9f83a580, 0x5b9d9f862ac0, 0x7ffd34496e00, 0x5b9d9f86d44a <unfinished ...>
[pid 211] 14:59:07.967560 oqsprovider.so->OQS_KEM_decaps(0x5b9d9f86b270, 0x5b9d9f862ac0, 0x5b9d9f86d44a, 0x5b9d9f860bf0) = 0 <0.000223>
[pid 211] 14:59:07.967832 <... EVP_PKEY_decapsulate resumed> ) = 1 <0.000484>
[pid 211] 14:59:07.968837 libssl.so.3->X509_verify_cert(0x5b9d9f85eb60, 0, 0x8000, 0xffffffff) = 1 <0.000577>
[pid 211] 14:59:07.969729 libssl.so.3->EVP_DigestVerifyInit_ex(0x5b9d9f78a810, 0x7ffd34496ea8, 0, 0) = 1 <0.000187>
[pid 211] 14:59:07.969969 libssl.so.3->EVP_DigestVerify(0x5b9d9f78a810, 0x5b9d9f86d3f8, 4627, 0x7ffd34496eb0) = 1 <0.000271>
[pid 211] 14:59:07.970537 libssl.so.3->X509_verify_cert(0x5b9d9f85eb60, 1, 1, 0) = 1 <0.000304>
[pid 211] 14:59:07.971368 libssl.so.3->EVP_DigestSignInit_ex(0x5b9d9f88b170, 0x7ffd34496e90, 0, 0) = 1 <0.000232>
[pid 211] 14:59:07.971722 libssl.so.3->EVP_DigestSign(0x5b9d9f88b170, 0, 0x7ffd34496ea0, 0x7ffd34496eb0) = 1 <0.000197>
[pid 211] 14:59:07.971973 libssl.so.3->EVP_DigestSign(0x5b9d9f88b170, 0x5b9d9f873960, 0x7ffd34496ea0, 0x7ffd34496eb0) = 1 <0.000630>
[pid 211] 14:59:07.973087 <... SSL_connect resumed> ) = 1 <0.010296>
[pid 211] 14:59:07.973435 oqsprovider.so->OQS_KEM_free(0x5b9d9f86b270, 0x5b9d9f86b220, 2, 0x5b9d9f86b240) = 4 <0.000180>
Handshake duration: 10.58 ms
[pid 211] 14:59:07.976414 +++ exited (status 0) +++
Execution 7 - TLS Mutual
s_connection: verify depth is 1
[pid 213] 14:59:08.036275 openssl->SSL_connect(0x5675feb88890, 0x5675feb5ae50, 0x5675feb5ae50, 0x74a6c9aaa360 <unfinished ...>
[pid 213] 14:59:08.036762 libssl.so.3->EVP_PKEY_keygen_init(0x5675feb5c580, 0, 176, 0x5675feb5c580) = 1 <0.000223>
[pid 213] 14:59:08.037047 libssl.so.3->EVP_PKEY_keygen(0x5675feb5c580, 0x7ffe192fc650, 0, 103 <unfinished ...>
[pid 213] 14:59:08.037217 oqsprovider.so->OQS_KEM_new(0x5675feb809a0, 8, 0, 0x5675feb8d250) = 0x5675feb8d270 <0.000166>
[pid 213] 14:59:08.037450 oqsprovider.so->OQS_KEM_keypair(0x5675feb8d270, 0x5675feb8d2f0, 0x5675feb82bf0, 0x5675feb8d250) = 0 <0.000404>
[pid 213] 14:59:08.037933 <... EVP_PKEY_keygen resumed> ) = 1 <0.000879>
[pid 213] 14:59:08.039471 libssl.so.3->EVP_PKEY_decapsulate_init(0x5675feb5c580, 0, 176, 0x5675feb5c580) = 1 <0.000311>
[pid 213] 14:59:08.039893 libssl.so.3->EVP_PKEY_decapsulate(0x5675feb5c580, 0, 0x7ffe192fc610, 0x5675feb8f44a) = 1 <0.000217>
[pid 213] 14:59:08.040191 libssl.so.3->EVP_PKEY_decapsulate(0x5675feb5c580, 0x5675feb84ac0, 0x7ffe192fc610, 0x5675feb8f44a <unfinished ...>
[pid 213] 14:59:08.040357 oqsprovider.so->OQS_KEM_decaps(0x5675feb8d270, 0x5675feb84ac0, 0x5675feb8f44a, 0x5675feb82bf0) = 0 <0.000172>
[pid 213] 14:59:08.040569 <... EVP_PKEY_decapsulate resumed> ) = 1 <0.000372>
[pid 213] 14:59:08.041504 libssl.so.3->X509_verify_cert(0x5675feb80b60, 0, 0x8000, 0xffffffff) = 1 <0.000419>
[pid 213] 14:59:08.042149 libssl.so.3->EVP_DigestVerifyInit_ex(0x5675feaac810, 0x7ffe192fc6b8, 0, 0) = 1 <0.000143>
[pid 213] 14:59:08.042349 libssl.so.3->EVP_DigestVerify(0x5675feaac810, 0x5675feb8f3f8, 4627, 0x7ffe192fc6c0) = 1 <0.000233>
[pid 213] 14:59:08.042792 libssl.so.3->X509_verify_cert(0x5675feb80b60, 1, 1, 0) = 1 <0.000255>
[pid 213] 14:59:08.043463 libssl.so.3->EVP_DigestSignInit_ex(0x5675febad170, 0x7ffe192fc6a0, 0, 0) = 1 <0.000156>
[pid 213] 14:59:08.043687 libssl.so.3->EVP_DigestSign(0x5675febad170, 0, 0x7ffe192fc6b0, 0x7ffe192fc6c0) = 1 <0.000151>
[pid 213] 14:59:08.043887 libssl.so.3->EVP_DigestSign(0x5675febad170, 0x5675feb95960, 0x7ffe192fc6b0, 0x7ffe192fc6c0) = 1 <0.000409>
[pid 213] 14:59:08.044645 <... SSL_connect resumed> ) = 1 <0.008383>
[pid 213] 14:59:08.044860 oqsprovider.so->OQS_KEM_free(0x5675feb8d270, 0x5675feb8d220, 2, 0x5675feb8d240) = 4 <0.000148>
Handshake duration: 8.57 ms
[pid 213] 14:59:08.047223 +++ exited (status 0) +++
Execution 8 - TLS Mutual
s_connection: verify depth is 1
[pid 215] 14:59:08.109906 openssl->SSL_connect(0x61183f31d890, 0x61183f2efe50, 0x61183f2efe50, 0x78b86259a360 <unfinished ...>
[pid 215] 14:59:08.110485 libssl.so.3->EVP_PKEY_keygen_init(0x61183f2f1580, 0, 176, 0x61183f2f1580) = 1 <0.000200>
[pid 215] 14:59:08.110759 libssl.so.3->EVP_PKEY_keygen(0x61183f2f1580, 0x7fffdc1d3fb0, 0, 103 <unfinished ...>
[pid 215] 14:59:08.110934 oqsprovider.so->OQS_KEM_new(0x61183f3159a0, 8, 0, 0x61183f322250) = 0x61183f322270 <0.000154>
[pid 215] 14:59:08.111144 oqsprovider.so->OQS_KEM_keypair(0x61183f322270, 0x61183f3222f0, 0x61183f317bf0, 0x61183f322250) = 0 <0.000475>
[pid 215] 14:59:08.111693 <... EVP_PKEY_keygen resumed> ) = 1 <0.000929>
[pid 215] 14:59:08.113749 libssl.so.3->EVP_PKEY_decapsulate_init(0x61183f2f1580, 0, 176, 0x61183f2f1580) = 1 <0.000354>
[pid 215] 14:59:08.114164 libssl.so.3->EVP_PKEY_decapsulate(0x61183f2f1580, 0, 0x7fffdc1d3f70, 0x61183f32444a) = 1 <0.000160>
[pid 215] 14:59:08.114405 libssl.so.3->EVP_PKEY_decapsulate(0x61183f2f1580, 0x61183f319ac0, 0x7fffdc1d3f70, 0x61183f32444a <unfinished ...>
[pid 215] 14:59:08.114567 oqsprovider.so->OQS_KEM_decaps(0x61183f322270, 0x61183f319ac0, 0x61183f32444a, 0x61183f317bf0) = 0 <0.000196>
[pid 215] 14:59:08.114810 <... EVP_PKEY_decapsulate resumed> ) = 1 <0.000401>
[pid 215] 14:59:08.115751 libssl.so.3->X509_verify_cert(0x61183f315b60, 0, 0x8000, 0xffffffff) = 1 <0.000672>
[pid 215] 14:59:08.116779 libssl.so.3->EVP_DigestVerifyInit_ex(0x61183f241810, 0x7fffdc1d4018, 0, 0) = 1 <0.000179>
[pid 215] 14:59:08.117012 libssl.so.3->EVP_DigestVerify(0x61183f241810, 0x61183f3243f8, 4627, 0x7fffdc1d4020) = 1 <0.000321>
[pid 215] 14:59:08.117626 libssl.so.3->X509_verify_cert(0x61183f315b60, 1, 1, 0) = 1 <0.000359>
[pid 215] 14:59:08.118475 libssl.so.3->EVP_DigestSignInit_ex(0x61183f342170, 0x7fffdc1d4000, 0, 0) = 1 <0.000164>
[pid 215] 14:59:08.118763 libssl.so.3->EVP_DigestSign(0x61183f342170, 0, 0x7fffdc1d4010, 0x7fffdc1d4020) = 1 <0.000186>
[pid 215] 14:59:08.119018 libssl.so.3->EVP_DigestSign(0x61183f342170, 0x61183f32a960, 0x7fffdc1d4010, 0x7fffdc1d4020) = 1 <0.000446>
[pid 215] 14:59:08.119873 <... SSL_connect resumed> ) = 1 <0.009969>
[pid 215] 14:59:08.120315 oqsprovider.so->OQS_KEM_free(0x61183f322270, 0x61183f322220, 2, 0x61183f322240) = 4 <0.000165>
Handshake duration: 10.38 ms
[pid 215] 14:59:08.122754 +++ exited (status 0) +++
Execution 9 - TLS Mutual
s_connection: verify depth is 1
[pid 217] 14:59:08.180736 openssl->SSL_connect(0x5d3fe191f890, 0x5d3fe18f1e50, 0x5d3fe18f1e50, 0x7a32ce700360 <unfinished ...>
[pid 217] 14:59:08.181156 libssl.so.3->EVP_PKEY_keygen_init(0x5d3fe18f3580, 0, 176, 0x5d3fe18f3580) = 1 <0.000144>
[pid 217] 14:59:08.181359 libssl.so.3->EVP_PKEY_keygen(0x5d3fe18f3580, 0x7ffffd028040, 0, 103 <unfinished ...>
[pid 217] 14:59:08.181483 oqsprovider.so->OQS_KEM_new(0x5d3fe19179a0, 8, 0, 0x5d3fe1924250) = 0x5d3fe1924270 <0.000115>
[pid 217] 14:59:08.181647 oqsprovider.so->OQS_KEM_keypair(0x5d3fe1924270, 0x5d3fe19242f0, 0x5d3fe1919bf0, 0x5d3fe1924250) = 0 <0.000359>
[pid 217] 14:59:08.182112 <... EVP_PKEY_keygen resumed> ) = 1 <0.000748>
[pid 217] 14:59:08.183762 libssl.so.3->EVP_PKEY_decapsulate_init(0x5d3fe18f3580, 0, 176, 0x5d3fe18f3580) = 1 <0.000289>
[pid 217] 14:59:08.184094 libssl.so.3->EVP_PKEY_decapsulate(0x5d3fe18f3580, 0, 0x7ffffd028000, 0x5d3fe192644a) = 1 <0.000117>
[pid 217] 14:59:08.184261 libssl.so.3->EVP_PKEY_decapsulate(0x5d3fe18f3580, 0x5d3fe191bac0, 0x7ffffd028000, 0x5d3fe192644a <unfinished ...>
[pid 217] 14:59:08.184405 oqsprovider.so->OQS_KEM_decaps(0x5d3fe1924270, 0x5d3fe191bac0, 0x5d3fe192644a, 0x5d3fe1919bf0) = 0 <0.000166>
[pid 217] 14:59:08.184616 <... EVP_PKEY_decapsulate resumed> ) = 1 <0.000350>
[pid 217] 14:59:08.185379 libssl.so.3->X509_verify_cert(0x5d3fe1917b60, 0, 0x8000, 0xffffffff) = 1 <0.000417>
[pid 217] 14:59:08.185998 libssl.so.3->EVP_DigestVerifyInit_ex(0x5d3fe1843810, 0x7ffffd0280a8, 0, 0) = 1 <0.000128>
[pid 217] 14:59:08.186178 libssl.so.3->EVP_DigestVerify(0x5d3fe1843810, 0x5d3fe19263f8, 4627, 0x7ffffd0280b0) = 1 <0.000237>
[pid 217] 14:59:08.186624 libssl.so.3->X509_verify_cert(0x5d3fe1917b60, 1, 1, 0) = 1 <0.000292>
[pid 217] 14:59:08.187274 libssl.so.3->EVP_DigestSignInit_ex(0x5d3fe1944170, 0x7ffffd028090, 0, 0) = 1 <0.000131>
[pid 217] 14:59:08.187451 libssl.so.3->EVP_DigestSign(0x5d3fe1944170, 0, 0x7ffffd0280a0, 0x7ffffd0280b0) = 1 <0.000236>
[pid 217] 14:59:08.187863 libssl.so.3->EVP_DigestSign(0x5d3fe1944170, 0x5d3fe192c960, 0x7ffffd0280a0, 0x7ffffd0280b0) = 1 <0.000584>
[pid 217] 14:59:08.188979 <... SSL_connect resumed> ) = 1 <0.008240>
[pid 217] 14:59:08.189224 oqsprovider.so->OQS_KEM_free(0x5d3fe1924270, 0x5d3fe1924220, 2, 0x5d3fe1924240) = 4 <0.000157>
Handshake duration: 8.44 ms
[pid 217] 14:59:08.191817 +++ exited (status 0) +++
Execution 10 - TLS Mutual
s_connection: verify depth is 1
[pid 219] 14:59:08.249914 openssl->SSL_connect(0x57a9113de890, 0x57a9113b0e50, 0x57a9113b0e50, 0x724129c72360 <unfinished ...>
[pid 219] 14:59:08.250367 libssl.so.3->EVP_PKEY_keygen_init(0x57a9113b2580, 0, 176, 0x57a9113b2580) = 1 <0.000171>
[pid 219] 14:59:08.250593 libssl.so.3->EVP_PKEY_keygen(0x57a9113b2580, 0x7ffd831daee0, 0, 103 <unfinished ...>
[pid 219] 14:59:08.250716 oqsprovider.so->OQS_KEM_new(0x57a9113d69a0, 8, 0, 0x57a9113e3250) = 0x57a9113e3270 <0.000103>
[pid 219] 14:59:08.250868 oqsprovider.so->OQS_KEM_keypair(0x57a9113e3270, 0x57a9113e32f0, 0x57a9113d8bf0, 0x57a9113e3250) = 0 <0.000396>
[pid 219] 14:59:08.251363 <... EVP_PKEY_keygen resumed> ) = 1 <0.000754>
[pid 219] 14:59:08.253012 libssl.so.3->EVP_PKEY_decapsulate_init(0x57a9113b2580, 0, 176, 0x57a9113b2580) = 1 <0.000312>
[pid 219] 14:59:08.253401 libssl.so.3->EVP_PKEY_decapsulate(0x57a9113b2580, 0, 0x7ffd831daea0, 0x57a9113e544a) = 1 <0.000145>
[pid 219] 14:59:08.253598 libssl.so.3->EVP_PKEY_decapsulate(0x57a9113b2580, 0x57a9113daac0, 0x7ffd831daea0, 0x57a9113e544a <unfinished ...>
[pid 219] 14:59:08.253732 oqsprovider.so->OQS_KEM_decaps(0x57a9113e3270, 0x57a9113daac0, 0x57a9113e544a, 0x57a9113d8bf0) = 0 <0.000181>
[pid 219] 14:59:08.253973 <... EVP_PKEY_decapsulate resumed> ) = 1 <0.000368>
[pid 219] 14:59:08.254813 libssl.so.3->X509_verify_cert(0x57a9113d6b60, 0, 0x8000, 0xffffffff) = 1 <0.000463>
[pid 219] 14:59:08.255506 libssl.so.3->EVP_DigestVerifyInit_ex(0x57a911302810, 0x7ffd831daf48, 0, 0) = 1 <0.000135>
[pid 219] 14:59:08.255741 libssl.so.3->EVP_DigestVerify(0x57a911302810, 0x57a9113e53f8, 4627, 0x7ffd831daf50) = 1 <0.000254>
[pid 219] 14:59:08.256259 libssl.so.3->X509_verify_cert(0x57a9113d6b60, 1, 1, 0) = 1 <0.000304>
[pid 219] 14:59:08.256979 libssl.so.3->EVP_DigestSignInit_ex(0x57a911403170, 0x7ffd831daf30, 0, 0) = 1 <0.000139>
[pid 219] 14:59:08.257173 libssl.so.3->EVP_DigestSign(0x57a911403170, 0, 0x7ffd831daf40, 0x7ffd831daf50) = 1 <0.000150>
[pid 219] 14:59:08.257411 libssl.so.3->EVP_DigestSign(0x57a911403170, 0x57a9113eb960, 0x7ffd831daf40, 0x7ffd831daf50) = 1 <0.000375>
[pid 219] 14:59:08.258181 <... SSL_connect resumed> ) = 1 <0.008267>
[pid 219] 14:59:08.258419 oqsprovider.so->OQS_KEM_free(0x57a9113e3270, 0x57a9113e3220, 2, 0x57a9113e3240) = 4 <0.000115>
Handshake duration: 8.49 ms
[pid 219] 14:59:08.260695 +++ exited (status 0) +++
Execution 11 - TLS Mutual
s_connection: verify depth is 1
[pid 221] 14:59:08.323183 openssl->SSL_connect(0x5ace75e4f890, 0x5ace75e21e50, 0x5ace75e21e50, 0x748840de9360 <unfinished ...>
[pid 221] 14:59:08.323734 libssl.so.3->EVP_PKEY_keygen_init(0x5ace75e23580, 0, 176, 0x5ace75e23580) = 1 <0.000236>
[pid 221] 14:59:08.324062 libssl.so.3->EVP_PKEY_keygen(0x5ace75e23580, 0x7fffb0e48d50, 0, 103 <unfinished ...>
[pid 221] 14:59:08.324317 oqsprovider.so->OQS_KEM_new(0x5ace75e479a0, 8, 0, 0x5ace75e54250) = 0x5ace75e54270 <0.000228>
[pid 221] 14:59:08.324628 oqsprovider.so->OQS_KEM_keypair(0x5ace75e54270, 0x5ace75e542f0, 0x5ace75e49bf0, 0x5ace75e54250) = 0 <0.000472>
[pid 221] 14:59:08.325191 <... EVP_PKEY_keygen resumed> ) = 1 <0.001119>
[pid 221] 14:59:08.327065 libssl.so.3->EVP_PKEY_decapsulate_init(0x5ace75e23580, 0, 176, 0x5ace75e23580) = 1 <0.000351>
[pid 221] 14:59:08.327474 libssl.so.3->EVP_PKEY_decapsulate(0x5ace75e23580, 0, 0x7fffb0e48d10, 0x5ace75e5644a) = 1 <0.000147>
[pid 221] 14:59:08.327668 libssl.so.3->EVP_PKEY_decapsulate(0x5ace75e23580, 0x5ace75e4bac0, 0x7fffb0e48d10, 0x5ace75e5644a <unfinished ...>
[pid 221] 14:59:08.327794 oqsprovider.so->OQS_KEM_decaps(0x5ace75e54270, 0x5ace75e4bac0, 0x5ace75e5644a, 0x5ace75e49bf0) = 0 <0.000166>
[pid 221] 14:59:08.328019 <... EVP_PKEY_decapsulate resumed> ) = 1 <0.000338>
[pid 221] 14:59:08.328889 libssl.so.3->X509_verify_cert(0x5ace75e47b60, 0, 0x8000, 0xffffffff) = 1 <0.000502>
[pid 221] 14:59:08.329668 libssl.so.3->EVP_DigestVerifyInit_ex(0x5ace75d73810, 0x7fffb0e48db8, 0, 0) = 1 <0.000229>
[pid 221] 14:59:08.329979 libssl.so.3->EVP_DigestVerify(0x5ace75d73810, 0x5ace75e563f8, 4627, 0x7fffb0e48dc0) = 1 <0.000320>
[pid 221] 14:59:08.330599 libssl.so.3->X509_verify_cert(0x5ace75e47b60, 1, 1, 0) = 1 <0.000379>
[pid 221] 14:59:08.331476 libssl.so.3->EVP_DigestSignInit_ex(0x5ace75e74170, 0x7fffb0e48da0, 0, 0) = 1 <0.000198>
[pid 221] 14:59:08.331729 libssl.so.3->EVP_DigestSign(0x5ace75e74170, 0, 0x7fffb0e48db0, 0x7fffb0e48dc0) = 1 <0.000182>
[pid 221] 14:59:08.331973 libssl.so.3->EVP_DigestSign(0x5ace75e74170, 0x5ace75e5c960, 0x7fffb0e48db0, 0x7fffb0e48dc0) = 1 <0.000905>
[pid 221] 14:59:08.333358 <... SSL_connect resumed> ) = 1 <0.010173>
[pid 221] 14:59:08.333675 oqsprovider.so->OQS_KEM_free(0x5ace75e54270, 0x5ace75e54220, 2, 0x5ace75e54240) = 4 <0.000213>
Handshake duration: 10.47 ms
[pid 221] 14:59:08.336279 +++ exited (status 0) +++
Execution 12 - TLS Mutual
s_connection: verify depth is 1
[pid 223] 14:59:08.391918 openssl->SSL_connect(0x55f421a3a890, 0x55f421a0ce50, 0x55f421a0ce50, 0x735e217e0360 <unfinished ...>
[pid 223] 14:59:08.392384 libssl.so.3->EVP_PKEY_keygen_init(0x55f421a0e580, 0, 176, 0x55f421a0e580) = 1 <0.000149>
[pid 223] 14:59:08.392585 libssl.so.3->EVP_PKEY_keygen(0x55f421a0e580, 0x7ffe43632470, 0, 103 <unfinished ...>
[pid 223] 14:59:08.392712 oqsprovider.so->OQS_KEM_new(0x55f421a329a0, 8, 0, 0x55f421a3f250) = 0x55f421a3f270 <0.000123>
[pid 223] 14:59:08.392879 oqsprovider.so->OQS_KEM_keypair(0x55f421a3f270, 0x55f421a3f2f0, 0x55f421a34bf0, 0x55f421a3f250) = 0 <0.000381>
[pid 223] 14:59:08.393318 <... EVP_PKEY_keygen resumed> ) = 1 <0.000729>
[pid 223] 14:59:08.394791 libssl.so.3->EVP_PKEY_decapsulate_init(0x55f421a0e580, 0, 176, 0x55f421a0e580) = 1 <0.000256>
[pid 223] 14:59:08.395088 libssl.so.3->EVP_PKEY_decapsulate(0x55f421a0e580, 0, 0x7ffe43632430, 0x55f421a4144a) = 1 <0.000121>
[pid 223] 14:59:08.395263 libssl.so.3->EVP_PKEY_decapsulate(0x55f421a0e580, 0x55f421a36ac0, 0x7ffe43632430, 0x55f421a4144a <unfinished ...>
[pid 223] 14:59:08.395389 oqsprovider.so->OQS_KEM_decaps(0x55f421a3f270, 0x55f421a36ac0, 0x55f421a4144a, 0x55f421a34bf0) = 0 <0.000167>
[pid 223] 14:59:08.395598 <... EVP_PKEY_decapsulate resumed> ) = 1 <0.000330>
[pid 223] 14:59:08.396460 libssl.so.3->X509_verify_cert(0x55f421a32b60, 0, 0x8000, 0xffffffff) = 1 <0.000506>
[pid 223] 14:59:08.397219 libssl.so.3->EVP_DigestVerifyInit_ex(0x55f42195e810, 0x7ffe436324d8, 0, 0) = 1 <0.000169>
[pid 223] 14:59:08.397438 libssl.so.3->EVP_DigestVerify(0x55f42195e810, 0x55f421a413f8, 4627, 0x7ffe436324e0) = 1 <0.000284>
[pid 223] 14:59:08.397965 libssl.so.3->X509_verify_cert(0x55f421a32b60, 1, 1, 0) = 1 <0.000251>
[pid 223] 14:59:08.398661 libssl.so.3->EVP_DigestSignInit_ex(0x55f421a5f170, 0x7ffe436324c0, 0, 0) = 1 <0.000128>
[pid 223] 14:59:08.398851 libssl.so.3->EVP_DigestSign(0x55f421a5f170, 0, 0x7ffe436324d0, 0x7ffe436324e0) = 1 <0.000166>
[pid 223] 14:59:08.399064 libssl.so.3->EVP_DigestSign(0x55f421a5f170, 0x55f421a47960, 0x7ffe436324d0, 0x7ffe436324e0) = 1 <0.000600>
[pid 223] 14:59:08.400060 <... SSL_connect resumed> ) = 1 <0.008155>
[pid 223] 14:59:08.400301 oqsprovider.so->OQS_KEM_free(0x55f421a3f270, 0x55f421a3f220, 2, 0x55f421a3f240) = 4 <0.000153>
Handshake duration: 8.34 ms
[pid 223] 14:59:08.402849 +++ exited (status 0) +++
Execution 13 - TLS Mutual
s_connection: verify depth is 1
[pid 225] 14:59:08.460083 openssl->SSL_connect(0x5e9a3adb7890, 0x5e9a3ad89e50, 0x5e9a3ad89e50, 0x76af1335a360 <unfinished ...>
[pid 225] 14:59:08.460557 libssl.so.3->EVP_PKEY_keygen_init(0x5e9a3ad8b580, 0, 176, 0x5e9a3ad8b580) = 1 <0.000161>
[pid 225] 14:59:08.460771 libssl.so.3->EVP_PKEY_keygen(0x5e9a3ad8b580, 0x7fff3fdfaa10, 0, 103 <unfinished ...>
[pid 225] 14:59:08.460900 oqsprovider.so->OQS_KEM_new(0x5e9a3adaf9a0, 8, 0, 0x5e9a3adbc250) = 0x5e9a3adbc270 <0.000126>
[pid 225] 14:59:08.461075 oqsprovider.so->OQS_KEM_keypair(0x5e9a3adbc270, 0x5e9a3adbc2f0, 0x5e9a3adb1bf0, 0x5e9a3adbc250) = 0 <0.000362>
[pid 225] 14:59:08.461489 <... EVP_PKEY_keygen resumed> ) = 1 <0.000714>
[pid 225] 14:59:08.462951 libssl.so.3->EVP_PKEY_decapsulate_init(0x5e9a3ad8b580, 0, 176, 0x5e9a3ad8b580) = 1 <0.000254>
[pid 225] 14:59:08.463247 libssl.so.3->EVP_PKEY_decapsulate(0x5e9a3ad8b580, 0, 0x7fff3fdfa9d0, 0x5e9a3adbe44a) = 1 <0.000137>
[pid 225] 14:59:08.463428 libssl.so.3->EVP_PKEY_decapsulate(0x5e9a3ad8b580, 0x5e9a3adb3ac0, 0x7fff3fdfa9d0, 0x5e9a3adbe44a <unfinished ...>
[pid 225] 14:59:08.463538 oqsprovider.so->OQS_KEM_decaps(0x5e9a3adbc270, 0x5e9a3adb3ac0, 0x5e9a3adbe44a, 0x5e9a3adb1bf0) = 0 <0.000188>
[pid 225] 14:59:08.463769 <... EVP_PKEY_decapsulate resumed> ) = 1 <0.000331>
[pid 225] 14:59:08.464558 libssl.so.3->X509_verify_cert(0x5e9a3adafb60, 0, 0x8000, 0xffffffff) = 1 <0.000406>
[pid 225] 14:59:08.465161 libssl.so.3->EVP_DigestVerifyInit_ex(0x5e9a3acdb810, 0x7fff3fdfaa78, 0, 0) = 1 <0.000130>
[pid 225] 14:59:08.465341 libssl.so.3->EVP_DigestVerify(0x5e9a3acdb810, 0x5e9a3adbe3f8, 4627, 0x7fff3fdfaa80) = 1 <0.000228>
[pid 225] 14:59:08.465771 libssl.so.3->X509_verify_cert(0x5e9a3adafb60, 1, 1, 0) = 1 <0.000267>
[pid 225] 14:59:08.466428 libssl.so.3->EVP_DigestSignInit_ex(0x5e9a3addc170, 0x7fff3fdfaa60, 0, 0) = 1 <0.000146>
[pid 225] 14:59:08.466615 libssl.so.3->EVP_DigestSign(0x5e9a3addc170, 0, 0x7fff3fdfaa70, 0x7fff3fdfaa80) = 1 <0.000117>
[pid 225] 14:59:08.466778 libssl.so.3->EVP_DigestSign(0x5e9a3addc170, 0x5e9a3adc4960, 0x7fff3fdfaa70, 0x7fff3fdfaa80) = 1 <0.000464>
[pid 225] 14:59:08.467558 <... SSL_connect resumed> ) = 1 <0.007492>
[pid 225] 14:59:08.467745 oqsprovider.so->OQS_KEM_free(0x5e9a3adbc270, 0x5e9a3adbc220, 2, 0x5e9a3adbc240) = 4 <0.000113>
Handshake duration: 7.66 ms
[pid 225] 14:59:08.469923 +++ exited (status 0) +++
Execution 14 - TLS Mutual
s_connection: verify depth is 1
[pid 227] 14:59:08.526789 openssl->SSL_connect(0x5d16678ed890, 0x5d16678bfe50, 0x5d16678bfe50, 0x7945cc8ed360 <unfinished ...>
[pid 227] 14:59:08.527247 libssl.so.3->EVP_PKEY_keygen_init(0x5d16678c1580, 0, 176, 0x5d16678c1580) = 1 <0.000215>
[pid 227] 14:59:08.527544 libssl.so.3->EVP_PKEY_keygen(0x5d16678c1580, 0x7ffff51bd890, 0, 103 <unfinished ...>
[pid 227] 14:59:08.527692 oqsprovider.so->OQS_KEM_new(0x5d16678e59a0, 8, 0, 0x5d16678f2250) = 0x5d16678f2270 <0.000137>
[pid 227] 14:59:08.527883 oqsprovider.so->OQS_KEM_keypair(0x5d16678f2270, 0x5d16678f22f0, 0x5d16678e7bf0, 0x5d16678f2250) = 0 <0.000351>
[pid 227] 14:59:08.528296 <... EVP_PKEY_keygen resumed> ) = 1 <0.000747>
[pid 227] 14:59:08.529830 libssl.so.3->EVP_PKEY_decapsulate_init(0x5d16678c1580, 0, 176, 0x5d16678c1580) = 1 <0.000364>
[pid 227] 14:59:08.530247 libssl.so.3->EVP_PKEY_decapsulate(0x5d16678c1580, 0, 0x7ffff51bd850, 0x5d16678f444a) = 1 <0.000187>
[pid 227] 14:59:08.530480 libssl.so.3->EVP_PKEY_decapsulate(0x5d16678c1580, 0x5d16678e9ac0, 0x7ffff51bd850, 0x5d16678f444a <unfinished ...>
[pid 227] 14:59:08.530639 oqsprovider.so->OQS_KEM_decaps(0x5d16678f2270, 0x5d16678e9ac0, 0x5d16678f444a, 0x5d16678e7bf0) = 0 <0.000223>
[pid 227] 14:59:08.530913 <... EVP_PKEY_decapsulate resumed> ) = 1 <0.000424>
[pid 227] 14:59:08.531682 libssl.so.3->X509_verify_cert(0x5d16678e5b60, 0, 0x8000, 0xffffffff) = 1 <0.000481>
[pid 227] 14:59:08.532439 libssl.so.3->EVP_DigestVerifyInit_ex(0x5d1667811810, 0x7ffff51bd8f8, 0, 0) = 1 <0.000185>
[pid 227] 14:59:08.532676 libssl.so.3->EVP_DigestVerify(0x5d1667811810, 0x5d16678f43f8, 4627, 0x7ffff51bd900) = 1 <0.000270>
[pid 227] 14:59:08.533158 libssl.so.3->X509_verify_cert(0x5d16678e5b60, 1, 1, 0) = 1 <0.000277>
[pid 227] 14:59:08.533817 libssl.so.3->EVP_DigestSignInit_ex(0x5d1667912170, 0x7ffff51bd8e0, 0, 0) = 1 <0.000152>
[pid 227] 14:59:08.534023 libssl.so.3->EVP_DigestSign(0x5d1667912170, 0, 0x7ffff51bd8f0, 0x7ffff51bd900) = 1 <0.000172>
[pid 227] 14:59:08.534245 libssl.so.3->EVP_DigestSign(0x5d1667912170, 0x5d16678fa960, 0x7ffff51bd8f0, 0x7ffff51bd900) = 1 <0.000417>
[pid 227] 14:59:08.534980 <... SSL_connect resumed> ) = 1 <0.008201>
[pid 227] 14:59:08.535227 oqsprovider.so->OQS_KEM_free(0x5d16678f2270, 0x5d16678f2220, 2, 0x5d16678f2240) = 4 <0.000206>
Handshake duration: 8.41 ms
[pid 227] 14:59:08.537768 +++ exited (status 0) +++
Execution 15 - TLS Mutual
s_connection: verify depth is 1
[pid 229] 14:59:08.594753 openssl->SSL_connect(0x577ddb5bd890, 0x577ddb58fe50, 0x577ddb58fe50, 0x7c24dd97a360 <unfinished ...>
[pid 229] 14:59:08.595200 libssl.so.3->EVP_PKEY_keygen_init(0x577ddb591580, 0, 176, 0x577ddb591580) = 1 <0.000216>
[pid 229] 14:59:08.595497 libssl.so.3->EVP_PKEY_keygen(0x577ddb591580, 0x7ffd35c16b60, 0, 103 <unfinished ...>
[pid 229] 14:59:08.595689 oqsprovider.so->OQS_KEM_new(0x577ddb5b59a0, 8, 0, 0x577ddb5c2250) = 0x577ddb5c2270 <0.000184>
[pid 229] 14:59:08.595944 oqsprovider.so->OQS_KEM_keypair(0x577ddb5c2270, 0x577ddb5c22f0, 0x577ddb5b7bf0, 0x577ddb5c2250) = 0 <0.000389>
[pid 229] 14:59:08.596447 <... EVP_PKEY_keygen resumed> ) = 1 <0.000941>
[pid 229] 14:59:08.598392 libssl.so.3->EVP_PKEY_decapsulate_init(0x577ddb591580, 0, 176, 0x577ddb591580) = 1 <0.000338>
[pid 229] 14:59:08.598820 libssl.so.3->EVP_PKEY_decapsulate(0x577ddb591580, 0, 0x7ffd35c16b20, 0x577ddb5c444a) = 1 <0.000184>
[pid 229] 14:59:08.599061 libssl.so.3->EVP_PKEY_decapsulate(0x577ddb591580, 0x577ddb5b9ac0, 0x7ffd35c16b20, 0x577ddb5c444a <unfinished ...>
[pid 229] 14:59:08.599251 oqsprovider.so->OQS_KEM_decaps(0x577ddb5c2270, 0x577ddb5b9ac0, 0x577ddb5c444a, 0x577ddb5b7bf0) = 0 <0.000355>
[pid 229] 14:59:08.599663 <... EVP_PKEY_decapsulate resumed> ) = 1 <0.000595>
[pid 229] 14:59:08.600615 libssl.so.3->X509_verify_cert(0x577ddb5b5b60, 0, 0x8000, 0xffffffff) = 1 <0.000571>
[pid 229] 14:59:08.601453 libssl.so.3->EVP_DigestVerifyInit_ex(0x577ddb4e1810, 0x7ffd35c16bc8, 0, 0) = 1 <0.000183>
[pid 229] 14:59:08.601699 libssl.so.3->EVP_DigestVerify(0x577ddb4e1810, 0x577ddb5c43f8, 4627, 0x7ffd35c16bd0) = 1 <0.000310>
[pid 229] 14:59:08.602286 libssl.so.3->X509_verify_cert(0x577ddb5b5b60, 1, 1, 0) = 1 <0.000336>
[pid 229] 14:59:08.603112 libssl.so.3->EVP_DigestSignInit_ex(0x577ddb5e2170, 0x7ffd35c16bb0, 0, 0) = 1 <0.000186>
[pid 229] 14:59:08.603349 libssl.so.3->EVP_DigestSign(0x577ddb5e2170, 0, 0x7ffd35c16bc0, 0x7ffd35c16bd0) = 1 <0.000128>
[pid 229] 14:59:08.603517 libssl.so.3->EVP_DigestSign(0x577ddb5e2170, 0x577ddb5ca960, 0x7ffd35c16bc0, 0x7ffd35c16bd0) = 1 <0.000368>
[pid 229] 14:59:08.604289 <... SSL_connect resumed> ) = 1 <0.009545>
[pid 229] 14:59:08.604504 oqsprovider.so->OQS_KEM_free(0x577ddb5c2270, 0x577ddb5c2220, 2, 0x577ddb5c2240) = 4 <0.000116>
Handshake duration: 9.74 ms
[pid 229] 14:59:08.607505 +++ exited (status 0) +++
Execution 16 - TLS Mutual
s_connection: verify depth is 1
[pid 231] 14:59:08.664036 openssl->SSL_connect(0x580010264890, 0x580010236e50, 0x580010236e50, 0x750a32838360 <unfinished ...>
[pid 231] 14:59:08.664496 libssl.so.3->EVP_PKEY_keygen_init(0x580010238580, 0, 176, 0x580010238580) = 1 <0.000162>
[pid 231] 14:59:08.664728 libssl.so.3->EVP_PKEY_keygen(0x580010238580, 0x7ffcc9a2bca0, 0, 103 <unfinished ...>
[pid 231] 14:59:08.664859 oqsprovider.so->OQS_KEM_new(0x58001025c9a0, 8, 0, 0x580010269250) = 0x580010269270 <0.000126>
[pid 231] 14:59:08.665036 oqsprovider.so->OQS_KEM_keypair(0x580010269270, 0x5800102692f0, 0x58001025ebf0, 0x580010269250) = 0 <0.000395>
[pid 231] 14:59:08.665562 <... EVP_PKEY_keygen resumed> ) = 1 <0.000820>
[pid 231] 14:59:08.667118 libssl.so.3->EVP_PKEY_decapsulate_init(0x580010238580, 0, 176, 0x580010238580) = 1 <0.000319>
[pid 231] 14:59:08.667533 libssl.so.3->EVP_PKEY_decapsulate(0x580010238580, 0, 0x7ffcc9a2bc60, 0x58001026b44a) = 1 <0.000149>
[pid 231] 14:59:08.667733 libssl.so.3->EVP_PKEY_decapsulate(0x580010238580, 0x580010260ac0, 0x7ffcc9a2bc60, 0x58001026b44a <unfinished ...>
[pid 231] 14:59:08.667874 oqsprovider.so->OQS_KEM_decaps(0x580010269270, 0x580010260ac0, 0x58001026b44a, 0x58001025ebf0) = 0 <0.000191>
[pid 231] 14:59:08.668113 <... EVP_PKEY_decapsulate resumed> ) = 1 <0.000375>
[pid 231] 14:59:08.668837 libssl.so.3->X509_verify_cert(0x58001025cb60, 0, 0x8000, 0xffffffff) = 1 <0.000453>
[pid 231] 14:59:08.669538 libssl.so.3->EVP_DigestVerifyInit_ex(0x580010188810, 0x7ffcc9a2bd08, 0, 0) = 1 <0.000151>
[pid 231] 14:59:08.669732 libssl.so.3->EVP_DigestVerify(0x580010188810, 0x58001026b3f8, 4627, 0x7ffcc9a2bd10) = 1 <0.000236>
[pid 231] 14:59:08.670172 libssl.so.3->X509_verify_cert(0x58001025cb60, 1, 1, 0) = 1 <0.000251>
[pid 231] 14:59:08.670776 libssl.so.3->EVP_DigestSignInit_ex(0x580010289170, 0x7ffcc9a2bcf0, 0, 0) = 1 <0.000123>
[pid 231] 14:59:08.670943 libssl.so.3->EVP_DigestSign(0x580010289170, 0, 0x7ffcc9a2bd00, 0x7ffcc9a2bd10) = 1 <0.000117>
[pid 231] 14:59:08.671099 libssl.so.3->EVP_DigestSign(0x580010289170, 0x580010271960, 0x7ffcc9a2bd00, 0x7ffcc9a2bd10) = 1 <0.000548>
[pid 231] 14:59:08.671956 <... SSL_connect resumed> ) = 1 <0.007932>
[pid 231] 14:59:08.672181 oqsprovider.so->OQS_KEM_free(0x580010269270, 0x580010269220, 2, 0x580010269240) = 4 <0.000131>
Handshake duration: 8.10 ms
[pid 231] 14:59:08.674738 +++ exited (status 0) +++
Execution 17 - TLS Mutual
s_connection: verify depth is 1
[pid 233] 14:59:08.733083 openssl->SSL_connect(0x607d93b44890, 0x607d93b16e50, 0x607d93b16e50, 0x7c48c0c61360 <unfinished ...>
[pid 233] 14:59:08.733638 libssl.so.3->EVP_PKEY_keygen_init(0x607d93b18580, 0, 176, 0x607d93b18580) = 1 <0.000173>
[pid 233] 14:59:08.733865 libssl.so.3->EVP_PKEY_keygen(0x607d93b18580, 0x7ffe8e906a50, 0, 103 <unfinished ...>
[pid 233] 14:59:08.734024 oqsprovider.so->OQS_KEM_new(0x607d93b3c9a0, 8, 0, 0x607d93b49250) = 0x607d93b49270 <0.000147>
[pid 233] 14:59:08.734235 oqsprovider.so->OQS_KEM_keypair(0x607d93b49270, 0x607d93b492f0, 0x607d93b3ebf0, 0x607d93b49250) = 0 <0.000386>
[pid 233] 14:59:08.734676 <... EVP_PKEY_keygen resumed> ) = 1 <0.000807>
[pid 233] 14:59:08.736339 libssl.so.3->EVP_PKEY_decapsulate_init(0x607d93b18580, 0, 176, 0x607d93b18580) = 1 <0.000280>
[pid 233] 14:59:08.736661 libssl.so.3->EVP_PKEY_decapsulate(0x607d93b18580, 0, 0x7ffe8e906a10, 0x607d93b4b44a) = 1 <0.000105>
[pid 233] 14:59:08.736810 libssl.so.3->EVP_PKEY_decapsulate(0x607d93b18580, 0x607d93b40ac0, 0x7ffe8e906a10, 0x607d93b4b44a <unfinished ...>
[pid 233] 14:59:08.736916 oqsprovider.so->OQS_KEM_decaps(0x607d93b49270, 0x607d93b40ac0, 0x607d93b4b44a, 0x607d93b3ebf0) = 0 <0.000171>
[pid 233] 14:59:08.737146 <... EVP_PKEY_decapsulate resumed> ) = 1 <0.000327>
[pid 233] 14:59:08.738122 libssl.so.3->X509_verify_cert(0x607d93b3cb60, 0, 0x8000, 0xffffffff) = 1 <0.000481>
[pid 233] 14:59:08.738825 libssl.so.3->EVP_DigestVerifyInit_ex(0x607d93a68810, 0x7ffe8e906ab8, 0, 0) = 1 <0.000216>
[pid 233] 14:59:08.739121 libssl.so.3->EVP_DigestVerify(0x607d93a68810, 0x607d93b4b3f8, 4627, 0x7ffe8e906ac0) = 1 <0.000345>
[pid 233] 14:59:08.739761 libssl.so.3->X509_verify_cert(0x607d93b3cb60, 1, 1, 0) = 1 <0.000325>
[pid 233] 14:59:08.740487 libssl.so.3->EVP_DigestSignInit_ex(0x607d93b69170, 0x7ffe8e906aa0, 0, 0) = 1 <0.000162>
[pid 233] 14:59:08.740704 libssl.so.3->EVP_DigestSign(0x607d93b69170, 0, 0x7ffe8e906ab0, 0x7ffe8e906ac0) = 1 <0.000148>
[pid 233] 14:59:08.740908 libssl.so.3->EVP_DigestSign(0x607d93b69170, 0x607d93b51960, 0x7ffe8e906ab0, 0x7ffe8e906ac0) = 1 <0.000464>
[pid 233] 14:59:08.741772 <... SSL_connect resumed> ) = 1 <0.008692>
[pid 233] 14:59:08.741987 oqsprovider.so->OQS_KEM_free(0x607d93b49270, 0x607d93b49220, 2, 0x607d93b49240) = 4 <0.000122>
Handshake duration: 8.87 ms
[pid 233] 14:59:08.744572 +++ exited (status 0) +++
Execution 18 - TLS Mutual
s_connection: verify depth is 1
[pid 235] 14:59:08.802605 openssl->SSL_connect(0x59b4ac7ed890, 0x59b4ac7bfe50, 0x59b4ac7bfe50, 0x71c2b20b6360 <unfinished ...>
[pid 235] 14:59:08.803126 libssl.so.3->EVP_PKEY_keygen_init(0x59b4ac7c1580, 0, 176, 0x59b4ac7c1580) = 1 <0.000201>
[pid 235] 14:59:08.803399 libssl.so.3->EVP_PKEY_keygen(0x59b4ac7c1580, 0x7fff1df1bd50, 0, 103 <unfinished ...>
[pid 235] 14:59:08.803556 oqsprovider.so->OQS_KEM_new(0x59b4ac7e59a0, 8, 0, 0x59b4ac7f2250) = 0x59b4ac7f2270 <0.000165>
[pid 235] 14:59:08.803777 oqsprovider.so->OQS_KEM_keypair(0x59b4ac7f2270, 0x59b4ac7f22f0, 0x59b4ac7e7bf0, 0x59b4ac7f2250) = 0 <0.000366>
[pid 235] 14:59:08.804240 <... EVP_PKEY_keygen resumed> ) = 1 <0.000830>
[pid 235] 14:59:08.805826 libssl.so.3->EVP_PKEY_decapsulate_init(0x59b4ac7c1580, 0, 176, 0x59b4ac7c1580) = 1 <0.000309>
[pid 235] 14:59:08.806188 libssl.so.3->EVP_PKEY_decapsulate(0x59b4ac7c1580, 0, 0x7fff1df1bd10, 0x59b4ac7f444a) = 1 <0.000147>
[pid 235] 14:59:08.806396 libssl.so.3->EVP_PKEY_decapsulate(0x59b4ac7c1580, 0x59b4ac7e9ac0, 0x7fff1df1bd10, 0x59b4ac7f444a <unfinished ...>
[pid 235] 14:59:08.806526 oqsprovider.so->OQS_KEM_decaps(0x59b4ac7f2270, 0x59b4ac7e9ac0, 0x59b4ac7f444a, 0x59b4ac7e7bf0) = 0 <0.000159>
[pid 235] 14:59:08.806727 <... EVP_PKEY_decapsulate resumed> ) = 1 <0.000326>
[pid 235] 14:59:08.807500 libssl.so.3->X509_verify_cert(0x59b4ac7e5b60, 0, 0x8000, 0xffffffff) = 1 <0.000440>
[pid 235] 14:59:08.808174 libssl.so.3->EVP_DigestVerifyInit_ex(0x59b4ac711810, 0x7fff1df1bdb8, 0, 0) = 1 <0.000198>
[pid 235] 14:59:08.808429 libssl.so.3->EVP_DigestVerify(0x59b4ac711810, 0x59b4ac7f43f8, 4627, 0x7fff1df1bdc0) = 1 <0.000283>
[pid 235] 14:59:08.808933 libssl.so.3->X509_verify_cert(0x59b4ac7e5b60, 1, 1, 0) = 1 <0.000280>
[pid 235] 14:59:08.809626 libssl.so.3->EVP_DigestSignInit_ex(0x59b4ac812170, 0x7fff1df1bda0, 0, 0) = 1 <0.000209>
[pid 235] 14:59:08.809894 libssl.so.3->EVP_DigestSign(0x59b4ac812170, 0, 0x7fff1df1bdb0, 0x7fff1df1bdc0) = 1 <0.000149>
[pid 235] 14:59:08.810091 libssl.so.3->EVP_DigestSign(0x59b4ac812170, 0x59b4ac7fa960, 0x7fff1df1bdb0, 0x7fff1df1bdc0) = 1 <0.000401>
[pid 235] 14:59:08.810836 <... SSL_connect resumed> ) = 1 <0.008239>
[pid 235] 14:59:08.811054 oqsprovider.so->OQS_KEM_free(0x59b4ac7f2270, 0x59b4ac7f2220, 2, 0x59b4ac7f2240) = 4 <0.000154>
Handshake duration: 8.43 ms
[pid 235] 14:59:08.813357 +++ exited (status 0) +++
Execution 19 - TLS Mutual
s_connection: verify depth is 1
[pid 237] 14:59:08.871126 openssl->SSL_connect(0x5975289e1890, 0x5975289b3e50, 0x5975289b3e50, 0x70528b89a360 <unfinished ...>
[pid 237] 14:59:08.871575 libssl.so.3->EVP_PKEY_keygen_init(0x5975289b5580, 0, 176, 0x5975289b5580) = 1 <0.000163>
[pid 237] 14:59:08.871787 libssl.so.3->EVP_PKEY_keygen(0x5975289b5580, 0x7ffebe3637d0, 0, 103 <unfinished ...>
[pid 237] 14:59:08.871929 oqsprovider.so->OQS_KEM_new(0x5975289d99a0, 8, 0, 0x5975289e6250) = 0x5975289e6270 <0.000175>
[pid 237] 14:59:08.872206 oqsprovider.so->OQS_KEM_keypair(0x5975289e6270, 0x5975289e62f0, 0x5975289dbbf0, 0x5975289e6250) = 0 <0.000380>
[pid 237] 14:59:08.872638 <... EVP_PKEY_keygen resumed> ) = 1 <0.000846>
[pid 237] 14:59:08.874081 libssl.so.3->EVP_PKEY_decapsulate_init(0x5975289b5580, 0, 176, 0x5975289b5580) = 1 <0.000369>
[pid 237] 14:59:08.874508 libssl.so.3->EVP_PKEY_decapsulate(0x5975289b5580, 0, 0x7ffebe363790, 0x5975289e844a) = 1 <0.000120>
[pid 237] 14:59:08.874679 libssl.so.3->EVP_PKEY_decapsulate(0x5975289b5580, 0x5975289ddac0, 0x7ffebe363790, 0x5975289e844a <unfinished ...>
[pid 237] 14:59:08.874825 oqsprovider.so->OQS_KEM_decaps(0x5975289e6270, 0x5975289ddac0, 0x5975289e844a, 0x5975289dbbf0) = 0 <0.000175>
[pid 237] 14:59:08.875051 <... EVP_PKEY_decapsulate resumed> ) = 1 <0.000366>
[pid 237] 14:59:08.875818 libssl.so.3->X509_verify_cert(0x5975289d9b60, 0, 0x8000, 0xffffffff) = 1 <0.000400>
[pid 237] 14:59:08.876446 libssl.so.3->EVP_DigestVerifyInit_ex(0x597528905810, 0x7ffebe363838, 0, 0) = 1 <0.000142>
[pid 237] 14:59:08.876633 libssl.so.3->EVP_DigestVerify(0x597528905810, 0x5975289e83f8, 4627, 0x7ffebe363840) = 1 <0.000222>
[pid 237] 14:59:08.877087 libssl.so.3->X509_verify_cert(0x5975289d9b60, 1, 1, 0) = 1 <0.000256>
[pid 237] 14:59:08.877734 libssl.so.3->EVP_DigestSignInit_ex(0x597528a06170, 0x7ffebe363820, 0, 0) = 1 <0.000157>
[pid 237] 14:59:08.877931 libssl.so.3->EVP_DigestSign(0x597528a06170, 0, 0x7ffebe363830, 0x7ffebe363840) = 1 <0.000120>
[pid 237] 14:59:08.878087 libssl.so.3->EVP_DigestSign(0x597528a06170, 0x5975289ee960, 0x7ffebe363830, 0x7ffebe363840) = 1 <0.000551>
[pid 237] 14:59:08.878959 <... SSL_connect resumed> ) = 1 <0.007838>
[pid 237] 14:59:08.879164 oqsprovider.so->OQS_KEM_free(0x5975289e6270, 0x5975289e6220, 2, 0x5975289e6240) = 4 <0.000119>
Handshake duration: 8.01 ms
[pid 237] 14:59:08.881387 +++ exited (status 0) +++
Execution 20 - TLS Mutual
s_connection: verify depth is 1
[pid 239] 14:59:08.936638 openssl->SSL_connect(0x64502021c890, 0x6450201eee50, 0x6450201eee50, 0x7acb01c35360 <unfinished ...>
[pid 239] 14:59:08.937118 libssl.so.3->EVP_PKEY_keygen_init(0x6450201f0580, 0, 176, 0x6450201f0580) = 1 <0.000205>
[pid 239] 14:59:08.937382 libssl.so.3->EVP_PKEY_keygen(0x6450201f0580, 0x7ffcba318390, 0, 103 <unfinished ...>
[pid 239] 14:59:08.937511 oqsprovider.so->OQS_KEM_new(0x6450202149a0, 8, 0, 0x645020221250) = 0x645020221270 <0.000116>
[pid 239] 14:59:08.937678 oqsprovider.so->OQS_KEM_keypair(0x645020221270, 0x6450202212f0, 0x645020216bf0, 0x645020221250) = 0 <0.000361>
[pid 239] 14:59:08.938093 <... EVP_PKEY_keygen resumed> ) = 1 <0.000708>
[pid 239] 14:59:08.939684 libssl.so.3->EVP_PKEY_decapsulate_init(0x6450201f0580, 0, 176, 0x6450201f0580) = 1 <0.000345>
[pid 239] 14:59:08.940090 libssl.so.3->EVP_PKEY_decapsulate(0x6450201f0580, 0, 0x7ffcba318350, 0x64502022344a) = 1 <0.000132>
[pid 239] 14:59:08.940284 libssl.so.3->EVP_PKEY_decapsulate(0x6450201f0580, 0x645020218ac0, 0x7ffcba318350, 0x64502022344a <unfinished ...>
[pid 239] 14:59:08.940429 oqsprovider.so->OQS_KEM_decaps(0x645020221270, 0x645020218ac0, 0x64502022344a, 0x645020216bf0) = 0 <0.000188>
[pid 239] 14:59:08.940666 <... EVP_PKEY_decapsulate resumed> ) = 1 <0.000378>
[pid 239] 14:59:08.941488 libssl.so.3->X509_verify_cert(0x645020214b60, 0, 0x8000, 0xffffffff) = 1 <0.000491>
[pid 239] 14:59:08.942227 libssl.so.3->EVP_DigestVerifyInit_ex(0x645020140810, 0x7ffcba3183f8, 0, 0) = 1 <0.000140>
[pid 239] 14:59:08.942414 libssl.so.3->EVP_DigestVerify(0x645020140810, 0x6450202233f8, 4627, 0x7ffcba318400) = 1 <0.000222>
[pid 239] 14:59:08.942866 libssl.so.3->X509_verify_cert(0x645020214b60, 1, 1, 0) = 1 <0.000280>
[pid 239] 14:59:08.943570 libssl.so.3->EVP_DigestSignInit_ex(0x645020241170, 0x7ffcba3183e0, 0, 0) = 1 <0.000137>
[pid 239] 14:59:08.943752 libssl.so.3->EVP_DigestSign(0x645020241170, 0, 0x7ffcba3183f0, 0x7ffcba318400) = 1 <0.000110>
[pid 239] 14:59:08.943909 libssl.so.3->EVP_DigestSign(0x645020241170, 0x645020229960, 0x7ffcba3183f0, 0x7ffcba318400) = 1 <0.000330>
[pid 239] 14:59:08.944573 <... SSL_connect resumed> ) = 1 <0.007943>
[pid 239] 14:59:08.944794 oqsprovider.so->OQS_KEM_free(0x645020221270, 0x645020221220, 2, 0x645020221240) = 4 <0.000144>
Handshake duration: 8.11 ms
[pid 239] 14:59:08.947262 +++ exited (status 0) +++
Execution 21 - TLS Mutual
s_connection: verify depth is 1
[pid 241] 14:59:09.002413 openssl->SSL_connect(0x5bb5cc6be890, 0x5bb5cc690e50, 0x5bb5cc690e50, 0x710b1cdf5360 <unfinished ...>
[pid 241] 14:59:09.002851 libssl.so.3->EVP_PKEY_keygen_init(0x5bb5cc692580, 0, 176, 0x5bb5cc692580) = 1 <0.000130>
[pid 241] 14:59:09.003029 libssl.so.3->EVP_PKEY_keygen(0x5bb5cc692580, 0x7ffe34f6cf70, 0, 103 <unfinished ...>
[pid 241] 14:59:09.003172 oqsprovider.so->OQS_KEM_new(0x5bb5cc6b69a0, 8, 0, 0x5bb5cc6c3250) = 0x5bb5cc6c3270 <0.000129>
[pid 241] 14:59:09.003374 oqsprovider.so->OQS_KEM_keypair(0x5bb5cc6c3270, 0x5bb5cc6c32f0, 0x5bb5cc6b8bf0, 0x5bb5cc6c3250) = 0 <0.000350>
[pid 241] 14:59:09.003777 <... EVP_PKEY_keygen resumed> ) = 1 <0.000739>
[pid 241] 14:59:09.005262 libssl.so.3->EVP_PKEY_decapsulate_init(0x5bb5cc692580, 0, 176, 0x5bb5cc692580) = 1 <0.000351>
[pid 241] 14:59:09.005658 libssl.so.3->EVP_PKEY_decapsulate(0x5bb5cc692580, 0, 0x7ffe34f6cf30, 0x5bb5cc6c544a) = 1 <0.000117>
[pid 241] 14:59:09.005827 libssl.so.3->EVP_PKEY_decapsulate(0x5bb5cc692580, 0x5bb5cc6baac0, 0x7ffe34f6cf30, 0x5bb5cc6c544a <unfinished ...>
[pid 241] 14:59:09.005958 oqsprovider.so->OQS_KEM_decaps(0x5bb5cc6c3270, 0x5bb5cc6baac0, 0x5bb5cc6c544a, 0x5bb5cc6b8bf0) = 0 <0.000186>
[pid 241] 14:59:09.006197 <... EVP_PKEY_decapsulate resumed> ) = 1 <0.000366>
[pid 241] 14:59:09.007046 libssl.so.3->X509_verify_cert(0x5bb5cc6b6b60, 0, 0x8000, 0xffffffff) = 1 <0.000491>
[pid 241] 14:59:09.007784 libssl.so.3->EVP_DigestVerifyInit_ex(0x5bb5cc5e2810, 0x7ffe34f6cfd8, 0, 0) = 1 <0.000137>
[pid 241] 14:59:09.007969 libssl.so.3->EVP_DigestVerify(0x5bb5cc5e2810, 0x5bb5cc6c53f8, 4627, 0x7ffe34f6cfe0) = 1 <0.000261>
[pid 241] 14:59:09.008493 libssl.so.3->X509_verify_cert(0x5bb5cc6b6b60, 1, 1, 0) = 1 <0.000257>
[pid 241] 14:59:09.009103 libssl.so.3->EVP_DigestSignInit_ex(0x5bb5cc6e3170, 0x7ffe34f6cfc0, 0, 0) = 1 <0.000122>
[pid 241] 14:59:09.009275 libssl.so.3->EVP_DigestSign(0x5bb5cc6e3170, 0, 0x7ffe34f6cfd0, 0x7ffe34f6cfe0) = 1 <0.000120>
[pid 241] 14:59:09.009487 libssl.so.3->EVP_DigestSign(0x5bb5cc6e3170, 0x5bb5cc6cb960, 0x7ffe34f6cfd0, 0x7ffe34f6cfe0) = 1 <0.000374>
[pid 241] 14:59:09.010181 <... SSL_connect resumed> ) = 1 <0.007777>
[pid 241] 14:59:09.010415 oqsprovider.so->OQS_KEM_free(0x5bb5cc6c3270, 0x5bb5cc6c3220, 2, 0x5bb5cc6c3240) = 4 <0.000162>
Handshake duration: 7.97 ms
[pid 241] 14:59:09.012591 +++ exited (status 0) +++
Execution 22 - TLS Mutual
s_connection: verify depth is 1
[pid 243] 14:59:09.068283 openssl->SSL_connect(0x57c96d733890, 0x57c96d705e50, 0x57c96d705e50, 0x71ac6b360360 <unfinished ...>
[pid 243] 14:59:09.068870 libssl.so.3->EVP_PKEY_keygen_init(0x57c96d707580, 0, 176, 0x57c96d707580) = 1 <0.000238>
[pid 243] 14:59:09.069184 libssl.so.3->EVP_PKEY_keygen(0x57c96d707580, 0x7ffe56a3acc0, 0, 103 <unfinished ...>
[pid 243] 14:59:09.069336 oqsprovider.so->OQS_KEM_new(0x57c96d72b9a0, 8, 0, 0x57c96d738250) = 0x57c96d738270 <0.000137>
[pid 243] 14:59:09.069518 oqsprovider.so->OQS_KEM_keypair(0x57c96d738270, 0x57c96d7382f0, 0x57c96d72dbf0, 0x57c96d738250) = 0 <0.000356>
[pid 243] 14:59:09.069961 <... EVP_PKEY_keygen resumed> ) = 1 <0.000772>
[pid 243] 14:59:09.071510 libssl.so.3->EVP_PKEY_decapsulate_init(0x57c96d707580, 0, 176, 0x57c96d707580) = 1 <0.000329>
[pid 243] 14:59:09.071892 libssl.so.3->EVP_PKEY_decapsulate(0x57c96d707580, 0, 0x7ffe56a3ac80, 0x57c96d73a44a) = 1 <0.000172>
[pid 243] 14:59:09.072113 libssl.so.3->EVP_PKEY_decapsulate(0x57c96d707580, 0x57c96d72fac0, 0x7ffe56a3ac80, 0x57c96d73a44a <unfinished ...>
[pid 243] 14:59:09.072292 oqsprovider.so->OQS_KEM_decaps(0x57c96d738270, 0x57c96d72fac0, 0x57c96d73a44a, 0x57c96d72dbf0) = 0 <0.000238>
[pid 243] 14:59:09.072588 <... EVP_PKEY_decapsulate resumed> ) = 1 <0.000468>
[pid 243] 14:59:09.073312 libssl.so.3->X509_verify_cert(0x57c96d72bb60, 0, 0x8000, 0xffffffff) = 1 <0.000479>
[pid 243] 14:59:09.074025 libssl.so.3->EVP_DigestVerifyInit_ex(0x57c96d657810, 0x7ffe56a3ad28, 0, 0) = 1 <0.000166>
[pid 243] 14:59:09.074251 libssl.so.3->EVP_DigestVerify(0x57c96d657810, 0x57c96d73a3f8, 4627, 0x7ffe56a3ad30) = 1 <0.000272>
[pid 243] 14:59:09.074736 libssl.so.3->X509_verify_cert(0x57c96d72bb60, 1, 1, 0) = 1 <0.000278>
[pid 243] 14:59:09.075417 libssl.so.3->EVP_DigestSignInit_ex(0x57c96d758170, 0x7ffe56a3ad10, 0, 0) = 1 <0.000173>
[pid 243] 14:59:09.075657 libssl.so.3->EVP_DigestSign(0x57c96d758170, 0, 0x7ffe56a3ad20, 0x7ffe56a3ad30) = 1 <0.000117>
[pid 243] 14:59:09.075818 libssl.so.3->EVP_DigestSign(0x57c96d758170, 0x57c96d740960, 0x7ffe56a3ad20, 0x7ffe56a3ad30) = 1 <0.000454>
[pid 243] 14:59:09.076599 <... SSL_connect resumed> ) = 1 <0.008342>
[pid 243] 14:59:09.076851 oqsprovider.so->OQS_KEM_free(0x57c96d738270, 0x57c96d738220, 2, 0x57c96d738240) = 4 <0.000120>
Handshake duration: 8.52 ms
[pid 243] 14:59:09.079098 +++ exited (status 0) +++
Execution 23 - TLS Mutual
s_connection: verify depth is 1
[pid 245] 14:59:09.137494 openssl->SSL_connect(0x556f44ae2890, 0x556f44ab4e50, 0x556f44ab4e50, 0x79b1cc095360 <unfinished ...>
[pid 245] 14:59:09.138019 libssl.so.3->EVP_PKEY_keygen_init(0x556f44ab6580, 0, 176, 0x556f44ab6580) = 1 <0.000220>
[pid 245] 14:59:09.138304 libssl.so.3->EVP_PKEY_keygen(0x556f44ab6580, 0x7ffd404fe140, 0, 103 <unfinished ...>
[pid 245] 14:59:09.138471 oqsprovider.so->OQS_KEM_new(0x556f44ada9a0, 8, 0, 0x556f44ae7250) = 0x556f44ae7270 <0.000128>
[pid 245] 14:59:09.138654 oqsprovider.so->OQS_KEM_keypair(0x556f44ae7270, 0x556f44ae72f0, 0x556f44adcbf0, 0x556f44ae7250) = 0 <0.000345>
[pid 245] 14:59:09.139063 <... EVP_PKEY_keygen resumed> ) = 1 <0.000753>
[pid 245] 14:59:09.140521 libssl.so.3->EVP_PKEY_decapsulate_init(0x556f44ab6580, 0, 176, 0x556f44ab6580) = 1 <0.000292>
[pid 245] 14:59:09.140869 libssl.so.3->EVP_PKEY_decapsulate(0x556f44ab6580, 0, 0x7ffd404fe100, 0x556f44ae944a) = 1 <0.000137>
[pid 245] 14:59:09.141057 libssl.so.3->EVP_PKEY_decapsulate(0x556f44ab6580, 0x556f44adeac0, 0x7ffd404fe100, 0x556f44ae944a <unfinished ...>
[pid 245] 14:59:09.141184 oqsprovider.so->OQS_KEM_decaps(0x556f44ae7270, 0x556f44adeac0, 0x556f44ae944a, 0x556f44adcbf0) = 0 <0.000168>
[pid 245] 14:59:09.141411 <... EVP_PKEY_decapsulate resumed> ) = 1 <0.000349>
[pid 245] 14:59:09.142149 libssl.so.3->X509_verify_cert(0x556f44adab60, 0, 0x8000, 0xffffffff) = 1 <0.000433>
[pid 245] 14:59:09.142818 libssl.so.3->EVP_DigestVerifyInit_ex(0x556f44a06810, 0x7ffd404fe1a8, 0, 0) = 1 <0.000155>
[pid 245] 14:59:09.143033 libssl.so.3->EVP_DigestVerify(0x556f44a06810, 0x556f44ae93f8, 4627, 0x7ffd404fe1b0) = 1 <0.000264>
[pid 245] 14:59:09.143530 libssl.so.3->X509_verify_cert(0x556f44adab60, 1, 1, 0) = 1 <0.000248>
[pid 245] 14:59:09.144164 libssl.so.3->EVP_DigestSignInit_ex(0x556f44b07170, 0x7ffd404fe190, 0, 0) = 1 <0.000151>
[pid 245] 14:59:09.144413 libssl.so.3->EVP_DigestSign(0x556f44b07170, 0, 0x7ffd404fe1a0, 0x7ffd404fe1b0) = 1 <0.000230>
[pid 245] 14:59:09.144750 libssl.so.3->EVP_DigestSign(0x556f44b07170, 0x556f44aef960, 0x7ffd404fe1a0, 0x7ffd404fe1b0) = 1 <0.000444>
[pid 245] 14:59:09.145574 <... SSL_connect resumed> ) = 1 <0.008092>
[pid 245] 14:59:09.145807 oqsprovider.so->OQS_KEM_free(0x556f44ae7270, 0x556f44ae7220, 2, 0x556f44ae7240) = 4 <0.000138>
Handshake duration: 8.29 ms
[pid 245] 14:59:09.148310 +++ exited (status 0) +++
Execution 24 - TLS Mutual
s_connection: verify depth is 1
[pid 247] 14:59:09.206900 openssl->SSL_connect(0x5886982d2890, 0x5886982a4e50, 0x5886982a4e50, 0x7e44693d8360 <unfinished ...>
[pid 247] 14:59:09.207418 libssl.so.3->EVP_PKEY_keygen_init(0x5886982a6580, 0, 176, 0x5886982a6580) = 1 <0.000182>
[pid 247] 14:59:09.207702 libssl.so.3->EVP_PKEY_keygen(0x5886982a6580, 0x7ffc55c8dbd0, 0, 103 <unfinished ...>
[pid 247] 14:59:09.207903 oqsprovider.so->OQS_KEM_new(0x5886982ca9a0, 8, 0, 0x5886982d7250) = 0x5886982d7270 <0.000173>
[pid 247] 14:59:09.208159 oqsprovider.so->OQS_KEM_keypair(0x5886982d7270, 0x5886982d72f0, 0x5886982ccbf0, 0x5886982d7250) = 0 <0.000403>
[pid 247] 14:59:09.208616 <... EVP_PKEY_keygen resumed> ) = 1 <0.000910>
[pid 247] 14:59:09.210304 libssl.so.3->EVP_PKEY_decapsulate_init(0x5886982a6580, 0, 176, 0x5886982a6580) = 1 <0.000307>
[pid 247] 14:59:09.210654 libssl.so.3->EVP_PKEY_decapsulate(0x5886982a6580, 0, 0x7ffc55c8db90, 0x5886982d944a) = 1 <0.000108>
[pid 247] 14:59:09.210835 libssl.so.3->EVP_PKEY_decapsulate(0x5886982a6580, 0x5886982ceac0, 0x7ffc55c8db90, 0x5886982d944a <unfinished ...>
[pid 247] 14:59:09.210968 oqsprovider.so->OQS_KEM_decaps(0x5886982d7270, 0x5886982ceac0, 0x5886982d944a, 0x5886982ccbf0) = 0 <0.000171>
[pid 247] 14:59:09.211181 <... EVP_PKEY_decapsulate resumed> ) = 1 <0.000342>
[pid 247] 14:59:09.212083 libssl.so.3->X509_verify_cert(0x5886982cab60, 0, 0x8000, 0xffffffff) = 1 <0.000465>
[pid 247] 14:59:09.212768 libssl.so.3->EVP_DigestVerifyInit_ex(0x5886981f6810, 0x7ffc55c8dc38, 0, 0) = 1 <0.000150>
[pid 247] 14:59:09.212971 libssl.so.3->EVP_DigestVerify(0x5886981f6810, 0x5886982d93f8, 4627, 0x7ffc55c8dc40) = 1 <0.000238>
[pid 247] 14:59:09.213483 libssl.so.3->X509_verify_cert(0x5886982cab60, 1, 1, 0) = 1 <0.000318>
[pid 247] 14:59:09.214226 libssl.so.3->EVP_DigestSignInit_ex(0x5886982f7170, 0x7ffc55c8dc20, 0, 0) = 1 <0.000184>
[pid 247] 14:59:09.214459 libssl.so.3->EVP_DigestSign(0x5886982f7170, 0, 0x7ffc55c8dc30, 0x7ffc55c8dc40) = 1 <0.000117>
[pid 247] 14:59:09.214624 libssl.so.3->EVP_DigestSign(0x5886982f7170, 0x5886982df960, 0x7ffc55c8dc30, 0x7ffc55c8dc40) = 1 <0.000354>
[pid 247] 14:59:09.215374 <... SSL_connect resumed> ) = 1 <0.008482>
[pid 247] 14:59:09.215604 oqsprovider.so->OQS_KEM_free(0x5886982d7270, 0x5886982d7220, 2, 0x5886982d7240) = 4 <0.000120>
Handshake duration: 8.67 ms
[pid 247] 14:59:09.217796 +++ exited (status 0) +++
Execution 25 - TLS Mutual
s_connection: verify depth is 1
[pid 249] 14:59:09.272969 openssl->SSL_connect(0x5f7376f97890, 0x5f7376f69e50, 0x5f7376f69e50, 0x736654b92360 <unfinished ...>
[pid 249] 14:59:09.273492 libssl.so.3->EVP_PKEY_keygen_init(0x5f7376f6b580, 0, 176, 0x5f7376f6b580) = 1 <0.000211>
[pid 249] 14:59:09.273783 libssl.so.3->EVP_PKEY_keygen(0x5f7376f6b580, 0x7ffd245402d0, 0, 103 <unfinished ...>
[pid 249] 14:59:09.273944 oqsprovider.so->OQS_KEM_new(0x5f7376f8f9a0, 8, 0, 0x5f7376f9c250) = 0x5f7376f9c270 <0.000147>
[pid 249] 14:59:09.274156 oqsprovider.so->OQS_KEM_keypair(0x5f7376f9c270, 0x5f7376f9c2f0, 0x5f7376f91bf0, 0x5f7376f9c250) = 0 <0.000407>
[pid 249] 14:59:09.274625 <... EVP_PKEY_keygen resumed> ) = 1 <0.000837>
[pid 249] 14:59:09.276176 libssl.so.3->EVP_PKEY_decapsulate_init(0x5f7376f6b580, 0, 176, 0x5f7376f6b580) = 1 <0.000357>
[pid 249] 14:59:09.276594 libssl.so.3->EVP_PKEY_decapsulate(0x5f7376f6b580, 0, 0x7ffd24540290, 0x5f7376f9e44a) = 1 <0.000170>
[pid 249] 14:59:09.276861 libssl.so.3->EVP_PKEY_decapsulate(0x5f7376f6b580, 0x5f7376f93ac0, 0x7ffd24540290, 0x5f7376f9e44a <unfinished ...>
[pid 249] 14:59:09.277053 oqsprovider.so->OQS_KEM_decaps(0x5f7376f9c270, 0x5f7376f93ac0, 0x5f7376f9e44a, 0x5f7376f91bf0) = 0 <0.000220>
[pid 249] 14:59:09.277334 <... EVP_PKEY_decapsulate resumed> ) = 1 <0.000467>
[pid 249] 14:59:09.278118 libssl.so.3->X509_verify_cert(0x5f7376f8fb60, 0, 0x8000, 0xffffffff) = 1 <0.000553>
[pid 249] 14:59:09.278972 libssl.so.3->EVP_DigestVerifyInit_ex(0x5f7376ebb810, 0x7ffd24540338, 0, 0) = 1 <0.000234>
[pid 249] 14:59:09.279288 libssl.so.3->EVP_DigestVerify(0x5f7376ebb810, 0x5f7376f9e3f8, 4627, 0x7ffd24540340) = 1 <0.000381>
[pid 249] 14:59:09.279991 libssl.so.3->X509_verify_cert(0x5f7376f8fb60, 1, 1, 0) = 1 <0.000327>
[pid 249] 14:59:09.280749 libssl.so.3->EVP_DigestSignInit_ex(0x5f7376fbc170, 0x7ffd24540320, 0, 0) = 1 <0.000184>
[pid 249] 14:59:09.280991 libssl.so.3->EVP_DigestSign(0x5f7376fbc170, 0, 0x7ffd24540330, 0x7ffd24540340) = 1 <0.000133>
[pid 249] 14:59:09.281179 libssl.so.3->EVP_DigestSign(0x5f7376fbc170, 0x5f7376fa4960, 0x7ffd24540330, 0x7ffd24540340) = 1 <0.000480>
[pid 249] 14:59:09.282063 <... SSL_connect resumed> ) = 1 <0.009085>
[pid 249] 14:59:09.282320 oqsprovider.so->OQS_KEM_free(0x5f7376f9c270, 0x5f7376f9c220, 2, 0x5f7376f9c240) = 4 <0.000168>
Handshake duration: 9.31 ms
[pid 249] 14:59:09.284747 +++ exited (status 0) +++
Execution 26 - TLS Mutual
s_connection: verify depth is 1
[pid 251] 14:59:09.364925 openssl->SSL_connect(0x5ef2dd97c890, 0x5ef2dd94ee50, 0x5ef2dd94ee50, 0x72a75635f360 <unfinished ...>
[pid 251] 14:59:09.365438 libssl.so.3->EVP_PKEY_keygen_init(0x5ef2dd950580, 0, 176, 0x5ef2dd950580) = 1 <0.000160>
[pid 251] 14:59:09.365649 libssl.so.3->EVP_PKEY_keygen(0x5ef2dd950580, 0x7ffed03d0ed0, 0, 103 <unfinished ...>
[pid 251] 14:59:09.365826 oqsprovider.so->OQS_KEM_new(0x5ef2dd9749a0, 8, 0, 0x5ef2dd981250) = 0x5ef2dd981270 <0.000166>
[pid 251] 14:59:09.366062 oqsprovider.so->OQS_KEM_keypair(0x5ef2dd981270, 0x5ef2dd9812f0, 0x5ef2dd976bf0, 0x5ef2dd981250) = 0 <0.000565>
[pid 251] 14:59:09.366735 <... EVP_PKEY_keygen resumed> ) = 1 <0.001077>
[pid 251] 14:59:09.368708 libssl.so.3->EVP_PKEY_decapsulate_init(0x5ef2dd950580, 0, 176, 0x5ef2dd950580) = 1 <0.000405>
[pid 251] 14:59:09.369186 libssl.so.3->EVP_PKEY_decapsulate(0x5ef2dd950580, 0, 0x7ffed03d0e90, 0x5ef2dd98344a) = 1 <0.000213>
[pid 251] 14:59:09.369454 libssl.so.3->EVP_PKEY_decapsulate(0x5ef2dd950580, 0x5ef2dd978ac0, 0x7ffed03d0e90, 0x5ef2dd98344a <unfinished ...>
[pid 251] 14:59:09.369620 oqsprovider.so->OQS_KEM_decaps(0x5ef2dd981270, 0x5ef2dd978ac0, 0x5ef2dd98344a, 0x5ef2dd976bf0) = 0 <0.000206>
[pid 251] 14:59:09.369895 <... EVP_PKEY_decapsulate resumed> ) = 1 <0.000429>
[pid 251] 14:59:09.370912 libssl.so.3->X509_verify_cert(0x5ef2dd974b60, 0, 0x8000, 0xffffffff) = 1 <0.000626>
[pid 251] 14:59:09.371811 libssl.so.3->EVP_DigestVerifyInit_ex(0x5ef2dd8a0810, 0x7ffed03d0f38, 0, 0) = 1 <0.000151>
[pid 251] 14:59:09.372008 libssl.so.3->EVP_DigestVerify(0x5ef2dd8a0810, 0x5ef2dd9833f8, 4627, 0x7ffed03d0f40) = 1 <0.000248>
[pid 251] 14:59:09.372520 libssl.so.3->X509_verify_cert(0x5ef2dd974b60, 1, 1, 0) = 1 <0.000271>
[pid 251] 14:59:09.373190 libssl.so.3->EVP_DigestSignInit_ex(0x5ef2dd9a1170, 0x7ffed03d0f20, 0, 0) = 1 <0.000151>
[pid 251] 14:59:09.373412 libssl.so.3->EVP_DigestSign(0x5ef2dd9a1170, 0, 0x7ffed03d0f30, 0x7ffed03d0f40) = 1 <0.000144>
[pid 251] 14:59:09.373607 libssl.so.3->EVP_DigestSign(0x5ef2dd9a1170, 0x5ef2dd989960, 0x7ffed03d0f30, 0x7ffed03d0f40) = 1 <0.000493>
[pid 251] 14:59:09.374467 <... SSL_connect resumed> ) = 1 <0.009555>
[pid 251] 14:59:09.374702 oqsprovider.so->OQS_KEM_free(0x5ef2dd981270, 0x5ef2dd981220, 2, 0x5ef2dd981240) = 4 <0.000136>
Handshake duration: 9.78 ms
[pid 251] 14:59:09.377162 +++ exited (status 0) +++
Execution 27 - TLS Mutual
s_connection: verify depth is 1
[pid 253] 14:59:09.433691 openssl->SSL_connect(0x5d89e34b0890, 0x5d89e3482e50, 0x5d89e3482e50, 0x7714d2078360 <unfinished ...>
[pid 253] 14:59:09.434281 libssl.so.3->EVP_PKEY_keygen_init(0x5d89e3484580, 0, 176, 0x5d89e3484580) = 1 <0.000194>
[pid 253] 14:59:09.434523 libssl.so.3->EVP_PKEY_keygen(0x5d89e3484580, 0x7ffd80708410, 0, 103 <unfinished ...>
[pid 253] 14:59:09.434661 oqsprovider.so->OQS_KEM_new(0x5d89e34a89a0, 8, 0, 0x5d89e34b5250) = 0x5d89e34b5270 <0.000132>
[pid 253] 14:59:09.434855 oqsprovider.so->OQS_KEM_keypair(0x5d89e34b5270, 0x5d89e34b52f0, 0x5d89e34aabf0, 0x5d89e34b5250) = 0 <0.000370>
[pid 253] 14:59:09.435274 <... EVP_PKEY_keygen resumed> ) = 1 <0.000745>
[pid 253] 14:59:09.436806 libssl.so.3->EVP_PKEY_decapsulate_init(0x5d89e3484580, 0, 176, 0x5d89e3484580) = 1 <0.000327>
[pid 253] 14:59:09.437179 libssl.so.3->EVP_PKEY_decapsulate(0x5d89e3484580, 0, 0x7ffd807083d0, 0x5d89e34b744a) = 1 <0.000124>
[pid 253] 14:59:09.437368 libssl.so.3->EVP_PKEY_decapsulate(0x5d89e3484580, 0x5d89e34acac0, 0x7ffd807083d0, 0x5d89e34b744a <unfinished ...>
[pid 253] 14:59:09.437513 oqsprovider.so->OQS_KEM_decaps(0x5d89e34b5270, 0x5d89e34acac0, 0x5d89e34b744a, 0x5d89e34aabf0) = 0 <0.000169>
[pid 253] 14:59:09.437727 <... EVP_PKEY_decapsulate resumed> ) = 1 <0.000354>
[pid 253] 14:59:09.438478 libssl.so.3->X509_verify_cert(0x5d89e34a8b60, 0, 0x8000, 0xffffffff) = 1 <0.000401>
[pid 253] 14:59:09.439078 libssl.so.3->EVP_DigestVerifyInit_ex(0x5d89e33d4810, 0x7ffd80708478, 0, 0) = 1 <0.000152>
[pid 253] 14:59:09.439308 libssl.so.3->EVP_DigestVerify(0x5d89e33d4810, 0x5d89e34b73f8, 4627, 0x7ffd80708480) = 1 <0.000295>
[pid 253] 14:59:09.439969 libssl.so.3->X509_verify_cert(0x5d89e34a8b60, 1, 1, 0) = 1 <0.000264>
[pid 253] 14:59:09.440620 libssl.so.3->EVP_DigestSignInit_ex(0x5d89e34d5170, 0x7ffd80708460, 0, 0) = 1 <0.000136>
[pid 253] 14:59:09.440907 libssl.so.3->EVP_DigestSign(0x5d89e34d5170, 0, 0x7ffd80708470, 0x7ffd80708480) = 1 <0.000171>
[pid 253] 14:59:09.441151 libssl.so.3->EVP_DigestSign(0x5d89e34d5170, 0x5d89e34bd960, 0x7ffd80708470, 0x7ffd80708480) = 1 <0.000412>
[pid 253] 14:59:09.441887 <... SSL_connect resumed> ) = 1 <0.008205>
[pid 253] 14:59:09.442123 oqsprovider.so->OQS_KEM_free(0x5d89e34b5270, 0x5d89e34b5220, 2, 0x5d89e34b5240) = 4 <0.000145>
Handshake duration: 8.39 ms
[pid 253] 14:59:09.444542 +++ exited (status 0) +++
Execution 28 - TLS Mutual
s_connection: verify depth is 1
[pid 255] 14:59:09.513122 openssl->SSL_connect(0x5683efb4c890, 0x5683efb1ee50, 0x5683efb1ee50, 0x7ebfcfb01360 <unfinished ...>
[pid 255] 14:59:09.513686 libssl.so.3->EVP_PKEY_keygen_init(0x5683efb20580, 0, 176, 0x5683efb20580) = 1 <0.000230>
[pid 255] 14:59:09.514011 libssl.so.3->EVP_PKEY_keygen(0x5683efb20580, 0x7ffc58403b10, 0, 103 <unfinished ...>
[pid 255] 14:59:09.514209 oqsprovider.so->OQS_KEM_new(0x5683efb449a0, 8, 0, 0x5683efb51250) = 0x5683efb51270 <0.000183>
[pid 255] 14:59:09.514468 oqsprovider.so->OQS_KEM_keypair(0x5683efb51270, 0x5683efb512f0, 0x5683efb46bf0, 0x5683efb51250) = 0 <0.000500>
[pid 255] 14:59:09.515076 <... EVP_PKEY_keygen resumed> ) = 1 <0.001056>
[pid 255] 14:59:09.516926 libssl.so.3->EVP_PKEY_decapsulate_init(0x5683efb20580, 0, 176, 0x5683efb20580) = 1 <0.000370>
[pid 255] 14:59:09.517380 libssl.so.3->EVP_PKEY_decapsulate(0x5683efb20580, 0, 0x7ffc58403ad0, 0x5683efb5344a) = 1 <0.000191>
[pid 255] 14:59:09.517643 libssl.so.3->EVP_PKEY_decapsulate(0x5683efb20580, 0x5683efb48ac0, 0x7ffc58403ad0, 0x5683efb5344a <unfinished ...>
[pid 255] 14:59:09.517826 oqsprovider.so->OQS_KEM_decaps(0x5683efb51270, 0x5683efb48ac0, 0x5683efb5344a, 0x5683efb46bf0) = 0 <0.000269>
[pid 255] 14:59:09.518170 <... EVP_PKEY_decapsulate resumed> ) = 1 <0.000520>
[pid 255] 14:59:09.519127 libssl.so.3->X509_verify_cert(0x5683efb44b60, 0, 0x8000, 0xffffffff) = 1 <0.000545>
[pid 255] 14:59:09.519916 libssl.so.3->EVP_DigestVerifyInit_ex(0x5683efa70810, 0x7ffc58403b78, 0, 0) = 1 <0.000317>
[pid 255] 14:59:09.520305 libssl.so.3->EVP_DigestVerify(0x5683efa70810, 0x5683efb533f8, 4627, 0x7ffc58403b80) = 1 <0.000325>
[pid 255] 14:59:09.520880 libssl.so.3->X509_verify_cert(0x5683efb44b60, 1, 1, 0) = 1 <0.000322>
[pid 255] 14:59:09.521692 libssl.so.3->EVP_DigestSignInit_ex(0x5683efb71170, 0x7ffc58403b60, 0, 0) = 1 <0.000233>
[pid 255] 14:59:09.522031 libssl.so.3->EVP_DigestSign(0x5683efb71170, 0, 0x7ffc58403b70, 0x7ffc58403b80) = 1 <0.000193>
[pid 255] 14:59:09.522265 libssl.so.3->EVP_DigestSign(0x5683efb71170, 0x5683efb59960, 0x7ffc58403b70, 0x7ffc58403b80) = 1 <0.000492>
[pid 255] 14:59:09.523203 <... SSL_connect resumed> ) = 1 <0.010085>
[pid 255] 14:59:09.523471 oqsprovider.so->OQS_KEM_free(0x5683efb51270, 0x5683efb51220, 2, 0x5683efb51240) = 4 <0.000162>
Handshake duration: 10.29 ms
[pid 255] 14:59:09.525883 +++ exited (status 0) +++
Execution 29 - TLS Mutual
s_connection: verify depth is 1
[pid 257] 14:59:09.583577 openssl->SSL_connect(0x5a4fc6258890, 0x5a4fc622ae50, 0x5a4fc622ae50, 0x71a8a114f360 <unfinished ...>
[pid 257] 14:59:09.584061 libssl.so.3->EVP_PKEY_keygen_init(0x5a4fc622c580, 0, 176, 0x5a4fc622c580) = 1 <0.000209>
[pid 257] 14:59:09.584331 libssl.so.3->EVP_PKEY_keygen(0x5a4fc622c580, 0x7ffeb2618800, 0, 103 <unfinished ...>
[pid 257] 14:59:09.584483 oqsprovider.so->OQS_KEM_new(0x5a4fc62509a0, 8, 0, 0x5a4fc625d250) = 0x5a4fc625d270 <0.000228>
[pid 257] 14:59:09.584771 oqsprovider.so->OQS_KEM_keypair(0x5a4fc625d270, 0x5a4fc625d2f0, 0x5a4fc6252bf0, 0x5a4fc625d250) = 0 <0.000373>
[pid 257] 14:59:09.585205 <... EVP_PKEY_keygen resumed> ) = 1 <0.000868>
[pid 257] 14:59:09.586752 libssl.so.3->EVP_PKEY_decapsulate_init(0x5a4fc622c580, 0, 176, 0x5a4fc622c580) = 1 <0.000324>
[pid 257] 14:59:09.587184 libssl.so.3->EVP_PKEY_decapsulate(0x5a4fc622c580, 0, 0x7ffeb26187c0, 0x5a4fc625f44a) = 1 <0.000168>
[pid 257] 14:59:09.587444 libssl.so.3->EVP_PKEY_decapsulate(0x5a4fc622c580, 0x5a4fc6254ac0, 0x7ffeb26187c0, 0x5a4fc625f44a <unfinished ...>
[pid 257] 14:59:09.587592 oqsprovider.so->OQS_KEM_decaps(0x5a4fc625d270, 0x5a4fc6254ac0, 0x5a4fc625f44a, 0x5a4fc6252bf0) = 0 <0.000172>
[pid 257] 14:59:09.587852 <... EVP_PKEY_decapsulate resumed> ) = 1 <0.000384>
[pid 257] 14:59:09.588631 libssl.so.3->X509_verify_cert(0x5a4fc6250b60, 0, 0x8000, 0xffffffff) = 1 <0.000428>
[pid 257] 14:59:09.589279 libssl.so.3->EVP_DigestVerifyInit_ex(0x5a4fc617c810, 0x7ffeb2618868, 0, 0) = 1 <0.000156>
[pid 257] 14:59:09.589482 libssl.so.3->EVP_DigestVerify(0x5a4fc617c810, 0x5a4fc625f3f8, 4627, 0x7ffeb2618870) = 1 <0.000223>
[pid 257] 14:59:09.589917 libssl.so.3->X509_verify_cert(0x5a4fc6250b60, 1, 1, 0) = 1 <0.000291>
[pid 257] 14:59:09.590610 libssl.so.3->EVP_DigestSignInit_ex(0x5a4fc627d170, 0x7ffeb2618850, 0, 0) = 1 <0.000137>
[pid 257] 14:59:09.590801 libssl.so.3->EVP_DigestSign(0x5a4fc627d170, 0, 0x7ffeb2618860, 0x7ffeb2618870) = 1 <0.000118>
[pid 257] 14:59:09.590962 libssl.so.3->EVP_DigestSign(0x5a4fc627d170, 0x5a4fc6265960, 0x7ffeb2618860, 0x7ffeb2618870) = 1 <0.000495>
[pid 257] 14:59:09.591756 <... SSL_connect resumed> ) = 1 <0.008189>
[pid 257] 14:59:09.592085 oqsprovider.so->OQS_KEM_free(0x5a4fc625d270, 0x5a4fc625d220, 2, 0x5a4fc625d240) = 4 <0.000127>
Handshake duration: 8.48 ms
[pid 257] 14:59:09.594474 +++ exited (status 0) +++
Execution 30 - TLS Mutual
s_connection: verify depth is 1
[pid 259] 14:59:09.651883 openssl->SSL_connect(0x629594342890, 0x629594314e50, 0x629594314e50, 0x74e28fbfc360 <unfinished ...>
[pid 259] 14:59:09.652334 libssl.so.3->EVP_PKEY_keygen_init(0x629594316580, 0, 176, 0x629594316580) = 1 <0.000166>
[pid 259] 14:59:09.652553 libssl.so.3->EVP_PKEY_keygen(0x629594316580, 0x7ffdaab48840, 0, 103 <unfinished ...>
[pid 259] 14:59:09.652681 oqsprovider.so->OQS_KEM_new(0x62959433a9a0, 8, 0, 0x629594347250) = 0x629594347270 <0.000112>
[pid 259] 14:59:09.652841 oqsprovider.so->OQS_KEM_keypair(0x629594347270, 0x6295943472f0, 0x62959433cbf0, 0x629594347250) = 0 <0.000326>
[pid 259] 14:59:09.653288 <... EVP_PKEY_keygen resumed> ) = 1 <0.000709>
[pid 259] 14:59:09.654824 libssl.so.3->EVP_PKEY_decapsulate_init(0x629594316580, 0, 176, 0x629594316580) = 1 <0.000311>
[pid 259] 14:59:09.655194 libssl.so.3->EVP_PKEY_decapsulate(0x629594316580, 0, 0x7ffdaab48800, 0x62959434944a) = 1 <0.000150>
[pid 259] 14:59:09.655416 libssl.so.3->EVP_PKEY_decapsulate(0x629594316580, 0x62959433eac0, 0x7ffdaab48800, 0x62959434944a <unfinished ...>
[pid 259] 14:59:09.655559 oqsprovider.so->OQS_KEM_decaps(0x629594347270, 0x62959433eac0, 0x62959434944a, 0x62959433cbf0) = 0 <0.000185>
[pid 259] 14:59:09.655802 <... EVP_PKEY_decapsulate resumed> ) = 1 <0.000379>
[pid 259] 14:59:09.656637 libssl.so.3->X509_verify_cert(0x62959433ab60, 0, 0x8000, 0xffffffff) = 1 <0.000455>
[pid 259] 14:59:09.657374 libssl.so.3->EVP_DigestVerifyInit_ex(0x629594266810, 0x7ffdaab488a8, 0, 0) = 1 <0.000178>
[pid 259] 14:59:09.657608 libssl.so.3->EVP_DigestVerify(0x629594266810, 0x6295943493f8, 4627, 0x7ffdaab488b0) = 1 <0.000253>
[pid 259] 14:59:09.658116 libssl.so.3->X509_verify_cert(0x62959433ab60, 1, 1, 0) = 1 <0.000327>
[pid 259] 14:59:09.658889 libssl.so.3->EVP_DigestSignInit_ex(0x629594367170, 0x7ffdaab48890, 0, 0) = 1 <0.000180>
[pid 259] 14:59:09.659118 libssl.so.3->EVP_DigestSign(0x629594367170, 0, 0x7ffdaab488a0, 0x7ffdaab488b0) = 1 <0.000140>
[pid 259] 14:59:09.659316 libssl.so.3->EVP_DigestSign(0x629594367170, 0x62959434f960, 0x7ffdaab488a0, 0x7ffdaab488b0) = 1 <0.000556>
[pid 259] 14:59:09.660232 <... SSL_connect resumed> ) = 1 <0.008348>
[pid 259] 14:59:09.660491 oqsprovider.so->OQS_KEM_free(0x629594347270, 0x629594347220, 2, 0x629594347240) = 4 <0.000147>
Handshake duration: 8.57 ms
[pid 259] 14:59:09.662728 +++ exited (status 0) +++
Execution 31 - TLS Mutual
s_connection: verify depth is 1
[pid 261] 14:59:09.723263 openssl->SSL_connect(0x5bb673bd7890, 0x5bb673ba9e50, 0x5bb673ba9e50, 0x7170e12b4360 <unfinished ...>
[pid 261] 14:59:09.723812 libssl.so.3->EVP_PKEY_keygen_init(0x5bb673bab580, 0, 176, 0x5bb673bab580) = 1 <0.000189>
[pid 261] 14:59:09.724053 libssl.so.3->EVP_PKEY_keygen(0x5bb673bab580, 0x7ffda385b610, 0, 103 <unfinished ...>
[pid 261] 14:59:09.724192 oqsprovider.so->OQS_KEM_new(0x5bb673bcf9a0, 8, 0, 0x5bb673bdc250) = 0x5bb673bdc270 <0.000136>
[pid 261] 14:59:09.724433 oqsprovider.so->OQS_KEM_keypair(0x5bb673bdc270, 0x5bb673bdc2f0, 0x5bb673bd1bf0, 0x5bb673bdc250) = 0 <0.000454>
[pid 261] 14:59:09.724954 <... EVP_PKEY_keygen resumed> ) = 1 <0.000895>
[pid 261] 14:59:09.726618 libssl.so.3->EVP_PKEY_decapsulate_init(0x5bb673bab580, 0, 176, 0x5bb673bab580) = 1 <0.000344>
[pid 261] 14:59:09.727012 libssl.so.3->EVP_PKEY_decapsulate(0x5bb673bab580, 0, 0x7ffda385b5d0, 0x5bb673bde44a) = 1 <0.000113>
[pid 261] 14:59:09.727175 libssl.so.3->EVP_PKEY_decapsulate(0x5bb673bab580, 0x5bb673bd3ac0, 0x7ffda385b5d0, 0x5bb673bde44a <unfinished ...>
[pid 261] 14:59:09.727411 oqsprovider.so->OQS_KEM_decaps(0x5bb673bdc270, 0x5bb673bd3ac0, 0x5bb673bde44a, 0x5bb673bd1bf0) = 0 <0.000282>
[pid 261] 14:59:09.727759 <... EVP_PKEY_decapsulate resumed> ) = 1 <0.000573>
[pid 261] 14:59:09.728815 libssl.so.3->X509_verify_cert(0x5bb673bcfb60, 0, 0x8000, 0xffffffff) = 1 <0.000642>
[pid 261] 14:59:09.729764 libssl.so.3->EVP_DigestVerifyInit_ex(0x5bb673afb810, 0x7ffda385b678, 0, 0) = 1 <0.000235>
[pid 261] 14:59:09.730073 libssl.so.3->EVP_DigestVerify(0x5bb673afb810, 0x5bb673bde3f8, 4627, 0x7ffda385b680) = 1 <0.000388>
[pid 261] 14:59:09.730811 libssl.so.3->X509_verify_cert(0x5bb673bcfb60, 1, 1, 0) = 1 <0.000303>
[pid 261] 14:59:09.731726 libssl.so.3->EVP_DigestSignInit_ex(0x5bb673bfc170, 0x7ffda385b660, 0, 0) = 1 <0.000167>
[pid 261] 14:59:09.731940 libssl.so.3->EVP_DigestSign(0x5bb673bfc170, 0, 0x7ffda385b670, 0x7ffda385b680) = 1 <0.000117>
[pid 261] 14:59:09.732097 libssl.so.3->EVP_DigestSign(0x5bb673bfc170, 0x5bb673be4960, 0x7ffda385b670, 0x7ffda385b680) = 1 <0.000552>
[pid 261] 14:59:09.733005 <... SSL_connect resumed> ) = 1 <0.009764>
[pid 261] 14:59:09.733272 oqsprovider.so->OQS_KEM_free(0x5bb673bdc270, 0x5bb673bdc220, 2, 0x5bb673bdc240) = 4 <0.000203>
Handshake duration: 9.97 ms
[pid 261] 14:59:09.735746 +++ exited (status 0) +++
Execution 32 - TLS Mutual
s_connection: verify depth is 1
[pid 263] 14:59:09.795881 openssl->SSL_connect(0x5c25472ee890, 0x5c25472c0e50, 0x5c25472c0e50, 0x713f1cc36360 <unfinished ...>
[pid 263] 14:59:09.796333 libssl.so.3->EVP_PKEY_keygen_init(0x5c25472c2580, 0, 176, 0x5c25472c2580) = 1 <0.000182>
[pid 263] 14:59:09.796564 libssl.so.3->EVP_PKEY_keygen(0x5c25472c2580, 0x7ffcf0616fa0, 0, 103 <unfinished ...>
[pid 263] 14:59:09.796689 oqsprovider.so->OQS_KEM_new(0x5c25472e69a0, 8, 0, 0x5c25472f3250) = 0x5c25472f3270 <0.000121>
[pid 263] 14:59:09.796859 oqsprovider.so->OQS_KEM_keypair(0x5c25472f3270, 0x5c25472f32f0, 0x5c25472e8bf0, 0x5c25472f3250) = 0 <0.000359>
[pid 263] 14:59:09.797275 <... EVP_PKEY_keygen resumed> ) = 1 <0.000706>
[pid 263] 14:59:09.798800 libssl.so.3->EVP_PKEY_decapsulate_init(0x5c25472c2580, 0, 176, 0x5c25472c2580) = 1 <0.000400>
[pid 263] 14:59:09.799285 libssl.so.3->EVP_PKEY_decapsulate(0x5c25472c2580, 0, 0x7ffcf0616f60, 0x5c25472f544a) = 1 <0.000182>
[pid 263] 14:59:09.799523 libssl.so.3->EVP_PKEY_decapsulate(0x5c25472c2580, 0x5c25472eaac0, 0x7ffcf0616f60, 0x5c25472f544a <unfinished ...>
[pid 263] 14:59:09.799674 oqsprovider.so->OQS_KEM_decaps(0x5c25472f3270, 0x5c25472eaac0, 0x5c25472f544a, 0x5c25472e8bf0) = 0 <0.000185>
[pid 263] 14:59:09.799902 <... EVP_PKEY_decapsulate resumed> ) = 1 <0.000375>
[pid 263] 14:59:09.800693 libssl.so.3->X509_verify_cert(0x5c25472e6b60, 0, 0x8000, 0xffffffff) = 1 <0.000436>
[pid 263] 14:59:09.801372 libssl.so.3->EVP_DigestVerifyInit_ex(0x5c2547212810, 0x7ffcf0617008, 0, 0) = 1 <0.000144>
[pid 263] 14:59:09.801570 libssl.so.3->EVP_DigestVerify(0x5c2547212810, 0x5c25472f53f8, 4627, 0x7ffcf0617010) = 1 <0.000229>
[pid 263] 14:59:09.802056 libssl.so.3->X509_verify_cert(0x5c25472e6b60, 1, 1, 0) = 1 <0.000373>
[pid 263] 14:59:09.802846 libssl.so.3->EVP_DigestSignInit_ex(0x5c2547313170, 0x7ffcf0616ff0, 0, 0) = 1 <0.000136>
[pid 263] 14:59:09.803035 libssl.so.3->EVP_DigestSign(0x5c2547313170, 0, 0x7ffcf0617000, 0x7ffcf0617010) = 1 <0.000110>
[pid 263] 14:59:09.803202 libssl.so.3->EVP_DigestSign(0x5c2547313170, 0x5c25472fb960, 0x7ffcf0617000, 0x7ffcf0617010) = 1 <0.000568>
[pid 263] 14:59:09.804339 <... SSL_connect resumed> ) = 1 <0.008461>
[pid 263] 14:59:09.804573 oqsprovider.so->OQS_KEM_free(0x5c25472f3270, 0x5c25472f3220, 2, 0x5c25472f3240) = 4 <0.000126>
Handshake duration: 8.68 ms
[pid 263] 14:59:09.807056 +++ exited (status 0) +++
Execution 33 - TLS Mutual
s_connection: verify depth is 1
[pid 265] 14:59:09.869155 openssl->SSL_connect(0x5e6d05586890, 0x5e6d05558e50, 0x5e6d05558e50, 0x7628710ad360 <unfinished ...>
[pid 265] 14:59:09.869818 libssl.so.3->EVP_PKEY_keygen_init(0x5e6d0555a580, 0, 176, 0x5e6d0555a580) = 1 <0.000221>
[pid 265] 14:59:09.870083 libssl.so.3->EVP_PKEY_keygen(0x5e6d0555a580, 0x7ffeb1052e40, 0, 103 <unfinished ...>
[pid 265] 14:59:09.870245 oqsprovider.so->OQS_KEM_new(0x5e6d0557e9a0, 8, 0, 0x5e6d0558b250) = 0x5e6d0558b270 <0.000170>
[pid 265] 14:59:09.870488 oqsprovider.so->OQS_KEM_keypair(0x5e6d0558b270, 0x5e6d0558b2f0, 0x5e6d05580bf0, 0x5e6d0558b250) = 0 <0.000352>
[pid 265] 14:59:09.870923 <... EVP_PKEY_keygen resumed> ) = 1 <0.000838>
[pid 265] 14:59:09.872516 libssl.so.3->EVP_PKEY_decapsulate_init(0x5e6d0555a580, 0, 176, 0x5e6d0555a580) = 1 <0.000357>
[pid 265] 14:59:09.872954 libssl.so.3->EVP_PKEY_decapsulate(0x5e6d0555a580, 0, 0x7ffeb1052e00, 0x5e6d0558d44a) = 1 <0.000173>
[pid 265] 14:59:09.873201 libssl.so.3->EVP_PKEY_decapsulate(0x5e6d0555a580, 0x5e6d05582ac0, 0x7ffeb1052e00, 0x5e6d0558d44a <unfinished ...>
[pid 265] 14:59:09.873391 oqsprovider.so->OQS_KEM_decaps(0x5e6d0558b270, 0x5e6d05582ac0, 0x5e6d0558d44a, 0x5e6d05580bf0) = 0 <0.000229>
[pid 265] 14:59:09.873691 <... EVP_PKEY_decapsulate resumed> ) = 1 <0.000481>
[pid 265] 14:59:09.874495 libssl.so.3->X509_verify_cert(0x5e6d0557eb60, 0, 0x8000, 0xffffffff) = 1 <0.000490>
[pid 265] 14:59:09.875255 libssl.so.3->EVP_DigestVerifyInit_ex(0x5e6d054aa810, 0x7ffeb1052ea8, 0, 0) = 1 <0.000260>
[pid 265] 14:59:09.875585 libssl.so.3->EVP_DigestVerify(0x5e6d054aa810, 0x5e6d0558d3f8, 4627, 0x7ffeb1052eb0) = 1 <0.000317>
[pid 265] 14:59:09.876106 libssl.so.3->X509_verify_cert(0x5e6d0557eb60, 1, 1, 0) = 1 <0.000268>
[pid 265] 14:59:09.876757 libssl.so.3->EVP_DigestSignInit_ex(0x5e6d055ab170, 0x7ffeb1052e90, 0, 0) = 1 <0.000123>
[pid 265] 14:59:09.876920 libssl.so.3->EVP_DigestSign(0x5e6d055ab170, 0, 0x7ffeb1052ea0, 0x7ffeb1052eb0) = 1 <0.000136>
[pid 265] 14:59:09.877115 libssl.so.3->EVP_DigestSign(0x5e6d055ab170, 0x5e6d05593960, 0x7ffeb1052ea0, 0x7ffeb1052eb0) = 1 <0.000556>
[pid 265] 14:59:09.878030 <... SSL_connect resumed> ) = 1 <0.008889>
[pid 265] 14:59:09.878271 oqsprovider.so->OQS_KEM_free(0x5e6d0558b270, 0x5e6d0558b220, 2, 0x5e6d0558b240) = 4 <0.000192>
Handshake duration: 9.10 ms
[pid 265] 14:59:09.880676 +++ exited (status 0) +++
Execution 34 - TLS Mutual
s_connection: verify depth is 1
[pid 267] 14:59:09.940447 openssl->SSL_connect(0x59c3a09d2890, 0x59c3a09a4e50, 0x59c3a09a4e50, 0x79a8991b6360 <unfinished ...>
[pid 267] 14:59:09.941029 libssl.so.3->EVP_PKEY_keygen_init(0x59c3a09a6580, 0, 176, 0x59c3a09a6580) = 1 <0.000195>
[pid 267] 14:59:09.941282 libssl.so.3->EVP_PKEY_keygen(0x59c3a09a6580, 0x7ffe349032c0, 0, 103 <unfinished ...>
[pid 267] 14:59:09.941457 oqsprovider.so->OQS_KEM_new(0x59c3a09ca9a0, 8, 0, 0x59c3a09d7250) = 0x59c3a09d7270 <0.000143>
[pid 267] 14:59:09.941654 oqsprovider.so->OQS_KEM_keypair(0x59c3a09d7270, 0x59c3a09d72f0, 0x59c3a09ccbf0, 0x59c3a09d7250) = 0 <0.000378>
[pid 267] 14:59:09.942088 <... EVP_PKEY_keygen resumed> ) = 1 <0.000798>
[pid 267] 14:59:09.944011 libssl.so.3->EVP_PKEY_decapsulate_init(0x59c3a09a6580, 0, 176, 0x59c3a09a6580) = 1 <0.000389>
[pid 267] 14:59:09.944455 libssl.so.3->EVP_PKEY_decapsulate(0x59c3a09a6580, 0, 0x7ffe34903280, 0x59c3a09d944a) = 1 <0.000134>
[pid 267] 14:59:09.944637 libssl.so.3->EVP_PKEY_decapsulate(0x59c3a09a6580, 0x59c3a09ceac0, 0x7ffe34903280, 0x59c3a09d944a <unfinished ...>
[pid 267] 14:59:09.944767 oqsprovider.so->OQS_KEM_decaps(0x59c3a09d7270, 0x59c3a09ceac0, 0x59c3a09d944a, 0x59c3a09ccbf0) = 0 <0.000189>
[pid 267] 14:59:09.945012 <... EVP_PKEY_decapsulate resumed> ) = 1 <0.000367>
[pid 267] 14:59:09.945913 libssl.so.3->X509_verify_cert(0x59c3a09cab60, 0, 0x8000, 0xffffffff) = 1 <0.000584>
[pid 267] 14:59:09.946738 libssl.so.3->EVP_DigestVerifyInit_ex(0x59c3a08f6810, 0x7ffe34903328, 0, 0) = 1 <0.000135>
[pid 267] 14:59:09.946920 libssl.so.3->EVP_DigestVerify(0x59c3a08f6810, 0x59c3a09d93f8, 4627, 0x7ffe34903330) = 1 <0.000215>
[pid 267] 14:59:09.947467 libssl.so.3->X509_verify_cert(0x59c3a09cab60, 1, 1, 0) = 1 <0.000381>
[pid 267] 14:59:09.948344 libssl.so.3->EVP_DigestSignInit_ex(0x59c3a09f7170, 0x7ffe34903310, 0, 0) = 1 <0.000160>
[pid 267] 14:59:09.948553 libssl.so.3->EVP_DigestSign(0x59c3a09f7170, 0, 0x7ffe34903320, 0x7ffe34903330) = 1 <0.000118>
[pid 267] 14:59:09.948726 libssl.so.3->EVP_DigestSign(0x59c3a09f7170, 0x59c3a09df960, 0x7ffe34903320, 0x7ffe34903330) = 1 <0.000439>
[pid 267] 14:59:09.949609 <... SSL_connect resumed> ) = 1 <0.009174>
[pid 267] 14:59:09.949870 oqsprovider.so->OQS_KEM_free(0x59c3a09d7270, 0x59c3a09d7220, 2, 0x59c3a09d7240) = 4 <0.000161>
Handshake duration: 9.41 ms
[pid 267] 14:59:09.952465 +++ exited (status 0) +++
Execution 35 - TLS Mutual
s_connection: verify depth is 1
[pid 269] 14:59:10.012922 openssl->SSL_connect(0x6548c287d890, 0x6548c284fe50, 0x6548c284fe50, 0x73126f57c360 <unfinished ...>
[pid 269] 14:59:10.013430 libssl.so.3->EVP_PKEY_keygen_init(0x6548c2851580, 0, 176, 0x6548c2851580) = 1 <0.000177>
[pid 269] 14:59:10.013657 libssl.so.3->EVP_PKEY_keygen(0x6548c2851580, 0x7ffe2d04bf10, 0, 103 <unfinished ...>
[pid 269] 14:59:10.013835 oqsprovider.so->OQS_KEM_new(0x6548c28759a0, 8, 0, 0x6548c2882250) = 0x6548c2882270 <0.000159>
[pid 269] 14:59:10.014048 oqsprovider.so->OQS_KEM_keypair(0x6548c2882270, 0x6548c28822f0, 0x6548c2877bf0, 0x6548c2882250) = 0 <0.000593>
[pid 269] 14:59:10.014745 <... EVP_PKEY_keygen resumed> ) = 1 <0.001082>
[pid 269] 14:59:10.016551 libssl.so.3->EVP_PKEY_decapsulate_init(0x6548c2851580, 0, 176, 0x6548c2851580) = 1 <0.000457>
[pid 269] 14:59:10.017075 libssl.so.3->EVP_PKEY_decapsulate(0x6548c2851580, 0, 0x7ffe2d04bed0, 0x6548c288444a) = 1 <0.000141>
[pid 269] 14:59:10.017254 libssl.so.3->EVP_PKEY_decapsulate(0x6548c2851580, 0x6548c2879ac0, 0x7ffe2d04bed0, 0x6548c288444a <unfinished ...>
[pid 269] 14:59:10.017450 oqsprovider.so->OQS_KEM_decaps(0x6548c2882270, 0x6548c2879ac0, 0x6548c288444a, 0x6548c2877bf0) = 0 <0.000233>
[pid 269] 14:59:10.017736 <... EVP_PKEY_decapsulate resumed> ) = 1 <0.000470>
[pid 269] 14:59:10.019072 libssl.so.3->X509_verify_cert(0x6548c2875b60, 0, 0x8000, 0xffffffff) = 1 <0.000542>
[pid 269] 14:59:10.019944 libssl.so.3->EVP_DigestVerifyInit_ex(0x6548c27a1810, 0x7ffe2d04bf78, 0, 0) = 1 <0.000205>
[pid 269] 14:59:10.020281 libssl.so.3->EVP_DigestVerify(0x6548c27a1810, 0x6548c28843f8, 4627, 0x7ffe2d04bf80) = 1 <0.000324>
[pid 269] 14:59:10.020878 libssl.so.3->X509_verify_cert(0x6548c2875b60, 1, 1, 0) = 1 <0.000285>
[pid 269] 14:59:10.021640 libssl.so.3->EVP_DigestSignInit_ex(0x6548c28a2170, 0x7ffe2d04bf60, 0, 0) = 1 <0.000148>
[pid 269] 14:59:10.021833 libssl.so.3->EVP_DigestSign(0x6548c28a2170, 0, 0x7ffe2d04bf70, 0x7ffe2d04bf80) = 1 <0.000117>
[pid 269] 14:59:10.021991 libssl.so.3->EVP_DigestSign(0x6548c28a2170, 0x6548c288a960, 0x7ffe2d04bf70, 0x7ffe2d04bf80) = 1 <0.000526>
[pid 269] 14:59:10.022873 <... SSL_connect resumed> ) = 1 <0.009973>
[pid 269] 14:59:10.023137 oqsprovider.so->OQS_KEM_free(0x6548c2882270, 0x6548c2882220, 2, 0x6548c2882240) = 4 <0.000126>
Handshake duration: 10.17 ms
[pid 269] 14:59:10.025701 +++ exited (status 0) +++
Execution 36 - TLS Mutual
s_connection: verify depth is 1
[pid 271] 14:59:10.089244 openssl->SSL_connect(0x648d68547890, 0x648d68519e50, 0x648d68519e50, 0x74e6d80bb360 <unfinished ...>
[pid 271] 14:59:10.089777 libssl.so.3->EVP_PKEY_keygen_init(0x648d6851b580, 0, 176, 0x648d6851b580) = 1 <0.000180>
[pid 271] 14:59:10.090012 libssl.so.3->EVP_PKEY_keygen(0x648d6851b580, 0x7ffc9940d220, 0, 103 <unfinished ...>
[pid 271] 14:59:10.090129 oqsprovider.so->OQS_KEM_new(0x648d6853f9a0, 8, 0, 0x648d6854c250) = 0x648d6854c270 <0.000106>
[pid 271] 14:59:10.090284 oqsprovider.so->OQS_KEM_keypair(0x648d6854c270, 0x648d6854c2f0, 0x648d68541bf0, 0x648d6854c250) = 0 <0.000455>
[pid 271] 14:59:10.090822 <... EVP_PKEY_keygen resumed> ) = 1 <0.000805>
[pid 271] 14:59:10.092403 libssl.so.3->EVP_PKEY_decapsulate_init(0x648d6851b580, 0, 176, 0x648d6851b580) = 1 <0.000445>
[pid 271] 14:59:10.092922 libssl.so.3->EVP_PKEY_decapsulate(0x648d6851b580, 0, 0x7ffc9940d1e0, 0x648d6854e44a) = 1 <0.000166>
[pid 271] 14:59:10.093150 libssl.so.3->EVP_PKEY_decapsulate(0x648d6851b580, 0x648d68543ac0, 0x7ffc9940d1e0, 0x648d6854e44a <unfinished ...>
[pid 271] 14:59:10.093290 oqsprovider.so->OQS_KEM_decaps(0x648d6854c270, 0x648d68543ac0, 0x648d6854e44a, 0x648d68541bf0) = 0 <0.000203>
[pid 271] 14:59:10.093556 <... EVP_PKEY_decapsulate resumed> ) = 1 <0.000400>
[pid 271] 14:59:10.094449 libssl.so.3->X509_verify_cert(0x648d6853fb60, 0, 0x8000, 0xffffffff) = 1 <0.000460>
[pid 271] 14:59:10.095179 libssl.so.3->EVP_DigestVerifyInit_ex(0x648d6846b810, 0x7ffc9940d288, 0, 0) = 1 <0.000151>
[pid 271] 14:59:10.095394 libssl.so.3->EVP_DigestVerify(0x648d6846b810, 0x648d6854e3f8, 4627, 0x7ffc9940d290) = 1 <0.000245>
[pid 271] 14:59:10.095880 libssl.so.3->X509_verify_cert(0x648d6853fb60, 1, 1, 0) = 1 <0.000265>
[pid 271] 14:59:10.096606 libssl.so.3->EVP_DigestSignInit_ex(0x648d6856c170, 0x7ffc9940d270, 0, 0) = 1 <0.000197>
[pid 271] 14:59:10.096853 libssl.so.3->EVP_DigestSign(0x648d6856c170, 0, 0x7ffc9940d280, 0x7ffc9940d290) = 1 <0.000176>
[pid 271] 14:59:10.097079 libssl.so.3->EVP_DigestSign(0x648d6856c170, 0x648d68554960, 0x7ffc9940d280, 0x7ffc9940d290) = 1 <0.000542>
[pid 271] 14:59:10.098060 <... SSL_connect resumed> ) = 1 <0.008819>
[pid 271] 14:59:10.098359 oqsprovider.so->OQS_KEM_free(0x648d6854c270, 0x648d6854c220, 2, 0x648d6854c240) = 4 <0.000190>
Handshake duration: 9.07 ms
[pid 271] 14:59:10.101037 +++ exited (status 0) +++
Execution 37 - TLS Mutual
s_connection: verify depth is 1
[pid 273] 14:59:10.165239 openssl->SSL_connect(0x5c8e3d8fe890, 0x5c8e3d8d0e50, 0x5c8e3d8d0e50, 0x7402a14b3360 <unfinished ...>
[pid 273] 14:59:10.165801 libssl.so.3->EVP_PKEY_keygen_init(0x5c8e3d8d2580, 0, 176, 0x5c8e3d8d2580) = 1 <0.000262>
[pid 273] 14:59:10.166187 libssl.so.3->EVP_PKEY_keygen(0x5c8e3d8d2580, 0x7ffd80678390, 0, 103 <unfinished ...>
[pid 273] 14:59:10.166422 oqsprovider.so->OQS_KEM_new(0x5c8e3d8f69a0, 8, 0, 0x5c8e3d903250) = 0x5c8e3d903270 <0.000162>
[pid 273] 14:59:10.166646 oqsprovider.so->OQS_KEM_keypair(0x5c8e3d903270, 0x5c8e3d9032f0, 0x5c8e3d8f8bf0, 0x5c8e3d903250) = 0 <0.000392>
[pid 273] 14:59:10.167108 <... EVP_PKEY_keygen resumed> ) = 1 <0.000918>
[pid 273] 14:59:10.169110 libssl.so.3->EVP_PKEY_decapsulate_init(0x5c8e3d8d2580, 0, 176, 0x5c8e3d8d2580) = 1 <0.000480>
[pid 273] 14:59:10.169670 libssl.so.3->EVP_PKEY_decapsulate(0x5c8e3d8d2580, 0, 0x7ffd80678350, 0x5c8e3d90544a) = 1 <0.000190>
[pid 273] 14:59:10.169920 libssl.so.3->EVP_PKEY_decapsulate(0x5c8e3d8d2580, 0x5c8e3d8faac0, 0x7ffd80678350, 0x5c8e3d90544a <unfinished ...>
[pid 273] 14:59:10.170099 oqsprovider.so->OQS_KEM_decaps(0x5c8e3d903270, 0x5c8e3d8faac0, 0x5c8e3d90544a, 0x5c8e3d8f8bf0) = 0 <0.000234>
[pid 273] 14:59:10.170417 <... EVP_PKEY_decapsulate resumed> ) = 1 <0.000491>
[pid 273] 14:59:10.171584 libssl.so.3->X509_verify_cert(0x5c8e3d8f6b60, 0, 0x8000, 0xffffffff) = 1 <0.000699>
[pid 273] 14:59:10.172742 libssl.so.3->EVP_DigestVerifyInit_ex(0x5c8e3d822810, 0x7ffd806783f8, 0, 0) = 1 <0.000261>
[pid 273] 14:59:10.173059 libssl.so.3->EVP_DigestVerify(0x5c8e3d822810, 0x5c8e3d9053f8, 4627, 0x7ffd80678400) = 1 <0.000259>
[pid 273] 14:59:10.173614 libssl.so.3->X509_verify_cert(0x5c8e3d8f6b60, 1, 1, 0) = 1 <0.000311>
[pid 273] 14:59:10.174492 libssl.so.3->EVP_DigestSignInit_ex(0x5c8e3d923170, 0x7ffd806783e0, 0, 0) = 1 <0.000181>
[pid 273] 14:59:10.174727 libssl.so.3->EVP_DigestSign(0x5c8e3d923170, 0, 0x7ffd806783f0, 0x7ffd80678400) = 1 <0.000144>
[pid 273] 14:59:10.174919 libssl.so.3->EVP_DigestSign(0x5c8e3d923170, 0x5c8e3d90b960, 0x7ffd806783f0, 0x7ffd80678400) = 1 <0.000472>
[pid 273] 14:59:10.175876 <... SSL_connect resumed> ) = 1 <0.010648>
[pid 273] 14:59:10.176129 oqsprovider.so->OQS_KEM_free(0x5c8e3d903270, 0x5c8e3d903220, 2, 0x5c8e3d903240) = 4 <0.000166>
Handshake duration: 10.88 ms
[pid 273] 14:59:10.178884 +++ exited (status 0) +++
Execution 38 - TLS Mutual
s_connection: verify depth is 1
[pid 275] 14:59:10.245566 openssl->SSL_connect(0x5c708195c890, 0x5c708192ee50, 0x5c708192ee50, 0x76b039ece360 <unfinished ...>
[pid 275] 14:59:10.246159 libssl.so.3->EVP_PKEY_keygen_init(0x5c7081930580, 0, 176, 0x5c7081930580) = 1 <0.000237>
[pid 275] 14:59:10.246462 libssl.so.3->EVP_PKEY_keygen(0x5c7081930580, 0x7fff6b250900, 0, 103 <unfinished ...>
[pid 275] 14:59:10.246652 oqsprovider.so->OQS_KEM_new(0x5c70819549a0, 8, 0, 0x5c7081961250) = 0x5c7081961270 <0.000148>
[pid 275] 14:59:10.246967 oqsprovider.so->OQS_KEM_keypair(0x5c7081961270, 0x5c70819612f0, 0x5c7081956bf0, 0x5c7081961250) = 0 <0.000639>
[pid 275] 14:59:10.247713 <... EVP_PKEY_keygen resumed> ) = 1 <0.001243>
[pid 275] 14:59:10.249468 libssl.so.3->EVP_PKEY_decapsulate_init(0x5c7081930580, 0, 176, 0x5c7081930580) = 1 <0.000335>
[pid 275] 14:59:10.249898 libssl.so.3->EVP_PKEY_decapsulate(0x5c7081930580, 0, 0x7fff6b2508c0, 0x5c708196344a) = 1 <0.000160>
[pid 275] 14:59:10.250098 libssl.so.3->EVP_PKEY_decapsulate(0x5c7081930580, 0x5c7081958ac0, 0x7fff6b2508c0, 0x5c708196344a <unfinished ...>
[pid 275] 14:59:10.250222 oqsprovider.so->OQS_KEM_decaps(0x5c7081961270, 0x5c7081958ac0, 0x5c708196344a, 0x5c7081956bf0) = 0 <0.000198>
[pid 275] 14:59:10.250465 <... EVP_PKEY_decapsulate resumed> ) = 1 <0.000362>
[pid 275] 14:59:10.251258 libssl.so.3->X509_verify_cert(0x5c7081954b60, 0, 0x8000, 0xffffffff) = 1 <0.000670>
[pid 275] 14:59:10.252170 libssl.so.3->EVP_DigestVerifyInit_ex(0x5c7081880810, 0x7fff6b250968, 0, 0) = 1 <0.000148>
[pid 275] 14:59:10.252376 libssl.so.3->EVP_DigestVerify(0x5c7081880810, 0x5c70819633f8, 4627, 0x7fff6b250970) = 1 <0.000315>
[pid 275] 14:59:10.252921 libssl.so.3->X509_verify_cert(0x5c7081954b60, 1, 1, 0) = 1 <0.000269>
[pid 275] 14:59:10.253615 libssl.so.3->EVP_DigestSignInit_ex(0x5c7081981170, 0x7fff6b250950, 0, 0) = 1 <0.000135>
[pid 275] 14:59:10.253801 libssl.so.3->EVP_DigestSign(0x5c7081981170, 0, 0x7fff6b250960, 0x7fff6b250970) = 1 <0.000123>
[pid 275] 14:59:10.253968 libssl.so.3->EVP_DigestSign(0x5c7081981170, 0x5c7081969960, 0x7fff6b250960, 0x7fff6b250970) = 1 <0.000436>
[pid 275] 14:59:10.254757 <... SSL_connect resumed> ) = 1 <0.009228>
[pid 275] 14:59:10.254961 oqsprovider.so->OQS_KEM_free(0x5c7081961270, 0x5c7081961220, 2, 0x5c7081961240) = 4 <0.000116>
Handshake duration: 9.45 ms
[pid 275] 14:59:10.257455 +++ exited (status 0) +++
Execution 39 - TLS Mutual
s_connection: verify depth is 1
[pid 277] 14:59:10.313309 openssl->SSL_connect(0x627d0b396890, 0x627d0b368e50, 0x627d0b368e50, 0x75f080b0c360 <unfinished ...>
[pid 277] 14:59:10.313854 libssl.so.3->EVP_PKEY_keygen_init(0x627d0b36a580, 0, 176, 0x627d0b36a580) = 1 <0.000250>
[pid 277] 14:59:10.314176 libssl.so.3->EVP_PKEY_keygen(0x627d0b36a580, 0x7fff40424720, 0, 103 <unfinished ...>
[pid 277] 14:59:10.314318 oqsprovider.so->OQS_KEM_new(0x627d0b38e9a0, 8, 0, 0x627d0b39b250) = 0x627d0b39b270 <0.000135>
[pid 277] 14:59:10.314534 oqsprovider.so->OQS_KEM_keypair(0x627d0b39b270, 0x627d0b39b2f0, 0x627d0b390bf0, 0x627d0b39b250) = 0 <0.000430>
[pid 277] 14:59:10.315026 <... EVP_PKEY_keygen resumed> ) = 1 <0.000844>
[pid 277] 14:59:10.316957 libssl.so.3->EVP_PKEY_decapsulate_init(0x627d0b36a580, 0, 176, 0x627d0b36a580) = 1 <0.000321>
[pid 277] 14:59:10.317329 libssl.so.3->EVP_PKEY_decapsulate(0x627d0b36a580, 0, 0x7fff404246e0, 0x627d0b39d44a) = 1 <0.000189>
[pid 277] 14:59:10.317590 libssl.so.3->EVP_PKEY_decapsulate(0x627d0b36a580, 0x627d0b392ac0, 0x7fff404246e0, 0x627d0b39d44a <unfinished ...>
[pid 277] 14:59:10.317724 oqsprovider.so->OQS_KEM_decaps(0x627d0b39b270, 0x627d0b392ac0, 0x627d0b39d44a, 0x627d0b390bf0) = 0 <0.000238>
[pid 277] 14:59:10.318035 <... EVP_PKEY_decapsulate resumed> ) = 1 <0.000440>
[pid 277] 14:59:10.318832 libssl.so.3->X509_verify_cert(0x627d0b38eb60, 0, 0x8000, 0xffffffff) = 1 <0.000455>
[pid 277] 14:59:10.319509 libssl.so.3->EVP_DigestVerifyInit_ex(0x627d0b2ba810, 0x7fff40424788, 0, 0) = 1 <0.000149>
[pid 277] 14:59:10.319710 libssl.so.3->EVP_DigestVerify(0x627d0b2ba810, 0x627d0b39d3f8, 4627, 0x7fff40424790) = 1 <0.000234>
[pid 277] 14:59:10.320185 libssl.so.3->X509_verify_cert(0x627d0b38eb60, 1, 1, 0) = 1 <0.000322>
[pid 277] 14:59:10.320924 libssl.so.3->EVP_DigestSignInit_ex(0x627d0b3bb170, 0x7fff40424770, 0, 0) = 1 <0.000176>
[pid 277] 14:59:10.321159 libssl.so.3->EVP_DigestSign(0x627d0b3bb170, 0, 0x7fff40424780, 0x7fff40424790) = 1 <0.000153>
[pid 277] 14:59:10.321371 libssl.so.3->EVP_DigestSign(0x627d0b3bb170, 0x627d0b3a3960, 0x7fff40424780, 0x7fff40424790) = 1 <0.000408>
[pid 277] 14:59:10.322098 <... SSL_connect resumed> ) = 1 <0.008817>
[pid 277] 14:59:10.322315 oqsprovider.so->OQS_KEM_free(0x627d0b39b270, 0x627d0b39b220, 2, 0x627d0b39b240) = 4 <0.000149>
Handshake duration: 9.02 ms
[pid 277] 14:59:10.324583 +++ exited (status 0) +++
Execution 40 - TLS Mutual
s_connection: verify depth is 1
[pid 279] 14:59:10.384864 openssl->SSL_connect(0x6506a7834890, 0x6506a7806e50, 0x6506a7806e50, 0x7aace5746360 <unfinished ...>
[pid 279] 14:59:10.385506 libssl.so.3->EVP_PKEY_keygen_init(0x6506a7808580, 0, 176, 0x6506a7808580) = 1 <0.000254>
[pid 279] 14:59:10.385833 libssl.so.3->EVP_PKEY_keygen(0x6506a7808580, 0x7ffeb735c620, 0, 103 <unfinished ...>
[pid 279] 14:59:10.386018 oqsprovider.so->OQS_KEM_new(0x6506a782c9a0, 8, 0, 0x6506a7839250) = 0x6506a7839270 <0.000178>
[pid 279] 14:59:10.386262 oqsprovider.so->OQS_KEM_keypair(0x6506a7839270, 0x6506a78392f0, 0x6506a782ebf0, 0x6506a7839250) = 0 <0.000519>
[pid 279] 14:59:10.386880 <... EVP_PKEY_keygen resumed> ) = 1 <0.001043>
[pid 279] 14:59:10.388901 libssl.so.3->EVP_PKEY_decapsulate_init(0x6506a7808580, 0, 176, 0x6506a7808580) = 1 <0.000364>
[pid 279] 14:59:10.389328 libssl.so.3->EVP_PKEY_decapsulate(0x6506a7808580, 0, 0x7ffeb735c5e0, 0x6506a783b44a) = 1 <0.000202>
[pid 279] 14:59:10.389588 libssl.so.3->EVP_PKEY_decapsulate(0x6506a7808580, 0x6506a7830ac0, 0x7ffeb735c5e0, 0x6506a783b44a <unfinished ...>
[pid 279] 14:59:10.389777 oqsprovider.so->OQS_KEM_decaps(0x6506a7839270, 0x6506a7830ac0, 0x6506a783b44a, 0x6506a782ebf0) = 0 <0.000212>
[pid 279] 14:59:10.390053 <... EVP_PKEY_decapsulate resumed> ) = 1 <0.000455>
[pid 279] 14:59:10.390942 libssl.so.3->X509_verify_cert(0x6506a782cb60, 0, 0x8000, 0xffffffff) = 1 <0.000516>
[pid 279] 14:59:10.391833 libssl.so.3->EVP_DigestVerifyInit_ex(0x6506a7758810, 0x7ffeb735c688, 0, 0) = 1 <0.000194>
[pid 279] 14:59:10.392097 libssl.so.3->EVP_DigestVerify(0x6506a7758810, 0x6506a783b3f8, 4627, 0x7ffeb735c690) = 1 <0.000307>
[pid 279] 14:59:10.392691 libssl.so.3->X509_verify_cert(0x6506a782cb60, 1, 1, 0) = 1 <0.000339>
[pid 279] 14:59:10.393468 libssl.so.3->EVP_DigestSignInit_ex(0x6506a7859170, 0x7ffeb735c670, 0, 0) = 1 <0.000180>
[pid 279] 14:59:10.393760 libssl.so.3->EVP_DigestSign(0x6506a7859170, 0, 0x7ffeb735c680, 0x7ffeb735c690) = 1 <0.000236>
[pid 279] 14:59:10.394038 libssl.so.3->EVP_DigestSign(0x6506a7859170, 0x6506a7841960, 0x7ffeb735c680, 0x7ffeb735c690) = 1 <0.000447>
[pid 279] 14:59:10.394848 <... SSL_connect resumed> ) = 1 <0.009986>
[pid 279] 14:59:10.395099 oqsprovider.so->OQS_KEM_free(0x6506a7839270, 0x6506a7839220, 2, 0x6506a7839240) = 4 <0.000218>
Handshake duration: 10.23 ms
[pid 279] 14:59:10.397565 +++ exited (status 0) +++
Execution 41 - TLS Mutual
s_connection: verify depth is 1
[pid 281] 14:59:10.457314 openssl->SSL_connect(0x56d976af2890, 0x56d976ac4e50, 0x56d976ac4e50, 0x717a14196360 <unfinished ...>
[pid 281] 14:59:10.457791 libssl.so.3->EVP_PKEY_keygen_init(0x56d976ac6580, 0, 176, 0x56d976ac6580) = 1 <0.000216>
[pid 281] 14:59:10.458133 libssl.so.3->EVP_PKEY_keygen(0x56d976ac6580, 0x7fff299e65b0, 0, 103 <unfinished ...>
[pid 281] 14:59:10.458313 oqsprovider.so->OQS_KEM_new(0x56d976aea9a0, 8, 0, 0x56d976af7250) = 0x56d976af7270 <0.000159>
[pid 281] 14:59:10.458556 oqsprovider.so->OQS_KEM_keypair(0x56d976af7270, 0x56d976af72f0, 0x56d976aecbf0, 0x56d976af7250) = 0 <0.000397>
[pid 281] 14:59:10.459029 <... EVP_PKEY_keygen resumed> ) = 1 <0.000888>
[pid 281] 14:59:10.460701 libssl.so.3->EVP_PKEY_decapsulate_init(0x56d976ac6580, 0, 176, 0x56d976ac6580) = 1 <0.000301>
[pid 281] 14:59:10.461055 libssl.so.3->EVP_PKEY_decapsulate(0x56d976ac6580, 0, 0x7fff299e6570, 0x56d976af944a) = 1 <0.000139>
[pid 281] 14:59:10.461239 libssl.so.3->EVP_PKEY_decapsulate(0x56d976ac6580, 0x56d976aeeac0, 0x7fff299e6570, 0x56d976af944a <unfinished ...>
[pid 281] 14:59:10.461378 oqsprovider.so->OQS_KEM_decaps(0x56d976af7270, 0x56d976aeeac0, 0x56d976af944a, 0x56d976aecbf0) = 0 <0.000175>
[pid 281] 14:59:10.461608 <... EVP_PKEY_decapsulate resumed> ) = 1 <0.000364>
[pid 281] 14:59:10.462661 libssl.so.3->X509_verify_cert(0x56d976aeab60, 0, 0x8000, 0xffffffff) = 1 <0.000450>
[pid 281] 14:59:10.463402 libssl.so.3->EVP_DigestVerifyInit_ex(0x56d976a16810, 0x7fff299e6618, 0, 0) = 1 <0.000166>
[pid 281] 14:59:10.463617 libssl.so.3->EVP_DigestVerify(0x56d976a16810, 0x56d976af93f8, 4627, 0x7fff299e6620) = 1 <0.000343>
[pid 281] 14:59:10.464241 libssl.so.3->X509_verify_cert(0x56d976aeab60, 1, 1, 0) = 1 <0.000397>
[pid 281] 14:59:10.465023 libssl.so.3->EVP_DigestSignInit_ex(0x56d976b17170, 0x7fff299e6600, 0, 0) = 1 <0.000215>
[pid 281] 14:59:10.465284 libssl.so.3->EVP_DigestSign(0x56d976b17170, 0, 0x7fff299e6610, 0x7fff299e6620) = 1 <0.000142>
[pid 281] 14:59:10.465468 libssl.so.3->EVP_DigestSign(0x56d976b17170, 0x56d976aff960, 0x7fff299e6610, 0x7fff299e6620) = 1 <0.000384>
[pid 281] 14:59:10.466234 <... SSL_connect resumed> ) = 1 <0.008936>
[pid 281] 14:59:10.466478 oqsprovider.so->OQS_KEM_free(0x56d976af7270, 0x56d976af7220, 2, 0x56d976af7240) = 4 <0.000127>
Handshake duration: 9.15 ms
[pid 281] 14:59:10.468870 +++ exited (status 0) +++
Execution 42 - TLS Mutual
s_connection: verify depth is 1
[pid 283] 14:59:10.529800 openssl->SSL_connect(0x6103d9489890, 0x6103d945be50, 0x6103d945be50, 0x7045edc23360 <unfinished ...>
[pid 283] 14:59:10.530243 libssl.so.3->EVP_PKEY_keygen_init(0x6103d945d580, 0, 176, 0x6103d945d580) = 1 <0.000165>
[pid 283] 14:59:10.530465 libssl.so.3->EVP_PKEY_keygen(0x6103d945d580, 0x7fff0d610cf0, 0, 103 <unfinished ...>
[pid 283] 14:59:10.530589 oqsprovider.so->OQS_KEM_new(0x6103d94819a0, 8, 0, 0x6103d948e250) = 0x6103d948e270 <0.000111>
[pid 283] 14:59:10.530746 oqsprovider.so->OQS_KEM_keypair(0x6103d948e270, 0x6103d948e2f0, 0x6103d9483bf0, 0x6103d948e250) = 0 <0.000354>
[pid 283] 14:59:10.531157 <... EVP_PKEY_keygen resumed> ) = 1 <0.000684>
[pid 283] 14:59:10.532783 libssl.so.3->EVP_PKEY_decapsulate_init(0x6103d945d580, 0, 176, 0x6103d945d580) = 1 <0.000325>
[pid 283] 14:59:10.533153 libssl.so.3->EVP_PKEY_decapsulate(0x6103d945d580, 0, 0x7fff0d610cb0, 0x6103d949044a) = 1 <0.000134>
[pid 283] 14:59:10.533343 libssl.so.3->EVP_PKEY_decapsulate(0x6103d945d580, 0x6103d9485ac0, 0x7fff0d610cb0, 0x6103d949044a <unfinished ...>
[pid 283] 14:59:10.533489 oqsprovider.so->OQS_KEM_decaps(0x6103d948e270, 0x6103d9485ac0, 0x6103d949044a, 0x6103d9483bf0) = 0 <0.000160>
[pid 283] 14:59:10.533700 <... EVP_PKEY_decapsulate resumed> ) = 1 <0.000352>
[pid 283] 14:59:10.534552 libssl.so.3->X509_verify_cert(0x6103d9481b60, 0, 0x8000, 0xffffffff) = 1 <0.000417>
[pid 283] 14:59:10.535213 libssl.so.3->EVP_DigestVerifyInit_ex(0x6103d93ad810, 0x7fff0d610d58, 0, 0) = 1 <0.000185>
[pid 283] 14:59:10.535450 libssl.so.3->EVP_DigestVerify(0x6103d93ad810, 0x6103d94903f8, 4627, 0x7fff0d610d60) = 1 <0.000248>
[pid 283] 14:59:10.535914 libssl.so.3->X509_verify_cert(0x6103d9481b60, 1, 1, 0) = 1 <0.000247>
[pid 283] 14:59:10.536576 libssl.so.3->EVP_DigestSignInit_ex(0x6103d94ae170, 0x7fff0d610d40, 0, 0) = 1 <0.000138>
[pid 283] 14:59:10.536769 libssl.so.3->EVP_DigestSign(0x6103d94ae170, 0, 0x7fff0d610d50, 0x7fff0d610d60) = 1 <0.000111>
[pid 283] 14:59:10.536926 libssl.so.3->EVP_DigestSign(0x6103d94ae170, 0x6103d9496960, 0x7fff0d610d50, 0x7fff0d610d60) = 1 <0.000379>
[pid 283] 14:59:10.537612 <... SSL_connect resumed> ) = 1 <0.007827>
[pid 283] 14:59:10.537878 oqsprovider.so->OQS_KEM_free(0x6103d948e270, 0x6103d948e220, 2, 0x6103d948e240) = 4 <0.000152>
Handshake duration: 8.03 ms
[pid 283] 14:59:10.540316 +++ exited (status 0) +++
Execution 43 - TLS Mutual
s_connection: verify depth is 1
[pid 285] 14:59:10.599690 openssl->SSL_connect(0x5fede988c890, 0x5fede985ee50, 0x5fede985ee50, 0x788499d6c360 <unfinished ...>
[pid 285] 14:59:10.600202 libssl.so.3->EVP_PKEY_keygen_init(0x5fede9860580, 0, 176, 0x5fede9860580) = 1 <0.000259>
[pid 285] 14:59:10.600526 libssl.so.3->EVP_PKEY_keygen(0x5fede9860580, 0x7ffd4bfca2b0, 0, 103 <unfinished ...>
[pid 285] 14:59:10.600653 oqsprovider.so->OQS_KEM_new(0x5fede98849a0, 8, 0, 0x5fede9891250) = 0x5fede9891270 <0.000156>
[pid 285] 14:59:10.600864 oqsprovider.so->OQS_KEM_keypair(0x5fede9891270, 0x5fede98912f0, 0x5fede9886bf0, 0x5fede9891250) = 0 <0.000364>
[pid 285] 14:59:10.601309 <... EVP_PKEY_keygen resumed> ) = 1 <0.000775>
[pid 285] 14:59:10.602829 libssl.so.3->EVP_PKEY_decapsulate_init(0x5fede9860580, 0, 176, 0x5fede9860580) = 1 <0.000288>
[pid 285] 14:59:10.603164 libssl.so.3->EVP_PKEY_decapsulate(0x5fede9860580, 0, 0x7ffd4bfca270, 0x5fede989344a) = 1 <0.000116>
[pid 285] 14:59:10.603337 libssl.so.3->EVP_PKEY_decapsulate(0x5fede9860580, 0x5fede9888ac0, 0x7ffd4bfca270, 0x5fede989344a <unfinished ...>
[pid 285] 14:59:10.603508 oqsprovider.so->OQS_KEM_decaps(0x5fede9891270, 0x5fede9888ac0, 0x5fede989344a, 0x5fede9886bf0) = 0 <0.000251>
[pid 285] 14:59:10.603803 <... EVP_PKEY_decapsulate resumed> ) = 1 <0.000469>
[pid 285] 14:59:10.604613 libssl.so.3->X509_verify_cert(0x5fede9884b60, 0, 0x8000, 0xffffffff) = 1 <0.000480>
[pid 285] 14:59:10.605300 libssl.so.3->EVP_DigestVerifyInit_ex(0x5fede97b0810, 0x7ffd4bfca318, 0, 0) = 1 <0.000154>
[pid 285] 14:59:10.605532 libssl.so.3->EVP_DigestVerify(0x5fede97b0810, 0x5fede98933f8, 4627, 0x7ffd4bfca320) = 1 <0.000385>
[pid 285] 14:59:10.606205 libssl.so.3->X509_verify_cert(0x5fede9884b60, 1, 1, 0) = 1 <0.000329>
[pid 285] 14:59:10.607001 libssl.so.3->EVP_DigestSignInit_ex(0x5fede98b1170, 0x7ffd4bfca300, 0, 0) = 1 <0.000201>
[pid 285] 14:59:10.607313 libssl.so.3->EVP_DigestSign(0x5fede98b1170, 0, 0x7ffd4bfca310, 0x7ffd4bfca320) = 1 <0.000196>
[pid 285] 14:59:10.607562 libssl.so.3->EVP_DigestSign(0x5fede98b1170, 0x5fede9899960, 0x7ffd4bfca310, 0x7ffd4bfca320) = 1 <0.000518>
[pid 285] 14:59:10.608468 <... SSL_connect resumed> ) = 1 <0.008780>
[pid 285] 14:59:10.608828 oqsprovider.so->OQS_KEM_free(0x5fede9891270, 0x5fede9891220, 2, 0x5fede9891240) = 4 <0.000215>
Handshake duration: 9.07 ms
[pid 285] 14:59:10.611283 +++ exited (status 0) +++
Execution 44 - TLS Mutual
s_connection: verify depth is 1
[pid 287] 14:59:10.670761 openssl->SSL_connect(0x5d38db05e890, 0x5d38db030e50, 0x5d38db030e50, 0x7e4c016d1360 <unfinished ...>
[pid 287] 14:59:10.671309 libssl.so.3->EVP_PKEY_keygen_init(0x5d38db032580, 0, 176, 0x5d38db032580) = 1 <0.000234>
[pid 287] 14:59:10.671641 libssl.so.3->EVP_PKEY_keygen(0x5d38db032580, 0x7ffcbcdb4d30, 0, 103 <unfinished ...>
[pid 287] 14:59:10.671863 oqsprovider.so->OQS_KEM_new(0x5d38db0569a0, 8, 0, 0x5d38db063250) = 0x5d38db063270 <0.000172>
[pid 287] 14:59:10.672125 oqsprovider.so->OQS_KEM_keypair(0x5d38db063270, 0x5d38db0632f0, 0x5d38db058bf0, 0x5d38db063250) = 0 <0.000425>
[pid 287] 14:59:10.672607 <... EVP_PKEY_keygen resumed> ) = 1 <0.000967>
[pid 287] 14:59:10.674156 libssl.so.3->EVP_PKEY_decapsulate_init(0x5d38db032580, 0, 176, 0x5d38db032580) = 1 <0.000392>
[pid 287] 14:59:10.674594 libssl.so.3->EVP_PKEY_decapsulate(0x5d38db032580, 0, 0x7ffcbcdb4cf0, 0x5d38db06544a) = 1 <0.000128>
[pid 287] 14:59:10.674781 libssl.so.3->EVP_PKEY_decapsulate(0x5d38db032580, 0x5d38db05aac0, 0x7ffcbcdb4cf0, 0x5d38db06544a <unfinished ...>
[pid 287] 14:59:10.674911 oqsprovider.so->OQS_KEM_decaps(0x5d38db063270, 0x5d38db05aac0, 0x5d38db06544a, 0x5d38db058bf0) = 0 <0.000148>
[pid 287] 14:59:10.675109 <... EVP_PKEY_decapsulate resumed> ) = 1 <0.000324>
[pid 287] 14:59:10.675882 libssl.so.3->X509_verify_cert(0x5d38db056b60, 0, 0x8000, 0xffffffff) = 1 <0.000447>
[pid 287] 14:59:10.676558 libssl.so.3->EVP_DigestVerifyInit_ex(0x5d38daf82810, 0x7ffcbcdb4d98, 0, 0) = 1 <0.000139>
[pid 287] 14:59:10.676743 libssl.so.3->EVP_DigestVerify(0x5d38daf82810, 0x5d38db0653f8, 4627, 0x7ffcbcdb4da0) = 1 <0.000236>
[pid 287] 14:59:10.677234 libssl.so.3->X509_verify_cert(0x5d38db056b60, 1, 1, 0) = 1 <0.000366>
[pid 287] 14:59:10.678069 libssl.so.3->EVP_DigestSignInit_ex(0x5d38db083170, 0x7ffcbcdb4d80, 0, 0) = 1 <0.000181>
[pid 287] 14:59:10.678322 libssl.so.3->EVP_DigestSign(0x5d38db083170, 0, 0x7ffcbcdb4d90, 0x7ffcbcdb4da0) = 1 <0.000183>
[pid 287] 14:59:10.678571 libssl.so.3->EVP_DigestSign(0x5d38db083170, 0x5d38db06b960, 0x7ffcbcdb4d90, 0x7ffcbcdb4da0) = 1 <0.000600>
[pid 287] 14:59:10.679573 <... SSL_connect resumed> ) = 1 <0.008819>
[pid 287] 14:59:10.679793 oqsprovider.so->OQS_KEM_free(0x5d38db063270, 0x5d38db063220, 2, 0x5d38db063240) = 4 <0.000149>
Handshake duration: 9.02 ms
[pid 287] 14:59:10.682108 +++ exited (status 0) +++
Execution 45 - TLS Mutual
s_connection: verify depth is 1
[pid 289] 14:59:10.740165 openssl->SSL_connect(0x647b99b0d890, 0x647b99adfe50, 0x647b99adfe50, 0x7c3f894c1360 <unfinished ...>
[pid 289] 14:59:10.740687 libssl.so.3->EVP_PKEY_keygen_init(0x647b99ae1580, 0, 176, 0x647b99ae1580) = 1 <0.000267>
[pid 289] 14:59:10.741043 libssl.so.3->EVP_PKEY_keygen(0x647b99ae1580, 0x7ffcc6fac160, 0, 103 <unfinished ...>
[pid 289] 14:59:10.741227 oqsprovider.so->OQS_KEM_new(0x647b99b059a0, 8, 0, 0x647b99b12250) = 0x647b99b12270 <0.000174>
[pid 289] 14:59:10.741489 oqsprovider.so->OQS_KEM_keypair(0x647b99b12270, 0x647b99b122f0, 0x647b99b07bf0, 0x647b99b12250) = 0 <0.000400>
[pid 289] 14:59:10.741980 <... EVP_PKEY_keygen resumed> ) = 1 <0.000927>
[pid 289] 14:59:10.743748 libssl.so.3->EVP_PKEY_decapsulate_init(0x647b99ae1580, 0, 176, 0x647b99ae1580) = 1 <0.000367>
[pid 289] 14:59:10.744178 libssl.so.3->EVP_PKEY_decapsulate(0x647b99ae1580, 0, 0x7ffcc6fac120, 0x647b99b1444a) = 1 <0.000137>
[pid 289] 14:59:10.744372 libssl.so.3->EVP_PKEY_decapsulate(0x647b99ae1580, 0x647b99b09ac0, 0x7ffcc6fac120, 0x647b99b1444a <unfinished ...>
[pid 289] 14:59:10.744555 oqsprovider.so->OQS_KEM_decaps(0x647b99b12270, 0x647b99b09ac0, 0x647b99b1444a, 0x647b99b07bf0) = 0 <0.000195>
[pid 289] 14:59:10.744837 <... EVP_PKEY_decapsulate resumed> ) = 1 <0.000446>
[pid 289] 14:59:10.745773 libssl.so.3->X509_verify_cert(0x647b99b05b60, 0, 0x8000, 0xffffffff) = 1 <0.000478>
[pid 289] 14:59:10.746517 libssl.so.3->EVP_DigestVerifyInit_ex(0x647b99a31810, 0x7ffcc6fac1c8, 0, 0) = 1 <0.000145>
[pid 289] 14:59:10.746702 libssl.so.3->EVP_DigestVerify(0x647b99a31810, 0x647b99b143f8, 4627, 0x7ffcc6fac1d0) = 1 <0.000222>
[pid 289] 14:59:10.747136 libssl.so.3->X509_verify_cert(0x647b99b05b60, 1, 1, 0) = 1 <0.000287>
[pid 289] 14:59:10.747836 libssl.so.3->EVP_DigestSignInit_ex(0x647b99b32170, 0x7ffcc6fac1b0, 0, 0) = 1 <0.000129>
[pid 289] 14:59:10.748023 libssl.so.3->EVP_DigestSign(0x647b99b32170, 0, 0x7ffcc6fac1c0, 0x7ffcc6fac1d0) = 1 <0.000124>
[pid 289] 14:59:10.748201 libssl.so.3->EVP_DigestSign(0x647b99b32170, 0x647b99b1a960, 0x7ffcc6fac1c0, 0x7ffcc6fac1d0) = 1 <0.000470>
[pid 289] 14:59:10.749014 <... SSL_connect resumed> ) = 1 <0.008853>
[pid 289] 14:59:10.749279 oqsprovider.so->OQS_KEM_free(0x647b99b12270, 0x647b99b12220, 2, 0x647b99b12240) = 4 <0.000166>
Handshake duration: 9.06 ms
[pid 289] 14:59:10.751930 +++ exited (status 0) +++
Execution 46 - TLS Mutual
s_connection: verify depth is 1
[pid 291] 14:59:10.809207 openssl->SSL_connect(0x5afb2ab25890, 0x5afb2aaf7e50, 0x5afb2aaf7e50, 0x7f781f9a4360 <unfinished ...>
[pid 291] 14:59:10.809729 libssl.so.3->EVP_PKEY_keygen_init(0x5afb2aaf9580, 0, 176, 0x5afb2aaf9580) = 1 <0.000157>
[pid 291] 14:59:10.809941 libssl.so.3->EVP_PKEY_keygen(0x5afb2aaf9580, 0x7fff286e05a0, 0, 103 <unfinished ...>
[pid 291] 14:59:10.810163 oqsprovider.so->OQS_KEM_new(0x5afb2ab1d9a0, 8, 0, 0x5afb2ab2a250) = 0x5afb2ab2a270 <0.000134>
[pid 291] 14:59:10.810371 oqsprovider.so->OQS_KEM_keypair(0x5afb2ab2a270, 0x5afb2ab2a2f0, 0x5afb2ab1fbf0, 0x5afb2ab2a250) = 0 <0.000387>
[pid 291] 14:59:10.810840 <... EVP_PKEY_keygen resumed> ) = 1 <0.000893>
[pid 291] 14:59:10.812592 libssl.so.3->EVP_PKEY_decapsulate_init(0x5afb2aaf9580, 0, 176, 0x5afb2aaf9580) = 1 <0.000373>
[pid 291] 14:59:10.813061 libssl.so.3->EVP_PKEY_decapsulate(0x5afb2aaf9580, 0, 0x7fff286e0560, 0x5afb2ab2c44a) = 1 <0.000252>
[pid 291] 14:59:10.813415 libssl.so.3->EVP_PKEY_decapsulate(0x5afb2aaf9580, 0x5afb2ab21ac0, 0x7fff286e0560, 0x5afb2ab2c44a <unfinished ...>
[pid 291] 14:59:10.813605 oqsprovider.so->OQS_KEM_decaps(0x5afb2ab2a270, 0x5afb2ab21ac0, 0x5afb2ab2c44a, 0x5afb2ab1fbf0) = 0 <0.000185>
[pid 291] 14:59:10.813842 <... EVP_PKEY_decapsulate resumed> ) = 1 <0.000423>
[pid 291] 14:59:10.814769 libssl.so.3->X509_verify_cert(0x5afb2ab1db60, 0, 0x8000, 0xffffffff) = 1 <0.000529>
[pid 291] 14:59:10.815603 libssl.so.3->EVP_DigestVerifyInit_ex(0x5afb2aa49810, 0x7fff286e0608, 0, 0) = 1 <0.000179>
[pid 291] 14:59:10.815847 libssl.so.3->EVP_DigestVerify(0x5afb2aa49810, 0x5afb2ab2c3f8, 4627, 0x7fff286e0610) = 1 <0.000276>
[pid 291] 14:59:10.816451 libssl.so.3->X509_verify_cert(0x5afb2ab1db60, 1, 1, 0) = 1 <0.000312>
[pid 291] 14:59:10.817415 libssl.so.3->EVP_DigestSignInit_ex(0x5afb2ab4a170, 0x7fff286e05f0, 0, 0) = 1 <0.000168>
[pid 291] 14:59:10.817632 libssl.so.3->EVP_DigestSign(0x5afb2ab4a170, 0, 0x7fff286e0600, 0x7fff286e0610) = 1 <0.000155>
[pid 291] 14:59:10.817847 libssl.so.3->EVP_DigestSign(0x5afb2ab4a170, 0x5afb2ab32960, 0x7fff286e0600, 0x7fff286e0610) = 1 <0.000444>
[pid 291] 14:59:10.818697 <... SSL_connect resumed> ) = 1 <0.009491>
[pid 291] 14:59:10.818962 oqsprovider.so->OQS_KEM_free(0x5afb2ab2a270, 0x5afb2ab2a220, 2, 0x5afb2ab2a240) = 4 <0.000148>
Handshake duration: 9.72 ms
[pid 291] 14:59:10.821471 +++ exited (status 0) +++
Execution 47 - TLS Mutual
s_connection: verify depth is 1
[pid 293] 14:59:10.904055 openssl->SSL_connect(0x643cc0d61890, 0x643cc0d33e50, 0x643cc0d33e50, 0x7783e00bd360 <unfinished ...>
[pid 293] 14:59:10.904642 libssl.so.3->EVP_PKEY_keygen_init(0x643cc0d35580, 0, 176, 0x643cc0d35580) = 1 <0.000262>
[pid 293] 14:59:10.904990 libssl.so.3->EVP_PKEY_keygen(0x643cc0d35580, 0x7ffc63e5ebc0, 0, 103 <unfinished ...>
[pid 293] 14:59:10.905166 oqsprovider.so->OQS_KEM_new(0x643cc0d599a0, 8, 0, 0x643cc0d66250) = 0x643cc0d66270 <0.000174>
[pid 293] 14:59:10.905414 oqsprovider.so->OQS_KEM_keypair(0x643cc0d66270, 0x643cc0d662f0, 0x643cc0d5bbf0, 0x643cc0d66250) = 0 <0.000435>
[pid 293] 14:59:10.905954 <... EVP_PKEY_keygen resumed> ) = 1 <0.000955>
[pid 293] 14:59:10.907523 libssl.so.3->EVP_PKEY_decapsulate_init(0x643cc0d35580, 0, 176, 0x643cc0d35580) = 1 <0.000336>
[pid 293] 14:59:10.907939 libssl.so.3->EVP_PKEY_decapsulate(0x643cc0d35580, 0, 0x7ffc63e5eb80, 0x643cc0d6844a) = 1 <0.000253>
[pid 293] 14:59:10.908258 libssl.so.3->EVP_PKEY_decapsulate(0x643cc0d35580, 0x643cc0d5dac0, 0x7ffc63e5eb80, 0x643cc0d6844a <unfinished ...>
[pid 293] 14:59:10.908423 oqsprovider.so->OQS_KEM_decaps(0x643cc0d66270, 0x643cc0d5dac0, 0x643cc0d6844a, 0x643cc0d5bbf0) = 0 <0.000166>
[pid 293] 14:59:10.908637 <... EVP_PKEY_decapsulate resumed> ) = 1 <0.000380>
[pid 293] 14:59:10.909485 libssl.so.3->X509_verify_cert(0x643cc0d59b60, 0, 0x8000, 0xffffffff) = 1 <0.000460>
[pid 293] 14:59:10.910187 libssl.so.3->EVP_DigestVerifyInit_ex(0x643cc0c85810, 0x7ffc63e5ec28, 0, 0) = 1 <0.000128>
[pid 293] 14:59:10.910371 libssl.so.3->EVP_DigestVerify(0x643cc0c85810, 0x643cc0d683f8, 4627, 0x7ffc63e5ec30) = 1 <0.000244>
[pid 293] 14:59:10.910835 libssl.so.3->X509_verify_cert(0x643cc0d59b60, 1, 1, 0) = 1 <0.000257>
[pid 293] 14:59:10.911547 libssl.so.3->EVP_DigestSignInit_ex(0x643cc0d86170, 0x7ffc63e5ec10, 0, 0) = 1 <0.000152>
[pid 293] 14:59:10.911742 libssl.so.3->EVP_DigestSign(0x643cc0d86170, 0, 0x7ffc63e5ec20, 0x7ffc63e5ec30) = 1 <0.000113>
[pid 293] 14:59:10.911898 libssl.so.3->EVP_DigestSign(0x643cc0d86170, 0x643cc0d6e960, 0x7ffc63e5ec20, 0x7ffc63e5ec30) = 1 <0.000692>
[pid 293] 14:59:10.912953 <... SSL_connect resumed> ) = 1 <0.008909>
[pid 293] 14:59:10.913161 oqsprovider.so->OQS_KEM_free(0x643cc0d66270, 0x643cc0d66220, 2, 0x643cc0d66240) = 4 <0.000135>
Handshake duration: 9.08 ms
[pid 293] 14:59:10.915670 +++ exited (status 0) +++
Execution 48 - TLS Mutual
s_connection: verify depth is 1
[pid 295] 14:59:10.974121 openssl->SSL_connect(0x55676dc5a890, 0x55676dc2ce50, 0x55676dc2ce50, 0x75205a48f360 <unfinished ...>
[pid 295] 14:59:10.974802 libssl.so.3->EVP_PKEY_keygen_init(0x55676dc2e580, 0, 176, 0x55676dc2e580) = 1 <0.000217>
[pid 295] 14:59:10.975110 libssl.so.3->EVP_PKEY_keygen(0x55676dc2e580, 0x7fffa8f0a650, 0, 103 <unfinished ...>
[pid 295] 14:59:10.975350 oqsprovider.so->OQS_KEM_new(0x55676dc529a0, 8, 0, 0x55676dc5f250) = 0x55676dc5f270 <0.000222>
[pid 295] 14:59:10.975685 oqsprovider.so->OQS_KEM_keypair(0x55676dc5f270, 0x55676dc5f2f0, 0x55676dc54bf0, 0x55676dc5f250) = 0 <0.000402>
[pid 295] 14:59:10.976147 <... EVP_PKEY_keygen resumed> ) = 1 <0.001038>
[pid 295] 14:59:10.977766 libssl.so.3->EVP_PKEY_decapsulate_init(0x55676dc2e580, 0, 176, 0x55676dc2e580) = 1 <0.000328>
[pid 295] 14:59:10.978175 libssl.so.3->EVP_PKEY_decapsulate(0x55676dc2e580, 0, 0x7fffa8f0a610, 0x55676dc6144a) = 1 <0.000178>
[pid 295] 14:59:10.978406 libssl.so.3->EVP_PKEY_decapsulate(0x55676dc2e580, 0x55676dc56ac0, 0x7fffa8f0a610, 0x55676dc6144a <unfinished ...>
[pid 295] 14:59:10.978534 oqsprovider.so->OQS_KEM_decaps(0x55676dc5f270, 0x55676dc56ac0, 0x55676dc6144a, 0x55676dc54bf0) = 0 <0.000209>
[pid 295] 14:59:10.978823 <... EVP_PKEY_decapsulate resumed> ) = 1 <0.000393>
[pid 295] 14:59:10.979663 libssl.so.3->X509_verify_cert(0x55676dc52b60, 0, 0x8000, 0xffffffff) = 1 <0.000497>
[pid 295] 14:59:10.980440 libssl.so.3->EVP_DigestVerifyInit_ex(0x55676db7e810, 0x7fffa8f0a6b8, 0, 0) = 1 <0.000174>
[pid 295] 14:59:10.980664 libssl.so.3->EVP_DigestVerify(0x55676db7e810, 0x55676dc613f8, 4627, 0x7fffa8f0a6c0) = 1 <0.000280>
[pid 295] 14:59:10.981191 libssl.so.3->X509_verify_cert(0x55676dc52b60, 1, 1, 0) = 1 <0.000300>
[pid 295] 14:59:10.981911 libssl.so.3->EVP_DigestSignInit_ex(0x55676dc7f170, 0x7fffa8f0a6a0, 0, 0) = 1 <0.000141>
[pid 295] 14:59:10.982098 libssl.so.3->EVP_DigestSign(0x55676dc7f170, 0, 0x7fffa8f0a6b0, 0x7fffa8f0a6c0) = 1 <0.000144>
[pid 295] 14:59:10.982286 libssl.so.3->EVP_DigestSign(0x55676dc7f170, 0x55676dc67960, 0x7fffa8f0a6b0, 0x7fffa8f0a6c0) = 1 <0.000421>
[pid 295] 14:59:10.983139 <... SSL_connect resumed> ) = 1 <0.009025>
[pid 295] 14:59:10.983460 oqsprovider.so->OQS_KEM_free(0x55676dc5f270, 0x55676dc5f220, 2, 0x55676dc5f240) = 4 <0.000294>
Handshake duration: 9.27 ms
[pid 295] 14:59:10.986263 +++ exited (status 0) +++
Execution 49 - TLS Mutual
s_connection: verify depth is 1
[pid 297] 14:59:11.059262 openssl->SSL_connect(0x627485180890, 0x627485152e50, 0x627485152e50, 0x755a87c98360 <unfinished ...>
[pid 297] 14:59:11.059883 libssl.so.3->EVP_PKEY_keygen_init(0x627485154580, 0, 176, 0x627485154580) = 1 <0.000249>
[pid 297] 14:59:11.060190 libssl.so.3->EVP_PKEY_keygen(0x627485154580, 0x7fff43ebdfa0, 0, 103 <unfinished ...>
[pid 297] 14:59:11.060385 oqsprovider.so->OQS_KEM_new(0x6274851789a0, 8, 0, 0x627485185250) = 0x627485185270 <0.000154>
[pid 297] 14:59:11.060608 oqsprovider.so->OQS_KEM_keypair(0x627485185270, 0x6274851852f0, 0x62748517abf0, 0x627485185250) = 0 <0.000430>
[pid 297] 14:59:11.061105 <... EVP_PKEY_keygen resumed> ) = 1 <0.000908>
[pid 297] 14:59:11.062917 libssl.so.3->EVP_PKEY_decapsulate_init(0x627485154580, 0, 176, 0x627485154580) = 1 <0.000376>
[pid 297] 14:59:11.063364 libssl.so.3->EVP_PKEY_decapsulate(0x627485154580, 0, 0x7fff43ebdf60, 0x62748518744a) = 1 <0.000165>
[pid 297] 14:59:11.063570 libssl.so.3->EVP_PKEY_decapsulate(0x627485154580, 0x62748517cac0, 0x7fff43ebdf60, 0x62748518744a <unfinished ...>
[pid 297] 14:59:11.063733 oqsprovider.so->OQS_KEM_decaps(0x627485185270, 0x62748517cac0, 0x62748518744a, 0x62748517abf0) = 0 <0.000202>
[pid 297] 14:59:11.063997 <... EVP_PKEY_decapsulate resumed> ) = 1 <0.000421>
[pid 297] 14:59:11.064837 libssl.so.3->X509_verify_cert(0x627485178b60, 0, 0x8000, 0xffffffff) = 1 <0.000497>
[pid 297] 14:59:11.065594 libssl.so.3->EVP_DigestVerifyInit_ex(0x6274850a4810, 0x7fff43ebe008, 0, 0) = 1 <0.000157>
[pid 297] 14:59:11.065809 libssl.so.3->EVP_DigestVerify(0x6274850a4810, 0x6274851873f8, 4627, 0x7fff43ebe010) = 1 <0.000294>
[pid 297] 14:59:11.066373 libssl.so.3->X509_verify_cert(0x627485178b60, 1, 1, 0) = 1 <0.000287>
[pid 297] 14:59:11.067222 libssl.so.3->EVP_DigestSignInit_ex(0x6274851a5170, 0x7fff43ebdff0, 0, 0) = 1 <0.000196>
[pid 297] 14:59:11.067473 libssl.so.3->EVP_DigestSign(0x6274851a5170, 0, 0x7fff43ebe000, 0x7fff43ebe010) = 1 <0.000176>
[pid 297] 14:59:11.067707 libssl.so.3->EVP_DigestSign(0x6274851a5170, 0x62748518d960, 0x7fff43ebe000, 0x7fff43ebe010) = 1 <0.000434>
[pid 297] 14:59:11.068533 <... SSL_connect resumed> ) = 1 <0.009281>
[pid 297] 14:59:11.068760 oqsprovider.so->OQS_KEM_free(0x627485185270, 0x627485185220, 2, 0x627485185240) = 4 <0.000136>
Handshake duration: 9.51 ms
[pid 297] 14:59:11.071555 +++ exited (status 0) +++
Execution 50 - TLS Mutual
s_connection: verify depth is 1
[pid 299] 14:59:11.132466 openssl->SSL_connect(0x5ef42bd6f890, 0x5ef42bd41e50, 0x5ef42bd41e50, 0x739e28d22360 <unfinished ...>
[pid 299] 14:59:11.133048 libssl.so.3->EVP_PKEY_keygen_init(0x5ef42bd43580, 0, 176, 0x5ef42bd43580) = 1 <0.000204>
[pid 299] 14:59:11.133307 libssl.so.3->EVP_PKEY_keygen(0x5ef42bd43580, 0x7ffe8292c300, 0, 103 <unfinished ...>
[pid 299] 14:59:11.133484 oqsprovider.so->OQS_KEM_new(0x5ef42bd679a0, 8, 0, 0x5ef42bd74250) = 0x5ef42bd74270 <0.000151>
[pid 299] 14:59:11.133701 oqsprovider.so->OQS_KEM_keypair(0x5ef42bd74270, 0x5ef42bd742f0, 0x5ef42bd69bf0, 0x5ef42bd74250) = 0 <0.000388>
[pid 299] 14:59:11.134150 <... EVP_PKEY_keygen resumed> ) = 1 <0.000837>
[pid 299] 14:59:11.135853 libssl.so.3->EVP_PKEY_decapsulate_init(0x5ef42bd43580, 0, 176, 0x5ef42bd43580) = 1 <0.000467>
[pid 299] 14:59:11.136392 libssl.so.3->EVP_PKEY_decapsulate(0x5ef42bd43580, 0, 0x7ffe8292c2c0, 0x5ef42bd7644a) = 1 <0.000196>
[pid 299] 14:59:11.136644 libssl.so.3->EVP_PKEY_decapsulate(0x5ef42bd43580, 0x5ef42bd6bac0, 0x7ffe8292c2c0, 0x5ef42bd7644a <unfinished ...>
[pid 299] 14:59:11.136869 oqsprovider.so->OQS_KEM_decaps(0x5ef42bd74270, 0x5ef42bd6bac0, 0x5ef42bd7644a, 0x5ef42bd69bf0) = 0 <0.000270>
[pid 299] 14:59:11.137192 <... EVP_PKEY_decapsulate resumed> ) = 1 <0.000536>
[pid 299] 14:59:11.138339 libssl.so.3->X509_verify_cert(0x5ef42bd67b60, 0, 0x8000, 0xffffffff) = 1 <0.000516>
[pid 299] 14:59:11.139099 libssl.so.3->EVP_DigestVerifyInit_ex(0x5ef42bc93810, 0x7ffe8292c368, 0, 0) = 1 <0.000155>
[pid 299] 14:59:11.139320 libssl.so.3->EVP_DigestVerify(0x5ef42bc93810, 0x5ef42bd763f8, 4627, 0x7ffe8292c370) = 1 <0.000347>
[pid 299] 14:59:11.139942 libssl.so.3->X509_verify_cert(0x5ef42bd67b60, 1, 1, 0) = 1 <0.000286>
[pid 299] 14:59:11.140730 libssl.so.3->EVP_DigestSignInit_ex(0x5ef42bd94170, 0x7ffe8292c350, 0, 0) = 1 <0.000194>
[pid 299] 14:59:11.140985 libssl.so.3->EVP_DigestSign(0x5ef42bd94170, 0, 0x7ffe8292c360, 0x7ffe8292c370) = 1 <0.000179>
[pid 299] 14:59:11.141231 libssl.so.3->EVP_DigestSign(0x5ef42bd94170, 0x5ef42bd7c960, 0x7ffe8292c360, 0x7ffe8292c370) = 1 <0.000496>
[pid 299] 14:59:11.142109 <... SSL_connect resumed> ) = 1 <0.009661>
[pid 299] 14:59:11.142474 oqsprovider.so->OQS_KEM_free(0x5ef42bd74270, 0x5ef42bd74220, 2, 0x5ef42bd74240) = 4 <0.000156>
Handshake duration: 9.97 ms
[pid 299] 14:59:11.145180 +++ exited (status 0) +++
Execution 51 - TLS Mutual
s_connection: verify depth is 1
[pid 301] 14:59:11.203143 openssl->SSL_connect(0x6544ef465890, 0x6544ef437e50, 0x6544ef437e50, 0x75ca6a051360 <unfinished ...>
[pid 301] 14:59:11.203652 libssl.so.3->EVP_PKEY_keygen_init(0x6544ef439580, 0, 176, 0x6544ef439580) = 1 <0.000150>
[pid 301] 14:59:11.203865 libssl.so.3->EVP_PKEY_keygen(0x6544ef439580, 0x7ffc2db9f100, 0, 103 <unfinished ...>
[pid 301] 14:59:11.203991 oqsprovider.so->OQS_KEM_new(0x6544ef45d9a0, 8, 0, 0x6544ef46a250) = 0x6544ef46a270 <0.000111>
[pid 301] 14:59:11.204149 oqsprovider.so->OQS_KEM_keypair(0x6544ef46a270, 0x6544ef46a2f0, 0x6544ef45fbf0, 0x6544ef46a250) = 0 <0.000348>
[pid 301] 14:59:11.204550 <... EVP_PKEY_keygen resumed> ) = 1 <0.000676>
[pid 301] 14:59:11.205955 libssl.so.3->EVP_PKEY_decapsulate_init(0x6544ef439580, 0, 176, 0x6544ef439580) = 1 <0.000254>
[pid 301] 14:59:11.206250 libssl.so.3->EVP_PKEY_decapsulate(0x6544ef439580, 0, 0x7ffc2db9f0c0, 0x6544ef46c44a) = 1 <0.000170>
[pid 301] 14:59:11.206468 libssl.so.3->EVP_PKEY_decapsulate(0x6544ef439580, 0x6544ef461ac0, 0x7ffc2db9f0c0, 0x6544ef46c44a <unfinished ...>
[pid 301] 14:59:11.206591 oqsprovider.so->OQS_KEM_decaps(0x6544ef46a270, 0x6544ef461ac0, 0x6544ef46c44a, 0x6544ef45fbf0) = 0 <0.000177>
[pid 301] 14:59:11.206814 <... EVP_PKEY_decapsulate resumed> ) = 1 <0.000341>
[pid 301] 14:59:11.207646 libssl.so.3->X509_verify_cert(0x6544ef45db60, 0, 0x8000, 0xffffffff) = 1 <0.000409>
[pid 301] 14:59:11.208260 libssl.so.3->EVP_DigestVerifyInit_ex(0x6544ef389810, 0x7ffc2db9f168, 0, 0) = 1 <0.000137>
[pid 301] 14:59:11.208435 libssl.so.3->EVP_DigestVerify(0x6544ef389810, 0x6544ef46c3f8, 4627, 0x7ffc2db9f170) = 1 <0.000323>
[pid 301] 14:59:11.208984 libssl.so.3->X509_verify_cert(0x6544ef45db60, 1, 1, 0) = 1 <0.000259>
[pid 301] 14:59:11.209661 libssl.so.3->EVP_DigestSignInit_ex(0x6544ef48a170, 0x7ffc2db9f150, 0, 0) = 1 <0.000137>
[pid 301] 14:59:11.209854 libssl.so.3->EVP_DigestSign(0x6544ef48a170, 0, 0x7ffc2db9f160, 0x7ffc2db9f170) = 1 <0.000105>
[pid 301] 14:59:11.210003 libssl.so.3->EVP_DigestSign(0x6544ef48a170, 0x6544ef472960, 0x7ffc2db9f160, 0x7ffc2db9f170) = 1 <0.000422>
[pid 301] 14:59:11.210742 <... SSL_connect resumed> ) = 1 <0.007607>
[pid 301] 14:59:11.210925 oqsprovider.so->OQS_KEM_free(0x6544ef46a270, 0x6544ef46a220, 2, 0x6544ef46a240) = 4 <0.000109>
Handshake duration: 7.76 ms
[pid 301] 14:59:11.213215 +++ exited (status 0) +++
Execution 52 - TLS Mutual
s_connection: verify depth is 1
[pid 303] 14:59:11.271952 openssl->SSL_connect(0x61ed0984d890, 0x61ed0981fe50, 0x61ed0981fe50, 0x7aafc23c6360 <unfinished ...>
[pid 303] 14:59:11.272468 libssl.so.3->EVP_PKEY_keygen_init(0x61ed09821580, 0, 176, 0x61ed09821580) = 1 <0.000188>
[pid 303] 14:59:11.272710 libssl.so.3->EVP_PKEY_keygen(0x61ed09821580, 0x7ffdb468e890, 0, 103 <unfinished ...>
[pid 303] 14:59:11.272861 oqsprovider.so->OQS_KEM_new(0x61ed098459a0, 8, 0, 0x61ed09852250) = 0x61ed09852270 <0.000119>
[pid 303] 14:59:11.273040 oqsprovider.so->OQS_KEM_keypair(0x61ed09852270, 0x61ed098522f0, 0x61ed09847bf0, 0x61ed09852250) = 0 <0.000361>
[pid 303] 14:59:11.273454 <... EVP_PKEY_keygen resumed> ) = 1 <0.000739>
[pid 303] 14:59:11.274898 libssl.so.3->EVP_PKEY_decapsulate_init(0x61ed09821580, 0, 176, 0x61ed09821580) = 1 <0.000281>
[pid 303] 14:59:11.275240 libssl.so.3->EVP_PKEY_decapsulate(0x61ed09821580, 0, 0x7ffdb468e850, 0x61ed0985444a) = 1 <0.000159>
[pid 303] 14:59:11.275447 libssl.so.3->EVP_PKEY_decapsulate(0x61ed09821580, 0x61ed09849ac0, 0x7ffdb468e850, 0x61ed0985444a <unfinished ...>
[pid 303] 14:59:11.275585 oqsprovider.so->OQS_KEM_decaps(0x61ed09852270, 0x61ed09849ac0, 0x61ed0985444a, 0x61ed09847bf0) = 0 <0.000196>
[pid 303] 14:59:11.275832 <... EVP_PKEY_decapsulate resumed> ) = 1 <0.000379>
[pid 303] 14:59:11.276571 libssl.so.3->X509_verify_cert(0x61ed09845b60, 0, 0x8000, 0xffffffff) = 1 <0.000377>
[pid 303] 14:59:11.277146 libssl.so.3->EVP_DigestVerifyInit_ex(0x61ed09771810, 0x7ffdb468e8f8, 0, 0) = 1 <0.000123>
[pid 303] 14:59:11.277319 libssl.so.3->EVP_DigestVerify(0x61ed09771810, 0x61ed098543f8, 4627, 0x7ffdb468e900) = 1 <0.000220>
[pid 303] 14:59:11.277754 libssl.so.3->X509_verify_cert(0x61ed09845b60, 1, 1, 0) = 1 <0.000260>
[pid 303] 14:59:11.278399 libssl.so.3->EVP_DigestSignInit_ex(0x61ed09872170, 0x7ffdb468e8e0, 0, 0) = 1 <0.000125>
[pid 303] 14:59:11.278571 libssl.so.3->EVP_DigestSign(0x61ed09872170, 0, 0x7ffdb468e8f0, 0x7ffdb468e900) = 1 <0.000109>
[pid 303] 14:59:11.278726 libssl.so.3->EVP_DigestSign(0x61ed09872170, 0x61ed0985a960, 0x7ffdb468e8f0, 0x7ffdb468e900) = 1 <0.000404>
[pid 303] 14:59:11.279545 <... SSL_connect resumed> ) = 1 <0.007595>
[pid 303] 14:59:11.279807 oqsprovider.so->OQS_KEM_free(0x61ed09852270, 0x61ed09852220, 2, 0x61ed09852240) = 4 <0.000123>
Handshake duration: 7.82 ms
[pid 303] 14:59:11.282182 +++ exited (status 0) +++
Execution 53 - TLS Mutual
s_connection: verify depth is 1
[pid 305] 14:59:11.340711 openssl->SSL_connect(0x570bfb887890, 0x570bfb859e50, 0x570bfb859e50, 0x7389cefad360 <unfinished ...>
[pid 305] 14:59:11.341197 libssl.so.3->EVP_PKEY_keygen_init(0x570bfb85b580, 0, 176, 0x570bfb85b580) = 1 <0.000148>
[pid 305] 14:59:11.341417 libssl.so.3->EVP_PKEY_keygen(0x570bfb85b580, 0x7ffe016c9f10, 0, 103 <unfinished ...>
[pid 305] 14:59:11.341545 oqsprovider.so->OQS_KEM_new(0x570bfb87f9a0, 8, 0, 0x570bfb88c250) = 0x570bfb88c270 <0.000126>
[pid 305] 14:59:11.341725 oqsprovider.so->OQS_KEM_keypair(0x570bfb88c270, 0x570bfb88c2f0, 0x570bfb881bf0, 0x570bfb88c250) = 0 <0.000381>
[pid 305] 14:59:11.342162 <... EVP_PKEY_keygen resumed> ) = 1 <0.000741>
[pid 305] 14:59:11.343853 libssl.so.3->EVP_PKEY_decapsulate_init(0x570bfb85b580, 0, 176, 0x570bfb85b580) = 1 <0.000374>
[pid 305] 14:59:11.344296 libssl.so.3->EVP_PKEY_decapsulate(0x570bfb85b580, 0, 0x7ffe016c9ed0, 0x570bfb88e44a) = 1 <0.000161>
[pid 305] 14:59:11.344516 libssl.so.3->EVP_PKEY_decapsulate(0x570bfb85b580, 0x570bfb883ac0, 0x7ffe016c9ed0, 0x570bfb88e44a <unfinished ...>
[pid 305] 14:59:11.344664 oqsprovider.so->OQS_KEM_decaps(0x570bfb88c270, 0x570bfb883ac0, 0x570bfb88e44a, 0x570bfb881bf0) = 0 <0.000207>
[pid 305] 14:59:11.344928 <... EVP_PKEY_decapsulate resumed> ) = 1 <0.000408>
[pid 305] 14:59:11.345851 libssl.so.3->X509_verify_cert(0x570bfb87fb60, 0, 0x8000, 0xffffffff) = 1 <0.000573>
[pid 305] 14:59:11.346681 libssl.so.3->EVP_DigestVerifyInit_ex(0x570bfb7ab810, 0x7ffe016c9f78, 0, 0) = 1 <0.000146>
[pid 305] 14:59:11.346877 libssl.so.3->EVP_DigestVerify(0x570bfb7ab810, 0x570bfb88e3f8, 4627, 0x7ffe016c9f80) = 1 <0.000317>
[pid 305] 14:59:11.347491 libssl.so.3->X509_verify_cert(0x570bfb87fb60, 1, 1, 0) = 1 <0.000385>
[pid 305] 14:59:11.348476 libssl.so.3->EVP_DigestSignInit_ex(0x570bfb8ac170, 0x7ffe016c9f60, 0, 0) = 1 <0.000199>
[pid 305] 14:59:11.348729 libssl.so.3->EVP_DigestSign(0x570bfb8ac170, 0, 0x7ffe016c9f70, 0x7ffe016c9f80) = 1 <0.000138>
[pid 305] 14:59:11.348911 libssl.so.3->EVP_DigestSign(0x570bfb8ac170, 0x570bfb894960, 0x7ffe016c9f70, 0x7ffe016c9f80) = 1 <0.000490>
[pid 305] 14:59:11.349819 <... SSL_connect resumed> ) = 1 <0.009116>
[pid 305] 14:59:11.350082 oqsprovider.so->OQS_KEM_free(0x570bfb88c270, 0x570bfb88c220, 2, 0x570bfb88c240) = 4 <0.000132>
Handshake duration: 9.33 ms
[pid 305] 14:59:11.352977 +++ exited (status 0) +++
Execution 54 - TLS Mutual
s_connection: verify depth is 1
[pid 307] 14:59:11.410441 openssl->SSL_connect(0x62e318893890, 0x62e318865e50, 0x62e318865e50, 0x746b51d1c360 <unfinished ...>
[pid 307] 14:59:11.410864 libssl.so.3->EVP_PKEY_keygen_init(0x62e318867580, 0, 176, 0x62e318867580) = 1 <0.000138>
[pid 307] 14:59:11.411051 libssl.so.3->EVP_PKEY_keygen(0x62e318867580, 0x7ffebc118fd0, 0, 103 <unfinished ...>
[pid 307] 14:59:11.411182 oqsprovider.so->OQS_KEM_new(0x62e31888b9a0, 8, 0, 0x62e318898250) = 0x62e318898270 <0.000119>
[pid 307] 14:59:11.411363 oqsprovider.so->OQS_KEM_keypair(0x62e318898270, 0x62e3188982f0, 0x62e31888dbf0, 0x62e318898250) = 0 <0.000350>
[pid 307] 14:59:11.411756 <... EVP_PKEY_keygen resumed> ) = 1 <0.000701>
[pid 307] 14:59:11.413257 libssl.so.3->EVP_PKEY_decapsulate_init(0x62e318867580, 0, 176, 0x62e318867580) = 1 <0.000316>
[pid 307] 14:59:11.413635 libssl.so.3->EVP_PKEY_decapsulate(0x62e318867580, 0, 0x7ffebc118f90, 0x62e31889a44a) = 1 <0.000130>
[pid 307] 14:59:11.413807 libssl.so.3->EVP_PKEY_decapsulate(0x62e318867580, 0x62e31888fac0, 0x7ffebc118f90, 0x62e31889a44a <unfinished ...>
[pid 307] 14:59:11.413953 oqsprovider.so->OQS_KEM_decaps(0x62e318898270, 0x62e31888fac0, 0x62e31889a44a, 0x62e31888dbf0) = 0 <0.000198>
[pid 307] 14:59:11.414262 <... EVP_PKEY_decapsulate resumed> ) = 1 <0.000418>
[pid 307] 14:59:11.415012 libssl.so.3->X509_verify_cert(0x62e31888bb60, 0, 0x8000, 0xffffffff) = 1 <0.000486>
[pid 307] 14:59:11.415739 libssl.so.3->EVP_DigestVerifyInit_ex(0x62e3187b7810, 0x7ffebc119038, 0, 0) = 1 <0.000211>
[pid 307] 14:59:11.416011 libssl.so.3->EVP_DigestVerify(0x62e3187b7810, 0x62e31889a3f8, 4627, 0x7ffebc119040) = 1 <0.000240>
[pid 307] 14:59:11.416471 libssl.so.3->X509_verify_cert(0x62e31888bb60, 1, 1, 0) = 1 <0.000288>
[pid 307] 14:59:11.417140 libssl.so.3->EVP_DigestSignInit_ex(0x62e3188b8170, 0x7ffebc119020, 0, 0) = 1 <0.000229>
[pid 307] 14:59:11.417421 libssl.so.3->EVP_DigestSign(0x62e3188b8170, 0, 0x7ffebc119030, 0x7ffebc119040) = 1 <0.000135>
[pid 307] 14:59:11.417604 libssl.so.3->EVP_DigestSign(0x62e3188b8170, 0x62e3188a0960, 0x7ffebc119030, 0x7ffebc119040) = 1 <0.000484>
[pid 307] 14:59:11.418505 <... SSL_connect resumed> ) = 1 <0.008075>
[pid 307] 14:59:11.418726 oqsprovider.so->OQS_KEM_free(0x62e318898270, 0x62e318898220, 2, 0x62e318898240) = 4 <0.000132>
Handshake duration: 8.29 ms
[pid 307] 14:59:11.420877 +++ exited (status 0) +++
Execution 55 - TLS Mutual
s_connection: verify depth is 1
[pid 309] 14:59:11.479110 openssl->SSL_connect(0x64425654b890, 0x64425651de50, 0x64425651de50, 0x799b2baa0360 <unfinished ...>
[pid 309] 14:59:11.479592 libssl.so.3->EVP_PKEY_keygen_init(0x64425651f580, 0, 176, 0x64425651f580) = 1 <0.000159>
[pid 309] 14:59:11.479799 libssl.so.3->EVP_PKEY_keygen(0x64425651f580, 0x7ffe9a6ba480, 0, 103 <unfinished ...>
[pid 309] 14:59:11.479926 oqsprovider.so->OQS_KEM_new(0x6442565439a0, 8, 0, 0x644256550250) = 0x644256550270 <0.000115>
[pid 309] 14:59:11.480085 oqsprovider.so->OQS_KEM_keypair(0x644256550270, 0x6442565502f0, 0x644256545bf0, 0x644256550250) = 0 <0.000376>
[pid 309] 14:59:11.480547 <... EVP_PKEY_keygen resumed> ) = 1 <0.000740>
[pid 309] 14:59:11.482040 libssl.so.3->EVP_PKEY_decapsulate_init(0x64425651f580, 0, 176, 0x64425651f580) = 1 <0.000301>
[pid 309] 14:59:11.482400 libssl.so.3->EVP_PKEY_decapsulate(0x64425651f580, 0, 0x7ffe9a6ba440, 0x64425655244a) = 1 <0.000140>
[pid 309] 14:59:11.482599 libssl.so.3->EVP_PKEY_decapsulate(0x64425651f580, 0x644256547ac0, 0x7ffe9a6ba440, 0x64425655244a <unfinished ...>
[pid 309] 14:59:11.482734 oqsprovider.so->OQS_KEM_decaps(0x644256550270, 0x644256547ac0, 0x64425655244a, 0x644256545bf0) = 0 <0.000201>
[pid 309] 14:59:11.483003 <... EVP_PKEY_decapsulate resumed> ) = 1 <0.000384>
[pid 309] 14:59:11.483850 libssl.so.3->X509_verify_cert(0x644256543b60, 0, 0x8000, 0xffffffff) = 1 <0.000559>
[pid 309] 14:59:11.484685 libssl.so.3->EVP_DigestVerifyInit_ex(0x64425646f810, 0x7ffe9a6ba4e8, 0, 0) = 1 <0.000189>
[pid 309] 14:59:11.484936 libssl.so.3->EVP_DigestVerify(0x64425646f810, 0x6442565523f8, 4627, 0x7ffe9a6ba4f0) = 1 <0.000259>
[pid 309] 14:59:11.485484 libssl.so.3->X509_verify_cert(0x644256543b60, 1, 1, 0) = 1 <0.000296>
[pid 309] 14:59:11.486276 libssl.so.3->EVP_DigestSignInit_ex(0x644256570170, 0x7ffe9a6ba4d0, 0, 0) = 1 <0.000196>
[pid 309] 14:59:11.486520 libssl.so.3->EVP_DigestSign(0x644256570170, 0, 0x7ffe9a6ba4e0, 0x7ffe9a6ba4f0) = 1 <0.000151>
[pid 309] 14:59:11.486713 libssl.so.3->EVP_DigestSign(0x644256570170, 0x644256558960, 0x7ffe9a6ba4e0, 0x7ffe9a6ba4f0) = 1 <0.000385>
[pid 309] 14:59:11.487419 <... SSL_connect resumed> ) = 1 <0.008317>
[pid 309] 14:59:11.487626 oqsprovider.so->OQS_KEM_free(0x644256550270, 0x644256550220, 2, 0x644256550240) = 4 <0.000111>
Handshake duration: 8.51 ms
[pid 309] 14:59:11.489948 +++ exited (status 0) +++
Execution 56 - TLS Mutual
s_connection: verify depth is 1
[pid 311] 14:59:11.546642 openssl->SSL_connect(0x5a9e45bc1890, 0x5a9e45b93e50, 0x5a9e45b93e50, 0x77e8f5860360 <unfinished ...>
[pid 311] 14:59:11.547092 libssl.so.3->EVP_PKEY_keygen_init(0x5a9e45b95580, 0, 176, 0x5a9e45b95580) = 1 <0.000152>
[pid 311] 14:59:11.547292 libssl.so.3->EVP_PKEY_keygen(0x5a9e45b95580, 0x7fff853a96f0, 0, 103 <unfinished ...>
[pid 311] 14:59:11.547440 oqsprovider.so->OQS_KEM_new(0x5a9e45bb99a0, 8, 0, 0x5a9e45bc6250) = 0x5a9e45bc6270 <0.000120>
[pid 311] 14:59:11.547609 oqsprovider.so->OQS_KEM_keypair(0x5a9e45bc6270, 0x5a9e45bc62f0, 0x5a9e45bbbbf0, 0x5a9e45bc6250) = 0 <0.000341>
[pid 311] 14:59:11.548001 <... EVP_PKEY_keygen resumed> ) = 1 <0.000704>
[pid 311] 14:59:11.549462 libssl.so.3->EVP_PKEY_decapsulate_init(0x5a9e45b95580, 0, 176, 0x5a9e45b95580) = 1 <0.000341>
[pid 311] 14:59:11.549847 libssl.so.3->EVP_PKEY_decapsulate(0x5a9e45b95580, 0, 0x7fff853a96b0, 0x5a9e45bc844a) = 1 <0.000129>
[pid 311] 14:59:11.550022 libssl.so.3->EVP_PKEY_decapsulate(0x5a9e45b95580, 0x5a9e45bbdac0, 0x7fff853a96b0, 0x5a9e45bc844a <unfinished ...>
[pid 311] 14:59:11.550152 oqsprovider.so->OQS_KEM_decaps(0x5a9e45bc6270, 0x5a9e45bbdac0, 0x5a9e45bc844a, 0x5a9e45bbbbf0) = 0 <0.000194>
[pid 311] 14:59:11.550421 <... EVP_PKEY_decapsulate resumed> ) = 1 <0.000394>
[pid 311] 14:59:11.551189 libssl.so.3->X509_verify_cert(0x5a9e45bb9b60, 0, 0x8000, 0xffffffff) = 1 <0.000476>
[pid 311] 14:59:11.551898 libssl.so.3->EVP_DigestVerifyInit_ex(0x5a9e45ae5810, 0x7fff853a9758, 0, 0) = 1 <0.000142>
[pid 311] 14:59:11.552080 libssl.so.3->EVP_DigestVerify(0x5a9e45ae5810, 0x5a9e45bc83f8, 4627, 0x7fff853a9760) = 1 <0.000224>
[pid 311] 14:59:11.552579 libssl.so.3->X509_verify_cert(0x5a9e45bb9b60, 1, 1, 0) = 1 <0.000305>
[pid 311] 14:59:11.553318 libssl.so.3->EVP_DigestSignInit_ex(0x5a9e45be6170, 0x7fff853a9740, 0, 0) = 1 <0.000175>
[pid 311] 14:59:11.553540 libssl.so.3->EVP_DigestSign(0x5a9e45be6170, 0, 0x7fff853a9750, 0x7fff853a9760) = 1 <0.000116>
[pid 311] 14:59:11.553707 libssl.so.3->EVP_DigestSign(0x5a9e45be6170, 0x5a9e45bce960, 0x7fff853a9750, 0x7fff853a9760) = 1 <0.000575>
[pid 311] 14:59:11.554682 <... SSL_connect resumed> ) = 1 <0.008039>
[pid 311] 14:59:11.554929 oqsprovider.so->OQS_KEM_free(0x5a9e45bc6270, 0x5a9e45bc6220, 2, 0x5a9e45bc6240) = 4 <0.000208>
Handshake duration: 8.26 ms
[pid 311] 14:59:11.557417 +++ exited (status 0) +++
Execution 57 - TLS Mutual
s_connection: verify depth is 1
[pid 313] 14:59:11.618024 openssl->SSL_connect(0x5b772e058890, 0x5b772e02ae50, 0x5b772e02ae50, 0x704871335360 <unfinished ...>
[pid 313] 14:59:11.618503 libssl.so.3->EVP_PKEY_keygen_init(0x5b772e02c580, 0, 176, 0x5b772e02c580) = 1 <0.000147>
[pid 313] 14:59:11.618699 libssl.so.3->EVP_PKEY_keygen(0x5b772e02c580, 0x7ffcdddb8980, 0, 103 <unfinished ...>
[pid 313] 14:59:11.618827 oqsprovider.so->OQS_KEM_new(0x5b772e0509a0, 8, 0, 0x5b772e05d250) = 0x5b772e05d270 <0.000164>
[pid 313] 14:59:11.619066 oqsprovider.so->OQS_KEM_keypair(0x5b772e05d270, 0x5b772e05d2f0, 0x5b772e052bf0, 0x5b772e05d250) = 0 <0.000666>
[pid 313] 14:59:11.619815 <... EVP_PKEY_keygen resumed> ) = 1 <0.001112>
[pid 313] 14:59:11.621429 libssl.so.3->EVP_PKEY_decapsulate_init(0x5b772e02c580, 0, 176, 0x5b772e02c580) = 1 <0.000335>
[pid 313] 14:59:11.621815 libssl.so.3->EVP_PKEY_decapsulate(0x5b772e02c580, 0, 0x7ffcdddb8940, 0x5b772e05f44a) = 1 <0.000130>
[pid 313] 14:59:11.621993 libssl.so.3->EVP_PKEY_decapsulate(0x5b772e02c580, 0x5b772e054ac0, 0x7ffcdddb8940, 0x5b772e05f44a <unfinished ...>
[pid 313] 14:59:11.622106 oqsprovider.so->OQS_KEM_decaps(0x5b772e05d270, 0x5b772e054ac0, 0x5b772e05f44a, 0x5b772e052bf0) = 0 <0.000176>
[pid 313] 14:59:11.622331 <... EVP_PKEY_decapsulate resumed> ) = 1 <0.000334>
[pid 313] 14:59:11.623172 libssl.so.3->X509_verify_cert(0x5b772e050b60, 0, 0x8000, 0xffffffff) = 1 <0.000431>
[pid 313] 14:59:11.623808 libssl.so.3->EVP_DigestVerifyInit_ex(0x5b772df7c810, 0x7ffcdddb89e8, 0, 0) = 1 <0.000164>
[pid 313] 14:59:11.624034 libssl.so.3->EVP_DigestVerify(0x5b772df7c810, 0x5b772e05f3f8, 4627, 0x7ffcdddb89f0) = 1 <0.000373>
[pid 313] 14:59:11.624639 libssl.so.3->X509_verify_cert(0x5b772e050b60, 1, 1, 0) = 1 <0.000264>
[pid 313] 14:59:11.625376 libssl.so.3->EVP_DigestSignInit_ex(0x5b772e07d170, 0x7ffcdddb89d0, 0, 0) = 1 <0.000176>
[pid 313] 14:59:11.625595 libssl.so.3->EVP_DigestSign(0x5b772e07d170, 0, 0x7ffcdddb89e0, 0x7ffcdddb89f0) = 1 <0.000102>
[pid 313] 14:59:11.625739 libssl.so.3->EVP_DigestSign(0x5b772e07d170, 0x5b772e065960, 0x7ffcdddb89e0, 0x7ffcdddb89f0) = 1 <0.000591>
[pid 313] 14:59:11.626704 <... SSL_connect resumed> ) = 1 <0.008693>
[pid 313] 14:59:11.626890 oqsprovider.so->OQS_KEM_free(0x5b772e05d270, 0x5b772e05d220, 2, 0x5b772e05d240) = 4 <0.000175>
Handshake duration: 8.87 ms
[pid 313] 14:59:11.629373 +++ exited (status 0) +++
Execution 58 - TLS Mutual
s_connection: verify depth is 1
[pid 315] 14:59:11.687899 openssl->SSL_connect(0x60876ecf3890, 0x60876ecc5e50, 0x60876ecc5e50, 0x7d0461886360 <unfinished ...>
[pid 315] 14:59:11.688366 libssl.so.3->EVP_PKEY_keygen_init(0x60876ecc7580, 0, 176, 0x60876ecc7580) = 1 <0.000163>
[pid 315] 14:59:11.688586 libssl.so.3->EVP_PKEY_keygen(0x60876ecc7580, 0x7ffe887ce510, 0, 103 <unfinished ...>
[pid 315] 14:59:11.688721 oqsprovider.so->OQS_KEM_new(0x60876eceb9a0, 8, 0, 0x60876ecf8250) = 0x60876ecf8270 <0.000125>
[pid 315] 14:59:11.688903 oqsprovider.so->OQS_KEM_keypair(0x60876ecf8270, 0x60876ecf82f0, 0x60876ecedbf0, 0x60876ecf8250) = 0 <0.000340>
[pid 315] 14:59:11.689291 <... EVP_PKEY_keygen resumed> ) = 1 <0.000704>
[pid 315] 14:59:11.690899 libssl.so.3->EVP_PKEY_decapsulate_init(0x60876ecc7580, 0, 176, 0x60876ecc7580) = 1 <0.000325>
[pid 315] 14:59:11.691271 libssl.so.3->EVP_PKEY_decapsulate(0x60876ecc7580, 0, 0x7ffe887ce4d0, 0x60876ecfa44a) = 1 <0.000138>
[pid 315] 14:59:11.691459 libssl.so.3->EVP_PKEY_decapsulate(0x60876ecc7580, 0x60876ecefac0, 0x7ffe887ce4d0, 0x60876ecfa44a <unfinished ...>
[pid 315] 14:59:11.691577 oqsprovider.so->OQS_KEM_decaps(0x60876ecf8270, 0x60876ecefac0, 0x60876ecfa44a, 0x60876ecedbf0) = 0 <0.000169>
[pid 315] 14:59:11.691793 <... EVP_PKEY_decapsulate resumed> ) = 1 <0.000330>
[pid 315] 14:59:11.692586 libssl.so.3->X509_verify_cert(0x60876ecebb60, 0, 0x8000, 0xffffffff) = 1 <0.000415>
[pid 315] 14:59:11.693232 libssl.so.3->EVP_DigestVerifyInit_ex(0x60876ec17810, 0x7ffe887ce578, 0, 0) = 1 <0.000164>
[pid 315] 14:59:11.693440 libssl.so.3->EVP_DigestVerify(0x60876ec17810, 0x60876ecfa3f8, 4627, 0x7ffe887ce580) = 1 <0.000225>
[pid 315] 14:59:11.693874 libssl.so.3->X509_verify_cert(0x60876ecebb60, 1, 1, 0) = 1 <0.000246>
[pid 315] 14:59:11.694548 libssl.so.3->EVP_DigestSignInit_ex(0x60876ed18170, 0x7ffe887ce560, 0, 0) = 1 <0.000145>
[pid 315] 14:59:11.694742 libssl.so.3->EVP_DigestSign(0x60876ed18170, 0, 0x7ffe887ce570, 0x7ffe887ce580) = 1 <0.000129>
[pid 315] 14:59:11.694912 libssl.so.3->EVP_DigestSign(0x60876ed18170, 0x60876ed00960, 0x7ffe887ce570, 0x7ffe887ce580) = 1 <0.000382>
[pid 315] 14:59:11.695642 <... SSL_connect resumed> ) = 1 <0.007757>
[pid 315] 14:59:11.695856 oqsprovider.so->OQS_KEM_free(0x60876ecf8270, 0x60876ecf8220, 2, 0x60876ecf8240) = 4 <0.000110>
Handshake duration: 7.93 ms
[pid 315] 14:59:11.698087 +++ exited (status 0) +++
Execution 59 - TLS Mutual
s_connection: verify depth is 1
[pid 317] 14:59:11.763540 openssl->SSL_connect(0x5ddaee3b4890, 0x5ddaee386e50, 0x5ddaee386e50, 0x709acf07d360 <unfinished ...>
[pid 317] 14:59:11.764074 libssl.so.3->EVP_PKEY_keygen_init(0x5ddaee388580, 0, 176, 0x5ddaee388580) = 1 <0.000220>
[pid 317] 14:59:11.764388 libssl.so.3->EVP_PKEY_keygen(0x5ddaee388580, 0x7ffd1536fbb0, 0, 103 <unfinished ...>
[pid 317] 14:59:11.764562 oqsprovider.so->OQS_KEM_new(0x5ddaee3ac9a0, 8, 0, 0x5ddaee3b9250) = 0x5ddaee3b9270 <0.000167>
[pid 317] 14:59:11.764800 oqsprovider.so->OQS_KEM_keypair(0x5ddaee3b9270, 0x5ddaee3b92f0, 0x5ddaee3aebf0, 0x5ddaee3b9250) = 0 <0.000435>
[pid 317] 14:59:11.765313 <... EVP_PKEY_keygen resumed> ) = 1 <0.000920>
[pid 317] 14:59:11.767083 libssl.so.3->EVP_PKEY_decapsulate_init(0x5ddaee388580, 0, 176, 0x5ddaee388580) = 1 <0.000306>
[pid 317] 14:59:11.767466 libssl.so.3->EVP_PKEY_decapsulate(0x5ddaee388580, 0, 0x7ffd1536fb70, 0x5ddaee3bb44a) = 1 <0.000126>
[pid 317] 14:59:11.767638 libssl.so.3->EVP_PKEY_decapsulate(0x5ddaee388580, 0x5ddaee3b0ac0, 0x7ffd1536fb70, 0x5ddaee3bb44a <unfinished ...>
[pid 317] 14:59:11.767763 oqsprovider.so->OQS_KEM_decaps(0x5ddaee3b9270, 0x5ddaee3b0ac0, 0x5ddaee3bb44a, 0x5ddaee3aebf0) = 0 <0.000197>
[pid 317] 14:59:11.768030 <... EVP_PKEY_decapsulate resumed> ) = 1 <0.000385>
[pid 317] 14:59:11.768767 libssl.so.3->X509_verify_cert(0x5ddaee3acb60, 0, 0x8000, 0xffffffff) = 1 <0.000420>
[pid 317] 14:59:11.769413 libssl.so.3->EVP_DigestVerifyInit_ex(0x5ddaee2d8810, 0x7ffd1536fc18, 0, 0) = 1 <0.000134>
[pid 317] 14:59:11.769591 libssl.so.3->EVP_DigestVerify(0x5ddaee2d8810, 0x5ddaee3bb3f8, 4627, 0x7ffd1536fc20) = 1 <0.000215>
[pid 317] 14:59:11.770057 libssl.so.3->X509_verify_cert(0x5ddaee3acb60, 1, 1, 0) = 1 <0.000285>
[pid 317] 14:59:11.770763 libssl.so.3->EVP_DigestSignInit_ex(0x5ddaee3d9170, 0x7ffd1536fc00, 0, 0) = 1 <0.000135>
[pid 317] 14:59:11.770950 libssl.so.3->EVP_DigestSign(0x5ddaee3d9170, 0, 0x7ffd1536fc10, 0x7ffd1536fc20) = 1 <0.000108>
[pid 317] 14:59:11.771101 libssl.so.3->EVP_DigestSign(0x5ddaee3d9170, 0x5ddaee3c1960, 0x7ffd1536fc10, 0x7ffd1536fc20) = 1 <0.000406>
[pid 317] 14:59:11.771820 <... SSL_connect resumed> ) = 1 <0.008297>
[pid 317] 14:59:11.772025 oqsprovider.so->OQS_KEM_free(0x5ddaee3b9270, 0x5ddaee3b9220, 2, 0x5ddaee3b9240) = 4 <0.000135>
Handshake duration: 8.50 ms
[pid 317] 14:59:11.774209 +++ exited (status 0) +++
Execution 60 - TLS Mutual
s_connection: verify depth is 1
[pid 319] 14:59:11.830806 openssl->SSL_connect(0x63e1af0f1890, 0x63e1af0c3e50, 0x63e1af0c3e50, 0x76dd55749360 <unfinished ...>
[pid 319] 14:59:11.831279 libssl.so.3->EVP_PKEY_keygen_init(0x63e1af0c5580, 0, 176, 0x63e1af0c5580) = 1 <0.000241>
[pid 319] 14:59:11.831592 libssl.so.3->EVP_PKEY_keygen(0x63e1af0c5580, 0x7ffd1eb77e40, 0, 103 <unfinished ...>
[pid 319] 14:59:11.831752 oqsprovider.so->OQS_KEM_new(0x63e1af0e99a0, 8, 0, 0x63e1af0f6250) = 0x63e1af0f6270 <0.000150>
[pid 319] 14:59:11.831963 oqsprovider.so->OQS_KEM_keypair(0x63e1af0f6270, 0x63e1af0f62f0, 0x63e1af0ebbf0, 0x63e1af0f6250) = 0 <0.000362>
[pid 319] 14:59:11.832425 <... EVP_PKEY_keygen resumed> ) = 1 <0.000822>
[pid 319] 14:59:11.834106 libssl.so.3->EVP_PKEY_decapsulate_init(0x63e1af0c5580, 0, 176, 0x63e1af0c5580) = 1 <0.000327>
[pid 319] 14:59:11.834482 libssl.so.3->EVP_PKEY_decapsulate(0x63e1af0c5580, 0, 0x7ffd1eb77e00, 0x63e1af0f844a) = 1 <0.000140>
[pid 319] 14:59:11.834671 libssl.so.3->EVP_PKEY_decapsulate(0x63e1af0c5580, 0x63e1af0edac0, 0x7ffd1eb77e00, 0x63e1af0f844a <unfinished ...>
[pid 319] 14:59:11.834833 oqsprovider.so->OQS_KEM_decaps(0x63e1af0f6270, 0x63e1af0edac0, 0x63e1af0f844a, 0x63e1af0ebbf0) = 0 <0.000187>
[pid 319] 14:59:11.835070 <... EVP_PKEY_decapsulate resumed> ) = 1 <0.000394>
[pid 319] 14:59:11.835846 libssl.so.3->X509_verify_cert(0x63e1af0e9b60, 0, 0x8000, 0xffffffff) = 1 <0.000417>
[pid 319] 14:59:11.836494 libssl.so.3->EVP_DigestVerifyInit_ex(0x63e1af015810, 0x7ffd1eb77ea8, 0, 0) = 1 <0.000144>
[pid 319] 14:59:11.836688 libssl.so.3->EVP_DigestVerify(0x63e1af015810, 0x63e1af0f83f8, 4627, 0x7ffd1eb77eb0) = 1 <0.000298>
[pid 319] 14:59:11.837206 libssl.so.3->X509_verify_cert(0x63e1af0e9b60, 1, 1, 0) = 1 <0.000465>
[pid 319] 14:59:11.838129 libssl.so.3->EVP_DigestSignInit_ex(0x63e1af116170, 0x7ffd1eb77e90, 0, 0) = 1 <0.000338>
[pid 319] 14:59:11.838518 libssl.so.3->EVP_DigestSign(0x63e1af116170, 0, 0x7ffd1eb77ea0, 0x7ffd1eb77eb0) = 1 <0.000154>
[pid 319] 14:59:11.838715 libssl.so.3->EVP_DigestSign(0x63e1af116170, 0x63e1af0fe960, 0x7ffd1eb77ea0, 0x7ffd1eb77eb0) = 1 <0.000517>
[pid 319] 14:59:11.839610 <... SSL_connect resumed> ) = 1 <0.008821>
[pid 319] 14:59:11.839834 oqsprovider.so->OQS_KEM_free(0x63e1af0f6270, 0x63e1af0f6220, 2, 0x63e1af0f6240) = 4 <0.000108>
Handshake duration: 8.99 ms
[pid 319] 14:59:11.842363 +++ exited (status 0) +++
Execution 61 - TLS Mutual
s_connection: verify depth is 1
[pid 321] 14:59:11.906552 openssl->SSL_connect(0x6227ef6fc890, 0x6227ef6cee50, 0x6227ef6cee50, 0x7a2473bc9360 <unfinished ...>
[pid 321] 14:59:11.906999 libssl.so.3->EVP_PKEY_keygen_init(0x6227ef6d0580, 0, 176, 0x6227ef6d0580) = 1 <0.000157>
[pid 321] 14:59:11.907207 libssl.so.3->EVP_PKEY_keygen(0x6227ef6d0580, 0x7ffe64b387e0, 0, 103 <unfinished ...>
[pid 321] 14:59:11.907348 oqsprovider.so->OQS_KEM_new(0x6227ef6f49a0, 8, 0, 0x6227ef701250) = 0x6227ef701270 <0.000134>
[pid 321] 14:59:11.907528 oqsprovider.so->OQS_KEM_keypair(0x6227ef701270, 0x6227ef7012f0, 0x6227ef6f6bf0, 0x6227ef701250) = 0 <0.000354>
[pid 321] 14:59:11.907939 <... EVP_PKEY_keygen resumed> ) = 1 <0.000727>
[pid 321] 14:59:11.909552 libssl.so.3->EVP_PKEY_decapsulate_init(0x6227ef6d0580, 0, 176, 0x6227ef6d0580) = 1 <0.000323>
[pid 321] 14:59:11.909926 libssl.so.3->EVP_PKEY_decapsulate(0x6227ef6d0580, 0, 0x7ffe64b387a0, 0x6227ef70344a) = 1 <0.000127>
[pid 321] 14:59:11.910108 libssl.so.3->EVP_PKEY_decapsulate(0x6227ef6d0580, 0x6227ef6f8ac0, 0x7ffe64b387a0, 0x6227ef70344a <unfinished ...>
[pid 321] 14:59:11.910250 oqsprovider.so->OQS_KEM_decaps(0x6227ef701270, 0x6227ef6f8ac0, 0x6227ef70344a, 0x6227ef6f6bf0) = 0 <0.000174>
[pid 321] 14:59:11.910474 <... EVP_PKEY_decapsulate resumed> ) = 1 <0.000372>
[pid 321] 14:59:11.911204 libssl.so.3->X509_verify_cert(0x6227ef6f4b60, 0, 0x8000, 0xffffffff) = 1 <0.000429>
[pid 321] 14:59:11.911834 libssl.so.3->EVP_DigestVerifyInit_ex(0x6227ef620810, 0x7ffe64b38848, 0, 0) = 1 <0.000126>
[pid 321] 14:59:11.912007 libssl.so.3->EVP_DigestVerify(0x6227ef620810, 0x6227ef7033f8, 4627, 0x7ffe64b38850) = 1 <0.000234>
[pid 321] 14:59:11.912471 libssl.so.3->X509_verify_cert(0x6227ef6f4b60, 1, 1, 0) = 1 <0.000248>
[pid 321] 14:59:11.913099 libssl.so.3->EVP_DigestSignInit_ex(0x6227ef721170, 0x7ffe64b38830, 0, 0) = 1 <0.000128>
[pid 321] 14:59:11.913275 libssl.so.3->EVP_DigestSign(0x6227ef721170, 0, 0x7ffe64b38840, 0x7ffe64b38850) = 1 <0.000162>
[pid 321] 14:59:11.913521 libssl.so.3->EVP_DigestSign(0x6227ef721170, 0x6227ef709960, 0x7ffe64b38840, 0x7ffe64b38850) = 1 <0.000426>
[pid 321] 14:59:11.914258 <... SSL_connect resumed> ) = 1 <0.007717>
[pid 321] 14:59:11.914488 oqsprovider.so->OQS_KEM_free(0x6227ef701270, 0x6227ef701220, 2, 0x6227ef701240) = 4 <0.000138>
Handshake duration: 7.91 ms
[pid 321] 14:59:11.916800 +++ exited (status 0) +++
Execution 62 - TLS Mutual
s_connection: verify depth is 1
[pid 323] 14:59:11.975501 openssl->SSL_connect(0x567af91a9890, 0x567af917be50, 0x567af917be50, 0x74de0a3ae360 <unfinished ...>
[pid 323] 14:59:11.975974 libssl.so.3->EVP_PKEY_keygen_init(0x567af917d580, 0, 176, 0x567af917d580) = 1 <0.000205>
[pid 323] 14:59:11.976240 libssl.so.3->EVP_PKEY_keygen(0x567af917d580, 0x7ffd59677620, 0, 103 <unfinished ...>
[pid 323] 14:59:11.976438 oqsprovider.so->OQS_KEM_new(0x567af91a19a0, 8, 0, 0x567af91ae250) = 0x567af91ae270 <0.000205>
[pid 323] 14:59:11.976711 oqsprovider.so->OQS_KEM_keypair(0x567af91ae270, 0x567af91ae2f0, 0x567af91a3bf0, 0x567af91ae250) = 0 <0.000530>
[pid 323] 14:59:11.977330 <... EVP_PKEY_keygen resumed> ) = 1 <0.001083>
[pid 323] 14:59:11.978988 libssl.so.3->EVP_PKEY_decapsulate_init(0x567af917d580, 0, 176, 0x567af917d580) = 1 <0.000423>
[pid 323] 14:59:11.979485 libssl.so.3->EVP_PKEY_decapsulate(0x567af917d580, 0, 0x7ffd596775e0, 0x567af91b044a) = 1 <0.000222>
[pid 323] 14:59:11.979778 libssl.so.3->EVP_PKEY_decapsulate(0x567af917d580, 0x567af91a5ac0, 0x7ffd596775e0, 0x567af91b044a <unfinished ...>
[pid 323] 14:59:11.979948 oqsprovider.so->OQS_KEM_decaps(0x567af91ae270, 0x567af91a5ac0, 0x567af91b044a, 0x567af91a3bf0) = 0 <0.000283>
[pid 323] 14:59:11.980280 <... EVP_PKEY_decapsulate resumed> ) = 1 <0.000495>
[pid 323] 14:59:11.981100 libssl.so.3->X509_verify_cert(0x567af91a1b60, 0, 0x8000, 0xffffffff) = 1 <0.000485>
[pid 323] 14:59:11.981897 libssl.so.3->EVP_DigestVerifyInit_ex(0x567af90cd810, 0x7ffd59677688, 0, 0) = 1 <0.000150>
[pid 323] 14:59:11.982090 libssl.so.3->EVP_DigestVerify(0x567af90cd810, 0x567af91b03f8, 4627, 0x7ffd59677690) = 1 <0.000235>
[pid 323] 14:59:11.982568 libssl.so.3->X509_verify_cert(0x567af91a1b60, 1, 1, 0) = 1 <0.000251>
[pid 323] 14:59:11.983241 libssl.so.3->EVP_DigestSignInit_ex(0x567af91ce170, 0x7ffd59677670, 0, 0) = 1 <0.000177>
[pid 323] 14:59:11.983459 libssl.so.3->EVP_DigestSign(0x567af91ce170, 0, 0x7ffd59677680, 0x7ffd59677690) = 1 <0.000133>
[pid 323] 14:59:11.983636 libssl.so.3->EVP_DigestSign(0x567af91ce170, 0x567af91b6960, 0x7ffd59677680, 0x7ffd59677690) = 1 <0.000341>
[pid 323] 14:59:11.984304 <... SSL_connect resumed> ) = 1 <0.008812>
[pid 323] 14:59:11.984533 oqsprovider.so->OQS_KEM_free(0x567af91ae270, 0x567af91ae220, 2, 0x567af91ae240) = 4 <0.000120>
Handshake duration: 9.00 ms
[pid 323] 14:59:11.986840 +++ exited (status 0) +++
Execution 63 - TLS Mutual
s_connection: verify depth is 1
[pid 325] 14:59:12.045538 openssl->SSL_connect(0x58f7270ce890, 0x58f7270a0e50, 0x58f7270a0e50, 0x779f9153a360 <unfinished ...>
[pid 325] 14:59:12.046029 libssl.so.3->EVP_PKEY_keygen_init(0x58f7270a2580, 0, 176, 0x58f7270a2580) = 1 <0.000216>
[pid 325] 14:59:12.046304 libssl.so.3->EVP_PKEY_keygen(0x58f7270a2580, 0x7ffc63a9cd30, 0, 103 <unfinished ...>
[pid 325] 14:59:12.046490 oqsprovider.so->OQS_KEM_new(0x58f7270c69a0, 8, 0, 0x58f7270d3250) = 0x58f7270d3270 <0.000165>
[pid 325] 14:59:12.046725 oqsprovider.so->OQS_KEM_keypair(0x58f7270d3270, 0x58f7270d32f0, 0x58f7270c8bf0, 0x58f7270d3250) = 0 <0.000367>
[pid 325] 14:59:12.047145 <... EVP_PKEY_keygen resumed> ) = 1 <0.000836>
[pid 325] 14:59:12.048681 libssl.so.3->EVP_PKEY_decapsulate_init(0x58f7270a2580, 0, 176, 0x58f7270a2580) = 1 <0.000383>
[pid 325] 14:59:12.049149 libssl.so.3->EVP_PKEY_decapsulate(0x58f7270a2580, 0, 0x7ffc63a9ccf0, 0x58f7270d544a) = 1 <0.000172>
[pid 325] 14:59:12.049416 libssl.so.3->EVP_PKEY_decapsulate(0x58f7270a2580, 0x58f7270caac0, 0x7ffc63a9ccf0, 0x58f7270d544a <unfinished ...>
[pid 325] 14:59:12.049715 oqsprovider.so->OQS_KEM_decaps(0x58f7270d3270, 0x58f7270caac0, 0x58f7270d544a, 0x58f7270c8bf0) = 0 <0.000225>
[pid 325] 14:59:12.050021 <... EVP_PKEY_decapsulate resumed> ) = 1 <0.000599>
[pid 325] 14:59:12.050873 libssl.so.3->X509_verify_cert(0x58f7270c6b60, 0, 0x8000, 0xffffffff) = 1 <0.000482>
[pid 325] 14:59:12.051636 libssl.so.3->EVP_DigestVerifyInit_ex(0x58f726ff2810, 0x7ffc63a9cd98, 0, 0) = 1 <0.000175>
[pid 325] 14:59:12.051857 libssl.so.3->EVP_DigestVerify(0x58f726ff2810, 0x58f7270d53f8, 4627, 0x7ffc63a9cda0) = 1 <0.000253>
[pid 325] 14:59:12.052334 libssl.so.3->X509_verify_cert(0x58f7270c6b60, 1, 1, 0) = 1 <0.000273>
[pid 325] 14:59:12.052999 libssl.so.3->EVP_DigestSignInit_ex(0x58f7270f3170, 0x7ffc63a9cd80, 0, 0) = 1 <0.000154>
[pid 325] 14:59:12.053261 libssl.so.3->EVP_DigestSign(0x58f7270f3170, 0, 0x7ffc63a9cd90, 0x7ffc63a9cda0) = 1 <0.000251>
[pid 325] 14:59:12.053565 libssl.so.3->EVP_DigestSign(0x58f7270f3170, 0x58f7270db960, 0x7ffc63a9cd90, 0x7ffc63a9cda0) = 1 <0.000609>
[pid 325] 14:59:12.054653 <... SSL_connect resumed> ) = 1 <0.009117>
[pid 325] 14:59:12.054921 oqsprovider.so->OQS_KEM_free(0x58f7270d3270, 0x58f7270d3220, 2, 0x58f7270d3240) = 4 <0.000193>
Handshake duration: 9.35 ms
[pid 325] 14:59:12.057724 +++ exited (status 0) +++
Execution 64 - TLS Mutual
s_connection: verify depth is 1
[pid 327] 14:59:12.115893 openssl->SSL_connect(0x62cc0f762890, 0x62cc0f734e50, 0x62cc0f734e50, 0x7898212d1360 <unfinished ...>
[pid 327] 14:59:12.116418 libssl.so.3->EVP_PKEY_keygen_init(0x62cc0f736580, 0, 176, 0x62cc0f736580) = 1 <0.000180>
[pid 327] 14:59:12.116651 libssl.so.3->EVP_PKEY_keygen(0x62cc0f736580, 0x7fff0631c1c0, 0, 103 <unfinished ...>
[pid 327] 14:59:12.116790 oqsprovider.so->OQS_KEM_new(0x62cc0f75a9a0, 8, 0, 0x62cc0f767250) = 0x62cc0f767270 <0.000116>
[pid 327] 14:59:12.116952 oqsprovider.so->OQS_KEM_keypair(0x62cc0f767270, 0x62cc0f7672f0, 0x62cc0f75cbf0, 0x62cc0f767250) = 0 <0.000353>
[pid 327] 14:59:12.117400 <... EVP_PKEY_keygen resumed> ) = 1 <0.000721>
[pid 327] 14:59:12.118871 libssl.so.3->EVP_PKEY_decapsulate_init(0x62cc0f736580, 0, 176, 0x62cc0f736580) = 1 <0.000315>
[pid 327] 14:59:12.119242 libssl.so.3->EVP_PKEY_decapsulate(0x62cc0f736580, 0, 0x7fff0631c180, 0x62cc0f76944a) = 1 <0.000124>
[pid 327] 14:59:12.119414 libssl.so.3->EVP_PKEY_decapsulate(0x62cc0f736580, 0x62cc0f75eac0, 0x7fff0631c180, 0x62cc0f76944a <unfinished ...>
[pid 327] 14:59:12.119545 oqsprovider.so->OQS_KEM_decaps(0x62cc0f767270, 0x62cc0f75eac0, 0x62cc0f76944a, 0x62cc0f75cbf0) = 0 <0.000173>
[pid 327] 14:59:12.119763 <... EVP_PKEY_decapsulate resumed> ) = 1 <0.000341>
[pid 327] 14:59:12.120585 libssl.so.3->X509_verify_cert(0x62cc0f75ab60, 0, 0x8000, 0xffffffff) = 1 <0.000437>
[pid 327] 14:59:12.121266 libssl.so.3->EVP_DigestVerifyInit_ex(0x62cc0f686810, 0x7fff0631c228, 0, 0) = 1 <0.000154>
[pid 327] 14:59:12.121473 libssl.so.3->EVP_DigestVerify(0x62cc0f686810, 0x62cc0f7693f8, 4627, 0x7fff0631c230) = 1 <0.000282>
[pid 327] 14:59:12.122014 libssl.so.3->X509_verify_cert(0x62cc0f75ab60, 1, 1, 0) = 1 <0.000320>
[pid 327] 14:59:12.122753 libssl.so.3->EVP_DigestSignInit_ex(0x62cc0f787170, 0x7fff0631c210, 0, 0) = 1 <0.000152>
[pid 327] 14:59:12.122956 libssl.so.3->EVP_DigestSign(0x62cc0f787170, 0, 0x7fff0631c220, 0x7fff0631c230) = 1 <0.000134>
[pid 327] 14:59:12.123135 libssl.so.3->EVP_DigestSign(0x62cc0f787170, 0x62cc0f76f960, 0x7fff0631c220, 0x7fff0631c230) = 1 <0.000446>
[pid 327] 14:59:12.123951 <... SSL_connect resumed> ) = 1 <0.008069>
[pid 327] 14:59:12.124223 oqsprovider.so->OQS_KEM_free(0x62cc0f767270, 0x62cc0f767220, 2, 0x62cc0f767240) = 4 <0.000149>
Handshake duration: 8.31 ms
[pid 327] 14:59:12.126446 +++ exited (status 0) +++
Execution 65 - TLS Mutual
s_connection: verify depth is 1
[pid 329] 14:59:12.186074 openssl->SSL_connect(0x59c9e5f5a890, 0x59c9e5f2ce50, 0x59c9e5f2ce50, 0x72f795e4f360 <unfinished ...>
[pid 329] 14:59:12.186495 libssl.so.3->EVP_PKEY_keygen_init(0x59c9e5f2e580, 0, 176, 0x59c9e5f2e580) = 1 <0.000143>
[pid 329] 14:59:12.186689 libssl.so.3->EVP_PKEY_keygen(0x59c9e5f2e580, 0x7fff25ec1440, 0, 103 <unfinished ...>
[pid 329] 14:59:12.186815 oqsprovider.so->OQS_KEM_new(0x59c9e5f529a0, 8, 0, 0x59c9e5f5f250) = 0x59c9e5f5f270 <0.000111>
[pid 329] 14:59:12.186978 oqsprovider.so->OQS_KEM_keypair(0x59c9e5f5f270, 0x59c9e5f5f2f0, 0x59c9e5f54bf0, 0x59c9e5f5f250) = 0 <0.000339>
[pid 329] 14:59:12.187387 <... EVP_PKEY_keygen resumed> ) = 1 <0.000693>
[pid 329] 14:59:12.188977 libssl.so.3->EVP_PKEY_decapsulate_init(0x59c9e5f2e580, 0, 176, 0x59c9e5f2e580) = 1 <0.000283>
[pid 329] 14:59:12.189306 libssl.so.3->EVP_PKEY_decapsulate(0x59c9e5f2e580, 0, 0x7fff25ec1400, 0x59c9e5f6144a) = 1 <0.000151>
[pid 329] 14:59:12.189510 libssl.so.3->EVP_PKEY_decapsulate(0x59c9e5f2e580, 0x59c9e5f56ac0, 0x7fff25ec1400, 0x59c9e5f6144a <unfinished ...>
[pid 329] 14:59:12.189638 oqsprovider.so->OQS_KEM_decaps(0x59c9e5f5f270, 0x59c9e5f56ac0, 0x59c9e5f6144a, 0x59c9e5f54bf0) = 0 <0.000178>
[pid 329] 14:59:12.189872 <... EVP_PKEY_decapsulate resumed> ) = 1 <0.000358>
[pid 329] 14:59:12.190597 libssl.so.3->X509_verify_cert(0x59c9e5f52b60, 0, 0x8000, 0xffffffff) = 1 <0.000400>
[pid 329] 14:59:12.191200 libssl.so.3->EVP_DigestVerifyInit_ex(0x59c9e5e7e810, 0x7fff25ec14a8, 0, 0) = 1 <0.000161>
[pid 329] 14:59:12.191419 libssl.so.3->EVP_DigestVerify(0x59c9e5e7e810, 0x59c9e5f613f8, 4627, 0x7fff25ec14b0) = 1 <0.000231>
[pid 329] 14:59:12.191853 libssl.so.3->X509_verify_cert(0x59c9e5f52b60, 1, 1, 0) = 1 <0.000243>
[pid 329] 14:59:12.192470 libssl.so.3->EVP_DigestSignInit_ex(0x59c9e5f7f170, 0x7fff25ec1490, 0, 0) = 1 <0.000146>
[pid 329] 14:59:12.192666 libssl.so.3->EVP_DigestSign(0x59c9e5f7f170, 0, 0x7fff25ec14a0, 0x7fff25ec14b0) = 1 <0.000140>
[pid 329] 14:59:12.192853 libssl.so.3->EVP_DigestSign(0x59c9e5f7f170, 0x59c9e5f67960, 0x7fff25ec14a0, 0x7fff25ec14b0) = 1 <0.000358>
[pid 329] 14:59:12.193579 <... SSL_connect resumed> ) = 1 <0.007508>
[pid 329] 14:59:12.193877 oqsprovider.so->OQS_KEM_free(0x59c9e5f5f270, 0x59c9e5f5f220, 2, 0x59c9e5f5f240) = 4 <0.000209>
Handshake duration: 7.71 ms
[pid 329] 14:59:12.196252 +++ exited (status 0) +++
Execution 66 - TLS Mutual
s_connection: verify depth is 1
[pid 331] 14:59:12.261834 openssl->SSL_connect(0x59bfcbf85890, 0x59bfcbf57e50, 0x59bfcbf57e50, 0x75c30e4bd360 <unfinished ...>
[pid 331] 14:59:12.262382 libssl.so.3->EVP_PKEY_keygen_init(0x59bfcbf59580, 0, 176, 0x59bfcbf59580) = 1 <0.000240>
[pid 331] 14:59:12.262753 libssl.so.3->EVP_PKEY_keygen(0x59bfcbf59580, 0x7ffd31c9ab10, 0, 103 <unfinished ...>
[pid 331] 14:59:12.262960 oqsprovider.so->OQS_KEM_new(0x59bfcbf7d9a0, 8, 0, 0x59bfcbf8a250) = 0x59bfcbf8a270 <0.000146>
[pid 331] 14:59:12.263178 oqsprovider.so->OQS_KEM_keypair(0x59bfcbf8a270, 0x59bfcbf8a2f0, 0x59bfcbf7fbf0, 0x59bfcbf8a250) = 0 <0.000465>
[pid 331] 14:59:12.263731 <... EVP_PKEY_keygen resumed> ) = 1 <0.000973>
[pid 331] 14:59:12.265577 libssl.so.3->EVP_PKEY_decapsulate_init(0x59bfcbf59580, 0, 176, 0x59bfcbf59580) = 1 <0.000365>
[pid 331] 14:59:12.266012 libssl.so.3->EVP_PKEY_decapsulate(0x59bfcbf59580, 0, 0x7ffd31c9aad0, 0x59bfcbf8c44a) = 1 <0.000165>
[pid 331] 14:59:12.266227 libssl.so.3->EVP_PKEY_decapsulate(0x59bfcbf59580, 0x59bfcbf81ac0, 0x7ffd31c9aad0, 0x59bfcbf8c44a <unfinished ...>
[pid 331] 14:59:12.266383 oqsprovider.so->OQS_KEM_decaps(0x59bfcbf8a270, 0x59bfcbf81ac0, 0x59bfcbf8c44a, 0x59bfcbf7fbf0) = 0 <0.000233>
[pid 331] 14:59:12.266669 <... EVP_PKEY_decapsulate resumed> ) = 1 <0.000437>
[pid 331] 14:59:12.267540 libssl.so.3->X509_verify_cert(0x59bfcbf7db60, 0, 0x8000, 0xffffffff) = 1 <0.000452>
[pid 331] 14:59:12.268246 libssl.so.3->EVP_DigestVerifyInit_ex(0x59bfcbea9810, 0x7ffd31c9ab78, 0, 0) = 1 <0.000158>
[pid 331] 14:59:12.268453 libssl.so.3->EVP_DigestVerify(0x59bfcbea9810, 0x59bfcbf8c3f8, 4627, 0x7ffd31c9ab80) = 1 <0.000306>
[pid 331] 14:59:12.269021 libssl.so.3->X509_verify_cert(0x59bfcbf7db60, 1, 1, 0) = 1 <0.000296>
[pid 331] 14:59:12.269860 libssl.so.3->EVP_DigestSignInit_ex(0x59bfcbfaa170, 0x7ffd31c9ab60, 0, 0) = 1 <0.000219>
[pid 331] 14:59:12.270179 libssl.so.3->EVP_DigestSign(0x59bfcbfaa170, 0, 0x7ffd31c9ab70, 0x7ffd31c9ab80) = 1 <0.000210>
[pid 331] 14:59:12.270441 libssl.so.3->EVP_DigestSign(0x59bfcbfaa170, 0x59bfcbf92960, 0x7ffd31c9ab70, 0x7ffd31c9ab80) = 1 <0.000480>
[pid 331] 14:59:12.271387 <... SSL_connect resumed> ) = 1 <0.009561>
[pid 331] 14:59:12.271668 oqsprovider.so->OQS_KEM_free(0x59bfcbf8a270, 0x59bfcbf8a220, 2, 0x59bfcbf8a240) = 4 <0.000203>
Handshake duration: 9.80 ms
[pid 331] 14:59:12.274863 +++ exited (status 0) +++
Execution 67 - TLS Mutual
s_connection: verify depth is 1
[pid 333] 14:59:12.349600 openssl->SSL_connect(0x5603a5c62890, 0x5603a5c34e50, 0x5603a5c34e50, 0x79b97cd1e360 <unfinished ...>
[pid 333] 14:59:12.350240 libssl.so.3->EVP_PKEY_keygen_init(0x5603a5c36580, 0, 176, 0x5603a5c36580) = 1 <0.000369>
[pid 333] 14:59:12.350725 libssl.so.3->EVP_PKEY_keygen(0x5603a5c36580, 0x7ffd8e9dcef0, 0, 103 <unfinished ...>
[pid 333] 14:59:12.350961 oqsprovider.so->OQS_KEM_new(0x5603a5c5a9a0, 8, 0, 0x5603a5c67250) = 0x5603a5c67270 <0.000202>
[pid 333] 14:59:12.351216 oqsprovider.so->OQS_KEM_keypair(0x5603a5c67270, 0x5603a5c672f0, 0x5603a5c5cbf0, 0x5603a5c67250) = 0 <0.000429>
[pid 333] 14:59:12.351742 <... EVP_PKEY_keygen resumed> ) = 1 <0.001011>
[pid 333] 14:59:12.353432 libssl.so.3->EVP_PKEY_decapsulate_init(0x5603a5c36580, 0, 176, 0x5603a5c36580) = 1 <0.000418>
[pid 333] 14:59:12.353898 libssl.so.3->EVP_PKEY_decapsulate(0x5603a5c36580, 0, 0x7ffd8e9dceb0, 0x5603a5c6944a) = 1 <0.000123>
[pid 333] 14:59:12.354066 libssl.so.3->EVP_PKEY_decapsulate(0x5603a5c36580, 0x5603a5c5eac0, 0x7ffd8e9dceb0, 0x5603a5c6944a <unfinished ...>
[pid 333] 14:59:12.354218 oqsprovider.so->OQS_KEM_decaps(0x5603a5c67270, 0x5603a5c5eac0, 0x5603a5c6944a, 0x5603a5c5cbf0) = 0 <0.000203>
[pid 333] 14:59:12.354616 <... EVP_PKEY_decapsulate resumed> ) = 1 <0.000543>
[pid 333] 14:59:12.355440 libssl.so.3->X509_verify_cert(0x5603a5c5ab60, 0, 0x8000, 0xffffffff) = 1 <0.000487>
[pid 333] 14:59:12.356198 libssl.so.3->EVP_DigestVerifyInit_ex(0x5603a5b86810, 0x7ffd8e9dcf58, 0, 0) = 1 <0.000198>
[pid 333] 14:59:12.356443 libssl.so.3->EVP_DigestVerify(0x5603a5b86810, 0x5603a5c693f8, 4627, 0x7ffd8e9dcf60) = 1 <0.000256>
[pid 333] 14:59:12.356927 libssl.so.3->X509_verify_cert(0x5603a5c5ab60, 1, 1, 0) = 1 <0.000276>
[pid 333] 14:59:12.357696 libssl.so.3->EVP_DigestSignInit_ex(0x5603a5c87170, 0x7ffd8e9dcf40, 0, 0) = 1 <0.000190>
[pid 333] 14:59:12.357946 libssl.so.3->EVP_DigestSign(0x5603a5c87170, 0, 0x7ffd8e9dcf50, 0x7ffd8e9dcf60) = 1 <0.000162>
[pid 333] 14:59:12.358176 libssl.so.3->EVP_DigestSign(0x5603a5c87170, 0x5603a5c6f960, 0x7ffd8e9dcf50, 0x7ffd8e9dcf60) = 1 <0.000443>
[pid 333] 14:59:12.358986 <... SSL_connect resumed> ) = 1 <0.009400>
[pid 333] 14:59:12.359262 oqsprovider.so->OQS_KEM_free(0x5603a5c67270, 0x5603a5c67220, 2, 0x5603a5c67240) = 4 <0.000180>
Handshake duration: 9.62 ms
[pid 333] 14:59:12.362044 +++ exited (status 0) +++
Execution 68 - TLS Mutual
s_connection: verify depth is 1
[pid 335] 14:59:12.427412 openssl->SSL_connect(0x61e4ec357890, 0x61e4ec329e50, 0x61e4ec329e50, 0x772956938360 <unfinished ...>
[pid 335] 14:59:12.427873 libssl.so.3->EVP_PKEY_keygen_init(0x61e4ec32b580, 0, 176, 0x61e4ec32b580) = 1 <0.000206>
[pid 335] 14:59:12.428131 libssl.so.3->EVP_PKEY_keygen(0x61e4ec32b580, 0x7ffe3b9d1190, 0, 103 <unfinished ...>
[pid 335] 14:59:12.428277 oqsprovider.so->OQS_KEM_new(0x61e4ec34f9a0, 8, 0, 0x61e4ec35c250) = 0x61e4ec35c270 <0.000124>
[pid 335] 14:59:12.428473 oqsprovider.so->OQS_KEM_keypair(0x61e4ec35c270, 0x61e4ec35c2f0, 0x61e4ec351bf0, 0x61e4ec35c250) = 0 <0.000462>
[pid 335] 14:59:12.429029 <... EVP_PKEY_keygen resumed> ) = 1 <0.000892>
[pid 335] 14:59:12.430534 libssl.so.3->EVP_PKEY_decapsulate_init(0x61e4ec32b580, 0, 176, 0x61e4ec32b580) = 1 <0.000351>
[pid 335] 14:59:12.430946 libssl.so.3->EVP_PKEY_decapsulate(0x61e4ec32b580, 0, 0x7ffe3b9d1150, 0x61e4ec35e44a) = 1 <0.000156>
[pid 335] 14:59:12.431147 libssl.so.3->EVP_PKEY_decapsulate(0x61e4ec32b580, 0x61e4ec353ac0, 0x7ffe3b9d1150, 0x61e4ec35e44a <unfinished ...>
[pid 335] 14:59:12.431309 oqsprovider.so->OQS_KEM_decaps(0x61e4ec35c270, 0x61e4ec353ac0, 0x61e4ec35e44a, 0x61e4ec351bf0) = 0 <0.000194>
[pid 335] 14:59:12.431551 <... EVP_PKEY_decapsulate resumed> ) = 1 <0.000397>
[pid 335] 14:59:12.432350 libssl.so.3->X509_verify_cert(0x61e4ec34fb60, 0, 0x8000, 0xffffffff) = 1 <0.000441>
[pid 335] 14:59:12.433002 libssl.so.3->EVP_DigestVerifyInit_ex(0x61e4ec27b810, 0x7ffe3b9d11f8, 0, 0) = 1 <0.000123>
[pid 335] 14:59:12.433182 libssl.so.3->EVP_DigestVerify(0x61e4ec27b810, 0x61e4ec35e3f8, 4627, 0x7ffe3b9d1200) = 1 <0.000315>
[pid 335] 14:59:12.433745 libssl.so.3->X509_verify_cert(0x61e4ec34fb60, 1, 1, 0) = 1 <0.000301>
[pid 335] 14:59:12.434494 libssl.so.3->EVP_DigestSignInit_ex(0x61e4ec37c170, 0x7ffe3b9d11e0, 0, 0) = 1 <0.000171>
[pid 335] 14:59:12.434727 libssl.so.3->EVP_DigestSign(0x61e4ec37c170, 0, 0x7ffe3b9d11f0, 0x7ffe3b9d1200) = 1 <0.000125>
[pid 335] 14:59:12.434899 libssl.so.3->EVP_DigestSign(0x61e4ec37c170, 0x61e4ec364960, 0x7ffe3b9d11f0, 0x7ffe3b9d1200) = 1 <0.000390>
[pid 335] 14:59:12.435636 <... SSL_connect resumed> ) = 1 <0.008237>
[pid 335] 14:59:12.435851 oqsprovider.so->OQS_KEM_free(0x61e4ec35c270, 0x61e4ec35c220, 2, 0x61e4ec35c240) = 4 <0.000152>
Handshake duration: 8.45 ms
[pid 335] 14:59:12.438142 +++ exited (status 0) +++
Execution 69 - TLS Mutual
s_connection: verify depth is 1
[pid 337] 14:59:12.499023 openssl->SSL_connect(0x560bd47ca890, 0x560bd479ce50, 0x560bd479ce50, 0x752bd0e51360 <unfinished ...>
[pid 337] 14:59:12.499532 libssl.so.3->EVP_PKEY_keygen_init(0x560bd479e580, 0, 176, 0x560bd479e580) = 1 <0.000161>
[pid 337] 14:59:12.499746 libssl.so.3->EVP_PKEY_keygen(0x560bd479e580, 0x7fff019fb7e0, 0, 103 <unfinished ...>
[pid 337] 14:59:12.499878 oqsprovider.so->OQS_KEM_new(0x560bd47c29a0, 8, 0, 0x560bd47cf250) = 0x560bd47cf270 <0.000176>
[pid 337] 14:59:12.500119 oqsprovider.so->OQS_KEM_keypair(0x560bd47cf270, 0x560bd47cf2f0, 0x560bd47c4bf0, 0x560bd47cf250) = 0 <0.000416>
[pid 337] 14:59:12.500601 <... EVP_PKEY_keygen resumed> ) = 1 <0.000849>
[pid 337] 14:59:12.502215 libssl.so.3->EVP_PKEY_decapsulate_init(0x560bd479e580, 0, 176, 0x560bd479e580) = 1 <0.000306>
[pid 337] 14:59:12.502567 libssl.so.3->EVP_PKEY_decapsulate(0x560bd479e580, 0, 0x7fff019fb7a0, 0x560bd47d144a) = 1 <0.000135>
[pid 337] 14:59:12.502747 libssl.so.3->EVP_PKEY_decapsulate(0x560bd479e580, 0x560bd47c6ac0, 0x7fff019fb7a0, 0x560bd47d144a <unfinished ...>
[pid 337] 14:59:12.502877 oqsprovider.so->OQS_KEM_decaps(0x560bd47cf270, 0x560bd47c6ac0, 0x560bd47d144a, 0x560bd47c4bf0) = 0 <0.000157>
[pid 337] 14:59:12.503080 <... EVP_PKEY_decapsulate resumed> ) = 1 <0.000332>
[pid 337] 14:59:12.503911 libssl.so.3->X509_verify_cert(0x560bd47c2b60, 0, 0x8000, 0xffffffff) = 1 <0.000410>
[pid 337] 14:59:12.504567 libssl.so.3->EVP_DigestVerifyInit_ex(0x560bd46ee810, 0x7fff019fb848, 0, 0) = 1 <0.000135>
[pid 337] 14:59:12.504754 libssl.so.3->EVP_DigestVerify(0x560bd46ee810, 0x560bd47d13f8, 4627, 0x7fff019fb850) = 1 <0.000220>
[pid 337] 14:59:12.505226 libssl.so.3->X509_verify_cert(0x560bd47c2b60, 1, 1, 0) = 1 <0.000300>
[pid 337] 14:59:12.505933 libssl.so.3->EVP_DigestSignInit_ex(0x560bd47ef170, 0x7fff019fb830, 0, 0) = 1 <0.000129>
[pid 337] 14:59:12.506123 libssl.so.3->EVP_DigestSign(0x560bd47ef170, 0, 0x7fff019fb840, 0x7fff019fb850) = 1 <0.000166>
[pid 337] 14:59:12.506334 libssl.so.3->EVP_DigestSign(0x560bd47ef170, 0x560bd47d7960, 0x7fff019fb840, 0x7fff019fb850) = 1 <0.000353>
[pid 337] 14:59:12.507005 <... SSL_connect resumed> ) = 1 <0.008000>
[pid 337] 14:59:12.507248 oqsprovider.so->OQS_KEM_free(0x560bd47cf270, 0x560bd47cf220, 2, 0x560bd47cf240) = 4 <0.000141>
Handshake duration: 8.22 ms
[pid 337] 14:59:12.509429 +++ exited (status 0) +++
Execution 70 - TLS Mutual
s_connection: verify depth is 1
[pid 339] 14:59:12.569720 openssl->SSL_connect(0x58a500b24890, 0x58a500af6e50, 0x58a500af6e50, 0x79e10de07360 <unfinished ...>
[pid 339] 14:59:12.570274 libssl.so.3->EVP_PKEY_keygen_init(0x58a500af8580, 0, 176, 0x58a500af8580) = 1 <0.000275>
[pid 339] 14:59:12.570621 libssl.so.3->EVP_PKEY_keygen(0x58a500af8580, 0x7ffe4ff827d0, 0, 103 <unfinished ...>
[pid 339] 14:59:12.570829 oqsprovider.so->OQS_KEM_new(0x58a500b1c9a0, 8, 0, 0x58a500b29250) = 0x58a500b29270 <0.000174>
[pid 339] 14:59:12.571062 oqsprovider.so->OQS_KEM_keypair(0x58a500b29270, 0x58a500b292f0, 0x58a500b1ebf0, 0x58a500b29250) = 0 <0.000465>
[pid 339] 14:59:12.571631 <... EVP_PKEY_keygen resumed> ) = 1 <0.001001>
[pid 339] 14:59:12.573295 libssl.so.3->EVP_PKEY_decapsulate_init(0x58a500af8580, 0, 176, 0x58a500af8580) = 1 <0.000337>
[pid 339] 14:59:12.573673 libssl.so.3->EVP_PKEY_decapsulate(0x58a500af8580, 0, 0x7ffe4ff82790, 0x58a500b2b44a) = 1 <0.000110>
[pid 339] 14:59:12.573827 libssl.so.3->EVP_PKEY_decapsulate(0x58a500af8580, 0x58a500b20ac0, 0x7ffe4ff82790, 0x58a500b2b44a <unfinished ...>
[pid 339] 14:59:12.573943 oqsprovider.so->OQS_KEM_decaps(0x58a500b29270, 0x58a500b20ac0, 0x58a500b2b44a, 0x58a500b1ebf0) = 0 <0.000164>
[pid 339] 14:59:12.574154 <... EVP_PKEY_decapsulate resumed> ) = 1 <0.000318>
[pid 339] 14:59:12.574974 libssl.so.3->X509_verify_cert(0x58a500b1cb60, 0, 0x8000, 0xffffffff) = 1 <0.000485>
[pid 339] 14:59:12.575687 libssl.so.3->EVP_DigestVerifyInit_ex(0x58a500a48810, 0x7ffe4ff82838, 0, 0) = 1 <0.000172>
[pid 339] 14:59:12.575909 libssl.so.3->EVP_DigestVerify(0x58a500a48810, 0x58a500b2b3f8, 4627, 0x7ffe4ff82840) = 1 <0.000388>
[pid 339] 14:59:12.576677 libssl.so.3->X509_verify_cert(0x58a500b1cb60, 1, 1, 0) = 1 <0.000401>
[pid 339] 14:59:12.577629 libssl.so.3->EVP_DigestSignInit_ex(0x58a500b49170, 0x7ffe4ff82820, 0, 0) = 1 <0.000183>
[pid 339] 14:59:12.577856 libssl.so.3->EVP_DigestSign(0x58a500b49170, 0, 0x7ffe4ff82830, 0x7ffe4ff82840) = 1 <0.000147>
[pid 339] 14:59:12.578055 libssl.so.3->EVP_DigestSign(0x58a500b49170, 0x58a500b31960, 0x7ffe4ff82830, 0x7ffe4ff82840) = 1 <0.000573>
[pid 339] 14:59:12.579113 <... SSL_connect resumed> ) = 1 <0.009405>
[pid 339] 14:59:12.579389 oqsprovider.so->OQS_KEM_free(0x58a500b29270, 0x58a500b29220, 2, 0x58a500b29240) = 4 <0.000137>
Handshake duration: 9.62 ms
[pid 339] 14:59:12.581762 +++ exited (status 0) +++
Execution 71 - TLS Mutual
s_connection: verify depth is 1
[pid 341] 14:59:12.640605 openssl->SSL_connect(0x55f895743890, 0x55f895715e50, 0x55f895715e50, 0x746d983c5360 <unfinished ...>
[pid 341] 14:59:12.641066 libssl.so.3->EVP_PKEY_keygen_init(0x55f895717580, 0, 176, 0x55f895717580) = 1 <0.000188>
[pid 341] 14:59:12.641319 libssl.so.3->EVP_PKEY_keygen(0x55f895717580, 0x7ffccf351c60, 0, 103 <unfinished ...>
[pid 341] 14:59:12.641472 oqsprovider.so->OQS_KEM_new(0x55f89573b9a0, 8, 0, 0x55f895748250) = 0x55f895748270 <0.000144>
[pid 341] 14:59:12.641668 oqsprovider.so->OQS_KEM_keypair(0x55f895748270, 0x55f8957482f0, 0x55f89573dbf0, 0x55f895748250) = 0 <0.000339>
[pid 341] 14:59:12.642062 <... EVP_PKEY_keygen resumed> ) = 1 <0.000744>
[pid 341] 14:59:12.643688 libssl.so.3->EVP_PKEY_decapsulate_init(0x55f895717580, 0, 176, 0x55f895717580) = 1 <0.000315>
[pid 341] 14:59:12.644050 libssl.so.3->EVP_PKEY_decapsulate(0x55f895717580, 0, 0x7ffccf351c20, 0x55f89574a44a) = 1 <0.000118>
[pid 341] 14:59:12.644211 libssl.so.3->EVP_PKEY_decapsulate(0x55f895717580, 0x55f89573fac0, 0x7ffccf351c20, 0x55f89574a44a <unfinished ...>
[pid 341] 14:59:12.644329 oqsprovider.so->OQS_KEM_decaps(0x55f895748270, 0x55f89573fac0, 0x55f89574a44a, 0x55f89573dbf0) = 0 <0.000198>
[pid 341] 14:59:12.644574 <... EVP_PKEY_decapsulate resumed> ) = 1 <0.000355>
[pid 341] 14:59:12.645312 libssl.so.3->X509_verify_cert(0x55f89573bb60, 0, 0x8000, 0xffffffff) = 1 <0.000422>
[pid 341] 14:59:12.645931 libssl.so.3->EVP_DigestVerifyInit_ex(0x55f895667810, 0x7ffccf351cc8, 0, 0) = 1 <0.000132>
[pid 341] 14:59:12.646107 libssl.so.3->EVP_DigestVerify(0x55f895667810, 0x55f89574a3f8, 4627, 0x7ffccf351cd0) = 1 <0.000264>
[pid 341] 14:59:12.646594 libssl.so.3->X509_verify_cert(0x55f89573bb60, 1, 1, 0) = 1 <0.000266>
[pid 341] 14:59:12.647243 libssl.so.3->EVP_DigestSignInit_ex(0x55f895768170, 0x7ffccf351cb0, 0, 0) = 1 <0.000146>
[pid 341] 14:59:12.647436 libssl.so.3->EVP_DigestSign(0x55f895768170, 0, 0x7ffccf351cc0, 0x7ffccf351cd0) = 1 <0.000126>
[pid 341] 14:59:12.647609 libssl.so.3->EVP_DigestSign(0x55f895768170, 0x55f895750960, 0x7ffccf351cc0, 0x7ffccf351cd0) = 1 <0.000342>
[pid 341] 14:59:12.648270 <... SSL_connect resumed> ) = 1 <0.007678>
[pid 341] 14:59:12.648477 oqsprovider.so->OQS_KEM_free(0x55f895748270, 0x55f895748220, 2, 0x55f895748240) = 4 <0.000121>
Handshake duration: 7.87 ms
[pid 341] 14:59:12.650776 +++ exited (status 0) +++
Execution 72 - TLS Mutual
s_connection: verify depth is 1
[pid 343] 14:59:12.709081 openssl->SSL_connect(0x587e51651890, 0x587e51623e50, 0x587e51623e50, 0x7a72bea80360 <unfinished ...>
[pid 343] 14:59:12.709516 libssl.so.3->EVP_PKEY_keygen_init(0x587e51625580, 0, 176, 0x587e51625580) = 1 <0.000141>
[pid 343] 14:59:12.709716 libssl.so.3->EVP_PKEY_keygen(0x587e51625580, 0x7ffcf2dace70, 0, 103 <unfinished ...>
[pid 343] 14:59:12.709856 oqsprovider.so->OQS_KEM_new(0x587e516499a0, 8, 0, 0x587e51656250) = 0x587e51656270 <0.000126>
[pid 343] 14:59:12.710029 oqsprovider.so->OQS_KEM_keypair(0x587e51656270, 0x587e516562f0, 0x587e5164bbf0, 0x587e51656250) = 0 <0.000367>
[pid 343] 14:59:12.710454 <... EVP_PKEY_keygen resumed> ) = 1 <0.000734>
[pid 343] 14:59:12.711914 libssl.so.3->EVP_PKEY_decapsulate_init(0x587e51625580, 0, 176, 0x587e51625580) = 1 <0.000278>
[pid 343] 14:59:12.712237 libssl.so.3->EVP_PKEY_decapsulate(0x587e51625580, 0, 0x7ffcf2dace30, 0x587e5165844a) = 1 <0.000142>
[pid 343] 14:59:12.712423 libssl.so.3->EVP_PKEY_decapsulate(0x587e51625580, 0x587e5164dac0, 0x7ffcf2dace30, 0x587e5165844a <unfinished ...>
[pid 343] 14:59:12.712540 oqsprovider.so->OQS_KEM_decaps(0x587e51656270, 0x587e5164dac0, 0x587e5165844a, 0x587e5164bbf0) = 0 <0.000157>
[pid 343] 14:59:12.712751 <... EVP_PKEY_decapsulate resumed> ) = 1 <0.000321>
[pid 343] 14:59:12.713468 libssl.so.3->X509_verify_cert(0x587e51649b60, 0, 0x8000, 0xffffffff) = 1 <0.000410>
[pid 343] 14:59:12.714091 libssl.so.3->EVP_DigestVerifyInit_ex(0x587e51575810, 0x7ffcf2daced8, 0, 0) = 1 <0.000126>
[pid 343] 14:59:12.714262 libssl.so.3->EVP_DigestVerify(0x587e51575810, 0x587e516583f8, 4627, 0x7ffcf2dacee0) = 1 <0.000234>
[pid 343] 14:59:12.714711 libssl.so.3->X509_verify_cert(0x587e51649b60, 1, 1, 0) = 1 <0.000258>
[pid 343] 14:59:12.715328 libssl.so.3->EVP_DigestSignInit_ex(0x587e51676170, 0x7ffcf2dacec0, 0, 0) = 1 <0.000138>
[pid 343] 14:59:12.715508 libssl.so.3->EVP_DigestSign(0x587e51676170, 0, 0x7ffcf2daced0, 0x7ffcf2dacee0) = 1 <0.000123>
[pid 343] 14:59:12.715673 libssl.so.3->EVP_DigestSign(0x587e51676170, 0x587e5165e960, 0x7ffcf2daced0, 0x7ffcf2dacee0) = 1 <0.000565>
[pid 343] 14:59:12.716547 <... SSL_connect resumed> ) = 1 <0.007473>
[pid 343] 14:59:12.716742 oqsprovider.so->OQS_KEM_free(0x587e51656270, 0x587e51656220, 2, 0x587e51656240) = 4 <0.000126>
Handshake duration: 7.65 ms
[pid 343] 14:59:12.718863 +++ exited (status 0) +++
Execution 73 - TLS Mutual
s_connection: verify depth is 1
[pid 345] 14:59:12.776563 openssl->SSL_connect(0x59056d195890, 0x59056d167e50, 0x59056d167e50, 0x7023214e4360 <unfinished ...>
[pid 345] 14:59:12.777036 libssl.so.3->EVP_PKEY_keygen_init(0x59056d169580, 0, 176, 0x59056d169580) = 1 <0.000190>
[pid 345] 14:59:12.777289 libssl.so.3->EVP_PKEY_keygen(0x59056d169580, 0x7ffcc0af6f50, 0, 103 <unfinished ...>
[pid 345] 14:59:12.777456 oqsprovider.so->OQS_KEM_new(0x59056d18d9a0, 8, 0, 0x59056d19a250) = 0x59056d19a270 <0.000178>
[pid 345] 14:59:12.777717 oqsprovider.so->OQS_KEM_keypair(0x59056d19a270, 0x59056d19a2f0, 0x59056d18fbf0, 0x59056d19a250) = 0 <0.000377>
[pid 345] 14:59:12.778151 <... EVP_PKEY_keygen resumed> ) = 1 <0.000858>
[pid 345] 14:59:12.779640 libssl.so.3->EVP_PKEY_decapsulate_init(0x59056d169580, 0, 176, 0x59056d169580) = 1 <0.000298>
[pid 345] 14:59:12.779978 libssl.so.3->EVP_PKEY_decapsulate(0x59056d169580, 0, 0x7ffcc0af6f10, 0x59056d19c44a) = 1 <0.000114>
[pid 345] 14:59:12.780144 libssl.so.3->EVP_PKEY_decapsulate(0x59056d169580, 0x59056d191ac0, 0x7ffcc0af6f10, 0x59056d19c44a <unfinished ...>
[pid 345] 14:59:12.780265 oqsprovider.so->OQS_KEM_decaps(0x59056d19a270, 0x59056d191ac0, 0x59056d19c44a, 0x59056d18fbf0) = 0 <0.000183>
[pid 345] 14:59:12.780492 <... EVP_PKEY_decapsulate resumed> ) = 1 <0.000344>
[pid 345] 14:59:12.781329 libssl.so.3->X509_verify_cert(0x59056d18db60, 0, 0x8000, 0xffffffff) = 1 <0.000519>
[pid 345] 14:59:12.782114 libssl.so.3->EVP_DigestVerifyInit_ex(0x59056d0b9810, 0x7ffcc0af6fb8, 0, 0) = 1 <0.000156>
[pid 345] 14:59:12.782328 libssl.so.3->EVP_DigestVerify(0x59056d0b9810, 0x59056d19c3f8, 4627, 0x7ffcc0af6fc0) = 1 <0.000349>
[pid 345] 14:59:12.783023 libssl.so.3->X509_verify_cert(0x59056d18db60, 1, 1, 0) = 1 <0.000352>
[pid 345] 14:59:12.783808 libssl.so.3->EVP_DigestSignInit_ex(0x59056d1ba170, 0x7ffcc0af6fa0, 0, 0) = 1 <0.000158>
[pid 345] 14:59:12.784010 libssl.so.3->EVP_DigestSign(0x59056d1ba170, 0, 0x7ffcc0af6fb0, 0x7ffcc0af6fc0) = 1 <0.000121>
[pid 345] 14:59:12.784219 libssl.so.3->EVP_DigestSign(0x59056d1ba170, 0x59056d1a2960, 0x7ffcc0af6fb0, 0x7ffcc0af6fc0) = 1 <0.000561>
[pid 345] 14:59:12.785181 <... SSL_connect resumed> ) = 1 <0.008633>
[pid 345] 14:59:12.785436 oqsprovider.so->OQS_KEM_free(0x59056d19a270, 0x59056d19a220, 2, 0x59056d19a240) = 4 <0.000166>
Handshake duration: 8.83 ms
[pid 345] 14:59:12.787956 +++ exited (status 0) +++
Execution 74 - TLS Mutual
s_connection: verify depth is 1
[pid 347] 14:59:12.850807 openssl->SSL_connect(0x56ed715d1890, 0x56ed715a3e50, 0x56ed715a3e50, 0x70bfc1299360 <unfinished ...>
[pid 347] 14:59:12.851443 libssl.so.3->EVP_PKEY_keygen_init(0x56ed715a5580, 0, 176, 0x56ed715a5580) = 1 <0.000258>
[pid 347] 14:59:12.851769 libssl.so.3->EVP_PKEY_keygen(0x56ed715a5580, 0x7ffda3378bb0, 0, 103 <unfinished ...>
[pid 347] 14:59:12.851943 oqsprovider.so->OQS_KEM_new(0x56ed715c99a0, 8, 0, 0x56ed715d6250) = 0x56ed715d6270 <0.000176>
[pid 347] 14:59:12.852194 oqsprovider.so->OQS_KEM_keypair(0x56ed715d6270, 0x56ed715d62f0, 0x56ed715cbbf0, 0x56ed715d6250) = 0 <0.000496>
[pid 347] 14:59:12.852803 <... EVP_PKEY_keygen resumed> ) = 1 <0.001025>
[pid 347] 14:59:12.854581 libssl.so.3->EVP_PKEY_decapsulate_init(0x56ed715a5580, 0, 176, 0x56ed715a5580) = 1 <0.000470>
[pid 347] 14:59:12.855135 libssl.so.3->EVP_PKEY_decapsulate(0x56ed715a5580, 0, 0x7ffda3378b70, 0x56ed715d844a) = 1 <0.000161>
[pid 347] 14:59:12.855387 libssl.so.3->EVP_PKEY_decapsulate(0x56ed715a5580, 0x56ed715cdac0, 0x7ffda3378b70, 0x56ed715d844a <unfinished ...>
[pid 347] 14:59:12.855551 oqsprovider.so->OQS_KEM_decaps(0x56ed715d6270, 0x56ed715cdac0, 0x56ed715d844a, 0x56ed715cbbf0) = 0 <0.000209>
[pid 347] 14:59:12.855816 <... EVP_PKEY_decapsulate resumed> ) = 1 <0.000426>
[pid 347] 14:59:12.856699 libssl.so.3->X509_verify_cert(0x56ed715c9b60, 0, 0x8000, 0xffffffff) = 1 <0.000513>
[pid 347] 14:59:12.857501 libssl.so.3->EVP_DigestVerifyInit_ex(0x56ed714f5810, 0x7ffda3378c18, 0, 0) = 1 <0.000172>
[pid 347] 14:59:12.857730 libssl.so.3->EVP_DigestVerify(0x56ed714f5810, 0x56ed715d83f8, 4627, 0x7ffda3378c20) = 1 <0.000281>
[pid 347] 14:59:12.858246 libssl.so.3->X509_verify_cert(0x56ed715c9b60, 1, 1, 0) = 1 <0.000302>
[pid 347] 14:59:12.858995 libssl.so.3->EVP_DigestSignInit_ex(0x56ed715f6170, 0x7ffda3378c00, 0, 0) = 1 <0.000170>
[pid 347] 14:59:12.859223 libssl.so.3->EVP_DigestSign(0x56ed715f6170, 0, 0x7ffda3378c10, 0x7ffda3378c20) = 1 <0.000189>
[pid 347] 14:59:12.859522 libssl.so.3->EVP_DigestSign(0x56ed715f6170, 0x56ed715de960, 0x7ffda3378c10, 0x7ffda3378c20) = 1 <0.000506>
[pid 347] 14:59:12.860501 <... SSL_connect resumed> ) = 1 <0.009702>
[pid 347] 14:59:12.860817 oqsprovider.so->OQS_KEM_free(0x56ed715d6270, 0x56ed715d6220, 2, 0x56ed715d6240) = 4 <0.000203>
Handshake duration: 9.95 ms
[pid 347] 14:59:12.863855 +++ exited (status 0) +++
Execution 75 - TLS Mutual
s_connection: verify depth is 1
[pid 349] 14:59:12.926253 openssl->SSL_connect(0x5614ff3af890, 0x5614ff381e50, 0x5614ff381e50, 0x7786971fc360 <unfinished ...>
[pid 349] 14:59:12.926950 libssl.so.3->EVP_PKEY_keygen_init(0x5614ff383580, 0, 176, 0x5614ff383580) = 1 <0.000262>
[pid 349] 14:59:12.927285 libssl.so.3->EVP_PKEY_keygen(0x5614ff383580, 0x7fff1313db50, 0, 103 <unfinished ...>
[pid 349] 14:59:12.927514 oqsprovider.so->OQS_KEM_new(0x5614ff3a79a0, 8, 0, 0x5614ff3b4250) = 0x5614ff3b4270 <0.000262>
[pid 349] 14:59:12.927853 oqsprovider.so->OQS_KEM_keypair(0x5614ff3b4270, 0x5614ff3b42f0, 0x5614ff3a9bf0, 0x5614ff3b4250) = 0 <0.000443>
[pid 349] 14:59:12.928423 <... EVP_PKEY_keygen resumed> ) = 1 <0.001107>
[pid 349] 14:59:12.930388 libssl.so.3->EVP_PKEY_decapsulate_init(0x5614ff383580, 0, 176, 0x5614ff383580) = 1 <0.000377>
[pid 349] 14:59:12.930837 libssl.so.3->EVP_PKEY_decapsulate(0x5614ff383580, 0, 0x7fff1313db10, 0x5614ff3b644a) = 1 <0.000141>
[pid 349] 14:59:12.931031 libssl.so.3->EVP_PKEY_decapsulate(0x5614ff383580, 0x5614ff3abac0, 0x7fff1313db10, 0x5614ff3b644a <unfinished ...>
[pid 349] 14:59:12.931170 oqsprovider.so->OQS_KEM_decaps(0x5614ff3b4270, 0x5614ff3abac0, 0x5614ff3b644a, 0x5614ff3a9bf0) = 0 <0.000287>
[pid 349] 14:59:12.931542 <... EVP_PKEY_decapsulate resumed> ) = 1 <0.000502>
[pid 349] 14:59:12.932472 libssl.so.3->X509_verify_cert(0x5614ff3a7b60, 0, 0x8000, 0xffffffff) = 1 <0.000496>
[pid 349] 14:59:12.933271 libssl.so.3->EVP_DigestVerifyInit_ex(0x5614ff2d3810, 0x7fff1313dbb8, 0, 0) = 1 <0.000231>
[pid 349] 14:59:12.933565 libssl.so.3->EVP_DigestVerify(0x5614ff2d3810, 0x5614ff3b63f8, 4627, 0x7fff1313dbc0) = 1 <0.000256>
[pid 349] 14:59:12.934097 libssl.so.3->X509_verify_cert(0x5614ff3a7b60, 1, 1, 0) = 1 <0.000500>
[pid 349] 14:59:12.935287 libssl.so.3->EVP_DigestSignInit_ex(0x5614ff3d4170, 0x7fff1313dba0, 0, 0) = 1 <0.000197>
[pid 349] 14:59:12.935545 libssl.so.3->EVP_DigestSign(0x5614ff3d4170, 0, 0x7fff1313dbb0, 0x7fff1313dbc0) = 1 <0.000221>
[pid 349] 14:59:12.935857 libssl.so.3->EVP_DigestSign(0x5614ff3d4170, 0x5614ff3bc960, 0x7fff1313dbb0, 0x7fff1313dbc0) = 1 <0.000592>
[pid 349] 14:59:12.936957 <... SSL_connect resumed> ) = 1 <0.010720>
[pid 349] 14:59:12.937177 oqsprovider.so->OQS_KEM_free(0x5614ff3b4270, 0x5614ff3b4220, 2, 0x5614ff3b4240) = 4 <0.000172>
Handshake duration: 10.94 ms
[pid 349] 14:59:12.940203 +++ exited (status 0) +++
Execution 76 - TLS Mutual
s_connection: verify depth is 1
[pid 351] 14:59:13.008164 openssl->SSL_connect(0x56d34979d890, 0x56d34976fe50, 0x56d34976fe50, 0x7682e157e360 <unfinished ...>
[pid 351] 14:59:13.008925 libssl.so.3->EVP_PKEY_keygen_init(0x56d349771580, 0, 176, 0x56d349771580) = 1 <0.000399>
[pid 351] 14:59:13.009462 libssl.so.3->EVP_PKEY_keygen(0x56d349771580, 0x7fff0a8058e0, 0, 103 <unfinished ...>
[pid 351] 14:59:13.009714 oqsprovider.so->OQS_KEM_new(0x56d3497959a0, 8, 0, 0x56d3497a2250) = 0x56d3497a2270 <0.000203>
[pid 351] 14:59:13.010015 oqsprovider.so->OQS_KEM_keypair(0x56d3497a2270, 0x56d3497a22f0, 0x56d349797bf0, 0x56d3497a2250) = 0 <0.000471>
[pid 351] 14:59:13.010587 <... EVP_PKEY_keygen resumed> ) = 1 <0.001120>
[pid 351] 14:59:13.013032 libssl.so.3->EVP_PKEY_decapsulate_init(0x56d349771580, 0, 176, 0x56d349771580) = 1 <0.000564>
[pid 351] 14:59:13.013643 libssl.so.3->EVP_PKEY_decapsulate(0x56d349771580, 0, 0x7fff0a8058a0, 0x56d3497a444a) = 1 <0.000131>
[pid 351] 14:59:13.013827 libssl.so.3->EVP_PKEY_decapsulate(0x56d349771580, 0x56d349799ac0, 0x7fff0a8058a0, 0x56d3497a444a <unfinished ...>
[pid 351] 14:59:13.013963 oqsprovider.so->OQS_KEM_decaps(0x56d3497a2270, 0x56d349799ac0, 0x56d3497a444a, 0x56d349797bf0) = 0 <0.000210>
[pid 351] 14:59:13.014247 <... EVP_PKEY_decapsulate resumed> ) = 1 <0.000411>
[pid 351] 14:59:13.015283 libssl.so.3->X509_verify_cert(0x56d349795b60, 0, 0x8000, 0xffffffff) = 1 <0.000525>
[pid 351] 14:59:13.016036 libssl.so.3->EVP_DigestVerifyInit_ex(0x56d3496c1810, 0x7fff0a805948, 0, 0) = 1 <0.000128>
[pid 351] 14:59:13.016241 libssl.so.3->EVP_DigestVerify(0x56d3496c1810, 0x56d3497a43f8, 4627, 0x7fff0a805950) = 1 <0.000326>
[pid 351] 14:59:13.016832 libssl.so.3->X509_verify_cert(0x56d349795b60, 1, 1, 0) = 1 <0.000368>
[pid 351] 14:59:13.017720 libssl.so.3->EVP_DigestSignInit_ex(0x56d3497c2170, 0x7fff0a805930, 0, 0) = 1 <0.000139>
[pid 351] 14:59:13.017937 libssl.so.3->EVP_DigestSign(0x56d3497c2170, 0, 0x7fff0a805940, 0x7fff0a805950) = 1 <0.000114>
[pid 351] 14:59:13.018138 libssl.so.3->EVP_DigestSign(0x56d3497c2170, 0x56d3497aa960, 0x7fff0a805940, 0x7fff0a805950) = 1 <0.000489>
[pid 351] 14:59:13.019009 <... SSL_connect resumed> ) = 1 <0.010857>
[pid 351] 14:59:13.019280 oqsprovider.so->OQS_KEM_free(0x56d3497a2270, 0x56d3497a2220, 2, 0x56d3497a2240) = 4 <0.000193>
Handshake duration: 11.08 ms
[pid 351] 14:59:13.022300 +++ exited (status 0) +++
Execution 77 - TLS Mutual
s_connection: verify depth is 1
[pid 353] 14:59:13.091500 openssl->SSL_connect(0x63c668dff890, 0x63c668dd1e50, 0x63c668dd1e50, 0x7d3f173f4360 <unfinished ...>
[pid 353] 14:59:13.092077 libssl.so.3->EVP_PKEY_keygen_init(0x63c668dd3580, 0, 176, 0x63c668dd3580) = 1 <0.000212>
[pid 353] 14:59:13.092338 libssl.so.3->EVP_PKEY_keygen(0x63c668dd3580, 0x7ffe27439c80, 0, 103 <unfinished ...>
[pid 353] 14:59:13.092482 oqsprovider.so->OQS_KEM_new(0x63c668df79a0, 8, 0, 0x63c668e04250) = 0x63c668e04270 <0.000122>
[pid 353] 14:59:13.092653 oqsprovider.so->OQS_KEM_keypair(0x63c668e04270, 0x63c668e042f0, 0x63c668df9bf0, 0x63c668e04250) = 0 <0.000351>
[pid 353] 14:59:13.093063 <... EVP_PKEY_keygen resumed> ) = 1 <0.000720>
[pid 353] 14:59:13.094633 libssl.so.3->EVP_PKEY_decapsulate_init(0x63c668dd3580, 0, 176, 0x63c668dd3580) = 1 <0.000310>
[pid 353] 14:59:13.094994 libssl.so.3->EVP_PKEY_decapsulate(0x63c668dd3580, 0, 0x7ffe27439c40, 0x63c668e0644a) = 1 <0.000140>
[pid 353] 14:59:13.095181 libssl.so.3->EVP_PKEY_decapsulate(0x63c668dd3580, 0x63c668dfbac0, 0x7ffe27439c40, 0x63c668e0644a <unfinished ...>
[pid 353] 14:59:13.095379 oqsprovider.so->OQS_KEM_decaps(0x63c668e04270, 0x63c668dfbac0, 0x63c668e0644a, 0x63c668df9bf0) = 0 <0.000190>
[pid 353] 14:59:13.095644 <... EVP_PKEY_decapsulate resumed> ) = 1 <0.000457>
[pid 353] 14:59:13.096497 libssl.so.3->X509_verify_cert(0x63c668df7b60, 0, 0x8000, 0xffffffff) = 1 <0.000515>
[pid 353] 14:59:13.097269 libssl.so.3->EVP_DigestVerifyInit_ex(0x63c668d23810, 0x7ffe27439ce8, 0, 0) = 1 <0.000179>
[pid 353] 14:59:13.097498 libssl.so.3->EVP_DigestVerify(0x63c668d23810, 0x63c668e063f8, 4627, 0x7ffe27439cf0) = 1 <0.000250>
[pid 353] 14:59:13.098023 libssl.so.3->X509_verify_cert(0x63c668df7b60, 1, 1, 0) = 1 <0.000348>
[pid 353] 14:59:13.098785 libssl.so.3->EVP_DigestSignInit_ex(0x63c668e24170, 0x7ffe27439cd0, 0, 0) = 1 <0.000140>
[pid 353] 14:59:13.098978 libssl.so.3->EVP_DigestSign(0x63c668e24170, 0, 0x7ffe27439ce0, 0x7ffe27439cf0) = 1 <0.000113>
[pid 353] 14:59:13.099135 libssl.so.3->EVP_DigestSign(0x63c668e24170, 0x63c668e0c960, 0x7ffe27439ce0, 0x7ffe27439cf0) = 1 <0.000674>
[pid 353] 14:59:13.100176 <... SSL_connect resumed> ) = 1 <0.008693>
[pid 353] 14:59:13.100403 oqsprovider.so->OQS_KEM_free(0x63c668e04270, 0x63c668e04220, 2, 0x63c668e04240) = 4 <0.000122>
Handshake duration: 8.92 ms
[pid 353] 14:59:13.102741 +++ exited (status 0) +++
Execution 78 - TLS Mutual
s_connection: verify depth is 1
[pid 355] 14:59:13.165267 openssl->SSL_connect(0x56090d1d8890, 0x56090d1aae50, 0x56090d1aae50, 0x70d6fd0a7360 <unfinished ...>
[pid 355] 14:59:13.165770 libssl.so.3->EVP_PKEY_keygen_init(0x56090d1ac580, 0, 176, 0x56090d1ac580) = 1 <0.000236>
[pid 355] 14:59:13.166086 libssl.so.3->EVP_PKEY_keygen(0x56090d1ac580, 0x7ffddb462570, 0, 103 <unfinished ...>
[pid 355] 14:59:13.166246 oqsprovider.so->OQS_KEM_new(0x56090d1d09a0, 8, 0, 0x56090d1dd250) = 0x56090d1dd270 <0.000203>
[pid 355] 14:59:13.166524 oqsprovider.so->OQS_KEM_keypair(0x56090d1dd270, 0x56090d1dd2f0, 0x56090d1d2bf0, 0x56090d1dd250) = 0 <0.000415>
[pid 355] 14:59:13.167023 <... EVP_PKEY_keygen resumed> ) = 1 <0.000926>
[pid 355] 14:59:13.168522 libssl.so.3->EVP_PKEY_decapsulate_init(0x56090d1ac580, 0, 176, 0x56090d1ac580) = 1 <0.000297>
[pid 355] 14:59:13.168878 libssl.so.3->EVP_PKEY_decapsulate(0x56090d1ac580, 0, 0x7ffddb462530, 0x56090d1df44a) = 1 <0.000138>
[pid 355] 14:59:13.169059 libssl.so.3->EVP_PKEY_decapsulate(0x56090d1ac580, 0x56090d1d4ac0, 0x7ffddb462530, 0x56090d1df44a <unfinished ...>
[pid 355] 14:59:13.169189 oqsprovider.so->OQS_KEM_decaps(0x56090d1dd270, 0x56090d1d4ac0, 0x56090d1df44a, 0x56090d1d2bf0) = 0 <0.000202>
[pid 355] 14:59:13.169440 <... EVP_PKEY_decapsulate resumed> ) = 1 <0.000376>
[pid 355] 14:59:13.170266 libssl.so.3->X509_verify_cert(0x56090d1d0b60, 0, 0x8000, 0xffffffff) = 1 <0.000496>
[pid 355] 14:59:13.170988 libssl.so.3->EVP_DigestVerifyInit_ex(0x56090d0fc810, 0x7ffddb4625d8, 0, 0) = 1 <0.000146>
[pid 355] 14:59:13.171191 libssl.so.3->EVP_DigestVerify(0x56090d0fc810, 0x56090d1df3f8, 4627, 0x7ffddb4625e0) = 1 <0.000288>
[pid 355] 14:59:13.171703 libssl.so.3->X509_verify_cert(0x56090d1d0b60, 1, 1, 0) = 1 <0.000288>
[pid 355] 14:59:13.172438 libssl.so.3->EVP_DigestSignInit_ex(0x56090d1fd170, 0x7ffddb4625c0, 0, 0) = 1 <0.000175>
[pid 355] 14:59:13.172681 libssl.so.3->EVP_DigestSign(0x56090d1fd170, 0, 0x7ffddb4625d0, 0x7ffddb4625e0) = 1 <0.000149>
[pid 355] 14:59:13.172880 libssl.so.3->EVP_DigestSign(0x56090d1fd170, 0x56090d1e5960, 0x7ffddb4625d0, 0x7ffddb4625e0) = 1 <0.000577>
[pid 355] 14:59:13.173834 <... SSL_connect resumed> ) = 1 <0.008577>
[pid 355] 14:59:13.174078 oqsprovider.so->OQS_KEM_free(0x56090d1dd270, 0x56090d1dd220, 2, 0x56090d1dd240) = 4 <0.000151>
Handshake duration: 8.79 ms
[pid 355] 14:59:13.176438 +++ exited (status 0) +++
Execution 79 - TLS Mutual
s_connection: verify depth is 1
[pid 357] 14:59:13.233720 openssl->SSL_connect(0x5fb8f3a01890, 0x5fb8f39d3e50, 0x5fb8f39d3e50, 0x7cc6a3b9c360 <unfinished ...>
[pid 357] 14:59:13.234218 libssl.so.3->EVP_PKEY_keygen_init(0x5fb8f39d5580, 0, 176, 0x5fb8f39d5580) = 1 <0.000190>
[pid 357] 14:59:13.234478 libssl.so.3->EVP_PKEY_keygen(0x5fb8f39d5580, 0x7ffd8326f6b0, 0, 103 <unfinished ...>
[pid 357] 14:59:13.234646 oqsprovider.so->OQS_KEM_new(0x5fb8f39f99a0, 8, 0, 0x5fb8f3a06250) = 0x5fb8f3a06270 <0.000191>
[pid 357] 14:59:13.234884 oqsprovider.so->OQS_KEM_keypair(0x5fb8f3a06270, 0x5fb8f3a062f0, 0x5fb8f39fbbf0, 0x5fb8f3a06250) = 0 <0.000340>
[pid 357] 14:59:13.235284 <... EVP_PKEY_keygen resumed> ) = 1 <0.000795>
[pid 357] 14:59:13.236837 libssl.so.3->EVP_PKEY_decapsulate_init(0x5fb8f39d5580, 0, 176, 0x5fb8f39d5580) = 1 <0.000351>
[pid 357] 14:59:13.237265 libssl.so.3->EVP_PKEY_decapsulate(0x5fb8f39d5580, 0, 0x7ffd8326f670, 0x5fb8f3a0844a) = 1 <0.000186>
[pid 357] 14:59:13.237514 libssl.so.3->EVP_PKEY_decapsulate(0x5fb8f39d5580, 0x5fb8f39fdac0, 0x7ffd8326f670, 0x5fb8f3a0844a <unfinished ...>
[pid 357] 14:59:13.237643 oqsprovider.so->OQS_KEM_decaps(0x5fb8f3a06270, 0x5fb8f39fdac0, 0x5fb8f3a0844a, 0x5fb8f39fbbf0) = 0 <0.000176>
[pid 357] 14:59:13.237864 <... EVP_PKEY_decapsulate resumed> ) = 1 <0.000345>
[pid 357] 14:59:13.238658 libssl.so.3->X509_verify_cert(0x5fb8f39f9b60, 0, 0x8000, 0xffffffff) = 1 <0.000428>
[pid 357] 14:59:13.239311 libssl.so.3->EVP_DigestVerifyInit_ex(0x5fb8f3925810, 0x7ffd8326f718, 0, 0) = 1 <0.000168>
[pid 357] 14:59:13.239540 libssl.so.3->EVP_DigestVerify(0x5fb8f3925810, 0x5fb8f3a083f8, 4627, 0x7ffd8326f720) = 1 <0.000258>
[pid 357] 14:59:13.240005 libssl.so.3->X509_verify_cert(0x5fb8f39f9b60, 1, 1, 0) = 1 <0.000259>
[pid 357] 14:59:13.240673 libssl.so.3->EVP_DigestSignInit_ex(0x5fb8f3a26170, 0x7ffd8326f700, 0, 0) = 1 <0.000221>
[pid 357] 14:59:13.240939 libssl.so.3->EVP_DigestSign(0x5fb8f3a26170, 0, 0x7ffd8326f710, 0x7ffd8326f720) = 1 <0.000130>
[pid 357] 14:59:13.241118 libssl.so.3->EVP_DigestSign(0x5fb8f3a26170, 0x5fb8f3a0e960, 0x7ffd8326f710, 0x7ffd8326f720) = 1 <0.000443>
[pid 357] 14:59:13.241938 <... SSL_connect resumed> ) = 1 <0.008228>
[pid 357] 14:59:13.242205 oqsprovider.so->OQS_KEM_free(0x5fb8f3a06270, 0x5fb8f3a06220, 2, 0x5fb8f3a06240) = 4 <0.000141>
Handshake duration: 8.43 ms
[pid 357] 14:59:13.244551 +++ exited (status 0) +++
Execution 80 - TLS Mutual
s_connection: verify depth is 1
[pid 359] 14:59:13.301199 openssl->SSL_connect(0x638f6dfc9890, 0x638f6df9be50, 0x638f6df9be50, 0x7a6d9550d360 <unfinished ...>
[pid 359] 14:59:13.301657 libssl.so.3->EVP_PKEY_keygen_init(0x638f6df9d580, 0, 176, 0x638f6df9d580) = 1 <0.000185>
[pid 359] 14:59:13.301883 libssl.so.3->EVP_PKEY_keygen(0x638f6df9d580, 0x7ffeca3a7ac0, 0, 103 <unfinished ...>
[pid 359] 14:59:13.302008 oqsprovider.so->OQS_KEM_new(0x638f6dfc19a0, 8, 0, 0x638f6dfce250) = 0x638f6dfce270 <0.000119>
[pid 359] 14:59:13.302177 oqsprovider.so->OQS_KEM_keypair(0x638f6dfce270, 0x638f6dfce2f0, 0x638f6dfc3bf0, 0x638f6dfce250) = 0 <0.000363>
[pid 359] 14:59:13.302598 <... EVP_PKEY_keygen resumed> ) = 1 <0.000706>
[pid 359] 14:59:13.304134 libssl.so.3->EVP_PKEY_decapsulate_init(0x638f6df9d580, 0, 176, 0x638f6df9d580) = 1 <0.000291>
[pid 359] 14:59:13.304473 libssl.so.3->EVP_PKEY_decapsulate(0x638f6df9d580, 0, 0x7ffeca3a7a80, 0x638f6dfd044a) = 1 <0.000136>
[pid 359] 14:59:13.304651 libssl.so.3->EVP_PKEY_decapsulate(0x638f6df9d580, 0x638f6dfc5ac0, 0x7ffeca3a7a80, 0x638f6dfd044a <unfinished ...>
[pid 359] 14:59:13.304787 oqsprovider.so->OQS_KEM_decaps(0x638f6dfce270, 0x638f6dfc5ac0, 0x638f6dfd044a, 0x638f6dfc3bf0) = 0 <0.000161>
[pid 359] 14:59:13.304996 <... EVP_PKEY_decapsulate resumed> ) = 1 <0.000341>
[pid 359] 14:59:13.305777 libssl.so.3->X509_verify_cert(0x638f6dfc1b60, 0, 0x8000, 0xffffffff) = 1 <0.000430>
[pid 359] 14:59:13.306419 libssl.so.3->EVP_DigestVerifyInit_ex(0x638f6deed810, 0x7ffeca3a7b28, 0, 0) = 1 <0.000135>
[pid 359] 14:59:13.306603 libssl.so.3->EVP_DigestVerify(0x638f6deed810, 0x638f6dfd03f8, 4627, 0x7ffeca3a7b30) = 1 <0.000222>
[pid 359] 14:59:13.307030 libssl.so.3->X509_verify_cert(0x638f6dfc1b60, 1, 1, 0) = 1 <0.000260>
[pid 359] 14:59:13.307658 libssl.so.3->EVP_DigestSignInit_ex(0x638f6dfee170, 0x7ffeca3a7b10, 0, 0) = 1 <0.000142>
[pid 359] 14:59:13.307837 libssl.so.3->EVP_DigestSign(0x638f6dfee170, 0, 0x7ffeca3a7b20, 0x7ffeca3a7b30) = 1 <0.000099>
[pid 359] 14:59:13.307980 libssl.so.3->EVP_DigestSign(0x638f6dfee170, 0x638f6dfd6960, 0x7ffeca3a7b20, 0x7ffeca3a7b30) = 1 <0.000340>
[pid 359] 14:59:13.308634 <... SSL_connect resumed> ) = 1 <0.007446>
[pid 359] 14:59:13.308823 oqsprovider.so->OQS_KEM_free(0x638f6dfce270, 0x638f6dfce220, 2, 0x638f6dfce240) = 4 <0.000114>
Handshake duration: 7.61 ms
[pid 359] 14:59:13.310931 +++ exited (status 0) +++
Execution 81 - TLS Mutual
s_connection: verify depth is 1
[pid 361] 14:59:13.368373 openssl->SSL_connect(0x5ea716436890, 0x5ea716408e50, 0x5ea716408e50, 0x79219953a360 <unfinished ...>
[pid 361] 14:59:13.368800 libssl.so.3->EVP_PKEY_keygen_init(0x5ea71640a580, 0, 176, 0x5ea71640a580) = 1 <0.000145>
[pid 361] 14:59:13.369001 libssl.so.3->EVP_PKEY_keygen(0x5ea71640a580, 0x7ffe0a672160, 0, 103 <unfinished ...>
[pid 361] 14:59:13.369140 oqsprovider.so->OQS_KEM_new(0x5ea71642e9a0, 8, 0, 0x5ea71643b250) = 0x5ea71643b270 <0.000114>
[pid 361] 14:59:13.369306 oqsprovider.so->OQS_KEM_keypair(0x5ea71643b270, 0x5ea71643b2f0, 0x5ea716430bf0, 0x5ea71643b250) = 0 <0.000390>
[pid 361] 14:59:13.369750 <... EVP_PKEY_keygen resumed> ) = 1 <0.000744>
[pid 361] 14:59:13.371222 libssl.so.3->EVP_PKEY_decapsulate_init(0x5ea71640a580, 0, 176, 0x5ea71640a580) = 1 <0.000263>
[pid 361] 14:59:13.371528 libssl.so.3->EVP_PKEY_decapsulate(0x5ea71640a580, 0, 0x7ffe0a672120, 0x5ea71643d44a) = 1 <0.000121>
[pid 361] 14:59:13.371684 libssl.so.3->EVP_PKEY_decapsulate(0x5ea71640a580, 0x5ea716432ac0, 0x7ffe0a672120, 0x5ea71643d44a <unfinished ...>
[pid 361] 14:59:13.371801 oqsprovider.so->OQS_KEM_decaps(0x5ea71643b270, 0x5ea716432ac0, 0x5ea71643d44a, 0x5ea716430bf0) = 0 <0.000159>
[pid 361] 14:59:13.372006 <... EVP_PKEY_decapsulate resumed> ) = 1 <0.000313>
[pid 361] 14:59:13.372805 libssl.so.3->X509_verify_cert(0x5ea71642eb60, 0, 0x8000, 0xffffffff) = 1 <0.000387>
[pid 361] 14:59:13.373423 libssl.so.3->EVP_DigestVerifyInit_ex(0x5ea71635a810, 0x7ffe0a6721c8, 0, 0) = 1 <0.000138>
[pid 361] 14:59:13.373605 libssl.so.3->EVP_DigestVerify(0x5ea71635a810, 0x5ea71643d3f8, 4627, 0x7ffe0a6721d0) = 1 <0.000239>
[pid 361] 14:59:13.374066 libssl.so.3->X509_verify_cert(0x5ea71642eb60, 1, 1, 0) = 1 <0.000289>
[pid 361] 14:59:13.374742 libssl.so.3->EVP_DigestSignInit_ex(0x5ea71645b170, 0x7ffe0a6721b0, 0, 0) = 1 <0.000152>
[pid 361] 14:59:13.374947 libssl.so.3->EVP_DigestSign(0x5ea71645b170, 0, 0x7ffe0a6721c0, 0x7ffe0a6721d0) = 1 <0.000148>
[pid 361] 14:59:13.375136 libssl.so.3->EVP_DigestSign(0x5ea71645b170, 0x5ea716443960, 0x7ffe0a6721c0, 0x7ffe0a6721d0) = 1 <0.000360>
[pid 361] 14:59:13.375839 <... SSL_connect resumed> ) = 1 <0.007482>
[pid 361] 14:59:13.376031 oqsprovider.so->OQS_KEM_free(0x5ea71643b270, 0x5ea71643b220, 2, 0x5ea71643b240) = 4 <0.000108>
Handshake duration: 7.67 ms
[pid 361] 14:59:13.378255 +++ exited (status 0) +++
Execution 82 - TLS Mutual
s_connection: verify depth is 1
[pid 363] 14:59:13.437141 openssl->SSL_connect(0x56aacb27c890, 0x56aacb24ee50, 0x56aacb24ee50, 0x7d643f177360 <unfinished ...>
[pid 363] 14:59:13.437631 libssl.so.3->EVP_PKEY_keygen_init(0x56aacb250580, 0, 176, 0x56aacb250580) = 1 <0.000156>
[pid 363] 14:59:13.437832 libssl.so.3->EVP_PKEY_keygen(0x56aacb250580, 0x7ffea151fd40, 0, 103 <unfinished ...>
[pid 363] 14:59:13.437988 oqsprovider.so->OQS_KEM_new(0x56aacb2749a0, 8, 0, 0x56aacb281250) = 0x56aacb281270 <0.000121>
[pid 363] 14:59:13.438157 oqsprovider.so->OQS_KEM_keypair(0x56aacb281270, 0x56aacb2812f0, 0x56aacb276bf0, 0x56aacb281250) = 0 <0.000384>
[pid 363] 14:59:13.438593 <... EVP_PKEY_keygen resumed> ) = 1 <0.000755>
[pid 363] 14:59:13.440192 libssl.so.3->EVP_PKEY_decapsulate_init(0x56aacb250580, 0, 176, 0x56aacb250580) = 1 <0.000329>
[pid 363] 14:59:13.440569 libssl.so.3->EVP_PKEY_decapsulate(0x56aacb250580, 0, 0x7ffea151fd00, 0x56aacb28344a) = 1 <0.000122>
[pid 363] 14:59:13.440735 libssl.so.3->EVP_PKEY_decapsulate(0x56aacb250580, 0x56aacb278ac0, 0x7ffea151fd00, 0x56aacb28344a <unfinished ...>
[pid 363] 14:59:13.440851 oqsprovider.so->OQS_KEM_decaps(0x56aacb281270, 0x56aacb278ac0, 0x56aacb28344a, 0x56aacb276bf0) = 0 <0.000163>
[pid 363] 14:59:13.441097 <... EVP_PKEY_decapsulate resumed> ) = 1 <0.000354>
[pid 363] 14:59:13.441958 libssl.so.3->X509_verify_cert(0x56aacb274b60, 0, 0x8000, 0xffffffff) = 1 <0.000450>
[pid 363] 14:59:13.442641 libssl.so.3->EVP_DigestVerifyInit_ex(0x56aacb1a0810, 0x7ffea151fda8, 0, 0) = 1 <0.000159>
[pid 363] 14:59:13.442846 libssl.so.3->EVP_DigestVerify(0x56aacb1a0810, 0x56aacb2833f8, 4627, 0x7ffea151fdb0) = 1 <0.000243>
[pid 363] 14:59:13.443323 libssl.so.3->X509_verify_cert(0x56aacb274b60, 1, 1, 0) = 1 <0.000298>
[pid 363] 14:59:13.443979 libssl.so.3->EVP_DigestSignInit_ex(0x56aacb2a1170, 0x7ffea151fd90, 0, 0) = 1 <0.000154>
[pid 363] 14:59:13.444181 libssl.so.3->EVP_DigestSign(0x56aacb2a1170, 0, 0x7ffea151fda0, 0x7ffea151fdb0) = 1 <0.000143>
[pid 363] 14:59:13.444382 libssl.so.3->EVP_DigestSign(0x56aacb2a1170, 0x56aacb289960, 0x7ffea151fda0, 0x7ffea151fdb0) = 1 <0.000454>
[pid 363] 14:59:13.445416 <... SSL_connect resumed> ) = 1 <0.008252>
[pid 363] 14:59:13.445631 oqsprovider.so->OQS_KEM_free(0x56aacb281270, 0x56aacb281220, 2, 0x56aacb281240) = 4 <0.000135>
Handshake duration: 8.47 ms
[pid 363] 14:59:13.447956 +++ exited (status 0) +++
Execution 83 - TLS Mutual
s_connection: verify depth is 1
[pid 365] 14:59:13.506859 openssl->SSL_connect(0x59833304f890, 0x598333021e50, 0x598333021e50, 0x756c9c139360 <unfinished ...>
[pid 365] 14:59:13.507389 libssl.so.3->EVP_PKEY_keygen_init(0x598333023580, 0, 176, 0x598333023580) = 1 <0.000192>
[pid 365] 14:59:13.507628 libssl.so.3->EVP_PKEY_keygen(0x598333023580, 0x7ffd8cae4d20, 0, 103 <unfinished ...>
[pid 365] 14:59:13.507744 oqsprovider.so->OQS_KEM_new(0x5983330479a0, 8, 0, 0x598333054250) = 0x598333054270 <0.000121>
[pid 365] 14:59:13.507911 oqsprovider.so->OQS_KEM_keypair(0x598333054270, 0x5983330542f0, 0x598333049bf0, 0x598333054250) = 0 <0.000338>
[pid 365] 14:59:13.508306 <... EVP_PKEY_keygen resumed> ) = 1 <0.000673>
[pid 365] 14:59:13.509799 libssl.so.3->EVP_PKEY_decapsulate_init(0x598333023580, 0, 176, 0x598333023580) = 1 <0.000265>
[pid 365] 14:59:13.510110 libssl.so.3->EVP_PKEY_decapsulate(0x598333023580, 0, 0x7ffd8cae4ce0, 0x59833305644a) = 1 <0.000124>
[pid 365] 14:59:13.510278 libssl.so.3->EVP_PKEY_decapsulate(0x598333023580, 0x59833304bac0, 0x7ffd8cae4ce0, 0x59833305644a <unfinished ...>
[pid 365] 14:59:13.510418 oqsprovider.so->OQS_KEM_decaps(0x598333054270, 0x59833304bac0, 0x59833305644a, 0x598333049bf0) = 0 <0.000154>
[pid 365] 14:59:13.510614 <... EVP_PKEY_decapsulate resumed> ) = 1 <0.000332>
[pid 365] 14:59:13.511370 libssl.so.3->X509_verify_cert(0x598333047b60, 0, 0x8000, 0xffffffff) = 1 <0.000494>
[pid 365] 14:59:13.512074 libssl.so.3->EVP_DigestVerifyInit_ex(0x598332f73810, 0x7ffd8cae4d88, 0, 0) = 1 <0.000129>
[pid 365] 14:59:13.512251 libssl.so.3->EVP_DigestVerify(0x598332f73810, 0x5983330563f8, 4627, 0x7ffd8cae4d90) = 1 <0.000232>
[pid 365] 14:59:13.512762 libssl.so.3->X509_verify_cert(0x598333047b60, 1, 1, 0) = 1 <0.000263>
[pid 365] 14:59:13.513515 libssl.so.3->EVP_DigestSignInit_ex(0x598333074170, 0x7ffd8cae4d70, 0, 0) = 1 <0.000209>
[pid 365] 14:59:13.513787 libssl.so.3->EVP_DigestSign(0x598333074170, 0, 0x7ffd8cae4d80, 0x7ffd8cae4d90) = 1 <0.000114>
[pid 365] 14:59:13.513959 libssl.so.3->EVP_DigestSign(0x598333074170, 0x59833305c960, 0x7ffd8cae4d80, 0x7ffd8cae4d90) = 1 <0.000606>
[pid 365] 14:59:13.514923 <... SSL_connect resumed> ) = 1 <0.008084>
[pid 365] 14:59:13.515182 oqsprovider.so->OQS_KEM_free(0x598333054270, 0x598333054220, 2, 0x598333054240) = 4 <0.000136>
Handshake duration: 8.29 ms
[pid 365] 14:59:13.517293 +++ exited (status 0) +++
Execution 84 - TLS Mutual
s_connection: verify depth is 1
[pid 367] 14:59:13.573346 openssl->SSL_connect(0x61cde7a42890, 0x61cde7a14e50, 0x61cde7a14e50, 0x75fa0b695360 <unfinished ...>
[pid 367] 14:59:13.573788 libssl.so.3->EVP_PKEY_keygen_init(0x61cde7a16580, 0, 176, 0x61cde7a16580) = 1 <0.000170>
[pid 367] 14:59:13.574008 libssl.so.3->EVP_PKEY_keygen(0x61cde7a16580, 0x7ffcb30237d0, 0, 103 <unfinished ...>
[pid 367] 14:59:13.574126 oqsprovider.so->OQS_KEM_new(0x61cde7a3a9a0, 8, 0, 0x61cde7a47250) = 0x61cde7a47270 <0.000141>
[pid 367] 14:59:13.574319 oqsprovider.so->OQS_KEM_keypair(0x61cde7a47270, 0x61cde7a472f0, 0x61cde7a3cbf0, 0x61cde7a47250) = 0 <0.000358>
[pid 367] 14:59:13.574750 <... EVP_PKEY_keygen resumed> ) = 1 <0.000734>
[pid 367] 14:59:13.576427 libssl.so.3->EVP_PKEY_decapsulate_init(0x61cde7a16580, 0, 176, 0x61cde7a16580) = 1 <0.000289>
[pid 367] 14:59:13.576754 libssl.so.3->EVP_PKEY_decapsulate(0x61cde7a16580, 0, 0x7ffcb3023790, 0x61cde7a4944a) = 1 <0.000109>
[pid 367] 14:59:13.576911 libssl.so.3->EVP_PKEY_decapsulate(0x61cde7a16580, 0x61cde7a3eac0, 0x7ffcb3023790, 0x61cde7a4944a <unfinished ...>
[pid 367] 14:59:13.577030 oqsprovider.so->OQS_KEM_decaps(0x61cde7a47270, 0x61cde7a3eac0, 0x61cde7a4944a, 0x61cde7a3cbf0) = 0 <0.000164>
[pid 367] 14:59:13.577242 <... EVP_PKEY_decapsulate resumed> ) = 1 <0.000327>
[pid 367] 14:59:13.577978 libssl.so.3->X509_verify_cert(0x61cde7a3ab60, 0, 0x8000, 0xffffffff) = 1 <0.000438>
[pid 367] 14:59:13.578620 libssl.so.3->EVP_DigestVerifyInit_ex(0x61cde7966810, 0x7ffcb3023838, 0, 0) = 1 <0.000127>
[pid 367] 14:59:13.578791 libssl.so.3->EVP_DigestVerify(0x61cde7966810, 0x61cde7a493f8, 4627, 0x7ffcb3023840) = 1 <0.000214>
[pid 367] 14:59:13.579204 libssl.so.3->X509_verify_cert(0x61cde7a3ab60, 1, 1, 0) = 1 <0.000282>
[pid 367] 14:59:13.579833 libssl.so.3->EVP_DigestSignInit_ex(0x61cde7a67170, 0x7ffcb3023820, 0, 0) = 1 <0.000119>
[pid 367] 14:59:13.579996 libssl.so.3->EVP_DigestSign(0x61cde7a67170, 0, 0x7ffcb3023830, 0x7ffcb3023840) = 1 <0.000123>
[pid 367] 14:59:13.580158 libssl.so.3->EVP_DigestSign(0x61cde7a67170, 0x61cde7a4f960, 0x7ffcb3023830, 0x7ffcb3023840) = 1 <0.000412>
[pid 367] 14:59:13.580869 <... SSL_connect resumed> ) = 1 <0.007537>
[pid 367] 14:59:13.581061 oqsprovider.so->OQS_KEM_free(0x61cde7a47270, 0x61cde7a47220, 2, 0x61cde7a47240) = 4 <0.000122>
Handshake duration: 7.71 ms
[pid 367] 14:59:13.583071 +++ exited (status 0) +++
Execution 85 - TLS Mutual
s_connection: verify depth is 1
[pid 369] 14:59:13.641591 openssl->SSL_connect(0x5966be373890, 0x5966be345e50, 0x5966be345e50, 0x79dcdc9d4360 <unfinished ...>
[pid 369] 14:59:13.642100 libssl.so.3->EVP_PKEY_keygen_init(0x5966be347580, 0, 176, 0x5966be347580) = 1 <0.000203>
[pid 369] 14:59:13.642368 libssl.so.3->EVP_PKEY_keygen(0x5966be347580, 0x7ffe90ded710, 0, 103 <unfinished ...>
[pid 369] 14:59:13.642500 oqsprovider.so->OQS_KEM_new(0x5966be36b9a0, 8, 0, 0x5966be378250) = 0x5966be378270 <0.000130>
[pid 369] 14:59:13.642682 oqsprovider.so->OQS_KEM_keypair(0x5966be378270, 0x5966be3782f0, 0x5966be36dbf0, 0x5966be378250) = 0 <0.000353>
[pid 369] 14:59:13.643098 <... EVP_PKEY_keygen resumed> ) = 1 <0.000723>
[pid 369] 14:59:13.644660 libssl.so.3->EVP_PKEY_decapsulate_init(0x5966be347580, 0, 176, 0x5966be347580) = 1 <0.000322>
[pid 369] 14:59:13.645051 libssl.so.3->EVP_PKEY_decapsulate(0x5966be347580, 0, 0x7ffe90ded6d0, 0x5966be37a44a) = 1 <0.000156>
[pid 369] 14:59:13.645258 libssl.so.3->EVP_PKEY_decapsulate(0x5966be347580, 0x5966be36fac0, 0x7ffe90ded6d0, 0x5966be37a44a <unfinished ...>
[pid 369] 14:59:13.645419 oqsprovider.so->OQS_KEM_decaps(0x5966be378270, 0x5966be36fac0, 0x5966be37a44a, 0x5966be36dbf0) = 0 <0.000219>
[pid 369] 14:59:13.645685 <... EVP_PKEY_decapsulate resumed> ) = 1 <0.000425>
[pid 369] 14:59:13.646554 libssl.so.3->X509_verify_cert(0x5966be36bb60, 0, 0x8000, 0xffffffff) = 1 <0.000444>
[pid 369] 14:59:13.647205 libssl.so.3->EVP_DigestVerifyInit_ex(0x5966be297810, 0x7ffe90ded778, 0, 0) = 1 <0.000186>
[pid 369] 14:59:13.647447 libssl.so.3->EVP_DigestVerify(0x5966be297810, 0x5966be37a3f8, 4627, 0x7ffe90ded780) = 1 <0.000276>
[pid 369] 14:59:13.647979 libssl.so.3->X509_verify_cert(0x5966be36bb60, 1, 1, 0) = 1 <0.000297>
[pid 369] 14:59:13.648750 libssl.so.3->EVP_DigestSignInit_ex(0x5966be398170, 0x7ffe90ded760, 0, 0) = 1 <0.000179>
[pid 369] 14:59:13.649024 libssl.so.3->EVP_DigestSign(0x5966be398170, 0, 0x7ffe90ded770, 0x7ffe90ded780) = 1 <0.000143>
[pid 369] 14:59:13.649212 libssl.so.3->EVP_DigestSign(0x5966be398170, 0x5966be380960, 0x7ffe90ded770, 0x7ffe90ded780) = 1 <0.000412>
[pid 369] 14:59:13.650011 <... SSL_connect resumed> ) = 1 <0.008430>
[pid 369] 14:59:13.650247 oqsprovider.so->OQS_KEM_free(0x5966be378270, 0x5966be378220, 2, 0x5966be378240) = 4 <0.000142>
Handshake duration: 8.62 ms
[pid 369] 14:59:13.652339 +++ exited (status 0) +++
Execution 86 - TLS Mutual
s_connection: verify depth is 1
[pid 371] 14:59:13.709713 openssl->SSL_connect(0x5a10321ef890, 0x5a10321c1e50, 0x5a10321c1e50, 0x72aed1544360 <unfinished ...>
[pid 371] 14:59:13.710179 libssl.so.3->EVP_PKEY_keygen_init(0x5a10321c3580, 0, 176, 0x5a10321c3580) = 1 <0.000223>
[pid 371] 14:59:13.710446 libssl.so.3->EVP_PKEY_keygen(0x5a10321c3580, 0x7ffdff5c2000, 0, 103 <unfinished ...>
[pid 371] 14:59:13.710566 oqsprovider.so->OQS_KEM_new(0x5a10321e79a0, 8, 0, 0x5a10321f4250) = 0x5a10321f4270 <0.000123>
[pid 371] 14:59:13.710737 oqsprovider.so->OQS_KEM_keypair(0x5a10321f4270, 0x5a10321f42f0, 0x5a10321e9bf0, 0x5a10321f4250) = 0 <0.000377>
[pid 371] 14:59:13.711165 <... EVP_PKEY_keygen resumed> ) = 1 <0.000710>
[pid 371] 14:59:13.712720 libssl.so.3->EVP_PKEY_decapsulate_init(0x5a10321c3580, 0, 176, 0x5a10321c3580) = 1 <0.000258>
[pid 371] 14:59:13.713029 libssl.so.3->EVP_PKEY_decapsulate(0x5a10321c3580, 0, 0x7ffdff5c1fc0, 0x5a10321f644a) = 1 <0.000127>
[pid 371] 14:59:13.713199 libssl.so.3->EVP_PKEY_decapsulate(0x5a10321c3580, 0x5a10321ebac0, 0x7ffdff5c1fc0, 0x5a10321f644a <unfinished ...>
[pid 371] 14:59:13.713327 oqsprovider.so->OQS_KEM_decaps(0x5a10321f4270, 0x5a10321ebac0, 0x5a10321f644a, 0x5a10321e9bf0) = 0 <0.000228>
[pid 371] 14:59:13.713611 <... EVP_PKEY_decapsulate resumed> ) = 1 <0.000403>
[pid 371] 14:59:13.714369 libssl.so.3->X509_verify_cert(0x5a10321e7b60, 0, 0x8000, 0xffffffff) = 1 <0.000446>
[pid 371] 14:59:13.715043 libssl.so.3->EVP_DigestVerifyInit_ex(0x5a1032113810, 0x7ffdff5c2068, 0, 0) = 1 <0.000129>
[pid 371] 14:59:13.715213 libssl.so.3->EVP_DigestVerify(0x5a1032113810, 0x5a10321f63f8, 4627, 0x7ffdff5c2070) = 1 <0.000236>
[pid 371] 14:59:13.715682 libssl.so.3->X509_verify_cert(0x5a10321e7b60, 1, 1, 0) = 1 <0.000251>
[pid 371] 14:59:13.716293 libssl.so.3->EVP_DigestSignInit_ex(0x5a1032214170, 0x7ffdff5c2050, 0, 0) = 1 <0.000142>
[pid 371] 14:59:13.716479 libssl.so.3->EVP_DigestSign(0x5a1032214170, 0, 0x7ffdff5c2060, 0x7ffdff5c2070) = 1 <0.000104>
[pid 371] 14:59:13.716625 libssl.so.3->EVP_DigestSign(0x5a1032214170, 0x5a10321fc960, 0x7ffdff5c2060, 0x7ffdff5c2070) = 1 <0.000401>
[pid 371] 14:59:13.717314 <... SSL_connect resumed> ) = 1 <0.007613>
[pid 371] 14:59:13.717506 oqsprovider.so->OQS_KEM_free(0x5a10321f4270, 0x5a10321f4220, 2, 0x5a10321f4240) = 4 <0.000132>
Handshake duration: 7.81 ms
[pid 371] 14:59:13.719705 +++ exited (status 0) +++
Execution 87 - TLS Mutual
s_connection: verify depth is 1
[pid 373] 14:59:13.780028 openssl->SSL_connect(0x579ed4424890, 0x579ed43f6e50, 0x579ed43f6e50, 0x747206e98360 <unfinished ...>
[pid 373] 14:59:13.780604 libssl.so.3->EVP_PKEY_keygen_init(0x579ed43f8580, 0, 176, 0x579ed43f8580) = 1 <0.000261>
[pid 373] 14:59:13.780947 libssl.so.3->EVP_PKEY_keygen(0x579ed43f8580, 0x7ffd95029750, 0, 103 <unfinished ...>
[pid 373] 14:59:13.781127 oqsprovider.so->OQS_KEM_new(0x579ed441c9a0, 8, 0, 0x579ed4429250) = 0x579ed4429270 <0.000183>
[pid 373] 14:59:13.781382 oqsprovider.so->OQS_KEM_keypair(0x579ed4429270, 0x579ed44292f0, 0x579ed441ebf0, 0x579ed4429250) = 0 <0.000389>
[pid 373] 14:59:13.781849 <... EVP_PKEY_keygen resumed> ) = 1 <0.000895>
[pid 373] 14:59:13.783520 libssl.so.3->EVP_PKEY_decapsulate_init(0x579ed43f8580, 0, 176, 0x579ed43f8580) = 1 <0.000355>
[pid 373] 14:59:13.783932 libssl.so.3->EVP_PKEY_decapsulate(0x579ed43f8580, 0, 0x7ffd95029710, 0x579ed442b44a) = 1 <0.000145>
[pid 373] 14:59:13.784126 libssl.so.3->EVP_PKEY_decapsulate(0x579ed43f8580, 0x579ed4420ac0, 0x7ffd95029710, 0x579ed442b44a <unfinished ...>
[pid 373] 14:59:13.784276 oqsprovider.so->OQS_KEM_decaps(0x579ed4429270, 0x579ed4420ac0, 0x579ed442b44a, 0x579ed441ebf0) = 0 <0.000315>
[pid 373] 14:59:13.784654 <... EVP_PKEY_decapsulate resumed> ) = 1 <0.000519>
[pid 373] 14:59:13.785471 libssl.so.3->X509_verify_cert(0x579ed441cb60, 0, 0x8000, 0xffffffff) = 1 <0.000515>
[pid 373] 14:59:13.786242 libssl.so.3->EVP_DigestVerifyInit_ex(0x579ed4348810, 0x7ffd950297b8, 0, 0) = 1 <0.000145>
[pid 373] 14:59:13.786431 libssl.so.3->EVP_DigestVerify(0x579ed4348810, 0x579ed442b3f8, 4627, 0x7ffd950297c0) = 1 <0.000235>
[pid 373] 14:59:13.787026 libssl.so.3->X509_verify_cert(0x579ed441cb60, 1, 1, 0) = 1 <0.000319>
[pid 373] 14:59:13.787789 libssl.so.3->EVP_DigestSignInit_ex(0x579ed4449170, 0x7ffd950297a0, 0, 0) = 1 <0.000179>
[pid 373] 14:59:13.788043 libssl.so.3->EVP_DigestSign(0x579ed4449170, 0, 0x7ffd950297b0, 0x7ffd950297c0) = 1 <0.000162>
[pid 373] 14:59:13.788254 libssl.so.3->EVP_DigestSign(0x579ed4449170, 0x579ed4431960, 0x7ffd950297b0, 0x7ffd950297c0) = 1 <0.000418>
[pid 373] 14:59:13.789044 <... SSL_connect resumed> ) = 1 <0.009033>
[pid 373] 14:59:13.789308 oqsprovider.so->OQS_KEM_free(0x579ed4429270, 0x579ed4429220, 2, 0x579ed4429240) = 4 <0.000210>
Handshake duration: 9.23 ms
[pid 373] 14:59:13.791594 +++ exited (status 0) +++
Execution 88 - TLS Mutual
s_connection: verify depth is 1
[pid 375] 14:59:13.852127 openssl->SSL_connect(0x581be9293890, 0x581be9265e50, 0x581be9265e50, 0x784e0ca4d360 <unfinished ...>
[pid 375] 14:59:13.852601 libssl.so.3->EVP_PKEY_keygen_init(0x581be9267580, 0, 176, 0x581be9267580) = 1 <0.000188>
[pid 375] 14:59:13.852838 libssl.so.3->EVP_PKEY_keygen(0x581be9267580, 0x7ffcafc8d8b0, 0, 103 <unfinished ...>
[pid 375] 14:59:13.852973 oqsprovider.so->OQS_KEM_new(0x581be928b9a0, 8, 0, 0x581be9298250) = 0x581be9298270 <0.000139>
[pid 375] 14:59:13.853158 oqsprovider.so->OQS_KEM_keypair(0x581be9298270, 0x581be92982f0, 0x581be928dbf0, 0x581be9298250) = 0 <0.000373>
[pid 375] 14:59:13.853591 <... EVP_PKEY_keygen resumed> ) = 1 <0.000749>
[pid 375] 14:59:13.855169 libssl.so.3->EVP_PKEY_decapsulate_init(0x581be9267580, 0, 176, 0x581be9267580) = 1 <0.000315>
[pid 375] 14:59:13.855535 libssl.so.3->EVP_PKEY_decapsulate(0x581be9267580, 0, 0x7ffcafc8d870, 0x581be929a44a) = 1 <0.000131>
[pid 375] 14:59:13.855738 libssl.so.3->EVP_PKEY_decapsulate(0x581be9267580, 0x581be928fac0, 0x7ffcafc8d870, 0x581be929a44a <unfinished ...>
[pid 375] 14:59:13.855865 oqsprovider.so->OQS_KEM_decaps(0x581be9298270, 0x581be928fac0, 0x581be929a44a, 0x581be928dbf0) = 0 <0.000172>
[pid 375] 14:59:13.856117 <... EVP_PKEY_decapsulate resumed> ) = 1 <0.000375>
[pid 375] 14:59:13.856838 libssl.so.3->X509_verify_cert(0x581be928bb60, 0, 0x8000, 0xffffffff) = 1 <0.000404>
[pid 375] 14:59:13.857475 libssl.so.3->EVP_DigestVerifyInit_ex(0x581be91b7810, 0x7ffcafc8d918, 0, 0) = 1 <0.000140>
[pid 375] 14:59:13.857653 libssl.so.3->EVP_DigestVerify(0x581be91b7810, 0x581be929a3f8, 4627, 0x7ffcafc8d920) = 1 <0.000231>
[pid 375] 14:59:13.858126 libssl.so.3->X509_verify_cert(0x581be928bb60, 1, 1, 0) = 1 <0.000285>
[pid 375] 14:59:13.858868 libssl.so.3->EVP_DigestSignInit_ex(0x581be92b8170, 0x7ffcafc8d900, 0, 0) = 1 <0.000169>
[pid 375] 14:59:13.859106 libssl.so.3->EVP_DigestSign(0x581be92b8170, 0, 0x7ffcafc8d910, 0x7ffcafc8d920) = 1 <0.000152>
[pid 375] 14:59:13.859310 libssl.so.3->EVP_DigestSign(0x581be92b8170, 0x581be92a0960, 0x7ffcafc8d910, 0x7ffcafc8d920) = 1 <0.000489>
[pid 375] 14:59:13.860275 <... SSL_connect resumed> ) = 1 <0.008142>
[pid 375] 14:59:13.860544 oqsprovider.so->OQS_KEM_free(0x581be9298270, 0x581be9298220, 2, 0x581be9298240) = 4 <0.000139>
Handshake duration: 8.40 ms
[pid 375] 14:59:13.863322 +++ exited (status 0) +++
Execution 89 - TLS Mutual
s_connection: verify depth is 1
[pid 377] 14:59:13.921173 openssl->SSL_connect(0x55c85ddf9890, 0x55c85ddcbe50, 0x55c85ddcbe50, 0x7fdbeda58360 <unfinished ...>
[pid 377] 14:59:13.921712 libssl.so.3->EVP_PKEY_keygen_init(0x55c85ddcd580, 0, 176, 0x55c85ddcd580) = 1 <0.000218>
[pid 377] 14:59:13.922009 libssl.so.3->EVP_PKEY_keygen(0x55c85ddcd580, 0x7ffd4e1c7840, 0, 103 <unfinished ...>
[pid 377] 14:59:13.922178 oqsprovider.so->OQS_KEM_new(0x55c85ddf19a0, 8, 0, 0x55c85ddfe250) = 0x55c85ddfe270 <0.000141>
[pid 377] 14:59:13.922514 oqsprovider.so->OQS_KEM_keypair(0x55c85ddfe270, 0x55c85ddfe2f0, 0x55c85ddf3bf0, 0x55c85ddfe250) = 0 <0.000405>
[pid 377] 14:59:13.923031 <... EVP_PKEY_keygen resumed> ) = 1 <0.001017>
[pid 377] 14:59:13.924810 libssl.so.3->EVP_PKEY_decapsulate_init(0x55c85ddcd580, 0, 176, 0x55c85ddcd580) = 1 <0.000282>
[pid 377] 14:59:13.925144 libssl.so.3->EVP_PKEY_decapsulate(0x55c85ddcd580, 0, 0x7ffd4e1c7800, 0x55c85de0044a) = 1 <0.000189>
[pid 377] 14:59:13.925398 libssl.so.3->EVP_PKEY_decapsulate(0x55c85ddcd580, 0x55c85ddf5ac0, 0x7ffd4e1c7800, 0x55c85de0044a <unfinished ...>
[pid 377] 14:59:13.925524 oqsprovider.so->OQS_KEM_decaps(0x55c85ddfe270, 0x55c85ddf5ac0, 0x55c85de0044a, 0x55c85ddf3bf0) = 0 <0.000192>
[pid 377] 14:59:13.925807 <... EVP_PKEY_decapsulate resumed> ) = 1 <0.000403>
[pid 377] 14:59:13.926659 libssl.so.3->X509_verify_cert(0x55c85ddf1b60, 0, 0x8000, 0xffffffff) = 1 <0.000441>
[pid 377] 14:59:13.927361 libssl.so.3->EVP_DigestVerifyInit_ex(0x55c85dd1d810, 0x7ffd4e1c78a8, 0, 0) = 1 <0.000137>
[pid 377] 14:59:13.927531 libssl.so.3->EVP_DigestVerify(0x55c85dd1d810, 0x55c85de003f8, 4627, 0x7ffd4e1c78b0) = 1 <0.000225>
[pid 377] 14:59:13.928042 libssl.so.3->X509_verify_cert(0x55c85ddf1b60, 1, 1, 0) = 1 <0.000277>
[pid 377] 14:59:13.928788 libssl.so.3->EVP_DigestSignInit_ex(0x55c85de1e170, 0x7ffd4e1c7890, 0, 0) = 1 <0.000172>
[pid 377] 14:59:13.929060 libssl.so.3->EVP_DigestSign(0x55c85de1e170, 0, 0x7ffd4e1c78a0, 0x7ffd4e1c78b0) = 1 <0.000173>
[pid 377] 14:59:13.929290 libssl.so.3->EVP_DigestSign(0x55c85de1e170, 0x55c85de06960, 0x7ffd4e1c78a0, 0x7ffd4e1c78b0) = 1 <0.000393>
[pid 377] 14:59:13.930067 <... SSL_connect resumed> ) = 1 <0.008894>
[pid 377] 14:59:13.930338 oqsprovider.so->OQS_KEM_free(0x55c85ddfe270, 0x55c85ddfe220, 2, 0x55c85ddfe240) = 4 <0.000180>
Handshake duration: 9.10 ms
[pid 377] 14:59:13.932679 +++ exited (status 0) +++
Execution 90 - TLS Mutual
s_connection: verify depth is 1
[pid 379] 14:59:13.993264 openssl->SSL_connect(0x5953047de890, 0x5953047b0e50, 0x5953047b0e50, 0x7b952e3c7360 <unfinished ...>
[pid 379] 14:59:13.993820 libssl.so.3->EVP_PKEY_keygen_init(0x5953047b2580, 0, 176, 0x5953047b2580) = 1 <0.000203>
[pid 379] 14:59:13.994087 libssl.so.3->EVP_PKEY_keygen(0x5953047b2580, 0x7ffc64b27be0, 0, 103 <unfinished ...>
[pid 379] 14:59:13.994273 oqsprovider.so->OQS_KEM_new(0x5953047d69a0, 8, 0, 0x5953047e3250) = 0x5953047e3270 <0.000192>
[pid 379] 14:59:13.994545 oqsprovider.so->OQS_KEM_keypair(0x5953047e3270, 0x5953047e32f0, 0x5953047d8bf0, 0x5953047e3250) = 0 <0.000441>
[pid 379] 14:59:13.995050 <... EVP_PKEY_keygen resumed> ) = 1 <0.000957>
[pid 379] 14:59:13.996535 libssl.so.3->EVP_PKEY_decapsulate_init(0x5953047b2580, 0, 176, 0x5953047b2580) = 1 <0.000310>
[pid 379] 14:59:13.996898 libssl.so.3->EVP_PKEY_decapsulate(0x5953047b2580, 0, 0x7ffc64b27ba0, 0x5953047e544a) = 1 <0.000157>
[pid 379] 14:59:13.997126 libssl.so.3->EVP_PKEY_decapsulate(0x5953047b2580, 0x5953047daac0, 0x7ffc64b27ba0, 0x5953047e544a <unfinished ...>
[pid 379] 14:59:13.997323 oqsprovider.so->OQS_KEM_decaps(0x5953047e3270, 0x5953047daac0, 0x5953047e544a, 0x5953047d8bf0) = 0 <0.000282>
[pid 379] 14:59:13.997662 <... EVP_PKEY_decapsulate resumed> ) = 1 <0.000531>
[pid 379] 14:59:13.998435 libssl.so.3->X509_verify_cert(0x5953047d6b60, 0, 0x8000, 0xffffffff) = 1 <0.000403>
[pid 379] 14:59:13.999057 libssl.so.3->EVP_DigestVerifyInit_ex(0x595304702810, 0x7ffc64b27c48, 0, 0) = 1 <0.000122>
[pid 379] 14:59:13.999222 libssl.so.3->EVP_DigestVerify(0x595304702810, 0x5953047e53f8, 4627, 0x7ffc64b27c50) = 1 <0.000249>
[pid 379] 14:59:13.999683 libssl.so.3->X509_verify_cert(0x5953047d6b60, 1, 1, 0) = 1 <0.000250>
[pid 379] 14:59:14.000330 libssl.so.3->EVP_DigestSignInit_ex(0x595304803170, 0x7ffc64b27c30, 0, 0) = 1 <0.000165>
[pid 379] 14:59:14.000559 libssl.so.3->EVP_DigestSign(0x595304803170, 0, 0x7ffc64b27c40, 0x7ffc64b27c50) = 1 <0.000114>
[pid 379] 14:59:14.000709 libssl.so.3->EVP_DigestSign(0x595304803170, 0x5953047eb960, 0x7ffc64b27c40, 0x7ffc64b27c50) = 1 <0.000394>
[pid 379] 14:59:14.001477 <... SSL_connect resumed> ) = 1 <0.008231>
[pid 379] 14:59:14.001687 oqsprovider.so->OQS_KEM_free(0x5953047e3270, 0x5953047e3220, 2, 0x5953047e3240) = 4 <0.000150>
Handshake duration: 8.46 ms
[pid 379] 14:59:14.004196 +++ exited (status 0) +++
Execution 91 - TLS Mutual
s_connection: verify depth is 1
[pid 381] 14:59:14.060043 openssl->SSL_connect(0x5eca1c058890, 0x5eca1c02ae50, 0x5eca1c02ae50, 0x77c6e7b09360 <unfinished ...>
[pid 381] 14:59:14.060555 libssl.so.3->EVP_PKEY_keygen_init(0x5eca1c02c580, 0, 176, 0x5eca1c02c580) = 1 <0.000216>
[pid 381] 14:59:14.060821 libssl.so.3->EVP_PKEY_keygen(0x5eca1c02c580, 0x7ffca76dd4b0, 0, 103 <unfinished ...>
[pid 381] 14:59:14.060947 oqsprovider.so->OQS_KEM_new(0x5eca1c0509a0, 8, 0, 0x5eca1c05d250) = 0x5eca1c05d270 <0.000122>
[pid 381] 14:59:14.061122 oqsprovider.so->OQS_KEM_keypair(0x5eca1c05d270, 0x5eca1c05d2f0, 0x5eca1c052bf0, 0x5eca1c05d250) = 0 <0.000356>
[pid 381] 14:59:14.061548 <... EVP_PKEY_keygen resumed> ) = 1 <0.000721>
[pid 381] 14:59:14.062948 libssl.so.3->EVP_PKEY_decapsulate_init(0x5eca1c02c580, 0, 176, 0x5eca1c02c580) = 1 <0.000297>
[pid 381] 14:59:14.063292 libssl.so.3->EVP_PKEY_decapsulate(0x5eca1c02c580, 0, 0x7ffca76dd470, 0x5eca1c05f44a) = 1 <0.000109>
[pid 381] 14:59:14.063440 libssl.so.3->EVP_PKEY_decapsulate(0x5eca1c02c580, 0x5eca1c054ac0, 0x7ffca76dd470, 0x5eca1c05f44a <unfinished ...>
[pid 381] 14:59:14.063555 oqsprovider.so->OQS_KEM_decaps(0x5eca1c05d270, 0x5eca1c054ac0, 0x5eca1c05f44a, 0x5eca1c052bf0) = 0 <0.000157>
[pid 381] 14:59:14.063754 <... EVP_PKEY_decapsulate resumed> ) = 1 <0.000306>
[pid 381] 14:59:14.064499 libssl.so.3->X509_verify_cert(0x5eca1c050b60, 0, 0x8000, 0xffffffff) = 1 <0.000393>
[pid 381] 14:59:14.065088 libssl.so.3->EVP_DigestVerifyInit_ex(0x5eca1bf7c810, 0x7ffca76dd518, 0, 0) = 1 <0.000121>
[pid 381] 14:59:14.065254 libssl.so.3->EVP_DigestVerify(0x5eca1bf7c810, 0x5eca1c05f3f8, 4627, 0x7ffca76dd520) = 1 <0.000224>
[pid 381] 14:59:14.065671 libssl.so.3->X509_verify_cert(0x5eca1c050b60, 1, 1, 0) = 1 <0.000251>
[pid 381] 14:59:14.066269 libssl.so.3->EVP_DigestSignInit_ex(0x5eca1c07d170, 0x7ffca76dd500, 0, 0) = 1 <0.000122>
[pid 381] 14:59:14.066436 libssl.so.3->EVP_DigestSign(0x5eca1c07d170, 0, 0x7ffca76dd510, 0x7ffca76dd520) = 1 <0.000115>
[pid 381] 14:59:14.066592 libssl.so.3->EVP_DigestSign(0x5eca1c07d170, 0x5eca1c065960, 0x7ffca76dd510, 0x7ffca76dd520) = 1 <0.000434>
[pid 381] 14:59:14.067322 <... SSL_connect resumed> ) = 1 <0.007292>
[pid 381] 14:59:14.067518 oqsprovider.so->OQS_KEM_free(0x5eca1c05d270, 0x5eca1c05d220, 2, 0x5eca1c05d240) = 4 <0.000132>
Handshake duration: 7.46 ms
[pid 381] 14:59:14.069696 +++ exited (status 0) +++
Execution 92 - TLS Mutual
s_connection: verify depth is 1
[pid 383] 14:59:14.126215 openssl->SSL_connect(0x6072a8ed3890, 0x6072a8ea5e50, 0x6072a8ea5e50, 0x7324dfa85360 <unfinished ...>
[pid 383] 14:59:14.126734 libssl.so.3->EVP_PKEY_keygen_init(0x6072a8ea7580, 0, 176, 0x6072a8ea7580) = 1 <0.000167>
[pid 383] 14:59:14.126950 libssl.so.3->EVP_PKEY_keygen(0x6072a8ea7580, 0x7ffccf5240c0, 0, 103 <unfinished ...>
[pid 383] 14:59:14.127076 oqsprovider.so->OQS_KEM_new(0x6072a8ecb9a0, 8, 0, 0x6072a8ed8250) = 0x6072a8ed8270 <0.000111>
[pid 383] 14:59:14.127233 oqsprovider.so->OQS_KEM_keypair(0x6072a8ed8270, 0x6072a8ed82f0, 0x6072a8ecdbf0, 0x6072a8ed8250) = 0 <0.000360>
[pid 383] 14:59:14.127669 <... EVP_PKEY_keygen resumed> ) = 1 <0.000713>
[pid 383] 14:59:14.129129 libssl.so.3->EVP_PKEY_decapsulate_init(0x6072a8ea7580, 0, 176, 0x6072a8ea7580) = 1 <0.000313>
[pid 383] 14:59:14.129489 libssl.so.3->EVP_PKEY_decapsulate(0x6072a8ea7580, 0, 0x7ffccf524080, 0x6072a8eda44a) = 1 <0.000124>
[pid 383] 14:59:14.129661 libssl.so.3->EVP_PKEY_decapsulate(0x6072a8ea7580, 0x6072a8ecfac0, 0x7ffccf524080, 0x6072a8eda44a <unfinished ...>
[pid 383] 14:59:14.129808 oqsprovider.so->OQS_KEM_decaps(0x6072a8ed8270, 0x6072a8ecfac0, 0x6072a8eda44a, 0x6072a8ecdbf0) = 0 <0.000177>
[pid 383] 14:59:14.130038 <... EVP_PKEY_decapsulate resumed> ) = 1 <0.000372>
[pid 383] 14:59:14.130747 libssl.so.3->X509_verify_cert(0x6072a8ecbb60, 0, 0x8000, 0xffffffff) = 1 <0.000388>
[pid 383] 14:59:14.131334 libssl.so.3->EVP_DigestVerifyInit_ex(0x6072a8df7810, 0x7ffccf524128, 0, 0) = 1 <0.000153>
[pid 383] 14:59:14.131532 libssl.so.3->EVP_DigestVerify(0x6072a8df7810, 0x6072a8eda3f8, 4627, 0x7ffccf524130) = 1 <0.000217>
[pid 383] 14:59:14.131953 libssl.so.3->X509_verify_cert(0x6072a8ecbb60, 1, 1, 0) = 1 <0.000298>
[pid 383] 14:59:14.132630 libssl.so.3->EVP_DigestSignInit_ex(0x6072a8ef8170, 0x7ffccf524110, 0, 0) = 1 <0.000173>
[pid 383] 14:59:14.132846 libssl.so.3->EVP_DigestSign(0x6072a8ef8170, 0, 0x7ffccf524120, 0x7ffccf524130) = 1 <0.000116>
[pid 383] 14:59:14.133004 libssl.so.3->EVP_DigestSign(0x6072a8ef8170, 0x6072a8ee0960, 0x7ffccf524120, 0x7ffccf524130) = 1 <0.000370>
[pid 383] 14:59:14.133703 <... SSL_connect resumed> ) = 1 <0.007498>
[pid 383] 14:59:14.133899 oqsprovider.so->OQS_KEM_free(0x6072a8ed8270, 0x6072a8ed8220, 2, 0x6072a8ed8240) = 4 <0.000114>
Handshake duration: 7.68 ms
[pid 383] 14:59:14.136023 +++ exited (status 0) +++
Execution 93 - TLS Mutual
s_connection: verify depth is 1
[pid 385] 14:59:14.194382 openssl->SSL_connect(0x5748e74cf890, 0x5748e74a1e50, 0x5748e74a1e50, 0x78ec058d0360 <unfinished ...>
[pid 385] 14:59:14.194850 libssl.so.3->EVP_PKEY_keygen_init(0x5748e74a3580, 0, 176, 0x5748e74a3580) = 1 <0.000216>
[pid 385] 14:59:14.195123 libssl.so.3->EVP_PKEY_keygen(0x5748e74a3580, 0x7fffc813f480, 0, 103 <unfinished ...>
[pid 385] 14:59:14.196276 oqsprovider.so->OQS_KEM_new(0x5748e74c79a0, 8, 0, 0x5748e74d4250) = 0x5748e74d4270 <0.000184>
[pid 385] 14:59:14.196514 oqsprovider.so->OQS_KEM_keypair(0x5748e74d4270, 0x5748e74d42f0, 0x5748e74c9bf0, 0x5748e74d4250) = 0 <0.000369>
[pid 385] 14:59:14.196940 <... EVP_PKEY_keygen resumed> ) = 1 <0.001808>
[pid 385] 14:59:14.198428 libssl.so.3->EVP_PKEY_decapsulate_init(0x5748e74a3580, 0, 176, 0x5748e74a3580) = 1 <0.000291>
[pid 385] 14:59:14.198770 libssl.so.3->EVP_PKEY_decapsulate(0x5748e74a3580, 0, 0x7fffc813f440, 0x5748e74d644a) = 1 <0.000122>
[pid 385] 14:59:14.198935 libssl.so.3->EVP_PKEY_decapsulate(0x5748e74a3580, 0x5748e74cbac0, 0x7fffc813f440, 0x5748e74d644a <unfinished ...>
[pid 385] 14:59:14.199070 oqsprovider.so->OQS_KEM_decaps(0x5748e74d4270, 0x5748e74cbac0, 0x5748e74d644a, 0x5748e74c9bf0) = 0 <0.000168>
[pid 385] 14:59:14.199291 <... EVP_PKEY_decapsulate resumed> ) = 1 <0.000349>
[pid 385] 14:59:14.200147 libssl.so.3->X509_verify_cert(0x5748e74c7b60, 0, 0x8000, 0xffffffff) = 1 <0.000596>
[pid 385] 14:59:14.201019 libssl.so.3->EVP_DigestVerifyInit_ex(0x5748e73f3810, 0x7fffc813f4e8, 0, 0) = 1 <0.000167>
[pid 385] 14:59:14.201235 libssl.so.3->EVP_DigestVerify(0x5748e73f3810, 0x5748e74d63f8, 4627, 0x7fffc813f4f0) = 1 <0.000254>
[pid 385] 14:59:14.201701 libssl.so.3->X509_verify_cert(0x5748e74c7b60, 1, 1, 0) = 1 <0.000267>
[pid 385] 14:59:14.202394 libssl.so.3->EVP_DigestSignInit_ex(0x5748e74f4170, 0x7fffc813f4d0, 0, 0) = 1 <0.000154>
[pid 385] 14:59:14.202626 libssl.so.3->EVP_DigestSign(0x5748e74f4170, 0, 0x7fffc813f4e0, 0x7fffc813f4f0) = 1 <0.000147>
[pid 385] 14:59:14.202812 libssl.so.3->EVP_DigestSign(0x5748e74f4170, 0x5748e74dc960, 0x7fffc813f4e0, 0x7fffc813f4f0) = 1 <0.000469>
[pid 385] 14:59:14.203684 <... SSL_connect resumed> ) = 1 <0.009306>
[pid 385] 14:59:14.203913 oqsprovider.so->OQS_KEM_free(0x5748e74d4270, 0x5748e74d4220, 2, 0x5748e74d4240) = 4 <0.000125>
Handshake duration: 9.49 ms
[pid 385] 14:59:14.206185 +++ exited (status 0) +++
Execution 94 - TLS Mutual
s_connection: verify depth is 1
[pid 387] 14:59:14.264205 openssl->SSL_connect(0x5e8eb13a7890, 0x5e8eb1379e50, 0x5e8eb1379e50, 0x7f6cb666a360 <unfinished ...>
[pid 387] 14:59:14.264705 libssl.so.3->EVP_PKEY_keygen_init(0x5e8eb137b580, 0, 176, 0x5e8eb137b580) = 1 <0.000192>
[pid 387] 14:59:14.264952 libssl.so.3->EVP_PKEY_keygen(0x5e8eb137b580, 0x7ffd8614a400, 0, 103 <unfinished ...>
[pid 387] 14:59:14.265094 oqsprovider.so->OQS_KEM_new(0x5e8eb139f9a0, 8, 0, 0x5e8eb13ac250) = 0x5e8eb13ac270 <0.000128>
[pid 387] 14:59:14.265278 oqsprovider.so->OQS_KEM_keypair(0x5e8eb13ac270, 0x5e8eb13ac2f0, 0x5e8eb13a1bf0, 0x5e8eb13ac250) = 0 <0.000393>
[pid 387] 14:59:14.265760 <... EVP_PKEY_keygen resumed> ) = 1 <0.000800>
[pid 387] 14:59:14.267426 libssl.so.3->EVP_PKEY_decapsulate_init(0x5e8eb137b580, 0, 176, 0x5e8eb137b580) = 1 <0.000302>
[pid 387] 14:59:14.267787 libssl.so.3->EVP_PKEY_decapsulate(0x5e8eb137b580, 0, 0x7ffd8614a3c0, 0x5e8eb13ae44a) = 1 <0.000140>
[pid 387] 14:59:14.267975 libssl.so.3->EVP_PKEY_decapsulate(0x5e8eb137b580, 0x5e8eb13a3ac0, 0x7ffd8614a3c0, 0x5e8eb13ae44a <unfinished ...>
[pid 387] 14:59:14.268101 oqsprovider.so->OQS_KEM_decaps(0x5e8eb13ac270, 0x5e8eb13a3ac0, 0x5e8eb13ae44a, 0x5e8eb13a1bf0) = 0 <0.000188>
[pid 387] 14:59:14.268365 <... EVP_PKEY_decapsulate resumed> ) = 1 <0.000365>
[pid 387] 14:59:14.269270 libssl.so.3->X509_verify_cert(0x5e8eb139fb60, 0, 0x8000, 0xffffffff) = 1 <0.000471>
[pid 387] 14:59:14.269999 libssl.so.3->EVP_DigestVerifyInit_ex(0x5e8eb12cb810, 0x7ffd8614a468, 0, 0) = 1 <0.000178>
[pid 387] 14:59:14.270238 libssl.so.3->EVP_DigestVerify(0x5e8eb12cb810, 0x5e8eb13ae3f8, 4627, 0x7ffd8614a470) = 1 <0.000362>
[pid 387] 14:59:14.271755 libssl.so.3->X509_verify_cert(0x5e8eb139fb60, 1, 1, 0) = 1 <0.000488>
[pid 387] 14:59:14.272707 libssl.so.3->EVP_DigestSignInit_ex(0x5e8eb13cc170, 0x7ffd8614a450, 0, 0) = 1 <0.000174>
[pid 387] 14:59:14.272934 libssl.so.3->EVP_DigestSign(0x5e8eb13cc170, 0, 0x7ffd8614a460, 0x7ffd8614a470) = 1 <0.000143>
[pid 387] 14:59:14.273126 libssl.so.3->EVP_DigestSign(0x5e8eb13cc170, 0x5e8eb13b4960, 0x7ffd8614a460, 0x7ffd8614a470) = 1 <0.000509>
[pid 387] 14:59:14.274016 <... SSL_connect resumed> ) = 1 <0.009819>
[pid 387] 14:59:14.274261 oqsprovider.so->OQS_KEM_free(0x5e8eb13ac270, 0x5e8eb13ac220, 2, 0x5e8eb13ac240) = 4 <0.000151>
Handshake duration: 10.00 ms
[pid 387] 14:59:14.276700 +++ exited (status 0) +++
Execution 95 - TLS Mutual
s_connection: verify depth is 1
[pid 389] 14:59:14.333794 openssl->SSL_connect(0x586a8a8e7890, 0x586a8a8b9e50, 0x586a8a8b9e50, 0x7cdbe0756360 <unfinished ...>
[pid 389] 14:59:14.334302 libssl.so.3->EVP_PKEY_keygen_init(0x586a8a8bb580, 0, 176, 0x586a8a8bb580) = 1 <0.000205>
[pid 389] 14:59:14.334710 libssl.so.3->EVP_PKEY_keygen(0x586a8a8bb580, 0x7ffc862ee6b0, 0, 103 <unfinished ...>
[pid 389] 14:59:14.334862 oqsprovider.so->OQS_KEM_new(0x586a8a8df9a0, 8, 0, 0x586a8a8ec250) = 0x586a8a8ec270 <0.000128>
[pid 389] 14:59:14.335039 oqsprovider.so->OQS_KEM_keypair(0x586a8a8ec270, 0x586a8a8ec2f0, 0x586a8a8e1bf0, 0x586a8a8ec250) = 0 <0.000348>
[pid 389] 14:59:14.335453 <... EVP_PKEY_keygen resumed> ) = 1 <0.000736>
[pid 389] 14:59:14.337071 libssl.so.3->EVP_PKEY_decapsulate_init(0x586a8a8bb580, 0, 176, 0x586a8a8bb580) = 1 <0.000410>
[pid 389] 14:59:14.337554 libssl.so.3->EVP_PKEY_decapsulate(0x586a8a8bb580, 0, 0x7ffc862ee670, 0x586a8a8ee44a) = 1 <0.000168>
[pid 389] 14:59:14.337788 libssl.so.3->EVP_PKEY_decapsulate(0x586a8a8bb580, 0x586a8a8e3ac0, 0x7ffc862ee670, 0x586a8a8ee44a <unfinished ...>
[pid 389] 14:59:14.337951 oqsprovider.so->OQS_KEM_decaps(0x586a8a8ec270, 0x586a8a8e3ac0, 0x586a8a8ee44a, 0x586a8a8e1bf0) = 0 <0.000169>
[pid 389] 14:59:14.338168 <... EVP_PKEY_decapsulate resumed> ) = 1 <0.000374>
[pid 389] 14:59:14.338962 libssl.so.3->X509_verify_cert(0x586a8a8dfb60, 0, 0x8000, 0xffffffff) = 1 <0.000532>
[pid 389] 14:59:14.339853 libssl.so.3->EVP_DigestVerifyInit_ex(0x586a8a80b810, 0x7ffc862ee718, 0, 0) = 1 <0.000197>
[pid 389] 14:59:14.340107 libssl.so.3->EVP_DigestVerify(0x586a8a80b810, 0x586a8a8ee3f8, 4627, 0x7ffc862ee720) = 1 <0.000290>
[pid 389] 14:59:14.340654 libssl.so.3->X509_verify_cert(0x586a8a8dfb60, 1, 1, 0) = 1 <0.000275>
[pid 389] 14:59:14.341357 libssl.so.3->EVP_DigestSignInit_ex(0x586a8a90c170, 0x7ffc862ee700, 0, 0) = 1 <0.000154>
[pid 389] 14:59:14.341557 libssl.so.3->EVP_DigestSign(0x586a8a90c170, 0, 0x7ffc862ee710, 0x7ffc862ee720) = 1 <0.000142>
[pid 389] 14:59:14.341801 libssl.so.3->EVP_DigestSign(0x586a8a90c170, 0x586a8a8f4960, 0x7ffc862ee710, 0x7ffc862ee720) = 1 <0.000551>
[pid 389] 14:59:14.342824 <... SSL_connect resumed> ) = 1 <0.009032>
[pid 389] 14:59:14.343095 oqsprovider.so->OQS_KEM_free(0x586a8a8ec270, 0x586a8a8ec220, 2, 0x586a8a8ec240) = 4 <0.000213>
Handshake duration: 9.29 ms
[pid 389] 14:59:14.345708 +++ exited (status 0) +++
Execution 96 - TLS Mutual
s_connection: verify depth is 1
[pid 391] 14:59:14.404205 openssl->SSL_connect(0x653fbd425890, 0x653fbd3f7e50, 0x653fbd3f7e50, 0x77cb1922c360 <unfinished ...>
[pid 391] 14:59:14.404693 libssl.so.3->EVP_PKEY_keygen_init(0x653fbd3f9580, 0, 176, 0x653fbd3f9580) = 1 <0.000137>
[pid 391] 14:59:14.404882 libssl.so.3->EVP_PKEY_keygen(0x653fbd3f9580, 0x7fffb8e90910, 0, 103 <unfinished ...>
[pid 391] 14:59:14.405038 oqsprovider.so->OQS_KEM_new(0x653fbd41d9a0, 8, 0, 0x653fbd42a250) = 0x653fbd42a270 <0.000146>
[pid 391] 14:59:14.405237 oqsprovider.so->OQS_KEM_keypair(0x653fbd42a270, 0x653fbd42a2f0, 0x653fbd41fbf0, 0x653fbd42a250) = 0 <0.000415>
[pid 391] 14:59:14.405710 <... EVP_PKEY_keygen resumed> ) = 1 <0.000822>
[pid 391] 14:59:14.407386 libssl.so.3->EVP_PKEY_decapsulate_init(0x653fbd3f9580, 0, 176, 0x653fbd3f9580) = 1 <0.000428>
[pid 391] 14:59:14.407881 libssl.so.3->EVP_PKEY_decapsulate(0x653fbd3f9580, 0, 0x7fffb8e908d0, 0x653fbd42c44a) = 1 <0.000161>
[pid 391] 14:59:14.408153 libssl.so.3->EVP_PKEY_decapsulate(0x653fbd3f9580, 0x653fbd421ac0, 0x7fffb8e908d0, 0x653fbd42c44a <unfinished ...>
[pid 391] 14:59:14.408312 oqsprovider.so->OQS_KEM_decaps(0x653fbd42a270, 0x653fbd421ac0, 0x653fbd42c44a, 0x653fbd41fbf0) = 0 <0.000217>
[pid 391] 14:59:14.408583 <... EVP_PKEY_decapsulate resumed> ) = 1 <0.000426>
[pid 391] 14:59:14.409437 libssl.so.3->X509_verify_cert(0x653fbd41db60, 0, 0x8000, 0xffffffff) = 1 <0.000435>
[pid 391] 14:59:14.410134 libssl.so.3->EVP_DigestVerifyInit_ex(0x653fbd349810, 0x7fffb8e90978, 0, 0) = 1 <0.000161>
[pid 391] 14:59:14.410369 libssl.so.3->EVP_DigestVerify(0x653fbd349810, 0x653fbd42c3f8, 4627, 0x7fffb8e90980) = 1 <0.000288>
[pid 391] 14:59:14.410928 libssl.so.3->X509_verify_cert(0x653fbd41db60, 1, 1, 0) = 1 <0.000274>
[pid 391] 14:59:14.411638 libssl.so.3->EVP_DigestSignInit_ex(0x653fbd44a170, 0x7fffb8e90960, 0, 0) = 1 <0.000292>
[pid 391] 14:59:14.411997 libssl.so.3->EVP_DigestSign(0x653fbd44a170, 0, 0x7fffb8e90970, 0x7fffb8e90980) = 1 <0.000155>
[pid 391] 14:59:14.412199 libssl.so.3->EVP_DigestSign(0x653fbd44a170, 0x653fbd432960, 0x7fffb8e90970, 0x7fffb8e90980) = 1 <0.000411>
[pid 391] 14:59:14.412990 <... SSL_connect resumed> ) = 1 <0.008792>
[pid 391] 14:59:14.413247 oqsprovider.so->OQS_KEM_free(0x653fbd42a270, 0x653fbd42a220, 2, 0x653fbd42a240) = 4 <0.000177>
Handshake duration: 8.99 ms
[pid 391] 14:59:14.415915 +++ exited (status 0) +++
Execution 97 - TLS Mutual
s_connection: verify depth is 1
[pid 393] 14:59:14.474305 openssl->SSL_connect(0x560e0ed03890, 0x560e0ecd5e50, 0x560e0ecd5e50, 0x7ab51c9ca360 <unfinished ...>
[pid 393] 14:59:14.474930 libssl.so.3->EVP_PKEY_keygen_init(0x560e0ecd7580, 0, 176, 0x560e0ecd7580) = 1 <0.000195>
[pid 393] 14:59:14.475184 libssl.so.3->EVP_PKEY_keygen(0x560e0ecd7580, 0x7ffdbef632c0, 0, 103 <unfinished ...>
[pid 393] 14:59:14.475378 oqsprovider.so->OQS_KEM_new(0x560e0ecfb9a0, 8, 0, 0x560e0ed08250) = 0x560e0ed08270 <0.000173>
[pid 393] 14:59:14.475634 oqsprovider.so->OQS_KEM_keypair(0x560e0ed08270, 0x560e0ed082f0, 0x560e0ecfdbf0, 0x560e0ed08250) = 0 <0.000410>
[pid 393] 14:59:14.476106 <... EVP_PKEY_keygen resumed> ) = 1 <0.000917>
[pid 393] 14:59:14.477743 libssl.so.3->EVP_PKEY_decapsulate_init(0x560e0ecd7580, 0, 176, 0x560e0ecd7580) = 1 <0.000295>
[pid 393] 14:59:14.478106 libssl.so.3->EVP_PKEY_decapsulate(0x560e0ecd7580, 0, 0x7ffdbef63280, 0x560e0ed0a44a) = 1 <0.000152>
[pid 393] 14:59:14.478314 libssl.so.3->EVP_PKEY_decapsulate(0x560e0ecd7580, 0x560e0ecffac0, 0x7ffdbef63280, 0x560e0ed0a44a <unfinished ...>
[pid 393] 14:59:14.478486 oqsprovider.so->OQS_KEM_decaps(0x560e0ed08270, 0x560e0ecffac0, 0x560e0ed0a44a, 0x560e0ecfdbf0) = 0 <0.000190>
[pid 393] 14:59:14.478722 <... EVP_PKEY_decapsulate resumed> ) = 1 <0.000401>
[pid 393] 14:59:14.479547 libssl.so.3->X509_verify_cert(0x560e0ecfbb60, 0, 0x8000, 0xffffffff) = 1 <0.000413>
[pid 393] 14:59:14.480179 libssl.so.3->EVP_DigestVerifyInit_ex(0x560e0ec27810, 0x7ffdbef63328, 0, 0) = 1 <0.000145>
[pid 393] 14:59:14.480386 libssl.so.3->EVP_DigestVerify(0x560e0ec27810, 0x560e0ed0a3f8, 4627, 0x7ffdbef63330) = 1 <0.000908>
[pid 393] 14:59:14.481549 libssl.so.3->X509_verify_cert(0x560e0ecfbb60, 1, 1, 0) = 1 <0.000286>
[pid 393] 14:59:14.482228 libssl.so.3->EVP_DigestSignInit_ex(0x560e0ed28170, 0x7ffdbef63310, 0, 0) = 1 <0.000176>
[pid 393] 14:59:14.482453 libssl.so.3->EVP_DigestSign(0x560e0ed28170, 0, 0x7ffdbef63320, 0x7ffdbef63330) = 1 <0.000141>
[pid 393] 14:59:14.482651 libssl.so.3->EVP_DigestSign(0x560e0ed28170, 0x560e0ed10960, 0x7ffdbef63320, 0x7ffdbef63330) = 1 <0.000494>
[pid 393] 14:59:14.483596 <... SSL_connect resumed> ) = 1 <0.009283>
[pid 393] 14:59:14.483819 oqsprovider.so->OQS_KEM_free(0x560e0ed08270, 0x560e0ed08220, 2, 0x560e0ed08240) = 4 <0.000170>
Handshake duration: 9.54 ms
[pid 393] 14:59:14.486167 +++ exited (status 0) +++
Execution 98 - TLS Mutual
s_connection: verify depth is 1
[pid 395] 14:59:14.543905 openssl->SSL_connect(0x562009380890, 0x562009352e50, 0x562009352e50, 0x7c5d85352360 <unfinished ...>
[pid 395] 14:59:14.544328 libssl.so.3->EVP_PKEY_keygen_init(0x562009354580, 0, 176, 0x562009354580) = 1 <0.000178>
[pid 395] 14:59:14.544560 libssl.so.3->EVP_PKEY_keygen(0x562009354580, 0x7ffde90fb920, 0, 103 <unfinished ...>
[pid 395] 14:59:14.544691 oqsprovider.so->OQS_KEM_new(0x5620093789a0, 8, 0, 0x562009385250) = 0x562009385270 <0.000118>
[pid 395] 14:59:14.544858 oqsprovider.so->OQS_KEM_keypair(0x562009385270, 0x5620093852f0, 0x56200937abf0, 0x562009385250) = 0 <0.000355>
[pid 395] 14:59:14.545268 <... EVP_PKEY_keygen resumed> ) = 1 <0.000703>
[pid 395] 14:59:14.546712 libssl.so.3->EVP_PKEY_decapsulate_init(0x562009354580, 0, 176, 0x562009354580) = 1 <0.000348>
[pid 395] 14:59:14.547111 libssl.so.3->EVP_PKEY_decapsulate(0x562009354580, 0, 0x7ffde90fb8e0, 0x56200938744a) = 1 <0.000138>
[pid 395] 14:59:14.547289 libssl.so.3->EVP_PKEY_decapsulate(0x562009354580, 0x56200937cac0, 0x7ffde90fb8e0, 0x56200938744a <unfinished ...>
[pid 395] 14:59:14.547430 oqsprovider.so->OQS_KEM_decaps(0x562009385270, 0x56200937cac0, 0x56200938744a, 0x56200937abf0) = 0 <0.000169>
[pid 395] 14:59:14.547645 <... EVP_PKEY_decapsulate resumed> ) = 1 <0.000352>
[pid 395] 14:59:14.548370 libssl.so.3->X509_verify_cert(0x562009378b60, 0, 0x8000, 0xffffffff) = 1 <0.000389>
[pid 395] 14:59:14.548980 libssl.so.3->EVP_DigestVerifyInit_ex(0x5620092a4810, 0x7ffde90fb988, 0, 0) = 1 <0.000145>
[pid 395] 14:59:14.549171 libssl.so.3->EVP_DigestVerify(0x5620092a4810, 0x5620093873f8, 4627, 0x7ffde90fb990) = 1 <0.000233>
[pid 395] 14:59:14.549626 libssl.so.3->X509_verify_cert(0x562009378b60, 1, 1, 0) = 1 <0.000266>
[pid 395] 14:59:14.550249 libssl.so.3->EVP_DigestSignInit_ex(0x5620093a5170, 0x7ffde90fb970, 0, 0) = 1 <0.000130>
[pid 395] 14:59:14.550424 libssl.so.3->EVP_DigestSign(0x5620093a5170, 0, 0x7ffde90fb980, 0x7ffde90fb990) = 1 <0.000106>
[pid 395] 14:59:14.550579 libssl.so.3->EVP_DigestSign(0x5620093a5170, 0x56200938d960, 0x7ffde90fb980, 0x7ffde90fb990) = 1 <0.000321>
[pid 395] 14:59:14.551185 <... SSL_connect resumed> ) = 1 <0.007289>
[pid 395] 14:59:14.551385 oqsprovider.so->OQS_KEM_free(0x562009385270, 0x562009385220, 2, 0x562009385240) = 4 <0.000114>
Handshake duration: 7.45 ms
[pid 395] 14:59:14.553403 +++ exited (status 0) +++
Execution 99 - TLS Mutual
s_connection: verify depth is 1
[pid 397] 14:59:14.611019 openssl->SSL_connect(0x5bffbbd57890, 0x5bffbbd29e50, 0x5bffbbd29e50, 0x7018c6629360 <unfinished ...>
[pid 397] 14:59:14.611476 libssl.so.3->EVP_PKEY_keygen_init(0x5bffbbd2b580, 0, 176, 0x5bffbbd2b580) = 1 <0.000158>
[pid 397] 14:59:14.611684 libssl.so.3->EVP_PKEY_keygen(0x5bffbbd2b580, 0x7ffccac766c0, 0, 103 <unfinished ...>
[pid 397] 14:59:14.611821 oqsprovider.so->OQS_KEM_new(0x5bffbbd4f9a0, 8, 0, 0x5bffbbd5c250) = 0x5bffbbd5c270 <0.000136>
[pid 397] 14:59:14.612006 oqsprovider.so->OQS_KEM_keypair(0x5bffbbd5c270, 0x5bffbbd5c2f0, 0x5bffbbd51bf0, 0x5bffbbd5c250) = 0 <0.000362>
[pid 397] 14:59:14.612419 <... EVP_PKEY_keygen resumed> ) = 1 <0.000730>
[pid 397] 14:59:14.613852 libssl.so.3->EVP_PKEY_decapsulate_init(0x5bffbbd2b580, 0, 176, 0x5bffbbd2b580) = 1 <0.000358>
[pid 397] 14:59:14.614285 libssl.so.3->EVP_PKEY_decapsulate(0x5bffbbd2b580, 0, 0x7ffccac76680, 0x5bffbbd5e44a) = 1 <0.000174>
[pid 397] 14:59:14.614507 libssl.so.3->EVP_PKEY_decapsulate(0x5bffbbd2b580, 0x5bffbbd53ac0, 0x7ffccac76680, 0x5bffbbd5e44a <unfinished ...>
[pid 397] 14:59:14.614641 oqsprovider.so->OQS_KEM_decaps(0x5bffbbd5c270, 0x5bffbbd53ac0, 0x5bffbbd5e44a, 0x5bffbbd51bf0) = 0 <0.000170>
[pid 397] 14:59:14.614864 <... EVP_PKEY_decapsulate resumed> ) = 1 <0.000349>
[pid 397] 14:59:14.615807 libssl.so.3->X509_verify_cert(0x5bffbbd4fb60, 0, 0x8000, 0xffffffff) = 1 <0.000463>
[pid 397] 14:59:14.616494 libssl.so.3->EVP_DigestVerifyInit_ex(0x5bffbbc7b810, 0x7ffccac76728, 0, 0) = 1 <0.000148>
[pid 397] 14:59:14.616700 libssl.so.3->EVP_DigestVerify(0x5bffbbc7b810, 0x5bffbbd5e3f8, 4627, 0x7ffccac76730) = 1 <0.000254>
[pid 397] 14:59:14.617164 libssl.so.3->X509_verify_cert(0x5bffbbd4fb60, 1, 1, 0) = 1 <0.000304>
[pid 397] 14:59:14.617846 libssl.so.3->EVP_DigestSignInit_ex(0x5bffbbd7c170, 0x7ffccac76710, 0, 0) = 1 <0.000154>
[pid 397] 14:59:14.618052 libssl.so.3->EVP_DigestSign(0x5bffbbd7c170, 0, 0x7ffccac76720, 0x7ffccac76730) = 1 <0.000112>
[pid 397] 14:59:14.618241 libssl.so.3->EVP_DigestSign(0x5bffbbd7c170, 0x5bffbbd64960, 0x7ffccac76720, 0x7ffccac76730) = 1 <0.000401>
[pid 397] 14:59:14.618934 <... SSL_connect resumed> ) = 1 <0.007933>
[pid 397] 14:59:14.619152 oqsprovider.so->OQS_KEM_free(0x5bffbbd5c270, 0x5bffbbd5c220, 2, 0x5bffbbd5c240) = 4 <0.000131>
Handshake duration: 8.10 ms
[pid 397] 14:59:14.621282 +++ exited (status 0) +++
Execution 100 - TLS Mutual
s_connection: verify depth is 1
[pid 399] 14:59:14.678023 openssl->SSL_connect(0x5bc788013890, 0x5bc787fe5e50, 0x5bc787fe5e50, 0x77450e5d8360 <unfinished ...>
[pid 399] 14:59:14.678449 libssl.so.3->EVP_PKEY_keygen_init(0x5bc787fe7580, 0, 176, 0x5bc787fe7580) = 1 <0.000146>
[pid 399] 14:59:14.678646 libssl.so.3->EVP_PKEY_keygen(0x5bc787fe7580, 0x7ffde02dfd30, 0, 103 <unfinished ...>
[pid 399] 14:59:14.678777 oqsprovider.so->OQS_KEM_new(0x5bc78800b9a0, 8, 0, 0x5bc788018250) = 0x5bc788018270 <0.000118>
[pid 399] 14:59:14.678945 oqsprovider.so->OQS_KEM_keypair(0x5bc788018270, 0x5bc7880182f0, 0x5bc78800dbf0, 0x5bc788018250) = 0 <0.000371>
[pid 399] 14:59:14.679412 <... EVP_PKEY_keygen resumed> ) = 1 <0.000759>
[pid 399] 14:59:14.680881 libssl.so.3->EVP_PKEY_decapsulate_init(0x5bc787fe7580, 0, 176, 0x5bc787fe7580) = 1 <0.000276>
[pid 399] 14:59:14.681208 libssl.so.3->EVP_PKEY_decapsulate(0x5bc787fe7580, 0, 0x7ffde02dfcf0, 0x5bc78801a44a) = 1 <0.000128>
[pid 399] 14:59:14.681384 libssl.so.3->EVP_PKEY_decapsulate(0x5bc787fe7580, 0x5bc78800fac0, 0x7ffde02dfcf0, 0x5bc78801a44a <unfinished ...>
[pid 399] 14:59:14.681515 oqsprovider.so->OQS_KEM_decaps(0x5bc788018270, 0x5bc78800fac0, 0x5bc78801a44a, 0x5bc78800dbf0) = 0 <0.000162>
[pid 399] 14:59:14.681716 <... EVP_PKEY_decapsulate resumed> ) = 1 <0.000329>
[pid 399] 14:59:14.682459 libssl.so.3->X509_verify_cert(0x5bc78800bb60, 0, 0x8000, 0xffffffff) = 1 <0.000411>
[pid 399] 14:59:14.683076 libssl.so.3->EVP_DigestVerifyInit_ex(0x5bc787f37810, 0x7ffde02dfd98, 0, 0) = 1 <0.000132>
[pid 399] 14:59:14.683247 libssl.so.3->EVP_DigestVerify(0x5bc787f37810, 0x5bc78801a3f8, 4627, 0x7ffde02dfda0) = 1 <0.000222>
[pid 399] 14:59:14.683690 libssl.so.3->X509_verify_cert(0x5bc78800bb60, 1, 1, 0) = 1 <0.000266>
[pid 399] 14:59:14.684308 libssl.so.3->EVP_DigestSignInit_ex(0x5bc788038170, 0x7ffde02dfd80, 0, 0) = 1 <0.000166>
[pid 399] 14:59:14.684521 libssl.so.3->EVP_DigestSign(0x5bc788038170, 0, 0x7ffde02dfd90, 0x7ffde02dfda0) = 1 <0.000118>
[pid 399] 14:59:14.684680 libssl.so.3->EVP_DigestSign(0x5bc788038170, 0x5bc788020960, 0x7ffde02dfd90, 0x7ffde02dfda0) = 1 <0.000364>
[pid 399] 14:59:14.685384 <... SSL_connect resumed> ) = 1 <0.007369>
[pid 399] 14:59:14.685592 oqsprovider.so->OQS_KEM_free(0x5bc788018270, 0x5bc788018220, 2, 0x5bc788018240) = 4 <0.000124>
Handshake duration: 7.54 ms
[pid 399] 14:59:14.687727 +++ exited (status 0) +++
Applying netem rules to lo...
Showing qdisc status for the interface: lo
qdisc netem 83d8: root refcnt 2 limit 1000 seed 2517562761437397242
 Sent 0 bytes 0 pkt (dropped 0, overlimits 0 requeues 0) 
 backlog 0b 0p requeues 0
Running /opt/oqssa/perftestClientTlsQuic_ltrace.sh with SIG_ALG=mldsa87 and KEM_ALG=hqc256
Execution 1 - TLS Mutual
s_connection: verify depth is 1
[pid 201] 14:59:35.986409 openssl->SSL_connect(0x56c8217fd890, 0x56c8217cfe50, 0x56c8217cfe50, 0x7db7191f2360 <unfinished ...>
[pid 201] 14:59:35.986880 libssl.so.3->EVP_PKEY_keygen_init(0x56c8217d1580, 0, 176, 0x56c8217d1580) = 1 <0.000208>
[pid 201] 14:59:35.987133 libssl.so.3->EVP_PKEY_keygen(0x56c8217d1580, 0x7ffd94981700, 0, 103 <unfinished ...>
[pid 201] 14:59:35.987262 oqsprovider.so->OQS_KEM_new(0x56c8217f59a0, 8, 0, 0x56c821802250) = 0x56c821802270 <0.000124>
[pid 201] 14:59:35.987490 oqsprovider.so->OQS_KEM_keypair(0x56c821802270, 0x56c82180a960, 0x56c82180c5c0, 0x56c821802250) = 0 <0.013313>
[pid 201] 14:59:36.000879 <... EVP_PKEY_keygen resumed> ) = 1 <0.013740>
[pid 201] 14:59:36.042538 libssl.so.3->EVP_PKEY_decapsulate_init(0x56c8217d1580, 0, 176, 0x56c8217d1580) = 1 <0.000392>
[pid 201] 14:59:36.042969 libssl.so.3->EVP_PKEY_decapsulate(0x56c8217d1580, 0, 0x7ffd949816c0, 0x56c82180444a) = 1 <0.000150>
[pid 201] 14:59:36.043166 libssl.so.3->EVP_PKEY_decapsulate(0x56c8217d1580, 0x56c8217f08b0, 0x7ffd949816c0, 0x56c82180444a <unfinished ...>
[pid 201] 14:59:36.043297 oqsprovider.so->OQS_KEM_decaps(0x56c821802270, 0x56c8217f08b0, 0x56c82180444a, 0x56c82180c5c0) = 0 <0.041367>
[pid 201] 14:59:36.084807 <... EVP_PKEY_decapsulate resumed> ) = 1 <0.041633>
[pid 201] 14:59:36.085790 libssl.so.3->X509_verify_cert(0x56c8217f5b60, 0, 0x8000, 0xffffffff) = 1 <0.000614>
[pid 201] 14:59:36.086717 libssl.so.3->EVP_DigestVerifyInit_ex(0x56c82182a790, 0x7ffd94981768, 0, 0) = 1 <0.000170>
[pid 201] 14:59:36.086939 libssl.so.3->EVP_DigestVerify(0x56c82182a790, 0x56c8218043f8, 4627, 0x7ffd94981770) = 1 <0.000267>
[pid 201] 14:59:36.087555 libssl.so.3->X509_verify_cert(0x56c8217f5b60, 1, 1, 0) = 1 <0.000305>
[pid 201] 14:59:36.088283 libssl.so.3->EVP_DigestSignInit_ex(0x56c821721810, 0x7ffd94981750, 0, 0) = 1 <0.000138>
[pid 201] 14:59:36.088475 libssl.so.3->EVP_DigestSign(0x56c821721810, 0, 0x7ffd94981760, 0x7ffd94981770) = 1 <0.000113>
[pid 201] 14:59:36.088675 libssl.so.3->EVP_DigestSign(0x56c821721810, 0x56c82180e270, 0x7ffd94981760, 0x7ffd94981770) = 1 <0.000442>
[pid 201] 14:59:36.089439 <... SSL_connect resumed> ) = 1 <0.103045>
[pid 201] 14:59:36.089712 oqsprovider.so->OQS_KEM_free(0x56c821802270, 0x56c821802220, 2, 0x56c821802240) = 4 <0.000111>
Handshake duration: 103.23 ms
[pid 201] 14:59:36.092003 +++ exited (status 0) +++
Execution 2 - TLS Mutual
s_connection: verify depth is 1
[pid 203] 14:59:36.146110 openssl->SSL_connect(0x580105280890, 0x580105252e50, 0x580105252e50, 0x7caa55340360 <unfinished ...>
[pid 203] 14:59:36.146529 libssl.so.3->EVP_PKEY_keygen_init(0x580105254580, 0, 176, 0x580105254580) = 1 <0.000153>
[pid 203] 14:59:36.146735 libssl.so.3->EVP_PKEY_keygen(0x580105254580, 0x7ffffc36aee0, 0, 103 <unfinished ...>
[pid 203] 14:59:36.146879 oqsprovider.so->OQS_KEM_new(0x5801052789a0, 8, 0, 0x580105285250) = 0x580105285270 <0.000134>
[pid 203] 14:59:36.147135 oqsprovider.so->OQS_KEM_keypair(0x580105285270, 0x58010528d960, 0x58010528f5c0, 0x580105285250) = 0 <0.013020>
[pid 203] 14:59:36.160272 <... EVP_PKEY_keygen resumed> ) = 1 <0.013532>
[pid 203] 14:59:36.201879 libssl.so.3->EVP_PKEY_decapsulate_init(0x580105254580, 0, 176, 0x580105254580) = 1 <0.000515>
[pid 203] 14:59:36.202468 libssl.so.3->EVP_PKEY_decapsulate(0x580105254580, 0, 0x7ffffc36aea0, 0x58010528744a) = 1 <0.000200>
[pid 203] 14:59:36.202723 libssl.so.3->EVP_PKEY_decapsulate(0x580105254580, 0x5801052738b0, 0x7ffffc36aea0, 0x58010528744a <unfinished ...>
[pid 203] 14:59:36.202860 oqsprovider.so->OQS_KEM_decaps(0x580105285270, 0x5801052738b0, 0x58010528744a, 0x58010528f5c0) = 0 <0.044231>
[pid 203] 14:59:36.247262 <... EVP_PKEY_decapsulate resumed> ) = 1 <0.044527>
[pid 203] 14:59:36.248345 libssl.so.3->X509_verify_cert(0x580105278b60, 0, 0x8000, 0xffffffff) = 1 <0.000625>
[pid 203] 14:59:36.249242 libssl.so.3->EVP_DigestVerifyInit_ex(0x5801052ad790, 0x7ffffc36af48, 0, 0) = 1 <0.000168>
[pid 203] 14:59:36.249462 libssl.so.3->EVP_DigestVerify(0x5801052ad790, 0x5801052873f8, 4627, 0x7ffffc36af50) = 1 <0.000267>
[pid 203] 14:59:36.249960 libssl.so.3->X509_verify_cert(0x580105278b60, 1, 1, 0) = 1 <0.000281>
[pid 203] 14:59:36.250664 libssl.so.3->EVP_DigestSignInit_ex(0x5801051a4810, 0x7ffffc36af30, 0, 0) = 1 <0.000441>
[pid 203] 14:59:36.251188 libssl.so.3->EVP_DigestSign(0x5801051a4810, 0, 0x7ffffc36af40, 0x7ffffc36af50) = 1 <0.000160>
[pid 203] 14:59:36.251409 libssl.so.3->EVP_DigestSign(0x5801051a4810, 0x580105291270, 0x7ffffc36af40, 0x7ffffc36af50) = 1 <0.000423>
[pid 203] 14:59:36.252134 <... SSL_connect resumed> ) = 1 <0.106030>
[pid 203] 14:59:36.252441 oqsprovider.so->OQS_KEM_free(0x580105285270, 0x580105285220, 2, 0x580105285240) = 4 <0.000144>
Handshake duration: 106.25 ms
[pid 203] 14:59:36.254490 +++ exited (status 0) +++
Execution 3 - TLS Mutual
s_connection: verify depth is 1
[pid 205] 14:59:36.310029 openssl->SSL_connect(0x5fb29d5bb890, 0x5fb29d58de50, 0x5fb29d58de50, 0x72484340c360 <unfinished ...>
[pid 205] 14:59:36.310456 libssl.so.3->EVP_PKEY_keygen_init(0x5fb29d58f580, 0, 176, 0x5fb29d58f580) = 1 <0.000133>
[pid 205] 14:59:36.310639 libssl.so.3->EVP_PKEY_keygen(0x5fb29d58f580, 0x7ffd796644f0, 0, 103 <unfinished ...>
[pid 205] 14:59:36.310768 oqsprovider.so->OQS_KEM_new(0x5fb29d5b39a0, 8, 0, 0x5fb29d5c0250) = 0x5fb29d5c0270 <0.000122>
[pid 205] 14:59:36.311011 oqsprovider.so->OQS_KEM_keypair(0x5fb29d5c0270, 0x5fb29d5c8960, 0x5fb29d5ca5c0, 0x5fb29d5c0250) = 0 <0.013036>
[pid 205] 14:59:36.324207 <... EVP_PKEY_keygen resumed> ) = 1 <0.013563>
[pid 205] 14:59:36.365215 libssl.so.3->EVP_PKEY_decapsulate_init(0x5fb29d58f580, 0, 176, 0x5fb29d58f580) = 1 <0.000453>
[pid 205] 14:59:36.365758 libssl.so.3->EVP_PKEY_decapsulate(0x5fb29d58f580, 0, 0x7ffd796644b0, 0x5fb29d5c244a) = 1 <0.000217>
[pid 205] 14:59:36.366077 libssl.so.3->EVP_PKEY_decapsulate(0x5fb29d58f580, 0x5fb29d5ae8b0, 0x7ffd796644b0, 0x5fb29d5c244a <unfinished ...>
[pid 205] 14:59:36.366320 oqsprovider.so->OQS_KEM_decaps(0x5fb29d5c0270, 0x5fb29d5ae8b0, 0x5fb29d5c244a, 0x5fb29d5ca5c0) = 0 <0.039726>
[pid 205] 14:59:36.406282 <... EVP_PKEY_decapsulate resumed> ) = 1 <0.040192>
[pid 205] 14:59:36.407314 libssl.so.3->X509_verify_cert(0x5fb29d5b3b60, 0, 0x8000, 0xffffffff) = 1 <0.000608>
[pid 205] 14:59:36.408235 libssl.so.3->EVP_DigestVerifyInit_ex(0x5fb29d5e8790, 0x7ffd79664558, 0, 0) = 1 <0.000199>
[pid 205] 14:59:36.408498 libssl.so.3->EVP_DigestVerify(0x5fb29d5e8790, 0x5fb29d5c23f8, 4627, 0x7ffd79664560) = 1 <0.000279>
[pid 205] 14:59:36.409018 libssl.so.3->X509_verify_cert(0x5fb29d5b3b60, 1, 1, 0) = 1 <0.000301>
[pid 205] 14:59:36.409685 libssl.so.3->EVP_DigestSignInit_ex(0x5fb29d4df810, 0x7ffd79664540, 0, 0) = 1 <0.000199>
[pid 205] 14:59:36.409978 libssl.so.3->EVP_DigestSign(0x5fb29d4df810, 0, 0x7ffd79664550, 0x7ffd79664560) = 1 <0.000171>
[pid 205] 14:59:36.410199 libssl.so.3->EVP_DigestSign(0x5fb29d4df810, 0x5fb29d5cc270, 0x7ffd79664550, 0x7ffd79664560) = 1 <0.000339>
[pid 205] 14:59:36.410813 <... SSL_connect resumed> ) = 1 <0.100794>
[pid 205] 14:59:36.411214 oqsprovider.so->OQS_KEM_free(0x5fb29d5c0270, 0x5fb29d5c0220, 2, 0x5fb29d5c0240) = 4 <0.000186>
Handshake duration: 101.06 ms
[pid 205] 14:59:36.413533 +++ exited (status 0) +++
Execution 4 - TLS Mutual
s_connection: verify depth is 1
[pid 207] 14:59:36.469145 openssl->SSL_connect(0x5ef9e8337890, 0x5ef9e8309e50, 0x5ef9e8309e50, 0x7f15de3f0360 <unfinished ...>
[pid 207] 14:59:36.469566 libssl.so.3->EVP_PKEY_keygen_init(0x5ef9e830b580, 0, 176, 0x5ef9e830b580) = 1 <0.000138>
[pid 207] 14:59:36.469751 libssl.so.3->EVP_PKEY_keygen(0x5ef9e830b580, 0x7ffe1e2d79b0, 0, 103 <unfinished ...>
[pid 207] 14:59:36.469884 oqsprovider.so->OQS_KEM_new(0x5ef9e832f9a0, 8, 0, 0x5ef9e833c250) = 0x5ef9e833c270 <0.000126>
[pid 207] 14:59:36.470122 oqsprovider.so->OQS_KEM_keypair(0x5ef9e833c270, 0x5ef9e8344960, 0x5ef9e83465c0, 0x5ef9e833c250) = 0 <0.013144>
[pid 207] 14:59:36.483388 <... EVP_PKEY_keygen resumed> ) = 1 <0.013630>
[pid 207] 14:59:36.522667 libssl.so.3->EVP_PKEY_decapsulate_init(0x5ef9e830b580, 0, 176, 0x5ef9e830b580) = 1 <0.000367>
[pid 207] 14:59:36.523093 libssl.so.3->EVP_PKEY_decapsulate(0x5ef9e830b580, 0, 0x7ffe1e2d7970, 0x5ef9e833e44a) = 1 <0.000187>
[pid 207] 14:59:36.523328 libssl.so.3->EVP_PKEY_decapsulate(0x5ef9e830b580, 0x5ef9e832a8b0, 0x7ffe1e2d7970, 0x5ef9e833e44a <unfinished ...>
[pid 207] 14:59:36.523456 oqsprovider.so->OQS_KEM_decaps(0x5ef9e833c270, 0x5ef9e832a8b0, 0x5ef9e833e44a, 0x5ef9e83465c0) = 0 <0.040446>
[pid 207] 14:59:36.564075 <... EVP_PKEY_decapsulate resumed> ) = 1 <0.040714>
[pid 207] 14:59:36.564979 libssl.so.3->X509_verify_cert(0x5ef9e832fb60, 0, 0x8000, 0xffffffff) = 1 <0.000546>
[pid 207] 14:59:36.565737 libssl.so.3->EVP_DigestVerifyInit_ex(0x5ef9e8364790, 0x7ffe1e2d7a18, 0, 0) = 1 <0.000123>
[pid 207] 14:59:36.565905 libssl.so.3->EVP_DigestVerify(0x5ef9e8364790, 0x5ef9e833e3f8, 4627, 0x7ffe1e2d7a20) = 1 <0.000230>
[pid 207] 14:59:36.566394 libssl.so.3->X509_verify_cert(0x5ef9e832fb60, 1, 1, 0) = 1 <0.000277>
[pid 207] 14:59:36.567027 libssl.so.3->EVP_DigestSignInit_ex(0x5ef9e825b810, 0x7ffe1e2d7a00, 0, 0) = 1 <0.000154>
[pid 207] 14:59:36.567219 libssl.so.3->EVP_DigestSign(0x5ef9e825b810, 0, 0x7ffe1e2d7a10, 0x7ffe1e2d7a20) = 1 <0.000126>
[pid 207] 14:59:36.567390 libssl.so.3->EVP_DigestSign(0x5ef9e825b810, 0x5ef9e8348270, 0x7ffe1e2d7a10, 0x7ffe1e2d7a20) = 1 <0.000435>
[pid 207] 14:59:36.568071 <... SSL_connect resumed> ) = 1 <0.098938>
[pid 207] 14:59:36.568336 oqsprovider.so->OQS_KEM_free(0x5ef9e833c270, 0x5ef9e833c220, 2, 0x5ef9e833c240) = 4 <0.000142>
Handshake duration: 99.11 ms
[pid 207] 14:59:36.570574 +++ exited (status 0) +++
Execution 5 - TLS Mutual
s_connection: verify depth is 1
[pid 209] 14:59:36.625075 openssl->SSL_connect(0x596732c10890, 0x596732be2e50, 0x596732be2e50, 0x733a51af3360 <unfinished ...>
[pid 209] 14:59:36.625541 libssl.so.3->EVP_PKEY_keygen_init(0x596732be4580, 0, 176, 0x596732be4580) = 1 <0.000221>
[pid 209] 14:59:36.625855 libssl.so.3->EVP_PKEY_keygen(0x596732be4580, 0x7ffead45e6f0, 0, 103 <unfinished ...>
[pid 209] 14:59:36.626079 oqsprovider.so->OQS_KEM_new(0x596732c089a0, 8, 0, 0x596732c15250) = 0x596732c15270 <0.000165>
[pid 209] 14:59:36.626437 oqsprovider.so->OQS_KEM_keypair(0x596732c15270, 0x596732c1d960, 0x596732c1f5c0, 0x596732c15250) = 0 <0.013873>
[pid 209] 14:59:36.640469 <... EVP_PKEY_keygen resumed> ) = 1 <0.014607>
[pid 209] 14:59:36.680829 libssl.so.3->EVP_PKEY_decapsulate_init(0x596732be4580, 0, 176, 0x596732be4580) = 1 <0.000412>
[pid 209] 14:59:36.681283 libssl.so.3->EVP_PKEY_decapsulate(0x596732be4580, 0, 0x7ffead45e6b0, 0x596732c1744a) = 1 <0.000142>
[pid 209] 14:59:36.681470 libssl.so.3->EVP_PKEY_decapsulate(0x596732be4580, 0x596732c038b0, 0x7ffead45e6b0, 0x596732c1744a <unfinished ...>
[pid 209] 14:59:36.681628 oqsprovider.so->OQS_KEM_decaps(0x596732c15270, 0x596732c038b0, 0x596732c1744a, 0x596732c1f5c0) = 0 <0.039302>
[pid 209] 14:59:36.721075 <... EVP_PKEY_decapsulate resumed> ) = 1 <0.039596>
[pid 209] 14:59:36.722220 libssl.so.3->X509_verify_cert(0x596732c08b60, 0, 0x8000, 0xffffffff) = 1 <0.000592>
[pid 209] 14:59:36.723096 libssl.so.3->EVP_DigestVerifyInit_ex(0x596732c3d790, 0x7ffead45e758, 0, 0) = 1 <0.000158>
[pid 209] 14:59:36.723299 libssl.so.3->EVP_DigestVerify(0x596732c3d790, 0x596732c173f8, 4627, 0x7ffead45e760) = 1 <0.000255>
[pid 209] 14:59:36.723805 libssl.so.3->X509_verify_cert(0x596732c08b60, 1, 1, 0) = 1 <0.000264>
[pid 209] 14:59:36.724411 libssl.so.3->EVP_DigestSignInit_ex(0x596732b34810, 0x7ffead45e740, 0, 0) = 1 <0.000128>
[pid 209] 14:59:36.724585 libssl.so.3->EVP_DigestSign(0x596732b34810, 0, 0x7ffead45e750, 0x7ffead45e760) = 1 <0.000115>
[pid 209] 14:59:36.724745 libssl.so.3->EVP_DigestSign(0x596732b34810, 0x596732c21270, 0x7ffead45e750, 0x7ffead45e760) = 1 <0.000376>
[pid 209] 14:59:36.725390 <... SSL_connect resumed> ) = 1 <0.100342>
[pid 209] 14:59:36.725784 oqsprovider.so->OQS_KEM_free(0x596732c15270, 0x596732c15220, 2, 0x596732c15240) = 4 <0.000164>
Handshake duration: 100.55 ms
[pid 209] 14:59:36.728172 +++ exited (status 0) +++
Execution 6 - TLS Mutual
s_connection: verify depth is 1
[pid 211] 14:59:36.784333 openssl->SSL_connect(0x5673727e2890, 0x5673727b4e50, 0x5673727b4e50, 0x737cff5ee360 <unfinished ...>
[pid 211] 14:59:36.784772 libssl.so.3->EVP_PKEY_keygen_init(0x5673727b6580, 0, 176, 0x5673727b6580) = 1 <0.000148>
[pid 211] 14:59:36.784973 libssl.so.3->EVP_PKEY_keygen(0x5673727b6580, 0x7ffc54c4f500, 0, 103 <unfinished ...>
[pid 211] 14:59:36.785109 oqsprovider.so->OQS_KEM_new(0x5673727da9a0, 8, 0, 0x5673727e7250) = 0x5673727e7270 <0.000127>
[pid 211] 14:59:36.785359 oqsprovider.so->OQS_KEM_keypair(0x5673727e7270, 0x5673727ef960, 0x5673727f15c0, 0x5673727e7250) = 0 <0.020398>
[pid 211] 14:59:36.805923 <... EVP_PKEY_keygen resumed> ) = 1 <0.020936>
[pid 211] 14:59:36.847072 libssl.so.3->EVP_PKEY_decapsulate_init(0x5673727b6580, 0, 176, 0x5673727b6580) = 1 <0.000426>
[pid 211] 14:59:36.847514 libssl.so.3->EVP_PKEY_decapsulate(0x5673727b6580, 0, 0x7ffc54c4f4c0, 0x5673727e944a) = 1 <0.000144>
[pid 211] 14:59:36.847701 libssl.so.3->EVP_PKEY_decapsulate(0x5673727b6580, 0x5673727d58b0, 0x7ffc54c4f4c0, 0x5673727e944a <unfinished ...>
[pid 211] 14:59:36.847818 oqsprovider.so->OQS_KEM_decaps(0x5673727e7270, 0x5673727d58b0, 0x5673727e944a, 0x5673727f15c0) = 0 <0.039697>
[pid 211] 14:59:36.887704 <... EVP_PKEY_decapsulate resumed> ) = 1 <0.039988>
[pid 211] 14:59:36.888691 libssl.so.3->X509_verify_cert(0x5673727dab60, 0, 0x8000, 0xffffffff) = 1 <0.000594>
[pid 211] 14:59:36.889611 libssl.so.3->EVP_DigestVerifyInit_ex(0x56737280f790, 0x7ffc54c4f568, 0, 0) = 1 <0.000184>
[pid 211] 14:59:36.889842 libssl.so.3->EVP_DigestVerify(0x56737280f790, 0x5673727e93f8, 4627, 0x7ffc54c4f570) = 1 <0.000254>
[pid 211] 14:59:36.890330 libssl.so.3->X509_verify_cert(0x5673727dab60, 1, 1, 0) = 1 <0.000294>
[pid 211] 14:59:36.890956 libssl.so.3->EVP_DigestSignInit_ex(0x567372706810, 0x7ffc54c4f550, 0, 0) = 1 <0.000142>
[pid 211] 14:59:36.891142 libssl.so.3->EVP_DigestSign(0x567372706810, 0, 0x7ffc54c4f560, 0x7ffc54c4f570) = 1 <0.000126>
[pid 211] 14:59:36.891313 libssl.so.3->EVP_DigestSign(0x567372706810, 0x5673727f3270, 0x7ffc54c4f560, 0x7ffc54c4f570) = 1 <0.000485>
[pid 211] 14:59:36.892089 <... SSL_connect resumed> ) = 1 <0.107769>
[pid 211] 14:59:36.892347 oqsprovider.so->OQS_KEM_free(0x5673727e7270, 0x5673727e7220, 2, 0x5673727e7240) = 4 <0.000118>
Handshake duration: 107.94 ms
[pid 211] 14:59:36.894481 +++ exited (status 0) +++
Execution 7 - TLS Mutual
s_connection: verify depth is 1
[pid 213] 14:59:36.949588 openssl->SSL_connect(0x57b7d437e890, 0x57b7d4350e50, 0x57b7d4350e50, 0x7b95e9ece360 <unfinished ...>
[pid 213] 14:59:36.950004 libssl.so.3->EVP_PKEY_keygen_init(0x57b7d4352580, 0, 176, 0x57b7d4352580) = 1 <0.000164>
[pid 213] 14:59:36.950218 libssl.so.3->EVP_PKEY_keygen(0x57b7d4352580, 0x7fffc5558f90, 0, 103 <unfinished ...>
[pid 213] 14:59:36.950333 oqsprovider.so->OQS_KEM_new(0x57b7d43769a0, 8, 0, 0x57b7d4383250) = 0x57b7d4383270 <0.000147>
[pid 213] 14:59:36.950591 oqsprovider.so->OQS_KEM_keypair(0x57b7d4383270, 0x57b7d438b960, 0x57b7d438d5c0, 0x57b7d4383250) = 0 <0.013385>
[pid 213] 14:59:36.964147 <... EVP_PKEY_keygen resumed> ) = 1 <0.013920>
[pid 213] 14:59:37.004726 libssl.so.3->EVP_PKEY_decapsulate_init(0x57b7d4352580, 0, 176, 0x57b7d4352580) = 1 <0.000462>
[pid 213] 14:59:37.005231 libssl.so.3->EVP_PKEY_decapsulate(0x57b7d4352580, 0, 0x7fffc5558f50, 0x57b7d438544a) = 1 <0.000136>
[pid 213] 14:59:37.005413 libssl.so.3->EVP_PKEY_decapsulate(0x57b7d4352580, 0x57b7d43718b0, 0x7fffc5558f50, 0x57b7d438544a <unfinished ...>
[pid 213] 14:59:37.005549 oqsprovider.so->OQS_KEM_decaps(0x57b7d4383270, 0x57b7d43718b0, 0x57b7d438544a, 0x57b7d438d5c0) = 0 <0.040895>
[pid 213] 14:59:37.046625 <... EVP_PKEY_decapsulate resumed> ) = 1 <0.041202>
[pid 213] 14:59:37.047724 libssl.so.3->X509_verify_cert(0x57b7d4376b60, 0, 0x8000, 0xffffffff) = 1 <0.000678>
[pid 213] 14:59:37.048672 libssl.so.3->EVP_DigestVerifyInit_ex(0x57b7d43ab790, 0x7fffc5558ff8, 0, 0) = 1 <0.000180>
[pid 213] 14:59:37.048907 libssl.so.3->EVP_DigestVerify(0x57b7d43ab790, 0x57b7d43853f8, 4627, 0x7fffc5559000) = 1 <0.000338>
[pid 213] 14:59:37.049533 libssl.so.3->X509_verify_cert(0x57b7d4376b60, 1, 1, 0) = 1 <0.000303>
[pid 213] 14:59:37.050311 libssl.so.3->EVP_DigestSignInit_ex(0x57b7d42a2810, 0x7fffc5558fe0, 0, 0) = 1 <0.000220>
[pid 213] 14:59:37.050579 libssl.so.3->EVP_DigestSign(0x57b7d42a2810, 0, 0x7fffc5558ff0, 0x7fffc5559000) = 1 <0.000121>
[pid 213] 14:59:37.050747 libssl.so.3->EVP_DigestSign(0x57b7d42a2810, 0x57b7d438f270, 0x7fffc5558ff0, 0x7fffc5559000) = 1 <0.000351>
[pid 213] 14:59:37.051380 <... SSL_connect resumed> ) = 1 <0.101799>
[pid 213] 14:59:37.051646 oqsprovider.so->OQS_KEM_free(0x57b7d4383270, 0x57b7d4383220, 2, 0x57b7d4383240) = 4 <0.000131>
Handshake duration: 101.98 ms
[pid 213] 14:59:37.054392 +++ exited (status 0) +++
Execution 8 - TLS Mutual
s_connection: verify depth is 1
[pid 215] 14:59:37.115348 openssl->SSL_connect(0x5b6795393890, 0x5b6795365e50, 0x5b6795365e50, 0x747e68d20360 <unfinished ...>
[pid 215] 14:59:37.115848 libssl.so.3->EVP_PKEY_keygen_init(0x5b6795367580, 0, 176, 0x5b6795367580) = 1 <0.000153>
[pid 215] 14:59:37.116074 libssl.so.3->EVP_PKEY_keygen(0x5b6795367580, 0x7ffd0c190fb0, 0, 103 <unfinished ...>
[pid 215] 14:59:37.116207 oqsprovider.so->OQS_KEM_new(0x5b679538b9a0, 8, 0, 0x5b6795398250) = 0x5b6795398270 <0.000127>
[pid 215] 14:59:37.116442 oqsprovider.so->OQS_KEM_keypair(0x5b6795398270, 0x5b67953a0960, 0x5b67953a25c0, 0x5b6795398250) = 0 <0.016147>
[pid 215] 14:59:37.132824 <... EVP_PKEY_keygen resumed> ) = 1 <0.016740>
[pid 215] 14:59:37.174736 libssl.so.3->EVP_PKEY_decapsulate_init(0x5b6795367580, 0, 176, 0x5b6795367580) = 1 <0.000548>
[pid 215] 14:59:37.175328 libssl.so.3->EVP_PKEY_decapsulate(0x5b6795367580, 0, 0x7ffd0c190f70, 0x5b679539a44a) = 1 <0.000125>
[pid 215] 14:59:37.175500 libssl.so.3->EVP_PKEY_decapsulate(0x5b6795367580, 0x5b67953868b0, 0x7ffd0c190f70, 0x5b679539a44a <unfinished ...>
[pid 215] 14:59:37.175685 oqsprovider.so->OQS_KEM_decaps(0x5b6795398270, 0x5b67953868b0, 0x5b679539a44a, 0x5b67953a25c0) = 0 <0.039538>
[pid 215] 14:59:37.215385 <... EVP_PKEY_decapsulate resumed> ) = 1 <0.039876>
[pid 215] 14:59:37.216370 libssl.so.3->X509_verify_cert(0x5b679538bb60, 0, 0x8000, 0xffffffff) = 1 <0.000582>
[pid 215] 14:59:37.217197 libssl.so.3->EVP_DigestVerifyInit_ex(0x5b67953c0790, 0x7ffd0c191018, 0, 0) = 1 <0.000137>
[pid 215] 14:59:37.217371 libssl.so.3->EVP_DigestVerify(0x5b67953c0790, 0x5b679539a3f8, 4627, 0x7ffd0c191020) = 1 <0.000211>
[pid 215] 14:59:37.217801 libssl.so.3->X509_verify_cert(0x5b679538bb60, 1, 1, 0) = 1 <0.000271>
[pid 215] 14:59:37.218427 libssl.so.3->EVP_DigestSignInit_ex(0x5b67952b7810, 0x7ffd0c191000, 0, 0) = 1 <0.000136>
[pid 215] 14:59:37.218609 libssl.so.3->EVP_DigestSign(0x5b67952b7810, 0, 0x7ffd0c191010, 0x7ffd0c191020) = 1 <0.000150>
[pid 215] 14:59:37.218804 libssl.so.3->EVP_DigestSign(0x5b67952b7810, 0x5b67953a4270, 0x7ffd0c191010, 0x7ffd0c191020) = 1 <0.000511>
[pid 215] 14:59:37.219732 <... SSL_connect resumed> ) = 1 <0.104390>
[pid 215] 14:59:37.220196 oqsprovider.so->OQS_KEM_free(0x5b6795398270, 0x5b6795398220, 2, 0x5b6795398240) = 4 <0.000187>
Handshake duration: 104.67 ms
[pid 215] 14:59:37.222994 +++ exited (status 0) +++
Execution 9 - TLS Mutual
s_connection: verify depth is 1
[pid 217] 14:59:37.280104 openssl->SSL_connect(0x61ba1f649890, 0x61ba1f61be50, 0x61ba1f61be50, 0x7c1f5f2e2360 <unfinished ...>
[pid 217] 14:59:37.280631 libssl.so.3->EVP_PKEY_keygen_init(0x61ba1f61d580, 0, 176, 0x61ba1f61d580) = 1 <0.000205>
[pid 217] 14:59:37.280898 libssl.so.3->EVP_PKEY_keygen(0x61ba1f61d580, 0x7ffdb3b3bdf0, 0, 103 <unfinished ...>
[pid 217] 14:59:37.281086 oqsprovider.so->OQS_KEM_new(0x61ba1f6419a0, 8, 0, 0x61ba1f64e250) = 0x61ba1f64e270 <0.000153>
[pid 217] 14:59:37.281465 oqsprovider.so->OQS_KEM_keypair(0x61ba1f64e270, 0x61ba1f656960, 0x61ba1f6585c0, 0x61ba1f64e250) = 0 <0.013254>
[pid 217] 14:59:37.294881 <... EVP_PKEY_keygen resumed> ) = 1 <0.013972>
[pid 217] 14:59:37.337066 libssl.so.3->EVP_PKEY_decapsulate_init(0x61ba1f61d580, 0, 176, 0x61ba1f61d580) = 1 <0.000534>
[pid 217] 14:59:37.337666 libssl.so.3->EVP_PKEY_decapsulate(0x61ba1f61d580, 0, 0x7ffdb3b3bdb0, 0x61ba1f65044a) = 1 <0.000161>
[pid 217] 14:59:37.337881 libssl.so.3->EVP_PKEY_decapsulate(0x61ba1f61d580, 0x61ba1f63c8b0, 0x7ffdb3b3bdb0, 0x61ba1f65044a <unfinished ...>
[pid 217] 14:59:37.338072 oqsprovider.so->OQS_KEM_decaps(0x61ba1f64e270, 0x61ba1f63c8b0, 0x61ba1f65044a, 0x61ba1f6585c0) = 0 <0.040661>
[pid 217] 14:59:37.378871 <... EVP_PKEY_decapsulate resumed> ) = 1 <0.040978>
[pid 217] 14:59:37.379844 libssl.so.3->X509_verify_cert(0x61ba1f641b60, 0, 0x8000, 0xffffffff) = 1 <0.000574>
[pid 217] 14:59:37.380654 libssl.so.3->EVP_DigestVerifyInit_ex(0x61ba1f676790, 0x7ffdb3b3be58, 0, 0) = 1 <0.000146>
[pid 217] 14:59:37.380846 libssl.so.3->EVP_DigestVerify(0x61ba1f676790, 0x61ba1f6503f8, 4627, 0x7ffdb3b3be60) = 1 <0.000255>
[pid 217] 14:59:37.381323 libssl.so.3->X509_verify_cert(0x61ba1f641b60, 1, 1, 0) = 1 <0.000271>
[pid 217] 14:59:37.381936 libssl.so.3->EVP_DigestSignInit_ex(0x61ba1f56d810, 0x7ffdb3b3be40, 0, 0) = 1 <0.000163>
[pid 217] 14:59:37.382158 libssl.so.3->EVP_DigestSign(0x61ba1f56d810, 0, 0x7ffdb3b3be50, 0x7ffdb3b3be60) = 1 <0.000163>
[pid 217] 14:59:37.382398 libssl.so.3->EVP_DigestSign(0x61ba1f56d810, 0x61ba1f65a270, 0x7ffdb3b3be50, 0x7ffdb3b3be60) = 1 <0.000374>
[pid 217] 14:59:37.383109 <... SSL_connect resumed> ) = 1 <0.103012>
[pid 217] 14:59:37.383385 oqsprovider.so->OQS_KEM_free(0x61ba1f64e270, 0x61ba1f64e220, 2, 0x61ba1f64e240) = 4 <0.000138>
Handshake duration: 103.31 ms
[pid 217] 14:59:37.385391 +++ exited (status 0) +++
Execution 10 - TLS Mutual
s_connection: verify depth is 1
[pid 219] 14:59:37.445481 openssl->SSL_connect(0x589f15381890, 0x589f15353e50, 0x589f15353e50, 0x7e4022e7f360 <unfinished ...>
[pid 219] 14:59:37.445946 libssl.so.3->EVP_PKEY_keygen_init(0x589f15355580, 0, 176, 0x589f15355580) = 1 <0.000219>
[pid 219] 14:59:37.446230 libssl.so.3->EVP_PKEY_keygen(0x589f15355580, 0x7ffff0307e90, 0, 103 <unfinished ...>
[pid 219] 14:59:37.446373 oqsprovider.so->OQS_KEM_new(0x589f153799a0, 8, 0, 0x589f15386250) = 0x589f15386270 <0.000120>
[pid 219] 14:59:37.446602 oqsprovider.so->OQS_KEM_keypair(0x589f15386270, 0x589f1538e960, 0x589f153905c0, 0x589f15386250) = 0 <0.012814>
[pid 219] 14:59:37.459506 <... EVP_PKEY_keygen resumed> ) = 1 <0.013271>
[pid 219] 14:59:37.500156 libssl.so.3->EVP_PKEY_decapsulate_init(0x589f15355580, 0, 176, 0x589f15355580) = 1 <0.000418>
[pid 219] 14:59:37.500625 libssl.so.3->EVP_PKEY_decapsulate(0x589f15355580, 0, 0x7ffff0307e50, 0x589f1538844a) = 1 <0.000134>
[pid 219] 14:59:37.500802 libssl.so.3->EVP_PKEY_decapsulate(0x589f15355580, 0x589f153748b0, 0x7ffff0307e50, 0x589f1538844a <unfinished ...>
[pid 219] 14:59:37.500923 oqsprovider.so->OQS_KEM_decaps(0x589f15386270, 0x589f153748b0, 0x589f1538844a, 0x589f153905c0) = 0 <0.039443>
[pid 219] 14:59:37.540518 <... EVP_PKEY_decapsulate resumed> ) = 1 <0.039704>
[pid 219] 14:59:37.541487 libssl.so.3->X509_verify_cert(0x589f15379b60, 0, 0x8000, 0xffffffff) = 1 <0.000545>
[pid 219] 14:59:37.542262 libssl.so.3->EVP_DigestVerifyInit_ex(0x589f153ae790, 0x7ffff0307ef8, 0, 0) = 1 <0.000139>
[pid 219] 14:59:37.542445 libssl.so.3->EVP_DigestVerify(0x589f153ae790, 0x589f153883f8, 4627, 0x7ffff0307f00) = 1 <0.000218>
[pid 219] 14:59:37.542887 libssl.so.3->X509_verify_cert(0x589f15379b60, 1, 1, 0) = 1 <0.000271>
[pid 219] 14:59:37.543504 libssl.so.3->EVP_DigestSignInit_ex(0x589f152a5810, 0x7ffff0307ee0, 0, 0) = 1 <0.000141>
[pid 219] 14:59:37.543690 libssl.so.3->EVP_DigestSign(0x589f152a5810, 0, 0x7ffff0307ef0, 0x7ffff0307f00) = 1 <0.000124>
[pid 219] 14:59:37.543860 libssl.so.3->EVP_DigestSign(0x589f152a5810, 0x589f15392270, 0x7ffff0307ef0, 0x7ffff0307f00) = 1 <0.000354>
[pid 219] 14:59:37.544485 <... SSL_connect resumed> ) = 1 <0.099014>
[pid 219] 14:59:37.544759 oqsprovider.so->OQS_KEM_free(0x589f15386270, 0x589f15386220, 2, 0x589f15386240) = 4 <0.000114>
Handshake duration: 99.20 ms
[pid 219] 14:59:37.547166 +++ exited (status 0) +++
Execution 11 - TLS Mutual
s_connection: verify depth is 1
[pid 221] 14:59:37.606399 openssl->SSL_connect(0x62d6d886a890, 0x62d6d883ce50, 0x62d6d883ce50, 0x7da898e44360 <unfinished ...>
[pid 221] 14:59:37.606842 libssl.so.3->EVP_PKEY_keygen_init(0x62d6d883e580, 0, 176, 0x62d6d883e580) = 1 <0.000175>
[pid 221] 14:59:37.607079 libssl.so.3->EVP_PKEY_keygen(0x62d6d883e580, 0x7ffd21e73a90, 0, 103 <unfinished ...>
[pid 221] 14:59:37.607201 oqsprovider.so->OQS_KEM_new(0x62d6d88629a0, 8, 0, 0x62d6d886f250) = 0x62d6d886f270 <0.000114>
[pid 221] 14:59:37.607417 oqsprovider.so->OQS_KEM_keypair(0x62d6d886f270, 0x62d6d8877960, 0x62d6d88795c0, 0x62d6d886f250) = 0 <0.012859>
[pid 221] 14:59:37.620397 <... EVP_PKEY_keygen resumed> ) = 1 <0.013313>
[pid 221] 14:59:37.663314 libssl.so.3->EVP_PKEY_decapsulate_init(0x62d6d883e580, 0, 176, 0x62d6d883e580) = 1 <0.000425>
[pid 221] 14:59:37.663783 libssl.so.3->EVP_PKEY_decapsulate(0x62d6d883e580, 0, 0x7ffd21e73a50, 0x62d6d887144a) = 1 <0.000134>
[pid 221] 14:59:37.663964 libssl.so.3->EVP_PKEY_decapsulate(0x62d6d883e580, 0x62d6d885d8b0, 0x7ffd21e73a50, 0x62d6d887144a <unfinished ...>
[pid 221] 14:59:37.664091 oqsprovider.so->OQS_KEM_decaps(0x62d6d886f270, 0x62d6d885d8b0, 0x62d6d887144a, 0x62d6d88795c0) = 0 <0.040329>
[pid 221] 14:59:37.704584 <... EVP_PKEY_decapsulate resumed> ) = 1 <0.040606>
[pid 221] 14:59:37.705608 libssl.so.3->X509_verify_cert(0x62d6d8862b60, 0, 0x8000, 0xffffffff) = 1 <0.000579>
[pid 221] 14:59:37.706417 libssl.so.3->EVP_DigestVerifyInit_ex(0x62d6d8897790, 0x7ffd21e73af8, 0, 0) = 1 <0.000166>
[pid 221] 14:59:37.706634 libssl.so.3->EVP_DigestVerify(0x62d6d8897790, 0x62d6d88713f8, 4627, 0x7ffd21e73b00) = 1 <0.000285>
[pid 221] 14:59:37.707237 libssl.so.3->X509_verify_cert(0x62d6d8862b60, 1, 1, 0) = 1 <0.000313>
[pid 221] 14:59:37.707942 libssl.so.3->EVP_DigestSignInit_ex(0x62d6d878e810, 0x7ffd21e73ae0, 0, 0) = 1 <0.000168>
[pid 221] 14:59:37.708180 libssl.so.3->EVP_DigestSign(0x62d6d878e810, 0, 0x7ffd21e73af0, 0x7ffd21e73b00) = 1 <0.000146>
[pid 221] 14:59:37.708372 libssl.so.3->EVP_DigestSign(0x62d6d878e810, 0x62d6d887b270, 0x7ffd21e73af0, 0x7ffd21e73b00) = 1 <0.000324>
[pid 221] 14:59:37.709167 <... SSL_connect resumed> ) = 1 <0.102752>
[pid 221] 14:59:37.709392 oqsprovider.so->OQS_KEM_free(0x62d6d886f270, 0x62d6d886f220, 2, 0x62d6d886f240) = 4 <0.000189>
Handshake duration: 102.95 ms
[pid 221] 14:59:37.712565 +++ exited (status 0) +++
Execution 12 - TLS Mutual
s_connection: verify depth is 1
[pid 223] 14:59:37.774147 openssl->SSL_connect(0x5e5e1e57d890, 0x5e5e1e54fe50, 0x5e5e1e54fe50, 0x78f63dcdf360 <unfinished ...>
[pid 223] 14:59:37.774645 libssl.so.3->EVP_PKEY_keygen_init(0x5e5e1e551580, 0, 176, 0x5e5e1e551580) = 1 <0.000268>
[pid 223] 14:59:37.775070 libssl.so.3->EVP_PKEY_keygen(0x5e5e1e551580, 0x7ffe3120a1d0, 0, 103 <unfinished ...>
[pid 223] 14:59:37.775294 oqsprovider.so->OQS_KEM_new(0x5e5e1e5759a0, 8, 0, 0x5e5e1e582250) = 0x5e5e1e582270 <0.000203>
[pid 223] 14:59:37.775622 oqsprovider.so->OQS_KEM_keypair(0x5e5e1e582270, 0x5e5e1e58a960, 0x5e5e1e58c5c0, 0x5e5e1e582250) = 0 <0.013131>
[pid 223] 14:59:37.788872 <... EVP_PKEY_keygen resumed> ) = 1 <0.013793>
[pid 223] 14:59:37.831698 libssl.so.3->EVP_PKEY_decapsulate_init(0x5e5e1e551580, 0, 176, 0x5e5e1e551580) = 1 <0.000559>
[pid 223] 14:59:37.832335 libssl.so.3->EVP_PKEY_decapsulate(0x5e5e1e551580, 0, 0x7ffe3120a190, 0x5e5e1e58444a) = 1 <0.000176>
[pid 223] 14:59:37.832592 libssl.so.3->EVP_PKEY_decapsulate(0x5e5e1e551580, 0x5e5e1e5708b0, 0x7ffe3120a190, 0x5e5e1e58444a <unfinished ...>
[pid 223] 14:59:37.832799 oqsprovider.so->OQS_KEM_decaps(0x5e5e1e582270, 0x5e5e1e5708b0, 0x5e5e1e58444a, 0x5e5e1e58c5c0) = 0 <0.043966>
[pid 223] 14:59:37.876931 <... EVP_PKEY_decapsulate resumed> ) = 1 <0.044336>
[pid 223] 14:59:37.878042 libssl.so.3->X509_verify_cert(0x5e5e1e575b60, 0, 0x8000, 0xffffffff) = 1 <0.000588>
[pid 223] 14:59:37.878920 libssl.so.3->EVP_DigestVerifyInit_ex(0x5e5e1e5aa790, 0x7ffe3120a238, 0, 0) = 1 <0.000250>
[pid 223] 14:59:37.879243 libssl.so.3->EVP_DigestVerify(0x5e5e1e5aa790, 0x5e5e1e5843f8, 4627, 0x7ffe3120a240) = 1 <0.000276>
[pid 223] 14:59:37.879756 libssl.so.3->X509_verify_cert(0x5e5e1e575b60, 1, 1, 0) = 1 <0.000270>
[pid 223] 14:59:37.880448 libssl.so.3->EVP_DigestSignInit_ex(0x5e5e1e4a1810, 0x7ffe3120a220, 0, 0) = 1 <0.000204>
[pid 223] 14:59:37.880710 libssl.so.3->EVP_DigestSign(0x5e5e1e4a1810, 0, 0x7ffe3120a230, 0x7ffe3120a240) = 1 <0.000148>
[pid 223] 14:59:37.880936 libssl.so.3->EVP_DigestSign(0x5e5e1e4a1810, 0x5e5e1e58e270, 0x7ffe3120a230, 0x7ffe3120a240) = 1 <0.000457>
[pid 223] 14:59:37.881974 <... SSL_connect resumed> ) = 1 <0.107835>
[pid 223] 14:59:37.882202 oqsprovider.so->OQS_KEM_free(0x5e5e1e582270, 0x5e5e1e582220, 2, 0x5e5e1e582240) = 4 <0.000149>
Handshake duration: 108.06 ms
[pid 223] 14:59:37.884898 +++ exited (status 0) +++
Execution 13 - TLS Mutual
s_connection: verify depth is 1
[pid 225] 14:59:37.970324 openssl->SSL_connect(0x5acd1de57890, 0x5acd1de29e50, 0x5acd1de29e50, 0x742c97039360 <unfinished ...>
[pid 225] 14:59:37.970817 libssl.so.3->EVP_PKEY_keygen_init(0x5acd1de2b580, 0, 176, 0x5acd1de2b580) = 1 <0.000243>
[pid 225] 14:59:37.971135 libssl.so.3->EVP_PKEY_keygen(0x5acd1de2b580, 0x7fff6a564150, 0, 103 <unfinished ...>
[pid 225] 14:59:37.971297 oqsprovider.so->OQS_KEM_new(0x5acd1de4f9a0, 8, 0, 0x5acd1de5c250) = 0x5acd1de5c270 <0.000158>
[pid 225] 14:59:37.971579 oqsprovider.so->OQS_KEM_keypair(0x5acd1de5c270, 0x5acd1de64960, 0x5acd1de665c0, 0x5acd1de5c250) = 0 <0.012864>
[pid 225] 14:59:37.984573 <... EVP_PKEY_keygen resumed> ) = 1 <0.013427>
[pid 225] 14:59:38.040029 libssl.so.3->EVP_PKEY_decapsulate_init(0x5acd1de2b580, 0, 176, 0x5acd1de2b580) = 1 <0.000505>
[pid 225] 14:59:38.040574 libssl.so.3->EVP_PKEY_decapsulate(0x5acd1de2b580, 0, 0x7fff6a564110, 0x5acd1de5e44a) = 1 <0.000122>
[pid 225] 14:59:38.040782 libssl.so.3->EVP_PKEY_decapsulate(0x5acd1de2b580, 0x5acd1de4a8b0, 0x7fff6a564110, 0x5acd1de5e44a <unfinished ...>
[pid 225] 14:59:38.041038 oqsprovider.so->OQS_KEM_decaps(0x5acd1de5c270, 0x5acd1de4a8b0, 0x5acd1de5e44a, 0x5acd1de665c0) = 0 <0.050696>
[pid 225] 14:59:38.091938 <... EVP_PKEY_decapsulate resumed> ) = 1 <0.051138>
[pid 225] 14:59:38.093160 libssl.so.3->X509_verify_cert(0x5acd1de4fb60, 0, 0x8000, 0xffffffff) = 1 <0.000606>
[pid 225] 14:59:38.094043 libssl.so.3->EVP_DigestVerifyInit_ex(0x5acd1de84790, 0x7fff6a5641b8, 0, 0) = 1 <0.000198>
[pid 225] 14:59:38.094291 libssl.so.3->EVP_DigestVerify(0x5acd1de84790, 0x5acd1de5e3f8, 4627, 0x7fff6a5641c0) = 1 <0.000300>
[pid 225] 14:59:38.094912 libssl.so.3->X509_verify_cert(0x5acd1de4fb60, 1, 1, 0) = 1 <0.000431>
[pid 225] 14:59:38.095865 libssl.so.3->EVP_DigestSignInit_ex(0x5acd1dd7b810, 0x7fff6a5641a0, 0, 0) = 1 <0.000227>
[pid 225] 14:59:38.096140 libssl.so.3->EVP_DigestSign(0x5acd1dd7b810, 0, 0x7fff6a5641b0, 0x7fff6a5641c0) = 1 <0.000115>
[pid 225] 14:59:38.096301 libssl.so.3->EVP_DigestSign(0x5acd1dd7b810, 0x5acd1de68270, 0x7fff6a5641b0, 0x7fff6a5641c0) = 1 <0.000688>
[pid 225] 14:59:38.097359 <... SSL_connect resumed> ) = 1 <0.127035>
[pid 225] 14:59:38.097655 oqsprovider.so->OQS_KEM_free(0x5acd1de5c270, 0x5acd1de5c220, 2, 0x5acd1de5c240) = 4 <0.000405>
Handshake duration: 127.24 ms
[pid 225] 14:59:38.100698 +++ exited (status 0) +++
Execution 14 - TLS Mutual
s_connection: verify depth is 1
[pid 227] 14:59:38.156280 openssl->SSL_connect(0x5c2727860890, 0x5c2727832e50, 0x5c2727832e50, 0x73e77cccf360 <unfinished ...>
[pid 227] 14:59:38.156734 libssl.so.3->EVP_PKEY_keygen_init(0x5c2727834580, 0, 176, 0x5c2727834580) = 1 <0.000160>
[pid 227] 14:59:38.156946 libssl.so.3->EVP_PKEY_keygen(0x5c2727834580, 0x7ffd3b03c950, 0, 103 <unfinished ...>
[pid 227] 14:59:38.157120 oqsprovider.so->OQS_KEM_new(0x5c27278589a0, 8, 0, 0x5c2727865250) = 0x5c2727865270 <0.000184>
[pid 227] 14:59:38.157410 oqsprovider.so->OQS_KEM_keypair(0x5c2727865270, 0x5c272786d960, 0x5c272786f5c0, 0x5c2727865250) = 0 <0.013055>
[pid 227] 14:59:38.171721 <... EVP_PKEY_keygen resumed> ) = 1 <0.014746>
[pid 227] 14:59:38.212808 libssl.so.3->EVP_PKEY_decapsulate_init(0x5c2727834580, 0, 176, 0x5c2727834580) = 1 <0.000423>
[pid 227] 14:59:38.213329 libssl.so.3->EVP_PKEY_decapsulate(0x5c2727834580, 0, 0x7ffd3b03c910, 0x5c272786744a) = 1 <0.000145>
[pid 227] 14:59:38.213539 libssl.so.3->EVP_PKEY_decapsulate(0x5c2727834580, 0x5c27278538b0, 0x7ffd3b03c910, 0x5c272786744a <unfinished ...>
[pid 227] 14:59:38.213670 oqsprovider.so->OQS_KEM_decaps(0x5c2727865270, 0x5c27278538b0, 0x5c272786744a, 0x5c272786f5c0) = 0 <0.039827>
[pid 227] 14:59:38.253702 <... EVP_PKEY_decapsulate resumed> ) = 1 <0.040135>
[pid 227] 14:59:38.254847 libssl.so.3->X509_verify_cert(0x5c2727858b60, 0, 0x8000, 0xffffffff) = 1 <0.000687>
[pid 227] 14:59:38.255855 libssl.so.3->EVP_DigestVerifyInit_ex(0x5c272788d790, 0x7ffd3b03c9b8, 0, 0) = 1 <0.000211>
[pid 227] 14:59:38.256129 libssl.so.3->EVP_DigestVerify(0x5c272788d790, 0x5c27278673f8, 4627, 0x7ffd3b03c9c0) = 1 <0.000275>
[pid 227] 14:59:38.256780 libssl.so.3->X509_verify_cert(0x5c2727858b60, 1, 1, 0) = 1 <0.000356>
[pid 227] 14:59:38.257534 libssl.so.3->EVP_DigestSignInit_ex(0x5c2727784810, 0x7ffd3b03c9a0, 0, 0) = 1 <0.000194>
[pid 227] 14:59:38.257792 libssl.so.3->EVP_DigestSign(0x5c2727784810, 0, 0x7ffd3b03c9b0, 0x7ffd3b03c9c0) = 1 <0.000142>
[pid 227] 14:59:38.258003 libssl.so.3->EVP_DigestSign(0x5c2727784810, 0x5c2727871270, 0x7ffd3b03c9b0, 0x7ffd3b03c9c0) = 1 <0.000404>
[pid 227] 14:59:38.258877 <... SSL_connect resumed> ) = 1 <0.102602>
[pid 227] 14:59:38.259504 oqsprovider.so->OQS_KEM_free(0x5c2727865270, 0x5c2727865220, 2, 0x5c2727865240) = 4 <0.000151>
Handshake duration: 102.92 ms
[pid 227] 14:59:38.262118 +++ exited (status 0) +++
Execution 15 - TLS Mutual
s_connection: verify depth is 1
[pid 229] 14:59:38.319287 openssl->SSL_connect(0x5d513838d890, 0x5d513835fe50, 0x5d513835fe50, 0x73f3f958d360 <unfinished ...>
[pid 229] 14:59:38.319687 libssl.so.3->EVP_PKEY_keygen_init(0x5d5138361580, 0, 176, 0x5d5138361580) = 1 <0.000135>
[pid 229] 14:59:38.319867 libssl.so.3->EVP_PKEY_keygen(0x5d5138361580, 0x7ffd19c2b8c0, 0, 103 <unfinished ...>
[pid 229] 14:59:38.319984 oqsprovider.so->OQS_KEM_new(0x5d51383859a0, 8, 0, 0x5d5138392250) = 0x5d5138392270 <0.000123>
[pid 229] 14:59:38.320206 oqsprovider.so->OQS_KEM_keypair(0x5d5138392270, 0x5d513839a960, 0x5d513839c5c0, 0x5d5138392250) = 0 <0.013503>
[pid 229] 14:59:38.333885 <... EVP_PKEY_keygen resumed> ) = 1 <0.014000>
[pid 229] 14:59:38.375806 libssl.so.3->EVP_PKEY_decapsulate_init(0x5d5138361580, 0, 176, 0x5d5138361580) = 1 <0.000462>
[pid 229] 14:59:38.376349 libssl.so.3->EVP_PKEY_decapsulate(0x5d5138361580, 0, 0x7ffd19c2b880, 0x5d513839444a) = 1 <0.000140>
[pid 229] 14:59:38.376537 libssl.so.3->EVP_PKEY_decapsulate(0x5d5138361580, 0x5d51383808b0, 0x7ffd19c2b880, 0x5d513839444a <unfinished ...>
[pid 229] 14:59:38.376678 oqsprovider.so->OQS_KEM_decaps(0x5d5138392270, 0x5d51383808b0, 0x5d513839444a, 0x5d513839c5c0) = 0 <0.040553>
[pid 229] 14:59:38.417379 <... EVP_PKEY_decapsulate resumed> ) = 1 <0.040831>
[pid 229] 14:59:38.418421 libssl.so.3->X509_verify_cert(0x5d5138385b60, 0, 0x8000, 0xffffffff) = 1 <0.000568>
[pid 229] 14:59:38.419232 libssl.so.3->EVP_DigestVerifyInit_ex(0x5d51383ba790, 0x7ffd19c2b928, 0, 0) = 1 <0.000138>
[pid 229] 14:59:38.419410 libssl.so.3->EVP_DigestVerify(0x5d51383ba790, 0x5d51383943f8, 4627, 0x7ffd19c2b930) = 1 <0.000204>
[pid 229] 14:59:38.419879 libssl.so.3->X509_verify_cert(0x5d5138385b60, 1, 1, 0) = 1 <0.000348>
[pid 229] 14:59:38.420610 libssl.so.3->EVP_DigestSignInit_ex(0x5d51382b1810, 0x7ffd19c2b910, 0, 0) = 1 <0.000249>
[pid 229] 14:59:38.420915 libssl.so.3->EVP_DigestSign(0x5d51382b1810, 0, 0x7ffd19c2b920, 0x7ffd19c2b930) = 1 <0.000197>
[pid 229] 14:59:38.421166 libssl.so.3->EVP_DigestSign(0x5d51382b1810, 0x5d513839e270, 0x7ffd19c2b920, 0x7ffd19c2b930) = 1 <0.000624>
[pid 229] 14:59:38.422105 <... SSL_connect resumed> ) = 1 <0.102824>
[pid 229] 14:59:38.422376 oqsprovider.so->OQS_KEM_free(0x5d5138392270, 0x5d5138392220, 2, 0x5d5138392240) = 4 <0.000147>
Handshake duration: 102.99 ms
[pid 229] 14:59:38.424824 +++ exited (status 0) +++
Execution 16 - TLS Mutual
s_connection: verify depth is 1
[pid 231] 14:59:38.479550 openssl->SSL_connect(0x6431a4280890, 0x6431a4252e50, 0x6431a4252e50, 0x7990db730360 <unfinished ...>
[pid 231] 14:59:38.480005 libssl.so.3->EVP_PKEY_keygen_init(0x6431a4254580, 0, 176, 0x6431a4254580) = 1 <0.000224>
[pid 231] 14:59:38.480294 libssl.so.3->EVP_PKEY_keygen(0x6431a4254580, 0x7fff86421a80, 0, 103 <unfinished ...>
[pid 231] 14:59:38.480421 oqsprovider.so->OQS_KEM_new(0x6431a42789a0, 8, 0, 0x6431a4285250) = 0x6431a4285270 <0.000118>
[pid 231] 14:59:38.480665 oqsprovider.so->OQS_KEM_keypair(0x6431a4285270, 0x6431a428d960, 0x6431a428f5c0, 0x6431a4285250) = 0 <0.013631>
[pid 231] 14:59:38.494477 <... EVP_PKEY_keygen resumed> ) = 1 <0.014174>
[pid 231] 14:59:38.536716 libssl.so.3->EVP_PKEY_decapsulate_init(0x6431a4254580, 0, 176, 0x6431a4254580) = 1 <0.000533>
[pid 231] 14:59:38.537336 libssl.so.3->EVP_PKEY_decapsulate(0x6431a4254580, 0, 0x7fff86421a40, 0x6431a428744a) = 1 <0.000253>
[pid 231] 14:59:38.537675 libssl.so.3->EVP_PKEY_decapsulate(0x6431a4254580, 0x6431a42738b0, 0x7fff86421a40, 0x6431a428744a <unfinished ...>
[pid 231] 14:59:38.537904 oqsprovider.so->OQS_KEM_decaps(0x6431a4285270, 0x6431a42738b0, 0x6431a428744a, 0x6431a428f5c0) = 0 <0.041040>
[pid 231] 14:59:38.579309 <... EVP_PKEY_decapsulate resumed> ) = 1 <0.041598>
[pid 231] 14:59:38.580477 libssl.so.3->X509_verify_cert(0x6431a4278b60, 0, 0x8000, 0xffffffff) = 1 <0.000600>
[pid 231] 14:59:38.581300 libssl.so.3->EVP_DigestVerifyInit_ex(0x6431a42ad790, 0x7fff86421ae8, 0, 0) = 1 <0.000151>
[pid 231] 14:59:38.581497 libssl.so.3->EVP_DigestVerify(0x6431a42ad790, 0x6431a42873f8, 4627, 0x7fff86421af0) = 1 <0.000225>
[pid 231] 14:59:38.581961 libssl.so.3->X509_verify_cert(0x6431a4278b60, 1, 1, 0) = 1 <0.000311>
[pid 231] 14:59:38.582676 libssl.so.3->EVP_DigestSignInit_ex(0x6431a41a4810, 0x7fff86421ad0, 0, 0) = 1 <0.000188>
[pid 231] 14:59:38.582907 libssl.so.3->EVP_DigestSign(0x6431a41a4810, 0, 0x7fff86421ae0, 0x7fff86421af0) = 1 <0.000135>
[pid 231] 14:59:38.583097 libssl.so.3->EVP_DigestSign(0x6431a41a4810, 0x6431a4291270, 0x7fff86421ae0, 0x7fff86421af0) = 1 <0.000423>
[pid 231] 14:59:38.583887 <... SSL_connect resumed> ) = 1 <0.104344>
[pid 231] 14:59:38.584200 oqsprovider.so->OQS_KEM_free(0x6431a4285270, 0x6431a4285220, 2, 0x6431a4285240) = 4 <0.000155>
Handshake duration: 104.53 ms
[pid 231] 14:59:38.586736 +++ exited (status 0) +++
Execution 17 - TLS Mutual
s_connection: verify depth is 1
[pid 233] 14:59:38.643434 openssl->SSL_connect(0x61fd57b4e890, 0x61fd57b20e50, 0x61fd57b20e50, 0x76b5a47f6360 <unfinished ...>
[pid 233] 14:59:38.643872 libssl.so.3->EVP_PKEY_keygen_init(0x61fd57b22580, 0, 176, 0x61fd57b22580) = 1 <0.000161>
[pid 233] 14:59:38.644092 libssl.so.3->EVP_PKEY_keygen(0x61fd57b22580, 0x7ffd472219b0, 0, 103 <unfinished ...>
[pid 233] 14:59:38.644266 oqsprovider.so->OQS_KEM_new(0x61fd57b469a0, 8, 0, 0x61fd57b53250) = 0x61fd57b53270 <0.000137>
[pid 233] 14:59:38.644529 oqsprovider.so->OQS_KEM_keypair(0x61fd57b53270, 0x61fd57b5b960, 0x61fd57b5d5c0, 0x61fd57b53250) = 0 <0.013123>
[pid 233] 14:59:38.657800 <... EVP_PKEY_keygen resumed> ) = 1 <0.013698>
[pid 233] 14:59:38.698069 libssl.so.3->EVP_PKEY_decapsulate_init(0x61fd57b22580, 0, 176, 0x61fd57b22580) = 1 <0.000445>
[pid 233] 14:59:38.698578 libssl.so.3->EVP_PKEY_decapsulate(0x61fd57b22580, 0, 0x7ffd47221970, 0x61fd57b5544a) = 1 <0.000160>
[pid 233] 14:59:38.698786 libssl.so.3->EVP_PKEY_decapsulate(0x61fd57b22580, 0x61fd57b418b0, 0x7ffd47221970, 0x61fd57b5544a <unfinished ...>
[pid 233] 14:59:38.698927 oqsprovider.so->OQS_KEM_decaps(0x61fd57b53270, 0x61fd57b418b0, 0x61fd57b5544a, 0x61fd57b5d5c0) = 0 <0.042273>
[pid 233] 14:59:38.741365 <... EVP_PKEY_decapsulate resumed> ) = 1 <0.042563>
[pid 233] 14:59:38.744399 libssl.so.3->X509_verify_cert(0x61fd57b46b60, 0, 0x8000, 0xffffffff) = 1 <0.000737>
[pid 233] 14:59:38.745489 libssl.so.3->EVP_DigestVerifyInit_ex(0x61fd57b7b790, 0x7ffd47221a18, 0, 0) = 1 <0.000252>
[pid 233] 14:59:38.745792 libssl.so.3->EVP_DigestVerify(0x61fd57b7b790, 0x61fd57b553f8, 4627, 0x7ffd47221a20) = 1 <0.000277>
[pid 233] 14:59:38.746397 libssl.so.3->X509_verify_cert(0x61fd57b46b60, 1, 1, 0) = 1 <0.000335>
[pid 233] 14:59:38.747222 libssl.so.3->EVP_DigestSignInit_ex(0x61fd57a72810, 0x7ffd47221a00, 0, 0) = 1 <0.000199>
[pid 233] 14:59:38.747495 libssl.so.3->EVP_DigestSign(0x61fd57a72810, 0, 0x7ffd47221a10, 0x7ffd47221a20) = 1 <0.000187>
[pid 233] 14:59:38.747738 libssl.so.3->EVP_DigestSign(0x61fd57a72810, 0x61fd57b5f270, 0x7ffd47221a10, 0x7ffd47221a20) = 1 <0.000758>
[pid 233] 14:59:38.748848 <... SSL_connect resumed> ) = 1 <0.105411>
[pid 233] 14:59:38.749191 oqsprovider.so->OQS_KEM_free(0x61fd57b53270, 0x61fd57b53220, 2, 0x61fd57b53240) = 4 <0.000171>
Handshake duration: 105.62 ms
[pid 233] 14:59:38.751753 +++ exited (status 0) +++
Execution 18 - TLS Mutual
s_connection: verify depth is 1
[pid 235] 14:59:38.808479 openssl->SSL_connect(0x55b73eede890, 0x55b73eeb0e50, 0x55b73eeb0e50, 0x797a3b639360 <unfinished ...>
[pid 235] 14:59:38.808987 libssl.so.3->EVP_PKEY_keygen_init(0x55b73eeb2580, 0, 176, 0x55b73eeb2580) = 1 <0.000232>
[pid 235] 14:59:38.809302 libssl.so.3->EVP_PKEY_keygen(0x55b73eeb2580, 0x7ffebe80df40, 0, 103 <unfinished ...>
[pid 235] 14:59:38.809493 oqsprovider.so->OQS_KEM_new(0x55b73eed69a0, 8, 0, 0x55b73eee3250) = 0x55b73eee3270 <0.000145>
[pid 235] 14:59:38.809764 oqsprovider.so->OQS_KEM_keypair(0x55b73eee3270, 0x55b73eeeb960, 0x55b73eeed5c0, 0x55b73eee3250) = 0 <0.012896>
[pid 235] 14:59:38.822777 <... EVP_PKEY_keygen resumed> ) = 1 <0.013470>
[pid 235] 14:59:38.862466 libssl.so.3->EVP_PKEY_decapsulate_init(0x55b73eeb2580, 0, 176, 0x55b73eeb2580) = 1 <0.000460>
[pid 235] 14:59:38.862995 libssl.so.3->EVP_PKEY_decapsulate(0x55b73eeb2580, 0, 0x7ffebe80df00, 0x55b73eee544a) = 1 <0.000208>
[pid 235] 14:59:38.863268 libssl.so.3->EVP_PKEY_decapsulate(0x55b73eeb2580, 0x55b73eed18b0, 0x7ffebe80df00, 0x55b73eee544a <unfinished ...>
[pid 235] 14:59:38.863427 oqsprovider.so->OQS_KEM_decaps(0x55b73eee3270, 0x55b73eed18b0, 0x55b73eee544a, 0x55b73eeed5c0) = 0 <0.040184>
[pid 235] 14:59:38.903770 <... EVP_PKEY_decapsulate resumed> ) = 1 <0.040495>
[pid 235] 14:59:38.904838 libssl.so.3->X509_verify_cert(0x55b73eed6b60, 0, 0x8000, 0xffffffff) = 1 <0.000710>
[pid 235] 14:59:38.905863 libssl.so.3->EVP_DigestVerifyInit_ex(0x55b73ef0b790, 0x7ffebe80dfa8, 0, 0) = 1 <0.000192>
[pid 235] 14:59:38.906107 libssl.so.3->EVP_DigestVerify(0x55b73ef0b790, 0x55b73eee53f8, 4627, 0x7ffebe80dfb0) = 1 <0.000321>
[pid 235] 14:59:38.906681 libssl.so.3->X509_verify_cert(0x55b73eed6b60, 1, 1, 0) = 1 <0.000283>
[pid 235] 14:59:38.907337 libssl.so.3->EVP_DigestSignInit_ex(0x55b73ee02810, 0x7ffebe80df90, 0, 0) = 1 <0.000139>
[pid 235] 14:59:38.907527 libssl.so.3->EVP_DigestSign(0x55b73ee02810, 0, 0x7ffebe80dfa0, 0x7ffebe80dfb0) = 1 <0.000165>
[pid 235] 14:59:38.907762 libssl.so.3->EVP_DigestSign(0x55b73ee02810, 0x55b73eeef270, 0x7ffebe80dfa0, 0x7ffebe80dfb0) = 1 <0.000465>
[pid 235] 14:59:38.908598 <... SSL_connect resumed> ) = 1 <0.100121>
[pid 235] 14:59:38.908787 oqsprovider.so->OQS_KEM_free(0x55b73eee3270, 0x55b73eee3220, 2, 0x55b73eee3240) = 4 <0.000102>
Handshake duration: 100.29 ms
[pid 235] 14:59:38.910770 +++ exited (status 0) +++
Execution 19 - TLS Mutual
s_connection: verify depth is 1
[pid 237] 14:59:38.968400 openssl->SSL_connect(0x608490131890, 0x608490103e50, 0x608490103e50, 0x736ee5d5f360 <unfinished ...>
[pid 237] 14:59:38.968847 libssl.so.3->EVP_PKEY_keygen_init(0x608490105580, 0, 176, 0x608490105580) = 1 <0.000214>
[pid 237] 14:59:38.969132 libssl.so.3->EVP_PKEY_keygen(0x608490105580, 0x7fff34ef18c0, 0, 103 <unfinished ...>
[pid 237] 14:59:38.969277 oqsprovider.so->OQS_KEM_new(0x6084901299a0, 8, 0, 0x608490136250) = 0x608490136270 <0.000140>
[pid 237] 14:59:38.969532 oqsprovider.so->OQS_KEM_keypair(0x608490136270, 0x60849013e960, 0x6084901405c0, 0x608490136250) = 0 <0.013477>
[pid 237] 14:59:38.983210 <... EVP_PKEY_keygen resumed> ) = 1 <0.014070>
[pid 237] 14:59:39.024761 libssl.so.3->EVP_PKEY_decapsulate_init(0x608490105580, 0, 176, 0x608490105580) = 1 <0.000436>
[pid 237] 14:59:39.025251 libssl.so.3->EVP_PKEY_decapsulate(0x608490105580, 0, 0x7fff34ef1880, 0x60849013844a) = 1 <0.000140>
[pid 237] 14:59:39.025442 libssl.so.3->EVP_PKEY_decapsulate(0x608490105580, 0x6084901248b0, 0x7fff34ef1880, 0x60849013844a <unfinished ...>
[pid 237] 14:59:39.025581 oqsprovider.so->OQS_KEM_decaps(0x608490136270, 0x6084901248b0, 0x60849013844a, 0x6084901405c0) = 0 <0.041044>
[pid 237] 14:59:39.066791 <... EVP_PKEY_decapsulate resumed> ) = 1 <0.041336>
[pid 237] 14:59:39.067787 libssl.so.3->X509_verify_cert(0x608490129b60, 0, 0x8000, 0xffffffff) = 1 <0.000621>
[pid 237] 14:59:39.068660 libssl.so.3->EVP_DigestVerifyInit_ex(0x60849015e790, 0x7fff34ef1928, 0, 0) = 1 <0.000255>
[pid 237] 14:59:39.068973 libssl.so.3->EVP_DigestVerify(0x60849015e790, 0x6084901383f8, 4627, 0x7fff34ef1930) = 1 <0.000276>
[pid 237] 14:59:39.069521 libssl.so.3->X509_verify_cert(0x608490129b60, 1, 1, 0) = 1 <0.000285>
[pid 237] 14:59:39.070177 libssl.so.3->EVP_DigestSignInit_ex(0x608490055810, 0x7fff34ef1910, 0, 0) = 1 <0.000165>
[pid 237] 14:59:39.070394 libssl.so.3->EVP_DigestSign(0x608490055810, 0, 0x7fff34ef1920, 0x7fff34ef1930) = 1 <0.000135>
[pid 237] 14:59:39.070584 libssl.so.3->EVP_DigestSign(0x608490055810, 0x608490142270, 0x7fff34ef1920, 0x7fff34ef1930) = 1 <0.000308>
[pid 237] 14:59:39.071201 <... SSL_connect resumed> ) = 1 <0.102814>
[pid 237] 14:59:39.071486 oqsprovider.so->OQS_KEM_free(0x608490136270, 0x608490136220, 2, 0x608490136240) = 4 <0.000143>
Handshake duration: 103.01 ms
[pid 237] 14:59:39.073639 +++ exited (status 0) +++
Execution 20 - TLS Mutual
s_connection: verify depth is 1
[pid 239] 14:59:39.130264 openssl->SSL_connect(0x59fc76ae5890, 0x59fc76ab7e50, 0x59fc76ab7e50, 0x7398bf5a3360 <unfinished ...>
[pid 239] 14:59:39.130695 libssl.so.3->EVP_PKEY_keygen_init(0x59fc76ab9580, 0, 176, 0x59fc76ab9580) = 1 <0.000154>
[pid 239] 14:59:39.130895 libssl.so.3->EVP_PKEY_keygen(0x59fc76ab9580, 0x7ffd73b88130, 0, 103 <unfinished ...>
[pid 239] 14:59:39.131022 oqsprovider.so->OQS_KEM_new(0x59fc76add9a0, 8, 0, 0x59fc76aea250) = 0x59fc76aea270 <0.000143>
[pid 239] 14:59:39.131277 oqsprovider.so->OQS_KEM_keypair(0x59fc76aea270, 0x59fc76af2960, 0x59fc76af45c0, 0x59fc76aea250) = 0 <0.013449>
[pid 239] 14:59:39.144837 <... EVP_PKEY_keygen resumed> ) = 1 <0.013935>
[pid 239] 14:59:39.184365 libssl.so.3->EVP_PKEY_decapsulate_init(0x59fc76ab9580, 0, 176, 0x59fc76ab9580) = 1 <0.000387>
[pid 239] 14:59:39.184788 libssl.so.3->EVP_PKEY_decapsulate(0x59fc76ab9580, 0, 0x7ffd73b880f0, 0x59fc76aec44a) = 1 <0.000143>
[pid 239] 14:59:39.184977 libssl.so.3->EVP_PKEY_decapsulate(0x59fc76ab9580, 0x59fc76ad88b0, 0x7ffd73b880f0, 0x59fc76aec44a <unfinished ...>
[pid 239] 14:59:39.185120 oqsprovider.so->OQS_KEM_decaps(0x59fc76aea270, 0x59fc76ad88b0, 0x59fc76aec44a, 0x59fc76af45c0) = 0 <0.040377>
[pid 239] 14:59:39.225651 <... EVP_PKEY_decapsulate resumed> ) = 1 <0.040665>
[pid 239] 14:59:39.226621 libssl.so.3->X509_verify_cert(0x59fc76addb60, 0, 0x8000, 0xffffffff) = 1 <0.000609>
[pid 239] 14:59:39.227473 libssl.so.3->EVP_DigestVerifyInit_ex(0x59fc76b12790, 0x7ffd73b88198, 0, 0) = 1 <0.000152>
[pid 239] 14:59:39.227672 libssl.so.3->EVP_DigestVerify(0x59fc76b12790, 0x59fc76aec3f8, 4627, 0x7ffd73b881a0) = 1 <0.000271>
[pid 239] 14:59:39.228198 libssl.so.3->X509_verify_cert(0x59fc76addb60, 1, 1, 0) = 1 <0.000269>
[pid 239] 14:59:39.228821 libssl.so.3->EVP_DigestSignInit_ex(0x59fc76a09810, 0x7ffd73b88180, 0, 0) = 1 <0.000163>
[pid 239] 14:59:39.229042 libssl.so.3->EVP_DigestSign(0x59fc76a09810, 0, 0x7ffd73b88190, 0x7ffd73b881a0) = 1 <0.000131>
[pid 239] 14:59:39.229215 libssl.so.3->EVP_DigestSign(0x59fc76a09810, 0x59fc76af6270, 0x7ffd73b88190, 0x7ffd73b881a0) = 1 <0.000394>
[pid 239] 14:59:39.229904 <... SSL_connect resumed> ) = 1 <0.099644>
[pid 239] 14:59:39.230245 oqsprovider.so->OQS_KEM_free(0x59fc76aea270, 0x59fc76aea220, 2, 0x59fc76aea240) = 4 <0.000126>
Handshake duration: 99.84 ms
[pid 239] 14:59:39.232482 +++ exited (status 0) +++
Execution 21 - TLS Mutual
s_connection: verify depth is 1
[pid 241] 14:59:39.290553 openssl->SSL_connect(0x5f0cb6809890, 0x5f0cb67dbe50, 0x5f0cb67dbe50, 0x7ef7f1fc8360 <unfinished ...>
[pid 241] 14:59:39.291148 libssl.so.3->EVP_PKEY_keygen_init(0x5f0cb67dd580, 0, 176, 0x5f0cb67dd580) = 1 <0.000207>
[pid 241] 14:59:39.291424 libssl.so.3->EVP_PKEY_keygen(0x5f0cb67dd580, 0x7fff58a03270, 0, 103 <unfinished ...>
[pid 241] 14:59:39.291615 oqsprovider.so->OQS_KEM_new(0x5f0cb68019a0, 8, 0, 0x5f0cb680e250) = 0x5f0cb680e270 <0.000167>
[pid 241] 14:59:39.291916 oqsprovider.so->OQS_KEM_keypair(0x5f0cb680e270, 0x5f0cb6816960, 0x5f0cb68185c0, 0x5f0cb680e250) = 0 <0.013363>
[pid 241] 14:59:39.305398 <... EVP_PKEY_keygen resumed> ) = 1 <0.013969>
[pid 241] 14:59:39.345682 libssl.so.3->EVP_PKEY_decapsulate_init(0x5f0cb67dd580, 0, 176, 0x5f0cb67dd580) = 1 <0.000546>
[pid 241] 14:59:39.346316 libssl.so.3->EVP_PKEY_decapsulate(0x5f0cb67dd580, 0, 0x7fff58a03230, 0x5f0cb681044a) = 1 <0.000209>
[pid 241] 14:59:39.346597 libssl.so.3->EVP_PKEY_decapsulate(0x5f0cb67dd580, 0x5f0cb67fc8b0, 0x7fff58a03230, 0x5f0cb681044a <unfinished ...>
[pid 241] 14:59:39.346793 oqsprovider.so->OQS_KEM_decaps(0x5f0cb680e270, 0x5f0cb67fc8b0, 0x5f0cb681044a, 0x5f0cb68185c0) = 0 <0.043733>
[pid 241] 14:59:39.390668 <... EVP_PKEY_decapsulate resumed> ) = 1 <0.044064>
[pid 241] 14:59:39.391854 libssl.so.3->X509_verify_cert(0x5f0cb6801b60, 0, 0x8000, 0xffffffff) = 1 <0.000724>
[pid 241] 14:59:39.392830 libssl.so.3->EVP_DigestVerifyInit_ex(0x5f0cb6836790, 0x7fff58a032d8, 0, 0) = 1 <0.000146>
[pid 241] 14:59:39.393023 libssl.so.3->EVP_DigestVerify(0x5f0cb6836790, 0x5f0cb68103f8, 4627, 0x7fff58a032e0) = 1 <0.000256>
[pid 241] 14:59:39.393511 libssl.so.3->X509_verify_cert(0x5f0cb6801b60, 1, 1, 0) = 1 <0.000262>
[pid 241] 14:59:39.394335 libssl.so.3->EVP_DigestSignInit_ex(0x5f0cb672d810, 0x7fff58a032c0, 0, 0) = 1 <0.000224>
[pid 241] 14:59:39.394632 libssl.so.3->EVP_DigestSign(0x5f0cb672d810, 0, 0x7fff58a032d0, 0x7fff58a032e0) = 1 <0.000167>
[pid 241] 14:59:39.394871 libssl.so.3->EVP_DigestSign(0x5f0cb672d810, 0x5f0cb681a270, 0x7fff58a032d0, 0x7fff58a032e0) = 1 <0.000614>
[pid 241] 14:59:39.397644 <... SSL_connect resumed> ) = 1 <0.107089>
[pid 241] 14:59:39.398186 oqsprovider.so->OQS_KEM_free(0x5f0cb680e270, 0x5f0cb680e220, 2, 0x5f0cb680e240) = 4 <0.000166>
Handshake duration: 107.30 ms
[pid 241] 14:59:39.400392 +++ exited (status 0) +++
Execution 22 - TLS Mutual
s_connection: verify depth is 1
[pid 243] 14:59:39.458227 openssl->SSL_connect(0x64942b1b1890, 0x64942b183e50, 0x64942b183e50, 0x7b1c7efa7360 <unfinished ...>
[pid 243] 14:59:39.458630 libssl.so.3->EVP_PKEY_keygen_init(0x64942b185580, 0, 176, 0x64942b185580) = 1 <0.000171>
[pid 243] 14:59:39.458851 libssl.so.3->EVP_PKEY_keygen(0x64942b185580, 0x7ffd886657b0, 0, 103 <unfinished ...>
[pid 243] 14:59:39.458980 oqsprovider.so->OQS_KEM_new(0x64942b1a99a0, 8, 0, 0x64942b1b6250) = 0x64942b1b6270 <0.000124>
[pid 243] 14:59:39.459211 oqsprovider.so->OQS_KEM_keypair(0x64942b1b6270, 0x64942b1be960, 0x64942b1c05c0, 0x64942b1b6250) = 0 <0.013038>
[pid 243] 14:59:39.472366 <... EVP_PKEY_keygen resumed> ) = 1 <0.013507>
[pid 243] 14:59:39.513709 libssl.so.3->EVP_PKEY_decapsulate_init(0x64942b185580, 0, 176, 0x64942b185580) = 1 <0.000454>
[pid 243] 14:59:39.514206 libssl.so.3->EVP_PKEY_decapsulate(0x64942b185580, 0, 0x7ffd88665770, 0x64942b1b844a) = 1 <0.000149>
[pid 243] 14:59:39.514401 libssl.so.3->EVP_PKEY_decapsulate(0x64942b185580, 0x64942b1a48b0, 0x7ffd88665770, 0x64942b1b844a <unfinished ...>
[pid 243] 14:59:39.514535 oqsprovider.so->OQS_KEM_decaps(0x64942b1b6270, 0x64942b1a48b0, 0x64942b1b844a, 0x64942b1c05c0) = 0 <0.043568>
[pid 243] 14:59:39.558261 <... EVP_PKEY_decapsulate resumed> ) = 1 <0.043849>
[pid 243] 14:59:39.559325 libssl.so.3->X509_verify_cert(0x64942b1a9b60, 0, 0x8000, 0xffffffff) = 1 <0.000548>
[pid 243] 14:59:39.560144 libssl.so.3->EVP_DigestVerifyInit_ex(0x64942b1de790, 0x7ffd88665818, 0, 0) = 1 <0.000177>
[pid 243] 14:59:39.560365 libssl.so.3->EVP_DigestVerify(0x64942b1de790, 0x64942b1b83f8, 4627, 0x7ffd88665820) = 1 <0.000298>
[pid 243] 14:59:39.560930 libssl.so.3->X509_verify_cert(0x64942b1a9b60, 1, 1, 0) = 1 <0.000339>
[pid 243] 14:59:39.561669 libssl.so.3->EVP_DigestSignInit_ex(0x64942b0d5810, 0x7ffd88665800, 0, 0) = 1 <0.000163>
[pid 243] 14:59:39.561884 libssl.so.3->EVP_DigestSign(0x64942b0d5810, 0, 0x7ffd88665810, 0x7ffd88665820) = 1 <0.000118>
[pid 243] 14:59:39.562045 libssl.so.3->EVP_DigestSign(0x64942b0d5810, 0x64942b1c2270, 0x7ffd88665810, 0x7ffd88665820) = 1 <0.000339>
[pid 243] 14:59:39.562673 <... SSL_connect resumed> ) = 1 <0.104454>
[pid 243] 14:59:39.562938 oqsprovider.so->OQS_KEM_free(0x64942b1b6270, 0x64942b1b6220, 2, 0x64942b1b6240) = 4 <0.000183>
Handshake duration: 104.62 ms
[pid 243] 14:59:39.565217 +++ exited (status 0) +++
Execution 23 - TLS Mutual
s_connection: verify depth is 1
[pid 245] 14:59:39.619000 openssl->SSL_connect(0x5df614cf1890, 0x5df614cc3e50, 0x5df614cc3e50, 0x762b92dcf360 <unfinished ...>
[pid 245] 14:59:39.619411 libssl.so.3->EVP_PKEY_keygen_init(0x5df614cc5580, 0, 176, 0x5df614cc5580) = 1 <0.000137>
[pid 245] 14:59:39.619596 libssl.so.3->EVP_PKEY_keygen(0x5df614cc5580, 0x7ffe0f6177e0, 0, 103 <unfinished ...>
[pid 245] 14:59:39.619712 oqsprovider.so->OQS_KEM_new(0x5df614ce99a0, 8, 0, 0x5df614cf6250) = 0x5df614cf6270 <0.000120>
[pid 245] 14:59:39.619932 oqsprovider.so->OQS_KEM_keypair(0x5df614cf6270, 0x5df614cfe960, 0x5df614d005c0, 0x5df614cf6250) = 0 <0.012873>
[pid 245] 14:59:39.632926 <... EVP_PKEY_keygen resumed> ) = 1 <0.013322>
[pid 245] 14:59:39.672562 libssl.so.3->EVP_PKEY_decapsulate_init(0x5df614cc5580, 0, 176, 0x5df614cc5580) = 1 <0.000388>
[pid 245] 14:59:39.672995 libssl.so.3->EVP_PKEY_decapsulate(0x5df614cc5580, 0, 0x7ffe0f6177a0, 0x5df614cf844a) = 1 <0.000195>
[pid 245] 14:59:39.673247 libssl.so.3->EVP_PKEY_decapsulate(0x5df614cc5580, 0x5df614ce48b0, 0x7ffe0f6177a0, 0x5df614cf844a <unfinished ...>
[pid 245] 14:59:39.673379 oqsprovider.so->OQS_KEM_decaps(0x5df614cf6270, 0x5df614ce48b0, 0x5df614cf844a, 0x5df614d005c0) = 0 <0.039089>
[pid 245] 14:59:39.712622 <... EVP_PKEY_decapsulate resumed> ) = 1 <0.039365>
[pid 245] 14:59:39.713593 libssl.so.3->X509_verify_cert(0x5df614ce9b60, 0, 0x8000, 0xffffffff) = 1 <0.000601>
[pid 245] 14:59:39.714432 libssl.so.3->EVP_DigestVerifyInit_ex(0x5df614d1e790, 0x7ffe0f617848, 0, 0) = 1 <0.000200>
[pid 245] 14:59:39.714708 libssl.so.3->EVP_DigestVerify(0x5df614d1e790, 0x5df614cf83f8, 4627, 0x7ffe0f617850) = 1 <0.000288>
[pid 245] 14:59:39.715258 libssl.so.3->X509_verify_cert(0x5df614ce9b60, 1, 1, 0) = 1 <0.000286>
[pid 245] 14:59:39.715944 libssl.so.3->EVP_DigestSignInit_ex(0x5df614c15810, 0x7ffe0f617830, 0, 0) = 1 <0.000198>
[pid 245] 14:59:39.716188 libssl.so.3->EVP_DigestSign(0x5df614c15810, 0, 0x7ffe0f617840, 0x7ffe0f617850) = 1 <0.000130>
[pid 245] 14:59:39.716361 libssl.so.3->EVP_DigestSign(0x5df614c15810, 0x5df614d02270, 0x7ffe0f617840, 0x7ffe0f617850) = 1 <0.000304>
[pid 245] 14:59:39.716906 <... SSL_connect resumed> ) = 1 <0.097917>
[pid 245] 14:59:39.717192 oqsprovider.so->OQS_KEM_free(0x5df614cf6270, 0x5df614cf6220, 2, 0x5df614cf6240) = 4 <0.000125>
Handshake duration: 98.08 ms
[pid 245] 14:59:39.719364 +++ exited (status 0) +++
Execution 24 - TLS Mutual
s_connection: verify depth is 1
[pid 247] 14:59:39.775618 openssl->SSL_connect(0x5a3ba9780890, 0x5a3ba9752e50, 0x5a3ba9752e50, 0x78d9c14b3360 <unfinished ...>
[pid 247] 14:59:39.776227 libssl.so.3->EVP_PKEY_keygen_init(0x5a3ba9754580, 0, 176, 0x5a3ba9754580) = 1 <0.000191>
[pid 247] 14:59:39.776479 libssl.so.3->EVP_PKEY_keygen(0x5a3ba9754580, 0x7ffdd5aa9b10, 0, 103 <unfinished ...>
[pid 247] 14:59:39.776664 oqsprovider.so->OQS_KEM_new(0x5a3ba97789a0, 8, 0, 0x5a3ba9785250) = 0x5a3ba9785270 <0.000121>
[pid 247] 14:59:39.776896 oqsprovider.so->OQS_KEM_keypair(0x5a3ba9785270, 0x5a3ba978d960, 0x5a3ba978f5c0, 0x5a3ba9785250) = 0 <0.013114>
[pid 247] 14:59:39.790153 <... EVP_PKEY_keygen resumed> ) = 1 <0.013665>
[pid 247] 14:59:39.830129 libssl.so.3->EVP_PKEY_decapsulate_init(0x5a3ba9754580, 0, 176, 0x5a3ba9754580) = 1 <0.000446>
[pid 247] 14:59:39.830617 libssl.so.3->EVP_PKEY_decapsulate(0x5a3ba9754580, 0, 0x7ffdd5aa9ad0, 0x5a3ba978744a) = 1 <0.000123>
[pid 247] 14:59:39.830781 libssl.so.3->EVP_PKEY_decapsulate(0x5a3ba9754580, 0x5a3ba97738b0, 0x7ffdd5aa9ad0, 0x5a3ba978744a <unfinished ...>
[pid 247] 14:59:39.830907 oqsprovider.so->OQS_KEM_decaps(0x5a3ba9785270, 0x5a3ba97738b0, 0x5a3ba978744a, 0x5a3ba978f5c0) = 0 <0.040203>
[pid 247] 14:59:39.871273 <... EVP_PKEY_decapsulate resumed> ) = 1 <0.040470>
[pid 247] 14:59:39.872239 libssl.so.3->X509_verify_cert(0x5a3ba9778b60, 0, 0x8000, 0xffffffff) = 1 <0.000605>
[pid 247] 14:59:39.873122 libssl.so.3->EVP_DigestVerifyInit_ex(0x5a3ba97ad790, 0x7ffdd5aa9b78, 0, 0) = 1 <0.000146>
[pid 247] 14:59:39.873313 libssl.so.3->EVP_DigestVerify(0x5a3ba97ad790, 0x5a3ba97873f8, 4627, 0x7ffdd5aa9b80) = 1 <0.000231>
[pid 247] 14:59:39.873765 libssl.so.3->X509_verify_cert(0x5a3ba9778b60, 1, 1, 0) = 1 <0.000250>
[pid 247] 14:59:39.874406 libssl.so.3->EVP_DigestSignInit_ex(0x5a3ba96a4810, 0x7ffdd5aa9b60, 0, 0) = 1 <0.000168>
[pid 247] 14:59:39.874661 libssl.so.3->EVP_DigestSign(0x5a3ba96a4810, 0, 0x7ffdd5aa9b70, 0x7ffdd5aa9b80) = 1 <0.000179>
[pid 247] 14:59:39.874923 libssl.so.3->EVP_DigestSign(0x5a3ba96a4810, 0x5a3ba9791270, 0x7ffdd5aa9b70, 0x7ffdd5aa9b80) = 1 <0.000575>
[pid 247] 14:59:39.875788 <... SSL_connect resumed> ) = 1 <0.100177>
[pid 247] 14:59:39.876068 oqsprovider.so->OQS_KEM_free(0x5a3ba9785270, 0x5a3ba9785220, 2, 0x5a3ba9785240) = 4 <0.000124>
Handshake duration: 100.35 ms
[pid 247] 14:59:39.878272 +++ exited (status 0) +++
Execution 25 - TLS Mutual
s_connection: verify depth is 1
[pid 249] 14:59:39.936455 openssl->SSL_connect(0x5f4782191890, 0x5f4782163e50, 0x5f4782163e50, 0x7aaa221f1360 <unfinished ...>
[pid 249] 14:59:39.936870 libssl.so.3->EVP_PKEY_keygen_init(0x5f4782165580, 0, 176, 0x5f4782165580) = 1 <0.000191>
[pid 249] 14:59:39.937119 libssl.so.3->EVP_PKEY_keygen(0x5f4782165580, 0x7ffd8085e090, 0, 103 <unfinished ...>
[pid 249] 14:59:39.937260 oqsprovider.so->OQS_KEM_new(0x5f47821899a0, 8, 0, 0x5f4782196250) = 0x5f4782196270 <0.000116>
[pid 249] 14:59:39.937515 oqsprovider.so->OQS_KEM_keypair(0x5f4782196270, 0x5f478219e960, 0x5f47821a05c0, 0x5f4782196250) = 0 <0.012920>
[pid 249] 14:59:39.950589 <... EVP_PKEY_keygen resumed> ) = 1 <0.013453>
[pid 249] 14:59:39.989987 libssl.so.3->EVP_PKEY_decapsulate_init(0x5f4782165580, 0, 176, 0x5f4782165580) = 1 <0.000518>
[pid 249] 14:59:39.990568 libssl.so.3->EVP_PKEY_decapsulate(0x5f4782165580, 0, 0x7ffd8085e050, 0x5f478219844a) = 1 <0.000155>
[pid 249] 14:59:39.990770 libssl.so.3->EVP_PKEY_decapsulate(0x5f4782165580, 0x5f47821848b0, 0x7ffd8085e050, 0x5f478219844a <unfinished ...>
[pid 249] 14:59:39.990962 oqsprovider.so->OQS_KEM_decaps(0x5f4782196270, 0x5f47821848b0, 0x5f478219844a, 0x5f47821a05c0) = 0 <0.055362>
[pid 249] 14:59:40.046747 <... EVP_PKEY_decapsulate resumed> ) = 1 <0.055928>
[pid 249] 14:59:40.048358 libssl.so.3->X509_verify_cert(0x5f4782189b60, 0, 0x8000, 0xffffffff) = 1 <0.001044>
[pid 249] 14:59:40.049791 libssl.so.3->EVP_DigestVerifyInit_ex(0x5f47821be790, 0x7ffd8085e0f8, 0, 0) = 1 <0.000281>
[pid 249] 14:59:40.050125 libssl.so.3->EVP_DigestVerify(0x5f47821be790, 0x5f47821983f8, 4627, 0x7ffd8085e100) = 1 <0.000344>
[pid 249] 14:59:40.053307 libssl.so.3->X509_verify_cert(0x5f4782189b60, 1, 1, 0) = 1 <0.000629>
[pid 249] 14:59:40.054584 libssl.so.3->EVP_DigestSignInit_ex(0x5f47820b5810, 0x7ffd8085e0e0, 0, 0) = 1 <0.000657>
[pid 249] 14:59:40.055354 libssl.so.3->EVP_DigestSign(0x5f47820b5810, 0, 0x7ffd8085e0f0, 0x7ffd8085e100) = 1 <0.000255>
[pid 249] 14:59:40.055704 libssl.so.3->EVP_DigestSign(0x5f47820b5810, 0x5f47821a2270, 0x7ffd8085e0f0, 0x7ffd8085e100) = 1 <0.000657>
[pid 249] 14:59:40.056904 <... SSL_connect resumed> ) = 1 <0.120451>
[pid 249] 14:59:40.057289 oqsprovider.so->OQS_KEM_free(0x5f4782196270, 0x5f4782196220, 2, 0x5f4782196240) = 4 <0.000209>
Handshake duration: 120.65 ms
[pid 249] 14:59:40.060863 +++ exited (status 0) +++
Execution 26 - TLS Mutual
s_connection: verify depth is 1
[pid 251] 14:59:40.119971 openssl->SSL_connect(0x63a8931de890, 0x63a8931b0e50, 0x63a8931b0e50, 0x7acc81a0c360 <unfinished ...>
[pid 251] 14:59:40.120392 libssl.so.3->EVP_PKEY_keygen_init(0x63a8931b2580, 0, 176, 0x63a8931b2580) = 1 <0.000133>
[pid 251] 14:59:40.120571 libssl.so.3->EVP_PKEY_keygen(0x63a8931b2580, 0x7ffcd0928840, 0, 103 <unfinished ...>
[pid 251] 14:59:40.120725 oqsprovider.so->OQS_KEM_new(0x63a8931d69a0, 8, 0, 0x63a8931e3250) = 0x63a8931e3270 <0.000120>
[pid 251] 14:59:40.120949 oqsprovider.so->OQS_KEM_keypair(0x63a8931e3270, 0x63a8931eb960, 0x63a8931ed5c0, 0x63a8931e3250) = 0 <0.012829>
[pid 251] 14:59:40.133936 <... EVP_PKEY_keygen resumed> ) = 1 <0.013345>
[pid 251] 14:59:40.175345 libssl.so.3->EVP_PKEY_decapsulate_init(0x63a8931b2580, 0, 176, 0x63a8931b2580) = 1 <0.000415>
[pid 251] 14:59:40.175823 libssl.so.3->EVP_PKEY_decapsulate(0x63a8931b2580, 0, 0x7ffcd0928800, 0x63a8931e544a) = 1 <0.000157>
[pid 251] 14:59:40.176029 libssl.so.3->EVP_PKEY_decapsulate(0x63a8931b2580, 0x63a8931d18b0, 0x7ffcd0928800, 0x63a8931e544a <unfinished ...>
[pid 251] 14:59:40.176242 oqsprovider.so->OQS_KEM_decaps(0x63a8931e3270, 0x63a8931d18b0, 0x63a8931e544a, 0x63a8931ed5c0) = 0 <0.042967>
[pid 251] 14:59:40.219382 <... EVP_PKEY_decapsulate resumed> ) = 1 <0.043339>
[pid 251] 14:59:40.220511 libssl.so.3->X509_verify_cert(0x63a8931d6b60, 0, 0x8000, 0xffffffff) = 1 <0.000629>
[pid 251] 14:59:40.221387 libssl.so.3->EVP_DigestVerifyInit_ex(0x63a89320b790, 0x7ffcd09288a8, 0, 0) = 1 <0.000168>
[pid 251] 14:59:40.221605 libssl.so.3->EVP_DigestVerify(0x63a89320b790, 0x63a8931e53f8, 4627, 0x7ffcd09288b0) = 1 <0.000262>
[pid 251] 14:59:40.222172 libssl.so.3->X509_verify_cert(0x63a8931d6b60, 1, 1, 0) = 1 <0.000329>
[pid 251] 14:59:40.222926 libssl.so.3->EVP_DigestSignInit_ex(0x63a893102810, 0x7ffcd0928890, 0, 0) = 1 <0.000215>
[pid 251] 14:59:40.223219 libssl.so.3->EVP_DigestSign(0x63a893102810, 0, 0x7ffcd09288a0, 0x7ffcd09288b0) = 1 <0.000148>
[pid 251] 14:59:40.223419 libssl.so.3->EVP_DigestSign(0x63a893102810, 0x63a8931ef270, 0x7ffcd09288a0, 0x7ffcd09288b0) = 1 <0.000586>
[pid 251] 14:59:40.224452 <... SSL_connect resumed> ) = 1 <0.104475>
[pid 251] 14:59:40.225136 oqsprovider.so->OQS_KEM_free(0x63a8931e3270, 0x63a8931e3220, 2, 0x63a8931e3240) = 4 <0.000183>
Handshake duration: 105.02 ms
[pid 251] 14:59:40.227709 +++ exited (status 0) +++
Execution 27 - TLS Mutual
s_connection: verify depth is 1
[pid 253] 14:59:40.286452 openssl->SSL_connect(0x58459fc9f890, 0x58459fc71e50, 0x58459fc71e50, 0x7a1fe9697360 <unfinished ...>
[pid 253] 14:59:40.286892 libssl.so.3->EVP_PKEY_keygen_init(0x58459fc73580, 0, 176, 0x58459fc73580) = 1 <0.000212>
[pid 253] 14:59:40.287169 libssl.so.3->EVP_PKEY_keygen(0x58459fc73580, 0x7ffe9b602820, 0, 103 <unfinished ...>
[pid 253] 14:59:40.287331 oqsprovider.so->OQS_KEM_new(0x58459fc979a0, 8, 0, 0x58459fca4250) = 0x58459fca4270 <0.000170>
[pid 253] 14:59:40.287612 oqsprovider.so->OQS_KEM_keypair(0x58459fca4270, 0x58459fcac960, 0x58459fcae5c0, 0x58459fca4250) = 0 <0.012909>
[pid 253] 14:59:40.300636 <... EVP_PKEY_keygen resumed> ) = 1 <0.013459>
[pid 253] 14:59:40.339866 libssl.so.3->EVP_PKEY_decapsulate_init(0x58459fc73580, 0, 176, 0x58459fc73580) = 1 <0.000491>
[pid 253] 14:59:40.340436 libssl.so.3->EVP_PKEY_decapsulate(0x58459fc73580, 0, 0x7ffe9b6027e0, 0x58459fca644a) = 1 <0.000248>
[pid 253] 14:59:40.340765 libssl.so.3->EVP_PKEY_decapsulate(0x58459fc73580, 0x58459fc928b0, 0x7ffe9b6027e0, 0x58459fca644a <unfinished ...>
[pid 253] 14:59:40.340958 oqsprovider.so->OQS_KEM_decaps(0x58459fca4270, 0x58459fc928b0, 0x58459fca644a, 0x58459fcae5c0) = 0 <0.039291>
[pid 253] 14:59:40.380391 <... EVP_PKEY_decapsulate resumed> ) = 1 <0.039616>
[pid 253] 14:59:40.381414 libssl.so.3->X509_verify_cert(0x58459fc97b60, 0, 0x8000, 0xffffffff) = 1 <0.000731>
[pid 253] 14:59:40.382463 libssl.so.3->EVP_DigestVerifyInit_ex(0x58459fccc790, 0x7ffe9b602888, 0, 0) = 1 <0.000174>
[pid 253] 14:59:40.382695 libssl.so.3->EVP_DigestVerify(0x58459fccc790, 0x58459fca63f8, 4627, 0x7ffe9b602890) = 1 <0.000246>
[pid 253] 14:59:40.383295 libssl.so.3->X509_verify_cert(0x58459fc97b60, 1, 1, 0) = 1 <0.000278>
[pid 253] 14:59:40.383922 libssl.so.3->EVP_DigestSignInit_ex(0x58459fbc3810, 0x7ffe9b602870, 0, 0) = 1 <0.000143>
[pid 253] 14:59:40.384126 libssl.so.3->EVP_DigestSign(0x58459fbc3810, 0, 0x7ffe9b602880, 0x7ffe9b602890) = 1 <0.000125>
[pid 253] 14:59:40.384305 libssl.so.3->EVP_DigestSign(0x58459fbc3810, 0x58459fcb0270, 0x7ffe9b602880, 0x7ffe9b602890) = 1 <0.000475>
[pid 253] 14:59:40.385047 <... SSL_connect resumed> ) = 1 <0.098600>
[pid 253] 14:59:40.385350 oqsprovider.so->OQS_KEM_free(0x58459fca4270, 0x58459fca4220, 2, 0x58459fca4240) = 4 <0.000147>
Handshake duration: 98.78 ms
[pid 253] 14:59:40.387772 +++ exited (status 0) +++
Execution 28 - TLS Mutual
s_connection: verify depth is 1
[pid 255] 14:59:40.442346 openssl->SSL_connect(0x610af9b35890, 0x610af9b07e50, 0x610af9b07e50, 0x70c1f1aeb360 <unfinished ...>
[pid 255] 14:59:40.442744 libssl.so.3->EVP_PKEY_keygen_init(0x610af9b09580, 0, 176, 0x610af9b09580) = 1 <0.000158>
[pid 255] 14:59:40.442956 libssl.so.3->EVP_PKEY_keygen(0x610af9b09580, 0x7ffd5e303460, 0, 103 <unfinished ...>
[pid 255] 14:59:40.443088 oqsprovider.so->OQS_KEM_new(0x610af9b2d9a0, 8, 0, 0x610af9b3a250) = 0x610af9b3a270 <0.000133>
[pid 255] 14:59:40.443328 oqsprovider.so->OQS_KEM_keypair(0x610af9b3a270, 0x610af9b42960, 0x610af9b445c0, 0x610af9b3a250) = 0 <0.013071>
[pid 255] 14:59:40.456504 <... EVP_PKEY_keygen resumed> ) = 1 <0.013541>
[pid 255] 14:59:40.495706 libssl.so.3->EVP_PKEY_decapsulate_init(0x610af9b09580, 0, 176, 0x610af9b09580) = 1 <0.000412>
[pid 255] 14:59:40.496170 libssl.so.3->EVP_PKEY_decapsulate(0x610af9b09580, 0, 0x7ffd5e303420, 0x610af9b3c44a) = 1 <0.000158>
[pid 255] 14:59:40.496372 libssl.so.3->EVP_PKEY_decapsulate(0x610af9b09580, 0x610af9b288b0, 0x7ffd5e303420, 0x610af9b3c44a <unfinished ...>
[pid 255] 14:59:40.496507 oqsprovider.so->OQS_KEM_decaps(0x610af9b3a270, 0x610af9b288b0, 0x610af9b3c44a, 0x610af9b445c0) = 0 <0.040410>
[pid 255] 14:59:40.537039 <... EVP_PKEY_decapsulate resumed> ) = 1 <0.040654>
[pid 255] 14:59:40.537984 libssl.so.3->X509_verify_cert(0x610af9b2db60, 0, 0x8000, 0xffffffff) = 1 <0.000626>
[pid 255] 14:59:40.538888 libssl.so.3->EVP_DigestVerifyInit_ex(0x610af9b62790, 0x7ffd5e3034c8, 0, 0) = 1 <0.000189>
[pid 255] 14:59:40.539120 libssl.so.3->EVP_DigestVerify(0x610af9b62790, 0x610af9b3c3f8, 4627, 0x7ffd5e3034d0) = 1 <0.000238>
[pid 255] 14:59:40.539592 libssl.so.3->X509_verify_cert(0x610af9b2db60, 1, 1, 0) = 1 <0.000268>
[pid 255] 14:59:40.540259 libssl.so.3->EVP_DigestSignInit_ex(0x610af9a59810, 0x7ffd5e3034b0, 0, 0) = 1 <0.000157>
[pid 255] 14:59:40.540487 libssl.so.3->EVP_DigestSign(0x610af9a59810, 0, 0x7ffd5e3034c0, 0x7ffd5e3034d0) = 1 <0.000115>
[pid 255] 14:59:40.540646 libssl.so.3->EVP_DigestSign(0x610af9a59810, 0x610af9b46270, 0x7ffd5e3034c0, 0x7ffd5e3034d0) = 1 <0.000340>
[pid 255] 14:59:40.541274 <... SSL_connect resumed> ) = 1 <0.098936>
[pid 255] 14:59:40.542719 oqsprovider.so->OQS_KEM_free(0x610af9b3a270, 0x610af9b3a220, 2, 0x610af9b3a240) = 4 <0.000219>
Handshake duration: 99.11 ms
[pid 255] 14:59:40.545573 +++ exited (status 0) +++
Execution 29 - TLS Mutual
s_connection: verify depth is 1
[pid 257] 14:59:40.604407 openssl->SSL_connect(0x558d47ccb890, 0x558d47c9de50, 0x558d47c9de50, 0x723b27374360 <unfinished ...>
[pid 257] 14:59:40.604802 libssl.so.3->EVP_PKEY_keygen_init(0x558d47c9f580, 0, 176, 0x558d47c9f580) = 1 <0.000137>
[pid 257] 14:59:40.604991 libssl.so.3->EVP_PKEY_keygen(0x558d47c9f580, 0x7ffe15ee0c40, 0, 103 <unfinished ...>
[pid 257] 14:59:40.605112 oqsprovider.so->OQS_KEM_new(0x558d47cc39a0, 8, 0, 0x558d47cd0250) = 0x558d47cd0270 <0.000115>
[pid 257] 14:59:40.605380 oqsprovider.so->OQS_KEM_keypair(0x558d47cd0270, 0x558d47cd8960, 0x558d47cda5c0, 0x558d47cd0250) = 0 <0.012749>
[pid 257] 14:59:40.618343 <... EVP_PKEY_keygen resumed> ) = 1 <0.013340>
[pid 257] 14:59:40.658451 libssl.so.3->EVP_PKEY_decapsulate_init(0x558d47c9f580, 0, 176, 0x558d47c9f580) = 1 <0.000476>
[pid 257] 14:59:40.659024 libssl.so.3->EVP_PKEY_decapsulate(0x558d47c9f580, 0, 0x7ffe15ee0c00, 0x558d47cd244a) = 1 <0.000222>
[pid 257] 14:59:40.659300 libssl.so.3->EVP_PKEY_decapsulate(0x558d47c9f580, 0x558d47cbe8b0, 0x7ffe15ee0c00, 0x558d47cd244a <unfinished ...>
[pid 257] 14:59:40.659445 oqsprovider.so->OQS_KEM_decaps(0x558d47cd0270, 0x558d47cbe8b0, 0x558d47cd244a, 0x558d47cda5c0) = 0 <0.039408>
[pid 257] 14:59:40.699025 <... EVP_PKEY_decapsulate resumed> ) = 1 <0.039700>
[pid 257] 14:59:40.700152 libssl.so.3->X509_verify_cert(0x558d47cc3b60, 0, 0x8000, 0xffffffff) = 1 <0.000647>
[pid 257] 14:59:40.701029 libssl.so.3->EVP_DigestVerifyInit_ex(0x558d47cf8790, 0x7ffe15ee0ca8, 0, 0) = 1 <0.000192>
[pid 257] 14:59:40.701273 libssl.so.3->EVP_DigestVerify(0x558d47cf8790, 0x558d47cd23f8, 4627, 0x7ffe15ee0cb0) = 1 <0.000277>
[pid 257] 14:59:40.701797 libssl.so.3->X509_verify_cert(0x558d47cc3b60, 1, 1, 0) = 1 <0.000300>
[pid 257] 14:59:40.702624 libssl.so.3->EVP_DigestSignInit_ex(0x558d47bef810, 0x7ffe15ee0c90, 0, 0) = 1 <0.000205>
[pid 257] 14:59:40.702879 libssl.so.3->EVP_DigestSign(0x558d47bef810, 0, 0x7ffe15ee0ca0, 0x7ffe15ee0cb0) = 1 <0.000161>
[pid 257] 14:59:40.703109 libssl.so.3->EVP_DigestSign(0x558d47bef810, 0x558d47cdc270, 0x7ffe15ee0ca0, 0x7ffe15ee0cb0) = 1 <0.000657>
[pid 257] 14:59:40.704139 <... SSL_connect resumed> ) = 1 <0.099721>
[pid 257] 14:59:40.704515 oqsprovider.so->OQS_KEM_free(0x558d47cd0270, 0x558d47cd0220, 2, 0x558d47cd0240) = 4 <0.000229>
Handshake duration: 99.94 ms
[pid 257] 14:59:40.707361 +++ exited (status 0) +++
Execution 30 - TLS Mutual
s_connection: verify depth is 1
[pid 259] 14:59:40.765862 openssl->SSL_connect(0x641075e56890, 0x641075e28e50, 0x641075e28e50, 0x77c8b1677360 <unfinished ...>
[pid 259] 14:59:40.766331 libssl.so.3->EVP_PKEY_keygen_init(0x641075e2a580, 0, 176, 0x641075e2a580) = 1 <0.000139>
[pid 259] 14:59:40.766517 libssl.so.3->EVP_PKEY_keygen(0x641075e2a580, 0x7ffe9a6e7e50, 0, 103 <unfinished ...>
[pid 259] 14:59:40.766646 oqsprovider.so->OQS_KEM_new(0x641075e4e9a0, 8, 0, 0x641075e5b250) = 0x641075e5b270 <0.000114>
[pid 259] 14:59:40.766894 oqsprovider.so->OQS_KEM_keypair(0x641075e5b270, 0x641075e63960, 0x641075e655c0, 0x641075e5b250) = 0 <0.025285>
[pid 259] 14:59:40.792426 <... EVP_PKEY_keygen resumed> ) = 1 <0.025869>
[pid 259] 14:59:40.845582 libssl.so.3->EVP_PKEY_decapsulate_init(0x641075e2a580, 0, 176, 0x641075e2a580) = 1 <0.000566>
[pid 259] 14:59:40.846260 libssl.so.3->EVP_PKEY_decapsulate(0x641075e2a580, 0, 0x7ffe9a6e7e10, 0x641075e5d44a) = 1 <0.000196>
[pid 259] 14:59:40.846519 libssl.so.3->EVP_PKEY_decapsulate(0x641075e2a580, 0x641075e498b0, 0x7ffe9a6e7e10, 0x641075e5d44a <unfinished ...>
[pid 259] 14:59:40.846667 oqsprovider.so->OQS_KEM_decaps(0x641075e5b270, 0x641075e498b0, 0x641075e5d44a, 0x641075e655c0) = 0 <0.042901>
[pid 259] 14:59:40.889707 <... EVP_PKEY_decapsulate resumed> ) = 1 <0.043177>
[pid 259] 14:59:40.890736 libssl.so.3->X509_verify_cert(0x641075e4eb60, 0, 0x8000, 0xffffffff) = 1 <0.000916>
[pid 259] 14:59:40.891978 libssl.so.3->EVP_DigestVerifyInit_ex(0x641075e83790, 0x7ffe9a6e7eb8, 0, 0) = 1 <0.000191>
[pid 259] 14:59:40.892224 libssl.so.3->EVP_DigestVerify(0x641075e83790, 0x641075e5d3f8, 4627, 0x7ffe9a6e7ec0) = 1 <0.000241>
[pid 259] 14:59:40.892750 libssl.so.3->X509_verify_cert(0x641075e4eb60, 1, 1, 0) = 1 <0.000275>
[pid 259] 14:59:40.893417 libssl.so.3->EVP_DigestSignInit_ex(0x641075d7a810, 0x7ffe9a6e7ea0, 0, 0) = 1 <0.000188>
[pid 259] 14:59:40.893666 libssl.so.3->EVP_DigestSign(0x641075d7a810, 0, 0x7ffe9a6e7eb0, 0x7ffe9a6e7ec0) = 1 <0.000165>
[pid 259] 14:59:40.893890 libssl.so.3->EVP_DigestSign(0x641075d7a810, 0x641075e67270, 0x7ffe9a6e7eb0, 0x7ffe9a6e7ec0) = 1 <0.000400>
[pid 259] 14:59:40.894656 <... SSL_connect resumed> ) = 1 <0.128797>
[pid 259] 14:59:40.894949 oqsprovider.so->OQS_KEM_free(0x641075e5b270, 0x641075e5b220, 2, 0x641075e5b240) = 4 <0.000175>
Handshake duration: 129.03 ms
[pid 259] 14:59:40.897362 +++ exited (status 0) +++
Execution 31 - TLS Mutual
s_connection: verify depth is 1
[pid 261] 14:59:40.956008 openssl->SSL_connect(0x6019b793d890, 0x6019b790fe50, 0x6019b790fe50, 0x7b63b164a360 <unfinished ...>
[pid 261] 14:59:40.956588 libssl.so.3->EVP_PKEY_keygen_init(0x6019b7911580, 0, 176, 0x6019b7911580) = 1 <0.000313>
[pid 261] 14:59:40.957105 libssl.so.3->EVP_PKEY_keygen(0x6019b7911580, 0x7ffd77df8c20, 0, 103 <unfinished ...>
[pid 261] 14:59:40.957343 oqsprovider.so->OQS_KEM_new(0x6019b79359a0, 8, 0, 0x6019b7942250) = 0x6019b7942270 <0.000131>
[pid 261] 14:59:40.957586 oqsprovider.so->OQS_KEM_keypair(0x6019b7942270, 0x6019b794a960, 0x6019b794c5c0, 0x6019b7942250) = 0 <0.013212>
[pid 261] 14:59:40.971005 <... EVP_PKEY_keygen resumed> ) = 1 <0.013896>
[pid 261] 14:59:41.010659 libssl.so.3->EVP_PKEY_decapsulate_init(0x6019b7911580, 0, 176, 0x6019b7911580) = 1 <0.000547>
[pid 261] 14:59:41.011323 libssl.so.3->EVP_PKEY_decapsulate(0x6019b7911580, 0, 0x7ffd77df8be0, 0x6019b794444a) = 1 <0.000190>
[pid 261] 14:59:41.011565 libssl.so.3->EVP_PKEY_decapsulate(0x6019b7911580, 0x6019b79308b0, 0x7ffd77df8be0, 0x6019b794444a <unfinished ...>
[pid 261] 14:59:41.011728 oqsprovider.so->OQS_KEM_decaps(0x6019b7942270, 0x6019b79308b0, 0x6019b794444a, 0x6019b794c5c0) = 0 <0.039193>
[pid 261] 14:59:41.051104 <... EVP_PKEY_decapsulate resumed> ) = 1 <0.039525>
[pid 261] 14:59:41.052141 libssl.so.3->X509_verify_cert(0x6019b7935b60, 0, 0x8000, 0xffffffff) = 1 <0.000564>
[pid 261] 14:59:41.052941 libssl.so.3->EVP_DigestVerifyInit_ex(0x6019b796a790, 0x7ffd77df8c88, 0, 0) = 1 <0.000161>
[pid 261] 14:59:41.053159 libssl.so.3->EVP_DigestVerify(0x6019b796a790, 0x6019b79443f8, 4627, 0x7ffd77df8c90) = 1 <0.000286>
[pid 261] 14:59:41.053734 libssl.so.3->X509_verify_cert(0x6019b7935b60, 1, 1, 0) = 1 <0.000303>
[pid 261] 14:59:41.054454 libssl.so.3->EVP_DigestSignInit_ex(0x6019b7861810, 0x7ffd77df8c70, 0, 0) = 1 <0.000156>
[pid 261] 14:59:41.054661 libssl.so.3->EVP_DigestSign(0x6019b7861810, 0, 0x7ffd77df8c80, 0x7ffd77df8c90) = 1 <0.000133>
[pid 261] 14:59:41.054866 libssl.so.3->EVP_DigestSign(0x6019b7861810, 0x6019b794e270, 0x7ffd77df8c80, 0x7ffd77df8c90) = 1 <0.000561>
[pid 261] 14:59:41.055918 <... SSL_connect resumed> ) = 1 <0.099926>
[pid 261] 14:59:41.056379 oqsprovider.so->OQS_KEM_free(0x6019b7942270, 0x6019b7942220, 2, 0x6019b7942240) = 4 <0.000254>
Handshake duration: 100.16 ms
[pid 261] 14:59:41.059167 +++ exited (status 0) +++
Execution 32 - TLS Mutual
s_connection: verify depth is 1
[pid 263] 14:59:41.117701 openssl->SSL_connect(0x5628402d7890, 0x5628402a9e50, 0x5628402a9e50, 0x712332eb7360 <unfinished ...>
[pid 263] 14:59:41.118102 libssl.so.3->EVP_PKEY_keygen_init(0x5628402ab580, 0, 176, 0x5628402ab580) = 1 <0.000139>
[pid 263] 14:59:41.118288 libssl.so.3->EVP_PKEY_keygen(0x5628402ab580, 0x7fff5c349510, 0, 103 <unfinished ...>
[pid 263] 14:59:41.118412 oqsprovider.so->OQS_KEM_new(0x5628402cf9a0, 8, 0, 0x5628402dc250) = 0x5628402dc270 <0.000119>
[pid 263] 14:59:41.118635 oqsprovider.so->OQS_KEM_keypair(0x5628402dc270, 0x5628402e4960, 0x5628402e65c0, 0x5628402dc250) = 0 <0.012893>
[pid 263] 14:59:41.131653 <... EVP_PKEY_keygen resumed> ) = 1 <0.013359>
[pid 263] 14:59:41.171543 libssl.so.3->EVP_PKEY_decapsulate_init(0x5628402ab580, 0, 176, 0x5628402ab580) = 1 <0.000420>
[pid 263] 14:59:41.172014 libssl.so.3->EVP_PKEY_decapsulate(0x5628402ab580, 0, 0x7fff5c3494d0, 0x5628402de44a) = 1 <0.000223>
[pid 263] 14:59:41.172301 libssl.so.3->EVP_PKEY_decapsulate(0x5628402ab580, 0x5628402ca8b0, 0x7fff5c3494d0, 0x5628402de44a <unfinished ...>
[pid 263] 14:59:41.172482 oqsprovider.so->OQS_KEM_decaps(0x5628402dc270, 0x5628402ca8b0, 0x5628402de44a, 0x5628402e65c0) = 0 <0.039101>
[pid 263] 14:59:41.211772 <... EVP_PKEY_decapsulate resumed> ) = 1 <0.039450>
[pid 263] 14:59:41.212727 libssl.so.3->X509_verify_cert(0x5628402cfb60, 0, 0x8000, 0xffffffff) = 1 <0.000570>
[pid 263] 14:59:41.213539 libssl.so.3->EVP_DigestVerifyInit_ex(0x562840304790, 0x7fff5c349578, 0, 0) = 1 <0.000174>
[pid 263] 14:59:41.213758 libssl.so.3->EVP_DigestVerify(0x562840304790, 0x5628402de3f8, 4627, 0x7fff5c349580) = 1 <0.000268>
[pid 263] 14:59:41.214267 libssl.so.3->X509_verify_cert(0x5628402cfb60, 1, 1, 0) = 1 <0.000258>
[pid 263] 14:59:41.214871 libssl.so.3->EVP_DigestSignInit_ex(0x5628401fb810, 0x7fff5c349560, 0, 0) = 1 <0.000139>
[pid 263] 14:59:41.215071 libssl.so.3->EVP_DigestSign(0x5628401fb810, 0, 0x7fff5c349570, 0x7fff5c349580) = 1 <0.000139>
[pid 263] 14:59:41.215256 libssl.so.3->EVP_DigestSign(0x5628401fb810, 0x5628402e8270, 0x7fff5c349570, 0x7fff5c349580) = 1 <0.000317>
[pid 263] 14:59:41.215853 <... SSL_connect resumed> ) = 1 <0.098158>
[pid 263] 14:59:41.216193 oqsprovider.so->OQS_KEM_free(0x5628402dc270, 0x5628402dc220, 2, 0x5628402dc240) = 4 <0.000117>
Handshake duration: 98.37 ms
[pid 263] 14:59:41.218478 +++ exited (status 0) +++
Execution 33 - TLS Mutual
s_connection: verify depth is 1
[pid 265] 14:59:41.277080 openssl->SSL_connect(0x64f7f9222890, 0x64f7f91f4e50, 0x64f7f91f4e50, 0x778f5519a360 <unfinished ...>
[pid 265] 14:59:41.277615 libssl.so.3->EVP_PKEY_keygen_init(0x64f7f91f6580, 0, 176, 0x64f7f91f6580) = 1 <0.000261>
[pid 265] 14:59:41.277974 libssl.so.3->EVP_PKEY_keygen(0x64f7f91f6580, 0x7ffc25f0bc80, 0, 103 <unfinished ...>
[pid 265] 14:59:41.278222 oqsprovider.so->OQS_KEM_new(0x64f7f921a9a0, 8, 0, 0x64f7f9227250) = 0x64f7f9227270 <0.000192>
[pid 265] 14:59:41.278551 oqsprovider.so->OQS_KEM_keypair(0x64f7f9227270, 0x64f7f922f960, 0x64f7f92315c0, 0x64f7f9227250) = 0 <0.013917>
[pid 265] 14:59:41.292632 <... EVP_PKEY_keygen resumed> ) = 1 <0.014628>
[pid 265] 14:59:41.331982 libssl.so.3->EVP_PKEY_decapsulate_init(0x64f7f91f6580, 0, 176, 0x64f7f91f6580) = 1 <0.000662>
[pid 265] 14:59:41.332711 libssl.so.3->EVP_PKEY_decapsulate(0x64f7f91f6580, 0, 0x7ffc25f0bc40, 0x64f7f922944a) = 1 <0.000154>
[pid 265] 14:59:41.332926 libssl.so.3->EVP_PKEY_decapsulate(0x64f7f91f6580, 0x64f7f92158b0, 0x7ffc25f0bc40, 0x64f7f922944a <unfinished ...>
[pid 265] 14:59:41.333112 oqsprovider.so->OQS_KEM_decaps(0x64f7f9227270, 0x64f7f92158b0, 0x64f7f922944a, 0x64f7f92315c0) = 0 <0.041285>
[pid 265] 14:59:41.374579 <... EVP_PKEY_decapsulate resumed> ) = 1 <0.041634>
[pid 265] 14:59:41.376351 libssl.so.3->X509_verify_cert(0x64f7f921ab60, 0, 0x8000, 0xffffffff) = 1 <0.000666>
[pid 265] 14:59:41.377289 libssl.so.3->EVP_DigestVerifyInit_ex(0x64f7f924f790, 0x7ffc25f0bce8, 0, 0) = 1 <0.000179>
[pid 265] 14:59:41.377519 libssl.so.3->EVP_DigestVerify(0x64f7f924f790, 0x64f7f92293f8, 4627, 0x7ffc25f0bcf0) = 1 <0.000264>
[pid 265] 14:59:41.378038 libssl.so.3->X509_verify_cert(0x64f7f921ab60, 1, 1, 0) = 1 <0.000299>
[pid 265] 14:59:41.378726 libssl.so.3->EVP_DigestSignInit_ex(0x64f7f9146810, 0x7ffc25f0bcd0, 0, 0) = 1 <0.000185>
[pid 265] 14:59:41.378962 libssl.so.3->EVP_DigestSign(0x64f7f9146810, 0, 0x7ffc25f0bce0, 0x7ffc25f0bcf0) = 1 <0.000149>
[pid 265] 14:59:41.379209 libssl.so.3->EVP_DigestSign(0x64f7f9146810, 0x64f7f9233270, 0x7ffc25f0bce0, 0x7ffc25f0bcf0) = 1 <0.000602>
[pid 265] 14:59:41.380177 <... SSL_connect resumed> ) = 1 <0.103137>
[pid 265] 14:59:41.380479 oqsprovider.so->OQS_KEM_free(0x64f7f9227270, 0x64f7f9227220, 2, 0x64f7f9227240) = 4 <0.000122>
Handshake duration: 103.34 ms
[pid 265] 14:59:41.382950 +++ exited (status 0) +++
Execution 34 - TLS Mutual
s_connection: verify depth is 1
[pid 267] 14:59:41.441699 openssl->SSL_connect(0x6207a2630890, 0x6207a2602e50, 0x6207a2602e50, 0x7e86c6952360 <unfinished ...>
[pid 267] 14:59:41.442155 libssl.so.3->EVP_PKEY_keygen_init(0x6207a2604580, 0, 176, 0x6207a2604580) = 1 <0.000155>
[pid 267] 14:59:41.442360 libssl.so.3->EVP_PKEY_keygen(0x6207a2604580, 0x7ffcde4eebf0, 0, 103 <unfinished ...>
[pid 267] 14:59:41.442472 oqsprovider.so->OQS_KEM_new(0x6207a26289a0, 8, 0, 0x6207a2635250) = 0x6207a2635270 <0.000117>
[pid 267] 14:59:41.442694 oqsprovider.so->OQS_KEM_keypair(0x6207a2635270, 0x6207a263d960, 0x6207a263f5c0, 0x6207a2635250) = 0 <0.014622>
[pid 267] 14:59:41.457472 <... EVP_PKEY_keygen resumed> ) = 1 <0.015099>
[pid 267] 14:59:41.504035 libssl.so.3->EVP_PKEY_decapsulate_init(0x6207a2604580, 0, 176, 0x6207a2604580) = 1 <0.000569>
[pid 267] 14:59:41.504696 libssl.so.3->EVP_PKEY_decapsulate(0x6207a2604580, 0, 0x7ffcde4eebb0, 0x6207a263744a) = 1 <0.000141>
[pid 267] 14:59:41.504901 libssl.so.3->EVP_PKEY_decapsulate(0x6207a2604580, 0x6207a26238b0, 0x7ffcde4eebb0, 0x6207a263744a <unfinished ...>
[pid 267] 14:59:41.505088 oqsprovider.so->OQS_KEM_decaps(0x6207a2635270, 0x6207a26238b0, 0x6207a263744a, 0x6207a263f5c0) = 0 <0.071712>
[pid 267] 14:59:41.577128 <... EVP_PKEY_decapsulate resumed> ) = 1 <0.072171>
[pid 267] 14:59:41.579189 libssl.so.3->X509_verify_cert(0x6207a2628b60, 0, 0x8000, 0xffffffff) = 1 <0.001136>
[pid 267] 14:59:41.581152 libssl.so.3->EVP_DigestVerifyInit_ex(0x6207a265d790, 0x7ffcde4eec58, 0, 0) = 1 <0.000344>
[pid 267] 14:59:41.581644 libssl.so.3->EVP_DigestVerify(0x6207a265d790, 0x6207a26373f8, 4627, 0x7ffcde4eec60) = 1 <0.000431>
[pid 267] 14:59:41.582529 libssl.so.3->X509_verify_cert(0x6207a2628b60, 1, 1, 0) = 1 <0.000465>
[pid 267] 14:59:41.583854 libssl.so.3->EVP_DigestSignInit_ex(0x6207a2554810, 0x7ffcde4eec40, 0, 0) = 1 <0.000224>
[pid 267] 14:59:41.584182 libssl.so.3->EVP_DigestSign(0x6207a2554810, 0, 0x7ffcde4eec50, 0x7ffcde4eec60) = 1 <0.000288>
[pid 267] 14:59:41.584547 libssl.so.3->EVP_DigestSign(0x6207a2554810, 0x6207a2641270, 0x7ffcde4eec50, 0x7ffcde4eec60) = 1 <0.000752>
[pid 267] 14:59:41.585816 <... SSL_connect resumed> ) = 1 <0.144116>
[pid 267] 14:59:41.586403 oqsprovider.so->OQS_KEM_free(0x6207a2635270, 0x6207a2635220, 2, 0x6207a2635240) = 4 <0.000249>
Handshake duration: 144.46 ms
[pid 267] 14:59:41.590688 +++ exited (status 0) +++
Execution 35 - TLS Mutual
s_connection: verify depth is 1
[pid 269] 14:59:41.654921 openssl->SSL_connect(0x63c4150d4890, 0x63c4150a6e50, 0x63c4150a6e50, 0x7ebef23d0360 <unfinished ...>
[pid 269] 14:59:41.655335 libssl.so.3->EVP_PKEY_keygen_init(0x63c4150a8580, 0, 176, 0x63c4150a8580) = 1 <0.000158>
[pid 269] 14:59:41.655547 libssl.so.3->EVP_PKEY_keygen(0x63c4150a8580, 0x7ffd204bb4f0, 0, 103 <unfinished ...>
[pid 269] 14:59:41.655674 oqsprovider.so->OQS_KEM_new(0x63c4150cc9a0, 8, 0, 0x63c4150d9250) = 0x63c4150d9270 <0.000118>
[pid 269] 14:59:41.655896 oqsprovider.so->OQS_KEM_keypair(0x63c4150d9270, 0x63c4150e1960, 0x63c4150e35c0, 0x63c4150d9250) = 0 <0.013718>
[pid 269] 14:59:41.669756 <... EVP_PKEY_keygen resumed> ) = 1 <0.014197>
[pid 269] 14:59:41.710892 libssl.so.3->EVP_PKEY_decapsulate_init(0x63c4150a8580, 0, 176, 0x63c4150a8580) = 1 <0.000490>
[pid 269] 14:59:41.711445 libssl.so.3->EVP_PKEY_decapsulate(0x63c4150a8580, 0, 0x7ffd204bb4b0, 0x63c4150db44a) = 1 <0.000159>
[pid 269] 14:59:41.711665 libssl.so.3->EVP_PKEY_decapsulate(0x63c4150a8580, 0x63c4150c78b0, 0x7ffd204bb4b0, 0x63c4150db44a <unfinished ...>
[pid 269] 14:59:41.711795 oqsprovider.so->OQS_KEM_decaps(0x63c4150d9270, 0x63c4150c78b0, 0x63c4150db44a, 0x63c4150e35c0) = 0 <0.039169>
[pid 269] 14:59:41.751125 <... EVP_PKEY_decapsulate resumed> ) = 1 <0.039449>
[pid 269] 14:59:41.752030 libssl.so.3->X509_verify_cert(0x63c4150ccb60, 0, 0x8000, 0xffffffff) = 1 <0.000543>
[pid 269] 14:59:41.752793 libssl.so.3->EVP_DigestVerifyInit_ex(0x63c415101790, 0x7ffd204bb558, 0, 0) = 1 <0.000135>
[pid 269] 14:59:41.752994 libssl.so.3->EVP_DigestVerify(0x63c415101790, 0x63c4150db3f8, 4627, 0x7ffd204bb560) = 1 <0.000276>
[pid 269] 14:59:41.753490 libssl.so.3->X509_verify_cert(0x63c4150ccb60, 1, 1, 0) = 1 <0.000248>
[pid 269] 14:59:41.754131 libssl.so.3->EVP_DigestSignInit_ex(0x63c414ff8810, 0x7ffd204bb540, 0, 0) = 1 <0.000201>
[pid 269] 14:59:41.754381 libssl.so.3->EVP_DigestSign(0x63c414ff8810, 0, 0x7ffd204bb550, 0x7ffd204bb560) = 1 <0.000106>
[pid 269] 14:59:41.754532 libssl.so.3->EVP_DigestSign(0x63c414ff8810, 0x63c4150e5270, 0x7ffd204bb550, 0x7ffd204bb560) = 1 <0.000668>
[pid 269] 14:59:41.755456 <... SSL_connect resumed> ) = 1 <0.100544>
[pid 269] 14:59:41.755750 oqsprovider.so->OQS_KEM_free(0x63c4150d9270, 0x63c4150d9220, 2, 0x63c4150d9240) = 4 <0.000693>
Handshake duration: 100.73 ms
[pid 269] 14:59:41.759251 +++ exited (status 0) +++
Execution 36 - TLS Mutual
s_connection: verify depth is 1
[pid 271] 14:59:41.814405 openssl->SSL_connect(0x5c98453c1890, 0x5c9845393e50, 0x5c9845393e50, 0x79506acd2360 <unfinished ...>
[pid 271] 14:59:41.814829 libssl.so.3->EVP_PKEY_keygen_init(0x5c9845395580, 0, 176, 0x5c9845395580) = 1 <0.000151>
[pid 271] 14:59:41.815027 libssl.so.3->EVP_PKEY_keygen(0x5c9845395580, 0x7ffe8e1da750, 0, 103 <unfinished ...>
[pid 271] 14:59:41.815168 oqsprovider.so->OQS_KEM_new(0x5c98453b99a0, 8, 0, 0x5c98453c6250) = 0x5c98453c6270 <0.000124>
[pid 271] 14:59:41.815396 oqsprovider.so->OQS_KEM_keypair(0x5c98453c6270, 0x5c98453ce960, 0x5c98453d05c0, 0x5c98453c6250) = 0 <0.012928>
[pid 271] 14:59:41.828441 <... EVP_PKEY_keygen resumed> ) = 1 <0.013406>
[pid 271] 14:59:41.867690 libssl.so.3->EVP_PKEY_decapsulate_init(0x5c9845395580, 0, 176, 0x5c9845395580) = 1 <0.000424>
[pid 271] 14:59:41.868172 libssl.so.3->EVP_PKEY_decapsulate(0x5c9845395580, 0, 0x7ffe8e1da710, 0x5c98453c844a) = 1 <0.000132>
[pid 271] 14:59:41.868370 libssl.so.3->EVP_PKEY_decapsulate(0x5c9845395580, 0x5c98453b48b0, 0x7ffe8e1da710, 0x5c98453c844a <unfinished ...>
[pid 271] 14:59:41.868496 oqsprovider.so->OQS_KEM_decaps(0x5c98453c6270, 0x5c98453b48b0, 0x5c98453c844a, 0x5c98453d05c0) = 0 <0.039549>
[pid 271] 14:59:41.908277 <... EVP_PKEY_decapsulate resumed> ) = 1 <0.039873>
[pid 271] 14:59:41.909243 libssl.so.3->X509_verify_cert(0x5c98453b9b60, 0, 0x8000, 0xffffffff) = 1 <0.000589>
[pid 271] 14:59:41.910064 libssl.so.3->EVP_DigestVerifyInit_ex(0x5c98453ee790, 0x7ffe8e1da7b8, 0, 0) = 1 <0.000248>
[pid 271] 14:59:41.910386 libssl.so.3->EVP_DigestVerify(0x5c98453ee790, 0x5c98453c83f8, 4627, 0x7ffe8e1da7c0) = 1 <0.000296>
[pid 271] 14:59:41.910947 libssl.so.3->X509_verify_cert(0x5c98453b9b60, 1, 1, 0) = 1 <0.000312>
[pid 271] 14:59:41.911606 libssl.so.3->EVP_DigestSignInit_ex(0x5c98452e5810, 0x7ffe8e1da7a0, 0, 0) = 1 <0.000146>
[pid 271] 14:59:41.911799 libssl.so.3->EVP_DigestSign(0x5c98452e5810, 0, 0x7ffe8e1da7b0, 0x7ffe8e1da7c0) = 1 <0.000142>
[pid 271] 14:59:41.911994 libssl.so.3->EVP_DigestSign(0x5c98452e5810, 0x5c98453d2270, 0x7ffe8e1da7b0, 0x7ffe8e1da7c0) = 1 <0.000435>
[pid 271] 14:59:41.912766 <... SSL_connect resumed> ) = 1 <0.098370>
[pid 271] 14:59:41.913094 oqsprovider.so->OQS_KEM_free(0x5c98453c6270, 0x5c98453c6220, 2, 0x5c98453c6240) = 4 <0.000201>
Handshake duration: 98.56 ms
[pid 271] 14:59:41.915304 +++ exited (status 0) +++
Execution 37 - TLS Mutual
s_connection: verify depth is 1
[pid 273] 14:59:41.974176 openssl->SSL_connect(0x5719c0f22890, 0x5719c0ef4e50, 0x5719c0ef4e50, 0x762536a49360 <unfinished ...>
[pid 273] 14:59:41.974592 libssl.so.3->EVP_PKEY_keygen_init(0x5719c0ef6580, 0, 176, 0x5719c0ef6580) = 1 <0.000153>
[pid 273] 14:59:41.974795 libssl.so.3->EVP_PKEY_keygen(0x5719c0ef6580, 0x7ffe5fc58780, 0, 103 <unfinished ...>
[pid 273] 14:59:41.975794 oqsprovider.so->OQS_KEM_new(0x5719c0f1a9a0, 8, 0, 0x5719c0f27250) = 0x5719c0f27270 <0.000247>
[pid 273] 14:59:41.976244 oqsprovider.so->OQS_KEM_keypair(0x5719c0f27270, 0x5719c0f2f960, 0x5719c0f315c0, 0x5719c0f27250) = 0 <0.013250>
[pid 273] 14:59:41.989624 <... EVP_PKEY_keygen resumed> ) = 1 <0.014813>
[pid 273] 14:59:42.030236 libssl.so.3->EVP_PKEY_decapsulate_init(0x5719c0ef6580, 0, 176, 0x5719c0ef6580) = 1 <0.000392>
[pid 273] 14:59:42.030674 libssl.so.3->EVP_PKEY_decapsulate(0x5719c0ef6580, 0, 0x7ffe5fc58740, 0x5719c0f2944a) = 1 <0.000156>
[pid 273] 14:59:42.030930 libssl.so.3->EVP_PKEY_decapsulate(0x5719c0ef6580, 0x5719c0f158b0, 0x7ffe5fc58740, 0x5719c0f2944a <unfinished ...>
[pid 273] 14:59:42.031155 oqsprovider.so->OQS_KEM_decaps(0x5719c0f27270, 0x5719c0f158b0, 0x5719c0f2944a, 0x5719c0f315c0) = 0 <0.039695>
[pid 273] 14:59:42.071030 <... EVP_PKEY_decapsulate resumed> ) = 1 <0.040084>
[pid 273] 14:59:42.072014 libssl.so.3->X509_verify_cert(0x5719c0f1ab60, 0, 0x8000, 0xffffffff) = 1 <0.000540>
[pid 273] 14:59:42.072796 libssl.so.3->EVP_DigestVerifyInit_ex(0x5719c0f4f790, 0x7ffe5fc587e8, 0, 0) = 1 <0.000144>
[pid 273] 14:59:42.072992 libssl.so.3->EVP_DigestVerify(0x5719c0f4f790, 0x5719c0f293f8, 4627, 0x7ffe5fc587f0) = 1 <0.000289>
[pid 273] 14:59:42.073540 libssl.so.3->X509_verify_cert(0x5719c0f1ab60, 1, 1, 0) = 1 <0.000258>
[pid 273] 14:59:42.074149 libssl.so.3->EVP_DigestSignInit_ex(0x5719c0e46810, 0x7ffe5fc587d0, 0, 0) = 1 <0.000181>
[pid 273] 14:59:42.074418 libssl.so.3->EVP_DigestSign(0x5719c0e46810, 0, 0x7ffe5fc587e0, 0x7ffe5fc587f0) = 1 <0.000159>
[pid 273] 14:59:42.074626 libssl.so.3->EVP_DigestSign(0x5719c0e46810, 0x5719c0f33270, 0x7ffe5fc587e0, 0x7ffe5fc587f0) = 1 <0.000347>
[pid 273] 14:59:42.075271 <... SSL_connect resumed> ) = 1 <0.101102>
[pid 273] 14:59:42.075582 oqsprovider.so->OQS_KEM_free(0x5719c0f27270, 0x5719c0f27220, 2, 0x5719c0f27240) = 4 <0.000165>
Handshake duration: 101.27 ms
[pid 273] 14:59:42.077994 +++ exited (status 0) +++
Execution 38 - TLS Mutual
s_connection: verify depth is 1
[pid 275] 14:59:42.133010 openssl->SSL_connect(0x56b29840a890, 0x56b2983dce50, 0x56b2983dce50, 0x7812b2529360 <unfinished ...>
[pid 275] 14:59:42.133470 libssl.so.3->EVP_PKEY_keygen_init(0x56b2983de580, 0, 176, 0x56b2983de580) = 1 <0.000190>
[pid 275] 14:59:42.133726 libssl.so.3->EVP_PKEY_keygen(0x56b2983de580, 0x7ffd7eac6e80, 0, 103 <unfinished ...>
[pid 275] 14:59:42.133872 oqsprovider.so->OQS_KEM_new(0x56b2984029a0, 8, 0, 0x56b29840f250) = 0x56b29840f270 <0.000142>
[pid 275] 14:59:42.134148 oqsprovider.so->OQS_KEM_keypair(0x56b29840f270, 0x56b298417960, 0x56b2984195c0, 0x56b29840f250) = 0 <0.013489>
[pid 275] 14:59:42.147794 <... EVP_PKEY_keygen resumed> ) = 1 <0.014056>
[pid 275] 14:59:42.188190 libssl.so.3->EVP_PKEY_decapsulate_init(0x56b2983de580, 0, 176, 0x56b2983de580) = 1 <0.000478>
[pid 275] 14:59:42.188742 libssl.so.3->EVP_PKEY_decapsulate(0x56b2983de580, 0, 0x7ffd7eac6e40, 0x56b29841144a) = 1 <0.000190>
[pid 275] 14:59:42.189025 libssl.so.3->EVP_PKEY_decapsulate(0x56b2983de580, 0x56b2983fd8b0, 0x7ffd7eac6e40, 0x56b29841144a <unfinished ...>
[pid 275] 14:59:42.189284 oqsprovider.so->OQS_KEM_decaps(0x56b29840f270, 0x56b2983fd8b0, 0x56b29841144a, 0x56b2984195c0) = 0 <0.039862>
[pid 275] 14:59:42.229282 <... EVP_PKEY_decapsulate resumed> ) = 1 <0.040243>
[pid 275] 14:59:42.230361 libssl.so.3->X509_verify_cert(0x56b298402b60, 0, 0x8000, 0xffffffff) = 1 <0.000755>
[pid 275] 14:59:42.231444 libssl.so.3->EVP_DigestVerifyInit_ex(0x56b298437790, 0x7ffd7eac6ee8, 0, 0) = 1 <0.000180>
[pid 275] 14:59:42.231675 libssl.so.3->EVP_DigestVerify(0x56b298437790, 0x56b2984113f8, 4627, 0x7ffd7eac6ef0) = 1 <0.000272>
[pid 275] 14:59:42.232396 libssl.so.3->X509_verify_cert(0x56b298402b60, 1, 1, 0) = 1 <0.000322>
[pid 275] 14:59:42.233181 libssl.so.3->EVP_DigestSignInit_ex(0x56b29832e810, 0x7ffd7eac6ed0, 0, 0) = 1 <0.000182>
[pid 275] 14:59:42.233435 libssl.so.3->EVP_DigestSign(0x56b29832e810, 0, 0x7ffd7eac6ee0, 0x7ffd7eac6ef0) = 1 <0.000203>
[pid 275] 14:59:42.233697 libssl.so.3->EVP_DigestSign(0x56b29832e810, 0x56b29841b270, 0x7ffd7eac6ee0, 0x7ffd7eac6ef0) = 1 <0.000420>
[pid 275] 14:59:42.234437 <... SSL_connect resumed> ) = 1 <0.101422>
[pid 275] 14:59:42.234615 oqsprovider.so->OQS_KEM_free(0x56b29840f270, 0x56b29840f220, 2, 0x56b29840f240) = 4 <0.000113>
Handshake duration: 101.58 ms
[pid 275] 14:59:42.237085 +++ exited (status 0) +++
Execution 39 - TLS Mutual
s_connection: verify depth is 1
[pid 277] 14:59:42.293783 openssl->SSL_connect(0x61fba177e890, 0x61fba1750e50, 0x61fba1750e50, 0x73a8e50bc360 <unfinished ...>
[pid 277] 14:59:42.294272 libssl.so.3->EVP_PKEY_keygen_init(0x61fba1752580, 0, 176, 0x61fba1752580) = 1 <0.000174>
[pid 277] 14:59:42.294513 libssl.so.3->EVP_PKEY_keygen(0x61fba1752580, 0x7ffde0e17a10, 0, 103 <unfinished ...>
[pid 277] 14:59:42.294649 oqsprovider.so->OQS_KEM_new(0x61fba17769a0, 8, 0, 0x61fba1783250) = 0x61fba1783270 <0.000147>
[pid 277] 14:59:42.294919 oqsprovider.so->OQS_KEM_keypair(0x61fba1783270, 0x61fba178b960, 0x61fba178d5c0, 0x61fba1783250) = 0 <0.013227>
[pid 277] 14:59:42.308286 <... EVP_PKEY_keygen resumed> ) = 1 <0.013767>
[pid 277] 14:59:42.347315 libssl.so.3->EVP_PKEY_decapsulate_init(0x61fba1752580, 0, 176, 0x61fba1752580) = 1 <0.000434>
[pid 277] 14:59:42.347809 libssl.so.3->EVP_PKEY_decapsulate(0x61fba1752580, 0, 0x7ffde0e179d0, 0x61fba178544a) = 1 <0.000239>
[pid 277] 14:59:42.348184 libssl.so.3->EVP_PKEY_decapsulate(0x61fba1752580, 0x61fba17718b0, 0x7ffde0e179d0, 0x61fba178544a <unfinished ...>
[pid 277] 14:59:42.348338 oqsprovider.so->OQS_KEM_decaps(0x61fba1783270, 0x61fba17718b0, 0x61fba178544a, 0x61fba178d5c0) = 0 <0.039501>
[pid 277] 14:59:42.388013 <... EVP_PKEY_decapsulate resumed> ) = 1 <0.039813>
[pid 277] 14:59:42.388994 libssl.so.3->X509_verify_cert(0x61fba1776b60, 0, 0x8000, 0xffffffff) = 1 <0.000577>
[pid 277] 14:59:42.389809 libssl.so.3->EVP_DigestVerifyInit_ex(0x61fba17ab790, 0x7ffde0e17a78, 0, 0) = 1 <0.000168>
[pid 277] 14:59:42.390023 libssl.so.3->EVP_DigestVerify(0x61fba17ab790, 0x61fba17853f8, 4627, 0x7ffde0e17a80) = 1 <0.000281>
[pid 277] 14:59:42.390586 libssl.so.3->X509_verify_cert(0x61fba1776b60, 1, 1, 0) = 1 <0.000312>
[pid 277] 14:59:42.391306 libssl.so.3->EVP_DigestSignInit_ex(0x61fba16a2810, 0x7ffde0e17a60, 0, 0) = 1 <0.000170>
[pid 277] 14:59:42.391534 libssl.so.3->EVP_DigestSign(0x61fba16a2810, 0, 0x7ffde0e17a70, 0x7ffde0e17a80) = 1 <0.000120>
[pid 277] 14:59:42.391704 libssl.so.3->EVP_DigestSign(0x61fba16a2810, 0x61fba178f270, 0x7ffde0e17a70, 0x7ffde0e17a80) = 1 <0.000417>
[pid 277] 14:59:42.392424 <... SSL_connect resumed> ) = 1 <0.098655>
[pid 277] 14:59:42.392831 oqsprovider.so->OQS_KEM_free(0x61fba1783270, 0x61fba1783220, 2, 0x61fba1783240) = 4 <0.000212>
Handshake duration: 98.95 ms
[pid 277] 14:59:42.395519 +++ exited (status 0) +++
Execution 40 - TLS Mutual
s_connection: verify depth is 1
[pid 279] 14:59:42.452024 openssl->SSL_connect(0x59e6780dc890, 0x59e6780aee50, 0x59e6780aee50, 0x7721f0e34360 <unfinished ...>
[pid 279] 14:59:42.452483 libssl.so.3->EVP_PKEY_keygen_init(0x59e6780b0580, 0, 176, 0x59e6780b0580) = 1 <0.000228>
[pid 279] 14:59:42.452785 libssl.so.3->EVP_PKEY_keygen(0x59e6780b0580, 0x7ffc6eb871f0, 0, 103 <unfinished ...>
[pid 279] 14:59:42.452938 oqsprovider.so->OQS_KEM_new(0x59e6780d49a0, 8, 0, 0x59e6780e1250) = 0x59e6780e1270 <0.000147>
[pid 279] 14:59:42.453208 oqsprovider.so->OQS_KEM_keypair(0x59e6780e1270, 0x59e6780e9960, 0x59e6780eb5c0, 0x59e6780e1250) = 0 <0.013314>
[pid 279] 14:59:42.466614 <... EVP_PKEY_keygen resumed> ) = 1 <0.013826>
[pid 279] 14:59:42.505755 libssl.so.3->EVP_PKEY_decapsulate_init(0x59e6780b0580, 0, 176, 0x59e6780b0580) = 1 <0.000482>
[pid 279] 14:59:42.506352 libssl.so.3->EVP_PKEY_decapsulate(0x59e6780b0580, 0, 0x7ffc6eb871b0, 0x59e6780e344a) = 1 <0.000223>
[pid 279] 14:59:42.506647 libssl.so.3->EVP_PKEY_decapsulate(0x59e6780b0580, 0x59e6780cf8b0, 0x7ffc6eb871b0, 0x59e6780e344a <unfinished ...>
[pid 279] 14:59:42.506844 oqsprovider.so->OQS_KEM_decaps(0x59e6780e1270, 0x59e6780cf8b0, 0x59e6780e344a, 0x59e6780eb5c0) = 0 <0.041464>
[pid 279] 14:59:42.548472 <... EVP_PKEY_decapsulate resumed> ) = 1 <0.041817>
[pid 279] 14:59:42.549833 libssl.so.3->X509_verify_cert(0x59e6780d4b60, 0, 0x8000, 0xffffffff) = 1 <0.000781>
[pid 279] 14:59:42.550905 libssl.so.3->EVP_DigestVerifyInit_ex(0x59e678109790, 0x7ffc6eb87258, 0, 0) = 1 <0.000222>
[pid 279] 14:59:42.551202 libssl.so.3->EVP_DigestVerify(0x59e678109790, 0x59e6780e33f8, 4627, 0x7ffc6eb87260) = 1 <0.000279>
[pid 279] 14:59:42.551851 libssl.so.3->X509_verify_cert(0x59e6780d4b60, 1, 1, 0) = 1 <0.000371>
[pid 279] 14:59:42.552776 libssl.so.3->EVP_DigestSignInit_ex(0x59e678000810, 0x7ffc6eb87240, 0, 0) = 1 <0.000241>
[pid 279] 14:59:42.553103 libssl.so.3->EVP_DigestSign(0x59e678000810, 0, 0x7ffc6eb87250, 0x7ffc6eb87260) = 1 <0.000188>
[pid 279] 14:59:42.553360 libssl.so.3->EVP_DigestSign(0x59e678000810, 0x59e6780ed270, 0x7ffc6eb87250, 0x7ffc6eb87260) = 1 <0.000580>
[pid 279] 14:59:42.554476 <... SSL_connect resumed> ) = 1 <0.102449>
[pid 279] 14:59:42.554833 oqsprovider.so->OQS_KEM_free(0x59e6780e1270, 0x59e6780e1220, 2, 0x59e6780e1240) = 4 <0.000249>
Handshake duration: 102.65 ms
[pid 279] 14:59:42.559255 +++ exited (status 0) +++
Execution 41 - TLS Mutual
s_connection: verify depth is 1
[pid 281] 14:59:42.618066 openssl->SSL_connect(0x5e86294b7890, 0x5e8629489e50, 0x5e8629489e50, 0x74568d4b6360 <unfinished ...>
[pid 281] 14:59:42.618597 libssl.so.3->EVP_PKEY_keygen_init(0x5e862948b580, 0, 176, 0x5e862948b580) = 1 <0.000272>
[pid 281] 14:59:42.618947 libssl.so.3->EVP_PKEY_keygen(0x5e862948b580, 0x7ffec50f2630, 0, 103 <unfinished ...>
[pid 281] 14:59:42.619172 oqsprovider.so->OQS_KEM_new(0x5e86294af9a0, 8, 0, 0x5e86294bc250) = 0x5e86294bc270 <0.000189>
[pid 281] 14:59:42.619534 oqsprovider.so->OQS_KEM_keypair(0x5e86294bc270, 0x5e86294c4960, 0x5e86294c65c0, 0x5e86294bc250) = 0 <0.013416>
[pid 281] 14:59:42.633071 <... EVP_PKEY_keygen resumed> ) = 1 <0.014099>
[pid 281] 14:59:42.673979 libssl.so.3->EVP_PKEY_decapsulate_init(0x5e862948b580, 0, 176, 0x5e862948b580) = 1 <0.000494>
[pid 281] 14:59:42.674540 libssl.so.3->EVP_PKEY_decapsulate(0x5e862948b580, 0, 0x7ffec50f25f0, 0x5e86294be44a) = 1 <0.000149>
[pid 281] 14:59:42.674738 libssl.so.3->EVP_PKEY_decapsulate(0x5e862948b580, 0x5e86294aa8b0, 0x7ffec50f25f0, 0x5e86294be44a <unfinished ...>
[pid 281] 14:59:42.674889 oqsprovider.so->OQS_KEM_decaps(0x5e86294bc270, 0x5e86294aa8b0, 0x5e86294be44a, 0x5e86294c65c0) = 0 <0.039233>
[pid 281] 14:59:42.714273 <... EVP_PKEY_decapsulate resumed> ) = 1 <0.039521>
[pid 281] 14:59:42.715242 libssl.so.3->X509_verify_cert(0x5e86294afb60, 0, 0x8000, 0xffffffff) = 1 <0.000693>
[pid 281] 14:59:42.716266 libssl.so.3->EVP_DigestVerifyInit_ex(0x5e86294e4790, 0x7ffec50f2698, 0, 0) = 1 <0.000184>
[pid 281] 14:59:42.716501 libssl.so.3->EVP_DigestVerify(0x5e86294e4790, 0x5e86294be3f8, 4627, 0x7ffec50f26a0) = 1 <0.000268>
[pid 281] 14:59:42.717080 libssl.so.3->X509_verify_cert(0x5e86294afb60, 1, 1, 0) = 1 <0.000325>
[pid 281] 14:59:42.717809 libssl.so.3->EVP_DigestSignInit_ex(0x5e86293db810, 0x7ffec50f2680, 0, 0) = 1 <0.000146>
[pid 281] 14:59:42.718010 libssl.so.3->EVP_DigestSign(0x5e86293db810, 0, 0x7ffec50f2690, 0x7ffec50f26a0) = 1 <0.000134>
[pid 281] 14:59:42.718184 libssl.so.3->EVP_DigestSign(0x5e86293db810, 0x5e86294c8270, 0x7ffec50f2690, 0x7ffec50f26a0) = 1 <0.000337>
[pid 281] 14:59:42.718799 <... SSL_connect resumed> ) = 1 <0.100757>
[pid 281] 14:59:42.719117 oqsprovider.so->OQS_KEM_free(0x5e86294bc270, 0x5e86294bc220, 2, 0x5e86294bc240) = 4 <0.000156>
Handshake duration: 100.94 ms
[pid 281] 14:59:42.721828 +++ exited (status 0) +++
Execution 42 - TLS Mutual
s_connection: verify depth is 1
[pid 283] 14:59:42.777780 openssl->SSL_connect(0x5708321a8890, 0x57083217ae50, 0x57083217ae50, 0x7ccfed948360 <unfinished ...>
[pid 283] 14:59:42.778271 libssl.so.3->EVP_PKEY_keygen_init(0x57083217c580, 0, 176, 0x57083217c580) = 1 <0.000205>
[pid 283] 14:59:42.778526 libssl.so.3->EVP_PKEY_keygen(0x57083217c580, 0x7ffca42fc110, 0, 103 <unfinished ...>
[pid 283] 14:59:42.778671 oqsprovider.so->OQS_KEM_new(0x5708321a09a0, 8, 0, 0x5708321ad250) = 0x5708321ad270 <0.000114>
[pid 283] 14:59:42.778907 oqsprovider.so->OQS_KEM_keypair(0x5708321ad270, 0x5708321b5960, 0x5708321b75c0, 0x5708321ad250) = 0 <0.012896>
[pid 283] 14:59:42.791918 <... EVP_PKEY_keygen resumed> ) = 1 <0.013384>
[pid 283] 14:59:42.844847 libssl.so.3->EVP_PKEY_decapsulate_init(0x57083217c580, 0, 176, 0x57083217c580) = 1 <0.000553>
[pid 283] 14:59:42.845513 libssl.so.3->EVP_PKEY_decapsulate(0x57083217c580, 0, 0x7ffca42fc0d0, 0x5708321af44a) = 1 <0.000204>
[pid 283] 14:59:42.845809 libssl.so.3->EVP_PKEY_decapsulate(0x57083217c580, 0x57083219b8b0, 0x7ffca42fc0d0, 0x5708321af44a <unfinished ...>
[pid 283] 14:59:42.846043 oqsprovider.so->OQS_KEM_decaps(0x5708321ad270, 0x57083219b8b0, 0x5708321af44a, 0x5708321b75c0) = 0 <0.043167>
[pid 283] 14:59:42.889384 <... EVP_PKEY_decapsulate resumed> ) = 1 <0.043566>
[pid 283] 14:59:42.890632 libssl.so.3->X509_verify_cert(0x5708321a0b60, 0, 0x8000, 0xffffffff) = 1 <0.000736>
[pid 283] 14:59:42.891691 libssl.so.3->EVP_DigestVerifyInit_ex(0x5708321d5790, 0x7ffca42fc178, 0, 0) = 1 <0.000181>
[pid 283] 14:59:42.891958 libssl.so.3->EVP_DigestVerify(0x5708321d5790, 0x5708321af3f8, 4627, 0x7ffca42fc180) = 1 <0.000302>
[pid 283] 14:59:42.892563 libssl.so.3->X509_verify_cert(0x5708321a0b60, 1, 1, 0) = 1 <0.000325>
[pid 283] 14:59:42.893527 libssl.so.3->EVP_DigestSignInit_ex(0x5708320cc810, 0x7ffca42fc160, 0, 0) = 1 <0.000256>
[pid 283] 14:59:42.893855 libssl.so.3->EVP_DigestSign(0x5708320cc810, 0, 0x7ffca42fc170, 0x7ffca42fc180) = 1 <0.000180>
[pid 283] 14:59:42.894109 libssl.so.3->EVP_DigestSign(0x5708320cc810, 0x5708321b9270, 0x7ffca42fc170, 0x7ffca42fc180) = 1 <0.000344>
[pid 283] 14:59:42.894847 <... SSL_connect resumed> ) = 1 <0.117061>
[pid 283] 14:59:42.895281 oqsprovider.so->OQS_KEM_free(0x5708321ad270, 0x5708321ad220, 2, 0x5708321ad240) = 4 <0.000247>
Handshake duration: 117.34 ms
[pid 283] 14:59:42.899117 +++ exited (status 0) +++
Execution 43 - TLS Mutual
s_connection: verify depth is 1
[pid 285] 14:59:42.969748 openssl->SSL_connect(0x5fd29c508890, 0x5fd29c4dae50, 0x5fd29c4dae50, 0x7e0d16cf4360 <unfinished ...>
[pid 285] 14:59:42.970843 libssl.so.3->EVP_PKEY_keygen_init(0x5fd29c4dc580, 0, 176, 0x5fd29c4dc580) = 1 <0.000317>
[pid 285] 14:59:42.971242 libssl.so.3->EVP_PKEY_keygen(0x5fd29c4dc580, 0x7ffdef664810, 0, 103 <unfinished ...>
[pid 285] 14:59:42.971407 oqsprovider.so->OQS_KEM_new(0x5fd29c5009a0, 8, 0, 0x5fd29c50d250) = 0x5fd29c50d270 <0.000194>
[pid 285] 14:59:42.971714 oqsprovider.so->OQS_KEM_keypair(0x5fd29c50d270, 0x5fd29c515960, 0x5fd29c5175c0, 0x5fd29c50d250) = 0 <0.013014>
[pid 285] 14:59:42.984883 <... EVP_PKEY_keygen resumed> ) = 1 <0.013627>
[pid 285] 14:59:43.024910 libssl.so.3->EVP_PKEY_decapsulate_init(0x5fd29c4dc580, 0, 176, 0x5fd29c4dc580) = 1 <0.000534>
[pid 285] 14:59:43.025505 libssl.so.3->EVP_PKEY_decapsulate(0x5fd29c4dc580, 0, 0x7ffdef6647d0, 0x5fd29c50f44a) = 1 <0.000127>
[pid 285] 14:59:43.025680 libssl.so.3->EVP_PKEY_decapsulate(0x5fd29c4dc580, 0x5fd29c4fb8b0, 0x7ffdef6647d0, 0x5fd29c50f44a <unfinished ...>
[pid 285] 14:59:43.025919 oqsprovider.so->OQS_KEM_decaps(0x5fd29c50d270, 0x5fd29c4fb8b0, 0x5fd29c50f44a, 0x5fd29c5175c0) = 0 <0.043194>
[pid 285] 14:59:43.069306 <... EVP_PKEY_decapsulate resumed> ) = 1 <0.043612>
[pid 285] 14:59:43.070446 libssl.so.3->X509_verify_cert(0x5fd29c500b60, 0, 0x8000, 0xffffffff) = 1 <0.001074>
[pid 285] 14:59:43.071826 libssl.so.3->EVP_DigestVerifyInit_ex(0x5fd29c535790, 0x7ffdef664878, 0, 0) = 1 <0.000211>
[pid 285] 14:59:43.072113 libssl.so.3->EVP_DigestVerify(0x5fd29c535790, 0x5fd29c50f3f8, 4627, 0x7ffdef664880) = 1 <0.000273>
[pid 285] 14:59:43.072648 libssl.so.3->X509_verify_cert(0x5fd29c500b60, 1, 1, 0) = 1 <0.000284>
[pid 285] 14:59:43.073401 libssl.so.3->EVP_DigestSignInit_ex(0x5fd29c42c810, 0x7ffdef664860, 0, 0) = 1 <0.000191>
[pid 285] 14:59:43.073646 libssl.so.3->EVP_DigestSign(0x5fd29c42c810, 0, 0x7ffdef664870, 0x7ffdef664880) = 1 <0.000180>
[pid 285] 14:59:43.073902 libssl.so.3->EVP_DigestSign(0x5fd29c42c810, 0x5fd29c519270, 0x7ffdef664870, 0x7ffdef664880) = 1 <0.000440>
[pid 285] 14:59:43.074645 <... SSL_connect resumed> ) = 1 <0.104906>
[pid 285] 14:59:43.074919 oqsprovider.so->OQS_KEM_free(0x5fd29c50d270, 0x5fd29c50d220, 2, 0x5fd29c50d240) = 4 <0.000129>
Handshake duration: 105.11 ms
[pid 285] 14:59:43.077465 +++ exited (status 0) +++
Execution 44 - TLS Mutual
s_connection: verify depth is 1
[pid 287] 14:59:43.134914 openssl->SSL_connect(0x5cc13fb53890, 0x5cc13fb25e50, 0x5cc13fb25e50, 0x7391ab212360 <unfinished ...>
[pid 287] 14:59:43.135365 libssl.so.3->EVP_PKEY_keygen_init(0x5cc13fb27580, 0, 176, 0x5cc13fb27580) = 1 <0.000159>
[pid 287] 14:59:43.135571 libssl.so.3->EVP_PKEY_keygen(0x5cc13fb27580, 0x7ffff6f7ad40, 0, 103 <unfinished ...>
[pid 287] 14:59:43.135699 oqsprovider.so->OQS_KEM_new(0x5cc13fb4b9a0, 8, 0, 0x5cc13fb58250) = 0x5cc13fb58270 <0.000129>
[pid 287] 14:59:43.135936 oqsprovider.so->OQS_KEM_keypair(0x5cc13fb58270, 0x5cc13fb60960, 0x5cc13fb625c0, 0x5cc13fb58250) = 0 <0.013418>
[pid 287] 14:59:43.149455 <... EVP_PKEY_keygen resumed> ) = 1 <0.013878>
[pid 287] 14:59:43.189204 libssl.so.3->EVP_PKEY_decapsulate_init(0x5cc13fb27580, 0, 176, 0x5cc13fb27580) = 1 <0.000406>
[pid 287] 14:59:43.189668 libssl.so.3->EVP_PKEY_decapsulate(0x5cc13fb27580, 0, 0x7ffff6f7ad00, 0x5cc13fb5a44a) = 1 <0.000125>
[pid 287] 14:59:43.189843 libssl.so.3->EVP_PKEY_decapsulate(0x5cc13fb27580, 0x5cc13fb468b0, 0x7ffff6f7ad00, 0x5cc13fb5a44a <unfinished ...>
[pid 287] 14:59:43.189983 oqsprovider.so->OQS_KEM_decaps(0x5cc13fb58270, 0x5cc13fb468b0, 0x5cc13fb5a44a, 0x5cc13fb625c0) = 0 <0.039979>
[pid 287] 14:59:43.230108 <... EVP_PKEY_decapsulate resumed> ) = 1 <0.040255>
[pid 287] 14:59:43.231064 libssl.so.3->X509_verify_cert(0x5cc13fb4bb60, 0, 0x8000, 0xffffffff) = 1 <0.000537>
[pid 287] 14:59:43.231807 libssl.so.3->EVP_DigestVerifyInit_ex(0x5cc13fb80790, 0x7ffff6f7ada8, 0, 0) = 1 <0.000120>
[pid 287] 14:59:43.231980 libssl.so.3->EVP_DigestVerify(0x5cc13fb80790, 0x5cc13fb5a3f8, 4627, 0x7ffff6f7adb0) = 1 <0.000220>
[pid 287] 14:59:43.232533 libssl.so.3->X509_verify_cert(0x5cc13fb4bb60, 1, 1, 0) = 1 <0.000289>
[pid 287] 14:59:43.233194 libssl.so.3->EVP_DigestSignInit_ex(0x5cc13fa77810, 0x7ffff6f7ad90, 0, 0) = 1 <0.000135>
[pid 287] 14:59:43.233374 libssl.so.3->EVP_DigestSign(0x5cc13fa77810, 0, 0x7ffff6f7ada0, 0x7ffff6f7adb0) = 1 <0.000110>
[pid 287] 14:59:43.233534 libssl.so.3->EVP_DigestSign(0x5cc13fa77810, 0x5cc13fb64270, 0x7ffff6f7ada0, 0x7ffff6f7adb0) = 1 <0.000498>
[pid 287] 14:59:43.234359 <... SSL_connect resumed> ) = 1 <0.099447>
[pid 287] 14:59:43.234668 oqsprovider.so->OQS_KEM_free(0x5cc13fb58270, 0x5cc13fb58220, 2, 0x5cc13fb58240) = 4 <0.000138>
Handshake duration: 99.67 ms
[pid 287] 14:59:43.237456 +++ exited (status 0) +++
Execution 45 - TLS Mutual
s_connection: verify depth is 1
[pid 289] 14:59:43.294119 openssl->SSL_connect(0x5e2344995890, 0x5e2344967e50, 0x5e2344967e50, 0x7421d4af7360 <unfinished ...>
[pid 289] 14:59:43.294541 libssl.so.3->EVP_PKEY_keygen_init(0x5e2344969580, 0, 176, 0x5e2344969580) = 1 <0.000140>
[pid 289] 14:59:43.294728 libssl.so.3->EVP_PKEY_keygen(0x5e2344969580, 0x7fff7c8cd660, 0, 103 <unfinished ...>
[pid 289] 14:59:43.294839 oqsprovider.so->OQS_KEM_new(0x5e234498d9a0, 8, 0, 0x5e234499a250) = 0x5e234499a270 <0.000127>
[pid 289] 14:59:43.295088 oqsprovider.so->OQS_KEM_keypair(0x5e234499a270, 0x5e23449a2960, 0x5e23449a45c0, 0x5e234499a250) = 0 <0.013005>
[pid 289] 14:59:43.308159 <... EVP_PKEY_keygen resumed> ) = 1 <0.013429>
[pid 289] 14:59:43.348744 libssl.so.3->EVP_PKEY_decapsulate_init(0x5e2344969580, 0, 176, 0x5e2344969580) = 1 <0.000530>
[pid 289] 14:59:43.349387 libssl.so.3->EVP_PKEY_decapsulate(0x5e2344969580, 0, 0x7fff7c8cd620, 0x5e234499c44a) = 1 <0.000253>
[pid 289] 14:59:43.349725 libssl.so.3->EVP_PKEY_decapsulate(0x5e2344969580, 0x5e23449888b0, 0x7fff7c8cd620, 0x5e234499c44a <unfinished ...>
[pid 289] 14:59:43.349950 oqsprovider.so->OQS_KEM_decaps(0x5e234499a270, 0x5e23449888b0, 0x5e234499c44a, 0x5e23449a45c0) = 0 <0.052243>
[pid 289] 14:59:43.402368 <... EVP_PKEY_decapsulate resumed> ) = 1 <0.052632>
[pid 289] 14:59:43.403598 libssl.so.3->X509_verify_cert(0x5e234498db60, 0, 0x8000, 0xffffffff) = 1 <0.000813>
[pid 289] 14:59:43.404945 libssl.so.3->EVP_DigestVerifyInit_ex(0x5e23449c2790, 0x7fff7c8cd6c8, 0, 0) = 1 <0.000292>
[pid 289] 14:59:43.405321 libssl.so.3->EVP_DigestVerify(0x5e23449c2790, 0x5e234499c3f8, 4627, 0x7fff7c8cd6d0) = 1 <0.000312>
[pid 289] 14:59:43.406026 libssl.so.3->X509_verify_cert(0x5e234498db60, 1, 1, 0) = 1 <0.000393>
[pid 289] 14:59:43.406867 libssl.so.3->EVP_DigestSignInit_ex(0x5e23448b9810, 0x7fff7c8cd6b0, 0, 0) = 1 <0.000188>
[pid 289] 14:59:43.407115 libssl.so.3->EVP_DigestSign(0x5e23448b9810, 0, 0x7fff7c8cd6c0, 0x7fff7c8cd6d0) = 1 <0.000128>
[pid 289] 14:59:43.407287 libssl.so.3->EVP_DigestSign(0x5e23448b9810, 0x5e23449a6270, 0x7fff7c8cd6c0, 0x7fff7c8cd6d0) = 1 <0.000430>
[pid 289] 14:59:43.409340 <... SSL_connect resumed> ) = 1 <0.115159>
[pid 289] 14:59:43.409842 oqsprovider.so->OQS_KEM_free(0x5e234499a270, 0x5e234499a220, 2, 0x5e234499a240) = 4 <0.000251>
Handshake duration: 115.52 ms
[pid 289] 14:59:43.412554 +++ exited (status 0) +++
Execution 46 - TLS Mutual
s_connection: verify depth is 1
[pid 291] 14:59:43.469833 openssl->SSL_connect(0x5d935d0f0890, 0x5d935d0c2e50, 0x5d935d0c2e50, 0x704d5fff8360 <unfinished ...>
[pid 291] 14:59:43.470283 libssl.so.3->EVP_PKEY_keygen_init(0x5d935d0c4580, 0, 176, 0x5d935d0c4580) = 1 <0.000153>
[pid 291] 14:59:43.470483 libssl.so.3->EVP_PKEY_keygen(0x5d935d0c4580, 0x7fffb630c150, 0, 103 <unfinished ...>
[pid 291] 14:59:43.470602 oqsprovider.so->OQS_KEM_new(0x5d935d0e89a0, 8, 0, 0x5d935d0f5250) = 0x5d935d0f5270 <0.000115>
[pid 291] 14:59:43.470819 oqsprovider.so->OQS_KEM_keypair(0x5d935d0f5270, 0x5d935d0fd960, 0x5d935d0ff5c0, 0x5d935d0f5250) = 0 <0.012910>
[pid 291] 14:59:43.483853 <... EVP_PKEY_keygen resumed> ) = 1 <0.013361>
[pid 291] 14:59:43.526995 libssl.so.3->EVP_PKEY_decapsulate_init(0x5d935d0c4580, 0, 176, 0x5d935d0c4580) = 1 <0.000485>
[pid 291] 14:59:43.527509 libssl.so.3->EVP_PKEY_decapsulate(0x5d935d0c4580, 0, 0x7fffb630c110, 0x5d935d0f744a) = 1 <0.000135>
[pid 291] 14:59:43.527735 libssl.so.3->EVP_PKEY_decapsulate(0x5d935d0c4580, 0x5d935d0e38b0, 0x7fffb630c110, 0x5d935d0f744a <unfinished ...>
[pid 291] 14:59:43.527881 oqsprovider.so->OQS_KEM_decaps(0x5d935d0f5270, 0x5d935d0e38b0, 0x5d935d0f744a, 0x5d935d0ff5c0) = 0 <0.040223>
[pid 291] 14:59:43.568279 <... EVP_PKEY_decapsulate resumed> ) = 1 <0.040527>
[pid 291] 14:59:43.569525 libssl.so.3->X509_verify_cert(0x5d935d0e8b60, 0, 0x8000, 0xffffffff) = 1 <0.000720>
[pid 291] 14:59:43.570605 libssl.so.3->EVP_DigestVerifyInit_ex(0x5d935d11d790, 0x7fffb630c1b8, 0, 0) = 1 <0.000220>
[pid 291] 14:59:43.570907 libssl.so.3->EVP_DigestVerify(0x5d935d11d790, 0x5d935d0f73f8, 4627, 0x7fffb630c1c0) = 1 <0.000336>
[pid 291] 14:59:43.571781 libssl.so.3->X509_verify_cert(0x5d935d0e8b60, 1, 1, 0) = 1 <0.000465>
[pid 291] 14:59:43.572789 libssl.so.3->EVP_DigestSignInit_ex(0x5d935d014810, 0x7fffb630c1a0, 0, 0) = 1 <0.000218>
[pid 291] 14:59:43.573087 libssl.so.3->EVP_DigestSign(0x5d935d014810, 0, 0x7fffb630c1b0, 0x7fffb630c1c0) = 1 <0.000220>
[pid 291] 14:59:43.573361 libssl.so.3->EVP_DigestSign(0x5d935d014810, 0x5d935d101270, 0x7fffb630c1b0, 0x7fffb630c1c0) = 1 <0.000633>
[pid 291] 14:59:43.574476 <... SSL_connect resumed> ) = 1 <0.104633>
[pid 291] 14:59:43.574933 oqsprovider.so->OQS_KEM_free(0x5d935d0f5270, 0x5d935d0f5220, 2, 0x5d935d0f5240) = 4 <0.000251>
Handshake duration: 104.89 ms
[pid 291] 14:59:43.577959 +++ exited (status 0) +++
Execution 47 - TLS Mutual
s_connection: verify depth is 1
[pid 293] 14:59:43.659441 openssl->SSL_connect(0x603ac5e13890, 0x603ac5de5e50, 0x603ac5de5e50, 0x780ae84fa360 <unfinished ...>
[pid 293] 14:59:43.660320 libssl.so.3->EVP_PKEY_keygen_init(0x603ac5de7580, 0, 176, 0x603ac5de7580) = 1 <0.000469>
[pid 293] 14:59:43.660879 libssl.so.3->EVP_PKEY_keygen(0x603ac5de7580, 0x7fff63eff1b0, 0, 103 <unfinished ...>
[pid 293] 14:59:43.661058 oqsprovider.so->OQS_KEM_new(0x603ac5e0b9a0, 8, 0, 0x603ac5e18250) = 0x603ac5e18270 <0.000146>
[pid 293] 14:59:43.661322 oqsprovider.so->OQS_KEM_keypair(0x603ac5e18270, 0x603ac5e20960, 0x603ac5e225c0, 0x603ac5e18250) = 0 <0.014124>
[pid 293] 14:59:43.675628 <... EVP_PKEY_keygen resumed> ) = 1 <0.014731>
[pid 293] 14:59:43.715949 libssl.so.3->EVP_PKEY_decapsulate_init(0x603ac5de7580, 0, 176, 0x603ac5de7580) = 1 <0.000604>
[pid 293] 14:59:43.716698 libssl.so.3->EVP_PKEY_decapsulate(0x603ac5de7580, 0, 0x7fff63eff170, 0x603ac5e1a44a) = 1 <0.000295>
[pid 293] 14:59:43.717100 libssl.so.3->EVP_PKEY_decapsulate(0x603ac5de7580, 0x603ac5e068b0, 0x7fff63eff170, 0x603ac5e1a44a <unfinished ...>
[pid 293] 14:59:43.717348 oqsprovider.so->OQS_KEM_decaps(0x603ac5e18270, 0x603ac5e068b0, 0x603ac5e1a44a, 0x603ac5e225c0) = 0 <0.042207>
[pid 293] 14:59:43.759779 <... EVP_PKEY_decapsulate resumed> ) = 1 <0.042665>
[pid 293] 14:59:43.761212 libssl.so.3->X509_verify_cert(0x603ac5e0bb60, 0, 0x8000, 0xffffffff) = 1 <0.000906>
[pid 293] 14:59:43.762464 libssl.so.3->EVP_DigestVerifyInit_ex(0x603ac5e40790, 0x7fff63eff218, 0, 0) = 1 <0.000214>
[pid 293] 14:59:43.762728 libssl.so.3->EVP_DigestVerify(0x603ac5e40790, 0x603ac5e1a3f8, 4627, 0x7fff63eff220) = 1 <0.000289>
[pid 293] 14:59:43.763332 libssl.so.3->X509_verify_cert(0x603ac5e0bb60, 1, 1, 0) = 1 <0.000349>
[pid 293] 14:59:43.764150 libssl.so.3->EVP_DigestSignInit_ex(0x603ac5d37810, 0x7fff63eff200, 0, 0) = 1 <0.000266>
[pid 293] 14:59:43.764508 libssl.so.3->EVP_DigestSign(0x603ac5d37810, 0, 0x7fff63eff210, 0x7fff63eff220) = 1 <0.000208>
[pid 293] 14:59:43.764814 libssl.so.3->EVP_DigestSign(0x603ac5d37810, 0x603ac5e24270, 0x7fff63eff210, 0x7fff63eff220) = 1 <0.000583>
[pid 293] 14:59:43.766221 <... SSL_connect resumed> ) = 1 <0.106784>
[pid 293] 14:59:43.766616 oqsprovider.so->OQS_KEM_free(0x603ac5e18270, 0x603ac5e18220, 2, 0x603ac5e18240) = 4 <0.000218>
Handshake duration: 107.05 ms
[pid 293] 14:59:43.769275 +++ exited (status 0) +++
Execution 48 - TLS Mutual
s_connection: verify depth is 1
[pid 295] 14:59:43.830168 openssl->SSL_connect(0x5858d0d6e890, 0x5858d0d40e50, 0x5858d0d40e50, 0x763c9ec50360 <unfinished ...>
[pid 295] 14:59:43.830711 libssl.so.3->EVP_PKEY_keygen_init(0x5858d0d42580, 0, 176, 0x5858d0d42580) = 1 <0.000243>
[pid 295] 14:59:43.831021 libssl.so.3->EVP_PKEY_keygen(0x5858d0d42580, 0x7fff3310c660, 0, 103 <unfinished ...>
[pid 295] 14:59:43.831198 oqsprovider.so->OQS_KEM_new(0x5858d0d669a0, 8, 0, 0x5858d0d73250) = 0x5858d0d73270 <0.000148>
[pid 295] 14:59:43.831491 oqsprovider.so->OQS_KEM_keypair(0x5858d0d73270, 0x5858d0d7b960, 0x5858d0d7d5c0, 0x5858d0d73250) = 0 <0.014314>
[pid 295] 14:59:43.845954 <... EVP_PKEY_keygen resumed> ) = 1 <0.014929>
[pid 295] 14:59:43.889288 libssl.so.3->EVP_PKEY_decapsulate_init(0x5858d0d42580, 0, 176, 0x5858d0d42580) = 1 <0.000458>
[pid 295] 14:59:43.889793 libssl.so.3->EVP_PKEY_decapsulate(0x5858d0d42580, 0, 0x7fff3310c620, 0x5858d0d7544a) = 1 <0.000121>
[pid 295] 14:59:43.889956 libssl.so.3->EVP_PKEY_decapsulate(0x5858d0d42580, 0x5858d0d618b0, 0x7fff3310c620, 0x5858d0d7544a <unfinished ...>
[pid 295] 14:59:43.890086 oqsprovider.so->OQS_KEM_decaps(0x5858d0d73270, 0x5858d0d618b0, 0x5858d0d7544a, 0x5858d0d7d5c0) = 0 <0.043538>
[pid 295] 14:59:43.933789 <... EVP_PKEY_decapsulate resumed> ) = 1 <0.043821>
[pid 295] 14:59:43.934945 libssl.so.3->X509_verify_cert(0x5858d0d66b60, 0, 0x8000, 0xffffffff) = 1 <0.000716>
[pid 295] 14:59:43.935905 libssl.so.3->EVP_DigestVerifyInit_ex(0x5858d0d9b790, 0x7fff3310c6c8, 0, 0) = 1 <0.000190>
[pid 295] 14:59:43.936145 libssl.so.3->EVP_DigestVerify(0x5858d0d9b790, 0x5858d0d753f8, 4627, 0x7fff3310c6d0) = 1 <0.000981>
[pid 295] 14:59:43.937614 libssl.so.3->X509_verify_cert(0x5858d0d66b60, 1, 1, 0) = 1 <0.000488>
[pid 295] 14:59:43.938567 libssl.so.3->EVP_DigestSignInit_ex(0x5858d0c92810, 0x7fff3310c6b0, 0, 0) = 1 <0.000219>
[pid 295] 14:59:43.938862 libssl.so.3->EVP_DigestSign(0x5858d0c92810, 0, 0x7fff3310c6c0, 0x7fff3310c6d0) = 1 <0.000219>
[pid 295] 14:59:43.939185 libssl.so.3->EVP_DigestSign(0x5858d0c92810, 0x5858d0d7f270, 0x7fff3310c6c0, 0x7fff3310c6d0) = 1 <0.000479>
[pid 295] 14:59:43.940077 <... SSL_connect resumed> ) = 1 <0.109900>
[pid 295] 14:59:43.940396 oqsprovider.so->OQS_KEM_free(0x5858d0d73270, 0x5858d0d73220, 2, 0x5858d0d73240) = 4 <0.000137>
Handshake duration: 110.16 ms
[pid 295] 14:59:43.942834 +++ exited (status 0) +++
Execution 49 - TLS Mutual
s_connection: verify depth is 1
[pid 297] 14:59:44.001947 openssl->SSL_connect(0x5a8b5d074890, 0x5a8b5d046e50, 0x5a8b5d046e50, 0x7c8ec6ff3360 <unfinished ...>
[pid 297] 14:59:44.002385 libssl.so.3->EVP_PKEY_keygen_init(0x5a8b5d048580, 0, 176, 0x5a8b5d048580) = 1 <0.000159>
[pid 297] 14:59:44.002609 libssl.so.3->EVP_PKEY_keygen(0x5a8b5d048580, 0x7fff8e9b7e20, 0, 103 <unfinished ...>
[pid 297] 14:59:44.002767 oqsprovider.so->OQS_KEM_new(0x5a8b5d06c9a0, 8, 0, 0x5a8b5d079250) = 0x5a8b5d079270 <0.000140>
[pid 297] 14:59:44.003018 oqsprovider.so->OQS_KEM_keypair(0x5a8b5d079270, 0x5a8b5d081960, 0x5a8b5d0835c0, 0x5a8b5d079250) = 0 <0.013925>
[pid 297] 14:59:44.017089 <... EVP_PKEY_keygen resumed> ) = 1 <0.014475>
[pid 297] 14:59:44.058305 libssl.so.3->EVP_PKEY_decapsulate_init(0x5a8b5d048580, 0, 176, 0x5a8b5d048580) = 1 <0.000462>
[pid 297] 14:59:44.058871 libssl.so.3->EVP_PKEY_decapsulate(0x5a8b5d048580, 0, 0x7fff8e9b7de0, 0x5a8b5d07b44a) = 1 <0.000148>
[pid 297] 14:59:44.059069 libssl.so.3->EVP_PKEY_decapsulate(0x5a8b5d048580, 0x5a8b5d0678b0, 0x7fff8e9b7de0, 0x5a8b5d07b44a <unfinished ...>
[pid 297] 14:59:44.059199 oqsprovider.so->OQS_KEM_decaps(0x5a8b5d079270, 0x5a8b5d0678b0, 0x5a8b5d07b44a, 0x5a8b5d0835c0) = 0 <0.042241>
[pid 297] 14:59:44.101596 <... EVP_PKEY_decapsulate resumed> ) = 1 <0.042514>
[pid 297] 14:59:44.102597 libssl.so.3->X509_verify_cert(0x5a8b5d06cb60, 0, 0x8000, 0xffffffff) = 1 <0.000603>
[pid 297] 14:59:44.103459 libssl.so.3->EVP_DigestVerifyInit_ex(0x5a8b5d0a1790, 0x7fff8e9b7e88, 0, 0) = 1 <0.000171>
[pid 297] 14:59:44.103692 libssl.so.3->EVP_DigestVerify(0x5a8b5d0a1790, 0x5a8b5d07b3f8, 4627, 0x7fff8e9b7e90) = 1 <0.000250>
[pid 297] 14:59:44.104191 libssl.so.3->X509_verify_cert(0x5a8b5d06cb60, 1, 1, 0) = 1 <0.000264>
[pid 297] 14:59:44.104849 libssl.so.3->EVP_DigestSignInit_ex(0x5a8b5cf98810, 0x7fff8e9b7e70, 0, 0) = 1 <0.000162>
[pid 297] 14:59:44.105078 libssl.so.3->EVP_DigestSign(0x5a8b5cf98810, 0, 0x7fff8e9b7e80, 0x7fff8e9b7e90) = 1 <0.000137>
[pid 297] 14:59:44.105265 libssl.so.3->EVP_DigestSign(0x5a8b5cf98810, 0x5a8b5d085270, 0x7fff8e9b7e80, 0x7fff8e9b7e90) = 1 <0.000496>
[pid 297] 14:59:44.106022 <... SSL_connect resumed> ) = 1 <0.104086>
[pid 297] 14:59:44.106317 oqsprovider.so->OQS_KEM_free(0x5a8b5d079270, 0x5a8b5d079220, 2, 0x5a8b5d079240) = 4 <0.000139>
Handshake duration: 104.28 ms
[pid 297] 14:59:44.109445 +++ exited (status 0) +++
Execution 50 - TLS Mutual
s_connection: verify depth is 1
[pid 299] 14:59:44.167429 openssl->SSL_connect(0x5c90da3ea890, 0x5c90da3bce50, 0x5c90da3bce50, 0x77ee2b5bf360 <unfinished ...>
[pid 299] 14:59:44.167869 libssl.so.3->EVP_PKEY_keygen_init(0x5c90da3be580, 0, 176, 0x5c90da3be580) = 1 <0.000219>
[pid 299] 14:59:44.168156 libssl.so.3->EVP_PKEY_keygen(0x5c90da3be580, 0x7ffe21cc4d80, 0, 103 <unfinished ...>
[pid 299] 14:59:44.168318 oqsprovider.so->OQS_KEM_new(0x5c90da3e29a0, 8, 0, 0x5c90da3ef250) = 0x5c90da3ef270 <0.000162>
[pid 299] 14:59:44.168543 oqsprovider.so->OQS_KEM_keypair(0x5c90da3ef270, 0x5c90da3f7960, 0x5c90da3f95c0, 0x5c90da3ef250) = 0 <0.013174>
[pid 299] 14:59:44.181889 <... EVP_PKEY_keygen resumed> ) = 1 <0.013720>
[pid 299] 14:59:44.224090 libssl.so.3->EVP_PKEY_decapsulate_init(0x5c90da3be580, 0, 176, 0x5c90da3be580) = 1 <0.000478>
[pid 299] 14:59:44.224619 libssl.so.3->EVP_PKEY_decapsulate(0x5c90da3be580, 0, 0x7ffe21cc4d40, 0x5c90da3f144a) = 1 <0.000132>
[pid 299] 14:59:44.224820 libssl.so.3->EVP_PKEY_decapsulate(0x5c90da3be580, 0x5c90da3dd8b0, 0x7ffe21cc4d40, 0x5c90da3f144a <unfinished ...>
[pid 299] 14:59:44.224954 oqsprovider.so->OQS_KEM_decaps(0x5c90da3ef270, 0x5c90da3dd8b0, 0x5c90da3f144a, 0x5c90da3f95c0) = 0 <0.041014>
[pid 299] 14:59:44.266170 <... EVP_PKEY_decapsulate resumed> ) = 1 <0.041334>
[pid 299] 14:59:44.267168 libssl.so.3->X509_verify_cert(0x5c90da3e2b60, 0, 0x8000, 0xffffffff) = 1 <0.000581>
[pid 299] 14:59:44.267996 libssl.so.3->EVP_DigestVerifyInit_ex(0x5c90da417790, 0x7ffe21cc4de8, 0, 0) = 1 <0.000162>
[pid 299] 14:59:44.268233 libssl.so.3->EVP_DigestVerify(0x5c90da417790, 0x5c90da3f13f8, 4627, 0x7ffe21cc4df0) = 1 <0.000274>
[pid 299] 14:59:44.268739 libssl.so.3->X509_verify_cert(0x5c90da3e2b60, 1, 1, 0) = 1 <0.000274>
[pid 299] 14:59:44.269398 libssl.so.3->EVP_DigestSignInit_ex(0x5c90da30e810, 0x7ffe21cc4dd0, 0, 0) = 1 <0.000137>
[pid 299] 14:59:44.269585 libssl.so.3->EVP_DigestSign(0x5c90da30e810, 0, 0x7ffe21cc4de0, 0x7ffe21cc4df0) = 1 <0.000132>
[pid 299] 14:59:44.269773 libssl.so.3->EVP_DigestSign(0x5c90da30e810, 0x5c90da3fb270, 0x7ffe21cc4de0, 0x7ffe21cc4df0) = 1 <0.000439>
[pid 299] 14:59:44.270474 <... SSL_connect resumed> ) = 1 <0.103050>
[pid 299] 14:59:44.270738 oqsprovider.so->OQS_KEM_free(0x5c90da3ef270, 0x5c90da3ef220, 2, 0x5c90da3ef240) = 4 <0.000120>
Handshake duration: 103.23 ms
[pid 299] 14:59:44.273098 +++ exited (status 0) +++
Execution 51 - TLS Mutual
s_connection: verify depth is 1
[pid 301] 14:59:44.330935 openssl->SSL_connect(0x5a1478158890, 0x5a147812ae50, 0x5a147812ae50, 0x76abae40d360 <unfinished ...>
[pid 301] 14:59:44.331387 libssl.so.3->EVP_PKEY_keygen_init(0x5a147812c580, 0, 176, 0x5a147812c580) = 1 <0.000155>
[pid 301] 14:59:44.331588 libssl.so.3->EVP_PKEY_keygen(0x5a147812c580, 0x7ffc798fb530, 0, 103 <unfinished ...>
[pid 301] 14:59:44.331703 oqsprovider.so->OQS_KEM_new(0x5a14781509a0, 8, 0, 0x5a147815d250) = 0x5a147815d270 <0.000118>
[pid 301] 14:59:44.331918 oqsprovider.so->OQS_KEM_keypair(0x5a147815d270, 0x5a1478165960, 0x5a14781675c0, 0x5a147815d250) = 0 <0.012961>
[pid 301] 14:59:44.345012 <... EVP_PKEY_keygen resumed> ) = 1 <0.013418>
[pid 301] 14:59:44.384963 libssl.so.3->EVP_PKEY_decapsulate_init(0x5a147812c580, 0, 176, 0x5a147812c580) = 1 <0.000552>
[pid 301] 14:59:44.385591 libssl.so.3->EVP_PKEY_decapsulate(0x5a147812c580, 0, 0x7ffc798fb4f0, 0x5a147815f44a) = 1 <0.000157>
[pid 301] 14:59:44.385802 libssl.so.3->EVP_PKEY_decapsulate(0x5a147812c580, 0x5a147814b8b0, 0x7ffc798fb4f0, 0x5a147815f44a <unfinished ...>
[pid 301] 14:59:44.385957 oqsprovider.so->OQS_KEM_decaps(0x5a147815d270, 0x5a147814b8b0, 0x5a147815f44a, 0x5a14781675c0) = 0 <0.041234>
[pid 301] 14:59:44.427366 <... EVP_PKEY_decapsulate resumed> ) = 1 <0.041554>
[pid 301] 14:59:44.428423 libssl.so.3->X509_verify_cert(0x5a1478150b60, 0, 0x8000, 0xffffffff) = 1 <0.000572>
[pid 301] 14:59:44.429299 libssl.so.3->EVP_DigestVerifyInit_ex(0x5a1478185790, 0x7ffc798fb598, 0, 0) = 1 <0.000168>
[pid 301] 14:59:44.429515 libssl.so.3->EVP_DigestVerify(0x5a1478185790, 0x5a147815f3f8, 4627, 0x7ffc798fb5a0) = 1 <0.000240>
[pid 301] 14:59:44.429973 libssl.so.3->X509_verify_cert(0x5a1478150b60, 1, 1, 0) = 1 <0.000270>
[pid 301] 14:59:44.430612 libssl.so.3->EVP_DigestSignInit_ex(0x5a147807c810, 0x7ffc798fb580, 0, 0) = 1 <0.000130>
[pid 301] 14:59:44.430785 libssl.so.3->EVP_DigestSign(0x5a147807c810, 0, 0x7ffc798fb590, 0x7ffc798fb5a0) = 1 <0.000116>
[pid 301] 14:59:44.430943 libssl.so.3->EVP_DigestSign(0x5a147807c810, 0x5a1478169270, 0x7ffc798fb590, 0x7ffc798fb5a0) = 1 <0.000322>
[pid 301] 14:59:44.431554 <... SSL_connect resumed> ) = 1 <0.100626>
[pid 301] 14:59:44.431848 oqsprovider.so->OQS_KEM_free(0x5a147815d270, 0x5a147815d220, 2, 0x5a147815d240) = 4 <0.000144>
Handshake duration: 100.82 ms
[pid 301] 14:59:44.434379 +++ exited (status 0) +++
Execution 52 - TLS Mutual
s_connection: verify depth is 1
[pid 303] 14:59:44.490262 openssl->SSL_connect(0x5d29c8e68890, 0x5d29c8e3ae50, 0x5d29c8e3ae50, 0x738793c93360 <unfinished ...>
[pid 303] 14:59:44.490755 libssl.so.3->EVP_PKEY_keygen_init(0x5d29c8e3c580, 0, 176, 0x5d29c8e3c580) = 1 <0.000233>
[pid 303] 14:59:44.491073 libssl.so.3->EVP_PKEY_keygen(0x5d29c8e3c580, 0x7ffd843e07c0, 0, 103 <unfinished ...>
[pid 303] 14:59:44.491242 oqsprovider.so->OQS_KEM_new(0x5d29c8e609a0, 8, 0, 0x5d29c8e6d250) = 0x5d29c8e6d270 <0.000156>
[pid 303] 14:59:44.491518 oqsprovider.so->OQS_KEM_keypair(0x5d29c8e6d270, 0x5d29c8e75960, 0x5d29c8e775c0, 0x5d29c8e6d250) = 0 <0.012975>
[pid 303] 14:59:44.504565 <... EVP_PKEY_keygen resumed> ) = 1 <0.013489>
[pid 303] 14:59:44.545153 libssl.so.3->EVP_PKEY_decapsulate_init(0x5d29c8e3c580, 0, 176, 0x5d29c8e3c580) = 1 <0.000413>
[pid 303] 14:59:44.545614 libssl.so.3->EVP_PKEY_decapsulate(0x5d29c8e3c580, 0, 0x7ffd843e0780, 0x5d29c8e6f44a) = 1 <0.000116>
[pid 303] 14:59:44.545773 libssl.so.3->EVP_PKEY_decapsulate(0x5d29c8e3c580, 0x5d29c8e5b8b0, 0x7ffd843e0780, 0x5d29c8e6f44a <unfinished ...>
[pid 303] 14:59:44.545890 oqsprovider.so->OQS_KEM_decaps(0x5d29c8e6d270, 0x5d29c8e5b8b0, 0x5d29c8e6f44a, 0x5d29c8e775c0) = 0 <0.041085>
[pid 303] 14:59:44.587199 <... EVP_PKEY_decapsulate resumed> ) = 1 <0.041408>
[pid 303] 14:59:44.588271 libssl.so.3->X509_verify_cert(0x5d29c8e60b60, 0, 0x8000, 0xffffffff) = 1 <0.000610>
[pid 303] 14:59:44.589181 libssl.so.3->EVP_DigestVerifyInit_ex(0x5d29c8e95790, 0x7ffd843e0828, 0, 0) = 1 <0.000167>
[pid 303] 14:59:44.589403 libssl.so.3->EVP_DigestVerify(0x5d29c8e95790, 0x5d29c8e6f3f8, 4627, 0x7ffd843e0830) = 1 <0.000257>
[pid 303] 14:59:44.589932 libssl.so.3->X509_verify_cert(0x5d29c8e60b60, 1, 1, 0) = 1 <0.000294>
[pid 303] 14:59:44.590625 libssl.so.3->EVP_DigestSignInit_ex(0x5d29c8d8c810, 0x7ffd843e0810, 0, 0) = 1 <0.000133>
[pid 303] 14:59:44.590804 libssl.so.3->EVP_DigestSign(0x5d29c8d8c810, 0, 0x7ffd843e0820, 0x7ffd843e0830) = 1 <0.000179>
[pid 303] 14:59:44.591041 libssl.so.3->EVP_DigestSign(0x5d29c8d8c810, 0x5d29c8e79270, 0x7ffd843e0820, 0x7ffd843e0830) = 1 <0.000465>
[pid 303] 14:59:44.591870 <... SSL_connect resumed> ) = 1 <0.101613>
[pid 303] 14:59:44.592261 oqsprovider.so->OQS_KEM_free(0x5d29c8e6d270, 0x5d29c8e6d220, 2, 0x5d29c8e6d240) = 4 <0.000145>
Handshake duration: 101.83 ms
[pid 303] 14:59:44.594941 +++ exited (status 0) +++
Execution 53 - TLS Mutual
s_connection: verify depth is 1
[pid 305] 14:59:44.656799 openssl->SSL_connect(0x5e74e6609890, 0x5e74e65dbe50, 0x5e74e65dbe50, 0x7d54f8bfb360 <unfinished ...>
[pid 305] 14:59:44.657327 libssl.so.3->EVP_PKEY_keygen_init(0x5e74e65dd580, 0, 176, 0x5e74e65dd580) = 1 <0.000154>
[pid 305] 14:59:44.657530 libssl.so.3->EVP_PKEY_keygen(0x5e74e65dd580, 0x7ffc908c58d0, 0, 103 <unfinished ...>
[pid 305] 14:59:44.657687 oqsprovider.so->OQS_KEM_new(0x5e74e66019a0, 8, 0, 0x5e74e660e250) = 0x5e74e660e270 <0.000157>
[pid 305] 14:59:44.657974 oqsprovider.so->OQS_KEM_keypair(0x5e74e660e270, 0x5e74e6616960, 0x5e74e66185c0, 0x5e74e660e250) = 0 <0.013823>
[pid 305] 14:59:44.672010 <... EVP_PKEY_keygen resumed> ) = 1 <0.014443>
[pid 305] 14:59:44.716538 libssl.so.3->EVP_PKEY_decapsulate_init(0x5e74e65dd580, 0, 176, 0x5e74e65dd580) = 1 <0.000583>
[pid 305] 14:59:44.717203 libssl.so.3->EVP_PKEY_decapsulate(0x5e74e65dd580, 0, 0x7ffc908c5890, 0x5e74e661044a) = 1 <0.000910>
[pid 305] 14:59:44.718197 libssl.so.3->EVP_PKEY_decapsulate(0x5e74e65dd580, 0x5e74e65fc8b0, 0x7ffc908c5890, 0x5e74e661044a <unfinished ...>
[pid 305] 14:59:44.718374 oqsprovider.so->OQS_KEM_decaps(0x5e74e660e270, 0x5e74e65fc8b0, 0x5e74e661044a, 0x5e74e66185c0) = 0 <0.044129>
[pid 305] 14:59:44.762668 <... EVP_PKEY_decapsulate resumed> ) = 1 <0.044460>
[pid 305] 14:59:44.763727 libssl.so.3->X509_verify_cert(0x5e74e6601b60, 0, 0x8000, 0xffffffff) = 1 <0.000672>
[pid 305] 14:59:44.764700 libssl.so.3->EVP_DigestVerifyInit_ex(0x5e74e6636790, 0x7ffc908c5938, 0, 0) = 1 <0.000200>
[pid 305] 14:59:44.764959 libssl.so.3->EVP_DigestVerify(0x5e74e6636790, 0x5e74e66103f8, 4627, 0x7ffc908c5940) = 1 <0.000294>
[pid 305] 14:59:44.765501 libssl.so.3->X509_verify_cert(0x5e74e6601b60, 1, 1, 0) = 1 <0.000285>
[pid 305] 14:59:44.766300 libssl.so.3->EVP_DigestSignInit_ex(0x5e74e652d810, 0x7ffc908c5920, 0, 0) = 1 <0.000231>
[pid 305] 14:59:44.766587 libssl.so.3->EVP_DigestSign(0x5e74e652d810, 0, 0x7ffc908c5930, 0x7ffc908c5940) = 1 <0.000167>
[pid 305] 14:59:44.766829 libssl.so.3->EVP_DigestSign(0x5e74e652d810, 0x5e74e661a270, 0x7ffc908c5930, 0x7ffc908c5940) = 1 <0.000368>
[pid 305] 14:59:44.767468 <... SSL_connect resumed> ) = 1 <0.110685>
[pid 305] 14:59:44.767985 oqsprovider.so->OQS_KEM_free(0x5e74e660e270, 0x5e74e660e220, 2, 0x5e74e660e240) = 4 <0.000774>
Handshake duration: 110.92 ms
[pid 305] 14:59:44.771374 +++ exited (status 0) +++
Execution 54 - TLS Mutual
s_connection: verify depth is 1
[pid 307] 14:59:44.829481 openssl->SSL_connect(0x5ea599c36890, 0x5ea599c08e50, 0x5ea599c08e50, 0x7e90f7cb3360 <unfinished ...>
[pid 307] 14:59:44.829927 libssl.so.3->EVP_PKEY_keygen_init(0x5ea599c0a580, 0, 176, 0x5ea599c0a580) = 1 <0.000226>
[pid 307] 14:59:44.830213 libssl.so.3->EVP_PKEY_keygen(0x5ea599c0a580, 0x7ffd39708440, 0, 103 <unfinished ...>
[pid 307] 14:59:44.830352 oqsprovider.so->OQS_KEM_new(0x5ea599c2e9a0, 8, 0, 0x5ea599c3b250) = 0x5ea599c3b270 <0.000141>
[pid 307] 14:59:44.830620 oqsprovider.so->OQS_KEM_keypair(0x5ea599c3b270, 0x5ea599c43960, 0x5ea599c455c0, 0x5ea599c3b250) = 0 <0.013112>
[pid 307] 14:59:44.844174 <... EVP_PKEY_keygen resumed> ) = 1 <0.013910>
[pid 307] 14:59:44.893952 libssl.so.3->EVP_PKEY_decapsulate_init(0x5ea599c0a580, 0, 176, 0x5ea599c0a580) = 1 <0.000699>
[pid 307] 14:59:44.894802 libssl.so.3->EVP_PKEY_decapsulate(0x5ea599c0a580, 0, 0x7ffd39708400, 0x5ea599c3d44a) = 1 <0.000302>
[pid 307] 14:59:44.895173 libssl.so.3->EVP_PKEY_decapsulate(0x5ea599c0a580, 0x5ea599c298b0, 0x7ffd39708400, 0x5ea599c3d44a <unfinished ...>
[pid 307] 14:59:44.895426 oqsprovider.so->OQS_KEM_decaps(0x5ea599c3b270, 0x5ea599c298b0, 0x5ea599c3d44a, 0x5ea599c455c0) = 0 <0.065052>
[pid 307] 14:59:44.960663 <... EVP_PKEY_decapsulate resumed> ) = 1 <0.065477>
[pid 307] 14:59:44.962090 libssl.so.3->X509_verify_cert(0x5ea599c2eb60, 0, 0x8000, 0xffffffff) = 1 <0.000714>
[pid 307] 14:59:44.963316 libssl.so.3->EVP_DigestVerifyInit_ex(0x5ea599c63790, 0x7ffd397084a8, 0, 0) = 1 <0.000259>
[pid 307] 14:59:44.963647 libssl.so.3->EVP_DigestVerify(0x5ea599c63790, 0x5ea599c3d3f8, 4627, 0x7ffd397084b0) = 1 <0.000256>
[pid 307] 14:59:44.964370 libssl.so.3->X509_verify_cert(0x5ea599c2eb60, 1, 1, 0) = 1 <0.000441>
[pid 307] 14:59:44.965323 libssl.so.3->EVP_DigestSignInit_ex(0x5ea599b5a810, 0x7ffd39708490, 0, 0) = 1 <0.000202>
[pid 307] 14:59:44.965619 libssl.so.3->EVP_DigestSign(0x5ea599b5a810, 0, 0x7ffd397084a0, 0x7ffd397084b0) = 1 <0.000181>
[pid 307] 14:59:44.965846 libssl.so.3->EVP_DigestSign(0x5ea599b5a810, 0x5ea599c47270, 0x7ffd397084a0, 0x7ffd397084b0) = 1 <0.000654>
[pid 307] 14:59:44.966932 <... SSL_connect resumed> ) = 1 <0.137453>
[pid 307] 14:59:44.967259 oqsprovider.so->OQS_KEM_free(0x5ea599c3b270, 0x5ea599c3b220, 2, 0x5ea599c3b240) = 4 <0.000412>
Handshake duration: 137.63 ms
[pid 307] 14:59:44.971366 +++ exited (status 0) +++
Execution 55 - TLS Mutual
s_connection: verify depth is 1
[pid 309] 14:59:45.034105 openssl->SSL_connect(0x5c0706f12890, 0x5c0706ee4e50, 0x5c0706ee4e50, 0x7518759f0360 <unfinished ...>
[pid 309] 14:59:45.034668 libssl.so.3->EVP_PKEY_keygen_init(0x5c0706ee6580, 0, 176, 0x5c0706ee6580) = 1 <0.000199>
[pid 309] 14:59:45.034916 libssl.so.3->EVP_PKEY_keygen(0x5c0706ee6580, 0x7fff708a5ea0, 0, 103 <unfinished ...>
[pid 309] 14:59:45.035047 oqsprovider.so->OQS_KEM_new(0x5c0706f0a9a0, 8, 0, 0x5c0706f17250) = 0x5c0706f17270 <0.000137>
[pid 309] 14:59:45.035289 oqsprovider.so->OQS_KEM_keypair(0x5c0706f17270, 0x5c0706f1f960, 0x5c0706f215c0, 0x5c0706f17250) = 0 <0.014221>
[pid 309] 14:59:45.049672 <... EVP_PKEY_keygen resumed> ) = 1 <0.014749>
[pid 309] 14:59:45.089808 libssl.so.3->EVP_PKEY_decapsulate_init(0x5c0706ee6580, 0, 176, 0x5c0706ee6580) = 1 <0.000524>
[pid 309] 14:59:45.090408 libssl.so.3->EVP_PKEY_decapsulate(0x5c0706ee6580, 0, 0x7fff708a5e60, 0x5c0706f1944a) = 1 <0.000229>
[pid 309] 14:59:45.090707 libssl.so.3->EVP_PKEY_decapsulate(0x5c0706ee6580, 0x5c0706f058b0, 0x7fff708a5e60, 0x5c0706f1944a <unfinished ...>
[pid 309] 14:59:45.091014 oqsprovider.so->OQS_KEM_decaps(0x5c0706f17270, 0x5c0706f058b0, 0x5c0706f1944a, 0x5c0706f215c0) = 0 <0.042620>
[pid 309] 14:59:45.133815 <... EVP_PKEY_decapsulate resumed> ) = 1 <0.043086>
[pid 309] 14:59:45.134955 libssl.so.3->X509_verify_cert(0x5c0706f0ab60, 0, 0x8000, 0xffffffff) = 1 <0.000675>
[pid 309] 14:59:45.135976 libssl.so.3->EVP_DigestVerifyInit_ex(0x5c0706f3f790, 0x7fff708a5f08, 0, 0) = 1 <0.000265>
[pid 309] 14:59:45.136307 libssl.so.3->EVP_DigestVerify(0x5c0706f3f790, 0x5c0706f193f8, 4627, 0x7fff708a5f10) = 1 <0.000355>
[pid 309] 14:59:45.136999 libssl.so.3->X509_verify_cert(0x5c0706f0ab60, 1, 1, 0) = 1 <0.000394>
[pid 309] 14:59:45.137852 libssl.so.3->EVP_DigestSignInit_ex(0x5c0706e36810, 0x7fff708a5ef0, 0, 0) = 1 <0.000194>
[pid 309] 14:59:45.138136 libssl.so.3->EVP_DigestSign(0x5c0706e36810, 0, 0x7fff708a5f00, 0x7fff708a5f10) = 1 <0.000217>
[pid 309] 14:59:45.138452 libssl.so.3->EVP_DigestSign(0x5c0706e36810, 0x5c0706f23270, 0x7fff708a5f00, 0x7fff708a5f10) = 1 <0.000460>
[pid 309] 14:59:45.139343 <... SSL_connect resumed> ) = 1 <0.105243>
[pid 309] 14:59:45.139716 oqsprovider.so->OQS_KEM_free(0x5c0706f17270, 0x5c0706f17220, 2, 0x5c0706f17240) = 4 <0.000169>
Handshake duration: 105.51 ms
[pid 309] 14:59:45.142829 +++ exited (status 0) +++
Execution 56 - TLS Mutual
s_connection: verify depth is 1
[pid 311] 14:59:45.204999 openssl->SSL_connect(0x5d83b931e890, 0x5d83b92f0e50, 0x5d83b92f0e50, 0x747ac6a2f360 <unfinished ...>
[pid 311] 14:59:45.205484 libssl.so.3->EVP_PKEY_keygen_init(0x5d83b92f2580, 0, 176, 0x5d83b92f2580) = 1 <0.000137>
[pid 311] 14:59:45.205669 libssl.so.3->EVP_PKEY_keygen(0x5d83b92f2580, 0x7ffcc8559440, 0, 103 <unfinished ...>
[pid 311] 14:59:45.205834 oqsprovider.so->OQS_KEM_new(0x5d83b93169a0, 8, 0, 0x5d83b9323250) = 0x5d83b9323270 <0.000150>
[pid 311] 14:59:45.206108 oqsprovider.so->OQS_KEM_keypair(0x5d83b9323270, 0x5d83b932b960, 0x5d83b932d5c0, 0x5d83b9323250) = 0 <0.013485>
[pid 311] 14:59:45.219782 <... EVP_PKEY_keygen resumed> ) = 1 <0.014106>
[pid 311] 14:59:45.262614 libssl.so.3->EVP_PKEY_decapsulate_init(0x5d83b92f2580, 0, 176, 0x5d83b92f2580) = 1 <0.000480>
[pid 311] 14:59:45.263170 libssl.so.3->EVP_PKEY_decapsulate(0x5d83b92f2580, 0, 0x7ffcc8559400, 0x5d83b932544a) = 1 <0.000143>
[pid 311] 14:59:45.263361 libssl.so.3->EVP_PKEY_decapsulate(0x5d83b92f2580, 0x5d83b93118b0, 0x7ffcc8559400, 0x5d83b932544a <unfinished ...>
[pid 311] 14:59:45.263485 oqsprovider.so->OQS_KEM_decaps(0x5d83b9323270, 0x5d83b93118b0, 0x5d83b932544a, 0x5d83b932d5c0) = 0 <0.041348>
[pid 311] 14:59:45.305001 <... EVP_PKEY_decapsulate resumed> ) = 1 <0.041626>
[pid 311] 14:59:45.306011 libssl.so.3->X509_verify_cert(0x5d83b9316b60, 0, 0x8000, 0xffffffff) = 1 <0.000604>
[pid 311] 14:59:45.306872 libssl.so.3->EVP_DigestVerifyInit_ex(0x5d83b934b790, 0x7ffcc85594a8, 0, 0) = 1 <0.000160>
[pid 311] 14:59:45.307097 libssl.so.3->EVP_DigestVerify(0x5d83b934b790, 0x5d83b93253f8, 4627, 0x7ffcc85594b0) = 1 <0.000247>
[pid 311] 14:59:45.307594 libssl.so.3->X509_verify_cert(0x5d83b9316b60, 1, 1, 0) = 1 <0.000265>
[pid 311] 14:59:45.308279 libssl.so.3->EVP_DigestSignInit_ex(0x5d83b9242810, 0x7ffcc8559490, 0, 0) = 1 <0.000154>
[pid 311] 14:59:45.308619 libssl.so.3->EVP_DigestSign(0x5d83b9242810, 0, 0x7ffcc85594a0, 0x7ffcc85594b0) = 1 <0.000160>
[pid 311] 14:59:45.308852 libssl.so.3->EVP_DigestSign(0x5d83b9242810, 0x5d83b932f270, 0x7ffcc85594a0, 0x7ffcc85594b0) = 1 <0.000438>
[pid 311] 14:59:45.309622 <... SSL_connect resumed> ) = 1 <0.104634>
[pid 311] 14:59:45.309914 oqsprovider.so->OQS_KEM_free(0x5d83b9323270, 0x5d83b9323220, 2, 0x5d83b9323240) = 4 <0.000131>
Handshake duration: 104.84 ms
[pid 311] 14:59:45.312604 +++ exited (status 0) +++
Execution 57 - TLS Mutual
s_connection: verify depth is 1
[pid 313] 14:59:45.384753 openssl->SSL_connect(0x635a87c36890, 0x635a87c08e50, 0x635a87c08e50, 0x7ce7a3a7e360 <unfinished ...>
[pid 313] 14:59:45.385204 libssl.so.3->EVP_PKEY_keygen_init(0x635a87c0a580, 0, 176, 0x635a87c0a580) = 1 <0.000149>
[pid 313] 14:59:45.385421 libssl.so.3->EVP_PKEY_keygen(0x635a87c0a580, 0x7ffd460c36f0, 0, 103 <unfinished ...>
[pid 313] 14:59:45.385602 oqsprovider.so->OQS_KEM_new(0x635a87c2e9a0, 8, 0, 0x635a87c3b250) = 0x635a87c3b270 <0.000123>
[pid 313] 14:59:45.385834 oqsprovider.so->OQS_KEM_keypair(0x635a87c3b270, 0x635a87c43960, 0x635a87c455c0, 0x635a87c3b250) = 0 <0.014014>
[pid 313] 14:59:45.400115 <... EVP_PKEY_keygen resumed> ) = 1 <0.014601>
[pid 313] 14:59:45.445591 libssl.so.3->EVP_PKEY_decapsulate_init(0x635a87c0a580, 0, 176, 0x635a87c0a580) = 1 <0.000473>
[pid 313] 14:59:45.446149 libssl.so.3->EVP_PKEY_decapsulate(0x635a87c0a580, 0, 0x7ffd460c36b0, 0x635a87c3d44a) = 1 <0.000145>
[pid 313] 14:59:45.446344 libssl.so.3->EVP_PKEY_decapsulate(0x635a87c0a580, 0x635a87c298b0, 0x7ffd460c36b0, 0x635a87c3d44a <unfinished ...>
[pid 313] 14:59:45.446492 oqsprovider.so->OQS_KEM_decaps(0x635a87c3b270, 0x635a87c298b0, 0x635a87c3d44a, 0x635a87c455c0) = 0 <0.043871>
[pid 313] 14:59:45.490540 <... EVP_PKEY_decapsulate resumed> ) = 1 <0.044180>
[pid 313] 14:59:45.491752 libssl.so.3->X509_verify_cert(0x635a87c2eb60, 0, 0x8000, 0xffffffff) = 1 <0.000741>
[pid 313] 14:59:45.492858 libssl.so.3->EVP_DigestVerifyInit_ex(0x635a87c63790, 0x7ffd460c3758, 0, 0) = 1 <0.000230>
[pid 313] 14:59:45.493151 libssl.so.3->EVP_DigestVerify(0x635a87c63790, 0x635a87c3d3f8, 4627, 0x7ffd460c3760) = 1 <0.000297>
[pid 313] 14:59:45.493756 libssl.so.3->X509_verify_cert(0x635a87c2eb60, 1, 1, 0) = 1 <0.000384>
[pid 313] 14:59:45.494538 libssl.so.3->EVP_DigestSignInit_ex(0x635a87b5a810, 0x7ffd460c3740, 0, 0) = 1 <0.000166>
[pid 313] 14:59:45.494757 libssl.so.3->EVP_DigestSign(0x635a87b5a810, 0, 0x7ffd460c3750, 0x7ffd460c3760) = 1 <0.000130>
[pid 313] 14:59:45.494942 libssl.so.3->EVP_DigestSign(0x635a87b5a810, 0x635a87c47270, 0x7ffd460c3750, 0x7ffd460c3760) = 1 <0.000353>
[pid 313] 14:59:45.495639 <... SSL_connect resumed> ) = 1 <0.110887>
[pid 313] 14:59:45.495992 oqsprovider.so->OQS_KEM_free(0x635a87c3b270, 0x635a87c3b220, 2, 0x635a87c3b240) = 4 <0.000188>
Handshake duration: 111.12 ms
[pid 313] 14:59:45.498574 +++ exited (status 0) +++
Execution 58 - TLS Mutual
s_connection: verify depth is 1
[pid 315] 14:59:45.556941 openssl->SSL_connect(0x5c52396d4890, 0x5c52396a6e50, 0x5c52396a6e50, 0x70c1a9654360 <unfinished ...>
[pid 315] 14:59:45.557402 libssl.so.3->EVP_PKEY_keygen_init(0x5c52396a8580, 0, 176, 0x5c52396a8580) = 1 <0.000201>
[pid 315] 14:59:45.557654 libssl.so.3->EVP_PKEY_keygen(0x5c52396a8580, 0x7ffe630c2920, 0, 103 <unfinished ...>
[pid 315] 14:59:45.557784 oqsprovider.so->OQS_KEM_new(0x5c52396cc9a0, 8, 0, 0x5c52396d9250) = 0x5c52396d9270 <0.000126>
[pid 315] 14:59:45.558017 oqsprovider.so->OQS_KEM_keypair(0x5c52396d9270, 0x5c52396e1960, 0x5c52396e35c0, 0x5c52396d9250) = 0 <0.013241>
[pid 315] 14:59:45.571430 <... EVP_PKEY_keygen resumed> ) = 1 <0.013755>
[pid 315] 14:59:45.612022 libssl.so.3->EVP_PKEY_decapsulate_init(0x5c52396a8580, 0, 176, 0x5c52396a8580) = 1 <0.000581>
[pid 315] 14:59:45.612694 libssl.so.3->EVP_PKEY_decapsulate(0x5c52396a8580, 0, 0x7ffe630c28e0, 0x5c52396db44a) = 1 <0.000200>
[pid 315] 14:59:45.612974 libssl.so.3->EVP_PKEY_decapsulate(0x5c52396a8580, 0x5c52396c78b0, 0x7ffe630c28e0, 0x5c52396db44a <unfinished ...>
[pid 315] 14:59:45.613201 oqsprovider.so->OQS_KEM_decaps(0x5c52396d9270, 0x5c52396c78b0, 0x5c52396db44a, 0x5c52396e35c0) = 0 <0.039307>
[pid 315] 14:59:45.652678 <... EVP_PKEY_decapsulate resumed> ) = 1 <0.039692>
[pid 315] 14:59:45.653772 libssl.so.3->X509_verify_cert(0x5c52396ccb60, 0, 0x8000, 0xffffffff) = 1 <0.000767>
[pid 315] 14:59:45.654811 libssl.so.3->EVP_DigestVerifyInit_ex(0x5c5239701790, 0x7ffe630c2988, 0, 0) = 1 <0.000189>
[pid 315] 14:59:45.655068 libssl.so.3->EVP_DigestVerify(0x5c5239701790, 0x5c52396db3f8, 4627, 0x7ffe630c2990) = 1 <0.000249>
[pid 315] 14:59:45.655565 libssl.so.3->X509_verify_cert(0x5c52396ccb60, 1, 1, 0) = 1 <0.000265>
[pid 315] 14:59:45.656186 libssl.so.3->EVP_DigestSignInit_ex(0x5c52395f8810, 0x7ffe630c2970, 0, 0) = 1 <0.000189>
[pid 315] 14:59:45.656439 libssl.so.3->EVP_DigestSign(0x5c52395f8810, 0, 0x7ffe630c2980, 0x7ffe630c2990) = 1 <0.000172>
[pid 315] 14:59:45.656665 libssl.so.3->EVP_DigestSign(0x5c52395f8810, 0x5c52396e5270, 0x7ffe630c2980, 0x7ffe630c2990) = 1 <0.000456>
[pid 315] 14:59:45.657555 <... SSL_connect resumed> ) = 1 <0.100624>
[pid 315] 14:59:45.657967 oqsprovider.so->OQS_KEM_free(0x5c52396d9270, 0x5c52396d9220, 2, 0x5c52396d9240) = 4 <0.000182>
Handshake duration: 100.89 ms
[pid 315] 14:59:45.661503 +++ exited (status 0) +++
Execution 59 - TLS Mutual
s_connection: verify depth is 1
[pid 317] 14:59:45.721152 openssl->SSL_connect(0x5dcc57745890, 0x5dcc57717e50, 0x5dcc57717e50, 0x7c7f294c0360 <unfinished ...>
[pid 317] 14:59:45.721584 libssl.so.3->EVP_PKEY_keygen_init(0x5dcc57719580, 0, 176, 0x5dcc57719580) = 1 <0.000202>
[pid 317] 14:59:45.721856 libssl.so.3->EVP_PKEY_keygen(0x5dcc57719580, 0x7ffe4b496e10, 0, 103 <unfinished ...>
[pid 317] 14:59:45.722077 oqsprovider.so->OQS_KEM_new(0x5dcc5773d9a0, 8, 0, 0x5dcc5774a250) = 0x5dcc5774a270 <0.000164>
[pid 317] 14:59:45.722354 oqsprovider.so->OQS_KEM_keypair(0x5dcc5774a270, 0x5dcc57752960, 0x5dcc577545c0, 0x5dcc5774a250) = 0 <0.013125>
[pid 317] 14:59:45.735765 <... EVP_PKEY_keygen resumed> ) = 1 <0.013891>
[pid 317] 14:59:45.778628 libssl.so.3->EVP_PKEY_decapsulate_init(0x5dcc57719580, 0, 176, 0x5dcc57719580) = 1 <0.000492>
[pid 317] 14:59:45.779183 libssl.so.3->EVP_PKEY_decapsulate(0x5dcc57719580, 0, 0x7ffe4b496dd0, 0x5dcc5774c44a) = 1 <0.000144>
[pid 317] 14:59:45.779374 libssl.so.3->EVP_PKEY_decapsulate(0x5dcc57719580, 0x5dcc577388b0, 0x7ffe4b496dd0, 0x5dcc5774c44a <unfinished ...>
[pid 317] 14:59:45.779503 oqsprovider.so->OQS_KEM_decaps(0x5dcc5774a270, 0x5dcc577388b0, 0x5dcc5774c44a, 0x5dcc577545c0) = 0 <0.045996>
[pid 317] 14:59:45.825654 <... EVP_PKEY_decapsulate resumed> ) = 1 <0.046268>
[pid 317] 14:59:45.826775 libssl.so.3->X509_verify_cert(0x5dcc5773db60, 0, 0x8000, 0xffffffff) = 1 <0.000720>
[pid 317] 14:59:45.827784 libssl.so.3->EVP_DigestVerifyInit_ex(0x5dcc57772790, 0x7ffe4b496e78, 0, 0) = 1 <0.000174>
[pid 317] 14:59:45.828022 libssl.so.3->EVP_DigestVerify(0x5dcc57772790, 0x5dcc5774c3f8, 4627, 0x7ffe4b496e80) = 1 <0.000327>
[pid 317] 14:59:45.828606 libssl.so.3->X509_verify_cert(0x5dcc5773db60, 1, 1, 0) = 1 <0.000359>
[pid 317] 14:59:45.829464 libssl.so.3->EVP_DigestSignInit_ex(0x5dcc57669810, 0x7ffe4b496e60, 0, 0) = 1 <0.000213>
[pid 317] 14:59:45.829714 libssl.so.3->EVP_DigestSign(0x5dcc57669810, 0, 0x7ffe4b496e70, 0x7ffe4b496e80) = 1 <0.000142>
[pid 317] 14:59:45.829917 libssl.so.3->EVP_DigestSign(0x5dcc57669810, 0x5dcc57756270, 0x7ffe4b496e70, 0x7ffe4b496e80) = 1 <0.000640>
[pid 317] 14:59:45.830964 <... SSL_connect resumed> ) = 1 <0.109797>
[pid 317] 14:59:45.831431 oqsprovider.so->OQS_KEM_free(0x5dcc5774a270, 0x5dcc5774a220, 2, 0x5dcc5774a240) = 4 <0.000151>
Handshake duration: 110.15 ms
[pid 317] 14:59:45.834228 +++ exited (status 0) +++
Execution 60 - TLS Mutual
s_connection: verify depth is 1
[pid 319] 14:59:45.893104 openssl->SSL_connect(0x571a31162890, 0x571a31134e50, 0x571a31134e50, 0x789f05e9c360 <unfinished ...>
[pid 319] 14:59:45.893569 libssl.so.3->EVP_PKEY_keygen_init(0x571a31136580, 0, 176, 0x571a31136580) = 1 <0.000155>
[pid 319] 14:59:45.893773 libssl.so.3->EVP_PKEY_keygen(0x571a31136580, 0x7ffd0928b790, 0, 103 <unfinished ...>
[pid 319] 14:59:45.893932 oqsprovider.so->OQS_KEM_new(0x571a3115a9a0, 8, 0, 0x571a31167250) = 0x571a31167270 <0.000155>
[pid 319] 14:59:45.894210 oqsprovider.so->OQS_KEM_keypair(0x571a31167270, 0x571a3116f960, 0x571a311715c0, 0x571a31167250) = 0 <0.015382>
[pid 319] 14:59:45.909780 <... EVP_PKEY_keygen resumed> ) = 1 <0.015993>
[pid 319] 14:59:45.952624 libssl.so.3->EVP_PKEY_decapsulate_init(0x571a31136580, 0, 176, 0x571a31136580) = 1 <0.000500>
[pid 319] 14:59:45.953186 libssl.so.3->EVP_PKEY_decapsulate(0x571a31136580, 0, 0x7ffd0928b750, 0x571a3116944a) = 1 <0.000140>
[pid 319] 14:59:45.953382 libssl.so.3->EVP_PKEY_decapsulate(0x571a31136580, 0x571a311558b0, 0x7ffd0928b750, 0x571a3116944a <unfinished ...>
[pid 319] 14:59:45.953591 oqsprovider.so->OQS_KEM_decaps(0x571a31167270, 0x571a311558b0, 0x571a3116944a, 0x571a311715c0) = 0 <0.042154>
[pid 319] 14:59:45.995883 <... EVP_PKEY_decapsulate resumed> ) = 1 <0.042493>
[pid 319] 14:59:45.996970 libssl.so.3->X509_verify_cert(0x571a3115ab60, 0, 0x8000, 0xffffffff) = 1 <0.000675>
[pid 319] 14:59:45.997951 libssl.so.3->EVP_DigestVerifyInit_ex(0x571a3118f790, 0x7ffd0928b7f8, 0, 0) = 1 <0.000235>
[pid 319] 14:59:45.998255 libssl.so.3->EVP_DigestVerify(0x571a3118f790, 0x571a311693f8, 4627, 0x7ffd0928b800) = 1 <0.000319>
[pid 319] 14:59:45.998937 libssl.so.3->X509_verify_cert(0x571a3115ab60, 1, 1, 0) = 1 <0.000379>
[pid 319] 14:59:45.999759 libssl.so.3->EVP_DigestSignInit_ex(0x571a31086810, 0x7ffd0928b7e0, 0, 0) = 1 <0.000161>
[pid 319] 14:59:45.999981 libssl.so.3->EVP_DigestSign(0x571a31086810, 0, 0x7ffd0928b7f0, 0x7ffd0928b800) = 1 <0.000143>
[pid 319] 14:59:46.000167 libssl.so.3->EVP_DigestSign(0x571a31086810, 0x571a31173270, 0x7ffd0928b7f0, 0x7ffd0928b800) = 1 <0.000374>
[pid 319] 14:59:46.000910 <... SSL_connect resumed> ) = 1 <0.107818>
[pid 319] 14:59:46.001396 oqsprovider.so->OQS_KEM_free(0x571a31167270, 0x571a31167220, 2, 0x571a31167240) = 4 <0.000227>
Handshake duration: 108.11 ms
[pid 319] 14:59:46.004204 +++ exited (status 0) +++
Execution 61 - TLS Mutual
s_connection: verify depth is 1
[pid 321] 14:59:46.075100 openssl->SSL_connect(0x583800882890, 0x583800854e50, 0x583800854e50, 0x7b2a00223360 <unfinished ...>
[pid 321] 14:59:46.075586 libssl.so.3->EVP_PKEY_keygen_init(0x583800856580, 0, 176, 0x583800856580) = 1 <0.000181>
[pid 321] 14:59:46.075833 libssl.so.3->EVP_PKEY_keygen(0x583800856580, 0x7ffe31e985f0, 0, 103 <unfinished ...>
[pid 321] 14:59:46.076022 oqsprovider.so->OQS_KEM_new(0x58380087a9a0, 8, 0, 0x583800887250) = 0x583800887270 <0.000147>
[pid 321] 14:59:46.076279 oqsprovider.so->OQS_KEM_keypair(0x583800887270, 0x58380088f960, 0x5838008915c0, 0x583800887250) = 0 <0.013643>
[pid 321] 14:59:46.090158 <... EVP_PKEY_keygen resumed> ) = 1 <0.014289>
[pid 321] 14:59:46.133822 libssl.so.3->EVP_PKEY_decapsulate_init(0x583800856580, 0, 176, 0x583800856580) = 1 <0.000553>
[pid 321] 14:59:46.134472 libssl.so.3->EVP_PKEY_decapsulate(0x583800856580, 0, 0x7ffe31e985b0, 0x58380088944a) = 1 <0.000233>
[pid 321] 14:59:46.134834 libssl.so.3->EVP_PKEY_decapsulate(0x583800856580, 0x5838008758b0, 0x7ffe31e985b0, 0x58380088944a <unfinished ...>
[pid 321] 14:59:46.135043 oqsprovider.so->OQS_KEM_decaps(0x583800887270, 0x5838008758b0, 0x58380088944a, 0x5838008915c0) = 0 <0.041317>
[pid 321] 14:59:46.176616 <... EVP_PKEY_decapsulate resumed> ) = 1 <0.041745>
[pid 321] 14:59:46.177864 libssl.so.3->X509_verify_cert(0x58380087ab60, 0, 0x8000, 0xffffffff) = 1 <0.001243>
[pid 321] 14:59:46.179532 libssl.so.3->EVP_DigestVerifyInit_ex(0x5838008af790, 0x7ffe31e98658, 0, 0) = 1 <0.000300>
[pid 321] 14:59:46.179923 libssl.so.3->EVP_DigestVerify(0x5838008af790, 0x5838008893f8, 4627, 0x7ffe31e98660) = 1 <0.000333>
[pid 321] 14:59:46.180631 libssl.so.3->X509_verify_cert(0x58380087ab60, 1, 1, 0) = 1 <0.000444>
[pid 321] 14:59:46.181617 libssl.so.3->EVP_DigestSignInit_ex(0x5838007a6810, 0x7ffe31e98640, 0, 0) = 1 <0.000204>
[pid 321] 14:59:46.181877 libssl.so.3->EVP_DigestSign(0x5838007a6810, 0, 0x7ffe31e98650, 0x7ffe31e98660) = 1 <0.000214>
[pid 321] 14:59:46.182154 libssl.so.3->EVP_DigestSign(0x5838007a6810, 0x583800893270, 0x7ffe31e98650, 0x7ffe31e98660) = 1 <0.000403>
[pid 321] 14:59:46.182968 <... SSL_connect resumed> ) = 1 <0.107863>
[pid 321] 14:59:46.183444 oqsprovider.so->OQS_KEM_free(0x583800887270, 0x583800887220, 2, 0x583800887240) = 4 <0.000182>
Handshake duration: 108.12 ms
[pid 321] 14:59:46.186124 +++ exited (status 0) +++
Execution 62 - TLS Mutual
s_connection: verify depth is 1
[pid 323] 14:59:46.244970 openssl->SSL_connect(0x5b69fe28e890, 0x5b69fe260e50, 0x5b69fe260e50, 0x79fb3f430360 <unfinished ...>
[pid 323] 14:59:46.245466 libssl.so.3->EVP_PKEY_keygen_init(0x5b69fe262580, 0, 176, 0x5b69fe262580) = 1 <0.000143>
[pid 323] 14:59:46.245659 libssl.so.3->EVP_PKEY_keygen(0x5b69fe262580, 0x7ffe20f326d0, 0, 103 <unfinished ...>
[pid 323] 14:59:46.245779 oqsprovider.so->OQS_KEM_new(0x5b69fe2869a0, 8, 0, 0x5b69fe293250) = 0x5b69fe293270 <0.000125>
[pid 323] 14:59:46.246028 oqsprovider.so->OQS_KEM_keypair(0x5b69fe293270, 0x5b69fe29b960, 0x5b69fe29d5c0, 0x5b69fe293250) = 0 <0.013534>
[pid 323] 14:59:46.259722 <... EVP_PKEY_keygen resumed> ) = 1 <0.014056>
[pid 323] 14:59:46.301231 libssl.so.3->EVP_PKEY_decapsulate_init(0x5b69fe262580, 0, 176, 0x5b69fe262580) = 1 <0.000686>
[pid 323] 14:59:46.302005 libssl.so.3->EVP_PKEY_decapsulate(0x5b69fe262580, 0, 0x7ffe20f32690, 0x5b69fe29544a) = 1 <0.000233>
[pid 323] 14:59:46.302338 libssl.so.3->EVP_PKEY_decapsulate(0x5b69fe262580, 0x5b69fe2818b0, 0x7ffe20f32690, 0x5b69fe29544a <unfinished ...>
[pid 323] 14:59:46.302662 oqsprovider.so->OQS_KEM_decaps(0x5b69fe293270, 0x5b69fe2818b0, 0x5b69fe29544a, 0x5b69fe29d5c0) = 0 <0.063757>
[pid 323] 14:59:46.366607 <... EVP_PKEY_decapsulate resumed> ) = 1 <0.064261>
[pid 323] 14:59:46.367700 libssl.so.3->X509_verify_cert(0x5b69fe286b60, 0, 0x8000, 0xffffffff) = 1 <0.000725>
[pid 323] 14:59:46.368769 libssl.so.3->EVP_DigestVerifyInit_ex(0x5b69fe2bb790, 0x7ffe20f32738, 0, 0) = 1 <0.000211>
[pid 323] 14:59:46.369083 libssl.so.3->EVP_DigestVerify(0x5b69fe2bb790, 0x5b69fe2953f8, 4627, 0x7ffe20f32740) = 1 <0.000282>
[pid 323] 14:59:46.369630 libssl.so.3->X509_verify_cert(0x5b69fe286b60, 1, 1, 0) = 1 <0.000263>
[pid 323] 14:59:46.370289 libssl.so.3->EVP_DigestSignInit_ex(0x5b69fe1b2810, 0x7ffe20f32720, 0, 0) = 1 <0.000164>
[pid 323] 14:59:46.370504 libssl.so.3->EVP_DigestSign(0x5b69fe1b2810, 0, 0x7ffe20f32730, 0x7ffe20f32740) = 1 <0.000128>
[pid 323] 14:59:46.370676 libssl.so.3->EVP_DigestSign(0x5b69fe1b2810, 0x5b69fe29f270, 0x7ffe20f32730, 0x7ffe20f32740) = 1 <0.000307>
[pid 323] 14:59:46.371249 <... SSL_connect resumed> ) = 1 <0.126298>
[pid 323] 14:59:46.371623 oqsprovider.so->OQS_KEM_free(0x5b69fe293270, 0x5b69fe293220, 2, 0x5b69fe293240) = 4 <0.000126>
Handshake duration: 126.50 ms
[pid 323] 14:59:46.374411 +++ exited (status 0) +++
Execution 63 - TLS Mutual
s_connection: verify depth is 1
[pid 325] 14:59:46.434234 openssl->SSL_connect(0x5b2d27cf6890, 0x5b2d27cc8e50, 0x5b2d27cc8e50, 0x7d2d11f4a360 <unfinished ...>
[pid 325] 14:59:46.434748 libssl.so.3->EVP_PKEY_keygen_init(0x5b2d27cca580, 0, 176, 0x5b2d27cca580) = 1 <0.000260>
[pid 325] 14:59:46.435123 libssl.so.3->EVP_PKEY_keygen(0x5b2d27cca580, 0x7ffe0829ec50, 0, 103 <unfinished ...>
[pid 325] 14:59:46.435331 oqsprovider.so->OQS_KEM_new(0x5b2d27cee9a0, 8, 0, 0x5b2d27cfb250) = 0x5b2d27cfb270 <0.000151>
[pid 325] 14:59:46.435635 oqsprovider.so->OQS_KEM_keypair(0x5b2d27cfb270, 0x5b2d27d03960, 0x5b2d27d055c0, 0x5b2d27cfb250) = 0 <0.013725>
[pid 325] 14:59:46.449534 <... EVP_PKEY_keygen resumed> ) = 1 <0.014392>
[pid 325] 14:59:46.489647 libssl.so.3->EVP_PKEY_decapsulate_init(0x5b2d27cca580, 0, 176, 0x5b2d27cca580) = 1 <0.000622>
[pid 325] 14:59:46.490335 libssl.so.3->EVP_PKEY_decapsulate(0x5b2d27cca580, 0, 0x7ffe0829ec10, 0x5b2d27cfd44a) = 1 <0.000148>
[pid 325] 14:59:46.490538 libssl.so.3->EVP_PKEY_decapsulate(0x5b2d27cca580, 0x5b2d27ce98b0, 0x7ffe0829ec10, 0x5b2d27cfd44a <unfinished ...>
[pid 325] 14:59:46.490665 oqsprovider.so->OQS_KEM_decaps(0x5b2d27cfb270, 0x5b2d27ce98b0, 0x5b2d27cfd44a, 0x5b2d27d055c0) = 0 <0.044862>
[pid 325] 14:59:46.535708 <... EVP_PKEY_decapsulate resumed> ) = 1 <0.045164>
[pid 325] 14:59:46.536775 libssl.so.3->X509_verify_cert(0x5b2d27ceeb60, 0, 0x8000, 0xffffffff) = 1 <0.000686>
[pid 325] 14:59:46.537775 libssl.so.3->EVP_DigestVerifyInit_ex(0x5b2d27d23790, 0x7ffe0829ecb8, 0, 0) = 1 <0.000276>
[pid 325] 14:59:46.538156 libssl.so.3->EVP_DigestVerify(0x5b2d27d23790, 0x5b2d27cfd3f8, 4627, 0x7ffe0829ecc0) = 1 <0.000321>
[pid 325] 14:59:46.539154 libssl.so.3->X509_verify_cert(0x5b2d27ceeb60, 1, 1, 0) = 1 <0.000391>
[pid 325] 14:59:46.539926 libssl.so.3->EVP_DigestSignInit_ex(0x5b2d27c1a810, 0x7ffe0829eca0, 0, 0) = 1 <0.000242>
[pid 325] 14:59:46.540225 libssl.so.3->EVP_DigestSign(0x5b2d27c1a810, 0, 0x7ffe0829ecb0, 0x7ffe0829ecc0) = 1 <0.000159>
[pid 325] 14:59:46.540454 libssl.so.3->EVP_DigestSign(0x5b2d27c1a810, 0x5b2d27d07270, 0x7ffe0829ecb0, 0x7ffe0829ecc0) = 1 <0.000409>
[pid 325] 14:59:46.541612 <... SSL_connect resumed> ) = 1 <0.107383>
[pid 325] 14:59:46.542152 oqsprovider.so->OQS_KEM_free(0x5b2d27cfb270, 0x5b2d27cfb220, 2, 0x5b2d27cfb240) = 4 <0.000197>
Handshake duration: 107.70 ms
[pid 325] 14:59:46.544723 +++ exited (status 0) +++
Execution 64 - TLS Mutual
s_connection: verify depth is 1
[pid 327] 14:59:46.601739 openssl->SSL_connect(0x6548aa06f890, 0x6548aa041e50, 0x6548aa041e50, 0x77a4f97b1360 <unfinished ...>
[pid 327] 14:59:46.602323 libssl.so.3->EVP_PKEY_keygen_init(0x6548aa043580, 0, 176, 0x6548aa043580) = 1 <0.000254>
[pid 327] 14:59:46.602667 libssl.so.3->EVP_PKEY_keygen(0x6548aa043580, 0x7ffc1f254000, 0, 103 <unfinished ...>
[pid 327] 14:59:46.602895 oqsprovider.so->OQS_KEM_new(0x6548aa0679a0, 8, 0, 0x6548aa074250) = 0x6548aa074270 <0.000140>
[pid 327] 14:59:46.603155 oqsprovider.so->OQS_KEM_keypair(0x6548aa074270, 0x6548aa07c960, 0x6548aa07e5c0, 0x6548aa074250) = 0 <0.013083>
[pid 327] 14:59:46.616394 <... EVP_PKEY_keygen resumed> ) = 1 <0.013714>
[pid 327] 14:59:46.656868 libssl.so.3->EVP_PKEY_decapsulate_init(0x6548aa043580, 0, 176, 0x6548aa043580) = 1 <0.000607>
[pid 327] 14:59:46.657569 libssl.so.3->EVP_PKEY_decapsulate(0x6548aa043580, 0, 0x7ffc1f253fc0, 0x6548aa07644a) = 1 <0.000216>
[pid 327] 14:59:46.657865 libssl.so.3->EVP_PKEY_decapsulate(0x6548aa043580, 0x6548aa0628b0, 0x7ffc1f253fc0, 0x6548aa07644a <unfinished ...>
[pid 327] 14:59:46.658091 oqsprovider.so->OQS_KEM_decaps(0x6548aa074270, 0x6548aa0628b0, 0x6548aa07644a, 0x6548aa07e5c0) = 0 <0.046006>
[pid 327] 14:59:46.704287 <... EVP_PKEY_decapsulate resumed> ) = 1 <0.046408>
[pid 327] 14:59:46.705586 libssl.so.3->X509_verify_cert(0x6548aa067b60, 0, 0x8000, 0xffffffff) = 1 <0.000789>
[pid 327] 14:59:46.706709 libssl.so.3->EVP_DigestVerifyInit_ex(0x6548aa09c790, 0x7ffc1f254068, 0, 0) = 1 <0.000215>
[pid 327] 14:59:46.707004 libssl.so.3->EVP_DigestVerify(0x6548aa09c790, 0x6548aa0763f8, 4627, 0x7ffc1f254070) = 1 <0.000316>
[pid 327] 14:59:46.707619 libssl.so.3->X509_verify_cert(0x6548aa067b60, 1, 1, 0) = 1 <0.000294>
[pid 327] 14:59:46.708342 libssl.so.3->EVP_DigestSignInit_ex(0x6548a9f93810, 0x7ffc1f254050, 0, 0) = 1 <0.000186>
[pid 327] 14:59:46.708583 libssl.so.3->EVP_DigestSign(0x6548a9f93810, 0, 0x7ffc1f254060, 0x7ffc1f254070) = 1 <0.000204>
[pid 327] 14:59:46.708859 libssl.so.3->EVP_DigestSign(0x6548a9f93810, 0x6548aa080270, 0x7ffc1f254060, 0x7ffc1f254070) = 1 <0.000451>
[pid 327] 14:59:46.709678 <... SSL_connect resumed> ) = 1 <0.107946>
[pid 327] 14:59:46.710061 oqsprovider.so->OQS_KEM_free(0x6548aa074270, 0x6548aa074220, 2, 0x6548aa074240) = 4 <0.000165>
Handshake duration: 108.17 ms
[pid 327] 14:59:46.713132 +++ exited (status 0) +++
Execution 65 - TLS Mutual
s_connection: verify depth is 1
[pid 329] 14:59:46.784061 openssl->SSL_connect(0x6328e7478890, 0x6328e744ae50, 0x6328e744ae50, 0x7caace144360 <unfinished ...>
[pid 329] 14:59:46.784570 libssl.so.3->EVP_PKEY_keygen_init(0x6328e744c580, 0, 176, 0x6328e744c580) = 1 <0.000189>
[pid 329] 14:59:46.784819 libssl.so.3->EVP_PKEY_keygen(0x6328e744c580, 0x7ffcfc867a70, 0, 103 <unfinished ...>
[pid 329] 14:59:46.785065 oqsprovider.so->OQS_KEM_new(0x6328e74709a0, 8, 0, 0x6328e747d250) = 0x6328e747d270 <0.000183>
[pid 329] 14:59:46.785361 oqsprovider.so->OQS_KEM_keypair(0x6328e747d270, 0x6328e7485960, 0x6328e74875c0, 0x6328e747d250) = 0 <0.013306>
[pid 329] 14:59:46.798818 <... EVP_PKEY_keygen resumed> ) = 1 <0.013986>
[pid 329] 14:59:46.840961 libssl.so.3->EVP_PKEY_decapsulate_init(0x6328e744c580, 0, 176, 0x6328e744c580) = 1 <0.000553>
[pid 329] 14:59:46.841570 libssl.so.3->EVP_PKEY_decapsulate(0x6328e744c580, 0, 0x7ffcfc867a30, 0x6328e747f44a) = 1 <0.000213>
[pid 329] 14:59:46.841871 libssl.so.3->EVP_PKEY_decapsulate(0x6328e744c580, 0x6328e746b8b0, 0x7ffcfc867a30, 0x6328e747f44a <unfinished ...>
[pid 329] 14:59:46.842107 oqsprovider.so->OQS_KEM_decaps(0x6328e747d270, 0x6328e746b8b0, 0x6328e747f44a, 0x6328e74875c0) = 0 <0.042277>
[pid 329] 14:59:46.884559 <... EVP_PKEY_decapsulate resumed> ) = 1 <0.042677>
[pid 329] 14:59:46.885751 libssl.so.3->X509_verify_cert(0x6328e7470b60, 0, 0x8000, 0xffffffff) = 1 <0.000705>
[pid 329] 14:59:46.886718 libssl.so.3->EVP_DigestVerifyInit_ex(0x6328e74a5790, 0x7ffcfc867ad8, 0, 0) = 1 <0.000204>
[pid 329] 14:59:46.886995 libssl.so.3->EVP_DigestVerify(0x6328e74a5790, 0x6328e747f3f8, 4627, 0x7ffcfc867ae0) = 1 <0.000324>
[pid 329] 14:59:46.887656 libssl.so.3->X509_verify_cert(0x6328e7470b60, 1, 1, 0) = 1 <0.000354>
[pid 329] 14:59:46.888492 libssl.so.3->EVP_DigestSignInit_ex(0x6328e739c810, 0x7ffcfc867ac0, 0, 0) = 1 <0.000226>
[pid 329] 14:59:46.888773 libssl.so.3->EVP_DigestSign(0x6328e739c810, 0, 0x7ffcfc867ad0, 0x7ffcfc867ae0) = 1 <0.000196>
[pid 329] 14:59:46.889021 libssl.so.3->EVP_DigestSign(0x6328e739c810, 0x6328e7489270, 0x7ffcfc867ad0, 0x7ffcfc867ae0) = 1 <0.000517>
[pid 329] 14:59:46.889870 <... SSL_connect resumed> ) = 1 <0.105824>
[pid 329] 14:59:46.890256 oqsprovider.so->OQS_KEM_free(0x6328e747d270, 0x6328e747d220, 2, 0x6328e747d240) = 4 <0.000165>
Handshake duration: 106.08 ms
[pid 329] 14:59:46.892713 +++ exited (status 0) +++
Execution 66 - TLS Mutual
s_connection: verify depth is 1
[pid 331] 14:59:46.950859 openssl->SSL_connect(0x65103c702890, 0x65103c6d4e50, 0x65103c6d4e50, 0x78b38c5cb360 <unfinished ...>
[pid 331] 14:59:46.951325 libssl.so.3->EVP_PKEY_keygen_init(0x65103c6d6580, 0, 176, 0x65103c6d6580) = 1 <0.000171>
[pid 331] 14:59:46.951548 libssl.so.3->EVP_PKEY_keygen(0x65103c6d6580, 0x7fffb4b2c510, 0, 103 <unfinished ...>
[pid 331] 14:59:46.951783 oqsprovider.so->OQS_KEM_new(0x65103c6fa9a0, 8, 0, 0x65103c707250) = 0x65103c707270 <0.000161>
[pid 331] 14:59:46.952095 oqsprovider.so->OQS_KEM_keypair(0x65103c707270, 0x65103c70f960, 0x65103c7115c0, 0x65103c707250) = 0 <0.014068>
[pid 331] 14:59:46.966369 <... EVP_PKEY_keygen resumed> ) = 1 <0.014786>
[pid 331] 14:59:47.007360 libssl.so.3->EVP_PKEY_decapsulate_init(0x65103c6d6580, 0, 176, 0x65103c6d6580) = 1 <0.000456>
[pid 331] 14:59:47.007863 libssl.so.3->EVP_PKEY_decapsulate(0x65103c6d6580, 0, 0x7fffb4b2c4d0, 0x65103c70944a) = 1 <0.000126>
[pid 331] 14:59:47.008032 libssl.so.3->EVP_PKEY_decapsulate(0x65103c6d6580, 0x65103c6f58b0, 0x7fffb4b2c4d0, 0x65103c70944a <unfinished ...>
[pid 331] 14:59:47.008191 oqsprovider.so->OQS_KEM_decaps(0x65103c707270, 0x65103c6f58b0, 0x65103c70944a, 0x65103c7115c0) = 0 <0.041104>
[pid 331] 14:59:47.049504 <... EVP_PKEY_decapsulate resumed> ) = 1 <0.041454>
[pid 331] 14:59:47.050524 libssl.so.3->X509_verify_cert(0x65103c6fab60, 0, 0x8000, 0xffffffff) = 1 <0.000658>
[pid 331] 14:59:47.051432 libssl.so.3->EVP_DigestVerifyInit_ex(0x65103c72f790, 0x7fffb4b2c578, 0, 0) = 1 <0.000147>
[pid 331] 14:59:47.051636 libssl.so.3->EVP_DigestVerify(0x65103c72f790, 0x65103c7093f8, 4627, 0x7fffb4b2c580) = 1 <0.000345>
[pid 331] 14:59:47.052280 libssl.so.3->X509_verify_cert(0x65103c6fab60, 1, 1, 0) = 1 <0.000266>
[pid 331] 14:59:47.052960 libssl.so.3->EVP_DigestSignInit_ex(0x65103c626810, 0x7fffb4b2c560, 0, 0) = 1 <0.000180>
[pid 331] 14:59:47.053186 libssl.so.3->EVP_DigestSign(0x65103c626810, 0, 0x7fffb4b2c570, 0x7fffb4b2c580) = 1 <0.000111>
[pid 331] 14:59:47.053339 libssl.so.3->EVP_DigestSign(0x65103c626810, 0x65103c713270, 0x7fffb4b2c570, 0x7fffb4b2c580) = 1 <0.000495>
[pid 331] 14:59:47.054111 <... SSL_connect resumed> ) = 1 <0.103276>
[pid 331] 14:59:47.054379 oqsprovider.so->OQS_KEM_free(0x65103c707270, 0x65103c707220, 2, 0x65103c707240) = 4 <0.000141>
Handshake duration: 103.43 ms
[pid 331] 14:59:47.057217 +++ exited (status 0) +++
Execution 67 - TLS Mutual
s_connection: verify depth is 1
[pid 333] 14:59:47.116695 openssl->SSL_connect(0x5fb012b72890, 0x5fb012b44e50, 0x5fb012b44e50, 0x7fc9c03ae360 <unfinished ...>
[pid 333] 14:59:47.117151 libssl.so.3->EVP_PKEY_keygen_init(0x5fb012b46580, 0, 176, 0x5fb012b46580) = 1 <0.000150>
[pid 333] 14:59:47.117349 libssl.so.3->EVP_PKEY_keygen(0x5fb012b46580, 0x7ffc80baeac0, 0, 103 <unfinished ...>
[pid 333] 14:59:47.117596 oqsprovider.so->OQS_KEM_new(0x5fb012b6a9a0, 8, 0, 0x5fb012b77250) = 0x5fb012b77270 <0.000295>
[pid 333] 14:59:47.118012 oqsprovider.so->OQS_KEM_keypair(0x5fb012b77270, 0x5fb012b7f960, 0x5fb012b815c0, 0x5fb012b77250) = 0 <0.013157>
[pid 333] 14:59:47.131287 <... EVP_PKEY_keygen resumed> ) = 1 <0.013931>
[pid 333] 14:59:47.171579 libssl.so.3->EVP_PKEY_decapsulate_init(0x5fb012b46580, 0, 176, 0x5fb012b46580) = 1 <0.000619>
[pid 333] 14:59:47.172302 libssl.so.3->EVP_PKEY_decapsulate(0x5fb012b46580, 0, 0x7ffc80baea80, 0x5fb012b7944a) = 1 <0.000171>
[pid 333] 14:59:47.172524 libssl.so.3->EVP_PKEY_decapsulate(0x5fb012b46580, 0x5fb012b658b0, 0x7ffc80baea80, 0x5fb012b7944a <unfinished ...>
[pid 333] 14:59:47.172659 oqsprovider.so->OQS_KEM_decaps(0x5fb012b77270, 0x5fb012b658b0, 0x5fb012b7944a, 0x5fb012b815c0) = 0 <0.045037>
[pid 333] 14:59:47.217869 <... EVP_PKEY_decapsulate resumed> ) = 1 <0.045332>
[pid 333] 14:59:47.218874 libssl.so.3->X509_verify_cert(0x5fb012b6ab60, 0, 0x8000, 0xffffffff) = 1 <0.000617>
[pid 333] 14:59:47.219727 libssl.so.3->EVP_DigestVerifyInit_ex(0x5fb012b9f790, 0x7ffc80baeb28, 0, 0) = 1 <0.000128>
[pid 333] 14:59:47.219906 libssl.so.3->EVP_DigestVerify(0x5fb012b9f790, 0x5fb012b793f8, 4627, 0x7ffc80baeb30) = 1 <0.000227>
[pid 333] 14:59:47.220386 libssl.so.3->X509_verify_cert(0x5fb012b6ab60, 1, 1, 0) = 1 <0.000270>
[pid 333] 14:59:47.221108 libssl.so.3->EVP_DigestSignInit_ex(0x5fb012a96810, 0x7ffc80baeb10, 0, 0) = 1 <0.000157>
[pid 333] 14:59:47.221310 libssl.so.3->EVP_DigestSign(0x5fb012a96810, 0, 0x7ffc80baeb20, 0x7ffc80baeb30) = 1 <0.000149>
[pid 333] 14:59:47.221554 libssl.so.3->EVP_DigestSign(0x5fb012a96810, 0x5fb012b83270, 0x7ffc80baeb20, 0x7ffc80baeb30) = 1 <0.000560>
[pid 333] 14:59:47.222504 <... SSL_connect resumed> ) = 1 <0.105821>
[pid 333] 14:59:47.222786 oqsprovider.so->OQS_KEM_free(0x5fb012b77270, 0x5fb012b77220, 2, 0x5fb012b77240) = 4 <0.000267>
Handshake duration: 105.99 ms
[pid 333] 14:59:47.225448 +++ exited (status 0) +++
Execution 68 - TLS Mutual
s_connection: verify depth is 1
[pid 335] 14:59:47.283624 openssl->SSL_connect(0x6173cbc6f890, 0x6173cbc41e50, 0x6173cbc41e50, 0x736b6e8a2360 <unfinished ...>
[pid 335] 14:59:47.284172 libssl.so.3->EVP_PKEY_keygen_init(0x6173cbc43580, 0, 176, 0x6173cbc43580) = 1 <0.000228>
[pid 335] 14:59:47.284459 libssl.so.3->EVP_PKEY_keygen(0x6173cbc43580, 0x7ffc6cfd0b30, 0, 103 <unfinished ...>
[pid 335] 14:59:47.284599 oqsprovider.so->OQS_KEM_new(0x6173cbc679a0, 8, 0, 0x6173cbc74250) = 0x6173cbc74270 <0.000117>
[pid 335] 14:59:47.284874 oqsprovider.so->OQS_KEM_keypair(0x6173cbc74270, 0x6173cbc7c960, 0x6173cbc7e5c0, 0x6173cbc74250) = 0 <0.013244>
[pid 335] 14:59:47.298315 <... EVP_PKEY_keygen resumed> ) = 1 <0.013823>
[pid 335] 14:59:47.339200 libssl.so.3->EVP_PKEY_decapsulate_init(0x6173cbc43580, 0, 176, 0x6173cbc43580) = 1 <0.000470>
[pid 335] 14:59:47.339733 libssl.so.3->EVP_PKEY_decapsulate(0x6173cbc43580, 0, 0x7ffc6cfd0af0, 0x6173cbc7644a) = 1 <0.000137>
[pid 335] 14:59:47.339916 libssl.so.3->EVP_PKEY_decapsulate(0x6173cbc43580, 0x6173cbc628b0, 0x7ffc6cfd0af0, 0x6173cbc7644a <unfinished ...>
[pid 335] 14:59:47.340105 oqsprovider.so->OQS_KEM_decaps(0x6173cbc74270, 0x6173cbc628b0, 0x6173cbc7644a, 0x6173cbc7e5c0) = 0 <0.042149>
[pid 335] 14:59:47.382417 <... EVP_PKEY_decapsulate resumed> ) = 1 <0.042490>
[pid 335] 14:59:47.383536 libssl.so.3->X509_verify_cert(0x6173cbc67b60, 0, 0x8000, 0xffffffff) = 1 <0.000935>
[pid 335] 14:59:47.384764 libssl.so.3->EVP_DigestVerifyInit_ex(0x6173cbc9c790, 0x7ffc6cfd0b98, 0, 0) = 1 <0.000317>
[pid 335] 14:59:47.385137 libssl.so.3->EVP_DigestVerify(0x6173cbc9c790, 0x6173cbc763f8, 4627, 0x7ffc6cfd0ba0) = 1 <0.000313>
[pid 335] 14:59:47.385742 libssl.so.3->X509_verify_cert(0x6173cbc67b60, 1, 1, 0) = 1 <0.000390>
[pid 335] 14:59:47.386571 libssl.so.3->EVP_DigestSignInit_ex(0x6173cbb93810, 0x7ffc6cfd0b80, 0, 0) = 1 <0.000196>
[pid 335] 14:59:47.386824 libssl.so.3->EVP_DigestSign(0x6173cbb93810, 0, 0x7ffc6cfd0b90, 0x7ffc6cfd0ba0) = 1 <0.000167>
[pid 335] 14:59:47.387048 libssl.so.3->EVP_DigestSign(0x6173cbb93810, 0x6173cbc80270, 0x7ffc6cfd0b90, 0x7ffc6cfd0ba0) = 1 <0.000639>
[pid 335] 14:59:47.388026 <... SSL_connect resumed> ) = 1 <0.104410>
[pid 335] 14:59:47.388351 oqsprovider.so->OQS_KEM_free(0x6173cbc74270, 0x6173cbc74220, 2, 0x6173cbc74240) = 4 <0.000201>
Handshake duration: 104.65 ms
[pid 335] 14:59:47.391269 +++ exited (status 0) +++
Execution 69 - TLS Mutual
s_connection: verify depth is 1
[pid 337] 14:59:47.448716 openssl->SSL_connect(0x60163d672890, 0x60163d644e50, 0x60163d644e50, 0x79c144e14360 <unfinished ...>
[pid 337] 14:59:47.449313 libssl.so.3->EVP_PKEY_keygen_init(0x60163d646580, 0, 176, 0x60163d646580) = 1 <0.000266>
[pid 337] 14:59:47.449637 libssl.so.3->EVP_PKEY_keygen(0x60163d646580, 0x7ffefb00ab60, 0, 103 <unfinished ...>
[pid 337] 14:59:47.449905 oqsprovider.so->OQS_KEM_new(0x60163d66a9a0, 8, 0, 0x60163d677250) = 0x60163d677270 <0.000213>
[pid 337] 14:59:47.450244 oqsprovider.so->OQS_KEM_keypair(0x60163d677270, 0x60163d67f960, 0x60163d6815c0, 0x60163d677250) = 0 <0.013748>
[pid 337] 14:59:47.464230 <... EVP_PKEY_keygen resumed> ) = 1 <0.014556>
[pid 337] 14:59:47.505884 libssl.so.3->EVP_PKEY_decapsulate_init(0x60163d646580, 0, 176, 0x60163d646580) = 1 <0.000589>
[pid 337] 14:59:47.506609 libssl.so.3->EVP_PKEY_decapsulate(0x60163d646580, 0, 0x7ffefb00ab20, 0x60163d67944a) = 1 <0.000186>
[pid 337] 14:59:47.506845 libssl.so.3->EVP_PKEY_decapsulate(0x60163d646580, 0x60163d6658b0, 0x7ffefb00ab20, 0x60163d67944a <unfinished ...>
[pid 337] 14:59:47.507061 oqsprovider.so->OQS_KEM_decaps(0x60163d677270, 0x60163d6658b0, 0x60163d67944a, 0x60163d6815c0) = 0 <0.042456>
[pid 337] 14:59:47.549720 <... EVP_PKEY_decapsulate resumed> ) = 1 <0.042855>
[pid 337] 14:59:47.550835 libssl.so.3->X509_verify_cert(0x60163d66ab60, 0, 0x8000, 0xffffffff) = 1 <0.000664>
[pid 337] 14:59:47.551838 libssl.so.3->EVP_DigestVerifyInit_ex(0x60163d69f790, 0x7ffefb00abc8, 0, 0) = 1 <0.000214>
[pid 337] 14:59:47.552144 libssl.so.3->EVP_DigestVerify(0x60163d69f790, 0x60163d6793f8, 4627, 0x7ffefb00abd0) = 1 <0.000256>
[pid 337] 14:59:47.552657 libssl.so.3->X509_verify_cert(0x60163d66ab60, 1, 1, 0) = 1 <0.000281>
[pid 337] 14:59:47.553358 libssl.so.3->EVP_DigestSignInit_ex(0x60163d596810, 0x7ffefb00abb0, 0, 0) = 1 <0.000157>
[pid 337] 14:59:47.553579 libssl.so.3->EVP_DigestSign(0x60163d596810, 0, 0x7ffefb00abc0, 0x7ffefb00abd0) = 1 <0.000187>
[pid 337] 14:59:47.553842 libssl.so.3->EVP_DigestSign(0x60163d596810, 0x60163d683270, 0x7ffefb00abc0, 0x7ffefb00abd0) = 1 <0.000470>
[pid 337] 14:59:47.554582 <... SSL_connect resumed> ) = 1 <0.105884>
[pid 337] 14:59:47.554937 oqsprovider.so->OQS_KEM_free(0x60163d677270, 0x60163d677220, 2, 0x60163d677240) = 4 <0.000203>
Handshake duration: 106.12 ms
[pid 337] 14:59:47.558423 +++ exited (status 0) +++
Execution 70 - TLS Mutual
s_connection: verify depth is 1
[pid 339] 14:59:47.616164 openssl->SSL_connect(0x5bc9dc6d3890, 0x5bc9dc6a5e50, 0x5bc9dc6a5e50, 0x7b5332afb360 <unfinished ...>
[pid 339] 14:59:47.616637 libssl.so.3->EVP_PKEY_keygen_init(0x5bc9dc6a7580, 0, 176, 0x5bc9dc6a7580) = 1 <0.000228>
[pid 339] 14:59:47.616980 libssl.so.3->EVP_PKEY_keygen(0x5bc9dc6a7580, 0x7ffe832a75b0, 0, 103 <unfinished ...>
[pid 339] 14:59:47.617181 oqsprovider.so->OQS_KEM_new(0x5bc9dc6cb9a0, 8, 0, 0x5bc9dc6d8250) = 0x5bc9dc6d8270 <0.000145>
[pid 339] 14:59:47.617446 oqsprovider.so->OQS_KEM_keypair(0x5bc9dc6d8270, 0x5bc9dc6e0960, 0x5bc9dc6e25c0, 0x5bc9dc6d8250) = 0 <0.012911>
[pid 339] 14:59:47.630496 <... EVP_PKEY_keygen resumed> ) = 1 <0.013507>
[pid 339] 14:59:47.671604 libssl.so.3->EVP_PKEY_decapsulate_init(0x5bc9dc6a7580, 0, 176, 0x5bc9dc6a7580) = 1 <0.000579>
[pid 339] 14:59:47.672305 libssl.so.3->EVP_PKEY_decapsulate(0x5bc9dc6a7580, 0, 0x7ffe832a7570, 0x5bc9dc6da44a) = 1 <0.000197>
[pid 339] 14:59:47.672548 libssl.so.3->EVP_PKEY_decapsulate(0x5bc9dc6a7580, 0x5bc9dc6c68b0, 0x7ffe832a7570, 0x5bc9dc6da44a <unfinished ...>
[pid 339] 14:59:47.672698 oqsprovider.so->OQS_KEM_decaps(0x5bc9dc6d8270, 0x5bc9dc6c68b0, 0x5bc9dc6da44a, 0x5bc9dc6e25c0) = 0 <0.040940>
[pid 339] 14:59:47.713827 <... EVP_PKEY_decapsulate resumed> ) = 1 <0.041267>
[pid 339] 14:59:47.715049 libssl.so.3->X509_verify_cert(0x5bc9dc6cbb60, 0, 0x8000, 0xffffffff) = 1 <0.000714>
[pid 339] 14:59:47.716122 libssl.so.3->EVP_DigestVerifyInit_ex(0x5bc9dc700790, 0x7ffe832a7618, 0, 0) = 1 <0.000234>
[pid 339] 14:59:47.716443 libssl.so.3->EVP_DigestVerify(0x5bc9dc700790, 0x5bc9dc6da3f8, 4627, 0x7ffe832a7620) = 1 <0.000264>
[pid 339] 14:59:47.717010 libssl.so.3->X509_verify_cert(0x5bc9dc6cbb60, 1, 1, 0) = 1 <0.000309>
[pid 339] 14:59:47.717688 libssl.so.3->EVP_DigestSignInit_ex(0x5bc9dc5f7810, 0x7ffe832a7600, 0, 0) = 1 <0.000158>
[pid 339] 14:59:47.717914 libssl.so.3->EVP_DigestSign(0x5bc9dc5f7810, 0, 0x7ffe832a7610, 0x7ffe832a7620) = 1 <0.000211>
[pid 339] 14:59:47.718225 libssl.so.3->EVP_DigestSign(0x5bc9dc5f7810, 0x5bc9dc6e4270, 0x7ffe832a7610, 0x7ffe832a7620) = 1 <0.000374>
[pid 339] 14:59:47.718916 <... SSL_connect resumed> ) = 1 <0.102754>
[pid 339] 14:59:47.719270 oqsprovider.so->OQS_KEM_free(0x5bc9dc6d8270, 0x5bc9dc6d8220, 2, 0x5bc9dc6d8240) = 4 <0.000195>
Handshake duration: 102.95 ms
[pid 339] 14:59:47.722959 +++ exited (status 0) +++
Execution 71 - TLS Mutual
s_connection: verify depth is 1
[pid 341] 14:59:47.784785 openssl->SSL_connect(0x5c59f0b27890, 0x5c59f0af9e50, 0x5c59f0af9e50, 0x7afa72280360 <unfinished ...>
[pid 341] 14:59:47.785411 libssl.so.3->EVP_PKEY_keygen_init(0x5c59f0afb580, 0, 176, 0x5c59f0afb580) = 1 <0.000258>
[pid 341] 14:59:47.785763 libssl.so.3->EVP_PKEY_keygen(0x5c59f0afb580, 0x7ffeafa77e90, 0, 103 <unfinished ...>
[pid 341] 14:59:47.786016 oqsprovider.so->OQS_KEM_new(0x5c59f0b1f9a0, 8, 0, 0x5c59f0b2c250) = 0x5c59f0b2c270 <0.000226>
[pid 341] 14:59:47.786401 oqsprovider.so->OQS_KEM_keypair(0x5c59f0b2c270, 0x5c59f0b34960, 0x5c59f0b365c0, 0x5c59f0b2c250) = 0 <0.013914>
[pid 341] 14:59:47.800515 <... EVP_PKEY_keygen resumed> ) = 1 <0.014741>
[pid 341] 14:59:47.844426 libssl.so.3->EVP_PKEY_decapsulate_init(0x5c59f0afb580, 0, 176, 0x5c59f0afb580) = 1 <0.000467>
[pid 341] 14:59:47.844962 libssl.so.3->EVP_PKEY_decapsulate(0x5c59f0afb580, 0, 0x7ffeafa77e50, 0x5c59f0b2e44a) = 1 <0.000202>
[pid 341] 14:59:47.845204 libssl.so.3->EVP_PKEY_decapsulate(0x5c59f0afb580, 0x5c59f0b1a8b0, 0x7ffeafa77e50, 0x5c59f0b2e44a <unfinished ...>
[pid 341] 14:59:47.845323 oqsprovider.so->OQS_KEM_decaps(0x5c59f0b2c270, 0x5c59f0b1a8b0, 0x5c59f0b2e44a, 0x5c59f0b365c0) = 0 <0.041585>
[pid 341] 14:59:47.887097 <... EVP_PKEY_decapsulate resumed> ) = 1 <0.041881>
[pid 341] 14:59:47.888181 libssl.so.3->X509_verify_cert(0x5c59f0b1fb60, 0, 0x8000, 0xffffffff) = 1 <0.000602>
[pid 341] 14:59:47.889089 libssl.so.3->EVP_DigestVerifyInit_ex(0x5c59f0b54790, 0x7ffeafa77ef8, 0, 0) = 1 <0.000260>
[pid 341] 14:59:47.889431 libssl.so.3->EVP_DigestVerify(0x5c59f0b54790, 0x5c59f0b2e3f8, 4627, 0x7ffeafa77f00) = 1 <0.000294>
[pid 341] 14:59:47.890009 libssl.so.3->X509_verify_cert(0x5c59f0b1fb60, 1, 1, 0) = 1 <0.000291>
[pid 341] 14:59:47.890755 libssl.so.3->EVP_DigestSignInit_ex(0x5c59f0a4b810, 0x7ffeafa77ee0, 0, 0) = 1 <0.000198>
[pid 341] 14:59:47.891072 libssl.so.3->EVP_DigestSign(0x5c59f0a4b810, 0, 0x7ffeafa77ef0, 0x7ffeafa77f00) = 1 <0.000242>
[pid 341] 14:59:47.891393 libssl.so.3->EVP_DigestSign(0x5c59f0a4b810, 0x5c59f0b38270, 0x7ffeafa77ef0, 0x7ffeafa77f00) = 1 <0.000733>
[pid 341] 14:59:47.892526 <... SSL_connect resumed> ) = 1 <0.107744>
[pid 341] 14:59:47.892928 oqsprovider.so->OQS_KEM_free(0x5c59f0b2c270, 0x5c59f0b2c220, 2, 0x5c59f0b2c240) = 4 <0.000202>
Handshake duration: 108.01 ms
[pid 341] 14:59:47.895917 +++ exited (status 0) +++
Execution 72 - TLS Mutual
s_connection: verify depth is 1
[pid 343] 14:59:47.958125 openssl->SSL_connect(0x5cb44e7a7890, 0x5cb44e779e50, 0x5cb44e779e50, 0x7cb47f294360 <unfinished ...>
[pid 343] 14:59:47.958697 libssl.so.3->EVP_PKEY_keygen_init(0x5cb44e77b580, 0, 176, 0x5cb44e77b580) = 1 <0.000238>
[pid 343] 14:59:47.959000 libssl.so.3->EVP_PKEY_keygen(0x5cb44e77b580, 0x7ffcceaf43f0, 0, 103 <unfinished ...>
[pid 343] 14:59:47.959193 oqsprovider.so->OQS_KEM_new(0x5cb44e79f9a0, 8, 0, 0x5cb44e7ac250) = 0x5cb44e7ac270 <0.000202>
[pid 343] 14:59:47.959544 oqsprovider.so->OQS_KEM_keypair(0x5cb44e7ac270, 0x5cb44e7b4960, 0x5cb44e7b65c0, 0x5cb44e7ac250) = 0 <0.013931>
[pid 343] 14:59:47.973647 <... EVP_PKEY_keygen resumed> ) = 1 <0.014634>
[pid 343] 14:59:48.015388 libssl.so.3->EVP_PKEY_decapsulate_init(0x5cb44e77b580, 0, 176, 0x5cb44e77b580) = 1 <0.000504>
[pid 343] 14:59:48.016005 libssl.so.3->EVP_PKEY_decapsulate(0x5cb44e77b580, 0, 0x7ffcceaf43b0, 0x5cb44e7ae44a) = 1 <0.000220>
[pid 343] 14:59:48.016276 libssl.so.3->EVP_PKEY_decapsulate(0x5cb44e77b580, 0x5cb44e79a8b0, 0x7ffcceaf43b0, 0x5cb44e7ae44a <unfinished ...>
[pid 343] 14:59:48.016455 oqsprovider.so->OQS_KEM_decaps(0x5cb44e7ac270, 0x5cb44e79a8b0, 0x5cb44e7ae44a, 0x5cb44e7b65c0) = 0 <0.039508>
[pid 343] 14:59:48.056164 <... EVP_PKEY_decapsulate resumed> ) = 1 <0.039871>
[pid 343] 14:59:48.057235 libssl.so.3->X509_verify_cert(0x5cb44e79fb60, 0, 0x8000, 0xffffffff) = 1 <0.000587>
[pid 343] 14:59:48.058122 libssl.so.3->EVP_DigestVerifyInit_ex(0x5cb44e7d4790, 0x7ffcceaf4458, 0, 0) = 1 <0.000198>
[pid 343] 14:59:48.058465 libssl.so.3->EVP_DigestVerify(0x5cb44e7d4790, 0x5cb44e7ae3f8, 4627, 0x7ffcceaf4460) = 1 <0.000252>
[pid 343] 14:59:48.059012 libssl.so.3->X509_verify_cert(0x5cb44e79fb60, 1, 1, 0) = 1 <0.000327>
[pid 343] 14:59:48.059722 libssl.so.3->EVP_DigestSignInit_ex(0x5cb44e6cb810, 0x7ffcceaf4440, 0, 0) = 1 <0.000141>
[pid 343] 14:59:48.059908 libssl.so.3->EVP_DigestSign(0x5cb44e6cb810, 0, 0x7ffcceaf4450, 0x7ffcceaf4460) = 1 <0.000137>
[pid 343] 14:59:48.060111 libssl.so.3->EVP_DigestSign(0x5cb44e6cb810, 0x5cb44e7b8270, 0x7ffcceaf4450, 0x7ffcceaf4460) = 1 <0.000331>
[pid 343] 14:59:48.060746 <... SSL_connect resumed> ) = 1 <0.102637>
[pid 343] 14:59:48.061060 oqsprovider.so->OQS_KEM_free(0x5cb44e7ac270, 0x5cb44e7ac220, 2, 0x5cb44e7ac240) = 4 <0.000155>
Handshake duration: 102.85 ms
[pid 343] 14:59:48.063615 +++ exited (status 0) +++
Execution 73 - TLS Mutual
s_connection: verify depth is 1
[pid 345] 14:59:48.120754 openssl->SSL_connect(0x5619b3dce890, 0x5619b3da0e50, 0x5619b3da0e50, 0x763168224360 <unfinished ...>
[pid 345] 14:59:48.121206 libssl.so.3->EVP_PKEY_keygen_init(0x5619b3da2580, 0, 176, 0x5619b3da2580) = 1 <0.000139>
[pid 345] 14:59:48.121388 libssl.so.3->EVP_PKEY_keygen(0x5619b3da2580, 0x7ffea5426050, 0, 103 <unfinished ...>
[pid 345] 14:59:48.121505 oqsprovider.so->OQS_KEM_new(0x5619b3dc69a0, 8, 0, 0x5619b3dd3250) = 0x5619b3dd3270 <0.000126>
[pid 345] 14:59:48.121751 oqsprovider.so->OQS_KEM_keypair(0x5619b3dd3270, 0x5619b3ddb960, 0x5619b3ddd5c0, 0x5619b3dd3250) = 0 <0.014106>
[pid 345] 14:59:48.135990 <... EVP_PKEY_keygen resumed> ) = 1 <0.014593>
[pid 345] 14:59:48.177541 libssl.so.3->EVP_PKEY_decapsulate_init(0x5619b3da2580, 0, 176, 0x5619b3da2580) = 1 <0.000475>
[pid 345] 14:59:48.178085 libssl.so.3->EVP_PKEY_decapsulate(0x5619b3da2580, 0, 0x7ffea5426010, 0x5619b3dd544a) = 1 <0.000142>
[pid 345] 14:59:48.178282 libssl.so.3->EVP_PKEY_decapsulate(0x5619b3da2580, 0x5619b3dc18b0, 0x7ffea5426010, 0x5619b3dd544a <unfinished ...>
[pid 345] 14:59:48.178399 oqsprovider.so->OQS_KEM_decaps(0x5619b3dd3270, 0x5619b3dc18b0, 0x5619b3dd544a, 0x5619b3ddd5c0) = 0 <0.039682>
[pid 345] 14:59:48.218240 <... EVP_PKEY_decapsulate resumed> ) = 1 <0.039947>
[pid 345] 14:59:48.219238 libssl.so.3->X509_verify_cert(0x5619b3dc6b60, 0, 0x8000, 0xffffffff) = 1 <0.000630>
[pid 345] 14:59:48.220156 libssl.so.3->EVP_DigestVerifyInit_ex(0x5619b3dfb790, 0x7ffea54260b8, 0, 0) = 1 <0.000146>
[pid 345] 14:59:48.220352 libssl.so.3->EVP_DigestVerify(0x5619b3dfb790, 0x5619b3dd53f8, 4627, 0x7ffea54260c0) = 1 <0.000302>
[pid 345] 14:59:48.220928 libssl.so.3->X509_verify_cert(0x5619b3dc6b60, 1, 1, 0) = 1 <0.000316>
[pid 345] 14:59:48.221617 libssl.so.3->EVP_DigestSignInit_ex(0x5619b3cf2810, 0x7ffea54260a0, 0, 0) = 1 <0.000139>
[pid 345] 14:59:48.221804 libssl.so.3->EVP_DigestSign(0x5619b3cf2810, 0, 0x7ffea54260b0, 0x7ffea54260c0) = 1 <0.000134>
[pid 345] 14:59:48.221980 libssl.so.3->EVP_DigestSign(0x5619b3cf2810, 0x5619b3ddf270, 0x7ffea54260b0, 0x7ffea54260c0) = 1 <0.000395>
[pid 345] 14:59:48.222664 <... SSL_connect resumed> ) = 1 <0.101917>
[pid 345] 14:59:48.222922 oqsprovider.so->OQS_KEM_free(0x5619b3dd3270, 0x5619b3dd3220, 2, 0x5619b3dd3240) = 4 <0.000166>
Handshake duration: 102.09 ms
[pid 345] 14:59:48.225314 +++ exited (status 0) +++
Execution 74 - TLS Mutual
s_connection: verify depth is 1
[pid 347] 14:59:48.280475 openssl->SSL_connect(0x59c2c1a78890, 0x59c2c1a4ae50, 0x59c2c1a4ae50, 0x774678486360 <unfinished ...>
[pid 347] 14:59:48.280887 libssl.so.3->EVP_PKEY_keygen_init(0x59c2c1a4c580, 0, 176, 0x59c2c1a4c580) = 1 <0.000180>
[pid 347] 14:59:48.281121 libssl.so.3->EVP_PKEY_keygen(0x59c2c1a4c580, 0x7ffdace46e70, 0, 103 <unfinished ...>
[pid 347] 14:59:48.281253 oqsprovider.so->OQS_KEM_new(0x59c2c1a709a0, 8, 0, 0x59c2c1a7d250) = 0x59c2c1a7d270 <0.000125>
[pid 347] 14:59:48.281484 oqsprovider.so->OQS_KEM_keypair(0x59c2c1a7d270, 0x59c2c1a85960, 0x59c2c1a875c0, 0x59c2c1a7d250) = 0 <0.013564>
[pid 347] 14:59:48.295156 <... EVP_PKEY_keygen resumed> ) = 1 <0.014028>
[pid 347] 14:59:48.336874 libssl.so.3->EVP_PKEY_decapsulate_init(0x59c2c1a4c580, 0, 176, 0x59c2c1a4c580) = 1 <0.000432>
[pid 347] 14:59:48.337362 libssl.so.3->EVP_PKEY_decapsulate(0x59c2c1a4c580, 0, 0x7ffdace46e30, 0x59c2c1a7f44a) = 1 <0.000136>
[pid 347] 14:59:48.337550 libssl.so.3->EVP_PKEY_decapsulate(0x59c2c1a4c580, 0x59c2c1a6b8b0, 0x7ffdace46e30, 0x59c2c1a7f44a <unfinished ...>
[pid 347] 14:59:48.337680 oqsprovider.so->OQS_KEM_decaps(0x59c2c1a7d270, 0x59c2c1a6b8b0, 0x59c2c1a7f44a, 0x59c2c1a875c0) = 0 <0.039604>
[pid 347] 14:59:48.377519 <... EVP_PKEY_decapsulate resumed> ) = 1 <0.039937>
[pid 347] 14:59:48.378721 libssl.so.3->X509_verify_cert(0x59c2c1a70b60, 0, 0x8000, 0xffffffff) = 1 <0.000758>
[pid 347] 14:59:48.379808 libssl.so.3->EVP_DigestVerifyInit_ex(0x59c2c1aa5790, 0x7ffdace46ed8, 0, 0) = 1 <0.000314>
[pid 347] 14:59:48.380222 libssl.so.3->EVP_DigestVerify(0x59c2c1aa5790, 0x59c2c1a7f3f8, 4627, 0x7ffdace46ee0) = 1 <0.000372>
[pid 347] 14:59:48.381075 libssl.so.3->X509_verify_cert(0x59c2c1a70b60, 1, 1, 0) = 1 <0.000379>
[pid 347] 14:59:48.381938 libssl.so.3->EVP_DigestSignInit_ex(0x59c2c199c810, 0x7ffdace46ec0, 0, 0) = 1 <0.000200>
[pid 347] 14:59:48.382189 libssl.so.3->EVP_DigestSign(0x59c2c199c810, 0, 0x7ffdace46ed0, 0x7ffdace46ee0) = 1 <0.000207>
[pid 347] 14:59:48.382488 libssl.so.3->EVP_DigestSign(0x59c2c199c810, 0x59c2c1a89270, 0x7ffdace46ed0, 0x7ffdace46ee0) = 1 <0.000550>
[pid 347] 14:59:48.383539 <... SSL_connect resumed> ) = 1 <0.103061>
[pid 347] 14:59:48.383898 oqsprovider.so->OQS_KEM_free(0x59c2c1a7d270, 0x59c2c1a7d220, 2, 0x59c2c1a7d240) = 4 <0.000409>
Handshake duration: 103.28 ms
[pid 347] 14:59:48.387138 +++ exited (status 0) +++
Execution 75 - TLS Mutual
s_connection: verify depth is 1
[pid 349] 14:59:48.450889 openssl->SSL_connect(0x633509aae890, 0x633509a80e50, 0x633509a80e50, 0x79098baa1360 <unfinished ...>
[pid 349] 14:59:48.451526 libssl.so.3->EVP_PKEY_keygen_init(0x633509a82580, 0, 176, 0x633509a82580) = 1 <0.000209>
[pid 349] 14:59:48.451794 libssl.so.3->EVP_PKEY_keygen(0x633509a82580, 0x7ffea72260d0, 0, 103 <unfinished ...>
[pid 349] 14:59:48.451930 oqsprovider.so->OQS_KEM_new(0x633509aa69a0, 8, 0, 0x633509ab3250) = 0x633509ab3270 <0.000159>
[pid 349] 14:59:48.452242 oqsprovider.so->OQS_KEM_keypair(0x633509ab3270, 0x633509abb960, 0x633509abd5c0, 0x633509ab3250) = 0 <0.021647>
[pid 349] 14:59:48.474106 <... EVP_PKEY_keygen resumed> ) = 1 <0.022297>
[pid 349] 14:59:48.516398 libssl.so.3->EVP_PKEY_decapsulate_init(0x633509a82580, 0, 176, 0x633509a82580) = 1 <0.000610>
[pid 349] 14:59:48.517129 libssl.so.3->EVP_PKEY_decapsulate(0x633509a82580, 0, 0x7ffea7226090, 0x633509ab544a) = 1 <0.000212>
[pid 349] 14:59:48.517435 libssl.so.3->EVP_PKEY_decapsulate(0x633509a82580, 0x633509aa18b0, 0x7ffea7226090, 0x633509ab544a <unfinished ...>
[pid 349] 14:59:48.517647 oqsprovider.so->OQS_KEM_decaps(0x633509ab3270, 0x633509aa18b0, 0x633509ab544a, 0x633509abd5c0) = 0 <0.043355>
[pid 349] 14:59:48.561260 <... EVP_PKEY_decapsulate resumed> ) = 1 <0.043792>
[pid 349] 14:59:48.562436 libssl.so.3->X509_verify_cert(0x633509aa6b60, 0, 0x8000, 0xffffffff) = 1 <0.000722>
[pid 349] 14:59:48.563476 libssl.so.3->EVP_DigestVerifyInit_ex(0x633509adb790, 0x7ffea7226138, 0, 0) = 1 <0.000235>
[pid 349] 14:59:48.564040 libssl.so.3->EVP_DigestVerify(0x633509adb790, 0x633509ab53f8, 4627, 0x7ffea7226140) = 1 <0.000389>
[pid 349] 14:59:48.564984 libssl.so.3->X509_verify_cert(0x633509aa6b60, 1, 1, 0) = 1 <0.000517>
[pid 349] 14:59:48.566077 libssl.so.3->EVP_DigestSignInit_ex(0x6335099d2810, 0x7ffea7226120, 0, 0) = 1 <0.000656>
[pid 349] 14:59:48.566914 libssl.so.3->EVP_DigestSign(0x6335099d2810, 0, 0x7ffea7226130, 0x7ffea7226140) = 1 <0.000275>
[pid 349] 14:59:48.567322 libssl.so.3->EVP_DigestSign(0x6335099d2810, 0x633509abf270, 0x7ffea7226130, 0x7ffea7226140) = 1 <0.000671>
[pid 349] 14:59:48.568502 <... SSL_connect resumed> ) = 1 <0.117615>
[pid 349] 14:59:48.569021 oqsprovider.so->OQS_KEM_free(0x633509ab3270, 0x633509ab3220, 2, 0x633509ab3240) = 4 <0.000180>
Handshake duration: 117.86 ms
[pid 349] 14:59:48.571666 +++ exited (status 0) +++
Execution 76 - TLS Mutual
s_connection: verify depth is 1
[pid 351] 14:59:48.630034 openssl->SSL_connect(0x57c7f4da9890, 0x57c7f4d7be50, 0x57c7f4d7be50, 0x7981fa8a6360 <unfinished ...>
[pid 351] 14:59:48.630609 libssl.so.3->EVP_PKEY_keygen_init(0x57c7f4d7d580, 0, 176, 0x57c7f4d7d580) = 1 <0.000223>
[pid 351] 14:59:48.630923 libssl.so.3->EVP_PKEY_keygen(0x57c7f4d7d580, 0x7ffe15025970, 0, 103 <unfinished ...>
[pid 351] 14:59:48.631117 oqsprovider.so->OQS_KEM_new(0x57c7f4da19a0, 8, 0, 0x57c7f4dae250) = 0x57c7f4dae270 <0.000169>
[pid 351] 14:59:48.631401 oqsprovider.so->OQS_KEM_keypair(0x57c7f4dae270, 0x57c7f4db6960, 0x57c7f4db85c0, 0x57c7f4dae250) = 0 <0.014104>
[pid 351] 14:59:48.645662 <... EVP_PKEY_keygen resumed> ) = 1 <0.014731>
[pid 351] 14:59:48.688303 libssl.so.3->EVP_PKEY_decapsulate_init(0x57c7f4d7d580, 0, 176, 0x57c7f4d7d580) = 1 <0.000445>
[pid 351] 14:59:48.688811 libssl.so.3->EVP_PKEY_decapsulate(0x57c7f4d7d580, 0, 0x7ffe15025930, 0x57c7f4db044a) = 1 <0.000131>
[pid 351] 14:59:48.688980 libssl.so.3->EVP_PKEY_decapsulate(0x57c7f4d7d580, 0x57c7f4d9c8b0, 0x7ffe15025930, 0x57c7f4db044a <unfinished ...>
[pid 351] 14:59:48.689131 oqsprovider.so->OQS_KEM_decaps(0x57c7f4dae270, 0x57c7f4d9c8b0, 0x57c7f4db044a, 0x57c7f4db85c0) = 0 <0.043174>
[pid 351] 14:59:48.732488 <... EVP_PKEY_decapsulate resumed> ) = 1 <0.043494>
[pid 351] 14:59:48.733847 libssl.so.3->X509_verify_cert(0x57c7f4da1b60, 0, 0x8000, 0xffffffff) = 1 <0.000709>
[pid 351] 14:59:48.734861 libssl.so.3->EVP_DigestVerifyInit_ex(0x57c7f4dd6790, 0x7ffe150259d8, 0, 0) = 1 <0.000159>
[pid 351] 14:59:48.735096 libssl.so.3->EVP_DigestVerify(0x57c7f4dd6790, 0x57c7f4db03f8, 4627, 0x7ffe150259e0) = 1 <0.000256>
[pid 351] 14:59:48.735685 libssl.so.3->X509_verify_cert(0x57c7f4da1b60, 1, 1, 0) = 1 <0.000312>
[pid 351] 14:59:48.736401 libssl.so.3->EVP_DigestSignInit_ex(0x57c7f4ccd810, 0x7ffe150259c0, 0, 0) = 1 <0.000172>
[pid 351] 14:59:48.736627 libssl.so.3->EVP_DigestSign(0x57c7f4ccd810, 0, 0x7ffe150259d0, 0x7ffe150259e0) = 1 <0.000221>
[pid 351] 14:59:48.736907 libssl.so.3->EVP_DigestSign(0x57c7f4ccd810, 0x57c7f4dba270, 0x7ffe150259d0, 0x7ffe150259e0) = 1 <0.000459>
[pid 351] 14:59:48.737772 <... SSL_connect resumed> ) = 1 <0.107744>
[pid 351] 14:59:48.738108 oqsprovider.so->OQS_KEM_free(0x57c7f4dae270, 0x57c7f4dae220, 2, 0x57c7f4dae240) = 4 <0.000130>
Handshake duration: 107.97 ms
[pid 351] 14:59:48.740984 +++ exited (status 0) +++
Execution 77 - TLS Mutual
s_connection: verify depth is 1
[pid 353] 14:59:48.799658 openssl->SSL_connect(0x5eaf6a564890, 0x5eaf6a536e50, 0x5eaf6a536e50, 0x75b2a6d17360 <unfinished ...>
[pid 353] 14:59:48.800212 libssl.so.3->EVP_PKEY_keygen_init(0x5eaf6a538580, 0, 176, 0x5eaf6a538580) = 1 <0.000225>
[pid 353] 14:59:48.800515 libssl.so.3->EVP_PKEY_keygen(0x5eaf6a538580, 0x7ffcb7637870, 0, 103 <unfinished ...>
[pid 353] 14:59:48.800664 oqsprovider.so->OQS_KEM_new(0x5eaf6a55c9a0, 8, 0, 0x5eaf6a569250) = 0x5eaf6a569270 <0.000153>
[pid 353] 14:59:48.800948 oqsprovider.so->OQS_KEM_keypair(0x5eaf6a569270, 0x5eaf6a571960, 0x5eaf6a5735c0, 0x5eaf6a569250) = 0 <0.012965>
[pid 353] 14:59:48.814077 <... EVP_PKEY_keygen resumed> ) = 1 <0.013555>
[pid 353] 14:59:48.853930 libssl.so.3->EVP_PKEY_decapsulate_init(0x5eaf6a538580, 0, 176, 0x5eaf6a538580) = 1 <0.000506>
[pid 353] 14:59:48.854485 libssl.so.3->EVP_PKEY_decapsulate(0x5eaf6a538580, 0, 0x7ffcb7637830, 0x5eaf6a56b44a) = 1 <0.000146>
[pid 353] 14:59:48.854680 libssl.so.3->EVP_PKEY_decapsulate(0x5eaf6a538580, 0x5eaf6a5578b0, 0x7ffcb7637830, 0x5eaf6a56b44a <unfinished ...>
[pid 353] 14:59:48.854888 oqsprovider.so->OQS_KEM_decaps(0x5eaf6a569270, 0x5eaf6a5578b0, 0x5eaf6a56b44a, 0x5eaf6a5735c0) = 0 <0.041543>
[pid 353] 14:59:48.896672 <... EVP_PKEY_decapsulate resumed> ) = 1 <0.041953>
[pid 353] 14:59:48.898061 libssl.so.3->X509_verify_cert(0x5eaf6a55cb60, 0, 0x8000, 0xffffffff) = 1 <0.000693>
[pid 353] 14:59:48.899035 libssl.so.3->EVP_DigestVerifyInit_ex(0x5eaf6a591790, 0x7ffcb76378d8, 0, 0) = 1 <0.000184>
[pid 353] 14:59:48.899275 libssl.so.3->EVP_DigestVerify(0x5eaf6a591790, 0x5eaf6a56b3f8, 4627, 0x7ffcb76378e0) = 1 <0.000330>
[pid 353] 14:59:48.899946 libssl.so.3->X509_verify_cert(0x5eaf6a55cb60, 1, 1, 0) = 1 <0.000396>
[pid 353] 14:59:48.900732 libssl.so.3->EVP_DigestSignInit_ex(0x5eaf6a488810, 0x7ffcb76378c0, 0, 0) = 1 <0.000141>
[pid 353] 14:59:48.900918 libssl.so.3->EVP_DigestSign(0x5eaf6a488810, 0, 0x7ffcb76378d0, 0x7ffcb76378e0) = 1 <0.000178>
[pid 353] 14:59:48.901177 libssl.so.3->EVP_DigestSign(0x5eaf6a488810, 0x5eaf6a575270, 0x7ffcb76378d0, 0x7ffcb76378e0) = 1 <0.000594>
[pid 353] 14:59:48.902188 <... SSL_connect resumed> ) = 1 <0.102532>
[pid 353] 14:59:48.902536 oqsprovider.so->OQS_KEM_free(0x5eaf6a569270, 0x5eaf6a569220, 2, 0x5eaf6a569240) = 4 <0.000149>
Handshake duration: 102.76 ms
[pid 353] 14:59:48.905108 +++ exited (status 0) +++
Execution 78 - TLS Mutual
s_connection: verify depth is 1
[pid 355] 14:59:48.960158 openssl->SSL_connect(0x6478447fd890, 0x6478447cfe50, 0x6478447cfe50, 0x747d4581e360 <unfinished ...>
[pid 355] 14:59:48.960592 libssl.so.3->EVP_PKEY_keygen_init(0x6478447d1580, 0, 176, 0x6478447d1580) = 1 <0.000149>
[pid 355] 14:59:48.960781 libssl.so.3->EVP_PKEY_keygen(0x6478447d1580, 0x7ffd0ae9d8b0, 0, 103 <unfinished ...>
[pid 355] 14:59:48.960908 oqsprovider.so->OQS_KEM_new(0x6478447f59a0, 8, 0, 0x647844802250) = 0x647844802270 <0.000174>
[pid 355] 14:59:48.961219 oqsprovider.so->OQS_KEM_keypair(0x647844802270, 0x64784480a960, 0x64784480c5c0, 0x647844802250) = 0 <0.012802>
[pid 355] 14:59:48.974089 <... EVP_PKEY_keygen resumed> ) = 1 <0.013298>
[pid 355] 14:59:49.013646 libssl.so.3->EVP_PKEY_decapsulate_init(0x6478447d1580, 0, 176, 0x6478447d1580) = 1 <0.000433>
[pid 355] 14:59:49.014157 libssl.so.3->EVP_PKEY_decapsulate(0x6478447d1580, 0, 0x7ffd0ae9d870, 0x64784480444a) = 1 <0.000235>
[pid 355] 14:59:49.014491 libssl.so.3->EVP_PKEY_decapsulate(0x6478447d1580, 0x6478447f08b0, 0x7ffd0ae9d870, 0x64784480444a <unfinished ...>
[pid 355] 14:59:49.014696 oqsprovider.so->OQS_KEM_decaps(0x647844802270, 0x6478447f08b0, 0x64784480444a, 0x64784480c5c0) = 0 <0.041498>
[pid 355] 14:59:49.056365 <... EVP_PKEY_decapsulate resumed> ) = 1 <0.041858>
[pid 355] 14:59:49.057397 libssl.so.3->X509_verify_cert(0x6478447f5b60, 0, 0x8000, 0xffffffff) = 1 <0.000569>
[pid 355] 14:59:49.058347 libssl.so.3->EVP_DigestVerifyInit_ex(0x64784482a790, 0x7ffd0ae9d918, 0, 0) = 1 <0.000173>
[pid 355] 14:59:49.058572 libssl.so.3->EVP_DigestVerify(0x64784482a790, 0x6478448043f8, 4627, 0x7ffd0ae9d920) = 1 <0.000273>
[pid 355] 14:59:49.059149 libssl.so.3->X509_verify_cert(0x6478447f5b60, 1, 1, 0) = 1 <0.000311>
[pid 355] 14:59:49.059821 libssl.so.3->EVP_DigestSignInit_ex(0x647844721810, 0x7ffd0ae9d900, 0, 0) = 1 <0.000137>
[pid 355] 14:59:49.059997 libssl.so.3->EVP_DigestSign(0x647844721810, 0, 0x7ffd0ae9d910, 0x7ffd0ae9d920) = 1 <0.000143>
[pid 355] 14:59:49.060191 libssl.so.3->EVP_DigestSign(0x647844721810, 0x64784480e270, 0x7ffd0ae9d910, 0x7ffd0ae9d920) = 1 <0.000510>
[pid 355] 14:59:49.060976 <... SSL_connect resumed> ) = 1 <0.100827>
[pid 355] 14:59:49.061261 oqsprovider.so->OQS_KEM_free(0x647844802270, 0x647844802220, 2, 0x647844802240) = 4 <0.000112>
Handshake duration: 101.01 ms
[pid 355] 14:59:49.063673 +++ exited (status 0) +++
Execution 79 - TLS Mutual
s_connection: verify depth is 1
[pid 357] 14:59:49.118811 openssl->SSL_connect(0x58eeceb16890, 0x58eeceae8e50, 0x58eeceae8e50, 0x708485f89360 <unfinished ...>
[pid 357] 14:59:49.119274 libssl.so.3->EVP_PKEY_keygen_init(0x58eeceaea580, 0, 176, 0x58eeceaea580) = 1 <0.000167>
[pid 357] 14:59:49.119519 libssl.so.3->EVP_PKEY_keygen(0x58eeceaea580, 0x7ffcc7469910, 0, 103 <unfinished ...>
[pid 357] 14:59:49.119658 oqsprovider.so->OQS_KEM_new(0x58eeceb0e9a0, 8, 0, 0x58eeceb1b250) = 0x58eeceb1b270 <0.000121>
[pid 357] 14:59:49.119883 oqsprovider.so->OQS_KEM_keypair(0x58eeceb1b270, 0x58eeceb23960, 0x58eeceb255c0, 0x58eeceb1b250) = 0 <0.013228>
[pid 357] 14:59:49.133222 <... EVP_PKEY_keygen resumed> ) = 1 <0.013697>
[pid 357] 14:59:49.173547 libssl.so.3->EVP_PKEY_decapsulate_init(0x58eeceaea580, 0, 176, 0x58eeceaea580) = 1 <0.000421>
[pid 357] 14:59:49.174062 libssl.so.3->EVP_PKEY_decapsulate(0x58eeceaea580, 0, 0x7ffcc74698d0, 0x58eeceb1d44a) = 1 <0.000154>
[pid 357] 14:59:49.174252 libssl.so.3->EVP_PKEY_decapsulate(0x58eeceaea580, 0x58eeceb098b0, 0x7ffcc74698d0, 0x58eeceb1d44a <unfinished ...>
[pid 357] 14:59:49.174370 oqsprovider.so->OQS_KEM_decaps(0x58eeceb1b270, 0x58eeceb098b0, 0x58eeceb1d44a, 0x58eeceb255c0) = 0 <0.040557>
[pid 357] 14:59:49.215148 <... EVP_PKEY_decapsulate resumed> ) = 1 <0.040872>
[pid 357] 14:59:49.216084 libssl.so.3->X509_verify_cert(0x58eeceb0eb60, 0, 0x8000, 0xffffffff) = 1 <0.000529>
[pid 357] 14:59:49.216869 libssl.so.3->EVP_DigestVerifyInit_ex(0x58eeceb43790, 0x7ffcc7469978, 0, 0) = 1 <0.000175>
[pid 357] 14:59:49.217116 libssl.so.3->EVP_DigestVerify(0x58eeceb43790, 0x58eeceb1d3f8, 4627, 0x7ffcc7469980) = 1 <0.000254>
[pid 357] 14:59:49.217614 libssl.so.3->X509_verify_cert(0x58eeceb0eb60, 1, 1, 0) = 1 <0.000284>
[pid 357] 14:59:49.218266 libssl.so.3->EVP_DigestSignInit_ex(0x58eecea3a810, 0x7ffcc7469960, 0, 0) = 1 <0.000175>
[pid 357] 14:59:49.218531 libssl.so.3->EVP_DigestSign(0x58eecea3a810, 0, 0x7ffcc7469970, 0x7ffcc7469980) = 1 <0.000179>
[pid 357] 14:59:49.218752 libssl.so.3->EVP_DigestSign(0x58eecea3a810, 0x58eeceb27270, 0x7ffcc7469970, 0x7ffcc7469980) = 1 <0.000475>
[pid 357] 14:59:49.219485 <... SSL_connect resumed> ) = 1 <0.100685>
[pid 357] 14:59:49.219745 oqsprovider.so->OQS_KEM_free(0x58eeceb1b270, 0x58eeceb1b220, 2, 0x58eeceb1b240) = 4 <0.000125>
Handshake duration: 100.85 ms
[pid 357] 14:59:49.223213 +++ exited (status 0) +++
Execution 80 - TLS Mutual
s_connection: verify depth is 1
[pid 359] 14:59:49.280010 openssl->SSL_connect(0x61715013f890, 0x617150111e50, 0x617150111e50, 0x75c7806e8360 <unfinished ...>
[pid 359] 14:59:49.280479 libssl.so.3->EVP_PKEY_keygen_init(0x617150113580, 0, 176, 0x617150113580) = 1 <0.000157>
[pid 359] 14:59:49.280684 libssl.so.3->EVP_PKEY_keygen(0x617150113580, 0x7ffe925ed600, 0, 103 <unfinished ...>
[pid 359] 14:59:49.280828 oqsprovider.so->OQS_KEM_new(0x6171501379a0, 8, 0, 0x617150144250) = 0x617150144270 <0.000130>
[pid 359] 14:59:49.281077 oqsprovider.so->OQS_KEM_keypair(0x617150144270, 0x61715014c960, 0x61715014e5c0, 0x617150144250) = 0 <0.013083>
[pid 359] 14:59:49.294298 <... EVP_PKEY_keygen resumed> ) = 1 <0.013605>
[pid 359] 14:59:49.334187 libssl.so.3->EVP_PKEY_decapsulate_init(0x617150113580, 0, 176, 0x617150113580) = 1 <0.000426>
[pid 359] 14:59:49.334659 libssl.so.3->EVP_PKEY_decapsulate(0x617150113580, 0, 0x7ffe925ed5c0, 0x61715014644a) = 1 <0.000230>
[pid 359] 14:59:49.334951 libssl.so.3->EVP_PKEY_decapsulate(0x617150113580, 0x6171501328b0, 0x7ffe925ed5c0, 0x61715014644a <unfinished ...>
[pid 359] 14:59:49.335098 oqsprovider.so->OQS_KEM_decaps(0x617150144270, 0x6171501328b0, 0x61715014644a, 0x61715014e5c0) = 0 <0.040331>
[pid 359] 14:59:49.375612 <... EVP_PKEY_decapsulate resumed> ) = 1 <0.040639>
[pid 359] 14:59:49.376572 libssl.so.3->X509_verify_cert(0x617150137b60, 0, 0x8000, 0xffffffff) = 1 <0.000583>
[pid 359] 14:59:49.377391 libssl.so.3->EVP_DigestVerifyInit_ex(0x61715016c790, 0x7ffe925ed668, 0, 0) = 1 <0.000172>
[pid 359] 14:59:49.377641 libssl.so.3->EVP_DigestVerify(0x61715016c790, 0x6171501463f8, 4627, 0x7ffe925ed670) = 1 <0.000375>
[pid 359] 14:59:49.378357 libssl.so.3->X509_verify_cert(0x617150137b60, 1, 1, 0) = 1 <0.000348>
[pid 359] 14:59:49.379135 libssl.so.3->EVP_DigestSignInit_ex(0x617150063810, 0x7ffe925ed650, 0, 0) = 1 <0.000169>
[pid 359] 14:59:49.379346 libssl.so.3->EVP_DigestSign(0x617150063810, 0, 0x7ffe925ed660, 0x7ffe925ed670) = 1 <0.000116>
[pid 359] 14:59:49.379519 libssl.so.3->EVP_DigestSign(0x617150063810, 0x617150150270, 0x7ffe925ed660, 0x7ffe925ed670) = 1 <0.000330>
[pid 359] 14:59:49.380183 <... SSL_connect resumed> ) = 1 <0.100177>
[pid 359] 14:59:49.380499 oqsprovider.so->OQS_KEM_free(0x617150144270, 0x617150144220, 2, 0x617150144240) = 4 <0.000125>
Handshake duration: 100.41 ms
[pid 359] 14:59:49.383088 +++ exited (status 0) +++
Execution 81 - TLS Mutual
s_connection: verify depth is 1
[pid 361] 14:59:49.439114 openssl->SSL_connect(0x63beea008890, 0x63bee9fdae50, 0x63bee9fdae50, 0x763890389360 <unfinished ...>
[pid 361] 14:59:49.439562 libssl.so.3->EVP_PKEY_keygen_init(0x63bee9fdc580, 0, 176, 0x63bee9fdc580) = 1 <0.000148>
[pid 361] 14:59:49.439786 libssl.so.3->EVP_PKEY_keygen(0x63bee9fdc580, 0x7fff0b281150, 0, 103 <unfinished ...>
[pid 361] 14:59:49.439958 oqsprovider.so->OQS_KEM_new(0x63beea0009a0, 8, 0, 0x63beea00d250) = 0x63beea00d270 <0.000154>
[pid 361] 14:59:49.440240 oqsprovider.so->OQS_KEM_keypair(0x63beea00d270, 0x63beea015960, 0x63beea0175c0, 0x63beea00d250) = 0 <0.013608>
[pid 361] 14:59:49.453965 <... EVP_PKEY_keygen resumed> ) = 1 <0.014171>
[pid 361] 14:59:49.493829 libssl.so.3->EVP_PKEY_decapsulate_init(0x63bee9fdc580, 0, 176, 0x63bee9fdc580) = 1 <0.000449>
[pid 361] 14:59:49.494342 libssl.so.3->EVP_PKEY_decapsulate(0x63bee9fdc580, 0, 0x7fff0b281110, 0x63beea00f44a) = 1 <0.000175>
[pid 361] 14:59:49.494556 libssl.so.3->EVP_PKEY_decapsulate(0x63bee9fdc580, 0x63bee9ffb8b0, 0x7fff0b281110, 0x63beea00f44a <unfinished ...>
[pid 361] 14:59:49.494720 oqsprovider.so->OQS_KEM_decaps(0x63beea00d270, 0x63bee9ffb8b0, 0x63beea00f44a, 0x63beea0175c0) = 0 <0.041823>
[pid 361] 14:59:49.536712 <... EVP_PKEY_decapsulate resumed> ) = 1 <0.042116>
[pid 361] 14:59:49.537840 libssl.so.3->X509_verify_cert(0x63beea000b60, 0, 0x8000, 0xffffffff) = 1 <0.000555>
[pid 361] 14:59:49.538632 libssl.so.3->EVP_DigestVerifyInit_ex(0x63beea035790, 0x7fff0b2811b8, 0, 0) = 1 <0.000263>
[pid 361] 14:59:49.538953 libssl.so.3->EVP_DigestVerify(0x63beea035790, 0x63beea00f3f8, 4627, 0x7fff0b2811c0) = 1 <0.000264>
[pid 361] 14:59:49.539477 libssl.so.3->X509_verify_cert(0x63beea000b60, 1, 1, 0) = 1 <0.000279>
[pid 361] 14:59:49.540130 libssl.so.3->EVP_DigestSignInit_ex(0x63bee9f2c810, 0x7fff0b2811a0, 0, 0) = 1 <0.000138>
[pid 361] 14:59:49.540325 libssl.so.3->EVP_DigestSign(0x63bee9f2c810, 0, 0x7fff0b2811b0, 0x7fff0b2811c0) = 1 <0.000117>
[pid 361] 14:59:49.540493 libssl.so.3->EVP_DigestSign(0x63bee9f2c810, 0x63beea019270, 0x7fff0b2811b0, 0x7fff0b2811c0) = 1 <0.000343>
[pid 361] 14:59:49.541109 <... SSL_connect resumed> ) = 1 <0.102003>
[pid 361] 14:59:49.541354 oqsprovider.so->OQS_KEM_free(0x63beea00d270, 0x63beea00d220, 2, 0x63beea00d240) = 4 <0.000142>
Handshake duration: 102.19 ms
[pid 361] 14:59:49.543823 +++ exited (status 0) +++
Execution 82 - TLS Mutual
s_connection: verify depth is 1
[pid 363] 14:59:49.612165 openssl->SSL_connect(0x61fb18494890, 0x61fb18466e50, 0x61fb18466e50, 0x735dbad25360 <unfinished ...>
[pid 363] 14:59:49.612733 libssl.so.3->EVP_PKEY_keygen_init(0x61fb18468580, 0, 176, 0x61fb18468580) = 1 <0.000229>
[pid 363] 14:59:49.613033 libssl.so.3->EVP_PKEY_keygen(0x61fb18468580, 0x7ffc8e2ceae0, 0, 103 <unfinished ...>
[pid 363] 14:59:49.613205 oqsprovider.so->OQS_KEM_new(0x61fb1848c9a0, 8, 0, 0x61fb18499250) = 0x61fb18499270 <0.000134>
[pid 363] 14:59:49.613447 oqsprovider.so->OQS_KEM_keypair(0x61fb18499270, 0x61fb184a1960, 0x61fb184a35c0, 0x61fb18499250) = 0 <0.014116>
[pid 363] 14:59:49.627781 <... EVP_PKEY_keygen resumed> ) = 1 <0.014717>
[pid 363] 14:59:49.669766 libssl.so.3->EVP_PKEY_decapsulate_init(0x61fb18468580, 0, 176, 0x61fb18468580) = 1 <0.000477>
[pid 363] 14:59:49.670320 libssl.so.3->EVP_PKEY_decapsulate(0x61fb18468580, 0, 0x7ffc8e2ceaa0, 0x61fb1849b44a) = 1 <0.000173>
[pid 363] 14:59:49.670560 libssl.so.3->EVP_PKEY_decapsulate(0x61fb18468580, 0x61fb184878b0, 0x7ffc8e2ceaa0, 0x61fb1849b44a <unfinished ...>
[pid 363] 14:59:49.670755 oqsprovider.so->OQS_KEM_decaps(0x61fb18499270, 0x61fb184878b0, 0x61fb1849b44a, 0x61fb184a35c0) = 0 <0.040401>
[pid 363] 14:59:49.711325 <... EVP_PKEY_decapsulate resumed> ) = 1 <0.040755>
[pid 363] 14:59:49.712353 libssl.so.3->X509_verify_cert(0x61fb1848cb60, 0, 0x8000, 0xffffffff) = 1 <0.000609>
[pid 363] 14:59:49.713206 libssl.so.3->EVP_DigestVerifyInit_ex(0x61fb184c1790, 0x7ffc8e2ceb48, 0, 0) = 1 <0.000214>
[pid 363] 14:59:49.713484 libssl.so.3->EVP_DigestVerify(0x61fb184c1790, 0x61fb1849b3f8, 4627, 0x7ffc8e2ceb50) = 1 <0.000246>
[pid 363] 14:59:49.714022 libssl.so.3->X509_verify_cert(0x61fb1848cb60, 1, 1, 0) = 1 <0.000377>
[pid 363] 14:59:49.714823 libssl.so.3->EVP_DigestSignInit_ex(0x61fb183b8810, 0x7ffc8e2ceb30, 0, 0) = 1 <0.000212>
[pid 363] 14:59:49.715115 libssl.so.3->EVP_DigestSign(0x61fb183b8810, 0, 0x7ffc8e2ceb40, 0x7ffc8e2ceb50) = 1 <0.000160>
[pid 363] 14:59:49.715336 libssl.so.3->EVP_DigestSign(0x61fb183b8810, 0x61fb184a5270, 0x7ffc8e2ceb40, 0x7ffc8e2ceb50) = 1 <0.000422>
[pid 363] 14:59:49.716129 <... SSL_connect resumed> ) = 1 <0.103972>
[pid 363] 14:59:49.716466 oqsprovider.so->OQS_KEM_free(0x61fb18499270, 0x61fb18499220, 2, 0x61fb18499240) = 4 <0.000184>
Handshake duration: 104.22 ms
[pid 363] 14:59:49.719074 +++ exited (status 0) +++
Execution 83 - TLS Mutual
s_connection: verify depth is 1
[pid 365] 14:59:49.776294 openssl->SSL_connect(0x557bc0185890, 0x557bc0157e50, 0x557bc0157e50, 0x747f5dafa360 <unfinished ...>
[pid 365] 14:59:49.776749 libssl.so.3->EVP_PKEY_keygen_init(0x557bc0159580, 0, 176, 0x557bc0159580) = 1 <0.000149>
[pid 365] 14:59:49.776947 libssl.so.3->EVP_PKEY_keygen(0x557bc0159580, 0x7fff684aba00, 0, 103 <unfinished ...>
[pid 365] 14:59:49.777075 oqsprovider.so->OQS_KEM_new(0x557bc017d9a0, 8, 0, 0x557bc018a250) = 0x557bc018a270 <0.000116>
[pid 365] 14:59:49.777304 oqsprovider.so->OQS_KEM_keypair(0x557bc018a270, 0x557bc0192960, 0x557bc01945c0, 0x557bc018a250) = 0 <0.013035>
[pid 365] 14:59:49.790552 <... EVP_PKEY_keygen resumed> ) = 1 <0.013577>
[pid 365] 14:59:49.831429 libssl.so.3->EVP_PKEY_decapsulate_init(0x557bc0159580, 0, 176, 0x557bc0159580) = 1 <0.000496>
[pid 365] 14:59:49.831977 libssl.so.3->EVP_PKEY_decapsulate(0x557bc0159580, 0, 0x7fff684ab9c0, 0x557bc018c44a) = 1 <0.000155>
[pid 365] 14:59:49.832231 libssl.so.3->EVP_PKEY_decapsulate(0x557bc0159580, 0x557bc01788b0, 0x7fff684ab9c0, 0x557bc018c44a <unfinished ...>
[pid 365] 14:59:49.832437 oqsprovider.so->OQS_KEM_decaps(0x557bc018a270, 0x557bc01788b0, 0x557bc018c44a, 0x557bc01945c0) = 0 <0.039290>
[pid 365] 14:59:49.871876 <... EVP_PKEY_decapsulate resumed> ) = 1 <0.039641>
[pid 365] 14:59:49.872868 libssl.so.3->X509_verify_cert(0x557bc017db60, 0, 0x8000, 0xffffffff) = 1 <0.001286>
[pid 365] 14:59:49.874577 libssl.so.3->EVP_DigestVerifyInit_ex(0x557bc01b2790, 0x7fff684aba68, 0, 0) = 1 <0.000214>
[pid 365] 14:59:49.874847 libssl.so.3->EVP_DigestVerify(0x557bc01b2790, 0x557bc018c3f8, 4627, 0x7fff684aba70) = 1 <0.000268>
[pid 365] 14:59:49.875399 libssl.so.3->X509_verify_cert(0x557bc017db60, 1, 1, 0) = 1 <0.000295>
[pid 365] 14:59:49.876071 libssl.so.3->EVP_DigestSignInit_ex(0x557bc00a9810, 0x7fff684aba50, 0, 0) = 1 <0.000158>
[pid 365] 14:59:49.876289 libssl.so.3->EVP_DigestSign(0x557bc00a9810, 0, 0x7fff684aba60, 0x7fff684aba70) = 1 <0.000139>
[pid 365] 14:59:49.876476 libssl.so.3->EVP_DigestSign(0x557bc00a9810, 0x557bc0196270, 0x7fff684aba60, 0x7fff684aba70) = 1 <0.000357>
[pid 365] 14:59:49.877143 <... SSL_connect resumed> ) = 1 <0.100857>
[pid 365] 14:59:49.877448 oqsprovider.so->OQS_KEM_free(0x557bc018a270, 0x557bc018a220, 2, 0x557bc018a240) = 4 <0.000125>
Handshake duration: 101.04 ms
[pid 365] 14:59:49.879771 +++ exited (status 0) +++
Execution 84 - TLS Mutual
s_connection: verify depth is 1
[pid 367] 14:59:49.938677 openssl->SSL_connect(0x642014de7890, 0x642014db9e50, 0x642014db9e50, 0x7ed33d63c360 <unfinished ...>
[pid 367] 14:59:49.939126 libssl.so.3->EVP_PKEY_keygen_init(0x642014dbb580, 0, 176, 0x642014dbb580) = 1 <0.000175>
[pid 367] 14:59:49.939351 libssl.so.3->EVP_PKEY_keygen(0x642014dbb580, 0x7ffff7c8bf90, 0, 103 <unfinished ...>
[pid 367] 14:59:49.939532 oqsprovider.so->OQS_KEM_new(0x642014ddf9a0, 8, 0, 0x642014dec250) = 0x642014dec270 <0.000237>
[pid 367] 14:59:49.939894 oqsprovider.so->OQS_KEM_keypair(0x642014dec270, 0x642014df4960, 0x642014df65c0, 0x642014dec250) = 0 <0.012942>
[pid 367] 14:59:49.952981 <... EVP_PKEY_keygen resumed> ) = 1 <0.013620>
[pid 367] 14:59:49.992886 libssl.so.3->EVP_PKEY_decapsulate_init(0x642014dbb580, 0, 176, 0x642014dbb580) = 1 <0.000504>
[pid 367] 14:59:49.993453 libssl.so.3->EVP_PKEY_decapsulate(0x642014dbb580, 0, 0x7ffff7c8bf50, 0x642014dee44a) = 1 <0.000160>
[pid 367] 14:59:49.993673 libssl.so.3->EVP_PKEY_decapsulate(0x642014dbb580, 0x642014dda8b0, 0x7ffff7c8bf50, 0x642014dee44a <unfinished ...>
[pid 367] 14:59:49.993818 oqsprovider.so->OQS_KEM_decaps(0x642014dec270, 0x642014dda8b0, 0x642014dee44a, 0x642014df65c0) = 0 <0.041358>
[pid 367] 14:59:50.035332 <... EVP_PKEY_decapsulate resumed> ) = 1 <0.041644>
[pid 367] 14:59:50.036358 libssl.so.3->X509_verify_cert(0x642014ddfb60, 0, 0x8000, 0xffffffff) = 1 <0.000559>
[pid 367] 14:59:50.037152 libssl.so.3->EVP_DigestVerifyInit_ex(0x642014e14790, 0x7ffff7c8bff8, 0, 0) = 1 <0.000132>
[pid 367] 14:59:50.037329 libssl.so.3->EVP_DigestVerify(0x642014e14790, 0x642014dee3f8, 4627, 0x7ffff7c8c000) = 1 <0.000221>
[pid 367] 14:59:50.037810 libssl.so.3->X509_verify_cert(0x642014ddfb60, 1, 1, 0) = 1 <0.000299>
[pid 367] 14:59:50.038504 libssl.so.3->EVP_DigestSignInit_ex(0x642014d0b810, 0x7ffff7c8bfe0, 0, 0) = 1 <0.000164>
[pid 367] 14:59:50.038719 libssl.so.3->EVP_DigestSign(0x642014d0b810, 0, 0x7ffff7c8bff0, 0x7ffff7c8c000) = 1 <0.000122>
[pid 367] 14:59:50.038891 libssl.so.3->EVP_DigestSign(0x642014d0b810, 0x642014df8270, 0x7ffff7c8bff0, 0x7ffff7c8c000) = 1 <0.000342>
[pid 367] 14:59:50.039483 <... SSL_connect resumed> ) = 1 <0.100815>
[pid 367] 14:59:50.039748 oqsprovider.so->OQS_KEM_free(0x642014dec270, 0x642014dec220, 2, 0x642014dec240) = 4 <0.000122>
Handshake duration: 100.97 ms
[pid 367] 14:59:50.042386 +++ exited (status 0) +++
Execution 85 - TLS Mutual
s_connection: verify depth is 1
[pid 369] 14:59:50.099764 openssl->SSL_connect(0x64546e406890, 0x64546e3d8e50, 0x64546e3d8e50, 0x771e39998360 <unfinished ...>
[pid 369] 14:59:50.100210 libssl.so.3->EVP_PKEY_keygen_init(0x64546e3da580, 0, 176, 0x64546e3da580) = 1 <0.000195>
[pid 369] 14:59:50.100480 libssl.so.3->EVP_PKEY_keygen(0x64546e3da580, 0x7ffe3aadbed0, 0, 103 <unfinished ...>
[pid 369] 14:59:50.100658 oqsprovider.so->OQS_KEM_new(0x64546e3fe9a0, 8, 0, 0x64546e40b250) = 0x64546e40b270 <0.000165>
[pid 369] 14:59:50.100983 oqsprovider.so->OQS_KEM_keypair(0x64546e40b270, 0x64546e413960, 0x64546e4155c0, 0x64546e40b250) = 0 <0.014210>
[pid 369] 14:59:50.115280 <... EVP_PKEY_keygen resumed> ) = 1 <0.014794>
[pid 369] 14:59:50.158300 libssl.so.3->EVP_PKEY_decapsulate_init(0x64546e3da580, 0, 176, 0x64546e3da580) = 1 <0.000440>
[pid 369] 14:59:50.158815 libssl.so.3->EVP_PKEY_decapsulate(0x64546e3da580, 0, 0x7ffe3aadbe90, 0x64546e40d44a) = 1 <0.000143>
[pid 369] 14:59:50.159035 libssl.so.3->EVP_PKEY_decapsulate(0x64546e3da580, 0x64546e3f98b0, 0x7ffe3aadbe90, 0x64546e40d44a <unfinished ...>
[pid 369] 14:59:50.159246 oqsprovider.so->OQS_KEM_decaps(0x64546e40b270, 0x64546e3f98b0, 0x64546e40d44a, 0x64546e4155c0) = 0 <0.043952>
[pid 369] 14:59:50.203354 <... EVP_PKEY_decapsulate resumed> ) = 1 <0.044310>
[pid 369] 14:59:50.204407 libssl.so.3->X509_verify_cert(0x64546e3feb60, 0, 0x8000, 0xffffffff) = 1 <0.000617>
[pid 369] 14:59:50.205264 libssl.so.3->EVP_DigestVerifyInit_ex(0x64546e433790, 0x7ffe3aadbf38, 0, 0) = 1 <0.000186>
[pid 369] 14:59:50.205505 libssl.so.3->EVP_DigestVerify(0x64546e433790, 0x64546e40d3f8, 4627, 0x7ffe3aadbf40) = 1 <0.000265>
[pid 369] 14:59:50.206094 libssl.so.3->X509_verify_cert(0x64546e3feb60, 1, 1, 0) = 1 <0.000355>
[pid 369] 14:59:50.206837 libssl.so.3->EVP_DigestSignInit_ex(0x64546e32a810, 0x7ffe3aadbf20, 0, 0) = 1 <0.000231>
[pid 369] 14:59:50.207130 libssl.so.3->EVP_DigestSign(0x64546e32a810, 0, 0x7ffe3aadbf30, 0x7ffe3aadbf40) = 1 <0.000196>
[pid 369] 14:59:50.207384 libssl.so.3->EVP_DigestSign(0x64546e32a810, 0x64546e417270, 0x7ffe3aadbf30, 0x7ffe3aadbf40) = 1 <0.000417>
[pid 369] 14:59:50.208145 <... SSL_connect resumed> ) = 1 <0.108378>
[pid 369] 14:59:50.208565 oqsprovider.so->OQS_KEM_free(0x64546e40b270, 0x64546e40b220, 2, 0x64546e40b240) = 4 <0.000188>
Handshake duration: 108.60 ms
[pid 369] 14:59:50.211452 +++ exited (status 0) +++
Execution 86 - TLS Mutual
s_connection: verify depth is 1
[pid 371] 14:59:50.268019 openssl->SSL_connect(0x5cb6f2a11890, 0x5cb6f29e3e50, 0x5cb6f29e3e50, 0x7e1c5343f360 <unfinished ...>
[pid 371] 14:59:50.268482 libssl.so.3->EVP_PKEY_keygen_init(0x5cb6f29e5580, 0, 176, 0x5cb6f29e5580) = 1 <0.000176>
[pid 371] 14:59:50.268733 libssl.so.3->EVP_PKEY_keygen(0x5cb6f29e5580, 0x7ffda4aaa260, 0, 103 <unfinished ...>
[pid 371] 14:59:50.268858 oqsprovider.so->OQS_KEM_new(0x5cb6f2a099a0, 8, 0, 0x5cb6f2a16250) = 0x5cb6f2a16270 <0.000135>
[pid 371] 14:59:50.269103 oqsprovider.so->OQS_KEM_keypair(0x5cb6f2a16270, 0x5cb6f2a1e960, 0x5cb6f2a205c0, 0x5cb6f2a16250) = 0 <0.012905>
[pid 371] 14:59:50.282120 <... EVP_PKEY_keygen resumed> ) = 1 <0.013385>
[pid 371] 14:59:50.322215 libssl.so.3->EVP_PKEY_decapsulate_init(0x5cb6f29e5580, 0, 176, 0x5cb6f29e5580) = 1 <0.000388>
[pid 371] 14:59:50.322634 libssl.so.3->EVP_PKEY_decapsulate(0x5cb6f29e5580, 0, 0x7ffda4aaa220, 0x5cb6f2a1844a) = 1 <0.000108>
[pid 371] 14:59:50.322770 libssl.so.3->EVP_PKEY_decapsulate(0x5cb6f29e5580, 0x5cb6f2a048b0, 0x7ffda4aaa220, 0x5cb6f2a1844a <unfinished ...>
[pid 371] 14:59:50.322861 oqsprovider.so->OQS_KEM_decaps(0x5cb6f2a16270, 0x5cb6f2a048b0, 0x5cb6f2a1844a, 0x5cb6f2a205c0) = 0 <0.043164>
[pid 371] 14:59:50.366204 <... EVP_PKEY_decapsulate resumed> ) = 1 <0.043417>
[pid 371] 14:59:50.367259 libssl.so.3->X509_verify_cert(0x5cb6f2a09b60, 0, 0x8000, 0xffffffff) = 1 <0.000716>
[pid 371] 14:59:50.368291 libssl.so.3->EVP_DigestVerifyInit_ex(0x5cb6f2a3e790, 0x7ffda4aaa2c8, 0, 0) = 1 <0.000186>
[pid 371] 14:59:50.368522 libssl.so.3->EVP_DigestVerify(0x5cb6f2a3e790, 0x5cb6f2a183f8, 4627, 0x7ffda4aaa2d0) = 1 <0.000293>
[pid 371] 14:59:50.369155 libssl.so.3->X509_verify_cert(0x5cb6f2a09b60, 1, 1, 0) = 1 <0.000268>
[pid 371] 14:59:50.369834 libssl.so.3->EVP_DigestSignInit_ex(0x5cb6f2935810, 0x7ffda4aaa2b0, 0, 0) = 1 <0.000175>
[pid 371] 14:59:50.370086 libssl.so.3->EVP_DigestSign(0x5cb6f2935810, 0, 0x7ffda4aaa2c0, 0x7ffda4aaa2d0) = 1 <0.000150>
[pid 371] 14:59:50.370286 libssl.so.3->EVP_DigestSign(0x5cb6f2935810, 0x5cb6f2a22270, 0x7ffda4aaa2c0, 0x7ffda4aaa2d0) = 1 <0.000340>
[pid 371] 14:59:50.370963 <... SSL_connect resumed> ) = 1 <0.102946>
[pid 371] 14:59:50.371300 oqsprovider.so->OQS_KEM_free(0x5cb6f2a16270, 0x5cb6f2a16220, 2, 0x5cb6f2a16240) = 4 <0.000144>
Handshake duration: 103.16 ms
[pid 371] 14:59:50.373799 +++ exited (status 0) +++
Execution 87 - TLS Mutual
s_connection: verify depth is 1
[pid 373] 14:59:50.432297 openssl->SSL_connect(0x60fa11748890, 0x60fa1171ae50, 0x60fa1171ae50, 0x7fc671862360 <unfinished ...>
[pid 373] 14:59:50.432749 libssl.so.3->EVP_PKEY_keygen_init(0x60fa1171c580, 0, 176, 0x60fa1171c580) = 1 <0.000152>
[pid 373] 14:59:50.432950 libssl.so.3->EVP_PKEY_keygen(0x60fa1171c580, 0x7ffc654a0f60, 0, 103 <unfinished ...>
[pid 373] 14:59:50.433106 oqsprovider.so->OQS_KEM_new(0x60fa117409a0, 8, 0, 0x60fa1174d250) = 0x60fa1174d270 <0.000131>
[pid 373] 14:59:50.433364 oqsprovider.so->OQS_KEM_keypair(0x60fa1174d270, 0x60fa11755960, 0x60fa117575c0, 0x60fa1174d250) = 0 <0.013403>
[pid 373] 14:59:50.446899 <... EVP_PKEY_keygen resumed> ) = 1 <0.013932>
[pid 373] 14:59:50.487136 libssl.so.3->EVP_PKEY_decapsulate_init(0x60fa1171c580, 0, 176, 0x60fa1171c580) = 1 <0.000454>
[pid 373] 14:59:50.487634 libssl.so.3->EVP_PKEY_decapsulate(0x60fa1171c580, 0, 0x7ffc654a0f20, 0x60fa1174f44a) = 1 <0.000153>
[pid 373] 14:59:50.487831 libssl.so.3->EVP_PKEY_decapsulate(0x60fa1171c580, 0x60fa1173b8b0, 0x7ffc654a0f20, 0x60fa1174f44a <unfinished ...>
[pid 373] 14:59:50.487985 oqsprovider.so->OQS_KEM_decaps(0x60fa1174d270, 0x60fa1173b8b0, 0x60fa1174f44a, 0x60fa117575c0) = 0 <0.040659>
[pid 373] 14:59:50.528794 <... EVP_PKEY_decapsulate resumed> ) = 1 <0.040948>
[pid 373] 14:59:50.529873 libssl.so.3->X509_verify_cert(0x60fa11740b60, 0, 0x8000, 0xffffffff) = 1 <0.000618>
[pid 373] 14:59:50.530722 libssl.so.3->EVP_DigestVerifyInit_ex(0x60fa11775790, 0x7ffc654a0fc8, 0, 0) = 1 <0.000150>
[pid 373] 14:59:50.530918 libssl.so.3->EVP_DigestVerify(0x60fa11775790, 0x60fa1174f3f8, 4627, 0x7ffc654a0fd0) = 1 <0.000266>
[pid 373] 14:59:50.531427 libssl.so.3->X509_verify_cert(0x60fa11740b60, 1, 1, 0) = 1 <0.000268>
[pid 373] 14:59:50.532120 libssl.so.3->EVP_DigestSignInit_ex(0x60fa1166c810, 0x7ffc654a0fb0, 0, 0) = 1 <0.000169>
[pid 373] 14:59:50.532342 libssl.so.3->EVP_DigestSign(0x60fa1166c810, 0, 0x7ffc654a0fc0, 0x7ffc654a0fd0) = 1 <0.000115>
[pid 373] 14:59:50.532501 libssl.so.3->EVP_DigestSign(0x60fa1166c810, 0x60fa11759270, 0x7ffc654a0fc0, 0x7ffc654a0fd0) = 1 <0.000487>
[pid 373] 14:59:50.533302 <... SSL_connect resumed> ) = 1 <0.101019>
[pid 373] 14:59:50.533597 oqsprovider.so->OQS_KEM_free(0x60fa1174d270, 0x60fa1174d220, 2, 0x60fa1174d240) = 4 <0.000125>
Handshake duration: 101.21 ms
[pid 373] 14:59:50.537498 +++ exited (status 0) +++
Execution 88 - TLS Mutual
s_connection: verify depth is 1
[pid 375] 14:59:50.595434 openssl->SSL_connect(0x58ea8ad24890, 0x58ea8acf6e50, 0x58ea8acf6e50, 0x7f41bfa72360 <unfinished ...>
[pid 375] 14:59:50.595898 libssl.so.3->EVP_PKEY_keygen_init(0x58ea8acf8580, 0, 176, 0x58ea8acf8580) = 1 <0.000187>
[pid 375] 14:59:50.596142 libssl.so.3->EVP_PKEY_keygen(0x58ea8acf8580, 0x7ffcfdf96940, 0, 103 <unfinished ...>
[pid 375] 14:59:50.596265 oqsprovider.so->OQS_KEM_new(0x58ea8ad1c9a0, 8, 0, 0x58ea8ad29250) = 0x58ea8ad29270 <0.000111>
[pid 375] 14:59:50.596496 oqsprovider.so->OQS_KEM_keypair(0x58ea8ad29270, 0x58ea8ad31960, 0x58ea8ad335c0, 0x58ea8ad29250) = 0 <0.017976>
[pid 375] 14:59:50.614719 <... EVP_PKEY_keygen resumed> ) = 1 <0.018541>
[pid 375] 14:59:50.657772 libssl.so.3->EVP_PKEY_decapsulate_init(0x58ea8acf8580, 0, 176, 0x58ea8acf8580) = 1 <0.000624>
[pid 375] 14:59:50.658501 libssl.so.3->EVP_PKEY_decapsulate(0x58ea8acf8580, 0, 0x7ffcfdf96900, 0x58ea8ad2b44a) = 1 <0.000224>
[pid 375] 14:59:50.658803 libssl.so.3->EVP_PKEY_decapsulate(0x58ea8acf8580, 0x58ea8ad178b0, 0x7ffcfdf96900, 0x58ea8ad2b44a <unfinished ...>
[pid 375] 14:59:50.658988 oqsprovider.so->OQS_KEM_decaps(0x58ea8ad29270, 0x58ea8ad178b0, 0x58ea8ad2b44a, 0x58ea8ad335c0) = 0 <0.057503>
[pid 375] 14:59:50.716657 <... EVP_PKEY_decapsulate resumed> ) = 1 <0.057841>
[pid 375] 14:59:50.718072 libssl.so.3->X509_verify_cert(0x58ea8ad1cb60, 0, 0x8000, 0xffffffff) = 1 <0.001122>
[pid 375] 14:59:50.719601 libssl.so.3->EVP_DigestVerifyInit_ex(0x58ea8ad51790, 0x7ffcfdf969a8, 0, 0) = 1 <0.000273>
[pid 375] 14:59:50.720020 libssl.so.3->EVP_DigestVerify(0x58ea8ad51790, 0x58ea8ad2b3f8, 4627, 0x7ffcfdf969b0) = 1 <0.000354>
[pid 375] 14:59:50.720867 libssl.so.3->X509_verify_cert(0x58ea8ad1cb60, 1, 1, 0) = 1 <0.000491>
[pid 375] 14:59:50.722071 libssl.so.3->EVP_DigestSignInit_ex(0x58ea8ac48810, 0x7ffcfdf96990, 0, 0) = 1 <0.000265>
[pid 375] 14:59:50.722414 libssl.so.3->EVP_DigestSign(0x58ea8ac48810, 0, 0x7ffcfdf969a0, 0x7ffcfdf969b0) = 1 <0.000897>
[pid 375] 14:59:50.723602 libssl.so.3->EVP_DigestSign(0x58ea8ac48810, 0x58ea8ad35270, 0x7ffcfdf969a0, 0x7ffcfdf969b0) = 1 <0.000627>
[pid 375] 14:59:50.724703 <... SSL_connect resumed> ) = 1 <0.129272>
[pid 375] 14:59:50.725254 oqsprovider.so->OQS_KEM_free(0x58ea8ad29270, 0x58ea8ad29220, 2, 0x58ea8ad29240) = 4 <0.000184>
Handshake duration: 129.50 ms
[pid 375] 14:59:50.728012 +++ exited (status 0) +++
Execution 89 - TLS Mutual
s_connection: verify depth is 1
[pid 377] 14:59:50.786337 openssl->SSL_connect(0x5bcbfc32d890, 0x5bcbfc2ffe50, 0x5bcbfc2ffe50, 0x77078a83c360 <unfinished ...>
[pid 377] 14:59:50.786767 libssl.so.3->EVP_PKEY_keygen_init(0x5bcbfc301580, 0, 176, 0x5bcbfc301580) = 1 <0.000145>
[pid 377] 14:59:50.786965 libssl.so.3->EVP_PKEY_keygen(0x5bcbfc301580, 0x7fffa37d7dd0, 0, 103 <unfinished ...>
[pid 377] 14:59:50.787105 oqsprovider.so->OQS_KEM_new(0x5bcbfc3259a0, 8, 0, 0x5bcbfc332250) = 0x5bcbfc332270 <0.000128>
[pid 377] 14:59:50.787329 oqsprovider.so->OQS_KEM_keypair(0x5bcbfc332270, 0x5bcbfc33a960, 0x5bcbfc33c5c0, 0x5bcbfc332250) = 0 <0.013273>
[pid 377] 14:59:50.800720 <... EVP_PKEY_keygen resumed> ) = 1 <0.013744>
[pid 377] 14:59:50.839800 libssl.so.3->EVP_PKEY_decapsulate_init(0x5bcbfc301580, 0, 176, 0x5bcbfc301580) = 1 <0.000505>
[pid 377] 14:59:50.840382 libssl.so.3->EVP_PKEY_decapsulate(0x5bcbfc301580, 0, 0x7fffa37d7d90, 0x5bcbfc33444a) = 1 <0.000150>
[pid 377] 14:59:50.840585 libssl.so.3->EVP_PKEY_decapsulate(0x5bcbfc301580, 0x5bcbfc3208b0, 0x7fffa37d7d90, 0x5bcbfc33444a <unfinished ...>
[pid 377] 14:59:50.840718 oqsprovider.so->OQS_KEM_decaps(0x5bcbfc332270, 0x5bcbfc3208b0, 0x5bcbfc33444a, 0x5bcbfc33c5c0) = 0 <0.041756>
[pid 377] 14:59:50.882696 <... EVP_PKEY_decapsulate resumed> ) = 1 <0.042077>
[pid 377] 14:59:50.883764 libssl.so.3->X509_verify_cert(0x5bcbfc325b60, 0, 0x8000, 0xffffffff) = 1 <0.000575>
[pid 377] 14:59:50.884576 libssl.so.3->EVP_DigestVerifyInit_ex(0x5bcbfc35a790, 0x7fffa37d7e38, 0, 0) = 1 <0.000155>
[pid 377] 14:59:50.884794 libssl.so.3->EVP_DigestVerify(0x5bcbfc35a790, 0x5bcbfc3343f8, 4627, 0x7fffa37d7e40) = 1 <0.000258>
[pid 377] 14:59:50.885307 libssl.so.3->X509_verify_cert(0x5bcbfc325b60, 1, 1, 0) = 1 <0.000258>
[pid 377] 14:59:50.885911 libssl.so.3->EVP_DigestSignInit_ex(0x5bcbfc251810, 0x7fffa37d7e20, 0, 0) = 1 <0.000144>
[pid 377] 14:59:50.886110 libssl.so.3->EVP_DigestSign(0x5bcbfc251810, 0, 0x7fffa37d7e30, 0x7fffa37d7e40) = 1 <0.000128>
[pid 377] 14:59:50.886281 libssl.so.3->EVP_DigestSign(0x5bcbfc251810, 0x5bcbfc33e270, 0x7fffa37d7e30, 0x7fffa37d7e40) = 1 <0.000344>
[pid 377] 14:59:50.886878 <... SSL_connect resumed> ) = 1 <0.100562>
[pid 377] 14:59:50.887194 oqsprovider.so->OQS_KEM_free(0x5bcbfc332270, 0x5bcbfc332220, 2, 0x5bcbfc332240) = 4 <0.000133>
Handshake duration: 100.74 ms
[pid 377] 14:59:50.889557 +++ exited (status 0) +++
Execution 90 - TLS Mutual
s_connection: verify depth is 1
[pid 379] 14:59:50.947968 openssl->SSL_connect(0x57b29f970890, 0x57b29f942e50, 0x57b29f942e50, 0x7bfe6e9d1360 <unfinished ...>
[pid 379] 14:59:50.948444 libssl.so.3->EVP_PKEY_keygen_init(0x57b29f944580, 0, 176, 0x57b29f944580) = 1 <0.000159>
[pid 379] 14:59:50.948646 libssl.so.3->EVP_PKEY_keygen(0x57b29f944580, 0x7ffe82ab9170, 0, 103 <unfinished ...>
[pid 379] 14:59:50.948784 oqsprovider.so->OQS_KEM_new(0x57b29f9689a0, 8, 0, 0x57b29f975250) = 0x57b29f975270 <0.000124>
[pid 379] 14:59:50.949037 oqsprovider.so->OQS_KEM_keypair(0x57b29f975270, 0x57b29f97d960, 0x57b29f97f5c0, 0x57b29f975250) = 0 <0.012912>
[pid 379] 14:59:50.962068 <... EVP_PKEY_keygen resumed> ) = 1 <0.013392>
[pid 379] 14:59:51.001848 libssl.so.3->EVP_PKEY_decapsulate_init(0x57b29f944580, 0, 176, 0x57b29f944580) = 1 <0.000430>
[pid 379] 14:59:51.002324 libssl.so.3->EVP_PKEY_decapsulate(0x57b29f944580, 0, 0x7ffe82ab9130, 0x57b29f97744a) = 1 <0.000127>
[pid 379] 14:59:51.002497 libssl.so.3->EVP_PKEY_decapsulate(0x57b29f944580, 0x57b29f9638b0, 0x7ffe82ab9130, 0x57b29f97744a <unfinished ...>
[pid 379] 14:59:51.002623 oqsprovider.so->OQS_KEM_decaps(0x57b29f975270, 0x57b29f9638b0, 0x57b29f97744a, 0x57b29f97f5c0) = 0 <0.039458>
[pid 379] 14:59:51.042251 <... EVP_PKEY_decapsulate resumed> ) = 1 <0.039738>
[pid 379] 14:59:51.043215 libssl.so.3->X509_verify_cert(0x57b29f968b60, 0, 0x8000, 0xffffffff) = 1 <0.000555>
[pid 379] 14:59:51.044092 libssl.so.3->EVP_DigestVerifyInit_ex(0x57b29f99d790, 0x7ffe82ab91d8, 0, 0) = 1 <0.000158>
[pid 379] 14:59:51.044293 libssl.so.3->EVP_DigestVerify(0x57b29f99d790, 0x57b29f9773f8, 4627, 0x7ffe82ab91e0) = 1 <0.000246>
[pid 379] 14:59:51.044773 libssl.so.3->X509_verify_cert(0x57b29f968b60, 1, 1, 0) = 1 <0.000262>
[pid 379] 14:59:51.045367 libssl.so.3->EVP_DigestSignInit_ex(0x57b29f894810, 0x7ffe82ab91c0, 0, 0) = 1 <0.000124>
[pid 379] 14:59:51.045542 libssl.so.3->EVP_DigestSign(0x57b29f894810, 0, 0x7ffe82ab91d0, 0x7ffe82ab91e0) = 1 <0.000129>
[pid 379] 14:59:51.045717 libssl.so.3->EVP_DigestSign(0x57b29f894810, 0x57b29f981270, 0x7ffe82ab91d0, 0x7ffe82ab91e0) = 1 <0.000452>
[pid 379] 14:59:51.046429 <... SSL_connect resumed> ) = 1 <0.098485>
[pid 379] 14:59:51.046749 oqsprovider.so->OQS_KEM_free(0x57b29f975270, 0x57b29f975220, 2, 0x57b29f975240) = 4 <0.000128>
Handshake duration: 98.72 ms
[pid 379] 14:59:51.049149 +++ exited (status 0) +++
Execution 91 - TLS Mutual
s_connection: verify depth is 1
[pid 381] 14:59:51.105169 openssl->SSL_connect(0x5f07155b1890, 0x5f0715583e50, 0x5f0715583e50, 0x70af73b33360 <unfinished ...>
[pid 381] 14:59:51.105622 libssl.so.3->EVP_PKEY_keygen_init(0x5f0715585580, 0, 176, 0x5f0715585580) = 1 <0.000173>
[pid 381] 14:59:51.105850 libssl.so.3->EVP_PKEY_keygen(0x5f0715585580, 0x7ffc92d2e830, 0, 103 <unfinished ...>
[pid 381] 14:59:51.105994 oqsprovider.so->OQS_KEM_new(0x5f07155a99a0, 8, 0, 0x5f07155b6250) = 0x5f07155b6270 <0.000153>
[pid 381] 14:59:51.106251 oqsprovider.so->OQS_KEM_keypair(0x5f07155b6270, 0x5f07155be960, 0x5f07155c05c0, 0x5f07155b6250) = 0 <0.012959>
[pid 381] 14:59:51.119330 <... EVP_PKEY_keygen resumed> ) = 1 <0.013473>
[pid 381] 14:59:51.161151 libssl.so.3->EVP_PKEY_decapsulate_init(0x5f0715585580, 0, 176, 0x5f0715585580) = 1 <0.000438>
[pid 381] 14:59:51.161684 libssl.so.3->EVP_PKEY_decapsulate(0x5f0715585580, 0, 0x7ffc92d2e7f0, 0x5f07155b844a) = 1 <0.000211>
[pid 381] 14:59:51.161969 libssl.so.3->EVP_PKEY_decapsulate(0x5f0715585580, 0x5f07155a48b0, 0x7ffc92d2e7f0, 0x5f07155b844a <unfinished ...>
[pid 381] 14:59:51.162194 oqsprovider.so->OQS_KEM_decaps(0x5f07155b6270, 0x5f07155a48b0, 0x5f07155b844a, 0x5f07155c05c0) = 0 <0.041555>
[pid 381] 14:59:51.203911 <... EVP_PKEY_decapsulate resumed> ) = 1 <0.041936>
[pid 381] 14:59:51.204898 libssl.so.3->X509_verify_cert(0x5f07155a9b60, 0, 0x8000, 0xffffffff) = 1 <0.000644>
[pid 381] 14:59:51.205815 libssl.so.3->EVP_DigestVerifyInit_ex(0x5f07155de790, 0x7ffc92d2e898, 0, 0) = 1 <0.000220>
[pid 381] 14:59:51.206131 libssl.so.3->EVP_DigestVerify(0x5f07155de790, 0x5f07155b83f8, 4627, 0x7ffc92d2e8a0) = 1 <0.000324>
[pid 381] 14:59:51.206737 libssl.so.3->X509_verify_cert(0x5f07155a9b60, 1, 1, 0) = 1 <0.000320>
[pid 381] 14:59:51.207459 libssl.so.3->EVP_DigestSignInit_ex(0x5f07154d5810, 0x7ffc92d2e880, 0, 0) = 1 <0.000148>
[pid 381] 14:59:51.207659 libssl.so.3->EVP_DigestSign(0x5f07154d5810, 0, 0x7ffc92d2e890, 0x7ffc92d2e8a0) = 1 <0.000132>
[pid 381] 14:59:51.207839 libssl.so.3->EVP_DigestSign(0x5f07154d5810, 0x5f07155c2270, 0x7ffc92d2e890, 0x7ffc92d2e8a0) = 1 <0.000445>
[pid 381] 14:59:51.208658 <... SSL_connect resumed> ) = 1 <0.103493>
[pid 381] 14:59:51.209029 oqsprovider.so->OQS_KEM_free(0x5f07155b6270, 0x5f07155b6220, 2, 0x5f07155b6240) = 4 <0.000221>
Handshake duration: 103.73 ms
[pid 381] 14:59:51.211682 +++ exited (status 0) +++
Execution 92 - TLS Mutual
s_connection: verify depth is 1
[pid 383] 14:59:51.269409 openssl->SSL_connect(0x5afd1a512890, 0x5afd1a4e4e50, 0x5afd1a4e4e50, 0x7506dacfc360 <unfinished ...>
[pid 383] 14:59:51.269842 libssl.so.3->EVP_PKEY_keygen_init(0x5afd1a4e6580, 0, 176, 0x5afd1a4e6580) = 1 <0.000194>
[pid 383] 14:59:51.270104 libssl.so.3->EVP_PKEY_keygen(0x5afd1a4e6580, 0x7fff6a71cc20, 0, 103 <unfinished ...>
[pid 383] 14:59:51.270243 oqsprovider.so->OQS_KEM_new(0x5afd1a50a9a0, 8, 0, 0x5afd1a517250) = 0x5afd1a517270 <0.000135>
[pid 383] 14:59:51.270489 oqsprovider.so->OQS_KEM_keypair(0x5afd1a517270, 0x5afd1a51f960, 0x5afd1a5215c0, 0x5afd1a517250) = 0 <0.013646>
[pid 383] 14:59:51.284250 <... EVP_PKEY_keygen resumed> ) = 1 <0.014138>
[pid 383] 14:59:51.323837 libssl.so.3->EVP_PKEY_decapsulate_init(0x5afd1a4e6580, 0, 176, 0x5afd1a4e6580) = 1 <0.000439>
[pid 383] 14:59:51.324337 libssl.so.3->EVP_PKEY_decapsulate(0x5afd1a4e6580, 0, 0x7fff6a71cbe0, 0x5afd1a51944a) = 1 <0.000159>
[pid 383] 14:59:51.324547 libssl.so.3->EVP_PKEY_decapsulate(0x5afd1a4e6580, 0x5afd1a5058b0, 0x7fff6a71cbe0, 0x5afd1a51944a <unfinished ...>
[pid 383] 14:59:51.324682 oqsprovider.so->OQS_KEM_decaps(0x5afd1a517270, 0x5afd1a5058b0, 0x5afd1a51944a, 0x5afd1a5215c0) = 0 <0.040015>
[pid 383] 14:59:51.364870 <... EVP_PKEY_decapsulate resumed> ) = 1 <0.040305>
[pid 383] 14:59:51.365901 libssl.so.3->X509_verify_cert(0x5afd1a50ab60, 0, 0x8000, 0xffffffff) = 1 <0.000646>
[pid 383] 14:59:51.366831 libssl.so.3->EVP_DigestVerifyInit_ex(0x5afd1a53f790, 0x7fff6a71cc88, 0, 0) = 1 <0.000156>
[pid 383] 14:59:51.367039 libssl.so.3->EVP_DigestVerify(0x5afd1a53f790, 0x5afd1a5193f8, 4627, 0x7fff6a71cc90) = 1 <0.000288>
[pid 383] 14:59:51.367601 libssl.so.3->X509_verify_cert(0x5afd1a50ab60, 1, 1, 0) = 1 <0.000275>
[pid 383] 14:59:51.368329 libssl.so.3->EVP_DigestSignInit_ex(0x5afd1a436810, 0x7fff6a71cc70, 0, 0) = 1 <0.000219>
[pid 383] 14:59:51.368597 libssl.so.3->EVP_DigestSign(0x5afd1a436810, 0, 0x7fff6a71cc80, 0x7fff6a71cc90) = 1 <0.000135>
[pid 383] 14:59:51.368779 libssl.so.3->EVP_DigestSign(0x5afd1a436810, 0x5afd1a523270, 0x7fff6a71cc80, 0x7fff6a71cc90) = 1 <0.000668>
[pid 383] 14:59:51.369743 <... SSL_connect resumed> ) = 1 <0.100343>
[pid 383] 14:59:51.370093 oqsprovider.so->OQS_KEM_free(0x5afd1a517270, 0x5afd1a517220, 2, 0x5afd1a517240) = 4 <0.000198>
Handshake duration: 100.53 ms
[pid 383] 14:59:51.372616 +++ exited (status 0) +++
Execution 93 - TLS Mutual
s_connection: verify depth is 1
[pid 385] 14:59:51.428423 openssl->SSL_connect(0x5eeee6529890, 0x5eeee64fbe50, 0x5eeee64fbe50, 0x7a5ca1960360 <unfinished ...>
[pid 385] 14:59:51.428855 libssl.so.3->EVP_PKEY_keygen_init(0x5eeee64fd580, 0, 176, 0x5eeee64fd580) = 1 <0.000202>
[pid 385] 14:59:51.429160 libssl.so.3->EVP_PKEY_keygen(0x5eeee64fd580, 0x7ffe9bd23350, 0, 103 <unfinished ...>
[pid 385] 14:59:51.429372 oqsprovider.so->OQS_KEM_new(0x5eeee65219a0, 8, 0, 0x5eeee652e250) = 0x5eeee652e270 <0.000152>
[pid 385] 14:59:51.429629 oqsprovider.so->OQS_KEM_keypair(0x5eeee652e270, 0x5eeee6536960, 0x5eeee65385c0, 0x5eeee652e250) = 0 <0.013367>
[pid 385] 14:59:51.443146 <... EVP_PKEY_keygen resumed> ) = 1 <0.013978>
[pid 385] 14:59:51.483099 libssl.so.3->EVP_PKEY_decapsulate_init(0x5eeee64fd580, 0, 176, 0x5eeee64fd580) = 1 <0.000371>
[pid 385] 14:59:51.483546 libssl.so.3->EVP_PKEY_decapsulate(0x5eeee64fd580, 0, 0x7ffe9bd23310, 0x5eeee653044a) = 1 <0.000142>
[pid 385] 14:59:51.483749 libssl.so.3->EVP_PKEY_decapsulate(0x5eeee64fd580, 0x5eeee651c8b0, 0x7ffe9bd23310, 0x5eeee653044a <unfinished ...>
[pid 385] 14:59:51.483882 oqsprovider.so->OQS_KEM_decaps(0x5eeee652e270, 0x5eeee651c8b0, 0x5eeee653044a, 0x5eeee65385c0) = 0 <0.039480>
[pid 385] 14:59:51.523517 <... EVP_PKEY_decapsulate resumed> ) = 1 <0.039754>
[pid 385] 14:59:51.524583 libssl.so.3->X509_verify_cert(0x5eeee6521b60, 0, 0x8000, 0xffffffff) = 1 <0.000600>
[pid 385] 14:59:51.525431 libssl.so.3->EVP_DigestVerifyInit_ex(0x5eeee6556790, 0x7ffe9bd233b8, 0, 0) = 1 <0.000165>
[pid 385] 14:59:51.525648 libssl.so.3->EVP_DigestVerify(0x5eeee6556790, 0x5eeee65303f8, 4627, 0x7ffe9bd233c0) = 1 <0.000266>
[pid 385] 14:59:51.526245 libssl.so.3->X509_verify_cert(0x5eeee6521b60, 1, 1, 0) = 1 <0.000317>
[pid 385] 14:59:51.526929 libssl.so.3->EVP_DigestSignInit_ex(0x5eeee644d810, 0x7ffe9bd233a0, 0, 0) = 1 <0.000213>
[pid 385] 14:59:51.527201 libssl.so.3->EVP_DigestSign(0x5eeee644d810, 0, 0x7ffe9bd233b0, 0x7ffe9bd233c0) = 1 <0.000210>
[pid 385] 14:59:51.527477 libssl.so.3->EVP_DigestSign(0x5eeee644d810, 0x5eeee653a270, 0x7ffe9bd233b0, 0x7ffe9bd233c0) = 1 <0.000437>
[pid 385] 14:59:51.528288 <... SSL_connect resumed> ) = 1 <0.099867>
[pid 385] 14:59:51.528600 oqsprovider.so->OQS_KEM_free(0x5eeee652e270, 0x5eeee652e220, 2, 0x5eeee652e240) = 4 <0.000168>
Handshake duration: 100.07 ms
[pid 385] 14:59:51.531029 +++ exited (status 0) +++
Execution 94 - TLS Mutual
s_connection: verify depth is 1
[pid 387] 14:59:51.592733 openssl->SSL_connect(0x57a2b5f86890, 0x57a2b5f58e50, 0x57a2b5f58e50, 0x737f77956360 <unfinished ...>
[pid 387] 14:59:51.593301 libssl.so.3->EVP_PKEY_keygen_init(0x57a2b5f5a580, 0, 176, 0x57a2b5f5a580) = 1 <0.000191>
[pid 387] 14:59:51.593565 libssl.so.3->EVP_PKEY_keygen(0x57a2b5f5a580, 0x7ffdc51703d0, 0, 103 <unfinished ...>
[pid 387] 14:59:51.593736 oqsprovider.so->OQS_KEM_new(0x57a2b5f7e9a0, 8, 0, 0x57a2b5f8b250) = 0x57a2b5f8b270 <0.000122>
[pid 387] 14:59:51.594035 oqsprovider.so->OQS_KEM_keypair(0x57a2b5f8b270, 0x57a2b5f93960, 0x57a2b5f955c0, 0x57a2b5f8b250) = 0 <0.014032>
[pid 387] 14:59:51.608222 <... EVP_PKEY_keygen resumed> ) = 1 <0.014651>
[pid 387] 14:59:51.648486 libssl.so.3->EVP_PKEY_decapsulate_init(0x57a2b5f5a580, 0, 176, 0x57a2b5f5a580) = 1 <0.000495>
[pid 387] 14:59:51.649069 libssl.so.3->EVP_PKEY_decapsulate(0x57a2b5f5a580, 0, 0x7ffdc5170390, 0x57a2b5f8d44a) = 1 <0.000180>
[pid 387] 14:59:51.649351 libssl.so.3->EVP_PKEY_decapsulate(0x57a2b5f5a580, 0x57a2b5f798b0, 0x7ffdc5170390, 0x57a2b5f8d44a <unfinished ...>
[pid 387] 14:59:51.649542 oqsprovider.so->OQS_KEM_decaps(0x57a2b5f8b270, 0x57a2b5f798b0, 0x57a2b5f8d44a, 0x57a2b5f955c0) = 0 <0.041718>
[pid 387] 14:59:51.691410 <... EVP_PKEY_decapsulate resumed> ) = 1 <0.042047>
[pid 387] 14:59:51.692603 libssl.so.3->X509_verify_cert(0x57a2b5f7eb60, 0, 0x8000, 0xffffffff) = 1 <0.000616>
[pid 387] 14:59:51.693491 libssl.so.3->EVP_DigestVerifyInit_ex(0x57a2b5fb3790, 0x7ffdc5170438, 0, 0) = 1 <0.000158>
[pid 387] 14:59:51.693696 libssl.so.3->EVP_DigestVerify(0x57a2b5fb3790, 0x57a2b5f8d3f8, 4627, 0x7ffdc5170440) = 1 <0.000268>
[pid 387] 14:59:51.694231 libssl.so.3->X509_verify_cert(0x57a2b5f7eb60, 1, 1, 0) = 1 <0.000370>
[pid 387] 14:59:51.695120 libssl.so.3->EVP_DigestSignInit_ex(0x57a2b5eaa810, 0x7ffdc5170420, 0, 0) = 1 <0.000219>
[pid 387] 14:59:51.695396 libssl.so.3->EVP_DigestSign(0x57a2b5eaa810, 0, 0x7ffdc5170430, 0x7ffdc5170440) = 1 <0.000153>
[pid 387] 14:59:51.695630 libssl.so.3->EVP_DigestSign(0x57a2b5eaa810, 0x57a2b5f97270, 0x7ffdc5170430, 0x7ffdc5170440) = 1 <0.000587>
[pid 387] 14:59:51.696529 <... SSL_connect resumed> ) = 1 <0.103808>
[pid 387] 14:59:51.696818 oqsprovider.so->OQS_KEM_free(0x57a2b5f8b270, 0x57a2b5f8b220, 2, 0x57a2b5f8b240) = 4 <0.000126>
Handshake duration: 104.02 ms
[pid 387] 14:59:51.699483 +++ exited (status 0) +++
Execution 95 - TLS Mutual
s_connection: verify depth is 1
[pid 389] 14:59:51.759634 openssl->SSL_connect(0x5a10232df890, 0x5a10232b1e50, 0x5a10232b1e50, 0x7d2886a27360 <unfinished ...>
[pid 389] 14:59:51.760187 libssl.so.3->EVP_PKEY_keygen_init(0x5a10232b3580, 0, 176, 0x5a10232b3580) = 1 <0.000179>
[pid 389] 14:59:51.760436 libssl.so.3->EVP_PKEY_keygen(0x5a10232b3580, 0x7ffd53ca7070, 0, 103 <unfinished ...>
[pid 389] 14:59:51.760584 oqsprovider.so->OQS_KEM_new(0x5a10232d79a0, 8, 0, 0x5a10232e4250) = 0x5a10232e4270 <0.000141>
[pid 389] 14:59:51.760853 oqsprovider.so->OQS_KEM_keypair(0x5a10232e4270, 0x5a10232ec960, 0x5a10232ee5c0, 0x5a10232e4250) = 0 <0.014326>
[pid 389] 14:59:51.775376 <... EVP_PKEY_keygen resumed> ) = 1 <0.014924>
[pid 389] 14:59:51.816448 libssl.so.3->EVP_PKEY_decapsulate_init(0x5a10232b3580, 0, 176, 0x5a10232b3580) = 1 <0.000461>
[pid 389] 14:59:51.816958 libssl.so.3->EVP_PKEY_decapsulate(0x5a10232b3580, 0, 0x7ffd53ca7030, 0x5a10232e644a) = 1 <0.000233>
[pid 389] 14:59:51.817255 libssl.so.3->EVP_PKEY_decapsulate(0x5a10232b3580, 0x5a10232d28b0, 0x7ffd53ca7030, 0x5a10232e644a <unfinished ...>
[pid 389] 14:59:51.817406 oqsprovider.so->OQS_KEM_decaps(0x5a10232e4270, 0x5a10232d28b0, 0x5a10232e644a, 0x5a10232ee5c0) = 0 <0.041352>
[pid 389] 14:59:51.858952 <... EVP_PKEY_decapsulate resumed> ) = 1 <0.041669>
[pid 389] 14:59:51.860092 libssl.so.3->X509_verify_cert(0x5a10232d7b60, 0, 0x8000, 0xffffffff) = 1 <0.000571>
[pid 389] 14:59:51.860932 libssl.so.3->EVP_DigestVerifyInit_ex(0x5a102330c790, 0x7ffd53ca70d8, 0, 0) = 1 <0.000183>
[pid 389] 14:59:51.861167 libssl.so.3->EVP_DigestVerify(0x5a102330c790, 0x5a10232e63f8, 4627, 0x7ffd53ca70e0) = 1 <0.000244>
[pid 389] 14:59:51.861656 libssl.so.3->X509_verify_cert(0x5a10232d7b60, 1, 1, 0) = 1 <0.000270>
[pid 389] 14:59:51.862317 libssl.so.3->EVP_DigestSignInit_ex(0x5a1023203810, 0x7ffd53ca70c0, 0, 0) = 1 <0.000182>
[pid 389] 14:59:51.862577 libssl.so.3->EVP_DigestSign(0x5a1023203810, 0, 0x7ffd53ca70d0, 0x7ffd53ca70e0) = 1 <0.000161>
[pid 389] 14:59:51.862783 libssl.so.3->EVP_DigestSign(0x5a1023203810, 0x5a10232f0270, 0x7ffd53ca70d0, 0x7ffd53ca70e0) = 1 <0.000377>
[pid 389] 14:59:51.863411 <... SSL_connect resumed> ) = 1 <0.103790>
[pid 389] 14:59:51.863681 oqsprovider.so->OQS_KEM_free(0x5a10232e4270, 0x5a10232e4220, 2, 0x5a10232e4240) = 4 <0.000119>
Handshake duration: 104.00 ms
[pid 389] 14:59:51.866200 +++ exited (status 0) +++
Execution 96 - TLS Mutual
s_connection: verify depth is 1
[pid 391] 14:59:51.925427 openssl->SSL_connect(0x56c80a1d6890, 0x56c80a1a8e50, 0x56c80a1a8e50, 0x75f27039f360 <unfinished ...>
[pid 391] 14:59:51.925872 libssl.so.3->EVP_PKEY_keygen_init(0x56c80a1aa580, 0, 176, 0x56c80a1aa580) = 1 <0.000152>
[pid 391] 14:59:51.926074 libssl.so.3->EVP_PKEY_keygen(0x56c80a1aa580, 0x7ffdb14f8890, 0, 103 <unfinished ...>
[pid 391] 14:59:51.926228 oqsprovider.so->OQS_KEM_new(0x56c80a1ce9a0, 8, 0, 0x56c80a1db250) = 0x56c80a1db270 <0.000154>
[pid 391] 14:59:51.926484 oqsprovider.so->OQS_KEM_keypair(0x56c80a1db270, 0x56c80a1e3960, 0x56c80a1e55c0, 0x56c80a1db250) = 0 <0.013224>
[pid 391] 14:59:51.939838 <... EVP_PKEY_keygen resumed> ) = 1 <0.013751>
[pid 391] 14:59:51.980690 libssl.so.3->EVP_PKEY_decapsulate_init(0x56c80a1aa580, 0, 176, 0x56c80a1aa580) = 1 <0.000455>
[pid 391] 14:59:51.981239 libssl.so.3->EVP_PKEY_decapsulate(0x56c80a1aa580, 0, 0x7ffdb14f8850, 0x56c80a1dd44a) = 1 <0.000307>
[pid 391] 14:59:51.981612 libssl.so.3->EVP_PKEY_decapsulate(0x56c80a1aa580, 0x56c80a1c98b0, 0x7ffdb14f8850, 0x56c80a1dd44a <unfinished ...>
[pid 391] 14:59:51.981765 oqsprovider.so->OQS_KEM_decaps(0x56c80a1db270, 0x56c80a1c98b0, 0x56c80a1dd44a, 0x56c80a1e55c0) = 0 <0.040803>
[pid 391] 14:59:52.022728 <... EVP_PKEY_decapsulate resumed> ) = 1 <0.041105>
[pid 391] 14:59:52.023771 libssl.so.3->X509_verify_cert(0x56c80a1ceb60, 0, 0x8000, 0xffffffff) = 1 <0.000660>
[pid 391] 14:59:52.024662 libssl.so.3->EVP_DigestVerifyInit_ex(0x56c80a203790, 0x7ffdb14f88f8, 0, 0) = 1 <0.000145>
[pid 391] 14:59:52.024851 libssl.so.3->EVP_DigestVerify(0x56c80a203790, 0x56c80a1dd3f8, 4627, 0x7ffdb14f8900) = 1 <0.000365>
[pid 391] 14:59:52.025464 libssl.so.3->X509_verify_cert(0x56c80a1ceb60, 1, 1, 0) = 1 <0.000250>
[pid 391] 14:59:52.026129 libssl.so.3->EVP_DigestSignInit_ex(0x56c80a0fa810, 0x7ffdb14f88e0, 0, 0) = 1 <0.000174>
[pid 391] 14:59:52.026354 libssl.so.3->EVP_DigestSign(0x56c80a0fa810, 0, 0x7ffdb14f88f0, 0x7ffdb14f8900) = 1 <0.000130>
[pid 391] 14:59:52.026527 libssl.so.3->EVP_DigestSign(0x56c80a0fa810, 0x56c80a1e7270, 0x7ffdb14f88f0, 0x7ffdb14f8900) = 1 <0.000379>
[pid 391] 14:59:52.027170 <... SSL_connect resumed> ) = 1 <0.101756>
[pid 391] 14:59:52.027436 oqsprovider.so->OQS_KEM_free(0x56c80a1db270, 0x56c80a1db220, 2, 0x56c80a1db240) = 4 <0.000142>
Handshake duration: 101.94 ms
[pid 391] 14:59:52.030183 +++ exited (status 0) +++
Execution 97 - TLS Mutual
s_connection: verify depth is 1
[pid 393] 14:59:52.085071 openssl->SSL_connect(0x5ad5b3c0f890, 0x5ad5b3be1e50, 0x5ad5b3be1e50, 0x705ce6ead360 <unfinished ...>
[pid 393] 14:59:52.085517 libssl.so.3->EVP_PKEY_keygen_init(0x5ad5b3be3580, 0, 176, 0x5ad5b3be3580) = 1 <0.000150>
[pid 393] 14:59:52.085715 libssl.so.3->EVP_PKEY_keygen(0x5ad5b3be3580, 0x7fffd529f2e0, 0, 103 <unfinished ...>
[pid 393] 14:59:52.085846 oqsprovider.so->OQS_KEM_new(0x5ad5b3c079a0, 8, 0, 0x5ad5b3c14250) = 0x5ad5b3c14270 <0.000134>
[pid 393] 14:59:52.086097 oqsprovider.so->OQS_KEM_keypair(0x5ad5b3c14270, 0x5ad5b3c1c960, 0x5ad5b3c1e5c0, 0x5ad5b3c14250) = 0 <0.013705>
[pid 393] 14:59:52.099918 <... EVP_PKEY_keygen resumed> ) = 1 <0.014195>
[pid 393] 14:59:52.140065 libssl.so.3->EVP_PKEY_decapsulate_init(0x5ad5b3be3580, 0, 176, 0x5ad5b3be3580) = 1 <0.000516>
[pid 393] 14:59:52.140715 libssl.so.3->EVP_PKEY_decapsulate(0x5ad5b3be3580, 0, 0x7fffd529f2a0, 0x5ad5b3c1644a) = 1 <0.000262>
[pid 393] 14:59:52.141038 libssl.so.3->EVP_PKEY_decapsulate(0x5ad5b3be3580, 0x5ad5b3c028b0, 0x7fffd529f2a0, 0x5ad5b3c1644a <unfinished ...>
[pid 393] 14:59:52.141227 oqsprovider.so->OQS_KEM_decaps(0x5ad5b3c14270, 0x5ad5b3c028b0, 0x5ad5b3c1644a, 0x5ad5b3c1e5c0) = 0 <0.041036>
[pid 393] 14:59:52.182428 <... EVP_PKEY_decapsulate resumed> ) = 1 <0.041379>
[pid 393] 14:59:52.183845 libssl.so.3->X509_verify_cert(0x5ad5b3c07b60, 0, 0x8000, 0xffffffff) = 1 <0.000712>
[pid 393] 14:59:52.184873 libssl.so.3->EVP_DigestVerifyInit_ex(0x5ad5b3c3c790, 0x7fffd529f348, 0, 0) = 1 <0.000226>
[pid 393] 14:59:52.185167 libssl.so.3->EVP_DigestVerify(0x5ad5b3c3c790, 0x5ad5b3c163f8, 4627, 0x7fffd529f350) = 1 <0.000263>
[pid 393] 14:59:52.185762 libssl.so.3->X509_verify_cert(0x5ad5b3c07b60, 1, 1, 0) = 1 <0.000411>
[pid 393] 14:59:52.186634 libssl.so.3->EVP_DigestSignInit_ex(0x5ad5b3b33810, 0x7fffd529f330, 0, 0) = 1 <0.000253>
[pid 393] 14:59:52.186940 libssl.so.3->EVP_DigestSign(0x5ad5b3b33810, 0, 0x7fffd529f340, 0x7fffd529f350) = 1 <0.000180>
[pid 393] 14:59:52.187188 libssl.so.3->EVP_DigestSign(0x5ad5b3b33810, 0x5ad5b3c20270, 0x7fffd529f340, 0x7fffd529f350) = 1 <0.000443>
[pid 393] 14:59:52.187976 <... SSL_connect resumed> ) = 1 <0.102919>
[pid 393] 14:59:52.188365 oqsprovider.so->OQS_KEM_free(0x5ad5b3c14270, 0x5ad5b3c14220, 2, 0x5ad5b3c14240) = 4 <0.000144>
Handshake duration: 103.18 ms
[pid 393] 14:59:52.190626 +++ exited (status 0) +++
Execution 98 - TLS Mutual
s_connection: verify depth is 1
[pid 395] 14:59:52.254436 openssl->SSL_connect(0x5bdea998b890, 0x5bdea995de50, 0x5bdea995de50, 0x7fe5c50f7360 <unfinished ...>
[pid 395] 14:59:52.254877 libssl.so.3->EVP_PKEY_keygen_init(0x5bdea995f580, 0, 176, 0x5bdea995f580) = 1 <0.000177>
[pid 395] 14:59:52.255167 libssl.so.3->EVP_PKEY_keygen(0x5bdea995f580, 0x7ffdcb4870f0, 0, 103 <unfinished ...>
[pid 395] 14:59:52.255343 oqsprovider.so->OQS_KEM_new(0x5bdea99839a0, 8, 0, 0x5bdea9990250) = 0x5bdea9990270 <0.000136>
[pid 395] 14:59:52.255585 oqsprovider.so->OQS_KEM_keypair(0x5bdea9990270, 0x5bdea9998960, 0x5bdea999a5c0, 0x5bdea9990250) = 0 <0.012940>
[pid 395] 14:59:52.268721 <... EVP_PKEY_keygen resumed> ) = 1 <0.013546>
[pid 395] 14:59:52.310327 libssl.so.3->EVP_PKEY_decapsulate_init(0x5bdea995f580, 0, 176, 0x5bdea995f580) = 1 <0.000491>
[pid 395] 14:59:52.310902 libssl.so.3->EVP_PKEY_decapsulate(0x5bdea995f580, 0, 0x7ffdcb4870b0, 0x5bdea999244a) = 1 <0.000182>
[pid 395] 14:59:52.311141 libssl.so.3->EVP_PKEY_decapsulate(0x5bdea995f580, 0x5bdea997e8b0, 0x7ffdcb4870b0, 0x5bdea999244a <unfinished ...>
[pid 395] 14:59:52.311290 oqsprovider.so->OQS_KEM_decaps(0x5bdea9990270, 0x5bdea997e8b0, 0x5bdea999244a, 0x5bdea999a5c0) = 0 <0.040698>
[pid 395] 14:59:52.352184 <... EVP_PKEY_decapsulate resumed> ) = 1 <0.041029>
[pid 395] 14:59:52.353288 libssl.so.3->X509_verify_cert(0x5bdea9983b60, 0, 0x8000, 0xffffffff) = 1 <0.000614>
[pid 395] 14:59:52.354386 libssl.so.3->EVP_DigestVerifyInit_ex(0x5bdea99b8790, 0x7ffdcb487158, 0, 0) = 1 <0.000224>
[pid 395] 14:59:52.354672 libssl.so.3->EVP_DigestVerify(0x5bdea99b8790, 0x5bdea99923f8, 4627, 0x7ffdcb487160) = 1 <0.000317>
[pid 395] 14:59:52.355281 libssl.so.3->X509_verify_cert(0x5bdea9983b60, 1, 1, 0) = 1 <0.000290>
[pid 395] 14:59:52.355927 libssl.so.3->EVP_DigestSignInit_ex(0x5bdea98af810, 0x7ffdcb487140, 0, 0) = 1 <0.000142>
[pid 395] 14:59:52.356120 libssl.so.3->EVP_DigestSign(0x5bdea98af810, 0, 0x7ffdcb487150, 0x7ffdcb487160) = 1 <0.000116>
[pid 395] 14:59:52.356281 libssl.so.3->EVP_DigestSign(0x5bdea98af810, 0x5bdea999c270, 0x7ffdcb487150, 0x7ffdcb487160) = 1 <0.000496>
[pid 395] 14:59:52.357238 <... SSL_connect resumed> ) = 1 <0.102804>
[pid 395] 14:59:52.357455 oqsprovider.so->OQS_KEM_free(0x5bdea9990270, 0x5bdea9990220, 2, 0x5bdea9990240) = 4 <0.000126>
Handshake duration: 102.99 ms
[pid 395] 14:59:52.360046 +++ exited (status 0) +++
Execution 99 - TLS Mutual
s_connection: verify depth is 1
[pid 397] 14:59:52.422359 openssl->SSL_connect(0x63df442b5890, 0x63df44287e50, 0x63df44287e50, 0x788d058ea360 <unfinished ...>
[pid 397] 14:59:52.422813 libssl.so.3->EVP_PKEY_keygen_init(0x63df44289580, 0, 176, 0x63df44289580) = 1 <0.000214>
[pid 397] 14:59:52.423095 libssl.so.3->EVP_PKEY_keygen(0x63df44289580, 0x7fff74151da0, 0, 103 <unfinished ...>
[pid 397] 14:59:52.423213 oqsprovider.so->OQS_KEM_new(0x63df442ad9a0, 8, 0, 0x63df442ba250) = 0x63df442ba270 <0.000127>
[pid 397] 14:59:52.423441 oqsprovider.so->OQS_KEM_keypair(0x63df442ba270, 0x63df442c2960, 0x63df442c45c0, 0x63df442ba250) = 0 <0.013329>
[pid 397] 14:59:52.436879 <... EVP_PKEY_keygen resumed> ) = 1 <0.013772>
[pid 397] 14:59:52.477529 libssl.so.3->EVP_PKEY_decapsulate_init(0x63df44289580, 0, 176, 0x63df44289580) = 1 <0.000445>
[pid 397] 14:59:52.478044 libssl.so.3->EVP_PKEY_decapsulate(0x63df44289580, 0, 0x7fff74151d60, 0x63df442bc44a) = 1 <0.000204>
[pid 397] 14:59:52.478373 libssl.so.3->EVP_PKEY_decapsulate(0x63df44289580, 0x63df442a88b0, 0x7fff74151d60, 0x63df442bc44a <unfinished ...>
[pid 397] 14:59:52.478573 oqsprovider.so->OQS_KEM_decaps(0x63df442ba270, 0x63df442a88b0, 0x63df442bc44a, 0x63df442c45c0) = 0 <0.041006>
[pid 397] 14:59:52.519771 <... EVP_PKEY_decapsulate resumed> ) = 1 <0.041389>
[pid 397] 14:59:52.520847 libssl.so.3->X509_verify_cert(0x63df442adb60, 0, 0x8000, 0xffffffff) = 1 <0.000693>
[pid 397] 14:59:52.521816 libssl.so.3->EVP_DigestVerifyInit_ex(0x63df442e2790, 0x7fff74151e08, 0, 0) = 1 <0.000198>
[pid 397] 14:59:52.522083 libssl.so.3->EVP_DigestVerify(0x63df442e2790, 0x63df442bc3f8, 4627, 0x7fff74151e10) = 1 <0.000273>
[pid 397] 14:59:52.522669 libssl.so.3->X509_verify_cert(0x63df442adb60, 1, 1, 0) = 1 <0.000309>
[pid 397] 14:59:52.523521 libssl.so.3->EVP_DigestSignInit_ex(0x63df441d9810, 0x7fff74151df0, 0, 0) = 1 <0.000241>
[pid 397] 14:59:52.523818 libssl.so.3->EVP_DigestSign(0x63df441d9810, 0, 0x7fff74151e00, 0x7fff74151e10) = 1 <0.000151>
[pid 397] 14:59:52.524030 libssl.so.3->EVP_DigestSign(0x63df441d9810, 0x63df442c6270, 0x7fff74151e00, 0x7fff74151e10) = 1 <0.000526>
[pid 397] 14:59:52.525006 <... SSL_connect resumed> ) = 1 <0.102649>
[pid 397] 14:59:52.526478 oqsprovider.so->OQS_KEM_free(0x63df442ba270, 0x63df442ba220, 2, 0x63df442ba240) = 4 <0.000209>
Handshake duration: 103.97 ms
[pid 397] 14:59:52.529715 +++ exited (status 0) +++
Execution 100 - TLS Mutual
s_connection: verify depth is 1
[pid 399] 14:59:52.588274 openssl->SSL_connect(0x62286c17a890, 0x62286c14ce50, 0x62286c14ce50, 0x7cad47542360 <unfinished ...>
[pid 399] 14:59:52.588853 libssl.so.3->EVP_PKEY_keygen_init(0x62286c14e580, 0, 176, 0x62286c14e580) = 1 <0.000239>
[pid 399] 14:59:52.589223 libssl.so.3->EVP_PKEY_keygen(0x62286c14e580, 0x7ffdcf452d80, 0, 103 <unfinished ...>
[pid 399] 14:59:52.589430 oqsprovider.so->OQS_KEM_new(0x62286c1729a0, 8, 0, 0x62286c17f250) = 0x62286c17f270 <0.000159>
[pid 399] 14:59:52.589714 oqsprovider.so->OQS_KEM_keypair(0x62286c17f270, 0x62286c187960, 0x62286c1895c0, 0x62286c17f250) = 0 <0.013030>
[pid 399] 14:59:52.602850 <... EVP_PKEY_keygen resumed> ) = 1 <0.013626>
[pid 399] 14:59:52.642202 libssl.so.3->EVP_PKEY_decapsulate_init(0x62286c14e580, 0, 176, 0x62286c14e580) = 1 <0.000417>
[pid 399] 14:59:52.642669 libssl.so.3->EVP_PKEY_decapsulate(0x62286c14e580, 0, 0x7ffdcf452d40, 0x62286c18144a) = 1 <0.000140>
[pid 399] 14:59:52.642868 libssl.so.3->EVP_PKEY_decapsulate(0x62286c14e580, 0x62286c16d8b0, 0x7ffdcf452d40, 0x62286c18144a <unfinished ...>
[pid 399] 14:59:52.643003 oqsprovider.so->OQS_KEM_decaps(0x62286c17f270, 0x62286c16d8b0, 0x62286c18144a, 0x62286c1895c0) = 0 <0.061905>
[pid 399] 14:59:52.705106 <... EVP_PKEY_decapsulate resumed> ) = 1 <0.062226>
[pid 399] 14:59:52.706267 libssl.so.3->X509_verify_cert(0x62286c172b60, 0, 0x8000, 0xffffffff) = 1 <0.000614>
[pid 399] 14:59:52.707163 libssl.so.3->EVP_DigestVerifyInit_ex(0x62286c1a7790, 0x7ffdcf452de8, 0, 0) = 1 <0.000181>
[pid 399] 14:59:52.707406 libssl.so.3->EVP_DigestVerify(0x62286c1a7790, 0x62286c1813f8, 4627, 0x7ffdcf452df0) = 1 <0.000264>
[pid 399] 14:59:52.707896 libssl.so.3->X509_verify_cert(0x62286c172b60, 1, 1, 0) = 1 <0.000309>
[pid 399] 14:59:52.708591 libssl.so.3->EVP_DigestSignInit_ex(0x62286c09e810, 0x7ffdcf452dd0, 0, 0) = 1 <0.000154>
[pid 399] 14:59:52.708802 libssl.so.3->EVP_DigestSign(0x62286c09e810, 0, 0x7ffdcf452de0, 0x7ffdcf452df0) = 1 <0.000129>
[pid 399] 14:59:52.709001 libssl.so.3->EVP_DigestSign(0x62286c09e810, 0x62286c18b270, 0x7ffdcf452de0, 0x7ffdcf452df0) = 1 <0.000369>
[pid 399] 14:59:52.709659 <... SSL_connect resumed> ) = 1 <0.121392>
[pid 399] 14:59:52.709919 oqsprovider.so->OQS_KEM_free(0x62286c17f270, 0x62286c17f220, 2, 0x62286c17f240) = 4 <0.000169>
Handshake duration: 121.58 ms
[pid 399] 14:59:52.712155 +++ exited (status 0) +++
