Applying netem rules to lo...
Showing qdisc status for the interface: lo
qdisc netem 8092: root refcnt 2 limit 1000 seed 1731578612617078457
 Sent 0 bytes 0 pkt (dropped 0, overlimits 0 requeues 0) 
 backlog 0b 0p requeues 0
Running ./perftestClientTlsQuic.sh with SIG_ALG=mldsa87 and KEM_ALG=P-521
Execution 1 - TLS Mutual
s_connection: verify depth is 1
Handshake duration: 6.98 ms
Execution 2 - TLS Mutual
s_connection: verify depth is 1
Handshake duration: 8.03 ms
Execution 3 - TLS Mutual
s_connection: verify depth is 1
Handshake duration: 7.20 ms
Execution 4 - TLS Mutual
s_connection: verify depth is 1
Handshake duration: 7.00 ms
Execution 5 - TLS Mutual
s_connection: verify depth is 1
Handshake duration: 6.96 ms
Execution 6 - TLS Mutual
s_connection: verify depth is 1
Handshake duration: 7.07 ms
Execution 7 - TLS Mutual
s_connection: verify depth is 1
Handshake duration: 6.70 ms
Execution 8 - TLS Mutual
s_connection: verify depth is 1
Handshake duration: 6.83 ms
Execution 9 - TLS Mutual
s_connection: verify depth is 1
Handshake duration: 6.67 ms
Execution 10 - TLS Mutual
s_connection: verify depth is 1
Handshake duration: 6.61 ms
Execution 11 - TLS Mutual
s_connection: verify depth is 1
Handshake duration: 6.86 ms
Execution 12 - TLS Mutual
s_connection: verify depth is 1
Handshake duration: 6.61 ms
Execution 13 - TLS Mutual
s_connection: verify depth is 1
Handshake duration: 6.81 ms
Execution 14 - TLS Mutual
s_connection: verify depth is 1
Handshake duration: 6.88 ms
Execution 15 - TLS Mutual
s_connection: verify depth is 1
Handshake duration: 6.71 ms
Execution 16 - TLS Mutual
s_connection: verify depth is 1
Handshake duration: 7.08 ms
Execution 17 - TLS Mutual
s_connection: verify depth is 1
Handshake duration: 6.88 ms
Execution 18 - TLS Mutual
s_connection: verify depth is 1
Handshake duration: 6.92 ms
Execution 19 - TLS Mutual
s_connection: verify depth is 1
Handshake duration: 6.66 ms
Execution 20 - TLS Mutual
s_connection: verify depth is 1
Handshake duration: 6.84 ms
Execution 21 - TLS Mutual
s_connection: verify depth is 1
Handshake duration: 6.80 ms
Execution 22 - TLS Mutual
s_connection: verify depth is 1
Handshake duration: 6.57 ms
Execution 23 - TLS Mutual
s_connection: verify depth is 1
Handshake duration: 7.16 ms
Execution 24 - TLS Mutual
s_connection: verify depth is 1
Handshake duration: 7.03 ms
Execution 25 - TLS Mutual
s_connection: verify depth is 1
Handshake duration: 7.03 ms
Execution 26 - TLS Mutual
s_connection: verify depth is 1
Handshake duration: 7.08 ms
Execution 27 - TLS Mutual
s_connection: verify depth is 1
Handshake duration: 6.87 ms
Execution 28 - TLS Mutual
s_connection: verify depth is 1
Handshake duration: 7.02 ms
Execution 29 - TLS Mutual
s_connection: verify depth is 1
Handshake duration: 7.26 ms
Execution 30 - TLS Mutual
s_connection: verify depth is 1
Handshake duration: 7.17 ms
Execution 31 - TLS Mutual
s_connection: verify depth is 1
Handshake duration: 6.84 ms
Execution 32 - TLS Mutual
s_connection: verify depth is 1
Handshake duration: 7.07 ms
Execution 33 - TLS Mutual
s_connection: verify depth is 1
Handshake duration: 7.12 ms
Execution 34 - TLS Mutual
s_connection: verify depth is 1
Handshake duration: 6.86 ms
Execution 35 - TLS Mutual
s_connection: verify depth is 1
Handshake duration: 7.19 ms
Execution 36 - TLS Mutual
s_connection: verify depth is 1
Handshake duration: 6.85 ms
Execution 37 - TLS Mutual
s_connection: verify depth is 1
Handshake duration: 7.27 ms
Execution 38 - TLS Mutual
s_connection: verify depth is 1
Handshake duration: 7.15 ms
Execution 39 - TLS Mutual
s_connection: verify depth is 1
Handshake duration: 7.23 ms
Execution 40 - TLS Mutual
s_connection: verify depth is 1
Handshake duration: 6.99 ms
Execution 41 - TLS Mutual
s_connection: verify depth is 1
Handshake duration: 7.06 ms
Execution 42 - TLS Mutual
s_connection: verify depth is 1
Handshake duration: 6.82 ms
Execution 43 - TLS Mutual
s_connection: verify depth is 1
Handshake duration: 7.02 ms
Execution 44 - TLS Mutual
s_connection: verify depth is 1
Handshake duration: 6.99 ms
Execution 45 - TLS Mutual
s_connection: verify depth is 1
Handshake duration: 6.91 ms
Execution 46 - TLS Mutual
s_connection: verify depth is 1
Handshake duration: 6.96 ms
Execution 47 - TLS Mutual
s_connection: verify depth is 1
Handshake duration: 7.08 ms
Execution 48 - TLS Mutual
s_connection: verify depth is 1
Handshake duration: 7.00 ms
Execution 49 - TLS Mutual
s_connection: verify depth is 1
Handshake duration: 7.27 ms
Execution 50 - TLS Mutual
s_connection: verify depth is 1
Handshake duration: 7.00 ms
Execution 51 - TLS Mutual
s_connection: verify depth is 1
Handshake duration: 7.72 ms
Execution 52 - TLS Mutual
s_connection: verify depth is 1
Handshake duration: 7.02 ms
Execution 53 - TLS Mutual
s_connection: verify depth is 1
Handshake duration: 7.22 ms
Execution 54 - TLS Mutual
s_connection: verify depth is 1
Handshake duration: 7.33 ms
Execution 55 - TLS Mutual
s_connection: verify depth is 1
Handshake duration: 7.80 ms
Execution 56 - TLS Mutual
s_connection: verify depth is 1
Handshake duration: 7.03 ms
Execution 57 - TLS Mutual
s_connection: verify depth is 1
Handshake duration: 6.99 ms
Execution 58 - TLS Mutual
s_connection: verify depth is 1
Handshake duration: 7.06 ms
Execution 59 - TLS Mutual
s_connection: verify depth is 1
Handshake duration: 7.16 ms
Execution 60 - TLS Mutual
s_connection: verify depth is 1
Handshake duration: 6.99 ms
Execution 61 - TLS Mutual
s_connection: verify depth is 1
Handshake duration: 7.56 ms
Execution 62 - TLS Mutual
s_connection: verify depth is 1
Handshake duration: 6.87 ms
Execution 63 - TLS Mutual
s_connection: verify depth is 1
Handshake duration: 6.84 ms
Execution 64 - TLS Mutual
s_connection: verify depth is 1
Handshake duration: 6.68 ms
Execution 65 - TLS Mutual
s_connection: verify depth is 1
Handshake duration: 6.60 ms
Execution 66 - TLS Mutual
s_connection: verify depth is 1
Handshake duration: 7.29 ms
Execution 67 - TLS Mutual
s_connection: verify depth is 1
Handshake duration: 6.96 ms
Execution 68 - TLS Mutual
s_connection: verify depth is 1
Handshake duration: 7.01 ms
Execution 69 - TLS Mutual
s_connection: verify depth is 1
Handshake duration: 6.92 ms
Execution 70 - TLS Mutual
s_connection: verify depth is 1
Handshake duration: 6.85 ms
Execution 71 - TLS Mutual
s_connection: verify depth is 1
Handshake duration: 7.00 ms
Execution 72 - TLS Mutual
s_connection: verify depth is 1
Handshake duration: 7.16 ms
Execution 73 - TLS Mutual
s_connection: verify depth is 1
Handshake duration: 6.83 ms
Execution 74 - TLS Mutual
s_connection: verify depth is 1
Handshake duration: 6.81 ms
Execution 75 - TLS Mutual
s_connection: verify depth is 1
Handshake duration: 6.85 ms
Execution 76 - TLS Mutual
s_connection: verify depth is 1
Handshake duration: 7.50 ms
Execution 77 - TLS Mutual
s_connection: verify depth is 1
Handshake duration: 6.72 ms
Execution 78 - TLS Mutual
s_connection: verify depth is 1
Handshake duration: 6.91 ms
Execution 79 - TLS Mutual
s_connection: verify depth is 1
Handshake duration: 6.69 ms
Execution 80 - TLS Mutual
s_connection: verify depth is 1
Handshake duration: 7.97 ms
Execution 81 - TLS Mutual
s_connection: verify depth is 1
Handshake duration: 6.75 ms
Execution 82 - TLS Mutual
s_connection: verify depth is 1
Handshake duration: 7.02 ms
Execution 83 - TLS Mutual
s_connection: verify depth is 1
Handshake duration: 6.87 ms
Execution 84 - TLS Mutual
s_connection: verify depth is 1
Handshake duration: 6.69 ms
Execution 85 - TLS Mutual
s_connection: verify depth is 1
Handshake duration: 6.70 ms
Execution 86 - TLS Mutual
s_connection: verify depth is 1
Handshake duration: 6.57 ms
Execution 87 - TLS Mutual
s_connection: verify depth is 1
Handshake duration: 7.11 ms
Execution 88 - TLS Mutual
s_connection: verify depth is 1
Handshake duration: 6.74 ms
Execution 89 - TLS Mutual
s_connection: verify depth is 1
Handshake duration: 6.71 ms
Execution 90 - TLS Mutual
s_connection: verify depth is 1
Handshake duration: 7.08 ms
Execution 91 - TLS Mutual
s_connection: verify depth is 1
Handshake duration: 6.93 ms
Execution 92 - TLS Mutual
s_connection: verify depth is 1
Handshake duration: 6.89 ms
Execution 93 - TLS Mutual
s_connection: verify depth is 1
Handshake duration: 6.94 ms
Execution 94 - TLS Mutual
s_connection: verify depth is 1
Handshake duration: 6.58 ms
Execution 95 - TLS Mutual
s_connection: verify depth is 1
Handshake duration: 6.91 ms
Execution 96 - TLS Mutual
s_connection: verify depth is 1
Handshake duration: 7.19 ms
Execution 97 - TLS Mutual
s_connection: verify depth is 1
Handshake duration: 6.66 ms
Execution 98 - TLS Mutual
s_connection: verify depth is 1
Handshake duration: 6.90 ms
Execution 99 - TLS Mutual
s_connection: verify depth is 1
Handshake duration: 7.05 ms
Execution 100 - TLS Mutual
s_connection: verify depth is 1
Handshake duration: 6.68 ms
Execution 101 - TLS Mutual
s_connection: verify depth is 1
Handshake duration: 6.76 ms
Execution 102 - TLS Mutual
s_connection: verify depth is 1
Handshake duration: 6.77 ms
Execution 103 - TLS Mutual
s_connection: verify depth is 1
Handshake duration: 7.22 ms
Execution 104 - TLS Mutual
s_connection: verify depth is 1
Handshake duration: 6.93 ms
Execution 105 - TLS Mutual
s_connection: verify depth is 1
Handshake duration: 6.57 ms
Execution 106 - TLS Mutual
s_connection: verify depth is 1
Handshake duration: 7.36 ms
Execution 107 - TLS Mutual
s_connection: verify depth is 1
Handshake duration: 6.69 ms
Execution 108 - TLS Mutual
s_connection: verify depth is 1
Handshake duration: 6.70 ms
Execution 109 - TLS Mutual
s_connection: verify depth is 1
Handshake duration: 6.88 ms
Execution 110 - TLS Mutual
s_connection: verify depth is 1
Handshake duration: 6.65 ms
Execution 111 - TLS Mutual
s_connection: verify depth is 1
Handshake duration: 7.11 ms
Execution 112 - TLS Mutual
s_connection: verify depth is 1
Handshake duration: 6.63 ms
Execution 113 - TLS Mutual
s_connection: verify depth is 1
Handshake duration: 6.76 ms
Execution 114 - TLS Mutual
s_connection: verify depth is 1
Handshake duration: 7.18 ms
Execution 115 - TLS Mutual
s_connection: verify depth is 1
Handshake duration: 7.67 ms
Execution 116 - TLS Mutual
s_connection: verify depth is 1
Handshake duration: 7.07 ms
Execution 117 - TLS Mutual
s_connection: verify depth is 1
Handshake duration: 6.73 ms
Execution 118 - TLS Mutual
s_connection: verify depth is 1
Handshake duration: 6.70 ms
Execution 119 - TLS Mutual
s_connection: verify depth is 1
Handshake duration: 6.57 ms
Execution 120 - TLS Mutual
s_connection: verify depth is 1
Handshake duration: 6.89 ms
Execution 121 - TLS Mutual
s_connection: verify depth is 1
Handshake duration: 6.83 ms
Execution 122 - TLS Mutual
s_connection: verify depth is 1
Handshake duration: 6.66 ms
Execution 123 - TLS Mutual
s_connection: verify depth is 1
Handshake duration: 6.54 ms
Execution 124 - TLS Mutual
s_connection: verify depth is 1
Handshake duration: 6.62 ms
Execution 125 - TLS Mutual
s_connection: verify depth is 1
Handshake duration: 6.80 ms
Execution 126 - TLS Mutual
s_connection: verify depth is 1
Handshake duration: 7.20 ms
Execution 127 - TLS Mutual
s_connection: verify depth is 1
Handshake duration: 6.97 ms
Execution 128 - TLS Mutual
s_connection: verify depth is 1
Handshake duration: 6.90 ms
Execution 129 - TLS Mutual
s_connection: verify depth is 1
Handshake duration: 6.69 ms
Execution 130 - TLS Mutual
s_connection: verify depth is 1
Handshake duration: 6.54 ms
Execution 131 - TLS Mutual
s_connection: verify depth is 1
Handshake duration: 7.88 ms
Execution 132 - TLS Mutual
s_connection: verify depth is 1
Handshake duration: 6.54 ms
Execution 133 - TLS Mutual
s_connection: verify depth is 1
Handshake duration: 6.53 ms
Execution 134 - TLS Mutual
s_connection: verify depth is 1
Handshake duration: 7.23 ms
Execution 135 - TLS Mutual
s_connection: verify depth is 1
Handshake duration: 6.56 ms
Execution 136 - TLS Mutual
s_connection: verify depth is 1
Handshake duration: 6.53 ms
Execution 137 - TLS Mutual
s_connection: verify depth is 1
Handshake duration: 6.82 ms
Execution 138 - TLS Mutual
s_connection: verify depth is 1
Handshake duration: 6.58 ms
Execution 139 - TLS Mutual
s_connection: verify depth is 1
Handshake duration: 6.69 ms
Execution 140 - TLS Mutual
s_connection: verify depth is 1
Handshake duration: 6.60 ms
Execution 141 - TLS Mutual
s_connection: verify depth is 1
Handshake duration: 6.88 ms
Execution 142 - TLS Mutual
s_connection: verify depth is 1
Handshake duration: 6.54 ms
Execution 143 - TLS Mutual
s_connection: verify depth is 1
Handshake duration: 6.57 ms
Execution 144 - TLS Mutual
s_connection: verify depth is 1
Handshake duration: 6.54 ms
Execution 145 - TLS Mutual
s_connection: verify depth is 1
Handshake duration: 6.90 ms
Execution 146 - TLS Mutual
s_connection: verify depth is 1
Handshake duration: 7.43 ms
Execution 147 - TLS Mutual
s_connection: verify depth is 1
Handshake duration: 7.37 ms
Execution 148 - TLS Mutual
s_connection: verify depth is 1
Handshake duration: 7.87 ms
Execution 149 - TLS Mutual
s_connection: verify depth is 1
Handshake duration: 7.05 ms
Execution 150 - TLS Mutual
s_connection: verify depth is 1
Handshake duration: 7.51 ms
Execution 151 - TLS Mutual
s_connection: verify depth is 1
Handshake duration: 7.26 ms
Execution 152 - TLS Mutual
s_connection: verify depth is 1
Handshake duration: 7.39 ms
Execution 153 - TLS Mutual
s_connection: verify depth is 1
Handshake duration: 7.09 ms
Execution 154 - TLS Mutual
s_connection: verify depth is 1
Handshake duration: 7.04 ms
Execution 155 - TLS Mutual
s_connection: verify depth is 1
Handshake duration: 7.15 ms
Execution 156 - TLS Mutual
s_connection: verify depth is 1
Handshake duration: 7.47 ms
Execution 157 - TLS Mutual
s_connection: verify depth is 1
Handshake duration: 7.18 ms
Execution 158 - TLS Mutual
s_connection: verify depth is 1
Handshake duration: 7.41 ms
Execution 159 - TLS Mutual
s_connection: verify depth is 1
Handshake duration: 7.22 ms
Execution 160 - TLS Mutual
s_connection: verify depth is 1
Handshake duration: 7.55 ms
Execution 161 - TLS Mutual
s_connection: verify depth is 1
Handshake duration: 7.04 ms
Execution 162 - TLS Mutual
s_connection: verify depth is 1
Handshake duration: 7.08 ms
Execution 163 - TLS Mutual
s_connection: verify depth is 1
Handshake duration: 8.37 ms
Execution 164 - TLS Mutual
s_connection: verify depth is 1
Handshake duration: 7.26 ms
Execution 165 - TLS Mutual
s_connection: verify depth is 1
Handshake duration: 7.48 ms
Execution 166 - TLS Mutual
s_connection: verify depth is 1
Handshake duration: 7.10 ms
Execution 167 - TLS Mutual
s_connection: verify depth is 1
Handshake duration: 7.37 ms
Execution 168 - TLS Mutual
s_connection: verify depth is 1
Handshake duration: 8.04 ms
Execution 169 - TLS Mutual
s_connection: verify depth is 1
Handshake duration: 7.38 ms
Execution 170 - TLS Mutual
s_connection: verify depth is 1
Handshake duration: 7.67 ms
Execution 171 - TLS Mutual
s_connection: verify depth is 1
Handshake duration: 7.11 ms
Execution 172 - TLS Mutual
s_connection: verify depth is 1
Handshake duration: 7.33 ms
Execution 173 - TLS Mutual
s_connection: verify depth is 1
Handshake duration: 7.68 ms
Execution 174 - TLS Mutual
s_connection: verify depth is 1
Handshake duration: 7.19 ms
Execution 175 - TLS Mutual
s_connection: verify depth is 1
Handshake duration: 6.97 ms
Execution 176 - TLS Mutual
s_connection: verify depth is 1
Handshake duration: 6.99 ms
Execution 177 - TLS Mutual
s_connection: verify depth is 1
Handshake duration: 7.29 ms
Execution 178 - TLS Mutual
s_connection: verify depth is 1
Handshake duration: 7.30 ms
Execution 179 - TLS Mutual
s_connection: verify depth is 1
Handshake duration: 7.22 ms
Execution 180 - TLS Mutual
s_connection: verify depth is 1
Handshake duration: 7.30 ms
Execution 181 - TLS Mutual
s_connection: verify depth is 1
Handshake duration: 7.44 ms
Execution 182 - TLS Mutual
s_connection: verify depth is 1
Handshake duration: 6.95 ms
Execution 183 - TLS Mutual
s_connection: verify depth is 1
Handshake duration: 7.05 ms
Execution 184 - TLS Mutual
s_connection: verify depth is 1
Handshake duration: 7.23 ms
Execution 185 - TLS Mutual
s_connection: verify depth is 1
Handshake duration: 7.17 ms
Execution 186 - TLS Mutual
s_connection: verify depth is 1
Handshake duration: 7.22 ms
Execution 187 - TLS Mutual
s_connection: verify depth is 1
Handshake duration: 8.05 ms
Execution 188 - TLS Mutual
s_connection: verify depth is 1
Handshake duration: 7.36 ms
Execution 189 - TLS Mutual
s_connection: verify depth is 1
Handshake duration: 7.29 ms
Execution 190 - TLS Mutual
s_connection: verify depth is 1
Handshake duration: 7.50 ms
Execution 191 - TLS Mutual
s_connection: verify depth is 1
Handshake duration: 7.38 ms
Execution 192 - TLS Mutual
s_connection: verify depth is 1
Handshake duration: 7.15 ms
Execution 193 - TLS Mutual
s_connection: verify depth is 1
Handshake duration: 6.59 ms
Execution 194 - TLS Mutual
s_connection: verify depth is 1
Handshake duration: 6.59 ms
Execution 195 - TLS Mutual
s_connection: verify depth is 1
Handshake duration: 6.62 ms
Execution 196 - TLS Mutual
s_connection: verify depth is 1
Handshake duration: 6.54 ms
Execution 197 - TLS Mutual
s_connection: verify depth is 1
Handshake duration: 6.85 ms
Execution 198 - TLS Mutual
s_connection: verify depth is 1
Handshake duration: 6.56 ms
Execution 199 - TLS Mutual
s_connection: verify depth is 1
Handshake duration: 6.92 ms
Execution 200 - TLS Mutual
s_connection: verify depth is 1
Handshake duration: 6.99 ms
Execution 201 - TLS Mutual
s_connection: verify depth is 1
Handshake duration: 6.82 ms
Execution 202 - TLS Mutual
s_connection: verify depth is 1
Handshake duration: 6.71 ms
Execution 203 - TLS Mutual
s_connection: verify depth is 1
Handshake duration: 6.86 ms
Execution 204 - TLS Mutual
s_connection: verify depth is 1
Handshake duration: 6.55 ms
Execution 205 - TLS Mutual
s_connection: verify depth is 1
Handshake duration: 6.89 ms
Execution 206 - TLS Mutual
s_connection: verify depth is 1
Handshake duration: 6.93 ms
Execution 207 - TLS Mutual
s_connection: verify depth is 1
Handshake duration: 6.59 ms
Execution 208 - TLS Mutual
s_connection: verify depth is 1
Handshake duration: 6.64 ms
Execution 209 - TLS Mutual
s_connection: verify depth is 1
Handshake duration: 6.71 ms
Execution 210 - TLS Mutual
s_connection: verify depth is 1
Handshake duration: 6.59 ms
Execution 211 - TLS Mutual
s_connection: verify depth is 1
Handshake duration: 6.69 ms
Execution 212 - TLS Mutual
s_connection: verify depth is 1
Handshake duration: 6.88 ms
Execution 213 - TLS Mutual
s_connection: verify depth is 1
Handshake duration: 7.03 ms
Execution 214 - TLS Mutual
s_connection: verify depth is 1
Handshake duration: 7.33 ms
Execution 215 - TLS Mutual
s_connection: verify depth is 1
Handshake duration: 6.88 ms
Execution 216 - TLS Mutual
s_connection: verify depth is 1
Handshake duration: 6.56 ms
Execution 217 - TLS Mutual
s_connection: verify depth is 1
Handshake duration: 7.74 ms
Execution 218 - TLS Mutual
s_connection: verify depth is 1
Handshake duration: 6.95 ms
Execution 219 - TLS Mutual
s_connection: verify depth is 1
Handshake duration: 7.44 ms
Execution 220 - TLS Mutual
s_connection: verify depth is 1
Handshake duration: 6.72 ms
Execution 221 - TLS Mutual
s_connection: verify depth is 1
Handshake duration: 6.85 ms
Execution 222 - TLS Mutual
s_connection: verify depth is 1
Handshake duration: 6.53 ms
Execution 223 - TLS Mutual
s_connection: verify depth is 1
Handshake duration: 6.90 ms
Execution 224 - TLS Mutual
s_connection: verify depth is 1
Handshake duration: 6.87 ms
Execution 225 - TLS Mutual
s_connection: verify depth is 1
Handshake duration: 6.86 ms
Execution 226 - TLS Mutual
s_connection: verify depth is 1
Handshake duration: 6.54 ms
Execution 227 - TLS Mutual
s_connection: verify depth is 1
Handshake duration: 7.13 ms
Execution 228 - TLS Mutual
s_connection: verify depth is 1
Handshake duration: 7.14 ms
Execution 229 - TLS Mutual
s_connection: verify depth is 1
Handshake duration: 7.02 ms
Execution 230 - TLS Mutual
s_connection: verify depth is 1
Handshake duration: 7.34 ms
Execution 231 - TLS Mutual
s_connection: verify depth is 1
Handshake duration: 7.14 ms
Execution 232 - TLS Mutual
s_connection: verify depth is 1
Handshake duration: 6.91 ms
Execution 233 - TLS Mutual
s_connection: verify depth is 1
Handshake duration: 6.57 ms
Execution 234 - TLS Mutual
s_connection: verify depth is 1
Handshake duration: 6.61 ms
Execution 235 - TLS Mutual
s_connection: verify depth is 1
Handshake duration: 6.86 ms
Execution 236 - TLS Mutual
s_connection: verify depth is 1
Handshake duration: 7.20 ms
Execution 237 - TLS Mutual
s_connection: verify depth is 1
Handshake duration: 7.04 ms
Execution 238 - TLS Mutual
s_connection: verify depth is 1
Handshake duration: 6.69 ms
Execution 239 - TLS Mutual
s_connection: verify depth is 1
Handshake duration: 6.72 ms
Execution 240 - TLS Mutual
s_connection: verify depth is 1
Handshake duration: 6.83 ms
Execution 241 - TLS Mutual
s_connection: verify depth is 1
Handshake duration: 7.18 ms
Execution 242 - TLS Mutual
s_connection: verify depth is 1
Handshake duration: 6.61 ms
Execution 243 - TLS Mutual
s_connection: verify depth is 1
Handshake duration: 6.73 ms
Execution 244 - TLS Mutual
s_connection: verify depth is 1
Handshake duration: 6.97 ms
Execution 245 - TLS Mutual
s_connection: verify depth is 1
Handshake duration: 6.82 ms
Execution 246 - TLS Mutual
s_connection: verify depth is 1
Handshake duration: 6.53 ms
Execution 247 - TLS Mutual
s_connection: verify depth is 1
Handshake duration: 6.60 ms
Execution 248 - TLS Mutual
s_connection: verify depth is 1
Handshake duration: 6.72 ms
Execution 249 - TLS Mutual
s_connection: verify depth is 1
Handshake duration: 6.52 ms
Execution 250 - TLS Mutual
s_connection: verify depth is 1
Handshake duration: 7.00 ms
Execution 251 - TLS Mutual
s_connection: verify depth is 1
Handshake duration: 6.55 ms
Execution 252 - TLS Mutual
s_connection: verify depth is 1
Handshake duration: 6.76 ms
Execution 253 - TLS Mutual
s_connection: verify depth is 1
Handshake duration: 7.03 ms
Execution 254 - TLS Mutual
s_connection: verify depth is 1
Handshake duration: 6.85 ms
Execution 255 - TLS Mutual
s_connection: verify depth is 1
Handshake duration: 6.64 ms
Execution 256 - TLS Mutual
s_connection: verify depth is 1
Handshake duration: 6.70 ms
Execution 257 - TLS Mutual
s_connection: verify depth is 1
Handshake duration: 6.77 ms
Execution 258 - TLS Mutual
s_connection: verify depth is 1
Handshake duration: 6.63 ms
Execution 259 - TLS Mutual
s_connection: verify depth is 1
Handshake duration: 7.19 ms
Execution 260 - TLS Mutual
s_connection: verify depth is 1
Handshake duration: 6.63 ms
Execution 261 - TLS Mutual
s_connection: verify depth is 1
Handshake duration: 6.74 ms
Execution 262 - TLS Mutual
s_connection: verify depth is 1
Handshake duration: 6.66 ms
Execution 263 - TLS Mutual
s_connection: verify depth is 1
Handshake duration: 7.36 ms
Execution 264 - TLS Mutual
s_connection: verify depth is 1
Handshake duration: 7.01 ms
Execution 265 - TLS Mutual
s_connection: verify depth is 1
Handshake duration: 7.14 ms
Execution 266 - TLS Mutual
s_connection: verify depth is 1
Handshake duration: 7.14 ms
Execution 267 - TLS Mutual
s_connection: verify depth is 1
Handshake duration: 7.11 ms
Execution 268 - TLS Mutual
s_connection: verify depth is 1
Handshake duration: 7.56 ms
Execution 269 - TLS Mutual
s_connection: verify depth is 1
Handshake duration: 7.14 ms
Execution 270 - TLS Mutual
s_connection: verify depth is 1
Handshake duration: 7.06 ms
Execution 271 - TLS Mutual
s_connection: verify depth is 1
Handshake duration: 7.56 ms
Execution 272 - TLS Mutual
s_connection: verify depth is 1
Handshake duration: 7.33 ms
Execution 273 - TLS Mutual
s_connection: verify depth is 1
Handshake duration: 7.14 ms
Execution 274 - TLS Mutual
s_connection: verify depth is 1
Handshake duration: 7.40 ms
Execution 275 - TLS Mutual
s_connection: verify depth is 1
Handshake duration: 7.01 ms
Execution 276 - TLS Mutual
s_connection: verify depth is 1
Handshake duration: 7.20 ms
Execution 277 - TLS Mutual
s_connection: verify depth is 1
Handshake duration: 7.71 ms
Execution 278 - TLS Mutual
s_connection: verify depth is 1
Handshake duration: 7.72 ms
Execution 279 - TLS Mutual
s_connection: verify depth is 1
Handshake duration: 7.11 ms
Execution 280 - TLS Mutual
s_connection: verify depth is 1
Handshake duration: 7.64 ms
Execution 281 - TLS Mutual
s_connection: verify depth is 1
Handshake duration: 7.51 ms
Execution 282 - TLS Mutual
s_connection: verify depth is 1
Handshake duration: 7.00 ms
Execution 283 - TLS Mutual
s_connection: verify depth is 1
Handshake duration: 7.15 ms
Execution 284 - TLS Mutual
s_connection: verify depth is 1
Handshake duration: 7.51 ms
Execution 285 - TLS Mutual
s_connection: verify depth is 1
Handshake duration: 6.98 ms
Execution 286 - TLS Mutual
s_connection: verify depth is 1
Handshake duration: 8.39 ms
Execution 287 - TLS Mutual
s_connection: verify depth is 1
Handshake duration: 7.24 ms
Execution 288 - TLS Mutual
s_connection: verify depth is 1
Handshake duration: 7.77 ms
Execution 289 - TLS Mutual
s_connection: verify depth is 1
Handshake duration: 7.53 ms
Execution 290 - TLS Mutual
s_connection: verify depth is 1
Handshake duration: 7.07 ms
Execution 291 - TLS Mutual
s_connection: verify depth is 1
Handshake duration: 7.22 ms
Execution 292 - TLS Mutual
s_connection: verify depth is 1
Handshake duration: 7.56 ms
Execution 293 - TLS Mutual
s_connection: verify depth is 1
Handshake duration: 7.65 ms
Execution 294 - TLS Mutual
s_connection: verify depth is 1
Handshake duration: 7.21 ms
Execution 295 - TLS Mutual
s_connection: verify depth is 1
Handshake duration: 7.38 ms
Execution 296 - TLS Mutual
s_connection: verify depth is 1
Handshake duration: 7.58 ms
Execution 297 - TLS Mutual
s_connection: verify depth is 1
Handshake duration: 7.21 ms
Execution 298 - TLS Mutual
s_connection: verify depth is 1
Handshake duration: 7.60 ms
Execution 299 - TLS Mutual
s_connection: verify depth is 1
Handshake duration: 7.96 ms
Execution 300 - TLS Mutual
s_connection: verify depth is 1
Handshake duration: 7.20 ms
Execution 301 - TLS Mutual
s_connection: verify depth is 1
Handshake duration: 7.45 ms
Execution 302 - TLS Mutual
s_connection: verify depth is 1
Handshake duration: 7.04 ms
Execution 303 - TLS Mutual
s_connection: verify depth is 1
Handshake duration: 7.04 ms
Execution 304 - TLS Mutual
s_connection: verify depth is 1
Handshake duration: 6.80 ms
Execution 305 - TLS Mutual
s_connection: verify depth is 1
Handshake duration: 6.68 ms
Execution 306 - TLS Mutual
s_connection: verify depth is 1
Handshake duration: 7.20 ms
Execution 307 - TLS Mutual
s_connection: verify depth is 1
Handshake duration: 7.02 ms
Execution 308 - TLS Mutual
s_connection: verify depth is 1
Handshake duration: 6.83 ms
Execution 309 - TLS Mutual
s_connection: verify depth is 1
Handshake duration: 6.57 ms
Execution 310 - TLS Mutual
s_connection: verify depth is 1
Handshake duration: 6.75 ms
Execution 311 - TLS Mutual
s_connection: verify depth is 1
Handshake duration: 6.72 ms
Execution 312 - TLS Mutual
s_connection: verify depth is 1
Handshake duration: 6.78 ms
Execution 313 - TLS Mutual
s_connection: verify depth is 1
Handshake duration: 6.70 ms
Execution 314 - TLS Mutual
s_connection: verify depth is 1
Handshake duration: 6.87 ms
Execution 315 - TLS Mutual
s_connection: verify depth is 1
Handshake duration: 7.09 ms
Execution 316 - TLS Mutual
s_connection: verify depth is 1
Handshake duration: 6.83 ms
Execution 317 - TLS Mutual
s_connection: verify depth is 1
Handshake duration: 6.75 ms
Execution 318 - TLS Mutual
s_connection: verify depth is 1
Handshake duration: 6.69 ms
Execution 319 - TLS Mutual
s_connection: verify depth is 1
Handshake duration: 6.71 ms
Execution 320 - TLS Mutual
s_connection: verify depth is 1
Handshake duration: 6.53 ms
Execution 321 - TLS Mutual
s_connection: verify depth is 1
Handshake duration: 6.84 ms
Execution 322 - TLS Mutual
s_connection: verify depth is 1
Handshake duration: 6.86 ms
Execution 323 - TLS Mutual
s_connection: verify depth is 1
Handshake duration: 7.54 ms
Execution 324 - TLS Mutual
s_connection: verify depth is 1
Handshake duration: 6.74 ms
Execution 325 - TLS Mutual
s_connection: verify depth is 1
Handshake duration: 6.62 ms
Execution 326 - TLS Mutual
s_connection: verify depth is 1
Handshake duration: 6.63 ms
Execution 327 - TLS Mutual
s_connection: verify depth is 1
Handshake duration: 6.79 ms
Execution 328 - TLS Mutual
s_connection: verify depth is 1
Handshake duration: 6.58 ms
Execution 329 - TLS Mutual
s_connection: verify depth is 1
Handshake duration: 6.50 ms
Execution 330 - TLS Mutual
s_connection: verify depth is 1
Handshake duration: 6.92 ms
Execution 331 - TLS Mutual
s_connection: verify depth is 1
Handshake duration: 6.54 ms
Execution 332 - TLS Mutual
s_connection: verify depth is 1
Handshake duration: 7.32 ms
Execution 333 - TLS Mutual
s_connection: verify depth is 1
Handshake duration: 6.63 ms
Execution 334 - TLS Mutual
s_connection: verify depth is 1
Handshake duration: 7.27 ms
Execution 335 - TLS Mutual
s_connection: verify depth is 1
Handshake duration: 6.54 ms
Execution 336 - TLS Mutual
s_connection: verify depth is 1
Handshake duration: 6.57 ms
Execution 337 - TLS Mutual
s_connection: verify depth is 1
Handshake duration: 7.01 ms
Execution 338 - TLS Mutual
s_connection: verify depth is 1
Handshake duration: 6.91 ms
Execution 339 - TLS Mutual
s_connection: verify depth is 1
Handshake duration: 6.82 ms
Execution 340 - TLS Mutual
s_connection: verify depth is 1
Handshake duration: 6.81 ms
Execution 341 - TLS Mutual
s_connection: verify depth is 1
Handshake duration: 6.86 ms
Execution 342 - TLS Mutual
s_connection: verify depth is 1
Handshake duration: 6.53 ms
Execution 343 - TLS Mutual
s_connection: verify depth is 1
Handshake duration: 6.72 ms
Execution 344 - TLS Mutual
s_connection: verify depth is 1
Handshake duration: 7.14 ms
Execution 345 - TLS Mutual
s_connection: verify depth is 1
Handshake duration: 6.62 ms
Execution 346 - TLS Mutual
s_connection: verify depth is 1
Handshake duration: 6.91 ms
Execution 347 - TLS Mutual
s_connection: verify depth is 1
Handshake duration: 6.68 ms
Execution 348 - TLS Mutual
s_connection: verify depth is 1
Handshake duration: 6.51 ms
Execution 349 - TLS Mutual
s_connection: verify depth is 1
Handshake duration: 6.71 ms
Execution 350 - TLS Mutual
s_connection: verify depth is 1
Handshake duration: 6.54 ms
Execution 351 - TLS Mutual
s_connection: verify depth is 1
Handshake duration: 6.67 ms
Execution 352 - TLS Mutual
s_connection: verify depth is 1
Handshake duration: 7.27 ms
Execution 353 - TLS Mutual
s_connection: verify depth is 1
Handshake duration: 6.63 ms
Execution 354 - TLS Mutual
s_connection: verify depth is 1
Handshake duration: 6.57 ms
Execution 355 - TLS Mutual
s_connection: verify depth is 1
Handshake duration: 6.50 ms
Execution 356 - TLS Mutual
s_connection: verify depth is 1
Handshake duration: 6.57 ms
Execution 357 - TLS Mutual
s_connection: verify depth is 1
Handshake duration: 6.98 ms
Execution 358 - TLS Mutual
s_connection: verify depth is 1
Handshake duration: 6.88 ms
Execution 359 - TLS Mutual
s_connection: verify depth is 1
Handshake duration: 6.79 ms
Execution 360 - TLS Mutual
s_connection: verify depth is 1
Handshake duration: 6.61 ms
Execution 361 - TLS Mutual
s_connection: verify depth is 1
Handshake duration: 6.82 ms
Execution 362 - TLS Mutual
s_connection: verify depth is 1
Handshake duration: 6.85 ms
Execution 363 - TLS Mutual
s_connection: verify depth is 1
Handshake duration: 6.79 ms
Execution 364 - TLS Mutual
s_connection: verify depth is 1
Handshake duration: 6.62 ms
Execution 365 - TLS Mutual
s_connection: verify depth is 1
Handshake duration: 6.59 ms
Execution 366 - TLS Mutual
s_connection: verify depth is 1
Handshake duration: 6.72 ms
Execution 367 - TLS Mutual
s_connection: verify depth is 1
Handshake duration: 7.16 ms
Execution 368 - TLS Mutual
s_connection: verify depth is 1
Handshake duration: 6.85 ms
Execution 369 - TLS Mutual
s_connection: verify depth is 1
Handshake duration: 7.09 ms
Execution 370 - TLS Mutual
s_connection: verify depth is 1
Handshake duration: 6.55 ms
Execution 371 - TLS Mutual
s_connection: verify depth is 1
Handshake duration: 6.64 ms
Execution 372 - TLS Mutual
s_connection: verify depth is 1
Handshake duration: 7.28 ms
Execution 373 - TLS Mutual
s_connection: verify depth is 1
Handshake duration: 6.78 ms
Execution 374 - TLS Mutual
s_connection: verify depth is 1
Handshake duration: 6.51 ms
Execution 375 - TLS Mutual
s_connection: verify depth is 1
Handshake duration: 6.72 ms
Execution 376 - TLS Mutual
s_connection: verify depth is 1
Handshake duration: 6.86 ms
Execution 377 - TLS Mutual
s_connection: verify depth is 1
Handshake duration: 7.13 ms
Execution 378 - TLS Mutual
s_connection: verify depth is 1
Handshake duration: 6.78 ms
Execution 379 - TLS Mutual
s_connection: verify depth is 1
Handshake duration: 6.70 ms
Execution 380 - TLS Mutual
s_connection: verify depth is 1
Handshake duration: 6.72 ms
Execution 381 - TLS Mutual
s_connection: verify depth is 1
Handshake duration: 6.67 ms
Execution 382 - TLS Mutual
s_connection: verify depth is 1
Handshake duration: 6.76 ms
Execution 383 - TLS Mutual
s_connection: verify depth is 1
Handshake duration: 7.36 ms
Execution 384 - TLS Mutual
s_connection: verify depth is 1
Handshake duration: 6.83 ms
Execution 385 - TLS Mutual
s_connection: verify depth is 1
Handshake duration: 6.69 ms
Execution 386 - TLS Mutual
s_connection: verify depth is 1
Handshake duration: 6.78 ms
Execution 387 - TLS Mutual
s_connection: verify depth is 1
Handshake duration: 7.14 ms
Execution 388 - TLS Mutual
s_connection: verify depth is 1
Handshake duration: 6.81 ms
Execution 389 - TLS Mutual
s_connection: verify depth is 1
Handshake duration: 7.18 ms
Execution 390 - TLS Mutual
s_connection: verify depth is 1
Handshake duration: 8.19 ms
Execution 391 - TLS Mutual
s_connection: verify depth is 1
Handshake duration: 6.89 ms
Execution 392 - TLS Mutual
s_connection: verify depth is 1
Handshake duration: 6.54 ms
Execution 393 - TLS Mutual
s_connection: verify depth is 1
Handshake duration: 6.93 ms
Execution 394 - TLS Mutual
s_connection: verify depth is 1
Handshake duration: 6.82 ms
Execution 395 - TLS Mutual
s_connection: verify depth is 1
Handshake duration: 6.84 ms
Execution 396 - TLS Mutual
s_connection: verify depth is 1
Handshake duration: 7.15 ms
Execution 397 - TLS Mutual
s_connection: verify depth is 1
Handshake duration: 7.56 ms
Execution 398 - TLS Mutual
s_connection: verify depth is 1
Handshake duration: 6.79 ms
Execution 399 - TLS Mutual
s_connection: verify depth is 1
Handshake duration: 6.78 ms
Execution 400 - TLS Mutual
s_connection: verify depth is 1
Handshake duration: 6.62 ms
Execution 401 - TLS Mutual
s_connection: verify depth is 1
Handshake duration: 7.06 ms
Execution 402 - TLS Mutual
s_connection: verify depth is 1
Handshake duration: 6.72 ms
Execution 403 - TLS Mutual
s_connection: verify depth is 1
Handshake duration: 7.50 ms
Execution 404 - TLS Mutual
s_connection: verify depth is 1
Handshake duration: 8.55 ms
Execution 405 - TLS Mutual
s_connection: verify depth is 1
Handshake duration: 6.62 ms
Execution 406 - TLS Mutual
s_connection: verify depth is 1
Handshake duration: 7.04 ms
Execution 407 - TLS Mutual
s_connection: verify depth is 1
Handshake duration: 8.86 ms
Execution 408 - TLS Mutual
s_connection: verify depth is 1
Handshake duration: 8.17 ms
Execution 409 - TLS Mutual
s_connection: verify depth is 1
Handshake duration: 8.14 ms
Execution 410 - TLS Mutual
s_connection: verify depth is 1
Handshake duration: 6.74 ms
Execution 411 - TLS Mutual
s_connection: verify depth is 1
Handshake duration: 7.30 ms
Execution 412 - TLS Mutual
s_connection: verify depth is 1
Handshake duration: 6.76 ms
Execution 413 - TLS Mutual
s_connection: verify depth is 1
Handshake duration: 6.77 ms
Execution 414 - TLS Mutual
s_connection: verify depth is 1
Handshake duration: 6.93 ms
Execution 415 - TLS Mutual
s_connection: verify depth is 1
Handshake duration: 6.90 ms
Execution 416 - TLS Mutual
s_connection: verify depth is 1
Handshake duration: 6.53 ms
Execution 417 - TLS Mutual
s_connection: verify depth is 1
Handshake duration: 6.58 ms
Execution 418 - TLS Mutual
s_connection: verify depth is 1
Handshake duration: 6.79 ms
Execution 419 - TLS Mutual
s_connection: verify depth is 1
Handshake duration: 6.56 ms
Execution 420 - TLS Mutual
s_connection: verify depth is 1
Handshake duration: 7.04 ms
Execution 421 - TLS Mutual
s_connection: verify depth is 1
Handshake duration: 6.66 ms
Execution 422 - TLS Mutual
s_connection: verify depth is 1
Handshake duration: 6.58 ms
Execution 423 - TLS Mutual
s_connection: verify depth is 1
Handshake duration: 6.55 ms
Execution 424 - TLS Mutual
s_connection: verify depth is 1
Handshake duration: 6.56 ms
Execution 425 - TLS Mutual
s_connection: verify depth is 1
Handshake duration: 6.58 ms
Execution 426 - TLS Mutual
s_connection: verify depth is 1
Handshake duration: 6.58 ms
Execution 427 - TLS Mutual
s_connection: verify depth is 1
Handshake duration: 6.78 ms
Execution 428 - TLS Mutual
s_connection: verify depth is 1
Handshake duration: 8.22 ms
Execution 429 - TLS Mutual
s_connection: verify depth is 1
Handshake duration: 6.79 ms
Execution 430 - TLS Mutual
s_connection: verify depth is 1
Handshake duration: 6.86 ms
Execution 431 - TLS Mutual
s_connection: verify depth is 1
Handshake duration: 6.83 ms
Execution 432 - TLS Mutual
s_connection: verify depth is 1
Handshake duration: 6.94 ms
Execution 433 - TLS Mutual
s_connection: verify depth is 1
Handshake duration: 6.70 ms
Execution 434 - TLS Mutual
s_connection: verify depth is 1
Handshake duration: 6.63 ms
Execution 435 - TLS Mutual
s_connection: verify depth is 1
Handshake duration: 7.22 ms
Execution 436 - TLS Mutual
s_connection: verify depth is 1
Handshake duration: 6.77 ms
Execution 437 - TLS Mutual
s_connection: verify depth is 1
Handshake duration: 6.94 ms
Execution 438 - TLS Mutual
s_connection: verify depth is 1
Handshake duration: 7.26 ms
Execution 439 - TLS Mutual
s_connection: verify depth is 1
Handshake duration: 7.54 ms
Execution 440 - TLS Mutual
s_connection: verify depth is 1
Handshake duration: 6.59 ms
Execution 441 - TLS Mutual
s_connection: verify depth is 1
Handshake duration: 7.26 ms
Execution 442 - TLS Mutual
s_connection: verify depth is 1
Handshake duration: 6.83 ms
Execution 443 - TLS Mutual
s_connection: verify depth is 1
Handshake duration: 6.71 ms
Execution 444 - TLS Mutual
s_connection: verify depth is 1
Handshake duration: 6.64 ms
Execution 445 - TLS Mutual
s_connection: verify depth is 1
Handshake duration: 6.80 ms
Execution 446 - TLS Mutual
s_connection: verify depth is 1
Handshake duration: 6.74 ms
Execution 447 - TLS Mutual
s_connection: verify depth is 1
Handshake duration: 6.82 ms
Execution 448 - TLS Mutual
s_connection: verify depth is 1
Handshake duration: 6.73 ms
Execution 449 - TLS Mutual
s_connection: verify depth is 1
Handshake duration: 7.06 ms
Execution 450 - TLS Mutual
s_connection: verify depth is 1
Handshake duration: 6.83 ms
Execution 451 - TLS Mutual
s_connection: verify depth is 1
Handshake duration: 6.82 ms
Execution 452 - TLS Mutual
s_connection: verify depth is 1
Handshake duration: 7.28 ms
Execution 453 - TLS Mutual
s_connection: verify depth is 1
Handshake duration: 6.93 ms
Execution 454 - TLS Mutual
s_connection: verify depth is 1
Handshake duration: 6.62 ms
Execution 455 - TLS Mutual
s_connection: verify depth is 1
Handshake duration: 6.96 ms
Execution 456 - TLS Mutual
s_connection: verify depth is 1
Handshake duration: 6.70 ms
Execution 457 - TLS Mutual
s_connection: verify depth is 1
Handshake duration: 6.85 ms
Execution 458 - TLS Mutual
s_connection: verify depth is 1
Handshake duration: 6.93 ms
Execution 459 - TLS Mutual
s_connection: verify depth is 1
Handshake duration: 6.75 ms
Execution 460 - TLS Mutual
s_connection: verify depth is 1
Handshake duration: 6.70 ms
Execution 461 - TLS Mutual
s_connection: verify depth is 1
Handshake duration: 6.60 ms
Execution 462 - TLS Mutual
s_connection: verify depth is 1
Handshake duration: 6.58 ms
Execution 463 - TLS Mutual
s_connection: verify depth is 1
Handshake duration: 7.19 ms
Execution 464 - TLS Mutual
s_connection: verify depth is 1
Handshake duration: 7.56 ms
Execution 465 - TLS Mutual
s_connection: verify depth is 1
Handshake duration: 6.68 ms
Execution 466 - TLS Mutual
s_connection: verify depth is 1
Handshake duration: 6.89 ms
Execution 467 - TLS Mutual
s_connection: verify depth is 1
Handshake duration: 6.64 ms
Execution 468 - TLS Mutual
s_connection: verify depth is 1
Handshake duration: 6.70 ms
Execution 469 - TLS Mutual
s_connection: verify depth is 1
Handshake duration: 7.14 ms
Execution 470 - TLS Mutual
s_connection: verify depth is 1
Handshake duration: 6.54 ms
Execution 471 - TLS Mutual
s_connection: verify depth is 1
Handshake duration: 6.71 ms
Execution 472 - TLS Mutual
s_connection: verify depth is 1
Handshake duration: 6.54 ms
Execution 473 - TLS Mutual
s_connection: verify depth is 1
Handshake duration: 6.58 ms
Execution 474 - TLS Mutual
s_connection: verify depth is 1
Handshake duration: 6.52 ms
Execution 475 - TLS Mutual
s_connection: verify depth is 1
Handshake duration: 6.87 ms
Execution 476 - TLS Mutual
s_connection: verify depth is 1
Handshake duration: 7.03 ms
Execution 477 - TLS Mutual
s_connection: verify depth is 1
Handshake duration: 6.66 ms
Execution 478 - TLS Mutual
s_connection: verify depth is 1
Handshake duration: 7.02 ms
Execution 479 - TLS Mutual
s_connection: verify depth is 1
Handshake duration: 6.86 ms
Execution 480 - TLS Mutual
s_connection: verify depth is 1
Handshake duration: 6.60 ms
Execution 481 - TLS Mutual
s_connection: verify depth is 1
Handshake duration: 7.58 ms
Execution 482 - TLS Mutual
s_connection: verify depth is 1
Handshake duration: 6.90 ms
Execution 483 - TLS Mutual
s_connection: verify depth is 1
Handshake duration: 6.83 ms
Execution 484 - TLS Mutual
s_connection: verify depth is 1
Handshake duration: 6.72 ms
Execution 485 - TLS Mutual
s_connection: verify depth is 1
Handshake duration: 7.88 ms
Execution 486 - TLS Mutual
s_connection: verify depth is 1
Handshake duration: 6.97 ms
Execution 487 - TLS Mutual
s_connection: verify depth is 1
Handshake duration: 6.50 ms
Execution 488 - TLS Mutual
s_connection: verify depth is 1
Handshake duration: 6.71 ms
Execution 489 - TLS Mutual
s_connection: verify depth is 1
Handshake duration: 6.66 ms
Execution 490 - TLS Mutual
s_connection: verify depth is 1
Handshake duration: 6.60 ms
Execution 491 - TLS Mutual
s_connection: verify depth is 1
Handshake duration: 6.76 ms
Execution 492 - TLS Mutual
s_connection: verify depth is 1
Handshake duration: 7.03 ms
Execution 493 - TLS Mutual
s_connection: verify depth is 1
Handshake duration: 6.82 ms
Execution 494 - TLS Mutual
s_connection: verify depth is 1
Handshake duration: 7.04 ms
Execution 495 - TLS Mutual
s_connection: verify depth is 1
Handshake duration: 6.54 ms
Execution 496 - TLS Mutual
s_connection: verify depth is 1
Handshake duration: 6.95 ms
Execution 497 - TLS Mutual
s_connection: verify depth is 1
Handshake duration: 7.18 ms
Execution 498 - TLS Mutual
s_connection: verify depth is 1
Handshake duration: 6.96 ms
Execution 499 - TLS Mutual
s_connection: verify depth is 1
Handshake duration: 7.00 ms
Execution 500 - TLS Mutual
s_connection: verify depth is 1
Handshake duration: 6.54 ms
Execution 501 - TLS Mutual
s_connection: verify depth is 1
Handshake duration: 6.79 ms
Execution 502 - TLS Mutual
s_connection: verify depth is 1
Handshake duration: 6.62 ms
Execution 503 - TLS Mutual
s_connection: verify depth is 1
Handshake duration: 6.65 ms
Execution 504 - TLS Mutual
s_connection: verify depth is 1
Handshake duration: 6.95 ms
Execution 505 - TLS Mutual
s_connection: verify depth is 1
Handshake duration: 6.85 ms
Execution 506 - TLS Mutual
s_connection: verify depth is 1
Handshake duration: 6.77 ms
Execution 507 - TLS Mutual
s_connection: verify depth is 1
Handshake duration: 6.56 ms
Execution 508 - TLS Mutual
s_connection: verify depth is 1
Handshake duration: 6.84 ms
Execution 509 - TLS Mutual
s_connection: verify depth is 1
Handshake duration: 6.53 ms
Execution 510 - TLS Mutual
s_connection: verify depth is 1
Handshake duration: 6.81 ms
Execution 511 - TLS Mutual
s_connection: verify depth is 1
Handshake duration: 6.53 ms
Execution 512 - TLS Mutual
s_connection: verify depth is 1
Handshake duration: 6.72 ms
Execution 513 - TLS Mutual
s_connection: verify depth is 1
Handshake duration: 6.52 ms
Execution 514 - TLS Mutual
s_connection: verify depth is 1
Handshake duration: 7.05 ms
Execution 515 - TLS Mutual
s_connection: verify depth is 1
Handshake duration: 7.00 ms
Execution 516 - TLS Mutual
s_connection: verify depth is 1
Handshake duration: 6.94 ms
Execution 517 - TLS Mutual
s_connection: verify depth is 1
Handshake duration: 6.77 ms
Execution 518 - TLS Mutual
s_connection: verify depth is 1
Handshake duration: 6.81 ms
Execution 519 - TLS Mutual
s_connection: verify depth is 1
Handshake duration: 7.06 ms
Execution 520 - TLS Mutual
s_connection: verify depth is 1
Handshake duration: 6.62 ms
Execution 521 - TLS Mutual
s_connection: verify depth is 1
Handshake duration: 6.63 ms
Execution 522 - TLS Mutual
s_connection: verify depth is 1
Handshake duration: 6.60 ms
Execution 523 - TLS Mutual
s_connection: verify depth is 1
Handshake duration: 6.61 ms
Execution 524 - TLS Mutual
s_connection: verify depth is 1
Handshake duration: 6.57 ms
Execution 525 - TLS Mutual
s_connection: verify depth is 1
Handshake duration: 6.54 ms
Execution 526 - TLS Mutual
s_connection: verify depth is 1
Handshake duration: 7.07 ms
Execution 527 - TLS Mutual
s_connection: verify depth is 1
Handshake duration: 6.86 ms
Execution 528 - TLS Mutual
s_connection: verify depth is 1
Handshake duration: 6.70 ms
Execution 529 - TLS Mutual
s_connection: verify depth is 1
Handshake duration: 6.89 ms
Execution 530 - TLS Mutual
s_connection: verify depth is 1
Handshake duration: 6.55 ms
Execution 531 - TLS Mutual
s_connection: verify depth is 1
Handshake duration: 8.02 ms
Execution 532 - TLS Mutual
s_connection: verify depth is 1
Handshake duration: 6.76 ms
Execution 533 - TLS Mutual
s_connection: verify depth is 1
Handshake duration: 7.46 ms
Execution 534 - TLS Mutual
s_connection: verify depth is 1
Handshake duration: 6.52 ms
Execution 535 - TLS Mutual
s_connection: verify depth is 1
Handshake duration: 7.62 ms
Execution 536 - TLS Mutual
s_connection: verify depth is 1
Handshake duration: 6.54 ms
Execution 537 - TLS Mutual
s_connection: verify depth is 1
Handshake duration: 6.61 ms
Execution 538 - TLS Mutual
s_connection: verify depth is 1
Handshake duration: 6.52 ms
Execution 539 - TLS Mutual
s_connection: verify depth is 1
Handshake duration: 6.69 ms
Execution 540 - TLS Mutual
s_connection: verify depth is 1
Handshake duration: 7.13 ms
Execution 541 - TLS Mutual
s_connection: verify depth is 1
Handshake duration: 7.40 ms
Execution 542 - TLS Mutual
s_connection: verify depth is 1
Handshake duration: 7.10 ms
Execution 543 - TLS Mutual
s_connection: verify depth is 1
Handshake duration: 6.83 ms
Execution 544 - TLS Mutual
s_connection: verify depth is 1
Handshake duration: 7.01 ms
Execution 545 - TLS Mutual
s_connection: verify depth is 1
Handshake duration: 7.33 ms
Execution 546 - TLS Mutual
s_connection: verify depth is 1
Handshake duration: 6.68 ms
Execution 547 - TLS Mutual
s_connection: verify depth is 1
Handshake duration: 7.11 ms
Execution 548 - TLS Mutual
s_connection: verify depth is 1
Handshake duration: 6.67 ms
Execution 549 - TLS Mutual
s_connection: verify depth is 1
Handshake duration: 6.96 ms
Execution 550 - TLS Mutual
s_connection: verify depth is 1
Handshake duration: 6.65 ms
Execution 551 - TLS Mutual
s_connection: verify depth is 1
Handshake duration: 6.76 ms
Execution 552 - TLS Mutual
s_connection: verify depth is 1
Handshake duration: 6.76 ms
Execution 553 - TLS Mutual
s_connection: verify depth is 1
Handshake duration: 6.62 ms
Execution 554 - TLS Mutual
s_connection: verify depth is 1
Handshake duration: 6.99 ms
Execution 555 - TLS Mutual
s_connection: verify depth is 1
Handshake duration: 6.87 ms
Execution 556 - TLS Mutual
s_connection: verify depth is 1
Handshake duration: 6.89 ms
Execution 557 - TLS Mutual
s_connection: verify depth is 1
Handshake duration: 6.52 ms
Execution 558 - TLS Mutual
s_connection: verify depth is 1
Handshake duration: 6.92 ms
Execution 559 - TLS Mutual
s_connection: verify depth is 1
Handshake duration: 6.59 ms
Execution 560 - TLS Mutual
s_connection: verify depth is 1
Handshake duration: 6.73 ms
Execution 561 - TLS Mutual
s_connection: verify depth is 1
Handshake duration: 7.19 ms
Execution 562 - TLS Mutual
s_connection: verify depth is 1
Handshake duration: 6.52 ms
Execution 563 - TLS Mutual
s_connection: verify depth is 1
Handshake duration: 7.41 ms
Execution 564 - TLS Mutual
s_connection: verify depth is 1
Handshake duration: 6.79 ms
Execution 565 - TLS Mutual
s_connection: verify depth is 1
Handshake duration: 6.85 ms
Execution 566 - TLS Mutual
s_connection: verify depth is 1
Handshake duration: 6.73 ms
Execution 567 - TLS Mutual
s_connection: verify depth is 1
Handshake duration: 6.64 ms
Execution 568 - TLS Mutual
s_connection: verify depth is 1
Handshake duration: 6.62 ms
Execution 569 - TLS Mutual
s_connection: verify depth is 1
Handshake duration: 7.33 ms
Execution 570 - TLS Mutual
s_connection: verify depth is 1
Handshake duration: 6.59 ms
Execution 571 - TLS Mutual
s_connection: verify depth is 1
Handshake duration: 6.73 ms
Execution 572 - TLS Mutual
s_connection: verify depth is 1
Handshake duration: 8.46 ms
Execution 573 - TLS Mutual
s_connection: verify depth is 1
Handshake duration: 7.64 ms
Execution 574 - TLS Mutual
s_connection: verify depth is 1
Handshake duration: 7.01 ms
Execution 575 - TLS Mutual
s_connection: verify depth is 1
Handshake duration: 6.83 ms
Execution 576 - TLS Mutual
s_connection: verify depth is 1
Handshake duration: 6.79 ms
Execution 577 - TLS Mutual
s_connection: verify depth is 1
Handshake duration: 6.63 ms
Execution 578 - TLS Mutual
s_connection: verify depth is 1
Handshake duration: 7.03 ms
Execution 579 - TLS Mutual
s_connection: verify depth is 1
Handshake duration: 6.93 ms
Execution 580 - TLS Mutual
s_connection: verify depth is 1
Handshake duration: 6.66 ms
Execution 581 - TLS Mutual
s_connection: verify depth is 1
Handshake duration: 6.65 ms
Execution 582 - TLS Mutual
s_connection: verify depth is 1
Handshake duration: 7.00 ms
Execution 583 - TLS Mutual
s_connection: verify depth is 1
Handshake duration: 6.62 ms
Execution 584 - TLS Mutual
s_connection: verify depth is 1
Handshake duration: 6.75 ms
Execution 585 - TLS Mutual
s_connection: verify depth is 1
Handshake duration: 6.67 ms
Execution 586 - TLS Mutual
s_connection: verify depth is 1
Handshake duration: 6.61 ms
Execution 587 - TLS Mutual
s_connection: verify depth is 1
Handshake duration: 6.58 ms
Execution 588 - TLS Mutual
s_connection: verify depth is 1
Handshake duration: 6.54 ms
Execution 589 - TLS Mutual
s_connection: verify depth is 1
Handshake duration: 6.65 ms
Execution 590 - TLS Mutual
s_connection: verify depth is 1
Handshake duration: 6.74 ms
Execution 591 - TLS Mutual
s_connection: verify depth is 1
Handshake duration: 7.42 ms
Execution 592 - TLS Mutual
s_connection: verify depth is 1
Handshake duration: 6.66 ms
Execution 593 - TLS Mutual
s_connection: verify depth is 1
Handshake duration: 6.79 ms
Execution 594 - TLS Mutual
s_connection: verify depth is 1
Handshake duration: 6.64 ms
Execution 595 - TLS Mutual
s_connection: verify depth is 1
Handshake duration: 6.70 ms
Execution 596 - TLS Mutual
s_connection: verify depth is 1
Handshake duration: 7.12 ms
Execution 597 - TLS Mutual
s_connection: verify depth is 1
Handshake duration: 6.86 ms
Execution 598 - TLS Mutual
s_connection: verify depth is 1
Handshake duration: 6.73 ms
Execution 599 - TLS Mutual
s_connection: verify depth is 1
Handshake duration: 6.80 ms
Execution 600 - TLS Mutual
s_connection: verify depth is 1
Handshake duration: 7.71 ms
Execution 601 - TLS Mutual
s_connection: verify depth is 1
Handshake duration: 6.55 ms
Execution 602 - TLS Mutual
s_connection: verify depth is 1
Handshake duration: 7.47 ms
Execution 603 - TLS Mutual
s_connection: verify depth is 1
Handshake duration: 6.66 ms
Execution 604 - TLS Mutual
s_connection: verify depth is 1
Handshake duration: 6.78 ms
Execution 605 - TLS Mutual
s_connection: verify depth is 1
Handshake duration: 6.58 ms
Execution 606 - TLS Mutual
s_connection: verify depth is 1
Handshake duration: 7.25 ms
Execution 607 - TLS Mutual
s_connection: verify depth is 1
Handshake duration: 6.62 ms
Execution 608 - TLS Mutual
s_connection: verify depth is 1
Handshake duration: 6.77 ms
Execution 609 - TLS Mutual
s_connection: verify depth is 1
Handshake duration: 6.91 ms
Execution 610 - TLS Mutual
s_connection: verify depth is 1
Handshake duration: 6.85 ms
Execution 611 - TLS Mutual
s_connection: verify depth is 1
Handshake duration: 6.69 ms
Execution 612 - TLS Mutual
s_connection: verify depth is 1
Handshake duration: 7.57 ms
Execution 613 - TLS Mutual
s_connection: verify depth is 1
Handshake duration: 6.87 ms
Execution 614 - TLS Mutual
s_connection: verify depth is 1
Handshake duration: 6.98 ms
Execution 615 - TLS Mutual
s_connection: verify depth is 1
Handshake duration: 7.57 ms
Execution 616 - TLS Mutual
s_connection: verify depth is 1
Handshake duration: 7.18 ms
Execution 617 - TLS Mutual
s_connection: verify depth is 1
Handshake duration: 6.69 ms
Execution 618 - TLS Mutual
s_connection: verify depth is 1
Handshake duration: 7.60 ms
Execution 619 - TLS Mutual
s_connection: verify depth is 1
Handshake duration: 7.15 ms
Execution 620 - TLS Mutual
s_connection: verify depth is 1
Handshake duration: 19.16 ms
Execution 621 - TLS Mutual
s_connection: verify depth is 1
Handshake duration: 7.13 ms
Execution 622 - TLS Mutual
s_connection: verify depth is 1
Handshake duration: 7.25 ms
Execution 623 - TLS Mutual
s_connection: verify depth is 1
Handshake duration: 6.66 ms
Execution 624 - TLS Mutual
s_connection: verify depth is 1
Handshake duration: 6.65 ms
Execution 625 - TLS Mutual
s_connection: verify depth is 1
Handshake duration: 6.74 ms
Execution 626 - TLS Mutual
s_connection: verify depth is 1
Handshake duration: 6.60 ms
Execution 627 - TLS Mutual
s_connection: verify depth is 1
Handshake duration: 7.97 ms
Execution 628 - TLS Mutual
s_connection: verify depth is 1
Handshake duration: 7.17 ms
Execution 629 - TLS Mutual
s_connection: verify depth is 1
Handshake duration: 6.58 ms
Execution 630 - TLS Mutual
s_connection: verify depth is 1
Handshake duration: 7.07 ms
Execution 631 - TLS Mutual
s_connection: verify depth is 1
Handshake duration: 7.01 ms
Execution 632 - TLS Mutual
s_connection: verify depth is 1
Handshake duration: 6.85 ms
Execution 633 - TLS Mutual
s_connection: verify depth is 1
Handshake duration: 6.52 ms
Execution 634 - TLS Mutual
s_connection: verify depth is 1
Handshake duration: 7.53 ms
Execution 635 - TLS Mutual
s_connection: verify depth is 1
Handshake duration: 6.72 ms
Execution 636 - TLS Mutual
s_connection: verify depth is 1
Handshake duration: 6.82 ms
Execution 637 - TLS Mutual
s_connection: verify depth is 1
Handshake duration: 6.62 ms
Execution 638 - TLS Mutual
s_connection: verify depth is 1
Handshake duration: 6.71 ms
Execution 639 - TLS Mutual
s_connection: verify depth is 1
Handshake duration: 7.36 ms
Execution 640 - TLS Mutual
s_connection: verify depth is 1
Handshake duration: 6.93 ms
Execution 641 - TLS Mutual
s_connection: verify depth is 1
Handshake duration: 6.84 ms
Execution 642 - TLS Mutual
s_connection: verify depth is 1
Handshake duration: 6.89 ms
Execution 643 - TLS Mutual
s_connection: verify depth is 1
Handshake duration: 7.09 ms
Execution 644 - TLS Mutual
s_connection: verify depth is 1
Handshake duration: 6.87 ms
Execution 645 - TLS Mutual
s_connection: verify depth is 1
Handshake duration: 6.57 ms
Execution 646 - TLS Mutual
s_connection: verify depth is 1
Handshake duration: 6.61 ms
Execution 647 - TLS Mutual
s_connection: verify depth is 1
Handshake duration: 7.57 ms
Execution 648 - TLS Mutual
s_connection: verify depth is 1
Handshake duration: 7.20 ms
Execution 649 - TLS Mutual
s_connection: verify depth is 1
Handshake duration: 6.95 ms
Execution 650 - TLS Mutual
s_connection: verify depth is 1
Handshake duration: 6.91 ms
Execution 651 - TLS Mutual
s_connection: verify depth is 1
Handshake duration: 6.50 ms
Execution 652 - TLS Mutual
s_connection: verify depth is 1
Handshake duration: 7.05 ms
Execution 653 - TLS Mutual
s_connection: verify depth is 1
Handshake duration: 6.95 ms
Execution 654 - TLS Mutual
s_connection: verify depth is 1
Handshake duration: 6.94 ms
Execution 655 - TLS Mutual
s_connection: verify depth is 1
Handshake duration: 7.05 ms
Execution 656 - TLS Mutual
s_connection: verify depth is 1
Handshake duration: 6.78 ms
Execution 657 - TLS Mutual
s_connection: verify depth is 1
Handshake duration: 6.52 ms
Execution 658 - TLS Mutual
s_connection: verify depth is 1
Handshake duration: 6.84 ms
Execution 659 - TLS Mutual
s_connection: verify depth is 1
Handshake duration: 6.85 ms
Execution 660 - TLS Mutual
s_connection: verify depth is 1
Handshake duration: 6.97 ms
Execution 661 - TLS Mutual
s_connection: verify depth is 1
Handshake duration: 6.58 ms
Execution 662 - TLS Mutual
s_connection: verify depth is 1
Handshake duration: 6.52 ms
Execution 663 - TLS Mutual
s_connection: verify depth is 1
Handshake duration: 7.21 ms
Execution 664 - TLS Mutual
s_connection: verify depth is 1
Handshake duration: 6.64 ms
Execution 665 - TLS Mutual
s_connection: verify depth is 1
Handshake duration: 6.93 ms
Execution 666 - TLS Mutual
s_connection: verify depth is 1
Handshake duration: 7.03 ms
Execution 667 - TLS Mutual
s_connection: verify depth is 1
Handshake duration: 6.68 ms
Execution 668 - TLS Mutual
s_connection: verify depth is 1
Handshake duration: 6.74 ms
Execution 669 - TLS Mutual
s_connection: verify depth is 1
Handshake duration: 6.57 ms
Execution 670 - TLS Mutual
s_connection: verify depth is 1
Handshake duration: 6.76 ms
Execution 671 - TLS Mutual
s_connection: verify depth is 1
Handshake duration: 6.95 ms
Execution 672 - TLS Mutual
s_connection: verify depth is 1
Handshake duration: 6.91 ms
Execution 673 - TLS Mutual
s_connection: verify depth is 1
Handshake duration: 6.71 ms
Execution 674 - TLS Mutual
s_connection: verify depth is 1
Handshake duration: 6.61 ms
Execution 675 - TLS Mutual
s_connection: verify depth is 1
Handshake duration: 6.54 ms
Execution 676 - TLS Mutual
s_connection: verify depth is 1
Handshake duration: 7.82 ms
Execution 677 - TLS Mutual
s_connection: verify depth is 1
Handshake duration: 6.81 ms
Execution 678 - TLS Mutual
s_connection: verify depth is 1
Handshake duration: 6.48 ms
Execution 679 - TLS Mutual
s_connection: verify depth is 1
Handshake duration: 6.86 ms
Execution 680 - TLS Mutual
s_connection: verify depth is 1
Handshake duration: 7.07 ms
Execution 681 - TLS Mutual
s_connection: verify depth is 1
Handshake duration: 8.13 ms
Execution 682 - TLS Mutual
s_connection: verify depth is 1
Handshake duration: 6.64 ms
Execution 683 - TLS Mutual
s_connection: verify depth is 1
Handshake duration: 6.82 ms
Execution 684 - TLS Mutual
s_connection: verify depth is 1
Handshake duration: 7.25 ms
Execution 685 - TLS Mutual
s_connection: verify depth is 1
Handshake duration: 6.63 ms
Execution 686 - TLS Mutual
s_connection: verify depth is 1
Handshake duration: 6.60 ms
Execution 687 - TLS Mutual
s_connection: verify depth is 1
Handshake duration: 7.29 ms
Execution 688 - TLS Mutual
s_connection: verify depth is 1
Handshake duration: 6.71 ms
Execution 689 - TLS Mutual
s_connection: verify depth is 1
Handshake duration: 6.83 ms
Execution 690 - TLS Mutual
s_connection: verify depth is 1
Handshake duration: 6.78 ms
Execution 691 - TLS Mutual
s_connection: verify depth is 1
Handshake duration: 6.77 ms
Execution 692 - TLS Mutual
s_connection: verify depth is 1
Handshake duration: 6.71 ms
Execution 693 - TLS Mutual
s_connection: verify depth is 1
Handshake duration: 6.61 ms
Execution 694 - TLS Mutual
s_connection: verify depth is 1
Handshake duration: 6.91 ms
Execution 695 - TLS Mutual
s_connection: verify depth is 1
Handshake duration: 6.57 ms
Execution 696 - TLS Mutual
s_connection: verify depth is 1
Handshake duration: 7.09 ms
Execution 697 - TLS Mutual
s_connection: verify depth is 1
Handshake duration: 7.06 ms
Execution 698 - TLS Mutual
s_connection: verify depth is 1
Handshake duration: 7.13 ms
Execution 699 - TLS Mutual
s_connection: verify depth is 1
Handshake duration: 6.69 ms
Execution 700 - TLS Mutual
s_connection: verify depth is 1
Handshake duration: 7.96 ms
Execution 701 - TLS Mutual
s_connection: verify depth is 1
Handshake duration: 6.67 ms
Execution 702 - TLS Mutual
s_connection: verify depth is 1
Handshake duration: 6.52 ms
Execution 703 - TLS Mutual
s_connection: verify depth is 1
Handshake duration: 7.33 ms
Execution 704 - TLS Mutual
s_connection: verify depth is 1
Handshake duration: 6.91 ms
Execution 705 - TLS Mutual
s_connection: verify depth is 1
Handshake duration: 6.86 ms
Execution 706 - TLS Mutual
s_connection: verify depth is 1
Handshake duration: 7.17 ms
Execution 707 - TLS Mutual
s_connection: verify depth is 1
Handshake duration: 6.57 ms
Execution 708 - TLS Mutual
s_connection: verify depth is 1
Handshake duration: 6.90 ms
Execution 709 - TLS Mutual
s_connection: verify depth is 1
Handshake duration: 6.94 ms
Execution 710 - TLS Mutual
s_connection: verify depth is 1
Handshake duration: 6.99 ms
Execution 711 - TLS Mutual
s_connection: verify depth is 1
Handshake duration: 7.55 ms
Execution 712 - TLS Mutual
s_connection: verify depth is 1
Handshake duration: 6.76 ms
Execution 713 - TLS Mutual
s_connection: verify depth is 1
Handshake duration: 6.91 ms
Execution 714 - TLS Mutual
s_connection: verify depth is 1
Handshake duration: 6.73 ms
Execution 715 - TLS Mutual
s_connection: verify depth is 1
Handshake duration: 7.10 ms
Execution 716 - TLS Mutual
s_connection: verify depth is 1
Handshake duration: 6.69 ms
Execution 717 - TLS Mutual
s_connection: verify depth is 1
Handshake duration: 6.67 ms
Execution 718 - TLS Mutual
s_connection: verify depth is 1
Handshake duration: 6.72 ms
Execution 719 - TLS Mutual
s_connection: verify depth is 1
Handshake duration: 6.71 ms
Execution 720 - TLS Mutual
s_connection: verify depth is 1
Handshake duration: 6.63 ms
Execution 721 - TLS Mutual
s_connection: verify depth is 1
Handshake duration: 6.80 ms
Execution 722 - TLS Mutual
s_connection: verify depth is 1
Handshake duration: 6.71 ms
Execution 723 - TLS Mutual
s_connection: verify depth is 1
Handshake duration: 6.71 ms
Execution 724 - TLS Mutual
s_connection: verify depth is 1
Handshake duration: 7.20 ms
Execution 725 - TLS Mutual
s_connection: verify depth is 1
Handshake duration: 6.89 ms
Execution 726 - TLS Mutual
s_connection: verify depth is 1
Handshake duration: 6.61 ms
Execution 727 - TLS Mutual
s_connection: verify depth is 1
Handshake duration: 6.91 ms
Execution 728 - TLS Mutual
s_connection: verify depth is 1
Handshake duration: 7.03 ms
Execution 729 - TLS Mutual
s_connection: verify depth is 1
Handshake duration: 6.89 ms
Execution 730 - TLS Mutual
s_connection: verify depth is 1
Handshake duration: 6.91 ms
Execution 731 - TLS Mutual
s_connection: verify depth is 1
Handshake duration: 6.75 ms
Execution 732 - TLS Mutual
s_connection: verify depth is 1
Handshake duration: 6.77 ms
Execution 733 - TLS Mutual
s_connection: verify depth is 1
Handshake duration: 7.26 ms
Execution 734 - TLS Mutual
s_connection: verify depth is 1
Handshake duration: 6.93 ms
Execution 735 - TLS Mutual
s_connection: verify depth is 1
Handshake duration: 6.96 ms
Execution 736 - TLS Mutual
s_connection: verify depth is 1
Handshake duration: 6.57 ms
Execution 737 - TLS Mutual
s_connection: verify depth is 1
Handshake duration: 6.53 ms
Execution 738 - TLS Mutual
s_connection: verify depth is 1
Handshake duration: 7.45 ms
Execution 739 - TLS Mutual
s_connection: verify depth is 1
Handshake duration: 7.03 ms
Execution 740 - TLS Mutual
s_connection: verify depth is 1
Handshake duration: 6.62 ms
Execution 741 - TLS Mutual
s_connection: verify depth is 1
Handshake duration: 6.65 ms
Execution 742 - TLS Mutual
s_connection: verify depth is 1
Handshake duration: 6.69 ms
Execution 743 - TLS Mutual
s_connection: verify depth is 1
Handshake duration: 6.52 ms
Execution 744 - TLS Mutual
s_connection: verify depth is 1
Handshake duration: 6.75 ms
Execution 745 - TLS Mutual
s_connection: verify depth is 1
Handshake duration: 6.93 ms
Execution 746 - TLS Mutual
s_connection: verify depth is 1
Handshake duration: 7.48 ms
Execution 747 - TLS Mutual
s_connection: verify depth is 1
Handshake duration: 7.06 ms
Execution 748 - TLS Mutual
s_connection: verify depth is 1
Handshake duration: 7.59 ms
Execution 749 - TLS Mutual
s_connection: verify depth is 1
Handshake duration: 6.97 ms
Execution 750 - TLS Mutual
s_connection: verify depth is 1
Handshake duration: 6.81 ms
Execution 751 - TLS Mutual
s_connection: verify depth is 1
Handshake duration: 6.58 ms
Execution 752 - TLS Mutual
s_connection: verify depth is 1
Handshake duration: 7.01 ms
Execution 753 - TLS Mutual
s_connection: verify depth is 1
Handshake duration: 7.26 ms
Execution 754 - TLS Mutual
s_connection: verify depth is 1
Handshake duration: 7.27 ms
Execution 755 - TLS Mutual
s_connection: verify depth is 1
Handshake duration: 7.04 ms
Execution 756 - TLS Mutual
s_connection: verify depth is 1
Handshake duration: 7.99 ms
Execution 757 - TLS Mutual
s_connection: verify depth is 1
Handshake duration: 7.66 ms
Execution 758 - TLS Mutual
s_connection: verify depth is 1
Handshake duration: 7.02 ms
Execution 759 - TLS Mutual
s_connection: verify depth is 1
Handshake duration: 6.57 ms
Execution 760 - TLS Mutual
s_connection: verify depth is 1
Handshake duration: 6.68 ms
Execution 761 - TLS Mutual
s_connection: verify depth is 1
Handshake duration: 6.79 ms
Execution 762 - TLS Mutual
s_connection: verify depth is 1
Handshake duration: 6.55 ms
Execution 763 - TLS Mutual
s_connection: verify depth is 1
Handshake duration: 6.53 ms
Execution 764 - TLS Mutual
s_connection: verify depth is 1
Handshake duration: 6.77 ms
Execution 765 - TLS Mutual
s_connection: verify depth is 1
Handshake duration: 6.64 ms
Execution 766 - TLS Mutual
s_connection: verify depth is 1
Handshake duration: 6.75 ms
Execution 767 - TLS Mutual
s_connection: verify depth is 1
Handshake duration: 7.20 ms
Execution 768 - TLS Mutual
s_connection: verify depth is 1
Handshake duration: 6.80 ms
Execution 769 - TLS Mutual
s_connection: verify depth is 1
Handshake duration: 6.51 ms
Execution 770 - TLS Mutual
s_connection: verify depth is 1
Handshake duration: 7.73 ms
Execution 771 - TLS Mutual
s_connection: verify depth is 1
Handshake duration: 6.83 ms
Execution 772 - TLS Mutual
s_connection: verify depth is 1
Handshake duration: 7.00 ms
Execution 773 - TLS Mutual
s_connection: verify depth is 1
Handshake duration: 7.62 ms
Execution 774 - TLS Mutual
s_connection: verify depth is 1
Handshake duration: 7.38 ms
Execution 775 - TLS Mutual
s_connection: verify depth is 1
Handshake duration: 7.24 ms
Execution 776 - TLS Mutual
s_connection: verify depth is 1
Handshake duration: 6.94 ms
Execution 777 - TLS Mutual
s_connection: verify depth is 1
Handshake duration: 7.05 ms
Execution 778 - TLS Mutual
s_connection: verify depth is 1
Handshake duration: 6.61 ms
Execution 779 - TLS Mutual
s_connection: verify depth is 1
Handshake duration: 6.62 ms
Execution 780 - TLS Mutual
s_connection: verify depth is 1
Handshake duration: 6.53 ms
Execution 781 - TLS Mutual
s_connection: verify depth is 1
Handshake duration: 7.45 ms
Execution 782 - TLS Mutual
s_connection: verify depth is 1
Handshake duration: 6.57 ms
Execution 783 - TLS Mutual
s_connection: verify depth is 1
Handshake duration: 6.65 ms
Execution 784 - TLS Mutual
s_connection: verify depth is 1
Handshake duration: 6.61 ms
Execution 785 - TLS Mutual
s_connection: verify depth is 1
Handshake duration: 6.57 ms
Execution 786 - TLS Mutual
s_connection: verify depth is 1
Handshake duration: 7.00 ms
Execution 787 - TLS Mutual
s_connection: verify depth is 1
Handshake duration: 6.58 ms
Execution 788 - TLS Mutual
s_connection: verify depth is 1
Handshake duration: 7.30 ms
Execution 789 - TLS Mutual
s_connection: verify depth is 1
Handshake duration: 6.87 ms
Execution 790 - TLS Mutual
s_connection: verify depth is 1
Handshake duration: 7.21 ms
Execution 791 - TLS Mutual
s_connection: verify depth is 1
Handshake duration: 7.03 ms
Execution 792 - TLS Mutual
s_connection: verify depth is 1
Handshake duration: 6.78 ms
Execution 793 - TLS Mutual
s_connection: verify depth is 1
Handshake duration: 6.75 ms
Execution 794 - TLS Mutual
s_connection: verify depth is 1
Handshake duration: 6.92 ms
Execution 795 - TLS Mutual
s_connection: verify depth is 1
Handshake duration: 6.94 ms
Execution 796 - TLS Mutual
s_connection: verify depth is 1
Handshake duration: 6.88 ms
Execution 797 - TLS Mutual
s_connection: verify depth is 1
Handshake duration: 6.80 ms
Execution 798 - TLS Mutual
s_connection: verify depth is 1
Handshake duration: 7.01 ms
Execution 799 - TLS Mutual
s_connection: verify depth is 1
Handshake duration: 7.14 ms
Execution 800 - TLS Mutual
s_connection: verify depth is 1
Handshake duration: 6.62 ms
Execution 801 - TLS Mutual
s_connection: verify depth is 1
Handshake duration: 6.67 ms
Execution 802 - TLS Mutual
s_connection: verify depth is 1
Handshake duration: 8.39 ms
Execution 803 - TLS Mutual
s_connection: verify depth is 1
Handshake duration: 6.73 ms
Execution 804 - TLS Mutual
s_connection: verify depth is 1
Handshake duration: 6.65 ms
Execution 805 - TLS Mutual
s_connection: verify depth is 1
Handshake duration: 6.55 ms
Execution 806 - TLS Mutual
s_connection: verify depth is 1
Handshake duration: 7.18 ms
Execution 807 - TLS Mutual
s_connection: verify depth is 1
Handshake duration: 6.50 ms
Execution 808 - TLS Mutual
s_connection: verify depth is 1
Handshake duration: 6.74 ms
Execution 809 - TLS Mutual
s_connection: verify depth is 1
Handshake duration: 6.54 ms
Execution 810 - TLS Mutual
s_connection: verify depth is 1
Handshake duration: 6.87 ms
Execution 811 - TLS Mutual
s_connection: verify depth is 1
Handshake duration: 6.93 ms
Execution 812 - TLS Mutual
s_connection: verify depth is 1
Handshake duration: 6.99 ms
Execution 813 - TLS Mutual
s_connection: verify depth is 1
Handshake duration: 7.07 ms
Execution 814 - TLS Mutual
s_connection: verify depth is 1
Handshake duration: 6.94 ms
Execution 815 - TLS Mutual
s_connection: verify depth is 1
Handshake duration: 6.58 ms
Execution 816 - TLS Mutual
s_connection: verify depth is 1
Handshake duration: 7.10 ms
Execution 817 - TLS Mutual
s_connection: verify depth is 1
Handshake duration: 6.80 ms
Execution 818 - TLS Mutual
s_connection: verify depth is 1
Handshake duration: 7.24 ms
Execution 819 - TLS Mutual
s_connection: verify depth is 1
Handshake duration: 6.67 ms
Execution 820 - TLS Mutual
s_connection: verify depth is 1
Handshake duration: 6.74 ms
Execution 821 - TLS Mutual
s_connection: verify depth is 1
Handshake duration: 6.92 ms
Execution 822 - TLS Mutual
s_connection: verify depth is 1
Handshake duration: 6.93 ms
Execution 823 - TLS Mutual
s_connection: verify depth is 1
Handshake duration: 6.63 ms
Execution 824 - TLS Mutual
s_connection: verify depth is 1
Handshake duration: 6.63 ms
Execution 825 - TLS Mutual
s_connection: verify depth is 1
Handshake duration: 6.88 ms
Execution 826 - TLS Mutual
s_connection: verify depth is 1
Handshake duration: 6.89 ms
Execution 827 - TLS Mutual
s_connection: verify depth is 1
Handshake duration: 6.85 ms
Execution 828 - TLS Mutual
s_connection: verify depth is 1
Handshake duration: 6.76 ms
Execution 829 - TLS Mutual
s_connection: verify depth is 1
Handshake duration: 7.01 ms
Execution 830 - TLS Mutual
s_connection: verify depth is 1
Handshake duration: 8.03 ms
Execution 831 - TLS Mutual
s_connection: verify depth is 1
Handshake duration: 7.01 ms
Execution 832 - TLS Mutual
s_connection: verify depth is 1
Handshake duration: 6.58 ms
Execution 833 - TLS Mutual
s_connection: verify depth is 1
Handshake duration: 6.57 ms
Execution 834 - TLS Mutual
s_connection: verify depth is 1
Handshake duration: 7.12 ms
Execution 835 - TLS Mutual
s_connection: verify depth is 1
Handshake duration: 6.69 ms
Execution 836 - TLS Mutual
s_connection: verify depth is 1
Handshake duration: 6.60 ms
Execution 837 - TLS Mutual
s_connection: verify depth is 1
Handshake duration: 6.70 ms
Execution 838 - TLS Mutual
s_connection: verify depth is 1
Handshake duration: 6.64 ms
Execution 839 - TLS Mutual
s_connection: verify depth is 1
Handshake duration: 7.37 ms
Execution 840 - TLS Mutual
s_connection: verify depth is 1
Handshake duration: 6.66 ms
Execution 841 - TLS Mutual
s_connection: verify depth is 1
Handshake duration: 6.79 ms
Execution 842 - TLS Mutual
s_connection: verify depth is 1
Handshake duration: 7.18 ms
Execution 843 - TLS Mutual
s_connection: verify depth is 1
Handshake duration: 7.00 ms
Execution 844 - TLS Mutual
s_connection: verify depth is 1
Handshake duration: 6.60 ms
Execution 845 - TLS Mutual
s_connection: verify depth is 1
Handshake duration: 6.60 ms
Execution 846 - TLS Mutual
s_connection: verify depth is 1
Handshake duration: 6.79 ms
Execution 847 - TLS Mutual
s_connection: verify depth is 1
Handshake duration: 6.62 ms
Execution 848 - TLS Mutual
s_connection: verify depth is 1
Handshake duration: 6.82 ms
Execution 849 - TLS Mutual
s_connection: verify depth is 1
Handshake duration: 6.80 ms
Execution 850 - TLS Mutual
s_connection: verify depth is 1
Handshake duration: 6.68 ms
Execution 851 - TLS Mutual
s_connection: verify depth is 1
Handshake duration: 7.12 ms
Execution 852 - TLS Mutual
s_connection: verify depth is 1
Handshake duration: 6.73 ms
Execution 853 - TLS Mutual
s_connection: verify depth is 1
Handshake duration: 6.62 ms
Execution 854 - TLS Mutual
s_connection: verify depth is 1
Handshake duration: 6.99 ms
Execution 855 - TLS Mutual
s_connection: verify depth is 1
Handshake duration: 6.95 ms
Execution 856 - TLS Mutual
s_connection: verify depth is 1
Handshake duration: 6.78 ms
Execution 857 - TLS Mutual
s_connection: verify depth is 1
Handshake duration: 6.64 ms
Execution 858 - TLS Mutual
s_connection: verify depth is 1
Handshake duration: 6.96 ms
Execution 859 - TLS Mutual
s_connection: verify depth is 1
Handshake duration: 6.74 ms
Execution 860 - TLS Mutual
s_connection: verify depth is 1
Handshake duration: 6.63 ms
Execution 861 - TLS Mutual
s_connection: verify depth is 1
Handshake duration: 6.78 ms
Execution 862 - TLS Mutual
s_connection: verify depth is 1
Handshake duration: 6.54 ms
Execution 863 - TLS Mutual
s_connection: verify depth is 1
Handshake duration: 6.72 ms
Execution 864 - TLS Mutual
s_connection: verify depth is 1
Handshake duration: 6.70 ms
Execution 865 - TLS Mutual
s_connection: verify depth is 1
Handshake duration: 7.75 ms
Execution 866 - TLS Mutual
s_connection: verify depth is 1
Handshake duration: 6.70 ms
Execution 867 - TLS Mutual
s_connection: verify depth is 1
Handshake duration: 7.12 ms
Execution 868 - TLS Mutual
s_connection: verify depth is 1
Handshake duration: 6.52 ms
Execution 869 - TLS Mutual
s_connection: verify depth is 1
Handshake duration: 6.89 ms
Execution 870 - TLS Mutual
s_connection: verify depth is 1
Handshake duration: 6.56 ms
Execution 871 - TLS Mutual
s_connection: verify depth is 1
Handshake duration: 7.09 ms
Execution 872 - TLS Mutual
s_connection: verify depth is 1
Handshake duration: 6.55 ms
Execution 873 - TLS Mutual
s_connection: verify depth is 1
Handshake duration: 6.64 ms
Execution 874 - TLS Mutual
s_connection: verify depth is 1
Handshake duration: 6.99 ms
Execution 875 - TLS Mutual
s_connection: verify depth is 1
Handshake duration: 7.05 ms
Execution 876 - TLS Mutual
s_connection: verify depth is 1
Handshake duration: 6.57 ms
Execution 877 - TLS Mutual
s_connection: verify depth is 1
Handshake duration: 6.58 ms
Execution 878 - TLS Mutual
s_connection: verify depth is 1
Handshake duration: 6.75 ms
Execution 879 - TLS Mutual
s_connection: verify depth is 1
Handshake duration: 6.58 ms
Execution 880 - TLS Mutual
s_connection: verify depth is 1
Handshake duration: 6.90 ms
Execution 881 - TLS Mutual
s_connection: verify depth is 1
Handshake duration: 6.81 ms
Execution 882 - TLS Mutual
s_connection: verify depth is 1
Handshake duration: 7.55 ms
Execution 883 - TLS Mutual
s_connection: verify depth is 1
Handshake duration: 6.79 ms
Execution 884 - TLS Mutual
s_connection: verify depth is 1
Handshake duration: 6.72 ms
Execution 885 - TLS Mutual
s_connection: verify depth is 1
Handshake duration: 7.08 ms
Execution 886 - TLS Mutual
s_connection: verify depth is 1
Handshake duration: 6.63 ms
Execution 887 - TLS Mutual
s_connection: verify depth is 1
Handshake duration: 6.83 ms
Execution 888 - TLS Mutual
s_connection: verify depth is 1
Handshake duration: 7.12 ms
Execution 889 - TLS Mutual
s_connection: verify depth is 1
Handshake duration: 6.65 ms
Execution 890 - TLS Mutual
s_connection: verify depth is 1
Handshake duration: 6.82 ms
Execution 891 - TLS Mutual
s_connection: verify depth is 1
Handshake duration: 6.56 ms
Execution 892 - TLS Mutual
s_connection: verify depth is 1
Handshake duration: 6.74 ms
Execution 893 - TLS Mutual
s_connection: verify depth is 1
Handshake duration: 7.76 ms
Execution 894 - TLS Mutual
s_connection: verify depth is 1
Handshake duration: 6.59 ms
Execution 895 - TLS Mutual
s_connection: verify depth is 1
Handshake duration: 6.70 ms
Execution 896 - TLS Mutual
s_connection: verify depth is 1
Handshake duration: 6.92 ms
Execution 897 - TLS Mutual
s_connection: verify depth is 1
Handshake duration: 6.73 ms
Execution 898 - TLS Mutual
s_connection: verify depth is 1
Handshake duration: 6.77 ms
Execution 899 - TLS Mutual
s_connection: verify depth is 1
Handshake duration: 7.14 ms
Execution 900 - TLS Mutual
s_connection: verify depth is 1
Handshake duration: 6.56 ms
Execution 901 - TLS Mutual
s_connection: verify depth is 1
Handshake duration: 6.54 ms
Execution 902 - TLS Mutual
s_connection: verify depth is 1
Handshake duration: 6.61 ms
Execution 903 - TLS Mutual
s_connection: verify depth is 1
Handshake duration: 6.69 ms
Execution 904 - TLS Mutual
s_connection: verify depth is 1
Handshake duration: 6.73 ms
Execution 905 - TLS Mutual
s_connection: verify depth is 1
Handshake duration: 6.68 ms
Execution 906 - TLS Mutual
s_connection: verify depth is 1
Handshake duration: 6.65 ms
Execution 907 - TLS Mutual
s_connection: verify depth is 1
Handshake duration: 6.54 ms
Execution 908 - TLS Mutual
s_connection: verify depth is 1
Handshake duration: 6.79 ms
Execution 909 - TLS Mutual
s_connection: verify depth is 1
Handshake duration: 6.82 ms
Execution 910 - TLS Mutual
s_connection: verify depth is 1
Handshake duration: 6.71 ms
Execution 911 - TLS Mutual
s_connection: verify depth is 1
Handshake duration: 6.82 ms
Execution 912 - TLS Mutual
s_connection: verify depth is 1
Handshake duration: 6.61 ms
Execution 913 - TLS Mutual
s_connection: verify depth is 1
Handshake duration: 7.24 ms
Execution 914 - TLS Mutual
s_connection: verify depth is 1
Handshake duration: 6.53 ms
Execution 915 - TLS Mutual
s_connection: verify depth is 1
Handshake duration: 7.01 ms
Execution 916 - TLS Mutual
s_connection: verify depth is 1
Handshake duration: 6.69 ms
Execution 917 - TLS Mutual
s_connection: verify depth is 1
Handshake duration: 6.82 ms
Execution 918 - TLS Mutual
s_connection: verify depth is 1
Handshake duration: 6.57 ms
Execution 919 - TLS Mutual
s_connection: verify depth is 1
Handshake duration: 6.59 ms
Execution 920 - TLS Mutual
s_connection: verify depth is 1
Handshake duration: 6.87 ms
Execution 921 - TLS Mutual
s_connection: verify depth is 1
Handshake duration: 6.66 ms
Execution 922 - TLS Mutual
s_connection: verify depth is 1
Handshake duration: 6.66 ms
Execution 923 - TLS Mutual
s_connection: verify depth is 1
Handshake duration: 7.13 ms
Execution 924 - TLS Mutual
s_connection: verify depth is 1
Handshake duration: 6.64 ms
Execution 925 - TLS Mutual
s_connection: verify depth is 1
Handshake duration: 6.77 ms
Execution 926 - TLS Mutual
s_connection: verify depth is 1
Handshake duration: 6.71 ms
Execution 927 - TLS Mutual
s_connection: verify depth is 1
Handshake duration: 6.69 ms
Execution 928 - TLS Mutual
s_connection: verify depth is 1
Handshake duration: 6.85 ms
Execution 929 - TLS Mutual
s_connection: verify depth is 1
Handshake duration: 6.52 ms
Execution 930 - TLS Mutual
s_connection: verify depth is 1
Handshake duration: 6.77 ms
Execution 931 - TLS Mutual
s_connection: verify depth is 1
Handshake duration: 6.73 ms
Execution 932 - TLS Mutual
s_connection: verify depth is 1
Handshake duration: 7.00 ms
Execution 933 - TLS Mutual
s_connection: verify depth is 1
Handshake duration: 6.75 ms
Execution 934 - TLS Mutual
s_connection: verify depth is 1
Handshake duration: 6.59 ms
Execution 935 - TLS Mutual
s_connection: verify depth is 1
Handshake duration: 6.86 ms
Execution 936 - TLS Mutual
s_connection: verify depth is 1
Handshake duration: 7.09 ms
Execution 937 - TLS Mutual
s_connection: verify depth is 1
Handshake duration: 6.63 ms
Execution 938 - TLS Mutual
s_connection: verify depth is 1
Handshake duration: 7.05 ms
Execution 939 - TLS Mutual
s_connection: verify depth is 1
Handshake duration: 6.59 ms
Execution 940 - TLS Mutual
s_connection: verify depth is 1
Handshake duration: 6.80 ms
Execution 941 - TLS Mutual
s_connection: verify depth is 1
Handshake duration: 6.69 ms
Execution 942 - TLS Mutual
s_connection: verify depth is 1
Handshake duration: 6.67 ms
Execution 943 - TLS Mutual
s_connection: verify depth is 1
Handshake duration: 6.68 ms
Execution 944 - TLS Mutual
s_connection: verify depth is 1
Handshake duration: 6.50 ms
Execution 945 - TLS Mutual
s_connection: verify depth is 1
Handshake duration: 7.13 ms
Execution 946 - TLS Mutual
s_connection: verify depth is 1
Handshake duration: 6.54 ms
Execution 947 - TLS Mutual
s_connection: verify depth is 1
Handshake duration: 7.25 ms
Execution 948 - TLS Mutual
s_connection: verify depth is 1
Handshake duration: 6.74 ms
Execution 949 - TLS Mutual
s_connection: verify depth is 1
Handshake duration: 6.72 ms
Execution 950 - TLS Mutual
s_connection: verify depth is 1
Handshake duration: 6.72 ms
Execution 951 - TLS Mutual
s_connection: verify depth is 1
Handshake duration: 6.66 ms
Execution 952 - TLS Mutual
s_connection: verify depth is 1
Handshake duration: 7.50 ms
Execution 953 - TLS Mutual
s_connection: verify depth is 1
Handshake duration: 6.98 ms
Execution 954 - TLS Mutual
s_connection: verify depth is 1
Handshake duration: 6.64 ms
Execution 955 - TLS Mutual
s_connection: verify depth is 1
Handshake duration: 6.74 ms
Execution 956 - TLS Mutual
s_connection: verify depth is 1
Handshake duration: 6.95 ms
Execution 957 - TLS Mutual
s_connection: verify depth is 1
Handshake duration: 6.76 ms
Execution 958 - TLS Mutual
s_connection: verify depth is 1
Handshake duration: 6.59 ms
Execution 959 - TLS Mutual
s_connection: verify depth is 1
Handshake duration: 6.68 ms
Execution 960 - TLS Mutual
s_connection: verify depth is 1
Handshake duration: 6.79 ms
Execution 961 - TLS Mutual
s_connection: verify depth is 1
Handshake duration: 6.67 ms
Execution 962 - TLS Mutual
s_connection: verify depth is 1
Handshake duration: 6.72 ms
Execution 963 - TLS Mutual
s_connection: verify depth is 1
Handshake duration: 6.95 ms
Execution 964 - TLS Mutual
s_connection: verify depth is 1
Handshake duration: 6.97 ms
Execution 965 - TLS Mutual
s_connection: verify depth is 1
Handshake duration: 6.81 ms
Execution 966 - TLS Mutual
s_connection: verify depth is 1
Handshake duration: 6.92 ms
Execution 967 - TLS Mutual
s_connection: verify depth is 1
Handshake duration: 7.00 ms
Execution 968 - TLS Mutual
s_connection: verify depth is 1
Handshake duration: 7.55 ms
Execution 969 - TLS Mutual
s_connection: verify depth is 1
Handshake duration: 6.68 ms
Execution 970 - TLS Mutual
s_connection: verify depth is 1
Handshake duration: 7.33 ms
Execution 971 - TLS Mutual
s_connection: verify depth is 1
Handshake duration: 6.62 ms
Execution 972 - TLS Mutual
s_connection: verify depth is 1
Handshake duration: 6.78 ms
Execution 973 - TLS Mutual
s_connection: verify depth is 1
Handshake duration: 6.77 ms
Execution 974 - TLS Mutual
s_connection: verify depth is 1
Handshake duration: 7.50 ms
Execution 975 - TLS Mutual
s_connection: verify depth is 1
Handshake duration: 6.61 ms
Execution 976 - TLS Mutual
s_connection: verify depth is 1
Handshake duration: 6.69 ms
Execution 977 - TLS Mutual
s_connection: verify depth is 1
Handshake duration: 6.58 ms
Execution 978 - TLS Mutual
s_connection: verify depth is 1
Handshake duration: 7.18 ms
Execution 979 - TLS Mutual
s_connection: verify depth is 1
Handshake duration: 6.88 ms
Execution 980 - TLS Mutual
s_connection: verify depth is 1
Handshake duration: 6.71 ms
Execution 981 - TLS Mutual
s_connection: verify depth is 1
Handshake duration: 7.24 ms
Execution 982 - TLS Mutual
s_connection: verify depth is 1
Handshake duration: 6.69 ms
Execution 983 - TLS Mutual
s_connection: verify depth is 1
Handshake duration: 6.56 ms
Execution 984 - TLS Mutual
s_connection: verify depth is 1
Handshake duration: 7.02 ms
Execution 985 - TLS Mutual
s_connection: verify depth is 1
Handshake duration: 6.97 ms
Execution 986 - TLS Mutual
s_connection: verify depth is 1
Handshake duration: 7.00 ms
Execution 987 - TLS Mutual
s_connection: verify depth is 1
Handshake duration: 6.70 ms
Execution 988 - TLS Mutual
s_connection: verify depth is 1
Handshake duration: 6.55 ms
Execution 989 - TLS Mutual
s_connection: verify depth is 1
Handshake duration: 6.54 ms
Execution 990 - TLS Mutual
s_connection: verify depth is 1
Handshake duration: 7.25 ms
Execution 991 - TLS Mutual
s_connection: verify depth is 1
Handshake duration: 7.03 ms
Execution 992 - TLS Mutual
s_connection: verify depth is 1
Handshake duration: 6.86 ms
Execution 993 - TLS Mutual
s_connection: verify depth is 1
Handshake duration: 6.91 ms
Execution 994 - TLS Mutual
s_connection: verify depth is 1
Handshake duration: 6.54 ms
Execution 995 - TLS Mutual
s_connection: verify depth is 1
Handshake duration: 7.65 ms
Execution 996 - TLS Mutual
s_connection: verify depth is 1
Handshake duration: 6.88 ms
Execution 997 - TLS Mutual
s_connection: verify depth is 1
Handshake duration: 7.03 ms
Execution 998 - TLS Mutual
s_connection: verify depth is 1
Handshake duration: 8.98 ms
Execution 999 - TLS Mutual
s_connection: verify depth is 1
Handshake duration: 6.92 ms
Execution 1000 - TLS Mutual
s_connection: verify depth is 1
Handshake duration: 6.96 ms
Execution 1001 - TLS Mutual
s_connection: verify depth is 1
Handshake duration: 7.10 ms
Execution 1002 - TLS Mutual
s_connection: verify depth is 1
Handshake duration: 6.83 ms
Execution 1003 - TLS Mutual
s_connection: verify depth is 1
Handshake duration: 6.71 ms
Execution 1004 - TLS Mutual
s_connection: verify depth is 1
Handshake duration: 7.01 ms
Execution 1005 - TLS Mutual
s_connection: verify depth is 1
Handshake duration: 6.72 ms
Execution 1006 - TLS Mutual
s_connection: verify depth is 1
Handshake duration: 6.65 ms
Execution 1007 - TLS Mutual
s_connection: verify depth is 1
Handshake duration: 6.71 ms
Execution 1008 - TLS Mutual
s_connection: verify depth is 1
Handshake duration: 6.94 ms
Execution 1009 - TLS Mutual
s_connection: verify depth is 1
Handshake duration: 6.70 ms
Execution 1010 - TLS Mutual
s_connection: verify depth is 1
Handshake duration: 6.95 ms
Execution 1011 - TLS Mutual
s_connection: verify depth is 1
Handshake duration: 6.68 ms
Execution 1012 - TLS Mutual
s_connection: verify depth is 1
Handshake duration: 6.59 ms
Execution 1013 - TLS Mutual
s_connection: verify depth is 1
Handshake duration: 6.80 ms
Execution 1014 - TLS Mutual
s_connection: verify depth is 1
Handshake duration: 6.78 ms
Execution 1015 - TLS Mutual
s_connection: verify depth is 1
Handshake duration: 6.83 ms
Execution 1016 - TLS Mutual
s_connection: verify depth is 1
Handshake duration: 6.84 ms
Execution 1017 - TLS Mutual
s_connection: verify depth is 1
Handshake duration: 7.62 ms
Execution 1018 - TLS Mutual
s_connection: verify depth is 1
Handshake duration: 6.74 ms
Execution 1019 - TLS Mutual
s_connection: verify depth is 1
Handshake duration: 6.70 ms
Execution 1020 - TLS Mutual
s_connection: verify depth is 1
Handshake duration: 6.85 ms
Execution 1021 - TLS Mutual
s_connection: verify depth is 1
Handshake duration: 6.70 ms
Execution 1022 - TLS Mutual
s_connection: verify depth is 1
Handshake duration: 7.31 ms
Execution 1023 - TLS Mutual
s_connection: verify depth is 1
Handshake duration: 6.68 ms
Execution 1024 - TLS Mutual
s_connection: verify depth is 1
Handshake duration: 6.83 ms
Execution 1025 - TLS Mutual
s_connection: verify depth is 1
Handshake duration: 6.62 ms
Execution 1026 - TLS Mutual
s_connection: verify depth is 1
Handshake duration: 7.02 ms
Execution 1027 - TLS Mutual
s_connection: verify depth is 1
Handshake duration: 6.78 ms
Execution 1028 - TLS Mutual
s_connection: verify depth is 1
Handshake duration: 6.64 ms
Execution 1029 - TLS Mutual
s_connection: verify depth is 1
Handshake duration: 6.74 ms
Execution 1030 - TLS Mutual
s_connection: verify depth is 1
Handshake duration: 6.59 ms
Execution 1031 - TLS Mutual
s_connection: verify depth is 1
Handshake duration: 6.59 ms
Execution 1032 - TLS Mutual
s_connection: verify depth is 1
Handshake duration: 6.94 ms
Execution 1033 - TLS Mutual
s_connection: verify depth is 1
Handshake duration: 6.80 ms
Execution 1034 - TLS Mutual
s_connection: verify depth is 1
Handshake duration: 7.13 ms
Execution 1035 - TLS Mutual
s_connection: verify depth is 1
Handshake duration: 6.54 ms
Execution 1036 - TLS Mutual
s_connection: verify depth is 1
Handshake duration: 6.74 ms
Execution 1037 - TLS Mutual
s_connection: verify depth is 1
Handshake duration: 6.88 ms
Execution 1038 - TLS Mutual
s_connection: verify depth is 1
Handshake duration: 6.54 ms
Execution 1039 - TLS Mutual
s_connection: verify depth is 1
Handshake duration: 7.47 ms
Execution 1040 - TLS Mutual
s_connection: verify depth is 1
Handshake duration: 6.79 ms
Execution 1041 - TLS Mutual
s_connection: verify depth is 1
Handshake duration: 6.88 ms
Execution 1042 - TLS Mutual
s_connection: verify depth is 1
Handshake duration: 6.85 ms
Execution 1043 - TLS Mutual
s_connection: verify depth is 1
Handshake duration: 7.18 ms
Execution 1044 - TLS Mutual
s_connection: verify depth is 1
Handshake duration: 6.86 ms
Execution 1045 - TLS Mutual
s_connection: verify depth is 1
Handshake duration: 6.66 ms
Execution 1046 - TLS Mutual
s_connection: verify depth is 1
Handshake duration: 6.69 ms
Execution 1047 - TLS Mutual
s_connection: verify depth is 1
Handshake duration: 6.58 ms
Execution 1048 - TLS Mutual
s_connection: verify depth is 1
Handshake duration: 6.79 ms
Execution 1049 - TLS Mutual
s_connection: verify depth is 1
Handshake duration: 6.81 ms
Execution 1050 - TLS Mutual
s_connection: verify depth is 1
Handshake duration: 7.17 ms
Execution 1051 - TLS Mutual
s_connection: verify depth is 1
Handshake duration: 6.51 ms
Execution 1052 - TLS Mutual
s_connection: verify depth is 1
Handshake duration: 6.57 ms
Execution 1053 - TLS Mutual
s_connection: verify depth is 1
Handshake duration: 6.67 ms
Execution 1054 - TLS Mutual
s_connection: verify depth is 1
Handshake duration: 6.74 ms
Execution 1055 - TLS Mutual
s_connection: verify depth is 1
Handshake duration: 7.27 ms
Execution 1056 - TLS Mutual
s_connection: verify depth is 1
Handshake duration: 7.03 ms
Execution 1057 - TLS Mutual
s_connection: verify depth is 1
Handshake duration: 7.53 ms
Execution 1058 - TLS Mutual
s_connection: verify depth is 1
Handshake duration: 6.53 ms
Execution 1059 - TLS Mutual
s_connection: verify depth is 1
Handshake duration: 6.60 ms
Execution 1060 - TLS Mutual
s_connection: verify depth is 1
Handshake duration: 7.43 ms
Execution 1061 - TLS Mutual
s_connection: verify depth is 1
Handshake duration: 6.70 ms
Execution 1062 - TLS Mutual
s_connection: verify depth is 1
Handshake duration: 7.43 ms
Execution 1063 - TLS Mutual
s_connection: verify depth is 1
Handshake duration: 6.95 ms
Execution 1064 - TLS Mutual
s_connection: verify depth is 1
Handshake duration: 6.92 ms
Execution 1065 - TLS Mutual
s_connection: verify depth is 1
Handshake duration: 6.99 ms
Execution 1066 - TLS Mutual
s_connection: verify depth is 1
Handshake duration: 7.32 ms
Execution 1067 - TLS Mutual
s_connection: verify depth is 1
Handshake duration: 6.73 ms
Execution 1068 - TLS Mutual
s_connection: verify depth is 1
Handshake duration: 6.71 ms
Execution 1069 - TLS Mutual
s_connection: verify depth is 1
Handshake duration: 7.98 ms
Execution 1070 - TLS Mutual
s_connection: verify depth is 1
Handshake duration: 6.85 ms
Execution 1071 - TLS Mutual
s_connection: verify depth is 1
Handshake duration: 6.63 ms
Execution 1072 - TLS Mutual
s_connection: verify depth is 1
Handshake duration: 8.04 ms
Execution 1073 - TLS Mutual
s_connection: verify depth is 1
Handshake duration: 6.63 ms
Execution 1074 - TLS Mutual
s_connection: verify depth is 1
Handshake duration: 6.63 ms
Execution 1075 - TLS Mutual
s_connection: verify depth is 1
Handshake duration: 6.87 ms
Execution 1076 - TLS Mutual
s_connection: verify depth is 1
Handshake duration: 6.71 ms
Execution 1077 - TLS Mutual
s_connection: verify depth is 1
Handshake duration: 6.54 ms
Execution 1078 - TLS Mutual
s_connection: verify depth is 1
Handshake duration: 6.65 ms
Execution 1079 - TLS Mutual
s_connection: verify depth is 1
Handshake duration: 6.81 ms
Execution 1080 - TLS Mutual
s_connection: verify depth is 1
Handshake duration: 6.57 ms
Execution 1081 - TLS Mutual
s_connection: verify depth is 1
Handshake duration: 6.64 ms
Execution 1082 - TLS Mutual
s_connection: verify depth is 1
Handshake duration: 6.93 ms
Execution 1083 - TLS Mutual
s_connection: verify depth is 1
Handshake duration: 6.76 ms
Execution 1084 - TLS Mutual
s_connection: verify depth is 1
Handshake duration: 6.59 ms
Execution 1085 - TLS Mutual
s_connection: verify depth is 1
Handshake duration: 6.92 ms
Execution 1086 - TLS Mutual
s_connection: verify depth is 1
Handshake duration: 7.00 ms
Execution 1087 - TLS Mutual
s_connection: verify depth is 1
Handshake duration: 7.02 ms
Execution 1088 - TLS Mutual
s_connection: verify depth is 1
Handshake duration: 7.10 ms
Execution 1089 - TLS Mutual
s_connection: verify depth is 1
Handshake duration: 6.65 ms
Execution 1090 - TLS Mutual
s_connection: verify depth is 1
Handshake duration: 6.90 ms
Execution 1091 - TLS Mutual
s_connection: verify depth is 1
Handshake duration: 7.65 ms
Execution 1092 - TLS Mutual
s_connection: verify depth is 1
Handshake duration: 6.66 ms
Execution 1093 - TLS Mutual
s_connection: verify depth is 1
Handshake duration: 7.25 ms
Execution 1094 - TLS Mutual
s_connection: verify depth is 1
Handshake duration: 6.75 ms
Execution 1095 - TLS Mutual
s_connection: verify depth is 1
Handshake duration: 7.10 ms
Execution 1096 - TLS Mutual
s_connection: verify depth is 1
Handshake duration: 6.59 ms
Execution 1097 - TLS Mutual
s_connection: verify depth is 1
Handshake duration: 6.53 ms
Execution 1098 - TLS Mutual
s_connection: verify depth is 1
Handshake duration: 6.62 ms
Execution 1099 - TLS Mutual
s_connection: verify depth is 1
Handshake duration: 7.22 ms
Execution 1100 - TLS Mutual
s_connection: verify depth is 1
Handshake duration: 6.62 ms
Execution 1101 - TLS Mutual
s_connection: verify depth is 1
Handshake duration: 6.64 ms
Execution 1102 - TLS Mutual
s_connection: verify depth is 1
Handshake duration: 6.71 ms
Execution 1103 - TLS Mutual
s_connection: verify depth is 1
Handshake duration: 7.15 ms
Execution 1104 - TLS Mutual
s_connection: verify depth is 1
Handshake duration: 6.65 ms
Execution 1105 - TLS Mutual
s_connection: verify depth is 1
Handshake duration: 7.34 ms
Execution 1106 - TLS Mutual
s_connection: verify depth is 1
Handshake duration: 7.02 ms
Execution 1107 - TLS Mutual
s_connection: verify depth is 1
Handshake duration: 6.86 ms
Execution 1108 - TLS Mutual
s_connection: verify depth is 1
Handshake duration: 6.74 ms
Execution 1109 - TLS Mutual
s_connection: verify depth is 1
Handshake duration: 6.67 ms
Execution 1110 - TLS Mutual
s_connection: verify depth is 1
Handshake duration: 6.89 ms
Execution 1111 - TLS Mutual
s_connection: verify depth is 1
Handshake duration: 6.64 ms
Execution 1112 - TLS Mutual
s_connection: verify depth is 1
Handshake duration: 6.60 ms
Execution 1113 - TLS Mutual
s_connection: verify depth is 1
Handshake duration: 6.52 ms
Execution 1114 - TLS Mutual
s_connection: verify depth is 1
Handshake duration: 6.53 ms
Execution 1115 - TLS Mutual
s_connection: verify depth is 1
Handshake duration: 6.80 ms
Execution 1116 - TLS Mutual
s_connection: verify depth is 1
Handshake duration: 7.43 ms
Execution 1117 - TLS Mutual
s_connection: verify depth is 1
Handshake duration: 6.56 ms
Execution 1118 - TLS Mutual
s_connection: verify depth is 1
Handshake duration: 6.72 ms
Execution 1119 - TLS Mutual
s_connection: verify depth is 1
Handshake duration: 6.87 ms
Execution 1120 - TLS Mutual
s_connection: verify depth is 1
Handshake duration: 6.69 ms
Execution 1121 - TLS Mutual
s_connection: verify depth is 1
Handshake duration: 6.69 ms
Execution 1122 - TLS Mutual
s_connection: verify depth is 1
Handshake duration: 6.69 ms
Execution 1123 - TLS Mutual
s_connection: verify depth is 1
Handshake duration: 6.68 ms
Execution 1124 - TLS Mutual
s_connection: verify depth is 1
Handshake duration: 6.57 ms
Execution 1125 - TLS Mutual
s_connection: verify depth is 1
Handshake duration: 6.69 ms
Execution 1126 - TLS Mutual
s_connection: verify depth is 1
Handshake duration: 6.58 ms
Execution 1127 - TLS Mutual
s_connection: verify depth is 1
Handshake duration: 6.76 ms
Execution 1128 - TLS Mutual
s_connection: verify depth is 1
Handshake duration: 7.05 ms
Execution 1129 - TLS Mutual
s_connection: verify depth is 1
Handshake duration: 7.62 ms
Execution 1130 - TLS Mutual
s_connection: verify depth is 1
Handshake duration: 6.63 ms
Execution 1131 - TLS Mutual
s_connection: verify depth is 1
Handshake duration: 6.79 ms
Execution 1132 - TLS Mutual
s_connection: verify depth is 1
Handshake duration: 7.32 ms
Execution 1133 - TLS Mutual
s_connection: verify depth is 1
Handshake duration: 6.80 ms
Execution 1134 - TLS Mutual
s_connection: verify depth is 1
Handshake duration: 8.05 ms
Execution 1135 - TLS Mutual
s_connection: verify depth is 1
Handshake duration: 7.38 ms
Execution 1136 - TLS Mutual
s_connection: verify depth is 1
Handshake duration: 6.69 ms
Execution 1137 - TLS Mutual
s_connection: verify depth is 1
Handshake duration: 6.87 ms
Execution 1138 - TLS Mutual
s_connection: verify depth is 1
Handshake duration: 6.81 ms
Execution 1139 - TLS Mutual
s_connection: verify depth is 1
Handshake duration: 7.08 ms
Execution 1140 - TLS Mutual
s_connection: verify depth is 1
Handshake duration: 6.71 ms
Execution 1141 - TLS Mutual
s_connection: verify depth is 1
Handshake duration: 6.60 ms
Execution 1142 - TLS Mutual
s_connection: verify depth is 1
Handshake duration: 6.77 ms
Execution 1143 - TLS Mutual
s_connection: verify depth is 1
Handshake duration: 6.71 ms
Execution 1144 - TLS Mutual
s_connection: verify depth is 1
Handshake duration: 7.00 ms
Execution 1145 - TLS Mutual
s_connection: verify depth is 1
Handshake duration: 6.74 ms
Execution 1146 - TLS Mutual
s_connection: verify depth is 1
Handshake duration: 6.82 ms
Execution 1147 - TLS Mutual
s_connection: verify depth is 1
Handshake duration: 6.70 ms
Execution 1148 - TLS Mutual
s_connection: verify depth is 1
Handshake duration: 7.67 ms
Execution 1149 - TLS Mutual
s_connection: verify depth is 1
Handshake duration: 6.70 ms
Execution 1150 - TLS Mutual
s_connection: verify depth is 1
Handshake duration: 6.87 ms
Execution 1151 - TLS Mutual
s_connection: verify depth is 1
Handshake duration: 6.71 ms
Execution 1152 - TLS Mutual
s_connection: verify depth is 1
Handshake duration: 6.63 ms
Execution 1153 - TLS Mutual
s_connection: verify depth is 1
Handshake duration: 6.80 ms
Execution 1154 - TLS Mutual
s_connection: verify depth is 1
Handshake duration: 6.54 ms
Execution 1155 - TLS Mutual
s_connection: verify depth is 1
Handshake duration: 6.75 ms
Execution 1156 - TLS Mutual
s_connection: verify depth is 1
Handshake duration: 6.54 ms
Execution 1157 - TLS Mutual
s_connection: verify depth is 1
Handshake duration: 7.00 ms
Execution 1158 - TLS Mutual
s_connection: verify depth is 1
Handshake duration: 6.98 ms
Execution 1159 - TLS Mutual
s_connection: verify depth is 1
Handshake duration: 6.65 ms
Execution 1160 - TLS Mutual
s_connection: verify depth is 1
Handshake duration: 7.21 ms
Execution 1161 - TLS Mutual
s_connection: verify depth is 1
Handshake duration: 7.93 ms
Execution 1162 - TLS Mutual
s_connection: verify depth is 1
Handshake duration: 6.82 ms
Execution 1163 - TLS Mutual
s_connection: verify depth is 1
Handshake duration: 6.93 ms
Execution 1164 - TLS Mutual
s_connection: verify depth is 1
Handshake duration: 6.54 ms
Execution 1165 - TLS Mutual
s_connection: verify depth is 1
Handshake duration: 7.13 ms
Execution 1166 - TLS Mutual
s_connection: verify depth is 1
Handshake duration: 6.57 ms
Execution 1167 - TLS Mutual
s_connection: verify depth is 1
Handshake duration: 6.87 ms
Execution 1168 - TLS Mutual
s_connection: verify depth is 1
Handshake duration: 6.68 ms
Execution 1169 - TLS Mutual
s_connection: verify depth is 1
Handshake duration: 6.89 ms
Execution 1170 - TLS Mutual
s_connection: verify depth is 1
Handshake duration: 6.79 ms
Execution 1171 - TLS Mutual
s_connection: verify depth is 1
Handshake duration: 7.46 ms
Execution 1172 - TLS Mutual
s_connection: verify depth is 1
Handshake duration: 7.34 ms
Execution 1173 - TLS Mutual
s_connection: verify depth is 1
Handshake duration: 6.70 ms
Execution 1174 - TLS Mutual
s_connection: verify depth is 1
Handshake duration: 7.12 ms
Execution 1175 - TLS Mutual
s_connection: verify depth is 1
Handshake duration: 6.84 ms
Execution 1176 - TLS Mutual
s_connection: verify depth is 1
Handshake duration: 6.92 ms
Execution 1177 - TLS Mutual
s_connection: verify depth is 1
Handshake duration: 6.93 ms
Execution 1178 - TLS Mutual
s_connection: verify depth is 1
Handshake duration: 6.61 ms
Execution 1179 - TLS Mutual
s_connection: verify depth is 1
Handshake duration: 7.05 ms
Execution 1180 - TLS Mutual
s_connection: verify depth is 1
Handshake duration: 6.83 ms
Execution 1181 - TLS Mutual
s_connection: verify depth is 1
Handshake duration: 6.62 ms
Execution 1182 - TLS Mutual
s_connection: verify depth is 1
Handshake duration: 7.14 ms
Execution 1183 - TLS Mutual
s_connection: verify depth is 1
Handshake duration: 6.57 ms
Execution 1184 - TLS Mutual
s_connection: verify depth is 1
Handshake duration: 6.77 ms
Execution 1185 - TLS Mutual
s_connection: verify depth is 1
Handshake duration: 6.84 ms
Execution 1186 - TLS Mutual
s_connection: verify depth is 1
Handshake duration: 7.12 ms
Execution 1187 - TLS Mutual
s_connection: verify depth is 1
Handshake duration: 7.78 ms
Execution 1188 - TLS Mutual
s_connection: verify depth is 1
Handshake duration: 6.68 ms
Execution 1189 - TLS Mutual
s_connection: verify depth is 1
Handshake duration: 6.62 ms
Execution 1190 - TLS Mutual
s_connection: verify depth is 1
Handshake duration: 7.62 ms
Execution 1191 - TLS Mutual
s_connection: verify depth is 1
Handshake duration: 6.77 ms
Execution 1192 - TLS Mutual
s_connection: verify depth is 1
Handshake duration: 7.12 ms
Execution 1193 - TLS Mutual
s_connection: verify depth is 1
Handshake duration: 6.85 ms
Execution 1194 - TLS Mutual
s_connection: verify depth is 1
Handshake duration: 6.69 ms
Execution 1195 - TLS Mutual
s_connection: verify depth is 1
Handshake duration: 7.09 ms
Execution 1196 - TLS Mutual
s_connection: verify depth is 1
Handshake duration: 6.56 ms
Execution 1197 - TLS Mutual
s_connection: verify depth is 1
Handshake duration: 7.57 ms
Execution 1198 - TLS Mutual
s_connection: verify depth is 1
Handshake duration: 6.80 ms
Execution 1199 - TLS Mutual
s_connection: verify depth is 1
Handshake duration: 6.86 ms
Execution 1200 - TLS Mutual
s_connection: verify depth is 1
Handshake duration: 6.57 ms
Execution 1201 - TLS Mutual
s_connection: verify depth is 1
Handshake duration: 6.67 ms
Execution 1202 - TLS Mutual
s_connection: verify depth is 1
Handshake duration: 6.64 ms
Execution 1203 - TLS Mutual
s_connection: verify depth is 1
Handshake duration: 7.40 ms
Execution 1204 - TLS Mutual
s_connection: verify depth is 1
Handshake duration: 6.79 ms
Execution 1205 - TLS Mutual
s_connection: verify depth is 1
Handshake duration: 6.83 ms
Execution 1206 - TLS Mutual
s_connection: verify depth is 1
Handshake duration: 6.89 ms
Execution 1207 - TLS Mutual
s_connection: verify depth is 1
Handshake duration: 7.24 ms
Execution 1208 - TLS Mutual
s_connection: verify depth is 1
Handshake duration: 6.78 ms
Execution 1209 - TLS Mutual
s_connection: verify depth is 1
Handshake duration: 6.55 ms
Execution 1210 - TLS Mutual
s_connection: verify depth is 1
Handshake duration: 6.99 ms
Execution 1211 - TLS Mutual
s_connection: verify depth is 1
Handshake duration: 6.98 ms
Execution 1212 - TLS Mutual
s_connection: verify depth is 1
Handshake duration: 6.73 ms
Execution 1213 - TLS Mutual
s_connection: verify depth is 1
Handshake duration: 6.84 ms
Execution 1214 - TLS Mutual
s_connection: verify depth is 1
Handshake duration: 6.61 ms
Execution 1215 - TLS Mutual
s_connection: verify depth is 1
Handshake duration: 6.55 ms
Execution 1216 - TLS Mutual
s_connection: verify depth is 1
Handshake duration: 6.76 ms
Execution 1217 - TLS Mutual
s_connection: verify depth is 1
Handshake duration: 7.22 ms
Execution 1218 - TLS Mutual
s_connection: verify depth is 1
Handshake duration: 6.71 ms
Execution 1219 - TLS Mutual
s_connection: verify depth is 1
Handshake duration: 7.63 ms
Execution 1220 - TLS Mutual
s_connection: verify depth is 1
Handshake duration: 6.85 ms
Execution 1221 - TLS Mutual
s_connection: verify depth is 1
Handshake duration: 7.13 ms
Execution 1222 - TLS Mutual
s_connection: verify depth is 1
Handshake duration: 6.95 ms
Execution 1223 - TLS Mutual
s_connection: verify depth is 1
Handshake duration: 6.88 ms
Execution 1224 - TLS Mutual
s_connection: verify depth is 1
Handshake duration: 7.85 ms
Execution 1225 - TLS Mutual
s_connection: verify depth is 1
Handshake duration: 6.92 ms
Execution 1226 - TLS Mutual
s_connection: verify depth is 1
Handshake duration: 6.58 ms
Execution 1227 - TLS Mutual
s_connection: verify depth is 1
Handshake duration: 6.53 ms
Execution 1228 - TLS Mutual
s_connection: verify depth is 1
Handshake duration: 6.65 ms
Execution 1229 - TLS Mutual
s_connection: verify depth is 1
Handshake duration: 6.86 ms
Execution 1230 - TLS Mutual
s_connection: verify depth is 1
Handshake duration: 6.63 ms
Execution 1231 - TLS Mutual
s_connection: verify depth is 1
Handshake duration: 6.51 ms
Execution 1232 - TLS Mutual
s_connection: verify depth is 1
Handshake duration: 6.59 ms
Execution 1233 - TLS Mutual
s_connection: verify depth is 1
Handshake duration: 6.54 ms
Execution 1234 - TLS Mutual
s_connection: verify depth is 1
Handshake duration: 6.65 ms
Execution 1235 - TLS Mutual
s_connection: verify depth is 1
Handshake duration: 7.16 ms
Execution 1236 - TLS Mutual
s_connection: verify depth is 1
Handshake duration: 6.51 ms
Execution 1237 - TLS Mutual
s_connection: verify depth is 1
Handshake duration: 6.67 ms
Execution 1238 - TLS Mutual
s_connection: verify depth is 1
Handshake duration: 6.95 ms
Execution 1239 - TLS Mutual
s_connection: verify depth is 1
Handshake duration: 6.89 ms
Execution 1240 - TLS Mutual
s_connection: verify depth is 1
Handshake duration: 6.63 ms
Execution 1241 - TLS Mutual
s_connection: verify depth is 1
Handshake duration: 6.81 ms
Execution 1242 - TLS Mutual
s_connection: verify depth is 1
Handshake duration: 6.71 ms
Execution 1243 - TLS Mutual
s_connection: verify depth is 1
Handshake duration: 6.56 ms
Execution 1244 - TLS Mutual
s_connection: verify depth is 1
Handshake duration: 7.92 ms
Execution 1245 - TLS Mutual
s_connection: verify depth is 1
Handshake duration: 6.59 ms
Execution 1246 - TLS Mutual
s_connection: verify depth is 1
Handshake duration: 6.73 ms
Execution 1247 - TLS Mutual
s_connection: verify depth is 1
Handshake duration: 7.01 ms
Execution 1248 - TLS Mutual
s_connection: verify depth is 1
Handshake duration: 6.84 ms
Execution 1249 - TLS Mutual
s_connection: verify depth is 1
Handshake duration: 6.65 ms
Execution 1250 - TLS Mutual
s_connection: verify depth is 1
Handshake duration: 6.54 ms
Execution 1251 - TLS Mutual
s_connection: verify depth is 1
Handshake duration: 7.05 ms
Execution 1252 - TLS Mutual
s_connection: verify depth is 1
Handshake duration: 6.82 ms
Execution 1253 - TLS Mutual
s_connection: verify depth is 1
Handshake duration: 6.93 ms
Execution 1254 - TLS Mutual
s_connection: verify depth is 1
Handshake duration: 6.61 ms
Execution 1255 - TLS Mutual
s_connection: verify depth is 1
Handshake duration: 6.69 ms
Execution 1256 - TLS Mutual
s_connection: verify depth is 1
Handshake duration: 6.57 ms
Execution 1257 - TLS Mutual
s_connection: verify depth is 1
Handshake duration: 6.59 ms
Execution 1258 - TLS Mutual
s_connection: verify depth is 1
Handshake duration: 6.51 ms
Execution 1259 - TLS Mutual
s_connection: verify depth is 1
Handshake duration: 6.91 ms
Execution 1260 - TLS Mutual
s_connection: verify depth is 1
Handshake duration: 6.78 ms
Execution 1261 - TLS Mutual
s_connection: verify depth is 1
Handshake duration: 6.84 ms
Execution 1262 - TLS Mutual
s_connection: verify depth is 1
Handshake duration: 6.88 ms
Execution 1263 - TLS Mutual
s_connection: verify depth is 1
Handshake duration: 6.58 ms
Execution 1264 - TLS Mutual
s_connection: verify depth is 1
Handshake duration: 6.63 ms
Execution 1265 - TLS Mutual
s_connection: verify depth is 1
Handshake duration: 6.69 ms
Execution 1266 - TLS Mutual
s_connection: verify depth is 1
Handshake duration: 7.04 ms
Execution 1267 - TLS Mutual
s_connection: verify depth is 1
Handshake duration: 6.52 ms
Execution 1268 - TLS Mutual
s_connection: verify depth is 1
Handshake duration: 7.27 ms
Execution 1269 - TLS Mutual
s_connection: verify depth is 1
Handshake duration: 6.74 ms
Execution 1270 - TLS Mutual
s_connection: verify depth is 1
Handshake duration: 6.71 ms
Execution 1271 - TLS Mutual
s_connection: verify depth is 1
Handshake duration: 6.80 ms
Execution 1272 - TLS Mutual
s_connection: verify depth is 1
Handshake duration: 6.92 ms
Execution 1273 - TLS Mutual
s_connection: verify depth is 1
Handshake duration: 6.55 ms
Execution 1274 - TLS Mutual
s_connection: verify depth is 1
Handshake duration: 6.67 ms
Execution 1275 - TLS Mutual
s_connection: verify depth is 1
Handshake duration: 6.54 ms
Execution 1276 - TLS Mutual
s_connection: verify depth is 1
Handshake duration: 6.87 ms
Execution 1277 - TLS Mutual
s_connection: verify depth is 1
Handshake duration: 6.86 ms
Execution 1278 - TLS Mutual
s_connection: verify depth is 1
Handshake duration: 6.57 ms
Execution 1279 - TLS Mutual
s_connection: verify depth is 1
Handshake duration: 6.63 ms
Execution 1280 - TLS Mutual
s_connection: verify depth is 1
Handshake duration: 7.26 ms
Execution 1281 - TLS Mutual
s_connection: verify depth is 1
Handshake duration: 6.84 ms
Execution 1282 - TLS Mutual
s_connection: verify depth is 1
Handshake duration: 6.86 ms
Execution 1283 - TLS Mutual
s_connection: verify depth is 1
Handshake duration: 7.04 ms
Execution 1284 - TLS Mutual
s_connection: verify depth is 1
Handshake duration: 6.62 ms
Execution 1285 - TLS Mutual
s_connection: verify depth is 1
Handshake duration: 6.62 ms
Execution 1286 - TLS Mutual
s_connection: verify depth is 1
Handshake duration: 6.60 ms
Execution 1287 - TLS Mutual
s_connection: verify depth is 1
Handshake duration: 6.71 ms
Execution 1288 - TLS Mutual
s_connection: verify depth is 1
Handshake duration: 6.95 ms
Execution 1289 - TLS Mutual
s_connection: verify depth is 1
Handshake duration: 6.73 ms
Execution 1290 - TLS Mutual
s_connection: verify depth is 1
Handshake duration: 6.65 ms
Execution 1291 - TLS Mutual
s_connection: verify depth is 1
Handshake duration: 6.87 ms
Execution 1292 - TLS Mutual
s_connection: verify depth is 1
Handshake duration: 6.69 ms
Execution 1293 - TLS Mutual
s_connection: verify depth is 1
Handshake duration: 6.64 ms
Execution 1294 - TLS Mutual
s_connection: verify depth is 1
Handshake duration: 6.73 ms
Execution 1295 - TLS Mutual
s_connection: verify depth is 1
Handshake duration: 6.70 ms
Execution 1296 - TLS Mutual
s_connection: verify depth is 1
Handshake duration: 7.18 ms
Execution 1297 - TLS Mutual
s_connection: verify depth is 1
Handshake duration: 7.28 ms
Execution 1298 - TLS Mutual
s_connection: verify depth is 1
Handshake duration: 7.27 ms
Execution 1299 - TLS Mutual
s_connection: verify depth is 1
Handshake duration: 7.07 ms
Execution 1300 - TLS Mutual
s_connection: verify depth is 1
Handshake duration: 6.72 ms
Execution 1301 - TLS Mutual
s_connection: verify depth is 1
Handshake duration: 6.70 ms
Execution 1302 - TLS Mutual
s_connection: verify depth is 1
Handshake duration: 7.03 ms
Execution 1303 - TLS Mutual
s_connection: verify depth is 1
Handshake duration: 7.06 ms
Execution 1304 - TLS Mutual
s_connection: verify depth is 1
Handshake duration: 6.63 ms
Execution 1305 - TLS Mutual
s_connection: verify depth is 1
Handshake duration: 6.65 ms
Execution 1306 - TLS Mutual
s_connection: verify depth is 1
Handshake duration: 6.64 ms
Execution 1307 - TLS Mutual
s_connection: verify depth is 1
Handshake duration: 6.84 ms
Execution 1308 - TLS Mutual
s_connection: verify depth is 1
Handshake duration: 6.55 ms
Execution 1309 - TLS Mutual
s_connection: verify depth is 1
Handshake duration: 7.03 ms
Execution 1310 - TLS Mutual
s_connection: verify depth is 1
Handshake duration: 6.61 ms
Execution 1311 - TLS Mutual
s_connection: verify depth is 1
Handshake duration: 6.71 ms
Execution 1312 - TLS Mutual
s_connection: verify depth is 1
Handshake duration: 6.97 ms
Execution 1313 - TLS Mutual
s_connection: verify depth is 1
Handshake duration: 6.67 ms
Execution 1314 - TLS Mutual
s_connection: verify depth is 1
Handshake duration: 6.95 ms
Execution 1315 - TLS Mutual
s_connection: verify depth is 1
Handshake duration: 6.67 ms
Execution 1316 - TLS Mutual
s_connection: verify depth is 1
Handshake duration: 7.01 ms
Execution 1317 - TLS Mutual
s_connection: verify depth is 1
Handshake duration: 6.78 ms
Execution 1318 - TLS Mutual
s_connection: verify depth is 1
Handshake duration: 6.71 ms
Execution 1319 - TLS Mutual
s_connection: verify depth is 1
Handshake duration: 7.15 ms
Execution 1320 - TLS Mutual
s_connection: verify depth is 1
Handshake duration: 6.60 ms
Execution 1321 - TLS Mutual
s_connection: verify depth is 1
Handshake duration: 6.97 ms
Execution 1322 - TLS Mutual
s_connection: verify depth is 1
Handshake duration: 6.65 ms
Execution 1323 - TLS Mutual
s_connection: verify depth is 1
Handshake duration: 6.89 ms
Execution 1324 - TLS Mutual
s_connection: verify depth is 1
Handshake duration: 6.75 ms
Execution 1325 - TLS Mutual
s_connection: verify depth is 1
Handshake duration: 6.76 ms
Execution 1326 - TLS Mutual
s_connection: verify depth is 1
Handshake duration: 6.79 ms
Execution 1327 - TLS Mutual
s_connection: verify depth is 1
Handshake duration: 6.57 ms
Execution 1328 - TLS Mutual
s_connection: verify depth is 1
Handshake duration: 6.70 ms
Execution 1329 - TLS Mutual
s_connection: verify depth is 1
Handshake duration: 6.62 ms
Execution 1330 - TLS Mutual
s_connection: verify depth is 1
Handshake duration: 6.66 ms
Execution 1331 - TLS Mutual
s_connection: verify depth is 1
Handshake duration: 6.73 ms
Execution 1332 - TLS Mutual
s_connection: verify depth is 1
Handshake duration: 6.86 ms
Execution 1333 - TLS Mutual
s_connection: verify depth is 1
Handshake duration: 6.87 ms
Execution 1334 - TLS Mutual
s_connection: verify depth is 1
Handshake duration: 6.59 ms
Execution 1335 - TLS Mutual
s_connection: verify depth is 1
Handshake duration: 6.97 ms
Execution 1336 - TLS Mutual
s_connection: verify depth is 1
Handshake duration: 6.67 ms
Execution 1337 - TLS Mutual
s_connection: verify depth is 1
Handshake duration: 6.74 ms
Execution 1338 - TLS Mutual
s_connection: verify depth is 1
Handshake duration: 7.17 ms
Execution 1339 - TLS Mutual
s_connection: verify depth is 1
Handshake duration: 7.07 ms
Execution 1340 - TLS Mutual
s_connection: verify depth is 1
Handshake duration: 6.57 ms
Execution 1341 - TLS Mutual
s_connection: verify depth is 1
Handshake duration: 6.87 ms
Execution 1342 - TLS Mutual
s_connection: verify depth is 1
Handshake duration: 6.53 ms
Execution 1343 - TLS Mutual
s_connection: verify depth is 1
Handshake duration: 7.04 ms
Execution 1344 - TLS Mutual
s_connection: verify depth is 1
Handshake duration: 7.01 ms
Execution 1345 - TLS Mutual
s_connection: verify depth is 1
Handshake duration: 6.83 ms
Execution 1346 - TLS Mutual
s_connection: verify depth is 1
Handshake duration: 7.05 ms
Execution 1347 - TLS Mutual
s_connection: verify depth is 1
Handshake duration: 7.02 ms
Execution 1348 - TLS Mutual
s_connection: verify depth is 1
Handshake duration: 7.01 ms
Execution 1349 - TLS Mutual
s_connection: verify depth is 1
Handshake duration: 7.65 ms
Execution 1350 - TLS Mutual
s_connection: verify depth is 1
Handshake duration: 6.71 ms
Execution 1351 - TLS Mutual
s_connection: verify depth is 1
Handshake duration: 7.40 ms
Execution 1352 - TLS Mutual
s_connection: verify depth is 1
Handshake duration: 6.62 ms
Execution 1353 - TLS Mutual
s_connection: verify depth is 1
Handshake duration: 6.64 ms
Execution 1354 - TLS Mutual
s_connection: verify depth is 1
Handshake duration: 6.81 ms
Execution 1355 - TLS Mutual
s_connection: verify depth is 1
Handshake duration: 6.72 ms
Execution 1356 - TLS Mutual
s_connection: verify depth is 1
Handshake duration: 6.56 ms
Execution 1357 - TLS Mutual
s_connection: verify depth is 1
Handshake duration: 7.11 ms
Execution 1358 - TLS Mutual
s_connection: verify depth is 1
Handshake duration: 6.65 ms
Execution 1359 - TLS Mutual
s_connection: verify depth is 1
Handshake duration: 6.65 ms
Execution 1360 - TLS Mutual
s_connection: verify depth is 1
Handshake duration: 6.77 ms
Execution 1361 - TLS Mutual
s_connection: verify depth is 1
Handshake duration: 6.79 ms
Execution 1362 - TLS Mutual
s_connection: verify depth is 1
Handshake duration: 6.75 ms
Execution 1363 - TLS Mutual
s_connection: verify depth is 1
Handshake duration: 6.92 ms
Execution 1364 - TLS Mutual
s_connection: verify depth is 1
Handshake duration: 6.57 ms
Execution 1365 - TLS Mutual
s_connection: verify depth is 1
Handshake duration: 6.53 ms
Execution 1366 - TLS Mutual
s_connection: verify depth is 1
Handshake duration: 6.83 ms
Execution 1367 - TLS Mutual
s_connection: verify depth is 1
Handshake duration: 7.31 ms
Execution 1368 - TLS Mutual
s_connection: verify depth is 1
Handshake duration: 7.13 ms
Execution 1369 - TLS Mutual
s_connection: verify depth is 1
Handshake duration: 6.80 ms
Execution 1370 - TLS Mutual
s_connection: verify depth is 1
Handshake duration: 6.79 ms
Execution 1371 - TLS Mutual
s_connection: verify depth is 1
Handshake duration: 7.25 ms
Execution 1372 - TLS Mutual
s_connection: verify depth is 1
Handshake duration: 6.85 ms
Execution 1373 - TLS Mutual
s_connection: verify depth is 1
Handshake duration: 6.90 ms
Execution 1374 - TLS Mutual
s_connection: verify depth is 1
Handshake duration: 6.57 ms
Execution 1375 - TLS Mutual
s_connection: verify depth is 1
Handshake duration: 6.77 ms
Execution 1376 - TLS Mutual
s_connection: verify depth is 1
Handshake duration: 6.71 ms
Execution 1377 - TLS Mutual
s_connection: verify depth is 1
Handshake duration: 6.55 ms
Execution 1378 - TLS Mutual
s_connection: verify depth is 1
Handshake duration: 6.70 ms
Execution 1379 - TLS Mutual
s_connection: verify depth is 1
Handshake duration: 6.62 ms
Execution 1380 - TLS Mutual
s_connection: verify depth is 1
Handshake duration: 6.86 ms
Execution 1381 - TLS Mutual
s_connection: verify depth is 1
Handshake duration: 6.82 ms
Execution 1382 - TLS Mutual
s_connection: verify depth is 1
Handshake duration: 6.93 ms
Execution 1383 - TLS Mutual
s_connection: verify depth is 1
Handshake duration: 6.66 ms
Execution 1384 - TLS Mutual
s_connection: verify depth is 1
Handshake duration: 6.99 ms
Execution 1385 - TLS Mutual
s_connection: verify depth is 1
Handshake duration: 6.64 ms
Execution 1386 - TLS Mutual
s_connection: verify depth is 1
Handshake duration: 6.72 ms
Execution 1387 - TLS Mutual
s_connection: verify depth is 1
Handshake duration: 6.53 ms
Execution 1388 - TLS Mutual
s_connection: verify depth is 1
Handshake duration: 6.95 ms
Execution 1389 - TLS Mutual
s_connection: verify depth is 1
Handshake duration: 7.72 ms
Execution 1390 - TLS Mutual
s_connection: verify depth is 1
Handshake duration: 6.60 ms
Execution 1391 - TLS Mutual
s_connection: verify depth is 1
Handshake duration: 6.87 ms
Execution 1392 - TLS Mutual
s_connection: verify depth is 1
Handshake duration: 7.17 ms
Execution 1393 - TLS Mutual
s_connection: verify depth is 1
Handshake duration: 6.71 ms
Execution 1394 - TLS Mutual
s_connection: verify depth is 1
Handshake duration: 6.91 ms
Execution 1395 - TLS Mutual
s_connection: verify depth is 1
Handshake duration: 6.83 ms
Execution 1396 - TLS Mutual
s_connection: verify depth is 1
Handshake duration: 6.65 ms
Execution 1397 - TLS Mutual
s_connection: verify depth is 1
Handshake duration: 6.78 ms
Execution 1398 - TLS Mutual
s_connection: verify depth is 1
Handshake duration: 6.79 ms
Execution 1399 - TLS Mutual
s_connection: verify depth is 1
Handshake duration: 6.80 ms
Execution 1400 - TLS Mutual
s_connection: verify depth is 1
Handshake duration: 6.73 ms
Execution 1401 - TLS Mutual
s_connection: verify depth is 1
Handshake duration: 6.66 ms
Execution 1402 - TLS Mutual
s_connection: verify depth is 1
Handshake duration: 6.60 ms
Execution 1403 - TLS Mutual
s_connection: verify depth is 1
Handshake duration: 6.58 ms
Execution 1404 - TLS Mutual
s_connection: verify depth is 1
Handshake duration: 6.82 ms
Execution 1405 - TLS Mutual
s_connection: verify depth is 1
Handshake duration: 6.61 ms
Execution 1406 - TLS Mutual
s_connection: verify depth is 1
Handshake duration: 6.68 ms
Execution 1407 - TLS Mutual
s_connection: verify depth is 1
Handshake duration: 6.65 ms
Execution 1408 - TLS Mutual
s_connection: verify depth is 1
Handshake duration: 6.81 ms
Execution 1409 - TLS Mutual
s_connection: verify depth is 1
Handshake duration: 8.12 ms
Execution 1410 - TLS Mutual
s_connection: verify depth is 1
Handshake duration: 6.85 ms
Execution 1411 - TLS Mutual
s_connection: verify depth is 1
Handshake duration: 6.52 ms
Execution 1412 - TLS Mutual
s_connection: verify depth is 1
Handshake duration: 7.04 ms
Execution 1413 - TLS Mutual
s_connection: verify depth is 1
Handshake duration: 6.86 ms
Execution 1414 - TLS Mutual
s_connection: verify depth is 1
Handshake duration: 6.74 ms
Execution 1415 - TLS Mutual
s_connection: verify depth is 1
Handshake duration: 7.03 ms
Execution 1416 - TLS Mutual
s_connection: verify depth is 1
Handshake duration: 6.84 ms
Execution 1417 - TLS Mutual
s_connection: verify depth is 1
Handshake duration: 6.80 ms
Execution 1418 - TLS Mutual
s_connection: verify depth is 1
Handshake duration: 6.65 ms
Execution 1419 - TLS Mutual
s_connection: verify depth is 1
Handshake duration: 6.59 ms
Execution 1420 - TLS Mutual
s_connection: verify depth is 1
Handshake duration: 7.06 ms
Execution 1421 - TLS Mutual
s_connection: verify depth is 1
Handshake duration: 6.76 ms
Execution 1422 - TLS Mutual
s_connection: verify depth is 1
Handshake duration: 6.69 ms
Execution 1423 - TLS Mutual
s_connection: verify depth is 1
Handshake duration: 6.88 ms
Execution 1424 - TLS Mutual
s_connection: verify depth is 1
Handshake duration: 6.75 ms
Execution 1425 - TLS Mutual
s_connection: verify depth is 1
Handshake duration: 6.94 ms
Execution 1426 - TLS Mutual
s_connection: verify depth is 1
Handshake duration: 6.61 ms
Execution 1427 - TLS Mutual
s_connection: verify depth is 1
Handshake duration: 6.72 ms
Execution 1428 - TLS Mutual
s_connection: verify depth is 1
Handshake duration: 6.71 ms
Execution 1429 - TLS Mutual
s_connection: verify depth is 1
Handshake duration: 7.07 ms
Execution 1430 - TLS Mutual
s_connection: verify depth is 1
Handshake duration: 6.99 ms
Execution 1431 - TLS Mutual
s_connection: verify depth is 1
Handshake duration: 6.76 ms
Execution 1432 - TLS Mutual
s_connection: verify depth is 1
Handshake duration: 7.05 ms
Execution 1433 - TLS Mutual
s_connection: verify depth is 1
Handshake duration: 6.67 ms
Execution 1434 - TLS Mutual
s_connection: verify depth is 1
Handshake duration: 6.60 ms
Execution 1435 - TLS Mutual
s_connection: verify depth is 1
Handshake duration: 7.08 ms
Execution 1436 - TLS Mutual
s_connection: verify depth is 1
Handshake duration: 7.10 ms
Execution 1437 - TLS Mutual
s_connection: verify depth is 1
Handshake duration: 6.66 ms
Execution 1438 - TLS Mutual
s_connection: verify depth is 1
Handshake duration: 6.59 ms
Execution 1439 - TLS Mutual
s_connection: verify depth is 1
Handshake duration: 6.67 ms
Execution 1440 - TLS Mutual
s_connection: verify depth is 1
Handshake duration: 7.13 ms
Execution 1441 - TLS Mutual
s_connection: verify depth is 1
Handshake duration: 6.54 ms
Execution 1442 - TLS Mutual
s_connection: verify depth is 1
Handshake duration: 6.58 ms
Execution 1443 - TLS Mutual
s_connection: verify depth is 1
Handshake duration: 7.00 ms
Execution 1444 - TLS Mutual
s_connection: verify depth is 1
Handshake duration: 6.71 ms
Execution 1445 - TLS Mutual
s_connection: verify depth is 1
Handshake duration: 6.66 ms
Execution 1446 - TLS Mutual
s_connection: verify depth is 1
Handshake duration: 6.82 ms
Execution 1447 - TLS Mutual
s_connection: verify depth is 1
Handshake duration: 6.60 ms
Execution 1448 - TLS Mutual
s_connection: verify depth is 1
Handshake duration: 6.79 ms
Execution 1449 - TLS Mutual
s_connection: verify depth is 1
Handshake duration: 6.74 ms
Execution 1450 - TLS Mutual
s_connection: verify depth is 1
Handshake duration: 6.70 ms
Execution 1451 - TLS Mutual
s_connection: verify depth is 1
Handshake duration: 6.54 ms
Execution 1452 - TLS Mutual
s_connection: verify depth is 1
Handshake duration: 6.70 ms
Execution 1453 - TLS Mutual
s_connection: verify depth is 1
Handshake duration: 6.77 ms
Execution 1454 - TLS Mutual
s_connection: verify depth is 1
Handshake duration: 6.70 ms
Execution 1455 - TLS Mutual
s_connection: verify depth is 1
Handshake duration: 6.86 ms
Execution 1456 - TLS Mutual
s_connection: verify depth is 1
Handshake duration: 6.75 ms
Execution 1457 - TLS Mutual
s_connection: verify depth is 1
Handshake duration: 6.73 ms
Execution 1458 - TLS Mutual
s_connection: verify depth is 1
Handshake duration: 6.92 ms
Execution 1459 - TLS Mutual
s_connection: verify depth is 1
Handshake duration: 7.01 ms
Execution 1460 - TLS Mutual
s_connection: verify depth is 1
Handshake duration: 7.01 ms
Execution 1461 - TLS Mutual
s_connection: verify depth is 1
Handshake duration: 6.59 ms
Execution 1462 - TLS Mutual
s_connection: verify depth is 1
Handshake duration: 6.75 ms
Execution 1463 - TLS Mutual
s_connection: verify depth is 1
Handshake duration: 6.72 ms
Execution 1464 - TLS Mutual
s_connection: verify depth is 1
Handshake duration: 6.74 ms
Execution 1465 - TLS Mutual
s_connection: verify depth is 1
Handshake duration: 6.66 ms
Execution 1466 - TLS Mutual
s_connection: verify depth is 1
Handshake duration: 7.07 ms
Execution 1467 - TLS Mutual
s_connection: verify depth is 1
Handshake duration: 7.23 ms
Execution 1468 - TLS Mutual
s_connection: verify depth is 1
Handshake duration: 7.05 ms
Execution 1469 - TLS Mutual
s_connection: verify depth is 1
Handshake duration: 7.36 ms
Execution 1470 - TLS Mutual
s_connection: verify depth is 1
Handshake duration: 6.77 ms
Execution 1471 - TLS Mutual
s_connection: verify depth is 1
Handshake duration: 6.69 ms
Execution 1472 - TLS Mutual
s_connection: verify depth is 1
Handshake duration: 6.67 ms
Execution 1473 - TLS Mutual
s_connection: verify depth is 1
Handshake duration: 6.62 ms
Execution 1474 - TLS Mutual
s_connection: verify depth is 1
Handshake duration: 6.88 ms
Execution 1475 - TLS Mutual
s_connection: verify depth is 1
Handshake duration: 6.67 ms
Execution 1476 - TLS Mutual
s_connection: verify depth is 1
Handshake duration: 6.66 ms
Execution 1477 - TLS Mutual
s_connection: verify depth is 1
Handshake duration: 8.03 ms
Execution 1478 - TLS Mutual
s_connection: verify depth is 1
Handshake duration: 7.00 ms
Execution 1479 - TLS Mutual
s_connection: verify depth is 1
Handshake duration: 6.67 ms
Execution 1480 - TLS Mutual
s_connection: verify depth is 1
Handshake duration: 6.57 ms
Execution 1481 - TLS Mutual
s_connection: verify depth is 1
Handshake duration: 7.14 ms
Execution 1482 - TLS Mutual
s_connection: verify depth is 1
Handshake duration: 6.74 ms
Execution 1483 - TLS Mutual
s_connection: verify depth is 1
Handshake duration: 6.70 ms
Execution 1484 - TLS Mutual
s_connection: verify depth is 1
Handshake duration: 6.95 ms
Execution 1485 - TLS Mutual
s_connection: verify depth is 1
Handshake duration: 6.75 ms
Execution 1486 - TLS Mutual
s_connection: verify depth is 1
Handshake duration: 6.83 ms
Execution 1487 - TLS Mutual
s_connection: verify depth is 1
Handshake duration: 6.64 ms
Execution 1488 - TLS Mutual
s_connection: verify depth is 1
Handshake duration: 6.71 ms
Execution 1489 - TLS Mutual
s_connection: verify depth is 1
Handshake duration: 6.78 ms
Execution 1490 - TLS Mutual
s_connection: verify depth is 1
Handshake duration: 6.66 ms
Execution 1491 - TLS Mutual
s_connection: verify depth is 1
Handshake duration: 7.02 ms
Execution 1492 - TLS Mutual
s_connection: verify depth is 1
Handshake duration: 6.79 ms
Execution 1493 - TLS Mutual
s_connection: verify depth is 1
Handshake duration: 6.56 ms
Execution 1494 - TLS Mutual
s_connection: verify depth is 1
Handshake duration: 7.25 ms
Execution 1495 - TLS Mutual
s_connection: verify depth is 1
Handshake duration: 6.97 ms
Execution 1496 - TLS Mutual
s_connection: verify depth is 1
Handshake duration: 7.29 ms
Execution 1497 - TLS Mutual
s_connection: verify depth is 1
Handshake duration: 6.95 ms
Execution 1498 - TLS Mutual
s_connection: verify depth is 1
Handshake duration: 6.59 ms
Execution 1499 - TLS Mutual
s_connection: verify depth is 1
Handshake duration: 6.81 ms
Execution 1500 - TLS Mutual
s_connection: verify depth is 1
Handshake duration: 7.67 ms
Execution 1501 - TLS Mutual
s_connection: verify depth is 1
Handshake duration: 6.95 ms
Execution 1502 - TLS Mutual
s_connection: verify depth is 1
Handshake duration: 6.60 ms
Execution 1503 - TLS Mutual
s_connection: verify depth is 1
Handshake duration: 6.66 ms
Execution 1504 - TLS Mutual
s_connection: verify depth is 1
Handshake duration: 6.85 ms
Execution 1505 - TLS Mutual
s_connection: verify depth is 1
Handshake duration: 6.79 ms
Execution 1506 - TLS Mutual
s_connection: verify depth is 1
Handshake duration: 7.03 ms
Execution 1507 - TLS Mutual
s_connection: verify depth is 1
Handshake duration: 7.27 ms
Execution 1508 - TLS Mutual
s_connection: verify depth is 1
Handshake duration: 6.63 ms
Execution 1509 - TLS Mutual
s_connection: verify depth is 1
Handshake duration: 6.97 ms
Execution 1510 - TLS Mutual
s_connection: verify depth is 1
Handshake duration: 6.94 ms
Execution 1511 - TLS Mutual
s_connection: verify depth is 1
Handshake duration: 6.56 ms
Execution 1512 - TLS Mutual
s_connection: verify depth is 1
Handshake duration: 7.05 ms
Execution 1513 - TLS Mutual
s_connection: verify depth is 1
Handshake duration: 7.22 ms
Execution 1514 - TLS Mutual
s_connection: verify depth is 1
Handshake duration: 6.86 ms
Execution 1515 - TLS Mutual
s_connection: verify depth is 1
Handshake duration: 6.59 ms
Execution 1516 - TLS Mutual
s_connection: verify depth is 1
Handshake duration: 6.53 ms
Execution 1517 - TLS Mutual
s_connection: verify depth is 1
Handshake duration: 6.86 ms
Execution 1518 - TLS Mutual
s_connection: verify depth is 1
Handshake duration: 7.18 ms
Execution 1519 - TLS Mutual
s_connection: verify depth is 1
Handshake duration: 6.62 ms
Execution 1520 - TLS Mutual
s_connection: verify depth is 1
Handshake duration: 6.65 ms
Execution 1521 - TLS Mutual
s_connection: verify depth is 1
Handshake duration: 7.49 ms
Execution 1522 - TLS Mutual
s_connection: verify depth is 1
Handshake duration: 6.90 ms
Execution 1523 - TLS Mutual
s_connection: verify depth is 1
Handshake duration: 6.92 ms
Execution 1524 - TLS Mutual
s_connection: verify depth is 1
Handshake duration: 6.75 ms
Execution 1525 - TLS Mutual
s_connection: verify depth is 1
Handshake duration: 6.61 ms
Execution 1526 - TLS Mutual
s_connection: verify depth is 1
Handshake duration: 6.78 ms
Execution 1527 - TLS Mutual
s_connection: verify depth is 1
Handshake duration: 7.73 ms
Execution 1528 - TLS Mutual
s_connection: verify depth is 1
Handshake duration: 7.26 ms
Execution 1529 - TLS Mutual
s_connection: verify depth is 1
Handshake duration: 16.77 ms
Execution 1530 - TLS Mutual
s_connection: verify depth is 1
Handshake duration: 6.82 ms
Execution 1531 - TLS Mutual
s_connection: verify depth is 1
Handshake duration: 7.03 ms
Execution 1532 - TLS Mutual
s_connection: verify depth is 1
Handshake duration: 6.70 ms
Execution 1533 - TLS Mutual
s_connection: verify depth is 1
Handshake duration: 6.91 ms
Execution 1534 - TLS Mutual
s_connection: verify depth is 1
Handshake duration: 6.64 ms
Execution 1535 - TLS Mutual
s_connection: verify depth is 1
Handshake duration: 6.95 ms
Execution 1536 - TLS Mutual
s_connection: verify depth is 1
Handshake duration: 6.75 ms
Execution 1537 - TLS Mutual
s_connection: verify depth is 1
Handshake duration: 6.55 ms
Execution 1538 - TLS Mutual
s_connection: verify depth is 1
Handshake duration: 6.59 ms
Execution 1539 - TLS Mutual
s_connection: verify depth is 1
Handshake duration: 7.31 ms
Execution 1540 - TLS Mutual
s_connection: verify depth is 1
Handshake duration: 6.62 ms
Execution 1541 - TLS Mutual
s_connection: verify depth is 1
Handshake duration: 6.72 ms
Execution 1542 - TLS Mutual
s_connection: verify depth is 1
Handshake duration: 6.73 ms
Execution 1543 - TLS Mutual
s_connection: verify depth is 1
Handshake duration: 6.61 ms
Execution 1544 - TLS Mutual
s_connection: verify depth is 1
Handshake duration: 6.60 ms
Execution 1545 - TLS Mutual
s_connection: verify depth is 1
Handshake duration: 6.54 ms
Execution 1546 - TLS Mutual
s_connection: verify depth is 1
Handshake duration: 7.13 ms
Execution 1547 - TLS Mutual
s_connection: verify depth is 1
Handshake duration: 6.51 ms
Execution 1548 - TLS Mutual
s_connection: verify depth is 1
Handshake duration: 6.84 ms
Execution 1549 - TLS Mutual
s_connection: verify depth is 1
Handshake duration: 6.76 ms
Execution 1550 - TLS Mutual
s_connection: verify depth is 1
Handshake duration: 7.46 ms
Execution 1551 - TLS Mutual
s_connection: verify depth is 1
Handshake duration: 6.56 ms
Execution 1552 - TLS Mutual
s_connection: verify depth is 1
Handshake duration: 6.80 ms
Execution 1553 - TLS Mutual
s_connection: verify depth is 1
Handshake duration: 6.75 ms
Execution 1554 - TLS Mutual
s_connection: verify depth is 1
Handshake duration: 7.04 ms
Execution 1555 - TLS Mutual
s_connection: verify depth is 1
Handshake duration: 6.65 ms
Execution 1556 - TLS Mutual
s_connection: verify depth is 1
Handshake duration: 6.78 ms
Execution 1557 - TLS Mutual
s_connection: verify depth is 1
Handshake duration: 7.71 ms
Execution 1558 - TLS Mutual
s_connection: verify depth is 1
Handshake duration: 6.63 ms
Execution 1559 - TLS Mutual
s_connection: verify depth is 1
Handshake duration: 6.85 ms
Execution 1560 - TLS Mutual
s_connection: verify depth is 1
Handshake duration: 6.58 ms
Execution 1561 - TLS Mutual
s_connection: verify depth is 1
Handshake duration: 7.09 ms
Execution 1562 - TLS Mutual
s_connection: verify depth is 1
Handshake duration: 6.62 ms
Execution 1563 - TLS Mutual
s_connection: verify depth is 1
Handshake duration: 6.85 ms
Execution 1564 - TLS Mutual
s_connection: verify depth is 1
Handshake duration: 6.58 ms
Execution 1565 - TLS Mutual
s_connection: verify depth is 1
Handshake duration: 7.39 ms
Execution 1566 - TLS Mutual
s_connection: verify depth is 1
Handshake duration: 6.53 ms
Execution 1567 - TLS Mutual
s_connection: verify depth is 1
Handshake duration: 6.55 ms
Execution 1568 - TLS Mutual
s_connection: verify depth is 1
Handshake duration: 6.49 ms
Execution 1569 - TLS Mutual
s_connection: verify depth is 1
Handshake duration: 7.48 ms
Execution 1570 - TLS Mutual
s_connection: verify depth is 1
Handshake duration: 6.82 ms
Execution 1571 - TLS Mutual
s_connection: verify depth is 1
Handshake duration: 7.34 ms
Execution 1572 - TLS Mutual
s_connection: verify depth is 1
Handshake duration: 6.71 ms
Execution 1573 - TLS Mutual
s_connection: verify depth is 1
Handshake duration: 6.83 ms
Execution 1574 - TLS Mutual
s_connection: verify depth is 1
Handshake duration: 6.83 ms
Execution 1575 - TLS Mutual
s_connection: verify depth is 1
Handshake duration: 6.54 ms
Execution 1576 - TLS Mutual
s_connection: verify depth is 1
Handshake duration: 6.63 ms
Execution 1577 - TLS Mutual
s_connection: verify depth is 1
Handshake duration: 6.63 ms
Execution 1578 - TLS Mutual
s_connection: verify depth is 1
Handshake duration: 6.74 ms
Execution 1579 - TLS Mutual
s_connection: verify depth is 1
Handshake duration: 6.50 ms
Execution 1580 - TLS Mutual
s_connection: verify depth is 1
Handshake duration: 6.52 ms
Execution 1581 - TLS Mutual
s_connection: verify depth is 1
Handshake duration: 6.95 ms
Execution 1582 - TLS Mutual
s_connection: verify depth is 1
Handshake duration: 7.14 ms
Execution 1583 - TLS Mutual
s_connection: verify depth is 1
Handshake duration: 6.60 ms
Execution 1584 - TLS Mutual
s_connection: verify depth is 1
Handshake duration: 6.83 ms
Execution 1585 - TLS Mutual
s_connection: verify depth is 1
Handshake duration: 6.82 ms
Execution 1586 - TLS Mutual
s_connection: verify depth is 1
Handshake duration: 7.05 ms
Execution 1587 - TLS Mutual
s_connection: verify depth is 1
Handshake duration: 7.53 ms
Execution 1588 - TLS Mutual
s_connection: verify depth is 1
Handshake duration: 6.72 ms
Execution 1589 - TLS Mutual
s_connection: verify depth is 1
Handshake duration: 6.64 ms
Execution 1590 - TLS Mutual
s_connection: verify depth is 1
Handshake duration: 7.03 ms
Execution 1591 - TLS Mutual
s_connection: verify depth is 1
Handshake duration: 6.64 ms
Execution 1592 - TLS Mutual
s_connection: verify depth is 1
Handshake duration: 6.59 ms
Execution 1593 - TLS Mutual
s_connection: verify depth is 1
Handshake duration: 7.85 ms
Execution 1594 - TLS Mutual
s_connection: verify depth is 1
Handshake duration: 6.79 ms
Execution 1595 - TLS Mutual
s_connection: verify depth is 1
Handshake duration: 6.79 ms
Execution 1596 - TLS Mutual
s_connection: verify depth is 1
Handshake duration: 6.62 ms
Execution 1597 - TLS Mutual
s_connection: verify depth is 1
Handshake duration: 6.79 ms
Execution 1598 - TLS Mutual
s_connection: verify depth is 1
Handshake duration: 6.87 ms
Execution 1599 - TLS Mutual
s_connection: verify depth is 1
Handshake duration: 7.49 ms
Execution 1600 - TLS Mutual
s_connection: verify depth is 1
Handshake duration: 6.67 ms
Execution 1601 - TLS Mutual
s_connection: verify depth is 1
Handshake duration: 6.89 ms
Execution 1602 - TLS Mutual
s_connection: verify depth is 1
Handshake duration: 6.53 ms
Execution 1603 - TLS Mutual
s_connection: verify depth is 1
Handshake duration: 6.98 ms
Execution 1604 - TLS Mutual
s_connection: verify depth is 1
Handshake duration: 6.74 ms
Execution 1605 - TLS Mutual
s_connection: verify depth is 1
Handshake duration: 6.96 ms
Execution 1606 - TLS Mutual
s_connection: verify depth is 1
Handshake duration: 6.68 ms
Execution 1607 - TLS Mutual
s_connection: verify depth is 1
Handshake duration: 6.86 ms
Execution 1608 - TLS Mutual
s_connection: verify depth is 1
Handshake duration: 6.58 ms
Execution 1609 - TLS Mutual
s_connection: verify depth is 1
Handshake duration: 6.96 ms
Execution 1610 - TLS Mutual
s_connection: verify depth is 1
Handshake duration: 6.94 ms
Execution 1611 - TLS Mutual
s_connection: verify depth is 1
Handshake duration: 7.03 ms
Execution 1612 - TLS Mutual
s_connection: verify depth is 1
Handshake duration: 7.33 ms
Execution 1613 - TLS Mutual
s_connection: verify depth is 1
Handshake duration: 6.56 ms
Execution 1614 - TLS Mutual
s_connection: verify depth is 1
Handshake duration: 7.10 ms
Execution 1615 - TLS Mutual
s_connection: verify depth is 1
Handshake duration: 6.55 ms
Execution 1616 - TLS Mutual
s_connection: verify depth is 1
Handshake duration: 6.81 ms
Execution 1617 - TLS Mutual
s_connection: verify depth is 1
Handshake duration: 6.75 ms
Execution 1618 - TLS Mutual
s_connection: verify depth is 1
Handshake duration: 6.68 ms
Execution 1619 - TLS Mutual
s_connection: verify depth is 1
Handshake duration: 6.84 ms
Execution 1620 - TLS Mutual
s_connection: verify depth is 1
Handshake duration: 7.10 ms
Execution 1621 - TLS Mutual
s_connection: verify depth is 1
Handshake duration: 6.57 ms
Execution 1622 - TLS Mutual
s_connection: verify depth is 1
Handshake duration: 6.91 ms
Execution 1623 - TLS Mutual
s_connection: verify depth is 1
Handshake duration: 7.13 ms
Execution 1624 - TLS Mutual
s_connection: verify depth is 1
Handshake duration: 8.69 ms
Execution 1625 - TLS Mutual
s_connection: verify depth is 1
Handshake duration: 6.59 ms
Execution 1626 - TLS Mutual
s_connection: verify depth is 1
Handshake duration: 7.04 ms
Execution 1627 - TLS Mutual
s_connection: verify depth is 1
Handshake duration: 6.74 ms
Execution 1628 - TLS Mutual
s_connection: verify depth is 1
Handshake duration: 6.83 ms
Execution 1629 - TLS Mutual
s_connection: verify depth is 1
Handshake duration: 6.59 ms
Execution 1630 - TLS Mutual
s_connection: verify depth is 1
Handshake duration: 6.99 ms
Execution 1631 - TLS Mutual
s_connection: verify depth is 1
Handshake duration: 6.53 ms
Execution 1632 - TLS Mutual
s_connection: verify depth is 1
Handshake duration: 6.69 ms
Execution 1633 - TLS Mutual
s_connection: verify depth is 1
Handshake duration: 6.61 ms
Execution 1634 - TLS Mutual
s_connection: verify depth is 1
Handshake duration: 7.00 ms
Execution 1635 - TLS Mutual
s_connection: verify depth is 1
Handshake duration: 6.79 ms
Execution 1636 - TLS Mutual
s_connection: verify depth is 1
Handshake duration: 6.55 ms
Execution 1637 - TLS Mutual
s_connection: verify depth is 1
Handshake duration: 6.60 ms
Execution 1638 - TLS Mutual
s_connection: verify depth is 1
Handshake duration: 6.70 ms
Execution 1639 - TLS Mutual
s_connection: verify depth is 1
Handshake duration: 6.82 ms
Execution 1640 - TLS Mutual
s_connection: verify depth is 1
Handshake duration: 8.73 ms
Execution 1641 - TLS Mutual
s_connection: verify depth is 1
Handshake duration: 6.94 ms
Execution 1642 - TLS Mutual
s_connection: verify depth is 1
Handshake duration: 7.05 ms
Execution 1643 - TLS Mutual
s_connection: verify depth is 1
Handshake duration: 8.83 ms
Execution 1644 - TLS Mutual
s_connection: verify depth is 1
Handshake duration: 6.94 ms
Execution 1645 - TLS Mutual
s_connection: verify depth is 1
Handshake duration: 6.72 ms
Execution 1646 - TLS Mutual
s_connection: verify depth is 1
Handshake duration: 8.19 ms
Execution 1647 - TLS Mutual
s_connection: verify depth is 1
Handshake duration: 6.92 ms
Execution 1648 - TLS Mutual
s_connection: verify depth is 1
Handshake duration: 6.73 ms
Execution 1649 - TLS Mutual
s_connection: verify depth is 1
Handshake duration: 6.55 ms
Execution 1650 - TLS Mutual
s_connection: verify depth is 1
Handshake duration: 6.79 ms
Execution 1651 - TLS Mutual
s_connection: verify depth is 1
Handshake duration: 6.56 ms
Execution 1652 - TLS Mutual
s_connection: verify depth is 1
Handshake duration: 6.65 ms
Execution 1653 - TLS Mutual
s_connection: verify depth is 1
Handshake duration: 6.55 ms
Execution 1654 - TLS Mutual
s_connection: verify depth is 1
Handshake duration: 7.07 ms
Execution 1655 - TLS Mutual
s_connection: verify depth is 1
Handshake duration: 7.24 ms
Execution 1656 - TLS Mutual
s_connection: verify depth is 1
Handshake duration: 7.03 ms
Execution 1657 - TLS Mutual
s_connection: verify depth is 1
Handshake duration: 6.52 ms
Execution 1658 - TLS Mutual
s_connection: verify depth is 1
Handshake duration: 6.74 ms
Execution 1659 - TLS Mutual
s_connection: verify depth is 1
Handshake duration: 7.12 ms
Execution 1660 - TLS Mutual
s_connection: verify depth is 1
Handshake duration: 6.91 ms
Execution 1661 - TLS Mutual
s_connection: verify depth is 1
Handshake duration: 6.89 ms
Execution 1662 - TLS Mutual
s_connection: verify depth is 1
Handshake duration: 6.76 ms
Execution 1663 - TLS Mutual
s_connection: verify depth is 1
Handshake duration: 7.05 ms
Execution 1664 - TLS Mutual
s_connection: verify depth is 1
Handshake duration: 6.67 ms
Execution 1665 - TLS Mutual
s_connection: verify depth is 1
Handshake duration: 6.96 ms
Execution 1666 - TLS Mutual
s_connection: verify depth is 1
Handshake duration: 6.64 ms
Execution 1667 - TLS Mutual
s_connection: verify depth is 1
Handshake duration: 7.06 ms
Execution 1668 - TLS Mutual
s_connection: verify depth is 1
Handshake duration: 6.63 ms
Execution 1669 - TLS Mutual
s_connection: verify depth is 1
Handshake duration: 6.84 ms
Execution 1670 - TLS Mutual
s_connection: verify depth is 1
Handshake duration: 6.87 ms
Execution 1671 - TLS Mutual
s_connection: verify depth is 1
Handshake duration: 6.59 ms
Execution 1672 - TLS Mutual
s_connection: verify depth is 1
Handshake duration: 6.67 ms
Execution 1673 - TLS Mutual
s_connection: verify depth is 1
Handshake duration: 6.75 ms
Execution 1674 - TLS Mutual
s_connection: verify depth is 1
Handshake duration: 7.11 ms
Execution 1675 - TLS Mutual
s_connection: verify depth is 1
Handshake duration: 7.05 ms
Execution 1676 - TLS Mutual
s_connection: verify depth is 1
Handshake duration: 7.05 ms
Execution 1677 - TLS Mutual
s_connection: verify depth is 1
Handshake duration: 6.96 ms
Execution 1678 - TLS Mutual
s_connection: verify depth is 1
Handshake duration: 6.62 ms
Execution 1679 - TLS Mutual
s_connection: verify depth is 1
Handshake duration: 7.40 ms
Execution 1680 - TLS Mutual
s_connection: verify depth is 1
Handshake duration: 6.62 ms
Execution 1681 - TLS Mutual
s_connection: verify depth is 1
Handshake duration: 6.60 ms
Execution 1682 - TLS Mutual
s_connection: verify depth is 1
Handshake duration: 7.12 ms
Execution 1683 - TLS Mutual
s_connection: verify depth is 1
Handshake duration: 6.50 ms
Execution 1684 - TLS Mutual
s_connection: verify depth is 1
Handshake duration: 6.73 ms
Execution 1685 - TLS Mutual
s_connection: verify depth is 1
Handshake duration: 6.94 ms
Execution 1686 - TLS Mutual
s_connection: verify depth is 1
Handshake duration: 7.43 ms
Execution 1687 - TLS Mutual
s_connection: verify depth is 1
Handshake duration: 7.20 ms
Execution 1688 - TLS Mutual
s_connection: verify depth is 1
Handshake duration: 6.80 ms
Execution 1689 - TLS Mutual
s_connection: verify depth is 1
Handshake duration: 6.75 ms
Execution 1690 - TLS Mutual
s_connection: verify depth is 1
Handshake duration: 6.72 ms
Execution 1691 - TLS Mutual
s_connection: verify depth is 1
Handshake duration: 6.65 ms
Execution 1692 - TLS Mutual
s_connection: verify depth is 1
Handshake duration: 6.61 ms
Execution 1693 - TLS Mutual
s_connection: verify depth is 1
Handshake duration: 7.03 ms
Execution 1694 - TLS Mutual
s_connection: verify depth is 1
Handshake duration: 6.64 ms
Execution 1695 - TLS Mutual
s_connection: verify depth is 1
Handshake duration: 6.80 ms
Execution 1696 - TLS Mutual
s_connection: verify depth is 1
Handshake duration: 7.72 ms
Execution 1697 - TLS Mutual
s_connection: verify depth is 1
Handshake duration: 6.54 ms
Execution 1698 - TLS Mutual
s_connection: verify depth is 1
Handshake duration: 6.59 ms
Execution 1699 - TLS Mutual
s_connection: verify depth is 1
Handshake duration: 6.55 ms
Execution 1700 - TLS Mutual
s_connection: verify depth is 1
Handshake duration: 6.72 ms
Execution 1701 - TLS Mutual
s_connection: verify depth is 1
Handshake duration: 7.20 ms
Execution 1702 - TLS Mutual
s_connection: verify depth is 1
Handshake duration: 6.98 ms
Execution 1703 - TLS Mutual
s_connection: verify depth is 1
Handshake duration: 6.74 ms
Execution 1704 - TLS Mutual
s_connection: verify depth is 1
Handshake duration: 6.94 ms
Execution 1705 - TLS Mutual
s_connection: verify depth is 1
Handshake duration: 6.61 ms
Execution 1706 - TLS Mutual
s_connection: verify depth is 1
Handshake duration: 6.84 ms
Execution 1707 - TLS Mutual
s_connection: verify depth is 1
Handshake duration: 6.86 ms
Execution 1708 - TLS Mutual
s_connection: verify depth is 1
Handshake duration: 6.88 ms
Execution 1709 - TLS Mutual
s_connection: verify depth is 1
Handshake duration: 7.02 ms
Execution 1710 - TLS Mutual
s_connection: verify depth is 1
Handshake duration: 7.04 ms
Execution 1711 - TLS Mutual
s_connection: verify depth is 1
Handshake duration: 6.70 ms
Execution 1712 - TLS Mutual
s_connection: verify depth is 1
Handshake duration: 6.62 ms
Execution 1713 - TLS Mutual
s_connection: verify depth is 1
Handshake duration: 7.47 ms
Execution 1714 - TLS Mutual
s_connection: verify depth is 1
Handshake duration: 7.57 ms
Execution 1715 - TLS Mutual
s_connection: verify depth is 1
Handshake duration: 6.64 ms
Execution 1716 - TLS Mutual
s_connection: verify depth is 1
Handshake duration: 6.60 ms
Execution 1717 - TLS Mutual
s_connection: verify depth is 1
Handshake duration: 6.86 ms
Execution 1718 - TLS Mutual
s_connection: verify depth is 1
Handshake duration: 6.78 ms
Execution 1719 - TLS Mutual
s_connection: verify depth is 1
Handshake duration: 6.86 ms
Execution 1720 - TLS Mutual
s_connection: verify depth is 1
Handshake duration: 7.02 ms
Execution 1721 - TLS Mutual
s_connection: verify depth is 1
Handshake duration: 6.63 ms
Execution 1722 - TLS Mutual
s_connection: verify depth is 1
Handshake duration: 6.84 ms
Execution 1723 - TLS Mutual
s_connection: verify depth is 1
Handshake duration: 6.67 ms
Execution 1724 - TLS Mutual
s_connection: verify depth is 1
Handshake duration: 6.61 ms
Execution 1725 - TLS Mutual
s_connection: verify depth is 1
Handshake duration: 6.81 ms
Execution 1726 - TLS Mutual
s_connection: verify depth is 1
Handshake duration: 7.08 ms
Execution 1727 - TLS Mutual
s_connection: verify depth is 1
Handshake duration: 6.57 ms
Execution 1728 - TLS Mutual
s_connection: verify depth is 1
Handshake duration: 6.65 ms
Execution 1729 - TLS Mutual
s_connection: verify depth is 1
Handshake duration: 6.74 ms
Execution 1730 - TLS Mutual
s_connection: verify depth is 1
Handshake duration: 7.05 ms
Execution 1731 - TLS Mutual
s_connection: verify depth is 1
Handshake duration: 6.52 ms
Execution 1732 - TLS Mutual
s_connection: verify depth is 1
Handshake duration: 7.05 ms
Execution 1733 - TLS Mutual
s_connection: verify depth is 1
Handshake duration: 6.57 ms
Execution 1734 - TLS Mutual
s_connection: verify depth is 1
Handshake duration: 6.87 ms
Execution 1735 - TLS Mutual
s_connection: verify depth is 1
Handshake duration: 7.05 ms
Execution 1736 - TLS Mutual
s_connection: verify depth is 1
Handshake duration: 6.61 ms
Execution 1737 - TLS Mutual
s_connection: verify depth is 1
Handshake duration: 6.67 ms
Execution 1738 - TLS Mutual
s_connection: verify depth is 1
Handshake duration: 7.25 ms
Execution 1739 - TLS Mutual
s_connection: verify depth is 1
Handshake duration: 6.61 ms
Execution 1740 - TLS Mutual
s_connection: verify depth is 1
Handshake duration: 6.93 ms
Execution 1741 - TLS Mutual
s_connection: verify depth is 1
Handshake duration: 6.87 ms
Execution 1742 - TLS Mutual
s_connection: verify depth is 1
Handshake duration: 6.65 ms
Execution 1743 - TLS Mutual
s_connection: verify depth is 1
Handshake duration: 6.66 ms
Execution 1744 - TLS Mutual
s_connection: verify depth is 1
Handshake duration: 6.81 ms
Execution 1745 - TLS Mutual
s_connection: verify depth is 1
Handshake duration: 6.81 ms
Execution 1746 - TLS Mutual
s_connection: verify depth is 1
Handshake duration: 6.54 ms
Execution 1747 - TLS Mutual
s_connection: verify depth is 1
Handshake duration: 7.02 ms
Execution 1748 - TLS Mutual
s_connection: verify depth is 1
Handshake duration: 7.12 ms
Execution 1749 - TLS Mutual
s_connection: verify depth is 1
Handshake duration: 6.67 ms
Execution 1750 - TLS Mutual
s_connection: verify depth is 1
Handshake duration: 6.52 ms
Execution 1751 - TLS Mutual
s_connection: verify depth is 1
Handshake duration: 6.57 ms
Execution 1752 - TLS Mutual
s_connection: verify depth is 1
Handshake duration: 6.65 ms
Execution 1753 - TLS Mutual
s_connection: verify depth is 1
Handshake duration: 7.31 ms
Execution 1754 - TLS Mutual
s_connection: verify depth is 1
Handshake duration: 7.36 ms
Execution 1755 - TLS Mutual
s_connection: verify depth is 1
Handshake duration: 7.09 ms
Execution 1756 - TLS Mutual
s_connection: verify depth is 1
Handshake duration: 6.87 ms
Execution 1757 - TLS Mutual
s_connection: verify depth is 1
Handshake duration: 6.58 ms
Execution 1758 - TLS Mutual
s_connection: verify depth is 1
Handshake duration: 6.68 ms
Execution 1759 - TLS Mutual
s_connection: verify depth is 1
Handshake duration: 6.64 ms
Execution 1760 - TLS Mutual
s_connection: verify depth is 1
Handshake duration: 6.92 ms
Execution 1761 - TLS Mutual
s_connection: verify depth is 1
Handshake duration: 6.77 ms
Execution 1762 - TLS Mutual
s_connection: verify depth is 1
Handshake duration: 6.60 ms
Execution 1763 - TLS Mutual
s_connection: verify depth is 1
Handshake duration: 6.94 ms
Execution 1764 - TLS Mutual
s_connection: verify depth is 1
Handshake duration: 6.58 ms
Execution 1765 - TLS Mutual
s_connection: verify depth is 1
Handshake duration: 6.52 ms
Execution 1766 - TLS Mutual
s_connection: verify depth is 1
Handshake duration: 6.68 ms
Execution 1767 - TLS Mutual
s_connection: verify depth is 1
Handshake duration: 6.76 ms
Execution 1768 - TLS Mutual
s_connection: verify depth is 1
Handshake duration: 7.19 ms
Execution 1769 - TLS Mutual
s_connection: verify depth is 1
Handshake duration: 6.72 ms
Execution 1770 - TLS Mutual
s_connection: verify depth is 1
Handshake duration: 6.94 ms
Execution 1771 - TLS Mutual
s_connection: verify depth is 1
Handshake duration: 6.62 ms
Execution 1772 - TLS Mutual
s_connection: verify depth is 1
Handshake duration: 7.26 ms
Execution 1773 - TLS Mutual
s_connection: verify depth is 1
Handshake duration: 6.71 ms
Execution 1774 - TLS Mutual
s_connection: verify depth is 1
Handshake duration: 6.86 ms
Execution 1775 - TLS Mutual
s_connection: verify depth is 1
Handshake duration: 6.50 ms
Execution 1776 - TLS Mutual
s_connection: verify depth is 1
Handshake duration: 6.78 ms
Execution 1777 - TLS Mutual
s_connection: verify depth is 1
Handshake duration: 6.77 ms
Execution 1778 - TLS Mutual
s_connection: verify depth is 1
Handshake duration: 6.83 ms
Execution 1779 - TLS Mutual
s_connection: verify depth is 1
Handshake duration: 7.14 ms
Execution 1780 - TLS Mutual
s_connection: verify depth is 1
Handshake duration: 6.71 ms
Execution 1781 - TLS Mutual
s_connection: verify depth is 1
Handshake duration: 6.63 ms
Execution 1782 - TLS Mutual
s_connection: verify depth is 1
Handshake duration: 6.70 ms
Execution 1783 - TLS Mutual
s_connection: verify depth is 1
Handshake duration: 6.64 ms
Execution 1784 - TLS Mutual
s_connection: verify depth is 1
Handshake duration: 6.73 ms
Execution 1785 - TLS Mutual
s_connection: verify depth is 1
Handshake duration: 6.78 ms
Execution 1786 - TLS Mutual
s_connection: verify depth is 1
Handshake duration: 6.67 ms
Execution 1787 - TLS Mutual
s_connection: verify depth is 1
Handshake duration: 6.54 ms
Execution 1788 - TLS Mutual
s_connection: verify depth is 1
Handshake duration: 6.80 ms
Execution 1789 - TLS Mutual
s_connection: verify depth is 1
Handshake duration: 7.47 ms
Execution 1790 - TLS Mutual
s_connection: verify depth is 1
Handshake duration: 7.54 ms
Execution 1791 - TLS Mutual
s_connection: verify depth is 1
Handshake duration: 6.53 ms
Execution 1792 - TLS Mutual
s_connection: verify depth is 1
Handshake duration: 7.04 ms
Execution 1793 - TLS Mutual
s_connection: verify depth is 1
Handshake duration: 7.07 ms
Execution 1794 - TLS Mutual
s_connection: verify depth is 1
Handshake duration: 6.67 ms
Execution 1795 - TLS Mutual
s_connection: verify depth is 1
Handshake duration: 6.85 ms
Execution 1796 - TLS Mutual
s_connection: verify depth is 1
Handshake duration: 6.70 ms
Execution 1797 - TLS Mutual
s_connection: verify depth is 1
Handshake duration: 6.86 ms
Execution 1798 - TLS Mutual
s_connection: verify depth is 1
Handshake duration: 6.72 ms
Execution 1799 - TLS Mutual
s_connection: verify depth is 1
Handshake duration: 6.83 ms
Execution 1800 - TLS Mutual
s_connection: verify depth is 1
Handshake duration: 6.76 ms
Execution 1801 - TLS Mutual
s_connection: verify depth is 1
Handshake duration: 6.96 ms
Execution 1802 - TLS Mutual
s_connection: verify depth is 1
Handshake duration: 7.11 ms
Execution 1803 - TLS Mutual
s_connection: verify depth is 1
Handshake duration: 7.37 ms
Execution 1804 - TLS Mutual
s_connection: verify depth is 1
Handshake duration: 7.00 ms
Execution 1805 - TLS Mutual
s_connection: verify depth is 1
Handshake duration: 6.96 ms
Execution 1806 - TLS Mutual
s_connection: verify depth is 1
Handshake duration: 7.00 ms
Execution 1807 - TLS Mutual
s_connection: verify depth is 1
Handshake duration: 6.77 ms
Execution 1808 - TLS Mutual
s_connection: verify depth is 1
Handshake duration: 6.66 ms
Execution 1809 - TLS Mutual
s_connection: verify depth is 1
Handshake duration: 6.77 ms
Execution 1810 - TLS Mutual
s_connection: verify depth is 1
Handshake duration: 6.60 ms
Execution 1811 - TLS Mutual
s_connection: verify depth is 1
Handshake duration: 6.60 ms
Execution 1812 - TLS Mutual
s_connection: verify depth is 1
Handshake duration: 6.64 ms
Execution 1813 - TLS Mutual
s_connection: verify depth is 1
Handshake duration: 6.83 ms
Execution 1814 - TLS Mutual
s_connection: verify depth is 1
Handshake duration: 6.66 ms
Execution 1815 - TLS Mutual
s_connection: verify depth is 1
Handshake duration: 7.21 ms
Execution 1816 - TLS Mutual
s_connection: verify depth is 1
Handshake duration: 6.74 ms
Execution 1817 - TLS Mutual
s_connection: verify depth is 1
Handshake duration: 6.92 ms
Execution 1818 - TLS Mutual
s_connection: verify depth is 1
Handshake duration: 6.62 ms
Execution 1819 - TLS Mutual
s_connection: verify depth is 1
Handshake duration: 6.61 ms
Execution 1820 - TLS Mutual
s_connection: verify depth is 1
Handshake duration: 6.72 ms
Execution 1821 - TLS Mutual
s_connection: verify depth is 1
Handshake duration: 6.59 ms
Execution 1822 - TLS Mutual
s_connection: verify depth is 1
Handshake duration: 6.76 ms
Execution 1823 - TLS Mutual
s_connection: verify depth is 1
Handshake duration: 6.76 ms
Execution 1824 - TLS Mutual
s_connection: verify depth is 1
Handshake duration: 7.42 ms
Execution 1825 - TLS Mutual
s_connection: verify depth is 1
Handshake duration: 6.75 ms
Execution 1826 - TLS Mutual
s_connection: verify depth is 1
Handshake duration: 6.78 ms
Execution 1827 - TLS Mutual
s_connection: verify depth is 1
Handshake duration: 6.80 ms
Execution 1828 - TLS Mutual
s_connection: verify depth is 1
Handshake duration: 6.62 ms
Execution 1829 - TLS Mutual
s_connection: verify depth is 1
Handshake duration: 6.78 ms
Execution 1830 - TLS Mutual
s_connection: verify depth is 1
Handshake duration: 6.58 ms
Execution 1831 - TLS Mutual
s_connection: verify depth is 1
Handshake duration: 6.88 ms
Execution 1832 - TLS Mutual
s_connection: verify depth is 1
Handshake duration: 6.73 ms
Execution 1833 - TLS Mutual
s_connection: verify depth is 1
Handshake duration: 6.67 ms
Execution 1834 - TLS Mutual
s_connection: verify depth is 1
Handshake duration: 6.53 ms
Execution 1835 - TLS Mutual
s_connection: verify depth is 1
Handshake duration: 6.76 ms
Execution 1836 - TLS Mutual
s_connection: verify depth is 1
Handshake duration: 6.70 ms
Execution 1837 - TLS Mutual
s_connection: verify depth is 1
Handshake duration: 7.08 ms
Execution 1838 - TLS Mutual
s_connection: verify depth is 1
Handshake duration: 6.58 ms
Execution 1839 - TLS Mutual
s_connection: verify depth is 1
Handshake duration: 6.52 ms
Execution 1840 - TLS Mutual
s_connection: verify depth is 1
Handshake duration: 6.71 ms
Execution 1841 - TLS Mutual
s_connection: verify depth is 1
Handshake duration: 6.95 ms
Execution 1842 - TLS Mutual
s_connection: verify depth is 1
Handshake duration: 6.71 ms
Execution 1843 - TLS Mutual
s_connection: verify depth is 1
Handshake duration: 6.60 ms
Execution 1844 - TLS Mutual
s_connection: verify depth is 1
Handshake duration: 6.70 ms
Execution 1845 - TLS Mutual
s_connection: verify depth is 1
Handshake duration: 6.96 ms
Execution 1846 - TLS Mutual
s_connection: verify depth is 1
Handshake duration: 7.03 ms
Execution 1847 - TLS Mutual
s_connection: verify depth is 1
Handshake duration: 6.62 ms
Execution 1848 - TLS Mutual
s_connection: verify depth is 1
Handshake duration: 6.91 ms
Execution 1849 - TLS Mutual
s_connection: verify depth is 1
Handshake duration: 6.71 ms
Execution 1850 - TLS Mutual
s_connection: verify depth is 1
Handshake duration: 7.21 ms
Execution 1851 - TLS Mutual
s_connection: verify depth is 1
Handshake duration: 6.86 ms
Execution 1852 - TLS Mutual
s_connection: verify depth is 1
Handshake duration: 6.67 ms
Execution 1853 - TLS Mutual
s_connection: verify depth is 1
Handshake duration: 6.66 ms
Execution 1854 - TLS Mutual
s_connection: verify depth is 1
Handshake duration: 6.81 ms
Execution 1855 - TLS Mutual
s_connection: verify depth is 1
Handshake duration: 6.62 ms
Execution 1856 - TLS Mutual
s_connection: verify depth is 1
Handshake duration: 6.63 ms
Execution 1857 - TLS Mutual
s_connection: verify depth is 1
Handshake duration: 6.53 ms
Execution 1858 - TLS Mutual
s_connection: verify depth is 1
Handshake duration: 6.64 ms
Execution 1859 - TLS Mutual
s_connection: verify depth is 1
Handshake duration: 7.87 ms
Execution 1860 - TLS Mutual
s_connection: verify depth is 1
Handshake duration: 6.95 ms
Execution 1861 - TLS Mutual
s_connection: verify depth is 1
Handshake duration: 6.61 ms
Execution 1862 - TLS Mutual
s_connection: verify depth is 1
Handshake duration: 6.97 ms
Execution 1863 - TLS Mutual
s_connection: verify depth is 1
Handshake duration: 6.55 ms
Execution 1864 - TLS Mutual
s_connection: verify depth is 1
Handshake duration: 6.54 ms
Execution 1865 - TLS Mutual
s_connection: verify depth is 1
Handshake duration: 6.60 ms
Execution 1866 - TLS Mutual
s_connection: verify depth is 1
Handshake duration: 6.87 ms
Execution 1867 - TLS Mutual
s_connection: verify depth is 1
Handshake duration: 6.84 ms
Execution 1868 - TLS Mutual
s_connection: verify depth is 1
Handshake duration: 6.69 ms
Execution 1869 - TLS Mutual
s_connection: verify depth is 1
Handshake duration: 6.66 ms
Execution 1870 - TLS Mutual
s_connection: verify depth is 1
Handshake duration: 6.69 ms
Execution 1871 - TLS Mutual
s_connection: verify depth is 1
Handshake duration: 6.61 ms
Execution 1872 - TLS Mutual
s_connection: verify depth is 1
Handshake duration: 6.98 ms
Execution 1873 - TLS Mutual
s_connection: verify depth is 1
Handshake duration: 6.65 ms
Execution 1874 - TLS Mutual
s_connection: verify depth is 1
Handshake duration: 6.49 ms
Execution 1875 - TLS Mutual
s_connection: verify depth is 1
Handshake duration: 6.81 ms
Execution 1876 - TLS Mutual
s_connection: verify depth is 1
Handshake duration: 6.55 ms
Execution 1877 - TLS Mutual
s_connection: verify depth is 1
Handshake duration: 7.22 ms
Execution 1878 - TLS Mutual
s_connection: verify depth is 1
Handshake duration: 6.59 ms
Execution 1879 - TLS Mutual
s_connection: verify depth is 1
Handshake duration: 7.11 ms
Execution 1880 - TLS Mutual
s_connection: verify depth is 1
Handshake duration: 6.64 ms
Execution 1881 - TLS Mutual
s_connection: verify depth is 1
Handshake duration: 6.88 ms
Execution 1882 - TLS Mutual
s_connection: verify depth is 1
Handshake duration: 6.88 ms
Execution 1883 - TLS Mutual
s_connection: verify depth is 1
Handshake duration: 6.63 ms
Execution 1884 - TLS Mutual
s_connection: verify depth is 1
Handshake duration: 7.17 ms
Execution 1885 - TLS Mutual
s_connection: verify depth is 1
Handshake duration: 6.60 ms
Execution 1886 - TLS Mutual
s_connection: verify depth is 1
Handshake duration: 6.99 ms
Execution 1887 - TLS Mutual
s_connection: verify depth is 1
Handshake duration: 6.99 ms
Execution 1888 - TLS Mutual
s_connection: verify depth is 1
Handshake duration: 6.64 ms
Execution 1889 - TLS Mutual
s_connection: verify depth is 1
Handshake duration: 7.60 ms
Execution 1890 - TLS Mutual
s_connection: verify depth is 1
Handshake duration: 7.13 ms
Execution 1891 - TLS Mutual
s_connection: verify depth is 1
Handshake duration: 6.84 ms
Execution 1892 - TLS Mutual
s_connection: verify depth is 1
Handshake duration: 6.81 ms
Execution 1893 - TLS Mutual
s_connection: verify depth is 1
Handshake duration: 6.56 ms
Execution 1894 - TLS Mutual
s_connection: verify depth is 1
Handshake duration: 6.70 ms
Execution 1895 - TLS Mutual
s_connection: verify depth is 1
Handshake duration: 6.53 ms
Execution 1896 - TLS Mutual
s_connection: verify depth is 1
Handshake duration: 6.96 ms
Execution 1897 - TLS Mutual
s_connection: verify depth is 1
Handshake duration: 6.53 ms
Execution 1898 - TLS Mutual
s_connection: verify depth is 1
Handshake duration: 6.65 ms
Execution 1899 - TLS Mutual
s_connection: verify depth is 1
Handshake duration: 6.53 ms
Execution 1900 - TLS Mutual
s_connection: verify depth is 1
Handshake duration: 6.92 ms
Execution 1901 - TLS Mutual
s_connection: verify depth is 1
Handshake duration: 6.76 ms
Execution 1902 - TLS Mutual
s_connection: verify depth is 1
Handshake duration: 6.67 ms
Execution 1903 - TLS Mutual
s_connection: verify depth is 1
Handshake duration: 6.75 ms
Execution 1904 - TLS Mutual
s_connection: verify depth is 1
Handshake duration: 6.65 ms
Execution 1905 - TLS Mutual
s_connection: verify depth is 1
Handshake duration: 6.54 ms
Execution 1906 - TLS Mutual
s_connection: verify depth is 1
Handshake duration: 6.93 ms
Execution 1907 - TLS Mutual
s_connection: verify depth is 1
Handshake duration: 6.67 ms
Execution 1908 - TLS Mutual
s_connection: verify depth is 1
Handshake duration: 6.80 ms
Execution 1909 - TLS Mutual
s_connection: verify depth is 1
Handshake duration: 6.58 ms
Execution 1910 - TLS Mutual
s_connection: verify depth is 1
Handshake duration: 6.70 ms
Execution 1911 - TLS Mutual
s_connection: verify depth is 1
Handshake duration: 6.67 ms
Execution 1912 - TLS Mutual
s_connection: verify depth is 1
Handshake duration: 7.06 ms
Execution 1913 - TLS Mutual
s_connection: verify depth is 1
Handshake duration: 7.22 ms
Execution 1914 - TLS Mutual
s_connection: verify depth is 1
Handshake duration: 6.90 ms
Execution 1915 - TLS Mutual
s_connection: verify depth is 1
Handshake duration: 6.63 ms
Execution 1916 - TLS Mutual
s_connection: verify depth is 1
Handshake duration: 7.27 ms
Execution 1917 - TLS Mutual
s_connection: verify depth is 1
Handshake duration: 6.73 ms
Execution 1918 - TLS Mutual
s_connection: verify depth is 1
Handshake duration: 6.74 ms
Execution 1919 - TLS Mutual
s_connection: verify depth is 1
Handshake duration: 6.62 ms
Execution 1920 - TLS Mutual
s_connection: verify depth is 1
Handshake duration: 6.94 ms
Execution 1921 - TLS Mutual
s_connection: verify depth is 1
Handshake duration: 6.78 ms
Execution 1922 - TLS Mutual
s_connection: verify depth is 1
Handshake duration: 6.52 ms
Execution 1923 - TLS Mutual
s_connection: verify depth is 1
Handshake duration: 7.14 ms
Execution 1924 - TLS Mutual
s_connection: verify depth is 1
Handshake duration: 6.80 ms
Execution 1925 - TLS Mutual
s_connection: verify depth is 1
Handshake duration: 7.10 ms
Execution 1926 - TLS Mutual
s_connection: verify depth is 1
Handshake duration: 6.63 ms
Execution 1927 - TLS Mutual
s_connection: verify depth is 1
Handshake duration: 7.04 ms
Execution 1928 - TLS Mutual
s_connection: verify depth is 1
Handshake duration: 6.70 ms
Execution 1929 - TLS Mutual
s_connection: verify depth is 1
Handshake duration: 6.60 ms
Execution 1930 - TLS Mutual
s_connection: verify depth is 1
Handshake duration: 7.17 ms
Execution 1931 - TLS Mutual
s_connection: verify depth is 1
Handshake duration: 6.87 ms
Execution 1932 - TLS Mutual
s_connection: verify depth is 1
Handshake duration: 7.06 ms
Execution 1933 - TLS Mutual
s_connection: verify depth is 1
Handshake duration: 6.55 ms
Execution 1934 - TLS Mutual
s_connection: verify depth is 1
Handshake duration: 6.96 ms
Execution 1935 - TLS Mutual
s_connection: verify depth is 1
Handshake duration: 7.25 ms
Execution 1936 - TLS Mutual
s_connection: verify depth is 1
Handshake duration: 6.69 ms
Execution 1937 - TLS Mutual
s_connection: verify depth is 1
Handshake duration: 6.59 ms
Execution 1938 - TLS Mutual
s_connection: verify depth is 1
Handshake duration: 7.02 ms
Execution 1939 - TLS Mutual
s_connection: verify depth is 1
Handshake duration: 6.53 ms
Execution 1940 - TLS Mutual
s_connection: verify depth is 1
Handshake duration: 6.91 ms
Execution 1941 - TLS Mutual
s_connection: verify depth is 1
Handshake duration: 6.50 ms
Execution 1942 - TLS Mutual
s_connection: verify depth is 1
Handshake duration: 6.83 ms
Execution 1943 - TLS Mutual
s_connection: verify depth is 1
Handshake duration: 6.75 ms
Execution 1944 - TLS Mutual
s_connection: verify depth is 1
Handshake duration: 7.11 ms
Execution 1945 - TLS Mutual
s_connection: verify depth is 1
Handshake duration: 7.03 ms
Execution 1946 - TLS Mutual
s_connection: verify depth is 1
Handshake duration: 6.87 ms
Execution 1947 - TLS Mutual
s_connection: verify depth is 1
Handshake duration: 6.78 ms
Execution 1948 - TLS Mutual
s_connection: verify depth is 1
Handshake duration: 6.74 ms
Execution 1949 - TLS Mutual
s_connection: verify depth is 1
Handshake duration: 6.83 ms
Execution 1950 - TLS Mutual
s_connection: verify depth is 1
Handshake duration: 6.87 ms
Execution 1951 - TLS Mutual
s_connection: verify depth is 1
Handshake duration: 6.60 ms
Execution 1952 - TLS Mutual
s_connection: verify depth is 1
Handshake duration: 6.70 ms
Execution 1953 - TLS Mutual
s_connection: verify depth is 1
Handshake duration: 6.68 ms
Execution 1954 - TLS Mutual
s_connection: verify depth is 1
Handshake duration: 6.72 ms
Execution 1955 - TLS Mutual
s_connection: verify depth is 1
Handshake duration: 7.23 ms
Execution 1956 - TLS Mutual
s_connection: verify depth is 1
Handshake duration: 6.77 ms
Execution 1957 - TLS Mutual
s_connection: verify depth is 1
Handshake duration: 6.75 ms
Execution 1958 - TLS Mutual
s_connection: verify depth is 1
Handshake duration: 6.90 ms
Execution 1959 - TLS Mutual
s_connection: verify depth is 1
Handshake duration: 6.71 ms
Execution 1960 - TLS Mutual
s_connection: verify depth is 1
Handshake duration: 6.63 ms
Execution 1961 - TLS Mutual
s_connection: verify depth is 1
Handshake duration: 6.71 ms
Execution 1962 - TLS Mutual
s_connection: verify depth is 1
Handshake duration: 6.64 ms
Execution 1963 - TLS Mutual
s_connection: verify depth is 1
Handshake duration: 6.81 ms
Execution 1964 - TLS Mutual
s_connection: verify depth is 1
Handshake duration: 6.84 ms
Execution 1965 - TLS Mutual
s_connection: verify depth is 1
Handshake duration: 6.74 ms
Execution 1966 - TLS Mutual
s_connection: verify depth is 1
Handshake duration: 7.12 ms
Execution 1967 - TLS Mutual
s_connection: verify depth is 1
Handshake duration: 7.69 ms
Execution 1968 - TLS Mutual
s_connection: verify depth is 1
Handshake duration: 6.66 ms
Execution 1969 - TLS Mutual
s_connection: verify depth is 1
Handshake duration: 7.56 ms
Execution 1970 - TLS Mutual
s_connection: verify depth is 1
Handshake duration: 7.50 ms
Execution 1971 - TLS Mutual
s_connection: verify depth is 1
Handshake duration: 6.70 ms
Execution 1972 - TLS Mutual
s_connection: verify depth is 1
Handshake duration: 7.29 ms
Execution 1973 - TLS Mutual
s_connection: verify depth is 1
Handshake duration: 6.63 ms
Execution 1974 - TLS Mutual
s_connection: verify depth is 1
Handshake duration: 6.83 ms
Execution 1975 - TLS Mutual
s_connection: verify depth is 1
Handshake duration: 7.08 ms
Execution 1976 - TLS Mutual
s_connection: verify depth is 1
Handshake duration: 6.60 ms
Execution 1977 - TLS Mutual
s_connection: verify depth is 1
Handshake duration: 6.70 ms
Execution 1978 - TLS Mutual
s_connection: verify depth is 1
Handshake duration: 7.02 ms
Execution 1979 - TLS Mutual
s_connection: verify depth is 1
Handshake duration: 6.98 ms
Execution 1980 - TLS Mutual
s_connection: verify depth is 1
Handshake duration: 6.79 ms
Execution 1981 - TLS Mutual
s_connection: verify depth is 1
Handshake duration: 6.59 ms
Execution 1982 - TLS Mutual
s_connection: verify depth is 1
Handshake duration: 6.97 ms
Execution 1983 - TLS Mutual
s_connection: verify depth is 1
Handshake duration: 6.80 ms
Execution 1984 - TLS Mutual
s_connection: verify depth is 1
Handshake duration: 6.61 ms
Execution 1985 - TLS Mutual
s_connection: verify depth is 1
Handshake duration: 7.11 ms
Execution 1986 - TLS Mutual
s_connection: verify depth is 1
Handshake duration: 6.76 ms
Execution 1987 - TLS Mutual
s_connection: verify depth is 1
Handshake duration: 7.31 ms
Execution 1988 - TLS Mutual
s_connection: verify depth is 1
Handshake duration: 7.59 ms
Execution 1989 - TLS Mutual
s_connection: verify depth is 1
Handshake duration: 7.02 ms
Execution 1990 - TLS Mutual
s_connection: verify depth is 1
Handshake duration: 7.64 ms
Execution 1991 - TLS Mutual
s_connection: verify depth is 1
Handshake duration: 6.95 ms
Execution 1992 - TLS Mutual
s_connection: verify depth is 1
Handshake duration: 6.52 ms
Execution 1993 - TLS Mutual
s_connection: verify depth is 1
Handshake duration: 6.75 ms
Execution 1994 - TLS Mutual
s_connection: verify depth is 1
Handshake duration: 6.89 ms
Execution 1995 - TLS Mutual
s_connection: verify depth is 1
Handshake duration: 6.65 ms
Execution 1996 - TLS Mutual
s_connection: verify depth is 1
Handshake duration: 6.70 ms
Execution 1997 - TLS Mutual
s_connection: verify depth is 1
Handshake duration: 7.22 ms
Execution 1998 - TLS Mutual
s_connection: verify depth is 1
Handshake duration: 7.40 ms
Execution 1999 - TLS Mutual
s_connection: verify depth is 1
Handshake duration: 7.99 ms
Execution 2000 - TLS Mutual
s_connection: verify depth is 1
Handshake duration: 6.53 ms
Applying netem rules to lo...
Showing qdisc status for the interface: lo
qdisc netem 8096: root refcnt 2 limit 1000 seed 15602967479137464606
 Sent 0 bytes 0 pkt (dropped 0, overlimits 0 requeues 0) 
 backlog 0b 0p requeues 0
Running ./perftestClientTlsQuic.sh with SIG_ALG=mldsa87 and KEM_ALG=mlkem1024
Execution 1 - TLS Mutual
s_connection: verify depth is 1
Handshake duration: 2.53 ms
Execution 2 - TLS Mutual
s_connection: verify depth is 1
Handshake duration: 2.76 ms
Execution 3 - TLS Mutual
s_connection: verify depth is 1
Handshake duration: 1.61 ms
Execution 4 - TLS Mutual
s_connection: verify depth is 1
Handshake duration: 1.63 ms
Execution 5 - TLS Mutual
s_connection: verify depth is 1
Handshake duration: 1.53 ms
Execution 6 - TLS Mutual
s_connection: verify depth is 1
Handshake duration: 2.17 ms
Execution 7 - TLS Mutual
s_connection: verify depth is 1
Handshake duration: 2.04 ms
Execution 8 - TLS Mutual
s_connection: verify depth is 1
Handshake duration: 1.65 ms
Execution 9 - TLS Mutual
s_connection: verify depth is 1
Handshake duration: 2.17 ms
Execution 10 - TLS Mutual
s_connection: verify depth is 1
Handshake duration: 1.54 ms
Execution 11 - TLS Mutual
s_connection: verify depth is 1
Handshake duration: 1.63 ms
Execution 12 - TLS Mutual
s_connection: verify depth is 1
Handshake duration: 2.96 ms
Execution 13 - TLS Mutual
s_connection: verify depth is 1
Handshake duration: 1.64 ms
Execution 14 - TLS Mutual
s_connection: verify depth is 1
Handshake duration: 1.54 ms
Execution 15 - TLS Mutual
s_connection: verify depth is 1
Handshake duration: 2.39 ms
Execution 16 - TLS Mutual
s_connection: verify depth is 1
Handshake duration: 2.60 ms
Execution 17 - TLS Mutual
s_connection: verify depth is 1
Handshake duration: 1.87 ms
Execution 18 - TLS Mutual
s_connection: verify depth is 1
Handshake duration: 1.84 ms
Execution 19 - TLS Mutual
s_connection: verify depth is 1
Handshake duration: 2.12 ms
Execution 20 - TLS Mutual
s_connection: verify depth is 1
Handshake duration: 1.98 ms
Execution 21 - TLS Mutual
s_connection: verify depth is 1
Handshake duration: 2.44 ms
Execution 22 - TLS Mutual
s_connection: verify depth is 1
Handshake duration: 1.74 ms
Execution 23 - TLS Mutual
s_connection: verify depth is 1
Handshake duration: 1.91 ms
Execution 24 - TLS Mutual
s_connection: verify depth is 1
Handshake duration: 1.68 ms
Execution 25 - TLS Mutual
s_connection: verify depth is 1
Handshake duration: 1.55 ms
Execution 26 - TLS Mutual
s_connection: verify depth is 1
Handshake duration: 1.97 ms
Execution 27 - TLS Mutual
s_connection: verify depth is 1
Handshake duration: 1.53 ms
Execution 28 - TLS Mutual
s_connection: verify depth is 1
Handshake duration: 1.64 ms
Execution 29 - TLS Mutual
s_connection: verify depth is 1
Handshake duration: 2.48 ms
Execution 30 - TLS Mutual
s_connection: verify depth is 1
Handshake duration: 1.54 ms
Execution 31 - TLS Mutual
s_connection: verify depth is 1
Handshake duration: 1.85 ms
Execution 32 - TLS Mutual
s_connection: verify depth is 1
Handshake duration: 1.54 ms
Execution 33 - TLS Mutual
s_connection: verify depth is 1
Handshake duration: 1.54 ms
Execution 34 - TLS Mutual
s_connection: verify depth is 1
Handshake duration: 1.87 ms
Execution 35 - TLS Mutual
s_connection: verify depth is 1
Handshake duration: 1.71 ms
Execution 36 - TLS Mutual
s_connection: verify depth is 1
Handshake duration: 1.73 ms
Execution 37 - TLS Mutual
s_connection: verify depth is 1
Handshake duration: 1.89 ms
Execution 38 - TLS Mutual
s_connection: verify depth is 1
Handshake duration: 2.77 ms
Execution 39 - TLS Mutual
s_connection: verify depth is 1
Handshake duration: 2.43 ms
Execution 40 - TLS Mutual
s_connection: verify depth is 1
Handshake duration: 2.18 ms
Execution 41 - TLS Mutual
s_connection: verify depth is 1
Handshake duration: 1.67 ms
Execution 42 - TLS Mutual
s_connection: verify depth is 1
Handshake duration: 1.52 ms
Execution 43 - TLS Mutual
s_connection: verify depth is 1
Handshake duration: 2.19 ms
Execution 44 - TLS Mutual
s_connection: verify depth is 1
Handshake duration: 1.75 ms
Execution 45 - TLS Mutual
s_connection: verify depth is 1
Handshake duration: 1.71 ms
Execution 46 - TLS Mutual
s_connection: verify depth is 1
Handshake duration: 1.84 ms
Execution 47 - TLS Mutual
s_connection: verify depth is 1
Handshake duration: 2.74 ms
Execution 48 - TLS Mutual
s_connection: verify depth is 1
Handshake duration: 2.34 ms
Execution 49 - TLS Mutual
s_connection: verify depth is 1
Handshake duration: 1.52 ms
Execution 50 - TLS Mutual
s_connection: verify depth is 1
Handshake duration: 1.85 ms
Execution 51 - TLS Mutual
s_connection: verify depth is 1
Handshake duration: 1.79 ms
Execution 52 - TLS Mutual
s_connection: verify depth is 1
Handshake duration: 1.64 ms
Execution 53 - TLS Mutual
s_connection: verify depth is 1
Handshake duration: 2.11 ms
Execution 54 - TLS Mutual
s_connection: verify depth is 1
Handshake duration: 2.02 ms
Execution 55 - TLS Mutual
s_connection: verify depth is 1
Handshake duration: 1.54 ms
Execution 56 - TLS Mutual
s_connection: verify depth is 1
Handshake duration: 1.65 ms
Execution 57 - TLS Mutual
s_connection: verify depth is 1
Handshake duration: 2.17 ms
Execution 58 - TLS Mutual
s_connection: verify depth is 1
Handshake duration: 1.65 ms
Execution 59 - TLS Mutual
s_connection: verify depth is 1
Handshake duration: 1.94 ms
Execution 60 - TLS Mutual
s_connection: verify depth is 1
Handshake duration: 1.79 ms
Execution 61 - TLS Mutual
s_connection: verify depth is 1
Handshake duration: 1.55 ms
Execution 62 - TLS Mutual
s_connection: verify depth is 1
Handshake duration: 1.61 ms
Execution 63 - TLS Mutual
s_connection: verify depth is 1
Handshake duration: 1.67 ms
Execution 64 - TLS Mutual
s_connection: verify depth is 1
Handshake duration: 1.56 ms
Execution 65 - TLS Mutual
s_connection: verify depth is 1
Handshake duration: 2.32 ms
Execution 66 - TLS Mutual
s_connection: verify depth is 1
Handshake duration: 1.74 ms
Execution 67 - TLS Mutual
s_connection: verify depth is 1
Handshake duration: 1.73 ms
Execution 68 - TLS Mutual
s_connection: verify depth is 1
Handshake duration: 2.26 ms
Execution 69 - TLS Mutual
s_connection: verify depth is 1
Handshake duration: 1.89 ms
Execution 70 - TLS Mutual
s_connection: verify depth is 1
Handshake duration: 1.82 ms
Execution 71 - TLS Mutual
s_connection: verify depth is 1
Handshake duration: 1.81 ms
Execution 72 - TLS Mutual
s_connection: verify depth is 1
Handshake duration: 1.66 ms
Execution 73 - TLS Mutual
s_connection: verify depth is 1
Handshake duration: 1.63 ms
Execution 74 - TLS Mutual
s_connection: verify depth is 1
Handshake duration: 3.18 ms
Execution 75 - TLS Mutual
s_connection: verify depth is 1
Handshake duration: 1.58 ms
Execution 76 - TLS Mutual
s_connection: verify depth is 1
Handshake duration: 2.22 ms
Execution 77 - TLS Mutual
s_connection: verify depth is 1
Handshake duration: 1.88 ms
Execution 78 - TLS Mutual
s_connection: verify depth is 1
Handshake duration: 3.16 ms
Execution 79 - TLS Mutual
s_connection: verify depth is 1
Handshake duration: 2.02 ms
Execution 80 - TLS Mutual
s_connection: verify depth is 1
Handshake duration: 1.65 ms
Execution 81 - TLS Mutual
s_connection: verify depth is 1
Handshake duration: 1.95 ms
Execution 82 - TLS Mutual
s_connection: verify depth is 1
Handshake duration: 1.66 ms
Execution 83 - TLS Mutual
s_connection: verify depth is 1
Handshake duration: 2.00 ms
Execution 84 - TLS Mutual
s_connection: verify depth is 1
Handshake duration: 1.65 ms
Execution 85 - TLS Mutual
s_connection: verify depth is 1
Handshake duration: 1.80 ms
Execution 86 - TLS Mutual
s_connection: verify depth is 1
Handshake duration: 1.91 ms
Execution 87 - TLS Mutual
s_connection: verify depth is 1
Handshake duration: 1.57 ms
Execution 88 - TLS Mutual
s_connection: verify depth is 1
Handshake duration: 2.08 ms
Execution 89 - TLS Mutual
s_connection: verify depth is 1
Handshake duration: 1.56 ms
Execution 90 - TLS Mutual
s_connection: verify depth is 1
Handshake duration: 1.67 ms
Execution 91 - TLS Mutual
s_connection: verify depth is 1
Handshake duration: 2.57 ms
Execution 92 - TLS Mutual
s_connection: verify depth is 1
Handshake duration: 1.75 ms
Execution 93 - TLS Mutual
s_connection: verify depth is 1
Handshake duration: 1.95 ms
Execution 94 - TLS Mutual
s_connection: verify depth is 1
Handshake duration: 1.51 ms
Execution 95 - TLS Mutual
s_connection: verify depth is 1
Handshake duration: 1.64 ms
Execution 96 - TLS Mutual
s_connection: verify depth is 1
Handshake duration: 2.10 ms
Execution 97 - TLS Mutual
s_connection: verify depth is 1
Handshake duration: 1.66 ms
Execution 98 - TLS Mutual
s_connection: verify depth is 1
Handshake duration: 2.57 ms
Execution 99 - TLS Mutual
s_connection: verify depth is 1
Handshake duration: 1.65 ms
Execution 100 - TLS Mutual
s_connection: verify depth is 1
Handshake duration: 1.64 ms
Execution 101 - TLS Mutual
s_connection: verify depth is 1
Handshake duration: 2.68 ms
Execution 102 - TLS Mutual
s_connection: verify depth is 1
Handshake duration: 1.84 ms
Execution 103 - TLS Mutual
s_connection: verify depth is 1
Handshake duration: 1.63 ms
Execution 104 - TLS Mutual
s_connection: verify depth is 1
Handshake duration: 2.07 ms
Execution 105 - TLS Mutual
s_connection: verify depth is 1
Handshake duration: 1.98 ms
Execution 106 - TLS Mutual
s_connection: verify depth is 1
Handshake duration: 1.62 ms
Execution 107 - TLS Mutual
s_connection: verify depth is 1
Handshake duration: 2.03 ms
Execution 108 - TLS Mutual
s_connection: verify depth is 1
Handshake duration: 2.49 ms
Execution 109 - TLS Mutual
s_connection: verify depth is 1
Handshake duration: 1.58 ms
Execution 110 - TLS Mutual
s_connection: verify depth is 1
Handshake duration: 1.63 ms
Execution 111 - TLS Mutual
s_connection: verify depth is 1
Handshake duration: 2.11 ms
Execution 112 - TLS Mutual
s_connection: verify depth is 1
Handshake duration: 1.98 ms
Execution 113 - TLS Mutual
s_connection: verify depth is 1
Handshake duration: 2.69 ms
Execution 114 - TLS Mutual
s_connection: verify depth is 1
Handshake duration: 2.29 ms
Execution 115 - TLS Mutual
s_connection: verify depth is 1
Handshake duration: 1.56 ms
Execution 116 - TLS Mutual
s_connection: verify depth is 1
Handshake duration: 1.82 ms
Execution 117 - TLS Mutual
s_connection: verify depth is 1
Handshake duration: 1.85 ms
Execution 118 - TLS Mutual
s_connection: verify depth is 1
Handshake duration: 1.66 ms
Execution 119 - TLS Mutual
s_connection: verify depth is 1
Handshake duration: 2.05 ms
Execution 120 - TLS Mutual
s_connection: verify depth is 1
Handshake duration: 1.56 ms
Execution 121 - TLS Mutual
s_connection: verify depth is 1
Handshake duration: 1.79 ms
Execution 122 - TLS Mutual
s_connection: verify depth is 1
Handshake duration: 3.53 ms
Execution 123 - TLS Mutual
s_connection: verify depth is 1
Handshake duration: 1.55 ms
Execution 124 - TLS Mutual
s_connection: verify depth is 1
Handshake duration: 1.67 ms
Execution 125 - TLS Mutual
s_connection: verify depth is 1
Handshake duration: 2.10 ms
Execution 126 - TLS Mutual
s_connection: verify depth is 1
Handshake duration: 1.64 ms
Execution 127 - TLS Mutual
s_connection: verify depth is 1
Handshake duration: 1.83 ms
Execution 128 - TLS Mutual
s_connection: verify depth is 1
Handshake duration: 1.67 ms
Execution 129 - TLS Mutual
s_connection: verify depth is 1
Handshake duration: 2.25 ms
Execution 130 - TLS Mutual
s_connection: verify depth is 1
Handshake duration: 1.82 ms
Execution 131 - TLS Mutual
s_connection: verify depth is 1
Handshake duration: 1.98 ms
Execution 132 - TLS Mutual
s_connection: verify depth is 1
Handshake duration: 1.74 ms
Execution 133 - TLS Mutual
s_connection: verify depth is 1
Handshake duration: 1.88 ms
Execution 134 - TLS Mutual
s_connection: verify depth is 1
Handshake duration: 2.08 ms
Execution 135 - TLS Mutual
s_connection: verify depth is 1
Handshake duration: 1.64 ms
Execution 136 - TLS Mutual
s_connection: verify depth is 1
Handshake duration: 1.69 ms
Execution 137 - TLS Mutual
s_connection: verify depth is 1
Handshake duration: 1.53 ms
Execution 138 - TLS Mutual
s_connection: verify depth is 1
Handshake duration: 1.97 ms
Execution 139 - TLS Mutual
s_connection: verify depth is 1
Handshake duration: 1.92 ms
Execution 140 - TLS Mutual
s_connection: verify depth is 1
Handshake duration: 1.54 ms
Execution 141 - TLS Mutual
s_connection: verify depth is 1
Handshake duration: 2.16 ms
Execution 142 - TLS Mutual
s_connection: verify depth is 1
Handshake duration: 1.66 ms
Execution 143 - TLS Mutual
s_connection: verify depth is 1
Handshake duration: 2.57 ms
Execution 144 - TLS Mutual
s_connection: verify depth is 1
Handshake duration: 1.64 ms
Execution 145 - TLS Mutual
s_connection: verify depth is 1
Handshake duration: 1.91 ms
Execution 146 - TLS Mutual
s_connection: verify depth is 1
Handshake duration: 2.02 ms
Execution 147 - TLS Mutual
s_connection: verify depth is 1
Handshake duration: 1.70 ms
Execution 148 - TLS Mutual
s_connection: verify depth is 1
Handshake duration: 2.08 ms
Execution 149 - TLS Mutual
s_connection: verify depth is 1
Handshake duration: 2.17 ms
Execution 150 - TLS Mutual
s_connection: verify depth is 1
Handshake duration: 1.91 ms
Execution 151 - TLS Mutual
s_connection: verify depth is 1
Handshake duration: 1.72 ms
Execution 152 - TLS Mutual
s_connection: verify depth is 1
Handshake duration: 2.49 ms
Execution 153 - TLS Mutual
s_connection: verify depth is 1
Handshake duration: 2.34 ms
Execution 154 - TLS Mutual
s_connection: verify depth is 1
Handshake duration: 1.65 ms
Execution 155 - TLS Mutual
s_connection: verify depth is 1
Handshake duration: 1.64 ms
Execution 156 - TLS Mutual
s_connection: verify depth is 1
Handshake duration: 2.42 ms
Execution 157 - TLS Mutual
s_connection: verify depth is 1
Handshake duration: 2.54 ms
Execution 158 - TLS Mutual
s_connection: verify depth is 1
Handshake duration: 1.57 ms
Execution 159 - TLS Mutual
s_connection: verify depth is 1
Handshake duration: 1.84 ms
Execution 160 - TLS Mutual
s_connection: verify depth is 1
Handshake duration: 2.14 ms
Execution 161 - TLS Mutual
s_connection: verify depth is 1
Handshake duration: 1.82 ms
Execution 162 - TLS Mutual
s_connection: verify depth is 1
Handshake duration: 1.72 ms
Execution 163 - TLS Mutual
s_connection: verify depth is 1
Handshake duration: 1.75 ms
Execution 164 - TLS Mutual
s_connection: verify depth is 1
Handshake duration: 2.30 ms
Execution 165 - TLS Mutual
s_connection: verify depth is 1
Handshake duration: 2.06 ms
Execution 166 - TLS Mutual
s_connection: verify depth is 1
Handshake duration: 2.61 ms
Execution 167 - TLS Mutual
s_connection: verify depth is 1
Handshake duration: 1.56 ms
Execution 168 - TLS Mutual
s_connection: verify depth is 1
Handshake duration: 2.31 ms
Execution 169 - TLS Mutual
s_connection: verify depth is 1
Handshake duration: 1.69 ms
Execution 170 - TLS Mutual
s_connection: verify depth is 1
Handshake duration: 1.79 ms
Execution 171 - TLS Mutual
s_connection: verify depth is 1
Handshake duration: 2.26 ms
Execution 172 - TLS Mutual
s_connection: verify depth is 1
Handshake duration: 1.77 ms
Execution 173 - TLS Mutual
s_connection: verify depth is 1
Handshake duration: 2.56 ms
Execution 174 - TLS Mutual
s_connection: verify depth is 1
Handshake duration: 3.30 ms
Execution 175 - TLS Mutual
s_connection: verify depth is 1
Handshake duration: 2.27 ms
Execution 176 - TLS Mutual
s_connection: verify depth is 1
Handshake duration: 1.75 ms
Execution 177 - TLS Mutual
s_connection: verify depth is 1
Handshake duration: 1.82 ms
Execution 178 - TLS Mutual
s_connection: verify depth is 1
Handshake duration: 1.68 ms
Execution 179 - TLS Mutual
s_connection: verify depth is 1
Handshake duration: 2.13 ms
Execution 180 - TLS Mutual
s_connection: verify depth is 1
Handshake duration: 1.62 ms
Execution 181 - TLS Mutual
s_connection: verify depth is 1
Handshake duration: 3.38 ms
Execution 182 - TLS Mutual
s_connection: verify depth is 1
Handshake duration: 3.52 ms
Execution 183 - TLS Mutual
s_connection: verify depth is 1
Handshake duration: 1.71 ms
Execution 184 - TLS Mutual
s_connection: verify depth is 1
Handshake duration: 2.06 ms
Execution 185 - TLS Mutual
s_connection: verify depth is 1
Handshake duration: 1.92 ms
Execution 186 - TLS Mutual
s_connection: verify depth is 1
Handshake duration: 1.77 ms
Execution 187 - TLS Mutual
s_connection: verify depth is 1
Handshake duration: 1.58 ms
Execution 188 - TLS Mutual
s_connection: verify depth is 1
Handshake duration: 1.84 ms
Execution 189 - TLS Mutual
s_connection: verify depth is 1
Handshake duration: 1.54 ms
Execution 190 - TLS Mutual
s_connection: verify depth is 1
Handshake duration: 1.81 ms
Execution 191 - TLS Mutual
s_connection: verify depth is 1
Handshake duration: 2.04 ms
Execution 192 - TLS Mutual
s_connection: verify depth is 1
Handshake duration: 1.85 ms
Execution 193 - TLS Mutual
s_connection: verify depth is 1
Handshake duration: 1.53 ms
Execution 194 - TLS Mutual
s_connection: verify depth is 1
Handshake duration: 2.09 ms
Execution 195 - TLS Mutual
s_connection: verify depth is 1
Handshake duration: 1.99 ms
Execution 196 - TLS Mutual
s_connection: verify depth is 1
Handshake duration: 2.60 ms
Execution 197 - TLS Mutual
s_connection: verify depth is 1
Handshake duration: 1.57 ms
Execution 198 - TLS Mutual
s_connection: verify depth is 1
Handshake duration: 1.65 ms
Execution 199 - TLS Mutual
s_connection: verify depth is 1
Handshake duration: 1.54 ms
Execution 200 - TLS Mutual
s_connection: verify depth is 1
Handshake duration: 2.04 ms
Execution 201 - TLS Mutual
s_connection: verify depth is 1
Handshake duration: 2.41 ms
Execution 202 - TLS Mutual
s_connection: verify depth is 1
Handshake duration: 1.57 ms
Execution 203 - TLS Mutual
s_connection: verify depth is 1
Handshake duration: 1.86 ms
Execution 204 - TLS Mutual
s_connection: verify depth is 1
Handshake duration: 1.72 ms
Execution 205 - TLS Mutual
s_connection: verify depth is 1
Handshake duration: 1.54 ms
Execution 206 - TLS Mutual
s_connection: verify depth is 1
Handshake duration: 2.21 ms
Execution 207 - TLS Mutual
s_connection: verify depth is 1
Handshake duration: 1.58 ms
Execution 208 - TLS Mutual
s_connection: verify depth is 1
Handshake duration: 1.74 ms
Execution 209 - TLS Mutual
s_connection: verify depth is 1
Handshake duration: 1.88 ms
Execution 210 - TLS Mutual
s_connection: verify depth is 1
Handshake duration: 2.01 ms
Execution 211 - TLS Mutual
s_connection: verify depth is 1
Handshake duration: 2.05 ms
Execution 212 - TLS Mutual
s_connection: verify depth is 1
Handshake duration: 2.01 ms
Execution 213 - TLS Mutual
s_connection: verify depth is 1
Handshake duration: 1.64 ms
Execution 214 - TLS Mutual
s_connection: verify depth is 1
Handshake duration: 2.25 ms
Execution 215 - TLS Mutual
s_connection: verify depth is 1
Handshake duration: 2.41 ms
Execution 216 - TLS Mutual
s_connection: verify depth is 1
Handshake duration: 2.21 ms
Execution 217 - TLS Mutual
s_connection: verify depth is 1
Handshake duration: 1.71 ms
Execution 218 - TLS Mutual
s_connection: verify depth is 1
Handshake duration: 2.33 ms
Execution 219 - TLS Mutual
s_connection: verify depth is 1
Handshake duration: 1.83 ms
Execution 220 - TLS Mutual
s_connection: verify depth is 1
Handshake duration: 2.25 ms
Execution 221 - TLS Mutual
s_connection: verify depth is 1
Handshake duration: 1.73 ms
Execution 222 - TLS Mutual
s_connection: verify depth is 1
Handshake duration: 1.57 ms
Execution 223 - TLS Mutual
s_connection: verify depth is 1
Handshake duration: 1.56 ms
Execution 224 - TLS Mutual
s_connection: verify depth is 1
Handshake duration: 2.52 ms
Execution 225 - TLS Mutual
s_connection: verify depth is 1
Handshake duration: 1.98 ms
Execution 226 - TLS Mutual
s_connection: verify depth is 1
Handshake duration: 1.88 ms
Execution 227 - TLS Mutual
s_connection: verify depth is 1
Handshake duration: 1.71 ms
Execution 228 - TLS Mutual
s_connection: verify depth is 1
Handshake duration: 1.71 ms
Execution 229 - TLS Mutual
s_connection: verify depth is 1
Handshake duration: 1.72 ms
Execution 230 - TLS Mutual
s_connection: verify depth is 1
Handshake duration: 1.57 ms
Execution 231 - TLS Mutual
s_connection: verify depth is 1
Handshake duration: 2.07 ms
Execution 232 - TLS Mutual
s_connection: verify depth is 1
Handshake duration: 1.87 ms
Execution 233 - TLS Mutual
s_connection: verify depth is 1
Handshake duration: 2.51 ms
Execution 234 - TLS Mutual
s_connection: verify depth is 1
Handshake duration: 1.55 ms
Execution 235 - TLS Mutual
s_connection: verify depth is 1
Handshake duration: 1.95 ms
Execution 236 - TLS Mutual
s_connection: verify depth is 1
Handshake duration: 1.66 ms
Execution 237 - TLS Mutual
s_connection: verify depth is 1
Handshake duration: 1.56 ms
Execution 238 - TLS Mutual
s_connection: verify depth is 1
Handshake duration: 1.61 ms
Execution 239 - TLS Mutual
s_connection: verify depth is 1
Handshake duration: 1.72 ms
Execution 240 - TLS Mutual
s_connection: verify depth is 1
Handshake duration: 1.93 ms
Execution 241 - TLS Mutual
s_connection: verify depth is 1
Handshake duration: 1.87 ms
Execution 242 - TLS Mutual
s_connection: verify depth is 1
Handshake duration: 1.79 ms
Execution 243 - TLS Mutual
s_connection: verify depth is 1
Handshake duration: 2.58 ms
Execution 244 - TLS Mutual
s_connection: verify depth is 1
Handshake duration: 1.65 ms
Execution 245 - TLS Mutual
s_connection: verify depth is 1
Handshake duration: 2.60 ms
Execution 246 - TLS Mutual
s_connection: verify depth is 1
Handshake duration: 1.89 ms
Execution 247 - TLS Mutual
s_connection: verify depth is 1
Handshake duration: 1.82 ms
Execution 248 - TLS Mutual
s_connection: verify depth is 1
Handshake duration: 2.38 ms
Execution 249 - TLS Mutual
s_connection: verify depth is 1
Handshake duration: 1.77 ms
Execution 250 - TLS Mutual
s_connection: verify depth is 1
Handshake duration: 1.64 ms
Execution 251 - TLS Mutual
s_connection: verify depth is 1
Handshake duration: 1.57 ms
Execution 252 - TLS Mutual
s_connection: verify depth is 1
Handshake duration: 1.72 ms
Execution 253 - TLS Mutual
s_connection: verify depth is 1
Handshake duration: 2.47 ms
Execution 254 - TLS Mutual
s_connection: verify depth is 1
Handshake duration: 2.03 ms
Execution 255 - TLS Mutual
s_connection: verify depth is 1
Handshake duration: 1.53 ms
Execution 256 - TLS Mutual
s_connection: verify depth is 1
Handshake duration: 1.64 ms
Execution 257 - TLS Mutual
s_connection: verify depth is 1
Handshake duration: 1.71 ms
Execution 258 - TLS Mutual
s_connection: verify depth is 1
Handshake duration: 1.56 ms
Execution 259 - TLS Mutual
s_connection: verify depth is 1
Handshake duration: 2.12 ms
Execution 260 - TLS Mutual
s_connection: verify depth is 1
Handshake duration: 2.78 ms
Execution 261 - TLS Mutual
s_connection: verify depth is 1
Handshake duration: 1.92 ms
Execution 262 - TLS Mutual
s_connection: verify depth is 1
Handshake duration: 2.51 ms
Execution 263 - TLS Mutual
s_connection: verify depth is 1
Handshake duration: 1.96 ms
Execution 264 - TLS Mutual
s_connection: verify depth is 1
Handshake duration: 1.79 ms
Execution 265 - TLS Mutual
s_connection: verify depth is 1
Handshake duration: 1.71 ms
Execution 266 - TLS Mutual
s_connection: verify depth is 1
Handshake duration: 1.55 ms
Execution 267 - TLS Mutual
s_connection: verify depth is 1
Handshake duration: 1.95 ms
Execution 268 - TLS Mutual
s_connection: verify depth is 1
Handshake duration: 3.60 ms
Execution 269 - TLS Mutual
s_connection: verify depth is 1
Handshake duration: 1.94 ms
Execution 270 - TLS Mutual
s_connection: verify depth is 1
Handshake duration: 1.71 ms
Execution 271 - TLS Mutual
s_connection: verify depth is 1
Handshake duration: 1.62 ms
Execution 272 - TLS Mutual
s_connection: verify depth is 1
Handshake duration: 1.95 ms
Execution 273 - TLS Mutual
s_connection: verify depth is 1
Handshake duration: 1.78 ms
Execution 274 - TLS Mutual
s_connection: verify depth is 1
Handshake duration: 2.17 ms
Execution 275 - TLS Mutual
s_connection: verify depth is 1
Handshake duration: 2.05 ms
Execution 276 - TLS Mutual
s_connection: verify depth is 1
Handshake duration: 1.76 ms
Execution 277 - TLS Mutual
s_connection: verify depth is 1
Handshake duration: 1.72 ms
Execution 278 - TLS Mutual
s_connection: verify depth is 1
Handshake duration: 1.54 ms
Execution 279 - TLS Mutual
s_connection: verify depth is 1
Handshake duration: 2.29 ms
Execution 280 - TLS Mutual
s_connection: verify depth is 1
Handshake duration: 3.26 ms
Execution 281 - TLS Mutual
s_connection: verify depth is 1
Handshake duration: 1.95 ms
Execution 282 - TLS Mutual
s_connection: verify depth is 1
Handshake duration: 1.52 ms
Execution 283 - TLS Mutual
s_connection: verify depth is 1
Handshake duration: 1.82 ms
Execution 284 - TLS Mutual
s_connection: verify depth is 1
Handshake duration: 2.19 ms
Execution 285 - TLS Mutual
s_connection: verify depth is 1
Handshake duration: 1.89 ms
Execution 286 - TLS Mutual
s_connection: verify depth is 1
Handshake duration: 2.34 ms
Execution 287 - TLS Mutual
s_connection: verify depth is 1
Handshake duration: 1.69 ms
Execution 288 - TLS Mutual
s_connection: verify depth is 1
Handshake duration: 2.42 ms
Execution 289 - TLS Mutual
s_connection: verify depth is 1
Handshake duration: 1.54 ms
Execution 290 - TLS Mutual
s_connection: verify depth is 1
Handshake duration: 1.89 ms
Execution 291 - TLS Mutual
s_connection: verify depth is 1
Handshake duration: 1.71 ms
Execution 292 - TLS Mutual
s_connection: verify depth is 1
Handshake duration: 1.51 ms
Execution 293 - TLS Mutual
s_connection: verify depth is 1
Handshake duration: 1.92 ms
Execution 294 - TLS Mutual
s_connection: verify depth is 1
Handshake duration: 1.73 ms
Execution 295 - TLS Mutual
s_connection: verify depth is 1
Handshake duration: 1.56 ms
Execution 296 - TLS Mutual
s_connection: verify depth is 1
Handshake duration: 2.06 ms
Execution 297 - TLS Mutual
s_connection: verify depth is 1
Handshake duration: 2.90 ms
Execution 298 - TLS Mutual
s_connection: verify depth is 1
Handshake duration: 1.72 ms
Execution 299 - TLS Mutual
s_connection: verify depth is 1
Handshake duration: 2.24 ms
Execution 300 - TLS Mutual
s_connection: verify depth is 1
Handshake duration: 1.96 ms
Execution 301 - TLS Mutual
s_connection: verify depth is 1
Handshake duration: 4.08 ms
Execution 302 - TLS Mutual
s_connection: verify depth is 1
Handshake duration: 2.00 ms
Execution 303 - TLS Mutual
s_connection: verify depth is 1
Handshake duration: 1.66 ms
Execution 304 - TLS Mutual
s_connection: verify depth is 1
Handshake duration: 2.05 ms
Execution 305 - TLS Mutual
s_connection: verify depth is 1
Handshake duration: 2.27 ms
Execution 306 - TLS Mutual
s_connection: verify depth is 1
Handshake duration: 2.53 ms
Execution 307 - TLS Mutual
s_connection: verify depth is 1
Handshake duration: 1.87 ms
Execution 308 - TLS Mutual
s_connection: verify depth is 1
Handshake duration: 1.55 ms
Execution 309 - TLS Mutual
s_connection: verify depth is 1
Handshake duration: 1.92 ms
Execution 310 - TLS Mutual
s_connection: verify depth is 1
Handshake duration: 1.98 ms
Execution 311 - TLS Mutual
s_connection: verify depth is 1
Handshake duration: 1.72 ms
Execution 312 - TLS Mutual
s_connection: verify depth is 1
Handshake duration: 1.54 ms
Execution 313 - TLS Mutual
s_connection: verify depth is 1
Handshake duration: 1.56 ms
Execution 314 - TLS Mutual
s_connection: verify depth is 1
Handshake duration: 2.78 ms
Execution 315 - TLS Mutual
s_connection: verify depth is 1
Handshake duration: 1.79 ms
Execution 316 - TLS Mutual
s_connection: verify depth is 1
Handshake duration: 1.58 ms
Execution 317 - TLS Mutual
s_connection: verify depth is 1
Handshake duration: 1.55 ms
Execution 318 - TLS Mutual
s_connection: verify depth is 1
Handshake duration: 1.91 ms
Execution 319 - TLS Mutual
s_connection: verify depth is 1
Handshake duration: 1.76 ms
Execution 320 - TLS Mutual
s_connection: verify depth is 1
Handshake duration: 1.95 ms
Execution 321 - TLS Mutual
s_connection: verify depth is 1
Handshake duration: 1.54 ms
Execution 322 - TLS Mutual
s_connection: verify depth is 1
Handshake duration: 2.09 ms
Execution 323 - TLS Mutual
s_connection: verify depth is 1
Handshake duration: 1.80 ms
Execution 324 - TLS Mutual
s_connection: verify depth is 1
Handshake duration: 2.18 ms
Execution 325 - TLS Mutual
s_connection: verify depth is 1
Handshake duration: 1.72 ms
Execution 326 - TLS Mutual
s_connection: verify depth is 1
Handshake duration: 1.62 ms
Execution 327 - TLS Mutual
s_connection: verify depth is 1
Handshake duration: 2.53 ms
Execution 328 - TLS Mutual
s_connection: verify depth is 1
Handshake duration: 2.34 ms
Execution 329 - TLS Mutual
s_connection: verify depth is 1
Handshake duration: 1.91 ms
Execution 330 - TLS Mutual
s_connection: verify depth is 1
Handshake duration: 1.85 ms
Execution 331 - TLS Mutual
s_connection: verify depth is 1
Handshake duration: 2.25 ms
Execution 332 - TLS Mutual
s_connection: verify depth is 1
Handshake duration: 1.53 ms
Execution 333 - TLS Mutual
s_connection: verify depth is 1
Handshake duration: 2.00 ms
Execution 334 - TLS Mutual
s_connection: verify depth is 1
Handshake duration: 1.53 ms
Execution 335 - TLS Mutual
s_connection: verify depth is 1
Handshake duration: 2.15 ms
Execution 336 - TLS Mutual
s_connection: verify depth is 1
Handshake duration: 2.09 ms
Execution 337 - TLS Mutual
s_connection: verify depth is 1
Handshake duration: 1.63 ms
Execution 338 - TLS Mutual
s_connection: verify depth is 1
Handshake duration: 1.63 ms
Execution 339 - TLS Mutual
s_connection: verify depth is 1
Handshake duration: 1.64 ms
Execution 340 - TLS Mutual
s_connection: verify depth is 1
Handshake duration: 1.53 ms
Execution 341 - TLS Mutual
s_connection: verify depth is 1
Handshake duration: 1.80 ms
Execution 342 - TLS Mutual
s_connection: verify depth is 1
Handshake duration: 1.64 ms
Execution 343 - TLS Mutual
s_connection: verify depth is 1
Handshake duration: 2.26 ms
Execution 344 - TLS Mutual
s_connection: verify depth is 1
Handshake duration: 1.83 ms
Execution 345 - TLS Mutual
s_connection: verify depth is 1
Handshake duration: 3.21 ms
Execution 346 - TLS Mutual
s_connection: verify depth is 1
Handshake duration: 1.83 ms
Execution 347 - TLS Mutual
s_connection: verify depth is 1
Handshake duration: 1.55 ms
Execution 348 - TLS Mutual
s_connection: verify depth is 1
Handshake duration: 1.94 ms
Execution 349 - TLS Mutual
s_connection: verify depth is 1
Handshake duration: 3.42 ms
Execution 350 - TLS Mutual
s_connection: verify depth is 1
Handshake duration: 1.55 ms
Execution 351 - TLS Mutual
s_connection: verify depth is 1
Handshake duration: 2.12 ms
Execution 352 - TLS Mutual
s_connection: verify depth is 1
Handshake duration: 1.64 ms
Execution 353 - TLS Mutual
s_connection: verify depth is 1
Handshake duration: 1.51 ms
Execution 354 - TLS Mutual
s_connection: verify depth is 1
Handshake duration: 1.97 ms
Execution 355 - TLS Mutual
s_connection: verify depth is 1
Handshake duration: 2.08 ms
Execution 356 - TLS Mutual
s_connection: verify depth is 1
Handshake duration: 2.12 ms
Execution 357 - TLS Mutual
s_connection: verify depth is 1
Handshake duration: 1.52 ms
Execution 358 - TLS Mutual
s_connection: verify depth is 1
Handshake duration: 1.81 ms
Execution 359 - TLS Mutual
s_connection: verify depth is 1
Handshake duration: 2.62 ms
Execution 360 - TLS Mutual
s_connection: verify depth is 1
Handshake duration: 1.78 ms
Execution 361 - TLS Mutual
s_connection: verify depth is 1
Handshake duration: 2.34 ms
Execution 362 - TLS Mutual
s_connection: verify depth is 1
Handshake duration: 2.08 ms
Execution 363 - TLS Mutual
s_connection: verify depth is 1
Handshake duration: 2.19 ms
Execution 364 - TLS Mutual
s_connection: verify depth is 1
Handshake duration: 2.12 ms
Execution 365 - TLS Mutual
s_connection: verify depth is 1
Handshake duration: 1.56 ms
Execution 366 - TLS Mutual
s_connection: verify depth is 1
Handshake duration: 2.59 ms
Execution 367 - TLS Mutual
s_connection: verify depth is 1
Handshake duration: 1.99 ms
Execution 368 - TLS Mutual
s_connection: verify depth is 1
Handshake duration: 2.70 ms
Execution 369 - TLS Mutual
s_connection: verify depth is 1
Handshake duration: 2.20 ms
Execution 370 - TLS Mutual
s_connection: verify depth is 1
Handshake duration: 1.86 ms
Execution 371 - TLS Mutual
s_connection: verify depth is 1
Handshake duration: 1.81 ms
Execution 372 - TLS Mutual
s_connection: verify depth is 1
Handshake duration: 1.60 ms
Execution 373 - TLS Mutual
s_connection: verify depth is 1
Handshake duration: 1.66 ms
Execution 374 - TLS Mutual
s_connection: verify depth is 1
Handshake duration: 1.71 ms
Execution 375 - TLS Mutual
s_connection: verify depth is 1
Handshake duration: 1.83 ms
Execution 376 - TLS Mutual
s_connection: verify depth is 1
Handshake duration: 1.97 ms
Execution 377 - TLS Mutual
s_connection: verify depth is 1
Handshake duration: 2.70 ms
Execution 378 - TLS Mutual
s_connection: verify depth is 1
Handshake duration: 1.64 ms
Execution 379 - TLS Mutual
s_connection: verify depth is 1
Handshake duration: 1.70 ms
Execution 380 - TLS Mutual
s_connection: verify depth is 1
Handshake duration: 2.31 ms
Execution 381 - TLS Mutual
s_connection: verify depth is 1
Handshake duration: 1.79 ms
Execution 382 - TLS Mutual
s_connection: verify depth is 1
Handshake duration: 1.67 ms
Execution 383 - TLS Mutual
s_connection: verify depth is 1
Handshake duration: 2.39 ms
Execution 384 - TLS Mutual
s_connection: verify depth is 1
Handshake duration: 1.64 ms
Execution 385 - TLS Mutual
s_connection: verify depth is 1
Handshake duration: 1.83 ms
Execution 386 - TLS Mutual
s_connection: verify depth is 1
Handshake duration: 1.70 ms
Execution 387 - TLS Mutual
s_connection: verify depth is 1
Handshake duration: 2.59 ms
Execution 388 - TLS Mutual
s_connection: verify depth is 1
Handshake duration: 1.67 ms
Execution 389 - TLS Mutual
s_connection: verify depth is 1
Handshake duration: 1.55 ms
Execution 390 - TLS Mutual
s_connection: verify depth is 1
Handshake duration: 2.82 ms
Execution 391 - TLS Mutual
s_connection: verify depth is 1
Handshake duration: 1.56 ms
Execution 392 - TLS Mutual
s_connection: verify depth is 1
Handshake duration: 1.82 ms
Execution 393 - TLS Mutual
s_connection: verify depth is 1
Handshake duration: 2.20 ms
Execution 394 - TLS Mutual
s_connection: verify depth is 1
Handshake duration: 1.53 ms
Execution 395 - TLS Mutual
s_connection: verify depth is 1
Handshake duration: 1.57 ms
Execution 396 - TLS Mutual
s_connection: verify depth is 1
Handshake duration: 2.57 ms
Execution 397 - TLS Mutual
s_connection: verify depth is 1
Handshake duration: 1.74 ms
Execution 398 - TLS Mutual
s_connection: verify depth is 1
Handshake duration: 1.53 ms
Execution 399 - TLS Mutual
s_connection: verify depth is 1
Handshake duration: 1.63 ms
Execution 400 - TLS Mutual
s_connection: verify depth is 1
Handshake duration: 1.77 ms
Execution 401 - TLS Mutual
s_connection: verify depth is 1
Handshake duration: 1.53 ms
Execution 402 - TLS Mutual
s_connection: verify depth is 1
Handshake duration: 1.62 ms
Execution 403 - TLS Mutual
s_connection: verify depth is 1
Handshake duration: 2.94 ms
Execution 404 - TLS Mutual
s_connection: verify depth is 1
Handshake duration: 1.53 ms
Execution 405 - TLS Mutual
s_connection: verify depth is 1
Handshake duration: 2.26 ms
Execution 406 - TLS Mutual
s_connection: verify depth is 1
Handshake duration: 1.85 ms
Execution 407 - TLS Mutual
s_connection: verify depth is 1
Handshake duration: 1.94 ms
Execution 408 - TLS Mutual
s_connection: verify depth is 1
Handshake duration: 2.16 ms
Execution 409 - TLS Mutual
s_connection: verify depth is 1
Handshake duration: 1.63 ms
Execution 410 - TLS Mutual
s_connection: verify depth is 1
Handshake duration: 3.06 ms
Execution 411 - TLS Mutual
s_connection: verify depth is 1
Handshake duration: 1.85 ms
Execution 412 - TLS Mutual
s_connection: verify depth is 1
Handshake duration: 1.79 ms
Execution 413 - TLS Mutual
s_connection: verify depth is 1
Handshake duration: 1.89 ms
Execution 414 - TLS Mutual
s_connection: verify depth is 1
Handshake duration: 2.05 ms
Execution 415 - TLS Mutual
s_connection: verify depth is 1
Handshake duration: 1.54 ms
Execution 416 - TLS Mutual
s_connection: verify depth is 1
Handshake duration: 2.52 ms
Execution 417 - TLS Mutual
s_connection: verify depth is 1
Handshake duration: 1.58 ms
Execution 418 - TLS Mutual
s_connection: verify depth is 1
Handshake duration: 2.30 ms
Execution 419 - TLS Mutual
s_connection: verify depth is 1
Handshake duration: 1.69 ms
Execution 420 - TLS Mutual
s_connection: verify depth is 1
Handshake duration: 1.65 ms
Execution 421 - TLS Mutual
s_connection: verify depth is 1
Handshake duration: 1.97 ms
Execution 422 - TLS Mutual
s_connection: verify depth is 1
Handshake duration: 1.55 ms
Execution 423 - TLS Mutual
s_connection: verify depth is 1
Handshake duration: 1.71 ms
Execution 424 - TLS Mutual
s_connection: verify depth is 1
Handshake duration: 1.82 ms
Execution 425 - TLS Mutual
s_connection: verify depth is 1
Handshake duration: 1.99 ms
Execution 426 - TLS Mutual
s_connection: verify depth is 1
Handshake duration: 1.72 ms
Execution 427 - TLS Mutual
s_connection: verify depth is 1
Handshake duration: 1.97 ms
Execution 428 - TLS Mutual
s_connection: verify depth is 1
Handshake duration: 1.64 ms
Execution 429 - TLS Mutual
s_connection: verify depth is 1
Handshake duration: 1.90 ms
Execution 430 - TLS Mutual
s_connection: verify depth is 1
Handshake duration: 1.97 ms
Execution 431 - TLS Mutual
s_connection: verify depth is 1
Handshake duration: 1.71 ms
Execution 432 - TLS Mutual
s_connection: verify depth is 1
Handshake duration: 1.80 ms
Execution 433 - TLS Mutual
s_connection: verify depth is 1
Handshake duration: 1.90 ms
Execution 434 - TLS Mutual
s_connection: verify depth is 1
Handshake duration: 1.90 ms
Execution 435 - TLS Mutual
s_connection: verify depth is 1
Handshake duration: 1.64 ms
Execution 436 - TLS Mutual
s_connection: verify depth is 1
Handshake duration: 1.62 ms
Execution 437 - TLS Mutual
s_connection: verify depth is 1
Handshake duration: 1.65 ms
Execution 438 - TLS Mutual
s_connection: verify depth is 1
Handshake duration: 2.44 ms
Execution 439 - TLS Mutual
s_connection: verify depth is 1
Handshake duration: 1.73 ms
Execution 440 - TLS Mutual
s_connection: verify depth is 1
Handshake duration: 1.76 ms
Execution 441 - TLS Mutual
s_connection: verify depth is 1
Handshake duration: 1.78 ms
Execution 442 - TLS Mutual
s_connection: verify depth is 1
Handshake duration: 1.65 ms
Execution 443 - TLS Mutual
s_connection: verify depth is 1
Handshake duration: 2.38 ms
Execution 444 - TLS Mutual
s_connection: verify depth is 1
Handshake duration: 1.71 ms
Execution 445 - TLS Mutual
s_connection: verify depth is 1
Handshake duration: 2.89 ms
Execution 446 - TLS Mutual
s_connection: verify depth is 1
Handshake duration: 1.80 ms
Execution 447 - TLS Mutual
s_connection: verify depth is 1
Handshake duration: 1.62 ms
Execution 448 - TLS Mutual
s_connection: verify depth is 1
Handshake duration: 1.87 ms
Execution 449 - TLS Mutual
s_connection: verify depth is 1
Handshake duration: 2.07 ms
Execution 450 - TLS Mutual
s_connection: verify depth is 1
Handshake duration: 2.03 ms
Execution 451 - TLS Mutual
s_connection: verify depth is 1
Handshake duration: 2.47 ms
Execution 452 - TLS Mutual
s_connection: verify depth is 1
Handshake duration: 1.96 ms
Execution 453 - TLS Mutual
s_connection: verify depth is 1
Handshake duration: 1.88 ms
Execution 454 - TLS Mutual
s_connection: verify depth is 1
Handshake duration: 2.25 ms
Execution 455 - TLS Mutual
s_connection: verify depth is 1
Handshake duration: 1.98 ms
Execution 456 - TLS Mutual
s_connection: verify depth is 1
Handshake duration: 2.55 ms
Execution 457 - TLS Mutual
s_connection: verify depth is 1
Handshake duration: 1.64 ms
Execution 458 - TLS Mutual
s_connection: verify depth is 1
Handshake duration: 2.37 ms
Execution 459 - TLS Mutual
s_connection: verify depth is 1
Handshake duration: 1.55 ms
Execution 460 - TLS Mutual
s_connection: verify depth is 1
Handshake duration: 1.84 ms
Execution 461 - TLS Mutual
s_connection: verify depth is 1
Handshake duration: 2.34 ms
Execution 462 - TLS Mutual
s_connection: verify depth is 1
Handshake duration: 2.29 ms
Execution 463 - TLS Mutual
s_connection: verify depth is 1
Handshake duration: 1.72 ms
Execution 464 - TLS Mutual
s_connection: verify depth is 1
Handshake duration: 2.01 ms
Execution 465 - TLS Mutual
s_connection: verify depth is 1
Handshake duration: 1.54 ms
Execution 466 - TLS Mutual
s_connection: verify depth is 1
Handshake duration: 2.00 ms
Execution 467 - TLS Mutual
s_connection: verify depth is 1
Handshake duration: 2.80 ms
Execution 468 - TLS Mutual
s_connection: verify depth is 1
Handshake duration: 1.56 ms
Execution 469 - TLS Mutual
s_connection: verify depth is 1
Handshake duration: 1.57 ms
Execution 470 - TLS Mutual
s_connection: verify depth is 1
Handshake duration: 1.65 ms
Execution 471 - TLS Mutual
s_connection: verify depth is 1
Handshake duration: 1.94 ms
Execution 472 - TLS Mutual
s_connection: verify depth is 1
Handshake duration: 1.90 ms
Execution 473 - TLS Mutual
s_connection: verify depth is 1
Handshake duration: 1.64 ms
Execution 474 - TLS Mutual
s_connection: verify depth is 1
Handshake duration: 2.90 ms
Execution 475 - TLS Mutual
s_connection: verify depth is 1
Handshake duration: 1.81 ms
Execution 476 - TLS Mutual
s_connection: verify depth is 1
Handshake duration: 2.21 ms
Execution 477 - TLS Mutual
s_connection: verify depth is 1
Handshake duration: 1.76 ms
Execution 478 - TLS Mutual
s_connection: verify depth is 1
Handshake duration: 1.52 ms
Execution 479 - TLS Mutual
s_connection: verify depth is 1
Handshake duration: 1.99 ms
Execution 480 - TLS Mutual
s_connection: verify depth is 1
Handshake duration: 2.26 ms
Execution 481 - TLS Mutual
s_connection: verify depth is 1
Handshake duration: 2.77 ms
Execution 482 - TLS Mutual
s_connection: verify depth is 1
Handshake duration: 1.54 ms
Execution 483 - TLS Mutual
s_connection: verify depth is 1
Handshake duration: 1.66 ms
Execution 484 - TLS Mutual
s_connection: verify depth is 1
Handshake duration: 2.12 ms
Execution 485 - TLS Mutual
s_connection: verify depth is 1
Handshake duration: 1.73 ms
Execution 486 - TLS Mutual
s_connection: verify depth is 1
Handshake duration: 1.66 ms
Execution 487 - TLS Mutual
s_connection: verify depth is 1
Handshake duration: 1.70 ms
Execution 488 - TLS Mutual
s_connection: verify depth is 1
Handshake duration: 1.76 ms
Execution 489 - TLS Mutual
s_connection: verify depth is 1
Handshake duration: 1.58 ms
Execution 490 - TLS Mutual
s_connection: verify depth is 1
Handshake duration: 2.16 ms
Execution 491 - TLS Mutual
s_connection: verify depth is 1
Handshake duration: 3.28 ms
Execution 492 - TLS Mutual
s_connection: verify depth is 1
Handshake duration: 2.19 ms
Execution 493 - TLS Mutual
s_connection: verify depth is 1
Handshake duration: 2.14 ms
Execution 494 - TLS Mutual
s_connection: verify depth is 1
Handshake duration: 2.25 ms
Execution 495 - TLS Mutual
s_connection: verify depth is 1
Handshake duration: 1.65 ms
Execution 496 - TLS Mutual
s_connection: verify depth is 1
Handshake duration: 2.26 ms
Execution 497 - TLS Mutual
s_connection: verify depth is 1
Handshake duration: 1.96 ms
Execution 498 - TLS Mutual
s_connection: verify depth is 1
Handshake duration: 2.21 ms
Execution 499 - TLS Mutual
s_connection: verify depth is 1
Handshake duration: 1.64 ms
Execution 500 - TLS Mutual
s_connection: verify depth is 1
Handshake duration: 1.78 ms
Execution 501 - TLS Mutual
s_connection: verify depth is 1
Handshake duration: 1.95 ms
Execution 502 - TLS Mutual
s_connection: verify depth is 1
Handshake duration: 2.09 ms
Execution 503 - TLS Mutual
s_connection: verify depth is 1
Handshake duration: 1.52 ms
Execution 504 - TLS Mutual
s_connection: verify depth is 1
Handshake duration: 1.73 ms
Execution 505 - TLS Mutual
s_connection: verify depth is 1
Handshake duration: 1.72 ms
Execution 506 - TLS Mutual
s_connection: verify depth is 1
Handshake duration: 1.54 ms
Execution 507 - TLS Mutual
s_connection: verify depth is 1
Handshake duration: 1.81 ms
Execution 508 - TLS Mutual
s_connection: verify depth is 1
Handshake duration: 1.84 ms
Execution 509 - TLS Mutual
s_connection: verify depth is 1
Handshake duration: 2.34 ms
Execution 510 - TLS Mutual
s_connection: verify depth is 1
Handshake duration: 2.81 ms
Execution 511 - TLS Mutual
s_connection: verify depth is 1
Handshake duration: 1.64 ms
Execution 512 - TLS Mutual
s_connection: verify depth is 1
Handshake duration: 1.55 ms
Execution 513 - TLS Mutual
s_connection: verify depth is 1
Handshake duration: 2.12 ms
Execution 514 - TLS Mutual
s_connection: verify depth is 1
Handshake duration: 1.84 ms
Execution 515 - TLS Mutual
s_connection: verify depth is 1
Handshake duration: 2.31 ms
Execution 516 - TLS Mutual
s_connection: verify depth is 1
Handshake duration: 1.55 ms
Execution 517 - TLS Mutual
s_connection: verify depth is 1
Handshake duration: 2.62 ms
Execution 518 - TLS Mutual
s_connection: verify depth is 1
Handshake duration: 2.31 ms
Execution 519 - TLS Mutual
s_connection: verify depth is 1
Handshake duration: 1.82 ms
Execution 520 - TLS Mutual
s_connection: verify depth is 1
Handshake duration: 1.85 ms
Execution 521 - TLS Mutual
s_connection: verify depth is 1
Handshake duration: 1.81 ms
Execution 522 - TLS Mutual
s_connection: verify depth is 1
Handshake duration: 1.99 ms
Execution 523 - TLS Mutual
s_connection: verify depth is 1
Handshake duration: 2.74 ms
Execution 524 - TLS Mutual
s_connection: verify depth is 1
Handshake duration: 1.74 ms
Execution 525 - TLS Mutual
s_connection: verify depth is 1
Handshake duration: 1.68 ms
Execution 526 - TLS Mutual
s_connection: verify depth is 1
Handshake duration: 1.92 ms
Execution 527 - TLS Mutual
s_connection: verify depth is 1
Handshake duration: 1.56 ms
Execution 528 - TLS Mutual
s_connection: verify depth is 1
Handshake duration: 1.56 ms
Execution 529 - TLS Mutual
s_connection: verify depth is 1
Handshake duration: 1.66 ms
Execution 530 - TLS Mutual
s_connection: verify depth is 1
Handshake duration: 2.19 ms
Execution 531 - TLS Mutual
s_connection: verify depth is 1
Handshake duration: 1.71 ms
Execution 532 - TLS Mutual
s_connection: verify depth is 1
Handshake duration: 1.56 ms
Execution 533 - TLS Mutual
s_connection: verify depth is 1
Handshake duration: 2.03 ms
Execution 534 - TLS Mutual
s_connection: verify depth is 1
Handshake duration: 1.73 ms
Execution 535 - TLS Mutual
s_connection: verify depth is 1
Handshake duration: 1.88 ms
Execution 536 - TLS Mutual
s_connection: verify depth is 1
Handshake duration: 1.87 ms
Execution 537 - TLS Mutual
s_connection: verify depth is 1
Handshake duration: 1.74 ms
Execution 538 - TLS Mutual
s_connection: verify depth is 1
Handshake duration: 1.83 ms
Execution 539 - TLS Mutual
s_connection: verify depth is 1
Handshake duration: 1.94 ms
Execution 540 - TLS Mutual
s_connection: verify depth is 1
Handshake duration: 1.54 ms
Execution 541 - TLS Mutual
s_connection: verify depth is 1
Handshake duration: 1.81 ms
Execution 542 - TLS Mutual
s_connection: verify depth is 1
Handshake duration: 1.72 ms
Execution 543 - TLS Mutual
s_connection: verify depth is 1
Handshake duration: 2.09 ms
Execution 544 - TLS Mutual
s_connection: verify depth is 1
Handshake duration: 1.64 ms
Execution 545 - TLS Mutual
s_connection: verify depth is 1
Handshake duration: 1.87 ms
Execution 546 - TLS Mutual
s_connection: verify depth is 1
Handshake duration: 3.13 ms
Execution 547 - TLS Mutual
s_connection: verify depth is 1
Handshake duration: 2.70 ms
Execution 548 - TLS Mutual
s_connection: verify depth is 1
Handshake duration: 1.55 ms
Execution 549 - TLS Mutual
s_connection: verify depth is 1
Handshake duration: 1.52 ms
Execution 550 - TLS Mutual
s_connection: verify depth is 1
Handshake duration: 1.92 ms
Execution 551 - TLS Mutual
s_connection: verify depth is 1
Handshake duration: 1.96 ms
Execution 552 - TLS Mutual
s_connection: verify depth is 1
Handshake duration: 1.68 ms
Execution 553 - TLS Mutual
s_connection: verify depth is 1
Handshake duration: 1.67 ms
Execution 554 - TLS Mutual
s_connection: verify depth is 1
Handshake duration: 2.68 ms
Execution 555 - TLS Mutual
s_connection: verify depth is 1
Handshake duration: 1.97 ms
Execution 556 - TLS Mutual
s_connection: verify depth is 1
Handshake duration: 2.08 ms
Execution 557 - TLS Mutual
s_connection: verify depth is 1
Handshake duration: 1.81 ms
Execution 558 - TLS Mutual
s_connection: verify depth is 1
Handshake duration: 1.55 ms
Execution 559 - TLS Mutual
s_connection: verify depth is 1
Handshake duration: 1.98 ms
Execution 560 - TLS Mutual
s_connection: verify depth is 1
Handshake duration: 2.62 ms
Execution 561 - TLS Mutual
s_connection: verify depth is 1
Handshake duration: 2.63 ms
Execution 562 - TLS Mutual
s_connection: verify depth is 1
Handshake duration: 1.55 ms
Execution 563 - TLS Mutual
s_connection: verify depth is 1
Handshake duration: 2.43 ms
Execution 564 - TLS Mutual
s_connection: verify depth is 1
Handshake duration: 1.64 ms
Execution 565 - TLS Mutual
s_connection: verify depth is 1
Handshake duration: 1.93 ms
Execution 566 - TLS Mutual
s_connection: verify depth is 1
Handshake duration: 1.82 ms
Execution 567 - TLS Mutual
s_connection: verify depth is 1
Handshake duration: 2.30 ms
Execution 568 - TLS Mutual
s_connection: verify depth is 1
Handshake duration: 1.81 ms
Execution 569 - TLS Mutual
s_connection: verify depth is 1
Handshake duration: 1.68 ms
Execution 570 - TLS Mutual
s_connection: verify depth is 1
Handshake duration: 1.57 ms
Execution 571 - TLS Mutual
s_connection: verify depth is 1
Handshake duration: 1.83 ms
Execution 572 - TLS Mutual
s_connection: verify depth is 1
Handshake duration: 2.06 ms
Execution 573 - TLS Mutual
s_connection: verify depth is 1
Handshake duration: 1.90 ms
Execution 574 - TLS Mutual
s_connection: verify depth is 1
Handshake duration: 1.89 ms
Execution 575 - TLS Mutual
s_connection: verify depth is 1
Handshake duration: 1.91 ms
Execution 576 - TLS Mutual
s_connection: verify depth is 1
Handshake duration: 2.37 ms
Execution 577 - TLS Mutual
s_connection: verify depth is 1
Handshake duration: 1.87 ms
Execution 578 - TLS Mutual
s_connection: verify depth is 1
Handshake duration: 1.55 ms
Execution 579 - TLS Mutual
s_connection: verify depth is 1
Handshake duration: 1.67 ms
Execution 580 - TLS Mutual
s_connection: verify depth is 1
Handshake duration: 1.58 ms
Execution 581 - TLS Mutual
s_connection: verify depth is 1
Handshake duration: 2.07 ms
Execution 582 - TLS Mutual
s_connection: verify depth is 1
Handshake duration: 1.59 ms
Execution 583 - TLS Mutual
s_connection: verify depth is 1
Handshake duration: 2.22 ms
Execution 584 - TLS Mutual
s_connection: verify depth is 1
Handshake duration: 1.82 ms
Execution 585 - TLS Mutual
s_connection: verify depth is 1
Handshake duration: 1.76 ms
Execution 586 - TLS Mutual
s_connection: verify depth is 1
Handshake duration: 1.71 ms
Execution 587 - TLS Mutual
s_connection: verify depth is 1
Handshake duration: 1.87 ms
Execution 588 - TLS Mutual
s_connection: verify depth is 1
Handshake duration: 1.71 ms
Execution 589 - TLS Mutual
s_connection: verify depth is 1
Handshake duration: 1.77 ms
Execution 590 - TLS Mutual
s_connection: verify depth is 1
Handshake duration: 1.90 ms
Execution 591 - TLS Mutual
s_connection: verify depth is 1
Handshake duration: 1.69 ms
Execution 592 - TLS Mutual
s_connection: verify depth is 1
Handshake duration: 2.17 ms
Execution 593 - TLS Mutual
s_connection: verify depth is 1
Handshake duration: 1.55 ms
Execution 594 - TLS Mutual
s_connection: verify depth is 1
Handshake duration: 1.92 ms
Execution 595 - TLS Mutual
s_connection: verify depth is 1
Handshake duration: 2.61 ms
Execution 596 - TLS Mutual
s_connection: verify depth is 1
Handshake duration: 1.67 ms
Execution 597 - TLS Mutual
s_connection: verify depth is 1
Handshake duration: 2.36 ms
Execution 598 - TLS Mutual
s_connection: verify depth is 1
Handshake duration: 2.51 ms
Execution 599 - TLS Mutual
s_connection: verify depth is 1
Handshake duration: 1.55 ms
Execution 600 - TLS Mutual
s_connection: verify depth is 1
Handshake duration: 1.83 ms
Execution 601 - TLS Mutual
s_connection: verify depth is 1
Handshake duration: 1.68 ms
Execution 602 - TLS Mutual
s_connection: verify depth is 1
Handshake duration: 1.92 ms
Execution 603 - TLS Mutual
s_connection: verify depth is 1
Handshake duration: 2.02 ms
Execution 604 - TLS Mutual
s_connection: verify depth is 1
Handshake duration: 2.85 ms
Execution 605 - TLS Mutual
s_connection: verify depth is 1
Handshake duration: 1.96 ms
Execution 606 - TLS Mutual
s_connection: verify depth is 1
Handshake duration: 1.85 ms
Execution 607 - TLS Mutual
s_connection: verify depth is 1
Handshake duration: 1.76 ms
Execution 608 - TLS Mutual
s_connection: verify depth is 1
Handshake duration: 1.62 ms
Execution 609 - TLS Mutual
s_connection: verify depth is 1
Handshake duration: 1.85 ms
Execution 610 - TLS Mutual
s_connection: verify depth is 1
Handshake duration: 1.56 ms
Execution 611 - TLS Mutual
s_connection: verify depth is 1
Handshake duration: 2.16 ms
Execution 612 - TLS Mutual
s_connection: verify depth is 1
Handshake duration: 2.21 ms
Execution 613 - TLS Mutual
s_connection: verify depth is 1
Handshake duration: 1.54 ms
Execution 614 - TLS Mutual
s_connection: verify depth is 1
Handshake duration: 2.52 ms
Execution 615 - TLS Mutual
s_connection: verify depth is 1
Handshake duration: 1.73 ms
Execution 616 - TLS Mutual
s_connection: verify depth is 1
Handshake duration: 1.61 ms
Execution 617 - TLS Mutual
s_connection: verify depth is 1
Handshake duration: 1.76 ms
Execution 618 - TLS Mutual
s_connection: verify depth is 1
Handshake duration: 1.58 ms
Execution 619 - TLS Mutual
s_connection: verify depth is 1
Handshake duration: 1.94 ms
Execution 620 - TLS Mutual
s_connection: verify depth is 1
Handshake duration: 1.76 ms
Execution 621 - TLS Mutual
s_connection: verify depth is 1
Handshake duration: 2.37 ms
Execution 622 - TLS Mutual
s_connection: verify depth is 1
Handshake duration: 1.92 ms
Execution 623 - TLS Mutual
s_connection: verify depth is 1
Handshake duration: 1.76 ms
Execution 624 - TLS Mutual
s_connection: verify depth is 1
Handshake duration: 1.54 ms
Execution 625 - TLS Mutual
s_connection: verify depth is 1
Handshake duration: 2.51 ms
Execution 626 - TLS Mutual
s_connection: verify depth is 1
Handshake duration: 1.74 ms
Execution 627 - TLS Mutual
s_connection: verify depth is 1
Handshake duration: 2.52 ms
Execution 628 - TLS Mutual
s_connection: verify depth is 1
Handshake duration: 1.54 ms
Execution 629 - TLS Mutual
s_connection: verify depth is 1
Handshake duration: 1.69 ms
Execution 630 - TLS Mutual
s_connection: verify depth is 1
Handshake duration: 1.96 ms
Execution 631 - TLS Mutual
s_connection: verify depth is 1
Handshake duration: 1.55 ms
Execution 632 - TLS Mutual
s_connection: verify depth is 1
Handshake duration: 1.77 ms
Execution 633 - TLS Mutual
s_connection: verify depth is 1
Handshake duration: 1.75 ms
Execution 634 - TLS Mutual
s_connection: verify depth is 1
Handshake duration: 2.09 ms
Execution 635 - TLS Mutual
s_connection: verify depth is 1
Handshake duration: 1.53 ms
Execution 636 - TLS Mutual
s_connection: verify depth is 1
Handshake duration: 1.70 ms
Execution 637 - TLS Mutual
s_connection: verify depth is 1
Handshake duration: 1.64 ms
Execution 638 - TLS Mutual
s_connection: verify depth is 1
Handshake duration: 2.46 ms
Execution 639 - TLS Mutual
s_connection: verify depth is 1
Handshake duration: 1.89 ms
Execution 640 - TLS Mutual
s_connection: verify depth is 1
Handshake duration: 1.97 ms
Execution 641 - TLS Mutual
s_connection: verify depth is 1
Handshake duration: 1.67 ms
Execution 642 - TLS Mutual
s_connection: verify depth is 1
Handshake duration: 1.53 ms
Execution 643 - TLS Mutual
s_connection: verify depth is 1
Handshake duration: 1.74 ms
Execution 644 - TLS Mutual
s_connection: verify depth is 1
Handshake duration: 1.61 ms
Execution 645 - TLS Mutual
s_connection: verify depth is 1
Handshake duration: 2.20 ms
Execution 646 - TLS Mutual
s_connection: verify depth is 1
Handshake duration: 2.65 ms
Execution 647 - TLS Mutual
s_connection: verify depth is 1
Handshake duration: 1.81 ms
Execution 648 - TLS Mutual
s_connection: verify depth is 1
Handshake duration: 1.98 ms
Execution 649 - TLS Mutual
s_connection: verify depth is 1
Handshake duration: 1.57 ms
Execution 650 - TLS Mutual
s_connection: verify depth is 1
Handshake duration: 1.65 ms
Execution 651 - TLS Mutual
s_connection: verify depth is 1
Handshake duration: 2.54 ms
Execution 652 - TLS Mutual
s_connection: verify depth is 1
Handshake duration: 1.63 ms
Execution 653 - TLS Mutual
s_connection: verify depth is 1
Handshake duration: 1.89 ms
Execution 654 - TLS Mutual
s_connection: verify depth is 1
Handshake duration: 1.98 ms
Execution 655 - TLS Mutual
s_connection: verify depth is 1
Handshake duration: 1.64 ms
Execution 656 - TLS Mutual
s_connection: verify depth is 1
Handshake duration: 2.09 ms
Execution 657 - TLS Mutual
s_connection: verify depth is 1
Handshake duration: 1.57 ms
Execution 658 - TLS Mutual
s_connection: verify depth is 1
Handshake duration: 1.72 ms
Execution 659 - TLS Mutual
s_connection: verify depth is 1
Handshake duration: 2.14 ms
Execution 660 - TLS Mutual
s_connection: verify depth is 1
Handshake duration: 1.93 ms
Execution 661 - TLS Mutual
s_connection: verify depth is 1
Handshake duration: 1.71 ms
Execution 662 - TLS Mutual
s_connection: verify depth is 1
Handshake duration: 1.59 ms
Execution 663 - TLS Mutual
s_connection: verify depth is 1
Handshake duration: 2.18 ms
Execution 664 - TLS Mutual
s_connection: verify depth is 1
Handshake duration: 1.66 ms
Execution 665 - TLS Mutual
s_connection: verify depth is 1
Handshake duration: 1.84 ms
Execution 666 - TLS Mutual
s_connection: verify depth is 1
Handshake duration: 1.95 ms
Execution 667 - TLS Mutual
s_connection: verify depth is 1
Handshake duration: 1.54 ms
Execution 668 - TLS Mutual
s_connection: verify depth is 1
Handshake duration: 2.35 ms
Execution 669 - TLS Mutual
s_connection: verify depth is 1
Handshake duration: 1.96 ms
Execution 670 - TLS Mutual
s_connection: verify depth is 1
Handshake duration: 1.82 ms
Execution 671 - TLS Mutual
s_connection: verify depth is 1
Handshake duration: 1.61 ms
Execution 672 - TLS Mutual
s_connection: verify depth is 1
Handshake duration: 1.74 ms
Execution 673 - TLS Mutual
s_connection: verify depth is 1
Handshake duration: 2.07 ms
Execution 674 - TLS Mutual
s_connection: verify depth is 1
Handshake duration: 1.88 ms
Execution 675 - TLS Mutual
s_connection: verify depth is 1
Handshake duration: 1.83 ms
Execution 676 - TLS Mutual
s_connection: verify depth is 1
Handshake duration: 1.72 ms
Execution 677 - TLS Mutual
s_connection: verify depth is 1
Handshake duration: 1.98 ms
Execution 678 - TLS Mutual
s_connection: verify depth is 1
Handshake duration: 1.84 ms
Execution 679 - TLS Mutual
s_connection: verify depth is 1
Handshake duration: 1.71 ms
Execution 680 - TLS Mutual
s_connection: verify depth is 1
Handshake duration: 2.08 ms
Execution 681 - TLS Mutual
s_connection: verify depth is 1
Handshake duration: 2.85 ms
Execution 682 - TLS Mutual
s_connection: verify depth is 1
Handshake duration: 2.58 ms
Execution 683 - TLS Mutual
s_connection: verify depth is 1
Handshake duration: 2.03 ms
Execution 684 - TLS Mutual
s_connection: verify depth is 1
Handshake duration: 1.87 ms
Execution 685 - TLS Mutual
s_connection: verify depth is 1
Handshake duration: 1.63 ms
Execution 686 - TLS Mutual
s_connection: verify depth is 1
Handshake duration: 2.12 ms
Execution 687 - TLS Mutual
s_connection: verify depth is 1
Handshake duration: 2.28 ms
Execution 688 - TLS Mutual
s_connection: verify depth is 1
Handshake duration: 1.81 ms
Execution 689 - TLS Mutual
s_connection: verify depth is 1
Handshake duration: 1.64 ms
Execution 690 - TLS Mutual
s_connection: verify depth is 1
Handshake duration: 3.99 ms
Execution 691 - TLS Mutual
s_connection: verify depth is 1
Handshake duration: 1.62 ms
Execution 692 - TLS Mutual
s_connection: verify depth is 1
Handshake duration: 1.94 ms
Execution 693 - TLS Mutual
s_connection: verify depth is 1
Handshake duration: 2.67 ms
Execution 694 - TLS Mutual
s_connection: verify depth is 1
Handshake duration: 1.72 ms
Execution 695 - TLS Mutual
s_connection: verify depth is 1
Handshake duration: 1.65 ms
Execution 696 - TLS Mutual
s_connection: verify depth is 1
Handshake duration: 1.64 ms
Execution 697 - TLS Mutual
s_connection: verify depth is 1
Handshake duration: 1.57 ms
Execution 698 - TLS Mutual
s_connection: verify depth is 1
Handshake duration: 1.81 ms
Execution 699 - TLS Mutual
s_connection: verify depth is 1
Handshake duration: 1.83 ms
Execution 700 - TLS Mutual
s_connection: verify depth is 1
Handshake duration: 2.06 ms
Execution 701 - TLS Mutual
s_connection: verify depth is 1
Handshake duration: 1.54 ms
Execution 702 - TLS Mutual
s_connection: verify depth is 1
Handshake duration: 1.72 ms
Execution 703 - TLS Mutual
s_connection: verify depth is 1
Handshake duration: 1.53 ms
Execution 704 - TLS Mutual
s_connection: verify depth is 1
Handshake duration: 1.54 ms
Execution 705 - TLS Mutual
s_connection: verify depth is 1
Handshake duration: 1.92 ms
Execution 706 - TLS Mutual
s_connection: verify depth is 1
Handshake duration: 1.66 ms
Execution 707 - TLS Mutual
s_connection: verify depth is 1
Handshake duration: 1.63 ms
Execution 708 - TLS Mutual
s_connection: verify depth is 1
Handshake duration: 2.34 ms
Execution 709 - TLS Mutual
s_connection: verify depth is 1
Handshake duration: 2.27 ms
Execution 710 - TLS Mutual
s_connection: verify depth is 1
Handshake duration: 1.82 ms
Execution 711 - TLS Mutual
s_connection: verify depth is 1
Handshake duration: 1.99 ms
Execution 712 - TLS Mutual
s_connection: verify depth is 1
Handshake duration: 1.55 ms
Execution 713 - TLS Mutual
s_connection: verify depth is 1
Handshake duration: 1.73 ms
Execution 714 - TLS Mutual
s_connection: verify depth is 1
Handshake duration: 1.56 ms
Execution 715 - TLS Mutual
s_connection: verify depth is 1
Handshake duration: 1.61 ms
Execution 716 - TLS Mutual
s_connection: verify depth is 1
Handshake duration: 1.73 ms
Execution 717 - TLS Mutual
s_connection: verify depth is 1
Handshake duration: 1.97 ms
Execution 718 - TLS Mutual
s_connection: verify depth is 1
Handshake duration: 1.72 ms
Execution 719 - TLS Mutual
s_connection: verify depth is 1
Handshake duration: 1.63 ms
Execution 720 - TLS Mutual
s_connection: verify depth is 1
Handshake duration: 1.59 ms
Execution 721 - TLS Mutual
s_connection: verify depth is 1
Handshake duration: 2.04 ms
Execution 722 - TLS Mutual
s_connection: verify depth is 1
Handshake duration: 1.83 ms
Execution 723 - TLS Mutual
s_connection: verify depth is 1
Handshake duration: 1.54 ms
Execution 724 - TLS Mutual
s_connection: verify depth is 1
Handshake duration: 1.79 ms
Execution 725 - TLS Mutual
s_connection: verify depth is 1
Handshake duration: 3.37 ms
Execution 726 - TLS Mutual
s_connection: verify depth is 1
Handshake duration: 1.88 ms
Execution 727 - TLS Mutual
s_connection: verify depth is 1
Handshake duration: 2.06 ms
Execution 728 - TLS Mutual
s_connection: verify depth is 1
Handshake duration: 1.85 ms
Execution 729 - TLS Mutual
s_connection: verify depth is 1
Handshake duration: 1.87 ms
Execution 730 - TLS Mutual
s_connection: verify depth is 1
Handshake duration: 1.84 ms
Execution 731 - TLS Mutual
s_connection: verify depth is 1
Handshake duration: 1.68 ms
Execution 732 - TLS Mutual
s_connection: verify depth is 1
Handshake duration: 1.94 ms
Execution 733 - TLS Mutual
s_connection: verify depth is 1
Handshake duration: 2.33 ms
Execution 734 - TLS Mutual
s_connection: verify depth is 1
Handshake duration: 1.58 ms
Execution 735 - TLS Mutual
s_connection: verify depth is 1
Handshake duration: 2.44 ms
Execution 736 - TLS Mutual
s_connection: verify depth is 1
Handshake duration: 2.02 ms
Execution 737 - TLS Mutual
s_connection: verify depth is 1
Handshake duration: 2.25 ms
Execution 738 - TLS Mutual
s_connection: verify depth is 1
Handshake duration: 2.85 ms
Execution 739 - TLS Mutual
s_connection: verify depth is 1
Handshake duration: 1.65 ms
Execution 740 - TLS Mutual
s_connection: verify depth is 1
Handshake duration: 2.12 ms
Execution 741 - TLS Mutual
s_connection: verify depth is 1
Handshake duration: 1.60 ms
Execution 742 - TLS Mutual
s_connection: verify depth is 1
Handshake duration: 1.96 ms
Execution 743 - TLS Mutual
s_connection: verify depth is 1
Handshake duration: 1.65 ms
Execution 744 - TLS Mutual
s_connection: verify depth is 1
Handshake duration: 1.98 ms
Execution 745 - TLS Mutual
s_connection: verify depth is 1
Handshake duration: 1.94 ms
Execution 746 - TLS Mutual
s_connection: verify depth is 1
Handshake duration: 1.54 ms
Execution 747 - TLS Mutual
s_connection: verify depth is 1
Handshake duration: 2.08 ms
Execution 748 - TLS Mutual
s_connection: verify depth is 1
Handshake duration: 2.02 ms
Execution 749 - TLS Mutual
s_connection: verify depth is 1
Handshake duration: 2.37 ms
Execution 750 - TLS Mutual
s_connection: verify depth is 1
Handshake duration: 3.52 ms
Execution 751 - TLS Mutual
s_connection: verify depth is 1
Handshake duration: 2.11 ms
Execution 752 - TLS Mutual
s_connection: verify depth is 1
Handshake duration: 3.07 ms
Execution 753 - TLS Mutual
s_connection: verify depth is 1
Handshake duration: 2.24 ms
Execution 754 - TLS Mutual
s_connection: verify depth is 1
Handshake duration: 1.57 ms
Execution 755 - TLS Mutual
s_connection: verify depth is 1
Handshake duration: 1.55 ms
Execution 756 - TLS Mutual
s_connection: verify depth is 1
Handshake duration: 1.99 ms
Execution 757 - TLS Mutual
s_connection: verify depth is 1
Handshake duration: 1.91 ms
Execution 758 - TLS Mutual
s_connection: verify depth is 1
Handshake duration: 1.75 ms
Execution 759 - TLS Mutual
s_connection: verify depth is 1
Handshake duration: 1.80 ms
Execution 760 - TLS Mutual
s_connection: verify depth is 1
Handshake duration: 1.76 ms
Execution 761 - TLS Mutual
s_connection: verify depth is 1
Handshake duration: 1.70 ms
Execution 762 - TLS Mutual
s_connection: verify depth is 1
Handshake duration: 1.54 ms
Execution 763 - TLS Mutual
s_connection: verify depth is 1
Handshake duration: 2.16 ms
Execution 764 - TLS Mutual
s_connection: verify depth is 1
Handshake duration: 1.72 ms
Execution 765 - TLS Mutual
s_connection: verify depth is 1
Handshake duration: 1.85 ms
Execution 766 - TLS Mutual
s_connection: verify depth is 1
Handshake duration: 1.99 ms
Execution 767 - TLS Mutual
s_connection: verify depth is 1
Handshake duration: 2.67 ms
Execution 768 - TLS Mutual
s_connection: verify depth is 1
Handshake duration: 1.58 ms
Execution 769 - TLS Mutual
s_connection: verify depth is 1
Handshake duration: 1.96 ms
Execution 770 - TLS Mutual
s_connection: verify depth is 1
Handshake duration: 2.05 ms
Execution 771 - TLS Mutual
s_connection: verify depth is 1
Handshake duration: 1.62 ms
Execution 772 - TLS Mutual
s_connection: verify depth is 1
Handshake duration: 1.63 ms
Execution 773 - TLS Mutual
s_connection: verify depth is 1
Handshake duration: 1.55 ms
Execution 774 - TLS Mutual
s_connection: verify depth is 1
Handshake duration: 1.69 ms
Execution 775 - TLS Mutual
s_connection: verify depth is 1
Handshake duration: 2.39 ms
Execution 776 - TLS Mutual
s_connection: verify depth is 1
Handshake duration: 1.95 ms
Execution 777 - TLS Mutual
s_connection: verify depth is 1
Handshake duration: 1.63 ms
Execution 778 - TLS Mutual
s_connection: verify depth is 1
Handshake duration: 2.10 ms
Execution 779 - TLS Mutual
s_connection: verify depth is 1
Handshake duration: 1.65 ms
Execution 780 - TLS Mutual
s_connection: verify depth is 1
Handshake duration: 1.54 ms
Execution 781 - TLS Mutual
s_connection: verify depth is 1
Handshake duration: 1.84 ms
Execution 782 - TLS Mutual
s_connection: verify depth is 1
Handshake duration: 1.70 ms
Execution 783 - TLS Mutual
s_connection: verify depth is 1
Handshake duration: 1.57 ms
Execution 784 - TLS Mutual
s_connection: verify depth is 1
Handshake duration: 1.56 ms
Execution 785 - TLS Mutual
s_connection: verify depth is 1
Handshake duration: 1.75 ms
Execution 786 - TLS Mutual
s_connection: verify depth is 1
Handshake duration: 1.74 ms
Execution 787 - TLS Mutual
s_connection: verify depth is 1
Handshake duration: 2.28 ms
Execution 788 - TLS Mutual
s_connection: verify depth is 1
Handshake duration: 1.60 ms
Execution 789 - TLS Mutual
s_connection: verify depth is 1
Handshake duration: 1.64 ms
Execution 790 - TLS Mutual
s_connection: verify depth is 1
Handshake duration: 1.80 ms
Execution 791 - TLS Mutual
s_connection: verify depth is 1
Handshake duration: 1.74 ms
Execution 792 - TLS Mutual
s_connection: verify depth is 1
Handshake duration: 1.88 ms
Execution 793 - TLS Mutual
s_connection: verify depth is 1
Handshake duration: 1.75 ms
Execution 794 - TLS Mutual
s_connection: verify depth is 1
Handshake duration: 1.60 ms
Execution 795 - TLS Mutual
s_connection: verify depth is 1
Handshake duration: 1.88 ms
Execution 796 - TLS Mutual
s_connection: verify depth is 1
Handshake duration: 1.68 ms
Execution 797 - TLS Mutual
s_connection: verify depth is 1
Handshake duration: 1.70 ms
Execution 798 - TLS Mutual
s_connection: verify depth is 1
Handshake duration: 1.67 ms
Execution 799 - TLS Mutual
s_connection: verify depth is 1
Handshake duration: 1.68 ms
Execution 800 - TLS Mutual
s_connection: verify depth is 1
Handshake duration: 1.66 ms
Execution 801 - TLS Mutual
s_connection: verify depth is 1
Handshake duration: 1.80 ms
Execution 802 - TLS Mutual
s_connection: verify depth is 1
Handshake duration: 2.24 ms
Execution 803 - TLS Mutual
s_connection: verify depth is 1
Handshake duration: 1.53 ms
Execution 804 - TLS Mutual
s_connection: verify depth is 1
Handshake duration: 1.57 ms
Execution 805 - TLS Mutual
s_connection: verify depth is 1
Handshake duration: 1.61 ms
Execution 806 - TLS Mutual
s_connection: verify depth is 1
Handshake duration: 2.47 ms
Execution 807 - TLS Mutual
s_connection: verify depth is 1
Handshake duration: 1.66 ms
Execution 808 - TLS Mutual
s_connection: verify depth is 1
Handshake duration: 1.78 ms
Execution 809 - TLS Mutual
s_connection: verify depth is 1
Handshake duration: 1.64 ms
Execution 810 - TLS Mutual
s_connection: verify depth is 1
Handshake duration: 1.72 ms
Execution 811 - TLS Mutual
s_connection: verify depth is 1
Handshake duration: 1.92 ms
Execution 812 - TLS Mutual
s_connection: verify depth is 1
Handshake duration: 2.17 ms
Execution 813 - TLS Mutual
s_connection: verify depth is 1
Handshake duration: 2.83 ms
Execution 814 - TLS Mutual
s_connection: verify depth is 1
Handshake duration: 1.65 ms
Execution 815 - TLS Mutual
s_connection: verify depth is 1
Handshake duration: 2.75 ms
Execution 816 - TLS Mutual
s_connection: verify depth is 1
Handshake duration: 1.82 ms
Execution 817 - TLS Mutual
s_connection: verify depth is 1
Handshake duration: 1.85 ms
Execution 818 - TLS Mutual
s_connection: verify depth is 1
Handshake duration: 2.32 ms
Execution 819 - TLS Mutual
s_connection: verify depth is 1
Handshake duration: 1.81 ms
Execution 820 - TLS Mutual
s_connection: verify depth is 1
Handshake duration: 1.92 ms
Execution 821 - TLS Mutual
s_connection: verify depth is 1
Handshake duration: 1.52 ms
Execution 822 - TLS Mutual
s_connection: verify depth is 1
Handshake duration: 1.54 ms
Execution 823 - TLS Mutual
s_connection: verify depth is 1
Handshake duration: 2.59 ms
Execution 824 - TLS Mutual
s_connection: verify depth is 1
Handshake duration: 3.07 ms
Execution 825 - TLS Mutual
s_connection: verify depth is 1
Handshake duration: 2.14 ms
Execution 826 - TLS Mutual
s_connection: verify depth is 1
Handshake duration: 2.49 ms
Execution 827 - TLS Mutual
s_connection: verify depth is 1
Handshake duration: 2.05 ms
Execution 828 - TLS Mutual
s_connection: verify depth is 1
Handshake duration: 1.64 ms
Execution 829 - TLS Mutual
s_connection: verify depth is 1
Handshake duration: 2.89 ms
Execution 830 - TLS Mutual
s_connection: verify depth is 1
Handshake duration: 1.71 ms
Execution 831 - TLS Mutual
s_connection: verify depth is 1
Handshake duration: 1.72 ms
Execution 832 - TLS Mutual
s_connection: verify depth is 1
Handshake duration: 2.41 ms
Execution 833 - TLS Mutual
s_connection: verify depth is 1
Handshake duration: 1.55 ms
Execution 834 - TLS Mutual
s_connection: verify depth is 1
Handshake duration: 1.55 ms
Execution 835 - TLS Mutual
s_connection: verify depth is 1
Handshake duration: 1.53 ms
Execution 836 - TLS Mutual
s_connection: verify depth is 1
Handshake duration: 1.54 ms
Execution 837 - TLS Mutual
s_connection: verify depth is 1
Handshake duration: 1.71 ms
Execution 838 - TLS Mutual
s_connection: verify depth is 1
Handshake duration: 1.87 ms
Execution 839 - TLS Mutual
s_connection: verify depth is 1
Handshake duration: 2.68 ms
Execution 840 - TLS Mutual
s_connection: verify depth is 1
Handshake duration: 2.39 ms
Execution 841 - TLS Mutual
s_connection: verify depth is 1
Handshake duration: 1.71 ms
Execution 842 - TLS Mutual
s_connection: verify depth is 1
Handshake duration: 2.03 ms
Execution 843 - TLS Mutual
s_connection: verify depth is 1
Handshake duration: 1.61 ms
Execution 844 - TLS Mutual
s_connection: verify depth is 1
Handshake duration: 2.20 ms
Execution 845 - TLS Mutual
s_connection: verify depth is 1
Handshake duration: 2.27 ms
Execution 846 - TLS Mutual
s_connection: verify depth is 1
Handshake duration: 2.23 ms
Execution 847 - TLS Mutual
s_connection: verify depth is 1
Handshake duration: 2.62 ms
Execution 848 - TLS Mutual
s_connection: verify depth is 1
Handshake duration: 2.15 ms
Execution 849 - TLS Mutual
s_connection: verify depth is 1
Handshake duration: 1.98 ms
Execution 850 - TLS Mutual
s_connection: verify depth is 1
Handshake duration: 2.34 ms
Execution 851 - TLS Mutual
s_connection: verify depth is 1
Handshake duration: 1.76 ms
Execution 852 - TLS Mutual
s_connection: verify depth is 1
Handshake duration: 1.81 ms
Execution 853 - TLS Mutual
s_connection: verify depth is 1
Handshake duration: 1.71 ms
Execution 854 - TLS Mutual
s_connection: verify depth is 1
Handshake duration: 2.64 ms
Execution 855 - TLS Mutual
s_connection: verify depth is 1
Handshake duration: 2.70 ms
Execution 856 - TLS Mutual
s_connection: verify depth is 1
Handshake duration: 2.06 ms
Execution 857 - TLS Mutual
s_connection: verify depth is 1
Handshake duration: 1.78 ms
Execution 858 - TLS Mutual
s_connection: verify depth is 1
Handshake duration: 1.71 ms
Execution 859 - TLS Mutual
s_connection: verify depth is 1
Handshake duration: 1.53 ms
Execution 860 - TLS Mutual
s_connection: verify depth is 1
Handshake duration: 1.76 ms
Execution 861 - TLS Mutual
s_connection: verify depth is 1
Handshake duration: 1.61 ms
Execution 862 - TLS Mutual
s_connection: verify depth is 1
Handshake duration: 1.81 ms
Execution 863 - TLS Mutual
s_connection: verify depth is 1
Handshake duration: 2.30 ms
Execution 864 - TLS Mutual
s_connection: verify depth is 1
Handshake duration: 1.66 ms
Execution 865 - TLS Mutual
s_connection: verify depth is 1
Handshake duration: 1.91 ms
Execution 866 - TLS Mutual
s_connection: verify depth is 1
Handshake duration: 1.69 ms
Execution 867 - TLS Mutual
s_connection: verify depth is 1
Handshake duration: 1.55 ms
Execution 868 - TLS Mutual
s_connection: verify depth is 1
Handshake duration: 1.78 ms
Execution 869 - TLS Mutual
s_connection: verify depth is 1
Handshake duration: 1.77 ms
Execution 870 - TLS Mutual
s_connection: verify depth is 1
Handshake duration: 2.50 ms
Execution 871 - TLS Mutual
s_connection: verify depth is 1
Handshake duration: 1.56 ms
Execution 872 - TLS Mutual
s_connection: verify depth is 1
Handshake duration: 1.65 ms
Execution 873 - TLS Mutual
s_connection: verify depth is 1
Handshake duration: 2.23 ms
Execution 874 - TLS Mutual
s_connection: verify depth is 1
Handshake duration: 2.24 ms
Execution 875 - TLS Mutual
s_connection: verify depth is 1
Handshake duration: 1.62 ms
Execution 876 - TLS Mutual
s_connection: verify depth is 1
Handshake duration: 2.06 ms
Execution 877 - TLS Mutual
s_connection: verify depth is 1
Handshake duration: 2.09 ms
Execution 878 - TLS Mutual
s_connection: verify depth is 1
Handshake duration: 1.63 ms
Execution 879 - TLS Mutual
s_connection: verify depth is 1
Handshake duration: 1.51 ms
Execution 880 - TLS Mutual
s_connection: verify depth is 1
Handshake duration: 1.53 ms
Execution 881 - TLS Mutual
s_connection: verify depth is 1
Handshake duration: 2.00 ms
Execution 882 - TLS Mutual
s_connection: verify depth is 1
Handshake duration: 1.81 ms
Execution 883 - TLS Mutual
s_connection: verify depth is 1
Handshake duration: 1.98 ms
Execution 884 - TLS Mutual
s_connection: verify depth is 1
Handshake duration: 1.71 ms
Execution 885 - TLS Mutual
s_connection: verify depth is 1
Handshake duration: 1.53 ms
Execution 886 - TLS Mutual
s_connection: verify depth is 1
Handshake duration: 2.20 ms
Execution 887 - TLS Mutual
s_connection: verify depth is 1
Handshake duration: 1.90 ms
Execution 888 - TLS Mutual
s_connection: verify depth is 1
Handshake duration: 1.62 ms
Execution 889 - TLS Mutual
s_connection: verify depth is 1
Handshake duration: 1.75 ms
Execution 890 - TLS Mutual
s_connection: verify depth is 1
Handshake duration: 1.74 ms
Execution 891 - TLS Mutual
s_connection: verify depth is 1
Handshake duration: 2.42 ms
Execution 892 - TLS Mutual
s_connection: verify depth is 1
Handshake duration: 1.75 ms
Execution 893 - TLS Mutual
s_connection: verify depth is 1
Handshake duration: 1.91 ms
Execution 894 - TLS Mutual
s_connection: verify depth is 1
Handshake duration: 1.54 ms
Execution 895 - TLS Mutual
s_connection: verify depth is 1
Handshake duration: 2.03 ms
Execution 896 - TLS Mutual
s_connection: verify depth is 1
Handshake duration: 1.64 ms
Execution 897 - TLS Mutual
s_connection: verify depth is 1
Handshake duration: 1.73 ms
Execution 898 - TLS Mutual
s_connection: verify depth is 1
Handshake duration: 1.79 ms
Execution 899 - TLS Mutual
s_connection: verify depth is 1
Handshake duration: 1.78 ms
Execution 900 - TLS Mutual
s_connection: verify depth is 1
Handshake duration: 1.57 ms
Execution 901 - TLS Mutual
s_connection: verify depth is 1
Handshake duration: 1.82 ms
Execution 902 - TLS Mutual
s_connection: verify depth is 1
Handshake duration: 1.77 ms
Execution 903 - TLS Mutual
s_connection: verify depth is 1
Handshake duration: 2.19 ms
Execution 904 - TLS Mutual
s_connection: verify depth is 1
Handshake duration: 1.91 ms
Execution 905 - TLS Mutual
s_connection: verify depth is 1
Handshake duration: 2.00 ms
Execution 906 - TLS Mutual
s_connection: verify depth is 1
Handshake duration: 2.14 ms
Execution 907 - TLS Mutual
s_connection: verify depth is 1
Handshake duration: 1.98 ms
Execution 908 - TLS Mutual
s_connection: verify depth is 1
Handshake duration: 2.61 ms
Execution 909 - TLS Mutual
s_connection: verify depth is 1
Handshake duration: 1.54 ms
Execution 910 - TLS Mutual
s_connection: verify depth is 1
Handshake duration: 1.97 ms
Execution 911 - TLS Mutual
s_connection: verify depth is 1
Handshake duration: 2.82 ms
Execution 912 - TLS Mutual
s_connection: verify depth is 1
Handshake duration: 1.90 ms
Execution 913 - TLS Mutual
s_connection: verify depth is 1
Handshake duration: 1.63 ms
Execution 914 - TLS Mutual
s_connection: verify depth is 1
Handshake duration: 1.72 ms
Execution 915 - TLS Mutual
s_connection: verify depth is 1
Handshake duration: 2.17 ms
Execution 916 - TLS Mutual
s_connection: verify depth is 1
Handshake duration: 1.78 ms
Execution 917 - TLS Mutual
s_connection: verify depth is 1
Handshake duration: 1.53 ms
Execution 918 - TLS Mutual
s_connection: verify depth is 1
Handshake duration: 2.16 ms
Execution 919 - TLS Mutual
s_connection: verify depth is 1
Handshake duration: 1.92 ms
Execution 920 - TLS Mutual
s_connection: verify depth is 1
Handshake duration: 1.69 ms
Execution 921 - TLS Mutual
s_connection: verify depth is 1
Handshake duration: 2.34 ms
Execution 922 - TLS Mutual
s_connection: verify depth is 1
Handshake duration: 2.47 ms
Execution 923 - TLS Mutual
s_connection: verify depth is 1
Handshake duration: 1.92 ms
Execution 924 - TLS Mutual
s_connection: verify depth is 1
Handshake duration: 1.70 ms
Execution 925 - TLS Mutual
s_connection: verify depth is 1
Handshake duration: 1.74 ms
Execution 926 - TLS Mutual
s_connection: verify depth is 1
Handshake duration: 2.60 ms
Execution 927 - TLS Mutual
s_connection: verify depth is 1
Handshake duration: 2.13 ms
Execution 928 - TLS Mutual
s_connection: verify depth is 1
Handshake duration: 2.41 ms
Execution 929 - TLS Mutual
s_connection: verify depth is 1
Handshake duration: 1.63 ms
Execution 930 - TLS Mutual
s_connection: verify depth is 1
Handshake duration: 1.74 ms
Execution 931 - TLS Mutual
s_connection: verify depth is 1
Handshake duration: 1.70 ms
Execution 932 - TLS Mutual
s_connection: verify depth is 1
Handshake duration: 2.54 ms
Execution 933 - TLS Mutual
s_connection: verify depth is 1
Handshake duration: 2.05 ms
Execution 934 - TLS Mutual
s_connection: verify depth is 1
Handshake duration: 2.31 ms
Execution 935 - TLS Mutual
s_connection: verify depth is 1
Handshake duration: 2.72 ms
Execution 936 - TLS Mutual
s_connection: verify depth is 1
Handshake duration: 1.57 ms
Execution 937 - TLS Mutual
s_connection: verify depth is 1
Handshake duration: 1.84 ms
Execution 938 - TLS Mutual
s_connection: verify depth is 1
Handshake duration: 1.63 ms
Execution 939 - TLS Mutual
s_connection: verify depth is 1
Handshake duration: 2.48 ms
Execution 940 - TLS Mutual
s_connection: verify depth is 1
Handshake duration: 1.76 ms
Execution 941 - TLS Mutual
s_connection: verify depth is 1
Handshake duration: 1.66 ms
Execution 942 - TLS Mutual
s_connection: verify depth is 1
Handshake duration: 2.79 ms
Execution 943 - TLS Mutual
s_connection: verify depth is 1
Handshake duration: 1.82 ms
Execution 944 - TLS Mutual
s_connection: verify depth is 1
Handshake duration: 1.87 ms
Execution 945 - TLS Mutual
s_connection: verify depth is 1
Handshake duration: 1.76 ms
Execution 946 - TLS Mutual
s_connection: verify depth is 1
Handshake duration: 2.67 ms
Execution 947 - TLS Mutual
s_connection: verify depth is 1
Handshake duration: 2.02 ms
Execution 948 - TLS Mutual
s_connection: verify depth is 1
Handshake duration: 1.68 ms
Execution 949 - TLS Mutual
s_connection: verify depth is 1
Handshake duration: 1.69 ms
Execution 950 - TLS Mutual
s_connection: verify depth is 1
Handshake duration: 2.93 ms
Execution 951 - TLS Mutual
s_connection: verify depth is 1
Handshake duration: 2.67 ms
Execution 952 - TLS Mutual
s_connection: verify depth is 1
Handshake duration: 1.58 ms
Execution 953 - TLS Mutual
s_connection: verify depth is 1
Handshake duration: 1.79 ms
Execution 954 - TLS Mutual
s_connection: verify depth is 1
Handshake duration: 1.99 ms
Execution 955 - TLS Mutual
s_connection: verify depth is 1
Handshake duration: 1.64 ms
Execution 956 - TLS Mutual
s_connection: verify depth is 1
Handshake duration: 1.59 ms
Execution 957 - TLS Mutual
s_connection: verify depth is 1
Handshake duration: 1.68 ms
Execution 958 - TLS Mutual
s_connection: verify depth is 1
Handshake duration: 2.34 ms
Execution 959 - TLS Mutual
s_connection: verify depth is 1
Handshake duration: 1.77 ms
Execution 960 - TLS Mutual
s_connection: verify depth is 1
Handshake duration: 1.91 ms
Execution 961 - TLS Mutual
s_connection: verify depth is 1
Handshake duration: 1.61 ms
Execution 962 - TLS Mutual
s_connection: verify depth is 1
Handshake duration: 1.80 ms
Execution 963 - TLS Mutual
s_connection: verify depth is 1
Handshake duration: 1.73 ms
Execution 964 - TLS Mutual
s_connection: verify depth is 1
Handshake duration: 1.85 ms
Execution 965 - TLS Mutual
s_connection: verify depth is 1
Handshake duration: 1.94 ms
Execution 966 - TLS Mutual
s_connection: verify depth is 1
Handshake duration: 1.81 ms
Execution 967 - TLS Mutual
s_connection: verify depth is 1
Handshake duration: 2.43 ms
Execution 968 - TLS Mutual
s_connection: verify depth is 1
Handshake duration: 1.74 ms
Execution 969 - TLS Mutual
s_connection: verify depth is 1
Handshake duration: 1.86 ms
Execution 970 - TLS Mutual
s_connection: verify depth is 1
Handshake duration: 1.66 ms
Execution 971 - TLS Mutual
s_connection: verify depth is 1
Handshake duration: 1.80 ms
Execution 972 - TLS Mutual
s_connection: verify depth is 1
Handshake duration: 1.53 ms
Execution 973 - TLS Mutual
s_connection: verify depth is 1
Handshake duration: 2.03 ms
Execution 974 - TLS Mutual
s_connection: verify depth is 1
Handshake duration: 1.95 ms
Execution 975 - TLS Mutual
s_connection: verify depth is 1
Handshake duration: 1.78 ms
Execution 976 - TLS Mutual
s_connection: verify depth is 1
Handshake duration: 2.25 ms
Execution 977 - TLS Mutual
s_connection: verify depth is 1
Handshake duration: 1.55 ms
Execution 978 - TLS Mutual
s_connection: verify depth is 1
Handshake duration: 2.44 ms
Execution 979 - TLS Mutual
s_connection: verify depth is 1
Handshake duration: 2.88 ms
Execution 980 - TLS Mutual
s_connection: verify depth is 1
Handshake duration: 1.79 ms
Execution 981 - TLS Mutual
s_connection: verify depth is 1
Handshake duration: 2.47 ms
Execution 982 - TLS Mutual
s_connection: verify depth is 1
Handshake duration: 1.86 ms
Execution 983 - TLS Mutual
s_connection: verify depth is 1
Handshake duration: 1.62 ms
Execution 984 - TLS Mutual
s_connection: verify depth is 1
Handshake duration: 2.82 ms
Execution 985 - TLS Mutual
s_connection: verify depth is 1
Handshake duration: 1.80 ms
Execution 986 - TLS Mutual
s_connection: verify depth is 1
Handshake duration: 1.67 ms
Execution 987 - TLS Mutual
s_connection: verify depth is 1
Handshake duration: 1.99 ms
Execution 988 - TLS Mutual
s_connection: verify depth is 1
Handshake duration: 1.70 ms
Execution 989 - TLS Mutual
s_connection: verify depth is 1
Handshake duration: 1.55 ms
Execution 990 - TLS Mutual
s_connection: verify depth is 1
Handshake duration: 1.99 ms
Execution 991 - TLS Mutual
s_connection: verify depth is 1
Handshake duration: 1.63 ms
Execution 992 - TLS Mutual
s_connection: verify depth is 1
Handshake duration: 2.27 ms
Execution 993 - TLS Mutual
s_connection: verify depth is 1
Handshake duration: 2.21 ms
Execution 994 - TLS Mutual
s_connection: verify depth is 1
Handshake duration: 1.73 ms
Execution 995 - TLS Mutual
s_connection: verify depth is 1
Handshake duration: 2.09 ms
Execution 996 - TLS Mutual
s_connection: verify depth is 1
Handshake duration: 1.94 ms
Execution 997 - TLS Mutual
s_connection: verify depth is 1
Handshake duration: 1.84 ms
Execution 998 - TLS Mutual
s_connection: verify depth is 1
Handshake duration: 2.20 ms
Execution 999 - TLS Mutual
s_connection: verify depth is 1
Handshake duration: 1.86 ms
Execution 1000 - TLS Mutual
s_connection: verify depth is 1
Handshake duration: 1.88 ms
Execution 1001 - TLS Mutual
s_connection: verify depth is 1
Handshake duration: 1.72 ms
Execution 1002 - TLS Mutual
s_connection: verify depth is 1
Handshake duration: 2.23 ms
Execution 1003 - TLS Mutual
s_connection: verify depth is 1
Handshake duration: 1.61 ms
Execution 1004 - TLS Mutual
s_connection: verify depth is 1
Handshake duration: 1.64 ms
Execution 1005 - TLS Mutual
s_connection: verify depth is 1
Handshake duration: 2.13 ms
Execution 1006 - TLS Mutual
s_connection: verify depth is 1
Handshake duration: 1.53 ms
Execution 1007 - TLS Mutual
s_connection: verify depth is 1
Handshake duration: 1.59 ms
Execution 1008 - TLS Mutual
s_connection: verify depth is 1
Handshake duration: 1.96 ms
Execution 1009 - TLS Mutual
s_connection: verify depth is 1
Handshake duration: 1.74 ms
Execution 1010 - TLS Mutual
s_connection: verify depth is 1
Handshake duration: 2.38 ms
Execution 1011 - TLS Mutual
s_connection: verify depth is 1
Handshake duration: 1.89 ms
Execution 1012 - TLS Mutual
s_connection: verify depth is 1
Handshake duration: 2.55 ms
Execution 1013 - TLS Mutual
s_connection: verify depth is 1
Handshake duration: 2.25 ms
Execution 1014 - TLS Mutual
s_connection: verify depth is 1
Handshake duration: 1.74 ms
Execution 1015 - TLS Mutual
s_connection: verify depth is 1
Handshake duration: 2.20 ms
Execution 1016 - TLS Mutual
s_connection: verify depth is 1
Handshake duration: 1.64 ms
Execution 1017 - TLS Mutual
s_connection: verify depth is 1
Handshake duration: 1.73 ms
Execution 1018 - TLS Mutual
s_connection: verify depth is 1
Handshake duration: 2.25 ms
Execution 1019 - TLS Mutual
s_connection: verify depth is 1
Handshake duration: 1.80 ms
Execution 1020 - TLS Mutual
s_connection: verify depth is 1
Handshake duration: 1.92 ms
Execution 1021 - TLS Mutual
s_connection: verify depth is 1
Handshake duration: 1.54 ms
Execution 1022 - TLS Mutual
s_connection: verify depth is 1
Handshake duration: 2.38 ms
Execution 1023 - TLS Mutual
s_connection: verify depth is 1
Handshake duration: 1.60 ms
Execution 1024 - TLS Mutual
s_connection: verify depth is 1
Handshake duration: 1.63 ms
Execution 1025 - TLS Mutual
s_connection: verify depth is 1
Handshake duration: 1.67 ms
Execution 1026 - TLS Mutual
s_connection: verify depth is 1
Handshake duration: 1.81 ms
Execution 1027 - TLS Mutual
s_connection: verify depth is 1
Handshake duration: 2.45 ms
Execution 1028 - TLS Mutual
s_connection: verify depth is 1
Handshake duration: 1.90 ms
Execution 1029 - TLS Mutual
s_connection: verify depth is 1
Handshake duration: 2.10 ms
Execution 1030 - TLS Mutual
s_connection: verify depth is 1
Handshake duration: 1.56 ms
Execution 1031 - TLS Mutual
s_connection: verify depth is 1
Handshake duration: 2.16 ms
Execution 1032 - TLS Mutual
s_connection: verify depth is 1
Handshake duration: 1.55 ms
Execution 1033 - TLS Mutual
s_connection: verify depth is 1
Handshake duration: 2.12 ms
Execution 1034 - TLS Mutual
s_connection: verify depth is 1
Handshake duration: 2.66 ms
Execution 1035 - TLS Mutual
s_connection: verify depth is 1
Handshake duration: 2.24 ms
Execution 1036 - TLS Mutual
s_connection: verify depth is 1
Handshake duration: 1.84 ms
Execution 1037 - TLS Mutual
s_connection: verify depth is 1
Handshake duration: 1.66 ms
Execution 1038 - TLS Mutual
s_connection: verify depth is 1
Handshake duration: 1.76 ms
Execution 1039 - TLS Mutual
s_connection: verify depth is 1
Handshake duration: 2.15 ms
Execution 1040 - TLS Mutual
s_connection: verify depth is 1
Handshake duration: 1.78 ms
Execution 1041 - TLS Mutual
s_connection: verify depth is 1
Handshake duration: 2.14 ms
Execution 1042 - TLS Mutual
s_connection: verify depth is 1
Handshake duration: 1.75 ms
Execution 1043 - TLS Mutual
s_connection: verify depth is 1
Handshake duration: 1.65 ms
Execution 1044 - TLS Mutual
s_connection: verify depth is 1
Handshake duration: 2.17 ms
Execution 1045 - TLS Mutual
s_connection: verify depth is 1
Handshake duration: 2.01 ms
Execution 1046 - TLS Mutual
s_connection: verify depth is 1
Handshake duration: 2.21 ms
Execution 1047 - TLS Mutual
s_connection: verify depth is 1
Handshake duration: 2.17 ms
Execution 1048 - TLS Mutual
s_connection: verify depth is 1
Handshake duration: 1.69 ms
Execution 1049 - TLS Mutual
s_connection: verify depth is 1
Handshake duration: 2.13 ms
Execution 1050 - TLS Mutual
s_connection: verify depth is 1
Handshake duration: 2.01 ms
Execution 1051 - TLS Mutual
s_connection: verify depth is 1
Handshake duration: 1.62 ms
Execution 1052 - TLS Mutual
s_connection: verify depth is 1
Handshake duration: 2.11 ms
Execution 1053 - TLS Mutual
s_connection: verify depth is 1
Handshake duration: 1.81 ms
Execution 1054 - TLS Mutual
s_connection: verify depth is 1
Handshake duration: 1.64 ms
Execution 1055 - TLS Mutual
s_connection: verify depth is 1
Handshake duration: 1.73 ms
Execution 1056 - TLS Mutual
s_connection: verify depth is 1
Handshake duration: 1.70 ms
Execution 1057 - TLS Mutual
s_connection: verify depth is 1
Handshake duration: 2.27 ms
Execution 1058 - TLS Mutual
s_connection: verify depth is 1
Handshake duration: 2.67 ms
Execution 1059 - TLS Mutual
s_connection: verify depth is 1
Handshake duration: 2.05 ms
Execution 1060 - TLS Mutual
s_connection: verify depth is 1
Handshake duration: 1.53 ms
Execution 1061 - TLS Mutual
s_connection: verify depth is 1
Handshake duration: 1.96 ms
Execution 1062 - TLS Mutual
s_connection: verify depth is 1
Handshake duration: 1.55 ms
Execution 1063 - TLS Mutual
s_connection: verify depth is 1
Handshake duration: 2.22 ms
Execution 1064 - TLS Mutual
s_connection: verify depth is 1
Handshake duration: 1.60 ms
Execution 1065 - TLS Mutual
s_connection: verify depth is 1
Handshake duration: 1.82 ms
Execution 1066 - TLS Mutual
s_connection: verify depth is 1
Handshake duration: 1.94 ms
Execution 1067 - TLS Mutual
s_connection: verify depth is 1
Handshake duration: 1.91 ms
Execution 1068 - TLS Mutual
s_connection: verify depth is 1
Handshake duration: 1.81 ms
Execution 1069 - TLS Mutual
s_connection: verify depth is 1
Handshake duration: 1.78 ms
Execution 1070 - TLS Mutual
s_connection: verify depth is 1
Handshake duration: 1.77 ms
Execution 1071 - TLS Mutual
s_connection: verify depth is 1
Handshake duration: 1.89 ms
Execution 1072 - TLS Mutual
s_connection: verify depth is 1
Handshake duration: 1.56 ms
Execution 1073 - TLS Mutual
s_connection: verify depth is 1
Handshake duration: 1.53 ms
Execution 1074 - TLS Mutual
s_connection: verify depth is 1
Handshake duration: 1.64 ms
Execution 1075 - TLS Mutual
s_connection: verify depth is 1
Handshake duration: 2.41 ms
Execution 1076 - TLS Mutual
s_connection: verify depth is 1
Handshake duration: 1.85 ms
Execution 1077 - TLS Mutual
s_connection: verify depth is 1
Handshake duration: 1.64 ms
Execution 1078 - TLS Mutual
s_connection: verify depth is 1
Handshake duration: 2.17 ms
Execution 1079 - TLS Mutual
s_connection: verify depth is 1
Handshake duration: 1.85 ms
Execution 1080 - TLS Mutual
s_connection: verify depth is 1
Handshake duration: 1.88 ms
Execution 1081 - TLS Mutual
s_connection: verify depth is 1
Handshake duration: 1.81 ms
Execution 1082 - TLS Mutual
s_connection: verify depth is 1
Handshake duration: 2.07 ms
Execution 1083 - TLS Mutual
s_connection: verify depth is 1
Handshake duration: 1.80 ms
Execution 1084 - TLS Mutual
s_connection: verify depth is 1
Handshake duration: 1.56 ms
Execution 1085 - TLS Mutual
s_connection: verify depth is 1
Handshake duration: 2.00 ms
Execution 1086 - TLS Mutual
s_connection: verify depth is 1
Handshake duration: 2.02 ms
Execution 1087 - TLS Mutual
s_connection: verify depth is 1
Handshake duration: 1.54 ms
Execution 1088 - TLS Mutual
s_connection: verify depth is 1
Handshake duration: 1.63 ms
Execution 1089 - TLS Mutual
s_connection: verify depth is 1
Handshake duration: 1.64 ms
Execution 1090 - TLS Mutual
s_connection: verify depth is 1
Handshake duration: 2.31 ms
Execution 1091 - TLS Mutual
s_connection: verify depth is 1
Handshake duration: 1.74 ms
Execution 1092 - TLS Mutual
s_connection: verify depth is 1
Handshake duration: 2.67 ms
Execution 1093 - TLS Mutual
s_connection: verify depth is 1
Handshake duration: 2.03 ms
Execution 1094 - TLS Mutual
s_connection: verify depth is 1
Handshake duration: 1.63 ms
Execution 1095 - TLS Mutual
s_connection: verify depth is 1
Handshake duration: 1.84 ms
Execution 1096 - TLS Mutual
s_connection: verify depth is 1
Handshake duration: 1.73 ms
Execution 1097 - TLS Mutual
s_connection: verify depth is 1
Handshake duration: 2.15 ms
Execution 1098 - TLS Mutual
s_connection: verify depth is 1
Handshake duration: 1.71 ms
Execution 1099 - TLS Mutual
s_connection: verify depth is 1
Handshake duration: 1.84 ms
Execution 1100 - TLS Mutual
s_connection: verify depth is 1
Handshake duration: 1.89 ms
Execution 1101 - TLS Mutual
s_connection: verify depth is 1
Handshake duration: 1.68 ms
Execution 1102 - TLS Mutual
s_connection: verify depth is 1
Handshake duration: 1.62 ms
Execution 1103 - TLS Mutual
s_connection: verify depth is 1
Handshake duration: 1.66 ms
Execution 1104 - TLS Mutual
s_connection: verify depth is 1
Handshake duration: 3.02 ms
Execution 1105 - TLS Mutual
s_connection: verify depth is 1
Handshake duration: 2.58 ms
Execution 1106 - TLS Mutual
s_connection: verify depth is 1
Handshake duration: 1.82 ms
Execution 1107 - TLS Mutual
s_connection: verify depth is 1
Handshake duration: 1.75 ms
Execution 1108 - TLS Mutual
s_connection: verify depth is 1
Handshake duration: 1.86 ms
Execution 1109 - TLS Mutual
s_connection: verify depth is 1
Handshake duration: 1.81 ms
Execution 1110 - TLS Mutual
s_connection: verify depth is 1
Handshake duration: 1.75 ms
Execution 1111 - TLS Mutual
s_connection: verify depth is 1
Handshake duration: 2.19 ms
Execution 1112 - TLS Mutual
s_connection: verify depth is 1
Handshake duration: 1.54 ms
Execution 1113 - TLS Mutual
s_connection: verify depth is 1
Handshake duration: 1.76 ms
Execution 1114 - TLS Mutual
s_connection: verify depth is 1
Handshake duration: 2.01 ms
Execution 1115 - TLS Mutual
s_connection: verify depth is 1
Handshake duration: 1.67 ms
Execution 1116 - TLS Mutual
s_connection: verify depth is 1
Handshake duration: 2.56 ms
Execution 1117 - TLS Mutual
s_connection: verify depth is 1
Handshake duration: 1.79 ms
Execution 1118 - TLS Mutual
s_connection: verify depth is 1
Handshake duration: 1.62 ms
Execution 1119 - TLS Mutual
s_connection: verify depth is 1
Handshake duration: 1.64 ms
Execution 1120 - TLS Mutual
s_connection: verify depth is 1
Handshake duration: 3.31 ms
Execution 1121 - TLS Mutual
s_connection: verify depth is 1
Handshake duration: 1.89 ms
Execution 1122 - TLS Mutual
s_connection: verify depth is 1
Handshake duration: 3.83 ms
Execution 1123 - TLS Mutual
s_connection: verify depth is 1
Handshake duration: 1.88 ms
Execution 1124 - TLS Mutual
s_connection: verify depth is 1
Handshake duration: 2.18 ms
Execution 1125 - TLS Mutual
s_connection: verify depth is 1
Handshake duration: 1.80 ms
Execution 1126 - TLS Mutual
s_connection: verify depth is 1
Handshake duration: 2.44 ms
Execution 1127 - TLS Mutual
s_connection: verify depth is 1
Handshake duration: 2.49 ms
Execution 1128 - TLS Mutual
s_connection: verify depth is 1
Handshake duration: 1.66 ms
Execution 1129 - TLS Mutual
s_connection: verify depth is 1
Handshake duration: 1.96 ms
Execution 1130 - TLS Mutual
s_connection: verify depth is 1
Handshake duration: 1.64 ms
Execution 1131 - TLS Mutual
s_connection: verify depth is 1
Handshake duration: 2.31 ms
Execution 1132 - TLS Mutual
s_connection: verify depth is 1
Handshake duration: 1.58 ms
Execution 1133 - TLS Mutual
s_connection: verify depth is 1
Handshake duration: 1.99 ms
Execution 1134 - TLS Mutual
s_connection: verify depth is 1
Handshake duration: 1.72 ms
Execution 1135 - TLS Mutual
s_connection: verify depth is 1
Handshake duration: 2.00 ms
Execution 1136 - TLS Mutual
s_connection: verify depth is 1
Handshake duration: 2.03 ms
Execution 1137 - TLS Mutual
s_connection: verify depth is 1
Handshake duration: 2.07 ms
Execution 1138 - TLS Mutual
s_connection: verify depth is 1
Handshake duration: 2.62 ms
Execution 1139 - TLS Mutual
s_connection: verify depth is 1
Handshake duration: 1.57 ms
Execution 1140 - TLS Mutual
s_connection: verify depth is 1
Handshake duration: 1.64 ms
Execution 1141 - TLS Mutual
s_connection: verify depth is 1
Handshake duration: 1.70 ms
Execution 1142 - TLS Mutual
s_connection: verify depth is 1
Handshake duration: 2.67 ms
Execution 1143 - TLS Mutual
s_connection: verify depth is 1
Handshake duration: 2.20 ms
Execution 1144 - TLS Mutual
s_connection: verify depth is 1
Handshake duration: 1.52 ms
Execution 1145 - TLS Mutual
s_connection: verify depth is 1
Handshake duration: 2.82 ms
Execution 1146 - TLS Mutual
s_connection: verify depth is 1
Handshake duration: 1.64 ms
Execution 1147 - TLS Mutual
s_connection: verify depth is 1
Handshake duration: 1.65 ms
Execution 1148 - TLS Mutual
s_connection: verify depth is 1
Handshake duration: 2.58 ms
Execution 1149 - TLS Mutual
s_connection: verify depth is 1
Handshake duration: 2.62 ms
Execution 1150 - TLS Mutual
s_connection: verify depth is 1
Handshake duration: 4.07 ms
Execution 1151 - TLS Mutual
s_connection: verify depth is 1
Handshake duration: 1.64 ms
Execution 1152 - TLS Mutual
s_connection: verify depth is 1
Handshake duration: 1.76 ms
Execution 1153 - TLS Mutual
s_connection: verify depth is 1
Handshake duration: 2.21 ms
Execution 1154 - TLS Mutual
s_connection: verify depth is 1
Handshake duration: 1.72 ms
Execution 1155 - TLS Mutual
s_connection: verify depth is 1
Handshake duration: 1.73 ms
Execution 1156 - TLS Mutual
s_connection: verify depth is 1
Handshake duration: 1.55 ms
Execution 1157 - TLS Mutual
s_connection: verify depth is 1
Handshake duration: 3.24 ms
Execution 1158 - TLS Mutual
s_connection: verify depth is 1
Handshake duration: 2.20 ms
Execution 1159 - TLS Mutual
s_connection: verify depth is 1
Handshake duration: 1.66 ms
Execution 1160 - TLS Mutual
s_connection: verify depth is 1
Handshake duration: 1.54 ms
Execution 1161 - TLS Mutual
s_connection: verify depth is 1
Handshake duration: 1.84 ms
Execution 1162 - TLS Mutual
s_connection: verify depth is 1
Handshake duration: 1.52 ms
Execution 1163 - TLS Mutual
s_connection: verify depth is 1
Handshake duration: 1.96 ms
Execution 1164 - TLS Mutual
s_connection: verify depth is 1
Handshake duration: 1.56 ms
Execution 1165 - TLS Mutual
s_connection: verify depth is 1
Handshake duration: 2.29 ms
Execution 1166 - TLS Mutual
s_connection: verify depth is 1
Handshake duration: 1.54 ms
Execution 1167 - TLS Mutual
s_connection: verify depth is 1
Handshake duration: 2.64 ms
Execution 1168 - TLS Mutual
s_connection: verify depth is 1
Handshake duration: 1.73 ms
Execution 1169 - TLS Mutual
s_connection: verify depth is 1
Handshake duration: 2.52 ms
Execution 1170 - TLS Mutual
s_connection: verify depth is 1
Handshake duration: 2.06 ms
Execution 1171 - TLS Mutual
s_connection: verify depth is 1
Handshake duration: 2.17 ms
Execution 1172 - TLS Mutual
s_connection: verify depth is 1
Handshake duration: 2.04 ms
Execution 1173 - TLS Mutual
s_connection: verify depth is 1
Handshake duration: 1.51 ms
Execution 1174 - TLS Mutual
s_connection: verify depth is 1
Handshake duration: 1.78 ms
Execution 1175 - TLS Mutual
s_connection: verify depth is 1
Handshake duration: 2.44 ms
Execution 1176 - TLS Mutual
s_connection: verify depth is 1
Handshake duration: 1.72 ms
Execution 1177 - TLS Mutual
s_connection: verify depth is 1
Handshake duration: 1.68 ms
Execution 1178 - TLS Mutual
s_connection: verify depth is 1
Handshake duration: 2.83 ms
Execution 1179 - TLS Mutual
s_connection: verify depth is 1
Handshake duration: 2.51 ms
Execution 1180 - TLS Mutual
s_connection: verify depth is 1
Handshake duration: 2.27 ms
Execution 1181 - TLS Mutual
s_connection: verify depth is 1
Handshake duration: 1.75 ms
Execution 1182 - TLS Mutual
s_connection: verify depth is 1
Handshake duration: 2.02 ms
Execution 1183 - TLS Mutual
s_connection: verify depth is 1
Handshake duration: 2.11 ms
Execution 1184 - TLS Mutual
s_connection: verify depth is 1
Handshake duration: 1.55 ms
Execution 1185 - TLS Mutual
s_connection: verify depth is 1
Handshake duration: 1.61 ms
Execution 1186 - TLS Mutual
s_connection: verify depth is 1
Handshake duration: 1.98 ms
Execution 1187 - TLS Mutual
s_connection: verify depth is 1
Handshake duration: 2.39 ms
Execution 1188 - TLS Mutual
s_connection: verify depth is 1
Handshake duration: 1.57 ms
Execution 1189 - TLS Mutual
s_connection: verify depth is 1
Handshake duration: 1.77 ms
Execution 1190 - TLS Mutual
s_connection: verify depth is 1
Handshake duration: 1.65 ms
Execution 1191 - TLS Mutual
s_connection: verify depth is 1
Handshake duration: 1.93 ms
Execution 1192 - TLS Mutual
s_connection: verify depth is 1
Handshake duration: 1.95 ms
Execution 1193 - TLS Mutual
s_connection: verify depth is 1
Handshake duration: 1.63 ms
Execution 1194 - TLS Mutual
s_connection: verify depth is 1
Handshake duration: 1.52 ms
Execution 1195 - TLS Mutual
s_connection: verify depth is 1
Handshake duration: 2.42 ms
Execution 1196 - TLS Mutual
s_connection: verify depth is 1
Handshake duration: 1.91 ms
Execution 1197 - TLS Mutual
s_connection: verify depth is 1
Handshake duration: 2.72 ms
Execution 1198 - TLS Mutual
s_connection: verify depth is 1
Handshake duration: 1.57 ms
Execution 1199 - TLS Mutual
s_connection: verify depth is 1
Handshake duration: 1.54 ms
Execution 1200 - TLS Mutual
s_connection: verify depth is 1
Handshake duration: 1.90 ms
Execution 1201 - TLS Mutual
s_connection: verify depth is 1
Handshake duration: 1.53 ms
Execution 1202 - TLS Mutual
s_connection: verify depth is 1
Handshake duration: 2.25 ms
Execution 1203 - TLS Mutual
s_connection: verify depth is 1
Handshake duration: 1.63 ms
Execution 1204 - TLS Mutual
s_connection: verify depth is 1
Handshake duration: 1.71 ms
Execution 1205 - TLS Mutual
s_connection: verify depth is 1
Handshake duration: 1.53 ms
Execution 1206 - TLS Mutual
s_connection: verify depth is 1
Handshake duration: 2.35 ms
Execution 1207 - TLS Mutual
s_connection: verify depth is 1
Handshake duration: 1.81 ms
Execution 1208 - TLS Mutual
s_connection: verify depth is 1
Handshake duration: 2.28 ms
Execution 1209 - TLS Mutual
s_connection: verify depth is 1
Handshake duration: 1.91 ms
Execution 1210 - TLS Mutual
s_connection: verify depth is 1
Handshake duration: 2.51 ms
Execution 1211 - TLS Mutual
s_connection: verify depth is 1
Handshake duration: 1.72 ms
Execution 1212 - TLS Mutual
s_connection: verify depth is 1
Handshake duration: 1.75 ms
Execution 1213 - TLS Mutual
s_connection: verify depth is 1
Handshake duration: 1.65 ms
Execution 1214 - TLS Mutual
s_connection: verify depth is 1
Handshake duration: 1.69 ms
Execution 1215 - TLS Mutual
s_connection: verify depth is 1
Handshake duration: 2.85 ms
Execution 1216 - TLS Mutual
s_connection: verify depth is 1
Handshake duration: 1.67 ms
Execution 1217 - TLS Mutual
s_connection: verify depth is 1
Handshake duration: 1.74 ms
Execution 1218 - TLS Mutual
s_connection: verify depth is 1
Handshake duration: 1.53 ms
Execution 1219 - TLS Mutual
s_connection: verify depth is 1
Handshake duration: 2.23 ms
Execution 1220 - TLS Mutual
s_connection: verify depth is 1
Handshake duration: 1.66 ms
Execution 1221 - TLS Mutual
s_connection: verify depth is 1
Handshake duration: 1.60 ms
Execution 1222 - TLS Mutual
s_connection: verify depth is 1
Handshake duration: 1.98 ms
Execution 1223 - TLS Mutual
s_connection: verify depth is 1
Handshake duration: 1.55 ms
Execution 1224 - TLS Mutual
s_connection: verify depth is 1
Handshake duration: 2.30 ms
Execution 1225 - TLS Mutual
s_connection: verify depth is 1
Handshake duration: 1.53 ms
Execution 1226 - TLS Mutual
s_connection: verify depth is 1
Handshake duration: 1.55 ms
Execution 1227 - TLS Mutual
s_connection: verify depth is 1
Handshake duration: 1.65 ms
Execution 1228 - TLS Mutual
s_connection: verify depth is 1
Handshake duration: 2.04 ms
Execution 1229 - TLS Mutual
s_connection: verify depth is 1
Handshake duration: 1.74 ms
Execution 1230 - TLS Mutual
s_connection: verify depth is 1
Handshake duration: 1.81 ms
Execution 1231 - TLS Mutual
s_connection: verify depth is 1
Handshake duration: 1.77 ms
Execution 1232 - TLS Mutual
s_connection: verify depth is 1
Handshake duration: 1.80 ms
Execution 1233 - TLS Mutual
s_connection: verify depth is 1
Handshake duration: 1.52 ms
Execution 1234 - TLS Mutual
s_connection: verify depth is 1
Handshake duration: 1.66 ms
Execution 1235 - TLS Mutual
s_connection: verify depth is 1
Handshake duration: 2.00 ms
Execution 1236 - TLS Mutual
s_connection: verify depth is 1
Handshake duration: 1.81 ms
Execution 1237 - TLS Mutual
s_connection: verify depth is 1
Handshake duration: 1.88 ms
Execution 1238 - TLS Mutual
s_connection: verify depth is 1
Handshake duration: 1.53 ms
Execution 1239 - TLS Mutual
s_connection: verify depth is 1
Handshake duration: 1.72 ms
Execution 1240 - TLS Mutual
s_connection: verify depth is 1
Handshake duration: 2.25 ms
Execution 1241 - TLS Mutual
s_connection: verify depth is 1
Handshake duration: 1.70 ms
Execution 1242 - TLS Mutual
s_connection: verify depth is 1
Handshake duration: 1.89 ms
Execution 1243 - TLS Mutual
s_connection: verify depth is 1
Handshake duration: 1.77 ms
Execution 1244 - TLS Mutual
s_connection: verify depth is 1
Handshake duration: 1.84 ms
Execution 1245 - TLS Mutual
s_connection: verify depth is 1
Handshake duration: 1.81 ms
Execution 1246 - TLS Mutual
s_connection: verify depth is 1
Handshake duration: 2.33 ms
Execution 1247 - TLS Mutual
s_connection: verify depth is 1
Handshake duration: 1.75 ms
Execution 1248 - TLS Mutual
s_connection: verify depth is 1
Handshake duration: 2.06 ms
Execution 1249 - TLS Mutual
s_connection: verify depth is 1
Handshake duration: 2.46 ms
Execution 1250 - TLS Mutual
s_connection: verify depth is 1
Handshake duration: 1.63 ms
Execution 1251 - TLS Mutual
s_connection: verify depth is 1
Handshake duration: 2.15 ms
Execution 1252 - TLS Mutual
s_connection: verify depth is 1
Handshake duration: 1.70 ms
Execution 1253 - TLS Mutual
s_connection: verify depth is 1
Handshake duration: 1.54 ms
Execution 1254 - TLS Mutual
s_connection: verify depth is 1
Handshake duration: 2.59 ms
Execution 1255 - TLS Mutual
s_connection: verify depth is 1
Handshake duration: 2.02 ms
Execution 1256 - TLS Mutual
s_connection: verify depth is 1
Handshake duration: 1.66 ms
Execution 1257 - TLS Mutual
s_connection: verify depth is 1
Handshake duration: 1.84 ms
Execution 1258 - TLS Mutual
s_connection: verify depth is 1
Handshake duration: 1.54 ms
Execution 1259 - TLS Mutual
s_connection: verify depth is 1
Handshake duration: 1.65 ms
Execution 1260 - TLS Mutual
s_connection: verify depth is 1
Handshake duration: 2.05 ms
Execution 1261 - TLS Mutual
s_connection: verify depth is 1
Handshake duration: 3.24 ms
Execution 1262 - TLS Mutual
s_connection: verify depth is 1
Handshake duration: 1.82 ms
Execution 1263 - TLS Mutual
s_connection: verify depth is 1
Handshake duration: 2.46 ms
Execution 1264 - TLS Mutual
s_connection: verify depth is 1
Handshake duration: 1.69 ms
Execution 1265 - TLS Mutual
s_connection: verify depth is 1
Handshake duration: 1.73 ms
Execution 1266 - TLS Mutual
s_connection: verify depth is 1
Handshake duration: 1.51 ms
Execution 1267 - TLS Mutual
s_connection: verify depth is 1
Handshake duration: 2.22 ms
Execution 1268 - TLS Mutual
s_connection: verify depth is 1
Handshake duration: 1.80 ms
Execution 1269 - TLS Mutual
s_connection: verify depth is 1
Handshake duration: 1.93 ms
Execution 1270 - TLS Mutual
s_connection: verify depth is 1
Handshake duration: 2.02 ms
Execution 1271 - TLS Mutual
s_connection: verify depth is 1
Handshake duration: 1.57 ms
Execution 1272 - TLS Mutual
s_connection: verify depth is 1
Handshake duration: 2.12 ms
Execution 1273 - TLS Mutual
s_connection: verify depth is 1
Handshake duration: 2.40 ms
Execution 1274 - TLS Mutual
s_connection: verify depth is 1
Handshake duration: 1.77 ms
Execution 1275 - TLS Mutual
s_connection: verify depth is 1
Handshake duration: 1.93 ms
Execution 1276 - TLS Mutual
s_connection: verify depth is 1
Handshake duration: 1.72 ms
Execution 1277 - TLS Mutual
s_connection: verify depth is 1
Handshake duration: 2.68 ms
Execution 1278 - TLS Mutual
s_connection: verify depth is 1
Handshake duration: 1.80 ms
Execution 1279 - TLS Mutual
s_connection: verify depth is 1
Handshake duration: 1.85 ms
Execution 1280 - TLS Mutual
s_connection: verify depth is 1
Handshake duration: 2.28 ms
Execution 1281 - TLS Mutual
s_connection: verify depth is 1
Handshake duration: 1.60 ms
Execution 1282 - TLS Mutual
s_connection: verify depth is 1
Handshake duration: 1.90 ms
Execution 1283 - TLS Mutual
s_connection: verify depth is 1
Handshake duration: 1.82 ms
Execution 1284 - TLS Mutual
s_connection: verify depth is 1
Handshake duration: 2.01 ms
Execution 1285 - TLS Mutual
s_connection: verify depth is 1
Handshake duration: 1.57 ms
Execution 1286 - TLS Mutual
s_connection: verify depth is 1
Handshake duration: 1.77 ms
Execution 1287 - TLS Mutual
s_connection: verify depth is 1
Handshake duration: 1.67 ms
Execution 1288 - TLS Mutual
s_connection: verify depth is 1
Handshake duration: 1.98 ms
Execution 1289 - TLS Mutual
s_connection: verify depth is 1
Handshake duration: 1.74 ms
Execution 1290 - TLS Mutual
s_connection: verify depth is 1
Handshake duration: 1.77 ms
Execution 1291 - TLS Mutual
s_connection: verify depth is 1
Handshake duration: 2.64 ms
Execution 1292 - TLS Mutual
s_connection: verify depth is 1
Handshake duration: 1.57 ms
Execution 1293 - TLS Mutual
s_connection: verify depth is 1
Handshake duration: 2.56 ms
Execution 1294 - TLS Mutual
s_connection: verify depth is 1
Handshake duration: 1.81 ms
Execution 1295 - TLS Mutual
s_connection: verify depth is 1
Handshake duration: 1.77 ms
Execution 1296 - TLS Mutual
s_connection: verify depth is 1
Handshake duration: 1.74 ms
Execution 1297 - TLS Mutual
s_connection: verify depth is 1
Handshake duration: 1.72 ms
Execution 1298 - TLS Mutual
s_connection: verify depth is 1
Handshake duration: 2.19 ms
Execution 1299 - TLS Mutual
s_connection: verify depth is 1
Handshake duration: 2.79 ms
Execution 1300 - TLS Mutual
s_connection: verify depth is 1
Handshake duration: 1.65 ms
Execution 1301 - TLS Mutual
s_connection: verify depth is 1
Handshake duration: 1.87 ms
Execution 1302 - TLS Mutual
s_connection: verify depth is 1
Handshake duration: 1.57 ms
Execution 1303 - TLS Mutual
s_connection: verify depth is 1
Handshake duration: 1.81 ms
Execution 1304 - TLS Mutual
s_connection: verify depth is 1
Handshake duration: 2.13 ms
Execution 1305 - TLS Mutual
s_connection: verify depth is 1
Handshake duration: 1.73 ms
Execution 1306 - TLS Mutual
s_connection: verify depth is 1
Handshake duration: 2.21 ms
Execution 1307 - TLS Mutual
s_connection: verify depth is 1
Handshake duration: 2.03 ms
Execution 1308 - TLS Mutual
s_connection: verify depth is 1
Handshake duration: 3.79 ms
Execution 1309 - TLS Mutual
s_connection: verify depth is 1
Handshake duration: 1.53 ms
Execution 1310 - TLS Mutual
s_connection: verify depth is 1
Handshake duration: 1.79 ms
Execution 1311 - TLS Mutual
s_connection: verify depth is 1
Handshake duration: 1.70 ms
Execution 1312 - TLS Mutual
s_connection: verify depth is 1
Handshake duration: 2.42 ms
Execution 1313 - TLS Mutual
s_connection: verify depth is 1
Handshake duration: 1.65 ms
Execution 1314 - TLS Mutual
s_connection: verify depth is 1
Handshake duration: 1.73 ms
Execution 1315 - TLS Mutual
s_connection: verify depth is 1
Handshake duration: 1.52 ms
Execution 1316 - TLS Mutual
s_connection: verify depth is 1
Handshake duration: 1.71 ms
Execution 1317 - TLS Mutual
s_connection: verify depth is 1
Handshake duration: 1.73 ms
Execution 1318 - TLS Mutual
s_connection: verify depth is 1
Handshake duration: 1.81 ms
Execution 1319 - TLS Mutual
s_connection: verify depth is 1
Handshake duration: 2.51 ms
Execution 1320 - TLS Mutual
s_connection: verify depth is 1
Handshake duration: 1.78 ms
Execution 1321 - TLS Mutual
s_connection: verify depth is 1
Handshake duration: 1.98 ms
Execution 1322 - TLS Mutual
s_connection: verify depth is 1
Handshake duration: 1.72 ms
Execution 1323 - TLS Mutual
s_connection: verify depth is 1
Handshake duration: 1.88 ms
Execution 1324 - TLS Mutual
s_connection: verify depth is 1
Handshake duration: 1.79 ms
Execution 1325 - TLS Mutual
s_connection: verify depth is 1
Handshake duration: 1.82 ms
Execution 1326 - TLS Mutual
s_connection: verify depth is 1
Handshake duration: 1.59 ms
Execution 1327 - TLS Mutual
s_connection: verify depth is 1
Handshake duration: 1.61 ms
Execution 1328 - TLS Mutual
s_connection: verify depth is 1
Handshake duration: 2.18 ms
Execution 1329 - TLS Mutual
s_connection: verify depth is 1
Handshake duration: 2.08 ms
Execution 1330 - TLS Mutual
s_connection: verify depth is 1
Handshake duration: 1.62 ms
Execution 1331 - TLS Mutual
s_connection: verify depth is 1
Handshake duration: 1.70 ms
Execution 1332 - TLS Mutual
s_connection: verify depth is 1
Handshake duration: 1.59 ms
Execution 1333 - TLS Mutual
s_connection: verify depth is 1
Handshake duration: 2.20 ms
Execution 1334 - TLS Mutual
s_connection: verify depth is 1
Handshake duration: 1.62 ms
Execution 1335 - TLS Mutual
s_connection: verify depth is 1
Handshake duration: 1.81 ms
Execution 1336 - TLS Mutual
s_connection: verify depth is 1
Handshake duration: 1.87 ms
Execution 1337 - TLS Mutual
s_connection: verify depth is 1
Handshake duration: 1.71 ms
Execution 1338 - TLS Mutual
s_connection: verify depth is 1
Handshake duration: 1.55 ms
Execution 1339 - TLS Mutual
s_connection: verify depth is 1
Handshake duration: 1.85 ms
Execution 1340 - TLS Mutual
s_connection: verify depth is 1
Handshake duration: 2.01 ms
Execution 1341 - TLS Mutual
s_connection: verify depth is 1
Handshake duration: 1.81 ms
Execution 1342 - TLS Mutual
s_connection: verify depth is 1
Handshake duration: 1.91 ms
Execution 1343 - TLS Mutual
s_connection: verify depth is 1
Handshake duration: 1.55 ms
Execution 1344 - TLS Mutual
s_connection: verify depth is 1
Handshake duration: 1.81 ms
Execution 1345 - TLS Mutual
s_connection: verify depth is 1
Handshake duration: 1.56 ms
Execution 1346 - TLS Mutual
s_connection: verify depth is 1
Handshake duration: 1.99 ms
Execution 1347 - TLS Mutual
s_connection: verify depth is 1
Handshake duration: 1.78 ms
Execution 1348 - TLS Mutual
s_connection: verify depth is 1
Handshake duration: 2.24 ms
Execution 1349 - TLS Mutual
s_connection: verify depth is 1
Handshake duration: 1.88 ms
Execution 1350 - TLS Mutual
s_connection: verify depth is 1
Handshake duration: 1.71 ms
Execution 1351 - TLS Mutual
s_connection: verify depth is 1
Handshake duration: 1.79 ms
Execution 1352 - TLS Mutual
s_connection: verify depth is 1
Handshake duration: 1.55 ms
Execution 1353 - TLS Mutual
s_connection: verify depth is 1
Handshake duration: 2.42 ms
Execution 1354 - TLS Mutual
s_connection: verify depth is 1
Handshake duration: 1.56 ms
Execution 1355 - TLS Mutual
s_connection: verify depth is 1
Handshake duration: 1.63 ms
Execution 1356 - TLS Mutual
s_connection: verify depth is 1
Handshake duration: 1.72 ms
Execution 1357 - TLS Mutual
s_connection: verify depth is 1
Handshake duration: 2.06 ms
Execution 1358 - TLS Mutual
s_connection: verify depth is 1
Handshake duration: 2.83 ms
Execution 1359 - TLS Mutual
s_connection: verify depth is 1
Handshake duration: 2.62 ms
Execution 1360 - TLS Mutual
s_connection: verify depth is 1
Handshake duration: 1.63 ms
Execution 1361 - TLS Mutual
s_connection: verify depth is 1
Handshake duration: 1.64 ms
Execution 1362 - TLS Mutual
s_connection: verify depth is 1
Handshake duration: 1.79 ms
Execution 1363 - TLS Mutual
s_connection: verify depth is 1
Handshake duration: 1.65 ms
Execution 1364 - TLS Mutual
s_connection: verify depth is 1
Handshake duration: 1.68 ms
Execution 1365 - TLS Mutual
s_connection: verify depth is 1
Handshake duration: 1.97 ms
Execution 1366 - TLS Mutual
s_connection: verify depth is 1
Handshake duration: 1.70 ms
Execution 1367 - TLS Mutual
s_connection: verify depth is 1
Handshake duration: 1.89 ms
Execution 1368 - TLS Mutual
s_connection: verify depth is 1
Handshake duration: 1.94 ms
Execution 1369 - TLS Mutual
s_connection: verify depth is 1
Handshake duration: 2.38 ms
Execution 1370 - TLS Mutual
s_connection: verify depth is 1
Handshake duration: 2.94 ms
Execution 1371 - TLS Mutual
s_connection: verify depth is 1
Handshake duration: 2.69 ms
Execution 1372 - TLS Mutual
s_connection: verify depth is 1
Handshake duration: 2.02 ms
Execution 1373 - TLS Mutual
s_connection: verify depth is 1
Handshake duration: 1.72 ms
Execution 1374 - TLS Mutual
s_connection: verify depth is 1
Handshake duration: 2.47 ms
Execution 1375 - TLS Mutual
s_connection: verify depth is 1
Handshake duration: 1.54 ms
Execution 1376 - TLS Mutual
s_connection: verify depth is 1
Handshake duration: 1.66 ms
Execution 1377 - TLS Mutual
s_connection: verify depth is 1
Handshake duration: 1.81 ms
Execution 1378 - TLS Mutual
s_connection: verify depth is 1
Handshake duration: 2.46 ms
Execution 1379 - TLS Mutual
s_connection: verify depth is 1
Handshake duration: 1.88 ms
Execution 1380 - TLS Mutual
s_connection: verify depth is 1
Handshake duration: 1.97 ms
Execution 1381 - TLS Mutual
s_connection: verify depth is 1
Handshake duration: 1.61 ms
Execution 1382 - TLS Mutual
s_connection: verify depth is 1
Handshake duration: 2.28 ms
Execution 1383 - TLS Mutual
s_connection: verify depth is 1
Handshake duration: 2.89 ms
Execution 1384 - TLS Mutual
s_connection: verify depth is 1
Handshake duration: 1.73 ms
Execution 1385 - TLS Mutual
s_connection: verify depth is 1
Handshake duration: 1.64 ms
Execution 1386 - TLS Mutual
s_connection: verify depth is 1
Handshake duration: 1.91 ms
Execution 1387 - TLS Mutual
s_connection: verify depth is 1
Handshake duration: 1.77 ms
Execution 1388 - TLS Mutual
s_connection: verify depth is 1
Handshake duration: 1.62 ms
Execution 1389 - TLS Mutual
s_connection: verify depth is 1
Handshake duration: 1.68 ms
Execution 1390 - TLS Mutual
s_connection: verify depth is 1
Handshake duration: 1.72 ms
Execution 1391 - TLS Mutual
s_connection: verify depth is 1
Handshake duration: 2.37 ms
Execution 1392 - TLS Mutual
s_connection: verify depth is 1
Handshake duration: 1.64 ms
Execution 1393 - TLS Mutual
s_connection: verify depth is 1
Handshake duration: 1.53 ms
Execution 1394 - TLS Mutual
s_connection: verify depth is 1
Handshake duration: 1.56 ms
Execution 1395 - TLS Mutual
s_connection: verify depth is 1
Handshake duration: 1.65 ms
Execution 1396 - TLS Mutual
s_connection: verify depth is 1
Handshake duration: 1.86 ms
Execution 1397 - TLS Mutual
s_connection: verify depth is 1
Handshake duration: 1.62 ms
Execution 1398 - TLS Mutual
s_connection: verify depth is 1
Handshake duration: 2.07 ms
Execution 1399 - TLS Mutual
s_connection: verify depth is 1
Handshake duration: 1.53 ms
Execution 1400 - TLS Mutual
s_connection: verify depth is 1
Handshake duration: 1.63 ms
Execution 1401 - TLS Mutual
s_connection: verify depth is 1
Handshake duration: 2.40 ms
Execution 1402 - TLS Mutual
s_connection: verify depth is 1
Handshake duration: 1.78 ms
Execution 1403 - TLS Mutual
s_connection: verify depth is 1
Handshake duration: 1.56 ms
Execution 1404 - TLS Mutual
s_connection: verify depth is 1
Handshake duration: 1.99 ms
Execution 1405 - TLS Mutual
s_connection: verify depth is 1
Handshake duration: 1.67 ms
Execution 1406 - TLS Mutual
s_connection: verify depth is 1
Handshake duration: 2.51 ms
Execution 1407 - TLS Mutual
s_connection: verify depth is 1
Handshake duration: 1.79 ms
Execution 1408 - TLS Mutual
s_connection: verify depth is 1
Handshake duration: 1.72 ms
Execution 1409 - TLS Mutual
s_connection: verify depth is 1
Handshake duration: 1.52 ms
Execution 1410 - TLS Mutual
s_connection: verify depth is 1
Handshake duration: 1.85 ms
Execution 1411 - TLS Mutual
s_connection: verify depth is 1
Handshake duration: 2.69 ms
Execution 1412 - TLS Mutual
s_connection: verify depth is 1
Handshake duration: 1.98 ms
Execution 1413 - TLS Mutual
s_connection: verify depth is 1
Handshake duration: 1.70 ms
Execution 1414 - TLS Mutual
s_connection: verify depth is 1
Handshake duration: 1.78 ms
Execution 1415 - TLS Mutual
s_connection: verify depth is 1
Handshake duration: 1.79 ms
Execution 1416 - TLS Mutual
s_connection: verify depth is 1
Handshake duration: 1.63 ms
Execution 1417 - TLS Mutual
s_connection: verify depth is 1
Handshake duration: 1.84 ms
Execution 1418 - TLS Mutual
s_connection: verify depth is 1
Handshake duration: 1.61 ms
Execution 1419 - TLS Mutual
s_connection: verify depth is 1
Handshake duration: 1.64 ms
Execution 1420 - TLS Mutual
s_connection: verify depth is 1
Handshake duration: 2.06 ms
Execution 1421 - TLS Mutual
s_connection: verify depth is 1
Handshake duration: 1.67 ms
Execution 1422 - TLS Mutual
s_connection: verify depth is 1
Handshake duration: 2.74 ms
Execution 1423 - TLS Mutual
s_connection: verify depth is 1
Handshake duration: 1.54 ms
Execution 1424 - TLS Mutual
s_connection: verify depth is 1
Handshake duration: 1.74 ms
Execution 1425 - TLS Mutual
s_connection: verify depth is 1
Handshake duration: 1.70 ms
Execution 1426 - TLS Mutual
s_connection: verify depth is 1
Handshake duration: 1.97 ms
Execution 1427 - TLS Mutual
s_connection: verify depth is 1
Handshake duration: 1.58 ms
Execution 1428 - TLS Mutual
s_connection: verify depth is 1
Handshake duration: 2.40 ms
Execution 1429 - TLS Mutual
s_connection: verify depth is 1
Handshake duration: 1.57 ms
Execution 1430 - TLS Mutual
s_connection: verify depth is 1
Handshake duration: 1.57 ms
Execution 1431 - TLS Mutual
s_connection: verify depth is 1
Handshake duration: 1.54 ms
Execution 1432 - TLS Mutual
s_connection: verify depth is 1
Handshake duration: 1.73 ms
Execution 1433 - TLS Mutual
s_connection: verify depth is 1
Handshake duration: 1.80 ms
Execution 1434 - TLS Mutual
s_connection: verify depth is 1
Handshake duration: 1.58 ms
Execution 1435 - TLS Mutual
s_connection: verify depth is 1
Handshake duration: 1.81 ms
Execution 1436 - TLS Mutual
s_connection: verify depth is 1
Handshake duration: 1.88 ms
Execution 1437 - TLS Mutual
s_connection: verify depth is 1
Handshake duration: 1.80 ms
Execution 1438 - TLS Mutual
s_connection: verify depth is 1
Handshake duration: 1.93 ms
Execution 1439 - TLS Mutual
s_connection: verify depth is 1
Handshake duration: 1.53 ms
Execution 1440 - TLS Mutual
s_connection: verify depth is 1
Handshake duration: 1.64 ms
Execution 1441 - TLS Mutual
s_connection: verify depth is 1
Handshake duration: 1.71 ms
Execution 1442 - TLS Mutual
s_connection: verify depth is 1
Handshake duration: 1.81 ms
Execution 1443 - TLS Mutual
s_connection: verify depth is 1
Handshake duration: 1.74 ms
Execution 1444 - TLS Mutual
s_connection: verify depth is 1
Handshake duration: 1.75 ms
Execution 1445 - TLS Mutual
s_connection: verify depth is 1
Handshake duration: 1.67 ms
Execution 1446 - TLS Mutual
s_connection: verify depth is 1
Handshake duration: 2.39 ms
Execution 1447 - TLS Mutual
s_connection: verify depth is 1
Handshake duration: 1.52 ms
Execution 1448 - TLS Mutual
s_connection: verify depth is 1
Handshake duration: 2.11 ms
Execution 1449 - TLS Mutual
s_connection: verify depth is 1
Handshake duration: 2.29 ms
Execution 1450 - TLS Mutual
s_connection: verify depth is 1
Handshake duration: 1.57 ms
Execution 1451 - TLS Mutual
s_connection: verify depth is 1
Handshake duration: 1.96 ms
Execution 1452 - TLS Mutual
s_connection: verify depth is 1
Handshake duration: 1.69 ms
Execution 1453 - TLS Mutual
s_connection: verify depth is 1
Handshake duration: 1.73 ms
Execution 1454 - TLS Mutual
s_connection: verify depth is 1
Handshake duration: 2.17 ms
Execution 1455 - TLS Mutual
s_connection: verify depth is 1
Handshake duration: 1.56 ms
Execution 1456 - TLS Mutual
s_connection: verify depth is 1
Handshake duration: 2.37 ms
Execution 1457 - TLS Mutual
s_connection: verify depth is 1
Handshake duration: 2.18 ms
Execution 1458 - TLS Mutual
s_connection: verify depth is 1
Handshake duration: 1.89 ms
Execution 1459 - TLS Mutual
s_connection: verify depth is 1
Handshake duration: 1.88 ms
Execution 1460 - TLS Mutual
s_connection: verify depth is 1
Handshake duration: 1.69 ms
Execution 1461 - TLS Mutual
s_connection: verify depth is 1
Handshake duration: 1.78 ms
Execution 1462 - TLS Mutual
s_connection: verify depth is 1
Handshake duration: 1.83 ms
Execution 1463 - TLS Mutual
s_connection: verify depth is 1
Handshake duration: 1.63 ms
Execution 1464 - TLS Mutual
s_connection: verify depth is 1
Handshake duration: 1.75 ms
Execution 1465 - TLS Mutual
s_connection: verify depth is 1
Handshake duration: 1.80 ms
Execution 1466 - TLS Mutual
s_connection: verify depth is 1
Handshake duration: 3.18 ms
Execution 1467 - TLS Mutual
s_connection: verify depth is 1
Handshake duration: 2.06 ms
Execution 1468 - TLS Mutual
s_connection: verify depth is 1
Handshake duration: 2.68 ms
Execution 1469 - TLS Mutual
s_connection: verify depth is 1
Handshake duration: 1.54 ms
Execution 1470 - TLS Mutual
s_connection: verify depth is 1
Handshake duration: 1.56 ms
Execution 1471 - TLS Mutual
s_connection: verify depth is 1
Handshake duration: 1.66 ms
Execution 1472 - TLS Mutual
s_connection: verify depth is 1
Handshake duration: 2.00 ms
Execution 1473 - TLS Mutual
s_connection: verify depth is 1
Handshake duration: 1.54 ms
Execution 1474 - TLS Mutual
s_connection: verify depth is 1
Handshake duration: 1.95 ms
Execution 1475 - TLS Mutual
s_connection: verify depth is 1
Handshake duration: 1.82 ms
Execution 1476 - TLS Mutual
s_connection: verify depth is 1
Handshake duration: 2.81 ms
Execution 1477 - TLS Mutual
s_connection: verify depth is 1
Handshake duration: 1.62 ms
Execution 1478 - TLS Mutual
s_connection: verify depth is 1
Handshake duration: 2.35 ms
Execution 1479 - TLS Mutual
s_connection: verify depth is 1
Handshake duration: 1.89 ms
Execution 1480 - TLS Mutual
s_connection: verify depth is 1
Handshake duration: 1.73 ms
Execution 1481 - TLS Mutual
s_connection: verify depth is 1
Handshake duration: 1.64 ms
Execution 1482 - TLS Mutual
s_connection: verify depth is 1
Handshake duration: 1.51 ms
Execution 1483 - TLS Mutual
s_connection: verify depth is 1
Handshake duration: 3.20 ms
Execution 1484 - TLS Mutual
s_connection: verify depth is 1
Handshake duration: 2.30 ms
Execution 1485 - TLS Mutual
s_connection: verify depth is 1
Handshake duration: 1.62 ms
Execution 1486 - TLS Mutual
s_connection: verify depth is 1
Handshake duration: 1.65 ms
Execution 1487 - TLS Mutual
s_connection: verify depth is 1
Handshake duration: 1.93 ms
Execution 1488 - TLS Mutual
s_connection: verify depth is 1
Handshake duration: 2.03 ms
Execution 1489 - TLS Mutual
s_connection: verify depth is 1
Handshake duration: 1.60 ms
Execution 1490 - TLS Mutual
s_connection: verify depth is 1
Handshake duration: 1.56 ms
Execution 1491 - TLS Mutual
s_connection: verify depth is 1
Handshake duration: 2.06 ms
Execution 1492 - TLS Mutual
s_connection: verify depth is 1
Handshake duration: 1.89 ms
Execution 1493 - TLS Mutual
s_connection: verify depth is 1
Handshake duration: 1.65 ms
Execution 1494 - TLS Mutual
s_connection: verify depth is 1
Handshake duration: 1.73 ms
Execution 1495 - TLS Mutual
s_connection: verify depth is 1
Handshake duration: 2.06 ms
Execution 1496 - TLS Mutual
s_connection: verify depth is 1
Handshake duration: 1.53 ms
Execution 1497 - TLS Mutual
s_connection: verify depth is 1
Handshake duration: 1.53 ms
Execution 1498 - TLS Mutual
s_connection: verify depth is 1
Handshake duration: 1.70 ms
Execution 1499 - TLS Mutual
s_connection: verify depth is 1
Handshake duration: 1.87 ms
Execution 1500 - TLS Mutual
s_connection: verify depth is 1
Handshake duration: 1.94 ms
Execution 1501 - TLS Mutual
s_connection: verify depth is 1
Handshake duration: 1.79 ms
Execution 1502 - TLS Mutual
s_connection: verify depth is 1
Handshake duration: 2.20 ms
Execution 1503 - TLS Mutual
s_connection: verify depth is 1
Handshake duration: 1.85 ms
Execution 1504 - TLS Mutual
s_connection: verify depth is 1
Handshake duration: 1.64 ms
Execution 1505 - TLS Mutual
s_connection: verify depth is 1
Handshake duration: 1.89 ms
Execution 1506 - TLS Mutual
s_connection: verify depth is 1
Handshake duration: 2.13 ms
Execution 1507 - TLS Mutual
s_connection: verify depth is 1
Handshake duration: 2.17 ms
Execution 1508 - TLS Mutual
s_connection: verify depth is 1
Handshake duration: 1.92 ms
Execution 1509 - TLS Mutual
s_connection: verify depth is 1
Handshake duration: 2.43 ms
Execution 1510 - TLS Mutual
s_connection: verify depth is 1
Handshake duration: 2.20 ms
Execution 1511 - TLS Mutual
s_connection: verify depth is 1
Handshake duration: 1.51 ms
Execution 1512 - TLS Mutual
s_connection: verify depth is 1
Handshake duration: 1.74 ms
Execution 1513 - TLS Mutual
s_connection: verify depth is 1
Handshake duration: 1.74 ms
Execution 1514 - TLS Mutual
s_connection: verify depth is 1
Handshake duration: 1.99 ms
Execution 1515 - TLS Mutual
s_connection: verify depth is 1
Handshake duration: 1.77 ms
Execution 1516 - TLS Mutual
s_connection: verify depth is 1
Handshake duration: 2.10 ms
Execution 1517 - TLS Mutual
s_connection: verify depth is 1
Handshake duration: 1.71 ms
Execution 1518 - TLS Mutual
s_connection: verify depth is 1
Handshake duration: 1.84 ms
Execution 1519 - TLS Mutual
s_connection: verify depth is 1
Handshake duration: 1.56 ms
Execution 1520 - TLS Mutual
s_connection: verify depth is 1
Handshake duration: 2.05 ms
Execution 1521 - TLS Mutual
s_connection: verify depth is 1
Handshake duration: 2.52 ms
Execution 1522 - TLS Mutual
s_connection: verify depth is 1
Handshake duration: 1.90 ms
Execution 1523 - TLS Mutual
s_connection: verify depth is 1
Handshake duration: 1.85 ms
Execution 1524 - TLS Mutual
s_connection: verify depth is 1
Handshake duration: 1.54 ms
Execution 1525 - TLS Mutual
s_connection: verify depth is 1
Handshake duration: 1.71 ms
Execution 1526 - TLS Mutual
s_connection: verify depth is 1
Handshake duration: 1.78 ms
Execution 1527 - TLS Mutual
s_connection: verify depth is 1
Handshake duration: 1.72 ms
Execution 1528 - TLS Mutual
s_connection: verify depth is 1
Handshake duration: 1.52 ms
Execution 1529 - TLS Mutual
s_connection: verify depth is 1
Handshake duration: 1.69 ms
Execution 1530 - TLS Mutual
s_connection: verify depth is 1
Handshake duration: 2.19 ms
Execution 1531 - TLS Mutual
s_connection: verify depth is 1
Handshake duration: 1.76 ms
Execution 1532 - TLS Mutual
s_connection: verify depth is 1
Handshake duration: 3.18 ms
Execution 1533 - TLS Mutual
s_connection: verify depth is 1
Handshake duration: 1.96 ms
Execution 1534 - TLS Mutual
s_connection: verify depth is 1
Handshake duration: 1.64 ms
Execution 1535 - TLS Mutual
s_connection: verify depth is 1
Handshake duration: 1.72 ms
Execution 1536 - TLS Mutual
s_connection: verify depth is 1
Handshake duration: 1.88 ms
Execution 1537 - TLS Mutual
s_connection: verify depth is 1
Handshake duration: 1.63 ms
Execution 1538 - TLS Mutual
s_connection: verify depth is 1
Handshake duration: 1.60 ms
Execution 1539 - TLS Mutual
s_connection: verify depth is 1
Handshake duration: 1.93 ms
Execution 1540 - TLS Mutual
s_connection: verify depth is 1
Handshake duration: 2.04 ms
Execution 1541 - TLS Mutual
s_connection: verify depth is 1
Handshake duration: 2.77 ms
Execution 1542 - TLS Mutual
s_connection: verify depth is 1
Handshake duration: 2.21 ms
Execution 1543 - TLS Mutual
s_connection: verify depth is 1
Handshake duration: 1.55 ms
Execution 1544 - TLS Mutual
s_connection: verify depth is 1
Handshake duration: 1.54 ms
Execution 1545 - TLS Mutual
s_connection: verify depth is 1
Handshake duration: 1.53 ms
Execution 1546 - TLS Mutual
s_connection: verify depth is 1
Handshake duration: 1.64 ms
Execution 1547 - TLS Mutual
s_connection: verify depth is 1
Handshake duration: 1.82 ms
Execution 1548 - TLS Mutual
s_connection: verify depth is 1
Handshake duration: 1.87 ms
Execution 1549 - TLS Mutual
s_connection: verify depth is 1
Handshake duration: 2.05 ms
Execution 1550 - TLS Mutual
s_connection: verify depth is 1
Handshake duration: 1.53 ms
Execution 1551 - TLS Mutual
s_connection: verify depth is 1
Handshake duration: 2.69 ms
Execution 1552 - TLS Mutual
s_connection: verify depth is 1
Handshake duration: 1.62 ms
Execution 1553 - TLS Mutual
s_connection: verify depth is 1
Handshake duration: 1.86 ms
Execution 1554 - TLS Mutual
s_connection: verify depth is 1
Handshake duration: 1.55 ms
Execution 1555 - TLS Mutual
s_connection: verify depth is 1
Handshake duration: 2.15 ms
Execution 1556 - TLS Mutual
s_connection: verify depth is 1
Handshake duration: 1.53 ms
Execution 1557 - TLS Mutual
s_connection: verify depth is 1
Handshake duration: 1.63 ms
Execution 1558 - TLS Mutual
s_connection: verify depth is 1
Handshake duration: 2.02 ms
Execution 1559 - TLS Mutual
s_connection: verify depth is 1
Handshake duration: 2.52 ms
Execution 1560 - TLS Mutual
s_connection: verify depth is 1
Handshake duration: 1.87 ms
Execution 1561 - TLS Mutual
s_connection: verify depth is 1
Handshake duration: 1.83 ms
Execution 1562 - TLS Mutual
s_connection: verify depth is 1
Handshake duration: 2.01 ms
Execution 1563 - TLS Mutual
s_connection: verify depth is 1
Handshake duration: 1.82 ms
Execution 1564 - TLS Mutual
s_connection: verify depth is 1
Handshake duration: 1.84 ms
Execution 1565 - TLS Mutual
s_connection: verify depth is 1
Handshake duration: 1.81 ms
Execution 1566 - TLS Mutual
s_connection: verify depth is 1
Handshake duration: 2.23 ms
Execution 1567 - TLS Mutual
s_connection: verify depth is 1
Handshake duration: 1.81 ms
Execution 1568 - TLS Mutual
s_connection: verify depth is 1
Handshake duration: 1.66 ms
Execution 1569 - TLS Mutual
s_connection: verify depth is 1
Handshake duration: 1.58 ms
Execution 1570 - TLS Mutual
s_connection: verify depth is 1
Handshake duration: 2.07 ms
Execution 1571 - TLS Mutual
s_connection: verify depth is 1
Handshake duration: 1.96 ms
Execution 1572 - TLS Mutual
s_connection: verify depth is 1
Handshake duration: 1.91 ms
Execution 1573 - TLS Mutual
s_connection: verify depth is 1
Handshake duration: 1.63 ms
Execution 1574 - TLS Mutual
s_connection: verify depth is 1
Handshake duration: 1.73 ms
Execution 1575 - TLS Mutual
s_connection: verify depth is 1
Handshake duration: 1.71 ms
Execution 1576 - TLS Mutual
s_connection: verify depth is 1
Handshake duration: 1.54 ms
Execution 1577 - TLS Mutual
s_connection: verify depth is 1
Handshake duration: 1.78 ms
Execution 1578 - TLS Mutual
s_connection: verify depth is 1
Handshake duration: 1.75 ms
Execution 1579 - TLS Mutual
s_connection: verify depth is 1
Handshake duration: 2.21 ms
Execution 1580 - TLS Mutual
s_connection: verify depth is 1
Handshake duration: 1.91 ms
Execution 1581 - TLS Mutual
s_connection: verify depth is 1
Handshake duration: 1.85 ms
Execution 1582 - TLS Mutual
s_connection: verify depth is 1
Handshake duration: 1.84 ms
Execution 1583 - TLS Mutual
s_connection: verify depth is 1
Handshake duration: 1.86 ms
Execution 1584 - TLS Mutual
s_connection: verify depth is 1
Handshake duration: 1.80 ms
Execution 1585 - TLS Mutual
s_connection: verify depth is 1
Handshake duration: 1.66 ms
Execution 1586 - TLS Mutual
s_connection: verify depth is 1
Handshake duration: 2.48 ms
Execution 1587 - TLS Mutual
s_connection: verify depth is 1
Handshake duration: 1.68 ms
Execution 1588 - TLS Mutual
s_connection: verify depth is 1
Handshake duration: 1.81 ms
Execution 1589 - TLS Mutual
s_connection: verify depth is 1
Handshake duration: 1.54 ms
Execution 1590 - TLS Mutual
s_connection: verify depth is 1
Handshake duration: 1.72 ms
Execution 1591 - TLS Mutual
s_connection: verify depth is 1
Handshake duration: 1.56 ms
Execution 1592 - TLS Mutual
s_connection: verify depth is 1
Handshake duration: 1.80 ms
Execution 1593 - TLS Mutual
s_connection: verify depth is 1
Handshake duration: 3.61 ms
Execution 1594 - TLS Mutual
s_connection: verify depth is 1
Handshake duration: 1.52 ms
Execution 1595 - TLS Mutual
s_connection: verify depth is 1
Handshake duration: 2.85 ms
Execution 1596 - TLS Mutual
s_connection: verify depth is 1
Handshake duration: 1.53 ms
Execution 1597 - TLS Mutual
s_connection: verify depth is 1
Handshake duration: 1.59 ms
Execution 1598 - TLS Mutual
s_connection: verify depth is 1
Handshake duration: 1.94 ms
Execution 1599 - TLS Mutual
s_connection: verify depth is 1
Handshake duration: 1.71 ms
Execution 1600 - TLS Mutual
s_connection: verify depth is 1
Handshake duration: 1.55 ms
Execution 1601 - TLS Mutual
s_connection: verify depth is 1
Handshake duration: 1.58 ms
Execution 1602 - TLS Mutual
s_connection: verify depth is 1
Handshake duration: 1.93 ms
Execution 1603 - TLS Mutual
s_connection: verify depth is 1
Handshake duration: 2.28 ms
Execution 1604 - TLS Mutual
s_connection: verify depth is 1
Handshake duration: 3.50 ms
Execution 1605 - TLS Mutual
s_connection: verify depth is 1
Handshake duration: 2.15 ms
Execution 1606 - TLS Mutual
s_connection: verify depth is 1
Handshake duration: 1.88 ms
Execution 1607 - TLS Mutual
s_connection: verify depth is 1
Handshake duration: 2.14 ms
Execution 1608 - TLS Mutual
s_connection: verify depth is 1
Handshake duration: 1.84 ms
Execution 1609 - TLS Mutual
s_connection: verify depth is 1
Handshake duration: 1.90 ms
Execution 1610 - TLS Mutual
s_connection: verify depth is 1
Handshake duration: 2.05 ms
Execution 1611 - TLS Mutual
s_connection: verify depth is 1
Handshake duration: 1.94 ms
Execution 1612 - TLS Mutual
s_connection: verify depth is 1
Handshake duration: 1.55 ms
Execution 1613 - TLS Mutual
s_connection: verify depth is 1
Handshake duration: 1.55 ms
Execution 1614 - TLS Mutual
s_connection: verify depth is 1
Handshake duration: 1.63 ms
Execution 1615 - TLS Mutual
s_connection: verify depth is 1
Handshake duration: 1.54 ms
Execution 1616 - TLS Mutual
s_connection: verify depth is 1
Handshake duration: 1.89 ms
Execution 1617 - TLS Mutual
s_connection: verify depth is 1
Handshake duration: 1.87 ms
Execution 1618 - TLS Mutual
s_connection: verify depth is 1
Handshake duration: 2.05 ms
Execution 1619 - TLS Mutual
s_connection: verify depth is 1
Handshake duration: 1.85 ms
Execution 1620 - TLS Mutual
s_connection: verify depth is 1
Handshake duration: 2.02 ms
Execution 1621 - TLS Mutual
s_connection: verify depth is 1
Handshake duration: 2.10 ms
Execution 1622 - TLS Mutual
s_connection: verify depth is 1
Handshake duration: 1.98 ms
Execution 1623 - TLS Mutual
s_connection: verify depth is 1
Handshake duration: 2.13 ms
Execution 1624 - TLS Mutual
s_connection: verify depth is 1
Handshake duration: 1.82 ms
Execution 1625 - TLS Mutual
s_connection: verify depth is 1
Handshake duration: 1.98 ms
Execution 1626 - TLS Mutual
s_connection: verify depth is 1
Handshake duration: 1.86 ms
Execution 1627 - TLS Mutual
s_connection: verify depth is 1
Handshake duration: 1.65 ms
Execution 1628 - TLS Mutual
s_connection: verify depth is 1
Handshake duration: 2.29 ms
Execution 1629 - TLS Mutual
s_connection: verify depth is 1
Handshake duration: 1.90 ms
Execution 1630 - TLS Mutual
s_connection: verify depth is 1
Handshake duration: 1.54 ms
Execution 1631 - TLS Mutual
s_connection: verify depth is 1
Handshake duration: 1.79 ms
Execution 1632 - TLS Mutual
s_connection: verify depth is 1
Handshake duration: 1.88 ms
Execution 1633 - TLS Mutual
s_connection: verify depth is 1
Handshake duration: 1.55 ms
Execution 1634 - TLS Mutual
s_connection: verify depth is 1
Handshake duration: 1.86 ms
Execution 1635 - TLS Mutual
s_connection: verify depth is 1
Handshake duration: 2.66 ms
Execution 1636 - TLS Mutual
s_connection: verify depth is 1
Handshake duration: 1.54 ms
Execution 1637 - TLS Mutual
s_connection: verify depth is 1
Handshake duration: 1.79 ms
Execution 1638 - TLS Mutual
s_connection: verify depth is 1
Handshake duration: 1.93 ms
Execution 1639 - TLS Mutual
s_connection: verify depth is 1
Handshake duration: 1.52 ms
Execution 1640 - TLS Mutual
s_connection: verify depth is 1
Handshake duration: 2.29 ms
Execution 1641 - TLS Mutual
s_connection: verify depth is 1
Handshake duration: 1.85 ms
Execution 1642 - TLS Mutual
s_connection: verify depth is 1
Handshake duration: 1.77 ms
Execution 1643 - TLS Mutual
s_connection: verify depth is 1
Handshake duration: 1.84 ms
Execution 1644 - TLS Mutual
s_connection: verify depth is 1
Handshake duration: 2.63 ms
Execution 1645 - TLS Mutual
s_connection: verify depth is 1
Handshake duration: 1.58 ms
Execution 1646 - TLS Mutual
s_connection: verify depth is 1
Handshake duration: 1.75 ms
Execution 1647 - TLS Mutual
s_connection: verify depth is 1
Handshake duration: 1.75 ms
Execution 1648 - TLS Mutual
s_connection: verify depth is 1
Handshake duration: 1.67 ms
Execution 1649 - TLS Mutual
s_connection: verify depth is 1
Handshake duration: 2.32 ms
Execution 1650 - TLS Mutual
s_connection: verify depth is 1
Handshake duration: 1.62 ms
Execution 1651 - TLS Mutual
s_connection: verify depth is 1
Handshake duration: 1.87 ms
Execution 1652 - TLS Mutual
s_connection: verify depth is 1
Handshake duration: 2.07 ms
Execution 1653 - TLS Mutual
s_connection: verify depth is 1
Handshake duration: 1.70 ms
Execution 1654 - TLS Mutual
s_connection: verify depth is 1
Handshake duration: 1.85 ms
Execution 1655 - TLS Mutual
s_connection: verify depth is 1
Handshake duration: 2.04 ms
Execution 1656 - TLS Mutual
s_connection: verify depth is 1
Handshake duration: 2.47 ms
Execution 1657 - TLS Mutual
s_connection: verify depth is 1
Handshake duration: 1.65 ms
Execution 1658 - TLS Mutual
s_connection: verify depth is 1
Handshake duration: 1.82 ms
Execution 1659 - TLS Mutual
s_connection: verify depth is 1
Handshake duration: 2.22 ms
Execution 1660 - TLS Mutual
s_connection: verify depth is 1
Handshake duration: 1.74 ms
Execution 1661 - TLS Mutual
s_connection: verify depth is 1
Handshake duration: 1.62 ms
Execution 1662 - TLS Mutual
s_connection: verify depth is 1
Handshake duration: 1.55 ms
Execution 1663 - TLS Mutual
s_connection: verify depth is 1
Handshake duration: 1.93 ms
Execution 1664 - TLS Mutual
s_connection: verify depth is 1
Handshake duration: 2.08 ms
Execution 1665 - TLS Mutual
s_connection: verify depth is 1
Handshake duration: 1.54 ms
Execution 1666 - TLS Mutual
s_connection: verify depth is 1
Handshake duration: 1.96 ms
Execution 1667 - TLS Mutual
s_connection: verify depth is 1
Handshake duration: 2.19 ms
Execution 1668 - TLS Mutual
s_connection: verify depth is 1
Handshake duration: 1.56 ms
Execution 1669 - TLS Mutual
s_connection: verify depth is 1
Handshake duration: 1.55 ms
Execution 1670 - TLS Mutual
s_connection: verify depth is 1
Handshake duration: 1.94 ms
Execution 1671 - TLS Mutual
s_connection: verify depth is 1
Handshake duration: 1.83 ms
Execution 1672 - TLS Mutual
s_connection: verify depth is 1
Handshake duration: 1.75 ms
Execution 1673 - TLS Mutual
s_connection: verify depth is 1
Handshake duration: 2.44 ms
Execution 1674 - TLS Mutual
s_connection: verify depth is 1
Handshake duration: 1.59 ms
Execution 1675 - TLS Mutual
s_connection: verify depth is 1
Handshake duration: 2.19 ms
Execution 1676 - TLS Mutual
s_connection: verify depth is 1
Handshake duration: 1.55 ms
Execution 1677 - TLS Mutual
s_connection: verify depth is 1
Handshake duration: 2.54 ms
Execution 1678 - TLS Mutual
s_connection: verify depth is 1
Handshake duration: 2.24 ms
Execution 1679 - TLS Mutual
s_connection: verify depth is 1
Handshake duration: 1.96 ms
Execution 1680 - TLS Mutual
s_connection: verify depth is 1
Handshake duration: 1.99 ms
Execution 1681 - TLS Mutual
s_connection: verify depth is 1
Handshake duration: 2.19 ms
Execution 1682 - TLS Mutual
s_connection: verify depth is 1
Handshake duration: 1.79 ms
Execution 1683 - TLS Mutual
s_connection: verify depth is 1
Handshake duration: 2.23 ms
Execution 1684 - TLS Mutual
s_connection: verify depth is 1
Handshake duration: 1.75 ms
Execution 1685 - TLS Mutual
s_connection: verify depth is 1
Handshake duration: 1.69 ms
Execution 1686 - TLS Mutual
s_connection: verify depth is 1
Handshake duration: 1.57 ms
Execution 1687 - TLS Mutual
s_connection: verify depth is 1
Handshake duration: 2.13 ms
Execution 1688 - TLS Mutual
s_connection: verify depth is 1
Handshake duration: 2.15 ms
Execution 1689 - TLS Mutual
s_connection: verify depth is 1
Handshake duration: 1.97 ms
Execution 1690 - TLS Mutual
s_connection: verify depth is 1
Handshake duration: 1.91 ms
Execution 1691 - TLS Mutual
s_connection: verify depth is 1
Handshake duration: 1.64 ms
Execution 1692 - TLS Mutual
s_connection: verify depth is 1
Handshake duration: 1.84 ms
Execution 1693 - TLS Mutual
s_connection: verify depth is 1
Handshake duration: 1.81 ms
Execution 1694 - TLS Mutual
s_connection: verify depth is 1
Handshake duration: 1.77 ms
Execution 1695 - TLS Mutual
s_connection: verify depth is 1
Handshake duration: 2.38 ms
Execution 1696 - TLS Mutual
s_connection: verify depth is 1
Handshake duration: 1.79 ms
Execution 1697 - TLS Mutual
s_connection: verify depth is 1
Handshake duration: 1.73 ms
Execution 1698 - TLS Mutual
s_connection: verify depth is 1
Handshake duration: 2.75 ms
Execution 1699 - TLS Mutual
s_connection: verify depth is 1
Handshake duration: 2.41 ms
Execution 1700 - TLS Mutual
s_connection: verify depth is 1
Handshake duration: 2.25 ms
Execution 1701 - TLS Mutual
s_connection: verify depth is 1
Handshake duration: 2.07 ms
Execution 1702 - TLS Mutual
s_connection: verify depth is 1
Handshake duration: 1.99 ms
Execution 1703 - TLS Mutual
s_connection: verify depth is 1
Handshake duration: 2.07 ms
Execution 1704 - TLS Mutual
s_connection: verify depth is 1
Handshake duration: 3.44 ms
Execution 1705 - TLS Mutual
s_connection: verify depth is 1
Handshake duration: 1.99 ms
Execution 1706 - TLS Mutual
s_connection: verify depth is 1
Handshake duration: 1.57 ms
Execution 1707 - TLS Mutual
s_connection: verify depth is 1
Handshake duration: 1.73 ms
Execution 1708 - TLS Mutual
s_connection: verify depth is 1
Handshake duration: 1.74 ms
Execution 1709 - TLS Mutual
s_connection: verify depth is 1
Handshake duration: 1.63 ms
Execution 1710 - TLS Mutual
s_connection: verify depth is 1
Handshake duration: 2.48 ms
Execution 1711 - TLS Mutual
s_connection: verify depth is 1
Handshake duration: 2.87 ms
Execution 1712 - TLS Mutual
s_connection: verify depth is 1
Handshake duration: 1.83 ms
Execution 1713 - TLS Mutual
s_connection: verify depth is 1
Handshake duration: 1.51 ms
Execution 1714 - TLS Mutual
s_connection: verify depth is 1
Handshake duration: 1.52 ms
Execution 1715 - TLS Mutual
s_connection: verify depth is 1
Handshake duration: 1.54 ms
Execution 1716 - TLS Mutual
s_connection: verify depth is 1
Handshake duration: 1.67 ms
Execution 1717 - TLS Mutual
s_connection: verify depth is 1
Handshake duration: 1.58 ms
Execution 1718 - TLS Mutual
s_connection: verify depth is 1
Handshake duration: 2.10 ms
Execution 1719 - TLS Mutual
s_connection: verify depth is 1
Handshake duration: 2.48 ms
Execution 1720 - TLS Mutual
s_connection: verify depth is 1
Handshake duration: 2.36 ms
Execution 1721 - TLS Mutual
s_connection: verify depth is 1
Handshake duration: 1.55 ms
Execution 1722 - TLS Mutual
s_connection: verify depth is 1
Handshake duration: 1.63 ms
Execution 1723 - TLS Mutual
s_connection: verify depth is 1
Handshake duration: 1.67 ms
Execution 1724 - TLS Mutual
s_connection: verify depth is 1
Handshake duration: 2.11 ms
Execution 1725 - TLS Mutual
s_connection: verify depth is 1
Handshake duration: 1.72 ms
Execution 1726 - TLS Mutual
s_connection: verify depth is 1
Handshake duration: 1.71 ms
Execution 1727 - TLS Mutual
s_connection: verify depth is 1
Handshake duration: 1.78 ms
Execution 1728 - TLS Mutual
s_connection: verify depth is 1
Handshake duration: 2.02 ms
Execution 1729 - TLS Mutual
s_connection: verify depth is 1
Handshake duration: 1.65 ms
Execution 1730 - TLS Mutual
s_connection: verify depth is 1
Handshake duration: 1.84 ms
Execution 1731 - TLS Mutual
s_connection: verify depth is 1
Handshake duration: 2.00 ms
Execution 1732 - TLS Mutual
s_connection: verify depth is 1
Handshake duration: 1.56 ms
Execution 1733 - TLS Mutual
s_connection: verify depth is 1
Handshake duration: 1.69 ms
Execution 1734 - TLS Mutual
s_connection: verify depth is 1
Handshake duration: 1.57 ms
Execution 1735 - TLS Mutual
s_connection: verify depth is 1
Handshake duration: 1.81 ms
Execution 1736 - TLS Mutual
s_connection: verify depth is 1
Handshake duration: 1.60 ms
Execution 1737 - TLS Mutual
s_connection: verify depth is 1
Handshake duration: 1.77 ms
Execution 1738 - TLS Mutual
s_connection: verify depth is 1
Handshake duration: 1.92 ms
Execution 1739 - TLS Mutual
s_connection: verify depth is 1
Handshake duration: 2.21 ms
Execution 1740 - TLS Mutual
s_connection: verify depth is 1
Handshake duration: 2.37 ms
Execution 1741 - TLS Mutual
s_connection: verify depth is 1
Handshake duration: 1.79 ms
Execution 1742 - TLS Mutual
s_connection: verify depth is 1
Handshake duration: 1.90 ms
Execution 1743 - TLS Mutual
s_connection: verify depth is 1
Handshake duration: 1.55 ms
Execution 1744 - TLS Mutual
s_connection: verify depth is 1
Handshake duration: 1.63 ms
Execution 1745 - TLS Mutual
s_connection: verify depth is 1
Handshake duration: 2.02 ms
Execution 1746 - TLS Mutual
s_connection: verify depth is 1
Handshake duration: 1.63 ms
Execution 1747 - TLS Mutual
s_connection: verify depth is 1
Handshake duration: 2.31 ms
Execution 1748 - TLS Mutual
s_connection: verify depth is 1
Handshake duration: 2.18 ms
Execution 1749 - TLS Mutual
s_connection: verify depth is 1
Handshake duration: 1.89 ms
Execution 1750 - TLS Mutual
s_connection: verify depth is 1
Handshake duration: 1.55 ms
Execution 1751 - TLS Mutual
s_connection: verify depth is 1
Handshake duration: 1.61 ms
Execution 1752 - TLS Mutual
s_connection: verify depth is 1
Handshake duration: 2.67 ms
Execution 1753 - TLS Mutual
s_connection: verify depth is 1
Handshake duration: 1.55 ms
Execution 1754 - TLS Mutual
s_connection: verify depth is 1
Handshake duration: 1.98 ms
Execution 1755 - TLS Mutual
s_connection: verify depth is 1
Handshake duration: 1.89 ms
Execution 1756 - TLS Mutual
s_connection: verify depth is 1
Handshake duration: 1.67 ms
Execution 1757 - TLS Mutual
s_connection: verify depth is 1
Handshake duration: 2.46 ms
Execution 1758 - TLS Mutual
s_connection: verify depth is 1
Handshake duration: 1.65 ms
Execution 1759 - TLS Mutual
s_connection: verify depth is 1
Handshake duration: 2.10 ms
Execution 1760 - TLS Mutual
s_connection: verify depth is 1
Handshake duration: 1.64 ms
Execution 1761 - TLS Mutual
s_connection: verify depth is 1
Handshake duration: 1.56 ms
Execution 1762 - TLS Mutual
s_connection: verify depth is 1
Handshake duration: 1.73 ms
Execution 1763 - TLS Mutual
s_connection: verify depth is 1
Handshake duration: 1.64 ms
Execution 1764 - TLS Mutual
s_connection: verify depth is 1
Handshake duration: 1.70 ms
Execution 1765 - TLS Mutual
s_connection: verify depth is 1
Handshake duration: 1.65 ms
Execution 1766 - TLS Mutual
s_connection: verify depth is 1
Handshake duration: 2.10 ms
Execution 1767 - TLS Mutual
s_connection: verify depth is 1
Handshake duration: 1.83 ms
Execution 1768 - TLS Mutual
s_connection: verify depth is 1
Handshake duration: 2.39 ms
Execution 1769 - TLS Mutual
s_connection: verify depth is 1
Handshake duration: 2.39 ms
Execution 1770 - TLS Mutual
s_connection: verify depth is 1
Handshake duration: 2.48 ms
Execution 1771 - TLS Mutual
s_connection: verify depth is 1
Handshake duration: 1.79 ms
Execution 1772 - TLS Mutual
s_connection: verify depth is 1
Handshake duration: 1.60 ms
Execution 1773 - TLS Mutual
s_connection: verify depth is 1
Handshake duration: 2.79 ms
Execution 1774 - TLS Mutual
s_connection: verify depth is 1
Handshake duration: 1.76 ms
Execution 1775 - TLS Mutual
s_connection: verify depth is 1
Handshake duration: 1.85 ms
Execution 1776 - TLS Mutual
s_connection: verify depth is 1
Handshake duration: 1.90 ms
Execution 1777 - TLS Mutual
s_connection: verify depth is 1
Handshake duration: 2.17 ms
Execution 1778 - TLS Mutual
s_connection: verify depth is 1
Handshake duration: 1.56 ms
Execution 1779 - TLS Mutual
s_connection: verify depth is 1
Handshake duration: 1.74 ms
Execution 1780 - TLS Mutual
s_connection: verify depth is 1
Handshake duration: 1.66 ms
Execution 1781 - TLS Mutual
s_connection: verify depth is 1
Handshake duration: 1.63 ms
Execution 1782 - TLS Mutual
s_connection: verify depth is 1
Handshake duration: 1.65 ms
Execution 1783 - TLS Mutual
s_connection: verify depth is 1
Handshake duration: 1.52 ms
Execution 1784 - TLS Mutual
s_connection: verify depth is 1
Handshake duration: 2.03 ms
Execution 1785 - TLS Mutual
s_connection: verify depth is 1
Handshake duration: 1.94 ms
Execution 1786 - TLS Mutual
s_connection: verify depth is 1
Handshake duration: 2.17 ms
Execution 1787 - TLS Mutual
s_connection: verify depth is 1
Handshake duration: 1.82 ms
Execution 1788 - TLS Mutual
s_connection: verify depth is 1
Handshake duration: 1.52 ms
Execution 1789 - TLS Mutual
s_connection: verify depth is 1
Handshake duration: 2.11 ms
Execution 1790 - TLS Mutual
s_connection: verify depth is 1
Handshake duration: 1.94 ms
Execution 1791 - TLS Mutual
s_connection: verify depth is 1
Handshake duration: 1.82 ms
Execution 1792 - TLS Mutual
s_connection: verify depth is 1
Handshake duration: 1.61 ms
Execution 1793 - TLS Mutual
s_connection: verify depth is 1
Handshake duration: 1.87 ms
Execution 1794 - TLS Mutual
s_connection: verify depth is 1
Handshake duration: 2.02 ms
Execution 1795 - TLS Mutual
s_connection: verify depth is 1
Handshake duration: 1.68 ms
Execution 1796 - TLS Mutual
s_connection: verify depth is 1
Handshake duration: 1.53 ms
Execution 1797 - TLS Mutual
s_connection: verify depth is 1
Handshake duration: 2.08 ms
Execution 1798 - TLS Mutual
s_connection: verify depth is 1
Handshake duration: 1.54 ms
Execution 1799 - TLS Mutual
s_connection: verify depth is 1
Handshake duration: 1.75 ms
Execution 1800 - TLS Mutual
s_connection: verify depth is 1
Handshake duration: 3.41 ms
Execution 1801 - TLS Mutual
s_connection: verify depth is 1
Handshake duration: 1.58 ms
Execution 1802 - TLS Mutual
s_connection: verify depth is 1
Handshake duration: 2.68 ms
Execution 1803 - TLS Mutual
s_connection: verify depth is 1
Handshake duration: 1.74 ms
Execution 1804 - TLS Mutual
s_connection: verify depth is 1
Handshake duration: 2.63 ms
Execution 1805 - TLS Mutual
s_connection: verify depth is 1
Handshake duration: 1.71 ms
Execution 1806 - TLS Mutual
s_connection: verify depth is 1
Handshake duration: 2.05 ms
Execution 1807 - TLS Mutual
s_connection: verify depth is 1
Handshake duration: 1.56 ms
Execution 1808 - TLS Mutual
s_connection: verify depth is 1
Handshake duration: 1.71 ms
Execution 1809 - TLS Mutual
s_connection: verify depth is 1
Handshake duration: 1.72 ms
Execution 1810 - TLS Mutual
s_connection: verify depth is 1
Handshake duration: 2.27 ms
Execution 1811 - TLS Mutual
s_connection: verify depth is 1
Handshake duration: 2.09 ms
Execution 1812 - TLS Mutual
s_connection: verify depth is 1
Handshake duration: 1.71 ms
Execution 1813 - TLS Mutual
s_connection: verify depth is 1
Handshake duration: 2.14 ms
Execution 1814 - TLS Mutual
s_connection: verify depth is 1
Handshake duration: 1.83 ms
Execution 1815 - TLS Mutual
s_connection: verify depth is 1
Handshake duration: 1.54 ms
Execution 1816 - TLS Mutual
s_connection: verify depth is 1
Handshake duration: 1.94 ms
Execution 1817 - TLS Mutual
s_connection: verify depth is 1
Handshake duration: 2.35 ms
Execution 1818 - TLS Mutual
s_connection: verify depth is 1
Handshake duration: 1.79 ms
Execution 1819 - TLS Mutual
s_connection: verify depth is 1
Handshake duration: 1.73 ms
Execution 1820 - TLS Mutual
s_connection: verify depth is 1
Handshake duration: 1.57 ms
Execution 1821 - TLS Mutual
s_connection: verify depth is 1
Handshake duration: 2.00 ms
Execution 1822 - TLS Mutual
s_connection: verify depth is 1
Handshake duration: 2.20 ms
Execution 1823 - TLS Mutual
s_connection: verify depth is 1
Handshake duration: 1.88 ms
Execution 1824 - TLS Mutual
s_connection: verify depth is 1
Handshake duration: 1.80 ms
Execution 1825 - TLS Mutual
s_connection: verify depth is 1
Handshake duration: 1.71 ms
Execution 1826 - TLS Mutual
s_connection: verify depth is 1
Handshake duration: 2.13 ms
Execution 1827 - TLS Mutual
s_connection: verify depth is 1
Handshake duration: 1.97 ms
Execution 1828 - TLS Mutual
s_connection: verify depth is 1
Handshake duration: 1.79 ms
Execution 1829 - TLS Mutual
s_connection: verify depth is 1
Handshake duration: 2.39 ms
Execution 1830 - TLS Mutual
s_connection: verify depth is 1
Handshake duration: 2.02 ms
Execution 1831 - TLS Mutual
s_connection: verify depth is 1
Handshake duration: 1.59 ms
Execution 1832 - TLS Mutual
s_connection: verify depth is 1
Handshake duration: 1.63 ms
Execution 1833 - TLS Mutual
s_connection: verify depth is 1
Handshake duration: 1.69 ms
Execution 1834 - TLS Mutual
s_connection: verify depth is 1
Handshake duration: 1.96 ms
Execution 1835 - TLS Mutual
s_connection: verify depth is 1
Handshake duration: 1.71 ms
Execution 1836 - TLS Mutual
s_connection: verify depth is 1
Handshake duration: 2.03 ms
Execution 1837 - TLS Mutual
s_connection: verify depth is 1
Handshake duration: 1.55 ms
Execution 1838 - TLS Mutual
s_connection: verify depth is 1
Handshake duration: 2.89 ms
Execution 1839 - TLS Mutual
s_connection: verify depth is 1
Handshake duration: 2.16 ms
Execution 1840 - TLS Mutual
s_connection: verify depth is 1
Handshake duration: 2.42 ms
Execution 1841 - TLS Mutual
s_connection: verify depth is 1
Handshake duration: 2.22 ms
Execution 1842 - TLS Mutual
s_connection: verify depth is 1
Handshake duration: 1.62 ms
Execution 1843 - TLS Mutual
s_connection: verify depth is 1
Handshake duration: 1.55 ms
Execution 1844 - TLS Mutual
s_connection: verify depth is 1
Handshake duration: 1.71 ms
Execution 1845 - TLS Mutual
s_connection: verify depth is 1
Handshake duration: 1.63 ms
Execution 1846 - TLS Mutual
s_connection: verify depth is 1
Handshake duration: 1.64 ms
Execution 1847 - TLS Mutual
s_connection: verify depth is 1
Handshake duration: 2.02 ms
Execution 1848 - TLS Mutual
s_connection: verify depth is 1
Handshake duration: 1.66 ms
Execution 1849 - TLS Mutual
s_connection: verify depth is 1
Handshake duration: 1.65 ms
Execution 1850 - TLS Mutual
s_connection: verify depth is 1
Handshake duration: 1.92 ms
Execution 1851 - TLS Mutual
s_connection: verify depth is 1
Handshake duration: 2.66 ms
Execution 1852 - TLS Mutual
s_connection: verify depth is 1
Handshake duration: 1.73 ms
Execution 1853 - TLS Mutual
s_connection: verify depth is 1
Handshake duration: 1.71 ms
Execution 1854 - TLS Mutual
s_connection: verify depth is 1
Handshake duration: 1.55 ms
Execution 1855 - TLS Mutual
s_connection: verify depth is 1
Handshake duration: 1.62 ms
Execution 1856 - TLS Mutual
s_connection: verify depth is 1
Handshake duration: 1.75 ms
Execution 1857 - TLS Mutual
s_connection: verify depth is 1
Handshake duration: 2.16 ms
Execution 1858 - TLS Mutual
s_connection: verify depth is 1
Handshake duration: 1.65 ms
Execution 1859 - TLS Mutual
s_connection: verify depth is 1
Handshake duration: 1.64 ms
Execution 1860 - TLS Mutual
s_connection: verify depth is 1
Handshake duration: 1.58 ms
Execution 1861 - TLS Mutual
s_connection: verify depth is 1
Handshake duration: 1.84 ms
Execution 1862 - TLS Mutual
s_connection: verify depth is 1
Handshake duration: 2.29 ms
Execution 1863 - TLS Mutual
s_connection: verify depth is 1
Handshake duration: 2.11 ms
Execution 1864 - TLS Mutual
s_connection: verify depth is 1
Handshake duration: 1.77 ms
Execution 1865 - TLS Mutual
s_connection: verify depth is 1
Handshake duration: 2.02 ms
Execution 1866 - TLS Mutual
s_connection: verify depth is 1
Handshake duration: 1.94 ms
Execution 1867 - TLS Mutual
s_connection: verify depth is 1
Handshake duration: 2.14 ms
Execution 1868 - TLS Mutual
s_connection: verify depth is 1
Handshake duration: 1.79 ms
Execution 1869 - TLS Mutual
s_connection: verify depth is 1
Handshake duration: 1.63 ms
Execution 1870 - TLS Mutual
s_connection: verify depth is 1
Handshake duration: 1.67 ms
Execution 1871 - TLS Mutual
s_connection: verify depth is 1
Handshake duration: 1.70 ms
Execution 1872 - TLS Mutual
s_connection: verify depth is 1
Handshake duration: 1.62 ms
Execution 1873 - TLS Mutual
s_connection: verify depth is 1
Handshake duration: 1.86 ms
Execution 1874 - TLS Mutual
s_connection: verify depth is 1
Handshake duration: 1.78 ms
Execution 1875 - TLS Mutual
s_connection: verify depth is 1
Handshake duration: 2.68 ms
Execution 1876 - TLS Mutual
s_connection: verify depth is 1
Handshake duration: 2.47 ms
Execution 1877 - TLS Mutual
s_connection: verify depth is 1
Handshake duration: 2.16 ms
Execution 1878 - TLS Mutual
s_connection: verify depth is 1
Handshake duration: 1.95 ms
Execution 1879 - TLS Mutual
s_connection: verify depth is 1
Handshake duration: 1.61 ms
Execution 1880 - TLS Mutual
s_connection: verify depth is 1
Handshake duration: 1.76 ms
Execution 1881 - TLS Mutual
s_connection: verify depth is 1
Handshake duration: 1.77 ms
Execution 1882 - TLS Mutual
s_connection: verify depth is 1
Handshake duration: 1.66 ms
Execution 1883 - TLS Mutual
s_connection: verify depth is 1
Handshake duration: 1.53 ms
Execution 1884 - TLS Mutual
s_connection: verify depth is 1
Handshake duration: 1.73 ms
Execution 1885 - TLS Mutual
s_connection: verify depth is 1
Handshake duration: 1.62 ms
Execution 1886 - TLS Mutual
s_connection: verify depth is 1
Handshake duration: 1.81 ms
Execution 1887 - TLS Mutual
s_connection: verify depth is 1
Handshake duration: 1.67 ms
Execution 1888 - TLS Mutual
s_connection: verify depth is 1
Handshake duration: 1.61 ms
Execution 1889 - TLS Mutual
s_connection: verify depth is 1
Handshake duration: 1.95 ms
Execution 1890 - TLS Mutual
s_connection: verify depth is 1
Handshake duration: 1.55 ms
Execution 1891 - TLS Mutual
s_connection: verify depth is 1
Handshake duration: 2.11 ms
Execution 1892 - TLS Mutual
s_connection: verify depth is 1
Handshake duration: 1.71 ms
Execution 1893 - TLS Mutual
s_connection: verify depth is 1
Handshake duration: 1.85 ms
Execution 1894 - TLS Mutual
s_connection: verify depth is 1
Handshake duration: 2.38 ms
Execution 1895 - TLS Mutual
s_connection: verify depth is 1
Handshake duration: 1.80 ms
Execution 1896 - TLS Mutual
s_connection: verify depth is 1
Handshake duration: 1.63 ms
Execution 1897 - TLS Mutual
s_connection: verify depth is 1
Handshake duration: 1.53 ms
Execution 1898 - TLS Mutual
s_connection: verify depth is 1
Handshake duration: 2.41 ms
Execution 1899 - TLS Mutual
s_connection: verify depth is 1
Handshake duration: 1.64 ms
Execution 1900 - TLS Mutual
s_connection: verify depth is 1
Handshake duration: 1.73 ms
Execution 1901 - TLS Mutual
s_connection: verify depth is 1
Handshake duration: 1.56 ms
Execution 1902 - TLS Mutual
s_connection: verify depth is 1
Handshake duration: 1.98 ms
Execution 1903 - TLS Mutual
s_connection: verify depth is 1
Handshake duration: 2.14 ms
Execution 1904 - TLS Mutual
s_connection: verify depth is 1
Handshake duration: 1.88 ms
Execution 1905 - TLS Mutual
s_connection: verify depth is 1
Handshake duration: 1.80 ms
Execution 1906 - TLS Mutual
s_connection: verify depth is 1
Handshake duration: 2.03 ms
Execution 1907 - TLS Mutual
s_connection: verify depth is 1
Handshake duration: 2.43 ms
Execution 1908 - TLS Mutual
s_connection: verify depth is 1
Handshake duration: 1.54 ms
Execution 1909 - TLS Mutual
s_connection: verify depth is 1
Handshake duration: 1.71 ms
Execution 1910 - TLS Mutual
s_connection: verify depth is 1
Handshake duration: 1.79 ms
Execution 1911 - TLS Mutual
s_connection: verify depth is 1
Handshake duration: 1.75 ms
Execution 1912 - TLS Mutual
s_connection: verify depth is 1
Handshake duration: 1.56 ms
Execution 1913 - TLS Mutual
s_connection: verify depth is 1
Handshake duration: 1.83 ms
Execution 1914 - TLS Mutual
s_connection: verify depth is 1
Handshake duration: 1.79 ms
Execution 1915 - TLS Mutual
s_connection: verify depth is 1
Handshake duration: 2.08 ms
Execution 1916 - TLS Mutual
s_connection: verify depth is 1
Handshake duration: 2.08 ms
Execution 1917 - TLS Mutual
s_connection: verify depth is 1
Handshake duration: 2.78 ms
Execution 1918 - TLS Mutual
s_connection: verify depth is 1
Handshake duration: 1.55 ms
Execution 1919 - TLS Mutual
s_connection: verify depth is 1
Handshake duration: 2.97 ms
Execution 1920 - TLS Mutual
s_connection: verify depth is 1
Handshake duration: 1.89 ms
Execution 1921 - TLS Mutual
s_connection: verify depth is 1
Handshake duration: 2.19 ms
Execution 1922 - TLS Mutual
s_connection: verify depth is 1
Handshake duration: 1.64 ms
Execution 1923 - TLS Mutual
s_connection: verify depth is 1
Handshake duration: 1.73 ms
Execution 1924 - TLS Mutual
s_connection: verify depth is 1
Handshake duration: 1.79 ms
Execution 1925 - TLS Mutual
s_connection: verify depth is 1
Handshake duration: 2.02 ms
Execution 1926 - TLS Mutual
s_connection: verify depth is 1
Handshake duration: 2.17 ms
Execution 1927 - TLS Mutual
s_connection: verify depth is 1
Handshake duration: 2.26 ms
Execution 1928 - TLS Mutual
s_connection: verify depth is 1
Handshake duration: 1.70 ms
Execution 1929 - TLS Mutual
s_connection: verify depth is 1
Handshake duration: 1.89 ms
Execution 1930 - TLS Mutual
s_connection: verify depth is 1
Handshake duration: 1.89 ms
Execution 1931 - TLS Mutual
s_connection: verify depth is 1
Handshake duration: 1.94 ms
Execution 1932 - TLS Mutual
s_connection: verify depth is 1
Handshake duration: 1.76 ms
Execution 1933 - TLS Mutual
s_connection: verify depth is 1
Handshake duration: 2.56 ms
Execution 1934 - TLS Mutual
s_connection: verify depth is 1
Handshake duration: 1.55 ms
Execution 1935 - TLS Mutual
s_connection: verify depth is 1
Handshake duration: 1.86 ms
Execution 1936 - TLS Mutual
s_connection: verify depth is 1
Handshake duration: 1.54 ms
Execution 1937 - TLS Mutual
s_connection: verify depth is 1
Handshake duration: 2.18 ms
Execution 1938 - TLS Mutual
s_connection: verify depth is 1
Handshake duration: 2.18 ms
Execution 1939 - TLS Mutual
s_connection: verify depth is 1
Handshake duration: 2.90 ms
Execution 1940 - TLS Mutual
s_connection: verify depth is 1
Handshake duration: 2.36 ms
Execution 1941 - TLS Mutual
s_connection: verify depth is 1
Handshake duration: 1.66 ms
Execution 1942 - TLS Mutual
s_connection: verify depth is 1
Handshake duration: 1.54 ms
Execution 1943 - TLS Mutual
s_connection: verify depth is 1
Handshake duration: 1.82 ms
Execution 1944 - TLS Mutual
s_connection: verify depth is 1
Handshake duration: 3.27 ms
Execution 1945 - TLS Mutual
s_connection: verify depth is 1
Handshake duration: 1.63 ms
Execution 1946 - TLS Mutual
s_connection: verify depth is 1
Handshake duration: 2.29 ms
Execution 1947 - TLS Mutual
s_connection: verify depth is 1
Handshake duration: 1.65 ms
Execution 1948 - TLS Mutual
s_connection: verify depth is 1
Handshake duration: 1.89 ms
Execution 1949 - TLS Mutual
s_connection: verify depth is 1
Handshake duration: 1.67 ms
Execution 1950 - TLS Mutual
s_connection: verify depth is 1
Handshake duration: 1.73 ms
Execution 1951 - TLS Mutual
s_connection: verify depth is 1
Handshake duration: 2.00 ms
Execution 1952 - TLS Mutual
s_connection: verify depth is 1
Handshake duration: 2.06 ms
Execution 1953 - TLS Mutual
s_connection: verify depth is 1
Handshake duration: 2.00 ms
Execution 1954 - TLS Mutual
s_connection: verify depth is 1
Handshake duration: 1.96 ms
Execution 1955 - TLS Mutual
s_connection: verify depth is 1
Handshake duration: 2.02 ms
Execution 1956 - TLS Mutual
s_connection: verify depth is 1
Handshake duration: 1.86 ms
Execution 1957 - TLS Mutual
s_connection: verify depth is 1
Handshake duration: 1.79 ms
Execution 1958 - TLS Mutual
s_connection: verify depth is 1
Handshake duration: 1.88 ms
Execution 1959 - TLS Mutual
s_connection: verify depth is 1
Handshake duration: 2.63 ms
Execution 1960 - TLS Mutual
s_connection: verify depth is 1
Handshake duration: 1.98 ms
Execution 1961 - TLS Mutual
s_connection: verify depth is 1
Handshake duration: 1.55 ms
Execution 1962 - TLS Mutual
s_connection: verify depth is 1
Handshake duration: 2.11 ms
Execution 1963 - TLS Mutual
s_connection: verify depth is 1
Handshake duration: 1.54 ms
Execution 1964 - TLS Mutual
s_connection: verify depth is 1
Handshake duration: 1.64 ms
Execution 1965 - TLS Mutual
s_connection: verify depth is 1
Handshake duration: 1.89 ms
Execution 1966 - TLS Mutual
s_connection: verify depth is 1
Handshake duration: 2.23 ms
Execution 1967 - TLS Mutual
s_connection: verify depth is 1
Handshake duration: 1.73 ms
Execution 1968 - TLS Mutual
s_connection: verify depth is 1
Handshake duration: 1.88 ms
Execution 1969 - TLS Mutual
s_connection: verify depth is 1
Handshake duration: 1.74 ms
Execution 1970 - TLS Mutual
s_connection: verify depth is 1
Handshake duration: 2.21 ms
Execution 1971 - TLS Mutual
s_connection: verify depth is 1
Handshake duration: 1.73 ms
Execution 1972 - TLS Mutual
s_connection: verify depth is 1
Handshake duration: 1.91 ms
Execution 1973 - TLS Mutual
s_connection: verify depth is 1
Handshake duration: 1.93 ms
Execution 1974 - TLS Mutual
s_connection: verify depth is 1
Handshake duration: 1.99 ms
Execution 1975 - TLS Mutual
s_connection: verify depth is 1
Handshake duration: 1.68 ms
Execution 1976 - TLS Mutual
s_connection: verify depth is 1
Handshake duration: 1.70 ms
Execution 1977 - TLS Mutual
s_connection: verify depth is 1
Handshake duration: 2.31 ms
Execution 1978 - TLS Mutual
s_connection: verify depth is 1
Handshake duration: 1.70 ms
Execution 1979 - TLS Mutual
s_connection: verify depth is 1
Handshake duration: 1.99 ms
Execution 1980 - TLS Mutual
s_connection: verify depth is 1
Handshake duration: 2.54 ms
Execution 1981 - TLS Mutual
s_connection: verify depth is 1
Handshake duration: 2.17 ms
Execution 1982 - TLS Mutual
s_connection: verify depth is 1
Handshake duration: 2.17 ms
Execution 1983 - TLS Mutual
s_connection: verify depth is 1
Handshake duration: 1.56 ms
Execution 1984 - TLS Mutual
s_connection: verify depth is 1
Handshake duration: 2.25 ms
Execution 1985 - TLS Mutual
s_connection: verify depth is 1
Handshake duration: 2.16 ms
Execution 1986 - TLS Mutual
s_connection: verify depth is 1
Handshake duration: 1.60 ms
Execution 1987 - TLS Mutual
s_connection: verify depth is 1
Handshake duration: 1.64 ms
Execution 1988 - TLS Mutual
s_connection: verify depth is 1
Handshake duration: 1.78 ms
Execution 1989 - TLS Mutual
s_connection: verify depth is 1
Handshake duration: 2.39 ms
Execution 1990 - TLS Mutual
s_connection: verify depth is 1
Handshake duration: 1.53 ms
Execution 1991 - TLS Mutual
s_connection: verify depth is 1
Handshake duration: 2.19 ms
Execution 1992 - TLS Mutual
s_connection: verify depth is 1
Handshake duration: 1.62 ms
Execution 1993 - TLS Mutual
s_connection: verify depth is 1
Handshake duration: 2.50 ms
Execution 1994 - TLS Mutual
s_connection: verify depth is 1
Handshake duration: 1.73 ms
Execution 1995 - TLS Mutual
s_connection: verify depth is 1
Handshake duration: 2.01 ms
Execution 1996 - TLS Mutual
s_connection: verify depth is 1
Handshake duration: 1.80 ms
Execution 1997 - TLS Mutual
s_connection: verify depth is 1
Handshake duration: 1.79 ms
Execution 1998 - TLS Mutual
s_connection: verify depth is 1
Handshake duration: 1.64 ms
Execution 1999 - TLS Mutual
s_connection: verify depth is 1
Handshake duration: 1.65 ms
Execution 2000 - TLS Mutual
s_connection: verify depth is 1
Handshake duration: 1.91 ms
Applying netem rules to lo...
Showing qdisc status for the interface: lo
qdisc netem 809a: root refcnt 2 limit 1000 seed 9836101266664780890
 Sent 0 bytes 0 pkt (dropped 0, overlimits 0 requeues 0) 
 backlog 0b 0p requeues 0
Running ./perftestClientTlsQuic.sh with SIG_ALG=mldsa87 and KEM_ALG=hqc256
Execution 1 - TLS Mutual
s_connection: verify depth is 1
Handshake duration: 36.80 ms
Execution 2 - TLS Mutual
s_connection: verify depth is 1
Handshake duration: 36.38 ms
Execution 3 - TLS Mutual
s_connection: verify depth is 1
Handshake duration: 35.97 ms
Execution 4 - TLS Mutual
s_connection: verify depth is 1
Handshake duration: 36.45 ms
Execution 5 - TLS Mutual
s_connection: verify depth is 1
Handshake duration: 36.27 ms
Execution 6 - TLS Mutual
s_connection: verify depth is 1
Handshake duration: 36.15 ms
Execution 7 - TLS Mutual
s_connection: verify depth is 1
Handshake duration: 36.11 ms
Execution 8 - TLS Mutual
s_connection: verify depth is 1
Handshake duration: 36.01 ms
Execution 9 - TLS Mutual
s_connection: verify depth is 1
Handshake duration: 35.87 ms
Execution 10 - TLS Mutual
s_connection: verify depth is 1
Handshake duration: 36.82 ms
Execution 11 - TLS Mutual
s_connection: verify depth is 1
Handshake duration: 36.37 ms
Execution 12 - TLS Mutual
s_connection: verify depth is 1
Handshake duration: 36.65 ms
Execution 13 - TLS Mutual
s_connection: verify depth is 1
Handshake duration: 36.23 ms
Execution 14 - TLS Mutual
s_connection: verify depth is 1
Handshake duration: 35.93 ms
Execution 15 - TLS Mutual
s_connection: verify depth is 1
Handshake duration: 36.34 ms
Execution 16 - TLS Mutual
s_connection: verify depth is 1
Handshake duration: 36.20 ms
Execution 17 - TLS Mutual
s_connection: verify depth is 1
Handshake duration: 36.66 ms
Execution 18 - TLS Mutual
s_connection: verify depth is 1
Handshake duration: 36.21 ms
Execution 19 - TLS Mutual
s_connection: verify depth is 1
Handshake duration: 36.93 ms
Execution 20 - TLS Mutual
s_connection: verify depth is 1
Handshake duration: 36.66 ms
Execution 21 - TLS Mutual
s_connection: verify depth is 1
Handshake duration: 35.68 ms
Execution 22 - TLS Mutual
s_connection: verify depth is 1
Handshake duration: 36.53 ms
Execution 23 - TLS Mutual
s_connection: verify depth is 1
Handshake duration: 36.46 ms
Execution 24 - TLS Mutual
s_connection: verify depth is 1
Handshake duration: 36.33 ms
Execution 25 - TLS Mutual
s_connection: verify depth is 1
Handshake duration: 36.16 ms
Execution 26 - TLS Mutual
s_connection: verify depth is 1
Handshake duration: 36.10 ms
Execution 27 - TLS Mutual
s_connection: verify depth is 1
Handshake duration: 35.86 ms
Execution 28 - TLS Mutual
s_connection: verify depth is 1
Handshake duration: 36.36 ms
Execution 29 - TLS Mutual
s_connection: verify depth is 1
Handshake duration: 36.43 ms
Execution 30 - TLS Mutual
s_connection: verify depth is 1
Handshake duration: 36.69 ms
Execution 31 - TLS Mutual
s_connection: verify depth is 1
Handshake duration: 35.96 ms
Execution 32 - TLS Mutual
s_connection: verify depth is 1
Handshake duration: 35.81 ms
Execution 33 - TLS Mutual
s_connection: verify depth is 1
Handshake duration: 36.41 ms
Execution 34 - TLS Mutual
s_connection: verify depth is 1
Handshake duration: 35.88 ms
Execution 35 - TLS Mutual
s_connection: verify depth is 1
Handshake duration: 36.32 ms
Execution 36 - TLS Mutual
s_connection: verify depth is 1
Handshake duration: 36.15 ms
Execution 37 - TLS Mutual
s_connection: verify depth is 1
Handshake duration: 36.02 ms
Execution 38 - TLS Mutual
s_connection: verify depth is 1
Handshake duration: 35.85 ms
Execution 39 - TLS Mutual
s_connection: verify depth is 1
Handshake duration: 35.87 ms
Execution 40 - TLS Mutual
s_connection: verify depth is 1
Handshake duration: 36.10 ms
Execution 41 - TLS Mutual
s_connection: verify depth is 1
Handshake duration: 36.05 ms
Execution 42 - TLS Mutual
s_connection: verify depth is 1
Handshake duration: 36.15 ms
Execution 43 - TLS Mutual
s_connection: verify depth is 1
Handshake duration: 36.00 ms
Execution 44 - TLS Mutual
s_connection: verify depth is 1
Handshake duration: 36.06 ms
Execution 45 - TLS Mutual
s_connection: verify depth is 1
Handshake duration: 35.62 ms
Execution 46 - TLS Mutual
s_connection: verify depth is 1
Handshake duration: 35.62 ms
Execution 47 - TLS Mutual
s_connection: verify depth is 1
Handshake duration: 36.05 ms
Execution 48 - TLS Mutual
s_connection: verify depth is 1
Handshake duration: 35.79 ms
Execution 49 - TLS Mutual
s_connection: verify depth is 1
Handshake duration: 36.60 ms
Execution 50 - TLS Mutual
s_connection: verify depth is 1
Handshake duration: 36.02 ms
Execution 51 - TLS Mutual
s_connection: verify depth is 1
Handshake duration: 36.29 ms
Execution 52 - TLS Mutual
s_connection: verify depth is 1
Handshake duration: 35.89 ms
Execution 53 - TLS Mutual
s_connection: verify depth is 1
Handshake duration: 35.87 ms
Execution 54 - TLS Mutual
s_connection: verify depth is 1
Handshake duration: 36.05 ms
Execution 55 - TLS Mutual
s_connection: verify depth is 1
Handshake duration: 36.22 ms
Execution 56 - TLS Mutual
s_connection: verify depth is 1
Handshake duration: 35.91 ms
Execution 57 - TLS Mutual
s_connection: verify depth is 1
Handshake duration: 35.91 ms
Execution 58 - TLS Mutual
s_connection: verify depth is 1
Handshake duration: 35.81 ms
Execution 59 - TLS Mutual
s_connection: verify depth is 1
Handshake duration: 35.94 ms
Execution 60 - TLS Mutual
s_connection: verify depth is 1
Handshake duration: 36.42 ms
Execution 61 - TLS Mutual
s_connection: verify depth is 1
Handshake duration: 35.81 ms
Execution 62 - TLS Mutual
s_connection: verify depth is 1
Handshake duration: 36.07 ms
Execution 63 - TLS Mutual
s_connection: verify depth is 1
Handshake duration: 35.82 ms
Execution 64 - TLS Mutual
s_connection: verify depth is 1
Handshake duration: 35.74 ms
Execution 65 - TLS Mutual
s_connection: verify depth is 1
Handshake duration: 36.24 ms
Execution 66 - TLS Mutual
s_connection: verify depth is 1
Handshake duration: 36.05 ms
Execution 67 - TLS Mutual
s_connection: verify depth is 1
Handshake duration: 35.85 ms
Execution 68 - TLS Mutual
s_connection: verify depth is 1
Handshake duration: 35.93 ms
Execution 69 - TLS Mutual
s_connection: verify depth is 1
Handshake duration: 36.00 ms
Execution 70 - TLS Mutual
s_connection: verify depth is 1
Handshake duration: 36.11 ms
Execution 71 - TLS Mutual
s_connection: verify depth is 1
Handshake duration: 36.01 ms
Execution 72 - TLS Mutual
s_connection: verify depth is 1
Handshake duration: 36.23 ms
Execution 73 - TLS Mutual
s_connection: verify depth is 1
Handshake duration: 37.20 ms
Execution 74 - TLS Mutual
s_connection: verify depth is 1
Handshake duration: 37.46 ms
Execution 75 - TLS Mutual
s_connection: verify depth is 1
Handshake duration: 35.66 ms
Execution 76 - TLS Mutual
s_connection: verify depth is 1
Handshake duration: 37.15 ms
Execution 77 - TLS Mutual
s_connection: verify depth is 1
Handshake duration: 36.24 ms
Execution 78 - TLS Mutual
s_connection: verify depth is 1
Handshake duration: 36.09 ms
Execution 79 - TLS Mutual
s_connection: verify depth is 1
Handshake duration: 36.49 ms
Execution 80 - TLS Mutual
s_connection: verify depth is 1
Handshake duration: 35.96 ms
Execution 81 - TLS Mutual
s_connection: verify depth is 1
Handshake duration: 35.83 ms
Execution 82 - TLS Mutual
s_connection: verify depth is 1
Handshake duration: 36.28 ms
Execution 83 - TLS Mutual
s_connection: verify depth is 1
Handshake duration: 36.15 ms
Execution 84 - TLS Mutual
s_connection: verify depth is 1
Handshake duration: 36.05 ms
Execution 85 - TLS Mutual
s_connection: verify depth is 1
Handshake duration: 36.23 ms
Execution 86 - TLS Mutual
s_connection: verify depth is 1
Handshake duration: 36.11 ms
Execution 87 - TLS Mutual
s_connection: verify depth is 1
Handshake duration: 35.81 ms
Execution 88 - TLS Mutual
s_connection: verify depth is 1
Handshake duration: 36.57 ms
Execution 89 - TLS Mutual
s_connection: verify depth is 1
Handshake duration: 36.00 ms
Execution 90 - TLS Mutual
s_connection: verify depth is 1
Handshake duration: 36.02 ms
Execution 91 - TLS Mutual
s_connection: verify depth is 1
Handshake duration: 35.77 ms
Execution 92 - TLS Mutual
s_connection: verify depth is 1
Handshake duration: 35.97 ms
Execution 93 - TLS Mutual
s_connection: verify depth is 1
Handshake duration: 36.14 ms
Execution 94 - TLS Mutual
s_connection: verify depth is 1
Handshake duration: 36.29 ms
Execution 95 - TLS Mutual
s_connection: verify depth is 1
Handshake duration: 36.10 ms
Execution 96 - TLS Mutual
s_connection: verify depth is 1
Handshake duration: 35.84 ms
Execution 97 - TLS Mutual
s_connection: verify depth is 1
Handshake duration: 35.97 ms
Execution 98 - TLS Mutual
s_connection: verify depth is 1
Handshake duration: 35.90 ms
Execution 99 - TLS Mutual
s_connection: verify depth is 1
Handshake duration: 36.48 ms
Execution 100 - TLS Mutual
s_connection: verify depth is 1
Handshake duration: 36.53 ms
Execution 101 - TLS Mutual
s_connection: verify depth is 1
Handshake duration: 36.40 ms
Execution 102 - TLS Mutual
s_connection: verify depth is 1
Handshake duration: 36.37 ms
Execution 103 - TLS Mutual
s_connection: verify depth is 1
Handshake duration: 36.62 ms
Execution 104 - TLS Mutual
s_connection: verify depth is 1
Handshake duration: 35.97 ms
Execution 105 - TLS Mutual
s_connection: verify depth is 1
Handshake duration: 35.88 ms
Execution 106 - TLS Mutual
s_connection: verify depth is 1
Handshake duration: 35.97 ms
Execution 107 - TLS Mutual
s_connection: verify depth is 1
Handshake duration: 35.70 ms
Execution 108 - TLS Mutual
s_connection: verify depth is 1
Handshake duration: 35.88 ms
Execution 109 - TLS Mutual
s_connection: verify depth is 1
Handshake duration: 36.17 ms
Execution 110 - TLS Mutual
s_connection: verify depth is 1
Handshake duration: 36.25 ms
Execution 111 - TLS Mutual
s_connection: verify depth is 1
Handshake duration: 36.07 ms
Execution 112 - TLS Mutual
s_connection: verify depth is 1
Handshake duration: 36.06 ms
Execution 113 - TLS Mutual
s_connection: verify depth is 1
Handshake duration: 35.77 ms
Execution 114 - TLS Mutual
s_connection: verify depth is 1
Handshake duration: 46.66 ms
Execution 115 - TLS Mutual
s_connection: verify depth is 1
Handshake duration: 38.74 ms
Execution 116 - TLS Mutual
s_connection: verify depth is 1
Handshake duration: 35.86 ms
Execution 117 - TLS Mutual
s_connection: verify depth is 1
Handshake duration: 36.10 ms
Execution 118 - TLS Mutual
s_connection: verify depth is 1
Handshake duration: 36.31 ms
Execution 119 - TLS Mutual
s_connection: verify depth is 1
Handshake duration: 35.78 ms
Execution 120 - TLS Mutual
s_connection: verify depth is 1
Handshake duration: 35.95 ms
Execution 121 - TLS Mutual
s_connection: verify depth is 1
Handshake duration: 35.76 ms
Execution 122 - TLS Mutual
s_connection: verify depth is 1
Handshake duration: 35.90 ms
Execution 123 - TLS Mutual
s_connection: verify depth is 1
Handshake duration: 37.48 ms
Execution 124 - TLS Mutual
s_connection: verify depth is 1
Handshake duration: 36.19 ms
Execution 125 - TLS Mutual
s_connection: verify depth is 1
Handshake duration: 35.84 ms
Execution 126 - TLS Mutual
s_connection: verify depth is 1
Handshake duration: 36.09 ms
Execution 127 - TLS Mutual
s_connection: verify depth is 1
Handshake duration: 36.40 ms
Execution 128 - TLS Mutual
s_connection: verify depth is 1
Handshake duration: 36.88 ms
Execution 129 - TLS Mutual
s_connection: verify depth is 1
Handshake duration: 36.98 ms
Execution 130 - TLS Mutual
s_connection: verify depth is 1
Handshake duration: 36.44 ms
Execution 131 - TLS Mutual
s_connection: verify depth is 1
Handshake duration: 36.01 ms
Execution 132 - TLS Mutual
s_connection: verify depth is 1
Handshake duration: 35.86 ms
Execution 133 - TLS Mutual
s_connection: verify depth is 1
Handshake duration: 36.35 ms
Execution 134 - TLS Mutual
s_connection: verify depth is 1
Handshake duration: 36.10 ms
Execution 135 - TLS Mutual
s_connection: verify depth is 1
Handshake duration: 36.24 ms
Execution 136 - TLS Mutual
s_connection: verify depth is 1
Handshake duration: 35.85 ms
Execution 137 - TLS Mutual
s_connection: verify depth is 1
Handshake duration: 36.74 ms
Execution 138 - TLS Mutual
s_connection: verify depth is 1
Handshake duration: 35.91 ms
Execution 139 - TLS Mutual
s_connection: verify depth is 1
Handshake duration: 37.22 ms
Execution 140 - TLS Mutual
s_connection: verify depth is 1
Handshake duration: 36.02 ms
Execution 141 - TLS Mutual
s_connection: verify depth is 1
Handshake duration: 36.40 ms
Execution 142 - TLS Mutual
s_connection: verify depth is 1
Handshake duration: 37.19 ms
Execution 143 - TLS Mutual
s_connection: verify depth is 1
Handshake duration: 36.44 ms
Execution 144 - TLS Mutual
s_connection: verify depth is 1
Handshake duration: 36.26 ms
Execution 145 - TLS Mutual
s_connection: verify depth is 1
Handshake duration: 36.36 ms
Execution 146 - TLS Mutual
s_connection: verify depth is 1
Handshake duration: 35.77 ms
Execution 147 - TLS Mutual
s_connection: verify depth is 1
Handshake duration: 36.80 ms
Execution 148 - TLS Mutual
s_connection: verify depth is 1
Handshake duration: 36.16 ms
Execution 149 - TLS Mutual
s_connection: verify depth is 1
Handshake duration: 36.21 ms
Execution 150 - TLS Mutual
s_connection: verify depth is 1
Handshake duration: 36.35 ms
Execution 151 - TLS Mutual
s_connection: verify depth is 1
Handshake duration: 36.29 ms
Execution 152 - TLS Mutual
s_connection: verify depth is 1
Handshake duration: 36.07 ms
Execution 153 - TLS Mutual
s_connection: verify depth is 1
Handshake duration: 36.34 ms
Execution 154 - TLS Mutual
s_connection: verify depth is 1
Handshake duration: 36.84 ms
Execution 155 - TLS Mutual
s_connection: verify depth is 1
Handshake duration: 36.64 ms
Execution 156 - TLS Mutual
s_connection: verify depth is 1
Handshake duration: 36.41 ms
Execution 157 - TLS Mutual
s_connection: verify depth is 1
Handshake duration: 36.06 ms
Execution 158 - TLS Mutual
s_connection: verify depth is 1
Handshake duration: 36.06 ms
Execution 159 - TLS Mutual
s_connection: verify depth is 1
Handshake duration: 36.13 ms
Execution 160 - TLS Mutual
s_connection: verify depth is 1
Handshake duration: 37.06 ms
Execution 161 - TLS Mutual
s_connection: verify depth is 1
Handshake duration: 35.84 ms
Execution 162 - TLS Mutual
s_connection: verify depth is 1
Handshake duration: 35.88 ms
Execution 163 - TLS Mutual
s_connection: verify depth is 1
Handshake duration: 35.73 ms
Execution 164 - TLS Mutual
s_connection: verify depth is 1
Handshake duration: 36.38 ms
Execution 165 - TLS Mutual
s_connection: verify depth is 1
Handshake duration: 36.04 ms
Execution 166 - TLS Mutual
s_connection: verify depth is 1
Handshake duration: 35.97 ms
Execution 167 - TLS Mutual
s_connection: verify depth is 1
Handshake duration: 35.81 ms
Execution 168 - TLS Mutual
s_connection: verify depth is 1
Handshake duration: 36.16 ms
Execution 169 - TLS Mutual
s_connection: verify depth is 1
Handshake duration: 35.94 ms
Execution 170 - TLS Mutual
s_connection: verify depth is 1
Handshake duration: 36.46 ms
Execution 171 - TLS Mutual
s_connection: verify depth is 1
Handshake duration: 37.21 ms
Execution 172 - TLS Mutual
s_connection: verify depth is 1
Handshake duration: 36.13 ms
Execution 173 - TLS Mutual
s_connection: verify depth is 1
Handshake duration: 35.70 ms
Execution 174 - TLS Mutual
s_connection: verify depth is 1
Handshake duration: 36.03 ms
Execution 175 - TLS Mutual
s_connection: verify depth is 1
Handshake duration: 36.83 ms
Execution 176 - TLS Mutual
s_connection: verify depth is 1
Handshake duration: 36.09 ms
Execution 177 - TLS Mutual
s_connection: verify depth is 1
Handshake duration: 36.38 ms
Execution 178 - TLS Mutual
s_connection: verify depth is 1
Handshake duration: 36.19 ms
Execution 179 - TLS Mutual
s_connection: verify depth is 1
Handshake duration: 36.34 ms
Execution 180 - TLS Mutual
s_connection: verify depth is 1
Handshake duration: 36.16 ms
Execution 181 - TLS Mutual
s_connection: verify depth is 1
Handshake duration: 35.95 ms
Execution 182 - TLS Mutual
s_connection: verify depth is 1
Handshake duration: 35.95 ms
Execution 183 - TLS Mutual
s_connection: verify depth is 1
Handshake duration: 36.27 ms
Execution 184 - TLS Mutual
s_connection: verify depth is 1
Handshake duration: 36.52 ms
Execution 185 - TLS Mutual
s_connection: verify depth is 1
Handshake duration: 36.13 ms
Execution 186 - TLS Mutual
s_connection: verify depth is 1
Handshake duration: 36.12 ms
Execution 187 - TLS Mutual
s_connection: verify depth is 1
Handshake duration: 36.70 ms
Execution 188 - TLS Mutual
s_connection: verify depth is 1
Handshake duration: 36.22 ms
Execution 189 - TLS Mutual
s_connection: verify depth is 1
Handshake duration: 35.70 ms
Execution 190 - TLS Mutual
s_connection: verify depth is 1
Handshake duration: 36.24 ms
Execution 191 - TLS Mutual
s_connection: verify depth is 1
Handshake duration: 38.74 ms
Execution 192 - TLS Mutual
s_connection: verify depth is 1
Handshake duration: 36.96 ms
Execution 193 - TLS Mutual
s_connection: verify depth is 1
Handshake duration: 36.60 ms
Execution 194 - TLS Mutual
s_connection: verify depth is 1
Handshake duration: 36.67 ms
Execution 195 - TLS Mutual
s_connection: verify depth is 1
Handshake duration: 36.54 ms
Execution 196 - TLS Mutual
s_connection: verify depth is 1
Handshake duration: 36.25 ms
Execution 197 - TLS Mutual
s_connection: verify depth is 1
Handshake duration: 36.43 ms
Execution 198 - TLS Mutual
s_connection: verify depth is 1
Handshake duration: 35.95 ms
Execution 199 - TLS Mutual
s_connection: verify depth is 1
Handshake duration: 36.90 ms
Execution 200 - TLS Mutual
s_connection: verify depth is 1
Handshake duration: 36.26 ms
Execution 201 - TLS Mutual
s_connection: verify depth is 1
Handshake duration: 36.48 ms
Execution 202 - TLS Mutual
s_connection: verify depth is 1
Handshake duration: 36.02 ms
Execution 203 - TLS Mutual
s_connection: verify depth is 1
Handshake duration: 36.00 ms
Execution 204 - TLS Mutual
s_connection: verify depth is 1
Handshake duration: 36.53 ms
Execution 205 - TLS Mutual
s_connection: verify depth is 1
Handshake duration: 35.92 ms
Execution 206 - TLS Mutual
s_connection: verify depth is 1
Handshake duration: 36.08 ms
Execution 207 - TLS Mutual
s_connection: verify depth is 1
Handshake duration: 36.02 ms
Execution 208 - TLS Mutual
s_connection: verify depth is 1
Handshake duration: 35.98 ms
Execution 209 - TLS Mutual
s_connection: verify depth is 1
Handshake duration: 35.97 ms
Execution 210 - TLS Mutual
s_connection: verify depth is 1
Handshake duration: 36.47 ms
Execution 211 - TLS Mutual
s_connection: verify depth is 1
Handshake duration: 36.08 ms
Execution 212 - TLS Mutual
s_connection: verify depth is 1
Handshake duration: 36.07 ms
Execution 213 - TLS Mutual
s_connection: verify depth is 1
Handshake duration: 36.02 ms
Execution 214 - TLS Mutual
s_connection: verify depth is 1
Handshake duration: 35.99 ms
Execution 215 - TLS Mutual
s_connection: verify depth is 1
Handshake duration: 36.30 ms
Execution 216 - TLS Mutual
s_connection: verify depth is 1
Handshake duration: 36.19 ms
Execution 217 - TLS Mutual
s_connection: verify depth is 1
Handshake duration: 36.16 ms
Execution 218 - TLS Mutual
s_connection: verify depth is 1
Handshake duration: 36.12 ms
Execution 219 - TLS Mutual
s_connection: verify depth is 1
Handshake duration: 36.09 ms
Execution 220 - TLS Mutual
s_connection: verify depth is 1
Handshake duration: 36.68 ms
Execution 221 - TLS Mutual
s_connection: verify depth is 1
Handshake duration: 36.25 ms
Execution 222 - TLS Mutual
s_connection: verify depth is 1
Handshake duration: 36.52 ms
Execution 223 - TLS Mutual
s_connection: verify depth is 1
Handshake duration: 36.97 ms
Execution 224 - TLS Mutual
s_connection: verify depth is 1
Handshake duration: 36.31 ms
Execution 225 - TLS Mutual
s_connection: verify depth is 1
Handshake duration: 36.43 ms
Execution 226 - TLS Mutual
s_connection: verify depth is 1
Handshake duration: 36.03 ms
Execution 227 - TLS Mutual
s_connection: verify depth is 1
Handshake duration: 36.61 ms
Execution 228 - TLS Mutual
s_connection: verify depth is 1
Handshake duration: 36.43 ms
Execution 229 - TLS Mutual
s_connection: verify depth is 1
Handshake duration: 36.27 ms
Execution 230 - TLS Mutual
s_connection: verify depth is 1
Handshake duration: 36.04 ms
Execution 231 - TLS Mutual
s_connection: verify depth is 1
Handshake duration: 36.08 ms
Execution 232 - TLS Mutual
s_connection: verify depth is 1
Handshake duration: 36.39 ms
Execution 233 - TLS Mutual
s_connection: verify depth is 1
Handshake duration: 36.38 ms
Execution 234 - TLS Mutual
s_connection: verify depth is 1
Handshake duration: 35.80 ms
Execution 235 - TLS Mutual
s_connection: verify depth is 1
Handshake duration: 36.33 ms
Execution 236 - TLS Mutual
s_connection: verify depth is 1
Handshake duration: 36.06 ms
Execution 237 - TLS Mutual
s_connection: verify depth is 1
Handshake duration: 35.90 ms
Execution 238 - TLS Mutual
s_connection: verify depth is 1
Handshake duration: 36.14 ms
Execution 239 - TLS Mutual
s_connection: verify depth is 1
Handshake duration: 35.98 ms
Execution 240 - TLS Mutual
s_connection: verify depth is 1
Handshake duration: 36.35 ms
Execution 241 - TLS Mutual
s_connection: verify depth is 1
Handshake duration: 36.12 ms
Execution 242 - TLS Mutual
s_connection: verify depth is 1
Handshake duration: 36.11 ms
Execution 243 - TLS Mutual
s_connection: verify depth is 1
Handshake duration: 35.93 ms
Execution 244 - TLS Mutual
s_connection: verify depth is 1
Handshake duration: 35.84 ms
Execution 245 - TLS Mutual
s_connection: verify depth is 1
Handshake duration: 36.23 ms
Execution 246 - TLS Mutual
s_connection: verify depth is 1
Handshake duration: 35.87 ms
Execution 247 - TLS Mutual
s_connection: verify depth is 1
Handshake duration: 36.20 ms
Execution 248 - TLS Mutual
s_connection: verify depth is 1
Handshake duration: 36.26 ms
Execution 249 - TLS Mutual
s_connection: verify depth is 1
Handshake duration: 36.38 ms
Execution 250 - TLS Mutual
s_connection: verify depth is 1
Handshake duration: 36.34 ms
Execution 251 - TLS Mutual
s_connection: verify depth is 1
Handshake duration: 36.02 ms
Execution 252 - TLS Mutual
s_connection: verify depth is 1
Handshake duration: 36.17 ms
Execution 253 - TLS Mutual
s_connection: verify depth is 1
Handshake duration: 36.77 ms
Execution 254 - TLS Mutual
s_connection: verify depth is 1
Handshake duration: 36.04 ms
Execution 255 - TLS Mutual
s_connection: verify depth is 1
Handshake duration: 35.75 ms
Execution 256 - TLS Mutual
s_connection: verify depth is 1
Handshake duration: 36.80 ms
Execution 257 - TLS Mutual
s_connection: verify depth is 1
Handshake duration: 36.31 ms
Execution 258 - TLS Mutual
s_connection: verify depth is 1
Handshake duration: 36.11 ms
Execution 259 - TLS Mutual
s_connection: verify depth is 1
Handshake duration: 35.86 ms
Execution 260 - TLS Mutual
s_connection: verify depth is 1
Handshake duration: 36.21 ms
Execution 261 - TLS Mutual
s_connection: verify depth is 1
Handshake duration: 36.82 ms
Execution 262 - TLS Mutual
s_connection: verify depth is 1
Handshake duration: 36.35 ms
Execution 263 - TLS Mutual
s_connection: verify depth is 1
Handshake duration: 37.67 ms
Execution 264 - TLS Mutual
s_connection: verify depth is 1
Handshake duration: 37.86 ms
Execution 265 - TLS Mutual
s_connection: verify depth is 1
Handshake duration: 36.31 ms
Execution 266 - TLS Mutual
s_connection: verify depth is 1
Handshake duration: 36.66 ms
Execution 267 - TLS Mutual
s_connection: verify depth is 1
Handshake duration: 36.09 ms
Execution 268 - TLS Mutual
s_connection: verify depth is 1
Handshake duration: 36.60 ms
Execution 269 - TLS Mutual
s_connection: verify depth is 1
Handshake duration: 36.56 ms
Execution 270 - TLS Mutual
s_connection: verify depth is 1
Handshake duration: 36.04 ms
Execution 271 - TLS Mutual
s_connection: verify depth is 1
Handshake duration: 36.65 ms
Execution 272 - TLS Mutual
s_connection: verify depth is 1
Handshake duration: 35.84 ms
Execution 273 - TLS Mutual
s_connection: verify depth is 1
Handshake duration: 36.26 ms
Execution 274 - TLS Mutual
s_connection: verify depth is 1
Handshake duration: 35.84 ms
Execution 275 - TLS Mutual
s_connection: verify depth is 1
Handshake duration: 36.00 ms
Execution 276 - TLS Mutual
s_connection: verify depth is 1
Handshake duration: 36.17 ms
Execution 277 - TLS Mutual
s_connection: verify depth is 1
Handshake duration: 35.96 ms
Execution 278 - TLS Mutual
s_connection: verify depth is 1
Handshake duration: 36.82 ms
Execution 279 - TLS Mutual
s_connection: verify depth is 1
Handshake duration: 35.91 ms
Execution 280 - TLS Mutual
s_connection: verify depth is 1
Handshake duration: 36.03 ms
Execution 281 - TLS Mutual
s_connection: verify depth is 1
Handshake duration: 35.83 ms
Execution 282 - TLS Mutual
s_connection: verify depth is 1
Handshake duration: 36.10 ms
Execution 283 - TLS Mutual
s_connection: verify depth is 1
Handshake duration: 36.02 ms
Execution 284 - TLS Mutual
s_connection: verify depth is 1
Handshake duration: 36.81 ms
Execution 285 - TLS Mutual
s_connection: verify depth is 1
Handshake duration: 35.97 ms
Execution 286 - TLS Mutual
s_connection: verify depth is 1
Handshake duration: 35.81 ms
Execution 287 - TLS Mutual
s_connection: verify depth is 1
Handshake duration: 37.27 ms
Execution 288 - TLS Mutual
s_connection: verify depth is 1
Handshake duration: 37.00 ms
Execution 289 - TLS Mutual
s_connection: verify depth is 1
Handshake duration: 36.47 ms
Execution 290 - TLS Mutual
s_connection: verify depth is 1
Handshake duration: 36.01 ms
Execution 291 - TLS Mutual
s_connection: verify depth is 1
Handshake duration: 36.81 ms
Execution 292 - TLS Mutual
s_connection: verify depth is 1
Handshake duration: 36.88 ms
Execution 293 - TLS Mutual
s_connection: verify depth is 1
Handshake duration: 35.89 ms
Execution 294 - TLS Mutual
s_connection: verify depth is 1
Handshake duration: 36.53 ms
Execution 295 - TLS Mutual
s_connection: verify depth is 1
Handshake duration: 35.93 ms
Execution 296 - TLS Mutual
s_connection: verify depth is 1
Handshake duration: 36.38 ms
Execution 297 - TLS Mutual
s_connection: verify depth is 1
Handshake duration: 36.33 ms
Execution 298 - TLS Mutual
s_connection: verify depth is 1
Handshake duration: 36.76 ms
Execution 299 - TLS Mutual
s_connection: verify depth is 1
Handshake duration: 35.96 ms
Execution 300 - TLS Mutual
s_connection: verify depth is 1
Handshake duration: 36.33 ms
Execution 301 - TLS Mutual
s_connection: verify depth is 1
Handshake duration: 36.54 ms
Execution 302 - TLS Mutual
s_connection: verify depth is 1
Handshake duration: 36.37 ms
Execution 303 - TLS Mutual
s_connection: verify depth is 1
Handshake duration: 35.85 ms
Execution 304 - TLS Mutual
s_connection: verify depth is 1
Handshake duration: 35.90 ms
Execution 305 - TLS Mutual
s_connection: verify depth is 1
Handshake duration: 36.08 ms
Execution 306 - TLS Mutual
s_connection: verify depth is 1
Handshake duration: 36.28 ms
Execution 307 - TLS Mutual
s_connection: verify depth is 1
Handshake duration: 36.08 ms
Execution 308 - TLS Mutual
s_connection: verify depth is 1
Handshake duration: 36.16 ms
Execution 309 - TLS Mutual
s_connection: verify depth is 1
Handshake duration: 36.08 ms
Execution 310 - TLS Mutual
s_connection: verify depth is 1
Handshake duration: 36.17 ms
Execution 311 - TLS Mutual
s_connection: verify depth is 1
Handshake duration: 36.64 ms
Execution 312 - TLS Mutual
s_connection: verify depth is 1
Handshake duration: 35.94 ms
Execution 313 - TLS Mutual
s_connection: verify depth is 1
Handshake duration: 36.32 ms
Execution 314 - TLS Mutual
s_connection: verify depth is 1
Handshake duration: 36.22 ms
Execution 315 - TLS Mutual
s_connection: verify depth is 1
Handshake duration: 35.96 ms
Execution 316 - TLS Mutual
s_connection: verify depth is 1
Handshake duration: 37.09 ms
Execution 317 - TLS Mutual
s_connection: verify depth is 1
Handshake duration: 35.86 ms
Execution 318 - TLS Mutual
s_connection: verify depth is 1
Handshake duration: 35.82 ms
Execution 319 - TLS Mutual
s_connection: verify depth is 1
Handshake duration: 37.05 ms
Execution 320 - TLS Mutual
s_connection: verify depth is 1
Handshake duration: 36.51 ms
Execution 321 - TLS Mutual
s_connection: verify depth is 1
Handshake duration: 35.91 ms
Execution 322 - TLS Mutual
s_connection: verify depth is 1
Handshake duration: 36.12 ms
Execution 323 - TLS Mutual
s_connection: verify depth is 1
Handshake duration: 47.17 ms
Execution 324 - TLS Mutual
s_connection: verify depth is 1
Handshake duration: 36.42 ms
Execution 325 - TLS Mutual
s_connection: verify depth is 1
Handshake duration: 36.16 ms
Execution 326 - TLS Mutual
s_connection: verify depth is 1
Handshake duration: 36.31 ms
Execution 327 - TLS Mutual
s_connection: verify depth is 1
Handshake duration: 36.33 ms
Execution 328 - TLS Mutual
s_connection: verify depth is 1
Handshake duration: 36.60 ms
Execution 329 - TLS Mutual
s_connection: verify depth is 1
Handshake duration: 36.54 ms
Execution 330 - TLS Mutual
s_connection: verify depth is 1
Handshake duration: 35.95 ms
Execution 331 - TLS Mutual
s_connection: verify depth is 1
Handshake duration: 36.02 ms
Execution 332 - TLS Mutual
s_connection: verify depth is 1
Handshake duration: 36.08 ms
Execution 333 - TLS Mutual
s_connection: verify depth is 1
Handshake duration: 35.90 ms
Execution 334 - TLS Mutual
s_connection: verify depth is 1
Handshake duration: 35.69 ms
Execution 335 - TLS Mutual
s_connection: verify depth is 1
Handshake duration: 36.01 ms
Execution 336 - TLS Mutual
s_connection: verify depth is 1
Handshake duration: 36.06 ms
Execution 337 - TLS Mutual
s_connection: verify depth is 1
Handshake duration: 36.93 ms
Execution 338 - TLS Mutual
s_connection: verify depth is 1
Handshake duration: 36.23 ms
Execution 339 - TLS Mutual
s_connection: verify depth is 1
Handshake duration: 36.10 ms
Execution 340 - TLS Mutual
s_connection: verify depth is 1
Handshake duration: 36.25 ms
Execution 341 - TLS Mutual
s_connection: verify depth is 1
Handshake duration: 36.27 ms
Execution 342 - TLS Mutual
s_connection: verify depth is 1
Handshake duration: 36.35 ms
Execution 343 - TLS Mutual
s_connection: verify depth is 1
Handshake duration: 36.77 ms
Execution 344 - TLS Mutual
s_connection: verify depth is 1
Handshake duration: 36.29 ms
Execution 345 - TLS Mutual
s_connection: verify depth is 1
Handshake duration: 36.06 ms
Execution 346 - TLS Mutual
s_connection: verify depth is 1
Handshake duration: 35.86 ms
Execution 347 - TLS Mutual
s_connection: verify depth is 1
Handshake duration: 35.99 ms
Execution 348 - TLS Mutual
s_connection: verify depth is 1
Handshake duration: 35.93 ms
Execution 349 - TLS Mutual
s_connection: verify depth is 1
Handshake duration: 36.23 ms
Execution 350 - TLS Mutual
s_connection: verify depth is 1
Handshake duration: 35.92 ms
Execution 351 - TLS Mutual
s_connection: verify depth is 1
Handshake duration: 36.50 ms
Execution 352 - TLS Mutual
s_connection: verify depth is 1
Handshake duration: 35.94 ms
Execution 353 - TLS Mutual
s_connection: verify depth is 1
Handshake duration: 36.05 ms
Execution 354 - TLS Mutual
s_connection: verify depth is 1
Handshake duration: 36.35 ms
Execution 355 - TLS Mutual
s_connection: verify depth is 1
Handshake duration: 36.20 ms
Execution 356 - TLS Mutual
s_connection: verify depth is 1
Handshake duration: 36.27 ms
Execution 357 - TLS Mutual
s_connection: verify depth is 1
Handshake duration: 36.03 ms
Execution 358 - TLS Mutual
s_connection: verify depth is 1
Handshake duration: 36.64 ms
Execution 359 - TLS Mutual
s_connection: verify depth is 1
Handshake duration: 36.11 ms
Execution 360 - TLS Mutual
s_connection: verify depth is 1
Handshake duration: 35.89 ms
Execution 361 - TLS Mutual
s_connection: verify depth is 1
Handshake duration: 35.89 ms
Execution 362 - TLS Mutual
s_connection: verify depth is 1
Handshake duration: 36.00 ms
Execution 363 - TLS Mutual
s_connection: verify depth is 1
Handshake duration: 35.99 ms
Execution 364 - TLS Mutual
s_connection: verify depth is 1
Handshake duration: 36.05 ms
Execution 365 - TLS Mutual
s_connection: verify depth is 1
Handshake duration: 36.29 ms
Execution 366 - TLS Mutual
s_connection: verify depth is 1
Handshake duration: 36.02 ms
Execution 367 - TLS Mutual
s_connection: verify depth is 1
Handshake duration: 36.45 ms
Execution 368 - TLS Mutual
s_connection: verify depth is 1
Handshake duration: 35.97 ms
Execution 369 - TLS Mutual
s_connection: verify depth is 1
Handshake duration: 36.24 ms
Execution 370 - TLS Mutual
s_connection: verify depth is 1
Handshake duration: 36.22 ms
Execution 371 - TLS Mutual
s_connection: verify depth is 1
Handshake duration: 35.67 ms
Execution 372 - TLS Mutual
s_connection: verify depth is 1
Handshake duration: 36.57 ms
Execution 373 - TLS Mutual
s_connection: verify depth is 1
Handshake duration: 36.07 ms
Execution 374 - TLS Mutual
s_connection: verify depth is 1
Handshake duration: 36.02 ms
Execution 375 - TLS Mutual
s_connection: verify depth is 1
Handshake duration: 35.74 ms
Execution 376 - TLS Mutual
s_connection: verify depth is 1
Handshake duration: 37.20 ms
Execution 377 - TLS Mutual
s_connection: verify depth is 1
Handshake duration: 36.24 ms
Execution 378 - TLS Mutual
s_connection: verify depth is 1
Handshake duration: 36.72 ms
Execution 379 - TLS Mutual
s_connection: verify depth is 1
Handshake duration: 36.02 ms
Execution 380 - TLS Mutual
s_connection: verify depth is 1
Handshake duration: 35.85 ms
Execution 381 - TLS Mutual
s_connection: verify depth is 1
Handshake duration: 36.27 ms
Execution 382 - TLS Mutual
s_connection: verify depth is 1
Handshake duration: 36.08 ms
Execution 383 - TLS Mutual
s_connection: verify depth is 1
Handshake duration: 36.00 ms
Execution 384 - TLS Mutual
s_connection: verify depth is 1
Handshake duration: 36.05 ms
Execution 385 - TLS Mutual
s_connection: verify depth is 1
Handshake duration: 36.03 ms
Execution 386 - TLS Mutual
s_connection: verify depth is 1
Handshake duration: 36.20 ms
Execution 387 - TLS Mutual
s_connection: verify depth is 1
Handshake duration: 35.94 ms
Execution 388 - TLS Mutual
s_connection: verify depth is 1
Handshake duration: 35.91 ms
Execution 389 - TLS Mutual
s_connection: verify depth is 1
Handshake duration: 36.67 ms
Execution 390 - TLS Mutual
s_connection: verify depth is 1
Handshake duration: 36.03 ms
Execution 391 - TLS Mutual
s_connection: verify depth is 1
Handshake duration: 36.11 ms
Execution 392 - TLS Mutual
s_connection: verify depth is 1
Handshake duration: 36.54 ms
Execution 393 - TLS Mutual
s_connection: verify depth is 1
Handshake duration: 35.94 ms
Execution 394 - TLS Mutual
s_connection: verify depth is 1
Handshake duration: 36.13 ms
Execution 395 - TLS Mutual
s_connection: verify depth is 1
Handshake duration: 35.93 ms
Execution 396 - TLS Mutual
s_connection: verify depth is 1
Handshake duration: 36.03 ms
Execution 397 - TLS Mutual
s_connection: verify depth is 1
Handshake duration: 37.18 ms
Execution 398 - TLS Mutual
s_connection: verify depth is 1
Handshake duration: 36.65 ms
Execution 399 - TLS Mutual
s_connection: verify depth is 1
Handshake duration: 36.58 ms
Execution 400 - TLS Mutual
s_connection: verify depth is 1
Handshake duration: 36.63 ms
Execution 401 - TLS Mutual
s_connection: verify depth is 1
Handshake duration: 37.21 ms
Execution 402 - TLS Mutual
s_connection: verify depth is 1
Handshake duration: 36.12 ms
Execution 403 - TLS Mutual
s_connection: verify depth is 1
Handshake duration: 36.23 ms
Execution 404 - TLS Mutual
s_connection: verify depth is 1
Handshake duration: 36.03 ms
Execution 405 - TLS Mutual
s_connection: verify depth is 1
Handshake duration: 35.89 ms
Execution 406 - TLS Mutual
s_connection: verify depth is 1
Handshake duration: 36.04 ms
Execution 407 - TLS Mutual
s_connection: verify depth is 1
Handshake duration: 35.91 ms
Execution 408 - TLS Mutual
s_connection: verify depth is 1
Handshake duration: 35.77 ms
Execution 409 - TLS Mutual
s_connection: verify depth is 1
Handshake duration: 35.99 ms
Execution 410 - TLS Mutual
s_connection: verify depth is 1
Handshake duration: 36.24 ms
Execution 411 - TLS Mutual
s_connection: verify depth is 1
Handshake duration: 35.93 ms
Execution 412 - TLS Mutual
s_connection: verify depth is 1
Handshake duration: 35.97 ms
Execution 413 - TLS Mutual
s_connection: verify depth is 1
Handshake duration: 37.29 ms
Execution 414 - TLS Mutual
s_connection: verify depth is 1
Handshake duration: 36.05 ms
Execution 415 - TLS Mutual
s_connection: verify depth is 1
Handshake duration: 35.84 ms
Execution 416 - TLS Mutual
s_connection: verify depth is 1
Handshake duration: 35.86 ms
Execution 417 - TLS Mutual
s_connection: verify depth is 1
Handshake duration: 36.24 ms
Execution 418 - TLS Mutual
s_connection: verify depth is 1
Handshake duration: 36.03 ms
Execution 419 - TLS Mutual
s_connection: verify depth is 1
Handshake duration: 36.05 ms
Execution 420 - TLS Mutual
s_connection: verify depth is 1
Handshake duration: 36.15 ms
Execution 421 - TLS Mutual
s_connection: verify depth is 1
Handshake duration: 35.94 ms
Execution 422 - TLS Mutual
s_connection: verify depth is 1
Handshake duration: 36.07 ms
Execution 423 - TLS Mutual
s_connection: verify depth is 1
Handshake duration: 36.22 ms
Execution 424 - TLS Mutual
s_connection: verify depth is 1
Handshake duration: 36.32 ms
Execution 425 - TLS Mutual
s_connection: verify depth is 1
Handshake duration: 36.29 ms
Execution 426 - TLS Mutual
s_connection: verify depth is 1
Handshake duration: 36.77 ms
Execution 427 - TLS Mutual
s_connection: verify depth is 1
Handshake duration: 36.07 ms
Execution 428 - TLS Mutual
s_connection: verify depth is 1
Handshake duration: 36.09 ms
Execution 429 - TLS Mutual
s_connection: verify depth is 1
Handshake duration: 36.21 ms
Execution 430 - TLS Mutual
s_connection: verify depth is 1
Handshake duration: 35.69 ms
Execution 431 - TLS Mutual
s_connection: verify depth is 1
Handshake duration: 36.00 ms
Execution 432 - TLS Mutual
s_connection: verify depth is 1
Handshake duration: 35.85 ms
Execution 433 - TLS Mutual
s_connection: verify depth is 1
Handshake duration: 35.89 ms
Execution 434 - TLS Mutual
s_connection: verify depth is 1
Handshake duration: 35.98 ms
Execution 435 - TLS Mutual
s_connection: verify depth is 1
Handshake duration: 36.50 ms
Execution 436 - TLS Mutual
s_connection: verify depth is 1
Handshake duration: 36.06 ms
Execution 437 - TLS Mutual
s_connection: verify depth is 1
Handshake duration: 36.17 ms
Execution 438 - TLS Mutual
s_connection: verify depth is 1
Handshake duration: 38.91 ms
Execution 439 - TLS Mutual
s_connection: verify depth is 1
Handshake duration: 38.39 ms
Execution 440 - TLS Mutual
s_connection: verify depth is 1
Handshake duration: 35.98 ms
Execution 441 - TLS Mutual
s_connection: verify depth is 1
Handshake duration: 36.54 ms
Execution 442 - TLS Mutual
s_connection: verify depth is 1
Handshake duration: 36.05 ms
Execution 443 - TLS Mutual
s_connection: verify depth is 1
Handshake duration: 36.25 ms
Execution 444 - TLS Mutual
s_connection: verify depth is 1
Handshake duration: 35.92 ms
Execution 445 - TLS Mutual
s_connection: verify depth is 1
Handshake duration: 35.88 ms
Execution 446 - TLS Mutual
s_connection: verify depth is 1
Handshake duration: 36.90 ms
Execution 447 - TLS Mutual
s_connection: verify depth is 1
Handshake duration: 36.14 ms
Execution 448 - TLS Mutual
s_connection: verify depth is 1
Handshake duration: 36.13 ms
Execution 449 - TLS Mutual
s_connection: verify depth is 1
Handshake duration: 35.95 ms
Execution 450 - TLS Mutual
s_connection: verify depth is 1
Handshake duration: 36.16 ms
Execution 451 - TLS Mutual
s_connection: verify depth is 1
Handshake duration: 36.14 ms
Execution 452 - TLS Mutual
s_connection: verify depth is 1
Handshake duration: 36.33 ms
Execution 453 - TLS Mutual
s_connection: verify depth is 1
Handshake duration: 35.73 ms
Execution 454 - TLS Mutual
s_connection: verify depth is 1
Handshake duration: 36.00 ms
Execution 455 - TLS Mutual
s_connection: verify depth is 1
Handshake duration: 36.02 ms
Execution 456 - TLS Mutual
s_connection: verify depth is 1
Handshake duration: 36.68 ms
Execution 457 - TLS Mutual
s_connection: verify depth is 1
Handshake duration: 36.03 ms
Execution 458 - TLS Mutual
s_connection: verify depth is 1
Handshake duration: 35.90 ms
Execution 459 - TLS Mutual
s_connection: verify depth is 1
Handshake duration: 36.15 ms
Execution 460 - TLS Mutual
s_connection: verify depth is 1
Handshake duration: 35.81 ms
Execution 461 - TLS Mutual
s_connection: verify depth is 1
Handshake duration: 36.02 ms
Execution 462 - TLS Mutual
s_connection: verify depth is 1
Handshake duration: 35.83 ms
Execution 463 - TLS Mutual
s_connection: verify depth is 1
Handshake duration: 36.46 ms
Execution 464 - TLS Mutual
s_connection: verify depth is 1
Handshake duration: 36.08 ms
Execution 465 - TLS Mutual
s_connection: verify depth is 1
Handshake duration: 36.17 ms
Execution 466 - TLS Mutual
s_connection: verify depth is 1
Handshake duration: 35.76 ms
Execution 467 - TLS Mutual
s_connection: verify depth is 1
Handshake duration: 37.49 ms
Execution 468 - TLS Mutual
s_connection: verify depth is 1
Handshake duration: 35.98 ms
Execution 469 - TLS Mutual
s_connection: verify depth is 1
Handshake duration: 35.96 ms
Execution 470 - TLS Mutual
s_connection: verify depth is 1
Handshake duration: 35.77 ms
Execution 471 - TLS Mutual
s_connection: verify depth is 1
Handshake duration: 35.87 ms
Execution 472 - TLS Mutual
s_connection: verify depth is 1
Handshake duration: 38.00 ms
Execution 473 - TLS Mutual
s_connection: verify depth is 1
Handshake duration: 36.18 ms
Execution 474 - TLS Mutual
s_connection: verify depth is 1
Handshake duration: 35.90 ms
Execution 475 - TLS Mutual
s_connection: verify depth is 1
Handshake duration: 35.93 ms
Execution 476 - TLS Mutual
s_connection: verify depth is 1
Handshake duration: 35.85 ms
Execution 477 - TLS Mutual
s_connection: verify depth is 1
Handshake duration: 36.03 ms
Execution 478 - TLS Mutual
s_connection: verify depth is 1
Handshake duration: 36.07 ms
Execution 479 - TLS Mutual
s_connection: verify depth is 1
Handshake duration: 36.79 ms
Execution 480 - TLS Mutual
s_connection: verify depth is 1
Handshake duration: 36.11 ms
Execution 481 - TLS Mutual
s_connection: verify depth is 1
Handshake duration: 36.12 ms
Execution 482 - TLS Mutual
s_connection: verify depth is 1
Handshake duration: 36.11 ms
Execution 483 - TLS Mutual
s_connection: verify depth is 1
Handshake duration: 35.96 ms
Execution 484 - TLS Mutual
s_connection: verify depth is 1
Handshake duration: 36.28 ms
Execution 485 - TLS Mutual
s_connection: verify depth is 1
Handshake duration: 35.86 ms
Execution 486 - TLS Mutual
s_connection: verify depth is 1
Handshake duration: 35.95 ms
Execution 487 - TLS Mutual
s_connection: verify depth is 1
Handshake duration: 36.23 ms
Execution 488 - TLS Mutual
s_connection: verify depth is 1
Handshake duration: 36.01 ms
Execution 489 - TLS Mutual
s_connection: verify depth is 1
Handshake duration: 36.23 ms
Execution 490 - TLS Mutual
s_connection: verify depth is 1
Handshake duration: 36.06 ms
Execution 491 - TLS Mutual
s_connection: verify depth is 1
Handshake duration: 36.20 ms
Execution 492 - TLS Mutual
s_connection: verify depth is 1
Handshake duration: 35.85 ms
Execution 493 - TLS Mutual
s_connection: verify depth is 1
Handshake duration: 36.17 ms
Execution 494 - TLS Mutual
s_connection: verify depth is 1
Handshake duration: 36.49 ms
Execution 495 - TLS Mutual
s_connection: verify depth is 1
Handshake duration: 36.31 ms
Execution 496 - TLS Mutual
s_connection: verify depth is 1
Handshake duration: 36.03 ms
Execution 497 - TLS Mutual
s_connection: verify depth is 1
Handshake duration: 36.52 ms
Execution 498 - TLS Mutual
s_connection: verify depth is 1
Handshake duration: 35.96 ms
Execution 499 - TLS Mutual
s_connection: verify depth is 1
Handshake duration: 36.29 ms
Execution 500 - TLS Mutual
s_connection: verify depth is 1
Handshake duration: 36.07 ms
Execution 501 - TLS Mutual
s_connection: verify depth is 1
Handshake duration: 35.98 ms
Execution 502 - TLS Mutual
s_connection: verify depth is 1
Handshake duration: 36.44 ms
Execution 503 - TLS Mutual
s_connection: verify depth is 1
Handshake duration: 36.07 ms
Execution 504 - TLS Mutual
s_connection: verify depth is 1
Handshake duration: 36.07 ms
Execution 505 - TLS Mutual
s_connection: verify depth is 1
Handshake duration: 36.54 ms
Execution 506 - TLS Mutual
s_connection: verify depth is 1
Handshake duration: 35.91 ms
Execution 507 - TLS Mutual
s_connection: verify depth is 1
Handshake duration: 36.05 ms
Execution 508 - TLS Mutual
s_connection: verify depth is 1
Handshake duration: 36.19 ms
Execution 509 - TLS Mutual
s_connection: verify depth is 1
Handshake duration: 36.36 ms
Execution 510 - TLS Mutual
s_connection: verify depth is 1
Handshake duration: 37.21 ms
Execution 511 - TLS Mutual
s_connection: verify depth is 1
Handshake duration: 36.14 ms
Execution 512 - TLS Mutual
s_connection: verify depth is 1
Handshake duration: 35.81 ms
Execution 513 - TLS Mutual
s_connection: verify depth is 1
Handshake duration: 36.45 ms
Execution 514 - TLS Mutual
s_connection: verify depth is 1
Handshake duration: 36.59 ms
Execution 515 - TLS Mutual
s_connection: verify depth is 1
Handshake duration: 36.10 ms
Execution 516 - TLS Mutual
s_connection: verify depth is 1
Handshake duration: 36.20 ms
Execution 517 - TLS Mutual
s_connection: verify depth is 1
Handshake duration: 36.08 ms
Execution 518 - TLS Mutual
s_connection: verify depth is 1
Handshake duration: 36.51 ms
Execution 519 - TLS Mutual
s_connection: verify depth is 1
Handshake duration: 36.44 ms
Execution 520 - TLS Mutual
s_connection: verify depth is 1
Handshake duration: 36.18 ms
Execution 521 - TLS Mutual
s_connection: verify depth is 1
Handshake duration: 36.43 ms
Execution 522 - TLS Mutual
s_connection: verify depth is 1
Handshake duration: 36.35 ms
Execution 523 - TLS Mutual
s_connection: verify depth is 1
Handshake duration: 36.34 ms
Execution 524 - TLS Mutual
s_connection: verify depth is 1
Handshake duration: 36.81 ms
Execution 525 - TLS Mutual
s_connection: verify depth is 1
Handshake duration: 35.96 ms
Execution 526 - TLS Mutual
s_connection: verify depth is 1
Handshake duration: 36.25 ms
Execution 527 - TLS Mutual
s_connection: verify depth is 1
Handshake duration: 35.93 ms
Execution 528 - TLS Mutual
s_connection: verify depth is 1
Handshake duration: 36.53 ms
Execution 529 - TLS Mutual
s_connection: verify depth is 1
Handshake duration: 36.15 ms
Execution 530 - TLS Mutual
s_connection: verify depth is 1
Handshake duration: 36.05 ms
Execution 531 - TLS Mutual
s_connection: verify depth is 1
Handshake duration: 36.55 ms
Execution 532 - TLS Mutual
s_connection: verify depth is 1
Handshake duration: 36.10 ms
Execution 533 - TLS Mutual
s_connection: verify depth is 1
Handshake duration: 35.86 ms
Execution 534 - TLS Mutual
s_connection: verify depth is 1
Handshake duration: 35.91 ms
Execution 535 - TLS Mutual
s_connection: verify depth is 1
Handshake duration: 36.18 ms
Execution 536 - TLS Mutual
s_connection: verify depth is 1
Handshake duration: 35.82 ms
Execution 537 - TLS Mutual
s_connection: verify depth is 1
Handshake duration: 35.94 ms
Execution 538 - TLS Mutual
s_connection: verify depth is 1
Handshake duration: 36.43 ms
Execution 539 - TLS Mutual
s_connection: verify depth is 1
Handshake duration: 35.89 ms
Execution 540 - TLS Mutual
s_connection: verify depth is 1
Handshake duration: 36.10 ms
Execution 541 - TLS Mutual
s_connection: verify depth is 1
Handshake duration: 36.63 ms
Execution 542 - TLS Mutual
s_connection: verify depth is 1
Handshake duration: 36.33 ms
Execution 543 - TLS Mutual
s_connection: verify depth is 1
Handshake duration: 36.36 ms
Execution 544 - TLS Mutual
s_connection: verify depth is 1
Handshake duration: 36.08 ms
Execution 545 - TLS Mutual
s_connection: verify depth is 1
Handshake duration: 36.55 ms
Execution 546 - TLS Mutual
s_connection: verify depth is 1
Handshake duration: 36.44 ms
Execution 547 - TLS Mutual
s_connection: verify depth is 1
Handshake duration: 36.39 ms
Execution 548 - TLS Mutual
s_connection: verify depth is 1
Handshake duration: 36.41 ms
Execution 549 - TLS Mutual
s_connection: verify depth is 1
Handshake duration: 36.23 ms
Execution 550 - TLS Mutual
s_connection: verify depth is 1
Handshake duration: 40.15 ms
Execution 551 - TLS Mutual
s_connection: verify depth is 1
Handshake duration: 37.01 ms
Execution 552 - TLS Mutual
s_connection: verify depth is 1
Handshake duration: 36.56 ms
Execution 553 - TLS Mutual
s_connection: verify depth is 1
Handshake duration: 36.43 ms
Execution 554 - TLS Mutual
s_connection: verify depth is 1
Handshake duration: 36.00 ms
Execution 555 - TLS Mutual
s_connection: verify depth is 1
Handshake duration: 36.22 ms
Execution 556 - TLS Mutual
s_connection: verify depth is 1
Handshake duration: 36.36 ms
Execution 557 - TLS Mutual
s_connection: verify depth is 1
Handshake duration: 36.02 ms
Execution 558 - TLS Mutual
s_connection: verify depth is 1
Handshake duration: 36.11 ms
Execution 559 - TLS Mutual
s_connection: verify depth is 1
Handshake duration: 36.73 ms
Execution 560 - TLS Mutual
s_connection: verify depth is 1
Handshake duration: 36.36 ms
Execution 561 - TLS Mutual
s_connection: verify depth is 1
Handshake duration: 36.09 ms
Execution 562 - TLS Mutual
s_connection: verify depth is 1
Handshake duration: 36.31 ms
Execution 563 - TLS Mutual
s_connection: verify depth is 1
Handshake duration: 36.05 ms
Execution 564 - TLS Mutual
s_connection: verify depth is 1
Handshake duration: 36.93 ms
Execution 565 - TLS Mutual
s_connection: verify depth is 1
Handshake duration: 35.90 ms
Execution 566 - TLS Mutual
s_connection: verify depth is 1
Handshake duration: 36.23 ms
Execution 567 - TLS Mutual
s_connection: verify depth is 1
Handshake duration: 36.43 ms
Execution 568 - TLS Mutual
s_connection: verify depth is 1
Handshake duration: 35.85 ms
Execution 569 - TLS Mutual
s_connection: verify depth is 1
Handshake duration: 36.14 ms
Execution 570 - TLS Mutual
s_connection: verify depth is 1
Handshake duration: 37.22 ms
Execution 571 - TLS Mutual
s_connection: verify depth is 1
Handshake duration: 35.90 ms
Execution 572 - TLS Mutual
s_connection: verify depth is 1
Handshake duration: 36.67 ms
Execution 573 - TLS Mutual
s_connection: verify depth is 1
Handshake duration: 35.83 ms
Execution 574 - TLS Mutual
s_connection: verify depth is 1
Handshake duration: 36.05 ms
Execution 575 - TLS Mutual
s_connection: verify depth is 1
Handshake duration: 36.72 ms
Execution 576 - TLS Mutual
s_connection: verify depth is 1
Handshake duration: 36.39 ms
Execution 577 - TLS Mutual
s_connection: verify depth is 1
Handshake duration: 36.22 ms
Execution 578 - TLS Mutual
s_connection: verify depth is 1
Handshake duration: 36.08 ms
Execution 579 - TLS Mutual
s_connection: verify depth is 1
Handshake duration: 36.24 ms
Execution 580 - TLS Mutual
s_connection: verify depth is 1
Handshake duration: 36.15 ms
Execution 581 - TLS Mutual
s_connection: verify depth is 1
Handshake duration: 36.82 ms
Execution 582 - TLS Mutual
s_connection: verify depth is 1
Handshake duration: 36.31 ms
Execution 583 - TLS Mutual
s_connection: verify depth is 1
Handshake duration: 36.35 ms
Execution 584 - TLS Mutual
s_connection: verify depth is 1
Handshake duration: 36.58 ms
Execution 585 - TLS Mutual
s_connection: verify depth is 1
Handshake duration: 36.40 ms
Execution 586 - TLS Mutual
s_connection: verify depth is 1
Handshake duration: 37.46 ms
Execution 587 - TLS Mutual
s_connection: verify depth is 1
Handshake duration: 36.35 ms
Execution 588 - TLS Mutual
s_connection: verify depth is 1
Handshake duration: 36.16 ms
Execution 589 - TLS Mutual
s_connection: verify depth is 1
Handshake duration: 37.16 ms
Execution 590 - TLS Mutual
s_connection: verify depth is 1
Handshake duration: 36.53 ms
Execution 591 - TLS Mutual
s_connection: verify depth is 1
Handshake duration: 36.35 ms
Execution 592 - TLS Mutual
s_connection: verify depth is 1
Handshake duration: 36.31 ms
Execution 593 - TLS Mutual
s_connection: verify depth is 1
Handshake duration: 36.15 ms
Execution 594 - TLS Mutual
s_connection: verify depth is 1
Handshake duration: 36.31 ms
Execution 595 - TLS Mutual
s_connection: verify depth is 1
Handshake duration: 36.02 ms
Execution 596 - TLS Mutual
s_connection: verify depth is 1
Handshake duration: 36.14 ms
Execution 597 - TLS Mutual
s_connection: verify depth is 1
Handshake duration: 36.45 ms
Execution 598 - TLS Mutual
s_connection: verify depth is 1
Handshake duration: 35.98 ms
Execution 599 - TLS Mutual
s_connection: verify depth is 1
Handshake duration: 35.89 ms
Execution 600 - TLS Mutual
s_connection: verify depth is 1
Handshake duration: 36.05 ms
Execution 601 - TLS Mutual
s_connection: verify depth is 1
Handshake duration: 36.65 ms
Execution 602 - TLS Mutual
s_connection: verify depth is 1
Handshake duration: 36.74 ms
Execution 603 - TLS Mutual
s_connection: verify depth is 1
Handshake duration: 36.32 ms
Execution 604 - TLS Mutual
s_connection: verify depth is 1
Handshake duration: 38.44 ms
Execution 605 - TLS Mutual
s_connection: verify depth is 1
Handshake duration: 36.80 ms
Execution 606 - TLS Mutual
s_connection: verify depth is 1
Handshake duration: 36.30 ms
Execution 607 - TLS Mutual
s_connection: verify depth is 1
Handshake duration: 36.14 ms
Execution 608 - TLS Mutual
s_connection: verify depth is 1
Handshake duration: 35.99 ms
Execution 609 - TLS Mutual
s_connection: verify depth is 1
Handshake duration: 36.57 ms
Execution 610 - TLS Mutual
s_connection: verify depth is 1
Handshake duration: 36.06 ms
Execution 611 - TLS Mutual
s_connection: verify depth is 1
Handshake duration: 35.97 ms
Execution 612 - TLS Mutual
s_connection: verify depth is 1
Handshake duration: 36.13 ms
Execution 613 - TLS Mutual
s_connection: verify depth is 1
Handshake duration: 37.15 ms
Execution 614 - TLS Mutual
s_connection: verify depth is 1
Handshake duration: 35.85 ms
Execution 615 - TLS Mutual
s_connection: verify depth is 1
Handshake duration: 36.89 ms
Execution 616 - TLS Mutual
s_connection: verify depth is 1
Handshake duration: 36.44 ms
Execution 617 - TLS Mutual
s_connection: verify depth is 1
Handshake duration: 36.21 ms
Execution 618 - TLS Mutual
s_connection: verify depth is 1
Handshake duration: 35.99 ms
Execution 619 - TLS Mutual
s_connection: verify depth is 1
Handshake duration: 35.95 ms
Execution 620 - TLS Mutual
s_connection: verify depth is 1
Handshake duration: 36.76 ms
Execution 621 - TLS Mutual
s_connection: verify depth is 1
Handshake duration: 36.54 ms
Execution 622 - TLS Mutual
s_connection: verify depth is 1
Handshake duration: 37.18 ms
Execution 623 - TLS Mutual
s_connection: verify depth is 1
Handshake duration: 37.77 ms
Execution 624 - TLS Mutual
s_connection: verify depth is 1
Handshake duration: 36.71 ms
Execution 625 - TLS Mutual
s_connection: verify depth is 1
Handshake duration: 36.06 ms
Execution 626 - TLS Mutual
s_connection: verify depth is 1
Handshake duration: 36.05 ms
Execution 627 - TLS Mutual
s_connection: verify depth is 1
Handshake duration: 36.25 ms
Execution 628 - TLS Mutual
s_connection: verify depth is 1
Handshake duration: 36.50 ms
Execution 629 - TLS Mutual
s_connection: verify depth is 1
Handshake duration: 36.24 ms
Execution 630 - TLS Mutual
s_connection: verify depth is 1
Handshake duration: 37.05 ms
Execution 631 - TLS Mutual
s_connection: verify depth is 1
Handshake duration: 36.54 ms
Execution 632 - TLS Mutual
s_connection: verify depth is 1
Handshake duration: 36.46 ms
Execution 633 - TLS Mutual
s_connection: verify depth is 1
Handshake duration: 36.76 ms
Execution 634 - TLS Mutual
s_connection: verify depth is 1
Handshake duration: 36.01 ms
Execution 635 - TLS Mutual
s_connection: verify depth is 1
Handshake duration: 36.08 ms
Execution 636 - TLS Mutual
s_connection: verify depth is 1
Handshake duration: 37.60 ms
Execution 637 - TLS Mutual
s_connection: verify depth is 1
Handshake duration: 36.39 ms
Execution 638 - TLS Mutual
s_connection: verify depth is 1
Handshake duration: 36.12 ms
Execution 639 - TLS Mutual
s_connection: verify depth is 1
Handshake duration: 36.48 ms
Execution 640 - TLS Mutual
s_connection: verify depth is 1
Handshake duration: 36.70 ms
Execution 641 - TLS Mutual
s_connection: verify depth is 1
Handshake duration: 36.73 ms
Execution 642 - TLS Mutual
s_connection: verify depth is 1
Handshake duration: 36.39 ms
Execution 643 - TLS Mutual
s_connection: verify depth is 1
Handshake duration: 36.22 ms
Execution 644 - TLS Mutual
s_connection: verify depth is 1
Handshake duration: 35.85 ms
Execution 645 - TLS Mutual
s_connection: verify depth is 1
Handshake duration: 36.29 ms
Execution 646 - TLS Mutual
s_connection: verify depth is 1
Handshake duration: 36.51 ms
Execution 647 - TLS Mutual
s_connection: verify depth is 1
Handshake duration: 37.16 ms
Execution 648 - TLS Mutual
s_connection: verify depth is 1
Handshake duration: 36.26 ms
Execution 649 - TLS Mutual
s_connection: verify depth is 1
Handshake duration: 37.01 ms
Execution 650 - TLS Mutual
s_connection: verify depth is 1
Handshake duration: 35.90 ms
Execution 651 - TLS Mutual
s_connection: verify depth is 1
Handshake duration: 36.03 ms
Execution 652 - TLS Mutual
s_connection: verify depth is 1
Handshake duration: 36.41 ms
Execution 653 - TLS Mutual
s_connection: verify depth is 1
Handshake duration: 36.33 ms
Execution 654 - TLS Mutual
s_connection: verify depth is 1
Handshake duration: 36.10 ms
Execution 655 - TLS Mutual
s_connection: verify depth is 1
Handshake duration: 36.01 ms
Execution 656 - TLS Mutual
s_connection: verify depth is 1
Handshake duration: 35.98 ms
Execution 657 - TLS Mutual
s_connection: verify depth is 1
Handshake duration: 36.67 ms
Execution 658 - TLS Mutual
s_connection: verify depth is 1
Handshake duration: 36.45 ms
Execution 659 - TLS Mutual
s_connection: verify depth is 1
Handshake duration: 36.25 ms
Execution 660 - TLS Mutual
s_connection: verify depth is 1
Handshake duration: 35.99 ms
Execution 661 - TLS Mutual
s_connection: verify depth is 1
Handshake duration: 35.98 ms
Execution 662 - TLS Mutual
s_connection: verify depth is 1
Handshake duration: 36.05 ms
Execution 663 - TLS Mutual
s_connection: verify depth is 1
Handshake duration: 35.84 ms
Execution 664 - TLS Mutual
s_connection: verify depth is 1
Handshake duration: 35.91 ms
Execution 665 - TLS Mutual
s_connection: verify depth is 1
Handshake duration: 36.22 ms
Execution 666 - TLS Mutual
s_connection: verify depth is 1
Handshake duration: 35.87 ms
Execution 667 - TLS Mutual
s_connection: verify depth is 1
Handshake duration: 36.51 ms
Execution 668 - TLS Mutual
s_connection: verify depth is 1
Handshake duration: 36.20 ms
Execution 669 - TLS Mutual
s_connection: verify depth is 1
Handshake duration: 36.96 ms
Execution 670 - TLS Mutual
s_connection: verify depth is 1
Handshake duration: 35.86 ms
Execution 671 - TLS Mutual
s_connection: verify depth is 1
Handshake duration: 35.86 ms
Execution 672 - TLS Mutual
s_connection: verify depth is 1
Handshake duration: 37.22 ms
Execution 673 - TLS Mutual
s_connection: verify depth is 1
Handshake duration: 36.76 ms
Execution 674 - TLS Mutual
s_connection: verify depth is 1
Handshake duration: 36.03 ms
Execution 675 - TLS Mutual
s_connection: verify depth is 1
Handshake duration: 35.97 ms
Execution 676 - TLS Mutual
s_connection: verify depth is 1
Handshake duration: 36.02 ms
Execution 677 - TLS Mutual
s_connection: verify depth is 1
Handshake duration: 36.51 ms
Execution 678 - TLS Mutual
s_connection: verify depth is 1
Handshake duration: 36.45 ms
Execution 679 - TLS Mutual
s_connection: verify depth is 1
Handshake duration: 35.93 ms
Execution 680 - TLS Mutual
s_connection: verify depth is 1
Handshake duration: 37.02 ms
Execution 681 - TLS Mutual
s_connection: verify depth is 1
Handshake duration: 35.85 ms
Execution 682 - TLS Mutual
s_connection: verify depth is 1
Handshake duration: 36.01 ms
Execution 683 - TLS Mutual
s_connection: verify depth is 1
Handshake duration: 36.70 ms
Execution 684 - TLS Mutual
s_connection: verify depth is 1
Handshake duration: 36.63 ms
Execution 685 - TLS Mutual
s_connection: verify depth is 1
Handshake duration: 50.39 ms
Execution 686 - TLS Mutual
s_connection: verify depth is 1
Handshake duration: 36.67 ms
Execution 687 - TLS Mutual
s_connection: verify depth is 1
Handshake duration: 36.08 ms
Execution 688 - TLS Mutual
s_connection: verify depth is 1
Handshake duration: 36.95 ms
Execution 689 - TLS Mutual
s_connection: verify depth is 1
Handshake duration: 36.47 ms
Execution 690 - TLS Mutual
s_connection: verify depth is 1
Handshake duration: 36.29 ms
Execution 691 - TLS Mutual
s_connection: verify depth is 1
Handshake duration: 36.10 ms
Execution 692 - TLS Mutual
s_connection: verify depth is 1
Handshake duration: 35.91 ms
Execution 693 - TLS Mutual
s_connection: verify depth is 1
Handshake duration: 37.41 ms
Execution 694 - TLS Mutual
s_connection: verify depth is 1
Handshake duration: 36.85 ms
Execution 695 - TLS Mutual
s_connection: verify depth is 1
Handshake duration: 36.10 ms
Execution 696 - TLS Mutual
s_connection: verify depth is 1
Handshake duration: 36.54 ms
Execution 697 - TLS Mutual
s_connection: verify depth is 1
Handshake duration: 36.43 ms
Execution 698 - TLS Mutual
s_connection: verify depth is 1
Handshake duration: 36.08 ms
Execution 699 - TLS Mutual
s_connection: verify depth is 1
Handshake duration: 37.09 ms
Execution 700 - TLS Mutual
s_connection: verify depth is 1
Handshake duration: 36.12 ms
Execution 701 - TLS Mutual
s_connection: verify depth is 1
Handshake duration: 36.10 ms
Execution 702 - TLS Mutual
s_connection: verify depth is 1
Handshake duration: 36.25 ms
Execution 703 - TLS Mutual
s_connection: verify depth is 1
Handshake duration: 35.98 ms
Execution 704 - TLS Mutual
s_connection: verify depth is 1
Handshake duration: 36.06 ms
Execution 705 - TLS Mutual
s_connection: verify depth is 1
Handshake duration: 35.92 ms
Execution 706 - TLS Mutual
s_connection: verify depth is 1
Handshake duration: 36.28 ms
Execution 707 - TLS Mutual
s_connection: verify depth is 1
Handshake duration: 36.48 ms
Execution 708 - TLS Mutual
s_connection: verify depth is 1
Handshake duration: 35.88 ms
Execution 709 - TLS Mutual
s_connection: verify depth is 1
Handshake duration: 35.83 ms
Execution 710 - TLS Mutual
s_connection: verify depth is 1
Handshake duration: 35.81 ms
Execution 711 - TLS Mutual
s_connection: verify depth is 1
Handshake duration: 36.18 ms
Execution 712 - TLS Mutual
s_connection: verify depth is 1
Handshake duration: 35.97 ms
Execution 713 - TLS Mutual
s_connection: verify depth is 1
Handshake duration: 36.27 ms
Execution 714 - TLS Mutual
s_connection: verify depth is 1
Handshake duration: 36.13 ms
Execution 715 - TLS Mutual
s_connection: verify depth is 1
Handshake duration: 35.88 ms
Execution 716 - TLS Mutual
s_connection: verify depth is 1
Handshake duration: 36.38 ms
Execution 717 - TLS Mutual
s_connection: verify depth is 1
Handshake duration: 36.51 ms
Execution 718 - TLS Mutual
s_connection: verify depth is 1
Handshake duration: 36.40 ms
Execution 719 - TLS Mutual
s_connection: verify depth is 1
Handshake duration: 36.70 ms
Execution 720 - TLS Mutual
s_connection: verify depth is 1
Handshake duration: 35.97 ms
Execution 721 - TLS Mutual
s_connection: verify depth is 1
Handshake duration: 36.16 ms
Execution 722 - TLS Mutual
s_connection: verify depth is 1
Handshake duration: 37.90 ms
Execution 723 - TLS Mutual
s_connection: verify depth is 1
Handshake duration: 36.30 ms
Execution 724 - TLS Mutual
s_connection: verify depth is 1
Handshake duration: 36.55 ms
Execution 725 - TLS Mutual
s_connection: verify depth is 1
Handshake duration: 36.09 ms
Execution 726 - TLS Mutual
s_connection: verify depth is 1
Handshake duration: 36.06 ms
Execution 727 - TLS Mutual
s_connection: verify depth is 1
Handshake duration: 36.31 ms
Execution 728 - TLS Mutual
s_connection: verify depth is 1
Handshake duration: 36.01 ms
Execution 729 - TLS Mutual
s_connection: verify depth is 1
Handshake duration: 35.96 ms
Execution 730 - TLS Mutual
s_connection: verify depth is 1
Handshake duration: 35.78 ms
Execution 731 - TLS Mutual
s_connection: verify depth is 1
Handshake duration: 35.99 ms
Execution 732 - TLS Mutual
s_connection: verify depth is 1
Handshake duration: 36.73 ms
Execution 733 - TLS Mutual
s_connection: verify depth is 1
Handshake duration: 36.82 ms
Execution 734 - TLS Mutual
s_connection: verify depth is 1
Handshake duration: 36.87 ms
Execution 735 - TLS Mutual
s_connection: verify depth is 1
Handshake duration: 35.93 ms
Execution 736 - TLS Mutual
s_connection: verify depth is 1
Handshake duration: 36.63 ms
Execution 737 - TLS Mutual
s_connection: verify depth is 1
Handshake duration: 35.97 ms
Execution 738 - TLS Mutual
s_connection: verify depth is 1
Handshake duration: 36.19 ms
Execution 739 - TLS Mutual
s_connection: verify depth is 1
Handshake duration: 36.36 ms
Execution 740 - TLS Mutual
s_connection: verify depth is 1
Handshake duration: 36.43 ms
Execution 741 - TLS Mutual
s_connection: verify depth is 1
Handshake duration: 35.92 ms
Execution 742 - TLS Mutual
s_connection: verify depth is 1
Handshake duration: 36.08 ms
Execution 743 - TLS Mutual
s_connection: verify depth is 1
Handshake duration: 36.03 ms
Execution 744 - TLS Mutual
s_connection: verify depth is 1
Handshake duration: 36.51 ms
Execution 745 - TLS Mutual
s_connection: verify depth is 1
Handshake duration: 36.32 ms
Execution 746 - TLS Mutual
s_connection: verify depth is 1
Handshake duration: 36.39 ms
Execution 747 - TLS Mutual
s_connection: verify depth is 1
Handshake duration: 35.98 ms
Execution 748 - TLS Mutual
s_connection: verify depth is 1
Handshake duration: 36.30 ms
Execution 749 - TLS Mutual
s_connection: verify depth is 1
Handshake duration: 36.21 ms
Execution 750 - TLS Mutual
s_connection: verify depth is 1
Handshake duration: 36.02 ms
Execution 751 - TLS Mutual
s_connection: verify depth is 1
Handshake duration: 35.83 ms
Execution 752 - TLS Mutual
s_connection: verify depth is 1
Handshake duration: 36.62 ms
Execution 753 - TLS Mutual
s_connection: verify depth is 1
Handshake duration: 36.47 ms
Execution 754 - TLS Mutual
s_connection: verify depth is 1
Handshake duration: 36.04 ms
Execution 755 - TLS Mutual
s_connection: verify depth is 1
Handshake duration: 36.40 ms
Execution 756 - TLS Mutual
s_connection: verify depth is 1
Handshake duration: 35.89 ms
Execution 757 - TLS Mutual
s_connection: verify depth is 1
Handshake duration: 35.91 ms
Execution 758 - TLS Mutual
s_connection: verify depth is 1
Handshake duration: 36.06 ms
Execution 759 - TLS Mutual
s_connection: verify depth is 1
Handshake duration: 36.38 ms
Execution 760 - TLS Mutual
s_connection: verify depth is 1
Handshake duration: 36.10 ms
Execution 761 - TLS Mutual
s_connection: verify depth is 1
Handshake duration: 36.10 ms
Execution 762 - TLS Mutual
s_connection: verify depth is 1
Handshake duration: 35.76 ms
Execution 763 - TLS Mutual
s_connection: verify depth is 1
Handshake duration: 36.23 ms
Execution 764 - TLS Mutual
s_connection: verify depth is 1
Handshake duration: 36.59 ms
Execution 765 - TLS Mutual
s_connection: verify depth is 1
Handshake duration: 36.11 ms
Execution 766 - TLS Mutual
s_connection: verify depth is 1
Handshake duration: 36.46 ms
Execution 767 - TLS Mutual
s_connection: verify depth is 1
Handshake duration: 36.11 ms
Execution 768 - TLS Mutual
s_connection: verify depth is 1
Handshake duration: 35.96 ms
Execution 769 - TLS Mutual
s_connection: verify depth is 1
Handshake duration: 36.24 ms
Execution 770 - TLS Mutual
s_connection: verify depth is 1
Handshake duration: 36.39 ms
Execution 771 - TLS Mutual
s_connection: verify depth is 1
Handshake duration: 36.25 ms
Execution 772 - TLS Mutual
s_connection: verify depth is 1
Handshake duration: 35.81 ms
Execution 773 - TLS Mutual
s_connection: verify depth is 1
Handshake duration: 35.99 ms
Execution 774 - TLS Mutual
s_connection: verify depth is 1
Handshake duration: 35.96 ms
Execution 775 - TLS Mutual
s_connection: verify depth is 1
Handshake duration: 36.74 ms
Execution 776 - TLS Mutual
s_connection: verify depth is 1
Handshake duration: 36.15 ms
Execution 777 - TLS Mutual
s_connection: verify depth is 1
Handshake duration: 36.70 ms
Execution 778 - TLS Mutual
s_connection: verify depth is 1
Handshake duration: 36.26 ms
Execution 779 - TLS Mutual
s_connection: verify depth is 1
Handshake duration: 36.02 ms
Execution 780 - TLS Mutual
s_connection: verify depth is 1
Handshake duration: 36.12 ms
Execution 781 - TLS Mutual
s_connection: verify depth is 1
Handshake duration: 36.24 ms
Execution 782 - TLS Mutual
s_connection: verify depth is 1
Handshake duration: 36.13 ms
Execution 783 - TLS Mutual
s_connection: verify depth is 1
Handshake duration: 35.95 ms
Execution 784 - TLS Mutual
s_connection: verify depth is 1
Handshake duration: 36.82 ms
Execution 785 - TLS Mutual
s_connection: verify depth is 1
Handshake duration: 36.51 ms
Execution 786 - TLS Mutual
s_connection: verify depth is 1
Handshake duration: 36.08 ms
Execution 787 - TLS Mutual
s_connection: verify depth is 1
Handshake duration: 36.25 ms
Execution 788 - TLS Mutual
s_connection: verify depth is 1
Handshake duration: 36.28 ms
Execution 789 - TLS Mutual
s_connection: verify depth is 1
Handshake duration: 36.35 ms
Execution 790 - TLS Mutual
s_connection: verify depth is 1
Handshake duration: 35.85 ms
Execution 791 - TLS Mutual
s_connection: verify depth is 1
Handshake duration: 36.59 ms
Execution 792 - TLS Mutual
s_connection: verify depth is 1
Handshake duration: 35.90 ms
Execution 793 - TLS Mutual
s_connection: verify depth is 1
Handshake duration: 36.54 ms
Execution 794 - TLS Mutual
s_connection: verify depth is 1
Handshake duration: 36.29 ms
Execution 795 - TLS Mutual
s_connection: verify depth is 1
Handshake duration: 36.06 ms
Execution 796 - TLS Mutual
s_connection: verify depth is 1
Handshake duration: 36.24 ms
Execution 797 - TLS Mutual
s_connection: verify depth is 1
Handshake duration: 36.03 ms
Execution 798 - TLS Mutual
s_connection: verify depth is 1
Handshake duration: 36.59 ms
Execution 799 - TLS Mutual
s_connection: verify depth is 1
Handshake duration: 36.22 ms
Execution 800 - TLS Mutual
s_connection: verify depth is 1
Handshake duration: 36.05 ms
Execution 801 - TLS Mutual
s_connection: verify depth is 1
Handshake duration: 35.83 ms
Execution 802 - TLS Mutual
s_connection: verify depth is 1
Handshake duration: 35.94 ms
Execution 803 - TLS Mutual
s_connection: verify depth is 1
Handshake duration: 36.38 ms
Execution 804 - TLS Mutual
s_connection: verify depth is 1
Handshake duration: 36.14 ms
Execution 805 - TLS Mutual
s_connection: verify depth is 1
Handshake duration: 36.50 ms
Execution 806 - TLS Mutual
s_connection: verify depth is 1
Handshake duration: 35.82 ms
Execution 807 - TLS Mutual
s_connection: verify depth is 1
Handshake duration: 36.39 ms
Execution 808 - TLS Mutual
s_connection: verify depth is 1
Handshake duration: 35.99 ms
Execution 809 - TLS Mutual
s_connection: verify depth is 1
Handshake duration: 36.00 ms
Execution 810 - TLS Mutual
s_connection: verify depth is 1
Handshake duration: 36.15 ms
Execution 811 - TLS Mutual
s_connection: verify depth is 1
Handshake duration: 35.84 ms
Execution 812 - TLS Mutual
s_connection: verify depth is 1
Handshake duration: 36.90 ms
Execution 813 - TLS Mutual
s_connection: verify depth is 1
Handshake duration: 36.13 ms
Execution 814 - TLS Mutual
s_connection: verify depth is 1
Handshake duration: 36.29 ms
Execution 815 - TLS Mutual
s_connection: verify depth is 1
Handshake duration: 36.23 ms
Execution 816 - TLS Mutual
s_connection: verify depth is 1
Handshake duration: 37.33 ms
Execution 817 - TLS Mutual
s_connection: verify depth is 1
Handshake duration: 36.53 ms
Execution 818 - TLS Mutual
s_connection: verify depth is 1
Handshake duration: 36.52 ms
Execution 819 - TLS Mutual
s_connection: verify depth is 1
Handshake duration: 36.43 ms
Execution 820 - TLS Mutual
s_connection: verify depth is 1
Handshake duration: 36.35 ms
Execution 821 - TLS Mutual
s_connection: verify depth is 1
Handshake duration: 36.23 ms
Execution 822 - TLS Mutual
s_connection: verify depth is 1
Handshake duration: 36.45 ms
Execution 823 - TLS Mutual
s_connection: verify depth is 1
Handshake duration: 36.03 ms
Execution 824 - TLS Mutual
s_connection: verify depth is 1
Handshake duration: 36.02 ms
Execution 825 - TLS Mutual
s_connection: verify depth is 1
Handshake duration: 36.05 ms
Execution 826 - TLS Mutual
s_connection: verify depth is 1
Handshake duration: 36.22 ms
Execution 827 - TLS Mutual
s_connection: verify depth is 1
Handshake duration: 36.29 ms
Execution 828 - TLS Mutual
s_connection: verify depth is 1
Handshake duration: 36.05 ms
Execution 829 - TLS Mutual
s_connection: verify depth is 1
Handshake duration: 36.84 ms
Execution 830 - TLS Mutual
s_connection: verify depth is 1
Handshake duration: 35.78 ms
Execution 831 - TLS Mutual
s_connection: verify depth is 1
Handshake duration: 36.01 ms
Execution 832 - TLS Mutual
s_connection: verify depth is 1
Handshake duration: 36.08 ms
Execution 833 - TLS Mutual
s_connection: verify depth is 1
Handshake duration: 36.13 ms
Execution 834 - TLS Mutual
s_connection: verify depth is 1
Handshake duration: 36.39 ms
Execution 835 - TLS Mutual
s_connection: verify depth is 1
Handshake duration: 36.75 ms
Execution 836 - TLS Mutual
s_connection: verify depth is 1
Handshake duration: 36.37 ms
Execution 837 - TLS Mutual
s_connection: verify depth is 1
Handshake duration: 36.08 ms
Execution 838 - TLS Mutual
s_connection: verify depth is 1
Handshake duration: 35.79 ms
Execution 839 - TLS Mutual
s_connection: verify depth is 1
Handshake duration: 35.97 ms
Execution 840 - TLS Mutual
s_connection: verify depth is 1
Handshake duration: 36.02 ms
Execution 841 - TLS Mutual
s_connection: verify depth is 1
Handshake duration: 36.24 ms
Execution 842 - TLS Mutual
s_connection: verify depth is 1
Handshake duration: 35.93 ms
Execution 843 - TLS Mutual
s_connection: verify depth is 1
Handshake duration: 35.88 ms
Execution 844 - TLS Mutual
s_connection: verify depth is 1
Handshake duration: 35.89 ms
Execution 845 - TLS Mutual
s_connection: verify depth is 1
Handshake duration: 36.15 ms
Execution 846 - TLS Mutual
s_connection: verify depth is 1
Handshake duration: 36.01 ms
Execution 847 - TLS Mutual
s_connection: verify depth is 1
Handshake duration: 35.98 ms
Execution 848 - TLS Mutual
s_connection: verify depth is 1
Handshake duration: 36.05 ms
Execution 849 - TLS Mutual
s_connection: verify depth is 1
Handshake duration: 36.10 ms
Execution 850 - TLS Mutual
s_connection: verify depth is 1
Handshake duration: 36.56 ms
Execution 851 - TLS Mutual
s_connection: verify depth is 1
Handshake duration: 36.43 ms
Execution 852 - TLS Mutual
s_connection: verify depth is 1
Handshake duration: 36.26 ms
Execution 853 - TLS Mutual
s_connection: verify depth is 1
Handshake duration: 35.99 ms
Execution 854 - TLS Mutual
s_connection: verify depth is 1
Handshake duration: 35.91 ms
Execution 855 - TLS Mutual
s_connection: verify depth is 1
Handshake duration: 36.09 ms
Execution 856 - TLS Mutual
s_connection: verify depth is 1
Handshake duration: 36.55 ms
Execution 857 - TLS Mutual
s_connection: verify depth is 1
Handshake duration: 35.86 ms
Execution 858 - TLS Mutual
s_connection: verify depth is 1
Handshake duration: 36.22 ms
Execution 859 - TLS Mutual
s_connection: verify depth is 1
Handshake duration: 36.00 ms
Execution 860 - TLS Mutual
s_connection: verify depth is 1
Handshake duration: 36.11 ms
Execution 861 - TLS Mutual
s_connection: verify depth is 1
Handshake duration: 37.22 ms
Execution 862 - TLS Mutual
s_connection: verify depth is 1
Handshake duration: 35.95 ms
Execution 863 - TLS Mutual
s_connection: verify depth is 1
Handshake duration: 35.97 ms
Execution 864 - TLS Mutual
s_connection: verify depth is 1
Handshake duration: 36.06 ms
Execution 865 - TLS Mutual
s_connection: verify depth is 1
Handshake duration: 35.92 ms
Execution 866 - TLS Mutual
s_connection: verify depth is 1
Handshake duration: 36.24 ms
Execution 867 - TLS Mutual
s_connection: verify depth is 1
Handshake duration: 36.03 ms
Execution 868 - TLS Mutual
s_connection: verify depth is 1
Handshake duration: 36.16 ms
Execution 869 - TLS Mutual
s_connection: verify depth is 1
Handshake duration: 37.20 ms
Execution 870 - TLS Mutual
s_connection: verify depth is 1
Handshake duration: 36.29 ms
Execution 871 - TLS Mutual
s_connection: verify depth is 1
Handshake duration: 36.51 ms
Execution 872 - TLS Mutual
s_connection: verify depth is 1
Handshake duration: 36.20 ms
Execution 873 - TLS Mutual
s_connection: verify depth is 1
Handshake duration: 36.92 ms
Execution 874 - TLS Mutual
s_connection: verify depth is 1
Handshake duration: 36.12 ms
Execution 875 - TLS Mutual
s_connection: verify depth is 1
Handshake duration: 36.50 ms
Execution 876 - TLS Mutual
s_connection: verify depth is 1
Handshake duration: 36.16 ms
Execution 877 - TLS Mutual
s_connection: verify depth is 1
Handshake duration: 36.18 ms
Execution 878 - TLS Mutual
s_connection: verify depth is 1
Handshake duration: 36.49 ms
Execution 879 - TLS Mutual
s_connection: verify depth is 1
Handshake duration: 36.08 ms
Execution 880 - TLS Mutual
s_connection: verify depth is 1
Handshake duration: 35.98 ms
Execution 881 - TLS Mutual
s_connection: verify depth is 1
Handshake duration: 35.92 ms
Execution 882 - TLS Mutual
s_connection: verify depth is 1
Handshake duration: 36.17 ms
Execution 883 - TLS Mutual
s_connection: verify depth is 1
Handshake duration: 36.98 ms
Execution 884 - TLS Mutual
s_connection: verify depth is 1
Handshake duration: 35.91 ms
Execution 885 - TLS Mutual
s_connection: verify depth is 1
Handshake duration: 36.09 ms
Execution 886 - TLS Mutual
s_connection: verify depth is 1
Handshake duration: 36.51 ms
Execution 887 - TLS Mutual
s_connection: verify depth is 1
Handshake duration: 36.22 ms
Execution 888 - TLS Mutual
s_connection: verify depth is 1
Handshake duration: 36.29 ms
Execution 889 - TLS Mutual
s_connection: verify depth is 1
Handshake duration: 36.01 ms
Execution 890 - TLS Mutual
s_connection: verify depth is 1
Handshake duration: 36.48 ms
Execution 891 - TLS Mutual
s_connection: verify depth is 1
Handshake duration: 35.89 ms
Execution 892 - TLS Mutual
s_connection: verify depth is 1
Handshake duration: 36.56 ms
Execution 893 - TLS Mutual
s_connection: verify depth is 1
Handshake duration: 36.20 ms
Execution 894 - TLS Mutual
s_connection: verify depth is 1
Handshake duration: 38.15 ms
Execution 895 - TLS Mutual
s_connection: verify depth is 1
Handshake duration: 35.90 ms
Execution 896 - TLS Mutual
s_connection: verify depth is 1
Handshake duration: 36.05 ms
Execution 897 - TLS Mutual
s_connection: verify depth is 1
Handshake duration: 36.03 ms
Execution 898 - TLS Mutual
s_connection: verify depth is 1
Handshake duration: 36.30 ms
Execution 899 - TLS Mutual
s_connection: verify depth is 1
Handshake duration: 36.06 ms
Execution 900 - TLS Mutual
s_connection: verify depth is 1
Handshake duration: 36.07 ms
Execution 901 - TLS Mutual
s_connection: verify depth is 1
Handshake duration: 36.12 ms
Execution 902 - TLS Mutual
s_connection: verify depth is 1
Handshake duration: 35.95 ms
Execution 903 - TLS Mutual
s_connection: verify depth is 1
Handshake duration: 36.29 ms
Execution 904 - TLS Mutual
s_connection: verify depth is 1
Handshake duration: 35.94 ms
Execution 905 - TLS Mutual
s_connection: verify depth is 1
Handshake duration: 36.15 ms
Execution 906 - TLS Mutual
s_connection: verify depth is 1
Handshake duration: 36.30 ms
Execution 907 - TLS Mutual
s_connection: verify depth is 1
Handshake duration: 36.07 ms
Execution 908 - TLS Mutual
s_connection: verify depth is 1
Handshake duration: 36.24 ms
Execution 909 - TLS Mutual
s_connection: verify depth is 1
Handshake duration: 36.10 ms
Execution 910 - TLS Mutual
s_connection: verify depth is 1
Handshake duration: 35.99 ms
Execution 911 - TLS Mutual
s_connection: verify depth is 1
Handshake duration: 36.01 ms
Execution 912 - TLS Mutual
s_connection: verify depth is 1
Handshake duration: 35.86 ms
Execution 913 - TLS Mutual
s_connection: verify depth is 1
Handshake duration: 36.35 ms
Execution 914 - TLS Mutual
s_connection: verify depth is 1
Handshake duration: 36.30 ms
Execution 915 - TLS Mutual
s_connection: verify depth is 1
Handshake duration: 36.30 ms
Execution 916 - TLS Mutual
s_connection: verify depth is 1
Handshake duration: 35.87 ms
Execution 917 - TLS Mutual
s_connection: verify depth is 1
Handshake duration: 36.36 ms
Execution 918 - TLS Mutual
s_connection: verify depth is 1
Handshake duration: 36.02 ms
Execution 919 - TLS Mutual
s_connection: verify depth is 1
Handshake duration: 37.00 ms
Execution 920 - TLS Mutual
s_connection: verify depth is 1
Handshake duration: 36.38 ms
Execution 921 - TLS Mutual
s_connection: verify depth is 1
Handshake duration: 36.29 ms
Execution 922 - TLS Mutual
s_connection: verify depth is 1
Handshake duration: 36.14 ms
Execution 923 - TLS Mutual
s_connection: verify depth is 1
Handshake duration: 36.34 ms
Execution 924 - TLS Mutual
s_connection: verify depth is 1
Handshake duration: 36.22 ms
Execution 925 - TLS Mutual
s_connection: verify depth is 1
Handshake duration: 36.33 ms
Execution 926 - TLS Mutual
s_connection: verify depth is 1
Handshake duration: 36.42 ms
Execution 927 - TLS Mutual
s_connection: verify depth is 1
Handshake duration: 35.96 ms
Execution 928 - TLS Mutual
s_connection: verify depth is 1
Handshake duration: 36.15 ms
Execution 929 - TLS Mutual
s_connection: verify depth is 1
Handshake duration: 35.97 ms
Execution 930 - TLS Mutual
s_connection: verify depth is 1
Handshake duration: 36.15 ms
Execution 931 - TLS Mutual
s_connection: verify depth is 1
Handshake duration: 36.33 ms
Execution 932 - TLS Mutual
s_connection: verify depth is 1
Handshake duration: 38.74 ms
Execution 933 - TLS Mutual
s_connection: verify depth is 1
Handshake duration: 36.51 ms
Execution 934 - TLS Mutual
s_connection: verify depth is 1
Handshake duration: 36.47 ms
Execution 935 - TLS Mutual
s_connection: verify depth is 1
Handshake duration: 36.19 ms
Execution 936 - TLS Mutual
s_connection: verify depth is 1
Handshake duration: 35.87 ms
Execution 937 - TLS Mutual
s_connection: verify depth is 1
Handshake duration: 36.17 ms
Execution 938 - TLS Mutual
s_connection: verify depth is 1
Handshake duration: 35.98 ms
Execution 939 - TLS Mutual
s_connection: verify depth is 1
Handshake duration: 36.85 ms
Execution 940 - TLS Mutual
s_connection: verify depth is 1
Handshake duration: 36.67 ms
Execution 941 - TLS Mutual
s_connection: verify depth is 1
Handshake duration: 36.11 ms
Execution 942 - TLS Mutual
s_connection: verify depth is 1
Handshake duration: 36.00 ms
Execution 943 - TLS Mutual
s_connection: verify depth is 1
Handshake duration: 36.03 ms
Execution 944 - TLS Mutual
s_connection: verify depth is 1
Handshake duration: 35.85 ms
Execution 945 - TLS Mutual
s_connection: verify depth is 1
Handshake duration: 36.40 ms
Execution 946 - TLS Mutual
s_connection: verify depth is 1
Handshake duration: 36.58 ms
Execution 947 - TLS Mutual
s_connection: verify depth is 1
Handshake duration: 36.15 ms
Execution 948 - TLS Mutual
s_connection: verify depth is 1
Handshake duration: 36.37 ms
Execution 949 - TLS Mutual
s_connection: verify depth is 1
Handshake duration: 35.74 ms
Execution 950 - TLS Mutual
s_connection: verify depth is 1
Handshake duration: 36.13 ms
Execution 951 - TLS Mutual
s_connection: verify depth is 1
Handshake duration: 35.99 ms
Execution 952 - TLS Mutual
s_connection: verify depth is 1
Handshake duration: 36.18 ms
Execution 953 - TLS Mutual
s_connection: verify depth is 1
Handshake duration: 36.02 ms
Execution 954 - TLS Mutual
s_connection: verify depth is 1
Handshake duration: 35.97 ms
Execution 955 - TLS Mutual
s_connection: verify depth is 1
Handshake duration: 35.94 ms
Execution 956 - TLS Mutual
s_connection: verify depth is 1
Handshake duration: 35.97 ms
Execution 957 - TLS Mutual
s_connection: verify depth is 1
Handshake duration: 36.12 ms
Execution 958 - TLS Mutual
s_connection: verify depth is 1
Handshake duration: 36.13 ms
Execution 959 - TLS Mutual
s_connection: verify depth is 1
Handshake duration: 35.89 ms
Execution 960 - TLS Mutual
s_connection: verify depth is 1
Handshake duration: 36.33 ms
Execution 961 - TLS Mutual
s_connection: verify depth is 1
Handshake duration: 35.84 ms
Execution 962 - TLS Mutual
s_connection: verify depth is 1
Handshake duration: 36.82 ms
Execution 963 - TLS Mutual
s_connection: verify depth is 1
Handshake duration: 36.06 ms
Execution 964 - TLS Mutual
s_connection: verify depth is 1
Handshake duration: 35.83 ms
Execution 965 - TLS Mutual
s_connection: verify depth is 1
Handshake duration: 36.96 ms
Execution 966 - TLS Mutual
s_connection: verify depth is 1
Handshake duration: 36.10 ms
Execution 967 - TLS Mutual
s_connection: verify depth is 1
Handshake duration: 35.80 ms
Execution 968 - TLS Mutual
s_connection: verify depth is 1
Handshake duration: 36.10 ms
Execution 969 - TLS Mutual
s_connection: verify depth is 1
Handshake duration: 36.32 ms
Execution 970 - TLS Mutual
s_connection: verify depth is 1
Handshake duration: 36.19 ms
Execution 971 - TLS Mutual
s_connection: verify depth is 1
Handshake duration: 36.27 ms
Execution 972 - TLS Mutual
s_connection: verify depth is 1
Handshake duration: 36.26 ms
Execution 973 - TLS Mutual
s_connection: verify depth is 1
Handshake duration: 36.35 ms
Execution 974 - TLS Mutual
s_connection: verify depth is 1
Handshake duration: 36.20 ms
Execution 975 - TLS Mutual
s_connection: verify depth is 1
Handshake duration: 36.00 ms
Execution 976 - TLS Mutual
s_connection: verify depth is 1
Handshake duration: 36.13 ms
Execution 977 - TLS Mutual
s_connection: verify depth is 1
Handshake duration: 36.54 ms
Execution 978 - TLS Mutual
s_connection: verify depth is 1
Handshake duration: 35.99 ms
Execution 979 - TLS Mutual
s_connection: verify depth is 1
Handshake duration: 35.93 ms
Execution 980 - TLS Mutual
s_connection: verify depth is 1
Handshake duration: 36.73 ms
Execution 981 - TLS Mutual
s_connection: verify depth is 1
Handshake duration: 36.71 ms
Execution 982 - TLS Mutual
s_connection: verify depth is 1
Handshake duration: 36.53 ms
Execution 983 - TLS Mutual
s_connection: verify depth is 1
Handshake duration: 36.12 ms
Execution 984 - TLS Mutual
s_connection: verify depth is 1
Handshake duration: 35.94 ms
Execution 985 - TLS Mutual
s_connection: verify depth is 1
Handshake duration: 36.45 ms
Execution 986 - TLS Mutual
s_connection: verify depth is 1
Handshake duration: 36.19 ms
Execution 987 - TLS Mutual
s_connection: verify depth is 1
Handshake duration: 35.88 ms
Execution 988 - TLS Mutual
s_connection: verify depth is 1
Handshake duration: 36.38 ms
Execution 989 - TLS Mutual
s_connection: verify depth is 1
Handshake duration: 36.05 ms
Execution 990 - TLS Mutual
s_connection: verify depth is 1
Handshake duration: 36.05 ms
Execution 991 - TLS Mutual
s_connection: verify depth is 1
Handshake duration: 36.23 ms
Execution 992 - TLS Mutual
s_connection: verify depth is 1
Handshake duration: 36.17 ms
Execution 993 - TLS Mutual
s_connection: verify depth is 1
Handshake duration: 36.19 ms
Execution 994 - TLS Mutual
s_connection: verify depth is 1
Handshake duration: 36.66 ms
Execution 995 - TLS Mutual
s_connection: verify depth is 1
Handshake duration: 36.04 ms
Execution 996 - TLS Mutual
s_connection: verify depth is 1
Handshake duration: 35.75 ms
Execution 997 - TLS Mutual
s_connection: verify depth is 1
Handshake duration: 36.25 ms
Execution 998 - TLS Mutual
s_connection: verify depth is 1
Handshake duration: 36.53 ms
Execution 999 - TLS Mutual
s_connection: verify depth is 1
Handshake duration: 36.34 ms
Execution 1000 - TLS Mutual
s_connection: verify depth is 1
Handshake duration: 36.51 ms
Execution 1001 - TLS Mutual
s_connection: verify depth is 1
Handshake duration: 36.77 ms
Execution 1002 - TLS Mutual
s_connection: verify depth is 1
Handshake duration: 36.53 ms
Execution 1003 - TLS Mutual
s_connection: verify depth is 1
Handshake duration: 37.34 ms
Execution 1004 - TLS Mutual
s_connection: verify depth is 1
Handshake duration: 35.99 ms
Execution 1005 - TLS Mutual
s_connection: verify depth is 1
Handshake duration: 36.08 ms
Execution 1006 - TLS Mutual
s_connection: verify depth is 1
Handshake duration: 36.43 ms
Execution 1007 - TLS Mutual
s_connection: verify depth is 1
Handshake duration: 36.63 ms
Execution 1008 - TLS Mutual
s_connection: verify depth is 1
Handshake duration: 36.38 ms
Execution 1009 - TLS Mutual
s_connection: verify depth is 1
Handshake duration: 36.48 ms
Execution 1010 - TLS Mutual
s_connection: verify depth is 1
Handshake duration: 36.50 ms
Execution 1011 - TLS Mutual
s_connection: verify depth is 1
Handshake duration: 36.23 ms
Execution 1012 - TLS Mutual
s_connection: verify depth is 1
Handshake duration: 36.34 ms
Execution 1013 - TLS Mutual
s_connection: verify depth is 1
Handshake duration: 36.35 ms
Execution 1014 - TLS Mutual
s_connection: verify depth is 1
Handshake duration: 36.18 ms
Execution 1015 - TLS Mutual
s_connection: verify depth is 1
Handshake duration: 35.80 ms
Execution 1016 - TLS Mutual
s_connection: verify depth is 1
Handshake duration: 36.29 ms
Execution 1017 - TLS Mutual
s_connection: verify depth is 1
Handshake duration: 36.13 ms
Execution 1018 - TLS Mutual
s_connection: verify depth is 1
Handshake duration: 35.99 ms
Execution 1019 - TLS Mutual
s_connection: verify depth is 1
Handshake duration: 36.14 ms
Execution 1020 - TLS Mutual
s_connection: verify depth is 1
Handshake duration: 35.99 ms
Execution 1021 - TLS Mutual
s_connection: verify depth is 1
Handshake duration: 36.02 ms
Execution 1022 - TLS Mutual
s_connection: verify depth is 1
Handshake duration: 36.74 ms
Execution 1023 - TLS Mutual
s_connection: verify depth is 1
Handshake duration: 36.18 ms
Execution 1024 - TLS Mutual
s_connection: verify depth is 1
Handshake duration: 35.98 ms
Execution 1025 - TLS Mutual
s_connection: verify depth is 1
Handshake duration: 35.87 ms
Execution 1026 - TLS Mutual
s_connection: verify depth is 1
Handshake duration: 36.22 ms
Execution 1027 - TLS Mutual
s_connection: verify depth is 1
Handshake duration: 35.96 ms
Execution 1028 - TLS Mutual
s_connection: verify depth is 1
Handshake duration: 36.24 ms
Execution 1029 - TLS Mutual
s_connection: verify depth is 1
Handshake duration: 36.92 ms
Execution 1030 - TLS Mutual
s_connection: verify depth is 1
Handshake duration: 35.83 ms
Execution 1031 - TLS Mutual
s_connection: verify depth is 1
Handshake duration: 35.90 ms
Execution 1032 - TLS Mutual
s_connection: verify depth is 1
Handshake duration: 36.27 ms
Execution 1033 - TLS Mutual
s_connection: verify depth is 1
Handshake duration: 36.61 ms
Execution 1034 - TLS Mutual
s_connection: verify depth is 1
Handshake duration: 35.93 ms
Execution 1035 - TLS Mutual
s_connection: verify depth is 1
Handshake duration: 36.31 ms
Execution 1036 - TLS Mutual
s_connection: verify depth is 1
Handshake duration: 36.09 ms
Execution 1037 - TLS Mutual
s_connection: verify depth is 1
Handshake duration: 35.85 ms
Execution 1038 - TLS Mutual
s_connection: verify depth is 1
Handshake duration: 36.18 ms
Execution 1039 - TLS Mutual
s_connection: verify depth is 1
Handshake duration: 36.10 ms
Execution 1040 - TLS Mutual
s_connection: verify depth is 1
Handshake duration: 36.48 ms
Execution 1041 - TLS Mutual
s_connection: verify depth is 1
Handshake duration: 35.80 ms
Execution 1042 - TLS Mutual
s_connection: verify depth is 1
Handshake duration: 37.13 ms
Execution 1043 - TLS Mutual
s_connection: verify depth is 1
Handshake duration: 35.91 ms
Execution 1044 - TLS Mutual
s_connection: verify depth is 1
Handshake duration: 36.96 ms
Execution 1045 - TLS Mutual
s_connection: verify depth is 1
Handshake duration: 35.83 ms
Execution 1046 - TLS Mutual
s_connection: verify depth is 1
Handshake duration: 36.07 ms
Execution 1047 - TLS Mutual
s_connection: verify depth is 1
Handshake duration: 36.72 ms
Execution 1048 - TLS Mutual
s_connection: verify depth is 1
Handshake duration: 36.08 ms
Execution 1049 - TLS Mutual
s_connection: verify depth is 1
Handshake duration: 36.18 ms
Execution 1050 - TLS Mutual
s_connection: verify depth is 1
Handshake duration: 36.02 ms
Execution 1051 - TLS Mutual
s_connection: verify depth is 1
Handshake duration: 36.41 ms
Execution 1052 - TLS Mutual
s_connection: verify depth is 1
Handshake duration: 40.03 ms
Execution 1053 - TLS Mutual
s_connection: verify depth is 1
Handshake duration: 36.78 ms
Execution 1054 - TLS Mutual
s_connection: verify depth is 1
Handshake duration: 36.10 ms
Execution 1055 - TLS Mutual
s_connection: verify depth is 1
Handshake duration: 36.30 ms
Execution 1056 - TLS Mutual
s_connection: verify depth is 1
Handshake duration: 36.22 ms
Execution 1057 - TLS Mutual
s_connection: verify depth is 1
Handshake duration: 36.30 ms
Execution 1058 - TLS Mutual
s_connection: verify depth is 1
Handshake duration: 36.15 ms
Execution 1059 - TLS Mutual
s_connection: verify depth is 1
Handshake duration: 35.98 ms
Execution 1060 - TLS Mutual
s_connection: verify depth is 1
Handshake duration: 36.44 ms
Execution 1061 - TLS Mutual
s_connection: verify depth is 1
Handshake duration: 36.52 ms
Execution 1062 - TLS Mutual
s_connection: verify depth is 1
Handshake duration: 36.04 ms
Execution 1063 - TLS Mutual
s_connection: verify depth is 1
Handshake duration: 36.73 ms
Execution 1064 - TLS Mutual
s_connection: verify depth is 1
Handshake duration: 36.77 ms
Execution 1065 - TLS Mutual
s_connection: verify depth is 1
Handshake duration: 36.68 ms
Execution 1066 - TLS Mutual
s_connection: verify depth is 1
Handshake duration: 36.00 ms
Execution 1067 - TLS Mutual
s_connection: verify depth is 1
Handshake duration: 36.22 ms
Execution 1068 - TLS Mutual
s_connection: verify depth is 1
Handshake duration: 36.39 ms
Execution 1069 - TLS Mutual
s_connection: verify depth is 1
Handshake duration: 36.19 ms
Execution 1070 - TLS Mutual
s_connection: verify depth is 1
Handshake duration: 36.13 ms
Execution 1071 - TLS Mutual
s_connection: verify depth is 1
Handshake duration: 36.40 ms
Execution 1072 - TLS Mutual
s_connection: verify depth is 1
Handshake duration: 36.78 ms
Execution 1073 - TLS Mutual
s_connection: verify depth is 1
Handshake duration: 37.01 ms
Execution 1074 - TLS Mutual
s_connection: verify depth is 1
Handshake duration: 36.22 ms
Execution 1075 - TLS Mutual
s_connection: verify depth is 1
Handshake duration: 36.44 ms
Execution 1076 - TLS Mutual
s_connection: verify depth is 1
Handshake duration: 35.94 ms
Execution 1077 - TLS Mutual
s_connection: verify depth is 1
Handshake duration: 36.27 ms
Execution 1078 - TLS Mutual
s_connection: verify depth is 1
Handshake duration: 36.19 ms
Execution 1079 - TLS Mutual
s_connection: verify depth is 1
Handshake duration: 36.06 ms
Execution 1080 - TLS Mutual
s_connection: verify depth is 1
Handshake duration: 35.86 ms
Execution 1081 - TLS Mutual
s_connection: verify depth is 1
Handshake duration: 36.00 ms
Execution 1082 - TLS Mutual
s_connection: verify depth is 1
Handshake duration: 36.16 ms
Execution 1083 - TLS Mutual
s_connection: verify depth is 1
Handshake duration: 35.91 ms
Execution 1084 - TLS Mutual
s_connection: verify depth is 1
Handshake duration: 36.13 ms
Execution 1085 - TLS Mutual
s_connection: verify depth is 1
Handshake duration: 36.42 ms
Execution 1086 - TLS Mutual
s_connection: verify depth is 1
Handshake duration: 36.34 ms
Execution 1087 - TLS Mutual
s_connection: verify depth is 1
Handshake duration: 36.01 ms
Execution 1088 - TLS Mutual
s_connection: verify depth is 1
Handshake duration: 36.32 ms
Execution 1089 - TLS Mutual
s_connection: verify depth is 1
Handshake duration: 36.24 ms
Execution 1090 - TLS Mutual
s_connection: verify depth is 1
Handshake duration: 36.21 ms
Execution 1091 - TLS Mutual
s_connection: verify depth is 1
Handshake duration: 35.68 ms
Execution 1092 - TLS Mutual
s_connection: verify depth is 1
Handshake duration: 36.24 ms
Execution 1093 - TLS Mutual
s_connection: verify depth is 1
Handshake duration: 36.41 ms
Execution 1094 - TLS Mutual
s_connection: verify depth is 1
Handshake duration: 35.88 ms
Execution 1095 - TLS Mutual
s_connection: verify depth is 1
Handshake duration: 36.77 ms
Execution 1096 - TLS Mutual
s_connection: verify depth is 1
Handshake duration: 36.37 ms
Execution 1097 - TLS Mutual
s_connection: verify depth is 1
Handshake duration: 36.34 ms
Execution 1098 - TLS Mutual
s_connection: verify depth is 1
Handshake duration: 36.31 ms
Execution 1099 - TLS Mutual
s_connection: verify depth is 1
Handshake duration: 36.28 ms
Execution 1100 - TLS Mutual
s_connection: verify depth is 1
Handshake duration: 35.80 ms
Execution 1101 - TLS Mutual
s_connection: verify depth is 1
Handshake duration: 36.04 ms
Execution 1102 - TLS Mutual
s_connection: verify depth is 1
Handshake duration: 36.50 ms
Execution 1103 - TLS Mutual
s_connection: verify depth is 1
Handshake duration: 36.16 ms
Execution 1104 - TLS Mutual
s_connection: verify depth is 1
Handshake duration: 36.21 ms
Execution 1105 - TLS Mutual
s_connection: verify depth is 1
Handshake duration: 36.16 ms
Execution 1106 - TLS Mutual
s_connection: verify depth is 1
Handshake duration: 36.43 ms
Execution 1107 - TLS Mutual
s_connection: verify depth is 1
Handshake duration: 35.93 ms
Execution 1108 - TLS Mutual
s_connection: verify depth is 1
Handshake duration: 35.95 ms
Execution 1109 - TLS Mutual
s_connection: verify depth is 1
Handshake duration: 35.91 ms
Execution 1110 - TLS Mutual
s_connection: verify depth is 1
Handshake duration: 36.14 ms
Execution 1111 - TLS Mutual
s_connection: verify depth is 1
Handshake duration: 36.80 ms
Execution 1112 - TLS Mutual
s_connection: verify depth is 1
Handshake duration: 35.94 ms
Execution 1113 - TLS Mutual
s_connection: verify depth is 1
Handshake duration: 35.96 ms
Execution 1114 - TLS Mutual
s_connection: verify depth is 1
Handshake duration: 35.76 ms
Execution 1115 - TLS Mutual
s_connection: verify depth is 1
Handshake duration: 36.92 ms
Execution 1116 - TLS Mutual
s_connection: verify depth is 1
Handshake duration: 39.59 ms
Execution 1117 - TLS Mutual
s_connection: verify depth is 1
Handshake duration: 35.96 ms
Execution 1118 - TLS Mutual
s_connection: verify depth is 1
Handshake duration: 36.16 ms
Execution 1119 - TLS Mutual
s_connection: verify depth is 1
Handshake duration: 35.90 ms
Execution 1120 - TLS Mutual
s_connection: verify depth is 1
Handshake duration: 35.90 ms
Execution 1121 - TLS Mutual
s_connection: verify depth is 1
Handshake duration: 37.20 ms
Execution 1122 - TLS Mutual
s_connection: verify depth is 1
Handshake duration: 38.11 ms
Execution 1123 - TLS Mutual
s_connection: verify depth is 1
Handshake duration: 35.82 ms
Execution 1124 - TLS Mutual
s_connection: verify depth is 1
Handshake duration: 36.01 ms
Execution 1125 - TLS Mutual
s_connection: verify depth is 1
Handshake duration: 36.06 ms
Execution 1126 - TLS Mutual
s_connection: verify depth is 1
Handshake duration: 36.17 ms
Execution 1127 - TLS Mutual
s_connection: verify depth is 1
Handshake duration: 36.15 ms
Execution 1128 - TLS Mutual
s_connection: verify depth is 1
Handshake duration: 36.61 ms
Execution 1129 - TLS Mutual
s_connection: verify depth is 1
Handshake duration: 36.19 ms
Execution 1130 - TLS Mutual
s_connection: verify depth is 1
Handshake duration: 36.71 ms
Execution 1131 - TLS Mutual
s_connection: verify depth is 1
Handshake duration: 36.66 ms
Execution 1132 - TLS Mutual
s_connection: verify depth is 1
Handshake duration: 36.37 ms
Execution 1133 - TLS Mutual
s_connection: verify depth is 1
Handshake duration: 36.23 ms
Execution 1134 - TLS Mutual
s_connection: verify depth is 1
Handshake duration: 35.97 ms
Execution 1135 - TLS Mutual
s_connection: verify depth is 1
Handshake duration: 36.73 ms
Execution 1136 - TLS Mutual
s_connection: verify depth is 1
Handshake duration: 36.26 ms
Execution 1137 - TLS Mutual
s_connection: verify depth is 1
Handshake duration: 36.22 ms
Execution 1138 - TLS Mutual
s_connection: verify depth is 1
Handshake duration: 36.35 ms
Execution 1139 - TLS Mutual
s_connection: verify depth is 1
Handshake duration: 36.29 ms
Execution 1140 - TLS Mutual
s_connection: verify depth is 1
Handshake duration: 35.91 ms
Execution 1141 - TLS Mutual
s_connection: verify depth is 1
Handshake duration: 37.06 ms
Execution 1142 - TLS Mutual
s_connection: verify depth is 1
Handshake duration: 36.27 ms
Execution 1143 - TLS Mutual
s_connection: verify depth is 1
Handshake duration: 36.49 ms
Execution 1144 - TLS Mutual
s_connection: verify depth is 1
Handshake duration: 36.02 ms
Execution 1145 - TLS Mutual
s_connection: verify depth is 1
Handshake duration: 36.64 ms
Execution 1146 - TLS Mutual
s_connection: verify depth is 1
Handshake duration: 35.73 ms
Execution 1147 - TLS Mutual
s_connection: verify depth is 1
Handshake duration: 35.89 ms
Execution 1148 - TLS Mutual
s_connection: verify depth is 1
Handshake duration: 35.79 ms
Execution 1149 - TLS Mutual
s_connection: verify depth is 1
Handshake duration: 36.43 ms
Execution 1150 - TLS Mutual
s_connection: verify depth is 1
Handshake duration: 36.08 ms
Execution 1151 - TLS Mutual
s_connection: verify depth is 1
Handshake duration: 36.69 ms
Execution 1152 - TLS Mutual
s_connection: verify depth is 1
Handshake duration: 35.97 ms
Execution 1153 - TLS Mutual
s_connection: verify depth is 1
Handshake duration: 36.12 ms
Execution 1154 - TLS Mutual
s_connection: verify depth is 1
Handshake duration: 36.17 ms
Execution 1155 - TLS Mutual
s_connection: verify depth is 1
Handshake duration: 35.80 ms
Execution 1156 - TLS Mutual
s_connection: verify depth is 1
Handshake duration: 36.18 ms
Execution 1157 - TLS Mutual
s_connection: verify depth is 1
Handshake duration: 35.96 ms
Execution 1158 - TLS Mutual
s_connection: verify depth is 1
Handshake duration: 36.03 ms
Execution 1159 - TLS Mutual
s_connection: verify depth is 1
Handshake duration: 36.39 ms
Execution 1160 - TLS Mutual
s_connection: verify depth is 1
Handshake duration: 36.53 ms
Execution 1161 - TLS Mutual
s_connection: verify depth is 1
Handshake duration: 35.93 ms
Execution 1162 - TLS Mutual
s_connection: verify depth is 1
Handshake duration: 36.83 ms
Execution 1163 - TLS Mutual
s_connection: verify depth is 1
Handshake duration: 36.05 ms
Execution 1164 - TLS Mutual
s_connection: verify depth is 1
Handshake duration: 36.17 ms
Execution 1165 - TLS Mutual
s_connection: verify depth is 1
Handshake duration: 36.37 ms
Execution 1166 - TLS Mutual
s_connection: verify depth is 1
Handshake duration: 36.66 ms
Execution 1167 - TLS Mutual
s_connection: verify depth is 1
Handshake duration: 37.04 ms
Execution 1168 - TLS Mutual
s_connection: verify depth is 1
Handshake duration: 35.94 ms
Execution 1169 - TLS Mutual
s_connection: verify depth is 1
Handshake duration: 36.01 ms
Execution 1170 - TLS Mutual
s_connection: verify depth is 1
Handshake duration: 36.06 ms
Execution 1171 - TLS Mutual
s_connection: verify depth is 1
Handshake duration: 36.20 ms
Execution 1172 - TLS Mutual
s_connection: verify depth is 1
Handshake duration: 36.44 ms
Execution 1173 - TLS Mutual
s_connection: verify depth is 1
Handshake duration: 36.03 ms
Execution 1174 - TLS Mutual
s_connection: verify depth is 1
Handshake duration: 36.41 ms
Execution 1175 - TLS Mutual
s_connection: verify depth is 1
Handshake duration: 35.99 ms
Execution 1176 - TLS Mutual
s_connection: verify depth is 1
Handshake duration: 36.13 ms
Execution 1177 - TLS Mutual
s_connection: verify depth is 1
Handshake duration: 35.74 ms
Execution 1178 - TLS Mutual
s_connection: verify depth is 1
Handshake duration: 36.94 ms
Execution 1179 - TLS Mutual
s_connection: verify depth is 1
Handshake duration: 38.06 ms
Execution 1180 - TLS Mutual
s_connection: verify depth is 1
Handshake duration: 36.25 ms
Execution 1181 - TLS Mutual
s_connection: verify depth is 1
Handshake duration: 36.50 ms
Execution 1182 - TLS Mutual
s_connection: verify depth is 1
Handshake duration: 36.47 ms
Execution 1183 - TLS Mutual
s_connection: verify depth is 1
Handshake duration: 35.94 ms
Execution 1184 - TLS Mutual
s_connection: verify depth is 1
Handshake duration: 36.27 ms
Execution 1185 - TLS Mutual
s_connection: verify depth is 1
Handshake duration: 36.07 ms
Execution 1186 - TLS Mutual
s_connection: verify depth is 1
Handshake duration: 36.53 ms
Execution 1187 - TLS Mutual
s_connection: verify depth is 1
Handshake duration: 36.07 ms
Execution 1188 - TLS Mutual
s_connection: verify depth is 1
Handshake duration: 36.18 ms
Execution 1189 - TLS Mutual
s_connection: verify depth is 1
Handshake duration: 36.35 ms
Execution 1190 - TLS Mutual
s_connection: verify depth is 1
Handshake duration: 35.91 ms
Execution 1191 - TLS Mutual
s_connection: verify depth is 1
Handshake duration: 36.13 ms
Execution 1192 - TLS Mutual
s_connection: verify depth is 1
Handshake duration: 36.03 ms
Execution 1193 - TLS Mutual
s_connection: verify depth is 1
Handshake duration: 36.28 ms
Execution 1194 - TLS Mutual
s_connection: verify depth is 1
Handshake duration: 35.84 ms
Execution 1195 - TLS Mutual
s_connection: verify depth is 1
Handshake duration: 36.02 ms
Execution 1196 - TLS Mutual
s_connection: verify depth is 1
Handshake duration: 36.14 ms
Execution 1197 - TLS Mutual
s_connection: verify depth is 1
Handshake duration: 36.00 ms
Execution 1198 - TLS Mutual
s_connection: verify depth is 1
Handshake duration: 36.40 ms
Execution 1199 - TLS Mutual
s_connection: verify depth is 1
Handshake duration: 35.90 ms
Execution 1200 - TLS Mutual
s_connection: verify depth is 1
Handshake duration: 35.88 ms
Execution 1201 - TLS Mutual
s_connection: verify depth is 1
Handshake duration: 36.48 ms
Execution 1202 - TLS Mutual
s_connection: verify depth is 1
Handshake duration: 36.11 ms
Execution 1203 - TLS Mutual
s_connection: verify depth is 1
Handshake duration: 35.92 ms
Execution 1204 - TLS Mutual
s_connection: verify depth is 1
Handshake duration: 36.14 ms
Execution 1205 - TLS Mutual
s_connection: verify depth is 1
Handshake duration: 36.32 ms
Execution 1206 - TLS Mutual
s_connection: verify depth is 1
Handshake duration: 36.24 ms
Execution 1207 - TLS Mutual
s_connection: verify depth is 1
Handshake duration: 36.48 ms
Execution 1208 - TLS Mutual
s_connection: verify depth is 1
Handshake duration: 36.20 ms
Execution 1209 - TLS Mutual
s_connection: verify depth is 1
Handshake duration: 36.51 ms
Execution 1210 - TLS Mutual
s_connection: verify depth is 1
Handshake duration: 36.59 ms
Execution 1211 - TLS Mutual
s_connection: verify depth is 1
Handshake duration: 36.38 ms
Execution 1212 - TLS Mutual
s_connection: verify depth is 1
Handshake duration: 36.30 ms
Execution 1213 - TLS Mutual
s_connection: verify depth is 1
Handshake duration: 37.23 ms
Execution 1214 - TLS Mutual
s_connection: verify depth is 1
Handshake duration: 36.08 ms
Execution 1215 - TLS Mutual
s_connection: verify depth is 1
Handshake duration: 36.40 ms
Execution 1216 - TLS Mutual
s_connection: verify depth is 1
Handshake duration: 36.53 ms
Execution 1217 - TLS Mutual
s_connection: verify depth is 1
Handshake duration: 36.33 ms
Execution 1218 - TLS Mutual
s_connection: verify depth is 1
Handshake duration: 35.82 ms
Execution 1219 - TLS Mutual
s_connection: verify depth is 1
Handshake duration: 37.04 ms
Execution 1220 - TLS Mutual
s_connection: verify depth is 1
Handshake duration: 36.60 ms
Execution 1221 - TLS Mutual
s_connection: verify depth is 1
Handshake duration: 35.96 ms
Execution 1222 - TLS Mutual
s_connection: verify depth is 1
Handshake duration: 36.04 ms
Execution 1223 - TLS Mutual
s_connection: verify depth is 1
Handshake duration: 36.01 ms
Execution 1224 - TLS Mutual
s_connection: verify depth is 1
Handshake duration: 36.02 ms
Execution 1225 - TLS Mutual
s_connection: verify depth is 1
Handshake duration: 35.90 ms
Execution 1226 - TLS Mutual
s_connection: verify depth is 1
Handshake duration: 35.94 ms
Execution 1227 - TLS Mutual
s_connection: verify depth is 1
Handshake duration: 36.00 ms
Execution 1228 - TLS Mutual
s_connection: verify depth is 1
Handshake duration: 36.98 ms
Execution 1229 - TLS Mutual
s_connection: verify depth is 1
Handshake duration: 36.26 ms
Execution 1230 - TLS Mutual
s_connection: verify depth is 1
Handshake duration: 36.31 ms
Execution 1231 - TLS Mutual
s_connection: verify depth is 1
Handshake duration: 36.11 ms
Execution 1232 - TLS Mutual
s_connection: verify depth is 1
Handshake duration: 36.26 ms
Execution 1233 - TLS Mutual
s_connection: verify depth is 1
Handshake duration: 36.00 ms
Execution 1234 - TLS Mutual
s_connection: verify depth is 1
Handshake duration: 36.45 ms
Execution 1235 - TLS Mutual
s_connection: verify depth is 1
Handshake duration: 36.03 ms
Execution 1236 - TLS Mutual
s_connection: verify depth is 1
Handshake duration: 36.91 ms
Execution 1237 - TLS Mutual
s_connection: verify depth is 1
Handshake duration: 36.12 ms
Execution 1238 - TLS Mutual
s_connection: verify depth is 1
Handshake duration: 36.22 ms
Execution 1239 - TLS Mutual
s_connection: verify depth is 1
Handshake duration: 35.99 ms
Execution 1240 - TLS Mutual
s_connection: verify depth is 1
Handshake duration: 36.09 ms
Execution 1241 - TLS Mutual
s_connection: verify depth is 1
Handshake duration: 36.91 ms
Execution 1242 - TLS Mutual
s_connection: verify depth is 1
Handshake duration: 36.24 ms
Execution 1243 - TLS Mutual
s_connection: verify depth is 1
Handshake duration: 36.18 ms
Execution 1244 - TLS Mutual
s_connection: verify depth is 1
Handshake duration: 35.89 ms
Execution 1245 - TLS Mutual
s_connection: verify depth is 1
Handshake duration: 35.95 ms
Execution 1246 - TLS Mutual
s_connection: verify depth is 1
Handshake duration: 36.45 ms
Execution 1247 - TLS Mutual
s_connection: verify depth is 1
Handshake duration: 35.97 ms
Execution 1248 - TLS Mutual
s_connection: verify depth is 1
Handshake duration: 36.29 ms
Execution 1249 - TLS Mutual
s_connection: verify depth is 1
Handshake duration: 36.03 ms
Execution 1250 - TLS Mutual
s_connection: verify depth is 1
Handshake duration: 36.17 ms
Execution 1251 - TLS Mutual
s_connection: verify depth is 1
Handshake duration: 35.95 ms
Execution 1252 - TLS Mutual
s_connection: verify depth is 1
Handshake duration: 46.01 ms
Execution 1253 - TLS Mutual
s_connection: verify depth is 1
Handshake duration: 36.24 ms
Execution 1254 - TLS Mutual
s_connection: verify depth is 1
Handshake duration: 36.53 ms
Execution 1255 - TLS Mutual
s_connection: verify depth is 1
Handshake duration: 36.10 ms
Execution 1256 - TLS Mutual
s_connection: verify depth is 1
Handshake duration: 36.00 ms
Execution 1257 - TLS Mutual
s_connection: verify depth is 1
Handshake duration: 36.19 ms
Execution 1258 - TLS Mutual
s_connection: verify depth is 1
Handshake duration: 36.00 ms
Execution 1259 - TLS Mutual
s_connection: verify depth is 1
Handshake duration: 35.95 ms
Execution 1260 - TLS Mutual
s_connection: verify depth is 1
Handshake duration: 36.31 ms
Execution 1261 - TLS Mutual
s_connection: verify depth is 1
Handshake duration: 36.10 ms
Execution 1262 - TLS Mutual
s_connection: verify depth is 1
Handshake duration: 36.78 ms
Execution 1263 - TLS Mutual
s_connection: verify depth is 1
Handshake duration: 35.97 ms
Execution 1264 - TLS Mutual
s_connection: verify depth is 1
Handshake duration: 36.13 ms
Execution 1265 - TLS Mutual
s_connection: verify depth is 1
Handshake duration: 36.30 ms
Execution 1266 - TLS Mutual
s_connection: verify depth is 1
Handshake duration: 35.84 ms
Execution 1267 - TLS Mutual
s_connection: verify depth is 1
Handshake duration: 36.45 ms
Execution 1268 - TLS Mutual
s_connection: verify depth is 1
Handshake duration: 36.17 ms
Execution 1269 - TLS Mutual
s_connection: verify depth is 1
Handshake duration: 35.98 ms
Execution 1270 - TLS Mutual
s_connection: verify depth is 1
Handshake duration: 36.32 ms
Execution 1271 - TLS Mutual
s_connection: verify depth is 1
Handshake duration: 35.95 ms
Execution 1272 - TLS Mutual
s_connection: verify depth is 1
Handshake duration: 36.06 ms
Execution 1273 - TLS Mutual
s_connection: verify depth is 1
Handshake duration: 36.19 ms
Execution 1274 - TLS Mutual
s_connection: verify depth is 1
Handshake duration: 35.98 ms
Execution 1275 - TLS Mutual
s_connection: verify depth is 1
Handshake duration: 36.00 ms
Execution 1276 - TLS Mutual
s_connection: verify depth is 1
Handshake duration: 35.86 ms
Execution 1277 - TLS Mutual
s_connection: verify depth is 1
Handshake duration: 36.52 ms
Execution 1278 - TLS Mutual
s_connection: verify depth is 1
Handshake duration: 35.85 ms
Execution 1279 - TLS Mutual
s_connection: verify depth is 1
Handshake duration: 36.36 ms
Execution 1280 - TLS Mutual
s_connection: verify depth is 1
Handshake duration: 36.11 ms
Execution 1281 - TLS Mutual
s_connection: verify depth is 1
Handshake duration: 35.97 ms
Execution 1282 - TLS Mutual
s_connection: verify depth is 1
Handshake duration: 35.85 ms
Execution 1283 - TLS Mutual
s_connection: verify depth is 1
Handshake duration: 35.96 ms
Execution 1284 - TLS Mutual
s_connection: verify depth is 1
Handshake duration: 36.28 ms
Execution 1285 - TLS Mutual
s_connection: verify depth is 1
Handshake duration: 36.28 ms
Execution 1286 - TLS Mutual
s_connection: verify depth is 1
Handshake duration: 36.57 ms
Execution 1287 - TLS Mutual
s_connection: verify depth is 1
Handshake duration: 36.04 ms
Execution 1288 - TLS Mutual
s_connection: verify depth is 1
Handshake duration: 36.20 ms
Execution 1289 - TLS Mutual
s_connection: verify depth is 1
Handshake duration: 36.29 ms
Execution 1290 - TLS Mutual
s_connection: verify depth is 1
Handshake duration: 36.64 ms
Execution 1291 - TLS Mutual
s_connection: verify depth is 1
Handshake duration: 39.77 ms
Execution 1292 - TLS Mutual
s_connection: verify depth is 1
Handshake duration: 36.11 ms
Execution 1293 - TLS Mutual
s_connection: verify depth is 1
Handshake duration: 36.40 ms
Execution 1294 - TLS Mutual
s_connection: verify depth is 1
Handshake duration: 36.55 ms
Execution 1295 - TLS Mutual
s_connection: verify depth is 1
Handshake duration: 36.38 ms
Execution 1296 - TLS Mutual
s_connection: verify depth is 1
Handshake duration: 36.39 ms
Execution 1297 - TLS Mutual
s_connection: verify depth is 1
Handshake duration: 36.22 ms
Execution 1298 - TLS Mutual
s_connection: verify depth is 1
Handshake duration: 36.32 ms
Execution 1299 - TLS Mutual
s_connection: verify depth is 1
Handshake duration: 36.17 ms
Execution 1300 - TLS Mutual
s_connection: verify depth is 1
Handshake duration: 36.52 ms
Execution 1301 - TLS Mutual
s_connection: verify depth is 1
Handshake duration: 36.15 ms
Execution 1302 - TLS Mutual
s_connection: verify depth is 1
Handshake duration: 36.25 ms
Execution 1303 - TLS Mutual
s_connection: verify depth is 1
Handshake duration: 35.70 ms
Execution 1304 - TLS Mutual
s_connection: verify depth is 1
Handshake duration: 36.45 ms
Execution 1305 - TLS Mutual
s_connection: verify depth is 1
Handshake duration: 36.06 ms
Execution 1306 - TLS Mutual
s_connection: verify depth is 1
Handshake duration: 36.08 ms
Execution 1307 - TLS Mutual
s_connection: verify depth is 1
Handshake duration: 36.27 ms
Execution 1308 - TLS Mutual
s_connection: verify depth is 1
Handshake duration: 36.14 ms
Execution 1309 - TLS Mutual
s_connection: verify depth is 1
Handshake duration: 35.85 ms
Execution 1310 - TLS Mutual
s_connection: verify depth is 1
Handshake duration: 36.74 ms
Execution 1311 - TLS Mutual
s_connection: verify depth is 1
Handshake duration: 36.38 ms
Execution 1312 - TLS Mutual
s_connection: verify depth is 1
Handshake duration: 36.01 ms
Execution 1313 - TLS Mutual
s_connection: verify depth is 1
Handshake duration: 36.41 ms
Execution 1314 - TLS Mutual
s_connection: verify depth is 1
Handshake duration: 36.31 ms
Execution 1315 - TLS Mutual
s_connection: verify depth is 1
Handshake duration: 36.35 ms
Execution 1316 - TLS Mutual
s_connection: verify depth is 1
Handshake duration: 36.21 ms
Execution 1317 - TLS Mutual
s_connection: verify depth is 1
Handshake duration: 36.39 ms
Execution 1318 - TLS Mutual
s_connection: verify depth is 1
Handshake duration: 36.09 ms
Execution 1319 - TLS Mutual
s_connection: verify depth is 1
Handshake duration: 36.74 ms
Execution 1320 - TLS Mutual
s_connection: verify depth is 1
Handshake duration: 36.24 ms
Execution 1321 - TLS Mutual
s_connection: verify depth is 1
Handshake duration: 35.97 ms
Execution 1322 - TLS Mutual
s_connection: verify depth is 1
Handshake duration: 36.10 ms
Execution 1323 - TLS Mutual
s_connection: verify depth is 1
Handshake duration: 36.62 ms
Execution 1324 - TLS Mutual
s_connection: verify depth is 1
Handshake duration: 36.01 ms
Execution 1325 - TLS Mutual
s_connection: verify depth is 1
Handshake duration: 35.90 ms
Execution 1326 - TLS Mutual
s_connection: verify depth is 1
Handshake duration: 36.15 ms
Execution 1327 - TLS Mutual
s_connection: verify depth is 1
Handshake duration: 36.38 ms
Execution 1328 - TLS Mutual
s_connection: verify depth is 1
Handshake duration: 36.57 ms
Execution 1329 - TLS Mutual
s_connection: verify depth is 1
Handshake duration: 36.26 ms
Execution 1330 - TLS Mutual
s_connection: verify depth is 1
Handshake duration: 36.17 ms
Execution 1331 - TLS Mutual
s_connection: verify depth is 1
Handshake duration: 35.92 ms
Execution 1332 - TLS Mutual
s_connection: verify depth is 1
Handshake duration: 36.00 ms
Execution 1333 - TLS Mutual
s_connection: verify depth is 1
Handshake duration: 36.14 ms
Execution 1334 - TLS Mutual
s_connection: verify depth is 1
Handshake duration: 36.48 ms
Execution 1335 - TLS Mutual
s_connection: verify depth is 1
Handshake duration: 36.33 ms
Execution 1336 - TLS Mutual
s_connection: verify depth is 1
Handshake duration: 35.86 ms
Execution 1337 - TLS Mutual
s_connection: verify depth is 1
Handshake duration: 36.42 ms
Execution 1338 - TLS Mutual
s_connection: verify depth is 1
Handshake duration: 36.04 ms
Execution 1339 - TLS Mutual
s_connection: verify depth is 1
Handshake duration: 35.95 ms
Execution 1340 - TLS Mutual
s_connection: verify depth is 1
Handshake duration: 36.67 ms
Execution 1341 - TLS Mutual
s_connection: verify depth is 1
Handshake duration: 35.77 ms
Execution 1342 - TLS Mutual
s_connection: verify depth is 1
Handshake duration: 35.94 ms
Execution 1343 - TLS Mutual
s_connection: verify depth is 1
Handshake duration: 35.81 ms
Execution 1344 - TLS Mutual
s_connection: verify depth is 1
Handshake duration: 36.28 ms
Execution 1345 - TLS Mutual
s_connection: verify depth is 1
Handshake duration: 36.80 ms
Execution 1346 - TLS Mutual
s_connection: verify depth is 1
Handshake duration: 36.30 ms
Execution 1347 - TLS Mutual
s_connection: verify depth is 1
Handshake duration: 36.05 ms
Execution 1348 - TLS Mutual
s_connection: verify depth is 1
Handshake duration: 36.06 ms
Execution 1349 - TLS Mutual
s_connection: verify depth is 1
Handshake duration: 36.17 ms
Execution 1350 - TLS Mutual
s_connection: verify depth is 1
Handshake duration: 36.22 ms
Execution 1351 - TLS Mutual
s_connection: verify depth is 1
Handshake duration: 36.28 ms
Execution 1352 - TLS Mutual
s_connection: verify depth is 1
Handshake duration: 36.30 ms
Execution 1353 - TLS Mutual
s_connection: verify depth is 1
Handshake duration: 36.62 ms
Execution 1354 - TLS Mutual
s_connection: verify depth is 1
Handshake duration: 36.21 ms
Execution 1355 - TLS Mutual
s_connection: verify depth is 1
Handshake duration: 36.27 ms
Execution 1356 - TLS Mutual
s_connection: verify depth is 1
Handshake duration: 35.78 ms
Execution 1357 - TLS Mutual
s_connection: verify depth is 1
Handshake duration: 36.27 ms
Execution 1358 - TLS Mutual
s_connection: verify depth is 1
Handshake duration: 35.90 ms
Execution 1359 - TLS Mutual
s_connection: verify depth is 1
Handshake duration: 36.82 ms
Execution 1360 - TLS Mutual
s_connection: verify depth is 1
Handshake duration: 36.41 ms
Execution 1361 - TLS Mutual
s_connection: verify depth is 1
Handshake duration: 35.96 ms
Execution 1362 - TLS Mutual
s_connection: verify depth is 1
Handshake duration: 36.36 ms
Execution 1363 - TLS Mutual
s_connection: verify depth is 1
Handshake duration: 38.05 ms
Execution 1364 - TLS Mutual
s_connection: verify depth is 1
Handshake duration: 36.26 ms
Execution 1365 - TLS Mutual
s_connection: verify depth is 1
Handshake duration: 36.18 ms
Execution 1366 - TLS Mutual
s_connection: verify depth is 1
Handshake duration: 36.29 ms
Execution 1367 - TLS Mutual
s_connection: verify depth is 1
Handshake duration: 36.07 ms
Execution 1368 - TLS Mutual
s_connection: verify depth is 1
Handshake duration: 36.02 ms
Execution 1369 - TLS Mutual
s_connection: verify depth is 1
Handshake duration: 35.87 ms
Execution 1370 - TLS Mutual
s_connection: verify depth is 1
Handshake duration: 36.13 ms
Execution 1371 - TLS Mutual
s_connection: verify depth is 1
Handshake duration: 35.80 ms
Execution 1372 - TLS Mutual
s_connection: verify depth is 1
Handshake duration: 36.26 ms
Execution 1373 - TLS Mutual
s_connection: verify depth is 1
Handshake duration: 36.21 ms
Execution 1374 - TLS Mutual
s_connection: verify depth is 1
Handshake duration: 36.62 ms
Execution 1375 - TLS Mutual
s_connection: verify depth is 1
Handshake duration: 36.05 ms
Execution 1376 - TLS Mutual
s_connection: verify depth is 1
Handshake duration: 36.04 ms
Execution 1377 - TLS Mutual
s_connection: verify depth is 1
Handshake duration: 36.94 ms
Execution 1378 - TLS Mutual
s_connection: verify depth is 1
Handshake duration: 36.38 ms
Execution 1379 - TLS Mutual
s_connection: verify depth is 1
Handshake duration: 36.19 ms
Execution 1380 - TLS Mutual
s_connection: verify depth is 1
Handshake duration: 36.04 ms
Execution 1381 - TLS Mutual
s_connection: verify depth is 1
Handshake duration: 36.31 ms
Execution 1382 - TLS Mutual
s_connection: verify depth is 1
Handshake duration: 36.37 ms
Execution 1383 - TLS Mutual
s_connection: verify depth is 1
Handshake duration: 36.37 ms
Execution 1384 - TLS Mutual
s_connection: verify depth is 1
Handshake duration: 36.01 ms
Execution 1385 - TLS Mutual
s_connection: verify depth is 1
Handshake duration: 36.00 ms
Execution 1386 - TLS Mutual
s_connection: verify depth is 1
Handshake duration: 36.26 ms
Execution 1387 - TLS Mutual
s_connection: verify depth is 1
Handshake duration: 36.05 ms
Execution 1388 - TLS Mutual
s_connection: verify depth is 1
Handshake duration: 36.28 ms
Execution 1389 - TLS Mutual
s_connection: verify depth is 1
Handshake duration: 36.35 ms
Execution 1390 - TLS Mutual
s_connection: verify depth is 1
Handshake duration: 36.44 ms
Execution 1391 - TLS Mutual
s_connection: verify depth is 1
Handshake duration: 36.54 ms
Execution 1392 - TLS Mutual
s_connection: verify depth is 1
Handshake duration: 35.97 ms
Execution 1393 - TLS Mutual
s_connection: verify depth is 1
Handshake duration: 36.00 ms
Execution 1394 - TLS Mutual
s_connection: verify depth is 1
Handshake duration: 36.01 ms
Execution 1395 - TLS Mutual
s_connection: verify depth is 1
Handshake duration: 36.35 ms
Execution 1396 - TLS Mutual
s_connection: verify depth is 1
Handshake duration: 35.86 ms
Execution 1397 - TLS Mutual
s_connection: verify depth is 1
Handshake duration: 35.90 ms
Execution 1398 - TLS Mutual
s_connection: verify depth is 1
Handshake duration: 35.86 ms
Execution 1399 - TLS Mutual
s_connection: verify depth is 1
Handshake duration: 36.10 ms
Execution 1400 - TLS Mutual
s_connection: verify depth is 1
Handshake duration: 36.27 ms
Execution 1401 - TLS Mutual
s_connection: verify depth is 1
Handshake duration: 36.37 ms
Execution 1402 - TLS Mutual
s_connection: verify depth is 1
Handshake duration: 36.34 ms
Execution 1403 - TLS Mutual
s_connection: verify depth is 1
Handshake duration: 36.17 ms
Execution 1404 - TLS Mutual
s_connection: verify depth is 1
Handshake duration: 36.13 ms
Execution 1405 - TLS Mutual
s_connection: verify depth is 1
Handshake duration: 36.10 ms
Execution 1406 - TLS Mutual
s_connection: verify depth is 1
Handshake duration: 35.86 ms
Execution 1407 - TLS Mutual
s_connection: verify depth is 1
Handshake duration: 35.88 ms
Execution 1408 - TLS Mutual
s_connection: verify depth is 1
Handshake duration: 36.27 ms
Execution 1409 - TLS Mutual
s_connection: verify depth is 1
Handshake duration: 36.10 ms
Execution 1410 - TLS Mutual
s_connection: verify depth is 1
Handshake duration: 35.86 ms
Execution 1411 - TLS Mutual
s_connection: verify depth is 1
Handshake duration: 35.72 ms
Execution 1412 - TLS Mutual
s_connection: verify depth is 1
Handshake duration: 36.05 ms
Execution 1413 - TLS Mutual
s_connection: verify depth is 1
Handshake duration: 37.06 ms
Execution 1414 - TLS Mutual
s_connection: verify depth is 1
Handshake duration: 36.00 ms
Execution 1415 - TLS Mutual
s_connection: verify depth is 1
Handshake duration: 36.31 ms
Execution 1416 - TLS Mutual
s_connection: verify depth is 1
Handshake duration: 36.32 ms
Execution 1417 - TLS Mutual
s_connection: verify depth is 1
Handshake duration: 35.92 ms
Execution 1418 - TLS Mutual
s_connection: verify depth is 1
Handshake duration: 36.04 ms
Execution 1419 - TLS Mutual
s_connection: verify depth is 1
Handshake duration: 36.14 ms
Execution 1420 - TLS Mutual
s_connection: verify depth is 1
Handshake duration: 35.92 ms
Execution 1421 - TLS Mutual
s_connection: verify depth is 1
Handshake duration: 36.09 ms
Execution 1422 - TLS Mutual
s_connection: verify depth is 1
Handshake duration: 36.06 ms
Execution 1423 - TLS Mutual
s_connection: verify depth is 1
Handshake duration: 36.12 ms
Execution 1424 - TLS Mutual
s_connection: verify depth is 1
Handshake duration: 36.20 ms
Execution 1425 - TLS Mutual
s_connection: verify depth is 1
Handshake duration: 37.70 ms
Execution 1426 - TLS Mutual
s_connection: verify depth is 1
Handshake duration: 37.43 ms
Execution 1427 - TLS Mutual
s_connection: verify depth is 1
Handshake duration: 36.32 ms
Execution 1428 - TLS Mutual
s_connection: verify depth is 1
Handshake duration: 36.22 ms
Execution 1429 - TLS Mutual
s_connection: verify depth is 1
Handshake duration: 35.94 ms
Execution 1430 - TLS Mutual
s_connection: verify depth is 1
Handshake duration: 35.96 ms
Execution 1431 - TLS Mutual
s_connection: verify depth is 1
Handshake duration: 36.07 ms
Execution 1432 - TLS Mutual
s_connection: verify depth is 1
Handshake duration: 36.17 ms
Execution 1433 - TLS Mutual
s_connection: verify depth is 1
Handshake duration: 36.71 ms
Execution 1434 - TLS Mutual
s_connection: verify depth is 1
Handshake duration: 36.82 ms
Execution 1435 - TLS Mutual
s_connection: verify depth is 1
Handshake duration: 36.29 ms
Execution 1436 - TLS Mutual
s_connection: verify depth is 1
Handshake duration: 36.11 ms
Execution 1437 - TLS Mutual
s_connection: verify depth is 1
Handshake duration: 36.35 ms
Execution 1438 - TLS Mutual
s_connection: verify depth is 1
Handshake duration: 35.70 ms
Execution 1439 - TLS Mutual
s_connection: verify depth is 1
Handshake duration: 35.94 ms
Execution 1440 - TLS Mutual
s_connection: verify depth is 1
Handshake duration: 36.37 ms
Execution 1441 - TLS Mutual
s_connection: verify depth is 1
Handshake duration: 35.88 ms
Execution 1442 - TLS Mutual
s_connection: verify depth is 1
Handshake duration: 36.23 ms
Execution 1443 - TLS Mutual
s_connection: verify depth is 1
Handshake duration: 36.10 ms
Execution 1444 - TLS Mutual
s_connection: verify depth is 1
Handshake duration: 35.95 ms
Execution 1445 - TLS Mutual
s_connection: verify depth is 1
Handshake duration: 36.53 ms
Execution 1446 - TLS Mutual
s_connection: verify depth is 1
Handshake duration: 36.15 ms
Execution 1447 - TLS Mutual
s_connection: verify depth is 1
Handshake duration: 36.21 ms
Execution 1448 - TLS Mutual
s_connection: verify depth is 1
Handshake duration: 36.26 ms
Execution 1449 - TLS Mutual
s_connection: verify depth is 1
Handshake duration: 36.74 ms
Execution 1450 - TLS Mutual
s_connection: verify depth is 1
Handshake duration: 37.55 ms
Execution 1451 - TLS Mutual
s_connection: verify depth is 1
Handshake duration: 36.51 ms
Execution 1452 - TLS Mutual
s_connection: verify depth is 1
Handshake duration: 35.81 ms
Execution 1453 - TLS Mutual
s_connection: verify depth is 1
Handshake duration: 36.05 ms
Execution 1454 - TLS Mutual
s_connection: verify depth is 1
Handshake duration: 36.05 ms
Execution 1455 - TLS Mutual
s_connection: verify depth is 1
Handshake duration: 36.21 ms
Execution 1456 - TLS Mutual
s_connection: verify depth is 1
Handshake duration: 37.22 ms
Execution 1457 - TLS Mutual
s_connection: verify depth is 1
Handshake duration: 36.32 ms
Execution 1458 - TLS Mutual
s_connection: verify depth is 1
Handshake duration: 36.05 ms
Execution 1459 - TLS Mutual
s_connection: verify depth is 1
Handshake duration: 36.18 ms
Execution 1460 - TLS Mutual
s_connection: verify depth is 1
Handshake duration: 36.26 ms
Execution 1461 - TLS Mutual
s_connection: verify depth is 1
Handshake duration: 36.07 ms
Execution 1462 - TLS Mutual
s_connection: verify depth is 1
Handshake duration: 35.76 ms
Execution 1463 - TLS Mutual
s_connection: verify depth is 1
Handshake duration: 36.24 ms
Execution 1464 - TLS Mutual
s_connection: verify depth is 1
Handshake duration: 35.91 ms
Execution 1465 - TLS Mutual
s_connection: verify depth is 1
Handshake duration: 36.66 ms
Execution 1466 - TLS Mutual
s_connection: verify depth is 1
Handshake duration: 35.91 ms
Execution 1467 - TLS Mutual
s_connection: verify depth is 1
Handshake duration: 36.51 ms
Execution 1468 - TLS Mutual
s_connection: verify depth is 1
Handshake duration: 35.81 ms
Execution 1469 - TLS Mutual
s_connection: verify depth is 1
Handshake duration: 36.51 ms
Execution 1470 - TLS Mutual
s_connection: verify depth is 1
Handshake duration: 35.89 ms
Execution 1471 - TLS Mutual
s_connection: verify depth is 1
Handshake duration: 37.15 ms
Execution 1472 - TLS Mutual
s_connection: verify depth is 1
Handshake duration: 35.94 ms
Execution 1473 - TLS Mutual
s_connection: verify depth is 1
Handshake duration: 36.50 ms
Execution 1474 - TLS Mutual
s_connection: verify depth is 1
Handshake duration: 36.27 ms
Execution 1475 - TLS Mutual
s_connection: verify depth is 1
Handshake duration: 36.80 ms
Execution 1476 - TLS Mutual
s_connection: verify depth is 1
Handshake duration: 36.54 ms
Execution 1477 - TLS Mutual
s_connection: verify depth is 1
Handshake duration: 35.84 ms
Execution 1478 - TLS Mutual
s_connection: verify depth is 1
Handshake duration: 36.20 ms
Execution 1479 - TLS Mutual
s_connection: verify depth is 1
Handshake duration: 36.06 ms
Execution 1480 - TLS Mutual
s_connection: verify depth is 1
Handshake duration: 36.84 ms
Execution 1481 - TLS Mutual
s_connection: verify depth is 1
Handshake duration: 36.76 ms
Execution 1482 - TLS Mutual
s_connection: verify depth is 1
Handshake duration: 36.08 ms
Execution 1483 - TLS Mutual
s_connection: verify depth is 1
Handshake duration: 36.14 ms
Execution 1484 - TLS Mutual
s_connection: verify depth is 1
Handshake duration: 35.93 ms
Execution 1485 - TLS Mutual
s_connection: verify depth is 1
Handshake duration: 35.82 ms
Execution 1486 - TLS Mutual
s_connection: verify depth is 1
Handshake duration: 36.21 ms
Execution 1487 - TLS Mutual
s_connection: verify depth is 1
Handshake duration: 36.08 ms
Execution 1488 - TLS Mutual
s_connection: verify depth is 1
Handshake duration: 36.80 ms
Execution 1489 - TLS Mutual
s_connection: verify depth is 1
Handshake duration: 36.11 ms
Execution 1490 - TLS Mutual
s_connection: verify depth is 1
Handshake duration: 36.45 ms
Execution 1491 - TLS Mutual
s_connection: verify depth is 1
Handshake duration: 37.41 ms
Execution 1492 - TLS Mutual
s_connection: verify depth is 1
Handshake duration: 36.18 ms
Execution 1493 - TLS Mutual
s_connection: verify depth is 1
Handshake duration: 36.07 ms
Execution 1494 - TLS Mutual
s_connection: verify depth is 1
Handshake duration: 35.93 ms
Execution 1495 - TLS Mutual
s_connection: verify depth is 1
Handshake duration: 36.25 ms
Execution 1496 - TLS Mutual
s_connection: verify depth is 1
Handshake duration: 35.92 ms
Execution 1497 - TLS Mutual
s_connection: verify depth is 1
Handshake duration: 35.99 ms
Execution 1498 - TLS Mutual
s_connection: verify depth is 1
Handshake duration: 36.09 ms
Execution 1499 - TLS Mutual
s_connection: verify depth is 1
Handshake duration: 36.08 ms
Execution 1500 - TLS Mutual
s_connection: verify depth is 1
Handshake duration: 36.96 ms
Execution 1501 - TLS Mutual
s_connection: verify depth is 1
Handshake duration: 35.84 ms
Execution 1502 - TLS Mutual
s_connection: verify depth is 1
Handshake duration: 36.12 ms
Execution 1503 - TLS Mutual
s_connection: verify depth is 1
Handshake duration: 36.47 ms
Execution 1504 - TLS Mutual
s_connection: verify depth is 1
Handshake duration: 36.21 ms
Execution 1505 - TLS Mutual
s_connection: verify depth is 1
Handshake duration: 36.78 ms
Execution 1506 - TLS Mutual
s_connection: verify depth is 1
Handshake duration: 37.11 ms
Execution 1507 - TLS Mutual
s_connection: verify depth is 1
Handshake duration: 35.87 ms
Execution 1508 - TLS Mutual
s_connection: verify depth is 1
Handshake duration: 35.86 ms
Execution 1509 - TLS Mutual
s_connection: verify depth is 1
Handshake duration: 36.46 ms
Execution 1510 - TLS Mutual
s_connection: verify depth is 1
Handshake duration: 35.86 ms
Execution 1511 - TLS Mutual
s_connection: verify depth is 1
Handshake duration: 36.21 ms
Execution 1512 - TLS Mutual
s_connection: verify depth is 1
Handshake duration: 35.95 ms
Execution 1513 - TLS Mutual
s_connection: verify depth is 1
Handshake duration: 36.01 ms
Execution 1514 - TLS Mutual
s_connection: verify depth is 1
Handshake duration: 36.02 ms
Execution 1515 - TLS Mutual
s_connection: verify depth is 1
Handshake duration: 36.10 ms
Execution 1516 - TLS Mutual
s_connection: verify depth is 1
Handshake duration: 36.26 ms
Execution 1517 - TLS Mutual
s_connection: verify depth is 1
Handshake duration: 36.37 ms
Execution 1518 - TLS Mutual
s_connection: verify depth is 1
Handshake duration: 36.36 ms
Execution 1519 - TLS Mutual
s_connection: verify depth is 1
Handshake duration: 36.04 ms
Execution 1520 - TLS Mutual
s_connection: verify depth is 1
Handshake duration: 36.96 ms
Execution 1521 - TLS Mutual
s_connection: verify depth is 1
Handshake duration: 36.73 ms
Execution 1522 - TLS Mutual
s_connection: verify depth is 1
Handshake duration: 35.96 ms
Execution 1523 - TLS Mutual
s_connection: verify depth is 1
Handshake duration: 36.14 ms
Execution 1524 - TLS Mutual
s_connection: verify depth is 1
Handshake duration: 36.11 ms
Execution 1525 - TLS Mutual
s_connection: verify depth is 1
Handshake duration: 36.56 ms
Execution 1526 - TLS Mutual
s_connection: verify depth is 1
Handshake duration: 36.66 ms
Execution 1527 - TLS Mutual
s_connection: verify depth is 1
Handshake duration: 35.89 ms
Execution 1528 - TLS Mutual
s_connection: verify depth is 1
Handshake duration: 35.71 ms
Execution 1529 - TLS Mutual
s_connection: verify depth is 1
Handshake duration: 36.05 ms
Execution 1530 - TLS Mutual
s_connection: verify depth is 1
Handshake duration: 36.50 ms
Execution 1531 - TLS Mutual
s_connection: verify depth is 1
Handshake duration: 36.01 ms
Execution 1532 - TLS Mutual
s_connection: verify depth is 1
Handshake duration: 36.26 ms
Execution 1533 - TLS Mutual
s_connection: verify depth is 1
Handshake duration: 36.03 ms
Execution 1534 - TLS Mutual
s_connection: verify depth is 1
Handshake duration: 36.87 ms
Execution 1535 - TLS Mutual
s_connection: verify depth is 1
Handshake duration: 35.96 ms
Execution 1536 - TLS Mutual
s_connection: verify depth is 1
Handshake duration: 36.71 ms
Execution 1537 - TLS Mutual
s_connection: verify depth is 1
Handshake duration: 36.07 ms
Execution 1538 - TLS Mutual
s_connection: verify depth is 1
Handshake duration: 36.11 ms
Execution 1539 - TLS Mutual
s_connection: verify depth is 1
Handshake duration: 35.82 ms
Execution 1540 - TLS Mutual
s_connection: verify depth is 1
Handshake duration: 35.76 ms
Execution 1541 - TLS Mutual
s_connection: verify depth is 1
Handshake duration: 36.57 ms
Execution 1542 - TLS Mutual
s_connection: verify depth is 1
Handshake duration: 36.27 ms
Execution 1543 - TLS Mutual
s_connection: verify depth is 1
Handshake duration: 36.01 ms
Execution 1544 - TLS Mutual
s_connection: verify depth is 1
Handshake duration: 36.87 ms
Execution 1545 - TLS Mutual
s_connection: verify depth is 1
Handshake duration: 36.08 ms
Execution 1546 - TLS Mutual
s_connection: verify depth is 1
Handshake duration: 35.71 ms
Execution 1547 - TLS Mutual
s_connection: verify depth is 1
Handshake duration: 36.73 ms
Execution 1548 - TLS Mutual
s_connection: verify depth is 1
Handshake duration: 36.14 ms
Execution 1549 - TLS Mutual
s_connection: verify depth is 1
Handshake duration: 36.00 ms
Execution 1550 - TLS Mutual
s_connection: verify depth is 1
Handshake duration: 36.20 ms
Execution 1551 - TLS Mutual
s_connection: verify depth is 1
Handshake duration: 36.05 ms
Execution 1552 - TLS Mutual
s_connection: verify depth is 1
Handshake duration: 35.84 ms
Execution 1553 - TLS Mutual
s_connection: verify depth is 1
Handshake duration: 36.00 ms
Execution 1554 - TLS Mutual
s_connection: verify depth is 1
Handshake duration: 40.17 ms
Execution 1555 - TLS Mutual
s_connection: verify depth is 1
Handshake duration: 36.77 ms
Execution 1556 - TLS Mutual
s_connection: verify depth is 1
Handshake duration: 36.13 ms
Execution 1557 - TLS Mutual
s_connection: verify depth is 1
Handshake duration: 37.19 ms
Execution 1558 - TLS Mutual
s_connection: verify depth is 1
Handshake duration: 36.36 ms
Execution 1559 - TLS Mutual
s_connection: verify depth is 1
Handshake duration: 36.00 ms
Execution 1560 - TLS Mutual
s_connection: verify depth is 1
Handshake duration: 36.39 ms
Execution 1561 - TLS Mutual
s_connection: verify depth is 1
Handshake duration: 37.06 ms
Execution 1562 - TLS Mutual
s_connection: verify depth is 1
Handshake duration: 36.37 ms
Execution 1563 - TLS Mutual
s_connection: verify depth is 1
Handshake duration: 35.94 ms
Execution 1564 - TLS Mutual
s_connection: verify depth is 1
Handshake duration: 36.67 ms
Execution 1565 - TLS Mutual
s_connection: verify depth is 1
Handshake duration: 36.73 ms
Execution 1566 - TLS Mutual
s_connection: verify depth is 1
Handshake duration: 35.88 ms
Execution 1567 - TLS Mutual
s_connection: verify depth is 1
Handshake duration: 36.30 ms
Execution 1568 - TLS Mutual
s_connection: verify depth is 1
Handshake duration: 35.92 ms
Execution 1569 - TLS Mutual
s_connection: verify depth is 1
Handshake duration: 36.11 ms
Execution 1570 - TLS Mutual
s_connection: verify depth is 1
Handshake duration: 35.97 ms
Execution 1571 - TLS Mutual
s_connection: verify depth is 1
Handshake duration: 36.80 ms
Execution 1572 - TLS Mutual
s_connection: verify depth is 1
Handshake duration: 35.81 ms
Execution 1573 - TLS Mutual
s_connection: verify depth is 1
Handshake duration: 36.09 ms
Execution 1574 - TLS Mutual
s_connection: verify depth is 1
Handshake duration: 36.23 ms
Execution 1575 - TLS Mutual
s_connection: verify depth is 1
Handshake duration: 35.99 ms
Execution 1576 - TLS Mutual
s_connection: verify depth is 1
Handshake duration: 36.96 ms
Execution 1577 - TLS Mutual
s_connection: verify depth is 1
Handshake duration: 36.97 ms
Execution 1578 - TLS Mutual
s_connection: verify depth is 1
Handshake duration: 35.83 ms
Execution 1579 - TLS Mutual
s_connection: verify depth is 1
Handshake duration: 36.09 ms
Execution 1580 - TLS Mutual
s_connection: verify depth is 1
Handshake duration: 36.56 ms
Execution 1581 - TLS Mutual
s_connection: verify depth is 1
Handshake duration: 35.97 ms
Execution 1582 - TLS Mutual
s_connection: verify depth is 1
Handshake duration: 36.05 ms
Execution 1583 - TLS Mutual
s_connection: verify depth is 1
Handshake duration: 35.75 ms
Execution 1584 - TLS Mutual
s_connection: verify depth is 1
Handshake duration: 36.24 ms
Execution 1585 - TLS Mutual
s_connection: verify depth is 1
Handshake duration: 35.69 ms
Execution 1586 - TLS Mutual
s_connection: verify depth is 1
Handshake duration: 36.15 ms
Execution 1587 - TLS Mutual
s_connection: verify depth is 1
Handshake duration: 36.21 ms
Execution 1588 - TLS Mutual
s_connection: verify depth is 1
Handshake duration: 35.96 ms
Execution 1589 - TLS Mutual
s_connection: verify depth is 1
Handshake duration: 35.92 ms
Execution 1590 - TLS Mutual
s_connection: verify depth is 1
Handshake duration: 36.43 ms
Execution 1591 - TLS Mutual
s_connection: verify depth is 1
Handshake duration: 36.44 ms
Execution 1592 - TLS Mutual
s_connection: verify depth is 1
Handshake duration: 35.87 ms
Execution 1593 - TLS Mutual
s_connection: verify depth is 1
Handshake duration: 36.02 ms
Execution 1594 - TLS Mutual
s_connection: verify depth is 1
Handshake duration: 35.92 ms
Execution 1595 - TLS Mutual
s_connection: verify depth is 1
Handshake duration: 36.29 ms
Execution 1596 - TLS Mutual
s_connection: verify depth is 1
Handshake duration: 36.47 ms
Execution 1597 - TLS Mutual
s_connection: verify depth is 1
Handshake duration: 36.01 ms
Execution 1598 - TLS Mutual
s_connection: verify depth is 1
Handshake duration: 36.00 ms
Execution 1599 - TLS Mutual
s_connection: verify depth is 1
Handshake duration: 36.78 ms
Execution 1600 - TLS Mutual
s_connection: verify depth is 1
Handshake duration: 36.40 ms
Execution 1601 - TLS Mutual
s_connection: verify depth is 1
Handshake duration: 36.23 ms
Execution 1602 - TLS Mutual
s_connection: verify depth is 1
Handshake duration: 35.83 ms
Execution 1603 - TLS Mutual
s_connection: verify depth is 1
Handshake duration: 35.96 ms
Execution 1604 - TLS Mutual
s_connection: verify depth is 1
Handshake duration: 36.15 ms
Execution 1605 - TLS Mutual
s_connection: verify depth is 1
Handshake duration: 36.69 ms
Execution 1606 - TLS Mutual
s_connection: verify depth is 1
Handshake duration: 36.52 ms
Execution 1607 - TLS Mutual
s_connection: verify depth is 1
Handshake duration: 36.78 ms
Execution 1608 - TLS Mutual
s_connection: verify depth is 1
Handshake duration: 36.08 ms
Execution 1609 - TLS Mutual
s_connection: verify depth is 1
Handshake duration: 36.04 ms
Execution 1610 - TLS Mutual
s_connection: verify depth is 1
Handshake duration: 37.43 ms
Execution 1611 - TLS Mutual
s_connection: verify depth is 1
Handshake duration: 36.17 ms
Execution 1612 - TLS Mutual
s_connection: verify depth is 1
Handshake duration: 36.39 ms
Execution 1613 - TLS Mutual
s_connection: verify depth is 1
Handshake duration: 35.94 ms
Execution 1614 - TLS Mutual
s_connection: verify depth is 1
Handshake duration: 36.35 ms
Execution 1615 - TLS Mutual
s_connection: verify depth is 1
Handshake duration: 36.30 ms
Execution 1616 - TLS Mutual
s_connection: verify depth is 1
Handshake duration: 35.95 ms
Execution 1617 - TLS Mutual
s_connection: verify depth is 1
Handshake duration: 36.57 ms
Execution 1618 - TLS Mutual
s_connection: verify depth is 1
Handshake duration: 36.17 ms
Execution 1619 - TLS Mutual
s_connection: verify depth is 1
Handshake duration: 36.06 ms
Execution 1620 - TLS Mutual
s_connection: verify depth is 1
Handshake duration: 36.77 ms
Execution 1621 - TLS Mutual
s_connection: verify depth is 1
Handshake duration: 36.90 ms
Execution 1622 - TLS Mutual
s_connection: verify depth is 1
Handshake duration: 35.83 ms
Execution 1623 - TLS Mutual
s_connection: verify depth is 1
Handshake duration: 36.47 ms
Execution 1624 - TLS Mutual
s_connection: verify depth is 1
Handshake duration: 37.36 ms
Execution 1625 - TLS Mutual
s_connection: verify depth is 1
Handshake duration: 36.31 ms
Execution 1626 - TLS Mutual
s_connection: verify depth is 1
Handshake duration: 36.09 ms
Execution 1627 - TLS Mutual
s_connection: verify depth is 1
Handshake duration: 36.40 ms
Execution 1628 - TLS Mutual
s_connection: verify depth is 1
Handshake duration: 36.87 ms
Execution 1629 - TLS Mutual
s_connection: verify depth is 1
Handshake duration: 36.06 ms
Execution 1630 - TLS Mutual
s_connection: verify depth is 1
Handshake duration: 35.99 ms
Execution 1631 - TLS Mutual
s_connection: verify depth is 1
Handshake duration: 36.47 ms
Execution 1632 - TLS Mutual
s_connection: verify depth is 1
Handshake duration: 36.17 ms
Execution 1633 - TLS Mutual
s_connection: verify depth is 1
Handshake duration: 36.41 ms
Execution 1634 - TLS Mutual
s_connection: verify depth is 1
Handshake duration: 36.23 ms
Execution 1635 - TLS Mutual
s_connection: verify depth is 1
Handshake duration: 36.44 ms
Execution 1636 - TLS Mutual
s_connection: verify depth is 1
Handshake duration: 36.17 ms
Execution 1637 - TLS Mutual
s_connection: verify depth is 1
Handshake duration: 36.02 ms
Execution 1638 - TLS Mutual
s_connection: verify depth is 1
Handshake duration: 36.26 ms
Execution 1639 - TLS Mutual
s_connection: verify depth is 1
Handshake duration: 35.93 ms
Execution 1640 - TLS Mutual
s_connection: verify depth is 1
Handshake duration: 35.99 ms
Execution 1641 - TLS Mutual
s_connection: verify depth is 1
Handshake duration: 36.18 ms
Execution 1642 - TLS Mutual
s_connection: verify depth is 1
Handshake duration: 35.98 ms
Execution 1643 - TLS Mutual
s_connection: verify depth is 1
Handshake duration: 36.28 ms
Execution 1644 - TLS Mutual
s_connection: verify depth is 1
Handshake duration: 36.73 ms
Execution 1645 - TLS Mutual
s_connection: verify depth is 1
Handshake duration: 35.95 ms
Execution 1646 - TLS Mutual
s_connection: verify depth is 1
Handshake duration: 36.48 ms
Execution 1647 - TLS Mutual
s_connection: verify depth is 1
Handshake duration: 37.16 ms
Execution 1648 - TLS Mutual
s_connection: verify depth is 1
Handshake duration: 36.19 ms
Execution 1649 - TLS Mutual
s_connection: verify depth is 1
Handshake duration: 36.19 ms
Execution 1650 - TLS Mutual
s_connection: verify depth is 1
Handshake duration: 36.21 ms
Execution 1651 - TLS Mutual
s_connection: verify depth is 1
Handshake duration: 37.16 ms
Execution 1652 - TLS Mutual
s_connection: verify depth is 1
Handshake duration: 36.42 ms
Execution 1653 - TLS Mutual
s_connection: verify depth is 1
Handshake duration: 36.24 ms
Execution 1654 - TLS Mutual
s_connection: verify depth is 1
Handshake duration: 35.97 ms
Execution 1655 - TLS Mutual
s_connection: verify depth is 1
Handshake duration: 36.00 ms
Execution 1656 - TLS Mutual
s_connection: verify depth is 1
Handshake duration: 35.91 ms
Execution 1657 - TLS Mutual
s_connection: verify depth is 1
Handshake duration: 35.98 ms
Execution 1658 - TLS Mutual
s_connection: verify depth is 1
Handshake duration: 36.20 ms
Execution 1659 - TLS Mutual
s_connection: verify depth is 1
Handshake duration: 35.93 ms
Execution 1660 - TLS Mutual
s_connection: verify depth is 1
Handshake duration: 36.43 ms
Execution 1661 - TLS Mutual
s_connection: verify depth is 1
Handshake duration: 36.83 ms
Execution 1662 - TLS Mutual
s_connection: verify depth is 1
Handshake duration: 35.79 ms
Execution 1663 - TLS Mutual
s_connection: verify depth is 1
Handshake duration: 36.49 ms
Execution 1664 - TLS Mutual
s_connection: verify depth is 1
Handshake duration: 36.13 ms
Execution 1665 - TLS Mutual
s_connection: verify depth is 1
Handshake duration: 36.10 ms
Execution 1666 - TLS Mutual
s_connection: verify depth is 1
Handshake duration: 35.83 ms
Execution 1667 - TLS Mutual
s_connection: verify depth is 1
Handshake duration: 35.92 ms
Execution 1668 - TLS Mutual
s_connection: verify depth is 1
Handshake duration: 36.36 ms
Execution 1669 - TLS Mutual
s_connection: verify depth is 1
Handshake duration: 35.92 ms
Execution 1670 - TLS Mutual
s_connection: verify depth is 1
Handshake duration: 36.41 ms
Execution 1671 - TLS Mutual
s_connection: verify depth is 1
Handshake duration: 36.06 ms
Execution 1672 - TLS Mutual
s_connection: verify depth is 1
Handshake duration: 37.82 ms
Execution 1673 - TLS Mutual
s_connection: verify depth is 1
Handshake duration: 46.23 ms
Execution 1674 - TLS Mutual
s_connection: verify depth is 1
Handshake duration: 36.66 ms
Execution 1675 - TLS Mutual
s_connection: verify depth is 1
Handshake duration: 35.88 ms
Execution 1676 - TLS Mutual
s_connection: verify depth is 1
Handshake duration: 35.82 ms
Execution 1677 - TLS Mutual
s_connection: verify depth is 1
Handshake duration: 36.07 ms
Execution 1678 - TLS Mutual
s_connection: verify depth is 1
Handshake duration: 36.05 ms
Execution 1679 - TLS Mutual
s_connection: verify depth is 1
Handshake duration: 35.84 ms
Execution 1680 - TLS Mutual
s_connection: verify depth is 1
Handshake duration: 36.83 ms
Execution 1681 - TLS Mutual
s_connection: verify depth is 1
Handshake duration: 35.85 ms
Execution 1682 - TLS Mutual
s_connection: verify depth is 1
Handshake duration: 35.96 ms
Execution 1683 - TLS Mutual
s_connection: verify depth is 1
Handshake duration: 36.27 ms
Execution 1684 - TLS Mutual
s_connection: verify depth is 1
Handshake duration: 36.45 ms
Execution 1685 - TLS Mutual
s_connection: verify depth is 1
Handshake duration: 35.92 ms
Execution 1686 - TLS Mutual
s_connection: verify depth is 1
Handshake duration: 35.98 ms
Execution 1687 - TLS Mutual
s_connection: verify depth is 1
Handshake duration: 36.11 ms
Execution 1688 - TLS Mutual
s_connection: verify depth is 1
Handshake duration: 36.25 ms
Execution 1689 - TLS Mutual
s_connection: verify depth is 1
Handshake duration: 36.38 ms
Execution 1690 - TLS Mutual
s_connection: verify depth is 1
Handshake duration: 36.68 ms
Execution 1691 - TLS Mutual
s_connection: verify depth is 1
Handshake duration: 36.08 ms
Execution 1692 - TLS Mutual
s_connection: verify depth is 1
Handshake duration: 36.79 ms
Execution 1693 - TLS Mutual
s_connection: verify depth is 1
Handshake duration: 35.97 ms
Execution 1694 - TLS Mutual
s_connection: verify depth is 1
Handshake duration: 36.29 ms
Execution 1695 - TLS Mutual
s_connection: verify depth is 1
Handshake duration: 35.71 ms
Execution 1696 - TLS Mutual
s_connection: verify depth is 1
Handshake duration: 35.96 ms
Execution 1697 - TLS Mutual
s_connection: verify depth is 1
Handshake duration: 36.09 ms
Execution 1698 - TLS Mutual
s_connection: verify depth is 1
Handshake duration: 36.07 ms
Execution 1699 - TLS Mutual
s_connection: verify depth is 1
Handshake duration: 36.83 ms
Execution 1700 - TLS Mutual
s_connection: verify depth is 1
Handshake duration: 35.97 ms
Execution 1701 - TLS Mutual
s_connection: verify depth is 1
Handshake duration: 36.16 ms
Execution 1702 - TLS Mutual
s_connection: verify depth is 1
Handshake duration: 36.22 ms
Execution 1703 - TLS Mutual
s_connection: verify depth is 1
Handshake duration: 36.50 ms
Execution 1704 - TLS Mutual
s_connection: verify depth is 1
Handshake duration: 35.92 ms
Execution 1705 - TLS Mutual
s_connection: verify depth is 1
Handshake duration: 35.88 ms
Execution 1706 - TLS Mutual
s_connection: verify depth is 1
Handshake duration: 35.80 ms
Execution 1707 - TLS Mutual
s_connection: verify depth is 1
Handshake duration: 35.74 ms
Execution 1708 - TLS Mutual
s_connection: verify depth is 1
Handshake duration: 36.08 ms
Execution 1709 - TLS Mutual
s_connection: verify depth is 1
Handshake duration: 35.90 ms
Execution 1710 - TLS Mutual
s_connection: verify depth is 1
Handshake duration: 36.58 ms
Execution 1711 - TLS Mutual
s_connection: verify depth is 1
Handshake duration: 36.38 ms
Execution 1712 - TLS Mutual
s_connection: verify depth is 1
Handshake duration: 35.96 ms
Execution 1713 - TLS Mutual
s_connection: verify depth is 1
Handshake duration: 36.65 ms
Execution 1714 - TLS Mutual
s_connection: verify depth is 1
Handshake duration: 35.92 ms
Execution 1715 - TLS Mutual
s_connection: verify depth is 1
Handshake duration: 35.98 ms
Execution 1716 - TLS Mutual
s_connection: verify depth is 1
Handshake duration: 36.81 ms
Execution 1717 - TLS Mutual
s_connection: verify depth is 1
Handshake duration: 35.91 ms
Execution 1718 - TLS Mutual
s_connection: verify depth is 1
Handshake duration: 36.13 ms
Execution 1719 - TLS Mutual
s_connection: verify depth is 1
Handshake duration: 35.99 ms
Execution 1720 - TLS Mutual
s_connection: verify depth is 1
Handshake duration: 35.95 ms
Execution 1721 - TLS Mutual
s_connection: verify depth is 1
Handshake duration: 35.93 ms
Execution 1722 - TLS Mutual
s_connection: verify depth is 1
Handshake duration: 36.47 ms
Execution 1723 - TLS Mutual
s_connection: verify depth is 1
Handshake duration: 37.29 ms
Execution 1724 - TLS Mutual
s_connection: verify depth is 1
Handshake duration: 36.29 ms
Execution 1725 - TLS Mutual
s_connection: verify depth is 1
Handshake duration: 35.88 ms
Execution 1726 - TLS Mutual
s_connection: verify depth is 1
Handshake duration: 35.94 ms
Execution 1727 - TLS Mutual
s_connection: verify depth is 1
Handshake duration: 36.09 ms
Execution 1728 - TLS Mutual
s_connection: verify depth is 1
Handshake duration: 36.88 ms
Execution 1729 - TLS Mutual
s_connection: verify depth is 1
Handshake duration: 36.49 ms
Execution 1730 - TLS Mutual
s_connection: verify depth is 1
Handshake duration: 37.17 ms
Execution 1731 - TLS Mutual
s_connection: verify depth is 1
Handshake duration: 36.90 ms
Execution 1732 - TLS Mutual
s_connection: verify depth is 1
Handshake duration: 37.08 ms
Execution 1733 - TLS Mutual
s_connection: verify depth is 1
Handshake duration: 36.07 ms
Execution 1734 - TLS Mutual
s_connection: verify depth is 1
Handshake duration: 36.53 ms
Execution 1735 - TLS Mutual
s_connection: verify depth is 1
Handshake duration: 35.72 ms
Execution 1736 - TLS Mutual
s_connection: verify depth is 1
Handshake duration: 36.31 ms
Execution 1737 - TLS Mutual
s_connection: verify depth is 1
Handshake duration: 36.09 ms
Execution 1738 - TLS Mutual
s_connection: verify depth is 1
Handshake duration: 36.31 ms
Execution 1739 - TLS Mutual
s_connection: verify depth is 1
Handshake duration: 36.24 ms
Execution 1740 - TLS Mutual
s_connection: verify depth is 1
Handshake duration: 36.19 ms
Execution 1741 - TLS Mutual
s_connection: verify depth is 1
Handshake duration: 36.83 ms
Execution 1742 - TLS Mutual
s_connection: verify depth is 1
Handshake duration: 36.83 ms
Execution 1743 - TLS Mutual
s_connection: verify depth is 1
Handshake duration: 36.51 ms
Execution 1744 - TLS Mutual
s_connection: verify depth is 1
Handshake duration: 36.06 ms
Execution 1745 - TLS Mutual
s_connection: verify depth is 1
Handshake duration: 35.91 ms
Execution 1746 - TLS Mutual
s_connection: verify depth is 1
Handshake duration: 35.93 ms
Execution 1747 - TLS Mutual
s_connection: verify depth is 1
Handshake duration: 35.85 ms
Execution 1748 - TLS Mutual
s_connection: verify depth is 1
Handshake duration: 36.53 ms
Execution 1749 - TLS Mutual
s_connection: verify depth is 1
Handshake duration: 36.18 ms
Execution 1750 - TLS Mutual
s_connection: verify depth is 1
Handshake duration: 36.66 ms
Execution 1751 - TLS Mutual
s_connection: verify depth is 1
Handshake duration: 35.87 ms
Execution 1752 - TLS Mutual
s_connection: verify depth is 1
Handshake duration: 36.36 ms
Execution 1753 - TLS Mutual
s_connection: verify depth is 1
Handshake duration: 35.92 ms
Execution 1754 - TLS Mutual
s_connection: verify depth is 1
Handshake duration: 36.63 ms
Execution 1755 - TLS Mutual
s_connection: verify depth is 1
Handshake duration: 36.39 ms
Execution 1756 - TLS Mutual
s_connection: verify depth is 1
Handshake duration: 36.09 ms
Execution 1757 - TLS Mutual
s_connection: verify depth is 1
Handshake duration: 36.16 ms
Execution 1758 - TLS Mutual
s_connection: verify depth is 1
Handshake duration: 35.85 ms
Execution 1759 - TLS Mutual
s_connection: verify depth is 1
Handshake duration: 36.25 ms
Execution 1760 - TLS Mutual
s_connection: verify depth is 1
Handshake duration: 36.47 ms
Execution 1761 - TLS Mutual
s_connection: verify depth is 1
Handshake duration: 36.55 ms
Execution 1762 - TLS Mutual
s_connection: verify depth is 1
Handshake duration: 36.28 ms
Execution 1763 - TLS Mutual
s_connection: verify depth is 1
Handshake duration: 35.97 ms
Execution 1764 - TLS Mutual
s_connection: verify depth is 1
Handshake duration: 36.56 ms
Execution 1765 - TLS Mutual
s_connection: verify depth is 1
Handshake duration: 36.33 ms
Execution 1766 - TLS Mutual
s_connection: verify depth is 1
Handshake duration: 36.11 ms
Execution 1767 - TLS Mutual
s_connection: verify depth is 1
Handshake duration: 37.79 ms
Execution 1768 - TLS Mutual
s_connection: verify depth is 1
Handshake duration: 36.17 ms
Execution 1769 - TLS Mutual
s_connection: verify depth is 1
Handshake duration: 36.48 ms
Execution 1770 - TLS Mutual
s_connection: verify depth is 1
Handshake duration: 36.00 ms
Execution 1771 - TLS Mutual
s_connection: verify depth is 1
Handshake duration: 36.25 ms
Execution 1772 - TLS Mutual
s_connection: verify depth is 1
Handshake duration: 36.55 ms
Execution 1773 - TLS Mutual
s_connection: verify depth is 1
Handshake duration: 36.11 ms
Execution 1774 - TLS Mutual
s_connection: verify depth is 1
Handshake duration: 37.27 ms
Execution 1775 - TLS Mutual
s_connection: verify depth is 1
Handshake duration: 36.21 ms
Execution 1776 - TLS Mutual
s_connection: verify depth is 1
Handshake duration: 36.08 ms
Execution 1777 - TLS Mutual
s_connection: verify depth is 1
Handshake duration: 35.80 ms
Execution 1778 - TLS Mutual
s_connection: verify depth is 1
Handshake duration: 35.81 ms
Execution 1779 - TLS Mutual
s_connection: verify depth is 1
Handshake duration: 36.25 ms
Execution 1780 - TLS Mutual
s_connection: verify depth is 1
Handshake duration: 36.51 ms
Execution 1781 - TLS Mutual
s_connection: verify depth is 1
Handshake duration: 36.08 ms
Execution 1782 - TLS Mutual
s_connection: verify depth is 1
Handshake duration: 36.04 ms
Execution 1783 - TLS Mutual
s_connection: verify depth is 1
Handshake duration: 36.08 ms
Execution 1784 - TLS Mutual
s_connection: verify depth is 1
Handshake duration: 36.01 ms
Execution 1785 - TLS Mutual
s_connection: verify depth is 1
Handshake duration: 36.09 ms
Execution 1786 - TLS Mutual
s_connection: verify depth is 1
Handshake duration: 36.16 ms
Execution 1787 - TLS Mutual
s_connection: verify depth is 1
Handshake duration: 36.13 ms
Execution 1788 - TLS Mutual
s_connection: verify depth is 1
Handshake duration: 35.82 ms
Execution 1789 - TLS Mutual
s_connection: verify depth is 1
Handshake duration: 36.98 ms
Execution 1790 - TLS Mutual
s_connection: verify depth is 1
Handshake duration: 36.03 ms
Execution 1791 - TLS Mutual
s_connection: verify depth is 1
Handshake duration: 35.81 ms
Execution 1792 - TLS Mutual
s_connection: verify depth is 1
Handshake duration: 36.66 ms
Execution 1793 - TLS Mutual
s_connection: verify depth is 1
Handshake duration: 36.79 ms
Execution 1794 - TLS Mutual
s_connection: verify depth is 1
Handshake duration: 36.51 ms
Execution 1795 - TLS Mutual
s_connection: verify depth is 1
Handshake duration: 36.48 ms
Execution 1796 - TLS Mutual
s_connection: verify depth is 1
Handshake duration: 36.24 ms
Execution 1797 - TLS Mutual
s_connection: verify depth is 1
Handshake duration: 36.02 ms
Execution 1798 - TLS Mutual
s_connection: verify depth is 1
Handshake duration: 36.43 ms
Execution 1799 - TLS Mutual
s_connection: verify depth is 1
Handshake duration: 36.69 ms
Execution 1800 - TLS Mutual
s_connection: verify depth is 1
Handshake duration: 37.00 ms
Execution 1801 - TLS Mutual
s_connection: verify depth is 1
Handshake duration: 36.08 ms
Execution 1802 - TLS Mutual
s_connection: verify depth is 1
Handshake duration: 35.94 ms
Execution 1803 - TLS Mutual
s_connection: verify depth is 1
Handshake duration: 36.73 ms
Execution 1804 - TLS Mutual
s_connection: verify depth is 1
Handshake duration: 36.15 ms
Execution 1805 - TLS Mutual
s_connection: verify depth is 1
Handshake duration: 36.43 ms
Execution 1806 - TLS Mutual
s_connection: verify depth is 1
Handshake duration: 36.25 ms
Execution 1807 - TLS Mutual
s_connection: verify depth is 1
Handshake duration: 35.99 ms
Execution 1808 - TLS Mutual
s_connection: verify depth is 1
Handshake duration: 36.30 ms
Execution 1809 - TLS Mutual
s_connection: verify depth is 1
Handshake duration: 36.81 ms
Execution 1810 - TLS Mutual
s_connection: verify depth is 1
Handshake duration: 36.32 ms
Execution 1811 - TLS Mutual
s_connection: verify depth is 1
Handshake duration: 36.68 ms
Execution 1812 - TLS Mutual
s_connection: verify depth is 1
Handshake duration: 35.94 ms
Execution 1813 - TLS Mutual
s_connection: verify depth is 1
Handshake duration: 36.36 ms
Execution 1814 - TLS Mutual
s_connection: verify depth is 1
Handshake duration: 35.82 ms
Execution 1815 - TLS Mutual
s_connection: verify depth is 1
Handshake duration: 36.06 ms
Execution 1816 - TLS Mutual
s_connection: verify depth is 1
Handshake duration: 36.52 ms
Execution 1817 - TLS Mutual
s_connection: verify depth is 1
Handshake duration: 36.12 ms
Execution 1818 - TLS Mutual
s_connection: verify depth is 1
Handshake duration: 36.01 ms
Execution 1819 - TLS Mutual
s_connection: verify depth is 1
Handshake duration: 37.55 ms
Execution 1820 - TLS Mutual
s_connection: verify depth is 1
Handshake duration: 35.90 ms
Execution 1821 - TLS Mutual
s_connection: verify depth is 1
Handshake duration: 36.02 ms
Execution 1822 - TLS Mutual
s_connection: verify depth is 1
Handshake duration: 36.34 ms
Execution 1823 - TLS Mutual
s_connection: verify depth is 1
Handshake duration: 36.08 ms
Execution 1824 - TLS Mutual
s_connection: verify depth is 1
Handshake duration: 36.77 ms
Execution 1825 - TLS Mutual
s_connection: verify depth is 1
Handshake duration: 35.85 ms
Execution 1826 - TLS Mutual
s_connection: verify depth is 1
Handshake duration: 36.45 ms
Execution 1827 - TLS Mutual
s_connection: verify depth is 1
Handshake duration: 36.72 ms
Execution 1828 - TLS Mutual
s_connection: verify depth is 1
Handshake duration: 36.70 ms
Execution 1829 - TLS Mutual
s_connection: verify depth is 1
Handshake duration: 36.20 ms
Execution 1830 - TLS Mutual
s_connection: verify depth is 1
Handshake duration: 35.96 ms
Execution 1831 - TLS Mutual
s_connection: verify depth is 1
Handshake duration: 35.88 ms
Execution 1832 - TLS Mutual
s_connection: verify depth is 1
Handshake duration: 35.91 ms
Execution 1833 - TLS Mutual
s_connection: verify depth is 1
Handshake duration: 36.56 ms
Execution 1834 - TLS Mutual
s_connection: verify depth is 1
Handshake duration: 36.02 ms
Execution 1835 - TLS Mutual
s_connection: verify depth is 1
Handshake duration: 36.08 ms
Execution 1836 - TLS Mutual
s_connection: verify depth is 1
Handshake duration: 35.82 ms
Execution 1837 - TLS Mutual
s_connection: verify depth is 1
Handshake duration: 36.35 ms
Execution 1838 - TLS Mutual
s_connection: verify depth is 1
Handshake duration: 36.05 ms
Execution 1839 - TLS Mutual
s_connection: verify depth is 1
Handshake duration: 36.27 ms
Execution 1840 - TLS Mutual
s_connection: verify depth is 1
Handshake duration: 36.13 ms
Execution 1841 - TLS Mutual
s_connection: verify depth is 1
Handshake duration: 35.71 ms
Execution 1842 - TLS Mutual
s_connection: verify depth is 1
Handshake duration: 36.09 ms
Execution 1843 - TLS Mutual
s_connection: verify depth is 1
Handshake duration: 36.08 ms
Execution 1844 - TLS Mutual
s_connection: verify depth is 1
Handshake duration: 35.84 ms
Execution 1845 - TLS Mutual
s_connection: verify depth is 1
Handshake duration: 36.05 ms
Execution 1846 - TLS Mutual
s_connection: verify depth is 1
Handshake duration: 35.93 ms
Execution 1847 - TLS Mutual
s_connection: verify depth is 1
Handshake duration: 36.35 ms
Execution 1848 - TLS Mutual
s_connection: verify depth is 1
Handshake duration: 36.27 ms
Execution 1849 - TLS Mutual
s_connection: verify depth is 1
Handshake duration: 35.95 ms
Execution 1850 - TLS Mutual
s_connection: verify depth is 1
Handshake duration: 35.92 ms
Execution 1851 - TLS Mutual
s_connection: verify depth is 1
Handshake duration: 36.09 ms
Execution 1852 - TLS Mutual
s_connection: verify depth is 1
Handshake duration: 36.10 ms
Execution 1853 - TLS Mutual
s_connection: verify depth is 1
Handshake duration: 36.23 ms
Execution 1854 - TLS Mutual
s_connection: verify depth is 1
Handshake duration: 36.98 ms
Execution 1855 - TLS Mutual
s_connection: verify depth is 1
Handshake duration: 36.10 ms
Execution 1856 - TLS Mutual
s_connection: verify depth is 1
Handshake duration: 35.98 ms
Execution 1857 - TLS Mutual
s_connection: verify depth is 1
Handshake duration: 37.41 ms
Execution 1858 - TLS Mutual
s_connection: verify depth is 1
Handshake duration: 36.11 ms
Execution 1859 - TLS Mutual
s_connection: verify depth is 1
Handshake duration: 36.05 ms
Execution 1860 - TLS Mutual
s_connection: verify depth is 1
Handshake duration: 36.38 ms
Execution 1861 - TLS Mutual
s_connection: verify depth is 1
Handshake duration: 35.67 ms
Execution 1862 - TLS Mutual
s_connection: verify depth is 1
Handshake duration: 36.43 ms
Execution 1863 - TLS Mutual
s_connection: verify depth is 1
Handshake duration: 35.91 ms
Execution 1864 - TLS Mutual
s_connection: verify depth is 1
Handshake duration: 36.39 ms
Execution 1865 - TLS Mutual
s_connection: verify depth is 1
Handshake duration: 35.84 ms
Execution 1866 - TLS Mutual
s_connection: verify depth is 1
Handshake duration: 36.37 ms
Execution 1867 - TLS Mutual
s_connection: verify depth is 1
Handshake duration: 35.94 ms
Execution 1868 - TLS Mutual
s_connection: verify depth is 1
Handshake duration: 36.11 ms
Execution 1869 - TLS Mutual
s_connection: verify depth is 1
Handshake duration: 36.06 ms
Execution 1870 - TLS Mutual
s_connection: verify depth is 1
Handshake duration: 36.35 ms
Execution 1871 - TLS Mutual
s_connection: verify depth is 1
Handshake duration: 37.19 ms
Execution 1872 - TLS Mutual
s_connection: verify depth is 1
Handshake duration: 36.03 ms
Execution 1873 - TLS Mutual
s_connection: verify depth is 1
Handshake duration: 36.00 ms
Execution 1874 - TLS Mutual
s_connection: verify depth is 1
Handshake duration: 36.30 ms
Execution 1875 - TLS Mutual
s_connection: verify depth is 1
Handshake duration: 36.08 ms
Execution 1876 - TLS Mutual
s_connection: verify depth is 1
Handshake duration: 36.06 ms
Execution 1877 - TLS Mutual
s_connection: verify depth is 1
Handshake duration: 36.21 ms
Execution 1878 - TLS Mutual
s_connection: verify depth is 1
Handshake duration: 36.05 ms
Execution 1879 - TLS Mutual
s_connection: verify depth is 1
Handshake duration: 35.78 ms
Execution 1880 - TLS Mutual
s_connection: verify depth is 1
Handshake duration: 35.80 ms
Execution 1881 - TLS Mutual
s_connection: verify depth is 1
Handshake duration: 36.06 ms
Execution 1882 - TLS Mutual
s_connection: verify depth is 1
Handshake duration: 36.64 ms
Execution 1883 - TLS Mutual
s_connection: verify depth is 1
Handshake duration: 36.38 ms
Execution 1884 - TLS Mutual
s_connection: verify depth is 1
Handshake duration: 36.31 ms
Execution 1885 - TLS Mutual
s_connection: verify depth is 1
Handshake duration: 36.13 ms
Execution 1886 - TLS Mutual
s_connection: verify depth is 1
Handshake duration: 36.26 ms
Execution 1887 - TLS Mutual
s_connection: verify depth is 1
Handshake duration: 35.81 ms
Execution 1888 - TLS Mutual
s_connection: verify depth is 1
Handshake duration: 36.17 ms
Execution 1889 - TLS Mutual
s_connection: verify depth is 1
Handshake duration: 36.03 ms
Execution 1890 - TLS Mutual
s_connection: verify depth is 1
Handshake duration: 35.99 ms
Execution 1891 - TLS Mutual
s_connection: verify depth is 1
Handshake duration: 36.23 ms
Execution 1892 - TLS Mutual
s_connection: verify depth is 1
Handshake duration: 36.11 ms
Execution 1893 - TLS Mutual
s_connection: verify depth is 1
Handshake duration: 36.92 ms
Execution 1894 - TLS Mutual
s_connection: verify depth is 1
Handshake duration: 35.93 ms
Execution 1895 - TLS Mutual
s_connection: verify depth is 1
Handshake duration: 36.89 ms
Execution 1896 - TLS Mutual
s_connection: verify depth is 1
Handshake duration: 35.88 ms
Execution 1897 - TLS Mutual
s_connection: verify depth is 1
Handshake duration: 35.90 ms
Execution 1898 - TLS Mutual
s_connection: verify depth is 1
Handshake duration: 35.93 ms
Execution 1899 - TLS Mutual
s_connection: verify depth is 1
Handshake duration: 36.72 ms
Execution 1900 - TLS Mutual
s_connection: verify depth is 1
Handshake duration: 36.05 ms
Execution 1901 - TLS Mutual
s_connection: verify depth is 1
Handshake duration: 36.56 ms
Execution 1902 - TLS Mutual
s_connection: verify depth is 1
Handshake duration: 36.25 ms
Execution 1903 - TLS Mutual
s_connection: verify depth is 1
Handshake duration: 36.85 ms
Execution 1904 - TLS Mutual
s_connection: verify depth is 1
Handshake duration: 36.13 ms
Execution 1905 - TLS Mutual
s_connection: verify depth is 1
Handshake duration: 35.86 ms
Execution 1906 - TLS Mutual
s_connection: verify depth is 1
Handshake duration: 35.81 ms
Execution 1907 - TLS Mutual
s_connection: verify depth is 1
Handshake duration: 36.64 ms
Execution 1908 - TLS Mutual
s_connection: verify depth is 1
Handshake duration: 36.43 ms
Execution 1909 - TLS Mutual
s_connection: verify depth is 1
Handshake duration: 36.59 ms
Execution 1910 - TLS Mutual
s_connection: verify depth is 1
Handshake duration: 35.88 ms
Execution 1911 - TLS Mutual
s_connection: verify depth is 1
Handshake duration: 36.10 ms
Execution 1912 - TLS Mutual
s_connection: verify depth is 1
Handshake duration: 35.98 ms
Execution 1913 - TLS Mutual
s_connection: verify depth is 1
Handshake duration: 36.18 ms
Execution 1914 - TLS Mutual
s_connection: verify depth is 1
Handshake duration: 36.13 ms
Execution 1915 - TLS Mutual
s_connection: verify depth is 1
Handshake duration: 35.99 ms
Execution 1916 - TLS Mutual
s_connection: verify depth is 1
Handshake duration: 36.29 ms
Execution 1917 - TLS Mutual
s_connection: verify depth is 1
Handshake duration: 36.61 ms
Execution 1918 - TLS Mutual
s_connection: verify depth is 1
Handshake duration: 36.27 ms
Execution 1919 - TLS Mutual
s_connection: verify depth is 1
Handshake duration: 38.29 ms
Execution 1920 - TLS Mutual
s_connection: verify depth is 1
Handshake duration: 37.66 ms
Execution 1921 - TLS Mutual
s_connection: verify depth is 1
Handshake duration: 36.39 ms
Execution 1922 - TLS Mutual
s_connection: verify depth is 1
Handshake duration: 36.17 ms
Execution 1923 - TLS Mutual
s_connection: verify depth is 1
Handshake duration: 36.03 ms
Execution 1924 - TLS Mutual
s_connection: verify depth is 1
Handshake duration: 36.35 ms
Execution 1925 - TLS Mutual
s_connection: verify depth is 1
Handshake duration: 36.11 ms
Execution 1926 - TLS Mutual
s_connection: verify depth is 1
Handshake duration: 36.22 ms
Execution 1927 - TLS Mutual
s_connection: verify depth is 1
Handshake duration: 36.87 ms
Execution 1928 - TLS Mutual
s_connection: verify depth is 1
Handshake duration: 36.10 ms
Execution 1929 - TLS Mutual
s_connection: verify depth is 1
Handshake duration: 35.99 ms
Execution 1930 - TLS Mutual
s_connection: verify depth is 1
Handshake duration: 36.31 ms
Execution 1931 - TLS Mutual
s_connection: verify depth is 1
Handshake duration: 36.04 ms
Execution 1932 - TLS Mutual
s_connection: verify depth is 1
Handshake duration: 35.93 ms
Execution 1933 - TLS Mutual
s_connection: verify depth is 1
Handshake duration: 36.52 ms
Execution 1934 - TLS Mutual
s_connection: verify depth is 1
Handshake duration: 35.80 ms
Execution 1935 - TLS Mutual
s_connection: verify depth is 1
Handshake duration: 36.60 ms
Execution 1936 - TLS Mutual
s_connection: verify depth is 1
Handshake duration: 36.04 ms
Execution 1937 - TLS Mutual
s_connection: verify depth is 1
Handshake duration: 36.07 ms
Execution 1938 - TLS Mutual
s_connection: verify depth is 1
Handshake duration: 36.66 ms
Execution 1939 - TLS Mutual
s_connection: verify depth is 1
Handshake duration: 36.68 ms
Execution 1940 - TLS Mutual
s_connection: verify depth is 1
Handshake duration: 36.02 ms
Execution 1941 - TLS Mutual
s_connection: verify depth is 1
Handshake duration: 36.57 ms
Execution 1942 - TLS Mutual
s_connection: verify depth is 1
Handshake duration: 36.53 ms
Execution 1943 - TLS Mutual
s_connection: verify depth is 1
Handshake duration: 35.80 ms
Execution 1944 - TLS Mutual
s_connection: verify depth is 1
Handshake duration: 36.03 ms
Execution 1945 - TLS Mutual
s_connection: verify depth is 1
Handshake duration: 36.33 ms
Execution 1946 - TLS Mutual
s_connection: verify depth is 1
Handshake duration: 36.70 ms
Execution 1947 - TLS Mutual
s_connection: verify depth is 1
Handshake duration: 35.98 ms
Execution 1948 - TLS Mutual
s_connection: verify depth is 1
Handshake duration: 36.57 ms
Execution 1949 - TLS Mutual
s_connection: verify depth is 1
Handshake duration: 36.21 ms
Execution 1950 - TLS Mutual
s_connection: verify depth is 1
Handshake duration: 35.98 ms
Execution 1951 - TLS Mutual
s_connection: verify depth is 1
Handshake duration: 35.79 ms
Execution 1952 - TLS Mutual
s_connection: verify depth is 1
Handshake duration: 36.03 ms
Execution 1953 - TLS Mutual
s_connection: verify depth is 1
Handshake duration: 35.95 ms
Execution 1954 - TLS Mutual
s_connection: verify depth is 1
Handshake duration: 35.93 ms
Execution 1955 - TLS Mutual
s_connection: verify depth is 1
Handshake duration: 35.90 ms
Execution 1956 - TLS Mutual
s_connection: verify depth is 1
Handshake duration: 36.51 ms
Execution 1957 - TLS Mutual
s_connection: verify depth is 1
Handshake duration: 36.09 ms
Execution 1958 - TLS Mutual
s_connection: verify depth is 1
Handshake duration: 35.92 ms
Execution 1959 - TLS Mutual
s_connection: verify depth is 1
Handshake duration: 36.24 ms
Execution 1960 - TLS Mutual
s_connection: verify depth is 1
Handshake duration: 35.75 ms
Execution 1961 - TLS Mutual
s_connection: verify depth is 1
Handshake duration: 36.38 ms
Execution 1962 - TLS Mutual
s_connection: verify depth is 1
Handshake duration: 35.97 ms
Execution 1963 - TLS Mutual
s_connection: verify depth is 1
Handshake duration: 35.85 ms
Execution 1964 - TLS Mutual
s_connection: verify depth is 1
Handshake duration: 36.24 ms
Execution 1965 - TLS Mutual
s_connection: verify depth is 1
Handshake duration: 36.97 ms
Execution 1966 - TLS Mutual
s_connection: verify depth is 1
Handshake duration: 36.62 ms
Execution 1967 - TLS Mutual
s_connection: verify depth is 1
Handshake duration: 36.36 ms
Execution 1968 - TLS Mutual
s_connection: verify depth is 1
Handshake duration: 35.92 ms
Execution 1969 - TLS Mutual
s_connection: verify depth is 1
Handshake duration: 35.98 ms
Execution 1970 - TLS Mutual
s_connection: verify depth is 1
Handshake duration: 36.70 ms
Execution 1971 - TLS Mutual
s_connection: verify depth is 1
Handshake duration: 36.07 ms
Execution 1972 - TLS Mutual
s_connection: verify depth is 1
Handshake duration: 36.20 ms
Execution 1973 - TLS Mutual
s_connection: verify depth is 1
Handshake duration: 36.30 ms
Execution 1974 - TLS Mutual
s_connection: verify depth is 1
Handshake duration: 36.81 ms
Execution 1975 - TLS Mutual
s_connection: verify depth is 1
Handshake duration: 37.23 ms
Execution 1976 - TLS Mutual
s_connection: verify depth is 1
Handshake duration: 36.45 ms
Execution 1977 - TLS Mutual
s_connection: verify depth is 1
Handshake duration: 36.10 ms
Execution 1978 - TLS Mutual
s_connection: verify depth is 1
Handshake duration: 36.90 ms
Execution 1979 - TLS Mutual
s_connection: verify depth is 1
Handshake duration: 36.03 ms
Execution 1980 - TLS Mutual
s_connection: verify depth is 1
Handshake duration: 37.12 ms
Execution 1981 - TLS Mutual
s_connection: verify depth is 1
Handshake duration: 35.78 ms
Execution 1982 - TLS Mutual
s_connection: verify depth is 1
Handshake duration: 36.00 ms
Execution 1983 - TLS Mutual
s_connection: verify depth is 1
Handshake duration: 37.01 ms
Execution 1984 - TLS Mutual
s_connection: verify depth is 1
Handshake duration: 36.03 ms
Execution 1985 - TLS Mutual
s_connection: verify depth is 1
Handshake duration: 35.98 ms
Execution 1986 - TLS Mutual
s_connection: verify depth is 1
Handshake duration: 36.17 ms
Execution 1987 - TLS Mutual
s_connection: verify depth is 1
Handshake duration: 36.02 ms
Execution 1988 - TLS Mutual
s_connection: verify depth is 1
Handshake duration: 36.47 ms
Execution 1989 - TLS Mutual
s_connection: verify depth is 1
Handshake duration: 35.84 ms
Execution 1990 - TLS Mutual
s_connection: verify depth is 1
Handshake duration: 35.98 ms
Execution 1991 - TLS Mutual
s_connection: verify depth is 1
Handshake duration: 35.97 ms
Execution 1992 - TLS Mutual
s_connection: verify depth is 1
Handshake duration: 36.05 ms
Execution 1993 - TLS Mutual
s_connection: verify depth is 1
Handshake duration: 36.04 ms
Execution 1994 - TLS Mutual
s_connection: verify depth is 1
Handshake duration: 36.35 ms
Execution 1995 - TLS Mutual
s_connection: verify depth is 1
Handshake duration: 36.17 ms
Execution 1996 - TLS Mutual
s_connection: verify depth is 1
Handshake duration: 36.02 ms
Execution 1997 - TLS Mutual
s_connection: verify depth is 1
Handshake duration: 36.42 ms
Execution 1998 - TLS Mutual
s_connection: verify depth is 1
Handshake duration: 36.43 ms
Execution 1999 - TLS Mutual
s_connection: verify depth is 1
Handshake duration: 35.82 ms
Execution 2000 - TLS Mutual
s_connection: verify depth is 1
Handshake duration: 36.12 ms
